timestamp,instrument_name,underlying,underlying_name,option_type,strike,expiry_datetime,time_to_maturity,bid_price,ask_price,mark_price,mid_price,futures_price,futures_instrument_name,implied_volatility,delta,vega,open_interest,volume,bid_ask_spread,currency,index_price,volume_usd
2026-09-07T19:08:42.019399+00:00,BTC-8SEP26-90000-C,79151.53,BTC-8SEP26,call,90000.0,2026-09-08T08:00:00+00:00,0.0014664607131404165,,0.0001,0.0,,79151.53,BTC-8SEP26,0.5407,0.0,0.0,8.2,0.0,,BTC,79166.29,0.0
2026-09-07T19:08:42.019399+00:00,BTC-25SEP26-155000-P,79260.35,BTC-25SEP26,put,155000.0,2026-09-25T08:00:00+00:00,0.04800992409438613,0.9505,0.9595,0.95560057,0.955,79260.35,BTC-25SEP26,0.8133,-0.99988,0.08141,0.1,0.0,0.009000000000000008,BTC,79166.54,0.0
2026-09-07T19:08:42.019399+00:00,BTC-25SEP26-105000-C,79260.35,BTC-25SEP26,call,105000.0,2026-09-25T08:00:00+00:00,0.04800992409438613,0.0002,0.0005,0.0003248,0.00035,79260.35,BTC-25SEP26,0.5268999999999999,0.00872,4.1087,1538.2,1.2,0.00030000000000000003,BTC,79166.54,46.14
2026-09-07T19:08:42.019399+00:00,BTC-18SEP26-90000-C,79224.51,BTC-18SEP26,call,90000.0,2026-09-18T08:00:00+00:00,0.02884496858446143,0.0011,0.0013,0.00123068,0.0012,79224.51,BTC-18SEP26,0.42729999999999996,0.04271,12.23103,412.6,3.2,0.00019999999999999987,BTC,79166.54,368.97
2026-09-07T19:08:42.019399+00:00,BTC-27NOV26-70000-C,79919.44,BTC-27NOV26,call,70000.0,2026-11-27T08:00:00+00:00,0.2204945236837085,0.148,0.1515,0.14962759,0.14975,79919.44,BTC-27NOV26,0.405,0.78576,109.46306,4.2,0.0,0.003500000000000003,BTC,79166.54,0.0
2026-09-07T19:08:42.019399+00:00,BTC-9SEP26-73000-P,79158.4,BTC-9SEP26,put,73000.0,2026-09-09T08:00:00+00:00,0.0042043115002725175,,0.0002,0.00012005,,79158.4,BTC-9SEP26,0.5407,-0.00998,1.36647,6.0,4.1,,BTC,79166.54,75.48
2026-09-07T19:08:42.019399+00:00,BTC-30OCT26-90000-P,79603.16,BTC-30OCT26,put,90000.0,2026-10-30T08:00:00+00:00,0.14383470164400966,0.1455,0.15,0.14857203,0.14775,79603.16,BTC-30OCT26,0.39039999999999997,-0.77481,90.61759,5.9,0.3,0.004500000000000004,BTC,79166.54,3528.48
2026-09-07T19:08:42.019399+00:00,BTC-25JUN27-105000-P,82165.2,BTC-25JUN27,put,105000.0,2027-06-25T08:00:00+00:00,0.7954431889814498,0.3395,0.3465,0.34214834,0.343,82165.2,BTC-25JUN27,0.41850000000000004,-0.68083,261.8655,0.1,0.0,0.006999999999999951,BTC,79166.54,0.0
2026-09-07T19:08:42.019399+00:00,BTC-25SEP26-82000-P,79260.35,BTC-25SEP26,put,82000.0,2026-09-25T08:00:00+00:00,0.04800992409438613,0.051,0.054,0.05300778,0.0525,79260.35,BTC-25SEP26,0.3696,-0.6476,64.50811,458.1,185.8,0.0030000000000000027,BTC,79166.54,723167.8
2026-09-07T19:08:42.019399+00:00,BTC-26MAR27-112000-P,81182.49,BTC-26MAR27,put,112000.0,2027-03-26T08:00:00+00:00,0.5462987673524287,0.4035,0.4115,0.40759799,0.4075,81182.49,BTC-26MAR27,0.4192,-0.81142,162.1351,0.1,0.0,0.007999999999999952,BTC,79166.54,0.0
2026-09-07T19:08:42.019399+00:00,BTC-25DEC26-58000-C,80232.99,BTC-25DEC26,call,58000.0,2026-12-25T08:00:00+00:00,0.2971543457234073,0.2855,0.2895,0.28740414,0.2875,80232.99,BTC-25DEC26,0.4664,0.91971,65.22152,40.3,0.0,0.0040000000000000036,BTC,79166.54,0.0
2026-09-07T19:08:42.019399+00:00,BTC-30OCT26-79000-C,79602.62,BTC-30OCT26,call,79000.0,2026-10-30T08:00:00+00:00,0.14383470164400966,0.0595,0.0605,0.06002748,0.06,79602.62,BTC-30OCT26,0.3728,0.54954,119.55136,186.1,0.1,0.0010000000000000009,BTC,79166.54,474.55
2026-09-07T19:08:42.019399+00:00,BTC-9SEP26-83000-C,79157.74,BTC-9SEP26,call,83000.0,2026-09-09T08:00:00+00:00,0.0042043115002725175,0.0001,0.0002,0.00014096,0.00015,79157.74,BTC-9SEP26,0.345,0.01757,2.2268,64.1,15.9,0.0001,BTC,79166.54,1137.97
2026-09-07T19:08:42.019399+00:00,BTC-25SEP26-66000-P,79260.35,BTC-25SEP26,put,66000.0,2026-09-25T08:00:00+00:00,0.04800992409438613,0.0015,0.0017,0.00150698,0.0016,79260.35,BTC-25SEP26,0.4752,-0.03516,13.47479,1598.3,9.4,0.00019999999999999987,BTC,79166.54,1118.49
2026-09-07T19:08:42.019399+00:00,BTC-25JUN27-90000-C,82165.2,BTC-25JUN27,call,90000.0,2027-06-25T08:00:00+00:00,0.7954431889814498,0.1085,0.1115,0.11008633,0.11,82165.2,BTC-25JUN27,0.4131,0.47494,291.87362,760.3,50.0,0.0030000000000000027,BTC,79166.54,442859.71
2026-09-07T19:08:42.019399+00:00,BTC-25SEP26-79000-C,79260.35,BTC-25SEP26,call,79000.0,2026-09-25T08:00:00+00:00,0.04800992409438613,0.033,0.034,0.03341946,0.0335,79260.35,BTC-25SEP26,0.3638,0.53236,69.07936,2289.9,3.8,0.0010000000000000009,BTC,79166.54,10724.63
2026-09-07T19:08:42.019399+00:00,BTC-10SEP26-78000-P,79164.88,BTC-10SEP26,put,78000.0,2026-09-10T08:00:00+00:00,0.006942162287404618,0.0048,0.0055,0.00517591,0.00515,79164.88,BTC-10SEP26,0.3333,-0.29197,22.65682,16.1,16.7,0.0007000000000000001,BTC,79166.54,6555.09
2026-09-07T19:08:42.019399+00:00,BTC-26MAR27-78000-C,81182.49,BTC-26MAR27,call,78000.0,2027-03-26T08:00:00+00:00,0.5462987673524287,0.136,0.1385,0.13673146,0.13725,81182.49,BTC-26MAR27,0.40299999999999997,0.61149,230.04942,584.9,1.0,0.0025000000000000022,BTC,79166.54,10961.75
2026-09-07T19:08:42.019399+00:00,BTC-25SEP26-85000-P,79260.35,BTC-25SEP26,put,85000.0,2026-09-25T08:00:00+00:00,0.04800992409438613,0.0805,0.084,0.08213459,0.08225,79260.35,BTC-25SEP26,0.38079999999999997,-0.78694,50.49393,454.8,0.0,0.003500000000000003,BTC,79166.54,0.0
2026-09-07T19:08:42.019399+00:00,BTC-27NOV26-68000-P,79918.83,BTC-27NOV26,put,68000.0,2026-11-27T08:00:00+00:00,0.2204945236837085,0.0195,0.0205,0.02001458,0.02,79918.83,BTC-27NOV26,0.4111,-0.17541,96.91429,39.8,0.0,0.0010000000000000009,BTC,79166.54,0.0
2026-09-07T19:08:42.019399+00:00,BTC-11SEP26-77500-P,79171.49,BTC-11SEP26,put,77500.0,2026-09-11T08:00:00+00:00,0.00968001307453672,0.005,0.006,0.0055857,0.0055,79171.49,BTC-11SEP26,0.3506,-0.26241,25.39437,0.1,0.1,0.001,BTC,79166.54,47.47
2026-09-07T19:08:42.019399+00:00,BTC-25DEC26-95000-P,80232.99,BTC-25DEC26,put,95000.0,2026-12-25T08:00:00+00:00,0.2971543457234073,0.211,0.216,0.21318878,0.2135,80232.99,BTC-25DEC26,0.39659999999999995,-0.74956,139.16307,110.8,0.0,0.0050000000000000044,BTC,79166.54,0.0
2026-09-07T19:08:42.019399+00:00,BTC-27NOV26-81000-P,79919.44,BTC-27NOV26,put,81000.0,2026-11-27T08:00:00+00:00,0.2204945236837085,0.079,0.0805,0.0799365,0.07975,79919.44,BTC-27NOV26,0.3873,-0.49315,149.74321,31.2,10.0,0.0015000000000000013,BTC,79166.54,61675.75
2026-09-07T19:08:42.019399+00:00,BTC-11SEP26-72000-C,79171.49,BTC-11SEP26,call,72000.0,2026-09-11T08:00:00+00:00,0.00968001307453672,0.089,0.093,0.09096094,0.091,79171.49,BTC-11SEP26,0.4808,0.97884,3.95757,147.8,0.0,0.0040000000000000036,BTC,79166.54,0.0
2026-09-07T19:08:42.019399+00:00,BTC-25SEP26-125000-P,79260.35,BTC-25SEP26,put,125000.0,2026-09-25T08:00:00+00:00,0.04800992409438613,0.573,0.58,0.57723608,0.5765,79260.35,BTC-25SEP26,0.7365,-0.99694,1.61802,21.7,0.0,0.007000000000000006,BTC,79166.54,0.0
2026-09-07T19:08:42.019399+00:00,BTC-11SEP26-65000-C,79171.49,BTC-11SEP26,call,65000.0,2026-09-11T08:00:00+00:00,0.00968001307453672,0.177,0.181,0.17906775,0.179,79171.49,BTC-11SEP26,0.7398,0.99698,0.7175,0.0,0.0,0.0040000000000000036,BTC,79166.54,0.0
2026-09-07T19:08:42.019399+00:00,BTC-25JUN27-55000-P,82164.66,BTC-25JUN27,put,55000.0,2027-06-25T08:00:00+00:00,0.7954431889814498,0.028,0.0295,0.02875533,0.02875,82164.66,BTC-25JUN27,0.45990000000000003,-0.11831,145.1776,35.6,0.0,0.0014999999999999979,BTC,79166.54,0.0
2026-09-07T19:08:42.019399+00:00,BTC-26MAR27-96000-C,81182.49,BTC-26MAR27,call,96000.0,2027-03-26T08:00:00+00:00,0.5462987673524287,0.057,0.059,0.05797392,0.058,81182.49,BTC-26MAR27,0.40399999999999997,0.3402,219.98555,141.6,0.0,0.001999999999999995,BTC,79166.54,0.0
2026-09-07T19:08:42.019399+00:00,BTC-30OCT26-60000-C,79603.16,BTC-30OCT26,call,60000.0,2026-10-30T08:00:00+00:00,0.14383470164400966,0.248,0.2525,0.25030448,0.25025,79603.16,BTC-30OCT26,0.4788,0.95023,31.03444,16.5,0.0,0.004500000000000004,BTC,79166.54,0.0
2026-09-07T19:08:42.019399+00:00,BTC-30OCT26-76000-P,79602.62,BTC-30OCT26,put,76000.0,2026-10-30T08:00:00+00:00,0.14383470164400966,0.035,0.036,0.03558804,0.0355,79602.62,BTC-30OCT26,0.37420000000000003,-0.34558,111.339,105.5,3.9,0.000999999999999994,BTC,79166.54,10545.71
2026-09-07T19:08:42.019399+00:00,BTC-30OCT26-45000-C,79603.16,BTC-30OCT26,call,45000.0,2026-10-30T08:00:00+00:00,0.14383470164400966,0.434,0.437,0.43557531,0.4355,79603.16,BTC-30OCT26,0.6770999999999999,0.99059,7.63351,0.1,0.0,0.0030000000000000027,BTC,79166.54,0.0
2026-09-07T19:08:42.019399+00:00,BTC-30OCT26-66000-C,79603.16,BTC-30OCT26,call,66000.0,2026-10-30T08:00:00+00:00,0.14383470164400966,0.178,0.182,0.17941558,0.18,79603.16,BTC-30OCT26,0.4201,0.89537,54.7757,89.5,0.0,0.0040000000000000036,BTC,79166.54,0.0
2026-09-07T19:08:42.019399+00:00,BTC-10SEP26-80500-C,79164.88,BTC-10SEP26,call,80500.0,2026-09-10T08:00:00+00:00,0.006942162287404618,0.0045,0.005,0.00476799,0.00475,79164.88,BTC-10SEP26,0.33549999999999996,0.2796,22.19516,4.2,1.1,0.0005000000000000004,BTC,79166.54,843.08
2026-09-07T19:08:42.019399+00:00,BTC-25DEC26-70000-P,80232.99,BTC-25DEC26,put,70000.0,2026-12-25T08:00:00+00:00,0.2971543457234073,0.0335,0.0345,0.0340321,0.034,80232.99,BTC-25DEC26,0.4071,-0.23402,134.13882,1487.2,0.2,0.0010000000000000009,BTC,79166.54,514.15
2026-09-07T19:08:42.019399+00:00,BTC-30OCT26-58000-C,79603.16,BTC-30OCT26,call,58000.0,2026-10-30T08:00:00+00:00,0.14383470164400966,0.273,0.277,0.27457893,0.275,79603.16,BTC-30OCT26,0.5006,0.96098,25.50439,0.0,0.0,0.0040000000000000036,BTC,79166.54,0.0
2026-09-07T19:08:42.019399+00:00,BTC-30OCT26-90000-C,79603.16,BTC-30OCT26,call,90000.0,2026-10-30T08:00:00+00:00,0.14383470164400966,0.0175,0.0185,0.01795427,0.018,79603.16,BTC-30OCT26,0.39039999999999997,0.22519,90.61759,2734.5,61.8,0.0009999999999999974,BTC,79166.54,93329.06
2026-09-07T19:08:42.019399+00:00,BTC-27NOV26-98000-C,79918.83,BTC-27NOV26,call,98000.0,2026-11-27T08:00:00+00:00,0.2204945236837085,0.015,0.016,0.01548143,0.0155,79918.83,BTC-27NOV26,0.4072,0.16586,93.50078,52.3,1.2,0.0010000000000000009,BTC,79166.54,1550.93
2026-09-07T19:08:42.019399+00:00,BTC-25DEC26-125000-C,80232.99,BTC-25DEC26,call,125000.0,2026-12-25T08:00:00+00:00,0.2971543457234073,0.0047,0.0055,0.00508224,0.0051,80232.99,BTC-25DEC26,0.4646,0.05225,46.73324,573.1,25.5,0.0007999999999999995,BTC,79166.54,10182.58
2026-09-07T19:08:42.019399+00:00,BTC-25JUN27-40000-P,82164.66,BTC-25JUN27,put,40000.0,2027-06-25T08:00:00+00:00,0.7954431889814498,0.0085,0.01,0.00923734,0.00925,82164.66,BTC-25JUN27,0.5331,-0.03994,63.09565,1213.2,0.2,0.0014999999999999996,BTC,79166.54,159.15
2026-09-07T19:08:42.019399+00:00,BTC-8SEP26-75000-P,79151.53,BTC-8SEP26,put,75000.0,2026-09-08T08:00:00+00:00,0.0014664607131404165,,0.0001,1.089e-05,,79151.53,BTC-8SEP26,0.48979999999999996,-0.00198,0.19033,42.0,61.2,,BTC,79166.54,894.23
2026-09-07T19:08:42.019399+00:00,BTC-25SEP26-140000-C,79260.35,BTC-25SEP26,call,140000.0,2026-09-25T08:00:00+00:00,0.04800992409438613,,0.0001,1.799e-05,,79260.35,BTC-25SEP26,0.7598999999999999,0.00043,0.26884,1210.3,0.0,,BTC,79166.54,0.0
2026-09-07T19:08:42.019399+00:00,BTC-30OCT26-94000-P,79603.16,BTC-30OCT26,put,94000.0,2026-10-30T08:00:00+00:00,0.14383470164400966,0.189,0.194,0.19234126,0.1915,79603.16,BTC-30OCT26,0.40090000000000003,-0.84542,71.83379,0.0,0.0,0.0050000000000000044,BTC,79166.54,0.0
2026-09-07T19:08:42.019399+00:00,BTC-18SEP26-95000-P,79224.51,BTC-18SEP26,put,95000.0,2026-09-18T08:00:00+00:00,0.02884496858446143,0.197,0.2025,0.19962284,0.19975,79224.51,BTC-18SEP26,0.4927,-0.98332,5.58414,0.0,0.0,0.005500000000000005,BTC,79166.54,0.0
2026-09-07T19:08:42.019399+00:00,BTC-25DEC26-100000-C,80232.45,BTC-25DEC26,call,100000.0,2026-12-25T08:00:00+00:00,0.2971543457234073,0.02,0.021,0.02048107,0.0205,80232.45,BTC-25DEC26,0.4044,0.18715,117.62576,6018.3,0.1,0.0010000000000000009,BTC,79166.54,183.66
2026-09-07T19:08:42.019399+00:00,BTC-8SEP26-81000-C,79151.53,BTC-8SEP26,call,81000.0,2026-09-08T08:00:00+00:00,0.0014664607131404165,,0.0001,8.11e-05,,79151.53,BTC-8SEP26,0.2922,0.01985,1.4585,221.4,128.3,,BTC,79166.54,7842.46
2026-09-07T19:08:42.019399+00:00,BTC-26MAR27-62000-P,81182.49,BTC-26MAR27,put,62000.0,2027-03-26T08:00:00+00:00,0.5462987673524287,0.0305,0.032,0.03126227,0.03125,81182.49,BTC-26MAR27,0.4346,-0.15876,145.30317,263.1,3.0,0.0015000000000000013,BTC,79166.54,7266.12
2026-09-07T19:08:42.019399+00:00,BTC-25SEP26-102000-P,79260.35,BTC-25SEP26,put,102000.0,2026-09-25T08:00:00+00:00,0.04800992409438613,0.2835,0.29,0.2874373,0.28675,79260.35,BTC-25SEP26,0.5104,-0.98606,6.1785,0.4,0.0,0.006500000000000006,BTC,79165.47,0.0
2026-09-07T19:08:42.019399+00:00,BTC-9SEP26-86000-P,79157.74,BTC-9SEP26,put,86000.0,2026-09-09T08:00:00+00:00,0.0042043115002725175,0.084,0.089,0.0864866,0.0865,79157.74,BTC-9SEP26,0.4949,-0.99486,0.76093,0.0,0.0,0.0049999999999999906,BTC,79165.47,0.0
2026-09-07T19:08:42.019399+00:00,BTC-27NOV26-80000-C,79918.83,BTC-27NOV26,call,80000.0,2026-11-27T08:00:00+00:00,0.2204945236837085,0.0715,0.0725,0.07205784,0.072,79918.83,BTC-27NOV26,0.3876,0.53408,149.21909,836.8,26.6,0.0010000000000000009,BTC,79165.47,158833.52
2026-09-07T19:08:42.019399+00:00,BTC-9SEP26-75000-C,79157.74,BTC-9SEP26,call,75000.0,2026-09-09T08:00:00+00:00,0.0042043115002725175,0.0505,0.055,0.05281635,0.05275,79157.74,BTC-9SEP26,0.4337,0.97337,3.16366,0.0,0.0,0.004499999999999997,BTC,79165.47,0.0
2026-09-07T19:08:42.019399+00:00,BTC-11SEP26-76000-C,79171.49,BTC-11SEP26,call,76000.0,2026-09-11T08:00:00+00:00,0.00968001307453672,0.041,0.0445,0.04227804,0.04275,79171.49,BTC-11SEP26,0.3639,0.87693,15.86663,103.8,0.0,0.003499999999999996,BTC,79165.47,0.0
2026-09-07T19:08:42.019399+00:00,BTC-25JUN27-94000-P,82165.2,BTC-25JUN27,put,94000.0,2027-06-25T08:00:00+00:00,0.7954431889814498,0.237,0.243,0.23922592,0.24,82165.2,BTC-25JUN27,0.4139,-0.57134,287.76322,0.1,0.0,0.006000000000000005,BTC,79166.34,0.0
2026-09-07T19:08:42.019399+00:00,BTC-27NOV26-92000-C,79918.83,BTC-27NOV26,call,92000.0,2026-11-27T08:00:00+00:00,0.2204945236837085,0.0255,0.0265,0.02597548,0.026,79918.83,BTC-27NOV26,0.3971,0.25418,120.34283,52.1,0.3,0.0010000000000000009,BTC,79166.34,669.04
2026-09-07T19:08:42.019399+00:00,BTC-25DEC26-58000-P,80232.99,BTC-25DEC26,put,58000.0,2026-12-25T08:00:00+00:00,0.2971543457234073,0.01,0.0105,0.01030132,0.01025,80232.99,BTC-25DEC26,0.4664,-0.08029,65.22343,1834.3,0.0,0.0005000000000000004,BTC,79165.47,0.0
2026-09-07T19:08:42.019399+00:00,BTC-10SEP26-73000-C,79164.88,BTC-10SEP26,call,73000.0,2026-09-10T08:00:00+00:00,0.006942162287404618,0.076,0.0805,0.07815556,0.07825,79164.88,BTC-10SEP26,0.47619999999999996,0.98042,3.13766,0.0,0.0,0.004500000000000004,BTC,79166.34,0.0
2026-09-07T19:08:42.019399+00:00,BTC-11SEP26-81000-P,79171.49,BTC-11SEP26,put,81000.0,2026-09-11T08:00:00+00:00,0.00968001307453672,0.027,0.0305,0.02855448,0.02875,79171.49,BTC-11SEP26,0.35509999999999997,-0.73742,25.40286,163.7,0.7,0.0034999999999999996,BTC,79165.47,1409.82
2026-09-07T19:08:42.019399+00:00,BTC-18SEP26-86000-P,79223.97,BTC-18SEP26,put,86000.0,2026-09-18T08:00:00+00:00,0.02884496858446143,0.087,0.0915,0.08929794,0.08925,79223.97,BTC-18SEP26,0.3958,-0.88238,26.54689,0.0,0.0,0.004500000000000004,BTC,79166.34,0.0
2026-09-07T19:08:42.019399+00:00,BTC-30OCT26-100000-P,79603.16,BTC-30OCT26,put,100000.0,2026-10-30T08:00:00+00:00,0.14383470164400966,0.259,0.2645,0.26223848,0.26175,79603.16,BTC-30OCT26,0.41840000000000005,-0.9127,47.94288,0.3,0.0,0.005500000000000005,BTC,79166.34,0.0
2026-09-07T19:08:42.019399+00:00,BTC-11SEP26-85000-P,79172.03,BTC-11SEP26,put,85000.0,2026-09-11T08:00:00+00:00,0.00968001307453672,0.072,0.076,0.07425229,0.074,79172.03,BTC-11SEP26,0.40740000000000004,-0.96005,6.70805,32.4,0.0,0.0040000000000000036,BTC,79166.34,0.0
2026-09-07T19:08:42.019399+00:00,BTC-25DEC26-220000-C,80232.45,BTC-25DEC26,call,220000.0,2026-12-25T08:00:00+00:00,0.2971543457234073,0.0002,0.0006,0.00037011,0.0004,80232.45,BTC-25DEC26,0.6487999999999999,0.00374,4.88426,254.0,0.0,0.00039999999999999996,BTC,79166.34,0.0
2026-09-07T19:08:42.019399+00:00,BTC-26MAR27-80000-C,81182.49,BTC-26MAR27,call,80000.0,2027-03-26T08:00:00+00:00,0.5462987673524287,0.1235,0.126,0.12484122,0.12475,81182.49,BTC-26MAR27,0.4025,0.57852,234.80925,1062.6,0.0,0.0025000000000000022,BTC,79166.34,0.0
2026-09-07T19:08:42.019399+00:00,BTC-25SEP26-175000-P,79260.35,BTC-25SEP26,put,175000.0,2026-09-25T08:00:00+00:00,0.04800992409438613,1.2005,1.212,1.20793211,1.20625,79260.35,BTC-25SEP26,0.89,-0.99996,0.02699,3.3,0.0,0.011500000000000066,BTC,79166.34,0.0
2026-09-07T19:08:42.019399+00:00,BTC-25SEP26-77000-C,79260.35,BTC-25SEP26,call,77000.0,2026-09-25T08:00:00+00:00,0.04800992409438613,0.047,0.0495,0.04770574,0.04825,79260.35,BTC-25SEP26,0.36460000000000004,0.65622,63.92364,290.1,0.4,0.0025000000000000022,BTC,79166.34,1493.61
2026-09-07T19:08:42.019399+00:00,BTC-25DEC26-56000-P,80232.99,BTC-25DEC26,put,56000.0,2026-12-25T08:00:00+00:00,0.2971543457234073,0.0085,0.009,0.00874138,0.00875,80232.99,BTC-25DEC26,0.4842,-0.06761,57.19313,513.4,6.0,0.0004999999999999987,BTC,79166.34,3824.7
2026-09-07T19:08:42.019399+00:00,BTC-11SEP26-78500-C,79171.49,BTC-11SEP26,call,78500.0,2026-09-11T08:00:00+00:00,0.00968001307453672,0.0175,0.019,0.01831898,0.01825,79171.49,BTC-11SEP26,0.3494,0.60446,30.01342,0.0,0.0,0.0014999999999999979,BTC,79166.34,0.0
2026-09-07T19:08:42.019399+00:00,BTC-25SEP26-75000-P,79260.35,BTC-25SEP26,put,75000.0,2026-09-25T08:00:00+00:00,0.04800992409438613,0.0115,0.012,0.0119333,0.01175,79260.35,BTC-25SEP26,0.37450000000000006,-0.23753,53.70275,4593.0,17.3,0.0005000000000000004,BTC,79166.34,16623.33
2026-09-07T19:08:42.019399+00:00,BTC-25DEC26-140000-C,80232.45,BTC-25DEC26,call,140000.0,2026-12-25T08:00:00+00:00,0.2971543457234073,0.0024,0.003,0.00269334,0.0027,80232.45,BTC-25DEC26,0.49950000000000006,0.02821,28.28393,1434.9,0.4,0.0006000000000000003,BTC,79166.34,110.24
2026-09-07T19:08:42.019399+00:00,BTC-30OCT26-71000-C,79603.16,BTC-30OCT26,call,71000.0,2026-10-30T08:00:00+00:00,0.14383470164400966,0.1245,0.128,0.12564091,0.12625,79603.16,BTC-30OCT26,0.3899,0.80158,84.14772,977.5,0.0,0.003500000000000003,BTC,79166.34,0.0
2026-09-07T19:08:42.019399+00:00,BTC-25SEP26-90000-C,79260.35,BTC-25SEP26,call,90000.0,2026-09-25T08:00:00+00:00,0.04800992409438613,0.0033,0.0036,0.0033866,0.00345,79260.35,BTC-25SEP26,0.4096,0.08527,27.09864,8793.0,84.9,0.0002999999999999999,BTC,79166.34,27609.99
2026-09-07T19:08:42.019399+00:00,BTC-25SEP26-73000-C,79259.81,BTC-25SEP26,call,73000.0,2026-09-25T08:00:00+00:00,0.04800992409438613,0.0845,0.0885,0.08601634,0.0865,79259.81,BTC-25SEP26,0.38439999999999996,0.84585,41.24724,41.0,0.0,0.00399999999999999,BTC,79166.34,0.0
2026-09-07T19:08:42.019399+00:00,BTC-25DEC26-76000-P,80232.99,BTC-25DEC26,put,76000.0,2026-12-25T08:00:00+00:00,0.2971543457234073,0.0595,0.0605,0.05979798,0.06,80232.99,BTC-25DEC26,0.3953,-0.3597,163.63585,387.3,0.0,0.0010000000000000009,BTC,79166.34,0.0
2026-09-07T19:08:42.019399+00:00,BTC-25DEC26-250000-C,80232.99,BTC-25DEC26,call,250000.0,2026-12-25T08:00:00+00:00,0.2971543457234073,0.0001,0.0004,0.00022182,0.00025,80232.99,BTC-25DEC26,0.6873,0.00222,3.04909,1281.3,1.0,0.00030000000000000003,BTC,79166.34,15.82
2026-09-07T19:08:42.019399+00:00,BTC-25JUN27-85000-C,82165.2,BTC-25JUN27,call,85000.0,2027-06-25T08:00:00+00:00,0.7954431889814498,0.131,0.1335,0.13227002,0.13225,82165.2,BTC-25JUN27,0.41359999999999997,0.53688,291.20035,152.8,0.0,0.0025000000000000022,BTC,79166.34,0.0
2026-09-07T19:08:42.019399+00:00,BTC-25JUN27-45000-P,82164.66,BTC-25JUN27,put,45000.0,2027-06-25T08:00:00+00:00,0.7954431889814498,0.013,0.014,0.01349983,0.0135,82164.66,BTC-25JUN27,0.5021,-0.05845,85.55069,121.8,1.0,0.0010000000000000009,BTC,79166.34,1045.29
2026-09-07T19:08:42.019399+00:00,BTC-25JUN27-106000-C,82164.66,BTC-25JUN27,call,106000.0,2027-06-25T08:00:00+00:00,0.7954431889814498,0.061,0.0635,0.06212116,0.06225,82164.66,BTC-25JUN27,0.4194,0.31079,258.90393,0.0,0.0,0.0025000000000000022,BTC,79166.34,0.0
2026-09-07T19:08:42.019399+00:00,BTC-26MAR27-70000-C,81182.49,BTC-26MAR27,call,70000.0,2027-03-26T08:00:00+00:00,0.5462987673524287,0.1925,0.1975,0.19526031,0.195,81182.49,BTC-26MAR27,0.415,0.73776,195.55968,797.8,0.0,0.0050000000000000044,BTC,79166.34,0.0
2026-09-07T19:08:42.019399+00:00,BTC-9SEP26-79500-C,79157.74,BTC-9SEP26,call,79500.0,2026-09-09T08:00:00+00:00,0.0042043115002725175,0.0055,0.0065,0.00594383,0.006,79157.74,BTC-9SEP26,0.3053,0.41771,20.04472,33.0,31.6,0.001,BTC,79166.34,22616.23
2026-09-07T19:08:42.019399+00:00,BTC-27NOV26-92000-P,79919.44,BTC-27NOV26,put,92000.0,2026-11-27T08:00:00+00:00,0.2204945236837085,0.174,0.179,0.17714348,0.1765,79919.44,BTC-27NOV26,0.3971,-0.7458,120.34879,2.1,0.0,0.0050000000000000044,BTC,79166.34,0.0
2026-09-07T19:08:42.019399+00:00,BTC-30OCT26-40000-P,79603.16,BTC-30OCT26,put,40000.0,2026-10-30T08:00:00+00:00,0.14383470164400966,0.0004,0.0007,0.00042741,0.00055,79603.16,BTC-30OCT26,0.7337,-0.00451,3.9814,77.8,0.0,0.0003,BTC,79166.34,0.0
2026-09-07T19:08:42.019399+00:00,BTC-11SEP26-95000-P,79171.49,BTC-11SEP26,put,95000.0,2026-09-11T08:00:00+00:00,0.00968001307453672,0.1975,0.2025,0.19995775,0.2,79171.49,BTC-11SEP26,0.6341,-0.99807,0.47852,0.1,0.0,0.0050000000000000044,BTC,79166.34,0.0
2026-09-07T19:08:42.019399+00:00,BTC-25JUN27-108000-C,82165.2,BTC-25JUN27,call,108000.0,2027-06-25T08:00:00+00:00,0.7954431889814498,0.0565,0.059,0.05787567,0.05775,82165.2,BTC-25JUN27,0.4203,0.29406,252.56096,12.7,0.0,0.0024999999999999953,BTC,79166.34,0.0
2026-09-07T19:08:42.019399+00:00,BTC-11SEP26-67000-P,79172.03,BTC-11SEP26,put,67000.0,2026-09-11T08:00:00+00:00,0.00968001307453672,,0.0002,0.00010862,,79172.03,BTC-11SEP26,0.6689,-0.00511,1.14788,410.9,4.5,,BTC,79166.34,35.72
2026-09-07T19:08:42.019399+00:00,BTC-25JUN27-115000-P,82165.2,BTC-25JUN27,put,115000.0,2027-06-25T08:00:00+00:00,0.7954431889814498,0.4415,0.4515,0.44558609,0.4465,82165.2,BTC-25JUN27,0.4261,-0.75626,229.80909,0.0,0.0,0.010000000000000009,BTC,79166.34,0.0
2026-09-07T19:08:42.019399+00:00,BTC-26MAR27-45000-P,81182.49,BTC-26MAR27,put,45000.0,2027-03-26T08:00:00+00:00,0.5462987673524287,0.007,0.0085,0.00773519,0.00775,81182.49,BTC-26MAR27,0.5214,-0.0424,54.23212,259.3,0.0,0.0015000000000000005,BTC,79166.68,0.0
2026-09-07T19:08:42.019399+00:00,BTC-30OCT26-95000-P,79603.16,BTC-30OCT26,put,95000.0,2026-10-30T08:00:00+00:00,0.14383470164400966,0.2005,0.2055,0.20356358,0.203,79603.16,BTC-30OCT26,0.402,-0.86061,67.02168,0.4,0.0,0.004999999999999977,BTC,79166.68,0.0
2026-09-07T19:08:42.019399+00:00,BTC-27NOV26-108000-C,79918.83,BTC-27NOV26,call,108000.0,2026-11-27T08:00:00+00:00,0.2204945236837085,0.007,0.008,0.00748337,0.0075,79918.83,BTC-27NOV26,0.43670000000000003,0.08605,58.95782,12.0,0.0,0.001,BTC,79166.68,0.0
2026-09-07T19:08:42.019399+00:00,BTC-27NOV26-83000-C,79919.44,BTC-27NOV26,call,83000.0,2026-11-27T08:00:00+00:00,0.2204945236837085,0.0555,0.057,0.05622753,0.05625,79919.44,BTC-27NOV26,0.3875,0.45354,148.74915,26.5,10.0,0.0015000000000000013,BTC,79166.68,46973.91
2026-09-07T19:08:42.019399+00:00,BTC-27NOV26-98000-P,79919.44,BTC-27NOV26,put,98000.0,2026-11-27T08:00:00+00:00,0.2204945236837085,0.2385,0.244,0.24172561,0.24125,79919.44,BTC-27NOV26,0.4072,-0.83413,93.5063,0.0,0.0,0.005500000000000005,BTC,79166.68,0.0
2026-09-07T19:08:42.019399+00:00,BTC-18SEP26-72000-P,79224.51,BTC-18SEP26,put,72000.0,2026-09-18T08:00:00+00:00,0.02884496858446143,0.0027,0.003,0.00277435,0.00285,79224.51,BTC-18SEP26,0.4174,-0.08319,20.60974,1780.9,487.4,0.0002999999999999999,BTC,79166.68,88550.94
2026-09-07T19:08:42.019399+00:00,BTC-27NOV26-78000-P,79918.83,BTC-27NOV26,put,78000.0,2026-11-27T08:00:00+00:00,0.2204945236837085,0.0595,0.061,0.06027492,0.06025,79918.83,BTC-27NOV26,0.3875,-0.41115,146.03543,65.9,10.0,0.0015000000000000013,BTC,79166.68,46501.48
2026-09-07T19:08:42.019399+00:00,BTC-25DEC26-65000-P,80232.45,BTC-25DEC26,put,65000.0,2026-12-25T08:00:00+00:00,0.2971543457234073,0.02,0.021,0.02053847,0.0205,80232.45,BTC-25DEC26,0.425,-0.15281,103.27888,792.4,0.5,0.0010000000000000009,BTC,79166.68,811.31
2026-09-07T19:08:42.019399+00:00,BTC-8SEP26-77500-P,79151.53,BTC-8SEP26,put,77500.0,2026-09-08T08:00:00+00:00,0.0014664607131404165,0.0001,0.0003,0.0001827,0.0002,79151.53,BTC-8SEP26,0.3115,-0.03796,2.50347,117.1,65.2,0.00019999999999999998,BTC,79166.68,2761.17
2026-09-07T19:08:42.019399+00:00,BTC-11SEP26-90000-P,79172.03,BTC-11SEP26,put,90000.0,2026-09-11T08:00:00+00:00,0.00968001307453672,0.1345,0.1395,0.13686355,0.137,79172.03,BTC-11SEP26,0.5122,-0.99409,1.30682,0.1,0.0,0.0050000000000000044,BTC,79166.68,0.0
2026-09-07T19:08:42.019399+00:00,BTC-18SEP26-70000-C,79224.51,BTC-18SEP26,call,70000.0,2026-09-18T08:00:00+00:00,0.02884496858446143,0.116,0.1205,0.11803008,0.11825,79224.51,BTC-18SEP26,0.45039999999999997,0.95114,13.62786,0.0,0.0,0.00449999999999999,BTC,79166.68,0.0
2026-09-07T19:08:42.019399+00:00,BTC-27NOV26-104000-C,79918.83,BTC-27NOV26,call,104000.0,2026-11-27T08:00:00+00:00,0.2204945236837085,0.0095,0.0105,0.00998242,0.01,79918.83,BTC-27NOV26,0.4257,0.11182,71.42352,10.3,1.0,0.0010000000000000009,BTC,79166.68,849.75
2026-09-07T19:08:42.019399+00:00,BTC-11SEP26-75000-P,79171.49,BTC-11SEP26,put,75000.0,2026-09-11T08:00:00+00:00,0.00968001307453672,0.0012,0.0014,0.00126866,0.0013,79171.49,BTC-11SEP26,0.385,-0.07381,10.89563,907.4,29.3,0.0002000000000000001,BTC,79166.68,3068.88
2026-09-07T19:08:42.019399+00:00,BTC-25JUN27-130000-C,82164.66,BTC-25JUN27,call,130000.0,2027-06-25T08:00:00+00:00,0.7954431889814498,0.0285,0.0305,0.02947022,0.0295,82164.66,BTC-25JUN27,0.4415,0.16653,183.06266,761.9,0.3,0.0019999999999999983,BTC,79166.68,709.56
2026-09-07T19:08:42.019399+00:00,BTC-27NOV26-90000-P,79918.83,BTC-27NOV26,put,90000.0,2026-11-27T08:00:00+00:00,0.2204945236837085,0.1545,0.1585,0.1571003,0.1565,79918.83,BTC-27NOV26,0.3946,-0.70818,128.88003,0.3,0.0,0.0040000000000000036,BTC,79166.88,0.0
2026-09-07T19:08:42.019399+00:00,BTC-11SEP26-64000-P,79172.03,BTC-11SEP26,put,64000.0,2026-09-11T08:00:00+00:00,0.00968001307453672,,0.0001,3.295e-05,,79172.03,BTC-11SEP26,0.74,-0.00155,0.39161,77.9,0.5,,BTC,79166.68,3.95
2026-09-07T19:08:42.019399+00:00,BTC-25DEC26-40000-C,80232.99,BTC-25DEC26,call,40000.0,2026-12-25T08:00:00+00:00,0.2971543457234073,0.5025,0.505,0.50384405,0.50375,80232.99,BTC-25DEC26,0.6537000000000001,0.98345,18.02422,250.9,0.0,0.0025000000000000577,BTC,79166.68,0.0
2026-09-07T19:08:42.019399+00:00,BTC-27NOV26-86000-C,79918.83,BTC-27NOV26,call,86000.0,2026-11-27T08:00:00+00:00,0.2204945236837085,0.043,0.044,0.04358585,0.0435,79918.83,BTC-27NOV26,0.3895,0.37854,142.76953,153.2,27.0,0.0010000000000000009,BTC,79166.88,98065.31
2026-09-07T19:08:42.019399+00:00,BTC-25DEC26-135000-P,80232.99,BTC-25DEC26,put,135000.0,2026-12-25T08:00:00+00:00,0.2971543457234073,0.678,0.6945,0.68584613,0.68625,80232.99,BTC-25DEC26,0.48710000000000003,-0.96608,32.94454,0.7,0.0,0.01649999999999996,BTC,79166.68,0.0
2026-09-07T19:08:42.019399+00:00,BTC-8SEP26-82500-P,79151.53,BTC-8SEP26,put,82500.0,2026-09-08T08:00:00+00:00,0.0014664607131404165,0.0395,0.0445,0.0423289,0.042,79151.53,BTC-8SEP26,0.4227,-0.99463,0.46739,0.0,0.0,0.0049999999999999975,BTC,79166.68,0.0
2026-09-07T19:08:42.019399+00:00,BTC-26MAR27-105000-C,81182.49,BTC-26MAR27,call,105000.0,2027-03-26T08:00:00+00:00,0.5462987673524287,0.037,0.039,0.03797706,0.038,81182.49,BTC-26MAR27,0.41100000000000003,0.24367,188.14338,162.5,0.1,0.0020000000000000018,BTC,79166.88,314.35
2026-09-07T19:08:42.019399+00:00,BTC-26MAR27-100000-P,81181.95,BTC-26MAR27,put,100000.0,2027-03-26T08:00:00+00:00,0.5462987673524287,0.2765,0.283,0.2797802,0.27975,81181.95,BTC-26MAR27,0.4069,-0.70625,206.70202,12.3,0.0,0.00649999999999995,BTC,79166.88,0.0
2026-09-07T19:08:42.019399+00:00,BTC-8SEP26-80500-C,79151.53,BTC-8SEP26,call,80500.0,2026-09-08T08:00:00+00:00,0.0014664607131404165,0.0001,0.0003,0.00019858,0.0002,79151.53,BTC-8SEP26,0.2635,0.04771,3.01187,205.8,203.4,0.00019999999999999998,BTC,79166.88,20300.08
2026-09-07T19:08:42.019399+00:00,BTC-25JUN27-130000-P,82164.66,BTC-25JUN27,put,130000.0,2027-06-25T08:00:00+00:00,0.7954431889814498,0.6075,0.615,0.61165472,0.61125,82164.66,BTC-25JUN27,0.4415,-0.83346,183.06588,2.3,1.0,0.007499999999999951,BTC,79166.88,48789.23
2026-09-07T19:08:42.019399+00:00,BTC-25DEC26-20000-P,80232.45,BTC-25DEC26,put,20000.0,2026-12-25T08:00:00+00:00,0.2971543457234073,0.0003,0.0006,0.00043159,0.00045,80232.45,BTC-25DEC26,0.9939,-0.0023,3.14467,641.1,0.7,0.0003,BTC,79166.88,16.56
2026-09-07T19:08:42.019399+00:00,BTC-30OCT26-74000-C,79603.16,BTC-30OCT26,call,74000.0,2026-10-30T08:00:00+00:00,0.14383470164400966,0.0965,0.0995,0.0974504,0.098,79603.16,BTC-30OCT26,0.379,0.71891,101.8538,252.5,0.0,0.0030000000000000027,BTC,79167.12,0.0
2026-09-07T19:08:42.019399+00:00,BTC-9SEP26-74000-P,79157.74,BTC-9SEP26,put,74000.0,2026-09-09T08:00:00+00:00,0.0042043115002725175,0.0001,0.0003,0.00018145,0.0002,79157.74,BTC-9SEP26,0.4875,-0.01588,2.04198,9.6,4.4,0.00019999999999999998,BTC,79167.12,101.11
2026-09-07T19:08:42.019399+00:00,BTC-11SEP26-72000-P,79171.49,BTC-11SEP26,put,72000.0,2026-09-11T08:00:00+00:00,0.00968001307453672,0.0003,0.0005,0.00037646,0.0004,79171.49,BTC-11SEP26,0.4808,-0.02112,3.95078,557.2,485.6,0.00020000000000000004,BTC,79166.88,8256.43
2026-09-07T19:08:42.019399+00:00,BTC-9SEP26-79000-P,79157.74,BTC-9SEP26,put,79000.0,2026-09-09T08:00:00+00:00,0.0042043115002725175,0.0065,0.0075,0.00697224,0.007,79157.74,BTC-9SEP26,0.3068,-0.45565,20.35568,24.1,26.0,0.001,BTC,79167.12,13556.24
2026-09-07T19:08:42.019399+00:00,BTC-25JUN27-80000-C,82165.2,BTC-25JUN27,call,80000.0,2027-06-25T08:00:00+00:00,0.7954431889814498,0.157,0.1605,0.15879725,0.15875,82165.2,BTC-25JUN27,0.41590000000000005,0.60162,282.91388,112.7,13.5,0.003500000000000003,BTC,79166.88,178864.95
2026-09-07T19:08:42.019399+00:00,BTC-26MAR27-140000-C,81182.49,BTC-26MAR27,call,140000.0,2027-03-26T08:00:00+00:00,0.5462987673524287,0.0095,0.011,0.01017079,0.01025,81182.49,BTC-26MAR27,0.4596,0.07583,85.68135,909.7,0.2,0.0014999999999999996,BTC,79167.12,158.11
2026-09-07T19:08:42.019399+00:00,BTC-27NOV26-73000-C,79918.83,BTC-27NOV26,call,73000.0,2026-11-27T08:00:00+00:00,0.2204945236837085,0.121,0.1245,0.1221646,0.12275,79918.83,BTC-27NOV26,0.3946,0.71949,126.48242,0.0,0.0,0.003500000000000003,BTC,79167.12,0.0
2026-09-07T19:08:42.019399+00:00,BTC-10SEP26-80500-P,79164.88,BTC-10SEP26,put,80500.0,2026-09-10T08:00:00+00:00,0.006942162287404618,0.02,0.023,0.02164075,0.0215,79164.88,BTC-10SEP26,0.33549999999999996,-0.72031,22.19876,0.0,0.0,0.002999999999999999,BTC,79167.12,0.0
2026-09-07T19:08:42.019399+00:00,BTC-25DEC26-62000-C,80232.99,BTC-25DEC26,call,62000.0,2026-12-25T08:00:00+00:00,0.2971543457234073,0.241,0.2445,0.24255164,0.24275,80232.99,BTC-25DEC26,0.4415,0.88325,85.84087,247.1,0.0,0.003500000000000003,BTC,79167.12,0.0
2026-09-07T19:08:42.019399+00:00,BTC-25JUN27-82000-C,82165.2,BTC-25JUN27,call,82000.0,2027-06-25T08:00:00+00:00,0.7954431889814498,0.146,0.149,0.14755564,0.1475,82165.2,BTC-25JUN27,0.41450000000000004,0.5755,287.20174,80.9,0.2,0.0030000000000000027,BTC,79167.12,2445.52
2026-09-07T19:08:42.019399+00:00,BTC-30OCT26-71000-P,79603.16,BTC-30OCT26,put,71000.0,2026-10-30T08:00:00+00:00,0.14383470164400966,0.017,0.018,0.0175727,0.0175,79603.16,BTC-30OCT26,0.3899,-0.1984,84.14166,109.4,4.0,0.0009999999999999974,BTC,79167.12,5677.78
2026-09-07T19:08:42.019399+00:00,BTC-25JUN27-110000-C,82164.66,BTC-25JUN27,call,110000.0,2027-06-25T08:00:00+00:00,0.7954431889814498,0.053,0.0555,0.05423091,0.05425,82164.66,BTC-25JUN27,0.42219999999999996,0.27892,246.30576,269.7,0.3,0.0025000000000000022,BTC,79167.12,1351.27
2026-09-07T19:08:42.019399+00:00,BTC-25SEP26-30000-C,79260.35,BTC-25SEP26,call,30000.0,2026-09-25T08:00:00+00:00,0.04800992409438613,0.6205,0.6225,0.62150463,0.6215,79260.35,BTC-25SEP26,1.238,0.9999,0.06948,136.0,0.0,0.0020000000000000018,BTC,79167.12,0.0
2026-09-07T19:08:42.019399+00:00,BTC-25JUN27-85000-P,82165.2,BTC-25JUN27,put,85000.0,2027-06-25T08:00:00+00:00,0.7954431889814498,0.1655,0.1685,0.16677527,0.167,82165.2,BTC-25JUN27,0.41359999999999997,-0.4631,291.20302,10.7,0.0,0.0030000000000000027,BTC,79167.12,0.0
2026-09-07T19:08:42.019399+00:00,BTC-26MAR27-108000-C,81181.95,BTC-26MAR27,call,108000.0,2027-03-26T08:00:00+00:00,0.5462987673524287,0.0325,0.0345,0.03338777,0.0335,81181.95,BTC-26MAR27,0.41509999999999997,0.21872,177.13633,68.6,0.0,0.0020000000000000018,BTC,79167.12,0.0
2026-09-07T19:08:42.019399+00:00,BTC-27NOV26-74000-C,79919.44,BTC-27NOV26,call,74000.0,2026-11-27T08:00:00+00:00,0.2204945236837085,0.1125,0.116,0.11397498,0.11425,79919.44,BTC-27NOV26,0.3935,0.69456,131.58281,0.0,0.0,0.003500000000000003,BTC,79167.12,0.0
2026-09-07T19:08:42.019399+00:00,BTC-10SEP26-83000-P,79164.34,BTC-10SEP26,put,83000.0,2026-09-10T08:00:00+00:00,0.006942162287404618,0.047,0.0515,0.04927667,0.04925,79164.34,BTC-10SEP26,0.36700000000000005,-0.93715,8.15028,0.0,0.0,0.004499999999999997,BTC,79167.12,0.0
2026-09-07T19:08:42.019399+00:00,BTC-25JUN27-104000-C,82165.2,BTC-25JUN27,call,104000.0,2027-06-25T08:00:00+00:00,0.7954431889814498,0.0655,0.0675,0.06657658,0.0665,82165.2,BTC-25JUN27,0.4181,0.32811,264.86854,13.1,0.0,0.0020000000000000018,BTC,79167.12,0.0
2026-09-07T19:08:42.019399+00:00,BTC-18SEP26-85000-C,79223.97,BTC-18SEP26,call,85000.0,2026-09-18T08:00:00+00:00,0.02884496858446143,0.0048,0.0055,0.00516453,0.00515,79223.97,BTC-18SEP26,0.3923,0.15335,31.84738,902.0,523.7,0.0007000000000000001,BTC,79167.12,235723.96
2026-09-07T19:08:42.019399+00:00,BTC-25SEP26-170000-C,79259.81,BTC-25SEP26,call,170000.0,2026-09-25T08:00:00+00:00,0.04800992409438613,,0.0001,1.94e-06,,79259.81,BTC-25SEP26,0.8693000000000001,5e-05,0.03326,444.9,0.0,,BTC,79167.12,0.0
2026-09-07T19:08:42.019399+00:00,BTC-25DEC26-60000-C,80232.99,BTC-25DEC26,call,60000.0,2026-12-25T08:00:00+00:00,0.2971543457234073,0.263,0.2665,0.26470889,0.26475,80232.99,BTC-25DEC26,0.4532,0.90311,75.02932,787.4,0.0,0.003500000000000003,BTC,79167.12,0.0
2026-09-07T19:08:42.019399+00:00,BTC-25SEP26-190000-P,79259.81,BTC-25SEP26,put,190000.0,2026-09-25T08:00:00+00:00,0.04800992409438613,1.3895,1.402,1.39718245,1.39575,79259.81,BTC-25SEP26,0.9386,-0.99998,0.01279,0.0,0.0,0.012499999999999956,BTC,79167.12,0.0
2026-09-07T19:08:42.019399+00:00,BTC-18SEP26-76000-C,79224.51,BTC-18SEP26,call,76000.0,2026-09-18T08:00:00+00:00,0.02884496858446143,0.0485,0.0525,0.05067992,0.0505,79224.51,BTC-18SEP26,0.3811,0.74997,42.77552,19.0,0.0,0.003999999999999997,BTC,79167.12,0.0
2026-09-07T19:08:42.019399+00:00,BTC-8SEP26-80000-P,79151.53,BTC-8SEP26,put,80000.0,2026-09-08T08:00:00+00:00,0.0014664607131404165,0.01,0.013,0.01140008,0.0115,79151.53,BTC-8SEP26,0.2548,-0.86118,6.70893,9.4,7.3,0.002999999999999999,BTC,79167.12,4044.18
2026-09-07T19:08:42.019399+00:00,BTC-26MAR27-55000-P,81182.49,BTC-26MAR27,put,55000.0,2027-03-26T08:00:00+00:00,0.5462987673524287,0.017,0.018,0.01750618,0.0175,81182.49,BTC-26MAR27,0.4608,-0.09457,101.11288,1257.7,3.0,0.0009999999999999974,BTC,79167.12,4288.09
2026-09-07T19:08:42.019399+00:00,BTC-25JUN27-150000-C,82165.2,BTC-25JUN27,call,150000.0,2027-06-25T08:00:00+00:00,0.7954431889814498,0.017,0.0185,0.01773587,0.01775,82165.2,BTC-25JUN27,0.4629,0.10549,133.75333,217.7,0.4,0.0014999999999999979,BTC,79167.12,595.8
2026-09-07T19:08:42.019399+00:00,BTC-18SEP26-78000-P,79223.97,BTC-18SEP26,put,78000.0,2026-09-18T08:00:00+00:00,0.02884496858446143,0.0175,0.0185,0.01805501,0.018,79223.97,BTC-18SEP26,0.3721,-0.39042,51.65901,275.7,23.2,0.0009999999999999974,BTC,79167.12,31109.1
2026-09-07T19:08:42.019399+00:00,BTC-25SEP26-58000-C,79260.35,BTC-25SEP26,call,58000.0,2026-09-25T08:00:00+00:00,0.04800992409438613,0.267,0.2705,0.26863141,0.26875,79260.35,BTC-25SEP26,0.6153,0.99142,4.04876,460.7,0.0,0.003500000000000003,BTC,79167.12,0.0
2026-09-07T19:08:42.019399+00:00,BTC-30OCT26-54000-C,79603.16,BTC-30OCT26,call,54000.0,2026-10-30T08:00:00+00:00,0.14383470164400966,0.322,0.326,0.3237249,0.324,79603.16,BTC-30OCT26,0.5498,0.97528,17.48672,0.1,0.0,0.0040000000000000036,BTC,79167.12,0.0
2026-09-07T19:08:42.019399+00:00,BTC-10SEP26-85000-C,79164.88,BTC-10SEP26,call,85000.0,2026-09-10T08:00:00+00:00,0.006942162287404618,0.0002,0.0003,0.00024254,0.00025,79164.88,BTC-10SEP26,0.4104,0.01962,3.14302,0.8,0.8,9.999999999999996e-05,BTC,79167.12,26.32
2026-09-07T19:08:42.019399+00:00,BTC-30OCT26-91000-C,79603.16,BTC-30OCT26,call,91000.0,2026-10-30T08:00:00+00:00,0.14383470164400966,0.0155,0.0165,0.01596639,0.016,79603.16,BTC-30OCT26,0.3922,0.20474,85.74398,34.1,0.0,0.0010000000000000009,BTC,79167.12,0.0
2026-09-07T19:08:42.019399+00:00,BTC-30OCT26-82000-P,79603.16,BTC-30OCT26,put,82000.0,2026-10-30T08:00:00+00:00,0.14383470164400966,0.073,0.074,0.07373505,0.0735,79603.16,BTC-30OCT26,0.3741,-0.55485,119.34345,45.3,0.8,0.0010000000000000009,BTC,79167.12,4670.7
2026-09-07T19:08:42.019399+00:00,BTC-26MAR27-106000-P,81182.49,BTC-26MAR27,put,106000.0,2027-03-26T08:00:00+00:00,0.5462987673524287,0.3385,0.346,0.342191,0.34225,81182.49,BTC-26MAR27,0.4128,-0.76461,184.62896,0.1,0.0,0.007499999999999951,BTC,79167.12,0.0
2026-09-07T19:08:42.019399+00:00,BTC-25SEP26-300000-P,79260.35,BTC-25SEP26,put,300000.0,2026-09-25T08:00:00+00:00,0.04800992409438613,2.7715,2.7925,2.78502427,2.782,79260.35,BTC-25SEP26,1.3629,-0.99999,0.00651,0.0,0.0,0.020999999999999908,BTC,79167.12,0.0
2026-09-07T19:08:42.019399+00:00,BTC-8SEP26-79000-P,79151.53,BTC-8SEP26,put,79000.0,2026-09-08T08:00:00+00:00,0.0014664607131404165,0.0024,0.0029,0.0027131,0.00265,79151.53,BTC-8SEP26,0.2352,-0.41297,11.80535,175.3,133.4,0.0005,BTC,79167.12,39173.37
2026-09-07T19:08:42.019399+00:00,BTC-25DEC26-210000-P,80232.45,BTC-25DEC26,put,210000.0,2026-12-25T08:00:00+00:00,0.2971543457234073,1.605,1.631,1.61786702,1.618,80232.45,BTC-25DEC26,0.6388,-0.99517,6.13051,0.0,0.0,0.026000000000000023,BTC,79167.12,0.0
2026-09-07T19:08:42.019399+00:00,BTC-30OCT26-54000-P,79603.16,BTC-30OCT26,put,54000.0,2026-10-30T08:00:00+00:00,0.14383470164400966,0.0019,0.0023,0.00209555,0.0021,79603.16,BTC-30OCT26,0.5498,-0.02472,17.48672,190.7,1.0,0.00039999999999999996,BTC,79167.12,151.85
2026-09-07T19:08:42.019399+00:00,BTC-25SEP26-35000-P,79259.81,BTC-25SEP26,put,35000.0,2026-09-25T08:00:00+00:00,0.04800992409438613,,0.0001,1.185e-05,,79259.81,BTC-25SEP26,1.0855,-0.00019,0.12502,1200.7,0.0,,BTC,79167.12,0.0
2026-09-07T19:08:42.019399+00:00,BTC-11SEP26-88000-P,79171.49,BTC-11SEP26,put,88000.0,2026-09-11T08:00:00+00:00,0.00968001307453672,0.1095,0.114,0.11165006,0.11175,79171.49,BTC-11SEP26,0.45409999999999995,-0.99042,1.99993,0.0,0.0,0.004500000000000004,BTC,79167.12,0.0
2026-09-07T19:08:42.019399+00:00,BTC-9SEP26-82000-C,79157.74,BTC-9SEP26,call,82000.0,2026-09-09T08:00:00+00:00,0.0042043115002725175,0.0004,0.0006,0.00046065,0.0005,79157.74,BTC-9SEP26,0.33130000000000004,0.05168,5.43613,6.3,6.2,0.00019999999999999993,BTC,79167.12,307.41
2026-09-07T19:08:42.019399+00:00,BTC-25SEP26-64000-P,79260.35,BTC-25SEP26,put,64000.0,2026-09-25T08:00:00+00:00,0.04800992409438613,0.001,0.0012,0.00109999,0.0011,79260.35,BTC-25SEP26,0.5122,-0.02492,10.1276,1201.1,1.9,0.00019999999999999987,BTC,79167.12,158.62
2026-09-07T19:08:42.019399+00:00,BTC-25SEP26-135000-P,79259.81,BTC-25SEP26,put,135000.0,2026-09-25T08:00:00+00:00,0.04800992409438613,0.6995,0.7075,0.70328959,0.7035,79259.81,BTC-25SEP26,0.7404999999999999,-0.99931,0.41472,11.5,0.0,0.008000000000000007,BTC,79167.12,0.0
2026-09-07T19:08:42.019399+00:00,BTC-25DEC26-80000-C,80232.99,BTC-25DEC26,call,80000.0,2026-12-25T08:00:00+00:00,0.2971543457234073,0.086,0.087,0.08638896,0.0865,80232.99,BTC-25DEC26,0.3917,0.54795,173.28324,8800.2,30.0,0.0010000000000000009,BTC,79167.12,208018.5
2026-09-07T19:08:42.019399+00:00,BTC-25SEP26-81000-P,79260.35,BTC-25SEP26,put,81000.0,2026-09-25T08:00:00+00:00,0.04800992409438613,0.0435,0.045,0.04444864,0.04425,79260.35,BTC-25SEP26,0.3654,-0.59123,67.48886,560.3,76.3,0.0015000000000000013,BTC,79167.12,255043.62
2026-09-07T19:08:42.019399+00:00,BTC-25DEC26-105000-P,80232.99,BTC-25DEC26,put,105000.0,2026-12-25T08:00:00+00:00,0.2971543457234073,0.3205,0.3265,0.32357032,0.3235,80232.99,BTC-25DEC26,0.4157,-0.85847,98.1051,109.4,0.0,0.006000000000000005,BTC,79167.12,0.0
2026-09-07T19:08:42.019399+00:00,BTC-25SEP26-73000-P,79260.35,BTC-25SEP26,put,73000.0,2026-09-25T08:00:00+00:00,0.04800992409438613,0.0065,0.0075,0.00703879,0.007,79260.35,BTC-25SEP26,0.38439999999999996,-0.15407,41.23336,770.2,1.3,0.001,BTC,79167.12,674.65
2026-09-07T19:08:42.019399+00:00,BTC-25DEC26-200000-P,80232.45,BTC-25DEC26,put,200000.0,2026-12-25T08:00:00+00:00,0.2971543457234073,1.4815,1.5065,1.49339659,1.494,80232.45,BTC-25DEC26,0.6297999999999999,-0.99357,7.90421,0.0,0.0,0.02499999999999991,BTC,79167.12,0.0
2026-09-07T19:08:42.019399+00:00,BTC-27NOV26-106000-C,79919.44,BTC-27NOV26,call,106000.0,2026-11-27T08:00:00+00:00,0.2204945236837085,0.008,0.009,0.0084837,0.0085,79919.44,BTC-27NOV26,0.4294,0.09693,64.39759,15.4,0.0,0.0009999999999999992,BTC,79167.12,0.0
2026-09-07T19:08:42.019399+00:00,BTC-27NOV26-102000-P,79918.83,BTC-27NOV26,put,102000.0,2026-11-27T08:00:00+00:00,0.2204945236837085,0.2845,0.29,0.28777835,0.28725,79918.83,BTC-27NOV26,0.4193,-0.8729,78.18217,0.0,0.0,0.005500000000000005,BTC,79167.12,0.0
2026-09-07T19:08:42.019399+00:00,BTC-27NOV26-67000-P,79918.83,BTC-27NOV26,put,67000.0,2026-11-27T08:00:00+00:00,0.2204945236837085,0.0175,0.0185,0.01801206,0.018,79918.83,BTC-27NOV26,0.4175,-0.15933,91.0911,19.6,0.0,0.0009999999999999974,BTC,79167.12,0.0
2026-09-07T19:08:42.019399+00:00,BTC-30OCT26-64000-P,79603.16,BTC-30OCT26,put,64000.0,2026-10-30T08:00:00+00:00,0.14383470164400966,0.0065,0.007,0.00674186,0.00675,79603.16,BTC-30OCT26,0.4407,-0.08249,45.95077,640.8,100.1,0.0005000000000000004,BTC,79167.12,52385.0
2026-09-07T19:08:42.019399+00:00,BTC-30OCT26-75000-C,79603.16,BTC-30OCT26,call,75000.0,2026-10-30T08:00:00+00:00,0.14383470164400966,0.088,0.091,0.08890151,0.0895,79603.16,BTC-30OCT26,0.3763,0.6875,106.91884,1172.1,200.4,0.0030000000000000027,BTC,79167.12,1467255.51
2026-09-07T19:08:42.019399+00:00,BTC-26MAR27-60000-C,81182.49,BTC-26MAR27,call,60000.0,2027-03-26T08:00:00+00:00,0.5462987673524287,0.285,0.2905,0.28722177,0.28775,81182.49,BTC-26MAR27,0.4395,0.86282,131.7653,649.0,0.0,0.005500000000000005,BTC,79167.12,0.0
2026-09-07T19:08:42.019399+00:00,BTC-25DEC26-170000-P,80232.99,BTC-25DEC26,put,170000.0,2026-12-25T08:00:00+00:00,0.2971543457234073,1.109,1.1295,1.11992246,1.11925,80232.99,BTC-25DEC26,0.5654,-0.98873,12.93842,0.1,0.0,0.020499999999999963,BTC,79167.12,0.0
2026-09-07T19:08:42.019399+00:00,BTC-30OCT26-85000-C,79603.16,BTC-30OCT26,call,85000.0,2026-10-30T08:00:00+00:00,0.14383470164400966,0.031,0.032,0.03144771,0.0315,79603.16,BTC-30OCT26,0.37929999999999997,0.35059,111.93211,2166.7,198.9,0.0010000000000000009,BTC,79167.12,511457.33
2026-09-07T19:08:42.019399+00:00,BTC-30OCT26-66000-P,79603.16,BTC-30OCT26,put,66000.0,2026-10-30T08:00:00+00:00,0.14383470164400966,0.008,0.009,0.00853527,0.0085,79603.16,BTC-30OCT26,0.4201,-0.10461,54.76725,161.3,3.5,0.0009999999999999992,BTC,79167.12,2293.93
2026-09-07T19:08:42.019399+00:00,BTC-25DEC26-72000-C,80232.99,BTC-25DEC26,call,72000.0,2026-12-25T08:00:00+00:00,0.2971543457234073,0.1425,0.146,0.14394833,0.14425,80232.99,BTC-25DEC26,0.402,0.72695,145.47725,1271.4,2.0,0.003500000000000003,BTC,79167.12,24109.89
2026-09-07T19:08:42.019399+00:00,BTC-25SEP26-78000-C,79260.35,BTC-25SEP26,call,78000.0,2026-09-25T08:00:00+00:00,0.04800992409438613,0.0395,0.041,0.0401714,0.04025,79260.35,BTC-25SEP26,0.3643,0.59528,67.32324,5365.8,55.9,0.0015000000000000013,BTC,79167.12,185921.5
2026-09-07T19:08:42.019399+00:00,BTC-25DEC26-40000-P,80232.99,BTC-25DEC26,put,40000.0,2026-12-25T08:00:00+00:00,0.2971543457234073,0.0022,0.0025,0.00239383,0.00235,80232.99,BTC-25DEC26,0.6537000000000001,-0.01655,18.0236,4513.2,0.1,0.0002999999999999999,BTC,79167.12,18.38
2026-09-07T19:08:42.019399+00:00,BTC-10SEP26-77500-C,79164.88,BTC-10SEP26,call,77500.0,2026-09-10T08:00:00+00:00,0.006942162287404618,0.023,0.0265,0.02453948,0.02475,79164.88,BTC-10SEP26,0.33340000000000003,0.78204,19.43198,0.0,0.0,0.0034999999999999996,BTC,79167.12,0.0
2026-09-07T19:08:42.019399+00:00,BTC-25DEC26-135000-C,80232.99,BTC-25DEC26,call,135000.0,2026-12-25T08:00:00+00:00,0.2971543457234073,0.003,0.0035,0.00324062,0.00325,80232.99,BTC-25DEC26,0.48710000000000003,0.03392,32.94637,1376.9,5.1,0.0005,BTC,79167.12,1430.67
2026-09-07T19:08:42.019399+00:00,BTC-10SEP26-79500-C,79164.88,BTC-10SEP26,call,79500.0,2026-09-10T08:00:00+00:00,0.006942162287404618,0.0085,0.0095,0.00899817,0.009,79164.88,BTC-10SEP26,0.3298,0.44445,26.06672,25.8,25.8,0.0009999999999999992,BTC,79166.87,23404.55
2026-09-07T19:08:42.019399+00:00,BTC-9SEP26-81500-C,79157.74,BTC-9SEP26,call,81500.0,2026-09-09T08:00:00+00:00,0.0042043115002725175,0.0007,0.0009,0.00076506,0.0008,79157.74,BTC-9SEP26,0.3201,0.08191,7.76983,5.0,5.2,0.00019999999999999998,BTC,79167.12,631.95
2026-09-07T19:08:42.019399+00:00,BTC-25DEC26-104000-P,80232.99,BTC-25DEC26,put,104000.0,2026-12-25T08:00:00+00:00,0.2971543457234073,0.309,0.315,0.31209769,0.312,80232.99,BTC-25DEC26,0.41359999999999997,-0.85024,101.90462,0.1,0.0,0.006000000000000005,BTC,79167.12,0.0
2026-09-07T19:08:42.019399+00:00,BTC-30OCT26-76000-C,79603.16,BTC-30OCT26,call,76000.0,2026-10-30T08:00:00+00:00,0.14383470164400966,0.08,0.083,0.08084416,0.0815,79603.16,BTC-30OCT26,0.37420000000000003,0.65447,111.33473,356.1,0.0,0.0030000000000000027,BTC,79166.87,0.0
2026-09-07T19:08:42.019399+00:00,BTC-25JUN27-68000-P,82165.2,BTC-25JUN27,put,68000.0,2027-06-25T08:00:00+00:00,0.7954431889814498,0.0675,0.07,0.06877549,0.06875,82165.2,BTC-25JUN27,0.4288,-0.24637,231.14442,13.6,0.0,0.0025000000000000022,BTC,79167.12,0.0
2026-09-07T19:08:42.019399+00:00,BTC-25DEC26-85000-P,80232.99,BTC-25DEC26,put,85000.0,2026-12-25T08:00:00+00:00,0.2971543457234073,0.119,0.1205,0.12002092,0.11975,80232.99,BTC-25DEC26,0.3897,-0.56563,172.17799,580.6,14.0,0.0015000000000000013,BTC,79166.87,126772.18
2026-09-07T19:08:42.019399+00:00,BTC-27NOV26-95000-C,79918.83,BTC-27NOV26,call,95000.0,2026-11-27T08:00:00+00:00,0.2204945236837085,0.0195,0.0205,0.01997935,0.02,79918.83,BTC-27NOV26,0.40149999999999997,0.2055,106.8189,35.1,7.0,0.0010000000000000009,BTC,79166.87,12724.73
2026-09-07T19:08:42.019399+00:00,BTC-25DEC26-84000-P,80232.99,BTC-25DEC26,put,84000.0,2026-12-25T08:00:00+00:00,0.2971543457234073,0.1115,0.1125,0.11206797,0.112,80232.99,BTC-25DEC26,0.3896,-0.54365,173.49934,85.7,0.0,0.0010000000000000009,BTC,79166.87,0.0
2026-09-07T19:08:42.019399+00:00,BTC-30OCT26-70000-C,79603.16,BTC-30OCT26,call,70000.0,2026-10-30T08:00:00+00:00,0.14383470164400966,0.1345,0.1385,0.13609094,0.1365,79603.16,BTC-30OCT26,0.3975,0.82328,78.33514,1099.6,0.0,0.0040000000000000036,BTC,79166.87,0.0
2026-09-07T19:08:42.019399+00:00,BTC-18SEP26-81000-P,79224.51,BTC-18SEP26,put,81000.0,2026-09-18T08:00:00+00:00,0.02884496858446143,0.0375,0.0395,0.03837812,0.0385,79224.51,BTC-18SEP26,0.3739,-0.62433,51.06815,32.8,0.4,0.0020000000000000018,BTC,79166.87,1127.3
2026-09-07T19:08:42.019399+00:00,BTC-30OCT26-86000-C,79603.16,BTC-30OCT26,call,86000.0,2026-10-30T08:00:00+00:00,0.14383470164400966,0.0275,0.0285,0.02796946,0.028,79603.16,BTC-30OCT26,0.3801,0.32138,108.19523,724.8,31.7,0.0010000000000000009,BTC,79166.78,74418.73
2026-09-07T19:08:42.019399+00:00,BTC-9SEP26-76000-P,79157.74,BTC-9SEP26,put,76000.0,2026-09-09T08:00:00+00:00,0.0042043115002725175,0.0004,0.0006,0.00049344,0.0005,79157.74,BTC-9SEP26,0.3796,-0.04777,5.10519,34.2,37.8,0.00019999999999999993,BTC,79166.87,2315.25
2026-09-07T19:08:42.019399+00:00,BTC-25SEP26-84000-P,79260.35,BTC-25SEP26,put,84000.0,2026-09-25T08:00:00+00:00,0.04800992409438613,0.0695,0.0735,0.07176682,0.0715,79260.35,BTC-25SEP26,0.37520000000000003,-0.7469,55.56911,47.4,0.0,0.00399999999999999,BTC,79166.87,0.0
2026-09-07T19:08:42.019399+00:00,BTC-27NOV26-120000-C,79918.83,BTC-27NOV26,call,120000.0,2026-11-27T08:00:00+00:00,0.2204945236837085,0.0032,0.0037,0.00344044,0.00345,79918.83,BTC-27NOV26,0.46950000000000003,0.04155,33.36423,86.2,2.3,0.0005,BTC,79166.78,709.81
2026-09-07T19:08:42.019399+00:00,BTC-26MAR27-180000-P,81182.49,BTC-26MAR27,put,180000.0,2027-03-26T08:00:00+00:00,0.5462987673524287,1.2065,1.2365,1.22128083,1.2215,81182.49,BTC-26MAR27,0.5216,-0.96939,41.52626,0.1,0.0,0.030000000000000027,BTC,79166.78,0.0
2026-09-07T19:08:42.019399+00:00,BTC-18SEP26-65000-C,79223.97,BTC-18SEP26,call,65000.0,2026-09-18T08:00:00+00:00,0.02884496858446143,0.178,0.182,0.17993877,0.18,79223.97,BTC-18SEP26,0.5297999999999999,0.98758,4.33206,0.0,0.0,0.0040000000000000036,BTC,79166.78,0.0
2026-09-07T19:08:42.019399+00:00,BTC-25JUN27-72000-C,82164.66,BTC-25JUN27,call,72000.0,2027-06-25T08:00:00+00:00,0.7954431889814498,0.208,0.2125,0.2105411,0.21025,82164.66,BTC-25JUN27,0.4226,0.705,252.93615,90.1,0.6,0.004500000000000004,BTC,79166.78,10052.54
2026-09-07T19:08:42.019399+00:00,BTC-25JUN27-110000-P,82165.2,BTC-25JUN27,put,110000.0,2027-06-25T08:00:00+00:00,0.7954431889814498,0.3895,0.398,0.39300242,0.39375,82165.2,BTC-25JUN27,0.42219999999999996,-0.72108,246.30611,4.3,2.0,0.008500000000000008,BTC,79166.78,60830.05
2026-09-07T19:08:42.019399+00:00,BTC-25SEP26-150000-C,79259.81,BTC-25SEP26,call,150000.0,2026-09-25T08:00:00+00:00,0.04800992409438613,,0.0001,1.006e-05,,79259.81,BTC-25SEP26,0.8114,0.00023,0.15282,768.8,0.0,,BTC,79166.78,0.0
2026-09-07T19:08:42.019399+00:00,BTC-10SEP26-82000-C,79164.88,BTC-10SEP26,call,82000.0,2026-09-10T08:00:00+00:00,0.006942162287404618,0.0014,0.0018,0.00163805,0.0016,79164.88,BTC-10SEP26,0.3497,0.11643,12.9201,22.0,22.6,0.00039999999999999996,BTC,79166.78,5319.96
2026-09-07T19:08:42.019399+00:00,BTC-25SEP26-165000-P,79260.35,BTC-25SEP26,put,165000.0,2026-09-25T08:00:00+00:00,0.04800992409438613,1.075,1.0855,1.08176535,1.08025,79260.35,BTC-25SEP26,0.8449,-0.99994,0.03935,0.0,0.0,0.010499999999999954,BTC,79166.78,0.0
2026-09-07T19:08:42.019399+00:00,BTC-18SEP26-69000-P,79223.97,BTC-18SEP26,put,69000.0,2026-09-18T08:00:00+00:00,0.02884496858446143,0.0011,0.0013,0.0011953,0.0012,79223.97,BTC-18SEP26,0.465,-0.03684,10.84532,31.2,1.0,0.00019999999999999987,BTC,79166.78,94.81
2026-09-07T19:08:42.019399+00:00,BTC-25SEP26-60000-C,79260.35,BTC-25SEP26,call,60000.0,2026-09-25T08:00:00+00:00,0.04800992409438613,0.242,0.246,0.24351549,0.244,79260.35,BTC-25SEP26,0.5748,0.98849,5.23449,837.0,0.1,0.0040000000000000036,BTC,79166.78,1916.48
2026-09-07T19:08:42.019399+00:00,BTC-25SEP26-110000-P,79260.35,BTC-25SEP26,put,110000.0,2026-09-25T08:00:00+00:00,0.04800992409438613,0.3845,0.391,0.3880289,0.38775,79260.35,BTC-25SEP26,0.5660000000000001,-0.99505,2.48904,215.7,0.0,0.006500000000000006,BTC,79166.78,0.0
2026-09-07T19:08:42.019399+00:00,BTC-27NOV26-110000-C,79918.83,BTC-27NOV26,call,110000.0,2026-11-27T08:00:00+00:00,0.2204945236837085,0.006,0.007,0.00648267,0.0065,79918.83,BTC-27NOV26,0.44170000000000004,0.07548,53.40136,69.7,0.5,0.001,BTC,79166.78,307.3
2026-09-07T19:08:42.019399+00:00,BTC-25DEC26-130000-C,80232.99,BTC-25DEC26,call,130000.0,2026-12-25T08:00:00+00:00,0.2971543457234073,0.0037,0.0042,0.00396596,0.00395,80232.99,BTC-25DEC26,0.4747,0.04137,38.75,1566.9,0.8,0.0004999999999999996,BTC,79166.78,289.28
2026-09-07T19:08:42.019399+00:00,BTC-25SEP26-240000-C,79260.35,BTC-25SEP26,call,240000.0,2026-09-25T08:00:00+00:00,0.04800992409438613,,0.0001,5.6e-07,,79260.35,BTC-25SEP26,1.156,1e-05,0.00844,211.9,0.0,,BTC,79166.78,0.0
2026-09-07T19:08:42.019399+00:00,BTC-26MAR27-92000-C,81182.49,BTC-26MAR27,call,92000.0,2027-03-26T08:00:00+00:00,0.5462987673524287,0.0695,0.0715,0.07041369,0.0705,81182.49,BTC-26MAR27,0.4025,0.39299,230.7975,261.2,0.0,0.001999999999999988,BTC,79166.78,0.0
2026-09-07T19:08:42.019399+00:00,BTC-30OCT26-87000-C,79603.16,BTC-30OCT26,call,87000.0,2026-10-30T08:00:00+00:00,0.14383470164400966,0.0245,0.0255,0.02497606,0.025,79603.16,BTC-30OCT26,0.382,0.29441,104.1076,111.2,18.0,0.0009999999999999974,BTC,79166.78,40218.76
2026-09-07T19:08:42.019399+00:00,BTC-25JUN27-58000-P,82164.66,BTC-25JUN27,put,58000.0,2027-06-25T08:00:00+00:00,0.7954431889814498,0.0345,0.036,0.03535979,0.03525,82164.66,BTC-25JUN27,0.4493,-0.14244,165.08987,91.9,0.0,0.0014999999999999944,BTC,79166.78,0.0
2026-09-07T19:08:42.019399+00:00,BTC-27NOV26-71000-C,79918.83,BTC-27NOV26,call,71000.0,2026-11-27T08:00:00+00:00,0.2204945236837085,0.1385,0.142,0.14011934,0.14025,79918.83,BTC-27NOV26,0.401,0.76502,115.35882,0.1,0.0,0.0034999999999999754,BTC,79166.78,0.0
2026-09-07T19:08:42.019399+00:00,BTC-11SEP26-68000-P,79171.49,BTC-11SEP26,put,68000.0,2026-09-11T08:00:00+00:00,0.00968001307453672,,0.0002,0.00013735,,79171.49,BTC-11SEP26,0.6324000000000001,-0.00666,1.45271,884.6,1.9,,BTC,79166.78,27.82
2026-09-07T19:08:42.019399+00:00,BTC-10SEP26-77000-P,79164.88,BTC-10SEP26,put,77000.0,2026-09-10T08:00:00+00:00,0.006942162287404618,0.0022,0.0026,0.00241045,0.0024,79164.88,BTC-10SEP26,0.3392,-0.15983,16.04266,7.2,6.5,0.00039999999999999975,BTC,79166.78,1277.93
2026-09-07T19:08:42.019399+00:00,BTC-26MAR27-96000-P,81182.49,BTC-26MAR27,put,96000.0,2027-03-26T08:00:00+00:00,0.5462987673524287,0.2375,0.2435,0.24050702,0.2405,81182.49,BTC-26MAR27,0.40399999999999997,-0.65978,219.99075,1.6,0.0,0.006000000000000005,BTC,79166.78,0.0
2026-09-07T19:08:42.019399+00:00,BTC-18SEP26-84000-P,79223.97,BTC-18SEP26,put,84000.0,2026-09-18T08:00:00+00:00,0.02884496858446143,0.065,0.0695,0.06715515,0.06725,79223.97,BTC-18SEP26,0.3859,-0.8051,37.09876,0.1,0.0,0.004500000000000004,BTC,79166.78,0.0
2026-09-07T19:08:42.019399+00:00,BTC-30OCT26-88000-C,79603.16,BTC-30OCT26,call,88000.0,2026-10-30T08:00:00+00:00,0.14383470164400966,0.022,0.023,0.02245246,0.0225,79603.16,BTC-30OCT26,0.38530000000000003,0.27003,99.86241,556.4,3.1,0.0010000000000000009,BTC,79166.78,5526.94
2026-09-07T19:08:42.019399+00:00,BTC-18SEP26-75000-C,79224.51,BTC-18SEP26,call,75000.0,2026-09-18T08:00:00+00:00,0.02884496858446143,0.0585,0.0625,0.06041071,0.0605,79224.51,BTC-18SEP26,0.38380000000000003,0.80866,36.68376,35.1,0.0,0.003999999999999997,BTC,79166.78,0.0
2026-09-07T19:08:42.019399+00:00,BTC-30OCT26-62000-C,79603.16,BTC-30OCT26,call,62000.0,2026-10-30T08:00:00+00:00,0.14383470164400966,0.224,0.229,0.22633062,0.2265,79603.16,BTC-30OCT26,0.45899999999999996,0.93603,37.82117,13.5,0.0,0.0050000000000000044,BTC,79166.78,0.0
2026-09-07T19:08:42.019399+00:00,BTC-25SEP26-115000-P,79260.35,BTC-25SEP26,put,115000.0,2026-09-25T08:00:00+00:00,0.04800992409438613,0.4465,0.454,0.45108556,0.45025,79260.35,BTC-25SEP26,0.6229,-0.99606,2.02925,93.7,0.0,0.007500000000000007,BTC,79166.78,0.0
2026-09-07T19:08:42.019399+00:00,BTC-25JUN27-74000-C,82165.2,BTC-25JUN27,call,74000.0,2027-06-25T08:00:00+00:00,0.7954431889814498,0.194,0.198,0.19659016,0.196,82165.2,BTC-25JUN27,0.4208,0.67958,262.29718,20.7,0.0,0.0040000000000000036,BTC,79166.78,0.0
2026-09-07T19:08:42.019399+00:00,BTC-25JUN27-68000-C,82165.2,BTC-25JUN27,call,68000.0,2027-06-25T08:00:00+00:00,0.7954431889814498,0.2375,0.244,0.24117129,0.24075,82165.2,BTC-25JUN27,0.4288,0.75363,231.14483,10.8,0.0,0.006500000000000006,BTC,79166.78,0.0
2026-09-07T19:08:42.019399+00:00,BTC-8SEP26-81500-P,79151.53,BTC-8SEP26,put,81500.0,2026-09-08T08:00:00+00:00,0.0014664607131404165,0.0275,0.032,0.0297366,0.02975,79151.53,BTC-8SEP26,0.3493,-0.98527,1.13031,0.0,0.0,0.0045000000000000005,BTC,79166.78,0.0
2026-09-07T19:08:42.019399+00:00,BTC-9SEP26-83000-P,79157.74,BTC-9SEP26,put,83000.0,2026-09-09T08:00:00+00:00,0.0042043115002725175,0.046,0.051,0.04867693,0.0485,79157.74,BTC-9SEP26,0.345,-0.98238,2.23149,0.0,0.0,0.0049999999999999975,BTC,79166.78,0.0
2026-09-07T19:08:42.019399+00:00,BTC-25SEP26-75000-C,79260.35,BTC-25SEP26,call,75000.0,2026-09-25T08:00:00+00:00,0.04800992409438613,0.064,0.068,0.06567735,0.066,79260.35,BTC-25SEP26,0.37450000000000006,0.76253,53.69679,3307.8,159.2,0.0040000000000000036,BTC,79166.78,867485.79
2026-09-07T19:08:42.019399+00:00,BTC-10SEP26-80000-C,79164.88,BTC-10SEP26,call,80000.0,2026-09-10T08:00:00+00:00,0.006942162287404618,0.006,0.007,0.00649172,0.0065,79164.88,BTC-10SEP26,0.3283,0.35581,24.5836,5.2,3.6,0.001,BTC,79166.78,2816.17
2026-09-07T19:08:42.019399+00:00,BTC-26MAR27-65000-P,81182.49,BTC-26MAR27,put,65000.0,2027-03-26T08:00:00+00:00,0.5462987673524287,0.0385,0.04,0.03930806,0.03925,81182.49,BTC-26MAR27,0.42460000000000003,-0.19347,164.69971,879.5,0.0,0.0015000000000000013,BTC,79166.78,0.0
2026-09-07T19:08:42.019399+00:00,BTC-30OCT26-57000-C,79603.16,BTC-30OCT26,call,57000.0,2026-10-30T08:00:00+00:00,0.14383470164400966,0.2845,0.2895,0.28684259,0.287,79603.16,BTC-30OCT26,0.5135000000000001,0.965,23.33448,0.1,0.0,0.0050000000000000044,BTC,79166.78,0.0
2026-09-07T19:08:42.019399+00:00,BTC-11SEP26-80500-P,79171.49,BTC-11SEP26,put,80500.0,2026-09-11T08:00:00+00:00,0.00968001307453672,0.0225,0.0255,0.02400147,0.024,79171.49,BTC-11SEP26,0.35479999999999995,-0.67669,27.98478,0.0,0.0,0.002999999999999999,BTC,79166.78,0.0
2026-09-07T19:08:42.019399+00:00,BTC-10SEP26-86000-C,79164.88,BTC-10SEP26,call,86000.0,2026-09-10T08:00:00+00:00,0.006942162287404618,0.0001,0.0002,0.00014182,0.00015,79164.88,BTC-10SEP26,0.4338,0.01154,1.99269,12.8,12.9,0.0001,BTC,79166.78,790.81
2026-09-07T19:08:42.019399+00:00,BTC-25DEC26-210000-C,80232.99,BTC-25DEC26,call,210000.0,2026-12-25T08:00:00+00:00,0.2971543457234073,0.0003,0.0007,0.00048067,0.0005,80232.99,BTC-25DEC26,0.6388,0.00482,6.12871,162.3,0.0,0.0004,BTC,79166.78,0.0
2026-09-07T19:08:42.019399+00:00,BTC-25DEC26-92000-C,80232.99,BTC-25DEC26,call,92000.0,2026-12-25T08:00:00+00:00,0.2971543457234073,0.0355,0.037,0.03636294,0.03625,80232.99,BTC-25DEC26,0.39380000000000004,0.29806,151.67447,379.3,5.3,0.0015000000000000013,BTC,79166.78,16162.7
2026-09-07T19:08:42.019399+00:00,BTC-25SEP26-240000-P,79260.35,BTC-25SEP26,put,240000.0,2026-09-25T08:00:00+00:00,0.04800992409438613,2.019,2.0365,2.02801958,2.02775,79260.35,BTC-25SEP26,1.156,-0.99999,0.00844,0.0,0.0,0.01750000000000007,BTC,79166.78,0.0
2026-09-07T19:08:42.019399+00:00,BTC-11SEP26-80500-C,79171.49,BTC-11SEP26,call,80500.0,2026-09-11T08:00:00+00:00,0.00968001307453672,0.007,0.0075,0.0072244,0.00725,79171.49,BTC-11SEP26,0.35479999999999995,0.32331,27.98478,6.1,6.1,0.0004999999999999996,BTC,79166.78,4280.19
2026-09-07T19:08:42.019399+00:00,BTC-26MAR27-90000-C,81182.49,BTC-26MAR27,call,90000.0,2027-03-26T08:00:00+00:00,0.5462987673524287,0.0765,0.0785,0.07744946,0.0775,81182.49,BTC-26MAR27,0.40149999999999997,0.42117,234.77419,555.2,0.0,0.0020000000000000018,BTC,79166.78,0.0
2026-09-07T19:08:42.019399+00:00,BTC-9SEP26-77500-P,79157.74,BTC-9SEP26,put,77500.0,2026-09-09T08:00:00+00:00,0.0042043115002725175,0.0015,0.0018,0.00164827,0.00165,79157.74,BTC-9SEP26,0.3201,-0.15127,12.03829,138.7,104.8,0.0002999999999999999,BTC,79166.78,14743.58
2026-09-07T19:08:42.019399+00:00,BTC-25SEP26-79000-P,79260.35,BTC-25SEP26,put,79000.0,2026-09-25T08:00:00+00:00,0.04800992409438613,0.0295,0.0305,0.03014239,0.03,79260.35,BTC-25SEP26,0.3638,-0.46752,69.07933,1047.0,12.5,0.0010000000000000009,BTC,79166.78,25624.13
2026-09-07T19:08:42.019399+00:00,BTC-9SEP26-80500-P,79157.74,BTC-9SEP26,put,80500.0,2026-09-09T08:00:00+00:00,0.0042043115002725175,0.017,0.021,0.01918955,0.019,79157.74,BTC-9SEP26,0.3073,-0.79745,14.48342,0.0,0.0,0.004,BTC,79166.78,0.0
2026-09-07T19:08:42.019399+00:00,BTC-25SEP26-95000-P,79260.35,BTC-25SEP26,put,95000.0,2026-09-25T08:00:00+00:00,0.04800992409438613,0.197,0.2025,0.19997576,0.19975,79260.35,BTC-25SEP26,0.4489,-0.96338,13.93033,147.6,0.0,0.005500000000000005,BTC,79166.78,0.0
2026-09-07T19:08:42.019399+00:00,BTC-25DEC26-86000-C,80232.99,BTC-25DEC26,call,86000.0,2026-12-25T08:00:00+00:00,0.2971543457234073,0.056,0.057,0.0563868,0.0565,80232.99,BTC-25DEC26,0.3899,0.41292,170.3702,324.3,0.0,0.0010000000000000009,BTC,79166.78,0.0
2026-09-07T19:08:42.019399+00:00,BTC-27NOV26-84000-C,79919.44,BTC-27NOV26,call,84000.0,2026-11-27T08:00:00+00:00,0.2204945236837085,0.051,0.0525,0.05164168,0.05175,79919.44,BTC-27NOV26,0.38780000000000003,0.42766,147.29627,26.7,1.9,0.0015000000000000013,BTC,79166.78,8166.37
2026-09-07T19:08:42.019399+00:00,BTC-25JUN27-90000-P,82165.2,BTC-25JUN27,put,90000.0,2027-06-25T08:00:00+00:00,0.7954431889814498,0.2035,0.208,0.20544484,0.20575,82165.2,BTC-25JUN27,0.4131,-0.52505,291.877,50.5,50.0,0.004500000000000004,BTC,79166.78,805885.52
2026-09-07T19:08:42.019399+00:00,BTC-30OCT26-68000-P,79603.16,BTC-30OCT26,put,68000.0,2026-10-30T08:00:00+00:00,0.14383470164400966,0.011,0.012,0.01150738,0.0115,79603.16,BTC-30OCT26,0.4081,-0.13673,66.14651,1517.1,3.3,0.0010000000000000009,BTC,79166.78,2876.84
2026-09-07T19:08:42.019399+00:00,BTC-26MAR27-160000-P,81181.95,BTC-26MAR27,put,160000.0,2027-03-26T08:00:00+00:00,0.5462987673524287,0.964,0.9875,0.97710753,0.97575,81181.95,BTC-26MAR27,0.49369999999999997,-0.95316,58.76017,0.1,0.0,0.023500000000000076,BTC,79166.78,0.0
2026-09-07T19:08:42.019399+00:00,BTC-25DEC26-74000-C,80232.45,BTC-25DEC26,call,74000.0,2026-12-25T08:00:00+00:00,0.2971543457234073,0.126,0.1295,0.12765521,0.12775,80232.45,BTC-25DEC26,0.39840000000000003,0.68471,155.485,138.9,0.0,0.003500000000000003,BTC,79166.78,0.0
2026-09-07T19:08:42.019399+00:00,BTC-8SEP26-90000-P,79151.53,BTC-8SEP26,put,90000.0,2026-09-08T08:00:00+00:00,0.0014664607131404165,0.135,0.1395,0.13705606,0.13725,79151.53,BTC-8SEP26,0.5407,-1.0,0.0,0.0,0.0,0.004500000000000004,BTC,79166.78,0.0
2026-09-07T19:08:42.019399+00:00,BTC-25SEP26-58000-P,79260.35,BTC-25SEP26,put,58000.0,2026-09-25T08:00:00+00:00,0.04800992409438613,0.0003,0.0004,0.00040267,0.00035,79260.35,BTC-25SEP26,0.6153,-0.00858,4.04883,1334.2,25.0,0.00010000000000000005,BTC,79166.78,994.2
2026-09-07T19:08:42.019399+00:00,BTC-18SEP26-76000-P,79224.51,BTC-18SEP26,put,76000.0,2026-09-18T08:00:00+00:00,0.02884496858446143,0.0095,0.0105,0.00998796,0.01,79224.51,BTC-18SEP26,0.3811,-0.25005,42.77761,173.2,5.2,0.0010000000000000009,BTC,79166.78,4142.3
2026-09-07T19:08:42.019399+00:00,BTC-25DEC26-54000-C,80232.45,BTC-25DEC26,call,54000.0,2026-12-25T08:00:00+00:00,0.2971543457234073,0.331,0.337,0.33421071,0.334,80232.45,BTC-25DEC26,0.5,0.94394,49.4126,33.1,0.0,0.006000000000000005,BTC,79166.78,0.0
2026-09-07T19:08:42.019399+00:00,BTC-25DEC26-200000-C,80232.45,BTC-25DEC26,call,200000.0,2026-12-25T08:00:00+00:00,0.2971543457234073,0.0006,0.0008,0.00064769,0.0007,80232.45,BTC-25DEC26,0.6297999999999999,0.00642,7.90118,969.4,0.0,0.0002000000000000001,BTC,79166.78,0.0
2026-09-07T19:08:42.019399+00:00,BTC-27NOV26-71000-P,79918.83,BTC-27NOV26,put,71000.0,2026-11-27T08:00:00+00:00,0.2204945236837085,0.028,0.029,0.02852073,0.0285,79918.83,BTC-27NOV26,0.401,-0.23499,115.35956,20.3,0.1,0.0010000000000000009,BTC,79166.78,215.45
2026-09-07T19:08:42.019399+00:00,BTC-25SEP26-320000-C,79260.35,BTC-25SEP26,call,320000.0,2026-09-25T08:00:00+00:00,0.04800992409438613,,0.0001,3.4e-07,,79260.35,BTC-25SEP26,1.4015,1e-05,0.00454,304.6,0.0,,BTC,79166.78,0.0
2026-09-07T19:08:42.019399+00:00,BTC-10SEP26-88000-P,79164.88,BTC-10SEP26,put,88000.0,2026-09-10T08:00:00+00:00,0.006942162287404618,0.109,0.114,0.11170021,0.1115,79164.88,BTC-10SEP26,0.5067,-0.9935,1.20367,0.0,0.0,0.0050000000000000044,BTC,79166.78,0.0
2026-09-07T19:08:42.019399+00:00,BTC-25JUN27-72000-P,82165.2,BTC-25JUN27,put,72000.0,2027-06-25T08:00:00+00:00,0.7954431889814498,0.0855,0.088,0.0868279,0.08675,82165.2,BTC-25JUN27,0.4226,-0.295,252.93598,47.6,0.0,0.0024999999999999883,BTC,79166.78,0.0
2026-09-07T19:08:42.019399+00:00,BTC-11SEP26-86000-P,79171.49,BTC-11SEP26,put,86000.0,2026-09-11T08:00:00+00:00,0.00968001307453672,0.0845,0.089,0.08659,0.08675,79171.49,BTC-11SEP26,0.41619999999999996,-0.97718,4.21787,1.4,0.0,0.00449999999999999,BTC,79166.78,0.0
2026-09-07T19:08:42.019399+00:00,BTC-25DEC26-45000-C,80232.99,BTC-25DEC26,call,45000.0,2026-12-25T08:00:00+00:00,0.2971543457234073,0.44,0.4445,0.4425836,0.44225,80232.99,BTC-25DEC26,0.5907,0.97478,25.7556,54.3,0.0,0.004500000000000004,BTC,79166.78,0.0
2026-09-07T19:08:42.019399+00:00,BTC-25JUN27-70000-C,82164.66,BTC-25JUN27,call,70000.0,2027-06-25T08:00:00+00:00,0.7954431889814498,0.2225,0.228,0.22562092,0.22525,82164.66,BTC-25JUN27,0.426,0.72963,242.55294,195.5,0.0,0.005500000000000005,BTC,79166.78,0.0
2026-09-07T19:08:42.019399+00:00,BTC-11SEP26-64000-C,79171.49,BTC-11SEP26,call,64000.0,2026-09-11T08:00:00+00:00,0.00968001307453672,0.19,0.1935,0.1916636,0.19175,79171.49,BTC-11SEP26,0.74,0.99845,0.39158,0.0,0.0,0.003500000000000003,BTC,79166.78,0.0
2026-09-07T19:08:42.019399+00:00,BTC-25DEC26-68000-P,80232.99,BTC-25DEC26,put,68000.0,2026-12-25T08:00:00+00:00,0.2971543457234073,0.0275,0.0285,0.02801437,0.028,80232.99,BTC-25DEC26,0.4142,-0.19895,122.10124,551.3,0.0,0.0010000000000000009,BTC,79166.78,0.0
2026-09-07T19:08:42.019399+00:00,BTC-26MAR27-98000-P,81182.49,BTC-26MAR27,put,98000.0,2027-03-26T08:00:00+00:00,0.5462987673524287,0.257,0.263,0.26010183,0.26,81182.49,BTC-26MAR27,0.40619999999999995,-0.6832,213.74858,0.2,0.0,0.006000000000000005,BTC,79166.78,0.0
2026-09-07T19:08:42.019399+00:00,BTC-25DEC26-115000-P,80232.99,BTC-25DEC26,put,115000.0,2026-12-25T08:00:00+00:00,0.2971543457234073,0.4375,0.445,0.44131489,0.44125,80232.99,BTC-25DEC26,0.4354,-0.91887,65.73644,5.0,0.0,0.007500000000000007,BTC,79166.78,0.0
2026-09-07T19:08:42.019399+00:00,BTC-9SEP26-79500-P,79157.74,BTC-9SEP26,put,79500.0,2026-09-09T08:00:00+00:00,0.0042043115002725175,0.0095,0.011,0.01026443,0.01025,79157.74,BTC-9SEP26,0.3053,-0.58186,20.04965,102.3,100.9,0.0014999999999999996,BTC,79166.78,60463.76
2026-09-07T19:08:42.019399+00:00,BTC-25JUN27-78000-P,82164.66,BTC-25JUN27,put,78000.0,2027-06-25T08:00:00+00:00,0.7954431889814498,0.1185,0.1215,0.12001345,0.12,82164.66,BTC-25JUN27,0.4174,-0.37224,277.32489,104.6,0.0,0.0030000000000000027,BTC,79166.78,0.0
2026-09-07T19:08:42.019399+00:00,BTC-8SEP26-82500-C,79152.07,BTC-8SEP26,call,82500.0,2026-09-08T08:00:00+00:00,0.0014664607131404165,,0.0001,2.751e-05,,79152.07,BTC-8SEP26,0.4227,0.00538,0.46817,93.0,23.7,,BTC,79166.78,1394.08
2026-09-07T19:08:42.019399+00:00,BTC-30OCT26-48000-P,79603.16,BTC-30OCT26,put,48000.0,2026-10-30T08:00:00+00:00,0.14383470164400966,0.001,0.0012,0.00118541,0.0011,79603.16,BTC-30OCT26,0.6335999999999999,-0.01305,10.14093,194.3,0.0,0.00019999999999999987,BTC,79166.78,0.0
2026-09-07T19:08:42.019399+00:00,BTC-25SEP26-84000-C,79259.81,BTC-25SEP26,call,84000.0,2026-09-25T08:00:00+00:00,0.04800992409438613,0.0115,0.0125,0.01196016,0.012,79259.81,BTC-25SEP26,0.37520000000000003,0.25312,55.57148,5077.8,4.0,0.0010000000000000009,BTC,79166.78,4402.32
2026-09-07T19:08:42.019399+00:00,BTC-8SEP26-87000-P,79151.53,BTC-8SEP26,put,87000.0,2026-09-08T08:00:00+00:00,0.0014664607131404165,0.0965,0.1015,0.0991542,0.099,79151.53,BTC-8SEP26,0.4863,-1.0,3e-05,0.0,0.0,0.0050000000000000044,BTC,79166.78,0.0
2026-09-07T19:08:42.019399+00:00,BTC-25DEC26-102000-P,80232.99,BTC-25DEC26,put,102000.0,2026-12-25T08:00:00+00:00,0.2971543457234073,0.2865,0.2925,0.28928302,0.2895,80232.99,BTC-25DEC26,0.40880000000000005,-0.83279,109.54604,7.8,0.0,0.006000000000000005,BTC,79166.78,0.0
2026-09-07T19:08:42.019399+00:00,BTC-25JUN27-120000-C,82164.66,BTC-25JUN27,call,120000.0,2027-06-25T08:00:00+00:00,0.7954431889814498,0.038,0.0405,0.03923091,0.03925,82164.66,BTC-25JUN27,0.4305,0.21354,213.35218,292.9,0.2,0.0025000000000000022,BTC,79166.78,652.28
2026-09-07T19:08:42.019399+00:00,BTC-25SEP26-165000-C,79260.35,BTC-25SEP26,call,165000.0,2026-09-25T08:00:00+00:00,0.04800992409438613,,0.0001,2.28e-06,,79260.35,BTC-25SEP26,0.8449,6e-05,0.03935,266.6,0.0,,BTC,79166.78,0.0
2026-09-07T19:08:42.019399+00:00,BTC-25SEP26-65000-P,79260.35,BTC-25SEP26,put,65000.0,2026-09-25T08:00:00+00:00,0.04800992409438613,0.0012,0.0013,0.00121965,0.00125,79260.35,BTC-25SEP26,0.4891,-0.02845,11.31238,980.2,2.3,0.00010000000000000005,BTC,79166.78,223.94
2026-09-07T19:08:42.019399+00:00,BTC-11SEP26-74000-C,79171.49,BTC-11SEP26,call,74000.0,2026-09-11T08:00:00+00:00,0.00968001307453672,0.064,0.0685,0.06612541,0.06625,79171.49,BTC-11SEP26,0.41450000000000004,0.95315,7.6292,15.3,4.0,0.004500000000000004,BTC,79166.78,22568.42
2026-09-07T19:08:42.019399+00:00,BTC-8SEP26-70000-P,79151.53,BTC-8SEP26,put,70000.0,2026-09-08T08:00:00+00:00,0.0014664607131404165,,0.0001,0.0,,79151.53,BTC-8SEP26,0.6307,0.0,3e-05,25.5,0.0,,BTC,79166.78,0.0
2026-09-07T19:08:42.019399+00:00,BTC-9SEP26-82500-C,79158.4,BTC-9SEP26,call,82500.0,2026-09-09T08:00:00+00:00,0.0042043115002725175,0.0002,0.0004,0.00025911,0.0003,79158.4,BTC-9SEP26,0.3386,0.03081,3.57111,111.3,106.6,0.0002,BTC,79166.78,16710.87
2026-09-07T19:08:42.019399+00:00,BTC-25JUN27-106000-P,82164.66,BTC-25JUN27,put,106000.0,2027-06-25T08:00:00+00:00,0.7954431889814498,0.349,0.3565,0.35221006,0.35275,82164.66,BTC-25JUN27,0.4194,-0.68918,258.92088,0.0,0.0,0.007500000000000007,BTC,79166.78,0.0
2026-09-07T19:08:42.019399+00:00,BTC-26MAR27-170000-P,81182.49,BTC-26MAR27,put,170000.0,2027-03-26T08:00:00+00:00,0.5462987673524287,1.088,1.11,1.09899676,1.099,81182.49,BTC-26MAR27,0.5075,-0.96264,48.92473,0.2,0.0,0.02200000000000002,BTC,79166.11,0.0
2026-09-07T19:08:42.019399+00:00,BTC-25SEP26-160000-P,79260.35,BTC-25SEP26,put,160000.0,2026-09-25T08:00:00+00:00,0.04800992409438613,1.0125,1.024,1.01868199,1.01825,79260.35,BTC-25SEP26,0.8188,-0.99993,0.04624,0.6,0.0,0.011500000000000066,BTC,79166.78,0.0
2026-09-07T19:08:42.019399+00:00,BTC-25SEP26-80000-P,79260.35,BTC-25SEP26,put,80000.0,2026-09-25T08:00:00+00:00,0.04800992409438613,0.036,0.037,0.03683386,0.0365,79260.35,BTC-25SEP26,0.3638,-0.53038,69.10845,1500.0,289.1,0.0010000000000000009,BTC,79166.78,830962.46
2026-09-07T19:08:42.019399+00:00,BTC-30OCT26-104000-P,79603.16,BTC-30OCT26,put,104000.0,2026-10-30T08:00:00+00:00,0.14383470164400966,0.307,0.313,0.31070855,0.31,79603.16,BTC-30OCT26,0.436,-0.93744,37.17128,0.0,0.0,0.006000000000000005,BTC,79166.11,0.0
2026-09-07T19:08:42.019399+00:00,BTC-30OCT26-91000-P,79603.16,BTC-30OCT26,put,91000.0,2026-10-30T08:00:00+00:00,0.14383470164400966,0.156,0.161,0.15914657,0.1585,79603.16,BTC-30OCT26,0.3922,-0.79527,85.74117,0.2,0.0,0.0050000000000000044,BTC,79166.11,0.0
2026-09-07T19:08:42.019399+00:00,BTC-10SEP26-89000-P,79164.34,BTC-10SEP26,put,89000.0,2026-09-10T08:00:00+00:00,0.006942162287404618,0.122,0.1265,0.12428778,0.12425,79164.34,BTC-10SEP26,0.5143,-0.99664,0.66866,0.0,0.0,0.004500000000000004,BTC,79166.11,0.0
2026-09-07T19:08:42.019399+00:00,BTC-25SEP26-180000-C,79260.35,BTC-25SEP26,call,180000.0,2026-09-25T08:00:00+00:00,0.04800992409438613,,0.0001,1.55e-06,,79260.35,BTC-25SEP26,0.9184,4e-05,0.02581,792.3,0.0,,BTC,79166.11,0.0
2026-09-07T19:08:42.019399+00:00,BTC-8SEP26-79000-C,79151.53,BTC-8SEP26,call,79000.0,2026-09-08T08:00:00+00:00,0.0014664607131404165,0.0045,0.0055,0.00463055,0.005,79151.53,BTC-8SEP26,0.2352,0.58696,11.80575,10.9,7.4,0.001,BTC,79166.11,4305.67
2026-09-07T19:08:42.019399+00:00,BTC-26MAR27-90000-P,81181.95,BTC-26MAR27,put,90000.0,2027-03-26T08:00:00+00:00,0.5462987673524287,0.1835,0.1885,0.18607424,0.186,81181.95,BTC-26MAR27,0.40149999999999997,-0.57883,234.77433,14.1,0.0,0.0050000000000000044,BTC,79166.11,0.0
2026-09-07T19:08:42.019399+00:00,BTC-18SEP26-68000-C,79223.97,BTC-18SEP26,call,68000.0,2026-09-18T08:00:00+00:00,0.02884496858446143,0.1405,0.145,0.14252232,0.14275,79223.97,BTC-18SEP26,0.47590000000000005,0.97321,8.33638,2.0,2.0,0.004499999999999976,BTC,79166.11,23393.33
2026-09-07T19:08:42.019399+00:00,BTC-30OCT26-80000-P,79603.16,BTC-30OCT26,put,80000.0,2026-10-30T08:00:00+00:00,0.14383470164400966,0.0585,0.0595,0.05908217,0.059,79603.16,BTC-30OCT26,0.373,-0.48576,120.40626,959.1,12.2,0.000999999999999994,BTC,79166.11,55338.76
2026-09-07T19:08:42.019399+00:00,BTC-26MAR27-54000-P,81182.49,BTC-26MAR27,put,54000.0,2027-03-26T08:00:00+00:00,0.5462987673524287,0.0155,0.017,0.01625122,0.01625,81182.49,BTC-26MAR27,0.4668,-0.0879,95.77681,92.0,0.1,0.0015000000000000013,BTC,79166.11,124.73
2026-09-07T19:08:42.019399+00:00,BTC-27NOV26-93000-C,79918.83,BTC-27NOV26,call,93000.0,2026-11-27T08:00:00+00:00,0.2204945236837085,0.0235,0.0245,0.02396172,0.024,79918.83,BTC-27NOV26,0.3997,0.23775,116.10238,28.5,0.1,0.0010000000000000009,BTC,79166.11,181.26
2026-09-07T19:08:42.019399+00:00,BTC-18SEP26-82000-C,79224.51,BTC-18SEP26,call,82000.0,2026-09-18T08:00:00+00:00,0.02884496858446143,0.012,0.0125,0.01211066,0.01225,79224.51,BTC-18SEP26,0.3765,0.30632,47.23764,1303.8,100.9,0.0005000000000000004,BTC,79166.11,105452.99
2026-09-07T19:08:42.019399+00:00,BTC-26MAR27-60000-P,81182.49,BTC-26MAR27,put,60000.0,2027-03-26T08:00:00+00:00,0.5462987673524287,0.0255,0.027,0.02630496,0.02625,81182.49,BTC-26MAR27,0.4395,-0.13719,131.76601,816.2,11.0,0.0015000000000000013,BTC,79166.11,22238.0
2026-09-07T19:08:42.019399+00:00,BTC-8SEP26-73000-P,79151.53,BTC-8SEP26,put,73000.0,2026-09-08T08:00:00+00:00,0.0014664607131404165,,0.0001,1.11e-06,,79151.53,BTC-8SEP26,0.5972999999999999,-0.00019,0.02227,13.4,2.2,,BTC,79166.11,17.55
2026-09-07T19:08:42.019399+00:00,BTC-25DEC26-65000-C,80232.99,BTC-25DEC26,call,65000.0,2026-12-25T08:00:00+00:00,0.2971543457234073,0.209,0.2125,0.21039508,0.21075,80232.99,BTC-25DEC26,0.425,0.84719,103.27642,920.8,0.0,0.003500000000000003,BTC,79166.11,0.0
2026-09-07T19:08:42.019399+00:00,BTC-10SEP26-82500-C,79164.88,BTC-10SEP26,call,82500.0,2026-09-10T08:00:00+00:00,0.006942162287404618,0.001,0.0013,0.00113191,0.00115,79164.88,BTC-10SEP26,0.35590000000000005,0.08445,10.21709,2.6,2.5,0.0002999999999999999,BTC,79166.62,357.65
2026-09-07T19:08:42.019399+00:00,BTC-10SEP26-79000-C,79164.88,BTC-10SEP26,call,79000.0,2026-09-10T08:00:00+00:00,0.006942162287404618,0.0115,0.0125,0.01199382,0.012,79164.88,BTC-10SEP26,0.3289,0.53583,26.21603,1.5,1.5,0.0010000000000000009,BTC,79166.62,1206.57
2026-09-07T19:08:42.019399+00:00,BTC-30OCT26-110000-P,79603.16,BTC-30OCT26,put,110000.0,2026-10-30T08:00:00+00:00,0.14383470164400966,0.379,0.3885,0.38444877,0.38375,79603.16,BTC-30OCT26,0.461,-0.96093,25.53105,0.0,0.0,0.009500000000000008,BTC,79166.62,0.0
2026-09-07T19:08:42.019399+00:00,BTC-9SEP26-78000-C,79157.74,BTC-9SEP26,call,78000.0,2026-09-09T08:00:00+00:00,0.0042043115002725175,0.0155,0.0195,0.01732601,0.0175,79157.74,BTC-9SEP26,0.31010000000000004,0.77144,15.53478,0.0,0.0,0.004,BTC,79166.62,0.0
2026-09-07T19:08:42.019399+00:00,BTC-9SEP26-80000-C,79157.74,BTC-9SEP26,call,80000.0,2026-09-09T08:00:00+00:00,0.0042043115002725175,0.0035,0.004,0.00373085,0.00375,79157.74,BTC-9SEP26,0.3053,0.30028,17.85855,14.6,9.3,0.0005,BTC,79166.62,5364.33
2026-09-07T19:08:42.019399+00:00,BTC-10SEP26-73000-P,79164.88,BTC-10SEP26,put,73000.0,2026-09-10T08:00:00+00:00,0.006942162287404618,0.0002,0.0004,0.00028862,0.0003,79164.88,BTC-10SEP26,0.47619999999999996,-0.0196,3.14055,21.1,21.0,0.0002,BTC,79165.08,494.55
2026-09-07T19:08:42.019399+00:00,BTC-25DEC26-190000-C,80232.99,BTC-25DEC26,call,190000.0,2026-12-25T08:00:00+00:00,0.2971543457234073,0.0006,0.0009,0.00075288,0.00075,80232.99,BTC-25DEC26,0.6093,0.00758,9.14228,1026.7,0.0,0.00030000000000000003,BTC,79166.62,0.0
2026-09-07T19:08:42.019399+00:00,BTC-25SEP26-105000-P,79259.81,BTC-25SEP26,put,105000.0,2026-09-25T08:00:00+00:00,0.04800992409438613,0.321,0.3275,0.32508312,0.32425,79259.81,BTC-25SEP26,0.5268999999999999,-0.99127,4.1113,105.3,0.6,0.006500000000000006,BTC,79166.62,14938.91
2026-09-07T19:08:42.019399+00:00,BTC-8SEP26-78500-C,79151.53,BTC-8SEP26,call,78500.0,2026-09-08T08:00:00+00:00,0.0014664607131404165,0.008,0.0105,0.00923059,0.00925,79151.53,BTC-8SEP26,0.24739999999999998,0.81013,8.22322,5.2,5.1,0.0025000000000000005,BTC,79166.62,3414.65
2026-09-07T19:08:42.019399+00:00,BTC-25DEC26-230000-P,80232.99,BTC-25DEC26,put,230000.0,2026-12-25T08:00:00+00:00,0.2971543457234073,1.8545,1.882,1.86698499,1.86825,80232.99,BTC-25DEC26,0.6651,-0.99676,4.29141,0.0,0.0,0.027499999999999858,BTC,79166.62,0.0
2026-09-07T19:08:42.019399+00:00,BTC-25SEP26-72000-C,79260.35,BTC-25SEP26,call,72000.0,2026-09-25T08:00:00+00:00,0.04800992409438613,0.0955,0.0995,0.09710789,0.0975,79260.35,BTC-25SEP26,0.39409999999999995,0.87611,35.54112,3314.4,0.5,0.0040000000000000036,BTC,79166.62,3806.68
2026-09-07T19:08:42.019399+00:00,BTC-25SEP26-130000-P,79260.35,BTC-25SEP26,put,130000.0,2026-09-25T08:00:00+00:00,0.04800992409438613,0.6355,0.644,0.64024365,0.63975,79260.35,BTC-25SEP26,0.7404999999999999,-0.9985,0.84953,21.4,0.0,0.008500000000000063,BTC,79166.62,0.0
2026-09-07T19:08:42.019399+00:00,BTC-25SEP26-70000-P,79259.81,BTC-25SEP26,put,70000.0,2026-09-25T08:00:00+00:00,0.04800992409438613,0.0033,0.0037,0.00348218,0.0035,79259.81,BTC-25SEP26,0.4183,-0.08056,25.96486,8724.5,5.7,0.0004000000000000002,BTC,79165.08,1457.33
2026-09-07T19:08:42.019399+00:00,BTC-26MAR27-150000-C,81182.49,BTC-26MAR27,call,150000.0,2027-03-26T08:00:00+00:00,0.5462987673524287,0.007,0.0085,0.0077248,0.00775,81182.49,BTC-26MAR27,0.4757,0.05823,69.84447,1902.8,1.1,0.0015000000000000005,BTC,79165.08,699.87
2026-09-07T19:08:42.019399+00:00,BTC-9SEP26-87000-P,79157.74,BTC-9SEP26,put,87000.0,2026-09-09T08:00:00+00:00,0.0042043115002725175,0.0965,0.1015,0.09908368,0.099,79157.74,BTC-9SEP26,0.4953,-0.99827,0.28514,0.0,0.0,0.0050000000000000044,BTC,79165.08,0.0
2026-09-07T19:08:42.019399+00:00,BTC-25DEC26-45000-P,80232.99,BTC-25DEC26,put,45000.0,2026-12-25T08:00:00+00:00,0.2971543457234073,0.0032,0.0036,0.00345211,0.0034,80232.99,BTC-25DEC26,0.5907,-0.02522,25.75761,2844.5,1.0,0.00039999999999999975,BTC,79165.08,283.38
2026-09-07T19:08:42.019399+00:00,BTC-30OCT26-67000-P,79603.16,BTC-30OCT26,put,67000.0,2026-10-30T08:00:00+00:00,0.14383470164400966,0.0095,0.0105,0.010005,0.01,79603.16,BTC-30OCT26,0.41509999999999997,-0.12037,60.54296,411.7,0.5,0.0010000000000000009,BTC,79164.28,396.93
2026-09-07T19:08:42.019399+00:00,BTC-25JUN27-125000-C,82164.66,BTC-25JUN27,call,125000.0,2027-06-25T08:00:00+00:00,0.7954431889814498,0.033,0.035,0.03395485,0.034,82164.66,BTC-25JUN27,0.4362,0.18845,197.93097,115.6,0.0,0.0020000000000000018,BTC,79165.08,0.0
2026-09-07T19:08:42.019399+00:00,BTC-25JUN27-60000-C,82164.66,BTC-25JUN27,call,60000.0,2027-06-25T08:00:00+00:00,0.7954431889814498,0.307,0.3135,0.31052109,0.31025,82164.66,BTC-25JUN27,0.44439999999999996,0.83922,178.93492,961.8,0.1,0.006500000000000006,BTC,79165.08,2457.67
2026-09-07T19:08:42.019399+00:00,BTC-8SEP26-74000-C,79151.53,BTC-8SEP26,call,74000.0,2026-09-08T08:00:00+00:00,0.0014664607131404165,0.063,0.067,0.06509431,0.065,79151.53,BTC-8SEP26,0.5779,0.99887,0.1145,0.0,0.0,0.0040000000000000036,BTC,79165.08,0.0
2026-09-07T19:08:42.019399+00:00,BTC-8SEP26-83000-C,79151.53,BTC-8SEP26,call,83000.0,2026-09-08T08:00:00+00:00,0.0014664607131404165,,0.0001,1.149e-05,,79151.53,BTC-8SEP26,0.4368,0.00233,0.22095,47.9,40.1,,BTC,79164.28,845.21
2026-09-07T19:08:42.019399+00:00,BTC-8SEP26-88000-P,79151.53,BTC-8SEP26,put,88000.0,2026-09-08T08:00:00+00:00,0.0014664607131404165,0.109,0.1145,0.11178815,0.11175,79151.53,BTC-8SEP26,0.5368999999999999,-1.0,2e-05,0.0,0.0,0.005500000000000005,BTC,79164.28,0.0
2026-09-07T19:08:42.019399+00:00,BTC-27NOV26-79000-P,79918.83,BTC-27NOV26,put,79000.0,2026-11-27T08:00:00+00:00,0.2204945236837085,0.0655,0.067,0.06638675,0.06625,79918.83,BTC-27NOV26,0.38689999999999997,-0.43863,147.98666,93.8,18.1,0.0015000000000000013,BTC,79164.28,92890.06
2026-09-07T19:08:42.019399+00:00,BTC-30OCT26-59000-C,79603.16,BTC-30OCT26,call,59000.0,2026-10-30T08:00:00+00:00,0.14383470164400966,0.26,0.265,0.26237241,0.2625,79603.16,BTC-30OCT26,0.48840000000000006,0.95628,27.96923,1.0,0.0,0.0050000000000000044,BTC,79162.68,0.0
2026-09-07T19:08:42.019399+00:00,BTC-10SEP26-81000-P,79164.88,BTC-10SEP26,put,81000.0,2026-09-10T08:00:00+00:00,0.006942162287404618,0.0245,0.0285,0.02651839,0.0265,79164.88,BTC-10SEP26,0.3375,-0.78879,19.07895,0.0,0.0,0.004,BTC,79162.68,0.0
2026-09-07T19:08:42.019399+00:00,BTC-25JUN27-115000-C,82164.66,BTC-25JUN27,call,115000.0,2027-06-25T08:00:00+00:00,0.7954431889814498,0.045,0.047,0.04596133,0.046,82164.66,BTC-25JUN27,0.4261,0.24373,229.80481,38.2,0.0,0.0020000000000000018,BTC,79164.28,0.0
2026-09-07T19:08:42.019399+00:00,BTC-25SEP26-220000-C,79259.81,BTC-25SEP26,call,220000.0,2026-09-25T08:00:00+00:00,0.04800992409438613,,0.0001,5.9e-07,,79259.81,BTC-25SEP26,1.0735999999999999,1e-05,0.00939,241.9,0.0,,BTC,79164.28,0.0
2026-09-07T19:08:42.019399+00:00,BTC-26MAR27-106000-C,81182.49,BTC-26MAR27,call,106000.0,2027-03-26T08:00:00+00:00,0.5462987673524287,0.0355,0.0375,0.03647737,0.0365,81182.49,BTC-26MAR27,0.4128,0.23534,184.59678,79.2,0.0,0.0020000000000000018,BTC,79162.68,0.0
2026-09-07T19:08:42.019399+00:00,BTC-10SEP26-82000-P,79164.88,BTC-10SEP26,put,82000.0,2026-09-10T08:00:00+00:00,0.006942162287404618,0.0355,0.0395,0.03745875,0.0375,79164.88,BTC-10SEP26,0.3497,-0.88395,12.88917,0.0,0.0,0.0040000000000000036,BTC,79162.68,0.0
2026-09-07T19:08:42.019399+00:00,BTC-30OCT26-48000-C,79603.16,BTC-30OCT26,call,48000.0,2026-10-30T08:00:00+00:00,0.14383470164400966,0.3965,0.4,0.39818927,0.39825,79603.16,BTC-30OCT26,0.6335999999999999,0.98695,10.14465,0.1,0.0,0.003500000000000003,BTC,79162.68,0.0
2026-09-07T19:08:42.019399+00:00,BTC-8SEP26-89000-C,79151.53,BTC-8SEP26,call,89000.0,2026-09-08T08:00:00+00:00,0.0014664607131404165,,0.0001,0.0,,79151.53,BTC-8SEP26,0.5407,0.0,0.0,25.3,0.0,,BTC,79162.68,0.0
2026-09-07T19:08:42.019399+00:00,BTC-11SEP26-80000-P,79172.03,BTC-11SEP26,put,80000.0,2026-09-11T08:00:00+00:00,0.00968001307453672,0.019,0.0205,0.01980334,0.01975,79172.03,BTC-11SEP26,0.35350000000000004,-0.6113,29.86638,284.5,6.2,0.0015000000000000013,BTC,79162.68,10128.13
2026-09-07T19:08:42.019399+00:00,BTC-25SEP26-100000-C,79260.35,BTC-25SEP26,call,100000.0,2026-09-25T08:00:00+00:00,0.04800992409438613,0.0006,0.0008,0.000692,0.0007,79260.35,BTC-25SEP26,0.49420000000000003,0.01823,7.77521,7229.4,102.2,0.0002000000000000001,BTC,79162.68,4902.04
2026-09-07T19:08:42.019399+00:00,BTC-26MAR27-98000-C,81182.49,BTC-26MAR27,call,98000.0,2027-03-26T08:00:00+00:00,0.5462987673524287,0.052,0.054,0.05293263,0.053,81182.49,BTC-26MAR27,0.40619999999999995,0.31674,213.72214,115.0,0.0,0.0020000000000000018,BTC,79162.68,0.0
2026-09-07T19:08:42.019399+00:00,BTC-30OCT26-88000-P,79603.16,BTC-30OCT26,put,88000.0,2026-10-30T08:00:00+00:00,0.14383470164400966,0.125,0.1295,0.12794538,0.12725,79603.16,BTC-30OCT26,0.38530000000000003,-0.73039,99.76683,8.1,0.0,0.004500000000000004,BTC,79151.79,0.0
2026-09-07T19:08:42.019399+00:00,BTC-9SEP26-84000-C,79157.74,BTC-9SEP26,call,84000.0,2026-09-09T08:00:00+00:00,0.0042043115002725175,,0.0001,8.697e-05,,79157.74,BTC-9SEP26,0.3923,0.01012,1.38219,29.1,17.5,,BTC,79151.79,866.16
2026-09-07T19:08:42.019399+00:00,BTC-30OCT26-102000-P,79602.62,BTC-30OCT26,put,102000.0,2026-10-30T08:00:00+00:00,0.14383470164400966,0.283,0.2885,0.28654759,0.28575,79602.62,BTC-30OCT26,0.4304,-0.92462,42.91318,0.0,0.0,0.005500000000000005,BTC,79151.79,0.0
2026-09-07T19:08:42.019399+00:00,BTC-8SEP26-72000-C,79152.07,BTC-8SEP26,call,72000.0,2026-09-08T08:00:00+00:00,0.0014664607131404165,0.0885,0.0925,0.09035523,0.0905,79152.07,BTC-8SEP26,0.5972999999999999,0.99998,0.00226,0.0,0.0,0.0040000000000000036,BTC,79151.79,0.0
2026-09-07T19:08:42.019399+00:00,BTC-11SEP26-78000-C,79171.49,BTC-11SEP26,call,78000.0,2026-09-11T08:00:00+00:00,0.00968001307453672,0.021,0.024,0.02230896,0.0225,79171.49,BTC-11SEP26,0.3503,0.67313,28.10895,943.1,0.0,0.002999999999999999,BTC,79151.79,0.0
2026-09-07T19:08:42.019399+00:00,BTC-25SEP26-60000-P,79259.81,BTC-25SEP26,put,60000.0,2026-09-25T08:00:00+00:00,0.04800992409438613,0.0005,0.0006,0.00052024,0.00055,79259.81,BTC-25SEP26,0.5748,-0.01152,5.23855,5324.4,4.2,9.999999999999994e-05,BTC,79151.79,170.94
2026-09-07T19:08:42.019399+00:00,BTC-27NOV26-88000-P,79919.44,BTC-27NOV26,put,88000.0,2026-11-27T08:00:00+00:00,0.2204945236837085,0.1355,0.139,0.13796583,0.13725,79919.44,BTC-27NOV26,0.3924,-0.66693,136.42937,0.0,0.0,0.003500000000000003,BTC,79151.79,0.0
2026-09-07T19:08:42.019399+00:00,BTC-25DEC26-72000-P,80232.45,BTC-25DEC26,put,72000.0,2026-12-25T08:00:00+00:00,0.2971543457234073,0.041,0.0415,0.04133794,0.04125,80232.45,BTC-25DEC26,0.402,-0.27313,145.49016,787.7,6.0,0.0005000000000000004,BTC,79151.79,18757.57
2026-09-07T19:08:42.019399+00:00,BTC-26MAR27-56000-C,81182.49,BTC-26MAR27,call,56000.0,2027-03-26T08:00:00+00:00,0.5462987673524287,0.3265,0.332,0.32919615,0.32925,81182.49,BTC-26MAR27,0.4562,0.89781,107.00301,16.9,0.0,0.005500000000000005,BTC,79151.79,0.0
2026-09-07T19:08:42.019399+00:00,BTC-8SEP26-81500-C,79151.53,BTC-8SEP26,call,81500.0,2026-09-08T08:00:00+00:00,0.0014664607131404165,,0.0001,6.916e-05,,79151.53,BTC-8SEP26,0.3493,0.01457,1.11987,123.3,82.7,,BTC,79151.79,5404.16
2026-09-07T19:08:42.019399+00:00,BTC-27NOV26-105000-P,79918.83,BTC-27NOV26,put,105000.0,2026-11-27T08:00:00+00:00,0.2204945236837085,0.3195,0.3255,0.32288011,0.3225,79918.83,BTC-27NOV26,0.42579999999999996,-0.89719,67.21463,0.0,0.0,0.006000000000000005,BTC,79151.79,0.0
2026-09-07T19:08:42.019399+00:00,BTC-9SEP26-76000-C,79157.74,BTC-9SEP26,call,76000.0,2026-09-09T08:00:00+00:00,0.0042043115002725175,0.038,0.0425,0.04038822,0.04025,79157.74,BTC-9SEP26,0.3796,0.95143,5.17303,0.0,0.0,0.004500000000000004,BTC,79148.48,0.0
2026-09-07T19:08:42.019399+00:00,BTC-10SEP26-75000-P,79164.88,BTC-10SEP26,put,75000.0,2026-09-10T08:00:00+00:00,0.006942162287404618,0.0005,0.0008,0.00065598,0.00065,79164.88,BTC-10SEP26,0.39270000000000005,-0.04836,6.62495,18.3,16.3,0.00030000000000000003,BTC,79148.48,1027.72
2026-09-07T19:08:42.019399+00:00,BTC-25JUN27-55000-C,82164.66,BTC-25JUN27,call,55000.0,2027-06-25T08:00:00+00:00,0.7954431889814498,0.3555,0.362,0.35936957,0.35875,82164.66,BTC-25JUN27,0.45990000000000003,0.88161,145.22502,2.9,0.0,0.006500000000000006,BTC,79148.48,0.0
2026-09-07T19:08:42.019399+00:00,BTC-10SEP26-71000-C,79164.88,BTC-10SEP26,call,71000.0,2026-09-10T08:00:00+00:00,0.006942162287404618,0.101,0.1055,0.10330156,0.10325,79164.88,BTC-10SEP26,0.5707,0.98958,1.82291,0.0,0.0,0.00449999999999999,BTC,79148.48,0.0
2026-09-07T19:08:42.019399+00:00,BTC-27NOV26-93000-P,79919.44,BTC-27NOV26,put,93000.0,2026-11-27T08:00:00+00:00,0.2204945236837085,0.1845,0.1895,0.18764242,0.187,79919.44,BTC-27NOV26,0.3997,-0.76262,115.97666,2.0,0.0,0.0050000000000000044,BTC,79148.48,0.0
2026-09-07T19:08:42.019399+00:00,BTC-27NOV26-108000-P,79919.44,BTC-27NOV26,put,108000.0,2026-11-27T08:00:00+00:00,0.2204945236837085,0.355,0.3615,0.3588545,0.35825,79919.44,BTC-27NOV26,0.43670000000000003,-0.91413,58.85048,0.0,0.0,0.006500000000000006,BTC,79148.48,0.0
2026-09-07T19:08:42.019399+00:00,BTC-25DEC26-56000-C,80232.99,BTC-25DEC26,call,56000.0,2026-12-25T08:00:00+00:00,0.2971543457234073,0.308,0.313,0.31077169,0.3105,80232.99,BTC-25DEC26,0.4842,0.93229,57.24452,41.5,0.0,0.0050000000000000044,BTC,79148.48,0.0
2026-09-07T19:08:42.019399+00:00,BTC-25SEP26-52000-P,79260.35,BTC-25SEP26,put,52000.0,2026-09-25T08:00:00+00:00,0.04800992409438613,0.0001,0.0002,0.00017875,0.00015,79260.35,BTC-25SEP26,0.7341,-0.00348,1.81461,1201.5,0.8,0.0001,BTC,79148.48,12.76
2026-09-07T19:08:42.019399+00:00,BTC-26MAR27-86000-P,81182.49,BTC-26MAR27,put,86000.0,2027-03-26T08:00:00+00:00,0.5462987673524287,0.1515,0.155,0.15327676,0.15325,81182.49,BTC-26MAR27,0.40090000000000003,-0.51873,239.14412,3.1,0.0,0.003500000000000003,BTC,79147.88,0.0
2026-09-07T19:08:42.019399+00:00,BTC-18SEP26-80000-C,79223.97,BTC-18SEP26,call,80000.0,2026-09-18T08:00:00+00:00,0.02884496858446143,0.02,0.021,0.0207438,0.0205,79223.97,BTC-18SEP26,0.3721,0.44985,53.26013,527.1,17.7,0.0010000000000000009,BTC,79147.88,32474.77
2026-09-07T19:08:42.019399+00:00,BTC-26MAR27-40000-P,81182.49,BTC-26MAR27,put,40000.0,2027-03-26T08:00:00+00:00,0.5462987673524287,0.0049,0.005,0.00497978,0.00495,81182.49,BTC-26MAR27,0.5572,-0.0272,37.64204,1885.9,2.7,0.00010000000000000026,BTC,79147.88,1050.01
2026-09-07T19:08:42.019399+00:00,BTC-26MAR27-120000-C,81182.49,BTC-26MAR27,call,120000.0,2027-03-26T08:00:00+00:00,0.5462987673524287,0.019,0.021,0.01997786,0.02,81182.49,BTC-26MAR27,0.42840000000000006,0.14094,134.17933,790.9,0.2,0.0020000000000000018,BTC,79147.88,334.03
2026-09-07T19:08:42.019399+00:00,BTC-10SEP26-75000-C,79164.88,BTC-10SEP26,call,75000.0,2026-09-10T08:00:00+00:00,0.006942162287404618,0.051,0.0555,0.053259,0.05325,79164.88,BTC-10SEP26,0.39270000000000005,0.9516,6.62865,0.0,0.0,0.004500000000000004,BTC,79147.88,0.0
2026-09-07T19:08:42.019399+00:00,BTC-30OCT26-80000-C,79603.16,BTC-30OCT26,call,80000.0,2026-10-30T08:00:00+00:00,0.14383470164400966,0.0535,0.0545,0.05408861,0.054,79603.16,BTC-30OCT26,0.373,0.51359,120.38535,1303.4,24.1,0.0010000000000000009,BTC,79148.41,107443.19
2026-09-07T19:08:42.019399+00:00,BTC-8SEP26-79500-C,79152.07,BTC-8SEP26,call,79500.0,2026-09-08T08:00:00+00:00,0.0014664607131404165,0.0019,0.0023,0.00200684,0.0021,79152.07,BTC-8SEP26,0.2488,0.31595,10.78054,21.6,9.7,0.00039999999999999996,BTC,79147.88,2844.29
2026-09-07T19:08:42.019399+00:00,BTC-25JUN27-140000-C,82165.2,BTC-25JUN27,call,140000.0,2027-06-25T08:00:00+00:00,0.7954431889814498,0.0215,0.0235,0.02248224,0.0225,82165.2,BTC-25JUN27,0.4515,0.13094,155.81501,387.7,0.3,0.0020000000000000018,BTC,79147.88,556.0
2026-09-07T19:08:42.019399+00:00,BTC-27NOV26-67000-C,79919.44,BTC-27NOV26,call,67000.0,2026-11-27T08:00:00+00:00,0.2204945236837085,0.178,0.182,0.17966145,0.18,79919.44,BTC-27NOV26,0.4175,0.84036,91.18337,0.0,0.0,0.0040000000000000036,BTC,79147.88,0.0
2026-09-07T19:08:42.019399+00:00,BTC-30OCT26-96000-P,79603.16,BTC-30OCT26,put,96000.0,2026-10-30T08:00:00+00:00,0.14383470164400966,0.212,0.217,0.21503339,0.2145,79603.16,BTC-30OCT26,0.4044,-0.874,62.50299,0.1,0.0,0.0050000000000000044,BTC,79148.41,0.0
2026-09-07T19:08:42.019399+00:00,BTC-11SEP26-77000-P,79172.03,BTC-11SEP26,put,77000.0,2026-09-11T08:00:00+00:00,0.00968001307453672,0.0039,0.0043,0.00408212,0.0041,79172.03,BTC-11SEP26,0.3519,-0.2078,22.31252,551.2,6.2,0.0004000000000000002,BTC,79148.41,1733.93
2026-09-07T19:08:42.019399+00:00,BTC-25SEP26-190000-C,79259.81,BTC-25SEP26,call,190000.0,2026-09-25T08:00:00+00:00,0.04800992409438613,,0.0001,7.3e-07,,79259.81,BTC-25SEP26,0.9386,2e-05,0.01273,762.1,0.0,,BTC,79147.88,0.0
2026-09-07T19:08:42.019399+00:00,BTC-26MAR27-56000-P,81182.49,BTC-26MAR27,put,56000.0,2027-03-26T08:00:00+00:00,0.5462987673524287,0.0185,0.0195,0.01900713,0.019,81182.49,BTC-26MAR27,0.4562,-0.10222,107.01558,122.9,0.0,0.0010000000000000009,BTC,79148.41,0.0
2026-09-07T19:08:42.019399+00:00,BTC-11SEP26-84000-C,79172.09,BTC-11SEP26,call,84000.0,2026-09-11T08:00:00+00:00,0.00968001307453672,0.001,0.0012,0.00102174,0.0011,79172.09,BTC-11SEP26,0.3876,0.062,9.5206,1371.3,5.8,0.00019999999999999987,BTC,79148.41,852.04
2026-09-07T19:08:42.019399+00:00,BTC-25JUN27-56000-C,82164.66,BTC-25JUN27,call,56000.0,2027-06-25T08:00:00+00:00,0.7954431889814498,0.3455,0.352,0.34919984,0.34875,82164.66,BTC-25JUN27,0.4558,0.87401,151.7023,3.0,0.0,0.006500000000000006,BTC,79148.41,0.0
2026-09-07T19:08:42.019399+00:00,BTC-25SEP26-64000-C,79260.35,BTC-25SEP26,call,64000.0,2026-09-25T08:00:00+00:00,0.04800992409438613,0.192,0.196,0.19362825,0.194,79260.35,BTC-25SEP26,0.5122,0.97496,10.16501,662.5,0.9,0.0040000000000000036,BTC,79148.41,13807.06
2026-09-07T19:08:42.019399+00:00,BTC-25JUN27-94000-C,82165.2,BTC-25JUN27,call,94000.0,2027-06-25T08:00:00+00:00,0.7954431889814498,0.094,0.0965,0.09518482,0.09525,82165.2,BTC-25JUN27,0.4139,0.42843,287.66832,17.7,0.0,0.0025000000000000022,BTC,79148.41,0.0
2026-09-07T19:08:42.019399+00:00,BTC-25JUN27-200000-P,82164.66,BTC-25JUN27,put,200000.0,2027-06-25T08:00:00+00:00,0.7954431889814498,1.4265,1.4595,1.44135347,1.443,82164.66,BTC-25JUN27,0.5169,-0.95533,69.06218,2.1,0.0,0.03299999999999992,BTC,79148.41,0.0
2026-09-07T19:08:42.019399+00:00,BTC-27NOV26-78000-C,79918.83,BTC-27NOV26,call,78000.0,2026-11-27T08:00:00+00:00,0.2204945236837085,0.084,0.085,0.08428466,0.0845,79918.83,BTC-27NOV26,0.3875,0.58833,146.0439,34.9,1.0,0.0010000000000000009,BTC,79148.41,6785.77
2026-09-07T19:08:42.019399+00:00,BTC-25SEP26-220000-P,79259.81,BTC-25SEP26,put,220000.0,2026-09-25T08:00:00+00:00,0.04800992409438613,1.766,1.781,1.77568469,1.7735,79259.81,BTC-25SEP26,1.0735999999999999,-0.99999,0.00935,27.7,0.0,0.014999999999999902,BTC,79148.41,0.0
2026-09-07T19:08:42.019399+00:00,BTC-27NOV26-62000-P,79918.83,BTC-27NOV26,put,62000.0,2026-11-27T08:00:00+00:00,0.2204945236837085,0.0095,0.0105,0.01000278,0.01,79918.83,BTC-27NOV26,0.44520000000000004,-0.09384,62.86144,107.3,0.0,0.0010000000000000009,BTC,79148.41,0.0
2026-09-07T19:08:42.019399+00:00,BTC-25DEC26-50000-C,80232.99,BTC-25DEC26,call,50000.0,2026-12-25T08:00:00+00:00,0.2971543457234073,0.3795,0.384,0.38206306,0.38175,80232.99,BTC-25DEC26,0.5393,0.96033,37.44163,260.7,0.0,0.004500000000000004,BTC,79149.01,0.0
2026-09-07T19:08:42.019399+00:00,BTC-18SEP26-82000-P,79223.97,BTC-18SEP26,put,82000.0,2026-09-18T08:00:00+00:00,0.02884496858446143,0.0455,0.049,0.04715355,0.04725,79223.97,BTC-18SEP26,0.3765,-0.69495,47.13982,26.8,0.0,0.003500000000000003,BTC,79149.01,0.0
2026-09-07T19:08:42.019399+00:00,BTC-30OCT26-45000-P,79603.16,BTC-30OCT26,put,45000.0,2026-10-30T08:00:00+00:00,0.14383470164400966,0.0007,0.0011,0.00088419,0.0009,79603.16,BTC-30OCT26,0.6770999999999999,-0.00943,7.64721,220.0,0.0,0.0004000000000000001,BTC,79148.92,0.0
2026-09-07T19:08:42.019399+00:00,BTC-30OCT26-69000-C,79603.16,BTC-30OCT26,call,69000.0,2026-10-30T08:00:00+00:00,0.14383470164400966,0.145,0.149,0.14648913,0.147,79603.16,BTC-30OCT26,0.4021,0.84425,72.17718,685.1,0.0,0.0040000000000000036,BTC,79148.92,0.0
2026-09-07T19:08:42.019399+00:00,BTC-8SEP26-86000-C,79151.53,BTC-8SEP26,call,86000.0,2026-09-08T08:00:00+00:00,0.0014664607131404165,,0.0001,1e-08,,79151.53,BTC-8SEP26,0.4625,0.0,0.0002,77.1,0.0,,BTC,79149.01,0.0
2026-09-07T19:08:42.019399+00:00,BTC-25JUN27-84000-C,82165.2,BTC-25JUN27,call,84000.0,2027-06-25T08:00:00+00:00,0.7954431889814498,0.136,0.1385,0.13722315,0.13725,82165.2,BTC-25JUN27,0.4139,0.54945,290.13875,18.9,0.0,0.0025000000000000022,BTC,79149.01,0.0
2026-09-07T19:08:42.019399+00:00,BTC-25SEP26-40000-P,79260.35,BTC-25SEP26,put,40000.0,2026-09-25T08:00:00+00:00,0.04800992409438613,,0.0001,6.843e-05,,79260.35,BTC-25SEP26,1.0495999999999999,-0.00101,0.59129,2816.8,0.0,,BTC,79149.01,0.0
2026-09-07T19:08:42.019399+00:00,BTC-25SEP26-280000-P,79260.35,BTC-25SEP26,put,280000.0,2026-09-25T08:00:00+00:00,0.04800992409438613,2.522,2.5425,2.53268936,2.53225,79260.35,BTC-25SEP26,1.2987,-0.99999,0.00692,0.0,0.0,0.020500000000000185,BTC,79149.01,0.0
2026-09-07T19:08:42.019399+00:00,BTC-30OCT26-69000-P,79603.16,BTC-30OCT26,put,69000.0,2026-10-30T08:00:00+00:00,0.14383470164400966,0.013,0.0135,0.01329608,0.01325,79603.16,BTC-30OCT26,0.4021,-0.15575,72.17718,295.6,2.1,0.0005000000000000004,BTC,79148.92,1999.62
2026-09-07T19:08:42.019399+00:00,BTC-9SEP26-85000-P,79157.74,BTC-9SEP26,put,85000.0,2026-09-09T08:00:00+00:00,0.0042043115002725175,0.071,0.0765,0.07387649,0.07375,79157.74,BTC-9SEP26,0.4512,-0.99236,1.0801,0.0,0.0,0.005500000000000005,BTC,79148.92,0.0
2026-09-07T19:08:42.019399+00:00,BTC-27NOV26-82000-P,79918.83,BTC-27NOV26,put,82000.0,2026-11-27T08:00:00+00:00,0.2204945236837085,0.086,0.0875,0.08716829,0.08675,79918.83,BTC-27NOV26,0.3873,-0.52055,149.53222,26.0,0.0,0.0015000000000000013,BTC,79148.92,0.0
2026-09-07T19:08:42.019399+00:00,BTC-30OCT26-62000-P,79603.16,BTC-30OCT26,put,62000.0,2026-10-30T08:00:00+00:00,0.14383470164400966,0.0049,0.0055,0.00520063,0.0052,79603.16,BTC-30OCT26,0.45899999999999996,-0.06414,37.88921,1201.1,0.3,0.0005999999999999998,BTC,79148.28,119.67
2026-09-07T19:08:42.019399+00:00,BTC-18SEP26-81000-C,79224.51,BTC-18SEP26,call,81000.0,2026-09-18T08:00:00+00:00,0.02884496858446143,0.0155,0.0165,0.0159577,0.016,79224.51,BTC-18SEP26,0.3739,0.37428,50.99677,588.2,9.3,0.0010000000000000009,BTC,79148.92,13310.77
2026-09-07T19:08:42.019399+00:00,BTC-8SEP26-75000-C,79151.53,BTC-8SEP26,call,75000.0,2026-09-08T08:00:00+00:00,0.0014664607131404165,0.0505,0.0545,0.05246417,0.0525,79151.53,BTC-8SEP26,0.48979999999999996,0.99795,0.19684,0.0,0.0,0.003999999999999997,BTC,79148.92,0.0
2026-09-07T19:08:42.019399+00:00,BTC-25JUN27-88000-P,82164.66,BTC-25JUN27,put,88000.0,2027-06-25T08:00:00+00:00,0.7954431889814498,0.1875,0.1925,0.18951197,0.19,82164.66,BTC-25JUN27,0.4132,-0.50095,292.38648,4.7,0.0,0.0050000000000000044,BTC,79148.92,0.0
2026-09-07T19:08:42.019399+00:00,BTC-30OCT26-40000-C,79603.16,BTC-30OCT26,call,40000.0,2026-10-30T08:00:00+00:00,0.14383470164400966,0.497,0.4995,0.49793063,0.49825,79603.16,BTC-30OCT26,0.7337,0.99548,3.98885,0.1,0.0,0.0025000000000000022,BTC,79148.28,0.0
2026-09-07T19:08:42.019399+00:00,BTC-30OCT26-86000-P,79603.16,BTC-30OCT26,put,86000.0,2026-10-30T08:00:00+00:00,0.14383470164400966,0.106,0.1095,0.10833754,0.10775,79603.16,BTC-30OCT26,0.3801,-0.6792,108.0884,98.5,0.0,0.003500000000000003,BTC,79148.28,0.0
2026-09-07T19:08:42.019399+00:00,BTC-10SEP26-83000-C,79164.88,BTC-10SEP26,call,83000.0,2026-09-10T08:00:00+00:00,0.006942162287404618,0.0007,0.0009,0.00082401,0.0008,79164.88,BTC-10SEP26,0.36700000000000005,0.06187,8.04881,0.3,0.2,0.00019999999999999998,BTC,79148.28,20.65
2026-09-07T19:08:42.019399+00:00,BTC-26MAR27-82000-P,81182.49,BTC-26MAR27,put,82000.0,2027-03-26T08:00:00+00:00,0.5462987673524287,0.1225,0.125,0.12330368,0.12375,81182.49,BTC-26MAR27,0.40020000000000006,-0.45488,237.8767,6.9,0.0,0.0025000000000000022,BTC,79148.28,0.0
2026-09-07T19:08:42.019399+00:00,BTC-25DEC26-64000-C,80232.99,BTC-25DEC26,call,64000.0,2026-12-25T08:00:00+00:00,0.2971543457234073,0.2195,0.223,0.22086634,0.22125,80232.99,BTC-25DEC26,0.4296,0.86021,97.26208,405.0,0.0,0.003500000000000003,BTC,79148.28,0.0
2026-09-07T19:08:42.019399+00:00,BTC-26MAR27-95000-P,81181.95,BTC-26MAR27,put,95000.0,2027-03-26T08:00:00+00:00,0.5462987673524287,0.228,0.2335,0.23117821,0.23075,81181.95,BTC-26MAR27,0.4039,-0.64716,222.93205,0.4,0.0,0.005500000000000005,BTC,79148.28,0.0
2026-09-07T19:08:42.019399+00:00,BTC-25DEC26-95000-C,80232.99,BTC-25DEC26,call,95000.0,2026-12-25T08:00:00+00:00,0.2971543457234073,0.0285,0.0295,0.02913305,0.029,80232.99,BTC-25DEC26,0.39659999999999995,0.25014,139.04353,1480.9,0.0,0.0009999999999999974,BTC,79148.28,0.0
2026-09-07T19:08:42.019399+00:00,BTC-11SEP26-82000-C,79172.03,BTC-11SEP26,call,82000.0,2026-09-11T08:00:00+00:00,0.00968001307453672,0.0029,0.0033,0.00312326,0.0031,79172.03,BTC-11SEP26,0.3627,0.16556,19.38036,1829.9,142.3,0.0004000000000000002,BTC,79148.28,53623.32
2026-09-07T19:08:42.019399+00:00,BTC-27NOV26-105000-C,79918.83,BTC-27NOV26,call,105000.0,2026-11-27T08:00:00+00:00,0.2204945236837085,0.0085,0.0095,0.00904707,0.009,79918.83,BTC-27NOV26,0.42579999999999996,0.10278,67.1975,18.3,15.6,0.0009999999999999992,BTC,79148.28,13793.31
2026-09-07T19:08:42.019399+00:00,BTC-25SEP26-95000-C,79260.35,BTC-25SEP26,call,95000.0,2026-09-25T08:00:00+00:00,0.04800992409438613,0.0012,0.0015,0.0013849,0.00135,79260.35,BTC-25SEP26,0.4489,0.03644,13.87061,5508.9,100.2,0.00030000000000000014,BTC,79148.28,11905.94
2026-09-07T19:08:42.019399+00:00,BTC-27NOV26-94000-C,79918.83,BTC-27NOV26,call,94000.0,2026-11-27T08:00:00+00:00,0.2204945236837085,0.0215,0.0225,0.02197448,0.022,79918.83,BTC-27NOV26,0.4012,0.22125,111.49142,49.1,1.3,0.0010000000000000009,BTC,79148.28,2308.71
2026-09-07T19:08:42.019399+00:00,BTC-11SEP26-74000-P,79172.03,BTC-11SEP26,put,74000.0,2026-09-11T08:00:00+00:00,0.00968001307453672,0.0008,0.0009,0.00080248,0.00085,79172.03,BTC-11SEP26,0.41450000000000004,-0.04752,7.71417,994.1,620.4,9.999999999999994e-05,BTC,79146.48,31465.08
2026-09-07T19:08:42.019399+00:00,BTC-25SEP26-35000-C,79260.35,BTC-25SEP26,call,35000.0,2026-09-25T08:00:00+00:00,0.04800992409438613,0.5575,0.5595,0.55842574,0.5585,79260.35,BTC-25SEP26,1.0855,0.99981,0.12545,29.3,0.0,0.0020000000000000018,BTC,79146.48,0.0
2026-09-07T19:08:42.019399+00:00,BTC-10SEP26-71000-P,79164.88,BTC-10SEP26,put,71000.0,2026-09-10T08:00:00+00:00,0.006942162287404618,0.0001,0.0002,0.0001707,0.00015,79164.88,BTC-10SEP26,0.5707,-0.01045,1.82668,1.7,1.7,0.0001,BTC,79146.48,34.96
2026-09-07T19:08:42.019399+00:00,BTC-25DEC26-240000-P,80232.99,BTC-25DEC26,put,240000.0,2026-12-25T08:00:00+00:00,0.2971543457234073,1.9775,2.007,1.99161738,1.99225,80232.99,BTC-25DEC26,0.6873,-0.9969,4.12748,0.0,0.0,0.02950000000000008,BTC,79146.48,0.0
2026-09-07T19:08:42.019399+00:00,BTC-18SEP26-88000-P,79223.97,BTC-18SEP26,put,88000.0,2026-09-18T08:00:00+00:00,0.02884496858446143,0.1105,0.1155,0.11290686,0.113,79223.97,BTC-18SEP26,0.4108,-0.92968,18.13178,0.0,0.0,0.0050000000000000044,BTC,79146.48,0.0
2026-09-07T19:08:42.019399+00:00,BTC-10SEP26-77000-C,79164.88,BTC-10SEP26,call,77000.0,2026-09-10T08:00:00+00:00,0.006942162287404618,0.028,0.032,0.02974955,0.03,79164.88,BTC-10SEP26,0.3392,0.83785,16.1901,0.0,0.0,0.004,BTC,79146.48,0.0
2026-09-07T19:08:42.019399+00:00,BTC-25JUN27-105000-C,82165.2,BTC-25JUN27,call,105000.0,2027-06-25T08:00:00+00:00,0.7954431889814498,0.063,0.0655,0.06423008,0.06425,82165.2,BTC-25JUN27,0.41850000000000004,0.31893,261.71867,152.5,0.0,0.0025000000000000022,BTC,79146.48,0.0
2026-09-07T19:08:42.019399+00:00,BTC-25DEC26-86000-P,80232.99,BTC-25DEC26,put,86000.0,2026-12-25T08:00:00+00:00,0.2971543457234073,0.1275,0.1285,0.12826883,0.128,80232.99,BTC-25DEC26,0.3899,-0.58751,170.28808,59.3,2.0,0.0010000000000000009,BTC,79147.74,19772.27
2026-09-07T19:08:42.019399+00:00,BTC-25SEP26-200000-C,79260.35,BTC-25SEP26,call,200000.0,2026-09-25T08:00:00+00:00,0.04800992409438613,,0.0001,6.2e-07,,79260.35,BTC-25SEP26,0.9823999999999999,1e-05,0.01059,1018.5,0.0,,BTC,79146.48,0.0
2026-09-07T19:08:42.019399+00:00,BTC-26MAR27-150000-P,81181.95,BTC-26MAR27,put,150000.0,2027-03-26T08:00:00+00:00,0.5462987673524287,0.8435,0.869,0.85543276,0.85625,81181.95,BTC-26MAR27,0.4757,-0.94184,69.75525,0.6,0.0,0.025499999999999967,BTC,79147.74,0.0
2026-09-07T19:08:42.019399+00:00,BTC-9SEP26-89000-P,79157.74,BTC-9SEP26,put,89000.0,2026-09-09T08:00:00+00:00,0.0042043115002725175,0.1215,0.127,0.12434372,0.12425,79157.74,BTC-9SEP26,0.5794,-0.99905,0.16456,0.0,0.0,0.005500000000000005,BTC,79147.74,0.0
2026-09-07T19:08:42.019399+00:00,BTC-27NOV26-84000-P,79918.83,BTC-27NOV26,put,84000.0,2026-11-27T08:00:00+00:00,0.2204945236837085,0.102,0.103,0.10270812,0.1025,79918.83,BTC-27NOV26,0.38780000000000003,-0.57292,147.21754,3.2,0.0,0.0010000000000000009,BTC,79147.74,0.0
2026-09-07T19:08:42.019399+00:00,BTC-8SEP26-72000-P,79151.53,BTC-8SEP26,put,72000.0,2026-09-08T08:00:00+00:00,0.0014664607131404165,,0.0001,8e-08,,79151.53,BTC-8SEP26,0.5972999999999999,-2e-05,0.0023,10.8,5.0,,BTC,79147.74,39.61
2026-09-07T19:08:42.019399+00:00,BTC-25SEP26-45000-P,79260.35,BTC-25SEP26,put,45000.0,2026-09-25T08:00:00+00:00,0.04800992409438613,,0.0001,7.553e-05,,79260.35,BTC-25SEP26,0.8865999999999999,-0.00131,0.74897,2175.4,1.6,,BTC,79147.74,12.66
2026-09-07T19:08:42.019399+00:00,BTC-25DEC26-20000-C,80232.99,BTC-25DEC26,call,20000.0,2026-12-25T08:00:00+00:00,0.2971543457234073,0.7505,0.752,0.7511567,0.75125,80232.99,BTC-25DEC26,0.9939,0.9977,3.14773,4.9,0.7,0.0015000000000000568,BTC,79147.74,41462.47
2026-09-07T19:08:42.019399+00:00,BTC-26MAR27-110000-C,81182.49,BTC-26MAR27,call,110000.0,2027-03-26T08:00:00+00:00,0.5462987673524287,0.0295,0.0315,0.03047828,0.0305,81182.49,BTC-26MAR27,0.4168,0.20261,169.31694,1157.6,0.0,0.0020000000000000018,BTC,79148.05,0.0
2026-09-07T19:08:42.019399+00:00,BTC-25SEP26-145000-C,79259.81,BTC-25SEP26,call,145000.0,2026-09-25T08:00:00+00:00,0.04800992409438613,,0.0001,1.126e-05,,79259.81,BTC-25SEP26,0.7775,0.00027,0.17402,490.3,0.0,,BTC,79147.74,0.0
2026-09-07T19:08:42.019399+00:00,BTC-26MAR27-125000-C,81182.49,BTC-26MAR27,call,125000.0,2027-03-26T08:00:00+00:00,0.5462987673524287,0.0155,0.0175,0.01647633,0.0165,81182.49,BTC-26MAR27,0.4351,0.11872,119.14358,302.6,0.0,0.0020000000000000018,BTC,79148.05,0.0
2026-09-07T19:08:42.019399+00:00,BTC-11SEP26-83000-C,79171.49,BTC-11SEP26,call,83000.0,2026-09-11T08:00:00+00:00,0.00968001307453672,0.0017,0.0019,0.00177842,0.0018,79171.49,BTC-11SEP26,0.374,0.10189,13.85926,431.0,88.5,0.0002000000000000001,BTC,79148.05,23293.03
2026-09-07T19:08:42.019399+00:00,BTC-25DEC26-150000-P,80232.45,BTC-25DEC26,put,150000.0,2026-12-25T08:00:00+00:00,0.2971543457234073,0.8625,0.88,0.8714989,0.87125,80232.45,BTC-25DEC26,0.5235,-0.9798,21.35559,4.4,0.0,0.01749999999999996,BTC,79148.05,0.0
2026-09-07T19:08:42.019399+00:00,BTC-25JUN27-120000-P,82164.66,BTC-25JUN27,put,120000.0,2027-06-25T08:00:00+00:00,0.7954431889814498,0.4965,0.503,0.49970892,0.49975,82164.66,BTC-25JUN27,0.4305,-0.78664,213.19096,0.9,0.8,0.006500000000000006,BTC,79148.05,32066.49
2026-09-07T19:08:42.019399+00:00,BTC-30OCT26-87000-P,79602.62,BTC-30OCT26,put,87000.0,2026-10-30T08:00:00+00:00,0.14383470164400966,0.1155,0.1195,0.11790655,0.1175,79602.62,BTC-30OCT26,0.382,-0.70615,103.98997,29.0,0.0,0.00399999999999999,BTC,79148.23,0.0
2026-09-07T19:08:42.019399+00:00,BTC-30OCT26-63000-P,79603.16,BTC-30OCT26,put,63000.0,2026-10-30T08:00:00+00:00,0.14383470164400966,0.0055,0.0065,0.00599531,0.006,79603.16,BTC-30OCT26,0.4512,-0.07342,42.05216,597.5,97.0,0.001,BTC,79148.23,43072.02
2026-09-07T19:08:42.019399+00:00,BTC-25SEP26-160000-C,79260.35,BTC-25SEP26,call,160000.0,2026-09-25T08:00:00+00:00,0.04800992409438613,,0.0001,2.65e-06,,79260.35,BTC-25SEP26,0.8188,7e-05,0.046,1498.4,0.0,,BTC,79148.05,0.0
2026-09-07T19:08:42.019399+00:00,BTC-11SEP26-60000-P,79171.49,BTC-11SEP26,put,60000.0,2026-09-11T08:00:00+00:00,0.00968001307453672,,0.0001,1.52e-06,,79171.49,BTC-11SEP26,0.7565999999999999,-9e-05,0.02669,98.1,0.0,,BTC,79148.23,0.0
2026-09-07T19:08:42.019399+00:00,BTC-9SEP26-72000-C,79157.74,BTC-9SEP26,call,72000.0,2026-09-09T08:00:00+00:00,0.0042043115002725175,0.0885,0.0925,0.09050966,0.0905,79157.74,BTC-9SEP26,0.5938,0.99332,0.95924,0.0,0.0,0.0040000000000000036,BTC,79148.23,0.0
2026-09-07T19:08:42.019399+00:00,BTC-25JUN27-64000-P,82165.2,BTC-25JUN27,put,64000.0,2027-06-25T08:00:00+00:00,0.7954431889814498,0.0525,0.0545,0.05349058,0.0535,82165.2,BTC-25JUN27,0.4361,-0.20155,206.13306,62.4,0.0,0.0020000000000000018,BTC,79148.05,0.0
2026-09-07T19:08:42.019399+00:00,BTC-8SEP26-76000-C,79151.53,BTC-8SEP26,call,76000.0,2026-09-08T08:00:00+00:00,0.0014664607131404165,0.0375,0.042,0.03984082,0.03975,79151.53,BTC-8SEP26,0.40619999999999995,0.9954,0.40702,0.0,0.0,0.004500000000000004,BTC,79148.23,0.0
2026-09-07T19:08:42.019399+00:00,BTC-25JUN27-95000-C,82164.66,BTC-25JUN27,call,95000.0,2027-06-25T08:00:00+00:00,0.7954431889814498,0.0905,0.093,0.09172063,0.09175,82164.66,BTC-25JUN27,0.4139,0.41724,286.0676,56.9,0.0,0.0025000000000000022,BTC,79148.23,0.0
2026-09-07T19:08:42.019399+00:00,BTC-25JUN27-65000-C,82164.66,BTC-25JUN27,call,65000.0,2027-06-25T08:00:00+00:00,0.7954431889814498,0.2625,0.269,0.2659019,0.26575,82164.66,BTC-25JUN27,0.4339,0.78766,212.59782,1.7,0.1,0.006500000000000006,BTC,79148.23,2134.99
2026-09-07T19:08:42.019399+00:00,BTC-25DEC26-98000-C,80232.45,BTC-25DEC26,call,98000.0,2026-12-25T08:00:00+00:00,0.2971543457234073,0.023,0.024,0.02352539,0.0235,80232.45,BTC-25DEC26,0.401,0.20997,126.05217,342.1,0.0,0.0010000000000000009,BTC,79148.23,0.0
2026-09-07T19:08:42.019399+00:00,BTC-30OCT26-79000-P,79603.16,BTC-30OCT26,put,79000.0,2026-10-30T08:00:00+00:00,0.14383470164400966,0.052,0.053,0.05245862,0.0525,79603.16,BTC-30OCT26,0.3728,-0.45107,119.54809,485.5,13.1,0.0010000000000000009,BTC,79148.65,51870.15
2026-09-07T19:08:42.019399+00:00,BTC-30OCT26-98000-C,79603.16,BTC-30OCT26,call,98000.0,2026-10-30T08:00:00+00:00,0.14383470164400966,0.007,0.008,0.007482,0.0075,79603.16,BTC-30OCT26,0.41340000000000005,0.1059,55.24211,282.4,0.2,0.001,BTC,79148.65,131.77
2026-09-07T19:08:42.019399+00:00,BTC-25DEC26-108000-P,80232.45,BTC-25DEC26,put,108000.0,2026-12-25T08:00:00+00:00,0.2971543457234073,0.355,0.3615,0.35837466,0.35825,80232.45,BTC-25DEC26,0.4217,-0.88059,87.19854,0.1,0.0,0.006500000000000006,BTC,79148.23,0.0
2026-09-07T19:08:42.019399+00:00,BTC-25JUN27-74000-P,82165.2,BTC-25JUN27,put,74000.0,2027-06-25T08:00:00+00:00,0.7954431889814498,0.096,0.0985,0.09721827,0.09725,82165.2,BTC-25JUN27,0.4208,-0.32065,262.3127,12.2,0.1,0.0025000000000000022,BTC,79148.23,774.9
2026-09-07T19:08:42.019399+00:00,BTC-27NOV26-66000-C,79918.83,BTC-27NOV26,call,66000.0,2026-11-27T08:00:00+00:00,0.2204945236837085,0.1885,0.1925,0.1901722,0.1905,79918.83,BTC-27NOV26,0.42229999999999995,0.85603,85.1321,0.0,0.0,0.0040000000000000036,BTC,79148.23,0.0
2026-09-07T19:08:42.019399+00:00,BTC-25SEP26-86000-C,79259.81,BTC-25SEP26,call,86000.0,2026-09-25T08:00:00+00:00,0.04800992409438613,0.0075,0.0085,0.00790007,0.008,79259.81,BTC-25SEP26,0.387,0.17827,45.30018,1894.9,139.9,0.0010000000000000009,BTC,79148.65,111407.37
2026-09-07T19:08:42.019399+00:00,BTC-8SEP26-87000-C,79151.53,BTC-8SEP26,call,87000.0,2026-09-08T08:00:00+00:00,0.0014664607131404165,,0.0001,0.0,,79151.53,BTC-8SEP26,0.4863,0.0,3e-05,8.0,0.0,,BTC,79148.65,0.0
2026-09-07T19:08:42.019399+00:00,BTC-25DEC26-115000-C,80232.99,BTC-25DEC26,call,115000.0,2026-12-25T08:00:00+00:00,0.2971543457234073,0.0075,0.0085,0.00798427,0.008,80232.99,BTC-25DEC26,0.4354,0.08099,65.6348,2332.4,0.2,0.0010000000000000009,BTC,79148.65,143.61
2026-09-07T19:08:42.019399+00:00,BTC-26MAR27-140000-P,81182.49,BTC-26MAR27,put,140000.0,2027-03-26T08:00:00+00:00,0.5462987673524287,0.7315,0.7375,0.73469822,0.7345,81182.49,BTC-26MAR27,0.4596,-0.92425,85.59433,5.0,3.1,0.006000000000000005,BTC,79148.65,182021.85
2026-09-07T19:08:42.019399+00:00,BTC-25DEC26-80000-P,80232.99,BTC-25DEC26,put,80000.0,2026-12-25T08:00:00+00:00,0.2971543457234073,0.0825,0.084,0.08348852,0.08325,80232.99,BTC-25DEC26,0.3917,-0.45247,173.26538,1262.9,0.0,0.0015000000000000013,BTC,79148.65,0.0
2026-09-07T19:08:42.019399+00:00,BTC-25SEP26-56000-P,79260.35,BTC-25SEP26,put,56000.0,2026-09-25T08:00:00+00:00,0.04800992409438613,0.0002,0.0003,0.00028627,0.00025,79260.35,BTC-25SEP26,0.6491,-0.00601,2.95881,1689.0,25.0,9.999999999999996e-05,BTC,79148.65,798.33
2026-09-07T19:08:42.019399+00:00,BTC-11SEP26-69000-P,79172.03,BTC-11SEP26,put,69000.0,2026-09-11T08:00:00+00:00,0.00968001307453672,,0.0003,0.00017915,,79172.03,BTC-11SEP26,0.5974,-0.00903,1.89901,645.1,39.6,,BTC,79148.65,621.14
2026-09-07T19:08:42.019399+00:00,BTC-26MAR27-70000-P,81181.95,BTC-26MAR27,put,70000.0,2027-03-26T08:00:00+00:00,0.5462987673524287,0.0565,0.0585,0.05752402,0.0575,81181.95,BTC-26MAR27,0.415,-0.26248,195.60592,772.8,0.0,0.0020000000000000018,BTC,79147.27,0.0
2026-09-07T19:08:42.019399+00:00,BTC-25JUN27-86000-C,82164.66,BTC-25JUN27,call,86000.0,2027-06-25T08:00:00+00:00,0.7954431889814498,0.126,0.129,0.12748647,0.1275,82164.66,BTC-25JUN27,0.4133,0.52395,291.85649,26.8,0.0,0.0030000000000000027,BTC,79147.27,0.0
2026-09-07T19:08:42.019399+00:00,BTC-8SEP26-70000-C,79151.53,BTC-8SEP26,call,70000.0,2026-09-08T08:00:00+00:00,0.0014664607131404165,0.1135,0.118,0.11562306,0.11575,79151.53,BTC-8SEP26,0.6307,1.0,3e-05,0.0,0.0,0.00449999999999999,BTC,79147.27,0.0
2026-09-07T19:08:42.019399+00:00,BTC-27NOV26-100000-C,79918.83,BTC-27NOV26,call,100000.0,2026-11-27T08:00:00+00:00,0.2204945236837085,0.013,0.014,0.01348178,0.0135,79918.83,BTC-27NOV26,0.41479999999999995,0.14591,85.90541,101.4,1.2,0.0010000000000000009,BTC,79147.27,1199.45
2026-09-07T19:08:42.019399+00:00,BTC-26MAR27-64000-C,81182.49,BTC-26MAR27,call,64000.0,2027-03-26T08:00:00+00:00,0.5462987673524287,0.2455,0.2515,0.24818196,0.2485,81182.49,BTC-26MAR27,0.4282,0.81825,158.42365,137.8,0.0,0.006000000000000005,BTC,79147.27,0.0
2026-09-07T19:08:42.019399+00:00,BTC-25DEC26-82000-P,80232.99,BTC-25DEC26,put,82000.0,2026-12-25T08:00:00+00:00,0.2971543457234073,0.0965,0.0975,0.09705369,0.097,80232.99,BTC-25DEC26,0.3899,-0.49887,174.5045,254.7,0.0,0.0010000000000000009,BTC,79147.27,0.0
2026-09-07T19:08:42.019399+00:00,BTC-9SEP26-82000-P,79157.74,BTC-9SEP26,put,82000.0,2026-09-09T08:00:00+00:00,0.0042043115002725175,0.034,0.0385,0.03636366,0.03625,79157.74,BTC-9SEP26,0.33130000000000004,-0.94944,5.34107,2.0,2.0,0.004499999999999997,BTC,79147.23,5552.27
2026-09-07T19:08:42.019399+00:00,BTC-25DEC26-90000-P,80232.45,BTC-25DEC26,put,90000.0,2026-12-25T08:00:00+00:00,0.2971543457234073,0.1615,0.1655,0.16373831,0.1635,80232.45,BTC-25DEC26,0.39149999999999996,-0.66723,158.93953,654.8,100.0,0.0040000000000000036,BTC,79147.27,1279725.56
2026-09-07T19:08:42.019399+00:00,BTC-26MAR27-50000-C,81182.49,BTC-26MAR27,call,50000.0,2027-03-26T08:00:00+00:00,0.5462987673524287,0.393,0.3985,0.39559819,0.39575,81182.49,BTC-26MAR27,0.4867,0.93651,74.71561,21.6,0.0,0.005500000000000005,BTC,79147.23,0.0
2026-09-07T19:08:42.019399+00:00,BTC-10SEP26-74000-C,79164.88,BTC-10SEP26,call,74000.0,2026-09-10T08:00:00+00:00,0.006942162287404618,0.0635,0.068,0.06562715,0.06575,79164.88,BTC-10SEP26,0.42840000000000006,0.97131,4.3254,0.0,0.0,0.004500000000000004,BTC,79147.27,0.0
2026-09-07T19:08:42.019399+00:00,BTC-30OCT26-74000-P,79603.16,BTC-30OCT26,put,74000.0,2026-10-30T08:00:00+00:00,0.14383470164400966,0.0265,0.0275,0.02706944,0.027,79603.16,BTC-30OCT26,0.379,-0.28167,101.93014,243.5,3.7,0.0010000000000000009,BTC,79147.27,7713.56
2026-09-07T19:08:42.019399+00:00,BTC-25JUN27-140000-P,82165.2,BTC-25JUN27,put,140000.0,2027-06-25T08:00:00+00:00,0.7954431889814498,0.7225,0.73,0.72637325,0.72625,82165.2,BTC-25JUN27,0.4515,-0.86907,155.80389,3.4,2.9,0.007499999999999951,BTC,79147.23,168113.77
2026-09-07T19:08:42.019399+00:00,BTC-25DEC26-180000-P,80232.45,BTC-25DEC26,put,180000.0,2026-12-25T08:00:00+00:00,0.2971543457234073,1.234,1.2555,1.24435949,1.24475,80232.45,BTC-25DEC26,0.5872999999999999,-0.99096,10.67188,0.1,0.0,0.021500000000000075,BTC,79147.23,0.0
2026-09-07T19:08:42.019399+00:00,BTC-25SEP26-83000-C,79260.35,BTC-25SEP26,call,83000.0,2026-09-25T08:00:00+00:00,0.04800992409438613,0.0145,0.0155,0.01493946,0.015,79260.35,BTC-25SEP26,0.3729,0.29955,60.34995,1351.1,232.7,0.0009999999999999992,BTC,79147.23,300077.48
2026-09-07T19:08:42.019399+00:00,BTC-9SEP26-89000-C,79157.74,BTC-9SEP26,call,89000.0,2026-09-09T08:00:00+00:00,0.0042043115002725175,,0.0001,9.96e-06,,79157.74,BTC-9SEP26,0.5794,0.00095,0.16466,40.7,0.0,,BTC,79147.23,0.0
2026-09-07T19:08:42.019399+00:00,BTC-27NOV26-110000-P,79918.83,BTC-27NOV26,put,110000.0,2026-11-27T08:00:00+00:00,0.2204945236837085,0.379,0.3855,0.3828792,0.38225,79918.83,BTC-27NOV26,0.44170000000000004,-0.92469,53.29513,0.0,0.0,0.006500000000000006,BTC,79147.23,0.0
2026-09-07T19:08:42.019399+00:00,BTC-8SEP26-80500-P,79151.53,BTC-8SEP26,put,80500.0,2026-09-08T08:00:00+00:00,0.0014664607131404165,0.015,0.0195,0.01723206,0.01725,79151.53,BTC-8SEP26,0.2635,-0.95491,2.87754,2.3,0.9,0.0045000000000000005,BTC,79147.23,883.27
2026-09-07T19:08:42.019399+00:00,BTC-25JUN27-76000-C,82164.66,BTC-25JUN27,call,76000.0,2027-06-25T08:00:00+00:00,0.7954431889814498,0.1805,0.185,0.18314051,0.18275,82164.66,BTC-25JUN27,0.41859999999999997,0.65355,270.44341,22.6,0.3,0.004500000000000004,BTC,79147.23,4439.08
2026-09-07T19:08:42.019399+00:00,BTC-25DEC26-35000-P,80232.99,BTC-25DEC26,put,35000.0,2026-12-25T08:00:00+00:00,0.2971543457234073,0.0013,0.0017,0.00153868,0.0015,80232.99,BTC-25DEC26,0.7162999999999999,-0.01021,11.87195,2387.8,0.0,0.00039999999999999996,BTC,79147.23,0.0
2026-09-07T19:08:42.019399+00:00,BTC-25SEP26-150000-P,79260.35,BTC-25SEP26,put,150000.0,2026-09-25T08:00:00+00:00,0.04800992409438613,0.8865,0.896,0.89252194,0.89125,79260.35,BTC-25SEP26,0.8114,-0.99977,0.15206,4.5,0.0,0.009500000000000064,BTC,79147.23,0.0
2026-09-07T19:08:42.019399+00:00,BTC-11SEP26-83000-P,79171.49,BTC-11SEP26,put,83000.0,2026-09-11T08:00:00+00:00,0.00968001307453672,0.048,0.0525,0.05013242,0.05025,79171.49,BTC-11SEP26,0.374,-0.89815,13.85526,13.9,0.0,0.004499999999999997,BTC,79147.23,0.0
2026-09-07T19:08:42.019399+00:00,BTC-9SEP26-81500-P,79157.74,BTC-9SEP26,put,81500.0,2026-09-09T08:00:00+00:00,0.0042043115002725175,0.0285,0.0325,0.03035159,0.0305,79157.74,BTC-9SEP26,0.3201,-0.91984,7.64212,0.0,0.0,0.004,BTC,79147.23,0.0
2026-09-07T19:08:42.019399+00:00,BTC-30OCT26-61000-C,79603.16,BTC-30OCT26,call,61000.0,2026-10-30T08:00:00+00:00,0.14383470164400966,0.236,0.2405,0.23824313,0.23825,79603.16,BTC-30OCT26,0.46799999999999997,0.94371,34.20853,7.7,0.0,0.004500000000000004,BTC,79147.23,0.0
2026-09-07T19:08:42.019399+00:00,BTC-26MAR27-50000-P,81182.49,BTC-26MAR27,put,50000.0,2027-03-26T08:00:00+00:00,0.5462987673524287,0.011,0.012,0.01150084,0.0115,81182.49,BTC-26MAR27,0.4867,-0.06349,74.71561,2458.8,1.1,0.0010000000000000009,BTC,79147.23,969.7
2026-09-07T19:08:42.019399+00:00,BTC-30OCT26-92000-P,79603.16,BTC-30OCT26,put,92000.0,2026-10-30T08:00:00+00:00,0.14383470164400966,0.167,0.1715,0.16985468,0.16925,79603.16,BTC-30OCT26,0.3932,-0.81524,80.53014,0.1,0.0,0.004500000000000004,BTC,79147.23,0.0
2026-09-07T19:08:42.019399+00:00,BTC-18SEP26-77000-P,79223.97,BTC-18SEP26,put,77000.0,2026-09-18T08:00:00+00:00,0.02884496858446143,0.013,0.014,0.01353623,0.0135,79223.97,BTC-18SEP26,0.3759,-0.31773,47.97816,469.2,8.2,0.0010000000000000009,BTC,79147.23,8176.19
2026-09-07T19:08:42.019399+00:00,BTC-26MAR27-190000-C,81182.49,BTC-26MAR27,call,190000.0,2027-03-26T08:00:00+00:00,0.5462987673524287,0.0032,0.0038,0.00347601,0.0035,81182.49,BTC-26MAR27,0.5377000000000001,0.02615,36.41955,629.2,4.2,0.0005999999999999998,BTC,79147.23,1198.71
2026-09-07T19:08:42.019399+00:00,BTC-9SEP26-79000-C,79157.74,BTC-9SEP26,call,79000.0,2026-09-09T08:00:00+00:00,0.0042043115002725175,0.0085,0.0095,0.00896812,0.009,79157.74,BTC-9SEP26,0.3068,0.53914,20.37844,1.5,1.5,0.0009999999999999992,BTC,79147.23,1015.12
2026-09-07T19:08:42.019399+00:00,BTC-25DEC26-110000-C,80232.99,BTC-25DEC26,call,110000.0,2026-12-25T08:00:00+00:00,0.2971543457234073,0.0105,0.0115,0.01097797,0.011,80232.99,BTC-25DEC26,0.42700000000000005,0.10757,80.94027,2753.1,0.1,0.0009999999999999992,BTC,79147.23,95.74
2026-09-07T19:08:42.019399+00:00,BTC-8SEP26-77500-C,79151.53,BTC-8SEP26,call,77500.0,2026-09-08T08:00:00+00:00,0.0014664607131404165,0.019,0.0235,0.02105109,0.02125,79151.53,BTC-8SEP26,0.3115,0.9602,2.60096,0.0,0.0,0.0045000000000000005,BTC,79147.23,0.0
2026-09-07T19:08:42.019399+00:00,BTC-25JUN27-190000-P,82165.2,BTC-25JUN27,put,190000.0,2027-06-25T08:00:00+00:00,0.7954431889814498,1.3035,1.338,1.32065,1.32075,82165.2,BTC-25JUN27,0.505,-0.94904,76.73446,0.5,0.0,0.034499999999999975,BTC,79147.23,0.0
2026-09-07T19:08:42.019399+00:00,BTC-25SEP26-88000-P,79259.81,BTC-25SEP26,put,88000.0,2026-09-25T08:00:00+00:00,0.04800992409438613,0.1125,0.1175,0.11543548,0.115,79259.81,BTC-25SEP26,0.39799999999999996,-0.87654,35.44572,5.8,0.0,0.0049999999999999906,BTC,79147.23,0.0
2026-09-07T19:08:42.019399+00:00,BTC-8SEP26-77000-P,79151.53,BTC-8SEP26,put,77000.0,2026-09-08T08:00:00+00:00,0.0014664607131404165,,0.0001,0.00014156,,79151.53,BTC-8SEP26,0.3718,-0.0271,1.8951,71.1,58.7,,BTC,79147.23,1486.2
2026-09-07T19:08:42.019399+00:00,BTC-25JUN27-102000-P,82164.66,BTC-25JUN27,put,102000.0,2027-06-25T08:00:00+00:00,0.7954431889814498,0.31,0.317,0.31264447,0.3135,82164.66,BTC-25JUN27,0.4165,-0.65426,270.2386,0.0,0.0,0.007000000000000006,BTC,79147.23,0.0
2026-09-07T19:08:42.019399+00:00,BTC-26MAR27-76000-P,81182.49,BTC-26MAR27,put,76000.0,2027-03-26T08:00:00+00:00,0.5462987673524287,0.085,0.0865,0.08591097,0.08575,81182.49,BTC-26MAR27,0.4044,-0.35595,223.6218,230.2,2.5,0.0014999999999999875,BTC,79147.23,16798.49
2026-09-07T19:08:42.019399+00:00,BTC-30OCT26-98000-P,79603.16,BTC-30OCT26,put,98000.0,2026-10-30T08:00:00+00:00,0.14383470164400966,0.235,0.2405,0.23859911,0.23775,79603.16,BTC-30OCT26,0.41340000000000005,-0.89412,55.23287,0.0,0.0,0.005500000000000005,BTC,79147.23,0.0
2026-09-07T19:08:42.019399+00:00,BTC-25SEP26-76000-C,79259.81,BTC-25SEP26,call,76000.0,2026-09-25T08:00:00+00:00,0.04800992409438613,0.055,0.0585,0.05623696,0.05675,79259.81,BTC-25SEP26,0.3679,0.71182,59.27917,2855.5,0.2,0.003500000000000003,BTC,79147.23,885.58
2026-09-07T19:08:42.019399+00:00,BTC-30OCT26-64000-C,79602.62,BTC-30OCT26,call,64000.0,2026-10-30T08:00:00+00:00,0.14383470164400966,0.201,0.205,0.20274701,0.203,79602.62,BTC-30OCT26,0.4407,0.91728,46.0347,416.8,0.0,0.003999999999999976,BTC,79147.23,0.0
2026-09-07T19:08:42.019399+00:00,BTC-25SEP26-110000-C,79260.35,BTC-25SEP26,call,110000.0,2026-09-25T08:00:00+00:00,0.04800992409438613,0.0002,0.0003,0.00018685,0.00025,79260.35,BTC-25SEP26,0.5660000000000001,0.00492,2.47666,1523.7,4.8,9.999999999999996e-05,BTC,79147.23,114.69
2026-09-07T19:08:42.019399+00:00,BTC-25DEC26-82000-C,80232.45,BTC-25DEC26,call,82000.0,2026-12-25T08:00:00+00:00,0.2971543457234073,0.0745,0.076,0.07502663,0.07525,80232.45,BTC-25DEC26,0.3899,0.50109,174.50145,1255.1,2.0,0.0015000000000000013,BTC,79147.23,12239.03
2026-09-07T19:08:42.019399+00:00,BTC-27NOV26-115000-P,79918.83,BTC-27NOV26,put,115000.0,2026-11-27T08:00:00+00:00,0.2204945236837085,0.438,0.4495,0.44359807,0.44375,79918.83,BTC-27NOV26,0.455,-0.94486,41.83625,0.0,0.0,0.01150000000000001,BTC,79147.23,0.0
2026-09-07T19:08:42.019399+00:00,BTC-18SEP26-72000-C,79223.97,BTC-18SEP26,call,72000.0,2026-09-18T08:00:00+00:00,0.02884496858446143,0.092,0.096,0.0939562,0.094,79223.97,BTC-18SEP26,0.4174,0.91621,20.71562,0.1,0.0,0.0040000000000000036,BTC,79147.23,0.0
2026-09-07T19:08:42.019399+00:00,BTC-25JUN27-108000-P,82165.2,BTC-25JUN27,put,108000.0,2027-06-25T08:00:00+00:00,0.7954431889814498,0.3695,0.377,0.37230587,0.37325,82165.2,BTC-25JUN27,0.4203,-0.70619,252.39668,0.0,0.0,0.007500000000000007,BTC,79147.23,0.0
2026-09-07T19:08:42.019399+00:00,BTC-27NOV26-64000-C,79919.44,BTC-27NOV26,call,64000.0,2026-11-27T08:00:00+00:00,0.2204945236837085,0.21,0.214,0.21169374,0.212,79919.44,BTC-27NOV26,0.4315,0.88416,73.2252,0.0,0.0,0.0040000000000000036,BTC,79147.23,0.0
2026-09-07T19:08:42.019399+00:00,BTC-25SEP26-55000-P,79260.35,BTC-25SEP26,put,55000.0,2026-09-25T08:00:00+00:00,0.04800992409438613,0.0002,0.0004,0.00022523,0.0003,79260.35,BTC-25SEP26,0.6609999999999999,-0.00477,2.40655,3073.7,0.1,0.0002,BTC,79147.23,1.59
2026-09-07T19:08:42.019399+00:00,BTC-25DEC26-130000-P,80232.99,BTC-25DEC26,put,130000.0,2026-12-25T08:00:00+00:00,0.2971543457234073,0.617,0.6325,0.62425274,0.62475,80232.99,BTC-25DEC26,0.4747,-0.95871,38.67713,54.0,0.0,0.015499999999999958,BTC,79147.23,0.0
2026-09-07T19:08:42.019399+00:00,BTC-25DEC26-106000-C,80232.45,BTC-25DEC26,call,106000.0,2026-12-25T08:00:00+00:00,0.2971543457234073,0.0135,0.0145,0.0139716,0.014,80232.45,BTC-25DEC26,0.4178,0.13364,94.31331,778.7,9.2,0.0010000000000000009,BTC,79147.23,11813.34
2026-09-07T19:08:42.019399+00:00,BTC-9SEP26-78500-C,79157.74,BTC-9SEP26,call,78500.0,2026-09-09T08:00:00+00:00,0.0042043115002725175,0.012,0.0135,0.01269921,0.01275,79157.74,BTC-9SEP26,0.3048,0.66271,18.74926,0.4,0.4,0.0014999999999999996,BTC,79147.23,315.06
2026-09-07T19:08:42.019399+00:00,BTC-25DEC26-30000-C,80232.99,BTC-25DEC26,call,30000.0,2026-12-25T08:00:00+00:00,0.2971543457234073,0.626,0.628,0.62695276,0.627,80232.99,BTC-25DEC26,0.7759999999999999,0.99439,7.0067,300.6,0.0,0.0020000000000000018,BTC,79147.23,0.0
2026-09-07T19:08:42.019399+00:00,BTC-27NOV26-75000-P,79918.83,BTC-27NOV26,put,75000.0,2026-11-27T08:00:00+00:00,0.2204945236837085,0.044,0.045,0.04442464,0.0445,79918.83,BTC-27NOV26,0.39159999999999995,-0.33143,136.1515,282.1,0.0,0.0010000000000000009,BTC,79147.23,0.0
2026-09-07T19:08:42.019399+00:00,BTC-25DEC26-180000-C,80232.99,BTC-25DEC26,call,180000.0,2026-12-25T08:00:00+00:00,0.2971543457234073,0.0008,0.0011,0.00088547,0.00095,80232.99,BTC-25DEC26,0.5872999999999999,0.00904,10.67184,934.5,0.1,0.00030000000000000003,BTC,79147.23,9.61
2026-09-07T19:08:42.019399+00:00,BTC-25SEP26-74000-P,79259.81,BTC-25SEP26,put,74000.0,2026-09-25T08:00:00+00:00,0.04800992409438613,0.0085,0.0095,0.00912417,0.009,79259.81,BTC-25SEP26,0.37770000000000004,-0.19256,47.52074,526.0,11.2,0.0009999999999999992,BTC,79147.23,7773.17
2026-09-07T19:08:42.019399+00:00,BTC-25DEC26-106000-P,80232.45,BTC-25DEC26,put,106000.0,2026-12-25T08:00:00+00:00,0.2971543457234073,0.3315,0.338,0.33512852,0.33475,80232.45,BTC-25DEC26,0.4178,-0.86636,94.31331,0.2,0.0,0.006500000000000006,BTC,79147.23,0.0
2026-09-07T19:08:42.019399+00:00,BTC-30OCT26-94000-C,79603.16,BTC-30OCT26,call,94000.0,2026-10-30T08:00:00+00:00,0.14383470164400966,0.011,0.012,0.01147383,0.0115,79603.16,BTC-30OCT26,0.40090000000000003,0.15422,71.70612,448.2,0.0,0.0010000000000000009,BTC,79147.23,0.0
2026-09-07T19:08:42.019399+00:00,BTC-26MAR27-88000-P,81181.95,BTC-26MAR27,put,88000.0,2027-03-26T08:00:00+00:00,0.5462987673524287,0.167,0.1715,0.16928979,0.16925,81181.95,BTC-26MAR27,0.4011,-0.54954,237.55557,4.7,0.0,0.004500000000000004,BTC,79146.36,0.0
2026-09-07T19:08:42.019399+00:00,BTC-30OCT26-57000-P,79603.16,BTC-30OCT26,put,57000.0,2026-10-30T08:00:00+00:00,0.14383470164400966,0.0026,0.0032,0.0029005,0.0029,79603.16,BTC-30OCT26,0.5135000000000001,-0.03509,23.38085,208.6,1.0,0.0006000000000000003,BTC,79147.23,222.35
2026-09-07T19:08:42.019399+00:00,BTC-10SEP26-80000-P,79164.88,BTC-10SEP26,put,80000.0,2026-09-10T08:00:00+00:00,0.006942162287404618,0.0165,0.018,0.0170485,0.01725,79164.88,BTC-10SEP26,0.3283,-0.64776,24.48912,1.3,1.3,0.0014999999999999979,BTC,79147.23,1242.66
2026-09-07T19:08:42.019399+00:00,BTC-25DEC26-62000-P,80232.99,BTC-25DEC26,put,62000.0,2026-12-25T08:00:00+00:00,0.2971543457234073,0.015,0.0155,0.01530381,0.01525,80232.99,BTC-25DEC26,0.4415,-0.11698,85.93742,1540.0,0.0,0.0005000000000000004,BTC,79146.36,0.0
2026-09-07T19:08:42.019399+00:00,BTC-25SEP26-45000-C,79260.35,BTC-25SEP26,call,45000.0,2026-09-25T08:00:00+00:00,0.04800992409438613,0.431,0.434,0.43232197,0.4325,79260.35,BTC-25SEP26,0.8865999999999999,0.99869,0.749,224.9,0.0,0.0030000000000000027,BTC,79146.36,0.0
2026-09-07T19:08:42.019399+00:00,BTC-25JUN27-96000-C,82165.2,BTC-25JUN27,call,96000.0,2027-06-25T08:00:00+00:00,0.7954431889814498,0.087,0.09,0.08850185,0.0885,82165.2,BTC-25JUN27,0.4144,0.40642,284.29159,32.2,0.0,0.0030000000000000027,BTC,79146.36,0.0
2026-09-07T19:08:42.019399+00:00,BTC-26MAR27-200000-C,81182.49,BTC-26MAR27,call,200000.0,2027-03-26T08:00:00+00:00,0.5462987673524287,0.0026,0.0032,0.00293181,0.0029,81182.49,BTC-26MAR27,0.5503,0.02205,31.55281,485.6,0.1,0.0006000000000000003,BTC,79146.36,24.67
2026-09-07T19:08:42.019399+00:00,BTC-8SEP26-82000-P,79151.53,BTC-8SEP26,put,82000.0,2026-09-08T08:00:00+00:00,0.0014664607131404165,0.0335,0.0385,0.03603238,0.036,79151.53,BTC-8SEP26,0.3924,-0.99093,0.74089,0.0,0.0,0.0049999999999999975,BTC,79146.36,0.0
2026-09-07T19:08:42.019399+00:00,BTC-10SEP26-85000-P,79164.88,BTC-10SEP26,put,85000.0,2026-09-10T08:00:00+00:00,0.006942162287404618,0.072,0.0765,0.07395912,0.07425,79164.88,BTC-10SEP26,0.4104,-0.98076,3.09041,0.0,0.0,0.004500000000000004,BTC,79146.36,0.0
2026-09-07T19:08:42.019399+00:00,BTC-30OCT26-60000-P,79603.16,BTC-30OCT26,put,60000.0,2026-10-30T08:00:00+00:00,0.14383470164400966,0.0038,0.0043,0.00404965,0.00405,79603.16,BTC-30OCT26,0.4788,-0.04991,31.09447,1541.7,4.1,0.0005,BTC,79146.36,1262.17
2026-09-07T19:08:42.019399+00:00,BTC-9SEP26-74000-C,79157.74,BTC-9SEP26,call,74000.0,2026-09-09T08:00:00+00:00,0.0042043115002725175,0.063,0.0675,0.06534215,0.06525,79157.74,BTC-9SEP26,0.4875,0.98379,2.0766,0.0,0.0,0.004500000000000004,BTC,79146.88,0.0
2026-09-07T19:08:42.019399+00:00,BTC-30OCT26-52000-P,79603.16,BTC-30OCT26,put,52000.0,2026-10-30T08:00:00+00:00,0.14383470164400966,0.0015,0.0019,0.00169399,0.0017,79603.16,BTC-30OCT26,0.575,-0.01971,14.43683,122.5,1.0,0.00039999999999999996,BTC,79146.36,123.4
2026-09-07T19:08:42.019399+00:00,BTC-25DEC26-140000-P,80232.99,BTC-25DEC26,put,140000.0,2026-12-25T08:00:00+00:00,0.2971543457234073,0.7395,0.7545,0.74761757,0.747,80232.99,BTC-25DEC26,0.49950000000000006,-0.97185,28.23015,0.4,0.0,0.014999999999999902,BTC,79146.88,0.0
2026-09-07T19:08:42.019399+00:00,BTC-9SEP26-73000-C,79157.74,BTC-9SEP26,call,73000.0,2026-09-09T08:00:00+00:00,0.0042043115002725175,0.0755,0.08,0.07791371,0.07775,79157.74,BTC-9SEP26,0.5407,0.98983,1.38795,0.0,0.0,0.004500000000000004,BTC,79146.88,0.0
2026-09-07T19:08:42.019399+00:00,BTC-26MAR27-102000-P,81182.49,BTC-26MAR27,put,102000.0,2027-03-26T08:00:00+00:00,0.5462987673524287,0.297,0.3035,0.30034486,0.30025,81182.49,BTC-26MAR27,0.4094,-0.72691,199.54531,0.1,0.0,0.006500000000000006,BTC,79146.88,0.0
2026-09-07T19:08:42.019399+00:00,BTC-25JUN27-104000-P,82165.2,BTC-25JUN27,put,104000.0,2027-06-25T08:00:00+00:00,0.7954431889814498,0.3295,0.3365,0.33232419,0.333,82165.2,BTC-25JUN27,0.4181,-0.67219,264.69963,0.0,0.0,0.007000000000000006,BTC,79146.88,0.0
2026-09-07T19:08:42.019399+00:00,BTC-25SEP26-98000-P,79260.35,BTC-25SEP26,put,98000.0,2026-09-25T08:00:00+00:00,0.04800992409438613,0.2335,0.24,0.23733338,0.23675,79260.35,BTC-25SEP26,0.4756,-0.97647,9.64879,0.1,0.0,0.006499999999999978,BTC,79146.88,0.0
2026-09-07T19:08:42.019399+00:00,BTC-25JUN27-98000-P,82165.2,BTC-25JUN27,put,98000.0,2027-06-25T08:00:00+00:00,0.7954431889814498,0.2725,0.279,0.27495516,0.27575,82165.2,BTC-25JUN27,0.41479999999999995,-0.61481,280.18179,0.1,0.0,0.006500000000000006,BTC,79146.88,0.0
2026-09-07T19:08:42.019399+00:00,BTC-25SEP26-40000-C,79260.35,BTC-25SEP26,call,40000.0,2026-09-25T08:00:00+00:00,0.04800992409438613,0.494,0.497,0.49539859,0.4955,79260.35,BTC-25SEP26,1.0495999999999999,0.99899,0.59135,34.4,0.0,0.0030000000000000027,BTC,79146.88,0.0
2026-09-07T19:08:42.019399+00:00,BTC-25JUN27-100000-P,82164.66,BTC-25JUN27,put,100000.0,2027-06-25T08:00:00+00:00,0.7954431889814498,0.291,0.298,0.29377123,0.2945,82164.66,BTC-25JUN27,0.41609999999999997,-0.63463,275.56416,1.4,0.0,0.007000000000000006,BTC,79147.0,0.0
2026-09-07T19:08:42.019399+00:00,BTC-25SEP26-155000-C,79259.81,BTC-25SEP26,call,155000.0,2026-09-25T08:00:00+00:00,0.04800992409438613,,0.0001,4.95e-06,,79259.81,BTC-25SEP26,0.8133,0.00012,0.081,378.0,0.0,,BTC,79147.0,0.0
2026-09-07T19:08:42.019399+00:00,BTC-8SEP26-89000-P,79151.53,BTC-8SEP26,put,89000.0,2026-09-08T08:00:00+00:00,0.0014664607131404165,0.1225,0.127,0.12442211,0.12475,79151.53,BTC-8SEP26,0.5407,-1.0,0.0,0.0,0.0,0.004500000000000004,BTC,79147.0,0.0
2026-09-07T19:08:42.019399+00:00,BTC-27NOV26-94000-P,79918.83,BTC-27NOV26,put,94000.0,2026-11-27T08:00:00+00:00,0.2204945236837085,0.195,0.2,0.19816787,0.1975,79918.83,BTC-27NOV26,0.4012,-0.77879,111.47442,0.0,0.0,0.0050000000000000044,BTC,79147.0,0.0
2026-09-07T19:08:42.019399+00:00,BTC-25SEP26-68000-P,79260.35,BTC-25SEP26,put,68000.0,2026-09-25T08:00:00+00:00,0.04800992409438613,0.0022,0.0024,0.00221226,0.0023,79260.35,BTC-25SEP26,0.4436,-0.05233,18.5733,1859.7,2.1,0.00019999999999999966,BTC,79147.0,334.46
2026-09-07T19:08:42.019399+00:00,BTC-18SEP26-75000-P,79223.97,BTC-18SEP26,put,75000.0,2026-09-18T08:00:00+00:00,0.02884496858446143,0.007,0.0075,0.00709629,0.00725,79223.97,BTC-18SEP26,0.38380000000000003,-0.19257,36.81648,494.9,162.2,0.0004999999999999996,BTC,79146.83,81375.16
2026-09-07T19:08:42.019399+00:00,BTC-26MAR27-95000-C,81181.95,BTC-26MAR27,call,95000.0,2027-03-26T08:00:00+00:00,0.5462987673524287,0.06,0.062,0.06096316,0.061,81181.95,BTC-26MAR27,0.4039,0.3528,222.91476,569.2,25.0,0.0020000000000000018,BTC,79146.83,122414.84
2026-09-07T19:08:42.019399+00:00,BTC-30OCT26-56000-C,79603.16,BTC-30OCT26,call,56000.0,2026-10-30T08:00:00+00:00,0.14383470164400966,0.297,0.3015,0.29906717,0.29925,79603.16,BTC-30OCT26,0.524,0.96909,21.0595,0.0,0.0,0.004500000000000004,BTC,79147.0,0.0
2026-09-07T19:08:42.019399+00:00,BTC-25DEC26-70000-C,80232.99,BTC-25DEC26,call,70000.0,2026-12-25T08:00:00+00:00,0.2971543457234073,0.16,0.1635,0.16156998,0.16175,80232.99,BTC-25DEC26,0.4071,0.76566,134.20789,1922.6,0.1,0.003500000000000003,BTC,79146.83,1303.14
2026-09-07T19:08:42.019399+00:00,BTC-25DEC26-30000-P,80232.45,BTC-25DEC26,put,30000.0,2026-12-25T08:00:00+00:00,0.2971543457234073,0.0006,0.0012,0.0008651,0.0009,80232.45,BTC-25DEC26,0.7759999999999999,-0.00561,7.00647,2122.5,0.0,0.0006,BTC,79146.83,0.0
2026-09-07T19:08:42.019399+00:00,BTC-25JUN27-95000-P,82164.66,BTC-25JUN27,put,95000.0,2027-06-25T08:00:00+00:00,0.7954431889814498,0.2455,0.2515,0.24793238,0.2485,82164.66,BTC-25JUN27,0.4139,-0.58278,286.05701,20.2,0.0,0.006000000000000005,BTC,79146.83,0.0
2026-09-07T19:08:42.019399+00:00,BTC-30OCT26-70000-P,79602.62,BTC-30OCT26,put,70000.0,2026-10-30T08:00:00+00:00,0.14383470164400966,0.015,0.016,0.01546031,0.0155,79602.62,BTC-30OCT26,0.3975,-0.17718,78.44059,879.8,8.6,0.0010000000000000009,BTC,79146.83,10216.3
2026-09-07T19:08:42.019399+00:00,BTC-25JUN27-82000-P,82164.66,BTC-25JUN27,put,82000.0,2027-06-25T08:00:00+00:00,0.7954431889814498,0.144,0.1475,0.14554894,0.14575,82164.66,BTC-25JUN27,0.41450000000000004,-0.42479,287.16351,23.5,0.1,0.003500000000000003,BTC,79146.83,1148.95
2026-09-07T19:08:42.019399+00:00,BTC-25SEP26-180000-P,79260.35,BTC-25SEP26,put,180000.0,2026-09-25T08:00:00+00:00,0.04800992409438613,1.2655,1.2755,1.27101581,1.2705,79260.35,BTC-25SEP26,0.9184,-0.99996,0.02567,10.5,0.0,0.010000000000000009,BTC,79146.83,0.0
2026-09-07T19:08:42.019399+00:00,BTC-25JUN27-200000-C,82165.2,BTC-25JUN27,call,200000.0,2027-06-25T08:00:00+00:00,0.7954431889814498,0.0065,0.008,0.00722347,0.00725,82165.2,BTC-25JUN27,0.5169,0.04467,69.05357,27.6,0.5,0.0015000000000000005,BTC,79146.83,258.16
2026-09-07T19:08:42.019399+00:00,BTC-30OCT26-68000-C,79603.16,BTC-30OCT26,call,68000.0,2026-10-30T08:00:00+00:00,0.14383470164400966,0.156,0.1595,0.15726285,0.15775,79603.16,BTC-30OCT26,0.4081,0.86291,66.24685,518.8,0.0,0.003500000000000003,BTC,79146.83,0.0
2026-09-07T19:08:42.019399+00:00,BTC-27NOV26-75000-C,79918.83,BTC-27NOV26,call,75000.0,2026-11-27T08:00:00+00:00,0.2204945236837085,0.1045,0.108,0.10597246,0.10625,79918.83,BTC-27NOV26,0.39159999999999995,0.66856,136.15252,260.6,100.0,0.003500000000000003,BTC,79146.83,861680.06
2026-09-07T19:08:42.019399+00:00,BTC-30OCT26-100000-C,79603.16,BTC-30OCT26,call,100000.0,2026-10-30T08:00:00+00:00,0.14383470164400966,0.0055,0.0065,0.00599653,0.006,79603.16,BTC-30OCT26,0.41840000000000005,0.08705,47.82616,1722.2,10.0,0.001,BTC,79146.83,5576.74
2026-09-07T19:08:42.019399+00:00,BTC-10SEP26-86000-P,79164.88,BTC-10SEP26,put,86000.0,2026-09-10T08:00:00+00:00,0.006942162287404618,0.0845,0.089,0.08649036,0.08675,79164.88,BTC-10SEP26,0.4338,-0.98867,1.95913,0.0,0.0,0.00449999999999999,BTC,79146.83,0.0
2026-09-07T19:08:42.019399+00:00,BTC-25DEC26-105000-C,80232.99,BTC-25DEC26,call,105000.0,2026-12-25T08:00:00+00:00,0.2971543457234073,0.0145,0.0155,0.01487714,0.015,80232.99,BTC-25DEC26,0.4157,0.14133,97.98494,914.3,0.3,0.0009999999999999992,BTC,79146.96,365.85
2026-09-07T19:08:42.019399+00:00,BTC-8SEP26-81000-P,79151.53,BTC-8SEP26,put,81000.0,2026-09-08T08:00:00+00:00,0.0014664607131404165,0.022,0.025,0.02343156,0.0235,79151.53,BTC-8SEP26,0.2922,-0.98129,1.38598,25.0,0.0,0.0030000000000000027,BTC,79146.96,0.0
2026-09-07T19:08:42.019399+00:00,BTC-8SEP26-78000-P,79151.53,BTC-8SEP26,put,78000.0,2026-09-08T08:00:00+00:00,0.0014664607131404165,0.0003,0.0005,0.00038681,0.0004,79151.53,BTC-8SEP26,0.27440000000000003,-0.08426,4.68214,119.8,47.1,0.00020000000000000004,BTC,79146.96,3984.96
2026-09-07T19:08:42.019399+00:00,BTC-25DEC26-52000-C,80232.99,BTC-25DEC26,call,52000.0,2026-12-25T08:00:00+00:00,0.2971543457234073,0.355,0.3605,0.35811114,0.35775,80232.99,BTC-25DEC26,0.5203,0.9525,43.30003,0.1,0.0,0.005500000000000005,BTC,79146.96,0.0
2026-09-07T19:08:42.019399+00:00,BTC-18SEP26-90000-P,79224.51,BTC-18SEP26,put,90000.0,2026-09-18T08:00:00+00:00,0.02884496858446143,0.134,0.14,0.13725336,0.137,79224.51,BTC-18SEP26,0.42729999999999996,-0.95759,12.15976,0.0,0.0,0.006000000000000005,BTC,79148.4,0.0
2026-09-07T19:08:42.019399+00:00,BTC-25SEP26-145000-P,79259.81,BTC-25SEP26,put,145000.0,2026-09-25T08:00:00+00:00,0.04800992409438613,0.824,0.833,0.82943941,0.8285,79259.81,BTC-25SEP26,0.7775,-0.99973,0.174,0.2,0.0,0.009000000000000008,BTC,79146.96,0.0
2026-09-07T19:08:42.019399+00:00,BTC-18SEP26-85000-P,79224.51,BTC-18SEP26,put,85000.0,2026-09-18T08:00:00+00:00,0.02884496858446143,0.076,0.0805,0.07807484,0.07825,79224.51,BTC-18SEP26,0.3923,-0.84756,31.71276,1.2,0.0,0.004500000000000004,BTC,79148.4,0.0
2026-09-07T19:08:42.019399+00:00,BTC-30OCT26-81000-C,79603.16,BTC-30OCT26,call,81000.0,2026-10-30T08:00:00+00:00,0.14383470164400966,0.048,0.049,0.04860517,0.0485,79603.16,BTC-30OCT26,0.37329999999999997,0.47857,120.27743,328.0,0.0,0.0010000000000000009,BTC,79146.96,0.0
2026-09-07T19:08:42.019399+00:00,BTC-30OCT26-55000-C,79603.16,BTC-30OCT26,call,55000.0,2026-10-30T08:00:00+00:00,0.14383470164400966,0.3095,0.314,0.31136992,0.31175,79603.16,BTC-30OCT26,0.5363,0.97244,19.14689,0.1,0.0,0.004500000000000004,BTC,79146.96,0.0
2026-09-07T19:08:42.019399+00:00,BTC-8SEP26-78500-P,79151.53,BTC-8SEP26,put,78500.0,2026-09-08T08:00:00+00:00,0.0014664607131404165,0.0009,0.0011,0.00099615,0.001,79151.53,BTC-8SEP26,0.24739999999999998,-0.19716,8.40656,130.1,60.4,0.0002000000000000001,BTC,79148.4,8700.84
2026-09-07T19:08:42.019399+00:00,BTC-25DEC26-94000-P,80232.99,BTC-25DEC26,put,94000.0,2026-12-25T08:00:00+00:00,0.2971543457234073,0.201,0.2065,0.20304905,0.20375,80232.99,BTC-25DEC26,0.3961,-0.73439,143.44031,5.3,0.0,0.005499999999999977,BTC,79148.4,0.0
2026-09-07T19:08:42.019399+00:00,BTC-27NOV26-60000-C,79918.83,BTC-27NOV26,call,60000.0,2026-11-27T08:00:00+00:00,0.2204945236837085,0.255,0.2595,0.25723749,0.25725,79918.83,BTC-27NOV26,0.4597,0.92427,53.51984,0.1,0.0,0.004500000000000004,BTC,79148.4,0.0
2026-09-07T19:08:42.019399+00:00,BTC-25JUN27-66000-C,82165.2,BTC-25JUN27,call,66000.0,2027-06-25T08:00:00+00:00,0.7954431889814498,0.254,0.2605,0.25729553,0.25725,82165.2,BTC-25JUN27,0.4314,0.77669,218.8647,25.6,0.2,0.006500000000000006,BTC,79148.4,4110.98
2026-09-07T19:08:42.019399+00:00,BTC-25JUN27-66000-P,82165.2,BTC-25JUN27,put,66000.0,2027-06-25T08:00:00+00:00,0.7954431889814498,0.0595,0.0615,0.06055844,0.0605,82165.2,BTC-25JUN27,0.4314,-0.22331,218.8647,46.5,0.0,0.0020000000000000018,BTC,79148.4,0.0
2026-09-07T19:08:42.019399+00:00,BTC-25DEC26-94000-C,80232.99,BTC-25DEC26,call,94000.0,2026-12-25T08:00:00+00:00,0.2971543457234073,0.031,0.032,0.03145707,0.0315,80232.99,BTC-25DEC26,0.3961,0.26561,143.44031,393.5,0.3,0.0010000000000000009,BTC,79148.4,709.55
2026-09-07T19:08:42.019399+00:00,BTC-27NOV26-68000-C,79919.44,BTC-27NOV26,call,68000.0,2026-11-27T08:00:00+00:00,0.2204945236837085,0.1675,0.1715,0.16915127,0.1695,79919.44,BTC-27NOV26,0.4111,0.82428,96.99846,0.0,0.0,0.0040000000000000036,BTC,79148.4,0.0
2026-09-07T19:08:42.019399+00:00,BTC-25SEP26-56000-C,79260.35,BTC-25SEP26,call,56000.0,2026-09-25T08:00:00+00:00,0.04800992409438613,0.292,0.2955,0.2937485,0.29375,79260.35,BTC-25SEP26,0.6491,0.99399,2.95802,13.4,0.0,0.003500000000000003,BTC,79148.4,0.0
2026-09-07T19:08:42.019399+00:00,BTC-25SEP26-62000-C,79259.81,BTC-25SEP26,call,62000.0,2026-09-25T08:00:00+00:00,0.04800992409438613,0.217,0.221,0.2185597,0.219,79259.81,BTC-25SEP26,0.5479999999999999,0.98229,7.5825,597.4,0.0,0.0040000000000000036,BTC,79149.24,0.0
2026-09-07T19:08:42.019399+00:00,BTC-30OCT26-105000-C,79603.16,BTC-30OCT26,call,105000.0,2026-10-30T08:00:00+00:00,0.14383470164400966,0.0037,0.0041,0.00388954,0.0039,79603.16,BTC-30OCT26,0.44060000000000005,0.05772,34.89016,1143.2,0.0,0.0004000000000000002,BTC,79148.4,0.0
2026-09-07T19:08:42.019399+00:00,BTC-8SEP26-77000-C,79151.53,BTC-8SEP26,call,77000.0,2026-09-08T08:00:00+00:00,0.0014664607131404165,0.025,0.0295,0.02732693,0.02725,79151.53,BTC-8SEP26,0.3718,0.97304,1.8856,0.4,0.4,0.004499999999999997,BTC,79149.24,919.31
2026-09-07T19:08:42.019399+00:00,BTC-30OCT26-55000-P,79603.16,BTC-30OCT26,put,55000.0,2026-10-30T08:00:00+00:00,0.14383470164400966,0.0021,0.0025,0.00230299,0.0023,79603.16,BTC-30OCT26,0.5363,-0.02755,19.14151,311.1,0.7,0.0004000000000000002,BTC,79149.24,120.1
2026-09-07T19:08:42.019399+00:00,BTC-25JUN27-160000-P,82165.2,BTC-25JUN27,put,160000.0,2027-06-25T08:00:00+00:00,0.7954431889814498,0.957,0.966,0.96153841,0.9615,82165.2,BTC-25JUN27,0.47369999999999995,-0.91405,114.99674,0.2,0.0,0.009000000000000008,BTC,79149.24,0.0
2026-09-07T19:08:42.019399+00:00,BTC-25SEP26-70000-C,79260.35,BTC-25SEP26,call,70000.0,2026-09-25T08:00:00+00:00,0.04800992409438613,0.1185,0.1225,0.12030997,0.1205,79260.35,BTC-25SEP26,0.4183,0.91909,26.0427,10961.4,3.0,0.0040000000000000036,BTC,79149.24,28902.97
2026-09-07T19:08:42.019399+00:00,BTC-10SEP26-84000-P,79164.34,BTC-10SEP26,put,84000.0,2026-09-10T08:00:00+00:00,0.006942162287404618,0.0595,0.064,0.06147251,0.06175,79164.34,BTC-10SEP26,0.3801,-0.96878,4.63885,0.0,0.0,0.004500000000000004,BTC,79149.24,0.0
2026-09-07T19:08:42.019399+00:00,BTC-27NOV26-85000-P,79918.83,BTC-27NOV26,put,85000.0,2026-11-27T08:00:00+00:00,0.2204945236837085,0.11,0.1115,0.11106233,0.11075,79918.83,BTC-27NOV26,0.3887,-0.59777,145.20899,11.0,0.0,0.0015000000000000013,BTC,79149.24,0.0
2026-09-07T19:08:42.019399+00:00,BTC-25SEP26-260000-P,79260.35,BTC-25SEP26,put,260000.0,2026-09-25T08:00:00+00:00,0.04800992409438613,2.269,2.2895,2.28035447,2.27925,79260.35,BTC-25SEP26,1.2309,-0.99999,0.00764,0.0,0.0,0.02049999999999974,BTC,79149.24,0.0
2026-09-07T19:08:42.019399+00:00,BTC-10SEP26-88000-C,79164.88,BTC-10SEP26,call,88000.0,2026-09-10T08:00:00+00:00,0.006942162287404618,,0.0001,8.775e-05,,79164.88,BTC-10SEP26,0.5067,0.00639,1.18538,3.1,2.4,,BTC,79149.24,41.31
2026-09-07T19:08:42.019399+00:00,BTC-11SEP26-78500-P,79172.03,BTC-11SEP26,put,78500.0,2026-09-11T08:00:00+00:00,0.00968001307453672,0.0095,0.0105,0.00983451,0.01,79172.03,BTC-11SEP26,0.3494,-0.39796,30.05355,0.5,0.5,0.0010000000000000009,BTC,79150.42,337.8
2026-09-07T19:08:42.019399+00:00,BTC-26MAR27-85000-C,81182.49,BTC-26MAR27,call,85000.0,2027-03-26T08:00:00+00:00,0.5462987673524287,0.0975,0.0995,0.09846398,0.0985,81182.49,BTC-26MAR27,0.4007,0.49697,239.40584,345.7,0.0,0.0020000000000000018,BTC,79150.42,0.0
2026-09-07T19:08:42.019399+00:00,BTC-25JUN27-102000-C,82164.66,BTC-25JUN27,call,102000.0,2027-06-25T08:00:00+00:00,0.7954431889814498,0.07,0.0725,0.07123817,0.07125,82164.66,BTC-25JUN27,0.4165,0.34576,270.24905,28.5,0.0,0.0024999999999999883,BTC,79150.42,0.0
2026-09-07T19:08:42.019399+00:00,BTC-25DEC26-110000-P,80232.45,BTC-25DEC26,put,110000.0,2026-12-25T08:00:00+00:00,0.2971543457234073,0.3785,0.385,0.38198987,0.38175,80232.45,BTC-25DEC26,0.42700000000000005,-0.8924,80.95762,55.6,0.0,0.006500000000000006,BTC,79150.42,0.0
2026-09-07T19:08:42.019399+00:00,BTC-26MAR27-52000-P,81182.49,BTC-26MAR27,put,52000.0,2027-03-26T08:00:00+00:00,0.5462987673524287,0.0135,0.0145,0.01378653,0.014,81182.49,BTC-26MAR27,0.47740000000000005,-0.07521,85.1345,123.8,0.0,0.0010000000000000009,BTC,79150.79,0.0
2026-09-07T19:08:42.019399+00:00,BTC-27NOV26-87000-P,79919.44,BTC-27NOV26,put,87000.0,2026-11-27T08:00:00+00:00,0.2204945236837085,0.1265,0.13,0.12859347,0.12825,79919.44,BTC-27NOV26,0.39039999999999997,-0.6452,139.70124,3.7,0.0,0.003500000000000003,BTC,79150.42,0.0
2026-09-07T19:08:42.019399+00:00,BTC-30OCT26-89000-C,79603.16,BTC-30OCT26,call,89000.0,2026-10-30T08:00:00+00:00,0.14383470164400966,0.0195,0.0205,0.01996476,0.02,79603.16,BTC-30OCT26,0.38689999999999997,0.24569,95.06413,119.0,66.2,0.0010000000000000009,BTC,79150.42,110515.16
2026-09-07T19:08:42.019399+00:00,BTC-30OCT26-61000-P,79603.16,BTC-30OCT26,put,61000.0,2026-10-30T08:00:00+00:00,0.14383470164400966,0.0043,0.0048,0.00455072,0.00455,79603.16,BTC-30OCT26,0.46799999999999997,-0.05626,34.19486,261.8,1.5,0.0004999999999999996,BTC,79150.42,494.34
2026-09-07T19:08:42.019399+00:00,BTC-10SEP26-76000-C,79164.88,BTC-10SEP26,call,76000.0,2026-09-10T08:00:00+00:00,0.006942162287404618,0.039,0.043,0.04113151,0.041,79164.88,BTC-10SEP26,0.35869999999999996,0.91513,10.25128,0.0,0.0,0.003999999999999997,BTC,79150.42,0.0
2026-09-07T19:08:42.019399+00:00,BTC-25JUN27-60000-P,82165.2,BTC-25JUN27,put,60000.0,2027-06-25T08:00:00+00:00,0.7954431889814498,0.04,0.0415,0.04076009,0.04075,82165.2,BTC-25JUN27,0.44439999999999996,-0.16092,178.9915,196.6,0.4,0.0015000000000000013,BTC,79150.79,1309.4
2026-09-07T19:08:42.019399+00:00,BTC-25DEC26-125000-P,80232.99,BTC-25DEC26,put,125000.0,2026-12-25T08:00:00+00:00,0.2971543457234073,0.5555,0.5705,0.56305031,0.563,80232.99,BTC-25DEC26,0.4646,-0.94782,46.67203,9.1,0.0,0.015000000000000013,BTC,79150.79,0.0
2026-09-07T19:08:42.019399+00:00,BTC-11SEP26-71000-C,79172.03,BTC-11SEP26,call,71000.0,2026-09-11T08:00:00+00:00,0.00968001307453672,0.1015,0.1055,0.10346671,0.1035,79172.03,BTC-11SEP26,0.5097,0.98584,2.80767,26.0,0.0,0.00399999999999999,BTC,79150.79,0.0
2026-09-07T19:08:42.019399+00:00,BTC-27NOV26-58000-C,79919.44,BTC-27NOV26,call,58000.0,2026-11-27T08:00:00+00:00,0.2204945236837085,0.2785,0.284,0.28075935,0.28125,79919.44,BTC-27NOV26,0.4768,0.93854,45.5604,0.0,0.0,0.005499999999999949,BTC,79150.79,0.0
2026-09-07T19:08:42.019399+00:00,BTC-11SEP26-80000-C,79171.49,BTC-11SEP26,call,80000.0,2026-09-11T08:00:00+00:00,0.00968001307453672,0.009,0.0095,0.00934165,0.00925,79171.49,BTC-11SEP26,0.35350000000000004,0.38678,29.81563,677.3,10.9,0.0005000000000000004,BTC,79150.79,10282.77
2026-09-07T19:08:42.019399+00:00,BTC-11SEP26-79500-C,79171.49,BTC-11SEP26,call,79500.0,2026-09-11T08:00:00+00:00,0.00968001307453672,0.0115,0.012,0.01189552,0.01175,79171.49,BTC-11SEP26,0.3525,0.45698,30.89479,7.1,8.1,0.0005000000000000004,BTC,79150.79,9217.7
2026-09-07T19:08:42.019399+00:00,BTC-10SEP26-76000-P,79164.88,BTC-10SEP26,put,76000.0,2026-09-10T08:00:00+00:00,0.006942162287404618,0.001,0.0013,0.00116046,0.00115,79164.88,BTC-10SEP26,0.35869999999999996,-0.08484,10.24863,38.4,23.5,0.0002999999999999999,BTC,79150.79,2332.64
2026-09-07T19:08:42.019399+00:00,BTC-18SEP26-86000-C,79224.51,BTC-18SEP26,call,86000.0,2026-09-18T08:00:00+00:00,0.02884496858446143,0.0037,0.0039,0.00376515,0.0038,79224.51,BTC-18SEP26,0.3958,0.11703,26.44538,353.8,23.1,0.00019999999999999966,BTC,79150.79,7331.13
2026-09-07T19:08:42.019399+00:00,BTC-26MAR27-110000-P,81182.49,BTC-26MAR27,put,110000.0,2027-03-26T08:00:00+00:00,0.5462987673524287,0.3815,0.3895,0.38546412,0.3855,81182.49,BTC-26MAR27,0.4168,-0.79736,169.33692,4.1,0.0,0.008000000000000007,BTC,79150.79,0.0
2026-09-07T19:08:42.019399+00:00,BTC-26MAR27-52000-C,81182.49,BTC-26MAR27,call,52000.0,2027-03-26T08:00:00+00:00,0.5462987673524287,0.3705,0.376,0.37324776,0.37325,81182.49,BTC-26MAR27,0.47740000000000005,0.92479,85.1345,5.3,0.0,0.005500000000000005,BTC,79150.79,0.0
2026-09-07T19:08:42.019399+00:00,BTC-25SEP26-90000-P,79260.35,BTC-25SEP26,put,90000.0,2026-09-25T08:00:00+00:00,0.04800992409438613,0.136,0.141,0.13889374,0.1385,79260.35,BTC-25SEP26,0.4096,-0.91498,27.03258,579.9,0.0,0.004999999999999977,BTC,79150.79,0.0
2026-09-07T19:08:42.019399+00:00,BTC-25JUN27-50000-P,82164.66,BTC-25JUN27,put,50000.0,2027-06-25T08:00:00+00:00,0.7954431889814498,0.019,0.0205,0.01975031,0.01975,82164.66,BTC-25JUN27,0.478,-0.08417,113.21428,402.3,0.2,0.0015000000000000013,BTC,79150.79,300.69
2026-09-07T19:08:42.019399+00:00,BTC-25SEP26-320000-P,79260.35,BTC-25SEP26,put,320000.0,2026-09-25T08:00:00+00:00,0.04800992409438613,3.023,3.0485,3.03735903,3.03575,79260.35,BTC-25SEP26,1.4015,-0.99999,0.00452,25.1,0.0,0.025500000000000078,BTC,79150.79,0.0
2026-09-07T19:08:42.019399+00:00,BTC-30OCT26-105000-P,79603.16,BTC-30OCT26,put,105000.0,2026-10-30T08:00:00+00:00,0.14383470164400966,0.3185,0.3275,0.32294359,0.323,79603.16,BTC-30OCT26,0.44060000000000005,-0.94226,34.90275,0.6,0.6,0.009000000000000008,BTC,79150.79,14833.27
2026-09-07T19:08:42.019399+00:00,BTC-26MAR27-68000-C,81182.49,BTC-26MAR27,call,68000.0,2027-03-26T08:00:00+00:00,0.5462987673524287,0.2095,0.215,0.21191548,0.21225,81182.49,BTC-26MAR27,0.4182,0.7664,183.80813,196.5,0.0,0.005500000000000005,BTC,79149.94,0.0
2026-09-07T19:08:42.019399+00:00,BTC-25DEC26-52000-P,80232.99,BTC-25DEC26,put,52000.0,2026-12-25T08:00:00+00:00,0.2971543457234073,0.006,0.0065,0.00622585,0.00625,80232.99,BTC-25DEC26,0.5203,-0.04748,43.29006,542.5,0.0,0.0004999999999999996,BTC,79149.94,0.0
2026-09-07T19:08:42.019399+00:00,BTC-25SEP26-94000-C,79260.35,BTC-25SEP26,call,94000.0,2026-09-25T08:00:00+00:00,0.04800992409438613,0.0015,0.0018,0.00163973,0.00165,79260.35,BTC-25SEP26,0.441,0.04292,15.84711,877.4,0.1,0.0002999999999999999,BTC,79150.79,13.41
2026-09-07T19:08:42.019399+00:00,BTC-30OCT26-83000-P,79603.16,BTC-30OCT26,put,83000.0,2026-10-30T08:00:00+00:00,0.14383470164400966,0.081,0.082,0.0817876,0.0815,79603.16,BTC-30OCT26,0.3753,-0.58848,117.48241,106.3,2.4,0.0010000000000000009,BTC,79150.79,14156.15
2026-09-07T19:08:42.019399+00:00,BTC-10SEP26-78500-C,79164.88,BTC-10SEP26,call,78500.0,2026-09-10T08:00:00+00:00,0.006942162287404618,0.0145,0.0165,0.01546872,0.0155,79164.88,BTC-10SEP26,0.3249,0.62446,25.02171,0.1,0.1,0.002,BTC,79150.79,106.43
2026-09-07T19:08:42.019399+00:00,BTC-25DEC26-96000-C,80232.99,BTC-25DEC26,call,96000.0,2026-12-25T08:00:00+00:00,0.2971543457234073,0.0265,0.0275,0.02715314,0.027,80232.99,BTC-25DEC26,0.3982,0.23615,134.78389,1499.8,5.1,0.0010000000000000009,BTC,79149.94,11764.53
2026-09-07T19:08:42.019399+00:00,BTC-18SEP26-74000-P,79223.97,BTC-18SEP26,put,74000.0,2026-09-18T08:00:00+00:00,0.02884496858446143,0.005,0.0055,0.00522814,0.00525,79223.97,BTC-18SEP26,0.3948,-0.14744,31.0165,1284.5,1108.8,0.0004999999999999996,BTC,79149.94,423559.19
2026-09-07T19:08:42.019399+00:00,BTC-27NOV26-69000-P,79918.83,BTC-27NOV26,put,69000.0,2026-11-27T08:00:00+00:00,0.2204945236837085,0.022,0.023,0.02251883,0.0225,79918.83,BTC-27NOV26,0.4071,-0.1941,103.18937,24.7,0.1,0.0010000000000000009,BTC,79149.94,166.92
2026-09-07T19:08:42.019399+00:00,BTC-11SEP26-70000-C,79171.49,BTC-11SEP26,call,70000.0,2026-09-11T08:00:00+00:00,0.00968001307453672,0.114,0.118,0.11602761,0.116,79171.49,BTC-11SEP26,0.5428999999999999,0.99003,2.06991,286.9,0.0,0.00399999999999999,BTC,79149.94,0.0
2026-09-07T19:08:42.019399+00:00,BTC-25JUN27-170000-C,82165.2,BTC-25JUN27,call,170000.0,2027-06-25T08:00:00+00:00,0.7954431889814498,0.011,0.0125,0.01173238,0.01175,82165.2,BTC-25JUN27,0.485,0.07154,100.06129,91.9,0.0,0.0015000000000000013,BTC,79149.94,0.0
2026-09-07T19:08:42.019399+00:00,BTC-25DEC26-68000-C,80232.99,BTC-25DEC26,call,68000.0,2026-12-25T08:00:00+00:00,0.2971543457234073,0.1785,0.1825,0.18047974,0.1805,80232.99,BTC-25DEC26,0.4142,0.8008,122.16855,1031.5,0.0,0.0040000000000000036,BTC,79149.26,0.0
2026-09-07T19:08:42.019399+00:00,BTC-27NOV26-102000-C,79918.83,BTC-27NOV26,call,102000.0,2026-11-27T08:00:00+00:00,0.2204945236837085,0.011,0.012,0.01148339,0.0115,79918.83,BTC-27NOV26,0.4193,0.12689,78.07282,95.4,1.0,0.0010000000000000009,BTC,79149.94,980.39
2026-09-07T19:08:42.019399+00:00,BTC-25JUN27-40000-C,82165.2,BTC-25JUN27,call,40000.0,2027-06-25T08:00:00+00:00,0.7954431889814498,0.5205,0.524,0.52241134,0.52225,82165.2,BTC-25JUN27,0.5331,0.96002,63.13145,17.1,0.0,0.0035000000000000586,BTC,79149.26,0.0
2026-09-07T19:08:42.019399+00:00,BTC-27NOV26-100000-P,79919.44,BTC-27NOV26,put,100000.0,2026-11-27T08:00:00+00:00,0.2204945236837085,0.2615,0.267,0.26475135,0.26425,79919.44,BTC-27NOV26,0.41479999999999995,-0.85407,85.9121,0.0,0.0,0.005500000000000005,BTC,79149.26,0.0
2026-09-07T19:08:42.019399+00:00,BTC-25SEP26-94000-P,79259.81,BTC-25SEP26,put,94000.0,2026-09-25T08:00:00+00:00,0.04800992409438613,0.184,0.19,0.18761384,0.187,79259.81,BTC-25SEP26,0.441,-0.95709,15.84506,1.9,0.0,0.006000000000000005,BTC,79149.26,0.0
2026-09-07T19:08:42.019399+00:00,BTC-26MAR27-100000-C,81182.49,BTC-26MAR27,call,100000.0,2027-03-26T08:00:00+00:00,0.5462987673524287,0.047,0.049,0.04797489,0.048,81182.49,BTC-26MAR27,0.4069,0.29351,206.57501,670.1,0.0,0.0020000000000000018,BTC,79149.26,0.0
2026-09-07T19:08:42.019399+00:00,BTC-26MAR27-68000-P,81182.49,BTC-26MAR27,put,68000.0,2027-03-26T08:00:00+00:00,0.5462987673524287,0.0485,0.0505,0.0495431,0.0495,81182.49,BTC-26MAR27,0.4182,-0.23361,183.81011,290.8,0.0,0.0020000000000000018,BTC,79149.26,0.0
2026-09-07T19:08:42.019399+00:00,BTC-9SEP26-84000-P,79157.74,BTC-9SEP26,put,84000.0,2026-09-09T08:00:00+00:00,0.0042043115002725175,0.059,0.0635,0.06125591,0.06125,79157.74,BTC-9SEP26,0.3923,-0.99008,1.35849,0.0,0.0,0.004500000000000004,BTC,79149.26,0.0
2026-09-07T19:08:42.019399+00:00,BTC-27NOV26-87000-C,79918.83,BTC-27NOV26,call,87000.0,2026-11-27T08:00:00+00:00,0.2204945236837085,0.0395,0.0405,0.03998895,0.04,79918.83,BTC-27NOV26,0.39039999999999997,0.35479,139.69926,59.8,50.0,0.0010000000000000009,BTC,79149.26,168919.73
2026-09-07T19:08:42.019399+00:00,BTC-8SEP26-82000-C,79151.53,BTC-8SEP26,call,82000.0,2026-09-08T08:00:00+00:00,0.0014664607131404165,,0.0001,4.797e-05,,79151.53,BTC-8SEP26,0.3924,0.00913,0.74525,321.2,61.9,,BTC,79149.26,1692.06
2026-09-07T19:08:42.019399+00:00,BTC-8SEP26-74000-P,79151.53,BTC-8SEP26,put,74000.0,2026-09-08T08:00:00+00:00,0.0014664607131404165,,0.0001,7.07e-06,,79151.53,BTC-8SEP26,0.5779,-0.00117,0.11735,7.5,5.3,,BTC,79149.26,113.29
2026-09-07T19:08:42.019399+00:00,BTC-25JUN27-52000-P,82165.2,BTC-25JUN27,put,52000.0,2027-06-25T08:00:00+00:00,0.7954431889814498,0.0225,0.0235,0.02300487,0.023,82165.2,BTC-25JUN27,0.4702,-0.09685,125.64208,40.4,0.0,0.0010000000000000009,BTC,79149.26,0.0
2026-09-07T19:08:42.019399+00:00,BTC-25SEP26-78000-P,79260.35,BTC-25SEP26,put,78000.0,2026-09-25T08:00:00+00:00,0.04800992409438613,0.0235,0.0245,0.02427758,0.024,79260.35,BTC-25SEP26,0.3643,-0.40569,67.34828,2622.2,296.0,0.0010000000000000009,BTC,79149.26,566636.71
2026-09-07T19:08:42.019399+00:00,BTC-11SEP26-85000-C,79171.49,BTC-11SEP26,call,85000.0,2026-09-11T08:00:00+00:00,0.00968001307453672,0.0006,0.0007,0.00063674,0.00065,79171.49,BTC-11SEP26,0.40740000000000004,0.03951,6.64527,721.8,13.4,0.00010000000000000005,BTC,79149.26,783.8
2026-09-07T19:08:42.019399+00:00,BTC-27NOV26-77000-P,79919.44,BTC-27NOV26,put,77000.0,2026-11-27T08:00:00+00:00,0.2204945236837085,0.054,0.055,0.05454636,0.0545,79919.44,BTC-27NOV26,0.3883,-0.38438,143.39685,28.5,0.0,0.0010000000000000009,BTC,79149.26,0.0
2026-09-07T19:08:42.019399+00:00,BTC-27NOV26-77000-C,79918.83,BTC-27NOV26,call,77000.0,2026-11-27T08:00:00+00:00,0.2204945236837085,0.09,0.093,0.09106879,0.0915,79918.83,BTC-27NOV26,0.3883,0.61564,143.39604,23.0,20.0,0.0030000000000000027,BTC,79149.26,150849.06
2026-09-07T19:08:42.019399+00:00,BTC-25SEP26-87000-C,79260.35,BTC-25SEP26,call,87000.0,2026-09-25T08:00:00+00:00,0.04800992409438613,0.006,0.0065,0.00637142,0.00625,79260.35,BTC-25SEP26,0.3921,0.14839,40.20794,10.5,0.1,0.0004999999999999996,BTC,79149.26,47.26
2026-09-07T19:08:42.019399+00:00,BTC-26MAR27-125000-P,81182.49,BTC-26MAR27,put,125000.0,2027-03-26T08:00:00+00:00,0.5462987673524287,0.5515,0.5615,0.55623297,0.5565,81182.49,BTC-26MAR27,0.4351,-0.88126,119.15489,0.1,0.0,0.010000000000000009,BTC,79149.51,0.0
2026-09-07T19:08:42.019399+00:00,BTC-26MAR27-115000-C,81182.49,BTC-26MAR27,call,115000.0,2027-03-26T08:00:00+00:00,0.5462987673524287,0.0235,0.0255,0.02447854,0.0245,81182.49,BTC-26MAR27,0.42200000000000004,0.16833,150.89987,807.8,0.0,0.0019999999999999983,BTC,79149.51,0.0
2026-09-07T19:08:42.019399+00:00,BTC-26MAR27-86000-C,81182.49,BTC-26MAR27,call,86000.0,2027-03-26T08:00:00+00:00,0.5462987673524287,0.093,0.095,0.09392419,0.094,81182.49,BTC-26MAR27,0.40090000000000003,0.48129,239.14723,141.7,0.0,0.0020000000000000018,BTC,79149.51,0.0
2026-09-07T19:08:42.019399+00:00,BTC-11SEP26-95000-C,79172.03,BTC-11SEP26,call,95000.0,2026-09-11T08:00:00+00:00,0.00968001307453672,,0.0001,3.45e-05,,79172.03,BTC-11SEP26,0.6341,0.00191,0.47311,616.7,0.5,,BTC,79149.51,3.99
2026-09-07T19:08:42.019399+00:00,BTC-10SEP26-82500-P,79164.88,BTC-10SEP26,put,82500.0,2026-09-10T08:00:00+00:00,0.006942162287404618,0.041,0.0455,0.04326859,0.04325,79164.88,BTC-10SEP26,0.35590000000000005,-0.9167,10.1085,0.0,0.0,0.004499999999999997,BTC,79149.51,0.0
2026-09-07T19:08:42.019399+00:00,BTC-27NOV26-62000-C,79918.83,BTC-27NOV26,call,62000.0,2026-11-27T08:00:00+00:00,0.2204945236837085,0.2325,0.2365,0.23421564,0.2345,79918.83,BTC-27NOV26,0.44520000000000004,0.90618,62.85251,0.0,0.0,0.003999999999999976,BTC,79149.51,0.0
2026-09-07T19:08:42.019399+00:00,BTC-11SEP26-67000-C,79172.03,BTC-11SEP26,call,67000.0,2026-09-11T08:00:00+00:00,0.00968001307453672,0.152,0.156,0.15384695,0.154,79172.03,BTC-11SEP26,0.6689,0.99485,1.15717,0.2,0.0,0.0040000000000000036,BTC,79149.51,0.0
2026-09-07T19:08:42.019399+00:00,BTC-27NOV26-80000-P,79919.44,BTC-27NOV26,put,80000.0,2026-11-27T08:00:00+00:00,0.2204945236837085,0.072,0.0735,0.07307349,0.07275,79919.44,BTC-27NOV26,0.3876,-0.46643,149.19973,52.3,0.0,0.0015000000000000013,BTC,79149.51,0.0
2026-09-07T19:08:42.019399+00:00,BTC-25JUN27-80000-P,82165.2,BTC-25JUN27,put,80000.0,2027-06-25T08:00:00+00:00,0.7954431889814498,0.131,0.134,0.13244925,0.1325,82165.2,BTC-25JUN27,0.41590000000000005,-0.39864,282.89239,44.0,0.2,0.0030000000000000027,BTC,79149.51,2097.42
2026-09-07T19:08:42.019399+00:00,BTC-25DEC26-55000-P,80232.99,BTC-25DEC26,put,55000.0,2026-12-25T08:00:00+00:00,0.2971543457234073,0.008,0.0085,0.0082539,0.00825,80232.99,BTC-25DEC26,0.4964,-0.06304,54.16041,2657.5,0.0,0.0005000000000000004,BTC,79149.04,0.0
2026-09-07T19:08:42.019399+00:00,BTC-25SEP26-98000-C,79259.81,BTC-25SEP26,call,98000.0,2026-09-25T08:00:00+00:00,0.04800992409438613,0.0008,0.001,0.00089228,0.0009,79259.81,BTC-25SEP26,0.4756,0.02356,9.65815,1129.3,1.4,0.00019999999999999998,BTC,79149.51,170.39
2026-09-07T19:08:42.019399+00:00,BTC-25JUN27-30000-P,82164.66,BTC-25JUN27,put,30000.0,2027-06-25T08:00:00+00:00,0.7954431889814498,0.0035,0.0046,0.00402898,0.00405,82164.66,BTC-25JUN27,0.6106,-0.01694,30.80987,341.5,11.1,0.0010999999999999998,BTC,79149.04,3294.23
2026-09-07T19:08:42.019399+00:00,BTC-25SEP26-100000-P,79259.81,BTC-25SEP26,put,100000.0,2026-09-25T08:00:00+00:00,0.04800992409438613,0.2585,0.265,0.26236659,0.26175,79259.81,BTC-25SEP26,0.49420000000000003,-0.98182,7.75357,336.1,0.0,0.006500000000000006,BTC,79149.04,0.0
2026-09-07T19:08:42.019399+00:00,BTC-27NOV26-72000-C,79919.44,BTC-27NOV26,call,72000.0,2026-11-27T08:00:00+00:00,0.2204945236837085,0.1295,0.133,0.1310876,0.13125,79919.44,BTC-27NOV26,0.39840000000000003,0.74216,121.21517,0.0,0.0,0.003500000000000003,BTC,79149.04,0.0
2026-09-07T19:08:42.019399+00:00,BTC-30OCT26-102000-C,79603.16,BTC-30OCT26,call,102000.0,2026-10-30T08:00:00+00:00,0.14383470164400966,0.0049,0.0055,0.0051808,0.0052,79603.16,BTC-30OCT26,0.4304,0.07524,42.84392,198.4,0.1,0.0005999999999999998,BTC,79149.04,52.29
2026-09-07T19:08:42.019399+00:00,BTC-8SEP26-83500-C,79151.53,BTC-8SEP26,call,83500.0,2026-09-08T08:00:00+00:00,0.0014664607131404165,,0.0001,3.26e-06,,79151.53,BTC-8SEP26,0.4372,0.00069,0.07202,7.7,0.5,,BTC,79149.04,9.61
2026-09-07T19:08:42.019399+00:00,BTC-8SEP26-86000-P,79151.53,BTC-8SEP26,put,86000.0,2026-09-08T08:00:00+00:00,0.0014664607131404165,0.084,0.089,0.08652024,0.0865,79151.53,BTC-8SEP26,0.4625,-1.0,0.0002,0.0,0.0,0.0049999999999999906,BTC,79149.04,0.0
2026-09-07T19:08:42.019399+00:00,BTC-27NOV26-83000-P,79919.44,BTC-27NOV26,put,83000.0,2026-11-27T08:00:00+00:00,0.2204945236837085,0.094,0.095,0.09478128,0.0945,79919.44,BTC-27NOV26,0.3875,-0.54702,148.68765,43.3,2.2,0.0010000000000000009,BTC,79149.04,16717.11
2026-09-07T19:08:42.019399+00:00,BTC-27NOV26-79000-C,79919.44,BTC-27NOV26,call,79000.0,2026-11-27T08:00:00+00:00,0.2204945236837085,0.0775,0.079,0.07788379,0.07825,79919.44,BTC-27NOV26,0.38689999999999997,0.5609,147.98106,60.1,10.0,0.0015000000000000013,BTC,79149.04,64859.01
2026-09-07T19:08:42.019399+00:00,BTC-25SEP26-102000-C,79260.35,BTC-25SEP26,call,102000.0,2026-09-25T08:00:00+00:00,0.04800992409438613,0.0004,0.0006,0.00052922,0.0005,79260.35,BTC-25SEP26,0.5104,0.0139,6.15892,199.1,0.2,0.00019999999999999993,BTC,79149.04,7.94
2026-09-07T19:08:42.019399+00:00,BTC-26MAR27-102000-C,81182.49,BTC-26MAR27,call,102000.0,2027-03-26T08:00:00+00:00,0.5462987673524287,0.043,0.045,0.04390344,0.044,81182.49,BTC-26MAR27,0.4094,0.2731,199.55205,127.5,0.0,0.0020000000000000018,BTC,79148.06,0.0
2026-09-07T19:08:42.019399+00:00,BTC-25DEC26-78000-P,80232.45,BTC-25DEC26,put,78000.0,2026-12-25T08:00:00+00:00,0.2971543457234073,0.0705,0.0715,0.07095597,0.071,80232.45,BTC-25DEC26,0.39299999999999996,-0.40597,169.63737,1405.3,3.1,0.0010000000000000009,BTC,79148.06,17295.22
2026-09-07T19:08:42.019399+00:00,BTC-25JUN27-76000-P,82164.66,BTC-25JUN27,put,76000.0,2027-06-25T08:00:00+00:00,0.7954431889814498,0.1065,0.1095,0.10810991,0.108,82164.66,BTC-25JUN27,0.41859999999999997,-0.34644,270.443,74.6,0.2,0.0030000000000000027,BTC,79148.06,1689.03
2026-09-07T19:08:42.019399+00:00,BTC-11SEP26-79000-C,79171.49,BTC-11SEP26,call,79000.0,2026-09-11T08:00:00+00:00,0.00968001307453672,0.0145,0.0155,0.01488074,0.015,79171.49,BTC-11SEP26,0.35109999999999997,0.52929,30.99123,263.0,12.0,0.0009999999999999992,BTC,79148.06,15893.69
2026-09-07T19:08:42.019399+00:00,BTC-25SEP26-80000-C,79260.35,BTC-25SEP26,call,80000.0,2026-09-25T08:00:00+00:00,0.04800992409438613,0.027,0.028,0.02749419,0.0275,79260.35,BTC-25SEP26,0.3638,0.46853,69.07711,6779.1,148.7,0.0010000000000000009,BTC,79148.06,327562.92
2026-09-07T19:08:42.019399+00:00,BTC-27NOV26-81000-C,79919.44,BTC-27NOV26,call,81000.0,2026-11-27T08:00:00+00:00,0.2204945236837085,0.066,0.067,0.06640815,0.0665,79919.44,BTC-27NOV26,0.3873,0.50632,149.70828,112.0,0.0,0.0010000000000000009,BTC,79148.06,0.0
2026-09-07T19:08:42.019399+00:00,BTC-25JUN27-78000-C,82165.2,BTC-25JUN27,call,78000.0,2027-06-25T08:00:00+00:00,0.7954431889814498,0.168,0.1725,0.17070275,0.17025,82165.2,BTC-25JUN27,0.4174,0.62749,277.31551,53.2,1.0,0.004499999999999976,BTC,79148.06,13633.12
2026-09-07T19:08:42.019399+00:00,BTC-10SEP26-87000-P,79164.88,BTC-10SEP26,put,87000.0,2026-09-10T08:00:00+00:00,0.006942162287404618,0.097,0.1015,0.09910306,0.09925,79164.88,BTC-10SEP26,0.47700000000000004,-0.99088,1.62238,0.0,0.0,0.004500000000000004,BTC,79148.06,0.0
2026-09-07T19:08:42.019399+00:00,BTC-27NOV26-96000-P,79919.44,BTC-27NOV26,put,96000.0,2026-11-27T08:00:00+00:00,0.2204945236837085,0.2165,0.222,0.21969897,0.21925,79919.44,BTC-27NOV26,0.4044,-0.80819,102.44027,0.0,0.0,0.005500000000000005,BTC,79148.06,0.0
2026-09-07T19:08:42.019399+00:00,BTC-25JUN27-62000-C,82164.66,BTC-25JUN27,call,62000.0,2027-06-25T08:00:00+00:00,0.7954431889814498,0.2885,0.295,0.29214857,0.29175,82164.66,BTC-25JUN27,0.4397,0.81946,192.66993,117.0,0.0,0.006500000000000006,BTC,79147.94,0.0
2026-09-07T19:08:42.019399+00:00,BTC-25SEP26-92000-P,79260.35,BTC-25SEP26,put,92000.0,2026-09-25T08:00:00+00:00,0.04800992409438613,0.16,0.1655,0.16303713,0.16275,79260.35,BTC-25SEP26,0.42369999999999997,-0.94067,20.50992,7.7,0.0,0.005500000000000005,BTC,79147.94,0.0
2026-09-07T19:08:42.019399+00:00,BTC-27NOV26-104000-P,79918.83,BTC-27NOV26,put,104000.0,2026-11-27T08:00:00+00:00,0.2204945236837085,0.3075,0.3135,0.31130277,0.3105,79918.83,BTC-27NOV26,0.4257,-0.8884,71.30396,0.0,0.0,0.006000000000000005,BTC,79147.94,0.0
2026-09-07T19:08:42.019399+00:00,BTC-26MAR27-58000-C,81182.49,BTC-26MAR27,call,58000.0,2027-03-26T08:00:00+00:00,0.5462987673524287,0.3055,0.311,0.30788258,0.30825,81182.49,BTC-26MAR27,0.4471,0.88135,119.08966,4.3,0.0,0.005500000000000005,BTC,79147.94,0.0
2026-09-07T19:08:42.019399+00:00,BTC-26MAR27-94000-C,81182.49,BTC-26MAR27,call,94000.0,2027-03-26T08:00:00+00:00,0.5462987673524287,0.063,0.065,0.06395335,0.064,81182.49,BTC-26MAR27,0.40340000000000004,0.36574,225.71619,166.3,0.0,0.0020000000000000018,BTC,79147.94,0.0
2026-09-07T19:08:42.019399+00:00,BTC-26MAR27-72000-C,81182.49,BTC-26MAR27,call,72000.0,2027-03-26T08:00:00+00:00,0.5462987673524287,0.177,0.1815,0.17926619,0.17925,81182.49,BTC-26MAR27,0.4113,0.70746,206.25292,95.2,0.0,0.004500000000000004,BTC,79147.94,0.0
2026-09-07T19:08:42.019399+00:00,BTC-25JUN27-50000-C,82164.66,BTC-25JUN27,call,50000.0,2027-06-25T08:00:00+00:00,0.7954431889814498,0.408,0.414,0.41121781,0.411,82164.66,BTC-25JUN27,0.478,0.91581,113.22295,17.5,0.0,0.006000000000000005,BTC,79147.94,0.0
2026-09-07T19:08:42.019399+00:00,BTC-25DEC26-55000-C,80232.99,BTC-25DEC26,call,55000.0,2026-12-25T08:00:00+00:00,0.2971543457234073,0.3195,0.3255,0.32274795,0.3225,80232.99,BTC-25DEC26,0.4964,0.93695,54.1628,44.9,0.0,0.006000000000000005,BTC,79147.99,0.0
2026-09-07T19:08:42.019399+00:00,BTC-25SEP26-52000-C,79259.81,BTC-25SEP26,call,52000.0,2026-09-25T08:00:00+00:00,0.04800992409438613,0.3425,0.346,0.34410796,0.34425,79259.81,BTC-25SEP26,0.7341,0.99652,1.81501,150.2,0.0,0.0034999999999999476,BTC,79147.94,0.0
2026-09-07T19:08:42.019399+00:00,BTC-25DEC26-240000-C,80232.99,BTC-25DEC26,call,240000.0,2026-12-25T08:00:00+00:00,0.2971543457234073,0.0002,0.0005,0.00031869,0.00035,80232.99,BTC-25DEC26,0.6873,0.00311,4.13133,785.2,0.0,0.00030000000000000003,BTC,79147.99,0.0
2026-09-07T19:08:42.019399+00:00,BTC-10SEP26-87000-C,79164.88,BTC-10SEP26,call,87000.0,2026-09-10T08:00:00+00:00,0.006942162287404618,,0.0002,0.00012256,,79164.88,BTC-10SEP26,0.47700000000000004,0.00912,1.62212,1.6,0.6,,BTC,79147.94,15.94
2026-09-07T19:08:42.019399+00:00,BTC-11SEP26-86000-C,79172.03,BTC-11SEP26,call,86000.0,2026-09-11T08:00:00+00:00,0.00968001307453672,0.0003,0.0004,0.00034368,0.00035,79172.03,BTC-11SEP26,0.41619999999999996,0.0225,4.1667,1502.4,3.0,0.00010000000000000005,BTC,79147.99,144.6
2026-09-07T19:08:42.019399+00:00,BTC-26MAR27-66000-P,81182.49,BTC-26MAR27,put,66000.0,2027-03-26T08:00:00+00:00,0.5462987673524287,0.0415,0.0435,0.04262868,0.0425,81182.49,BTC-26MAR27,0.4228,-0.20672,171.35251,110.2,0.0,0.001999999999999995,BTC,79147.99,0.0
2026-09-07T19:08:42.019399+00:00,BTC-25DEC26-75000-C,80232.45,BTC-25DEC26,call,75000.0,2026-12-25T08:00:00+00:00,0.2971543457234073,0.1185,0.122,0.1198931,0.12025,80232.45,BTC-25DEC26,0.39649999999999996,0.66241,159.83639,1881.8,0.0,0.003500000000000003,BTC,79147.99,0.0
2026-09-07T19:08:42.019399+00:00,BTC-10SEP26-81000-C,79164.88,BTC-10SEP26,call,81000.0,2026-09-10T08:00:00+00:00,0.006942162287404618,0.0031,0.0036,0.00332965,0.00335,79164.88,BTC-10SEP26,0.3375,0.20914,18.96223,7.1,7.2,0.0005,BTC,79147.99,2841.45
2026-09-07T19:08:42.019399+00:00,BTC-18SEP26-78000-C,79223.97,BTC-18SEP26,call,78000.0,2026-09-18T08:00:00+00:00,0.02884496858446143,0.0325,0.0345,0.03350202,0.0335,79223.97,BTC-18SEP26,0.3721,0.60805,51.70091,96.8,8.0,0.0020000000000000018,BTC,79148.58,25707.48
2026-09-07T19:08:42.019399+00:00,BTC-9SEP26-81000-P,79158.4,BTC-9SEP26,put,81000.0,2026-09-09T08:00:00+00:00,0.0042043115002725175,0.0225,0.0265,0.02457945,0.0245,79158.4,BTC-9SEP26,0.3123,-0.87185,10.74851,0.2,0.2,0.004,BTC,79148.58,330.66
2026-09-07T19:08:42.019399+00:00,BTC-11SEP26-88000-C,79171.49,BTC-11SEP26,call,88000.0,2026-09-11T08:00:00+00:00,0.00968001307453672,0.0001,0.0002,0.00014221,0.00015,79171.49,BTC-11SEP26,0.45409999999999995,0.00944,1.97415,1329.8,9.1,0.0001,BTC,79148.58,297.91
2026-09-07T19:08:42.019399+00:00,BTC-25SEP26-77000-P,79259.81,BTC-25SEP26,put,77000.0,2026-09-25T08:00:00+00:00,0.04800992409438613,0.019,0.0195,0.01919517,0.01925,79259.81,BTC-25SEP26,0.36460000000000004,-0.34477,63.97855,1094.5,1.4,0.0005000000000000004,BTC,79147.99,1984.69
2026-09-07T19:08:42.019399+00:00,BTC-26MAR27-35000-P,81182.49,BTC-26MAR27,put,35000.0,2027-03-26T08:00:00+00:00,0.5462987673524287,0.0029,0.0037,0.00326126,0.0033,81182.49,BTC-26MAR27,0.6023,-0.01738,25.78425,624.1,1.5,0.0008000000000000004,BTC,79148.58,325.29
2026-09-07T19:08:42.019399+00:00,BTC-9SEP26-75000-P,79157.74,BTC-9SEP26,put,75000.0,2026-09-09T08:00:00+00:00,0.0042043115002725175,0.0002,0.0004,0.00028861,0.0003,79157.74,BTC-9SEP26,0.4337,-0.02713,3.21193,122.6,118.6,0.0002,BTC,79148.58,2314.37
2026-09-07T19:08:42.019399+00:00,BTC-25JUN27-30000-C,82164.66,BTC-25JUN27,call,30000.0,2027-06-25T08:00:00+00:00,0.7954431889814498,0.6375,0.64,0.63890948,0.63875,82164.66,BTC-25JUN27,0.6106,0.98306,30.81167,75.9,6.4,0.0025000000000000577,BTC,79148.58,327805.48
2026-09-07T19:08:42.019399+00:00,BTC-30OCT26-73000-C,79603.16,BTC-30OCT26,call,73000.0,2026-10-30T08:00:00+00:00,0.14383470164400966,0.1055,0.109,0.10648822,0.10725,79603.16,BTC-30OCT26,0.3826,0.74785,96.38224,634.0,0.0,0.003500000000000003,BTC,79148.58,0.0
2026-09-07T19:08:42.019399+00:00,BTC-30OCT26-81000-P,79603.16,BTC-30OCT26,put,81000.0,2026-10-30T08:00:00+00:00,0.14383470164400966,0.0655,0.0665,0.06616115,0.066,79603.16,BTC-30OCT26,0.37329999999999997,-0.52137,120.28114,167.0,3.0,0.0010000000000000009,BTC,79148.58,15143.96
2026-09-07T19:08:42.019399+00:00,BTC-25SEP26-50000-P,79260.35,BTC-25SEP26,put,50000.0,2026-09-25T08:00:00+00:00,0.04800992409438613,,0.0002,0.00013385,,79260.35,BTC-25SEP26,0.7731999999999999,-0.00254,1.36582,3753.2,3.9,,BTC,79148.58,31.77
2026-09-07T19:08:42.019399+00:00,BTC-26MAR27-64000-P,81182.49,BTC-26MAR27,put,64000.0,2027-03-26T08:00:00+00:00,0.5462987673524287,0.0355,0.0375,0.03653736,0.0365,81182.49,BTC-26MAR27,0.4282,-0.18173,158.41544,126.0,0.0,0.0020000000000000018,BTC,79148.79,0.0
2026-09-07T19:08:42.019399+00:00,BTC-8SEP26-78000-C,79151.53,BTC-8SEP26,call,78000.0,2026-09-08T08:00:00+00:00,0.0014664607131404165,0.013,0.017,0.01493822,0.015,79151.53,BTC-8SEP26,0.27440000000000003,0.91594,4.67379,0.1,0.0,0.004000000000000002,BTC,79148.58,0.0
2026-09-07T19:08:42.019399+00:00,BTC-26MAR27-115000-P,81182.49,BTC-26MAR27,put,115000.0,2027-03-26T08:00:00+00:00,0.5462987673524287,0.437,0.4455,0.44105465,0.44125,81182.49,BTC-26MAR27,0.42200000000000004,-0.83168,150.89138,2.2,0.0,0.008500000000000008,BTC,79148.79,0.0
2026-09-07T19:08:42.019399+00:00,BTC-26MAR27-35000-C,81181.95,BTC-26MAR27,call,35000.0,2027-03-26T08:00:00+00:00,0.5462987673524287,0.571,0.5735,0.5721294,0.57225,81181.95,BTC-26MAR27,0.6023,0.98262,25.78441,21.1,1.2,0.0025000000000000577,BTC,79148.79,54994.17
2026-09-07T19:08:42.019399+00:00,BTC-9SEP26-77000-P,79158.4,BTC-9SEP26,put,77000.0,2026-09-09T08:00:00+00:00,0.0042043115002725175,0.001,0.0011,0.00103422,0.00105,79158.4,BTC-9SEP26,0.33490000000000003,-0.10135,9.09483,48.7,38.0,0.00010000000000000005,BTC,79148.79,3663.61
2026-09-07T19:08:42.019399+00:00,BTC-25JUN27-54000-P,82165.2,BTC-25JUN27,put,54000.0,2027-06-25T08:00:00+00:00,0.7954431889814498,0.026,0.0275,0.02675437,0.02675,82165.2,BTC-25JUN27,0.46340000000000003,-0.11096,138.6687,50.1,3.1,0.0015000000000000013,BTC,79148.79,6455.76
2026-09-07T19:08:42.019399+00:00,BTC-8SEP26-85000-C,79151.53,BTC-8SEP26,call,85000.0,2026-09-08T08:00:00+00:00,0.0014664607131404165,,0.0001,7e-08,,79151.53,BTC-8SEP26,0.44939999999999997,2e-05,0.0022,31.8,30.0,,BTC,79148.79,241.54
2026-09-07T19:08:42.019399+00:00,BTC-30OCT26-77000-C,79603.16,BTC-30OCT26,call,77000.0,2026-10-30T08:00:00+00:00,0.14383470164400966,0.0725,0.0755,0.0732991,0.074,79603.16,BTC-30OCT26,0.3726,0.61954,115.00508,116.0,0.0,0.0030000000000000027,BTC,79148.79,0.0
2026-09-07T19:08:42.019399+00:00,BTC-9SEP26-88000-P,79157.74,BTC-9SEP26,put,88000.0,2026-09-09T08:00:00+00:00,0.0042043115002725175,0.1095,0.114,0.11171297,0.11175,79157.74,BTC-9SEP26,0.5371,-0.99878,0.20797,0.0,0.0,0.004500000000000004,BTC,79148.86,0.0
2026-09-07T19:08:42.019399+00:00,BTC-25SEP26-140000-P,79260.35,BTC-25SEP26,put,140000.0,2026-09-25T08:00:00+00:00,0.04800992409438613,0.7605,0.7695,0.76636242,0.765,79260.35,BTC-25SEP26,0.7598999999999999,-0.99957,0.26775,1.4,0.0,0.009000000000000008,BTC,79148.79,0.0
2026-09-07T19:08:42.019399+00:00,BTC-27NOV26-106000-P,79919.44,BTC-27NOV26,put,106000.0,2026-11-27T08:00:00+00:00,0.2204945236837085,0.3315,0.3375,0.33482944,0.3345,79919.44,BTC-27NOV26,0.4294,-0.90327,64.28478,0.0,0.0,0.006000000000000005,BTC,79148.79,0.0
2026-09-07T19:08:42.019399+00:00,BTC-30OCT26-104000-C,79603.16,BTC-30OCT26,call,104000.0,2026-10-30T08:00:00+00:00,0.14383470164400966,0.004,0.0044,0.00421691,0.0042,79603.16,BTC-30OCT26,0.436,0.06238,37.0787,89.2,0.5,0.0004000000000000002,BTC,79148.79,178.68
2026-09-07T19:08:42.019399+00:00,BTC-27NOV26-91000-P,79918.83,BTC-27NOV26,put,91000.0,2026-11-27T08:00:00+00:00,0.2204945236837085,0.1645,0.1685,0.16709666,0.1665,79918.83,BTC-27NOV26,0.39640000000000003,-0.72756,124.65424,0.0,0.0,0.0040000000000000036,BTC,79148.86,0.0
2026-09-07T19:08:42.019399+00:00,BTC-11SEP26-84000-P,79171.49,BTC-11SEP26,put,84000.0,2026-09-11T08:00:00+00:00,0.00968001307453672,0.06,0.0645,0.06200668,0.06225,79171.49,BTC-11SEP26,0.3876,-0.93803,9.51657,2.9,0.0,0.004500000000000004,BTC,79148.86,0.0
2026-09-07T19:08:42.019399+00:00,BTC-26MAR27-108000-P,81182.49,BTC-26MAR27,put,108000.0,2027-03-26T08:00:00+00:00,0.5462987673524287,0.36,0.3675,0.36373751,0.36375,81182.49,BTC-26MAR27,0.41509999999999997,-0.78152,176.98141,0.1,0.0,0.007500000000000007,BTC,79148.86,0.0
2026-09-07T19:08:42.019399+00:00,BTC-10SEP26-78500-P,79164.88,BTC-10SEP26,put,78500.0,2026-09-10T08:00:00+00:00,0.006942162287404618,0.0065,0.0075,0.00707756,0.007,79164.88,BTC-10SEP26,0.3249,-0.37599,25.0305,10.1,10.1,0.001,BTC,79148.86,6008.18
2026-09-07T19:08:42.019399+00:00,BTC-26MAR27-180000-C,81182.49,BTC-26MAR27,call,180000.0,2027-03-26T08:00:00+00:00,0.5462987673524287,0.0036,0.0045,0.00403127,0.00405,81182.49,BTC-26MAR27,0.5216,0.03057,41.47175,503.3,0.1,0.0008999999999999998,BTC,79148.86,35.01
2026-09-07T19:08:42.019399+00:00,BTC-26MAR27-84000-P,81181.95,BTC-26MAR27,put,84000.0,2027-03-26T08:00:00+00:00,0.5462987673524287,0.137,0.1395,0.13800986,0.13825,81181.95,BTC-26MAR27,0.40090000000000003,-0.48709,239.28144,55.2,0.0,0.0025000000000000022,BTC,79148.5,0.0
2026-09-07T19:08:42.019399+00:00,BTC-30OCT26-72000-P,79603.16,BTC-30OCT26,put,72000.0,2026-10-30T08:00:00+00:00,0.14383470164400966,0.02,0.021,0.02051799,0.0205,79603.16,BTC-30OCT26,0.3874,-0.22507,90.56975,408.6,1.7,0.0010000000000000009,BTC,79148.86,2633.28
2026-09-07T19:08:42.019399+00:00,BTC-30OCT26-50000-P,79603.16,BTC-30OCT26,put,50000.0,2026-10-30T08:00:00+00:00,0.14383470164400966,0.0012,0.0016,0.00139188,0.0014,79603.16,BTC-30OCT26,0.6023,-0.01584,11.9804,329.7,1.6,0.0004000000000000002,BTC,79148.86,147.43
2026-09-07T19:08:42.019399+00:00,BTC-25SEP26-120000-C,79260.35,BTC-25SEP26,call,120000.0,2026-09-25T08:00:00+00:00,0.04800992409438613,0.0001,0.0002,0.00014284,0.00015,79260.35,BTC-25SEP26,0.6779000000000001,0.00328,1.72337,1331.6,23.5,0.0001,BTC,79148.86,374.45
2026-09-07T19:08:42.019399+00:00,BTC-30OCT26-78000-C,79603.16,BTC-30OCT26,call,78000.0,2026-10-30T08:00:00+00:00,0.14383470164400966,0.066,0.067,0.06648074,0.0665,79603.16,BTC-30OCT26,0.373,0.58432,117.75343,462.5,0.0,0.0010000000000000009,BTC,79148.86,0.0
2026-09-07T19:08:42.019399+00:00,BTC-25SEP26-170000-P,79260.35,BTC-25SEP26,put,170000.0,2026-09-25T08:00:00+00:00,0.04800992409438613,1.1395,1.15,1.14484875,1.14475,79260.35,BTC-25SEP26,0.8693000000000001,-0.99995,0.0331,0.0,0.0,0.010499999999999954,BTC,79148.5,0.0
2026-09-07T19:08:42.019399+00:00,BTC-18SEP26-69000-C,79223.97,BTC-18SEP26,call,69000.0,2026-09-18T08:00:00+00:00,0.02884496858446143,0.128,0.1325,0.13024458,0.13025,79223.97,BTC-18SEP26,0.465,0.96294,10.89727,0.0,0.0,0.004500000000000004,BTC,79148.5,0.0
2026-09-07T19:08:42.019399+00:00,BTC-26MAR27-88000-C,81181.95,BTC-26MAR27,call,88000.0,2027-03-26T08:00:00+00:00,0.5462987673524287,0.084,0.0865,0.08530111,0.08525,81181.95,BTC-26MAR27,0.4011,0.45048,237.56016,77.0,1.0,0.0024999999999999883,BTC,79148.5,6953.81
2026-09-07T19:08:42.019399+00:00,BTC-30OCT26-83000-C,79603.16,BTC-30OCT26,call,83000.0,2026-10-30T08:00:00+00:00,0.14383470164400966,0.0385,0.0395,0.03910678,0.039,79603.16,BTC-30OCT26,0.3753,0.41142,117.47221,226.3,1.0,0.0010000000000000009,BTC,79148.5,3082.52
2026-09-07T19:08:42.019399+00:00,BTC-26MAR27-74000-P,81182.49,BTC-26MAR27,put,74000.0,2027-03-26T08:00:00+00:00,0.5462987673524287,0.0745,0.077,0.07580374,0.07575,81182.49,BTC-26MAR27,0.40850000000000003,-0.32385,215.66996,197.2,0.0,0.0025000000000000022,BTC,79148.5,0.0
2026-09-07T19:08:42.019399+00:00,BTC-26MAR27-170000-C,81182.49,BTC-26MAR27,call,170000.0,2027-03-26T08:00:00+00:00,0.5462987673524287,0.0044,0.0055,0.00492773,0.00495,81182.49,BTC-26MAR27,0.5075,0.03731,48.86199,650.6,2.0,0.0010999999999999994,BTC,79148.5,789.35
2026-09-07T19:08:42.019399+00:00,BTC-27NOV26-85000-C,79918.83,BTC-27NOV26,call,85000.0,2026-11-27T08:00:00+00:00,0.2204945236837085,0.047,0.048,0.04748319,0.0475,79918.83,BTC-27NOV26,0.3887,0.40225,145.21073,528.9,1.5,0.0010000000000000009,BTC,79148.5,5889.16
2026-09-07T19:08:42.019399+00:00,BTC-26MAR27-74000-C,81182.49,BTC-26MAR27,call,74000.0,2027-03-26T08:00:00+00:00,0.5462987673524287,0.162,0.1665,0.16426781,0.16425,81182.49,BTC-26MAR27,0.40850000000000003,0.67615,215.66996,66.8,10.0,0.004500000000000004,BTC,79148.5,138975.01
2026-09-07T19:08:42.019399+00:00,BTC-9SEP26-71000-P,79157.74,BTC-9SEP26,put,71000.0,2026-09-09T08:00:00+00:00,0.0042043115002725175,,0.0001,4.59e-05,,79157.74,BTC-9SEP26,0.6292,-0.00367,0.56343,15.0,5.0,,BTC,79148.5,39.89
2026-09-07T19:08:42.019399+00:00,BTC-25DEC26-64000-P,80232.99,BTC-25DEC26,put,64000.0,2026-12-25T08:00:00+00:00,0.2971543457234073,0.018,0.019,0.01854599,0.0185,80232.99,BTC-25DEC26,0.4296,-0.13976,97.24803,361.1,0.0,0.0010000000000000009,BTC,79148.5,0.0
2026-09-07T19:08:42.019399+00:00,BTC-25SEP26-81000-C,79260.35,BTC-25SEP26,call,81000.0,2026-09-25T08:00:00+00:00,0.04800992409438613,0.022,0.023,0.02249222,0.0225,79260.35,BTC-25SEP26,0.3654,0.40778,67.43355,2666.7,173.3,0.0010000000000000009,BTC,79148.5,317322.25
2026-09-07T19:08:42.019399+00:00,BTC-26MAR27-54000-C,81181.95,BTC-26MAR27,call,54000.0,2027-03-26T08:00:00+00:00,0.5462987673524287,0.3485,0.354,0.35107635,0.35125,81181.95,BTC-26MAR27,0.4668,0.912,95.83622,0.1,0.0,0.005500000000000005,BTC,79148.5,0.0
2026-09-07T19:08:42.019399+00:00,BTC-25JUN27-96000-P,82164.66,BTC-25JUN27,put,96000.0,2027-06-25T08:00:00+00:00,0.7954431889814498,0.2545,0.2605,0.25688425,0.2575,82164.66,BTC-25JUN27,0.4144,-0.59356,284.30025,0.0,0.0,0.006000000000000005,BTC,79148.5,0.0
2026-09-07T19:08:42.019399+00:00,BTC-27NOV26-91000-C,79918.83,BTC-27NOV26,call,91000.0,2026-11-27T08:00:00+00:00,0.2204945236837085,0.028,0.0285,0.02844135,0.02825,79918.83,BTC-27NOV26,0.39640000000000003,0.27245,124.65488,76.7,20.4,0.0005000000000000004,BTC,79148.5,45601.67
2026-09-07T19:08:42.019399+00:00,BTC-9SEP26-71000-C,79158.4,BTC-9SEP26,call,71000.0,2026-09-09T08:00:00+00:00,0.0042043115002725175,0.101,0.1055,0.10310549,0.10325,79158.4,BTC-9SEP26,0.6292,0.99632,0.56362,0.0,0.0,0.00449999999999999,BTC,79148.5,0.0
2026-09-07T19:08:42.019399+00:00,BTC-18SEP26-83000-P,79224.51,BTC-18SEP26,put,83000.0,2026-09-18T08:00:00+00:00,0.02884496858446143,0.055,0.059,0.05665697,0.057,79224.51,BTC-18SEP26,0.3779,-0.75697,42.11801,0.0,0.0,0.003999999999999997,BTC,79148.5,0.0
2026-09-07T19:08:42.019399+00:00,BTC-25SEP26-115000-C,79259.81,BTC-25SEP26,call,115000.0,2026-09-25T08:00:00+00:00,0.04800992409438613,0.0001,0.0002,0.00015978,0.00015,79259.81,BTC-25SEP26,0.6229,0.00392,2.02164,2159.9,0.0,0.0001,BTC,79148.5,0.0
2026-09-07T19:08:42.019399+00:00,BTC-25JUN27-84000-P,82164.66,BTC-25JUN27,put,84000.0,2027-06-25T08:00:00+00:00,0.7954431889814498,0.158,0.1615,0.15955775,0.15975,82164.66,BTC-25JUN27,0.4139,-0.45059,290.1326,6.5,0.0,0.003500000000000003,BTC,79148.5,0.0
2026-09-07T19:08:42.019399+00:00,BTC-26MAR27-120000-P,81181.95,BTC-26MAR27,put,120000.0,2027-03-26T08:00:00+00:00,0.5462987673524287,0.495,0.5005,0.49814423,0.49775,81181.95,BTC-26MAR27,0.42840000000000006,-0.85905,134.18377,5.8,4.0,0.005499999999999949,BTC,79148.5,159364.1
2026-09-07T19:08:42.019399+00:00,BTC-18SEP26-84000-C,79223.97,BTC-18SEP26,call,84000.0,2026-09-18T08:00:00+00:00,0.02884496858446143,0.0065,0.007,0.00686731,0.00675,79223.97,BTC-18SEP26,0.3859,0.19373,36.95291,534.2,0.7,0.0005000000000000004,BTC,79148.5,391.83
2026-09-07T19:08:42.019399+00:00,BTC-9SEP26-82500-P,79157.74,BTC-9SEP26,put,82500.0,2026-09-09T08:00:00+00:00,0.0042043115002725175,0.04,0.045,0.0424786,0.0425,79157.74,BTC-9SEP26,0.3386,-0.96972,3.51854,0.0,0.0,0.0049999999999999975,BTC,79148.5,0.0
2026-09-07T19:08:42.019399+00:00,BTC-11SEP26-81000-C,79171.49,BTC-11SEP26,call,81000.0,2026-09-11T08:00:00+00:00,0.00968001307453672,0.005,0.006,0.00546202,0.0055,79171.49,BTC-11SEP26,0.35509999999999997,0.26042,25.28661,4567.5,4192.2,0.001,BTC,79148.5,2158973.08
2026-09-07T19:08:42.019399+00:00,BTC-8SEP26-84000-P,79151.53,BTC-8SEP26,put,84000.0,2026-09-08T08:00:00+00:00,0.0014664607131404165,0.059,0.0635,0.06125316,0.06125,79151.53,BTC-8SEP26,0.4376,-0.99981,0.02176,0.0,0.0,0.004500000000000004,BTC,79148.5,0.0
2026-09-07T19:08:42.019399+00:00,BTC-30OCT26-78000-P,79603.16,BTC-30OCT26,put,78000.0,2026-10-30T08:00:00+00:00,0.14383470164400966,0.0455,0.047,0.04634946,0.04625,79603.16,BTC-30OCT26,0.373,-0.41569,117.75375,515.6,100.0,0.0015000000000000013,BTC,79148.5,352125.37
2026-09-07T19:08:42.019399+00:00,BTC-11SEP26-82000-P,79172.03,BTC-11SEP26,put,82000.0,2026-09-11T08:00:00+00:00,0.00968001307453672,0.0365,0.0405,0.03884649,0.0385,79172.03,BTC-11SEP26,0.3627,-0.83455,19.36918,66.1,0.0,0.0040000000000000036,BTC,79147.97,0.0
2026-09-07T19:08:42.019399+00:00,BTC-18SEP26-79000-C,79224.51,BTC-18SEP26,call,79000.0,2026-09-18T08:00:00+00:00,0.02884496858446143,0.026,0.027,0.02646847,0.0265,79224.51,BTC-18SEP26,0.3699,0.52898,53.54035,321.3,58.4,0.0010000000000000009,BTC,79147.97,129506.64
2026-09-07T19:08:42.019399+00:00,BTC-26MAR27-104000-P,81182.49,BTC-26MAR27,put,104000.0,2027-03-26T08:00:00+00:00,0.5462987673524287,0.3175,0.3245,0.32105421,0.321,81182.49,BTC-26MAR27,0.41100000000000003,-0.74663,192.05064,0.1,0.0,0.007000000000000006,BTC,79147.97,0.0
2026-09-07T19:08:42.019399+00:00,BTC-18SEP26-77000-C,79224.51,BTC-18SEP26,call,77000.0,2026-09-18T08:00:00+00:00,0.02884496858446143,0.04,0.0435,0.04160571,0.04175,79224.51,BTC-18SEP26,0.3759,0.68235,47.9716,53.3,0.0,0.003499999999999996,BTC,79147.97,0.0
2026-09-07T19:08:42.019399+00:00,BTC-8SEP26-80000-C,79152.07,BTC-8SEP26,call,80000.0,2026-09-08T08:00:00+00:00,0.0014664607131404165,0.0006,0.0008,0.00068358,0.0007,79152.07,BTC-8SEP26,0.2548,0.13287,6.50449,82.1,72.3,0.0002000000000000001,BTC,79147.97,20953.17
2026-09-07T19:08:42.019399+00:00,BTC-26MAR27-94000-P,81182.49,BTC-26MAR27,put,94000.0,2027-03-26T08:00:00+00:00,0.5462987673524287,0.219,0.2245,0.22185035,0.22175,81182.49,BTC-26MAR27,0.40340000000000004,-0.63426,225.71368,9.7,0.0,0.005500000000000005,BTC,79147.97,0.0
2026-09-07T19:08:42.019399+00:00,BTC-25DEC26-100000-P,80232.99,BTC-25DEC26,put,100000.0,2026-12-25T08:00:00+00:00,0.2971543457234073,0.264,0.27,0.26685552,0.267,80232.99,BTC-25DEC26,0.4044,-0.81308,117.50904,303.3,0.0,0.006000000000000005,BTC,79147.97,0.0
2026-09-07T19:08:42.019399+00:00,BTC-25DEC26-75000-P,80232.99,BTC-25DEC26,put,75000.0,2026-12-25T08:00:00+00:00,0.2971543457234073,0.054,0.0555,0.05467394,0.05475,80232.99,BTC-25DEC26,0.39649999999999996,-0.33758,159.83568,1234.8,50.0,0.0015000000000000013,BTC,79147.97,211944.29
2026-09-07T19:08:42.019399+00:00,BTC-27NOV26-76000-P,79918.83,BTC-27NOV26,put,76000.0,2026-11-27T08:00:00+00:00,0.2204945236837085,0.0485,0.05,0.04920854,0.04925,79918.83,BTC-27NOV26,0.3893,-0.35754,140.07652,53.2,10.0,0.0015000000000000013,BTC,79147.97,37805.53
2026-09-07T19:08:42.019399+00:00,BTC-9SEP26-77000-C,79157.74,BTC-9SEP26,call,77000.0,2026-09-09T08:00:00+00:00,0.0042043115002725175,0.0265,0.0305,0.02829577,0.0285,79157.74,BTC-9SEP26,0.33490000000000003,0.89856,9.10062,0.9,0.9,0.004,BTC,79148.57,2323.48
2026-09-07T19:08:42.019399+00:00,BTC-27NOV26-120000-P,79918.83,BTC-27NOV26,put,120000.0,2026-11-27T08:00:00+00:00,0.2204945236837085,0.499,0.5105,0.50496392,0.50475,79918.83,BTC-27NOV26,0.46950000000000003,-0.95854,33.29659,0.0,0.0,0.011499999999999955,BTC,79147.97,0.0
2026-09-07T19:08:42.019399+00:00,BTC-25SEP26-130000-C,79260.35,BTC-25SEP26,call,130000.0,2026-09-25T08:00:00+00:00,0.04800992409438613,,0.0001,6.668e-05,,79260.35,BTC-25SEP26,0.7404999999999999,0.0015,0.84589,1453.2,1.0,,BTC,79148.57,7.94
2026-09-07T19:08:42.019399+00:00,BTC-26MAR27-76000-C,81182.49,BTC-26MAR27,call,76000.0,2027-03-26T08:00:00+00:00,0.5462987673524287,0.1485,0.1515,0.14973894,0.15,81182.49,BTC-26MAR27,0.4044,0.64406,223.62069,530.6,0.1,0.0030000000000000027,BTC,79148.57,1223.88
2026-09-07T19:08:42.019399+00:00,BTC-11SEP26-90000-C,79171.49,BTC-11SEP26,call,90000.0,2026-09-11T08:00:00+00:00,0.00968001307453672,,0.0002,9.415e-05,,79171.49,BTC-11SEP26,0.5122,0.00582,1.28854,1485.4,12.2,,BTC,79148.57,106.96
2026-09-07T19:08:42.019399+00:00,BTC-25JUN27-92000-C,82164.66,BTC-25JUN27,call,92000.0,2027-06-25T08:00:00+00:00,0.7954431889814498,0.101,0.104,0.10244131,0.1025,82164.66,BTC-25JUN27,0.41359999999999997,0.45126,290.1887,15.7,0.0,0.002999999999999989,BTC,79148.57,0.0
2026-09-07T19:08:42.019399+00:00,BTC-18SEP26-68000-P,79223.97,BTC-18SEP26,put,68000.0,2026-09-18T08:00:00+00:00,0.02884496858446143,0.0008,0.0009,0.00085057,0.00085,79223.97,BTC-18SEP26,0.47590000000000005,-0.02697,8.38051,97.5,9.7,9.999999999999994e-05,BTC,79148.57,610.1
2026-09-07T19:08:42.019399+00:00,BTC-30OCT26-65000-P,79603.16,BTC-30OCT26,put,65000.0,2026-10-30T08:00:00+00:00,0.14383470164400966,0.007,0.008,0.00750011,0.0075,79603.16,BTC-30OCT26,0.429,-0.09254,50.05423,547.1,5.0,0.001,BTC,79148.57,2977.09
2026-09-07T19:08:42.019399+00:00,BTC-30OCT26-59000-P,79603.16,BTC-30OCT26,put,59000.0,2026-10-30T08:00:00+00:00,0.14383470164400966,0.0033,0.0038,0.00355516,0.00355,79603.16,BTC-30OCT26,0.48840000000000006,-0.04381,28.00742,84.7,0.0,0.0005,BTC,79148.57,0.0
2026-09-07T19:08:42.019399+00:00,BTC-25SEP26-92000-C,79259.81,BTC-25SEP26,call,92000.0,2026-09-25T08:00:00+00:00,0.04800992409438613,0.0022,0.0024,0.00229651,0.0023,79259.81,BTC-25SEP26,0.42369999999999997,0.05934,20.5116,1270.2,25.9,0.00019999999999999966,BTC,79148.57,5615.71
2026-09-07T19:08:42.019399+00:00,BTC-25SEP26-125000-C,79259.81,BTC-25SEP26,call,125000.0,2026-09-25T08:00:00+00:00,0.04800992409438613,0.0001,0.0002,0.00014284,0.00015,79259.81,BTC-25SEP26,0.7365,0.00305,1.61335,2326.5,4.0,0.0001,BTC,79148.57,31.78
2026-09-07T19:08:42.019399+00:00,BTC-25SEP26-83000-P,79259.81,BTC-25SEP26,put,83000.0,2026-09-25T08:00:00+00:00,0.04800992409438613,0.06,0.0635,0.06212937,0.06175,79259.81,BTC-25SEP26,0.3729,-0.7003,60.36406,20.3,0.0,0.003500000000000003,BTC,79148.57,0.0
2026-09-07T19:08:42.019399+00:00,BTC-30OCT26-82000-C,79603.16,BTC-30OCT26,call,82000.0,2026-10-30T08:00:00+00:00,0.14383470164400966,0.043,0.044,0.04361665,0.0435,79603.16,BTC-30OCT26,0.3741,0.44445,119.28401,1116.5,19.0,0.0010000000000000009,BTC,79148.57,72609.56
2026-09-07T19:08:42.019399+00:00,BTC-25DEC26-120000-P,80232.99,BTC-25DEC26,put,120000.0,2026-12-25T08:00:00+00:00,0.2971543457234073,0.498,0.5055,0.50202642,0.50175,80232.99,BTC-25DEC26,0.4511,-0.93496,55.49065,35.7,0.0,0.007499999999999951,BTC,79148.57,0.0
2026-09-07T19:08:42.019399+00:00,BTC-9SEP26-78500-P,79157.74,BTC-9SEP26,put,78500.0,2026-09-09T08:00:00+00:00,0.0042043115002725175,0.0042,0.0046,0.00438685,0.0044,79157.74,BTC-9SEP26,0.3048,-0.33728,18.74497,6.2,4.4,0.0004000000000000002,BTC,79148.57,1503.46
2026-09-07T19:08:42.019399+00:00,BTC-30OCT26-110000-C,79603.16,BTC-30OCT26,call,110000.0,2026-10-30T08:00:00+00:00,0.14383470164400966,0.0024,0.0026,0.00258262,0.0025,79603.16,BTC-30OCT26,0.461,0.03896,25.46698,1041.6,8.6,0.0002000000000000001,BTC,79148.57,1913.07
2026-09-07T19:08:42.019399+00:00,BTC-25JUN27-70000-P,82165.2,BTC-25JUN27,put,70000.0,2027-06-25T08:00:00+00:00,0.7954431889814498,0.076,0.079,0.07756642,0.0775,82165.2,BTC-25JUN27,0.426,-0.27061,242.59426,20.4,0.0,0.0030000000000000027,BTC,79148.57,0.0
2026-09-07T19:08:42.019399+00:00,BTC-25DEC26-220000-P,80232.99,BTC-25DEC26,put,220000.0,2026-12-25T08:00:00+00:00,0.2971543457234073,1.7295,1.7565,1.74239391,1.743,80232.99,BTC-25DEC26,0.6487999999999999,-0.99628,4.86124,0.0,0.0,0.026999999999999913,BTC,79147.99,0.0
2026-09-07T19:08:42.019399+00:00,BTC-8SEP26-71000-P,79151.53,BTC-8SEP26,put,71000.0,2026-09-08T08:00:00+00:00,0.0014664607131404165,,0.0001,1e-08,,79151.53,BTC-8SEP26,0.6127,0.0,0.00026,1.0,0.0,,BTC,79148.57,0.0
2026-09-07T19:08:42.019399+00:00,BTC-26MAR27-65000-C,81182.49,BTC-26MAR27,call,65000.0,2027-03-26T08:00:00+00:00,0.5462987673524287,0.236,0.242,0.2386346,0.239,81182.49,BTC-26MAR27,0.42460000000000003,0.80633,164.76296,366.9,0.0,0.006000000000000005,BTC,79147.99,0.0
2026-09-07T19:08:42.019399+00:00,BTC-9SEP26-81000-C,79157.74,BTC-9SEP26,call,81000.0,2026-09-09T08:00:00+00:00,0.0042043115002725175,0.0012,0.0015,0.00130941,0.00135,79157.74,BTC-9SEP26,0.3123,0.12817,10.74998,4122.8,4175.8,0.00030000000000000014,BTC,79147.99,579543.91
2026-09-07T19:08:42.019399+00:00,BTC-26MAR27-130000-C,81182.49,BTC-26MAR27,call,130000.0,2027-03-26T08:00:00+00:00,0.5462987673524287,0.013,0.0145,0.01373159,0.01375,81182.49,BTC-26MAR27,0.4421,0.10067,105.83339,1136.2,0.3,0.0015000000000000013,BTC,79147.99,349.11
2026-09-07T19:08:42.019399+00:00,BTC-25JUN27-180000-C,82164.66,BTC-25JUN27,call,180000.0,2027-06-25T08:00:00+00:00,0.7954431889814498,0.009,0.0105,0.00972966,0.00975,82164.66,BTC-25JUN27,0.495,0.0599,87.188,47.1,0.0,0.0015000000000000013,BTC,79147.99,0.0
2026-09-07T19:08:42.019399+00:00,BTC-25SEP26-175000-C,79260.35,BTC-25SEP26,call,175000.0,2026-09-25T08:00:00+00:00,0.04800992409438613,,0.0001,1.58e-06,,79260.35,BTC-25SEP26,0.89,4e-05,0.02687,1904.8,0.0,,BTC,79147.99,0.0
2026-09-07T19:08:42.019399+00:00,BTC-9SEP26-80500-C,79158.4,BTC-9SEP26,call,80500.0,2026-09-09T08:00:00+00:00,0.0042043115002725175,0.002,0.0024,0.00223534,0.0022,79158.4,BTC-9SEP26,0.3073,0.19892,14.32021,109.9,104.7,0.00039999999999999975,BTC,79149.13,61825.7
2026-09-07T19:08:42.019399+00:00,BTC-30OCT26-77000-P,79603.16,BTC-30OCT26,put,77000.0,2026-10-30T08:00:00+00:00,0.14383470164400966,0.04,0.041,0.0406054,0.0405,79603.16,BTC-30OCT26,0.3726,-0.3805,115.00749,130.9,3.0,0.0010000000000000009,BTC,79147.99,9301.02
2026-09-07T19:08:42.019399+00:00,BTC-27NOV26-60000-P,79919.44,BTC-27NOV26,put,60000.0,2026-11-27T08:00:00+00:00,0.2204945236837085,0.0075,0.0085,0.00799924,0.008,79919.44,BTC-27NOV26,0.4597,-0.07572,53.51317,42.0,4.0,0.0010000000000000009,BTC,79147.99,2382.96
2026-09-07T19:08:42.019399+00:00,BTC-8SEP26-83500-P,79151.53,BTC-8SEP26,put,83500.0,2026-09-08T08:00:00+00:00,0.0014664607131404165,0.0525,0.0575,0.0549386,0.055,79151.53,BTC-8SEP26,0.4372,-0.99932,0.07178,0.0,0.0,0.0050000000000000044,BTC,79147.99,0.0
2026-09-07T19:08:42.019399+00:00,BTC-18SEP26-70000-P,79223.97,BTC-18SEP26,put,70000.0,2026-09-18T08:00:00+00:00,0.02884496858446143,0.0015,0.0017,0.00160328,0.0016,79223.97,BTC-18SEP26,0.45039999999999997,-0.04915,13.69043,88.1,2.1,0.00019999999999999987,BTC,79149.13,229.42
2026-09-07T19:08:42.019399+00:00,BTC-11SEP26-76000-P,79172.09,BTC-11SEP26,put,76000.0,2026-09-11T08:00:00+00:00,0.00968001307453672,0.0021,0.0024,0.00221708,0.00225,79172.09,BTC-11SEP26,0.3639,-0.12445,15.98498,1043.5,79.3,0.0002999999999999999,BTC,79149.13,13898.29
2026-09-07T19:08:42.019399+00:00,BTC-26MAR27-84000-C,81182.49,BTC-26MAR27,call,84000.0,2027-03-26T08:00:00+00:00,0.5462987673524287,0.102,0.1045,0.10329339,0.10325,81182.49,BTC-26MAR27,0.40090000000000003,0.51291,239.28237,263.2,0.0,0.0025000000000000022,BTC,79149.13,0.0
2026-09-07T19:08:42.019399+00:00,BTC-8SEP26-71000-C,79151.53,BTC-8SEP26,call,71000.0,2026-09-08T08:00:00+00:00,0.0014664607131404165,0.101,0.105,0.10298911,0.103,79151.53,BTC-8SEP26,0.6127,1.0,0.00026,0.0,0.0,0.00399999999999999,BTC,79149.13,0.0
2026-09-07T19:08:42.019399+00:00,BTC-25JUN27-160000-C,82165.2,BTC-25JUN27,call,160000.0,2027-06-25T08:00:00+00:00,0.7954431889814498,0.0135,0.015,0.0142344,0.01425,82165.2,BTC-25JUN27,0.47369999999999995,0.08595,114.99244,553.3,0.3,0.0014999999999999996,BTC,79149.13,352.94
2026-09-07T19:08:42.019399+00:00,BTC-25JUN27-170000-P,82165.2,BTC-25JUN27,put,170000.0,2027-06-25T08:00:00+00:00,0.7954431889814498,1.074,1.0905,1.08074288,1.08225,82165.2,BTC-25JUN27,0.485,-0.92847,100.05399,14.7,0.0,0.01649999999999996,BTC,79149.13,0.0
2026-09-07T19:08:42.019399+00:00,BTC-9SEP26-77500-C,79158.4,BTC-9SEP26,call,77500.0,2026-09-09T08:00:00+00:00,0.0042043115002725175,0.0205,0.0245,0.0225936,0.0225,79158.4,BTC-9SEP26,0.3201,0.84615,12.16827,0.0,0.0,0.004,BTC,79149.73,0.0
2026-09-07T19:08:42.019399+00:00,BTC-10SEP26-81500-C,79164.88,BTC-10SEP26,call,81500.0,2026-09-10T08:00:00+00:00,0.006942162287404618,0.0021,0.0026,0.0023277,0.00235,79164.88,BTC-10SEP26,0.3425,0.15563,15.75838,9.8,9.1,0.0005,BTC,79149.13,4240.26
2026-09-07T19:08:42.019399+00:00,BTC-25SEP26-86000-P,79259.81,BTC-25SEP26,put,86000.0,2026-09-25T08:00:00+00:00,0.04800992409438613,0.0905,0.0945,0.09294022,0.0925,79259.81,BTC-25SEP26,0.387,-0.82179,45.29025,11.7,0.0,0.0040000000000000036,BTC,79149.13,0.0
2026-09-07T19:08:42.019399+00:00,BTC-8SEP26-76000-P,79151.53,BTC-8SEP26,put,76000.0,2026-09-08T08:00:00+00:00,0.0014664607131404165,,0.0001,2.15e-05,,79151.53,BTC-8SEP26,0.40619999999999995,-0.00457,0.40433,23.0,21.7,,BTC,79149.73,364.74
2026-09-07T19:08:42.019399+00:00,BTC-25SEP26-68000-C,79259.81,BTC-25SEP26,call,68000.0,2026-09-25T08:00:00+00:00,0.04800992409438613,0.1425,0.1465,0.14427354,0.1445,79259.81,BTC-25SEP26,0.4436,0.94774,18.55655,888.3,1.7,0.0040000000000000036,BTC,79149.73,21190.18
2026-09-07T19:08:42.019399+00:00,BTC-11SEP26-73000-P,79172.03,BTC-11SEP26,put,73000.0,2026-09-11T08:00:00+00:00,0.00968001307453672,0.0004,0.0006,0.00054213,0.0005,79172.03,BTC-11SEP26,0.4476,-0.03133,5.49322,1128.9,161.9,0.00019999999999999993,BTC,79149.73,5276.07
2026-09-07T19:08:42.019399+00:00,BTC-27NOV26-74000-P,79919.44,BTC-27NOV26,put,74000.0,2026-11-27T08:00:00+00:00,0.2204945236837085,0.0395,0.0405,0.03991446,0.04,79919.44,BTC-27NOV26,0.3935,-0.30589,131.63738,41.0,10.0,0.0010000000000000009,BTC,79149.73,30652.63
2026-09-07T19:08:42.019399+00:00,BTC-25SEP26-280000-C,79259.81,BTC-25SEP26,call,280000.0,2026-09-25T08:00:00+00:00,0.04800992409438613,,0.0001,5.1e-07,,79259.81,BTC-25SEP26,1.2987,1e-05,0.00692,76.1,0.0,,BTC,79149.73,0.0
2026-09-07T19:08:42.019399+00:00,BTC-25DEC26-230000-C,80232.99,BTC-25DEC26,call,230000.0,2026-12-25T08:00:00+00:00,0.2971543457234073,0.0002,0.0005,0.00032375,0.00035,80232.99,BTC-25DEC26,0.6651,0.00324,4.28513,190.5,0.0,0.00030000000000000003,BTC,79149.73,0.0
2026-09-07T19:08:42.019399+00:00,BTC-9SEP26-87000-C,79157.74,BTC-9SEP26,call,87000.0,2026-09-09T08:00:00+00:00,0.0042043115002725175,,0.0001,1.585e-05,,79157.74,BTC-9SEP26,0.4953,0.00169,0.27846,0.2,0.1,,BTC,79151.14,0.8
2026-09-07T19:08:42.019399+00:00,BTC-27NOV26-95000-P,79919.44,BTC-27NOV26,put,95000.0,2026-11-27T08:00:00+00:00,0.2204945236837085,0.2055,0.211,0.20868544,0.20825,79919.44,BTC-27NOV26,0.40149999999999997,-0.79481,106.69588,0.0,0.0,0.005500000000000005,BTC,79149.73,0.0
2026-09-07T19:08:42.019399+00:00,BTC-18SEP26-79000-P,79224.51,BTC-18SEP26,put,79000.0,2026-09-18T08:00:00+00:00,0.02884496858446143,0.0235,0.024,0.02364393,0.02375,79224.51,BTC-18SEP26,0.3699,-0.47071,53.53993,229.9,76.5,0.0005000000000000004,BTC,79151.14,136309.31
2026-09-07T19:08:42.019399+00:00,BTC-9SEP26-80000-P,79157.74,BTC-9SEP26,put,80000.0,2026-09-09T08:00:00+00:00,0.0042043115002725175,0.0125,0.016,0.01436793,0.01425,79157.74,BTC-9SEP26,0.3053,-0.70352,17.7473,6.3,1.9,0.0034999999999999996,BTC,79151.14,1625.25
2026-09-07T19:08:42.019399+00:00,BTC-18SEP26-95000-C,79223.97,BTC-18SEP26,call,95000.0,2026-09-18T08:00:00+00:00,0.02884496858446143,0.0004,0.0005,0.00048779,0.00045,79223.97,BTC-18SEP26,0.4927,0.01659,5.55644,151.1,6.0,9.999999999999999e-05,BTC,79151.14,357.38
2026-09-07T19:08:42.019399+00:00,BTC-25JUN27-98000-C,82164.66,BTC-25JUN27,call,98000.0,2027-06-25T08:00:00+00:00,0.7954431889814498,0.081,0.0835,0.08223145,0.08225,82164.66,BTC-25JUN27,0.41479999999999995,0.38522,280.19414,42.6,0.0,0.0025000000000000022,BTC,79151.14,0.0
2026-09-07T19:08:42.019399+00:00,BTC-25DEC26-50000-P,80232.99,BTC-25DEC26,put,50000.0,2026-12-25T08:00:00+00:00,0.2971543457234073,0.005,0.0055,0.00525029,0.00525,80232.99,BTC-25DEC26,0.5393,-0.03965,37.42847,2143.9,28.5,0.0004999999999999996,BTC,79151.14,10208.61
2026-09-07T19:08:42.019399+00:00,BTC-25DEC26-54000-P,80232.45,BTC-25DEC26,put,54000.0,2026-12-25T08:00:00+00:00,0.2971543457234073,0.007,0.0075,0.00725292,0.00725,80232.45,BTC-25DEC26,0.5,-0.05614,49.45258,1856.4,0.0,0.0004999999999999996,BTC,79151.14,0.0
2026-09-07T19:08:42.019399+00:00,BTC-11SEP26-75000-C,79172.03,BTC-11SEP26,call,75000.0,2026-09-11T08:00:00+00:00,0.00968001307453672,0.0525,0.0565,0.05396082,0.0545,79172.03,BTC-11SEP26,0.385,0.92555,10.96534,96.4,0.0,0.0040000000000000036,BTC,79151.14,0.0
2026-09-07T19:08:42.019399+00:00,BTC-25DEC26-92000-P,80232.99,BTC-25DEC26,put,92000.0,2026-12-25T08:00:00+00:00,0.2971543457234073,0.181,0.185,0.18302744,0.183,80232.99,BTC-25DEC26,0.39380000000000004,-0.70225,151.57552,6.6,0.0,0.0040000000000000036,BTC,79151.14,0.0
2026-09-07T19:08:42.019399+00:00,BTC-26MAR27-78000-P,81182.49,BTC-26MAR27,put,78000.0,2027-03-26T08:00:00+00:00,0.5462987673524287,0.0965,0.0985,0.09753961,0.0975,81182.49,BTC-26MAR27,0.40299999999999997,-0.38876,230.04686,264.3,1.0,0.0020000000000000018,BTC,79151.14,7855.45
2026-09-07T19:08:42.019399+00:00,BTC-25SEP26-54000-C,79259.81,BTC-25SEP26,call,54000.0,2026-09-25T08:00:00+00:00,0.04800992409438613,0.3175,0.321,0.31887641,0.31925,79259.81,BTC-25SEP26,0.6745,0.99619,1.96822,7.4,0.0,0.003500000000000003,BTC,79151.14,0.0
2026-09-07T19:08:42.019399+00:00,BTC-27NOV26-90000-C,79918.83,BTC-27NOV26,call,90000.0,2026-11-27T08:00:00+00:00,0.2204945236837085,0.0305,0.0315,0.03095768,0.031,79918.83,BTC-27NOV26,0.3946,0.29144,128.77081,28.1,0.0,0.0010000000000000009,BTC,79151.14,0.0
2026-09-07T19:08:42.019399+00:00,BTC-9SEP26-72000-P,79157.74,BTC-9SEP26,put,72000.0,2026-09-09T08:00:00+00:00,0.0042043115002725175,,0.0002,8.303e-05,,79157.74,BTC-9SEP26,0.5938,-0.00666,0.95669,3.7,2.4,,BTC,79151.14,26.24
2026-09-07T19:08:42.019399+00:00,BTC-25DEC26-108000-C,80232.99,BTC-25DEC26,call,108000.0,2026-12-25T08:00:00+00:00,0.2971543457234073,0.012,0.013,0.01229025,0.0125,80232.99,BTC-25DEC26,0.4217,0.11945,87.22315,151.9,0.2,0.0009999999999999992,BTC,79151.14,215.47
2026-09-07T19:08:42.019399+00:00,BTC-25DEC26-60000-P,80232.99,BTC-25DEC26,put,60000.0,2026-12-25T08:00:00+00:00,0.2971543457234073,0.012,0.013,0.01253357,0.0125,80232.99,BTC-25DEC26,0.4532,-0.09707,75.11498,6247.0,1.7,0.0009999999999999992,BTC,79151.14,1622.15
2026-09-07T19:08:42.019399+00:00,BTC-25JUN27-58000-C,82164.66,BTC-25JUN27,call,58000.0,2027-06-25T08:00:00+00:00,0.7954431889814498,0.326,0.3325,0.32946209,0.32925,82164.66,BTC-25JUN27,0.4493,0.85741,165.16756,13.8,0.0,0.006500000000000006,BTC,79151.14,0.0
2026-09-07T19:08:42.019399+00:00,BTC-25DEC26-250000-P,80232.99,BTC-25DEC26,put,250000.0,2026-12-25T08:00:00+00:00,0.2971543457234073,2.102,2.1325,2.11615795,2.11725,80232.99,BTC-25DEC26,0.6873,-0.99778,3.05107,10.0,0.0,0.03049999999999997,BTC,79151.14,0.0
2026-09-07T19:08:42.019399+00:00,BTC-11SEP26-69000-C,79172.03,BTC-11SEP26,call,69000.0,2026-09-11T08:00:00+00:00,0.00968001307453672,0.1265,0.1305,0.12865595,0.1285,79172.03,BTC-11SEP26,0.5974,0.99099,1.89547,3.8,0.0,0.0040000000000000036,BTC,79151.14,0.0
2026-09-07T19:08:42.019399+00:00,BTC-25SEP26-85000-C,79259.81,BTC-25SEP26,call,85000.0,2026-09-25T08:00:00+00:00,0.04800992409438613,0.0095,0.01,0.00971118,0.00975,79259.81,BTC-25SEP26,0.38079999999999997,0.21266,50.43111,9248.9,220.8,0.0005000000000000004,BTC,79151.14,190896.92
2026-09-07T19:08:42.019399+00:00,BTC-26MAR27-190000-P,81182.49,BTC-26MAR27,put,190000.0,2027-03-26T08:00:00+00:00,0.5462987673524287,1.3315,1.36,1.3439061,1.34575,81182.49,BTC-26MAR27,0.5377000000000001,-0.97384,36.43149,0.9,0.0,0.028500000000000192,BTC,79150.31,0.0
2026-09-07T19:08:42.019399+00:00,BTC-11SEP26-78000-P,79171.49,BTC-11SEP26,put,78000.0,2026-09-11T08:00:00+00:00,0.00968001307453672,0.007,0.008,0.00750911,0.0075,79171.49,BTC-11SEP26,0.3503,-0.32839,28.15448,400.2,47.4,0.001,BTC,79150.31,27161.24
2026-09-07T19:08:42.019399+00:00,BTC-25DEC26-160000-C,80232.99,BTC-25DEC26,call,160000.0,2026-12-25T08:00:00+00:00,0.2971543457234073,0.0012,0.0016,0.00139285,0.0014,80232.99,BTC-25DEC26,0.5434,0.01456,16.14848,1291.8,0.0,0.0004000000000000002,BTC,79150.31,0.0
2026-09-07T19:08:42.019399+00:00,BTC-11SEP26-77000-C,79172.03,BTC-11SEP26,call,77000.0,2026-09-11T08:00:00+00:00,0.00968001307453672,0.03,0.0335,0.03151275,0.03175,79172.03,BTC-11SEP26,0.3519,0.79244,22.29571,125.1,4.5,0.003500000000000003,BTC,79150.31,11324.6
2026-09-07T19:08:42.019399+00:00,BTC-27NOV26-82000-C,79918.83,BTC-27NOV26,call,82000.0,2026-11-27T08:00:00+00:00,0.2204945236837085,0.0605,0.062,0.06112724,0.06125,79918.83,BTC-27NOV26,0.3873,0.4795,149.53657,60.8,7.8,0.0015000000000000013,BTC,79150.31,39737.9
2026-09-07T19:08:42.019399+00:00,BTC-25DEC26-88000-P,80232.99,BTC-25DEC26,put,88000.0,2026-12-25T08:00:00+00:00,0.2971543457234073,0.1435,0.147,0.14530802,0.14525,80232.99,BTC-25DEC26,0.3896,-0.62912,165.29058,7.5,0.0,0.003500000000000003,BTC,79150.31,0.0
2026-09-07T19:08:42.019399+00:00,BTC-9SEP26-85000-C,79157.74,BTC-9SEP26,call,85000.0,2026-09-09T08:00:00+00:00,0.0042043115002725175,,0.0001,7.459e-05,,79157.74,BTC-9SEP26,0.4512,0.00763,1.0794,13.6,15.0,,BTC,79150.14,710.44
2026-09-07T19:08:42.019399+00:00,BTC-25SEP26-96000-P,79259.81,BTC-25SEP26,put,96000.0,2026-09-25T08:00:00+00:00,0.04800992409438613,0.2085,0.2145,0.21240079,0.2115,79259.81,BTC-25SEP26,0.45799999999999996,-0.96865,12.2565,1.0,0.0,0.006000000000000005,BTC,79150.31,0.0
2026-09-07T19:08:42.019399+00:00,BTC-25DEC26-96000-P,80232.45,BTC-25DEC26,put,96000.0,2026-12-25T08:00:00+00:00,0.2971543457234073,0.2215,0.2265,0.22367262,0.224,80232.45,BTC-25DEC26,0.3982,-0.76383,134.794,23.9,0.0,0.0050000000000000044,BTC,79150.14,0.0
2026-09-07T19:08:42.019399+00:00,BTC-25DEC26-90000-C,80232.99,BTC-25DEC26,call,90000.0,2026-12-25T08:00:00+00:00,0.2971543457234073,0.0415,0.0425,0.0420013,0.042,80232.99,BTC-25DEC26,0.39149999999999996,0.33286,158.96198,3788.0,109.5,0.0010000000000000009,BTC,79150.14,375269.96
2026-09-07T19:08:42.019399+00:00,BTC-26MAR27-66000-C,81182.49,BTC-26MAR27,call,66000.0,2027-03-26T08:00:00+00:00,0.5462987673524287,0.227,0.2325,0.22963718,0.22975,81182.49,BTC-26MAR27,0.4228,0.7933,171.34568,23.8,0.0,0.005500000000000005,BTC,79150.14,0.0
2026-09-07T19:08:42.019399+00:00,BTC-25JUN27-62000-P,82165.2,BTC-25JUN27,put,62000.0,2027-06-25T08:00:00+00:00,0.7954431889814498,0.046,0.0475,0.04672888,0.04675,82165.2,BTC-25JUN27,0.4397,-0.18052,192.66293,115.3,0.0,0.0015000000000000013,BTC,79150.14,0.0
2026-09-07T19:08:42.019399+00:00,BTC-27NOV26-89000-C,79918.83,BTC-27NOV26,call,89000.0,2026-11-27T08:00:00+00:00,0.2204945236837085,0.033,0.0345,0.03371708,0.03375,79918.83,BTC-27NOV26,0.3931,0.31145,132.68066,180.0,0.0,0.0015000000000000013,BTC,79150.14,0.0
2026-09-07T19:08:42.019399+00:00,BTC-26MAR27-200000-P,81182.49,BTC-26MAR27,put,200000.0,2027-03-26T08:00:00+00:00,0.5462987673524287,1.4535,1.48,1.46654243,1.46675,81182.49,BTC-26MAR27,0.5503,-0.97794,31.56514,1.0,0.0,0.026499999999999968,BTC,79150.14,0.0
2026-09-07T19:08:42.019399+00:00,BTC-26MAR27-45000-C,81182.49,BTC-26MAR27,call,45000.0,2027-03-26T08:00:00+00:00,0.5462987673524287,0.4505,0.4565,0.4534228,0.4535,81182.49,BTC-26MAR27,0.5214,0.95755,54.26668,3.3,0.0,0.006000000000000005,BTC,79150.14,0.0
2026-09-07T19:08:42.019399+00:00,BTC-25SEP26-30000-P,79259.81,BTC-25SEP26,put,30000.0,2026-09-25T08:00:00+00:00,0.04800992409438613,,0.0001,7.01e-06,,79259.81,BTC-25SEP26,1.238,-0.0001,0.06961,2959.5,0.0,,BTC,79150.14,0.0
2026-09-07T19:08:42.019399+00:00,BTC-11SEP26-70000-P,79171.49,BTC-11SEP26,put,70000.0,2026-09-11T08:00:00+00:00,0.00968001307453672,0.0001,0.0003,0.00018158,0.0002,79171.49,BTC-11SEP26,0.5428999999999999,-0.00996,2.06925,797.7,87.9,0.00019999999999999998,BTC,79150.14,2007.45
2026-09-07T19:08:42.019399+00:00,BTC-30OCT26-95000-C,79603.16,BTC-30OCT26,call,95000.0,2026-10-30T08:00:00+00:00,0.14383470164400966,0.0095,0.0105,0.01013372,0.01,79603.16,BTC-30OCT26,0.402,0.13902,66.88434,2093.6,1.6,0.0010000000000000009,BTC,79150.14,1459.28
2026-09-07T19:08:42.019399+00:00,BTC-26MAR27-160000-C,81182.49,BTC-26MAR27,call,160000.0,2027-03-26T08:00:00+00:00,0.5462987673524287,0.0055,0.007,0.00621903,0.00625,81182.49,BTC-26MAR27,0.49369999999999997,0.04679,58.69212,1034.1,0.1,0.0015000000000000005,BTC,79149.34,47.66
2026-09-07T19:08:42.019399+00:00,BTC-25SEP26-260000-C,79260.35,BTC-25SEP26,call,260000.0,2026-09-25T08:00:00+00:00,0.04800992409438613,,0.0001,5.4e-07,,79260.35,BTC-25SEP26,1.2309,1e-05,0.00764,293.3,0.0,,BTC,79149.34,0.0
2026-09-07T19:08:42.019399+00:00,BTC-30OCT26-50000-C,79603.16,BTC-30OCT26,call,50000.0,2026-10-30T08:00:00+00:00,0.14383470164400966,0.372,0.3755,0.37327091,0.37375,79603.16,BTC-30OCT26,0.6023,0.98417,11.97763,0.1,0.0,0.003500000000000003,BTC,79150.14,0.0
2026-09-07T19:08:42.019399+00:00,BTC-25DEC26-66000-P,80232.99,BTC-25DEC26,put,66000.0,2026-12-25T08:00:00+00:00,0.2971543457234073,0.0225,0.023,0.02283811,0.02275,80232.99,BTC-25DEC26,0.4214,-0.16758,109.67834,423.2,0.0,0.0005000000000000004,BTC,79149.34,0.0
2026-09-07T19:08:42.019399+00:00,BTC-25SEP26-82000-C,79259.81,BTC-25SEP26,call,82000.0,2026-09-25T08:00:00+00:00,0.04800992409438613,0.018,0.019,0.01843461,0.0185,79259.81,BTC-25SEP26,0.3696,0.35179,64.45695,7083.7,155.1,0.0010000000000000009,BTC,79149.34,241975.69
2026-09-07T19:08:42.019399+00:00,BTC-30OCT26-96000-C,79603.16,BTC-30OCT26,call,96000.0,2026-10-30T08:00:00+00:00,0.14383470164400966,0.0085,0.0095,0.00904112,0.009,79603.16,BTC-30OCT26,0.4044,0.126,62.50107,195.6,1.2,0.0009999999999999992,BTC,79149.34,843.64
2026-09-07T19:08:42.019399+00:00,BTC-26MAR27-92000-P,81182.49,BTC-26MAR27,put,92000.0,2027-03-26T08:00:00+00:00,0.5462987673524287,0.201,0.206,0.20367458,0.2035,81182.49,BTC-26MAR27,0.4025,-0.6073,230.69687,1.4,0.0,0.004999999999999977,BTC,79149.34,0.0
2026-09-07T19:08:42.019399+00:00,BTC-25DEC26-190000-P,80232.99,BTC-25DEC26,put,190000.0,2026-12-25T08:00:00+00:00,0.2971543457234073,1.3575,1.381,1.36886434,1.36925,80232.99,BTC-25DEC26,0.6093,-0.99245,9.11588,0.0,0.0,0.023500000000000076,BTC,79149.34,0.0
2026-09-07T19:08:42.019399+00:00,BTC-18SEP26-80000-P,79223.97,BTC-18SEP26,put,80000.0,2026-09-18T08:00:00+00:00,0.02884496858446143,0.03,0.031,0.03054175,0.0305,79223.97,BTC-18SEP26,0.3721,-0.55014,53.25883,121.5,3.4,0.0010000000000000009,BTC,79148.76,6771.51
2026-09-07T19:08:42.019399+00:00,BTC-27NOV26-64000-P,79918.83,BTC-27NOV26,put,64000.0,2026-11-27T08:00:00+00:00,0.2204945236837085,0.012,0.013,0.01250627,0.0125,79918.83,BTC-27NOV26,0.4315,-0.11578,73.20345,23.3,0.0,0.0009999999999999992,BTC,79149.34,0.0
2026-09-07T19:08:42.019399+00:00,BTC-25DEC26-35000-C,80232.99,BTC-25DEC26,call,35000.0,2026-12-25T08:00:00+00:00,0.2971543457234073,0.564,0.5665,0.56530762,0.56525,80232.99,BTC-25DEC26,0.7162999999999999,0.98979,11.86753,87.8,0.0,0.0025000000000000577,BTC,79148.76,0.0
2026-09-07T19:08:42.019399+00:00,BTC-25DEC26-160000-P,80232.99,BTC-25DEC26,put,160000.0,2026-12-25T08:00:00+00:00,0.2971543457234073,0.986,1.0055,0.99559197,0.99575,80232.99,BTC-25DEC26,0.5434,-0.98544,16.14574,0.1,0.0,0.019500000000000073,BTC,79148.76,0.0
2026-09-07T19:08:42.019399+00:00,BTC-27NOV26-89000-P,79918.83,BTC-27NOV26,put,89000.0,2026-11-27T08:00:00+00:00,0.2204945236837085,0.145,0.1485,0.14734699,0.14675,79918.83,BTC-27NOV26,0.3931,-0.68858,132.67288,0.0,0.0,0.003500000000000003,BTC,79148.76,0.0
2026-09-07T19:08:42.019399+00:00,BTC-25DEC26-120000-C,80232.99,BTC-25DEC26,call,120000.0,2026-12-25T08:00:00+00:00,0.2971543457234073,0.006,0.0065,0.00637708,0.00625,80232.99,BTC-25DEC26,0.4511,0.06505,55.49966,5827.2,0.5,0.0004999999999999996,BTC,79148.76,287.16
2026-09-07T19:08:42.019399+00:00,BTC-9SEP26-88000-C,79157.74,BTC-9SEP26,call,88000.0,2026-09-09T08:00:00+00:00,0.0042043115002725175,,0.0001,1.218e-05,,79157.74,BTC-9SEP26,0.5371,0.00123,0.20814,2.3,0.2,,BTC,79148.76,2.4
2026-09-07T19:08:42.019399+00:00,BTC-26MAR27-72000-P,81181.95,BTC-26MAR27,put,72000.0,2027-03-26T08:00:00+00:00,0.5462987673524287,0.0655,0.067,0.06616602,0.06625,81181.95,BTC-26MAR27,0.4113,-0.29251,206.24858,159.3,0.0,0.0015000000000000013,BTC,79148.76,0.0
2026-09-07T19:08:42.019399+00:00,BTC-10SEP26-84000-C,79164.88,BTC-10SEP26,call,84000.0,2026-09-10T08:00:00+00:00,0.006942162287404618,0.0003,0.0005,0.00038789,0.0004,79164.88,BTC-10SEP26,0.3801,0.03128,4.64543,6.2,5.7,0.00020000000000000004,BTC,79148.76,326.51
2026-09-07T19:08:42.019399+00:00,BTC-11SEP26-77500-C,79172.03,BTC-11SEP26,call,77500.0,2026-09-11T08:00:00+00:00,0.00968001307453672,0.025,0.0285,0.02670094,0.02675,79172.03,BTC-11SEP26,0.3506,0.73576,25.47649,0.0,0.0,0.0034999999999999996,BTC,79148.67,0.0
2026-09-07T19:08:42.019399+00:00,BTC-25DEC26-150000-C,80232.99,BTC-25DEC26,call,150000.0,2026-12-25T08:00:00+00:00,0.2971543457234073,0.0017,0.0022,0.00193722,0.00195,80232.99,BTC-25DEC26,0.5235,0.02021,21.36487,1691.6,15.3,0.0005000000000000002,BTC,79148.67,2314.34
2026-09-07T19:08:42.019399+00:00,BTC-18SEP26-83000-C,79224.51,BTC-18SEP26,call,83000.0,2026-09-18T08:00:00+00:00,0.02884496858446143,0.0085,0.0095,0.0089916,0.009,79224.51,BTC-18SEP26,0.3779,0.24311,42.12544,550.6,11.5,0.0009999999999999992,BTC,79148.67,9919.81
2026-09-07T19:08:42.019399+00:00,BTC-30OCT26-58000-P,79603.16,BTC-30OCT26,put,58000.0,2026-10-30T08:00:00+00:00,0.14383470164400966,0.003,0.0034,0.00319926,0.0032,79603.16,BTC-30OCT26,0.5006,-0.03911,25.54498,329.8,0.0,0.00039999999999999975,BTC,79148.76,0.0
2026-09-07T19:08:42.019399+00:00,BTC-25JUN27-190000-C,82164.66,BTC-25JUN27,call,190000.0,2027-06-25T08:00:00+00:00,0.7954431889814498,0.0075,0.009,0.00822649,0.00825,82164.66,BTC-25JUN27,0.505,0.05096,76.73985,48.9,0.3,0.0014999999999999996,BTC,79148.67,203.2
2026-09-07T19:08:42.019399+00:00,BTC-26MAR27-58000-P,81182.49,BTC-26MAR27,put,58000.0,2027-03-26T08:00:00+00:00,0.5462987673524287,0.0215,0.023,0.02232967,0.02225,81182.49,BTC-26MAR27,0.4471,-0.11866,119.09689,138.1,1.0,0.0015000000000000013,BTC,79148.67,1828.65
2026-09-07T19:08:42.019399+00:00,BTC-27NOV26-96000-C,79919.44,BTC-27NOV26,call,96000.0,2026-11-27T08:00:00+00:00,0.2204945236837085,0.018,0.019,0.01848018,0.0185,79919.44,BTC-27NOV26,0.4044,0.19184,102.45176,34.0,0.0,0.0010000000000000009,BTC,79148.67,0.0
2026-09-07T19:08:42.019399+00:00,BTC-25JUN27-100000-C,82164.66,BTC-25JUN27,call,100000.0,2027-06-25T08:00:00+00:00,0.7954431889814498,0.0755,0.078,0.07670622,0.07675,82164.66,BTC-25JUN27,0.41609999999999997,0.36539,275.57249,204.0,0.2,0.0025000000000000022,BTC,79148.67,1229.42
2026-09-07T19:08:42.019399+00:00,BTC-27NOV26-72000-P,79919.44,BTC-27NOV26,put,72000.0,2026-11-27T08:00:00+00:00,0.2204945236837085,0.0315,0.0325,0.03200169,0.032,79919.44,BTC-27NOV26,0.39840000000000003,-0.25783,121.2136,28.7,0.0,0.0010000000000000009,BTC,79148.67,0.0
2026-09-07T19:08:42.019399+00:00,BTC-25SEP26-88000-C,79260.35,BTC-25SEP26,call,88000.0,2026-09-25T08:00:00+00:00,0.04800992409438613,0.0049,0.0055,0.00516184,0.0052,79260.35,BTC-25SEP26,0.39799999999999996,0.12357,35.46827,1523.3,8.4,0.0005999999999999998,BTC,79148.67,4045.22
2026-09-07T19:08:42.019399+00:00,BTC-25DEC26-66000-C,80232.99,BTC-25DEC26,call,66000.0,2026-12-25T08:00:00+00:00,0.2971543457234073,0.1985,0.2025,0.20023097,0.2005,80232.99,BTC-25DEC26,0.4214,0.83242,109.67788,279.7,0.0,0.0040000000000000036,BTC,79149.6,0.0
2026-09-07T19:08:42.019399+00:00,BTC-25DEC26-102000-C,80232.99,BTC-25DEC26,call,102000.0,2026-12-25T08:00:00+00:00,0.2971543457234073,0.0175,0.0185,0.01798108,0.018,80232.99,BTC-25DEC26,0.40880000000000005,0.16702,109.44397,383.9,0.2,0.0009999999999999974,BTC,79149.6,310.89
2026-09-07T19:08:42.019399+00:00,BTC-26MAR27-104000-C,81182.49,BTC-26MAR27,call,104000.0,2027-03-26T08:00:00+00:00,0.5462987673524287,0.039,0.041,0.03997668,0.04,81182.49,BTC-26MAR27,0.41100000000000003,0.25341,192.06988,115.2,0.0,0.0020000000000000018,BTC,79149.6,0.0
2026-09-07T19:08:42.019399+00:00,BTC-27NOV26-66000-P,79918.83,BTC-27NOV26,put,66000.0,2026-11-27T08:00:00+00:00,0.2204945236837085,0.0155,0.0165,0.01601011,0.016,79918.83,BTC-27NOV26,0.42229999999999995,-0.14394,85.1218,185.8,0.0,0.0010000000000000009,BTC,79149.6,0.0
2026-09-07T19:08:42.019399+00:00,BTC-30OCT26-84000-C,79603.16,BTC-30OCT26,call,84000.0,2026-10-30T08:00:00+00:00,0.14383470164400966,0.0345,0.0355,0.03503293,0.035,79603.16,BTC-30OCT26,0.37689999999999996,0.37982,114.94795,1102.9,0.2,0.000999999999999994,BTC,79149.6,571.69
2026-09-07T19:08:42.019399+00:00,BTC-25DEC26-170000-C,80232.45,BTC-25DEC26,call,170000.0,2026-12-25T08:00:00+00:00,0.2971543457234073,0.0009,0.0013,0.00108589,0.0011,80232.45,BTC-25DEC26,0.5654,0.01125,12.91885,2393.8,0.0,0.00039999999999999996,BTC,79149.6,0.0
2026-09-07T19:08:42.019399+00:00,BTC-25SEP26-65000-C,79260.35,BTC-25SEP26,call,65000.0,2026-09-25T08:00:00+00:00,0.04800992409438613,0.1795,0.1835,0.18113116,0.1815,79260.35,BTC-25SEP26,0.4891,0.97145,11.34312,1275.9,0.0,0.0040000000000000036,BTC,79149.6,0.0
2026-09-07T19:08:42.019399+00:00,BTC-30OCT26-85000-P,79603.16,BTC-30OCT26,put,85000.0,2026-10-30T08:00:00+00:00,0.14383470164400966,0.097,0.1005,0.09925337,0.09875,79603.16,BTC-30OCT26,0.37929999999999997,-0.64995,111.84324,105.5,0.0,0.003500000000000003,BTC,79149.6,0.0
2026-09-07T19:08:42.019399+00:00,BTC-26MAR27-130000-P,81182.49,BTC-26MAR27,put,130000.0,2027-03-26T08:00:00+00:00,0.5462987673524287,0.61,0.6205,0.6150785,0.61525,81182.49,BTC-26MAR27,0.4421,-0.89931,105.85165,0.4,0.0,0.010500000000000065,BTC,79149.94,0.0
2026-09-07T19:08:42.019399+00:00,BTC-27NOV26-58000-P,79919.44,BTC-27NOV26,put,58000.0,2026-11-27T08:00:00+00:00,0.2204945236837085,0.006,0.007,0.0064957,0.0065,79919.44,BTC-27NOV26,0.4768,-0.06146,45.56037,14.2,1.1,0.001,BTC,79149.6,534.1
2026-09-07T19:08:42.019399+00:00,BTC-26MAR27-80000-P,81182.49,BTC-26MAR27,put,80000.0,2027-03-26T08:00:00+00:00,0.5462987673524287,0.109,0.1115,0.11028547,0.11025,81182.49,BTC-26MAR27,0.4025,-0.42176,234.79257,214.5,0.0,0.0025000000000000022,BTC,79149.94,0.0
2026-09-07T19:08:42.019399+00:00,BTC-8SEP26-88000-C,79152.07,BTC-8SEP26,call,88000.0,2026-09-08T08:00:00+00:00,0.0014664607131404165,,0.0001,0.0,,79152.07,BTC-8SEP26,0.5368999999999999,0.0,2e-05,18.3,0.0,,BTC,79149.94,0.0
2026-09-07T19:08:42.019399+00:00,BTC-27NOV26-86000-P,79918.83,BTC-27NOV26,put,86000.0,2026-11-27T08:00:00+00:00,0.2204945236837085,0.117,0.121,0.11967768,0.119,79918.83,BTC-27NOV26,0.3895,-0.62196,142.67878,30.2,0.0,0.00399999999999999,BTC,79149.94,0.0
2026-09-07T19:08:42.019399+00:00,BTC-8SEP26-85000-P,79151.53,BTC-8SEP26,put,85000.0,2026-09-08T08:00:00+00:00,0.0014664607131404165,0.0715,0.0765,0.07388635,0.074,79151.53,BTC-8SEP26,0.44939999999999997,-0.99998,0.00221,0.0,0.0,0.0050000000000000044,BTC,79149.94,0.0
2026-09-07T19:08:42.019399+00:00,BTC-30OCT26-52000-C,79603.16,BTC-30OCT26,call,52000.0,2026-10-30T08:00:00+00:00,0.14383470164400966,0.3465,0.351,0.34844818,0.34875,79603.16,BTC-30OCT26,0.575,0.98031,14.42907,0.1,0.0,0.004500000000000004,BTC,79149.94,0.0
2026-09-07T19:08:42.019399+00:00,BTC-25SEP26-300000-C,79259.81,BTC-25SEP26,call,300000.0,2026-09-25T08:00:00+00:00,0.04800992409438613,,0.0001,5e-07,,79259.81,BTC-25SEP26,1.3629,1e-05,0.00649,196.3,0.0,,BTC,79149.94,0.0
2026-09-07T19:08:42.019399+00:00,BTC-10SEP26-81500-P,79164.88,BTC-10SEP26,put,81500.0,2026-09-10T08:00:00+00:00,0.006942162287404618,0.0295,0.034,0.03183242,0.03175,79164.88,BTC-10SEP26,0.3425,-0.84422,15.76884,0.0,0.0,0.004500000000000004,BTC,79149.94,0.0
2026-09-07T19:08:42.019399+00:00,BTC-11SEP26-68000-C,79171.49,BTC-11SEP26,call,68000.0,2026-09-11T08:00:00+00:00,0.00968001307453672,0.139,0.143,0.14124492,0.141,79171.49,BTC-11SEP26,0.6324000000000001,0.99328,1.46465,3.1,0.0,0.003999999999999976,BTC,79148.85,0.0
2026-09-07T19:08:42.019399+00:00,BTC-26MAR27-40000-C,81182.49,BTC-26MAR27,call,40000.0,2027-03-26T08:00:00+00:00,0.5462987673524287,0.511,0.514,0.51225766,0.5125,81182.49,BTC-26MAR27,0.5572,0.97279,37.64415,82.1,0.0,0.0030000000000000027,BTC,79148.85,0.0
2026-09-07T19:08:42.019399+00:00,BTC-11SEP26-71000-P,79171.49,BTC-11SEP26,put,71000.0,2026-09-11T08:00:00+00:00,0.00968001307453672,0.0002,0.0003,0.00025146,0.00025,79171.49,BTC-11SEP26,0.5097,-0.01417,2.80943,384.2,116.4,9.999999999999996e-05,BTC,79148.85,5176.79
2026-09-07T19:08:42.019399+00:00,BTC-25SEP26-135000-C,79260.35,BTC-25SEP26,call,135000.0,2026-09-25T08:00:00+00:00,0.04800992409438613,,0.0001,2.889e-05,,79260.35,BTC-25SEP26,0.7404999999999999,0.00069,0.41299,474.7,33.0,,BTC,79148.85,262.17
2026-09-07T19:08:42.019399+00:00,BTC-25JUN27-64000-C,82165.2,BTC-25JUN27,call,64000.0,2027-06-25T08:00:00+00:00,0.7954431889814498,0.271,0.2775,0.27456898,0.27425,82165.2,BTC-25JUN27,0.4361,0.79845,206.13274,33.5,0.0,0.006500000000000006,BTC,79148.85,0.0
2026-09-07T19:08:42.019399+00:00,BTC-25SEP26-72000-P,79259.81,BTC-25SEP26,put,72000.0,2026-09-25T08:00:00+00:00,0.04800992409438613,0.005,0.006,0.0055136,0.0055,79259.81,BTC-25SEP26,0.39409999999999995,-0.12426,35.60898,2175.2,0.2,0.001,BTC,79148.85,83.56
2026-09-07T19:08:42.019399+00:00,BTC-26MAR27-85000-P,81182.49,BTC-26MAR27,put,85000.0,2027-03-26T08:00:00+00:00,0.5462987673524287,0.1435,0.1475,0.1454985,0.1455,81182.49,BTC-26MAR27,0.4007,-0.50305,239.40094,3.9,0.0,0.0040000000000000036,BTC,79148.85,0.0
2026-09-07T19:08:42.019399+00:00,BTC-25JUN27-180000-P,82165.2,BTC-25JUN27,put,180000.0,2027-06-25T08:00:00+00:00,0.7954431889814498,1.1875,1.2165,1.20044667,1.202,82165.2,BTC-25JUN27,0.495,-0.9401,87.19245,0.0,0.0,0.028999999999999915,BTC,79148.85,0.0
2026-09-07T19:08:42.019399+00:00,BTC-25SEP26-62000-P,79260.35,BTC-25SEP26,put,62000.0,2026-09-25T08:00:00+00:00,0.04800992409438613,0.0007,0.0009,0.00079794,0.0008,79260.35,BTC-25SEP26,0.5479999999999999,-0.01769,7.57739,1427.3,1.2,0.00019999999999999998,BTC,79148.85,75.04
2026-09-07T19:08:42.019399+00:00,BTC-11SEP26-65000-P,79171.49,BTC-11SEP26,put,65000.0,2026-09-11T08:00:00+00:00,0.00968001307453672,,0.0001,6.787e-05,,79171.49,BTC-11SEP26,0.7398,-0.00305,0.723,46.8,1.0,,BTC,79149.62,7.95
2026-09-07T19:08:42.019399+00:00,BTC-26MAR27-55000-C,81182.49,BTC-26MAR27,call,55000.0,2027-03-26T08:00:00+00:00,0.5462987673524287,0.3375,0.343,0.34001326,0.34025,81182.49,BTC-26MAR27,0.4608,0.90533,101.17008,28.6,0.0,0.005500000000000005,BTC,79149.62,0.0
2026-09-07T19:08:42.019399+00:00,BTC-25JUN27-65000-P,82164.66,BTC-25JUN27,put,65000.0,2027-06-25T08:00:00+00:00,0.7954431889814498,0.056,0.058,0.05699415,0.057,82164.66,BTC-25JUN27,0.4339,-0.21235,212.59738,24.7,0.0,0.0020000000000000018,BTC,79149.62,0.0
2026-09-07T19:08:42.019399+00:00,BTC-30OCT26-75000-P,79603.16,BTC-30OCT26,put,75000.0,2026-10-30T08:00:00+00:00,0.14383470164400966,0.0305,0.0315,0.03108298,0.031,79603.16,BTC-30OCT26,0.3763,-0.31304,106.97248,656.9,0.4,0.0010000000000000009,BTC,79148.85,967.01
2026-09-07T19:08:42.019399+00:00,BTC-26MAR27-62000-C,81182.49,BTC-26MAR27,call,62000.0,2027-03-26T08:00:00+00:00,0.5462987673524287,0.265,0.2705,0.26754297,0.26775,81182.49,BTC-26MAR27,0.4346,0.84109,145.36058,59.7,0.0,0.005500000000000005,BTC,79149.62,0.0
2026-09-07T19:08:42.019399+00:00,BTC-10SEP26-79000-P,79164.88,BTC-10SEP26,put,79000.0,2026-09-10T08:00:00+00:00,0.006942162287404618,0.0095,0.0105,0.00991864,0.01,79164.88,BTC-10SEP26,0.3289,-0.46756,26.22552,1.7,1.7,0.0010000000000000009,BTC,79149.62,1419.16
2026-09-07T19:08:42.019399+00:00,BTC-25JUN27-150000-P,82164.66,BTC-25JUN27,put,150000.0,2027-06-25T08:00:00+00:00,0.7954431889814498,0.839,0.8475,0.84333338,0.84325,82164.66,BTC-25JUN27,0.4629,-0.89461,133.62276,1.1,1.0,0.008500000000000063,BTC,79149.62,67273.6
2026-09-07T19:08:42.019399+00:00,BTC-25SEP26-120000-P,79260.35,BTC-25SEP26,put,120000.0,2026-09-25T08:00:00+00:00,0.04800992409438613,0.51,0.517,0.51415235,0.5135,79260.35,BTC-25SEP26,0.6779000000000001,-0.99672,1.72445,174.5,0.0,0.007000000000000006,BTC,79149.62,0.0
2026-09-07T19:08:42.019399+00:00,BTC-11SEP26-79500-P,79172.03,BTC-11SEP26,put,79500.0,2026-09-11T08:00:00+00:00,0.00968001307453672,0.0155,0.0165,0.01604183,0.016,79172.03,BTC-11SEP26,0.3525,-0.54311,30.89384,8.0,19.9,0.0010000000000000009,BTC,79149.62,27981.41
2026-09-07T19:08:42.019399+00:00,BTC-25SEP26-87000-P,79259.81,BTC-25SEP26,put,87000.0,2026-09-25T08:00:00+00:00,0.04800992409438613,0.1015,0.106,0.10402832,0.10375,79259.81,BTC-25SEP26,0.3921,-0.85166,40.19884,0.0,0.0,0.00449999999999999,BTC,79149.62,0.0
2026-09-07T19:08:42.019399+00:00,BTC-30OCT26-92000-C,79603.16,BTC-30OCT26,call,92000.0,2026-10-30T08:00:00+00:00,0.14383470164400966,0.0135,0.0145,0.01411208,0.014,79603.16,BTC-30OCT26,0.3932,0.1848,80.54126,1071.2,1.0,0.0010000000000000009,BTC,79149.62,1160.53
2026-09-07T19:08:42.019399+00:00,BTC-25JUN27-52000-C,82165.2,BTC-25JUN27,call,52000.0,2027-06-25T08:00:00+00:00,0.7954431889814498,0.387,0.393,0.39013107,0.39,82165.2,BTC-25JUN27,0.4702,0.90315,125.63917,1.1,0.0,0.006000000000000005,BTC,79149.69,0.0
2026-09-07T19:08:42.019399+00:00,BTC-25JUN27-125000-P,82165.2,BTC-25JUN27,put,125000.0,2027-06-25T08:00:00+00:00,0.7954431889814498,0.5515,0.5585,0.55528611,0.555,82165.2,BTC-25JUN27,0.4362,-0.81169,197.7864,0.0,0.0,0.007000000000000006,BTC,79149.69,0.0
2026-09-07T19:08:42.019399+00:00,BTC-8SEP26-84000-C,79151.53,BTC-8SEP26,call,84000.0,2026-09-08T08:00:00+00:00,0.0014664607131404165,,0.0001,8.4e-07,,79151.53,BTC-8SEP26,0.4376,0.00019,0.02182,2.2,0.2,,BTC,79149.69,1.59
2026-09-07T19:08:42.019399+00:00,BTC-18SEP26-74000-C,79224.51,BTC-18SEP26,call,74000.0,2026-09-18T08:00:00+00:00,0.02884496858446143,0.069,0.073,0.07116504,0.071,79224.51,BTC-18SEP26,0.3948,0.85255,31.01777,23.2,0.0,0.00399999999999999,BTC,79149.69,0.0
2026-09-07T19:08:42.019399+00:00,BTC-10SEP26-72000-P,79164.34,BTC-10SEP26,put,72000.0,2026-09-10T08:00:00+00:00,0.006942162287404618,0.0001,0.0003,0.00018145,0.0002,79164.34,BTC-10SEP26,0.5102,-0.0123,2.10489,21.2,21.3,0.00019999999999999998,BTC,79149.69,450.49
2026-09-07T19:08:42.019399+00:00,BTC-25SEP26-50000-C,79260.35,BTC-25SEP26,call,50000.0,2026-09-25T08:00:00+00:00,0.04800992409438613,0.368,0.371,0.36929655,0.3695,79260.35,BTC-25SEP26,0.7731999999999999,0.99746,1.36528,30.1,0.0,0.0030000000000000027,BTC,79149.69,0.0
2026-09-07T19:08:42.019399+00:00,BTC-25SEP26-96000-C,79259.81,BTC-25SEP26,call,96000.0,2026-09-25T08:00:00+00:00,0.04800992409438613,0.001,0.0013,0.00119319,0.00115,79259.81,BTC-25SEP26,0.45799999999999996,0.03132,12.2479,1825.0,0.0,0.0002999999999999999,BTC,79149.69,0.0
2026-09-07T19:08:42.019399+00:00,BTC-26MAR27-112000-C,81182.49,BTC-26MAR27,call,112000.0,2027-03-26T08:00:00+00:00,0.5462987673524287,0.027,0.029,0.02797604,0.028,81182.49,BTC-26MAR27,0.4192,0.18841,162.00838,67.3,0.0,0.0020000000000000018,BTC,79148.94,0.0
2026-09-07T19:08:42.019399+00:00,BTC-30OCT26-84000-P,79602.62,BTC-30OCT26,put,84000.0,2026-10-30T08:00:00+00:00,0.14383470164400966,0.0885,0.0915,0.09027617,0.09,79602.62,BTC-30OCT26,0.37689999999999996,-0.62017,114.94857,9.6,0.1,0.0030000000000000027,BTC,79149.69,691.53
2026-09-07T19:08:42.019399+00:00,BTC-26MAR27-82000-C,81182.49,BTC-26MAR27,call,82000.0,2027-03-26T08:00:00+00:00,0.5462987673524287,0.1125,0.114,0.11322332,0.11325,81182.49,BTC-26MAR27,0.40020000000000006,0.54512,237.87558,1167.7,4.0,0.0015000000000000013,BTC,79148.94,36435.07
2026-09-07T19:08:42.019399+00:00,BTC-30OCT26-67000-C,79603.16,BTC-30OCT26,call,67000.0,2026-10-30T08:00:00+00:00,0.14383470164400966,0.167,0.171,0.16832289,0.169,79603.16,BTC-30OCT26,0.41509999999999997,0.87941,60.61003,108.4,0.0,0.0040000000000000036,BTC,79149.69,0.0
2026-09-07T19:08:42.019399+00:00,BTC-30OCT26-89000-P,79603.16,BTC-30OCT26,put,89000.0,2026-10-30T08:00:00+00:00,0.14383470164400966,0.135,0.1395,0.13802009,0.13725,79603.16,BTC-30OCT26,0.38689999999999997,-0.75432,95.06036,5.0,0.0,0.004500000000000004,BTC,79148.94,0.0
2026-09-07T19:08:42.019399+00:00,BTC-25SEP26-55000-C,79259.81,BTC-25SEP26,call,55000.0,2026-09-25T08:00:00+00:00,0.04800992409438613,0.3045,0.308,0.3063042,0.30625,79259.81,BTC-25SEP26,0.6609999999999999,0.99522,2.41267,143.7,0.0,0.003500000000000003,BTC,79148.94,0.0
2026-09-07T19:08:42.019399+00:00,BTC-10SEP26-79500-P,79164.88,BTC-10SEP26,put,79500.0,2026-09-10T08:00:00+00:00,0.006942162287404618,0.0125,0.0135,0.01323897,0.013,79164.88,BTC-10SEP26,0.3298,-0.55895,26.02453,0.5,0.5,0.0009999999999999992,BTC,79148.94,380.43
2026-09-07T19:08:42.019399+00:00,BTC-11SEP26-60000-C,79172.03,BTC-11SEP26,call,60000.0,2026-09-11T08:00:00+00:00,0.00968001307453672,0.2405,0.244,0.24215526,0.24225,79172.03,BTC-11SEP26,0.7565999999999999,0.99991,0.02664,0.0,0.0,0.003500000000000003,BTC,79148.94,0.0
2026-09-07T19:08:42.019399+00:00,BTC-10SEP26-89000-C,79164.88,BTC-10SEP26,call,89000.0,2026-09-10T08:00:00+00:00,0.006942162287404618,,0.0001,4.336e-05,,79164.88,BTC-10SEP26,0.5143,0.0033,0.65767,0.2,0.1,,BTC,79148.94,0.8
2026-09-07T19:08:42.019399+00:00,BTC-25JUN27-88000-C,82164.66,BTC-25JUN27,call,88000.0,2027-06-25T08:00:00+00:00,0.7954431889814498,0.117,0.12,0.11849477,0.1185,82164.66,BTC-25JUN27,0.4132,0.49903,292.37977,21.3,0.0,0.002999999999999989,BTC,79148.94,0.0
2026-09-07T19:08:42.019399+00:00,BTC-25DEC26-74000-P,80232.45,BTC-25DEC26,put,74000.0,2026-12-25T08:00:00+00:00,0.2971543457234073,0.0495,0.0505,0.0499723,0.05,80232.45,BTC-25DEC26,0.39840000000000003,-0.31561,155.52102,162.0,0.0,0.0010000000000000009,BTC,79149.71,0.0
2026-09-07T19:08:42.019399+00:00,BTC-25JUN27-45000-C,82164.66,BTC-25JUN27,call,45000.0,2027-06-25T08:00:00+00:00,0.7954431889814498,0.464,0.4675,0.46582058,0.46575,82164.66,BTC-25JUN27,0.5021,0.94149,85.594,0.5,0.0,0.003500000000000003,BTC,79149.71,0.0
2026-09-07T19:08:42.019399+00:00,BTC-11SEP26-73000-C,79171.49,BTC-11SEP26,call,73000.0,2026-09-11T08:00:00+00:00,0.00968001307453672,0.0765,0.081,0.07849584,0.07875,79171.49,BTC-11SEP26,0.4476,0.96869,5.49088,17.0,0.0,0.004500000000000004,BTC,79149.71,0.0
2026-09-07T19:08:42.019399+00:00,BTC-10SEP26-78000-C,79164.34,BTC-10SEP26,call,78000.0,2026-09-10T08:00:00+00:00,0.006942162287404618,0.0185,0.0215,0.01988305,0.02,79164.34,BTC-10SEP26,0.3333,0.70522,22.74892,0.0,0.0,0.002999999999999999,BTC,79149.71,0.0
2026-09-07T19:08:42.019399+00:00,BTC-25SEP26-74000-C,79260.35,BTC-25SEP26,call,74000.0,2026-09-25T08:00:00+00:00,0.04800992409438613,0.074,0.0775,0.07548497,0.07575,79260.35,BTC-25SEP26,0.37770000000000004,0.80755,47.50664,1467.4,0.4,0.003500000000000003,BTC,79149.71,2381.57
2026-09-07T19:08:42.019399+00:00,BTC-27NOV26-88000-C,79918.83,BTC-27NOV26,call,88000.0,2026-11-27T08:00:00+00:00,0.2204945236837085,0.036,0.0375,0.03684861,0.03675,79918.83,BTC-27NOV26,0.3924,0.33296,136.40466,78.7,0.0,0.0015000000000000013,BTC,79149.71,0.0
2026-09-07T19:08:42.019399+00:00,BTC-25JUN27-54000-C,82164.66,BTC-25JUN27,call,54000.0,2027-06-25T08:00:00+00:00,0.7954431889814498,0.366,0.3725,0.36953927,0.36925,82164.66,BTC-25JUN27,0.46340000000000003,0.88904,138.66524,0.9,0.0,0.006500000000000006,BTC,79149.71,0.0
2026-09-07T19:08:42.019399+00:00,BTC-9SEP26-86000-C,79157.74,BTC-9SEP26,call,86000.0,2026-09-09T08:00:00+00:00,0.0042043115002725175,,0.0001,5.173e-05,,79157.74,BTC-9SEP26,0.4949,0.00503,0.74606,252.0,1.7,,BTC,79150.42,25.42
2026-09-07T19:08:42.019399+00:00,BTC-25DEC26-84000-C,80232.99,BTC-25DEC26,call,84000.0,2026-12-25T08:00:00+00:00,0.2971543457234073,0.0645,0.066,0.06511343,0.06525,80232.99,BTC-25DEC26,0.3896,0.45599,173.44996,1345.7,0.1,0.0015000000000000013,BTC,79150.42,545.68
2026-09-07T19:08:42.019399+00:00,BTC-30OCT26-65000-C,79603.16,BTC-30OCT26,call,65000.0,2026-10-30T08:00:00+00:00,0.14383470164400966,0.1895,0.1935,0.19094285,0.1915,79603.16,BTC-30OCT26,0.429,0.90749,50.04397,434.5,0.0,0.0040000000000000036,BTC,79149.71,0.0
2026-09-07T19:08:42.019399+00:00,BTC-10SEP26-72000-C,79164.88,BTC-10SEP26,call,72000.0,2026-09-10T08:00:00+00:00,0.006942162287404618,0.0885,0.093,0.09068035,0.09075,79164.88,BTC-10SEP26,0.5102,0.9877,2.1046,0.0,0.0,0.004500000000000004,BTC,79149.71,0.0
2026-09-07T19:08:42.019399+00:00,BTC-25SEP26-76000-P,79259.81,BTC-25SEP26,put,76000.0,2026-09-25T08:00:00+00:00,0.04800992409438613,0.0145,0.0155,0.01510965,0.015,79259.81,BTC-25SEP26,0.3679,-0.28798,59.26197,965.7,23.3,0.0009999999999999992,BTC,79150.42,25082.5
2026-09-07T19:08:42.019399+00:00,BTC-25SEP26-54000-P,79260.35,BTC-25SEP26,put,54000.0,2026-09-25T08:00:00+00:00,0.04800992409438613,0.0001,0.0003,0.00018069,0.0002,79260.35,BTC-25SEP26,0.6745,-0.0038,1.96762,768.9,1.1,0.00019999999999999998,BTC,79150.42,15.14
2026-09-07T19:08:42.019399+00:00,BTC-25DEC26-76000-C,80232.99,BTC-25DEC26,call,76000.0,2026-12-25T08:00:00+00:00,0.2971543457234073,0.111,0.1145,0.1125534,0.11275,80232.99,BTC-25DEC26,0.3953,0.64,163.65432,410.0,0.0,0.003500000000000003,BTC,79150.42,0.0
2026-09-07T19:08:42.019399+00:00,BTC-27NOV26-73000-P,79919.44,BTC-27NOV26,put,73000.0,2026-11-27T08:00:00+00:00,0.2204945236837085,0.035,0.036,0.03559138,0.0355,79919.44,BTC-27NOV26,0.3946,-0.28093,126.54629,17.5,0.0,0.000999999999999994,BTC,79150.42,0.0
2026-09-07T19:08:42.019399+00:00,BTC-25JUN27-86000-P,82165.2,BTC-25JUN27,put,86000.0,2027-06-25T08:00:00+00:00,0.7954431889814498,0.172,0.177,0.17416237,0.1745,82165.2,BTC-25JUN27,0.4133,-0.47604,291.85604,1.4,0.0,0.0050000000000000044,BTC,79150.42,0.0
2026-09-07T19:08:42.019399+00:00,BTC-10SEP26-77500-P,79164.88,BTC-10SEP26,put,77500.0,2026-09-10T08:00:00+00:00,0.006942162287404618,0.0033,0.0038,0.00351636,0.00355,79164.88,BTC-10SEP26,0.33340000000000003,-0.22032,19.54536,51.4,56.8,0.0005,BTC,79150.42,15682.19
2026-09-07T19:08:42.019399+00:00,BTC-25JUN27-92000-P,82165.2,BTC-25JUN27,put,92000.0,2027-06-25T08:00:00+00:00,0.7954431889814498,0.22,0.2255,0.22214111,0.22275,82165.2,BTC-25JUN27,0.41359999999999997,-0.5487,290.20218,0.2,0.0,0.005500000000000005,BTC,79150.42,0.0
2026-09-07T19:08:42.019399+00:00,BTC-25DEC26-104000-C,80232.99,BTC-25DEC26,call,104000.0,2026-12-25T08:00:00+00:00,0.2971543457234073,0.0155,0.0165,0.01586826,0.016,80232.99,BTC-25DEC26,0.41359999999999997,0.14968,101.84864,90.6,0.1,0.0010000000000000009,BTC,79150.74,135.38
2026-09-07T19:08:42.019399+00:00,BTC-25SEP26-66000-C,79260.35,BTC-25SEP26,call,66000.0,2026-09-25T08:00:00+00:00,0.04800992409438613,0.167,0.171,0.16880175,0.169,79260.35,BTC-25SEP26,0.4752,0.96476,13.49843,970.0,0.0,0.0040000000000000036,BTC,79150.74,0.0
2026-09-07T19:08:42.019399+00:00,BTC-27NOV26-70000-P,79918.83,BTC-27NOV26,put,70000.0,2026-11-27T08:00:00+00:00,0.2204945236837085,0.025,0.026,0.02551629,0.0255,79918.83,BTC-27NOV26,0.405,-0.21453,109.52726,47.2,0.3,0.0009999999999999974,BTC,79150.74,563.24
2026-09-07T19:08:42.019399+00:00,BTC-27NOV26-76000-C,79918.83,BTC-27NOV26,call,76000.0,2026-11-27T08:00:00+00:00,0.2204945236837085,0.097,0.1,0.09824367,0.0985,79918.83,BTC-27NOV26,0.3893,0.64252,140.0728,10.6,0.0,0.0030000000000000027,BTC,79150.74,0.0
2026-09-07T19:08:42.019399+00:00,BTC-11SEP26-79000-P,79172.03,BTC-11SEP26,put,79000.0,2026-09-11T08:00:00+00:00,0.00968001307453672,0.012,0.013,0.01271166,0.0125,79172.03,BTC-11SEP26,0.35109999999999997,-0.47034,30.99005,349.7,38.0,0.0009999999999999992,BTC,79150.74,33532.71
2026-09-07T19:08:42.019399+00:00,BTC-11SEP26-66000-C,79171.49,BTC-11SEP26,call,66000.0,2026-09-11T08:00:00+00:00,0.00968001307453672,0.1645,0.1685,0.16647411,0.1665,79171.49,BTC-11SEP26,0.7202,0.99535,1.05554,0.1,0.0,0.0040000000000000036,BTC,79150.74,0.0
2026-09-07T19:08:42.019399+00:00,BTC-25DEC26-88000-C,80232.99,BTC-25DEC26,call,88000.0,2026-12-25T08:00:00+00:00,0.2971543457234073,0.048,0.049,0.0484985,0.0485,80232.99,BTC-25DEC26,0.3896,0.37089,165.29363,3416.5,59.0,0.0010000000000000009,BTC,79150.74,239813.59
2026-09-07T19:08:42.019399+00:00,BTC-9SEP26-78000-P,79157.74,BTC-9SEP26,put,78000.0,2026-09-09T08:00:00+00:00,0.0042043115002725175,0.0025,0.0028,0.00269717,0.00265,79157.74,BTC-9SEP26,0.31010000000000004,-0.23157,15.6421,7.4,4.4,0.0002999999999999999,BTC,79149.57,1020.65
2026-09-07T19:08:42.019399+00:00,BTC-30OCT26-72000-C,79603.16,BTC-30OCT26,call,72000.0,2026-10-30T08:00:00+00:00,0.14383470164400966,0.1145,0.1185,0.11602379,0.1165,79603.16,BTC-30OCT26,0.3874,0.775,90.55619,468.4,0.0,0.00399999999999999,BTC,79150.74,0.0
2026-09-07T19:08:42.019399+00:00,BTC-25JUN27-56000-P,82165.2,BTC-25JUN27,put,56000.0,2027-06-25T08:00:00+00:00,0.7954431889814498,0.03,0.0315,0.03075624,0.03075,82165.2,BTC-25JUN27,0.4558,-0.12598,151.69307,84.6,0.0,0.0015000000000000013,BTC,79150.74,0.0
2026-09-07T19:08:42.019399+00:00,BTC-8SEP26-83000-P,79151.53,BTC-8SEP26,put,83000.0,2026-09-08T08:00:00+00:00,0.0014664607131404165,0.0465,0.051,0.04862986,0.04875,79151.53,BTC-8SEP26,0.4368,-0.99777,0.21218,0.0,0.0,0.004499999999999997,BTC,79149.57,0.0
2026-09-07T19:08:42.019399+00:00,BTC-26MAR27-105000-P,81182.49,BTC-26MAR27,put,105000.0,2027-03-26T08:00:00+00:00,0.5462987673524287,0.328,0.335,0.33137264,0.3315,81182.49,BTC-26MAR27,0.41100000000000003,-0.75654,188.01411,0.5,0.0,0.007000000000000006,BTC,79149.57,0.0
2026-09-07T19:08:42.019399+00:00,BTC-18SEP26-65000-P,79224.51,BTC-18SEP26,put,65000.0,2026-09-18T08:00:00+00:00,0.02884496858446143,0.0004,0.0005,0.0003996,0.00045,79224.51,BTC-18SEP26,0.5297999999999999,-0.0125,4.35472,90.8,0.7,9.999999999999999e-05,BTC,79150.74,33.18
2026-09-07T19:08:42.019399+00:00,BTC-30OCT26-63000-C,79602.62,BTC-30OCT26,call,63000.0,2026-10-30T08:00:00+00:00,0.14383470164400966,0.213,0.217,0.21456288,0.215,79602.62,BTC-30OCT26,0.4512,0.92662,42.0341,153.2,0.0,0.0040000000000000036,BTC,79149.57,0.0
2026-09-07T19:08:42.019399+00:00,BTC-8SEP26-73000-C,79151.53,BTC-8SEP26,call,73000.0,2026-09-08T08:00:00+00:00,0.0014664607131404165,0.0755,0.08,0.0777223,0.07775,79151.53,BTC-8SEP26,0.5972999999999999,0.9998,0.02285,0.0,0.0,0.004500000000000004,BTC,79149.57,0.0
2026-09-07T19:08:42.019399+00:00,BTC-30OCT26-73000-P,79603.16,BTC-30OCT26,put,73000.0,2026-10-30T08:00:00+00:00,0.14383470164400966,0.023,0.024,0.02354484,0.0235,79603.16,BTC-30OCT26,0.3826,-0.25209,96.37316,95.9,0.0,0.0010000000000000009,BTC,79149.57,0.0
2026-09-07T19:08:42.019399+00:00,BTC-30OCT26-56000-P,79603.16,BTC-30OCT26,put,56000.0,2026-10-30T08:00:00+00:00,0.14383470164400966,0.0023,0.0028,0.00256266,0.00255,79603.16,BTC-30OCT26,0.524,-0.03088,21.04318,463.9,0.0,0.0005,BTC,79149.57,0.0
2026-09-07T19:08:42.019399+00:00,BTC-18SEP26-88000-C,79224.51,BTC-18SEP26,call,88000.0,2026-09-18T08:00:00+00:00,0.02884496858446143,0.002,0.0023,0.00212912,0.00215,79224.51,BTC-18SEP26,0.4108,0.07032,18.13031,405.6,23.3,0.0002999999999999999,BTC,79149.57,5139.42
2026-09-07T19:08:42.019399+00:00,BTC-27NOV26-69000-C,79918.83,BTC-27NOV26,call,69000.0,2026-11-27T08:00:00+00:00,0.2204945236837085,0.1575,0.1615,0.15914283,0.1595,79918.83,BTC-27NOV26,0.4071,0.80592,103.18318,0.0,0.0,0.0040000000000000036,BTC,79149.57,0.0
2026-09-07T19:08:42.019399+00:00,BTC-25DEC26-85000-C,80232.45,BTC-25DEC26,call,85000.0,2026-12-25T08:00:00+00:00,0.2971543457234073,0.06,0.0615,0.06060263,0.06075,80232.45,BTC-25DEC26,0.3897,0.43402,172.11919,2213.7,0.0,0.0015000000000000013,BTC,79150.34,0.0
2026-09-07T19:08:42.019399+00:00,BTC-25DEC26-98000-P,80232.99,BTC-25DEC26,put,98000.0,2026-12-25T08:00:00+00:00,0.2971543457234073,0.2425,0.248,0.24497235,0.24525,80232.99,BTC-25DEC26,0.401,-0.78994,126.09318,1.2,0.0,0.005500000000000005,BTC,79150.34,0.0
2026-09-07T19:08:42.019399+00:00,BTC-25SEP26-200000-P,79260.35,BTC-25SEP26,put,200000.0,2026-09-25T08:00:00+00:00,0.04800992409438613,1.515,1.529,1.5233498,1.522,79260.35,BTC-25SEP26,0.9823999999999999,-0.99999,0.01061,3.2,0.0,0.014000000000000012,BTC,79150.34,0.0
2026-09-07T19:08:42.019399+00:00,BTC-10SEP26-74000-P,79164.88,BTC-10SEP26,put,74000.0,2026-09-10T08:00:00+00:00,0.006942162287404618,0.0003,0.0005,0.00039218,0.0004,79164.88,BTC-10SEP26,0.42840000000000006,-0.02857,4.30883,8.1,0.0,0.00020000000000000004,BTC,79150.34,0.0
2026-09-07T19:08:42.019399+00:00,BTC-25DEC26-78000-C,80232.99,BTC-25DEC26,call,78000.0,2026-12-25T08:00:00+00:00,0.2971543457234073,0.0985,0.0995,0.09878389,0.099,80232.99,BTC-25DEC26,0.39299999999999996,0.59409,169.63674,1047.4,1.0,0.0010000000000000009,BTC,79150.34,7981.27
2026-09-07T19:08:42.019399+00:00,BTC-8SEP26-79500-P,79151.53,BTC-8SEP26,put,79500.0,2026-09-08T08:00:00+00:00,0.0014664607131404165,0.006,0.007,0.00640636,0.0065,79151.53,BTC-8SEP26,0.2488,-0.68391,10.77565,72.6,69.8,0.001,BTC,79150.34,35178.28
2026-09-07T19:08:42.019399+00:00,BTC-27NOV26-115000-C,79918.83,BTC-27NOV26,call,115000.0,2026-11-27T08:00:00+00:00,0.2204945236837085,0.0044,0.0049,0.00463806,0.00465,79918.83,BTC-27NOV26,0.455,0.05518,41.85701,26.2,0.0,0.0004999999999999996,BTC,79150.34,0.0
2026-09-07T19:08:42.019399+00:00,BTC-11SEP26-66000-P,79171.49,BTC-11SEP26,put,66000.0,2026-09-11T08:00:00+00:00,0.00968001307453672,,0.0001,0.000105,,79171.49,BTC-11SEP26,0.7202,-0.00465,1.05556,365.1,1.5,,BTC,79150.79,11.93
2026-09-07T19:08:42.019399+00:00,ETH-26MAR27-4200-P,2539.69,ETH-26MAR27,put,4200.0,2027-03-26T08:00:00+00:00,0.5462987673524287,0.677,0.6935,0.68571,0.68525,2539.69,ETH-26MAR27,0.5785,-0.83201,4.71557,1.0,0.0,0.01649999999999996,ETH,2489.26,0.0
2026-09-07T19:08:42.019399+00:00,ETH-25SEP26-5800-C,2494.27,ETH-25SEP26,call,5800.0,2026-09-25T08:00:00+00:00,0.04800992409438613,,0.0001,5e-06,,2494.27,ETH-25SEP26,0.9994,9e-05,0.00198,5889.0,0.0,,ETH,2489.26,0.0
2026-09-07T19:08:42.019399+00:00,ETH-26MAR27-1000-P,2539.69,ETH-26MAR27,put,1000.0,2027-03-26T08:00:00+00:00,0.5462987673524287,0.0055,0.0065,0.006005,0.006,2539.69,ETH-26MAR27,0.7387999999999999,-0.02389,1.05635,7311.0,20.0,0.001,ETH,2489.26,297.41
2026-09-07T19:08:42.019399+00:00,ETH-25JUN27-3500-P,2566.8,ETH-25JUN27,put,3500.0,2027-06-25T08:00:00+00:00,0.7954431889814498,0.4505,0.4615,0.458431,0.456,2566.8,ETH-25JUN27,0.5639,-0.64236,8.54796,323.0,0.0,0.01100000000000001,ETH,2489.26,0.0
2026-09-07T19:08:42.019399+00:00,ETH-30OCT26-1750-C,2500.6,ETH-30OCT26,call,1750.0,2026-10-30T08:00:00+00:00,0.14383470164400966,0.304,0.3075,0.305355,0.30575,2500.6,ETH-30OCT26,0.6115999999999999,0.95096,0.96344,102.0,0.0,0.003500000000000003,ETH,2489.29,0.0
2026-09-07T19:08:42.019399+00:00,ETH-8SEP26-2800-P,2488.95,ETH-8SEP26,put,2800.0,2026-09-08T08:00:00+00:00,0.0014664607131404165,0.121,0.128,0.124995,0.1245,2488.95,ETH-8SEP26,0.8009999999999999,-0.99993,0.00025,0.0,0.0,0.007000000000000006,ETH,2489.26,0.0
2026-09-07T19:08:42.019399+00:00,ETH-25SEP26-2850-C,2494.27,ETH-25SEP26,call,2850.0,2026-09-25T08:00:00+00:00,0.04800992409438613,0.0085,0.009,0.008746,0.00875,2494.27,ETH-25SEP26,0.5503,0.14804,1.26356,276.0,1.0,0.0004999999999999987,ETH,2489.29,26.39
2026-09-07T19:08:42.019399+00:00,ETH-10SEP26-2460-P,2489.55,ETH-10SEP26,put,2460.0,2026-09-10T08:00:00+00:00,0.006942162287404618,0.0085,0.0095,0.00911,0.009,2489.55,ETH-10SEP26,0.4313,-0.36281,0.77824,480.0,380.0,0.0009999999999999992,ETH,2489.29,6634.88
2026-09-07T19:08:42.019399+00:00,ETH-9SEP26-2600-C,2489.29,ETH-9SEP26,call,2600.0,2026-09-09T08:00:00+00:00,0.0042043115002725175,0.0012,0.0015,0.001319,0.00135,2489.29,ETH-9SEP26,0.4947,0.09016,0.26247,307.0,212.0,0.00030000000000000014,ETH,2489.29,1218.56
2026-09-07T19:08:42.019399+00:00,ETH-8SEP26-2420-C,2488.95,ETH-8SEP26,call,2420.0,2026-09-08T08:00:00+00:00,0.0014664607131404165,0.025,0.0315,0.027934,0.02825,2488.95,ETH-8SEP26,0.4178,0.96136,0.07982,0.0,0.0,0.006499999999999999,ETH,2489.29,0.0
2026-09-07T19:08:42.019399+00:00,ETH-9SEP26-2340-C,2489.29,ETH-9SEP26,call,2340.0,2026-09-09T08:00:00+00:00,0.0042043115002725175,0.0575,0.064,0.060407,0.06075,2489.29,ETH-9SEP26,0.5266,0.96631,0.12088,0.0,0.0,0.006499999999999999,ETH,2489.29,0.0
2026-09-07T19:08:42.019399+00:00,ETH-25JUN27-3400-C,2566.8,ETH-25JUN27,call,3400.0,2027-06-25T08:00:00+00:00,0.7954431889814498,0.101,0.1035,0.102079,0.10225,2566.8,ETH-25JUN27,0.5622,0.37842,8.70852,481.0,0.0,0.0024999999999999883,ETH,2489.29,0.0
2026-09-07T19:08:42.019399+00:00,ETH-26MAR27-2800-P,2539.65,ETH-26MAR27,put,2800.0,2027-03-26T08:00:00+00:00,0.5462987673524287,0.223,0.2255,0.224461,0.22425,2539.65,ETH-26MAR27,0.5467,-0.51565,7.48562,15.0,0.0,0.0025000000000000022,ETH,2489.3,0.0
2026-09-07T19:08:42.019399+00:00,ETH-25DEC26-2400-C,2514.91,ETH-25DEC26,call,2400.0,2026-12-25T08:00:00+00:00,0.2971543457234073,0.134,0.138,0.135493,0.136,2514.91,ETH-25DEC26,0.5249,0.62043,5.21998,12448.0,18.0,0.0040000000000000036,ETH,2489.29,5879.65
2026-09-07T19:08:42.019399+00:00,ETH-25SEP26-8500-P,2494.27,ETH-25SEP26,put,8500.0,2026-09-25T08:00:00+00:00,0.04800992409438613,2.392,2.4195,2.407812,2.40575,2494.27,ETH-25SEP26,1.3075,-0.99998,0.00042,0.0,0.0,0.027500000000000302,ETH,2489.3,0.0
2026-09-07T19:08:42.019399+00:00,ETH-11SEP26-2900-P,2489.8,ETH-11SEP26,put,2900.0,2026-09-11T08:00:00+00:00,0.00968001307453672,0.161,0.1685,0.165063,0.16475,2489.8,ETH-11SEP26,0.6790999999999999,-0.98772,0.07808,0.0,0.0,0.007500000000000007,ETH,2489.29,0.0
2026-09-07T19:08:42.019399+00:00,ETH-8SEP26-2350-C,2488.95,ETH-8SEP26,call,2350.0,2026-09-08T08:00:00+00:00,0.0014664607131404165,0.0535,0.059,0.055828,0.05625,2488.95,ETH-8SEP26,0.5501,0.99694,0.00888,0.0,0.0,0.005499999999999998,ETH,2489.3,0.0
2026-09-07T19:08:42.019399+00:00,ETH-27NOV26-2300-C,2508.12,ETH-27NOV26,call,2300.0,2026-11-27T08:00:00+00:00,0.2204945236837085,0.1395,0.143,0.141099,0.14125,2508.12,ETH-27NOV26,0.5241,0.68264,4.1986,50.0,0.0,0.0034999999999999754,ETH,2489.29,0.0
2026-09-07T19:08:42.019399+00:00,ETH-25SEP26-2400-C,2494.3,ETH-25SEP26,call,2400.0,2026-09-25T08:00:00+00:00,0.04800992409438613,0.0625,0.066,0.064035,0.06425,2494.3,ETH-25SEP26,0.49560000000000004,0.65881,2.00588,15747.0,1.0,0.003500000000000003,ETH,2489.3,161.97
2026-09-07T19:08:42.019399+00:00,ETH-26MAR27-2900-C,2539.65,ETH-26MAR27,call,2900.0,2027-03-26T08:00:00+00:00,0.5462987673524287,0.1085,0.1115,0.109976,0.11,2539.65,ETH-26MAR27,0.5479999999999999,0.45033,7.43323,2291.0,6.0,0.0030000000000000027,ETH,2489.3,1602.82
2026-09-07T19:08:42.019399+00:00,ETH-25JUN27-2200-P,2566.8,ETH-25JUN27,put,2200.0,2027-06-25T08:00:00+00:00,0.7954431889814498,0.119,0.1215,0.12053,0.12025,2566.8,ETH-25JUN27,0.5611,-0.2883,7.81739,387.0,0.0,0.0025000000000000022,ETH,2489.3,0.0
2026-09-07T19:08:42.019399+00:00,ETH-18SEP26-3200-C,2491.86,ETH-18SEP26,call,3200.0,2026-09-18T08:00:00+00:00,0.02884496858446143,0.0007,0.001,0.000863,0.00085,2491.86,ETH-18SEP26,0.7001000000000001,0.02052,0.20947,3571.0,3.0,0.00030000000000000003,ETH,2489.3,10.55
2026-09-07T19:08:42.019399+00:00,ETH-11SEP26-2450-C,2489.8,ETH-11SEP26,call,2450.0,2026-09-11T08:00:00+00:00,0.00968001307453672,0.025,0.0285,0.026392,0.02675,2489.8,ETH-11SEP26,0.44299999999999995,0.65256,0.90513,2368.0,10.0,0.0034999999999999996,ETH,2489.3,762.06
2026-09-07T19:08:42.019399+00:00,ETH-25DEC26-8000-P,2514.91,ETH-25DEC26,put,8000.0,2026-12-25T08:00:00+00:00,0.2971543457234073,2.16,2.2015,2.181815,2.18075,2514.91,ETH-25DEC26,0.7744,-0.99428,0.2234,23.0,23.0,0.04149999999999965,ETH,2489.3,125637.35
2026-09-07T19:08:42.019399+00:00,ETH-30OCT26-2500-C,2500.6,ETH-30OCT26,call,2500.0,2026-10-30T08:00:00+00:00,0.14383470164400966,0.077,0.0785,0.077609,0.07775,2500.6,ETH-30OCT26,0.5129,0.5393,3.76643,2930.0,101.0,0.0015000000000000013,ETH,2489.31,19765.44
2026-09-07T19:08:42.019399+00:00,ETH-27NOV26-2400-C,2508.12,ETH-27NOV26,call,2400.0,2026-11-27T08:00:00+00:00,0.2204945236837085,0.117,0.121,0.118359,0.119,2508.12,ETH-27NOV26,0.5209,0.6189,4.48992,307.0,0.0,0.00399999999999999,ETH,2489.3,0.0
2026-09-07T19:08:42.019399+00:00,ETH-26MAR27-3300-P,2539.69,ETH-26MAR27,put,3300.0,2027-03-26T08:00:00+00:00,0.5462987673524287,0.3665,0.376,0.372694,0.37125,2539.69,ETH-26MAR27,0.5550999999999999,-0.66742,6.8217,101.0,0.0,0.009500000000000008,ETH,2489.31,0.0
2026-09-07T19:08:42.019399+00:00,ETH-8SEP26-2680-P,2488.95,ETH-8SEP26,put,2680.0,2026-09-08T08:00:00+00:00,0.0014664607131404165,0.073,0.0795,0.076787,0.07625,2488.95,ETH-8SEP26,0.6151,-0.99912,0.00286,0.0,0.0,0.006500000000000006,ETH,2489.31,0.0
2026-09-07T19:08:42.019399+00:00,ETH-25DEC26-1400-C,2514.91,ETH-25DEC26,call,1400.0,2026-12-25T08:00:00+00:00,0.2971543457234073,0.448,0.451,0.449312,0.4495,2514.91,ETH-25DEC26,0.6654000000000001,0.96374,1.09076,939.0,0.0,0.0030000000000000027,ETH,2489.31,0.0
2026-09-07T19:08:42.019399+00:00,ETH-26MAR27-2600-P,2539.69,ETH-26MAR27,put,2600.0,2027-03-26T08:00:00+00:00,0.5462987673524287,0.1725,0.175,0.173891,0.17375,2539.69,ETH-26MAR27,0.5455,-0.44292,7.41464,645.0,0.0,0.0025000000000000022,ETH,2489.31,0.0
2026-09-07T19:08:42.019399+00:00,ETH-11SEP26-2550-P,2489.8,ETH-11SEP26,put,2550.0,2026-09-11T08:00:00+00:00,0.00968001307453672,0.0305,0.0345,0.033015,0.0325,2489.8,ETH-11SEP26,0.46409999999999996,-0.69124,0.86293,475.0,0.0,0.0040000000000000036,ETH,2489.31,0.0
2026-09-07T19:08:42.019399+00:00,ETH-25SEP26-4600-C,2494.3,ETH-25SEP26,call,4600.0,2026-09-25T08:00:00+00:00,0.04800992409438613,,0.0002,9.6e-05,,2494.3,ETH-25SEP26,0.9235,0.00174,0.03049,4397.0,0.0,,ETH,2489.36,0.0
2026-09-07T19:08:42.019399+00:00,ETH-26MAR27-2800-C,2539.69,ETH-26MAR27,call,2800.0,2027-03-26T08:00:00+00:00,0.5462987673524287,0.1205,0.1235,0.12193,0.122,2539.69,ETH-26MAR27,0.5467,0.48438,7.48588,5034.0,0.0,0.0030000000000000027,ETH,2489.36,0.0
2026-09-07T19:08:42.019399+00:00,ETH-25SEP26-3800-P,2494.27,ETH-25SEP26,put,3800.0,2026-09-25T08:00:00+00:00,0.04800992409438613,0.5175,0.529,0.523979,0.52325,2494.27,ETH-25SEP26,0.7826000000000001,-0.99106,0.13205,943.0,0.0,0.011500000000000066,ETH,2489.36,0.0
2026-09-07T19:08:42.019399+00:00,ETH-18SEP26-2450-C,2491.86,ETH-18SEP26,call,2450.0,2026-09-18T08:00:00+00:00,0.02884496858446143,0.0415,0.0425,0.041918,0.042,2491.86,ETH-18SEP26,0.489,0.5972,1.63859,932.0,0.0,0.0010000000000000009,ETH,2489.36,0.0
2026-09-07T19:08:42.019399+00:00,ETH-25SEP26-3200-C,2494.27,ETH-25SEP26,call,3200.0,2026-09-25T08:00:00+00:00,0.04800992409438613,0.0021,0.0025,0.002279,0.0023,2494.27,ETH-25SEP26,0.6338,0.04239,0.4938,13422.0,61.0,0.0004000000000000002,ETH,2489.36,431.23
2026-09-07T19:08:42.019399+00:00,ETH-25SEP26-1000-P,2494.27,ETH-25SEP26,put,1000.0,2026-09-25T08:00:00+00:00,0.04800992409438613,,0.0001,3e-05,,2494.27,ETH-25SEP26,1.2915,-0.00038,0.00744,10805.0,0.0,,ETH,2489.36,0.0
2026-09-07T19:08:42.019399+00:00,ETH-8SEP26-2340-C,2488.95,ETH-8SEP26,call,2340.0,2026-09-08T08:00:00+00:00,0.0014664607131404165,0.0575,0.063,0.059836,0.06025,2488.95,ETH-8SEP26,0.5514,0.99834,0.00509,0.0,0.0,0.005499999999999998,ETH,2489.36,0.0
2026-09-07T19:08:42.019399+00:00,ETH-25SEP26-1000-C,2494.3,ETH-25SEP26,call,1000.0,2026-09-25T08:00:00+00:00,0.04800992409438613,0.598,0.6005,0.599111,0.59925,2494.3,ETH-25SEP26,1.2915,0.99962,0.00744,5785.0,0.0,0.0025000000000000577,ETH,2489.36,0.0
2026-09-07T19:08:42.019399+00:00,ETH-27NOV26-2000-C,2508.12,ETH-27NOV26,call,2000.0,2026-11-27T08:00:00+00:00,0.2204945236837085,0.2255,0.229,0.226956,0.22725,2508.12,ETH-27NOV26,0.5527000000000001,0.84182,2.84522,9.0,0.0,0.003500000000000003,ETH,2489.36,0.0
2026-09-07T19:08:42.019399+00:00,ETH-25DEC26-1800-C,2514.91,ETH-25DEC26,call,1800.0,2026-12-25T08:00:00+00:00,0.2971543457234073,0.302,0.3055,0.303724,0.30375,2514.91,ETH-25DEC26,0.5769,0.88889,2.59743,2434.0,0.0,0.003500000000000003,ETH,2489.36,0.0
2026-09-07T19:08:42.019399+00:00,ETH-25SEP26-2420-C,2494.27,ETH-25SEP26,call,2420.0,2026-09-25T08:00:00+00:00,0.04800992409438613,0.0575,0.061,0.059132,0.05925,2494.27,ETH-25SEP26,0.49479999999999996,0.63061,2.06317,122.0,0.0,0.003499999999999996,ETH,2489.39,0.0
2026-09-07T19:08:42.019399+00:00,ETH-30OCT26-2250-P,2500.6,ETH-30OCT26,put,2250.0,2026-10-30T08:00:00+00:00,0.14383470164400966,0.0345,0.0355,0.034702,0.035,2500.6,ETH-30OCT26,0.5182,-0.26247,3.09236,1345.0,0.0,0.000999999999999994,ETH,2489.39,0.0
2026-09-07T19:08:42.019399+00:00,ETH-26MAR27-4800-P,2539.69,ETH-26MAR27,put,4800.0,2027-03-26T08:00:00+00:00,0.5462987673524287,0.9,0.919,0.909785,0.9095,2539.69,ETH-26MAR27,0.5957,-0.8897,3.53805,0.0,0.0,0.019000000000000017,ETH,2489.39,0.0
2026-09-07T19:08:42.019399+00:00,ETH-25SEP26-5200-C,2494.27,ETH-25SEP26,call,5200.0,2026-09-25T08:00:00+00:00,0.04800992409438613,,0.0001,1.2e-05,,2494.27,ETH-25SEP26,0.9314,0.00024,0.00483,2392.0,0.0,,ETH,2489.39,0.0
2026-09-07T19:08:42.019399+00:00,ETH-30OCT26-2900-C,2500.6,ETH-30OCT26,call,2900.0,2026-10-30T08:00:00+00:00,0.14383470164400966,0.0295,0.0305,0.029864,0.03,2500.6,ETH-30OCT26,0.5373,0.26605,3.11376,2732.0,0.0,0.0010000000000000009,ETH,2489.39,0.0
2026-09-07T19:08:42.019399+00:00,ETH-27NOV26-3800-C,2508.12,ETH-27NOV26,call,3800.0,2026-11-27T08:00:00+00:00,0.2204945236837085,0.0105,0.0115,0.010947,0.011,2508.12,ETH-27NOV26,0.6032,0.09266,1.95502,319.0,0.0,0.0009999999999999992,ETH,2489.39,0.0
2026-09-07T19:08:42.019399+00:00,ETH-25JUN27-4400-P,2566.8,ETH-25JUN27,put,4400.0,2027-06-25T08:00:00+00:00,0.7954431889814498,0.7545,0.772,0.764712,0.76325,2566.8,ETH-25JUN27,0.578,-0.78439,6.70263,1.0,0.0,0.01750000000000007,ETH,2489.39,0.0
2026-09-07T19:08:42.019399+00:00,ETH-9SEP26-2320-P,2489.29,ETH-9SEP26,put,2320.0,2026-09-09T08:00:00+00:00,0.0042043115002725175,0.0002,0.0005,0.000336,0.00035,2489.29,ETH-9SEP26,0.5562,-0.02425,0.09195,127.0,2.0,0.00030000000000000003,ETH,2489.39,2.25
2026-09-07T19:08:42.019399+00:00,ETH-25DEC26-1500-P,2514.91,ETH-25DEC26,put,1500.0,2026-12-25T08:00:00+00:00,0.2971543457234073,0.0075,0.0085,0.00802,0.008,2514.91,ETH-25DEC26,0.6374,-0.04838,1.37769,16254.0,2.0,0.0010000000000000009,ETH,2489.39,37.67
2026-09-07T19:08:42.019399+00:00,ETH-10SEP26-2600-P,2489.5,ETH-10SEP26,put,2600.0,2026-09-10T08:00:00+00:00,0.006942162287404618,0.0435,0.05,0.047388,0.04675,2489.5,ETH-10SEP26,0.4852,-0.85358,0.476,0.0,0.0,0.006500000000000006,ETH,2489.39,0.0
2026-09-07T19:08:42.019399+00:00,ETH-26MAR27-4200-C,2539.69,ETH-26MAR27,call,4200.0,2027-03-26T08:00:00+00:00,0.5462987673524287,0.031,0.033,0.031913,0.032,2539.69,ETH-26MAR27,0.5785,0.16803,4.71662,2903.0,0.0,0.0020000000000000018,ETH,2489.39,0.0
2026-09-07T19:08:42.019399+00:00,ETH-11SEP26-2460-P,2489.8,ETH-11SEP26,put,2460.0,2026-09-11T08:00:00+00:00,0.00968001307453672,0.0115,0.012,0.0119,0.01175,2489.8,ETH-11SEP26,0.4412,-0.38178,0.93431,0.0,0.0,0.0005000000000000004,ETH,2489.39,0.0
2026-09-07T19:08:42.019399+00:00,ETH-9SEP26-2560-C,2489.29,ETH-9SEP26,call,2560.0,2026-09-09T08:00:00+00:00,0.0042043115002725175,0.0025,0.0029,0.002652,0.0027,2489.29,ETH-9SEP26,0.4497,0.17275,0.41271,114.0,26.0,0.00039999999999999975,ETH,2489.39,403.56
2026-09-07T19:08:42.019399+00:00,ETH-30OCT26-1000-C,2500.63,ETH-30OCT26,call,1000.0,2026-10-30T08:00:00+00:00,0.14383470164400966,0.5995,0.602,0.600338,0.60075,2500.63,ETH-30OCT26,0.9016,0.99782,0.06505,0.0,0.0,0.0024999999999999467,ETH,2489.39,0.0
2026-09-07T19:08:42.019399+00:00,ETH-25JUN27-3100-P,2566.77,ETH-25JUN27,put,3100.0,2027-06-25T08:00:00+00:00,0.7954431889814498,0.3325,0.338,0.336051,0.33525,2566.77,ETH-25JUN27,0.5584,-0.55158,9.05993,18.0,18.0,0.005500000000000005,ETH,2489.39,15047.07
2026-09-07T19:08:42.019399+00:00,ETH-25SEP26-9000-P,2494.27,ETH-25SEP26,put,9000.0,2026-09-25T08:00:00+00:00,0.04800992409438613,2.594,2.6205,2.608271,2.60725,2494.27,ETH-25SEP26,1.3633000000000002,-0.99998,0.00041,0.0,0.0,0.026499999999999968,ETH,2489.39,0.0
2026-09-07T19:08:42.019399+00:00,ETH-9SEP26-2420-P,2489.29,ETH-9SEP26,put,2420.0,2026-09-09T08:00:00+00:00,0.0042043115002725175,0.0021,0.0025,0.002391,0.0023,2489.29,ETH-9SEP26,0.4397,-0.15695,0.38785,158.0,80.0,0.0004000000000000002,ETH,2489.39,525.41
2026-09-07T19:08:42.019399+00:00,ETH-9SEP26-2350-P,2489.29,ETH-9SEP26,put,2350.0,2026-09-09T08:00:00+00:00,0.0042043115002725175,0.0004,0.0008,0.000575,0.0006,2489.29,ETH-9SEP26,0.5176,-0.04139,0.14302,116.0,116.0,0.0004,ETH,2489.39,190.94
2026-09-07T19:08:42.019399+00:00,ETH-27NOV26-2700-C,2508.12,ETH-27NOV26,call,2700.0,2026-11-27T08:00:00+00:00,0.2204945236837085,0.0675,0.0685,0.068111,0.068,2508.12,ETH-27NOV26,0.5249,0.43037,4.62856,346.0,0.0,0.0010000000000000009,ETH,2489.39,0.0
2026-09-07T19:08:42.019399+00:00,ETH-18SEP26-2200-P,2491.86,ETH-18SEP26,put,2200.0,2026-09-18T08:00:00+00:00,0.02884496858446143,0.0034,0.0038,0.003628,0.0036,2491.86,ETH-18SEP26,0.5463,-0.08228,0.64292,5259.0,2024.0,0.0004000000000000002,ETH,2489.49,19604.15
2026-09-07T19:08:42.019399+00:00,ETH-25SEP26-2300-P,2494.27,ETH-25SEP26,put,2300.0,2026-09-25T08:00:00+00:00,0.04800992409438613,0.014,0.015,0.014441,0.0145,2494.27,ETH-25SEP26,0.5064,-0.21573,1.60064,5632.0,19.0,0.0009999999999999992,ETH,2489.49,665.25
2026-09-07T19:08:42.019399+00:00,ETH-25JUN27-2100-P,2566.8,ETH-25JUN27,put,2100.0,2027-06-25T08:00:00+00:00,0.7954431889814498,0.102,0.1045,0.103515,0.10325,2566.8,ETH-25JUN27,0.5640999999999999,-0.25763,7.39376,589.0,0.0,0.0025000000000000022,ETH,2489.49,0.0
2026-09-07T19:08:42.019399+00:00,ETH-9SEP26-2540-P,2489.29,ETH-9SEP26,put,2540.0,2026-09-09T08:00:00+00:00,0.0042043115002725175,0.0215,0.026,0.024244,0.02375,2489.29,ETH-9SEP26,0.4296,-0.75984,0.50203,0.0,0.0,0.0045000000000000005,ETH,2489.49,0.0
2026-09-07T19:08:42.019399+00:00,ETH-25DEC26-1000-C,2514.91,ETH-25DEC26,call,1000.0,2026-12-25T08:00:00+00:00,0.2971543457234073,0.603,0.606,0.604038,0.6045,2514.91,ETH-25DEC26,0.8,0.99016,0.36034,73.0,0.0,0.0030000000000000027,ETH,2489.49,0.0
2026-09-07T19:08:42.019399+00:00,ETH-25DEC26-2800-P,2514.91,ETH-25DEC26,put,2800.0,2026-12-25T08:00:00+00:00,0.2971543457234073,0.1855,0.187,0.186047,0.18625,2514.91,ETH-25DEC26,0.5286,-0.59017,5.33129,2887.0,363.0,0.0015000000000000013,ETH,2489.49,166747.58
2026-09-07T19:08:42.019399+00:00,ETH-25SEP26-2450-P,2494.27,ETH-25SEP26,put,2450.0,2026-09-25T08:00:00+00:00,0.04800992409438613,0.034,0.035,0.03451,0.0345,2494.27,ETH-25SEP26,0.4941,-0.41288,2.12894,114.0,62.0,0.0010000000000000009,ETH,2489.49,5065.1
2026-09-07T19:08:42.019399+00:00,ETH-30OCT26-1800-P,2500.6,ETH-30OCT26,put,1800.0,2026-10-30T08:00:00+00:00,0.14383470164400966,0.0055,0.0065,0.006074,0.006,2500.6,ETH-30OCT26,0.5929,-0.05768,1.09578,1273.0,0.0,0.001,ETH,2489.65,0.0
2026-09-07T19:08:42.019399+00:00,ETH-27NOV26-3100-C,2508.12,ETH-27NOV26,call,3100.0,2026-11-27T08:00:00+00:00,0.2204945236837085,0.0325,0.0335,0.032817,0.033,2508.12,ETH-27NOV26,0.5477000000000001,0.24367,3.69303,40.0,0.0,0.0010000000000000009,ETH,2489.49,0.0
2026-09-07T19:08:42.019399+00:00,ETH-25DEC26-4400-P,2514.87,ETH-25DEC26,put,4400.0,2026-12-25T08:00:00+00:00,0.2971543457234073,0.751,0.767,0.758081,0.759,2514.87,ETH-25DEC26,0.6119,-0.93438,1.7519,20.0,0.0,0.016000000000000014,ETH,2489.49,0.0
2026-09-07T19:08:42.019399+00:00,ETH-25SEP26-3400-C,2494.27,ETH-25SEP26,call,3400.0,2026-09-25T08:00:00+00:00,0.04800992409438613,0.0012,0.0014,0.001287,0.0013,2494.27,ETH-25SEP26,0.6879000000000001,0.02394,0.30814,9685.0,90.0,0.0002000000000000001,ETH,2489.65,280.39
2026-09-07T19:08:42.019399+00:00,ETH-10SEP26-2620-P,2489.5,ETH-10SEP26,put,2620.0,2026-09-10T08:00:00+00:00,0.006942162287404618,0.0515,0.0575,0.054656,0.0545,2489.5,ETH-10SEP26,0.4966,-0.887,0.39767,0.0,0.0,0.006000000000000005,ETH,2489.65,0.0
2026-09-07T19:08:42.019399+00:00,ETH-25SEP26-4400-P,2494.3,ETH-25SEP26,put,4400.0,2026-09-25T08:00:00+00:00,0.04800992409438613,0.7565,0.7695,0.764185,0.763,2494.3,ETH-25SEP26,0.8937,-0.99744,0.04339,281.0,0.0,0.013000000000000012,ETH,2489.65,0.0
2026-09-07T19:08:42.019399+00:00,ETH-11SEP26-1800-C,2489.8,ETH-11SEP26,call,1800.0,2026-09-11T08:00:00+00:00,0.00968001307453672,0.2755,0.2795,0.277118,0.2775,2489.8,ETH-11SEP26,1.1963,0.99757,0.01853,0.0,0.0,0.0040000000000000036,ETH,2489.65,0.0
2026-09-07T19:08:42.019399+00:00,ETH-25DEC26-7000-P,2514.91,ETH-25DEC26,put,7000.0,2026-12-25T08:00:00+00:00,0.2971543457234073,1.7665,1.8015,1.784772,1.784,2514.91,ETH-25DEC26,0.7469,-0.98954,0.3802,0.0,0.0,0.03500000000000014,ETH,2489.65,0.0
2026-09-07T19:08:42.019399+00:00,ETH-25JUN27-4000-C,2566.77,ETH-25JUN27,call,4000.0,2027-06-25T08:00:00+00:00,0.7954431889814498,0.065,0.0675,0.066166,0.06625,2566.77,ETH-25JUN27,0.5714,0.26925,7.56211,4555.0,0.0,0.0025000000000000022,ETH,2489.65,0.0
2026-09-07T19:08:42.019399+00:00,ETH-18SEP26-2900-P,2491.86,ETH-18SEP26,put,2900.0,2026-09-18T08:00:00+00:00,0.02884496858446143,0.1635,0.17,0.167091,0.16675,2491.86,ETH-18SEP26,0.5986,-0.92496,0.59957,0.0,0.0,0.006500000000000006,ETH,2489.65,0.0
2026-09-07T19:08:42.019399+00:00,ETH-26MAR27-1800-C,2539.69,ETH-26MAR27,call,1800.0,2027-03-26T08:00:00+00:00,0.5462987673524287,0.332,0.336,0.333553,0.334,2539.69,ETH-26MAR27,0.5784,0.84599,4.45663,3427.0,0.0,0.0040000000000000036,ETH,2489.74,0.0
2026-09-07T19:08:42.019399+00:00,ETH-8SEP26-2350-P,2488.95,ETH-8SEP26,put,2350.0,2026-09-08T08:00:00+00:00,0.0014664607131404165,,0.0001,2e-05,,2488.95,ETH-8SEP26,0.5501,-0.00298,0.00865,0.0,0.0,,ETH,2489.74,0.0
2026-09-07T19:08:42.019399+00:00,ETH-9SEP26-2250-C,2489.29,ETH-9SEP26,call,2250.0,2026-09-09T08:00:00+00:00,0.0042043115002725175,0.0945,0.099,0.096248,0.09675,2489.29,ETH-9SEP26,0.6666,0.99097,0.03933,18.0,0.0,0.004500000000000004,ETH,2489.74,0.0
2026-09-07T19:08:42.019399+00:00,ETH-11SEP26-2100-C,2489.76,ETH-11SEP26,call,2100.0,2026-09-11T08:00:00+00:00,0.00968001307453672,0.1555,0.1595,0.156869,0.1575,2489.76,ETH-11SEP26,0.7820999999999999,0.98788,0.07721,37.0,36.0,0.0040000000000000036,ETH,2489.74,14481.41
2026-09-07T19:08:42.019399+00:00,ETH-25JUN27-1900-C,2566.8,ETH-25JUN27,call,1900.0,2027-06-25T08:00:00+00:00,0.7954431889814498,0.3325,0.337,0.334272,0.33475,2566.8,ETH-25JUN27,0.5738,0.80065,6.4001,115.0,0.0,0.004500000000000004,ETH,2489.74,0.0
2026-09-07T19:08:42.019399+00:00,ETH-26MAR27-2000-P,2539.69,ETH-26MAR27,put,2000.0,2027-03-26T08:00:00+00:00,0.5462987673524287,0.063,0.065,0.064067,0.064,2539.69,ETH-26MAR27,0.5621,-0.21677,5.51403,1914.0,2.0,0.0020000000000000018,ETH,2489.74,322.71
2026-09-07T19:08:42.019399+00:00,ETH-25JUN27-3900-C,2566.8,ETH-25JUN27,call,3900.0,2027-06-25T08:00:00+00:00,0.7954431889814498,0.07,0.0725,0.071115,0.07125,2566.8,ETH-25JUN27,0.5703,0.28526,7.77965,160.0,0.0,0.0024999999999999883,ETH,2489.74,0.0
2026-09-07T19:08:42.019399+00:00,ETH-25SEP26-2100-P,2494.3,ETH-25SEP26,put,2100.0,2026-09-25T08:00:00+00:00,0.04800992409438613,0.0038,0.0042,0.004038,0.004,2494.3,ETH-25SEP26,0.5576,-0.0707,0.7398,37194.0,621.0,0.00039999999999999975,ETH,2489.74,6582.66
2026-09-07T19:08:42.019399+00:00,ETH-27NOV26-2150-C,2508.12,ETH-27NOV26,call,2150.0,2026-11-27T08:00:00+00:00,0.2204945236837085,0.1795,0.183,0.180984,0.18125,2508.12,ETH-27NOV26,0.5347,0.77026,3.57572,0.0,0.0,0.003500000000000003,ETH,2489.74,0.0
2026-09-07T19:08:42.019399+00:00,ETH-27NOV26-3400-C,2508.12,ETH-27NOV26,call,3400.0,2026-11-27T08:00:00+00:00,0.2204945236837085,0.0195,0.0205,0.019877,0.02,2508.12,ETH-27NOV26,0.5709000000000001,0.15869,2.8516,359.0,46.0,0.0010000000000000009,ETH,2489.74,2100.85
2026-09-07T19:08:42.019399+00:00,ETH-11SEP26-2400-P,2489.8,ETH-11SEP26,put,2400.0,2026-09-11T08:00:00+00:00,0.00968001307453672,0.005,0.0055,0.005294,0.00525,2489.8,ETH-11SEP26,0.462,-0.20189,0.68991,6059.0,488.0,0.0004999999999999996,ETH,2489.74,6564.78
2026-09-07T19:08:42.019399+00:00,ETH-27NOV26-3000-C,2508.12,ETH-27NOV26,call,3000.0,2026-11-27T08:00:00+00:00,0.2204945236837085,0.0385,0.04,0.039184,0.03925,2508.12,ETH-27NOV26,0.5408,0.2819,3.97951,352.0,0.0,0.0015000000000000013,ETH,2489.74,0.0
2026-09-07T19:08:42.019399+00:00,ETH-25SEP26-16000-P,2494.27,ETH-25SEP26,put,16000.0,2026-09-25T08:00:00+00:00,0.04800992409438613,5.38,5.4405,5.414703,5.41025,2494.27,ETH-25SEP26,1.8954,-0.99999,0.00024,30.0,0.0,0.06050000000000022,ETH,2489.74,0.0
2026-09-07T19:08:42.019399+00:00,ETH-25SEP26-2050-P,2494.27,ETH-25SEP26,put,2050.0,2026-09-25T08:00:00+00:00,0.04800992409438613,0.0028,0.0032,0.002988,0.003,2494.27,ETH-25SEP26,0.5771999999999999,-0.05313,0.59182,4005.0,1.0,0.0004000000000000002,ETH,2489.74,7.79
2026-09-07T19:08:42.019399+00:00,ETH-10SEP26-2500-P,2489.5,ETH-10SEP26,put,2500.0,2026-09-10T08:00:00+00:00,0.006942162287404618,0.016,0.017,0.016594,0.0165,2489.5,ETH-10SEP26,0.4315,-0.53675,0.82421,41.0,41.0,0.0010000000000000009,ETH,2489.74,1191.82
2026-09-07T19:08:42.019399+00:00,ETH-25JUN27-6000-C,2566.8,ETH-25JUN27,call,6000.0,2027-06-25T08:00:00+00:00,0.7954431889814498,0.0195,0.0215,0.02053,0.0205,2566.8,ETH-25JUN27,0.6092,0.09848,3.9751,1394.0,1.0,0.0019999999999999983,ETH,2489.74,51.1
2026-09-07T19:08:42.019399+00:00,ETH-11SEP26-3000-P,2489.8,ETH-11SEP26,put,3000.0,2026-09-11T08:00:00+00:00,0.00968001307453672,0.2005,0.209,0.205047,0.20475,2489.8,ETH-11SEP26,0.7264,-0.9949,0.03605,0.0,0.0,0.00849999999999998,ETH,2489.74,0.0
2026-09-07T19:08:42.019399+00:00,ETH-26MAR27-4500-P,2539.69,ETH-26MAR27,put,4500.0,2027-03-26T08:00:00+00:00,0.5462987673524287,0.7875,0.8055,0.796851,0.7965,2539.69,ETH-26MAR27,0.5871999999999999,-0.86434,4.09155,0.0,0.0,0.018000000000000016,ETH,2489.74,0.0
2026-09-07T19:08:42.019399+00:00,ETH-9SEP26-2800-P,2489.29,ETH-9SEP26,put,2800.0,2026-09-09T08:00:00+00:00,0.0042043115002725175,0.121,0.128,0.124918,0.1245,2489.29,ETH-9SEP26,0.695,-0.9951,0.02291,0.0,0.0,0.007000000000000006,ETH,2489.74,0.0
2026-09-07T19:08:42.019399+00:00,ETH-25SEP26-1600-C,2494.27,ETH-25SEP26,call,1600.0,2026-09-25T08:00:00+00:00,0.04800992409438613,0.3575,0.361,0.358906,0.35925,2494.27,ETH-25SEP26,0.8373,0.994,0.09294,3418.0,0.0,0.003500000000000003,ETH,2489.74,0.0
2026-09-07T19:08:42.019399+00:00,ETH-27NOV26-4200-P,2508.12,ETH-27NOV26,put,4200.0,2026-11-27T08:00:00+00:00,0.2204945236837085,0.6715,0.689,0.681048,0.68025,2508.12,ETH-27NOV26,0.6336999999999999,-0.94323,1.344,0.0,0.0,0.01749999999999996,ETH,2489.74,0.0
2026-09-07T19:08:42.019399+00:00,ETH-27NOV26-1600-P,2508.12,ETH-27NOV26,put,1600.0,2026-11-27T08:00:00+00:00,0.2204945236837085,0.0065,0.0075,0.007019,0.007,2508.12,ETH-27NOV26,0.6392,-0.0497,1.20937,59.0,0.0,0.001,ETH,2489.74,0.0
2026-09-07T19:08:42.019399+00:00,ETH-27NOV26-2300-P,2508.16,ETH-27NOV26,put,2300.0,2026-11-27T08:00:00+00:00,0.2204945236837085,0.0575,0.0585,0.058135,0.058,2508.16,ETH-27NOV26,0.5241,-0.31715,4.198,302.0,0.0,0.0010000000000000009,ETH,2489.74,0.0
2026-09-07T19:08:42.019399+00:00,ETH-26MAR27-3000-P,2539.69,ETH-26MAR27,put,3000.0,2027-03-26T08:00:00+00:00,0.5462987673524287,0.2775,0.282,0.280511,0.27975,2539.69,ETH-26MAR27,0.5494,-0.58174,7.33502,370.0,0.0,0.0044999999999999485,ETH,2489.74,0.0
2026-09-07T19:08:42.019399+00:00,ETH-8SEP26-2250-C,2488.95,ETH-8SEP26,call,2250.0,2026-09-08T08:00:00+00:00,0.0014664607131404165,0.0935,0.099,0.095987,0.09625,2488.95,ETH-8SEP26,0.7390000000000001,0.99984,0.0006,0.0,0.0,0.005500000000000005,ETH,2489.74,0.0
2026-09-07T19:08:42.019399+00:00,ETH-25JUN27-3900-P,2566.77,ETH-25JUN27,put,3900.0,2027-06-25T08:00:00+00:00,0.7954431889814498,0.5815,0.5945,0.590534,0.588,2566.77,ETH-25JUN27,0.5703,-0.71474,7.77965,0.0,0.0,0.013000000000000012,ETH,2489.74,0.0
2026-09-07T19:08:42.019399+00:00,ETH-25DEC26-5200-P,2514.87,ETH-25DEC26,put,5200.0,2026-12-25T08:00:00+00:00,0.2971543457234073,1.057,1.0815,1.071899,1.06925,2514.87,ETH-25DEC26,0.6609,-0.96674,1.01631,0.0,0.0,0.024499999999999966,ETH,2489.74,0.0
2026-09-07T19:08:42.019399+00:00,ETH-25DEC26-4800-C,2514.91,ETH-25DEC26,call,4800.0,2026-12-25T08:00:00+00:00,0.2971543457234073,0.0055,0.0065,0.005964,0.006,2514.91,ETH-25DEC26,0.6401,0.0468,1.3418,2708.0,17.0,0.001,ETH,2489.74,231.89
2026-09-07T19:08:42.019399+00:00,ETH-25JUN27-4400-C,2566.77,ETH-25JUN27,call,4400.0,2027-06-25T08:00:00+00:00,0.7954431889814498,0.0495,0.0515,0.050495,0.0505,2566.77,ETH-25JUN27,0.578,0.21567,6.70446,173.0,0.0,0.001999999999999995,ETH,2489.74,0.0
2026-09-07T19:08:42.019399+00:00,ETH-9SEP26-2400-P,2489.29,ETH-9SEP26,put,2400.0,2026-09-09T08:00:00+00:00,0.0042043115002725175,0.0014,0.0017,0.001589,0.00155,2489.29,ETH-9SEP26,0.462,-0.10711,0.29775,379.0,383.0,0.0002999999999999999,ETH,2489.74,1762.19
2026-09-07T19:08:42.019399+00:00,ETH-25JUN27-2000-P,2566.8,ETH-25JUN27,put,2000.0,2027-06-25T08:00:00+00:00,0.7954431889814498,0.087,0.0895,0.088179,0.08825,2566.8,ETH-25JUN27,0.5683,-0.22783,6.91814,1802.0,0.0,0.0025000000000000022,ETH,2489.74,0.0
2026-09-07T19:08:42.019399+00:00,ETH-11SEP26-2480-C,2489.8,ETH-11SEP26,call,2480.0,2026-09-11T08:00:00+00:00,0.00968001307453672,0.019,0.02,0.019405,0.0195,2489.8,ETH-11SEP26,0.4435,0.54671,0.97089,196.0,196.0,0.0010000000000000009,ETH,2489.74,11034.08
2026-09-07T19:08:42.019399+00:00,ETH-25SEP26-2050-C,2494.27,ETH-25SEP26,call,2050.0,2026-09-25T08:00:00+00:00,0.04800992409438613,0.1795,0.1835,0.181104,0.1815,2494.27,ETH-25SEP26,0.5771999999999999,0.94687,0.59182,19.0,0.0,0.0040000000000000036,ETH,2489.74,0.0
2026-09-07T19:08:42.019399+00:00,ETH-8SEP26-2300-C,2488.95,ETH-8SEP26,call,2300.0,2026-09-08T08:00:00+00:00,0.0014664607131404165,0.0735,0.079,0.0759,0.07625,2488.95,ETH-8SEP26,0.6275999999999999,0.99953,0.00159,0.0,0.0,0.005500000000000005,ETH,2489.74,0.0
2026-09-07T19:08:42.019399+00:00,ETH-11SEP26-2540-P,2489.8,ETH-11SEP26,put,2540.0,2026-09-11T08:00:00+00:00,0.00968001307453672,0.028,0.0315,0.030024,0.02975,2489.8,ETH-11SEP26,0.4585,-0.66087,0.89699,0.0,0.0,0.0034999999999999996,ETH,2489.74,0.0
2026-09-07T19:08:42.019399+00:00,ETH-25DEC26-2700-P,2514.91,ETH-25DEC26,put,2700.0,2026-12-25T08:00:00+00:00,0.2971543457234073,0.158,0.1595,0.158385,0.15875,2514.91,ETH-25DEC26,0.5249,-0.54152,5.44254,1122.0,152.0,0.0015000000000000013,ETH,2489.74,60250.93
2026-09-07T19:08:42.019399+00:00,ETH-25SEP26-7500-C,2494.27,ETH-25SEP26,call,7500.0,2026-09-25T08:00:00+00:00,0.04800992409438613,,0.0001,1e-06,,2494.27,ETH-25SEP26,1.1895,2e-05,0.0005,2159.0,0.0,,ETH,2489.74,0.0
2026-09-07T19:08:42.019399+00:00,ETH-25SEP26-6800-P,2494.3,ETH-25SEP26,put,6800.0,2026-09-25T08:00:00+00:00,0.04800992409438613,1.714,1.736,1.72625,1.725,2494.3,ETH-25SEP26,1.1040999999999999,-0.99997,0.00067,0.0,0.0,0.02200000000000002,ETH,2489.74,0.0
2026-09-07T19:08:42.019399+00:00,ETH-27NOV26-2650-P,2508.16,ETH-27NOV26,put,2650.0,2026-11-27T08:00:00+00:00,0.2204945236837085,0.1305,0.132,0.131276,0.13125,2508.16,ETH-27NOV26,0.5228,-0.54001,4.67738,100.0,0.0,0.0015000000000000013,ETH,2489.74,0.0
2026-09-07T19:08:42.019399+00:00,ETH-10SEP26-2660-C,2489.5,ETH-10SEP26,call,2660.0,2026-09-10T08:00:00+00:00,0.006942162287404618,0.0012,0.0014,0.001291,0.0013,2489.5,ETH-10SEP26,0.5257999999999999,0.06884,0.27502,191.0,102.0,0.0002000000000000001,ETH,2489.74,743.8
2026-09-07T19:08:42.019399+00:00,ETH-25DEC26-7000-C,2514.91,ETH-25DEC26,call,7000.0,2026-12-25T08:00:00+00:00,0.2971543457234073,0.0011,0.0015,0.001283,0.0013,2514.91,ETH-25DEC26,0.7469,0.01046,0.3803,3002.0,0.0,0.00039999999999999996,ETH,2489.74,0.0
2026-09-07T19:08:42.019399+00:00,ETH-25SEP26-2250-P,2494.3,ETH-25SEP26,put,2250.0,2026-09-25T08:00:00+00:00,0.04800992409438613,0.01,0.011,0.010538,0.0105,2494.3,ETH-25SEP26,0.5157,-0.16595,1.36239,4447.0,13.0,0.0009999999999999992,ETH,2489.74,320.31
2026-09-07T19:08:42.019399+00:00,ETH-8SEP26-2400-P,2488.95,ETH-8SEP26,put,2400.0,2026-09-08T08:00:00+00:00,0.0014664607131404165,0.0001,0.0002,0.000153,0.00015,2488.95,ETH-8SEP26,0.47590000000000005,-0.0217,0.04941,874.0,918.0,0.0001,ETH,2489.74,1138.61
2026-09-07T19:08:42.019399+00:00,ETH-11SEP26-2350-C,2489.76,ETH-11SEP26,call,2350.0,2026-09-11T08:00:00+00:00,0.00968001307453672,0.057,0.0615,0.058716,0.05925,2489.76,ETH-11SEP26,0.4875,0.89114,0.45732,275.0,118.0,0.004499999999999997,ETH,2489.74,18389.07
2026-09-07T19:08:42.019399+00:00,ETH-25DEC26-1800-P,2514.91,ETH-25DEC26,put,1800.0,2026-12-25T08:00:00+00:00,0.2971543457234073,0.019,0.02,0.019478,0.0195,2514.91,ETH-25DEC26,0.5769,-0.11101,2.59623,5256.0,1.0,0.0010000000000000009,ETH,2489.74,46.46
2026-09-07T19:08:42.019399+00:00,ETH-18SEP26-3000-C,2491.86,ETH-18SEP26,call,3000.0,2026-09-18T08:00:00+00:00,0.02884496858446143,0.0019,0.0021,0.002031,0.002,2491.86,ETH-18SEP26,0.6335000000000001,0.04762,0.41999,727.0,3.0,0.00019999999999999987,ETH,2489.74,15.71
2026-09-07T19:08:42.019399+00:00,ETH-27NOV26-3600-C,2508.12,ETH-27NOV26,call,3600.0,2026-11-27T08:00:00+00:00,0.2204945236837085,0.014,0.015,0.014437,0.0145,2508.12,ETH-27NOV26,0.5852,0.11969,2.3528,1723.0,5.0,0.0009999999999999992,ETH,2489.74,188.34
2026-09-07T19:08:42.019399+00:00,ETH-25JUN27-1400-P,2566.8,ETH-25JUN27,put,1400.0,2027-06-25T08:00:00+00:00,0.7954431889814498,0.027,0.029,0.028076,0.028,2566.8,ETH-25JUN27,0.6236999999999999,-0.08565,3.58467,1801.0,1.0,0.0020000000000000018,ETH,2489.74,66.49
2026-09-07T19:08:42.019399+00:00,ETH-10SEP26-2560-C,2489.55,ETH-10SEP26,call,2560.0,2026-09-10T08:00:00+00:00,0.006942162287404618,0.005,0.0055,0.005271,0.00525,2489.55,ETH-10SEP26,0.4593,0.24035,0.64549,247.0,137.0,0.0004999999999999996,ETH,2489.74,2420.9
2026-09-07T19:08:42.019399+00:00,ETH-8SEP26-2680-C,2488.95,ETH-8SEP26,call,2680.0,2026-09-08T08:00:00+00:00,0.0014664607131404165,,0.0001,6e-06,,2488.95,ETH-8SEP26,0.6151,0.0009,0.00291,276.0,351.0,,ETH,2489.74,326.1
2026-09-07T19:08:42.019399+00:00,ETH-25JUN27-1600-C,2566.77,ETH-25JUN27,call,1600.0,2027-06-25T08:00:00+00:00,0.7954431889814498,0.4175,0.4225,0.419246,0.42,2566.77,ETH-25JUN27,0.5986,0.87542,4.70398,379.0,0.0,0.0050000000000000044,ETH,2489.74,0.0
2026-09-07T19:08:42.019399+00:00,ETH-27NOV26-2950-C,2508.12,ETH-27NOV26,call,2950.0,2026-11-27T08:00:00+00:00,0.2204945236837085,0.0425,0.0435,0.042864,0.043,2508.12,ETH-27NOV26,0.5375,0.30305,4.11579,150.0,0.0,0.000999999999999994,ETH,2489.74,0.0
2026-09-07T19:08:42.019399+00:00,ETH-27NOV26-2750-C,2508.16,ETH-27NOV26,call,2750.0,2026-11-27T08:00:00+00:00,0.2204945236837085,0.0615,0.0625,0.061998,0.062,2508.16,ETH-27NOV26,0.5267000000000001,0.40224,4.55917,533.0,0.0,0.0010000000000000009,ETH,2489.74,0.0
2026-09-07T19:08:42.019399+00:00,ETH-25DEC26-5000-C,2514.87,ETH-25DEC26,call,5000.0,2026-12-25T08:00:00+00:00,0.2971543457234073,0.0047,0.0055,0.005069,0.0051,2514.87,ETH-25DEC26,0.653,0.03995,1.18091,4228.0,0.0,0.0007999999999999995,ETH,2489.74,0.0
2026-09-07T19:08:42.019399+00:00,ETH-26MAR27-2900-P,2539.69,ETH-26MAR27,put,2900.0,2027-03-26T08:00:00+00:00,0.5462987673524287,0.249,0.2535,0.251884,0.25125,2539.69,ETH-26MAR27,0.5479999999999999,-0.54946,7.43524,258.0,0.0,0.004500000000000004,ETH,2489.74,0.0
2026-09-07T19:08:42.019399+00:00,ETH-9SEP26-2280-C,2489.29,ETH-9SEP26,call,2280.0,2026-09-09T08:00:00+00:00,0.0042043115002725175,0.0815,0.0875,0.084251,0.0845,2489.29,ETH-9SEP26,0.6169,0.98684,0.05459,18.0,18.0,0.0059999999999999915,ETH,2489.74,3862.99
2026-09-07T19:08:42.019399+00:00,ETH-25JUN27-4500-C,2566.8,ETH-25JUN27,call,4500.0,2027-06-25T08:00:00+00:00,0.7954431889814498,0.0465,0.049,0.04765,0.04775,2566.8,ETH-25JUN27,0.581,0.20514,6.51071,1489.0,0.0,0.0025000000000000022,ETH,2489.74,0.0
2026-09-07T19:08:42.019399+00:00,ETH-25SEP26-4500-C,2494.27,ETH-25SEP26,call,4500.0,2026-09-25T08:00:00+00:00,0.04800992409438613,,0.0002,0.000138,,2494.27,ETH-25SEP26,0.9227,0.00243,0.04141,8196.0,10.0,,ETH,2489.74,5.03
2026-09-07T19:08:42.019399+00:00,ETH-25SEP26-2750-P,2494.27,ETH-25SEP26,put,2750.0,2026-09-25T08:00:00+00:00,0.04800992409438613,0.1125,0.119,0.116095,0.11575,2494.27,ETH-25SEP26,0.5289,-0.78294,1.60658,0.0,0.0,0.006499999999999992,ETH,2489.74,0.0
2026-09-07T19:08:42.019399+00:00,ETH-27NOV26-2900-C,2508.12,ETH-27NOV26,call,2900.0,2026-11-27T08:00:00+00:00,0.2204945236837085,0.0465,0.0475,0.046927,0.047,2508.12,ETH-27NOV26,0.5343,0.32557,4.24419,147.0,10.0,0.0010000000000000009,ETH,2489.74,1243.57
2026-09-07T19:08:42.019399+00:00,ETH-26MAR27-4400-P,2539.69,ETH-26MAR27,put,4400.0,2027-03-26T08:00:00+00:00,0.5462987673524287,0.7505,0.768,0.759472,0.75925,2539.69,ETH-26MAR27,0.5837,-0.85476,4.28553,2.0,0.0,0.01750000000000007,ETH,2489.74,0.0
2026-09-07T19:08:42.019399+00:00,ETH-9SEP26-2580-C,2489.29,ETH-9SEP26,call,2580.0,2026-09-09T08:00:00+00:00,0.0042043115002725175,0.0017,0.002,0.001857,0.00185,2489.29,ETH-9SEP26,0.4719,0.12563,0.33344,440.0,417.0,0.00030000000000000014,ETH,2489.74,3476.35
2026-09-07T19:08:42.019399+00:00,ETH-30OCT26-1600-P,2500.6,ETH-30OCT26,put,1600.0,2026-10-30T08:00:00+00:00,0.14383470164400966,0.0026,0.0032,0.002905,0.0029,2500.6,ETH-30OCT26,0.6576000000000001,-0.02771,0.60441,2121.0,1.0,0.0006000000000000003,ETH,2489.74,6.97
2026-09-07T19:08:42.019399+00:00,ETH-25JUN27-4200-C,2566.8,ETH-25JUN27,call,4200.0,2027-06-25T08:00:00+00:00,0.7954431889814498,0.0565,0.059,0.057786,0.05775,2566.8,ETH-25JUN27,0.575,0.24106,7.13775,576.0,0.0,0.0024999999999999953,ETH,2489.74,0.0
2026-09-07T19:08:42.019399+00:00,ETH-25SEP26-7000-C,2494.27,ETH-25SEP26,call,7000.0,2026-09-25T08:00:00+00:00,0.04800992409438613,,0.0001,1e-06,,2494.27,ETH-25SEP26,1.1240999999999999,2e-05,0.00056,2135.0,0.0,,ETH,2489.74,0.0
2026-09-07T19:08:42.019399+00:00,ETH-27NOV26-2500-P,2508.16,ETH-27NOV26,put,2500.0,2026-11-27T08:00:00+00:00,0.2204945236837085,0.095,0.096,0.095406,0.0955,2508.16,ETH-27NOV26,0.5197999999999999,-0.44582,4.65762,422.0,0.0,0.0010000000000000009,ETH,2489.74,0.0
2026-09-07T19:08:42.019399+00:00,ETH-25SEP26-11000-P,2494.27,ETH-25SEP26,put,11000.0,2026-09-25T08:00:00+00:00,0.04800992409438613,3.392,3.424,3.410109,3.408,2494.27,ETH-25SEP26,1.5529,-0.99999,0.00034,0.0,0.0,0.03200000000000003,ETH,2489.74,0.0
2026-09-07T19:08:42.019399+00:00,ETH-11SEP26-2250-C,2489.76,ETH-11SEP26,call,2250.0,2026-09-11T08:00:00+00:00,0.00968001307453672,0.0955,0.1,0.097251,0.09775,2489.76,ETH-11SEP26,0.5969,0.96053,0.20887,279.0,0.0,0.004500000000000004,ETH,2489.74,0.0
2026-09-07T19:08:42.019399+00:00,ETH-18SEP26-2650-C,2491.86,ETH-18SEP26,call,2650.0,2026-09-18T08:00:00+00:00,0.02884496858446143,0.0125,0.0135,0.013032,0.013,2491.86,ETH-18SEP26,0.5191,0.25753,1.36669,1883.0,541.0,0.0009999999999999992,ETH,2489.74,20458.01
2026-09-07T19:08:42.019399+00:00,ETH-25SEP26-3300-P,2494.3,ETH-25SEP26,put,3300.0,2026-09-25T08:00:00+00:00,0.04800992409438613,0.3195,0.329,0.324758,0.32425,2494.3,ETH-25SEP26,0.6631999999999999,-0.96795,0.39299,3.0,0.0,0.009500000000000008,ETH,2489.74,0.0
2026-09-07T19:08:42.019399+00:00,ETH-26MAR27-1000-C,2539.69,ETH-26MAR27,call,1000.0,2027-03-26T08:00:00+00:00,0.5462987673524287,0.611,0.614,0.612243,0.6125,2539.69,ETH-26MAR27,0.7387999999999999,0.97614,1.0557,269.0,0.0,0.0030000000000000027,ETH,2489.74,0.0
2026-09-07T19:08:42.019399+00:00,ETH-25JUN27-3300-C,2566.8,ETH-25JUN27,call,3300.0,2027-06-25T08:00:00+00:00,0.7954431889814498,0.109,0.1115,0.110081,0.11025,2566.8,ETH-25JUN27,0.5609000000000001,0.40071,8.8534,2273.0,0.0,0.0025000000000000022,ETH,2489.74,0.0
2026-09-07T19:08:42.019399+00:00,ETH-27NOV26-4000-C,2508.12,ETH-27NOV26,call,4000.0,2026-11-27T08:00:00+00:00,0.2204945236837085,0.008,0.009,0.008455,0.0085,2508.12,ETH-27NOV26,0.6204,0.07282,1.63084,78.0,1.0,0.0009999999999999992,ETH,2489.74,22.68
2026-09-07T19:08:42.019399+00:00,ETH-11SEP26-2420-P,2489.76,ETH-11SEP26,put,2420.0,2026-09-11T08:00:00+00:00,0.00968001307453672,0.0065,0.0075,0.006976,0.007,2489.76,ETH-11SEP26,0.4531,-0.25298,0.7836,529.0,556.0,0.001,ETH,2489.74,8593.63
2026-09-07T19:08:42.019399+00:00,ETH-9SEP26-2280-P,2489.29,ETH-9SEP26,put,2280.0,2026-09-09T08:00:00+00:00,0.0042043115002725175,0.0001,0.0003,0.00019,0.0002,2489.29,ETH-9SEP26,0.6169,-0.01316,0.05459,16.0,3.0,0.00019999999999999998,ETH,2489.74,2.51
2026-09-07T19:08:42.019399+00:00,ETH-25JUN27-1500-C,2566.77,ETH-25JUN27,call,1500.0,2027-06-25T08:00:00+00:00,0.7954431889814498,0.449,0.4535,0.450412,0.45125,2566.77,ETH-25JUN27,0.6106,0.89596,4.13749,50.0,0.0,0.004500000000000004,ETH,2489.74,0.0
2026-09-07T19:08:42.019399+00:00,ETH-25SEP26-8000-C,2494.27,ETH-25SEP26,call,8000.0,2026-09-25T08:00:00+00:00,0.04800992409438613,,0.0001,1e-06,,2494.27,ETH-25SEP26,1.2502,2e-05,0.00046,1654.0,0.0,,ETH,2489.74,0.0
2026-09-07T19:08:42.019399+00:00,ETH-9SEP26-2580-P,2489.29,ETH-9SEP26,put,2580.0,2026-09-09T08:00:00+00:00,0.0042043115002725175,0.0345,0.041,0.038325,0.03775,2489.29,ETH-9SEP26,0.4719,-0.87437,0.33344,0.0,0.0,0.006499999999999999,ETH,2489.74,0.0
2026-09-07T19:08:42.019399+00:00,ETH-25DEC26-6500-P,2514.91,ETH-25DEC26,put,6500.0,2026-12-25T08:00:00+00:00,0.2971543457234073,1.569,1.603,1.586397,1.586,2514.91,ETH-25DEC26,0.727,-0.98598,0.49025,0.0,0.0,0.03400000000000003,ETH,2489.74,0.0
2026-09-07T19:08:42.019399+00:00,ETH-25SEP26-4200-P,2494.3,ETH-25SEP26,put,4200.0,2026-09-25T08:00:00+00:00,0.04800992409438613,0.6775,0.6895,0.684037,0.6835,2494.3,ETH-25SEP26,0.8465,-0.99668,0.05479,551.0,0.0,0.01200000000000001,ETH,2489.74,0.0
2026-09-07T19:08:42.019399+00:00,ETH-26MAR27-3600-C,2539.69,ETH-26MAR27,call,3600.0,2027-03-26T08:00:00+00:00,0.5462987673524287,0.054,0.056,0.05484,0.055,2539.69,ETH-26MAR27,0.5625,0.26425,6.14303,2292.0,0.0,0.0020000000000000018,ETH,2489.74,0.0
2026-09-07T19:08:42.019399+00:00,ETH-26MAR27-3400-P,2539.69,ETH-26MAR27,put,3400.0,2027-03-26T08:00:00+00:00,0.5462987673524287,0.3985,0.409,0.40539,0.40375,2539.69,ETH-26MAR27,0.5581,-0.6915,6.61215,6.0,0.0,0.010499999999999954,ETH,2489.74,0.0
2026-09-07T19:08:42.019399+00:00,ETH-30OCT26-1400-C,2500.63,ETH-30OCT26,call,1400.0,2026-10-30T08:00:00+00:00,0.14383470164400966,0.4405,0.4435,0.441522,0.442,2500.63,ETH-30OCT26,0.7329000000000001,0.98699,0.31784,50.0,0.0,0.0030000000000000027,ETH,2489.74,0.0
2026-09-07T19:08:42.019399+00:00,ETH-25DEC26-2600-C,2514.91,ETH-25DEC26,call,2600.0,2026-12-25T08:00:00+00:00,0.2971543457234073,0.0985,0.0995,0.099172,0.099,2514.91,ETH-25DEC26,0.5231,0.51067,5.47033,9775.0,48.0,0.0010000000000000009,ETH,2489.74,12099.61
2026-09-07T19:08:42.019399+00:00,ETH-10SEP26-2700-P,2489.5,ETH-10SEP26,put,2700.0,2026-09-10T08:00:00+00:00,0.006942162287404618,0.0815,0.089,0.085345,0.08525,2489.5,ETH-10SEP26,0.5549000000000001,-0.95792,0.1863,0.0,0.0,0.007499999999999993,ETH,2489.74,0.0
2026-09-07T19:08:42.019399+00:00,ETH-25JUN27-2400-C,2566.8,ETH-25JUN27,call,2400.0,2027-06-25T08:00:00+00:00,0.7954431889814498,0.222,0.227,0.224239,0.2245,2566.8,ETH-25JUN27,0.5576,0.64959,8.48767,907.0,0.0,0.0050000000000000044,ETH,2489.74,0.0
2026-09-07T19:08:42.019399+00:00,ETH-25JUN27-5000-C,2566.8,ETH-25JUN27,call,5000.0,2027-06-25T08:00:00+00:00,0.7954431889814498,0.034,0.036,0.034921,0.035,2566.8,ETH-25JUN27,0.5893999999999999,0.15755,5.51694,2381.0,0.0,0.001999999999999995,ETH,2489.74,0.0
2026-09-07T19:08:42.019399+00:00,ETH-25JUN27-2500-P,2566.8,ETH-25JUN27,put,2500.0,2027-06-25T08:00:00+00:00,0.7954431889814498,0.179,0.182,0.180803,0.1805,2566.8,ETH-25JUN27,0.5566,-0.38136,8.73117,1154.0,4.0,0.0030000000000000027,ETH,2489.85,1753.05
2026-09-07T19:08:42.019399+00:00,ETH-18SEP26-2100-C,2491.86,ETH-18SEP26,call,2100.0,2026-09-18T08:00:00+00:00,0.02884496858446143,0.1575,0.1615,0.159029,0.1595,2491.86,ETH-18SEP26,0.5993999999999999,0.95849,0.37602,0.0,0.0,0.0040000000000000036,ETH,2489.74,0.0
2026-09-07T19:08:42.019399+00:00,ETH-30OCT26-1850-P,2500.6,ETH-30OCT26,put,1850.0,2026-10-30T08:00:00+00:00,0.14383470164400966,0.007,0.008,0.007522,0.0075,2500.6,ETH-30OCT26,0.5826,-0.07012,1.27572,1324.0,1.0,0.001,ETH,2489.85,17.67
2026-09-07T19:08:42.019399+00:00,ETH-10SEP26-2650-P,2489.5,ETH-10SEP26,put,2650.0,2026-09-10T08:00:00+00:00,0.006942162287404618,0.063,0.0685,0.065975,0.06575,2489.5,ETH-10SEP26,0.5192,-0.92183,0.30308,0.0,0.0,0.005500000000000005,ETH,2489.85,0.0
2026-09-07T19:08:42.019399+00:00,ETH-18SEP26-2400-C,2491.86,ETH-18SEP26,call,2400.0,2026-09-18T08:00:00+00:00,0.02884496858446143,0.053,0.0565,0.054377,0.05475,2491.86,ETH-18SEP26,0.4919,0.68942,1.49504,202.0,0.0,0.003500000000000003,ETH,2489.85,0.0
2026-09-07T19:08:42.019399+00:00,ETH-25SEP26-2650-P,2494.27,ETH-25SEP26,put,2650.0,2026-09-25T08:00:00+00:00,0.04800992409438613,0.0815,0.0855,0.083874,0.0835,2494.27,ETH-25SEP26,0.5115,-0.68504,1.94244,0.0,0.0,0.0040000000000000036,ETH,2489.85,0.0
2026-09-07T19:08:42.019399+00:00,ETH-10SEP26-2360-C,2489.5,ETH-10SEP26,call,2360.0,2026-09-10T08:00:00+00:00,0.006942162287404618,0.052,0.0565,0.053683,0.05425,2489.5,ETH-10SEP26,0.4829,0.91214,0.33095,0.0,0.0,0.004500000000000004,ETH,2489.85,0.0
2026-09-07T19:08:42.019399+00:00,ETH-25DEC26-4200-C,2514.91,ETH-25DEC26,call,4200.0,2026-12-25T08:00:00+00:00,0.2971543457234073,0.01,0.011,0.010457,0.0105,2514.91,ETH-25DEC26,0.5995,0.08007,2.04073,5295.0,2.0,0.0009999999999999992,ETH,2489.85,53.68
2026-09-07T19:08:42.019399+00:00,ETH-30OCT26-2550-C,2500.6,ETH-30OCT26,call,2550.0,2026-10-30T08:00:00+00:00,0.14383470164400966,0.0685,0.07,0.068961,0.06925,2500.6,ETH-30OCT26,0.514,0.49945,3.78573,1490.0,9.0,0.0015000000000000013,ETH,2490.02,1623.44
2026-09-07T19:08:42.019399+00:00,ETH-25SEP26-8500-C,2494.3,ETH-25SEP26,call,8500.0,2026-09-25T08:00:00+00:00,0.04800992409438613,,0.0001,1e-06,,2494.3,ETH-25SEP26,1.3075,2e-05,0.00042,1699.0,0.0,,ETH,2490.02,0.0
2026-09-07T19:08:42.019399+00:00,ETH-27NOV26-2600-C,2508.16,ETH-27NOV26,call,2600.0,2026-11-27T08:00:00+00:00,0.2204945236837085,0.0815,0.0825,0.081989,0.082,2508.16,ETH-27NOV26,0.5214,0.49068,4.69999,197.0,0.0,0.0010000000000000009,ETH,2489.85,0.0
2026-09-07T19:08:42.019399+00:00,ETH-26MAR27-5000-P,2539.69,ETH-26MAR27,put,5000.0,2027-03-26T08:00:00+00:00,0.5462987673524287,0.976,0.9955,0.985744,0.98575,2539.69,ETH-26MAR27,0.6007,-0.90357,3.21,0.0,0.0,0.019500000000000073,ETH,2490.02,0.0
2026-09-07T19:08:42.019399+00:00,ETH-25SEP26-4500-P,2494.27,ETH-25SEP26,put,4500.0,2026-09-25T08:00:00+00:00,0.04800992409438613,0.797,0.81,0.804273,0.8035,2494.27,ETH-25SEP26,0.9227,-0.99756,0.04144,6.0,0.0,0.013000000000000012,ETH,2490.02,0.0
2026-09-07T19:08:42.019399+00:00,ETH-10SEP26-2750-P,2489.5,ETH-10SEP26,put,2750.0,2026-09-10T08:00:00+00:00,0.006942162287404618,0.1015,0.108,0.105054,0.10475,2489.5,ETH-10SEP26,0.5859000000000001,-0.97769,0.11019,0.0,0.0,0.006499999999999992,ETH,2490.02,0.0
2026-09-07T19:08:42.019399+00:00,ETH-30OCT26-3200-C,2500.6,ETH-30OCT26,call,3200.0,2026-10-30T08:00:00+00:00,0.14383470164400966,0.0145,0.0155,0.015043,0.015,2500.6,ETH-30OCT26,0.5657,0.14902,2.20287,5040.0,80.0,0.0009999999999999992,ETH,2490.02,2972.82
2026-09-07T19:08:42.019399+00:00,ETH-18SEP26-2000-C,2491.86,ETH-18SEP26,call,2000.0,2026-09-18T08:00:00+00:00,0.02884496858446143,0.1975,0.201,0.198333,0.19925,2491.86,ETH-18SEP26,0.6622,0.97797,0.22251,18.0,0.0,0.003500000000000003,ETH,2490.02,0.0
2026-09-07T19:08:42.019399+00:00,ETH-26MAR27-800-C,2539.65,ETH-26MAR27,call,800.0,2027-03-26T08:00:00+00:00,0.5462987673524287,0.687,0.69,0.688339,0.6885,2539.65,ETH-26MAR27,0.8108,0.98704,0.62721,0.0,0.0,0.0029999999999998916,ETH,2490.08,0.0
2026-09-07T19:08:42.019399+00:00,ETH-26MAR27-4400-C,2539.69,ETH-26MAR27,call,4400.0,2027-03-26T08:00:00+00:00,0.5462987673524287,0.026,0.028,0.026922,0.027,2539.69,ETH-26MAR27,0.5837,0.14532,4.28781,1063.0,1.0,0.0020000000000000018,ETH,2490.08,68.68
2026-09-07T19:08:42.019399+00:00,ETH-25DEC26-3000-P,2514.87,ETH-25DEC26,put,3000.0,2026-12-25T08:00:00+00:00,0.2971543457234073,0.243,0.2495,0.245961,0.24625,2514.87,ETH-25DEC26,0.535,-0.67643,4.92822,781.0,0.0,0.006500000000000006,ETH,2490.02,0.0
2026-09-07T19:08:42.019399+00:00,ETH-8SEP26-2520-P,2488.95,ETH-8SEP26,put,2520.0,2026-09-08T08:00:00+00:00,0.0014664607131404165,0.011,0.0155,0.013797,0.01325,2488.95,ETH-8SEP26,0.3513,-0.81435,0.25476,116.0,121.0,0.0045000000000000005,ETH,2490.02,3210.37
2026-09-07T19:08:42.019399+00:00,ETH-25SEP26-2500-P,2494.27,ETH-25SEP26,put,2500.0,2026-09-25T08:00:00+00:00,0.04800992409438613,0.044,0.045,0.044481,0.0445,2494.27,ETH-25SEP26,0.4951,-0.48557,2.18026,4609.0,74.0,0.0010000000000000009,ETH,2490.08,8046.21
2026-09-07T19:08:42.019399+00:00,ETH-25SEP26-13000-C,2494.27,ETH-25SEP26,call,13000.0,2026-09-25T08:00:00+00:00,0.04800992409438613,,0.0001,1e-06,,2494.27,ETH-25SEP26,1.7075,1e-05,0.00029,3307.0,0.0,,ETH,2490.08,0.0
2026-09-07T19:08:42.019399+00:00,ETH-25SEP26-7200-P,2494.27,ETH-25SEP26,put,7200.0,2026-09-25T08:00:00+00:00,0.04800992409438613,1.875,1.895,1.886617,1.885,2494.27,ETH-25SEP26,1.1496,-0.99998,0.00053,0.0,0.0,0.020000000000000018,ETH,2490.08,0.0
2026-09-07T19:08:42.019399+00:00,ETH-25JUN27-1900-P,2566.8,ETH-25JUN27,put,1900.0,2027-06-25T08:00:00+00:00,0.7954431889814498,0.0735,0.0755,0.074502,0.0745,2566.8,ETH-25JUN27,0.5738,-0.19927,6.39947,3367.0,0.0,0.0020000000000000018,ETH,2490.08,0.0
2026-09-07T19:08:42.019399+00:00,ETH-27NOV26-3400-P,2508.12,ETH-27NOV26,put,3400.0,2026-11-27T08:00:00+00:00,0.2204945236837085,0.3705,0.38,0.375495,0.37525,2508.12,ETH-27NOV26,0.5709000000000001,-0.84117,2.85376,0.0,0.0,0.009500000000000008,ETH,2490.08,0.0
2026-09-07T19:08:42.019399+00:00,ETH-25DEC26-4500-C,2514.87,ETH-25DEC26,call,4500.0,2026-12-25T08:00:00+00:00,0.2971543457234073,0.0075,0.008,0.007717,0.00775,2514.87,ETH-25DEC26,0.6192,0.06016,1.63756,3051.0,0.0,0.0005000000000000004,ETH,2490.08,0.0
2026-09-07T19:08:42.019399+00:00,ETH-9SEP26-2660-P,2489.29,ETH-9SEP26,put,2660.0,2026-09-09T08:00:00+00:00,0.0042043115002725175,0.0655,0.072,0.069038,0.06875,2489.29,ETH-9SEP26,0.5455,-0.96766,0.11688,0.0,0.0,0.006499999999999992,ETH,2490.08,0.0
2026-09-07T19:08:42.019399+00:00,ETH-30OCT26-1000-P,2500.63,ETH-30OCT26,put,1000.0,2026-10-30T08:00:00+00:00,0.14383470164400966,,0.0005,0.000242,,2500.63,ETH-30OCT26,0.9016,-0.00217,0.06489,1893.0,0.0,,ETH,2490.13,0.0
2026-09-07T19:08:42.019399+00:00,ETH-25JUN27-1400-C,2566.8,ETH-25JUN27,call,1400.0,2027-06-25T08:00:00+00:00,0.7954431889814498,0.481,0.4855,0.482643,0.48325,2566.8,ETH-25JUN27,0.6236999999999999,0.9144,3.58376,50.0,0.0,0.004500000000000004,ETH,2490.13,0.0
2026-09-07T19:08:42.019399+00:00,ETH-26MAR27-2300-C,2539.69,ETH-26MAR27,call,2300.0,2027-03-26T08:00:00+00:00,0.5462987673524287,0.203,0.207,0.204893,0.205,2539.69,ETH-26MAR27,0.5489999999999999,0.67298,6.77816,7621.0,0.0,0.003999999999999976,ETH,2490.13,0.0
2026-09-07T19:08:42.019399+00:00,ETH-25SEP26-6400-C,2494.27,ETH-25SEP26,call,6400.0,2026-09-25T08:00:00+00:00,0.04800992409438613,,0.0001,2e-06,,2494.27,ETH-25SEP26,1.0674,5e-05,0.00105,2860.0,0.0,,ETH,2490.13,0.0
2026-09-07T19:08:42.019399+00:00,ETH-26MAR27-6000-C,2539.69,ETH-26MAR27,call,6000.0,2027-03-26T08:00:00+00:00,0.5462987673524287,0.0085,0.0095,0.008965,0.009,2539.69,ETH-26MAR27,0.6306,0.05372,2.05115,5146.0,8.0,0.0009999999999999992,ETH,2490.13,173.17
2026-09-07T19:08:42.019399+00:00,ETH-25DEC26-3500-P,2514.91,ETH-25DEC26,put,3500.0,2026-12-25T08:00:00+00:00,0.2971543457234073,0.412,0.4235,0.41716,0.41775,2514.91,ETH-25DEC26,0.5600999999999999,-0.82331,3.55804,62.0,0.0,0.01150000000000001,ETH,2490.13,0.0
2026-09-07T19:08:42.019399+00:00,ETH-10SEP26-2460-C,2489.55,ETH-10SEP26,call,2460.0,2026-09-10T08:00:00+00:00,0.006942162287404618,0.02,0.023,0.020948,0.0215,2489.55,ETH-10SEP26,0.4313,0.64102,0.77559,1.0,1.0,0.002999999999999999,ETH,2490.13,43.25
2026-09-07T19:08:42.019399+00:00,ETH-11SEP26-2700-P,2489.8,ETH-11SEP26,put,2700.0,2026-09-11T08:00:00+00:00,0.00968001307453672,0.0835,0.0885,0.08619,0.086,2489.8,ETH-11SEP26,0.5565,-0.92591,0.34371,1.0,0.0,0.0049999999999999906,ETH,2490.13,0.0
2026-09-07T19:08:42.019399+00:00,ETH-8SEP26-2540-C,2489.0,ETH-8SEP26,call,2540.0,2026-09-08T08:00:00+00:00,0.0014664607131404165,0.0005,0.0007,0.00066,0.0006,2489.0,ETH-8SEP26,0.3994,0.09764,0.16425,661.0,495.0,0.00019999999999999998,ETH,2490.13,1320.79
2026-09-07T19:08:42.019399+00:00,ETH-30OCT26-3400-P,2500.63,ETH-30OCT26,put,3400.0,2026-10-30T08:00:00+00:00,0.14383470164400966,0.364,0.3745,0.369711,0.36925,2500.63,ETH-30OCT26,0.5888,-0.89652,1.70754,0.0,0.0,0.01050000000000001,ETH,2490.12,0.0
2026-09-07T19:08:42.019399+00:00,ETH-26MAR27-3500-P,2539.69,ETH-26MAR27,put,3500.0,2027-03-26T08:00:00+00:00,0.5462987673524287,0.434,0.4425,0.438492,0.43825,2539.69,ETH-26MAR27,0.56,-0.7145,6.38294,24.0,0.0,0.008500000000000008,ETH,2490.12,0.0
2026-09-07T19:08:42.019399+00:00,ETH-25SEP26-3500-P,2494.27,ETH-25SEP26,put,3500.0,2026-09-25T08:00:00+00:00,0.04800992409438613,0.3985,0.409,0.404201,0.40375,2494.27,ETH-25SEP26,0.7126,-0.98162,0.2465,1121.0,0.0,0.010499999999999954,ETH,2490.12,0.0
2026-09-07T19:08:42.019399+00:00,ETH-25DEC26-5200-C,2514.87,ETH-25DEC26,call,5200.0,2026-12-25T08:00:00+00:00,0.2971543457234073,0.0039,0.0044,0.004165,0.00415,2514.87,ETH-25DEC26,0.6609,0.0333,1.0176,9215.0,0.0,0.0005000000000000004,ETH,2490.12,0.0
2026-09-07T19:08:42.019399+00:00,ETH-27NOV26-4400-C,2508.12,ETH-27NOV26,call,4400.0,2026-11-27T08:00:00+00:00,0.2204945236837085,0.005,0.0055,0.005223,0.00525,2508.12,ETH-27NOV26,0.6514,0.04623,1.14169,133.0,23.0,0.0004999999999999996,ETH,2490.12,278.36
2026-09-07T19:08:42.019399+00:00,ETH-25SEP26-6500-C,2494.27,ETH-25SEP26,call,6500.0,2026-09-25T08:00:00+00:00,0.04800992409438613,,0.0001,2e-06,,2494.27,ETH-25SEP26,1.0823,4e-05,0.00102,1922.0,0.0,,ETH,2490.12,0.0
2026-09-07T19:08:42.019399+00:00,ETH-30OCT26-2250-C,2500.63,ETH-30OCT26,call,2250.0,2026-10-30T08:00:00+00:00,0.14383470164400966,0.1335,0.1375,0.134918,0.1355,2500.63,ETH-30OCT26,0.5182,0.73808,3.09005,787.0,0.0,0.0040000000000000036,ETH,2490.08,0.0
2026-09-07T19:08:42.019399+00:00,ETH-8SEP26-2660-C,2488.95,ETH-8SEP26,call,2660.0,2026-09-08T08:00:00+00:00,0.0014664607131404165,,0.0001,1.6e-05,,2488.95,ETH-8SEP26,0.6104999999999999,0.00243,0.0072,467.0,420.0,,ETH,2490.12,146.68
2026-09-07T19:08:42.019399+00:00,ETH-30OCT26-1900-P,2500.6,ETH-30OCT26,put,1900.0,2026-10-30T08:00:00+00:00,0.14383470164400966,0.0085,0.0095,0.009072,0.009,2500.6,ETH-30OCT26,0.5695,-0.08359,1.45837,1372.0,0.0,0.0009999999999999992,ETH,2490.08,0.0
2026-09-07T19:08:42.019399+00:00,ETH-30OCT26-2900-P,2500.63,ETH-30OCT26,put,2900.0,2026-10-30T08:00:00+00:00,0.14383470164400966,0.185,0.192,0.189586,0.1885,2500.63,ETH-30OCT26,0.5373,-0.73342,3.11791,0.0,0.0,0.007000000000000006,ETH,2490.08,0.0
2026-09-07T19:08:42.019399+00:00,ETH-11SEP26-3200-C,2489.8,ETH-11SEP26,call,3200.0,2026-09-11T08:00:00+00:00,0.00968001307453672,,0.0001,8.6e-05,,2489.8,ETH-11SEP26,0.9203,0.00325,0.02409,5870.0,87.0,,ETH,2490.12,27.22
2026-09-07T19:08:42.019399+00:00,ETH-25SEP26-2750-C,2494.3,ETH-25SEP26,call,2750.0,2026-09-25T08:00:00+00:00,0.04800992409438613,0.013,0.014,0.013568,0.0135,2494.3,ETH-25SEP26,0.5289,0.21741,1.60828,547.0,12.0,0.0010000000000000009,ETH,2490.08,488.54
2026-09-07T19:08:42.019399+00:00,ETH-25SEP26-2450-C,2494.3,ETH-25SEP26,call,2450.0,2026-09-25T08:00:00+00:00,0.04800992409438613,0.0515,0.053,0.052258,0.05225,2494.3,ETH-25SEP26,0.4941,0.58821,2.12822,2.0,0.0,0.0015000000000000013,ETH,2490.08,0.0
2026-09-07T19:08:42.019399+00:00,ETH-8SEP26-2200-P,2488.95,ETH-8SEP26,put,2200.0,2026-09-08T08:00:00+00:00,0.0014664607131404165,,0.0001,0.0,,2488.95,ETH-8SEP26,0.7872,-2e-05,8e-05,293.0,0.0,,ETH,2490.08,0.0
2026-09-07T19:08:42.019399+00:00,ETH-25SEP26-8000-P,2494.27,ETH-25SEP26,put,8000.0,2026-09-25T08:00:00+00:00,0.04800992409438613,2.194,2.2175,2.207352,2.20575,2494.27,ETH-25SEP26,1.2502,-0.99998,0.00046,0.0,0.0,0.023499999999999854,ETH,2490.08,0.0
2026-09-07T19:08:42.019399+00:00,ETH-8SEP26-2900-P,2488.95,ETH-8SEP26,put,2900.0,2026-09-08T08:00:00+00:00,0.0014664607131404165,0.161,0.1685,0.165173,0.16475,2488.95,ETH-8SEP26,0.9486,-0.99999,6e-05,0.0,0.0,0.007500000000000007,ETH,2490.08,0.0
2026-09-07T19:08:42.019399+00:00,ETH-25SEP26-6800-C,2494.3,ETH-25SEP26,call,6800.0,2026-09-25T08:00:00+00:00,0.04800992409438613,,0.0001,1e-06,,2494.3,ETH-25SEP26,1.1040999999999999,3e-05,0.00067,1995.0,0.0,,ETH,2490.08,0.0
2026-09-07T19:08:42.019399+00:00,ETH-26MAR27-900-C,2539.69,ETH-26MAR27,call,900.0,2027-03-26T08:00:00+00:00,0.5462987673524287,0.649,0.6515,0.650107,0.65025,2539.69,ETH-26MAR27,0.7718,0.98231,0.81928,68.0,0.0,0.0024999999999999467,ETH,2490.11,0.0
2026-09-07T19:08:42.019399+00:00,ETH-25DEC26-4600-P,2514.91,ETH-25DEC26,put,4600.0,2026-12-25T08:00:00+00:00,0.2971543457234073,0.823,0.8455,0.836113,0.83425,2514.91,ETH-25DEC26,0.6246,-0.94534,1.51864,0.0,0.0,0.022500000000000075,ETH,2490.08,0.0
2026-09-07T19:08:42.019399+00:00,ETH-25SEP26-3600-C,2494.27,ETH-25SEP26,call,3600.0,2026-09-25T08:00:00+00:00,0.04800992409438613,0.0007,0.0009,0.000787,0.0008,2494.27,ETH-25SEP26,0.7391,0.01456,0.20182,3591.0,139.0,0.00019999999999999998,ETH,2490.11,303.47
2026-09-07T19:08:42.019399+00:00,ETH-25SEP26-4600-P,2494.3,ETH-25SEP26,put,4600.0,2026-09-25T08:00:00+00:00,0.04800992409438613,0.8375,0.85,0.844323,0.84375,2494.3,ETH-25SEP26,0.9235,-0.99825,0.03064,38.0,0.0,0.012499999999999956,ETH,2490.11,0.0
2026-09-07T19:08:42.019399+00:00,ETH-18SEP26-2100-P,2491.86,ETH-18SEP26,put,2100.0,2026-09-18T08:00:00+00:00,0.02884496858446143,0.0016,0.002,0.001793,0.0018,2491.86,ETH-18SEP26,0.5993999999999999,-0.04138,0.37512,1491.0,11.0,0.00039999999999999996,ETH,2490.11,42.66
2026-09-07T19:08:42.019399+00:00,ETH-27NOV26-1800-C,2508.12,ETH-27NOV26,call,1800.0,2026-11-27T08:00:00+00:00,0.2204945236837085,0.294,0.2975,0.295367,0.29575,2508.12,ETH-27NOV26,0.5884,0.90985,1.91624,0.0,0.0,0.003500000000000003,ETH,2490.11,0.0
2026-09-07T19:08:42.019399+00:00,ETH-26MAR27-900-P,2539.65,ETH-26MAR27,put,900.0,2027-03-26T08:00:00+00:00,0.5462987673524287,0.0041,0.0046,0.004492,0.00435,2539.65,ETH-26MAR27,0.7718,-0.01769,0.8193,828.0,0.0,0.0004999999999999996,ETH,2490.11,0.0
2026-09-07T19:08:42.019399+00:00,ETH-10SEP26-2680-P,2489.5,ETH-10SEP26,put,2680.0,2026-09-10T08:00:00+00:00,0.006942162287404618,0.074,0.0805,0.077548,0.07725,2489.5,ETH-10SEP26,0.5417000000000001,-0.94544,0.22938,0.0,0.0,0.006500000000000006,ETH,2490.11,0.0
2026-09-07T19:08:42.019399+00:00,ETH-10SEP26-2800-C,2489.5,ETH-10SEP26,call,2800.0,2026-09-10T08:00:00+00:00,0.006942162287404618,0.0001,0.0003,0.000217,0.0002,2489.5,ETH-10SEP26,0.6206,0.01253,0.06729,104.0,104.0,0.00019999999999999998,ETH,2490.11,83.73
2026-09-07T19:08:42.019399+00:00,ETH-25JUN27-2600-P,2566.8,ETH-25JUN27,put,2600.0,2027-06-25T08:00:00+00:00,0.7954431889814498,0.2015,0.205,0.203722,0.20325,2566.8,ETH-25JUN27,0.5561,-0.4118,8.91512,75.0,0.0,0.0034999999999999754,ETH,2490.1,0.0
2026-09-07T19:08:42.019399+00:00,ETH-18SEP26-2500-P,2491.86,ETH-18SEP26,put,2500.0,2026-09-18T08:00:00+00:00,0.02884496858446143,0.0345,0.0355,0.034965,0.035,2491.86,ETH-18SEP26,0.49060000000000004,-0.49713,1.68944,2377.0,537.0,0.000999999999999994,ETH,2490.11,47111.9
2026-09-07T19:08:42.019399+00:00,ETH-11SEP26-2520-P,2489.8,ETH-11SEP26,put,2520.0,2026-09-11T08:00:00+00:00,0.00968001307453672,0.024,0.025,0.024491,0.0245,2489.8,ETH-11SEP26,0.4497,-0.59555,0.94957,36.0,36.0,0.0010000000000000009,ETH,2490.11,2120.12
2026-09-07T19:08:42.019399+00:00,ETH-25SEP26-15000-P,2494.27,ETH-25SEP26,put,15000.0,2026-09-25T08:00:00+00:00,0.04800992409438613,4.98,5.038,5.013784,5.009,2494.27,ETH-25SEP26,1.8378999999999999,-0.99999,0.00026,0.0,0.0,0.05799999999999983,ETH,2490.1,0.0
2026-09-07T19:08:42.019399+00:00,ETH-30OCT26-3100-P,2500.63,ETH-30OCT26,put,3100.0,2026-10-30T08:00:00+00:00,0.14383470164400966,0.2535,0.262,0.258562,0.25775,2500.63,ETH-30OCT26,0.5564,-0.81869,2.50166,0.0,0.0,0.008500000000000008,ETH,2490.1,0.0
2026-09-07T19:08:42.019399+00:00,ETH-25SEP26-12000-P,2494.27,ETH-25SEP26,put,12000.0,2026-09-25T08:00:00+00:00,0.04800992409438613,3.7905,3.828,3.811028,3.80925,2494.27,ETH-25SEP26,1.6338,-0.99999,0.00031,0.0,0.0,0.037499999999999645,ETH,2490.1,0.0
2026-09-07T19:08:42.019399+00:00,ETH-8SEP26-2750-P,2488.95,ETH-8SEP26,put,2750.0,2026-09-08T08:00:00+00:00,0.0014664607131404165,0.101,0.108,0.104907,0.1045,2488.95,ETH-8SEP26,0.7394,-0.99977,0.00084,0.0,0.0,0.006999999999999992,ETH,2490.1,0.0
2026-09-07T19:08:42.019399+00:00,ETH-30OCT26-2300-P,2500.63,ETH-30OCT26,put,2300.0,2026-10-30T08:00:00+00:00,0.14383470164400966,0.041,0.042,0.041321,0.0415,2500.63,ETH-30OCT26,0.5151,-0.29889,3.29425,8044.0,4.0,0.0010000000000000009,ETH,2490.11,399.94
2026-09-07T19:08:42.019399+00:00,ETH-30OCT26-3600-P,2500.63,ETH-30OCT26,put,3600.0,2026-10-30T08:00:00+00:00,0.14383470164400966,0.4405,0.451,0.446614,0.44575,2500.63,ETH-30OCT26,0.6127,-0.92643,1.32389,17.0,0.0,0.01050000000000001,ETH,2490.11,0.0
2026-09-07T19:08:42.019399+00:00,ETH-10SEP26-2200-C,2489.54,ETH-10SEP26,call,2200.0,2026-09-10T08:00:00+00:00,0.006942162287404618,0.115,0.1185,0.116668,0.11675,2489.54,ETH-10SEP26,0.7175,0.98234,0.09038,0.0,0.0,0.0034999999999999892,ETH,2490.1,0.0
2026-09-07T19:08:42.019399+00:00,ETH-27NOV26-2100-P,2508.12,ETH-27NOV26,put,2100.0,2026-11-27T08:00:00+00:00,0.2204945236837085,0.0325,0.0335,0.033028,0.033,2508.12,ETH-27NOV26,0.5402,-0.20373,3.33635,551.0,32.0,0.0010000000000000009,ETH,2490.1,2711.29
2026-09-07T19:08:42.019399+00:00,ETH-25DEC26-3000-C,2514.87,ETH-25DEC26,call,3000.0,2026-12-25T08:00:00+00:00,0.2971543457234073,0.0525,0.0535,0.053037,0.053,2514.87,ETH-25DEC26,0.535,0.32371,4.92969,10287.0,21.0,0.0010000000000000009,ETH,2490.1,2888.69
2026-09-07T19:08:42.019399+00:00,ETH-25DEC26-4200-P,2514.91,ETH-25DEC26,put,4200.0,2026-12-25T08:00:00+00:00,0.2971543457234073,0.674,0.689,0.68055,0.6815,2514.91,ETH-25DEC26,0.5995,-0.91988,2.04198,61.0,0.0,0.014999999999999902,ETH,2490.11,0.0
2026-09-07T19:08:42.019399+00:00,ETH-10SEP26-2300-C,2489.5,ETH-10SEP26,call,2300.0,2026-09-10T08:00:00+00:00,0.006942162287404618,0.075,0.0795,0.076858,0.07725,2489.5,ETH-10SEP26,0.5505,0.96063,0.17655,0.0,0.0,0.004500000000000004,ETH,2490.11,0.0
2026-09-07T19:08:42.019399+00:00,ETH-9SEP26-2380-P,2489.29,ETH-9SEP26,put,2380.0,2026-09-09T08:00:00+00:00,0.0042043115002725175,0.0009,0.0012,0.001075,0.00105,2489.29,ETH-9SEP26,0.4864,-0.07324,0.22443,133.0,82.0,0.0002999999999999999,ETH,2490.11,268.11
2026-09-07T19:08:42.019399+00:00,ETH-26MAR27-2100-C,2539.65,ETH-26MAR27,call,2100.0,2027-03-26T08:00:00+00:00,0.5462987673524287,0.249,0.253,0.250647,0.251,2539.65,ETH-26MAR27,0.556,0.74824,5.99167,897.0,0.0,0.0040000000000000036,ETH,2490.11,0.0
2026-09-07T19:08:42.019399+00:00,ETH-9SEP26-2200-C,2489.25,ETH-9SEP26,call,2200.0,2026-09-09T08:00:00+00:00,0.0042043115002725175,0.1145,0.119,0.116245,0.11675,2489.25,ETH-9SEP26,0.7212000000000001,0.99625,0.01804,18.0,18.0,0.00449999999999999,ETH,2490.11,5224.89
2026-09-07T19:08:42.019399+00:00,ETH-26MAR27-1300-C,2539.69,ETH-26MAR27,call,1300.0,2027-03-26T08:00:00+00:00,0.5462987673524287,0.5,0.503,0.501387,0.5015,2539.69,ETH-26MAR27,0.6594,0.94719,2.02366,18.0,0.0,0.0030000000000000027,ETH,2490.12,0.0
2026-09-07T19:08:42.019399+00:00,ETH-25DEC26-2200-P,2514.87,ETH-25DEC26,put,2200.0,2026-12-25T08:00:00+00:00,0.2971543457234073,0.0565,0.0575,0.056741,0.057,2514.87,ETH-25DEC26,0.5322,-0.27179,4.55115,9025.0,175.0,0.0010000000000000009,ETH,2490.11,24574.83
2026-09-07T19:08:42.019399+00:00,ETH-9SEP26-2320-C,2489.29,ETH-9SEP26,call,2320.0,2026-09-09T08:00:00+00:00,0.0042043115002725175,0.0655,0.0715,0.068328,0.0685,2489.29,ETH-9SEP26,0.5562,0.9763,0.09023,0.0,0.0,0.0059999999999999915,ETH,2490.11,0.0
2026-09-07T19:08:42.019399+00:00,ETH-27NOV26-2900-P,2508.12,ETH-27NOV26,put,2900.0,2026-11-27T08:00:00+00:00,0.2204945236837085,0.2005,0.205,0.20319,0.20275,2508.12,ETH-27NOV26,0.5343,-0.67417,4.24637,0.0,0.0,0.004499999999999976,ETH,2490.11,0.0
2026-09-07T19:08:42.019399+00:00,ETH-25SEP26-1500-C,2494.27,ETH-25SEP26,call,1500.0,2026-09-25T08:00:00+00:00,0.04800992409438613,0.3975,0.401,0.398856,0.39925,2494.27,ETH-25SEP26,0.898,0.99637,0.05945,969.0,0.0,0.003500000000000003,ETH,2490.12,0.0
2026-09-07T19:08:42.019399+00:00,ETH-30OCT26-2200-P,2500.63,ETH-30OCT26,put,2200.0,2026-10-30T08:00:00+00:00,0.14383470164400966,0.0285,0.0295,0.029052,0.029,2500.63,ETH-30OCT26,0.523,-0.22761,2.86493,820.0,1.0,0.0009999999999999974,ETH,2490.12,71.11
2026-09-07T19:08:42.019399+00:00,ETH-27NOV26-2200-C,2508.12,ETH-27NOV26,call,2200.0,2026-11-27T08:00:00+00:00,0.2204945236837085,0.1655,0.169,0.166955,0.16725,2508.12,ETH-27NOV26,0.5303,0.7429,3.80077,0.0,0.0,0.003500000000000003,ETH,2490.12,0.0
2026-09-07T19:08:42.019399+00:00,ETH-10SEP26-2340-C,2489.5,ETH-10SEP26,call,2340.0,2026-09-10T08:00:00+00:00,0.006942162287404618,0.0595,0.064,0.061249,0.06175,2489.5,ETH-10SEP26,0.49939999999999996,0.93563,0.26112,0.0,0.0,0.004500000000000004,ETH,2490.12,0.0
2026-09-07T19:08:42.019399+00:00,ETH-8SEP26-2660-P,2488.95,ETH-8SEP26,put,2660.0,2026-09-08T08:00:00+00:00,0.0014664607131404165,0.065,0.0715,0.068761,0.06825,2488.95,ETH-8SEP26,0.6104999999999999,-0.99758,0.00719,0.0,0.0,0.006499999999999992,ETH,2490.12,0.0
2026-09-07T19:08:42.019399+00:00,ETH-25SEP26-2650-C,2494.27,ETH-25SEP26,call,2650.0,2026-09-25T08:00:00+00:00,0.04800992409438613,0.021,0.022,0.021439,0.0215,2494.27,ETH-25SEP26,0.5115,0.31532,1.94359,839.0,576.0,0.0009999999999999974,ETH,2490.12,33961.1
2026-09-07T19:08:42.019399+00:00,ETH-11SEP26-3200-P,2489.8,ETH-11SEP26,put,3200.0,2026-09-11T08:00:00+00:00,0.00968001307453672,0.281,0.2885,0.285366,0.28475,2489.8,ETH-11SEP26,0.9203,-0.99675,0.02409,0.0,0.0,0.007499999999999951,ETH,2490.12,0.0
2026-09-07T19:08:42.019399+00:00,ETH-25DEC26-2100-C,2514.87,ETH-25DEC26,call,2100.0,2026-12-25T08:00:00+00:00,0.2971543457234073,0.2075,0.212,0.209052,0.20975,2514.87,ETH-25DEC26,0.5392,0.77684,4.09541,1480.0,0.0,0.004500000000000004,ETH,2490.12,0.0
2026-09-07T19:08:42.019399+00:00,ETH-30OCT26-2500-P,2500.6,ETH-30OCT26,put,2500.0,2026-10-30T08:00:00+00:00,0.14383470164400966,0.0765,0.078,0.077369,0.07725,2500.6,ETH-30OCT26,0.5129,-0.45995,3.76708,501.0,8.0,0.0015000000000000013,ETH,2490.12,1523.16
2026-09-07T19:08:42.019399+00:00,ETH-10SEP26-2700-C,2489.54,ETH-10SEP26,call,2700.0,2026-09-10T08:00:00+00:00,0.006942162287404618,0.0006,0.0009,0.000768,0.00075,2489.54,ETH-10SEP26,0.5549000000000001,0.04241,0.1875,47.0,47.0,0.00030000000000000003,ETH,2490.12,225.55
2026-09-07T19:08:42.019399+00:00,ETH-11SEP26-2470-C,2489.8,ETH-11SEP26,call,2470.0,2026-09-11T08:00:00+00:00,0.00968001307453672,0.021,0.0225,0.021477,0.02175,2489.8,ETH-11SEP26,0.4404,0.58505,0.95545,200.0,106.0,0.0014999999999999979,ETH,2490.12,5782.82
2026-09-07T19:08:42.019399+00:00,ETH-27NOV26-1800-P,2508.12,ETH-27NOV26,put,1800.0,2026-11-27T08:00:00+00:00,0.2204945236837085,0.0125,0.0135,0.013048,0.013,2508.12,ETH-27NOV26,0.5884,-0.09014,1.91612,408.0,5.0,0.0009999999999999992,ETH,2490.12,150.77
2026-09-07T19:08:42.019399+00:00,ETH-18SEP26-2550-P,2491.86,ETH-18SEP26,put,2550.0,2026-09-18T08:00:00+00:00,0.02884496858446143,0.046,0.0475,0.046987,0.04675,2491.86,ETH-18SEP26,0.4966,-0.58959,1.64672,953.0,446.0,0.0015000000000000013,ETH,2490.12,49097.36
2026-09-07T19:08:42.019399+00:00,ETH-11SEP26-2650-P,2489.8,ETH-11SEP26,put,2650.0,2026-09-11T08:00:00+00:00,0.00968001307453672,0.064,0.07,0.067245,0.067,2489.8,ETH-11SEP26,0.5213,-0.88144,0.48611,185.0,60.0,0.006000000000000005,ETH,2490.12,10293.04
2026-09-07T19:08:42.019399+00:00,ETH-26MAR27-4800-C,2539.69,ETH-26MAR27,call,4800.0,2027-03-26T08:00:00+00:00,0.5462987673524287,0.019,0.0205,0.019731,0.01975,2539.69,ETH-26MAR27,0.5957,0.11044,3.54254,2953.0,2.0,0.0015000000000000013,ETH,2490.12,101.1
2026-09-07T19:08:42.019399+00:00,ETH-18SEP26-2250-P,2491.9,ETH-18SEP26,put,2250.0,2026-09-18T08:00:00+00:00,0.02884496858446143,0.005,0.006,0.005424,0.0055,2491.9,ETH-18SEP26,0.5281,-0.11757,0.83503,160.0,17.0,0.001,ETH,2490.12,209.65
2026-09-07T19:08:42.019399+00:00,ETH-25SEP26-3100-C,2494.27,ETH-25SEP26,call,3100.0,2026-09-25T08:00:00+00:00,0.04800992409438613,0.003,0.0034,0.003224,0.0032,2494.27,ETH-25SEP26,0.6089,0.05945,0.64676,16444.0,1490.0,0.00039999999999999975,ETH,2490.12,11092.02
2026-09-07T19:08:42.019399+00:00,ETH-11SEP26-2100-P,2489.76,ETH-11SEP26,put,2100.0,2026-09-11T08:00:00+00:00,0.00968001307453672,0.0003,0.0005,0.000334,0.0004,2489.76,ETH-11SEP26,0.7820999999999999,-0.01204,0.07678,3013.0,142.0,0.00020000000000000004,ETH,2490.12,141.25
2026-09-07T19:08:42.019399+00:00,ETH-30OCT26-2850-C,2500.6,ETH-30OCT26,call,2850.0,2026-10-30T08:00:00+00:00,0.14383470164400966,0.0335,0.034,0.033698,0.03375,2500.6,ETH-30OCT26,0.5336,0.29358,3.26726,1149.0,0.0,0.0005000000000000004,ETH,2490.12,0.0
2026-09-07T19:08:42.019399+00:00,ETH-25SEP26-1600-P,2494.27,ETH-25SEP26,put,1600.0,2026-09-25T08:00:00+00:00,0.04800992409438613,0.0003,0.0005,0.000376,0.0004,2494.27,ETH-25SEP26,0.8373,-0.00597,0.09256,11733.0,1.0,0.00020000000000000004,ETH,2490.12,1.24
2026-09-07T19:08:42.019399+00:00,ETH-25DEC26-3300-C,2514.91,ETH-25DEC26,call,3300.0,2026-12-25T08:00:00+00:00,0.2971543457234073,0.0335,0.0345,0.03384,0.034,2514.91,ETH-25DEC26,0.5497,0.22507,4.11528,2941.0,16.0,0.0010000000000000009,ETH,2490.12,1465.82
2026-09-07T19:08:42.019399+00:00,ETH-10SEP26-2400-P,2489.55,ETH-10SEP26,put,2400.0,2026-09-10T08:00:00+00:00,0.006942162287404618,0.0031,0.0034,0.00328,0.00325,2489.55,ETH-10SEP26,0.4534,-0.15896,0.50275,134.0,134.0,0.0002999999999999999,ETH,2490.12,1374.09
2026-09-07T19:08:42.019399+00:00,ETH-9SEP26-2680-C,2489.29,ETH-9SEP26,call,2680.0,2026-09-09T08:00:00+00:00,0.0042043115002725175,0.0002,0.0004,0.000277,0.0003,2489.29,ETH-9SEP26,0.5556,0.02166,0.08364,249.0,314.0,0.0002,ETH,2490.12,498.79
2026-09-07T19:08:42.019399+00:00,ETH-30OCT26-2150-P,2500.6,ETH-30OCT26,put,2150.0,2026-10-30T08:00:00+00:00,0.14383470164400966,0.0235,0.0245,0.024091,0.024,2500.6,ETH-30OCT26,0.5277000000000001,-0.19582,2.62329,1101.0,6.0,0.0010000000000000009,ETH,2490.11,371.24
2026-09-07T19:08:42.019399+00:00,ETH-27NOV26-2500-C,2508.12,ETH-27NOV26,call,2500.0,2026-11-27T08:00:00+00:00,0.2204945236837085,0.098,0.099,0.098628,0.0985,2508.12,ETH-27NOV26,0.5197999999999999,0.55447,4.658,430.0,10.0,0.0010000000000000009,ETH,2490.12,2478.66
2026-09-07T19:08:42.019399+00:00,ETH-10SEP26-2300-P,2489.5,ETH-10SEP26,put,2300.0,2026-09-10T08:00:00+00:00,0.006942162287404618,0.0006,0.0009,0.000757,0.00075,2489.5,ETH-10SEP26,0.5505,-0.03936,0.17649,34.0,0.0,0.00030000000000000003,ETH,2490.11,0.0
2026-09-07T19:08:42.019399+00:00,ETH-25DEC26-1200-C,2514.91,ETH-25DEC26,call,1200.0,2026-12-25T08:00:00+00:00,0.2971543457234073,0.525,0.5275,0.526037,0.52625,2514.91,ETH-25DEC26,0.7252,0.98076,0.64264,341.0,0.0,0.0024999999999999467,ETH,2490.11,0.0
2026-09-07T19:08:42.019399+00:00,ETH-27NOV26-2450-P,2508.16,ETH-27NOV26,put,2450.0,2026-11-27T08:00:00+00:00,0.2204945236837085,0.0845,0.0855,0.084901,0.085,2508.16,ETH-27NOV26,0.5197999999999999,-0.41304,4.58976,354.0,0.0,0.0010000000000000009,ETH,2490.12,0.0
2026-09-07T19:08:42.019399+00:00,ETH-8SEP26-2320-P,2488.95,ETH-8SEP26,put,2320.0,2026-09-08T08:00:00+00:00,0.0014664607131404165,,0.0001,5e-06,,2488.95,ETH-8SEP26,0.5844,-0.00075,0.00246,147.0,50.0,,ETH,2490.11,12.46
2026-09-07T19:08:42.019399+00:00,ETH-25DEC26-3500-C,2514.91,ETH-25DEC26,call,3500.0,2026-12-25T08:00:00+00:00,0.2971543457234073,0.025,0.026,0.025416,0.0255,2514.91,ETH-25DEC26,0.5600999999999999,0.17668,3.55793,29314.0,1.0,0.0009999999999999974,ETH,2490.11,63.47
2026-09-07T19:08:42.019399+00:00,ETH-9SEP26-2360-C,2489.29,ETH-9SEP26,call,2360.0,2026-09-09T08:00:00+00:00,0.0042043115002725175,0.05,0.056,0.052608,0.053,2489.29,ETH-9SEP26,0.5054,0.9512,0.1633,0.0,0.0,0.005999999999999998,ETH,2490.11,0.0
2026-09-07T19:08:42.019399+00:00,ETH-9SEP26-2640-P,2489.29,ETH-9SEP26,put,2640.0,2026-09-09T08:00:00+00:00,0.0042043115002725175,0.0575,0.064,0.061191,0.06075,2489.29,ETH-9SEP26,0.528,-0.95437,0.15476,0.0,0.0,0.006499999999999999,ETH,2490.11,0.0
2026-09-07T19:08:42.019399+00:00,ETH-8SEP26-2100-C,2488.95,ETH-8SEP26,call,2100.0,2026-09-08T08:00:00+00:00,0.0014664607131404165,0.1545,0.159,0.156254,0.15675,2488.95,ETH-8SEP26,0.9014,1.0,0.0,1.0,0.0,0.004500000000000004,ETH,2490.11,0.0
2026-09-07T19:08:42.019399+00:00,ETH-26MAR27-2500-P,2539.69,ETH-26MAR27,put,2500.0,2027-03-26T08:00:00+00:00,0.5462987673524287,0.1495,0.152,0.151032,0.15075,2539.69,ETH-26MAR27,0.546,-0.40444,7.27824,589.0,1.0,0.0025000000000000022,ETH,2490.12,364.09
2026-09-07T19:08:42.019399+00:00,ETH-25DEC26-1200-P,2514.91,ETH-25DEC26,put,1200.0,2026-12-25T08:00:00+00:00,0.2971543457234073,0.0029,0.0035,0.003206,0.0032,2514.91,ETH-25DEC26,0.7252,-0.01924,0.64264,6766.0,0.0,0.0006000000000000003,ETH,2490.11,0.0
2026-09-07T19:08:42.019399+00:00,ETH-25SEP26-4400-C,2494.27,ETH-25SEP26,call,4400.0,2026-09-25T08:00:00+00:00,0.04800992409438613,,0.0002,0.000141,,2494.27,ETH-25SEP26,0.8937,0.00257,0.04353,4349.0,10.0,,ETH,2490.12,4.98
2026-09-07T19:08:42.019399+00:00,ETH-30OCT26-4000-C,2500.63,ETH-30OCT26,call,4000.0,2026-10-30T08:00:00+00:00,0.14383470164400966,0.0035,0.0039,0.003671,0.0037,2500.63,ETH-30OCT26,0.6591,0.03988,0.81581,778.0,0.0,0.00039999999999999975,ETH,2490.12,0.0
2026-09-07T19:08:42.019399+00:00,ETH-25JUN27-5500-C,2566.8,ETH-25JUN27,call,5500.0,2027-06-25T08:00:00+00:00,0.7954431889814498,0.0255,0.0275,0.026448,0.0265,2566.8,ETH-25JUN27,0.5992999999999999,0.12357,4.6782,644.0,0.0,0.0020000000000000018,ETH,2490.12,0.0
2026-09-07T19:08:42.019399+00:00,ETH-25JUN27-4600-C,2566.8,ETH-25JUN27,call,4600.0,2027-06-25T08:00:00+00:00,0.7954431889814498,0.0435,0.0455,0.044427,0.0445,2566.8,ETH-25JUN27,0.5816,0.19378,6.29231,54.0,0.0,0.0020000000000000018,ETH,2490.12,0.0
2026-09-07T19:08:42.019399+00:00,ETH-11SEP26-2300-P,2489.8,ETH-11SEP26,put,2300.0,2026-09-11T08:00:00+00:00,0.00968001307453672,0.0014,0.0016,0.001529,0.0015,2489.8,ETH-11SEP26,0.5403,-0.06359,0.3055,3796.0,114.0,0.0002000000000000001,ETH,2490.12,421.31
2026-09-07T19:08:42.019399+00:00,ETH-18SEP26-2550-C,2491.9,ETH-18SEP26,call,2550.0,2026-09-18T08:00:00+00:00,0.02884496858446143,0.023,0.024,0.02363,0.0235,2491.9,ETH-18SEP26,0.4966,0.41041,1.64672,2457.0,102.0,0.0010000000000000009,ETH,2490.12,6092.47
2026-09-07T19:08:42.019399+00:00,ETH-30OCT26-2400-C,2500.6,ETH-30OCT26,call,2400.0,2026-10-30T08:00:00+00:00,0.14383470164400966,0.0965,0.0995,0.097569,0.098,2500.6,ETH-30OCT26,0.5117,0.62196,3.60785,2540.0,6.0,0.0030000000000000027,ETH,2490.12,1473.23
2026-09-07T19:08:42.019399+00:00,ETH-8SEP26-2360-P,2489.0,ETH-8SEP26,put,2360.0,2026-09-08T08:00:00+00:00,0.0014664607131404165,,0.0001,3.7e-05,,2489.0,ETH-8SEP26,0.5481,-0.00513,0.01408,185.0,235.0,,ETH,2490.12,84.18
2026-09-07T19:08:42.019399+00:00,ETH-26MAR27-1300-P,2539.69,ETH-26MAR27,put,1300.0,2027-03-26T08:00:00+00:00,0.5462987673524287,0.0125,0.014,0.013276,0.01325,2539.69,ETH-26MAR27,0.6594,-0.05281,2.02366,1574.0,0.0,0.0014999999999999996,ETH,2490.12,0.0
2026-09-07T19:08:42.019399+00:00,ETH-27NOV26-2350-C,2508.12,ETH-27NOV26,call,2350.0,2026-11-27T08:00:00+00:00,0.2204945236837085,0.128,0.132,0.129344,0.13,2508.12,ETH-27NOV26,0.5222,0.65164,4.35802,50.0,0.0,0.0040000000000000036,ETH,2490.12,0.0
2026-09-07T19:08:42.019399+00:00,ETH-25JUN27-4500-P,2566.77,ETH-25JUN27,put,4500.0,2027-06-25T08:00:00+00:00,0.7954431889814498,0.79,0.808,0.800826,0.799,2566.77,ETH-25JUN27,0.581,-0.79476,6.5137,1.0,0.0,0.018000000000000016,ETH,2490.12,0.0
2026-09-07T19:08:42.019399+00:00,ETH-30OCT26-2100-C,2500.6,ETH-30OCT26,call,2100.0,2026-10-30T08:00:00+00:00,0.14383470164400966,0.1785,0.1825,0.180248,0.1805,2500.6,ETH-30OCT26,0.5353,0.83229,2.38074,1550.0,0.0,0.0040000000000000036,ETH,2490.12,0.0
2026-09-07T19:08:42.019399+00:00,ETH-25DEC26-2700-C,2514.91,ETH-25DEC26,call,2700.0,2026-12-25T08:00:00+00:00,0.2971543457234073,0.084,0.0855,0.08476,0.08475,2514.91,ETH-25DEC26,0.5249,0.45873,5.44385,7040.0,54.0,0.0015000000000000013,ETH,2490.12,11414.23
2026-09-07T19:08:42.019399+00:00,ETH-30OCT26-2000-P,2500.63,ETH-30OCT26,put,2000.0,2026-10-30T08:00:00+00:00,0.14383470164400966,0.013,0.014,0.013547,0.0135,2500.63,ETH-30OCT26,0.5504,-0.11975,1.89575,1064.0,0.0,0.0010000000000000009,ETH,2490.12,0.0
2026-09-07T19:08:42.019399+00:00,ETH-25JUN27-1800-C,2566.77,ETH-25JUN27,call,1800.0,2027-06-25T08:00:00+00:00,0.7954431889814498,0.359,0.364,0.361074,0.3615,2566.77,ETH-25JUN27,0.5805,0.82766,5.84827,1756.0,162.0,0.0050000000000000044,ETH,2490.12,145889.09
2026-09-07T19:08:42.019399+00:00,ETH-30OCT26-3000-C,2500.63,ETH-30OCT26,call,3000.0,2026-10-30T08:00:00+00:00,0.14383470164400966,0.023,0.024,0.023588,0.0235,2500.63,ETH-30OCT26,0.5459,0.21956,2.80693,1984.0,2.0,0.0010000000000000009,ETH,2490.15,133.26
2026-09-07T19:08:42.019399+00:00,ETH-25SEP26-2000-C,2494.3,ETH-25SEP26,call,2000.0,2026-09-25T08:00:00+00:00,0.04800992409438613,0.1995,0.2025,0.200387,0.201,2494.3,ETH-25SEP26,0.5981000000000001,0.96023,0.46911,29085.0,18.0,0.0030000000000000027,ETH,2490.15,9045.38
2026-09-07T19:08:42.019399+00:00,ETH-25SEP26-2250-C,2494.3,ETH-25SEP26,call,2250.0,2026-09-25T08:00:00+00:00,0.04800992409438613,0.1065,0.111,0.108471,0.10875,2494.3,ETH-25SEP26,0.5157,0.83442,1.36066,360.0,0.0,0.004500000000000004,ETH,2490.15,0.0
2026-09-07T19:08:42.019399+00:00,ETH-25DEC26-4500-P,2514.91,ETH-25DEC26,put,4500.0,2026-12-25T08:00:00+00:00,0.2971543457234073,0.7895,0.8055,0.797102,0.7975,2514.91,ETH-25DEC26,0.6192,-0.93982,1.63808,2.0,0.0,0.016000000000000014,ETH,2490.15,0.0
2026-09-07T19:08:42.019399+00:00,ETH-8SEP26-2540-P,2488.95,ETH-8SEP26,put,2540.0,2026-09-08T08:00:00+00:00,0.0014664607131404165,0.0175,0.0235,0.021191,0.0205,2488.95,ETH-8SEP26,0.3994,-0.90261,0.16395,4.0,0.0,0.005999999999999998,ETH,2490.15,0.0
2026-09-07T19:08:42.019399+00:00,ETH-30OCT26-2600-P,2500.6,ETH-30OCT26,put,2600.0,2026-10-30T08:00:00+00:00,0.14383470164400966,0.1,0.1015,0.101081,0.10075,2500.6,ETH-30OCT26,0.5168,-0.53932,3.76781,1240.0,0.0,0.0015000000000000013,ETH,2490.15,0.0
2026-09-07T19:08:42.019399+00:00,ETH-25DEC26-2900-P,2514.91,ETH-25DEC26,put,2900.0,2026-12-25T08:00:00+00:00,0.2971543457234073,0.2125,0.2175,0.215085,0.215,2514.91,ETH-25DEC26,0.531,-0.63529,5.1554,880.0,0.0,0.0050000000000000044,ETH,2490.15,0.0
2026-09-07T19:08:42.019399+00:00,ETH-25JUN27-2000-C,2566.77,ETH-25JUN27,call,2000.0,2027-06-25T08:00:00+00:00,0.7954431889814498,0.307,0.312,0.308989,0.3095,2566.77,ETH-25JUN27,0.5683,0.77229,6.91751,1759.0,0.0,0.0050000000000000044,ETH,2490.15,0.0
2026-09-07T19:08:42.019399+00:00,ETH-8SEP26-2700-P,2488.95,ETH-8SEP26,put,2700.0,2026-09-08T08:00:00+00:00,0.0014664607131404165,0.081,0.088,0.08482,0.0845,2488.95,ETH-8SEP26,0.6486,-0.99943,0.00192,0.0,0.0,0.006999999999999992,ETH,2490.15,0.0
2026-09-07T19:08:42.019399+00:00,ETH-25DEC26-4800-P,2514.91,ETH-25DEC26,put,4800.0,2026-12-25T08:00:00+00:00,0.2971543457234073,0.902,0.9245,0.914641,0.91325,2514.91,ETH-25DEC26,0.6401,-0.95315,1.34329,77.0,0.0,0.022499999999999964,ETH,2490.15,0.0
2026-09-07T19:08:42.019399+00:00,ETH-9SEP26-2640-C,2489.29,ETH-9SEP26,call,2640.0,2026-09-09T08:00:00+00:00,0.0042043115002725175,0.0005,0.0008,0.000617,0.00065,2489.29,ETH-9SEP26,0.528,0.04568,0.15489,160.0,112.0,0.00030000000000000003,ETH,2490.15,295.16
2026-09-07T19:08:42.019399+00:00,ETH-30OCT26-4000-P,2500.63,ETH-30OCT26,put,4000.0,2026-10-30T08:00:00+00:00,0.14383470164400966,0.5945,0.61,0.603287,0.60225,2500.63,ETH-30OCT26,0.6591,-0.96012,0.81584,0.0,0.0,0.015499999999999958,ETH,2490.12,0.0
2026-09-07T19:08:42.019399+00:00,ETH-25SEP26-2150-P,2494.3,ETH-25SEP26,put,2150.0,2026-09-25T08:00:00+00:00,0.04800992409438613,0.005,0.006,0.00553,0.0055,2494.3,ETH-25SEP26,0.5409,-0.0942,0.91864,17194.0,12.0,0.001,ETH,2490.12,164.03
2026-09-07T19:08:42.019399+00:00,ETH-10SEP26-2750-C,2489.5,ETH-10SEP26,call,2750.0,2026-09-10T08:00:00+00:00,0.006942162287404618,0.0003,0.0005,0.000392,0.0004,2489.5,ETH-10SEP26,0.5859000000000001,0.02244,0.11075,76.0,76.0,0.00020000000000000004,ETH,2490.12,93.84
2026-09-07T19:08:42.019399+00:00,ETH-10SEP26-2520-C,2489.55,ETH-10SEP26,call,2520.0,2026-09-10T08:00:00+00:00,0.006942162287404618,0.009,0.01,0.00927,0.0095,2489.55,ETH-10SEP26,0.4362,0.38013,0.79021,106.0,6.0,0.0010000000000000009,ETH,2490.12,145.74
2026-09-07T19:08:42.019399+00:00,ETH-25JUN27-3000-C,2566.8,ETH-25JUN27,call,3000.0,2027-06-25T08:00:00+00:00,0.7954431889814498,0.1375,0.1405,0.138793,0.139,2566.8,ETH-25JUN27,0.5577000000000001,0.47454,9.12097,1316.0,1.0,0.0030000000000000027,ETH,2490.12,356.47
2026-09-07T19:08:42.019399+00:00,ETH-25DEC26-5000-P,2514.91,ETH-25DEC26,put,5000.0,2026-12-25T08:00:00+00:00,0.2971543457234073,0.9805,1.002,0.993275,0.99125,2514.91,ETH-25DEC26,0.653,-0.96,1.18213,0.0,0.0,0.021499999999999964,ETH,2490.12,0.0
2026-09-07T19:08:42.019399+00:00,ETH-30OCT26-2600-C,2500.6,ETH-30OCT26,call,2600.0,2026-10-30T08:00:00+00:00,0.14383470164400966,0.061,0.062,0.06133,0.0615,2500.6,ETH-30OCT26,0.5168,0.46068,3.76781,3567.0,0.0,0.0010000000000000009,ETH,2490.17,0.0
2026-09-07T19:08:42.019399+00:00,ETH-26MAR27-3800-P,2539.69,ETH-26MAR27,put,3800.0,2027-03-26T08:00:00+00:00,0.5462987673524287,0.534,0.5485,0.541727,0.54125,2539.69,ETH-26MAR27,0.5674,-0.77328,5.6584,1.0,0.0,0.014499999999999957,ETH,2490.17,0.0
2026-09-07T19:08:42.019399+00:00,ETH-25DEC26-2300-P,2514.91,ETH-25DEC26,put,2300.0,2026-12-25T08:00:00+00:00,0.2971543457234073,0.0715,0.0725,0.071953,0.072,2514.91,ETH-25DEC26,0.5275,-0.32429,4.93332,6066.0,30.0,0.0010000000000000009,ETH,2490.12,5342.53
2026-09-07T19:08:42.019399+00:00,ETH-25SEP26-6000-P,2494.27,ETH-25SEP26,put,6000.0,2026-09-25T08:00:00+00:00,0.04800992409438613,1.396,1.413,1.405517,1.4045,2494.27,ETH-25SEP26,1.0195999999999998,-0.99993,0.00151,0.0,0.0,0.017000000000000126,ETH,2490.17,0.0
2026-09-07T19:08:42.019399+00:00,ETH-25DEC26-2100-P,2514.91,ETH-25DEC26,put,2100.0,2026-12-25T08:00:00+00:00,0.2971543457234073,0.0435,0.045,0.044099,0.04425,2514.91,ETH-25DEC26,0.5392,-0.22314,4.09525,2676.0,794.0,0.0015000000000000013,ETH,2490.17,90903.09
2026-09-07T19:08:42.019399+00:00,ETH-11SEP26-2560-P,2489.8,ETH-11SEP26,put,2560.0,2026-09-11T08:00:00+00:00,0.00968001307453672,0.0335,0.0375,0.036077,0.0355,2489.8,ETH-11SEP26,0.469,-0.71586,0.83089,0.0,0.0,0.003999999999999997,ETH,2490.17,0.0
2026-09-07T19:08:42.019399+00:00,ETH-26MAR27-2200-C,2539.69,ETH-26MAR27,call,2200.0,2027-03-26T08:00:00+00:00,0.5462987673524287,0.225,0.229,0.226782,0.227,2539.69,ETH-26MAR27,0.5518,0.71124,6.41756,4061.0,0.0,0.0040000000000000036,ETH,2490.17,0.0
2026-09-07T19:08:42.019399+00:00,ETH-30OCT26-2050-C,2500.63,ETH-30OCT26,call,2050.0,2026-10-30T08:00:00+00:00,0.14383470164400966,0.195,0.199,0.196747,0.197,2500.63,ETH-30OCT26,0.5428000000000001,0.85766,2.13629,479.0,0.0,0.0040000000000000036,ETH,2490.17,0.0
2026-09-07T19:08:42.019399+00:00,ETH-25DEC26-3100-C,2514.91,ETH-25DEC26,call,3100.0,2026-12-25T08:00:00+00:00,0.2971543457234073,0.045,0.046,0.045536,0.0455,2514.91,ETH-25DEC26,0.5396,0.28695,4.67286,2517.0,0.0,0.0010000000000000009,ETH,2490.17,0.0
2026-09-07T19:08:42.019399+00:00,ETH-26MAR27-1600-C,2539.69,ETH-26MAR27,call,1600.0,2027-03-26T08:00:00+00:00,0.5462987673524287,0.3955,0.3995,0.397288,0.3975,2539.69,ETH-26MAR27,0.6048,0.89571,3.39858,879.0,0.0,0.0040000000000000036,ETH,2489.82,0.0
2026-09-07T19:08:42.019399+00:00,ETH-25DEC26-3200-C,2514.91,ETH-25DEC26,call,3200.0,2026-12-25T08:00:00+00:00,0.2971543457234073,0.0385,0.04,0.039213,0.03925,2514.91,ETH-25DEC26,0.5446,0.25419,4.39812,68127.0,0.0,0.0015000000000000013,ETH,2490.17,0.0
2026-09-07T19:08:42.019399+00:00,ETH-25DEC26-4400-C,2514.87,ETH-25DEC26,call,4400.0,2026-12-25T08:00:00+00:00,0.2971543457234073,0.008,0.009,0.00846,0.0085,2514.87,ETH-25DEC26,0.6119,0.06575,1.75503,3718.0,0.0,0.0009999999999999992,ETH,2490.17,0.0
2026-09-07T19:08:42.019399+00:00,ETH-26MAR27-4000-C,2539.69,ETH-26MAR27,call,4000.0,2027-03-26T08:00:00+00:00,0.5462987673524287,0.037,0.039,0.037916,0.038,2539.69,ETH-26MAR27,0.5727,0.19481,5.17552,2561.0,0.0,0.0020000000000000018,ETH,2489.82,0.0
2026-09-07T19:08:42.019399+00:00,ETH-25SEP26-7400-P,2494.27,ETH-25SEP26,put,7400.0,2026-09-25T08:00:00+00:00,0.04800992409438613,1.955,1.9765,1.966801,1.96575,2494.27,ETH-25SEP26,1.1765,-0.99998,0.00052,0.0,0.0,0.021499999999999853,ETH,2489.82,0.0
2026-09-07T19:08:42.019399+00:00,ETH-8SEP26-2200-C,2488.95,ETH-8SEP26,call,2200.0,2026-09-08T08:00:00+00:00,0.0014664607131404165,0.1145,0.118,0.116076,0.11625,2488.95,ETH-8SEP26,0.7872,0.99998,8e-05,8.0,8.0,0.0034999999999999892,ETH,2489.82,2507.73
2026-09-07T19:08:42.019399+00:00,ETH-30OCT26-2100-P,2500.63,ETH-30OCT26,put,2100.0,2026-10-30T08:00:00+00:00,0.14383470164400966,0.0195,0.0205,0.020046,0.02,2500.63,ETH-30OCT26,0.5353,-0.16785,2.38181,3449.0,0.0,0.0010000000000000009,ETH,2489.82,0.0
2026-09-07T19:08:42.019399+00:00,ETH-10SEP26-2580-P,2489.54,ETH-10SEP26,put,2580.0,2026-09-10T08:00:00+00:00,0.006942162287404618,0.0375,0.042,0.040323,0.03975,2489.54,ETH-10SEP26,0.4715,-0.81112,0.561,0.0,0.0,0.004500000000000004,ETH,2489.82,0.0
2026-09-07T19:08:42.019399+00:00,ETH-10SEP26-2250-C,2489.5,ETH-10SEP26,call,2250.0,2026-09-10T08:00:00+00:00,0.006942162287404618,0.095,0.0995,0.096638,0.09725,2489.5,ETH-10SEP26,0.6168,0.97738,0.11152,0.0,0.0,0.004500000000000004,ETH,2489.82,0.0
2026-09-07T19:08:42.019399+00:00,ETH-27NOV26-3200-C,2508.16,ETH-27NOV26,call,3200.0,2026-11-27T08:00:00+00:00,0.2204945236837085,0.027,0.028,0.027558,0.0275,2508.16,ETH-27NOV26,0.5547,0.21094,3.40576,123.0,0.0,0.0010000000000000009,ETH,2489.82,0.0
2026-09-07T19:08:42.019399+00:00,ETH-25SEP26-2800-P,2494.27,ETH-25SEP26,put,2800.0,2026-09-25T08:00:00+00:00,0.04800992409438613,0.1295,0.1365,0.133428,0.133,2494.27,ETH-25SEP26,0.5390999999999999,-0.82046,1.43257,1340.0,0.0,0.007000000000000006,ETH,2489.45,0.0
2026-09-07T19:08:42.019399+00:00,ETH-9SEP26-2440-C,2489.25,ETH-9SEP26,call,2440.0,2026-09-09T08:00:00+00:00,0.0042043115002725175,0.022,0.026,0.023423,0.024,2489.25,ETH-9SEP26,0.4205,0.77703,0.4817,46.0,0.0,0.004,ETH,2489.82,0.0
2026-09-07T19:08:42.019399+00:00,ETH-25SEP26-6200-C,2494.3,ETH-25SEP26,call,6200.0,2026-09-25T08:00:00+00:00,0.04800992409438613,,0.0001,3e-06,,2494.3,ETH-25SEP26,1.0378,5e-05,0.00113,2798.0,0.0,,ETH,2489.45,0.0
2026-09-07T19:08:42.019399+00:00,ETH-11SEP26-2150-P,2489.76,ETH-11SEP26,put,2150.0,2026-09-11T08:00:00+00:00,0.00968001307453672,0.0004,0.0006,0.000496,0.0005,2489.76,ETH-11SEP26,0.7279000000000001,-0.0184,0.11051,4805.0,219.0,0.00019999999999999993,ETH,2489.45,325.6
2026-09-07T19:08:42.019399+00:00,ETH-11SEP26-2150-C,2489.8,ETH-11SEP26,call,2150.0,2026-09-11T08:00:00+00:00,0.00968001307453672,0.1355,0.1395,0.136948,0.1375,2489.8,ETH-11SEP26,0.7279000000000001,0.98151,0.11097,0.0,0.0,0.0040000000000000036,ETH,2489.45,0.0
2026-09-07T19:08:42.019399+00:00,ETH-11SEP26-2570-C,2489.8,ETH-11SEP26,call,2570.0,2026-09-11T08:00:00+00:00,0.00968001307453672,0.0065,0.0075,0.007022,0.007,2489.8,ETH-11SEP26,0.4746,0.2568,0.78967,55.0,47.0,0.001,ETH,2489.45,966.46
2026-09-07T19:08:42.019399+00:00,ETH-27NOV26-3600-P,2508.12,ETH-27NOV26,put,3600.0,2026-11-27T08:00:00+00:00,0.2204945236837085,0.4445,0.455,0.449798,0.44975,2508.12,ETH-27NOV26,0.5852,-0.88023,2.35424,0.0,0.0,0.01050000000000001,ETH,2489.45,0.0
2026-09-07T19:08:42.019399+00:00,ETH-26MAR27-4600-C,2539.69,ETH-26MAR27,call,4600.0,2027-03-26T08:00:00+00:00,0.5462987673524287,0.022,0.024,0.022992,0.023,2539.69,ETH-26MAR27,0.5898,0.12636,3.89532,1403.0,2.0,0.0020000000000000018,ETH,2489.45,117.38
2026-09-07T19:08:42.019399+00:00,ETH-25SEP26-1700-P,2494.3,ETH-25SEP26,put,1700.0,2026-09-25T08:00:00+00:00,0.04800992409438613,0.0004,0.0006,0.000498,0.0005,2494.3,ETH-25SEP26,0.7597,-0.00851,0.12648,10021.0,30.0,0.00019999999999999993,ETH,2489.45,37.35
2026-09-07T19:08:42.019399+00:00,ETH-27NOV26-4400-P,2508.12,ETH-27NOV26,put,4400.0,2026-11-27T08:00:00+00:00,0.2204945236837085,0.7495,0.7675,0.759553,0.7585,2508.12,ETH-27NOV26,0.6514,-0.9538,1.14093,0.0,0.0,0.017999999999999905,ETH,2489.45,0.0
2026-09-07T19:08:42.019399+00:00,ETH-30OCT26-3600-C,2500.63,ETH-30OCT26,call,3600.0,2026-10-30T08:00:00+00:00,0.14383470164400966,0.0065,0.0075,0.006959,0.007,2500.63,ETH-30OCT26,0.6127,0.07341,1.32129,4569.0,0.0,0.001,ETH,2489.45,0.0
2026-09-07T19:08:42.019399+00:00,ETH-11SEP26-2560-C,2489.76,ETH-11SEP26,call,2560.0,2026-09-11T08:00:00+00:00,0.00968001307453672,0.0075,0.0085,0.007853,0.008,2489.76,ETH-11SEP26,0.469,0.28302,0.8292,234.0,244.0,0.0010000000000000009,ETH,2489.45,4900.84
2026-09-07T19:08:42.019399+00:00,ETH-18SEP26-2700-C,2491.9,ETH-18SEP26,call,2700.0,2026-09-18T08:00:00+00:00,0.02884496858446143,0.0095,0.01,0.00972,0.00975,2491.9,ETH-18SEP26,0.5333,0.20077,1.18804,4012.0,17.0,0.0005000000000000004,ETH,2489.36,521.38
2026-09-07T19:08:42.019399+00:00,ETH-26MAR27-2000-C,2539.69,ETH-26MAR27,call,2000.0,2027-03-26T08:00:00+00:00,0.5462987673524287,0.275,0.2785,0.276545,0.27675,2539.69,ETH-26MAR27,0.5621,0.78314,5.51464,1845.0,2.0,0.003500000000000003,ETH,2489.36,1352.0
2026-09-07T19:08:42.019399+00:00,ETH-25SEP26-5600-P,2494.27,ETH-25SEP26,put,5600.0,2026-09-25T08:00:00+00:00,0.04800992409438613,1.236,1.2525,1.245151,1.24425,2494.27,ETH-25SEP26,0.9643,-0.9999,0.00215,0.0,0.0,0.01649999999999996,ETH,2489.36,0.0
2026-09-07T19:08:42.019399+00:00,ETH-25SEP26-5500-C,2494.3,ETH-25SEP26,call,5500.0,2026-09-25T08:00:00+00:00,0.04800992409438613,,0.0001,5e-06,,2494.3,ETH-25SEP26,0.9501999999999999,0.00011,0.00239,2169.0,0.0,,ETH,2489.36,0.0
2026-09-07T19:08:42.019399+00:00,ETH-25JUN27-5000-P,2566.8,ETH-25JUN27,put,5000.0,2027-06-25T08:00:00+00:00,0.7954431889814498,0.971,0.9915,0.982894,0.98125,2566.8,ETH-25JUN27,0.5893999999999999,-0.84251,5.51505,0.0,0.0,0.020500000000000074,ETH,2489.36,0.0
2026-09-07T19:08:42.019399+00:00,ETH-30OCT26-3100-C,2500.6,ETH-30OCT26,call,3100.0,2026-10-30T08:00:00+00:00,0.14383470164400966,0.0185,0.0195,0.01886,0.019,2500.6,ETH-30OCT26,0.5564,0.18098,2.49809,1108.0,75.0,0.0010000000000000009,ETH,2489.36,3500.9
2026-09-07T19:08:42.019399+00:00,ETH-27NOV26-3300-P,2508.12,ETH-27NOV26,put,3300.0,2026-11-27T08:00:00+00:00,0.2204945236837085,0.334,0.344,0.339118,0.339,2508.12,ETH-27NOV26,0.5629,-0.81726,3.12126,0.0,0.0,0.009999999999999953,ETH,2489.36,0.0
2026-09-07T19:08:42.019399+00:00,ETH-18SEP26-2250-C,2491.86,ETH-18SEP26,call,2250.0,2026-09-18T08:00:00+00:00,0.02884496858446143,0.101,0.105,0.102463,0.103,2491.86,ETH-18SEP26,0.5281,0.8818,0.83795,14.0,14.0,0.00399999999999999,ETH,2489.36,3486.34
2026-09-07T19:08:42.019399+00:00,ETH-27NOV26-2250-P,2508.16,ETH-27NOV26,put,2250.0,2026-11-27T08:00:00+00:00,0.2204945236837085,0.05,0.0515,0.050733,0.05075,2508.16,ETH-27NOV26,0.5267000000000001,-0.28664,4.01122,821.0,0.0,0.0014999999999999944,ETH,2489.36,0.0
2026-09-07T19:08:42.019399+00:00,ETH-25JUN27-3500-C,2566.77,ETH-25JUN27,call,3500.0,2027-06-25T08:00:00+00:00,0.7954431889814498,0.0935,0.0965,0.09485,0.095,2566.77,ETH-25JUN27,0.5639,0.35773,8.54966,2813.0,0.0,0.0030000000000000027,ETH,2489.41,0.0
2026-09-07T19:08:42.019399+00:00,ETH-25JUN27-3600-P,2566.8,ETH-25JUN27,put,3600.0,2027-06-25T08:00:00+00:00,0.7954431889814498,0.4825,0.494,0.490626,0.48825,2566.8,ETH-25JUN27,0.5653,-0.66212,8.37173,0.0,0.0,0.01150000000000001,ETH,2489.41,0.0
2026-09-07T19:08:42.019399+00:00,ETH-25SEP26-1700-C,2494.27,ETH-25SEP26,call,1700.0,2026-09-25T08:00:00+00:00,0.04800992409438613,0.3175,0.321,0.318936,0.31925,2494.27,ETH-25SEP26,0.7597,0.99149,0.12654,2190.0,1.0,0.003500000000000003,ETH,2489.41,795.23
2026-09-07T19:08:42.019399+00:00,ETH-26MAR27-1400-P,2539.69,ETH-26MAR27,put,1400.0,2027-03-26T08:00:00+00:00,0.5462987673524287,0.016,0.0175,0.016867,0.01675,2539.69,ETH-26MAR27,0.6373,-0.06682,2.43278,1850.0,0.0,0.0015000000000000013,ETH,2489.41,0.0
2026-09-07T19:08:42.019399+00:00,ETH-25SEP26-7500-P,2494.27,ETH-25SEP26,put,7500.0,2026-09-25T08:00:00+00:00,0.04800992409438613,1.993,2.017,2.006893,2.005,2494.27,ETH-25SEP26,1.1895,-0.99998,0.0005,0.0,0.0,0.0239999999999998,ETH,2489.41,0.0
2026-09-07T19:08:42.019399+00:00,ETH-25SEP26-2360-P,2494.3,ETH-25SEP26,put,2360.0,2026-09-25T08:00:00+00:00,0.04800992409438613,0.0205,0.0215,0.020773,0.021,2494.3,ETH-25SEP26,0.4982,-0.28698,1.8623,265.0,1.0,0.0009999999999999974,ETH,2489.41,46.5
2026-09-07T19:08:42.019399+00:00,ETH-26MAR27-1800-P,2539.69,ETH-26MAR27,put,1800.0,2027-03-26T08:00:00+00:00,0.5462987673524287,0.0415,0.043,0.042324,0.04225,2539.69,ETH-26MAR27,0.5784,-0.15407,4.45724,3715.0,15.0,0.0014999999999999944,ETH,2489.42,1506.04
2026-09-07T19:08:42.019399+00:00,ETH-25SEP26-2200-C,2494.27,ETH-25SEP26,call,2200.0,2026-09-25T08:00:00+00:00,0.04800992409438613,0.124,0.128,0.125559,0.126,2494.27,ETH-25SEP26,0.5259,0.87445,1.12893,7962.0,1.0,0.0040000000000000036,ETH,2489.42,313.8
2026-09-07T19:08:42.019399+00:00,ETH-10SEP26-2380-P,2489.5,ETH-10SEP26,put,2380.0,2026-09-10T08:00:00+00:00,0.006942162287404618,0.0021,0.0025,0.002354,0.0023,2489.5,ETH-10SEP26,0.46799999999999997,-0.1198,0.4145,338.0,378.0,0.0004000000000000002,ETH,2489.42,1991.93
2026-09-07T19:08:42.019399+00:00,ETH-26MAR27-3500-C,2539.69,ETH-26MAR27,call,3500.0,2027-03-26T08:00:00+00:00,0.5462987673524287,0.059,0.0615,0.060328,0.06025,2539.69,ETH-26MAR27,0.56,0.28527,6.37873,4190.0,1.0,0.0025000000000000022,ETH,2489.42,142.27
2026-09-07T19:08:42.019399+00:00,ETH-30OCT26-3800-P,2500.6,ETH-30OCT26,put,3800.0,2026-10-30T08:00:00+00:00,0.14383470164400966,0.5165,0.53,0.524734,0.52325,2500.6,ETH-30OCT26,0.639,-0.9457,1.04478,0.0,0.0,0.013500000000000068,ETH,2489.41,0.0
2026-09-07T19:08:42.019399+00:00,ETH-27NOV26-2100-C,2508.12,ETH-27NOV26,call,2100.0,2026-11-27T08:00:00+00:00,0.2204945236837085,0.194,0.198,0.195734,0.196,2508.12,ETH-27NOV26,0.5402,0.79596,3.33838,1.0,0.0,0.0040000000000000036,ETH,2489.42,0.0
2026-09-07T19:08:42.019399+00:00,ETH-25SEP26-5500-P,2494.3,ETH-25SEP26,put,5500.0,2026-09-25T08:00:00+00:00,0.04800992409438613,1.196,1.2125,1.205059,1.20425,2494.3,ETH-25SEP26,0.9501999999999999,-0.99989,0.00239,1.0,0.0,0.01649999999999996,ETH,2489.42,0.0
2026-09-07T19:08:42.019399+00:00,ETH-30OCT26-2200-C,2500.6,ETH-30OCT26,call,2200.0,2026-10-30T08:00:00+00:00,0.14383470164400966,0.148,0.1515,0.149263,0.14975,2500.6,ETH-30OCT26,0.523,0.77194,2.86727,1295.0,0.0,0.003500000000000003,ETH,2489.42,0.0
2026-09-07T19:08:42.019399+00:00,ETH-25JUN27-1500-P,2566.8,ETH-25JUN27,put,1500.0,2027-06-25T08:00:00+00:00,0.7954431889814498,0.034,0.036,0.034804,0.035,2566.8,ETH-25JUN27,0.6106,-0.10408,4.13808,502.0,0.0,0.001999999999999995,ETH,2489.42,0.0
2026-09-07T19:08:42.019399+00:00,ETH-26MAR27-3600-P,2539.69,ETH-26MAR27,put,3600.0,2027-03-26T08:00:00+00:00,0.5462987673524287,0.465,0.4785,0.472381,0.47175,2539.69,ETH-26MAR27,0.5625,-0.73583,6.14145,1.0,0.0,0.013499999999999956,ETH,2489.41,0.0
2026-09-07T19:08:42.019399+00:00,ETH-25SEP26-2900-C,2494.27,ETH-25SEP26,call,2900.0,2026-09-25T08:00:00+00:00,0.04800992409438613,0.0065,0.0075,0.006994,0.007,2494.27,ETH-25SEP26,0.5598,0.12176,1.10497,16766.0,103.0,0.001,ETH,2489.41,1802.53
2026-09-07T19:08:42.019399+00:00,ETH-26MAR27-1900-C,2539.65,ETH-26MAR27,call,1900.0,2027-03-26T08:00:00+00:00,0.5462987673524287,0.3025,0.3065,0.304013,0.3045,2539.65,ETH-26MAR27,0.5685,0.81616,4.99337,2451.0,1.0,0.0040000000000000036,ETH,2489.41,744.98
2026-09-07T19:08:42.019399+00:00,ETH-18SEP26-2650-P,2491.9,ETH-18SEP26,put,2650.0,2026-09-18T08:00:00+00:00,0.02884496858446143,0.074,0.0785,0.07652,0.07625,2491.9,ETH-18SEP26,0.5191,-0.74299,1.36505,0.0,0.0,0.004500000000000004,ETH,2489.41,0.0
2026-09-07T19:08:42.019399+00:00,ETH-25SEP26-5400-P,2494.3,ETH-25SEP26,put,5400.0,2026-09-25T08:00:00+00:00,0.04800992409438613,1.1565,1.1715,1.164968,1.164,2494.3,ETH-25SEP26,0.9344,-0.99988,0.00261,4.0,0.0,0.014999999999999902,ETH,2489.41,0.0
2026-09-07T19:08:42.019399+00:00,ETH-25SEP26-1900-P,2494.27,ETH-25SEP26,put,1900.0,2026-09-25T08:00:00+00:00,0.04800992409438613,0.0011,0.0015,0.001281,0.0013,2494.27,ETH-25SEP26,0.6455,-0.02302,0.29812,20819.0,3.0,0.00039999999999999996,ETH,2489.41,11.56
2026-09-07T19:08:42.019399+00:00,ETH-25SEP26-3400-P,2494.27,ETH-25SEP26,put,3400.0,2026-09-25T08:00:00+00:00,0.04800992409438613,0.359,0.369,0.364411,0.364,2494.27,ETH-25SEP26,0.6879000000000001,-0.97606,0.3081,870.0,0.0,0.010000000000000009,ETH,2489.41,0.0
2026-09-07T19:08:42.019399+00:00,ETH-11SEP26-2540-C,2489.8,ETH-11SEP26,call,2540.0,2026-09-11T08:00:00+00:00,0.00968001307453672,0.0095,0.0105,0.009841,0.01,2489.8,ETH-11SEP26,0.4585,0.338,0.89572,9.0,9.0,0.0010000000000000009,ETH,2489.41,270.34
2026-09-07T19:08:42.019399+00:00,ETH-26MAR27-1900-P,2539.69,ETH-26MAR27,put,1900.0,2027-03-26T08:00:00+00:00,0.5462987673524287,0.051,0.053,0.05216,0.052,2539.69,ETH-26MAR27,0.5685,-0.18385,4.99345,3282.0,0.0,0.0020000000000000018,ETH,2489.38,0.0
2026-09-07T19:08:42.019399+00:00,ETH-8SEP26-2280-P,2488.95,ETH-8SEP26,put,2280.0,2026-09-08T08:00:00+00:00,0.0014664607131404165,,0.0001,2e-06,,2488.95,ETH-8SEP26,0.6718000000000001,-0.0003,0.00106,463.0,253.0,,ETH,2489.41,77.15
2026-09-07T19:08:42.019399+00:00,ETH-27NOV26-2250-C,2508.16,ETH-27NOV26,call,2250.0,2026-11-27T08:00:00+00:00,0.2204945236837085,0.152,0.1555,0.153633,0.15375,2508.16,ETH-27NOV26,0.5267000000000001,0.71334,4.01128,51.0,0.0,0.003500000000000003,ETH,2489.41,0.0
2026-09-07T19:08:42.019399+00:00,ETH-30OCT26-2700-C,2500.6,ETH-30OCT26,call,2700.0,2026-10-30T08:00:00+00:00,0.14383470164400966,0.048,0.049,0.048299,0.0485,2500.6,ETH-30OCT26,0.5226,0.38699,3.6322,1346.0,6.0,0.0010000000000000009,ETH,2489.41,774.29
2026-09-07T19:08:42.019399+00:00,ETH-10SEP26-2580-C,2489.5,ETH-10SEP26,call,2580.0,2026-09-10T08:00:00+00:00,0.006942162287404618,0.0038,0.0042,0.003949,0.004,2489.5,ETH-10SEP26,0.4715,0.18769,0.55873,114.0,114.0,0.00039999999999999975,ETH,2489.38,1302.02
2026-09-07T19:08:42.019399+00:00,ETH-25SEP26-7400-C,2494.3,ETH-25SEP26,call,7400.0,2026-09-25T08:00:00+00:00,0.04800992409438613,,0.0001,1e-06,,2494.3,ETH-25SEP26,1.1765,2e-05,0.00051,1322.0,0.0,,ETH,2489.38,0.0
2026-09-07T19:08:42.019399+00:00,ETH-25SEP26-5200-P,2494.3,ETH-25SEP26,put,5200.0,2026-09-25T08:00:00+00:00,0.04800992409438613,1.0765,1.092,1.08479,1.08425,2494.3,ETH-25SEP26,0.9314,-0.99976,0.00483,3.0,0.0,0.01550000000000007,ETH,2489.38,0.0
2026-09-07T19:08:42.019399+00:00,ETH-25SEP26-14000-P,2494.27,ETH-25SEP26,put,14000.0,2026-09-25T08:00:00+00:00,0.04800992409438613,4.593,4.632,4.612866,4.6125,2494.27,ETH-25SEP26,1.7753,-0.99999,0.00027,0.0,0.0,0.0389999999999997,ETH,2489.38,0.0
2026-09-07T19:08:42.019399+00:00,ETH-8SEP26-2440-C,2489.0,ETH-8SEP26,call,2440.0,2026-09-08T08:00:00+00:00,0.0014664607131404165,0.018,0.023,0.020317,0.0205,2489.0,ETH-8SEP26,0.39590000000000003,0.90748,0.15782,17.0,8.0,0.005000000000000001,ETH,2489.38,387.5
2026-09-07T19:08:42.019399+00:00,ETH-18SEP26-2700-P,2491.86,ETH-18SEP26,put,2700.0,2026-09-18T08:00:00+00:00,0.02884496858446143,0.0895,0.096,0.093272,0.09275,2491.86,ETH-18SEP26,0.5333,-0.79928,1.18784,7.0,0.0,0.006500000000000006,ETH,2489.38,0.0
2026-09-07T19:08:42.019399+00:00,ETH-25DEC26-2600-P,2514.91,ETH-25DEC26,put,2600.0,2026-12-25T08:00:00+00:00,0.2971543457234073,0.1325,0.134,0.133029,0.13325,2514.91,ETH-25DEC26,0.5231,-0.48951,5.46966,1195.0,34.0,0.0015000000000000013,ETH,2489.38,11313.13
2026-09-07T19:08:42.019399+00:00,ETH-25SEP26-6400-P,2494.27,ETH-25SEP26,put,6400.0,2026-09-25T08:00:00+00:00,0.04800992409438613,1.5555,1.574,1.565883,1.56475,2494.27,ETH-25SEP26,1.0674,-0.99995,0.00104,0.0,0.0,0.01849999999999996,ETH,2489.36,0.0
2026-09-07T19:08:42.019399+00:00,ETH-11SEP26-2350-P,2489.76,ETH-11SEP26,put,2350.0,2026-09-11T08:00:00+00:00,0.00968001307453672,0.0024,0.0027,0.002593,0.00255,2489.76,ETH-11SEP26,0.4875,-0.1093,0.45861,3389.0,217.0,0.00030000000000000035,ETH,2489.36,1482.08
2026-09-07T19:08:42.019399+00:00,ETH-25SEP26-6600-P,2494.27,ETH-25SEP26,put,6600.0,2026-09-25T08:00:00+00:00,0.04800992409438613,1.6355,1.655,1.646067,1.64525,2494.27,ETH-25SEP26,1.0931,-0.99996,0.00092,0.0,0.0,0.019500000000000073,ETH,2489.36,0.0
2026-09-07T19:08:42.019399+00:00,ETH-25SEP26-2800-C,2494.27,ETH-25SEP26,call,2800.0,2026-09-25T08:00:00+00:00,0.04800992409438613,0.0105,0.0115,0.010855,0.011,2494.27,ETH-25SEP26,0.5390999999999999,0.17917,1.43044,15411.0,1856.0,0.0009999999999999992,ETH,2489.36,50991.09
2026-09-07T19:08:42.019399+00:00,ETH-25DEC26-2900-C,2514.91,ETH-25DEC26,call,2900.0,2026-12-25T08:00:00+00:00,0.2971543457234073,0.0615,0.0625,0.061925,0.062,2514.91,ETH-25DEC26,0.531,0.36429,5.15176,3740.0,0.0,0.0010000000000000009,ETH,2489.36,0.0
2026-09-07T19:08:42.019399+00:00,ETH-27NOV26-4000-P,2508.12,ETH-27NOV26,put,4000.0,2026-11-27T08:00:00+00:00,0.2204945236837085,0.597,0.6095,0.6033,0.60325,2508.12,ETH-27NOV26,0.6204,-0.92722,1.62996,0.0,0.0,0.012500000000000067,ETH,2489.36,0.0
2026-09-07T19:08:42.019399+00:00,ETH-18SEP26-2450-P,2491.86,ETH-18SEP26,put,2450.0,2026-09-18T08:00:00+00:00,0.02884496858446143,0.0245,0.0255,0.025143,0.025,2491.86,ETH-18SEP26,0.489,-0.40263,1.63841,1590.0,114.0,0.0009999999999999974,ETH,2489.36,6913.03
2026-09-07T19:08:42.019399+00:00,ETH-9SEP26-2100-P,2489.29,ETH-9SEP26,put,2100.0,2026-09-09T08:00:00+00:00,0.0042043115002725175,,0.0001,2.4e-05,,2489.29,ETH-9SEP26,0.8898,-0.00145,0.00763,502.0,100.0,,ETH,2489.36,75.07
2026-09-07T19:08:42.019399+00:00,ETH-26MAR27-2700-P,2539.69,ETH-26MAR27,put,2700.0,2027-03-26T08:00:00+00:00,0.5462987673524287,0.1965,0.1995,0.198431,0.198,2539.69,ETH-26MAR27,0.5459,-0.47989,7.48256,191.0,0.0,0.0030000000000000027,ETH,2489.4,0.0
2026-09-07T19:08:42.019399+00:00,ETH-11SEP26-2520-C,2489.76,ETH-11SEP26,call,2520.0,2026-09-11T08:00:00+00:00,0.00968001307453672,0.012,0.013,0.01234,0.0125,2489.76,ETH-11SEP26,0.4497,0.40182,0.9477,122.0,0.0,0.0009999999999999992,ETH,2489.36,0.0
2026-09-07T19:08:42.019399+00:00,ETH-8SEP26-2750-C,2488.95,ETH-8SEP26,call,2750.0,2026-09-08T08:00:00+00:00,0.0014664607131404165,,0.0001,2e-06,,2488.95,ETH-8SEP26,0.7394,0.00022,0.0008,110.0,105.0,,ETH,2489.4,102.94
2026-09-07T19:08:42.019399+00:00,ETH-11SEP26-2480-P,2489.8,ETH-11SEP26,put,2480.0,2026-09-11T08:00:00+00:00,0.00968001307453672,0.015,0.016,0.015491,0.0155,2489.8,ETH-11SEP26,0.4435,-0.45457,0.97112,110.0,110.0,0.0010000000000000009,ETH,2489.4,4117.01
2026-09-07T19:08:42.019399+00:00,ETH-11SEP26-2500-P,2489.8,ETH-11SEP26,put,2500.0,2026-09-11T08:00:00+00:00,0.00968001307453672,0.019,0.02,0.019707,0.0195,2489.8,ETH-11SEP26,0.44659999999999994,-0.52757,0.97513,1210.0,271.0,0.0010000000000000009,ETH,2489.4,13535.91
2026-09-07T19:08:42.019399+00:00,ETH-11SEP26-2440-C,2489.76,ETH-11SEP26,call,2440.0,2026-09-11T08:00:00+00:00,0.00968001307453672,0.0275,0.0315,0.029099,0.0295,2489.76,ETH-11SEP26,0.4454,0.68597,0.86922,0.0,0.0,0.004,ETH,2489.4,0.0
2026-09-07T19:08:42.019399+00:00,ETH-25SEP26-3500-C,2494.27,ETH-25SEP26,call,3500.0,2026-09-25T08:00:00+00:00,0.04800992409438613,0.0009,0.0011,0.000985,0.001,2494.27,ETH-25SEP26,0.7126,0.0183,0.24545,20856.0,0.0,0.0002000000000000001,ETH,2489.4,0.0
2026-09-07T19:08:42.019399+00:00,ETH-25SEP26-1800-C,2494.27,ETH-25SEP26,call,1800.0,2026-09-25T08:00:00+00:00,0.04800992409438613,0.2775,0.2815,0.279196,0.2795,2494.27,ETH-25SEP26,0.7084999999999999,0.98533,0.20314,6238.0,0.0,0.003999999999999948,ETH,2489.4,0.0
2026-09-07T19:08:42.019399+00:00,ETH-26MAR27-3400-C,2539.69,ETH-26MAR27,call,3400.0,2027-03-26T08:00:00+00:00,0.5462987673524287,0.0655,0.068,0.066602,0.06675,2539.69,ETH-26MAR27,0.5581,0.30841,6.61042,1881.0,0.0,0.0025000000000000022,ETH,2489.37,0.0
2026-09-07T19:08:42.019399+00:00,ETH-25JUN27-900-P,2566.8,ETH-25JUN27,put,900.0,2027-06-25T08:00:00+00:00,0.7954431889814498,0.0075,0.0095,0.008492,0.0085,2566.8,ETH-25JUN27,0.731,-0.02661,1.41018,848.0,0.0,0.002,ETH,2489.37,0.0
2026-09-07T19:08:42.019399+00:00,ETH-25JUN27-1300-C,2566.77,ETH-25JUN27,call,1300.0,2027-06-25T08:00:00+00:00,0.7954431889814498,0.5145,0.519,0.516072,0.51675,2566.77,ETH-25JUN27,0.6396999999999999,0.93023,3.06734,108.0,0.0,0.0045000000000000595,ETH,2489.37,0.0
2026-09-07T19:08:42.019399+00:00,ETH-25SEP26-1850-P,2494.3,ETH-25SEP26,put,1850.0,2026-09-25T08:00:00+00:00,0.04800992409438613,0.0009,0.0012,0.00105,0.00105,2494.3,ETH-25SEP26,0.6777,-0.01847,0.24735,5691.0,4.0,0.0002999999999999999,ETH,2489.37,13.07
2026-09-07T19:08:42.019399+00:00,ETH-25DEC26-1500-C,2514.91,ETH-25DEC26,call,1500.0,2026-12-25T08:00:00+00:00,0.2971543457234073,0.41,0.4135,0.411558,0.41175,2514.91,ETH-25DEC26,0.6374,0.95163,1.37755,749.0,0.0,0.003500000000000003,ETH,2489.37,0.0
2026-09-07T19:08:42.019399+00:00,ETH-8SEP26-2420-P,2488.95,ETH-8SEP26,put,2420.0,2026-09-08T08:00:00+00:00,0.0014664607131404165,0.0002,0.0004,0.000252,0.0003,2488.95,ETH-8SEP26,0.4178,-0.03834,0.07927,544.0,1205.0,0.0002,ETH,2489.37,2401.17
2026-09-07T19:08:42.019399+00:00,ETH-30OCT26-3400-C,2500.63,ETH-30OCT26,call,3400.0,2026-10-30T08:00:00+00:00,0.14383470164400966,0.0095,0.0105,0.010037,0.01,2500.63,ETH-30OCT26,0.5888,0.10324,1.7042,3351.0,376.0,0.0010000000000000009,ETH,2489.4,9471.59
2026-09-07T19:08:42.019399+00:00,ETH-27NOV26-2750-P,2508.12,ETH-27NOV26,put,2750.0,2026-11-27T08:00:00+00:00,0.2204945236837085,0.158,0.1595,0.158454,0.15875,2508.12,ETH-27NOV26,0.5267000000000001,-0.59789,4.55844,75.0,23.0,0.0015000000000000013,ETH,2489.37,8955.5
2026-09-07T19:08:42.019399+00:00,ETH-25SEP26-5000-P,2494.3,ETH-25SEP26,put,5000.0,2026-09-25T08:00:00+00:00,0.04800992409438613,0.997,1.0105,1.004619,1.00375,2494.3,ETH-25SEP26,0.9312999999999999,-0.99952,0.00928,2.0,0.0,0.013499999999999956,ETH,2489.37,0.0
2026-09-07T19:08:42.019399+00:00,ETH-18SEP26-2800-P,2491.86,ETH-18SEP26,put,2800.0,2026-09-18T08:00:00+00:00,0.02884496858446143,0.125,0.1325,0.129188,0.12875,2491.86,ETH-18SEP26,0.5640999999999999,-0.87854,0.85417,0.0,0.0,0.007500000000000007,ETH,2489.37,0.0
2026-09-07T19:08:42.019399+00:00,ETH-25DEC26-11000-P,2514.91,ETH-25DEC26,put,11000.0,2026-12-25T08:00:00+00:00,0.2971543457234073,3.3425,3.3815,3.374191,3.362,2514.91,ETH-25DEC26,0.8572,-0.99827,0.0764,699.0,0.0,0.039000000000000146,ETH,2489.37,0.0
2026-09-07T19:08:42.019399+00:00,ETH-9SEP26-2800-C,2489.29,ETH-9SEP26,call,2800.0,2026-09-09T08:00:00+00:00,0.0042043115002725175,,0.0001,6.8e-05,,2489.29,ETH-9SEP26,0.695,0.00485,0.02271,72.0,82.0,,ETH,2489.37,48.32
2026-09-07T19:08:42.019399+00:00,ETH-25DEC26-2800-C,2514.87,ETH-25DEC26,call,2800.0,2026-12-25T08:00:00+00:00,0.2971543457234073,0.072,0.073,0.072652,0.0725,2514.87,ETH-25DEC26,0.5286,0.40978,5.331,6842.0,18.0,0.0010000000000000009,ETH,2489.35,3184.16
2026-09-07T19:08:42.019399+00:00,ETH-27NOV26-4200-C,2508.12,ETH-27NOV26,call,4200.0,2026-11-27T08:00:00+00:00,0.2204945236837085,0.006,0.007,0.00646,0.0065,2508.12,ETH-27NOV26,0.6336999999999999,0.05676,1.34369,40.0,0.0,0.001,ETH,2489.37,0.0
2026-09-07T19:08:42.019399+00:00,ETH-30OCT26-1800-C,2500.6,ETH-30OCT26,call,1800.0,2026-10-30T08:00:00+00:00,0.14383470164400966,0.285,0.289,0.286247,0.287,2500.6,ETH-30OCT26,0.5929,0.94233,1.09559,106.0,1.0,0.0040000000000000036,ETH,2489.37,711.76
2026-09-07T19:08:42.019399+00:00,ETH-25JUN27-1800-P,2566.8,ETH-25JUN27,put,1800.0,2027-06-25T08:00:00+00:00,0.7954431889814498,0.061,0.0635,0.062345,0.06225,2566.8,ETH-25JUN27,0.5805,-0.17249,5.84965,769.0,0.0,0.0025000000000000022,ETH,2489.35,0.0
2026-09-07T19:08:42.019399+00:00,ETH-9SEP26-2200-P,2489.25,ETH-9SEP26,put,2200.0,2026-09-09T08:00:00+00:00,0.0042043115002725175,,0.0002,5.6e-05,,2489.25,ETH-9SEP26,0.7212000000000001,-0.00382,0.01836,262.0,151.0,,ETH,2489.35,38.05
2026-09-07T19:08:42.019399+00:00,ETH-25DEC26-3400-P,2514.91,ETH-25DEC26,put,3400.0,2026-12-25T08:00:00+00:00,0.2971543457234073,0.3765,0.3875,0.381286,0.382,2514.91,ETH-25DEC26,0.555,-0.80088,3.8295,89.0,0.0,0.01100000000000001,ETH,2489.35,0.0
2026-09-07T19:08:42.019399+00:00,ETH-9SEP26-2460-P,2489.29,ETH-9SEP26,put,2460.0,2026-09-09T08:00:00+00:00,0.0042043115002725175,0.005,0.006,0.005713,0.0055,2489.29,ETH-9SEP26,0.4107,-0.32254,0.57905,317.0,40.0,0.001,ETH,2489.35,611.71
2026-09-07T19:08:42.019399+00:00,ETH-25DEC26-1000-P,2514.91,ETH-25DEC26,put,1000.0,2026-12-25T08:00:00+00:00,0.2971543457234073,0.0014,0.0018,0.001679,0.0016,2514.91,ETH-25DEC26,0.8,-0.00984,0.36037,18446.0,0.0,0.00039999999999999996,ETH,2489.35,0.0
2026-09-07T19:08:42.019399+00:00,ETH-8SEP26-2620-C,2488.95,ETH-8SEP26,call,2620.0,2026-09-08T08:00:00+00:00,0.0014664607131404165,,0.0002,8.3e-05,,2488.95,ETH-8SEP26,0.5819,0.011,0.02758,1064.0,437.0,,ETH,2489.35,620.61
2026-09-07T19:08:42.019399+00:00,ETH-27NOV26-2200-P,2508.12,ETH-27NOV26,put,2200.0,2026-11-27T08:00:00+00:00,0.2204945236837085,0.0435,0.0445,0.04412,0.044,2508.12,ETH-27NOV26,0.5303,-0.25745,3.80245,18.0,0.0,0.0010000000000000009,ETH,2489.35,0.0
2026-09-07T19:08:42.019399+00:00,ETH-25SEP26-14000-C,2494.27,ETH-25SEP26,call,14000.0,2026-09-25T08:00:00+00:00,0.04800992409438613,,0.0001,1e-06,,2494.27,ETH-25SEP26,1.7753,1e-05,0.00027,2121.0,0.0,,ETH,2489.35,0.0
2026-09-07T19:08:42.019399+00:00,ETH-25JUN27-3700-P,2566.77,ETH-25JUN27,put,3700.0,2027-06-25T08:00:00+00:00,0.7954431889814498,0.515,0.527,0.52337,0.521,2566.77,ETH-25JUN27,0.5667,-0.68088,8.18081,0.0,0.0,0.01200000000000001,ETH,2489.35,0.0
2026-09-07T19:08:42.019399+00:00,ETH-25SEP26-2440-C,2494.27,ETH-25SEP26,call,2440.0,2026-09-25T08:00:00+00:00,0.04800992409438613,0.0535,0.0565,0.054516,0.055,2494.27,ETH-25SEP26,0.4947,0.60175,2.10981,5076.0,0.0,0.0030000000000000027,ETH,2489.35,0.0
2026-09-07T19:08:42.019399+00:00,ETH-10SEP26-2650-C,2489.55,ETH-10SEP26,call,2650.0,2026-09-10T08:00:00+00:00,0.006942162287404618,0.0013,0.0017,0.001484,0.0015,2489.55,ETH-10SEP26,0.5192,0.07743,0.30088,0.0,0.0,0.00039999999999999996,ETH,2489.35,0.0
2026-09-07T19:08:42.019399+00:00,ETH-8SEP26-2480-P,2489.0,ETH-8SEP26,put,2480.0,2026-09-08T08:00:00+00:00,0.0014664607131404165,0.003,0.0036,0.003343,0.0033,2489.0,ETH-8SEP26,0.3234,-0.3804,0.36264,285.0,103.0,0.0005999999999999998,ETH,2489.35,1352.13
2026-09-07T19:08:42.019399+00:00,ETH-11SEP26-2420-C,2489.8,ETH-11SEP26,call,2420.0,2026-09-11T08:00:00+00:00,0.00968001307453672,0.0335,0.0375,0.034983,0.0355,2489.8,ETH-11SEP26,0.4531,0.74582,0.78543,0.0,0.0,0.003999999999999997,ETH,2489.35,0.0
2026-09-07T19:08:42.019399+00:00,ETH-25SEP26-1850-C,2494.27,ETH-25SEP26,call,1850.0,2026-09-25T08:00:00+00:00,0.04800992409438613,0.2575,0.262,0.259351,0.25975,2494.27,ETH-25SEP26,0.6777,0.98153,0.24737,2242.0,0.0,0.004500000000000004,ETH,2489.36,0.0
2026-09-07T19:08:42.019399+00:00,ETH-25SEP26-10000-C,2494.27,ETH-25SEP26,call,10000.0,2026-09-25T08:00:00+00:00,0.04800992409438613,,0.0001,1e-06,,2494.27,ETH-25SEP26,1.4631999999999998,2e-05,0.00037,1965.0,0.0,,ETH,2489.36,0.0
2026-09-07T19:08:42.019399+00:00,ETH-25JUN27-2300-C,2566.8,ETH-25JUN27,call,2300.0,2027-06-25T08:00:00+00:00,0.7954431889814498,0.241,0.246,0.242876,0.2435,2566.8,ETH-25JUN27,0.5584,0.68068,8.18299,234.0,0.0,0.0050000000000000044,ETH,2489.36,0.0
2026-09-07T19:08:42.019399+00:00,ETH-25JUN27-2700-C,2566.8,ETH-25JUN27,call,2700.0,2027-06-25T08:00:00+00:00,0.7954431889814498,0.175,0.178,0.176172,0.1765,2566.8,ETH-25JUN27,0.5564,0.55824,9.03939,444.0,0.0,0.0030000000000000027,ETH,2489.36,0.0
2026-09-07T19:08:42.019399+00:00,ETH-9SEP26-2700-P,2489.25,ETH-9SEP26,put,2700.0,2026-09-09T08:00:00+00:00,0.0042043115002725175,0.081,0.088,0.084865,0.0845,2489.25,ETH-9SEP26,0.5699000000000001,-0.98537,0.05982,0.0,0.0,0.006999999999999992,ETH,2489.36,0.0
2026-09-07T19:08:42.019399+00:00,ETH-25SEP26-16000-C,2494.27,ETH-25SEP26,call,16000.0,2026-09-25T08:00:00+00:00,0.04800992409438613,,0.0001,1e-06,,2494.27,ETH-25SEP26,1.8954,1e-05,0.00024,9830.0,0.0,,ETH,2489.36,0.0
2026-09-07T19:08:42.019399+00:00,ETH-8SEP26-2400-C,2489.0,ETH-8SEP26,call,2400.0,2026-09-08T08:00:00+00:00,0.0014664607131404165,0.033,0.0395,0.035879,0.03625,2489.0,ETH-8SEP26,0.47590000000000005,0.97796,0.05005,18.0,0.0,0.006499999999999999,ETH,2489.36,0.0
2026-09-07T19:08:42.019399+00:00,ETH-25DEC26-3300-P,2514.87,ETH-25DEC26,put,3300.0,2026-12-25T08:00:00+00:00,0.2971543457234073,0.3415,0.352,0.346056,0.34675,2514.87,ETH-25DEC26,0.5497,-0.77524,4.11082,10.0,0.0,0.010499999999999954,ETH,2489.36,0.0
2026-09-07T19:08:42.019399+00:00,ETH-25DEC26-3400-C,2514.91,ETH-25DEC26,call,3400.0,2026-12-25T08:00:00+00:00,0.2971543457234073,0.0285,0.03,0.029306,0.02925,2514.91,ETH-25DEC26,0.555,0.19913,3.82957,14534.0,1.0,0.0014999999999999979,ETH,2489.36,74.94
2026-09-07T19:08:42.019399+00:00,ETH-27NOV26-2800-P,2508.12,ETH-27NOV26,put,2800.0,2026-11-27T08:00:00+00:00,0.2204945236837085,0.1705,0.175,0.172812,0.17275,2508.12,ETH-27NOV26,0.5287,-0.62501,4.46788,34.0,0.0,0.004499999999999976,ETH,2489.36,0.0
2026-09-07T19:08:42.019399+00:00,ETH-25SEP26-6200-P,2494.3,ETH-25SEP26,put,6200.0,2026-09-25T08:00:00+00:00,0.04800992409438613,1.4745,1.4935,1.4857,1.484,2494.3,ETH-25SEP26,1.0378,-0.99995,0.00113,0.0,0.0,0.019000000000000128,ETH,2489.36,0.0
2026-09-07T19:08:42.019399+00:00,ETH-25DEC26-2000-C,2514.87,ETH-25DEC26,call,2000.0,2026-12-25T08:00:00+00:00,0.2971543457234073,0.237,0.2415,0.238591,0.23925,2514.87,ETH-25DEC26,0.5489,0.81997,3.59916,10830.0,2.0,0.004500000000000004,ETH,2489.36,1159.4
2026-09-07T19:08:42.019399+00:00,ETH-25JUN27-5500-P,2566.8,ETH-25JUN27,put,5500.0,2027-06-25T08:00:00+00:00,0.7954431889814498,1.1565,1.178,1.169219,1.16725,2566.8,ETH-25JUN27,0.5992999999999999,-0.87654,4.67397,0.0,0.0,0.021499999999999853,ETH,2489.36,0.0
2026-09-07T19:08:42.019399+00:00,ETH-30OCT26-1850-C,2500.6,ETH-30OCT26,call,1850.0,2026-10-30T08:00:00+00:00,0.14383470164400966,0.2665,0.2705,0.2677,0.2685,2500.6,ETH-30OCT26,0.5826,0.9298,1.27671,1008.0,0.0,0.0040000000000000036,ETH,2489.36,0.0
2026-09-07T19:08:42.019399+00:00,ETH-27NOV26-2000-P,2508.12,ETH-27NOV26,put,2000.0,2026-11-27T08:00:00+00:00,0.2204945236837085,0.024,0.025,0.024379,0.0245,2508.12,ETH-27NOV26,0.5527000000000001,-0.15813,2.84483,516.0,74.0,0.0010000000000000009,ETH,2489.36,4536.27
2026-09-07T19:08:42.019399+00:00,ETH-25JUN27-3800-P,2566.8,ETH-25JUN27,put,3800.0,2027-06-25T08:00:00+00:00,0.7954431889814498,0.548,0.5605,0.556582,0.55425,2566.8,ETH-25JUN27,0.5681,-0.69865,7.97933,2.0,0.0,0.012499999999999956,ETH,2489.36,0.0
2026-09-07T19:08:42.019399+00:00,ETH-27NOV26-2950-P,2508.12,ETH-27NOV26,put,2950.0,2026-11-27T08:00:00+00:00,0.2204945236837085,0.2155,0.2225,0.219063,0.219,2508.12,ETH-27NOV26,0.5375,-0.69708,4.11462,0.0,0.0,0.007000000000000006,ETH,2489.36,0.0
2026-09-07T19:08:42.019399+00:00,ETH-25DEC26-800-P,2514.91,ETH-25DEC26,put,800.0,2026-12-25T08:00:00+00:00,0.2971543457234073,0.0006,0.0011,0.000799,0.00085,2514.91,ETH-25DEC26,0.8872,-0.00454,0.18194,7348.0,0.0,0.0005000000000000001,ETH,2489.36,0.0
2026-09-07T19:08:42.019399+00:00,ETH-9SEP26-2700-C,2489.25,ETH-9SEP26,call,2700.0,2026-09-09T08:00:00+00:00,0.0042043115002725175,0.0001,0.0003,0.000188,0.0002,2489.25,ETH-9SEP26,0.5699000000000001,0.01463,0.05982,661.0,322.0,0.00019999999999999998,ETH,2489.36,562.34
2026-09-07T19:08:42.019399+00:00,ETH-18SEP26-3000-P,2491.86,ETH-18SEP26,put,3000.0,2026-09-18T08:00:00+00:00,0.02884496858446143,0.2015,0.2095,0.20598,0.2055,2491.86,ETH-18SEP26,0.6335000000000001,-0.95253,0.4189,0.0,0.0,0.00799999999999998,ETH,2489.36,0.0
2026-09-07T19:08:42.019399+00:00,ETH-9SEP26-2420-C,2489.25,ETH-9SEP26,call,2420.0,2026-09-09T08:00:00+00:00,0.0042043115002725175,0.0285,0.033,0.030198,0.03075,2489.25,ETH-9SEP26,0.4397,0.8431,0.38767,21.0,21.0,0.0045000000000000005,ETH,2489.36,1620.82
2026-09-07T19:08:42.019399+00:00,ETH-25JUN27-3000-P,2566.8,ETH-25JUN27,put,3000.0,2027-06-25T08:00:00+00:00,0.7954431889814498,0.306,0.3095,0.307578,0.30775,2566.8,ETH-25JUN27,0.5577000000000001,-0.52569,9.11797,220.0,0.0,0.003500000000000003,ETH,2489.36,0.0
2026-09-07T19:08:42.019399+00:00,ETH-26MAR27-800-P,2539.69,ETH-26MAR27,put,800.0,2027-03-26T08:00:00+00:00,0.5462987673524287,0.003,0.0037,0.003348,0.00335,2539.69,ETH-26MAR27,0.8108,-0.01298,0.62763,2706.0,0.0,0.0007000000000000001,ETH,2489.36,0.0
2026-09-07T19:08:42.019399+00:00,ETH-30OCT26-2300-C,2500.6,ETH-30OCT26,call,2300.0,2026-10-30T08:00:00+00:00,0.14383470164400966,0.12,0.124,0.121541,0.122,2500.6,ETH-30OCT26,0.5151,0.70057,3.29597,1211.0,5.0,0.0040000000000000036,ETH,2489.36,1547.8
2026-09-07T19:08:42.019399+00:00,ETH-25DEC26-2000-P,2514.87,ETH-25DEC26,put,2000.0,2026-12-25T08:00:00+00:00,0.2971543457234073,0.0335,0.0345,0.033873,0.034,2514.87,ETH-25DEC26,0.5489,-0.18003,3.59916,8741.0,51.0,0.0010000000000000009,ETH,2489.36,4514.9
2026-09-07T19:08:42.019399+00:00,ETH-9SEP26-2540-C,2489.29,ETH-9SEP26,call,2540.0,2026-09-09T08:00:00+00:00,0.0042043115002725175,0.0036,0.0041,0.003856,0.00385,2489.29,ETH-9SEP26,0.4296,0.23954,0.50119,65.0,24.0,0.0005000000000000004,ETH,2489.36,272.82
2026-09-07T19:08:42.019399+00:00,ETH-25DEC26-800-C,2514.91,ETH-25DEC26,call,800.0,2026-12-25T08:00:00+00:00,0.2971543457234073,0.6815,0.684,0.682686,0.68275,2514.91,ETH-25DEC26,0.8872,0.99546,0.18194,171.0,0.0,0.0025000000000000577,ETH,2489.36,0.0
2026-09-07T19:08:42.019399+00:00,ETH-30OCT26-2750-P,2500.6,ETH-30OCT26,put,2750.0,2026-10-30T08:00:00+00:00,0.14383470164400966,0.1395,0.144,0.142552,0.14175,2500.6,ETH-30OCT26,0.5259,-0.64662,3.52643,0.0,0.0,0.004499999999999976,ETH,2489.36,0.0
2026-09-07T19:08:42.019399+00:00,ETH-25DEC26-5500-C,2514.87,ETH-25DEC26,call,5500.0,2026-12-25T08:00:00+00:00,0.2971543457234073,0.0031,0.0036,0.00333,0.00335,2514.87,ETH-25DEC26,0.6779000000000001,0.0267,0.847,2173.0,0.0,0.0005,ETH,2489.36,0.0
2026-09-07T19:08:42.019399+00:00,ETH-26MAR27-4500-C,2539.65,ETH-26MAR27,call,4500.0,2027-03-26T08:00:00+00:00,0.5462987673524287,0.024,0.026,0.024925,0.025,2539.65,ETH-26MAR27,0.5871999999999999,0.1356,4.08988,2104.0,2.0,0.0019999999999999983,ETH,2489.37,127.56
2026-09-07T19:08:42.019399+00:00,ETH-25DEC26-4000-C,2514.87,ETH-25DEC26,call,4000.0,2026-12-25T08:00:00+00:00,0.2971543457234073,0.013,0.0135,0.013214,0.01325,2514.87,ETH-25DEC26,0.5879,0.09905,2.39015,14665.0,27.0,0.0005000000000000004,ETH,2489.37,908.56
2026-09-07T19:08:42.019399+00:00,ETH-9SEP26-2300-P,2489.29,ETH-9SEP26,put,2300.0,2026-09-09T08:00:00+00:00,0.0042043115002725175,0.0002,0.0004,0.00029,0.0003,2489.29,ETH-9SEP26,0.5996,-0.01991,0.07783,1.0,1.0,0.0002,ETH,2489.37,1.0
2026-09-07T19:08:42.019399+00:00,ETH-25SEP26-1200-C,2494.3,ETH-25SEP26,call,1200.0,2026-09-25T08:00:00+00:00,0.04800992409438613,0.518,0.5205,0.518962,0.51925,2494.3,ETH-25SEP26,1.1127,0.9991,0.01666,138.0,0.0,0.0024999999999999467,ETH,2489.37,0.0
2026-09-07T19:08:42.019399+00:00,ETH-9SEP26-2560-P,2489.29,ETH-9SEP26,put,2560.0,2026-09-09T08:00:00+00:00,0.0042043115002725175,0.028,0.033,0.031075,0.0305,2489.29,ETH-9SEP26,0.4497,-0.82727,0.41259,18.0,18.0,0.005000000000000001,ETH,2489.37,1242.25
2026-09-07T19:08:42.019399+00:00,ETH-9SEP26-2500-C,2489.29,ETH-9SEP26,call,2500.0,2026-09-09T08:00:00+00:00,0.0042043115002725175,0.008,0.009,0.008565,0.0085,2489.29,ETH-9SEP26,0.40850000000000003,0.44192,0.63702,513.0,68.0,0.0009999999999999992,ETH,2489.37,1449.83
2026-09-07T19:08:42.019399+00:00,ETH-11SEP26-1800-P,2489.76,ETH-11SEP26,put,1800.0,2026-09-11T08:00:00+00:00,0.00968001307453672,,0.0001,8.8e-05,,2489.76,ETH-11SEP26,1.1963,-0.00244,0.01858,4402.0,67.0,,ETH,2489.37,16.61
2026-09-07T19:08:42.019399+00:00,ETH-25SEP26-3000-C,2494.3,ETH-25SEP26,call,3000.0,2026-09-25T08:00:00+00:00,0.04800992409438613,0.0045,0.0049,0.0047,0.0047,2494.3,ETH-25SEP26,0.5846,0.08439,0.84619,41295.0,1702.0,0.0004000000000000002,ETH,2489.33,20775.5
2026-09-07T19:08:42.019399+00:00,ETH-25SEP26-4000-P,2494.27,ETH-25SEP26,put,4000.0,2026-09-25T08:00:00+00:00,0.04800992409438613,0.5975,0.6085,0.60396,0.603,2494.27,ETH-25SEP26,0.8142,-0.99472,0.083,138.0,0.0,0.01100000000000001,ETH,2489.33,0.0
2026-09-07T19:08:42.019399+00:00,ETH-10SEP26-2480-P,2489.5,ETH-10SEP26,put,2480.0,2026-09-10T08:00:00+00:00,0.006942162287404618,0.012,0.013,0.012441,0.0125,2489.5,ETH-10SEP26,0.42969999999999997,-0.44934,0.82092,4.0,4.0,0.0009999999999999992,ETH,2489.33,119.55
2026-09-07T19:08:42.019399+00:00,ETH-25SEP26-2150-C,2494.3,ETH-25SEP26,call,2150.0,2026-09-25T08:00:00+00:00,0.04800992409438613,0.142,0.146,0.143554,0.144,2494.3,ETH-25SEP26,0.5409,0.90538,0.92132,167.0,0.0,0.0040000000000000036,ETH,2489.33,0.0
2026-09-07T19:08:42.019399+00:00,ETH-25SEP26-6500-P,2494.3,ETH-25SEP26,put,6500.0,2026-09-25T08:00:00+00:00,0.04800992409438613,1.5955,1.6145,1.605975,1.605,2494.3,ETH-25SEP26,1.0823,-0.99996,0.00101,0.0,0.0,0.019000000000000128,ETH,2489.33,0.0
2026-09-07T19:08:42.019399+00:00,ETH-25JUN27-4600-P,2566.8,ETH-25JUN27,put,4600.0,2027-06-25T08:00:00+00:00,0.7954431889814498,0.826,0.8435,0.836563,0.83475,2566.8,ETH-25JUN27,0.5816,-0.80637,6.28739,0.0,0.0,0.01750000000000007,ETH,2489.33,0.0
2026-09-07T19:08:42.019399+00:00,ETH-25SEP26-5800-P,2494.3,ETH-25SEP26,put,5800.0,2026-09-25T08:00:00+00:00,0.04800992409438613,1.316,1.3325,1.325334,1.32425,2494.3,ETH-25SEP26,0.9994,-0.99991,0.00198,0.0,0.0,0.01649999999999996,ETH,2489.33,0.0
2026-09-07T19:08:42.019399+00:00,ETH-10SEP26-2420-P,2489.55,ETH-10SEP26,put,2420.0,2026-09-10T08:00:00+00:00,0.006942162287404618,0.0044,0.0047,0.004622,0.00455,2489.55,ETH-10SEP26,0.4424,-0.21495,0.60606,58.0,58.0,0.0002999999999999999,ETH,2489.33,713.75
2026-09-07T19:08:42.019399+00:00,ETH-25JUN27-1200-C,2566.8,ETH-25JUN27,call,1200.0,2027-06-25T08:00:00+00:00,0.7954431889814498,0.549,0.553,0.550497,0.551,2566.8,ETH-25JUN27,0.6589,0.94381,2.59124,55.0,0.0,0.0040000000000000036,ETH,2489.33,0.0
2026-09-07T19:08:42.019399+00:00,ETH-11SEP26-2440-P,2489.8,ETH-11SEP26,put,2440.0,2026-09-11T08:00:00+00:00,0.00968001307453672,0.0085,0.0095,0.009125,0.009,2489.8,ETH-11SEP26,0.4454,-0.31409,0.86928,190.0,199.0,0.0009999999999999992,ETH,2489.33,4704.28
2026-09-07T19:08:42.019399+00:00,ETH-30OCT26-1200-C,2500.63,ETH-30OCT26,call,1200.0,2026-10-30T08:00:00+00:00,0.14383470164400966,0.5195,0.5225,0.520763,0.521,2500.63,ETH-30OCT26,0.8190000000000001,0.9941,0.15899,0.0,0.0,0.0030000000000000027,ETH,2489.33,0.0
2026-09-07T19:08:42.019399+00:00,ETH-25SEP26-2440-P,2494.3,ETH-25SEP26,put,2440.0,2026-09-25T08:00:00+00:00,0.04800992409438613,0.032,0.0335,0.032758,0.03275,2494.3,ETH-25SEP26,0.4947,-0.39831,2.10985,68.0,10.0,0.0015000000000000013,ETH,2489.31,765.6
2026-09-07T19:08:42.019399+00:00,ETH-30OCT26-1700-C,2500.6,ETH-30OCT26,call,1700.0,2026-10-30T08:00:00+00:00,0.14383470164400966,0.323,0.327,0.324365,0.325,2500.6,ETH-30OCT26,0.624,0.95987,0.81981,74.0,0.0,0.0040000000000000036,ETH,2489.33,0.0
2026-09-07T19:08:42.019399+00:00,ETH-25DEC26-1300-P,2514.87,ETH-25DEC26,put,1300.0,2026-12-25T08:00:00+00:00,0.2971543457234073,0.0041,0.0047,0.004401,0.0044,2514.87,ETH-25DEC26,0.6937000000000001,-0.02657,0.84351,2064.0,0.0,0.0005999999999999998,ETH,2489.31,0.0
2026-09-07T19:08:42.019399+00:00,ETH-25SEP26-2600-C,2494.27,ETH-25SEP26,call,2600.0,2026-09-25T08:00:00+00:00,0.04800992409438613,0.0265,0.0275,0.026951,0.027,2494.27,ETH-25SEP26,0.5043,0.37461,2.07248,21223.0,122.0,0.0010000000000000009,ETH,2489.31,8263.72
2026-09-07T19:08:42.019399+00:00,ETH-26MAR27-1200-P,2539.69,ETH-26MAR27,put,1200.0,2027-03-26T08:00:00+00:00,0.5462987673524287,0.0095,0.011,0.010264,0.01025,2539.69,ETH-26MAR27,0.6825,-0.04108,1.65382,1661.0,0.0,0.0014999999999999996,ETH,2489.33,0.0
2026-09-07T19:08:42.019399+00:00,ETH-10SEP26-2680-C,2489.5,ETH-10SEP26,call,2680.0,2026-09-10T08:00:00+00:00,0.006942162287404618,0.0009,0.0011,0.001005,0.001,2489.5,ETH-10SEP26,0.5417000000000001,0.05382,0.22685,213.0,187.0,0.0002000000000000001,ETH,2489.31,872.63
2026-09-07T19:08:42.019399+00:00,ETH-25SEP26-7000-P,2494.3,ETH-25SEP26,put,7000.0,2026-09-25T08:00:00+00:00,0.04800992409438613,1.7935,1.8165,1.806434,1.805,2494.3,ETH-25SEP26,1.1240999999999999,-0.99998,0.00056,0.0,0.0,0.02299999999999991,ETH,2489.31,0.0
2026-09-07T19:08:42.019399+00:00,ETH-25SEP26-1900-C,2494.27,ETH-25SEP26,call,1900.0,2026-09-25T08:00:00+00:00,0.04800992409438613,0.238,0.242,0.239535,0.24,2494.27,ETH-25SEP26,0.6455,0.97697,0.29823,10556.0,1.0,0.0040000000000000036,ETH,2489.31,597.78
2026-09-07T19:08:42.019399+00:00,ETH-25DEC26-2300-C,2514.91,ETH-25DEC26,call,2300.0,2026-12-25T08:00:00+00:00,0.2971543457234073,0.1555,0.16,0.157378,0.15775,2514.91,ETH-25DEC26,0.5275,0.6753,4.93427,7409.0,0.0,0.004500000000000004,ETH,2489.31,0.0
2026-09-07T19:08:42.019399+00:00,ETH-30OCT26-3000-P,2500.63,ETH-30OCT26,put,3000.0,2026-10-30T08:00:00+00:00,0.14383470164400966,0.219,0.227,0.2233,0.223,2500.63,ETH-30OCT26,0.5459,-0.78092,2.80244,72.0,0.0,0.008000000000000007,ETH,2489.31,0.0
2026-09-07T19:08:42.019399+00:00,ETH-8SEP26-2800-C,2488.95,ETH-8SEP26,call,2800.0,2026-09-08T08:00:00+00:00,0.0014664607131404165,,0.0001,0.0,,2488.95,ETH-8SEP26,0.8009999999999999,7e-05,0.00025,2109.0,106.0,,ETH,2489.31,34.29
2026-09-07T19:08:42.019399+00:00,ETH-30OCT26-2650-C,2500.6,ETH-30OCT26,call,2650.0,2026-10-30T08:00:00+00:00,0.14383470164400966,0.054,0.055,0.054416,0.0545,2500.6,ETH-30OCT26,0.5193,0.42249,3.71338,868.0,0.0,0.0010000000000000009,ETH,2489.31,0.0
2026-09-07T19:08:42.019399+00:00,ETH-11SEP26-2200-C,2489.8,ETH-11SEP26,call,2200.0,2026-09-11T08:00:00+00:00,0.00968001307453672,0.1155,0.12,0.117065,0.11775,2489.8,ETH-11SEP26,0.6647,0.97292,0.15309,219.0,18.0,0.00449999999999999,ETH,2489.31,5043.99
2026-09-07T19:08:42.019399+00:00,ETH-30OCT26-4200-C,2500.63,ETH-30OCT26,call,4200.0,2026-10-30T08:00:00+00:00,0.14383470164400966,0.0025,0.0031,0.002776,0.0028,2500.63,ETH-30OCT26,0.6812,0.03027,0.6503,478.0,0.0,0.0005999999999999998,ETH,2489.31,0.0
2026-09-07T19:08:42.019399+00:00,ETH-18SEP26-2900-C,2491.9,ETH-18SEP26,call,2900.0,2026-09-18T08:00:00+00:00,0.02884496858446143,0.0032,0.0034,0.003275,0.0033,2491.9,ETH-18SEP26,0.5986,0.07496,0.59905,580.0,77.0,0.00019999999999999966,ETH,2489.31,651.67
2026-09-07T19:08:42.019399+00:00,ETH-8SEP26-2560-P,2489.0,ETH-8SEP26,put,2560.0,2026-09-08T08:00:00+00:00,0.0014664607131404165,0.0255,0.032,0.028923,0.02875,2489.0,ETH-8SEP26,0.44770000000000004,-0.94864,0.10032,5.0,0.0,0.006500000000000002,ETH,2489.31,0.0
2026-09-07T19:08:42.019399+00:00,ETH-26MAR27-3700-C,2539.69,ETH-26MAR27,call,3700.0,2027-03-26T08:00:00+00:00,0.5462987673524287,0.049,0.051,0.049907,0.05,2539.69,ETH-26MAR27,0.5650999999999999,0.24461,5.89856,1531.0,0.0,0.001999999999999995,ETH,2489.31,0.0
2026-09-07T19:08:42.019399+00:00,ETH-26MAR27-5000-C,2539.69,ETH-26MAR27,call,5000.0,2027-03-26T08:00:00+00:00,0.5462987673524287,0.016,0.018,0.016938,0.017,2539.69,ETH-26MAR27,0.6007,0.09633,3.2067,2449.0,2.0,0.0019999999999999983,ETH,2489.31,87.19
2026-09-07T19:08:42.019399+00:00,ETH-9SEP26-2520-C,2489.29,ETH-9SEP26,call,2520.0,2026-09-09T08:00:00+00:00,0.0042043115002725175,0.005,0.006,0.005719,0.0055,2489.29,ETH-9SEP26,0.4147,0.32962,0.58419,222.0,132.0,0.001,ETH,2489.31,2416.11
2026-09-07T19:08:42.019399+00:00,ETH-10SEP26-2440-C,2489.5,ETH-10SEP26,call,2440.0,2026-09-10T08:00:00+00:00,0.006942162287404618,0.0255,0.0285,0.026409,0.027,2489.5,ETH-10SEP26,0.43579999999999997,0.71684,0.7021,37.0,37.0,0.0030000000000000027,ETH,2489.31,2534.53
2026-09-07T19:08:42.019399+00:00,ETH-26MAR27-1200-C,2539.69,ETH-26MAR27,call,1200.0,2027-03-26T08:00:00+00:00,0.5462987673524287,0.5365,0.5395,0.537751,0.538,2539.69,ETH-26MAR27,0.6825,0.95891,1.65383,68.0,0.0,0.0030000000000000027,ETH,2489.31,0.0
2026-09-07T19:08:42.019399+00:00,ETH-25SEP26-2700-P,2494.3,ETH-25SEP26,put,2700.0,2026-09-25T08:00:00+00:00,0.04800992409438613,0.097,0.101,0.099505,0.099,2494.3,ETH-25SEP26,0.5195000000000001,-0.73846,1.77879,557.0,0.0,0.0040000000000000036,ETH,2489.31,0.0
2026-09-07T19:08:42.019399+00:00,ETH-11SEP26-2450-P,2489.8,ETH-11SEP26,put,2450.0,2026-09-11T08:00:00+00:00,0.00968001307453672,0.01,0.011,0.010435,0.0105,2489.8,ETH-11SEP26,0.44299999999999995,-0.34733,0.90495,2213.0,163.0,0.0009999999999999992,ETH,2489.31,4250.1
2026-09-07T19:08:42.019399+00:00,ETH-26MAR27-2500-C,2539.69,ETH-26MAR27,call,2500.0,2027-03-26T08:00:00+00:00,0.5462987673524287,0.1655,0.168,0.166629,0.16675,2539.69,ETH-26MAR27,0.546,0.59525,7.27732,9836.0,1.0,0.0025000000000000022,ETH,2489.31,413.07
2026-09-07T19:08:42.019399+00:00,ETH-25SEP26-2300-C,2494.27,ETH-25SEP26,call,2300.0,2026-09-25T08:00:00+00:00,0.04800992409438613,0.0905,0.0945,0.092328,0.0925,2494.27,ETH-25SEP26,0.5064,0.78424,1.60073,14119.0,0.0,0.0040000000000000036,ETH,2489.3,0.0
2026-09-07T19:08:42.019399+00:00,ETH-8SEP26-2250-P,2488.95,ETH-8SEP26,put,2250.0,2026-09-08T08:00:00+00:00,0.0014664607131404165,,0.0001,1e-06,,2488.95,ETH-8SEP26,0.7390000000000001,-0.00017,0.00061,235.0,0.0,,ETH,2489.31,0.0
2026-09-07T19:08:42.019399+00:00,ETH-25SEP26-1400-P,2494.27,ETH-25SEP26,put,1400.0,2026-09-25T08:00:00+00:00,0.04800992409438613,0.0001,0.0002,0.000158,0.00015,2494.27,ETH-25SEP26,0.9691,-0.00235,0.04012,11566.0,2.0,0.0001,ETH,2489.3,0.99
2026-09-07T19:08:42.019399+00:00,ETH-26MAR27-1500-P,2539.69,ETH-26MAR27,put,1500.0,2027-03-26T08:00:00+00:00,0.5462987673524287,0.021,0.0225,0.021789,0.02175,2539.69,ETH-26MAR27,0.622,-0.08454,2.9104,4076.0,0.0,0.0014999999999999979,ETH,2489.31,0.0
2026-09-07T19:08:42.019399+00:00,ETH-27NOV26-2850-C,2508.16,ETH-27NOV26,call,2850.0,2026-11-27T08:00:00+00:00,0.2204945236837085,0.051,0.052,0.051441,0.0515,2508.16,ETH-27NOV26,0.5314,0.34949,4.36199,11.0,0.0,0.0010000000000000009,ETH,2489.31,0.0
2026-09-07T19:08:42.019399+00:00,ETH-9SEP26-2250-P,2489.25,ETH-9SEP26,put,2250.0,2026-09-09T08:00:00+00:00,0.0042043115002725175,0.0001,0.0003,0.000135,0.0002,2489.25,ETH-9SEP26,0.6666,-0.0091,0.03962,316.0,79.0,0.00019999999999999998,ETH,2489.3,64.76
2026-09-07T19:08:42.019399+00:00,ETH-25SEP26-2550-P,2494.27,ETH-25SEP26,put,2550.0,2026-09-25T08:00:00+00:00,0.04800992409438613,0.0555,0.057,0.056151,0.05625,2494.27,ETH-25SEP26,0.4988,-0.55835,2.15774,45.0,0.0,0.0015000000000000013,ETH,2489.3,0.0
2026-09-07T19:08:42.019399+00:00,ETH-25JUN27-2700-P,2566.8,ETH-25JUN27,put,2700.0,2027-06-25T08:00:00+00:00,0.7954431889814498,0.226,0.2295,0.228078,0.22775,2566.8,ETH-25JUN27,0.5564,-0.44177,9.03928,7.0,0.0,0.003500000000000003,ETH,2489.3,0.0
2026-09-07T19:08:42.019399+00:00,ETH-25JUN27-2900-C,2566.8,ETH-25JUN27,call,2900.0,2027-06-25T08:00:00+00:00,0.7954431889814498,0.149,0.152,0.150255,0.1505,2566.8,ETH-25JUN27,0.5572,0.50129,9.13673,283.0,0.0,0.0030000000000000027,ETH,2489.3,0.0
2026-09-07T19:08:42.019399+00:00,ETH-25JUN27-1700-P,2566.8,ETH-25JUN27,put,1700.0,2027-06-25T08:00:00+00:00,0.7954431889814498,0.0505,0.053,0.051705,0.05175,2566.8,ETH-25JUN27,0.5885,-0.14745,5.27899,3041.0,0.0,0.0024999999999999953,ETH,2489.3,0.0
2026-09-07T19:08:42.019399+00:00,ETH-30OCT26-1200-P,2500.6,ETH-30OCT26,put,1200.0,2026-10-30T08:00:00+00:00,0.14383470164400966,0.0005,0.0009,0.000648,0.0007,2500.6,ETH-30OCT26,0.8190000000000001,-0.0059,0.15902,2674.0,0.0,0.00039999999999999996,ETH,2489.3,0.0
2026-09-07T19:08:42.019399+00:00,ETH-10SEP26-2640-P,2489.5,ETH-10SEP26,put,2640.0,2026-09-10T08:00:00+00:00,0.006942162287404618,0.059,0.065,0.062151,0.062,2489.5,ETH-10SEP26,0.5103,-0.91266,0.32942,0.0,0.0,0.006000000000000005,ETH,2489.3,0.0
2026-09-07T19:08:42.019399+00:00,ETH-18SEP26-2400-P,2491.9,ETH-18SEP26,put,2400.0,2026-09-18T08:00:00+00:00,0.02884496858446143,0.017,0.018,0.017533,0.0175,2491.9,ETH-18SEP26,0.4919,-0.31132,1.49633,1159.0,7.0,0.0009999999999999974,ETH,2489.3,293.18
2026-09-07T19:08:42.019399+00:00,ETH-26MAR27-1500-C,2539.69,ETH-26MAR27,call,1500.0,2027-03-26T08:00:00+00:00,0.5462987673524287,0.4295,0.433,0.431147,0.43125,2539.69,ETH-26MAR27,0.622,0.91546,2.91039,242.0,0.0,0.003500000000000003,ETH,2489.3,0.0
2026-09-07T19:08:42.019399+00:00,ETH-10SEP26-2340-P,2489.5,ETH-10SEP26,put,2340.0,2026-09-10T08:00:00+00:00,0.006942162287404618,0.0011,0.0013,0.001216,0.0012,2489.5,ETH-10SEP26,0.49939999999999996,-0.06538,0.26422,417.0,473.0,0.00019999999999999987,ETH,2489.3,1704.4
2026-09-07T19:08:42.019399+00:00,ETH-11SEP26-2400-C,2489.8,ETH-11SEP26,call,2400.0,2026-09-11T08:00:00+00:00,0.00968001307453672,0.0395,0.044,0.041337,0.04175,2489.8,ETH-11SEP26,0.462,0.79723,0.6916,1300.0,0.0,0.004499999999999997,ETH,2489.3,0.0
2026-09-07T19:08:42.019399+00:00,ETH-30OCT26-2450-P,2500.6,ETH-30OCT26,put,2450.0,2026-10-30T08:00:00+00:00,0.14383470164400966,0.0665,0.0675,0.06697,0.067,2500.6,ETH-30OCT26,0.5125,-0.41965,3.70796,352.0,62.0,0.0010000000000000009,ETH,2489.3,9874.87
2026-09-07T19:08:42.019399+00:00,ETH-25SEP26-3800-C,2494.3,ETH-25SEP26,call,3800.0,2026-09-25T08:00:00+00:00,0.04800992409438613,0.0004,0.0006,0.000487,0.0005,2494.3,ETH-25SEP26,0.7826000000000001,0.00894,0.13213,5277.0,1020.0,0.00019999999999999993,ETH,2489.3,1669.3
2026-09-07T19:08:42.019399+00:00,ETH-27NOV26-2600-P,2508.16,ETH-27NOV26,put,2600.0,2026-11-27T08:00:00+00:00,0.2204945236837085,0.118,0.1195,0.118638,0.11875,2508.16,ETH-27NOV26,0.5214,-0.50955,4.69929,131.0,0.0,0.0015000000000000013,ETH,2489.3,0.0
2026-09-07T19:08:42.019399+00:00,ETH-27NOV26-3000-P,2508.12,ETH-27NOV26,put,3000.0,2026-11-27T08:00:00+00:00,0.2204945236837085,0.2315,0.239,0.235318,0.23525,2508.12,ETH-27NOV26,0.5408,-0.71817,3.97889,10.0,0.0,0.007499999999999979,ETH,2489.3,0.0
2026-09-07T19:08:42.019399+00:00,ETH-10SEP26-2200-P,2489.5,ETH-10SEP26,put,2200.0,2026-09-10T08:00:00+00:00,0.006942162287404618,0.0003,0.0005,0.000397,0.0004,2489.5,ETH-10SEP26,0.7175,-0.0179,0.0914,230.0,81.0,0.00020000000000000004,ETH,2489.3,106.49
2026-09-07T19:08:42.019399+00:00,ETH-10SEP26-2480-C,2489.5,ETH-10SEP26,call,2480.0,2026-09-10T08:00:00+00:00,0.006942162287404618,0.0155,0.017,0.016237,0.01625,2489.5,ETH-10SEP26,0.42969999999999997,0.55039,0.82097,1.0,1.0,0.0015000000000000013,ETH,2489.3,37.2
2026-09-07T19:08:42.019399+00:00,ETH-9SEP26-2520-P,2489.29,ETH-9SEP26,put,2520.0,2026-09-09T08:00:00+00:00,0.0042043115002725175,0.016,0.0195,0.018084,0.01775,2489.29,ETH-9SEP26,0.4147,-0.67044,0.58415,72.0,72.0,0.0034999999999999996,ETH,2489.3,2506.45
2026-09-07T19:08:42.019399+00:00,ETH-9SEP26-2500-P,2489.25,ETH-9SEP26,put,2500.0,2026-09-09T08:00:00+00:00,0.0042043115002725175,0.0125,0.0135,0.012896,0.013,2489.25,ETH-9SEP26,0.40850000000000003,-0.55844,0.63692,222.0,2.0,0.0009999999999999992,ETH,2489.3,58.66
2026-09-07T19:08:42.019399+00:00,ETH-25SEP26-3300-C,2494.3,ETH-25SEP26,call,3300.0,2026-09-25T08:00:00+00:00,0.04800992409438613,0.0016,0.0019,0.001725,0.00175,2494.3,ETH-25SEP26,0.6631999999999999,0.03198,0.39225,20567.0,0.0,0.0002999999999999999,ETH,2489.3,0.0
2026-09-07T19:08:42.019399+00:00,ETH-30OCT26-1950-P,2500.6,ETH-30OCT26,put,1950.0,2026-10-30T08:00:00+00:00,0.14383470164400966,0.0105,0.0115,0.011079,0.011,2500.6,ETH-30OCT26,0.5592,-0.10047,1.67074,899.0,1.0,0.0009999999999999992,ETH,2489.3,27.31
2026-09-07T19:08:42.019399+00:00,ETH-18SEP26-2600-C,2491.9,ETH-18SEP26,call,2600.0,2026-09-18T08:00:00+00:00,0.02884496858446143,0.017,0.018,0.017564,0.0175,2491.9,ETH-18SEP26,0.5069,0.3265,1.52659,1113.0,17.0,0.0009999999999999974,ETH,2489.3,695.52
2026-09-07T19:08:42.019399+00:00,ETH-9SEP26-2660-C,2489.29,ETH-9SEP26,call,2660.0,2026-09-09T08:00:00+00:00,0.0042043115002725175,0.0003,0.0006,0.00043,0.00045,2489.29,ETH-9SEP26,0.5455,0.03169,0.1149,121.0,5.0,0.0003,ETH,2489.3,10.48
2026-09-07T19:08:42.019399+00:00,ETH-26MAR27-3300-C,2539.69,ETH-26MAR27,call,3300.0,2027-03-26T08:00:00+00:00,0.5462987673524287,0.072,0.0745,0.073282,0.07325,2539.69,ETH-26MAR27,0.5550999999999999,0.33263,6.82243,2246.0,0.0,0.0025000000000000022,ETH,2489.3,0.0
2026-09-07T19:08:42.019399+00:00,ETH-18SEP26-2500-C,2491.86,ETH-18SEP26,call,2500.0,2026-09-18T08:00:00+00:00,0.02884496858446143,0.031,0.0325,0.031674,0.03175,2491.86,ETH-18SEP26,0.49060000000000004,0.50134,1.68893,1986.0,786.0,0.0015000000000000013,ETH,2489.3,65471.0
2026-09-07T19:08:42.019399+00:00,ETH-25JUN27-4200-P,2566.8,ETH-25JUN27,put,4200.0,2027-06-25T08:00:00+00:00,0.7954431889814498,0.684,0.7,0.694084,0.692,2566.8,ETH-25JUN27,0.575,-0.759,7.1359,3.0,0.0,0.015999999999999903,ETH,2489.31,0.0
2026-09-07T19:08:42.019399+00:00,ETH-25SEP26-2200-P,2494.27,ETH-25SEP26,put,2200.0,2026-09-25T08:00:00+00:00,0.04800992409438613,0.007,0.008,0.007581,0.0075,2494.27,ETH-25SEP26,0.5259,-0.12558,1.12909,9921.0,41.0,0.001,ETH,2489.31,721.41
2026-09-07T19:08:42.019399+00:00,ETH-25DEC26-1300-C,2514.91,ETH-25DEC26,call,1300.0,2026-12-25T08:00:00+00:00,0.2971543457234073,0.486,0.489,0.487467,0.4875,2514.91,ETH-25DEC26,0.6937000000000001,0.97343,0.84354,50.0,0.0,0.0030000000000000027,ETH,2489.31,0.0
2026-09-07T19:08:42.019399+00:00,ETH-27NOV26-2550-C,2508.12,ETH-27NOV26,call,2550.0,2026-11-27T08:00:00+00:00,0.2204945236837085,0.089,0.0905,0.089946,0.08975,2508.12,ETH-27NOV26,0.5203,0.52192,4.69354,147.0,23.0,0.0015000000000000013,ETH,2489.31,5148.63
2026-09-07T19:08:42.019399+00:00,ETH-25SEP26-3200-P,2494.27,ETH-25SEP26,put,3200.0,2026-09-25T08:00:00+00:00,0.04800992409438613,0.28,0.2895,0.28522,0.28475,2494.27,ETH-25SEP26,0.6338,-0.9576,0.49392,1323.0,0.0,0.009499999999999953,ETH,2489.31,0.0
2026-09-07T19:08:42.019399+00:00,ETH-8SEP26-2460-P,2489.0,ETH-8SEP26,put,2460.0,2026-09-08T08:00:00+00:00,0.0014664607131404165,0.0012,0.0016,0.001432,0.0014,2489.0,ETH-8SEP26,0.35240000000000005,-0.18945,0.25791,1105.0,597.0,0.0004000000000000002,ETH,2489.31,3499.68
2026-09-07T19:08:42.019399+00:00,ETH-26MAR27-3000-C,2539.69,ETH-26MAR27,call,3000.0,2027-03-26T08:00:00+00:00,0.5462987673524287,0.098,0.1005,0.099227,0.09925,2539.69,ETH-26MAR27,0.5494,0.41813,7.33357,6743.0,100.0,0.0025000000000000022,ETH,2489.31,24537.83
2026-09-07T19:08:42.019399+00:00,ETH-25SEP26-1200-P,2494.27,ETH-25SEP26,put,1200.0,2026-09-25T08:00:00+00:00,0.04800992409438613,,0.0001,6.4e-05,,2494.27,ETH-25SEP26,1.1127,-0.0009,0.01666,12310.0,1.0,,ETH,2489.31,0.25
2026-09-07T19:08:42.019399+00:00,ETH-18SEP26-2200-C,2491.9,ETH-18SEP26,call,2200.0,2026-09-18T08:00:00+00:00,0.02884496858446143,0.119,0.1235,0.120741,0.12125,2491.9,ETH-18SEP26,0.5463,0.91764,0.64337,14.0,14.0,0.004500000000000004,ETH,2489.31,4150.22
2026-09-07T19:08:42.019399+00:00,ETH-30OCT26-1700-P,2500.6,ETH-30OCT26,put,1700.0,2026-10-30T08:00:00+00:00,0.14383470164400966,0.0039,0.0044,0.004202,0.00415,2500.6,ETH-30OCT26,0.624,-0.04014,0.81994,1484.0,0.0,0.0005000000000000004,ETH,2489.31,0.0
2026-09-07T19:08:42.019399+00:00,ETH-25DEC26-1900-P,2514.91,ETH-25DEC26,put,1900.0,2026-12-25T08:00:00+00:00,0.2971543457234073,0.025,0.026,0.025717,0.0255,2514.91,ETH-25DEC26,0.5609000000000001,-0.14236,3.08734,5459.0,17.0,0.0009999999999999974,ETH,2489.31,1153.43
2026-09-07T19:08:42.019399+00:00,ETH-25SEP26-7200-C,2494.3,ETH-25SEP26,call,7200.0,2026-09-25T08:00:00+00:00,0.04800992409438613,,0.0001,1e-06,,2494.3,ETH-25SEP26,1.1496,2e-05,0.00053,1772.0,0.0,,ETH,2489.31,0.0
2026-09-07T19:08:42.019399+00:00,ETH-11SEP26-2800-C,2489.8,ETH-11SEP26,call,2800.0,2026-09-11T08:00:00+00:00,0.00968001307453672,0.0005,0.0008,0.000636,0.00065,2489.8,ETH-11SEP26,0.6148,0.02811,0.15793,6412.0,853.0,0.00030000000000000003,ETH,2489.31,1339.38
2026-09-07T19:08:42.019399+00:00,ETH-8SEP26-2500-P,2488.95,ETH-8SEP26,put,2500.0,2026-09-08T08:00:00+00:00,0.0014664607131404165,0.0065,0.008,0.007515,0.00725,2488.95,ETH-8SEP26,0.3248,-0.63522,0.35779,714.0,641.0,0.0015000000000000005,ETH,2489.31,13458.4
2026-09-07T19:08:42.019399+00:00,ETH-25JUN27-3200-C,2566.8,ETH-25JUN27,call,3200.0,2027-06-25T08:00:00+00:00,0.7954431889814498,0.1175,0.1205,0.118806,0.119,2566.8,ETH-25JUN27,0.5596,0.42396,8.97038,1379.0,0.0,0.0030000000000000027,ETH,2489.31,0.0
2026-09-07T19:08:42.019399+00:00,ETH-27NOV26-3800-P,2508.12,ETH-27NOV26,put,3800.0,2026-11-27T08:00:00+00:00,0.2204945236837085,0.52,0.532,0.526051,0.526,2508.12,ETH-27NOV26,0.6032,-0.9073,1.95588,0.0,0.0,0.01200000000000001,ETH,2489.31,0.0
2026-09-07T19:08:42.019399+00:00,ETH-11SEP26-2500-C,2489.8,ETH-11SEP26,call,2500.0,2026-09-11T08:00:00+00:00,0.00968001307453672,0.015,0.016,0.015587,0.0155,2489.8,ETH-11SEP26,0.44659999999999994,0.4721,0.97503,5195.0,295.0,0.0010000000000000009,ETH,2489.31,11836.29
2026-09-07T19:08:42.019399+00:00,ETH-25SEP26-6600-C,2494.27,ETH-25SEP26,call,6600.0,2026-09-25T08:00:00+00:00,0.04800992409438613,,0.0001,2e-06,,2494.27,ETH-25SEP26,1.0931,4e-05,0.00092,1986.0,0.0,,ETH,2489.31,0.0
2026-09-07T19:08:42.019399+00:00,ETH-30OCT26-1600-C,2500.63,ETH-30OCT26,call,1600.0,2026-10-30T08:00:00+00:00,0.14383470164400966,0.3615,0.3655,0.363058,0.3635,2500.63,ETH-30OCT26,0.6576000000000001,0.97226,0.60494,68.0,0.0,0.0040000000000000036,ETH,2489.31,0.0
2026-09-07T19:08:42.019399+00:00,ETH-25SEP26-2350-P,2494.27,ETH-25SEP26,put,2350.0,2026-09-25T08:00:00+00:00,0.04800992409438613,0.019,0.02,0.019653,0.0195,2494.27,ETH-25SEP26,0.5004,-0.27464,1.82309,61.0,15.0,0.0010000000000000009,ETH,2489.31,692.57
2026-09-07T19:08:42.019399+00:00,ETH-8SEP26-2600-P,2488.95,ETH-8SEP26,put,2600.0,2026-09-08T08:00:00+00:00,0.0014664607131404165,0.041,0.0475,0.044767,0.04425,2488.95,ETH-8SEP26,0.5382,-0.98244,0.04126,2.0,0.0,0.006499999999999999,ETH,2489.31,0.0
2026-09-07T19:08:42.019399+00:00,ETH-8SEP26-2280-C,2488.95,ETH-8SEP26,call,2280.0,2026-09-08T08:00:00+00:00,0.0014664607131404165,0.0815,0.087,0.083935,0.08425,2488.95,ETH-8SEP26,0.6718000000000001,0.9997,0.00107,0.0,0.0,0.005499999999999991,ETH,2489.31,0.0
2026-09-07T19:08:42.019399+00:00,ETH-26MAR27-3100-C,2539.69,ETH-26MAR27,call,3100.0,2027-03-26T08:00:00+00:00,0.5462987673524287,0.0885,0.091,0.089574,0.08975,2539.69,ETH-26MAR27,0.5511,0.38769,7.19303,2006.0,0.0,0.0025000000000000022,ETH,2489.31,0.0
2026-09-07T19:08:42.019399+00:00,ETH-11SEP26-2300-C,2489.8,ETH-11SEP26,call,2300.0,2026-09-11T08:00:00+00:00,0.00968001307453672,0.076,0.0805,0.077735,0.07825,2489.8,ETH-11SEP26,0.5403,0.93564,0.30827,112.0,0.0,0.004500000000000004,ETH,2489.31,0.0
2026-09-07T19:08:42.019399+00:00,ETH-9SEP26-2620-C,2489.29,ETH-9SEP26,call,2620.0,2026-09-09T08:00:00+00:00,0.0042043115002725175,0.0008,0.0011,0.000917,0.00095,2489.29,ETH-9SEP26,0.5134000000000001,0.06437,0.20308,265.0,143.0,0.00030000000000000003,ETH,2489.31,870.81
2026-09-07T19:08:42.019399+00:00,ETH-11SEP26-3000-C,2489.8,ETH-11SEP26,call,3000.0,2026-09-11T08:00:00+00:00,0.00968001307453672,0.0001,0.0002,0.000112,0.00015,2489.8,ETH-11SEP26,0.7264,0.00507,0.03585,5209.0,75.0,0.0001,ETH,2489.31,92.35
2026-09-07T19:08:42.019399+00:00,ETH-25SEP26-2400-P,2494.3,ETH-25SEP26,put,2400.0,2026-09-25T08:00:00+00:00,0.04800992409438613,0.0255,0.027,0.02624,0.02625,2494.3,ETH-25SEP26,0.49560000000000004,-0.341,2.0055,7612.0,9.0,0.0015000000000000013,ETH,2489.31,566.07
2026-09-07T19:08:42.019399+00:00,ETH-25SEP26-2900-P,2494.27,ETH-25SEP26,put,2900.0,2026-09-25T08:00:00+00:00,0.04800992409438613,0.166,0.173,0.169658,0.1695,2494.27,ETH-25SEP26,0.5598,-0.87829,1.10464,799.0,0.0,0.0069999999999999785,ETH,2489.31,0.0
2026-09-07T19:08:42.019399+00:00,ETH-25JUN27-6000-P,2566.8,ETH-25JUN27,put,6000.0,2027-06-25T08:00:00+00:00,0.7954431889814498,1.344,1.3675,1.358098,1.35575,2566.8,ETH-25JUN27,0.6092,-0.90156,3.97334,1.0,0.0,0.023499999999999854,ETH,2489.31,0.0
2026-09-07T19:08:42.019399+00:00,ETH-25SEP26-15000-C,2494.27,ETH-25SEP26,call,15000.0,2026-09-25T08:00:00+00:00,0.04800992409438613,,0.0001,1e-06,,2494.27,ETH-25SEP26,1.8378999999999999,1e-05,0.00026,2390.0,0.0,,ETH,2489.31,0.0
2026-09-07T19:08:42.019399+00:00,ETH-25SEP26-5600-C,2494.27,ETH-25SEP26,call,5600.0,2026-09-25T08:00:00+00:00,0.04800992409438613,,0.0001,5e-06,,2494.27,ETH-25SEP26,0.9643,0.0001,0.00215,8185.0,0.0,,ETH,2489.31,0.0
2026-09-07T19:08:42.019399+00:00,ETH-25JUN27-3100-C,2566.8,ETH-25JUN27,call,3100.0,2027-06-25T08:00:00+00:00,0.7954431889814498,0.127,0.13,0.128307,0.1285,2566.8,ETH-25JUN27,0.5584,0.44847,9.06052,209.0,0.0,0.0030000000000000027,ETH,2489.31,0.0
2026-09-07T19:08:42.019399+00:00,ETH-26MAR27-2700-C,2539.69,ETH-26MAR27,call,2700.0,2027-03-26T08:00:00+00:00,0.5462987673524287,0.134,0.137,0.135275,0.1355,2539.69,ETH-26MAR27,0.5459,0.52008,7.48241,3034.0,0.0,0.0030000000000000027,ETH,2489.31,0.0
2026-09-07T19:08:42.019399+00:00,ETH-25SEP26-3000-P,2494.27,ETH-25SEP26,put,3000.0,2026-09-25T08:00:00+00:00,0.04800992409438613,0.203,0.2105,0.207456,0.20675,2494.27,ETH-25SEP26,0.5846,-0.91563,0.84599,7499.0,0.0,0.007499999999999979,ETH,2489.31,0.0
2026-09-07T19:08:42.019399+00:00,ETH-25DEC26-3600-P,2514.87,ETH-25DEC26,put,3600.0,2026-12-25T08:00:00+00:00,0.2971543457234073,0.4485,0.4605,0.453628,0.4545,2514.87,ETH-25DEC26,0.5654,-0.84356,3.28804,93.0,0.0,0.01200000000000001,ETH,2489.31,0.0
2026-09-07T19:08:42.019399+00:00,ETH-25SEP26-5000-C,2494.3,ETH-25SEP26,call,5000.0,2026-09-25T08:00:00+00:00,0.04800992409438613,,0.0001,2.4e-05,,2494.3,ETH-25SEP26,0.9312999999999999,0.00048,0.00927,4611.0,0.0,,ETH,2489.31,0.0
2026-09-07T19:08:42.019399+00:00,ETH-10SEP26-2640-C,2489.5,ETH-10SEP26,call,2640.0,2026-09-10T08:00:00+00:00,0.006942162287404618,0.0016,0.0018,0.001675,0.0017,2489.5,ETH-10SEP26,0.5103,0.08732,0.32938,50.0,50.0,0.00019999999999999987,ETH,2489.31,314.7
2026-09-07T19:08:42.019399+00:00,ETH-25JUN27-2200-C,2566.77,ETH-25JUN27,call,2200.0,2027-06-25T08:00:00+00:00,0.7954431889814498,0.2615,0.2665,0.263422,0.264,2566.77,ETH-25JUN27,0.5611,0.71176,7.8173,1091.0,37.0,0.0050000000000000044,ETH,2489.31,23984.67
2026-09-07T19:08:42.019399+00:00,ETH-25DEC26-3600-C,2514.91,ETH-25DEC26,call,3600.0,2026-12-25T08:00:00+00:00,0.2971543457234073,0.0215,0.0225,0.022119,0.022,2514.91,ETH-25DEC26,0.5654,0.15645,3.2881,2544.0,1.0,0.0010000000000000009,ETH,2489.31,57.6
2026-09-07T19:08:42.019399+00:00,ETH-18SEP26-2000-P,2491.86,ETH-18SEP26,put,2000.0,2026-09-18T08:00:00+00:00,0.02884496858446143,0.0008,0.0011,0.000965,0.00095,2491.86,ETH-18SEP26,0.6622,-0.02212,0.22325,2123.0,11.0,0.00030000000000000003,ETH,2489.31,22.17
2026-09-07T19:08:42.019399+00:00,ETH-25DEC26-9000-C,2514.91,ETH-25DEC26,call,9000.0,2026-12-25T08:00:00+00:00,0.2971543457234073,0.0002,0.0007,0.00039,0.00045,2514.91,ETH-25DEC26,0.7973,0.00331,0.13721,2069.0,0.0,0.0005,ETH,2489.31,0.0
2026-09-07T19:08:42.019399+00:00,ETH-25JUN27-900-C,2566.8,ETH-25JUN27,call,900.0,2027-06-25T08:00:00+00:00,0.7954431889814498,0.6565,0.66,0.657856,0.65825,2566.8,ETH-25JUN27,0.731,0.97339,1.41018,0.0,0.0,0.0035000000000000586,ETH,2489.31,0.0
2026-09-07T19:08:42.019399+00:00,ETH-30OCT26-2350-C,2500.6,ETH-30OCT26,call,2350.0,2026-10-30T08:00:00+00:00,0.14383470164400966,0.108,0.1115,0.109068,0.10975,2500.6,ETH-30OCT26,0.5129,0.66162,3.46995,246.0,0.0,0.003500000000000003,ETH,2489.31,0.0
2026-09-07T19:08:42.019399+00:00,ETH-25SEP26-2700-C,2494.27,ETH-25SEP26,call,2700.0,2026-09-25T08:00:00+00:00,0.04800992409438613,0.0165,0.0175,0.017024,0.017,2494.27,ETH-25SEP26,0.5195000000000001,0.26154,1.77879,11104.0,154.0,0.0010000000000000009,ETH,2489.31,7137.23
2026-09-07T19:08:42.019399+00:00,ETH-25SEP26-11000-C,2494.3,ETH-25SEP26,call,11000.0,2026-09-25T08:00:00+00:00,0.04800992409438613,,0.0001,1e-06,,2494.3,ETH-25SEP26,1.5529,1e-05,0.00034,3423.0,0.0,,ETH,2489.31,0.0
2026-09-07T19:08:42.019399+00:00,ETH-30OCT26-2750-C,2500.6,ETH-30OCT26,call,2750.0,2026-10-30T08:00:00+00:00,0.14383470164400966,0.0425,0.0435,0.042816,0.043,2500.6,ETH-30OCT26,0.5259,0.35336,3.52632,652.0,0.0,0.000999999999999994,ETH,2489.31,0.0
2026-09-07T19:08:42.019399+00:00,ETH-25JUN27-3700-C,2566.77,ETH-25JUN27,call,3700.0,2027-06-25T08:00:00+00:00,0.7954431889814498,0.0805,0.0835,0.08187,0.082,2566.77,ETH-25JUN27,0.5667,0.31911,8.18065,10.0,0.0,0.0030000000000000027,ETH,2489.31,0.0
2026-09-07T19:08:42.019399+00:00,ETH-25SEP26-10000-P,2494.27,ETH-25SEP26,put,10000.0,2026-09-25T08:00:00+00:00,0.04800992409438613,2.993,3.022,3.00919,3.0075,2494.27,ETH-25SEP26,1.4631999999999998,-0.99998,0.00037,759.0,0.0,0.028999999999999915,ETH,2489.31,0.0
2026-09-07T19:08:42.019399+00:00,ETH-25DEC26-2200-C,2514.91,ETH-25DEC26,call,2200.0,2026-12-25T08:00:00+00:00,0.2971543457234073,0.18,0.186,0.18193,0.183,2514.91,ETH-25DEC26,0.5322,0.72784,4.55272,52403.0,0.0,0.006000000000000005,ETH,2489.31,0.0
2026-09-07T19:08:42.019399+00:00,ETH-26MAR27-2100-P,2539.69,ETH-26MAR27,put,2100.0,2027-03-26T08:00:00+00:00,0.5462987673524287,0.0765,0.0785,0.077546,0.0775,2539.69,ETH-26MAR27,0.556,-0.25199,5.99277,709.0,0.0,0.0020000000000000018,ETH,2489.31,0.0
2026-09-07T19:08:42.019399+00:00,ETH-11SEP26-2700-C,2489.76,ETH-11SEP26,call,2700.0,2026-09-11T08:00:00+00:00,0.00968001307453672,0.0016,0.0019,0.001747,0.00175,2489.76,ETH-11SEP26,0.5565,0.07331,0.34082,2934.0,131.0,0.0002999999999999999,ETH,2489.31,715.31
2026-09-07T19:08:42.019399+00:00,ETH-8SEP26-2340-P,2488.95,ETH-8SEP26,put,2340.0,2026-09-08T08:00:00+00:00,0.0014664607131404165,,0.0001,1e-05,,2488.95,ETH-8SEP26,0.5514,-0.00164,0.00505,138.0,117.0,,ETH,2489.31,47.81
2026-09-07T19:08:42.019399+00:00,ETH-18SEP26-2800-C,2491.86,ETH-18SEP26,call,2800.0,2026-09-18T08:00:00+00:00,0.02884496858446143,0.005,0.006,0.005502,0.0055,2491.86,ETH-18SEP26,0.5640999999999999,0.1214,0.85383,19669.0,99.0,0.001,ETH,2489.31,1367.32
2026-09-07T19:08:42.019399+00:00,ETH-27NOV26-2850-P,2508.12,ETH-27NOV26,put,2850.0,2026-11-27T08:00:00+00:00,0.2204945236837085,0.185,0.19,0.187769,0.1875,2508.12,ETH-27NOV26,0.5314,-0.65049,4.36207,0.0,0.0,0.0050000000000000044,ETH,2489.31,0.0
2026-09-07T19:08:42.019399+00:00,ETH-25SEP26-2380-C,2494.27,ETH-25SEP26,call,2380.0,2026-09-25T08:00:00+00:00,0.04800992409438613,0.0675,0.0715,0.069181,0.0695,2494.27,ETH-25SEP26,0.4965,0.68649,1.93823,78.0,0.0,0.00399999999999999,ETH,2489.31,0.0
2026-09-07T19:08:42.019399+00:00,ETH-25JUN27-2500-C,2566.77,ETH-25JUN27,call,2500.0,2027-06-25T08:00:00+00:00,0.7954431889814498,0.2055,0.209,0.206816,0.20725,2566.77,ETH-25JUN27,0.5566,0.61852,8.73064,3192.0,1.0,0.003500000000000003,ETH,2489.31,511.86
2026-09-07T19:08:42.019399+00:00,ETH-25DEC26-4000-P,2514.91,ETH-25DEC26,put,4000.0,2026-12-25T08:00:00+00:00,0.2971543457234073,0.5975,0.6115,0.603779,0.6045,2514.91,ETH-25DEC26,0.5879,-0.90097,2.38989,223.0,0.0,0.014000000000000012,ETH,2489.31,0.0
2026-09-07T19:08:42.019399+00:00,ETH-25JUN27-800-P,2566.8,ETH-25JUN27,put,800.0,2027-06-25T08:00:00+00:00,0.7954431889814498,0.0055,0.007,0.006239,0.00625,2566.8,ETH-25JUN27,0.758,-0.0196,1.08991,689.0,0.0,0.0015000000000000005,ETH,2489.31,0.0
2026-09-07T19:08:42.019399+00:00,ETH-26MAR27-6000-P,2539.69,ETH-26MAR27,put,6000.0,2027-03-26T08:00:00+00:00,0.5462987673524287,1.353,1.3875,1.371533,1.37025,2539.69,ETH-26MAR27,0.6306,-0.94635,2.04839,1.0,0.0,0.034499999999999975,ETH,2489.31,0.0
2026-09-07T19:08:42.019399+00:00,ETH-18SEP26-2600-P,2491.9,ETH-18SEP26,put,2600.0,2026-09-18T08:00:00+00:00,0.02884496858446143,0.0585,0.0625,0.060986,0.0605,2491.9,ETH-18SEP26,0.5069,-0.67352,1.52655,89.0,1.0,0.003999999999999997,ETH,2489.31,150.72
2026-09-07T19:08:42.019399+00:00,ETH-25SEP26-3100-P,2494.27,ETH-25SEP26,put,3100.0,2026-09-25T08:00:00+00:00,0.04800992409438613,0.2415,0.2495,0.246072,0.2455,2494.27,ETH-25SEP26,0.6089,-0.94082,0.64429,1.0,0.0,0.008000000000000007,ETH,2489.31,0.0
2026-09-07T19:08:42.019399+00:00,ETH-11SEP26-2460-C,2489.76,ETH-11SEP26,call,2460.0,2026-09-11T08:00:00+00:00,0.00968001307453672,0.0225,0.026,0.023841,0.02425,2489.76,ETH-11SEP26,0.4412,0.618,0.93435,132.0,132.0,0.0034999999999999996,ETH,2489.31,7369.86
2026-09-07T19:08:42.019399+00:00,ETH-25DEC26-1600-C,2514.91,ETH-25DEC26,call,1600.0,2026-12-25T08:00:00+00:00,0.2971543457234073,0.373,0.3765,0.374749,0.37475,2514.91,ETH-25DEC26,0.6164999999999999,0.93491,1.74081,620.0,0.0,0.003500000000000003,ETH,2489.31,0.0
2026-09-07T19:08:42.019399+00:00,ETH-8SEP26-2480-C,2488.95,ETH-8SEP26,call,2480.0,2026-09-08T08:00:00+00:00,0.0014664607131404165,0.006,0.0075,0.006922,0.00675,2488.95,ETH-8SEP26,0.3234,0.61888,0.36284,615.0,59.0,0.0014999999999999996,ETH,2489.31,817.91
2026-09-07T19:08:42.019399+00:00,ETH-9SEP26-2650-P,2489.29,ETH-9SEP26,put,2650.0,2026-09-09T08:00:00+00:00,0.0042043115002725175,0.0615,0.068,0.065108,0.06475,2489.29,ETH-9SEP26,0.5373,-0.9622,0.13281,0.0,0.0,0.006500000000000006,ETH,2489.31,0.0
2026-09-07T19:08:42.019399+00:00,ETH-26MAR27-3100-P,2539.69,ETH-26MAR27,put,3100.0,2027-03-26T08:00:00+00:00,0.5462987673524287,0.3045,0.313,0.310234,0.30875,2539.69,ETH-26MAR27,0.5511,-0.61231,7.19303,99.0,0.0,0.008500000000000008,ETH,2489.31,0.0
2026-09-07T19:08:42.019399+00:00,ETH-30OCT26-4400-C,2500.6,ETH-30OCT26,call,4400.0,2026-10-30T08:00:00+00:00,0.14383470164400966,0.0019,0.0025,0.002176,0.0022,2500.6,ETH-30OCT26,0.7039,0.02373,0.53073,689.0,0.0,0.0006000000000000001,ETH,2489.31,0.0
2026-09-07T19:08:42.019399+00:00,ETH-9SEP26-2340-P,2489.29,ETH-9SEP26,put,2340.0,2026-09-09T08:00:00+00:00,0.0042043115002725175,0.0003,0.0006,0.00046,0.00045,2489.29,ETH-9SEP26,0.5266,-0.03354,0.12042,616.0,4.0,0.0003,ETH,2489.31,4.98
2026-09-07T19:08:42.019399+00:00,ETH-25JUN27-3400-P,2566.77,ETH-25JUN27,put,3400.0,2027-06-25T08:00:00+00:00,0.7954431889814498,0.419,0.43,0.426701,0.4245,2566.77,ETH-25JUN27,0.5622,-0.62151,8.70968,5.0,0.0,0.01100000000000001,ETH,2489.31,0.0
2026-09-07T19:08:42.019399+00:00,ETH-8SEP26-2500-C,2489.0,ETH-8SEP26,call,2500.0,2026-09-08T08:00:00+00:00,0.0014664607131404165,0.0027,0.0033,0.003058,0.003,2489.0,ETH-8SEP26,0.3248,0.3649,0.35784,2028.0,1115.0,0.0005999999999999998,ETH,2489.31,12754.55
2026-09-07T19:08:42.019399+00:00,ETH-25SEP26-13000-P,2494.27,ETH-25SEP26,put,13000.0,2026-09-25T08:00:00+00:00,0.04800992409438613,4.194,4.2305,4.211947,4.21225,2494.27,ETH-25SEP26,1.7075,-0.99999,0.00029,0.0,0.0,0.0365000000000002,ETH,2489.3,0.0
2026-09-07T19:08:42.019399+00:00,ETH-9SEP26-2440-P,2489.29,ETH-9SEP26,put,2440.0,2026-09-09T08:00:00+00:00,0.0042043115002725175,0.0033,0.0038,0.003647,0.00355,2489.29,ETH-9SEP26,0.4205,-0.22677,0.48616,215.0,207.0,0.0005,ETH,2489.31,2167.03
2026-09-07T19:08:42.019399+00:00,ETH-25DEC26-3800-P,2514.91,ETH-25DEC26,put,3800.0,2026-12-25T08:00:00+00:00,0.2971543457234073,0.522,0.5355,0.527976,0.52875,2514.91,ETH-25DEC26,0.5763,-0.87619,2.80444,26.0,0.0,0.013499999999999956,ETH,2489.3,0.0
2026-09-07T19:08:42.019399+00:00,ETH-25JUN27-1200-P,2566.77,ETH-25JUN27,put,1200.0,2027-06-25T08:00:00+00:00,0.7954431889814498,0.017,0.019,0.01801,0.018,2566.77,ETH-25JUN27,0.6589,-0.05619,2.59122,531.0,0.0,0.0019999999999999983,ETH,2489.3,0.0
2026-09-07T19:08:42.019399+00:00,ETH-25SEP26-1300-P,2494.3,ETH-25SEP26,put,1300.0,2026-09-25T08:00:00+00:00,0.04800992409438613,0.0001,0.0002,9e-05,0.00015,2494.3,ETH-25SEP26,1.0278,-0.00133,0.02383,4963.0,0.0,0.0001,ETH,2489.3,0.0
2026-09-07T19:08:42.019399+00:00,ETH-27NOV26-2150-P,2508.12,ETH-27NOV26,put,2150.0,2026-11-27T08:00:00+00:00,0.2204945236837085,0.0375,0.039,0.038214,0.03825,2508.12,ETH-27NOV26,0.5347,-0.2298,3.5761,10.0,0.0,0.0015000000000000013,ETH,2489.3,0.0
2026-09-07T19:08:42.019399+00:00,ETH-25SEP26-1400-C,2494.27,ETH-25SEP26,call,1400.0,2026-09-25T08:00:00+00:00,0.04800992409438613,0.4375,0.4405,0.438871,0.439,2494.27,ETH-25SEP26,0.9691,0.99765,0.04008,1553.0,0.0,0.0030000000000000027,ETH,2489.3,0.0
2026-09-07T19:08:42.019399+00:00,ETH-10SEP26-2900-P,2489.5,ETH-10SEP26,put,2900.0,2026-09-10T08:00:00+00:00,0.006942162287404618,0.161,0.168,0.165019,0.1645,2489.5,ETH-10SEP26,0.7127,-0.99446,0.03286,0.0,0.0,0.007000000000000006,ETH,2489.3,0.0
2026-09-07T19:08:42.019399+00:00,ETH-27NOV26-3300-C,2508.12,ETH-27NOV26,call,3300.0,2026-11-27T08:00:00+00:00,0.2204945236837085,0.023,0.024,0.02337,0.0235,2508.12,ETH-27NOV26,0.5629,0.18275,3.12126,33.0,23.0,0.0010000000000000009,ETH,2489.3,1250.21
2026-09-07T19:08:42.019399+00:00,ETH-9SEP26-2600-P,2489.29,ETH-9SEP26,put,2600.0,2026-09-09T08:00:00+00:00,0.0042043115002725175,0.0425,0.0485,0.045823,0.0455,2489.29,ETH-9SEP26,0.4947,-0.90975,0.26256,0.0,0.0,0.005999999999999998,ETH,2489.3,0.0
2026-09-07T19:08:42.019399+00:00,ETH-26MAR27-5500-C,2539.65,ETH-26MAR27,call,5500.0,2027-03-26T08:00:00+00:00,0.5462987673524287,0.0115,0.013,0.012202,0.01225,2539.65,ETH-26MAR27,0.6168,0.07131,2.55779,2976.0,0.0,0.0014999999999999996,ETH,2489.3,0.0
2026-09-07T19:08:42.019399+00:00,ETH-25SEP26-3600-P,2494.27,ETH-25SEP26,put,3600.0,2026-09-25T08:00:00+00:00,0.04800992409438613,0.44,0.449,0.444095,0.4445,2494.27,ETH-25SEP26,0.7391,-0.9855,0.20104,907.0,0.0,0.009000000000000008,ETH,2489.3,0.0
2026-09-07T19:08:42.019399+00:00,ETH-10SEP26-2360-P,2489.5,ETH-10SEP26,put,2360.0,2026-09-10T08:00:00+00:00,0.006942162287404618,0.0015,0.0018,0.001684,0.00165,2489.5,ETH-10SEP26,0.4829,-0.08848,0.33258,363.0,465.0,0.0002999999999999999,ETH,2489.3,1924.65
2026-09-07T19:08:42.019399+00:00,ETH-25SEP26-1300-C,2494.3,ETH-25SEP26,call,1300.0,2026-09-25T08:00:00+00:00,0.04800992409438613,0.4775,0.4805,0.478895,0.479,2494.3,ETH-25SEP26,1.0278,0.99867,0.02383,68.0,0.0,0.0030000000000000027,ETH,2489.3,0.0
2026-09-07T19:08:42.019399+00:00,ETH-8SEP26-2650-C,2488.95,ETH-8SEP26,call,2650.0,2026-09-08T08:00:00+00:00,0.0014664607131404165,,0.0001,2.4e-05,,2488.95,ETH-8SEP26,0.6032,0.00342,0.0098,187.0,266.0,,ETH,2489.3,356.84
2026-09-07T19:08:42.019399+00:00,ETH-25DEC26-1600-P,2514.87,ETH-25DEC26,put,1600.0,2026-12-25T08:00:00+00:00,0.2971543457234073,0.0105,0.0115,0.010975,0.011,2514.87,ETH-25DEC26,0.6164999999999999,-0.06509,1.74081,8358.0,1.0,0.0009999999999999992,ETH,2489.3,25.34
2026-09-07T19:08:42.019399+00:00,ETH-30OCT26-2050-P,2500.63,ETH-30OCT26,put,2050.0,2026-10-30T08:00:00+00:00,0.14383470164400966,0.016,0.017,0.01655,0.0165,2500.63,ETH-30OCT26,0.5428000000000001,-0.14271,2.13934,397.0,0.0,0.0010000000000000009,ETH,2489.3,0.0
2026-09-07T19:08:42.019399+00:00,ETH-11SEP26-2650-C,2489.8,ETH-11SEP26,call,2650.0,2026-09-11T08:00:00+00:00,0.00968001307453672,0.0028,0.003,0.002874,0.0029,2489.8,ETH-11SEP26,0.5213,0.11729,0.48223,5100.0,743.0,0.0002000000000000001,ETH,2489.3,8603.95
2026-09-07T19:08:42.019399+00:00,ETH-8SEP26-2460-C,2488.95,ETH-8SEP26,call,2460.0,2026-09-08T08:00:00+00:00,0.0014664607131404165,0.0115,0.0155,0.013045,0.0135,2488.95,ETH-8SEP26,0.35240000000000005,0.81106,0.25731,539.0,0.0,0.004,ETH,2489.3,0.0
2026-09-07T19:08:42.019399+00:00,ETH-9SEP26-2360-P,2489.29,ETH-9SEP26,put,2360.0,2026-09-09T08:00:00+00:00,0.0042043115002725175,0.0005,0.0008,0.000696,0.00065,2489.29,ETH-9SEP26,0.5054,-0.0497,0.16562,145.0,20.0,0.00030000000000000003,ETH,2489.3,26.35
2026-09-07T19:08:42.019399+00:00,ETH-25DEC26-11000-C,2514.91,ETH-25DEC26,call,11000.0,2026-12-25T08:00:00+00:00,0.2971543457234073,0.0001,0.0003,0.000207,0.0002,2514.91,ETH-25DEC26,0.8572,0.00173,0.07638,2175.0,0.0,0.00019999999999999998,ETH,2489.3,0.0
2026-09-07T19:08:42.019399+00:00,ETH-25JUN27-1000-C,2566.8,ETH-25JUN27,call,1000.0,2027-06-25T08:00:00+00:00,0.7954431889814498,0.62,0.624,0.621643,0.622,2566.8,ETH-25JUN27,0.7065,0.96492,1.77306,114.0,18.0,0.0040000000000000036,ETH,2489.3,27652.7
2026-09-07T19:08:42.019399+00:00,ETH-10SEP26-2620-C,2489.5,ETH-10SEP26,call,2620.0,2026-09-10T08:00:00+00:00,0.006942162287404618,0.0021,0.0024,0.002214,0.00225,2489.5,ETH-10SEP26,0.4966,0.1127,0.39685,346.0,346.0,0.0002999999999999999,ETH,2489.3,1517.85
2026-09-07T19:08:42.019399+00:00,ETH-25JUN27-2300-P,2566.8,ETH-25JUN27,put,2300.0,2027-06-25T08:00:00+00:00,0.7954431889814498,0.1375,0.1405,0.138944,0.139,2566.8,ETH-25JUN27,0.5584,-0.31932,8.18298,756.0,0.0,0.0030000000000000027,ETH,2489.3,0.0
2026-09-07T19:08:42.019399+00:00,ETH-25SEP26-2380-P,2494.27,ETH-25SEP26,put,2380.0,2026-09-25T08:00:00+00:00,0.04800992409438613,0.023,0.024,0.023368,0.0235,2494.27,ETH-25SEP26,0.4965,-0.31348,1.93812,131.0,0.0,0.0010000000000000009,ETH,2489.3,0.0
2026-09-07T19:08:42.019399+00:00,ETH-30OCT26-2400-P,2500.63,ETH-30OCT26,put,2400.0,2026-10-30T08:00:00+00:00,0.14383470164400966,0.057,0.058,0.057338,0.0575,2500.63,ETH-30OCT26,0.5117,-0.37866,3.60852,4426.0,1.0,0.0010000000000000009,ETH,2489.3,137.44
2026-09-07T19:08:42.019399+00:00,ETH-27NOV26-3200-P,2508.12,ETH-27NOV26,put,3200.0,2026-11-27T08:00:00+00:00,0.2204945236837085,0.299,0.3085,0.303435,0.30375,2508.12,ETH-27NOV26,0.5547,-0.7894,3.40147,0.0,0.0,0.009500000000000008,ETH,2489.3,0.0
2026-09-07T19:08:42.019399+00:00,ETH-10SEP26-2560-P,2489.54,ETH-10SEP26,put,2560.0,2026-09-10T08:00:00+00:00,0.006942162287404618,0.031,0.0355,0.033608,0.03325,2489.54,ETH-10SEP26,0.4593,-0.76075,0.6437,35.0,35.0,0.004499999999999997,ETH,2489.3,2083.1
2026-09-07T19:08:42.019399+00:00,ETH-11SEP26-2900-C,2489.8,ETH-11SEP26,call,2900.0,2026-09-11T08:00:00+00:00,0.00968001307453672,0.0002,0.0004,0.000278,0.0003,2489.8,ETH-11SEP26,0.6790999999999999,0.0123,0.07816,1363.0,40.0,0.0002,ETH,2489.3,29.68
2026-09-07T19:08:42.019399+00:00,ETH-8SEP26-2900-C,2488.95,ETH-8SEP26,call,2900.0,2026-09-08T08:00:00+00:00,0.0014664607131404165,,0.0001,0.0,,2488.95,ETH-8SEP26,0.9486,1e-05,6e-05,492.0,401.0,,ETH,2489.3,125.2
2026-09-07T19:08:42.019399+00:00,ETH-18SEP26-2350-C,2491.86,ETH-18SEP26,call,2350.0,2026-09-18T08:00:00+00:00,0.02884496858446143,0.0675,0.0715,0.068856,0.0695,2491.86,ETH-18SEP26,0.4993,0.76859,1.28986,172.0,0.0,0.00399999999999999,ETH,2489.3,0.0
2026-09-07T19:08:42.019399+00:00,ETH-8SEP26-2300-P,2488.95,ETH-8SEP26,put,2300.0,2026-09-08T08:00:00+00:00,0.0014664607131404165,,0.0001,3e-06,,2488.95,ETH-8SEP26,0.6275999999999999,-0.00047,0.00161,316.0,90.0,,ETH,2489.3,22.57
2026-09-07T19:08:42.019399+00:00,ETH-9SEP26-2680-P,2489.29,ETH-9SEP26,put,2680.0,2026-09-09T08:00:00+00:00,0.0042043115002725175,0.0735,0.08,0.07692,0.07675,2489.29,ETH-9SEP26,0.5556,-0.97882,0.08202,0.0,0.0,0.006500000000000006,ETH,2489.3,0.0
2026-09-07T19:08:42.019399+00:00,ETH-25JUN27-3200-P,2566.8,ETH-25JUN27,put,3200.0,2027-06-25T08:00:00+00:00,0.7954431889814498,0.3605,0.368,0.365509,0.36425,2566.8,ETH-25JUN27,0.5596,-0.57603,8.97042,19.0,19.0,0.007500000000000007,ETH,2489.3,17267.14
2026-09-07T19:08:42.019399+00:00,ETH-27NOV26-4600-C,2508.12,ETH-27NOV26,call,4600.0,2026-11-27T08:00:00+00:00,0.2204945236837085,0.004,0.0045,0.004225,0.00425,2508.12,ETH-27NOV26,0.6668999999999999,0.03761,0.96568,365.0,1.0,0.0004999999999999996,ETH,2489.3,11.28
2026-09-07T19:08:42.019399+00:00,ETH-25SEP26-9000-C,2494.27,ETH-25SEP26,call,9000.0,2026-09-25T08:00:00+00:00,0.04800992409438613,,0.0001,1e-06,,2494.27,ETH-25SEP26,1.3633000000000002,2e-05,0.00041,2096.0,0.0,,ETH,2489.3,0.0
2026-09-07T19:08:42.019399+00:00,ETH-11SEP26-2000-P,2489.8,ETH-11SEP26,put,2000.0,2026-09-11T08:00:00+00:00,0.00968001307453672,0.0001,0.0003,0.000183,0.0002,2489.8,ETH-11SEP26,0.9062,-0.00617,0.04271,6193.0,6.0,0.00019999999999999998,ETH,2489.3,1.74
2026-09-07T19:08:42.019399+00:00,ETH-25JUN27-2100-C,2566.8,ETH-25JUN27,call,2100.0,2027-06-25T08:00:00+00:00,0.7954431889814498,0.2835,0.2885,0.285366,0.286,2566.8,ETH-25JUN27,0.5640999999999999,0.74237,7.39369,160.0,18.0,0.0050000000000000044,ETH,2489.3,12712.62
2026-09-07T19:08:42.019399+00:00,ETH-10SEP26-2660-P,2489.5,ETH-10SEP26,put,2660.0,2026-09-10T08:00:00+00:00,0.006942162287404618,0.0665,0.0725,0.0698,0.0695,2489.5,ETH-10SEP26,0.5257999999999999,-0.93169,0.2733,0.0,0.0,0.0059999999999999915,ETH,2489.3,0.0
2026-09-07T19:08:42.019399+00:00,ETH-30OCT26-1950-C,2500.6,ETH-30OCT26,call,1950.0,2026-10-30T08:00:00+00:00,0.14383470164400966,0.23,0.234,0.231266,0.232,2500.6,ETH-30OCT26,0.5592,0.89954,1.67067,744.0,0.0,0.0040000000000000036,ETH,2489.3,0.0
2026-09-07T19:08:42.019399+00:00,ETH-30OCT26-2650-P,2500.6,ETH-30OCT26,put,2650.0,2026-10-30T08:00:00+00:00,0.14383470164400966,0.1135,0.1145,0.114162,0.114,2500.6,ETH-30OCT26,0.5193,-0.57753,3.71326,302.0,0.0,0.0010000000000000009,ETH,2489.3,0.0
2026-09-07T19:08:42.019399+00:00,ETH-26MAR27-3200-C,2539.69,ETH-26MAR27,call,3200.0,2027-03-26T08:00:00+00:00,0.5462987673524287,0.08,0.0825,0.081058,0.08125,2539.69,ETH-26MAR27,0.5533,0.35938,7.02156,4838.0,0.0,0.0025000000000000022,ETH,2489.3,0.0
2026-09-07T19:08:42.019399+00:00,ETH-30OCT26-4200-P,2500.63,ETH-30OCT26,put,4200.0,2026-10-30T08:00:00+00:00,0.14383470164400966,0.6725,0.689,0.682373,0.68075,2500.63,ETH-30OCT26,0.6812,-0.96973,0.65028,0.0,0.0,0.01649999999999996,ETH,2489.3,0.0
2026-09-07T19:08:42.019399+00:00,ETH-25DEC26-3800-C,2514.91,ETH-25DEC26,call,3800.0,2026-12-25T08:00:00+00:00,0.2971543457234073,0.0165,0.0175,0.01694,0.017,2514.91,ETH-25DEC26,0.5763,0.12381,2.80444,3134.0,1.0,0.0010000000000000009,ETH,2489.3,43.74
2026-09-07T19:08:42.019399+00:00,ETH-25SEP26-4800-C,2494.3,ETH-25SEP26,call,4800.0,2026-09-25T08:00:00+00:00,0.04800992409438613,,0.0001,5.1e-05,,2494.3,ETH-25SEP26,0.9312,0.00095,0.01758,1700.0,0.0,,ETH,2489.3,0.0
2026-09-07T19:08:42.019399+00:00,ETH-9SEP26-2300-C,2489.29,ETH-9SEP26,call,2300.0,2026-09-09T08:00:00+00:00,0.0042043115002725175,0.0735,0.0795,0.076317,0.0765,2489.29,ETH-9SEP26,0.5996,0.98009,0.07782,18.0,0.0,0.006000000000000005,ETH,2489.3,0.0
2026-09-07T19:08:42.019399+00:00,ETH-26MAR27-2400-C,2539.69,ETH-26MAR27,call,2400.0,2027-03-26T08:00:00+00:00,0.5462987673524287,0.183,0.187,0.18485,0.185,2539.69,ETH-26MAR27,0.5471,0.63395,7.06552,2363.0,0.0,0.0040000000000000036,ETH,2489.3,0.0
2026-09-07T19:08:42.019399+00:00,ETH-26MAR27-4000-P,2539.69,ETH-26MAR27,put,4000.0,2027-03-26T08:00:00+00:00,0.5462987673524287,0.605,0.6205,0.612961,0.61275,2539.69,ETH-26MAR27,0.5727,-0.80531,5.17262,0.0,0.0,0.01550000000000007,ETH,2489.3,0.0
2026-09-07T19:08:42.019399+00:00,ETH-10SEP26-2100-P,2489.5,ETH-10SEP26,put,2100.0,2026-09-10T08:00:00+00:00,0.006942162287404618,0.0002,0.0003,0.000229,0.00025,2489.5,ETH-10SEP26,0.8781,-0.00901,0.05045,195.0,135.0,9.999999999999996e-05,ETH,2489.3,109.74
2026-09-07T19:08:42.019399+00:00,ETH-11SEP26-2550-C,2489.8,ETH-11SEP26,call,2550.0,2026-09-11T08:00:00+00:00,0.00968001307453672,0.0085,0.0095,0.008811,0.009,2489.8,ETH-11SEP26,0.46409999999999996,0.30898,0.86304,2168.0,39.0,0.0009999999999999992,ETH,2489.3,1064.54
2026-09-07T19:08:42.019399+00:00,ETH-27NOV26-2550-P,2508.16,ETH-27NOV26,put,2550.0,2026-11-27T08:00:00+00:00,0.2204945236837085,0.106,0.1075,0.10666,0.10675,2508.16,ETH-27NOV26,0.5203,-0.47808,4.69354,43.0,0.0,0.0015000000000000013,ETH,2489.3,0.0
2026-09-07T19:08:42.019399+00:00,ETH-8SEP26-2620-P,2488.95,ETH-8SEP26,put,2620.0,2026-09-08T08:00:00+00:00,0.0014664607131404165,0.049,0.0555,0.052756,0.05225,2488.95,ETH-8SEP26,0.5819,-0.98906,0.02743,0.0,0.0,0.006499999999999999,ETH,2489.3,0.0
2026-09-07T19:08:42.019399+00:00,ETH-8SEP26-2580-P,2489.0,ETH-8SEP26,put,2580.0,2026-09-08T08:00:00+00:00,0.0014664607131404165,0.033,0.0395,0.036756,0.03625,2489.0,ETH-8SEP26,0.4685,-0.97697,0.0519,0.0,0.0,0.006499999999999999,ETH,2489.3,0.0
2026-09-07T19:08:42.019399+00:00,ETH-25SEP26-4000-C,2494.27,ETH-25SEP26,call,4000.0,2026-09-25T08:00:00+00:00,0.04800992409438613,0.0002,0.0004,0.000284,0.0003,2494.27,ETH-25SEP26,0.8142,0.00528,0.08299,21302.0,0.0,0.0002,ETH,2489.3,0.0
2026-09-07T19:08:42.019399+00:00,ETH-25SEP26-2100-C,2494.27,ETH-25SEP26,call,2100.0,2026-09-25T08:00:00+00:00,0.04800992409438613,0.1605,0.1645,0.162108,0.1625,2494.27,ETH-25SEP26,0.5576,0.92918,0.74068,5710.0,0.0,0.0040000000000000036,ETH,2489.3,0.0
2026-09-07T19:08:42.019399+00:00,ETH-25DEC26-2500-P,2514.91,ETH-25DEC26,put,2500.0,2026-12-25T08:00:00+00:00,0.2971543457234073,0.1095,0.111,0.109956,0.11025,2514.91,ETH-25DEC26,0.5222,-0.43508,5.39871,1628.0,144.0,0.0015000000000000013,ETH,2489.3,39467.19
2026-09-07T19:08:42.019399+00:00,ETH-11SEP26-2570-P,2489.76,ETH-11SEP26,put,2570.0,2026-09-11T08:00:00+00:00,0.00968001307453672,0.0365,0.041,0.03926,0.03875,2489.76,ETH-11SEP26,0.4746,-0.74355,0.789,0.0,0.0,0.004500000000000004,ETH,2489.32,0.0
2026-09-07T19:08:42.019399+00:00,ETH-26MAR27-4600-P,2539.69,ETH-26MAR27,put,4600.0,2027-03-26T08:00:00+00:00,0.5462987673524287,0.825,0.843,0.834294,0.834,2539.69,ETH-26MAR27,0.5898,-0.87366,3.89476,0.0,0.0,0.018000000000000016,ETH,2489.3,0.0
2026-09-07T19:08:42.019399+00:00,ETH-26MAR27-3700-P,2539.69,ETH-26MAR27,put,3700.0,2027-03-26T08:00:00+00:00,0.5462987673524287,0.4995,0.5135,0.506823,0.5065,2539.69,ETH-26MAR27,0.5650999999999999,-0.75537,5.89877,0.0,0.0,0.013999999999999957,ETH,2489.3,0.0
2026-09-07T19:08:42.019399+00:00,ETH-25DEC26-1700-C,2514.91,ETH-25DEC26,call,1700.0,2026-12-25T08:00:00+00:00,0.2971543457234073,0.337,0.3405,0.338545,0.33875,2514.91,ETH-25DEC26,0.5939,0.91486,2.13674,365.0,0.0,0.003500000000000003,ETH,2489.32,0.0
2026-09-07T19:08:42.019399+00:00,ETH-26MAR27-2200-P,2539.69,ETH-26MAR27,put,2200.0,2027-03-26T08:00:00+00:00,0.5462987673524287,0.092,0.094,0.093057,0.093,2539.69,ETH-26MAR27,0.5518,-0.28904,6.4183,1732.0,0.0,0.0020000000000000018,ETH,2489.3,0.0
2026-09-07T19:08:42.019399+00:00,ETH-30OCT26-2850-P,2500.6,ETH-30OCT26,put,2850.0,2026-10-30T08:00:00+00:00,0.14383470164400966,0.17,0.175,0.173424,0.1725,2500.6,ETH-30OCT26,0.5336,-0.70698,3.26336,0.0,0.0,0.004999999999999977,ETH,2489.32,0.0
2026-09-07T19:08:42.019399+00:00,ETH-25SEP26-6000-C,2494.3,ETH-25SEP26,call,6000.0,2026-09-25T08:00:00+00:00,0.04800992409438613,,0.0001,3e-06,,2494.3,ETH-25SEP26,1.0195999999999998,7e-05,0.0015,3711.0,0.0,,ETH,2489.32,0.0
2026-09-07T19:08:42.019399+00:00,ETH-8SEP26-2640-C,2488.95,ETH-8SEP26,call,2640.0,2026-09-08T08:00:00+00:00,0.0014664607131404165,,0.0001,3e-05,,2488.95,ETH-8SEP26,0.5847,0.00438,0.01221,557.0,699.0,,ETH,2489.32,1488.64
2026-09-07T19:08:42.019399+00:00,ETH-30OCT26-4400-P,2500.63,ETH-30OCT26,put,4400.0,2026-10-30T08:00:00+00:00,0.14383470164400966,0.7525,0.768,0.761754,0.76025,2500.63,ETH-30OCT26,0.7039,-0.97627,0.53078,0.0,0.0,0.01550000000000007,ETH,2489.32,0.0
2026-09-07T19:08:42.019399+00:00,ETH-25DEC26-3200-P,2514.87,ETH-25DEC26,put,3200.0,2026-12-25T08:00:00+00:00,0.2971543457234073,0.308,0.317,0.311665,0.3125,2514.87,ETH-25DEC26,0.5446,-0.74619,4.39314,261.0,0.0,0.009000000000000008,ETH,2489.34,0.0
2026-09-07T19:08:42.019399+00:00,ETH-25SEP26-5400-C,2494.27,ETH-25SEP26,call,5400.0,2026-09-25T08:00:00+00:00,0.04800992409438613,,0.0001,6e-06,,2494.27,ETH-25SEP26,0.9344,0.00012,0.0026,1738.0,0.0,,ETH,2489.32,0.0
2026-09-07T19:08:42.019399+00:00,ETH-25DEC26-10000-C,2514.91,ETH-25DEC26,call,10000.0,2026-12-25T08:00:00+00:00,0.2971543457234073,0.0002,0.0005,0.000288,0.00035,2514.91,ETH-25DEC26,0.8314,0.00243,0.1039,1743.0,0.0,0.00030000000000000003,ETH,2489.34,0.0
2026-09-07T19:08:42.019399+00:00,ETH-8SEP26-2440-P,2488.95,ETH-8SEP26,put,2440.0,2026-09-08T08:00:00+00:00,0.0014664607131404165,0.0005,0.0008,0.000669,0.00065,2488.95,ETH-8SEP26,0.39590000000000003,-0.09247,0.15765,1001.0,911.0,0.00030000000000000003,ETH,2489.34,2473.69
2026-09-07T19:08:42.019399+00:00,ETH-25SEP26-4800-P,2494.27,ETH-25SEP26,put,4800.0,2026-09-25T08:00:00+00:00,0.04800992409438613,0.916,0.93,0.924462,0.923,2494.27,ETH-25SEP26,0.9312,-0.99905,0.01758,110.0,0.0,0.014000000000000012,ETH,2489.32,0.0
2026-09-07T19:08:42.019399+00:00,ETH-25JUN27-2800-C,2566.8,ETH-25JUN27,call,2800.0,2027-06-25T08:00:00+00:00,0.7954431889814498,0.1615,0.164,0.162651,0.16275,2566.8,ETH-25JUN27,0.5566,0.52927,9.11238,1231.0,0.0,0.0025000000000000022,ETH,2489.32,0.0
2026-09-07T19:08:42.019399+00:00,ETH-18SEP26-2350-P,2491.9,ETH-18SEP26,put,2350.0,2026-09-18T08:00:00+00:00,0.02884496858446143,0.0115,0.0125,0.011947,0.012,2491.9,ETH-18SEP26,0.4993,-0.2314,1.28984,1472.0,223.0,0.0010000000000000009,ETH,2489.34,7113.45
2026-09-07T19:08:42.019399+00:00,ETH-25DEC26-5500-P,2514.91,ETH-25DEC26,put,5500.0,2026-12-25T08:00:00+00:00,0.2971543457234073,1.1765,1.2015,1.190356,1.189,2514.91,ETH-25DEC26,0.6779000000000001,-0.9733,0.847,0.0,0.0,0.02499999999999991,ETH,2489.34,0.0
2026-09-07T19:08:42.019399+00:00,ETH-30OCT26-2350-P,2500.63,ETH-30OCT26,put,2350.0,2026-10-30T08:00:00+00:00,0.14383470164400966,0.0485,0.0495,0.048843,0.049,2500.63,ETH-30OCT26,0.5129,-0.33834,3.46985,657.0,0.0,0.0010000000000000009,ETH,2489.34,0.0
2026-09-07T19:08:42.019399+00:00,ETH-25SEP26-4200-C,2494.3,ETH-25SEP26,call,4200.0,2026-09-25T08:00:00+00:00,0.04800992409438613,0.0001,0.0003,0.000178,0.0002,2494.3,ETH-25SEP26,0.8465,0.00331,0.05471,2671.0,30.0,0.00019999999999999998,ETH,2489.34,22.56
2026-09-07T19:08:42.019399+00:00,ETH-30OCT26-2700-P,2500.6,ETH-30OCT26,put,2700.0,2026-10-30T08:00:00+00:00,0.14383470164400966,0.1255,0.1295,0.12804,0.1275,2500.6,ETH-30OCT26,0.5226,-0.61304,3.63203,126.0,0.0,0.0040000000000000036,ETH,2489.34,0.0
2026-09-07T19:08:42.019399+00:00,ETH-11SEP26-2470-P,2489.8,ETH-11SEP26,put,2470.0,2026-09-11T08:00:00+00:00,0.00968001307453672,0.013,0.014,0.013546,0.0135,2489.8,ETH-11SEP26,0.4404,-0.41784,0.95654,945.0,201.0,0.0010000000000000009,ETH,2489.31,7010.77
2026-09-07T19:08:42.019399+00:00,ETH-25JUN27-2800-P,2566.8,ETH-25JUN27,put,2800.0,2027-06-25T08:00:00+00:00,0.7954431889814498,0.251,0.255,0.253516,0.253,2566.8,ETH-25JUN27,0.5566,-0.47072,9.11244,667.0,0.0,0.0040000000000000036,ETH,2489.34,0.0
2026-09-07T19:08:42.019399+00:00,ETH-8SEP26-2580-C,2489.0,ETH-8SEP26,call,2580.0,2026-09-08T08:00:00+00:00,0.0014664607131404165,0.0001,0.0002,0.000153,0.00015,2489.0,ETH-8SEP26,0.4685,0.02309,0.05201,2227.0,3219.0,0.0001,ETH,2489.31,11633.89
2026-09-07T19:08:42.019399+00:00,ETH-27NOV26-2650-C,2508.16,ETH-27NOV26,call,2650.0,2026-11-27T08:00:00+00:00,0.2204945236837085,0.074,0.075,0.074691,0.0745,2508.16,ETH-27NOV26,0.5228,0.45992,4.67709,320.0,6.0,0.0010000000000000009,ETH,2489.31,1146.77
2026-09-07T19:08:42.019399+00:00,ETH-25JUN27-2600-C,2566.8,ETH-25JUN27,call,2600.0,2027-06-25T08:00:00+00:00,0.7954431889814498,0.1895,0.193,0.190775,0.19125,2566.8,ETH-25JUN27,0.5561,0.58798,8.91383,346.0,0.0,0.003500000000000003,ETH,2489.31,0.0
2026-09-07T19:08:42.019399+00:00,ETH-25JUN27-1300-P,2566.8,ETH-25JUN27,put,1300.0,2027-06-25T08:00:00+00:00,0.7954431889814498,0.0215,0.0235,0.022545,0.0225,2566.8,ETH-25JUN27,0.6396999999999999,-0.06977,3.06729,1679.0,1.0,0.0020000000000000018,ETH,2489.31,57.82
2026-09-07T19:08:42.019399+00:00,ETH-26MAR27-5500-P,2539.69,ETH-26MAR27,put,5500.0,2027-03-26T08:00:00+00:00,0.5462987673524287,1.167,1.1885,1.177889,1.17775,2539.69,ETH-26MAR27,0.6168,-0.92868,2.55798,0.0,0.0,0.021499999999999853,ETH,2489.31,0.0
2026-09-07T19:08:42.019399+00:00,ETH-26MAR27-1400-C,2539.69,ETH-26MAR27,call,1400.0,2027-03-26T08:00:00+00:00,0.5462987673524287,0.4645,0.468,0.465601,0.46625,2539.69,ETH-26MAR27,0.6373,0.93318,2.4326,31.0,0.0,0.003500000000000003,ETH,2489.31,0.0
2026-09-07T19:08:42.019399+00:00,ETH-8SEP26-2650-P,2488.95,ETH-8SEP26,put,2650.0,2026-09-08T08:00:00+00:00,0.0014664607131404165,0.061,0.0675,0.064751,0.06425,2488.95,ETH-8SEP26,0.6032,-0.99658,0.00981,0.0,0.0,0.006500000000000006,ETH,2489.36,0.0
2026-09-07T19:08:42.019399+00:00,ETH-8SEP26-2600-C,2488.95,ETH-8SEP26,call,2600.0,2026-09-08T08:00:00+00:00,0.0014664607131404165,,0.0002,0.000129,,2488.95,ETH-8SEP26,0.5382,0.01754,0.0412,886.0,1181.0,,ETH,2489.36,1809.04
2026-09-07T19:08:42.019399+00:00,ETH-25JUN27-2400-P,2566.77,ETH-25JUN27,put,2400.0,2027-06-25T08:00:00+00:00,0.7954431889814498,0.1575,0.1605,0.159266,0.159,2566.77,ETH-25JUN27,0.5576,-0.35047,8.4875,38.0,0.0,0.0030000000000000027,ETH,2489.31,0.0
2026-09-07T19:08:42.019399+00:00,ETH-10SEP26-2320-C,2489.5,ETH-10SEP26,call,2320.0,2026-09-10T08:00:00+00:00,0.006942162287404618,0.0675,0.0715,0.069032,0.0695,2489.5,ETH-10SEP26,0.5261,0.94877,0.21812,0.0,0.0,0.00399999999999999,ETH,2489.36,0.0
2026-09-07T19:08:42.019399+00:00,ETH-9SEP26-2100-C,2489.29,ETH-9SEP26,call,2100.0,2026-09-09T08:00:00+00:00,0.0042043115002725175,0.1545,0.159,0.156387,0.15675,2489.29,ETH-9SEP26,0.8898,0.99856,0.00761,0.0,0.0,0.004500000000000004,ETH,2489.36,0.0
2026-09-07T19:08:42.019399+00:00,ETH-25SEP26-1950-C,2494.27,ETH-25SEP26,call,1950.0,2026-09-25T08:00:00+00:00,0.04800992409438613,0.219,0.2225,0.21988,0.22075,2494.27,ETH-25SEP26,0.6206,0.96988,0.3732,3695.0,1.0,0.003500000000000003,ETH,2489.36,549.66
2026-09-07T19:08:42.019399+00:00,ETH-10SEP26-2800-P,2489.5,ETH-10SEP26,put,2800.0,2026-09-10T08:00:00+00:00,0.006942162287404618,0.121,0.1285,0.124964,0.12475,2489.5,ETH-10SEP26,0.6206,-0.98772,0.06608,0.0,0.0,0.007500000000000007,ETH,2489.36,0.0
2026-09-07T19:08:42.019399+00:00,ETH-9SEP26-2380-C,2489.29,ETH-9SEP26,call,2380.0,2026-09-09T08:00:00+00:00,0.0042043115002725175,0.043,0.0475,0.044953,0.04525,2489.29,ETH-9SEP26,0.4864,0.92553,0.22718,0.0,0.0,0.004500000000000004,ETH,2489.36,0.0
2026-09-07T19:08:42.019399+00:00,ETH-27NOV26-1600-C,2508.12,ETH-27NOV26,call,1600.0,2026-11-27T08:00:00+00:00,0.2204945236837085,0.3675,0.371,0.369081,0.36925,2508.12,ETH-27NOV26,0.6392,0.9503,1.20936,0.0,0.0,0.003500000000000003,ETH,2489.36,0.0
2026-09-07T19:08:42.019399+00:00,ETH-10SEP26-2500-C,2489.5,ETH-10SEP26,call,2500.0,2026-09-10T08:00:00+00:00,0.006942162287404618,0.012,0.013,0.012356,0.0125,2489.5,ETH-10SEP26,0.4315,0.46171,0.82368,10.0,10.0,0.0009999999999999992,ETH,2489.33,362.34
2026-09-07T19:08:42.019399+00:00,ETH-26MAR27-1600-P,2539.69,ETH-26MAR27,put,1600.0,2027-03-26T08:00:00+00:00,0.5462987673524287,0.0265,0.028,0.027306,0.02725,2539.69,ETH-26MAR27,0.6048,-0.10435,3.39947,1520.0,0.0,0.0015000000000000013,ETH,2489.36,0.0
2026-09-07T19:08:42.019399+00:00,ETH-8SEP26-2520-C,2489.0,ETH-8SEP26,call,2520.0,2026-09-08T08:00:00+00:00,0.0014664607131404165,0.0011,0.0015,0.001301,0.0013,2489.0,ETH-8SEP26,0.3513,0.18145,0.25094,1320.0,415.0,0.00039999999999999996,ETH,2489.33,2832.07
2026-09-07T19:08:42.019399+00:00,ETH-9SEP26-2350-C,2489.29,ETH-9SEP26,call,2350.0,2026-09-09T08:00:00+00:00,0.0042043115002725175,0.054,0.06,0.056504,0.057,2489.29,ETH-9SEP26,0.5176,0.95877,0.1425,0.0,0.0,0.005999999999999998,ETH,2489.33,0.0
2026-09-07T19:08:42.019399+00:00,ETH-25JUN27-3800-C,2566.8,ETH-25JUN27,call,3800.0,2027-06-25T08:00:00+00:00,0.7954431889814498,0.075,0.0775,0.076123,0.07625,2566.8,ETH-25JUN27,0.5681,0.30137,7.97975,436.0,0.0,0.0025000000000000022,ETH,2489.36,0.0
2026-09-07T19:08:42.019399+00:00,ETH-27NOV26-2800-C,2508.16,ETH-27NOV26,call,2800.0,2026-11-27T08:00:00+00:00,0.2204945236837085,0.056,0.057,0.05642,0.0565,2508.16,ETH-27NOV26,0.5287,0.37509,4.46851,237.0,0.0,0.0010000000000000009,ETH,2489.33,0.0
2026-09-07T19:08:42.019399+00:00,ETH-30OCT26-1500-C,2500.63,ETH-30OCT26,call,1500.0,2026-10-30T08:00:00+00:00,0.14383470164400966,0.401,0.4045,0.402169,0.40275,2500.63,ETH-30OCT26,0.6948000000000001,0.98082,0.44341,50.0,0.0,0.003500000000000003,ETH,2489.33,0.0
2026-09-07T19:08:42.019399+00:00,ETH-25DEC26-2500-C,2514.91,ETH-25DEC26,call,2500.0,2026-12-25T08:00:00+00:00,0.2971543457234073,0.1155,0.1165,0.115862,0.116,2514.91,ETH-25DEC26,0.5222,0.56495,5.39874,28731.0,173.0,0.0010000000000000009,ETH,2489.33,51303.43
2026-09-07T19:08:42.019399+00:00,ETH-10SEP26-2540-P,2489.5,ETH-10SEP26,put,2540.0,2026-09-10T08:00:00+00:00,0.006942162287404618,0.026,0.029,0.027235,0.0275,2489.5,ETH-10SEP26,0.4449,-0.69863,0.72268,0.0,0.0,0.0030000000000000027,ETH,2489.33,0.0
2026-09-07T19:08:42.019399+00:00,ETH-30OCT26-2800-C,2500.6,ETH-30OCT26,call,2800.0,2026-10-30T08:00:00+00:00,0.14383470164400966,0.0375,0.0385,0.037954,0.038,2500.6,ETH-30OCT26,0.5294,0.32203,3.4019,4044.0,5.0,0.0010000000000000009,ETH,2489.33,470.56
2026-09-07T19:08:42.019399+00:00,ETH-10SEP26-2320-P,2489.55,ETH-10SEP26,put,2320.0,2026-09-10T08:00:00+00:00,0.006942162287404618,0.0008,0.0011,0.000965,0.00095,2489.55,ETH-10SEP26,0.5261,-0.05119,0.21796,2.0,2.0,0.00030000000000000003,ETH,2489.33,5.93
2026-09-07T19:08:42.019399+00:00,ETH-26MAR27-2400-P,2539.69,ETH-26MAR27,put,2400.0,2027-03-26T08:00:00+00:00,0.5462987673524287,0.1285,0.131,0.129877,0.12975,2539.69,ETH-26MAR27,0.5471,-0.36603,7.06554,523.0,0.0,0.0025000000000000022,ETH,2489.33,0.0
2026-09-07T19:08:42.019399+00:00,ETH-27NOV26-2350-P,2508.12,ETH-27NOV26,put,2350.0,2026-11-27T08:00:00+00:00,0.2204945236837085,0.0655,0.067,0.066315,0.06625,2508.12,ETH-27NOV26,0.5222,-0.3487,4.35859,150.0,0.0,0.0015000000000000013,ETH,2489.33,0.0
2026-09-07T19:08:42.019399+00:00,ETH-25DEC26-6000-P,2514.91,ETH-25DEC26,put,6000.0,2026-12-25T08:00:00+00:00,0.2971543457234073,1.3725,1.403,1.388179,1.38775,2514.91,ETH-25DEC26,0.7026,-0.98114,0.63188,50.0,50.0,0.03049999999999997,ETH,2489.33,173433.63
2026-09-07T19:08:42.019399+00:00,ETH-26MAR27-1700-C,2539.69,ETH-26MAR27,call,1700.0,2027-03-26T08:00:00+00:00,0.5462987673524287,0.363,0.367,0.364686,0.365,2539.69,ETH-26MAR27,0.5903,0.8725,3.91966,1256.0,0.0,0.0040000000000000036,ETH,2489.33,0.0
2026-09-07T19:08:42.019399+00:00,ETH-10SEP26-2100-C,2489.55,ETH-10SEP26,call,2100.0,2026-09-10T08:00:00+00:00,0.006942162287404618,0.155,0.1595,0.156676,0.15725,2489.55,ETH-10SEP26,0.8781,0.99101,0.05038,0.0,0.0,0.004500000000000004,ETH,2489.33,0.0
2026-09-07T19:08:42.019399+00:00,ETH-25JUN27-1000-P,2566.8,ETH-25JUN27,put,1000.0,2027-06-25T08:00:00+00:00,0.7954431889814498,0.0105,0.012,0.011238,0.01125,2566.8,ETH-25JUN27,0.7065,-0.03508,1.773,4810.0,0.0,0.0014999999999999996,ETH,2489.33,0.0
2026-09-07T19:08:42.019399+00:00,ETH-8SEP26-2700-C,2488.95,ETH-8SEP26,call,2700.0,2026-09-08T08:00:00+00:00,0.0014664607131404165,,0.0001,4e-06,,2488.95,ETH-8SEP26,0.6486,0.00055,0.00183,309.0,303.0,,ETH,2489.33,343.77
2026-09-07T19:08:42.019399+00:00,ETH-27NOV26-2400-P,2508.12,ETH-27NOV26,put,2400.0,2026-11-27T08:00:00+00:00,0.2204945236837085,0.0745,0.076,0.075267,0.07525,2508.12,ETH-27NOV26,0.5209,-0.3809,4.48974,270.0,0.0,0.0015000000000000013,ETH,2489.33,0.0
2026-09-07T19:08:42.019399+00:00,ETH-25SEP26-2000-P,2494.27,ETH-25SEP26,put,2000.0,2026-09-25T08:00:00+00:00,0.04800992409438613,0.002,0.0024,0.002225,0.0022,2494.27,ETH-25SEP26,0.5981000000000001,-0.03992,0.47039,21039.0,2.0,0.00039999999999999975,ETH,2489.33,12.06
2026-09-07T19:08:42.019399+00:00,ETH-9SEP26-2460-C,2489.29,ETH-9SEP26,call,2460.0,2026-09-09T08:00:00+00:00,0.0042043115002725175,0.016,0.0195,0.017452,0.01775,2489.29,ETH-9SEP26,0.4107,0.6778,0.57867,9.0,10.0,0.0034999999999999996,ETH,2489.34,464.76
2026-09-07T19:08:42.019399+00:00,ETH-30OCT26-2550-P,2500.63,ETH-30OCT26,put,2550.0,2026-10-30T08:00:00+00:00,0.14383470164400966,0.088,0.089,0.088716,0.0885,2500.63,ETH-30OCT26,0.514,-0.50091,3.78503,726.0,1.0,0.0010000000000000009,ETH,2489.33,216.24
2026-09-07T19:08:42.019399+00:00,ETH-25DEC26-1400-P,2514.91,ETH-25DEC26,put,1400.0,2026-12-25T08:00:00+00:00,0.2971543457234073,0.0055,0.0065,0.00601,0.006,2514.91,ETH-25DEC26,0.6654000000000001,-0.03624,1.09048,13607.0,4.0,0.001,ETH,2489.34,55.23
2026-09-07T19:08:42.019399+00:00,ETH-30OCT26-2000-C,2500.63,ETH-30OCT26,call,2000.0,2026-10-30T08:00:00+00:00,0.14383470164400966,0.2125,0.2165,0.213739,0.2145,2500.63,ETH-30OCT26,0.5504,0.87997,1.89824,753.0,0.0,0.0040000000000000036,ETH,2489.34,0.0
2026-09-07T19:08:42.019399+00:00,ETH-10SEP26-2420-C,2489.5,ETH-10SEP26,call,2420.0,2026-09-10T08:00:00+00:00,0.006942162287404618,0.031,0.0355,0.032522,0.03325,2489.5,ETH-10SEP26,0.4424,0.78508,0.60594,0.0,0.0,0.004499999999999997,ETH,2489.34,0.0
2026-09-07T19:08:42.019399+00:00,ETH-25SEP26-1800-P,2494.27,ETH-25SEP26,put,1800.0,2026-09-25T08:00:00+00:00,0.04800992409438613,0.0008,0.001,0.00085,0.0009,2494.27,ETH-25SEP26,0.7084999999999999,-0.01466,0.20303,12902.0,1.0,0.00019999999999999998,ETH,2489.34,2.76
2026-09-07T19:08:42.019399+00:00,ETH-27NOV26-2700-P,2508.12,ETH-27NOV26,put,2700.0,2026-11-27T08:00:00+00:00,0.2204945236837085,0.144,0.1455,0.144632,0.14475,2508.12,ETH-27NOV26,0.5249,-0.56946,4.6294,122.0,41.0,0.0015000000000000013,ETH,2489.34,14788.87
2026-09-07T19:08:42.019399+00:00,ETH-10SEP26-2520-P,2489.54,ETH-10SEP26,put,2520.0,2026-09-10T08:00:00+00:00,0.006942162287404618,0.02,0.023,0.021539,0.0215,2489.54,ETH-10SEP26,0.4362,-0.62317,0.78773,54.0,52.0,0.002999999999999999,ETH,2489.35,2546.84
2026-09-07T19:08:42.019399+00:00,ETH-25DEC26-9000-P,2514.91,ETH-25DEC26,put,9000.0,2026-12-25T08:00:00+00:00,0.2971543457234073,2.551,2.6015,2.579161,2.57625,2514.91,ETH-25DEC26,0.7973,-0.99669,0.13723,0.0,0.0,0.05049999999999999,ETH,2489.35,0.0
2026-09-07T19:08:42.019399+00:00,ETH-25JUN27-3600-C,2566.77,ETH-25JUN27,call,3600.0,2027-06-25T08:00:00+00:00,0.7954431889814498,0.087,0.0895,0.088085,0.08825,2566.77,ETH-25JUN27,0.5653,0.33789,8.37192,206.0,1.0,0.0025000000000000022,ETH,2489.34,225.0
2026-09-07T19:08:42.019399+00:00,ETH-25JUN27-4800-C,2566.8,ETH-25JUN27,call,4800.0,2027-06-25T08:00:00+00:00,0.7954431889814498,0.0385,0.0405,0.039413,0.0395,2566.8,ETH-25JUN27,0.586,0.17473,5.89825,142.0,0.0,0.0020000000000000018,ETH,2489.34,0.0
2026-09-07T19:08:42.019399+00:00,ETH-25JUN27-4000-P,2566.8,ETH-25JUN27,put,4000.0,2027-06-25T08:00:00+00:00,0.7954431889814498,0.615,0.629,0.624545,0.622,2566.8,ETH-25JUN27,0.5714,-0.73073,7.56264,2.0,0.0,0.014000000000000012,ETH,2489.34,0.0
2026-09-07T19:08:42.019399+00:00,ETH-25DEC26-4600-C,2514.91,ETH-25DEC26,call,4600.0,2026-12-25T08:00:00+00:00,0.2971543457234073,0.0065,0.0075,0.006963,0.007,2514.91,ETH-25DEC26,0.6246,0.05457,1.51617,11164.0,0.0,0.001,ETH,2489.35,0.0
2026-09-07T19:08:42.019399+00:00,ETH-8SEP26-2360-C,2488.95,ETH-8SEP26,call,2360.0,2026-09-08T08:00:00+00:00,0.0014664607131404165,0.049,0.055,0.051827,0.052,2488.95,ETH-8SEP26,0.5481,0.99468,0.01454,0.0,0.0,0.005999999999999998,ETH,2489.35,0.0
2026-09-07T19:08:42.019399+00:00,ETH-25DEC26-10000-P,2514.91,ETH-25DEC26,put,10000.0,2026-12-25T08:00:00+00:00,0.2971543457234073,2.946,3.005,2.9767,2.9755,2514.91,ETH-25DEC26,0.8314,-0.99756,0.10395,0.0,0.0,0.05899999999999972,ETH,2489.35,0.0
2026-09-07T19:08:42.019399+00:00,ETH-26MAR27-3200-P,2539.69,ETH-26MAR27,put,3200.0,2027-03-26T08:00:00+00:00,0.5462987673524287,0.335,0.344,0.341094,0.3395,2539.69,ETH-26MAR27,0.5533,-0.64059,7.02194,20.0,0.0,0.008999999999999952,ETH,2489.35,0.0
2026-09-07T19:08:42.019399+00:00,ETH-26MAR27-2600-C,2539.69,ETH-26MAR27,call,2600.0,2027-03-26T08:00:00+00:00,0.5462987673524287,0.149,0.152,0.150112,0.1505,2539.69,ETH-26MAR27,0.5455,0.55717,7.41507,3223.0,0.0,0.0030000000000000027,ETH,2489.35,0.0
2026-09-07T19:08:42.019399+00:00,ETH-25SEP26-2500-C,2494.3,ETH-25SEP26,call,2500.0,2026-09-25T08:00:00+00:00,0.04800992409438613,0.0415,0.0425,0.042183,0.042,2494.3,ETH-25SEP26,0.4951,0.51361,2.17988,23088.0,391.0,0.0010000000000000009,ETH,2489.35,43379.62
2026-09-07T19:08:42.019399+00:00,ETH-25JUN27-3300-P,2566.8,ETH-25JUN27,put,3300.0,2027-06-25T08:00:00+00:00,0.7954431889814498,0.3905,0.3975,0.395744,0.394,2566.8,ETH-25JUN27,0.5609000000000001,-0.59934,8.85242,59.0,59.0,0.007000000000000006,ETH,2489.35,58086.98
2026-09-07T19:08:42.019399+00:00,ETH-18SEP26-2300-P,2491.9,ETH-18SEP26,put,2300.0,2026-09-18T08:00:00+00:00,0.02884496858446143,0.0075,0.0085,0.008007,0.008,2491.9,ETH-18SEP26,0.5105,-0.16641,1.05671,3535.0,5.0,0.0010000000000000009,ETH,2489.37,87.65
2026-09-07T19:08:42.019399+00:00,ETH-25JUN27-1700-C,2566.77,ETH-25JUN27,call,1700.0,2027-06-25T08:00:00+00:00,0.7954431889814498,0.3875,0.3925,0.389394,0.39,2566.77,ETH-25JUN27,0.5885,0.85257,5.27881,676.0,0.0,0.0050000000000000044,ETH,2489.35,0.0
2026-09-07T19:08:42.019399+00:00,ETH-25SEP26-2360-C,2494.27,ETH-25SEP26,call,2360.0,2026-09-25T08:00:00+00:00,0.04800992409438613,0.073,0.077,0.074604,0.075,2494.27,ETH-25SEP26,0.4982,0.7131,1.86204,240.0,0.0,0.0040000000000000036,ETH,2489.35,0.0
2026-09-07T19:08:42.019399+00:00,ETH-25SEP26-2600-P,2494.27,ETH-25SEP26,put,2600.0,2026-09-25T08:00:00+00:00,0.04800992409438613,0.067,0.071,0.06934,0.069,2494.27,ETH-25SEP26,0.5043,-0.62526,2.07273,9379.0,0.0,0.00399999999999999,ETH,2489.37,0.0
2026-09-07T19:08:42.019399+00:00,ETH-10SEP26-2600-C,2489.55,ETH-10SEP26,call,2600.0,2026-09-10T08:00:00+00:00,0.006942162287404618,0.0028,0.0032,0.002981,0.003,2489.55,ETH-10SEP26,0.4852,0.14645,0.47594,71.0,26.0,0.0004000000000000002,ETH,2489.37,246.58
2026-09-07T19:08:42.019399+00:00,ETH-27NOV26-2450-C,2508.12,ETH-27NOV26,call,2450.0,2026-11-27T08:00:00+00:00,0.2204945236837085,0.1075,0.1085,0.108058,0.108,2508.12,ETH-27NOV26,0.5197999999999999,0.58661,4.58964,155.0,23.0,0.0010000000000000009,ETH,2489.37,6249.65
2026-09-07T19:08:42.019399+00:00,ETH-9SEP26-2480-P,2489.29,ETH-9SEP26,put,2480.0,2026-09-09T08:00:00+00:00,0.0042043115002725175,0.008,0.009,0.008752,0.0085,2489.29,ETH-9SEP26,0.4067,-0.43701,0.63568,179.0,12.0,0.0009999999999999992,ETH,2489.37,221.25
2026-09-07T19:08:42.019399+00:00,ETH-11SEP26-2600-C,2489.76,ETH-11SEP26,call,2600.0,2026-09-11T08:00:00+00:00,0.00968001307453672,0.0048,0.0055,0.005059,0.00515,2489.76,ETH-11SEP26,0.49369999999999997,0.19342,0.67211,2738.0,496.0,0.0007000000000000001,ETH,2489.37,8852.19
2026-09-07T19:08:42.019399+00:00,ETH-10SEP26-2380-C,2489.54,ETH-10SEP26,call,2380.0,2026-09-10T08:00:00+00:00,0.006942162287404618,0.0445,0.049,0.04632,0.04675,2489.54,ETH-10SEP26,0.46799999999999997,0.88028,0.41425,0.0,0.0,0.004500000000000004,ETH,2489.37,0.0
2026-09-07T19:08:42.019399+00:00,ETH-30OCT26-3800-C,2500.6,ETH-30OCT26,call,3800.0,2026-10-30T08:00:00+00:00,0.14383470164400966,0.0047,0.0055,0.005099,0.0051,2500.6,ETH-30OCT26,0.639,0.05432,1.04516,646.0,187.0,0.0007999999999999995,ETH,2489.37,2184.87
2026-09-07T19:08:42.019399+00:00,ETH-25DEC26-8000-C,2514.87,ETH-25DEC26,call,8000.0,2026-12-25T08:00:00+00:00,0.2971543457234073,0.0005,0.001,0.000686,0.00075,2514.87,ETH-25DEC26,0.7744,0.00574,0.22404,2942.0,0.0,0.0005,ETH,2489.37,0.0
2026-09-07T19:08:42.019399+00:00,ETH-25SEP26-2420-P,2494.27,ETH-25SEP26,put,2420.0,2026-09-25T08:00:00+00:00,0.04800992409438613,0.029,0.03,0.029355,0.0295,2494.27,ETH-25SEP26,0.49479999999999996,-0.36922,2.06288,5115.0,0.0,0.0009999999999999974,ETH,2489.37,0.0
2026-09-07T19:08:42.019399+00:00,ETH-10SEP26-2900-C,2489.54,ETH-10SEP26,call,2900.0,2026-09-10T08:00:00+00:00,0.006942162287404618,,0.0001,0.000103,,2489.54,ETH-10SEP26,0.7127,0.00555,0.03289,80.0,80.0,,ETH,2489.37,109.71
2026-09-07T19:08:42.019399+00:00,ETH-25JUN27-1600-P,2566.8,ETH-25JUN27,put,1600.0,2027-06-25T08:00:00+00:00,0.7954431889814498,0.0415,0.0435,0.042597,0.0425,2566.8,ETH-25JUN27,0.5986,-0.1246,4.70419,1978.0,0.0,0.001999999999999995,ETH,2489.37,0.0
2026-09-07T19:08:42.019399+00:00,ETH-10SEP26-2250-P,2489.54,ETH-10SEP26,put,2250.0,2026-09-10T08:00:00+00:00,0.006942162287404618,0.0003,0.0006,0.000452,0.00045,2489.54,ETH-10SEP26,0.6168,-0.02292,0.1127,192.0,168.0,0.0003,ETH,2489.35,367.04
2026-09-07T19:08:42.019399+00:00,ETH-18SEP26-2300-C,2491.86,ETH-18SEP26,call,2300.0,2026-09-18T08:00:00+00:00,0.02884496858446143,0.0835,0.0875,0.084979,0.0855,2491.86,ETH-18SEP26,0.5105,0.83359,1.05671,50.0,0.0,0.00399999999999999,ETH,2489.35,0.0
2026-09-07T19:08:42.019399+00:00,ETH-25SEP26-2550-C,2494.27,ETH-25SEP26,call,2550.0,2026-09-25T08:00:00+00:00,0.04800992409438613,0.033,0.0345,0.033808,0.03375,2494.27,ETH-25SEP26,0.4988,0.4418,2.1579,277.0,0.0,0.0015000000000000013,ETH,2489.37,0.0
2026-09-07T19:08:42.019399+00:00,ETH-8SEP26-2100-P,2488.95,ETH-8SEP26,put,2100.0,2026-09-08T08:00:00+00:00,0.0014664607131404165,,0.0001,0.0,,2488.95,ETH-8SEP26,0.9014,0.0,0.0,3151.0,0.0,,ETH,2489.35,0.0
2026-09-07T19:08:42.019399+00:00,ETH-30OCT26-1900-C,2500.6,ETH-30OCT26,call,1900.0,2026-10-30T08:00:00+00:00,0.14383470164400966,0.248,0.252,0.249254,0.25,2500.6,ETH-30OCT26,0.5695,0.91623,1.46036,275.0,0.0,0.0040000000000000036,ETH,2489.37,0.0
2026-09-07T19:08:42.019399+00:00,ETH-8SEP26-2640-P,2488.95,ETH-8SEP26,put,2640.0,2026-09-08T08:00:00+00:00,0.0014664607131404165,0.057,0.0635,0.06074,0.06025,2488.95,ETH-8SEP26,0.5847,-0.9956,0.01227,0.0,0.0,0.006499999999999999,ETH,2489.35,0.0
2026-09-07T19:08:42.019399+00:00,ETH-25DEC26-3100-P,2514.87,ETH-25DEC26,put,3100.0,2026-12-25T08:00:00+00:00,0.2971543457234073,0.275,0.282,0.278223,0.2785,2514.87,ETH-25DEC26,0.5396,-0.71344,4.66834,0.0,0.0,0.006999999999999951,ETH,2489.35,0.0
2026-09-07T19:08:42.019399+00:00,ETH-9SEP26-2620-P,2489.29,ETH-9SEP26,put,2620.0,2026-09-09T08:00:00+00:00,0.0042043115002725175,0.0505,0.056,0.053456,0.05325,2489.29,ETH-9SEP26,0.5134000000000001,-0.93553,0.20329,0.0,0.0,0.005499999999999998,ETH,2489.35,0.0
2026-09-07T19:08:42.019399+00:00,ETH-10SEP26-2540-C,2489.54,ETH-10SEP26,call,2540.0,2026-09-10T08:00:00+00:00,0.006942162287404618,0.0065,0.0075,0.006929,0.007,2489.54,ETH-10SEP26,0.4449,0.30133,0.72264,248.0,148.0,0.001,ETH,2489.35,2919.43
2026-09-07T19:08:42.019399+00:00,ETH-9SEP26-2480-C,2489.29,ETH-9SEP26,call,2480.0,2026-09-09T08:00:00+00:00,0.0042043115002725175,0.012,0.013,0.012456,0.0125,2489.29,ETH-9SEP26,0.4067,0.56287,0.6357,524.0,525.0,0.0009999999999999992,ETH,2489.35,18269.1
2026-09-07T19:08:42.019399+00:00,ETH-25DEC26-6500-C,2514.87,ETH-25DEC26,call,6500.0,2026-12-25T08:00:00+00:00,0.2971543457234073,0.0015,0.002,0.001729,0.00175,2514.87,ETH-25DEC26,0.727,0.01401,0.48986,1846.0,0.0,0.0005,ETH,2489.34,0.0
2026-09-07T19:08:42.019399+00:00,ETH-26MAR27-3800-C,2539.69,ETH-26MAR27,call,3800.0,2027-03-26T08:00:00+00:00,0.5462987673524287,0.0445,0.0465,0.045434,0.0455,2539.69,ETH-26MAR27,0.5674,0.2265,5.65355,1401.0,0.0,0.0020000000000000018,ETH,2489.35,0.0
2026-09-07T19:08:42.019399+00:00,ETH-25SEP26-1500-P,2494.27,ETH-25SEP26,put,1500.0,2026-09-25T08:00:00+00:00,0.04800992409438613,0.0002,0.0003,0.000234,0.00025,2494.27,ETH-25SEP26,0.898,-0.00364,0.05956,17057.0,48.0,9.999999999999996e-05,ETH,2489.35,35.99
2026-09-07T19:08:42.019399+00:00,ETH-25DEC26-2400-P,2514.91,ETH-25DEC26,put,2400.0,2026-12-25T08:00:00+00:00,0.2971543457234073,0.0895,0.0905,0.089825,0.09,2514.91,ETH-25DEC26,0.5249,-0.3795,5.21993,4766.0,134.0,0.0010000000000000009,ETH,2489.34,30054.38
2026-09-07T19:08:42.019399+00:00,ETH-25SEP26-1950-P,2494.3,ETH-25SEP26,put,1950.0,2026-09-25T08:00:00+00:00,0.04800992409438613,0.0015,0.0019,0.001672,0.0017,2494.3,ETH-25SEP26,0.6206,-0.03011,0.3731,4381.0,8.0,0.00039999999999999996,ETH,2489.35,32.41
2026-09-07T19:08:42.019399+00:00,ETH-30OCT26-3200-P,2500.63,ETH-30OCT26,put,3200.0,2026-10-30T08:00:00+00:00,0.14383470164400966,0.2895,0.2995,0.294735,0.2945,2500.63,ETH-30OCT26,0.5657,-0.85119,2.20037,2.0,0.0,0.010000000000000009,ETH,2489.34,0.0
2026-09-07T19:08:42.019399+00:00,ETH-8SEP26-2380-C,2489.0,ETH-8SEP26,call,2380.0,2026-09-08T08:00:00+00:00,0.0014664607131404165,0.041,0.047,0.043849,0.044,2489.0,ETH-8SEP26,0.5236,0.98782,0.03011,0.0,0.0,0.005999999999999998,ETH,2489.34,0.0
2026-09-07T19:08:42.019399+00:00,ETH-30OCT26-1400-P,2500.63,ETH-30OCT26,put,1400.0,2026-10-30T08:00:00+00:00,0.14383470164400966,0.0012,0.0016,0.001388,0.0014,2500.63,ETH-30OCT26,0.7329000000000001,-0.01303,0.31815,2801.0,0.0,0.0004000000000000002,ETH,2489.34,0.0
2026-09-07T19:08:42.019399+00:00,ETH-8SEP26-2560-C,2488.95,ETH-8SEP26,call,2560.0,2026-09-08T08:00:00+00:00,0.0014664607131404165,0.0003,0.0004,0.000364,0.00035,2488.95,ETH-8SEP26,0.44770000000000004,0.05134,0.10023,616.0,843.0,0.00010000000000000005,ETH,2489.34,1841.04
2026-09-07T19:08:42.019399+00:00,ETH-26MAR27-2300-P,2539.69,ETH-26MAR27,put,2300.0,2027-03-26T08:00:00+00:00,0.5462987673524287,0.109,0.1115,0.110544,0.11025,2539.69,ETH-26MAR27,0.5489999999999999,-0.32727,6.77834,1688.0,0.0,0.0025000000000000022,ETH,2489.34,0.0
2026-09-07T19:08:42.019399+00:00,ETH-26MAR27-1700-P,2539.69,ETH-26MAR27,put,1700.0,2027-03-26T08:00:00+00:00,0.5462987673524287,0.033,0.035,0.03408,0.034,2539.69,ETH-26MAR27,0.5903,-0.1275,3.91962,1637.0,0.0,0.0020000000000000018,ETH,2489.34,0.0
2026-09-07T19:08:42.019399+00:00,ETH-10SEP26-2400-C,2489.5,ETH-10SEP26,call,2400.0,2026-09-10T08:00:00+00:00,0.006942162287404618,0.0375,0.042,0.039213,0.03975,2489.5,ETH-10SEP26,0.4534,0.83918,0.50638,14.0,14.0,0.004500000000000004,ETH,2489.34,1324.81
2026-09-07T19:08:42.019399+00:00,ETH-27NOV26-3100-P,2508.12,ETH-27NOV26,put,3100.0,2026-11-27T08:00:00+00:00,0.2204945236837085,0.2645,0.2735,0.268822,0.269,2508.12,ETH-27NOV26,0.5477000000000001,-0.75616,3.69479,0.0,0.0,0.009000000000000008,ETH,2489.34,0.0
2026-09-07T19:08:42.019399+00:00,ETH-9SEP26-2400-C,2489.29,ETH-9SEP26,call,2400.0,2026-09-09T08:00:00+00:00,0.0042043115002725175,0.0355,0.04,0.037431,0.03775,2489.29,ETH-9SEP26,0.462,0.89213,0.29917,0.0,0.0,0.004500000000000004,ETH,2489.34,0.0
2026-09-07T19:08:42.019399+00:00,ETH-25SEP26-12000-C,2494.27,ETH-25SEP26,call,12000.0,2026-09-25T08:00:00+00:00,0.04800992409438613,,0.0001,1e-06,,2494.27,ETH-25SEP26,1.6338,1e-05,0.00031,1953.0,0.0,,ETH,2489.34,0.0
2026-09-07T19:08:42.019399+00:00,ETH-25JUN27-2900-P,2566.77,ETH-25JUN27,put,2900.0,2027-06-25T08:00:00+00:00,0.7954431889814498,0.2785,0.2815,0.28008,0.28,2566.77,ETH-25JUN27,0.5572,-0.49867,9.13714,284.0,0.0,0.002999999999999947,ETH,2489.34,0.0
2026-09-07T19:08:42.019399+00:00,ETH-30OCT26-2150-C,2500.6,ETH-30OCT26,call,2150.0,2026-10-30T08:00:00+00:00,0.14383470164400966,0.163,0.167,0.164297,0.165,2500.6,ETH-30OCT26,0.5277000000000001,0.80379,2.62569,1035.0,4.0,0.0040000000000000036,ETH,2489.34,1723.54
2026-09-07T19:08:42.019399+00:00,ETH-25JUN27-4800-P,2566.8,ETH-25JUN27,put,4800.0,2027-06-25T08:00:00+00:00,0.7954431889814498,0.898,0.9175,0.909468,0.90775,2566.8,ETH-25JUN27,0.586,-0.82526,5.89833,0.0,0.0,0.019499999999999962,ETH,2489.34,0.0
2026-09-07T19:08:42.019399+00:00,ETH-25SEP26-2350-C,2494.27,ETH-25SEP26,call,2350.0,2026-09-25T08:00:00+00:00,0.04800992409438613,0.076,0.0795,0.077494,0.07775,2494.27,ETH-25SEP26,0.5004,0.72549,1.8227,0.0,0.0,0.003500000000000003,ETH,2489.34,0.0
2026-09-07T19:08:42.019399+00:00,ETH-10SEP26-2440-P,2489.55,ETH-10SEP26,put,2440.0,2026-09-10T08:00:00+00:00,0.006942162287404618,0.006,0.007,0.006543,0.0065,2489.55,ETH-10SEP26,0.43579999999999997,-0.28294,0.70176,369.0,318.0,0.001,ETH,2489.34,5478.1
2026-09-07T19:08:42.019399+00:00,ETH-8SEP26-2380-P,2488.95,ETH-8SEP26,put,2380.0,2026-09-08T08:00:00+00:00,0.0014664607131404165,0.0001,0.0002,8.7e-05,0.00015,2488.95,ETH-8SEP26,0.5236,-0.01218,0.03011,661.0,530.0,0.0001,ETH,2489.34,379.34
2026-09-07T19:08:42.019399+00:00,ETH-25DEC26-1900-C,2514.91,ETH-25DEC26,call,1900.0,2026-12-25T08:00:00+00:00,0.2971543457234073,0.2685,0.2725,0.270207,0.2705,2514.91,ETH-25DEC26,0.5609000000000001,0.85765,3.08724,3839.0,2.0,0.0040000000000000036,ETH,2489.34,1344.66
2026-09-07T19:08:42.019399+00:00,ETH-11SEP26-2250-P,2489.8,ETH-11SEP26,put,2250.0,2026-09-11T08:00:00+00:00,0.00968001307453672,0.0008,0.0011,0.000964,0.00095,2489.8,ETH-11SEP26,0.5969,-0.03959,0.20936,5591.0,48.0,0.00030000000000000003,ETH,2489.34,113.32
2026-09-07T19:08:42.019399+00:00,ETH-30OCT26-2450-C,2500.63,ETH-30OCT26,call,2450.0,2026-10-30T08:00:00+00:00,0.14383470164400966,0.087,0.088,0.087205,0.0875,2500.63,ETH-30OCT26,0.5125,0.5804,3.70793,420.0,1.0,0.0010000000000000009,ETH,2489.34,219.29
2026-09-07T19:08:42.019399+00:00,ETH-11SEP26-2800-P,2489.76,ETH-11SEP26,put,2800.0,2026-09-11T08:00:00+00:00,0.00968001307453672,0.1215,0.1285,0.125256,0.125,2489.76,ETH-11SEP26,0.6148,-0.97187,0.158,67.0,0.0,0.007000000000000006,ETH,2489.34,0.0
2026-09-07T19:08:42.019399+00:00,ETH-11SEP26-2200-P,2489.8,ETH-11SEP26,put,2200.0,2026-09-11T08:00:00+00:00,0.00968001307453672,0.0006,0.0008,0.000695,0.0007,2489.8,ETH-11SEP26,0.6647,-0.02703,0.15285,10111.0,713.0,0.0002000000000000001,ETH,2489.34,1219.56
2026-09-07T19:08:42.019399+00:00,ETH-30OCT26-1750-P,2500.63,ETH-30OCT26,put,1750.0,2026-10-30T08:00:00+00:00,0.14383470164400966,0.0048,0.0055,0.005187,0.00515,2500.63,ETH-30OCT26,0.6115999999999999,-0.04898,0.96257,779.0,5.0,0.0007000000000000001,ETH,2489.34,68.51
2026-09-07T19:08:42.019399+00:00,ETH-9SEP26-2650-C,2489.29,ETH-9SEP26,call,2650.0,2026-09-09T08:00:00+00:00,0.0042043115002725175,0.0004,0.0007,0.000517,0.00055,2489.29,ETH-9SEP26,0.5373,0.03786,0.13294,81.0,43.0,0.0003,ETH,2489.34,96.39
2026-09-07T19:08:42.019399+00:00,ETH-25DEC26-1700-P,2514.91,ETH-25DEC26,put,1700.0,2026-12-25T08:00:00+00:00,0.2971543457234073,0.014,0.015,0.014533,0.0145,2514.91,ETH-25DEC26,0.5939,-0.08513,2.13661,13367.0,3.0,0.0009999999999999992,ETH,2489.34,101.86
2026-09-07T19:08:42.019399+00:00,ETH-18SEP26-3200-P,2491.86,ETH-18SEP26,put,3200.0,2026-09-18T08:00:00+00:00,0.02884496858446143,0.2805,0.2885,0.285075,0.2845,2491.86,ETH-18SEP26,0.7001000000000001,-0.9795,0.20929,0.0,0.0,0.007999999999999952,ETH,2489.34,0.0
2026-09-07T19:08:42.019399+00:00,ETH-30OCT26-1500-P,2500.63,ETH-30OCT26,put,1500.0,2026-10-30T08:00:00+00:00,0.14383470164400966,0.0018,0.0023,0.002025,0.00205,2500.63,ETH-30OCT26,0.6948000000000001,-0.01918,0.44341,2662.0,0.0,0.0005,ETH,2489.34,0.0
2026-09-07T19:08:42.019399+00:00,ETH-25SEP26-2850-P,2494.27,ETH-25SEP26,put,2850.0,2026-09-25T08:00:00+00:00,0.04800992409438613,0.147,0.1545,0.151364,0.15075,2494.27,ETH-25SEP26,0.5503,-0.8518,1.26454,0.0,0.0,0.007500000000000007,ETH,2489.34,0.0
2026-09-07T19:08:42.019399+00:00,ETH-11SEP26-2000-C,2489.8,ETH-11SEP26,call,2000.0,2026-09-11T08:00:00+00:00,0.00968001307453672,0.196,0.1995,0.196883,0.19775,2489.8,ETH-11SEP26,0.9062,0.99383,0.04269,19.0,0.0,0.003500000000000003,ETH,2489.34,0.0
2026-09-07T19:08:42.019399+00:00,ETH-25DEC26-6000-C,2514.87,ETH-25DEC26,call,6000.0,2026-12-25T08:00:00+00:00,0.2971543457234073,0.0021,0.0026,0.002332,0.00235,2514.87,ETH-25DEC26,0.7026,0.01887,0.63193,10912.0,60.0,0.0005,ETH,2489.34,345.57
2026-09-07T19:08:42.019399+00:00,ETH-30OCT26-2800-P,2500.63,ETH-30OCT26,put,2800.0,2026-10-30T08:00:00+00:00,0.14383470164400966,0.1545,0.1595,0.157685,0.157,2500.63,ETH-30OCT26,0.5294,-0.67798,3.40182,20.0,0.0,0.0050000000000000044,ETH,2489.34,0.0
2026-09-07T19:08:42.019399+00:00,ETH-8SEP26-2320-C,2488.95,ETH-8SEP26,call,2320.0,2026-09-08T08:00:00+00:00,0.0014664607131404165,0.0655,0.071,0.067866,0.06825,2488.95,ETH-8SEP26,0.5844,0.99922,0.00256,0.0,0.0,0.005499999999999991,ETH,2489.34,0.0
2026-09-07T19:08:42.019399+00:00,ETH-11SEP26-2600-P,2489.76,ETH-11SEP26,put,2600.0,2026-09-11T08:00:00+00:00,0.00968001307453672,0.0465,0.051,0.049349,0.04875,2489.76,ETH-11SEP26,0.49369999999999997,-0.8066,0.67208,332.0,47.0,0.004499999999999997,ETH,2489.37,6138.21
2026-09-07T19:08:42.019399+00:00,ETH-25JUN27-800-C,2566.8,ETH-25JUN27,call,800.0,2027-06-25T08:00:00+00:00,0.7954431889814498,0.6935,0.6965,0.694564,0.695,2566.8,ETH-25JUN27,0.758,0.98041,1.0898,118.0,0.0,0.0030000000000000027,ETH,2489.34,0.0
2026-09-07T19:08:42.019399+00:00,ETH-27NOV26-4600-P,2508.16,ETH-27NOV26,put,4600.0,2026-11-27T08:00:00+00:00,0.2204945236837085,0.827,0.8455,0.838297,0.83625,2508.16,ETH-27NOV26,0.6668999999999999,-0.96237,0.96613,0.0,0.0,0.018500000000000072,ETH,2489.37,0.0
