timestamp,instrument_name,underlying,underlying_name,option_type,strike,expiry_datetime,time_to_maturity,bid_price,ask_price,mark_price,mid_price,futures_price,futures_instrument_name,implied_volatility,delta,vega,open_interest,volume,bid_ask_spread,currency,index_price,volume_usd
2026-09-08T13:30:30.953430+00:00,BTC-25SEP26-155000-P,78451.3,BTC-25SEP26,put,155000.0,2026-09-25T08:00:00+00:00,0.04591505838751996,0.971,0.9795,0.97551017,0.97525,78451.3,BTC-25SEP26,0.8133,-0.99993,0.04564,0.1,0.0,0.008500000000000063,BTC,78331.41,0.0
2026-09-08T13:30:30.953430+00:00,BTC-25SEP26-105000-C,78451.3,BTC-25SEP26,call,105000.0,2026-09-25T08:00:00+00:00,0.04591505838751996,0.0003,0.0004,0.00034505,0.00035,78451.3,BTC-25SEP26,0.5595,0.00888,4.04108,1538.2,0.3,0.00010000000000000005,BTC,78331.41,11.07
2026-09-08T13:30:30.953430+00:00,BTC-18SEP26-90000-C,78415.92,BTC-18SEP26,call,90000.0,2026-09-18T08:00:00+00:00,0.026750102877595255,0.0011,0.0014,0.00118944,0.00125,78415.92,BTC-18SEP26,0.46950000000000003,0.03946,10.93278,305.8,263.7,0.0002999999999999999,BTC,78331.41,27143.6
2026-09-08T13:30:30.953430+00:00,BTC-27NOV26-70000-C,79086.64,BTC-27NOV26,call,70000.0,2026-11-27T08:00:00+00:00,0.21839965797684235,0.142,0.1445,0.1430082,0.14325,79086.64,BTC-27NOV26,0.40630000000000005,0.76956,112.38456,4.2,0.0,0.0025000000000000022,BTC,78331.41,0.0
2026-09-08T13:30:30.953430+00:00,BTC-12SEP26-77000-C,78362.39,BTC-12SEP26,call,77000.0,2026-09-12T08:00:00+00:00,0.010322998154802646,0.024,0.0265,0.0254421,0.02525,78362.39,BTC-12SEP26,0.3759,0.68195,28.402,0.0,0.0,0.0024999999999999988,BTC,78318.93,0.0
2026-09-08T13:30:30.953430+00:00,BTC-9SEP26-73000-P,78336.61,BTC-9SEP26,put,73000.0,2026-09-09T08:00:00+00:00,0.002109445793406343,0.0001,0.0003,0.00016784,0.0002,78336.61,BTC-9SEP26,0.7091,-0.01476,1.34368,10.1,5.3,0.00019999999999999998,BTC,78318.93,41.58
2026-09-08T13:30:30.953430+00:00,BTC-30OCT26-90000-P,78780.44,BTC-30OCT26,put,90000.0,2026-10-30T08:00:00+00:00,0.1417398359371435,0.156,0.161,0.15871504,0.1585,78780.44,BTC-30OCT26,0.39799999999999996,-0.79236,84.9249,5.9,0.0,0.0050000000000000044,BTC,78318.93,0.0
2026-09-08T13:30:30.953430+00:00,BTC-25JUN27-105000-P,81361.51,BTC-25JUN27,put,105000.0,2027-06-25T08:00:00+00:00,0.7933483232745836,0.351,0.3565,0.35290243,0.35375,81361.51,BTC-25JUN27,0.4214,-0.68866,256.1869,0.1,0.0,0.005500000000000005,BTC,78318.93,0.0
2026-09-08T13:30:30.953430+00:00,BTC-25SEP26-82000-P,78451.3,BTC-25SEP26,put,82000.0,2026-09-25T08:00:00+00:00,0.04591505838751996,0.06,0.062,0.06082653,0.061,78451.3,BTC-25SEP26,0.384,-0.69099,59.23152,458.1,0.8,0.0020000000000000018,BTC,78318.93,3404.93
2026-09-08T13:30:30.953430+00:00,BTC-26MAR27-112000-P,80344.12,BTC-26MAR27,put,112000.0,2027-03-26T08:00:00+00:00,0.5442039016455624,0.418,0.4255,0.42103119,0.42175,80344.12,BTC-26MAR27,0.4243,-0.81723,157.04617,0.1,0.0,0.007500000000000007,BTC,78318.93,0.0
2026-09-08T13:30:30.953430+00:00,BTC-25DEC26-58000-C,79423.8,BTC-25DEC26,call,58000.0,2026-12-25T08:00:00+00:00,0.29505948001654114,0.2785,0.282,0.28072849,0.28025,79423.8,BTC-25DEC26,0.46509999999999996,0.91452,67.42029,40.3,0.0,0.0034999999999999476,BTC,78318.93,0.0
2026-09-08T13:30:30.953430+00:00,BTC-30OCT26-79000-C,78789.55,BTC-30OCT26,call,79000.0,2026-10-30T08:00:00+00:00,0.1417398359371435,0.055,0.056,0.05540911,0.0555,78789.55,BTC-30OCT26,0.3774,0.52,118.19339,200.3,66.5,0.0010000000000000009,BTC,78318.93,305587.78
2026-09-08T13:30:30.953430+00:00,BTC-12SEP26-81000-P,78362.39,BTC-12SEP26,put,81000.0,2026-09-12T08:00:00+00:00,0.010322998154802646,0.0365,0.041,0.03863395,0.03875,78362.39,BTC-12SEP26,0.40759999999999996,-0.7841,23.31975,0.0,0.0,0.004500000000000004,BTC,78309.35,0.0
2026-09-08T13:30:30.953430+00:00,BTC-9SEP26-83000-C,78345.72,BTC-9SEP26,call,83000.0,2026-09-09T08:00:00+00:00,0.002109445793406343,,0.0001,2.354e-05,,78345.72,BTC-9SEP26,0.46549999999999997,0.00344,0.372,73.3,17.8,,BTC,78309.35,163.57
2026-09-08T13:30:30.953430+00:00,BTC-25SEP26-66000-P,78451.3,BTC-25SEP26,put,66000.0,2026-09-25T08:00:00+00:00,0.04591505838751996,0.0016,0.0019,0.00168404,0.00175,78451.3,BTC-25SEP26,0.47350000000000003,-0.04001,14.49072,1598.3,13.5,0.0002999999999999999,BTC,78309.35,1700.34
2026-09-08T13:30:30.953430+00:00,BTC-25JUN27-90000-C,81361.51,BTC-25JUN27,call,90000.0,2027-06-25T08:00:00+00:00,0.7933483232745836,0.106,0.108,0.10701306,0.107,81361.51,BTC-25JUN27,0.41479999999999995,0.46454,287.97599,760.3,0.0,0.0020000000000000018,BTC,78309.35,0.0
2026-09-08T13:30:30.953430+00:00,BTC-25SEP26-79000-C,78451.3,BTC-25SEP26,call,79000.0,2026-09-25T08:00:00+00:00,0.04591505838751996,0.0285,0.0295,0.0287949,0.029,78451.3,BTC-25SEP26,0.37439999999999996,0.47981,66.97909,2293.8,54.7,0.0009999999999999974,BTC,78309.35,132340.33
2026-09-08T13:30:30.953430+00:00,BTC-10SEP26-78000-P,78354.66,BTC-10SEP26,put,78000.0,2026-09-10T08:00:00+00:00,0.004847296580538444,0.007,0.0075,0.00713761,0.00725,78354.66,BTC-10SEP26,0.3325,-0.42526,21.37609,29.3,13.3,0.0004999999999999996,BTC,78309.35,7925.15
2026-09-08T13:30:30.953430+00:00,BTC-26MAR27-78000-C,80344.12,BTC-26MAR27,call,78000.0,2027-03-26T08:00:00+00:00,0.5442039016455624,0.131,0.133,0.13218812,0.132,80344.12,BTC-26MAR27,0.4047,0.59773,229.33212,584.9,0.1,0.0020000000000000018,BTC,78309.35,1069.51
2026-09-08T13:30:30.953430+00:00,BTC-25SEP26-85000-P,78451.3,BTC-25SEP26,put,85000.0,2026-09-25T08:00:00+00:00,0.04591505838751996,0.0895,0.0935,0.09168983,0.0915,78451.3,BTC-25SEP26,0.39880000000000004,-0.81566,44.7731,454.8,0.0,0.0040000000000000036,BTC,78309.35,0.0
2026-09-08T13:30:30.953430+00:00,BTC-27NOV26-68000-P,79086.64,BTC-27NOV26,put,68000.0,2026-11-27T08:00:00+00:00,0.21839965797684235,0.0215,0.0225,0.02214694,0.022,79086.64,BTC-27NOV26,0.4132,-0.19013,100.35287,39.8,0.2,0.0010000000000000009,BTC,78309.35,345.3
2026-09-08T13:30:30.953430+00:00,BTC-11SEP26-77500-P,78363.2,BTC-11SEP26,put,77500.0,2026-09-11T08:00:00+00:00,0.0075851473676705455,0.007,0.008,0.00739614,0.0075,78363.2,BTC-11SEP26,0.3505,-0.35809,25.48189,21.1,21.1,0.001,BTC,78306.54,13128.55
2026-09-08T13:30:30.953430+00:00,BTC-12SEP26-78000-P,78362.39,BTC-12SEP26,put,78000.0,2026-09-12T08:00:00+00:00,0.010322998154802646,0.0125,0.0135,0.01298051,0.013,78362.39,BTC-12SEP26,0.3766,-0.44794,31.49017,85.4,85.4,0.0009999999999999992,BTC,78306.54,86326.82
2026-09-08T13:30:30.953430+00:00,BTC-25DEC26-95000-P,79423.44,BTC-25DEC26,put,95000.0,2026-12-25T08:00:00+00:00,0.29505948001654114,0.2225,0.227,0.22415885,0.22475,79423.44,BTC-25DEC26,0.4043,-0.76029,134.01889,111.0,0.2,0.004500000000000004,BTC,78309.35,3442.58
2026-09-08T13:30:30.953430+00:00,BTC-27NOV26-81000-P,79086.64,BTC-27NOV26,put,81000.0,2026-11-27T08:00:00+00:00,0.21839965797684235,0.086,0.087,0.08662328,0.0865,79086.64,BTC-27NOV26,0.3924,-0.51615,147.3255,31.2,0.0,0.0010000000000000009,BTC,78306.54,0.0
2026-09-08T13:30:30.953430+00:00,BTC-11SEP26-72000-C,78363.2,BTC-11SEP26,call,72000.0,2026-09-11T08:00:00+00:00,0.0075851473676705455,0.08,0.0825,0.08155138,0.08125,78363.2,BTC-11SEP26,0.48700000000000004,0.97763,3.63198,147.8,0.0,0.0025000000000000022,BTC,78306.54,0.0
2026-09-08T13:30:30.953430+00:00,BTC-25SEP26-125000-P,78451.3,BTC-25SEP26,put,125000.0,2026-09-25T08:00:00+00:00,0.04591505838751996,0.5895,0.597,0.59323742,0.59325,78451.3,BTC-25SEP26,0.7333,-0.99806,1.03814,21.6,0.1,0.007499999999999951,BTC,78306.54,4646.82
2026-09-08T13:30:30.953430+00:00,BTC-11SEP26-65000-C,78363.2,BTC-11SEP26,call,65000.0,2026-09-11T08:00:00+00:00,0.0075851473676705455,0.1685,0.1725,0.17056168,0.1705,78363.2,BTC-11SEP26,0.7398,0.99829,0.37603,0.0,0.0,0.003999999999999976,BTC,78306.54,0.0
2026-09-08T13:30:30.953430+00:00,BTC-25JUN27-55000-P,81370.62,BTC-25JUN27,put,55000.0,2027-06-25T08:00:00+00:00,0.7933483232745836,0.0295,0.0305,0.0301947,0.03,81370.62,BTC-25JUN27,0.4604,-0.12324,147.70959,35.9,0.3,0.0010000000000000009,BTC,78306.54,665.44
2026-09-08T13:30:30.953430+00:00,BTC-26MAR27-96000-C,80344.12,BTC-26MAR27,call,96000.0,2027-03-26T08:00:00+00:00,0.5442039016455624,0.055,0.057,0.05600133,0.056,80344.12,BTC-26MAR27,0.408,0.32931,214.46569,141.6,0.0,0.0020000000000000018,BTC,78306.54,0.0
2026-09-08T13:30:30.953430+00:00,BTC-30OCT26-60000-C,78780.44,BTC-30OCT26,call,60000.0,2026-10-30T08:00:00+00:00,0.1417398359371435,0.241,0.2445,0.24287073,0.24275,78780.44,BTC-30OCT26,0.47659999999999997,0.94576,32.6331,16.5,0.0,0.003500000000000003,BTC,78306.54,0.0
2026-09-08T13:30:30.953430+00:00,BTC-30OCT26-76000-P,78780.44,BTC-30OCT26,put,76000.0,2026-10-30T08:00:00+00:00,0.1417398359371435,0.0395,0.0405,0.03993971,0.04,78780.44,BTC-30OCT26,0.3789,-0.37422,112.39228,105.5,0.3,0.0010000000000000009,BTC,78306.54,857.5
2026-09-08T13:30:30.953430+00:00,BTC-30OCT26-45000-C,78780.44,BTC-30OCT26,call,45000.0,2026-10-30T08:00:00+00:00,0.1417398359371435,0.428,0.431,0.42972379,0.4295,78780.44,BTC-30OCT26,0.669,0.99054,7.52897,0.1,0.0,0.0030000000000000027,BTC,78306.54,0.0
2026-09-08T13:30:30.953430+00:00,BTC-30OCT26-66000-C,78780.44,BTC-30OCT26,call,66000.0,2026-10-30T08:00:00+00:00,0.1417398359371435,0.17,0.1735,0.17186734,0.17175,78780.44,BTC-30OCT26,0.4201,0.88395,57.93495,89.5,0.0,0.0034999999999999754,BTC,78299.24,0.0
2026-09-08T13:30:30.953430+00:00,BTC-10SEP26-80500-C,78354.66,BTC-10SEP26,call,80500.0,2026-09-10T08:00:00+00:00,0.004847296580538444,0.0018,0.0021,0.00198405,0.00195,78354.66,BTC-10SEP26,0.37020000000000003,0.14516,12.43881,5.7,2.5,0.0002999999999999999,BTC,78299.24,404.38
2026-09-08T13:30:30.953430+00:00,BTC-25DEC26-70000-P,79423.44,BTC-25DEC26,put,70000.0,2026-12-25T08:00:00+00:00,0.29505948001654114,0.0365,0.0375,0.03676908,0.037,79423.44,BTC-25DEC26,0.4081,-0.2488,136.72987,1486.2,3.0,0.0010000000000000009,BTC,78306.54,8387.55
2026-09-08T13:30:30.953430+00:00,BTC-30OCT26-58000-C,78780.44,BTC-30OCT26,call,58000.0,2026-10-30T08:00:00+00:00,0.1417398359371435,0.265,0.2695,0.26735314,0.26725,78780.44,BTC-30OCT26,0.49939999999999996,0.95727,26.96095,0.0,0.0,0.004500000000000004,BTC,78299.24,0.0
2026-09-08T13:30:30.953430+00:00,BTC-30OCT26-90000-C,78780.44,BTC-30OCT26,call,90000.0,2026-10-30T08:00:00+00:00,0.1417398359371435,0.016,0.017,0.0164307,0.0165,78780.44,BTC-30OCT26,0.39799999999999996,0.20716,84.78578,2734.5,2.3,0.0010000000000000009,BTC,78299.24,3255.38
2026-09-08T13:30:30.953430+00:00,BTC-27NOV26-98000-C,79095.75,BTC-27NOV26,call,98000.0,2026-11-27T08:00:00+00:00,0.21839965797684235,0.0145,0.0155,0.01487777,0.015,79095.75,BTC-27NOV26,0.4171,0.15772,89.08393,52.3,1.8,0.0009999999999999992,BTC,78299.24,2206.73
2026-09-08T13:30:30.953430+00:00,BTC-25DEC26-125000-C,79423.44,BTC-25DEC26,call,125000.0,2026-12-25T08:00:00+00:00,0.29505948001654114,0.0048,0.005,0.00511973,0.0049,79423.44,BTC-25DEC26,0.47509999999999997,0.05157,45.59276,573.1,0.1,0.00020000000000000052,BTC,78299.24,39.51
2026-09-08T13:30:30.953430+00:00,BTC-25JUN27-40000-P,81370.62,BTC-25JUN27,put,40000.0,2027-06-25T08:00:00+00:00,0.7933483232745836,0.009,0.0105,0.00974615,0.00975,81370.62,BTC-25JUN27,0.534,-0.04189,64.82369,1227.0,19.6,0.0015000000000000013,BTC,78298.47,16104.64
2026-09-08T13:30:30.953430+00:00,BTC-25SEP26-140000-C,78451.3,BTC-25SEP26,call,140000.0,2026-09-25T08:00:00+00:00,0.04591505838751996,,0.0001,1.083e-05,,78451.3,BTC-25SEP26,0.7629,0.00027,0.16714,1210.3,0.0,,BTC,78298.47,0.0
2026-09-08T13:30:30.953430+00:00,BTC-30OCT26-94000-P,78780.44,BTC-30OCT26,put,94000.0,2026-10-30T08:00:00+00:00,0.1417398359371435,0.201,0.2065,0.20376781,0.20375,78780.44,BTC-30OCT26,0.4114,-0.85668,67.06327,0.0,0.0,0.005499999999999977,BTC,78298.47,0.0
2026-09-08T13:30:30.953430+00:00,BTC-18SEP26-95000-P,78416.07,BTC-18SEP26,put,95000.0,2026-09-18T08:00:00+00:00,0.026750102877595255,0.209,0.215,0.21199484,0.212,78416.07,BTC-18SEP26,0.5195000000000001,-0.98684,4.33869,0.0,0.0,0.006000000000000005,BTC,78299.24,0.0
2026-09-08T13:30:30.953430+00:00,BTC-25DEC26-100000-C,79423.44,BTC-25DEC26,call,100000.0,2026-12-25T08:00:00+00:00,0.29505948001654114,0.0195,0.0205,0.01996012,0.02,79423.44,BTC-25DEC26,0.41369999999999996,0.18021,113.27378,6018.3,0.2,0.0010000000000000009,BTC,78299.24,323.64
2026-09-08T13:30:30.953430+00:00,BTC-26MAR27-62000-P,80344.12,BTC-26MAR27,put,62000.0,2027-03-26T08:00:00+00:00,0.5442039016455624,0.0325,0.0335,0.03299367,0.033,80344.12,BTC-26MAR27,0.434,-0.16651,147.98328,263.1,0.0,0.0010000000000000009,BTC,78298.47,0.0
2026-09-08T13:30:30.953430+00:00,BTC-25SEP26-102000-P,78451.3,BTC-25SEP26,put,102000.0,2026-09-25T08:00:00+00:00,0.04591505838751996,0.2975,0.3035,0.30050117,0.3005,78451.3,BTC-25SEP26,0.5342,-0.98742,5.4673,0.4,0.0,0.006000000000000005,BTC,78298.47,0.0
2026-09-08T13:30:30.953430+00:00,BTC-9SEP26-86000-P,78345.72,BTC-9SEP26,put,86000.0,2026-09-09T08:00:00+00:00,0.002109445793406343,0.095,0.1005,0.09769677,0.09775,78345.72,BTC-9SEP26,0.4949,-0.99998,0.00302,0.0,0.0,0.005500000000000005,BTC,78298.47,0.0
2026-09-08T13:30:30.953430+00:00,BTC-27NOV26-80000-C,79086.64,BTC-27NOV26,call,80000.0,2026-11-27T08:00:00+00:00,0.21839965797684235,0.0675,0.0685,0.06802389,0.068,79086.64,BTC-27NOV26,0.39289999999999997,0.51071,147.37781,843.2,11.9,0.0010000000000000009,BTC,78298.47,65427.72
2026-09-08T13:30:30.953430+00:00,BTC-9SEP26-75000-C,78345.72,BTC-9SEP26,call,75000.0,2026-09-09T08:00:00+00:00,0.002109445793406343,0.0405,0.045,0.04299675,0.04275,78345.72,BTC-9SEP26,0.5134000000000001,0.96696,2.65069,0.0,0.0,0.004499999999999997,BTC,78300.11,0.0
2026-09-08T13:30:30.953430+00:00,BTC-11SEP26-76000-C,78363.2,BTC-11SEP26,call,76000.0,2026-09-11T08:00:00+00:00,0.0075851473676705455,0.0315,0.034,0.03282264,0.03275,78363.2,BTC-11SEP26,0.35869999999999996,0.83569,16.89046,103.8,0.0,0.0025000000000000022,BTC,78300.11,0.0
2026-09-08T13:30:30.953430+00:00,BTC-25JUN27-94000-P,81361.51,BTC-25JUN27,put,94000.0,2027-06-25T08:00:00+00:00,0.7933483232745836,0.246,0.2505,0.24766089,0.24825,81361.51,BTC-25JUN27,0.4158,-0.58147,283.03577,0.1,0.0,0.004500000000000004,BTC,78300.11,0.0
2026-09-08T13:30:30.953430+00:00,BTC-27NOV26-92000-C,79095.75,BTC-27NOV26,call,92000.0,2026-11-27T08:00:00+00:00,0.21839965797684235,0.024,0.025,0.02444866,0.0245,79095.75,BTC-27NOV26,0.4042,0.23941,114.73106,52.1,0.0,0.0010000000000000009,BTC,78300.11,0.0
2026-09-08T13:30:30.953430+00:00,BTC-25DEC26-58000-P,79423.44,BTC-25DEC26,put,58000.0,2026-12-25T08:00:00+00:00,0.29505948001654114,0.0105,0.0115,0.01100092,0.011,79423.44,BTC-25DEC26,0.46509999999999996,-0.08565,67.49973,1834.3,0.0,0.0009999999999999992,BTC,78298.47,0.0
2026-09-08T13:30:30.953430+00:00,BTC-10SEP26-73000-C,78354.86,BTC-10SEP26,call,73000.0,2026-09-10T08:00:00+00:00,0.004847296580538444,0.066,0.0705,0.06856286,0.06825,78354.86,BTC-10SEP26,0.49340000000000006,0.98034,2.60288,0.0,0.0,0.00449999999999999,BTC,78300.11,0.0
2026-09-08T13:30:30.953430+00:00,BTC-11SEP26-81000-P,78363.2,BTC-11SEP26,put,81000.0,2026-09-11T08:00:00+00:00,0.0075851473676705455,0.0355,0.039,0.03684034,0.03725,78363.2,BTC-11SEP26,0.39759999999999995,-0.83015,17.25538,163.7,0.0,0.003500000000000003,BTC,78300.11,0.0
2026-09-08T13:30:30.953430+00:00,BTC-18SEP26-86000-P,78416.07,BTC-18SEP26,put,86000.0,2026-09-18T08:00:00+00:00,0.026750102877595255,0.098,0.1025,0.10002484,0.10025,78416.07,BTC-18SEP26,0.428,-0.90175,22.21388,0.0,0.0,0.00449999999999999,BTC,78300.11,0.0
2026-09-08T13:30:30.953430+00:00,BTC-30OCT26-100000-P,78780.44,BTC-30OCT26,put,100000.0,2026-10-30T08:00:00+00:00,0.1417398359371435,0.272,0.278,0.27511967,0.275,78780.44,BTC-30OCT26,0.434,-0.9162,45.65732,0.3,0.0,0.006000000000000005,BTC,78300.11,0.0
2026-09-08T13:30:30.953430+00:00,BTC-11SEP26-85000-P,78354.09,BTC-11SEP26,put,85000.0,2026-09-11T08:00:00+00:00,0.0075851473676705455,0.084,0.087,0.08511294,0.0855,78354.09,BTC-11SEP26,0.47859999999999997,-0.97397,4.12417,32.4,0.0,0.002999999999999989,BTC,78298.49,0.0
2026-09-08T13:30:30.953430+00:00,BTC-25DEC26-220000-C,79423.44,BTC-25DEC26,call,220000.0,2026-12-25T08:00:00+00:00,0.29505948001654114,0.0003,0.0006,0.0003637,0.00045,79423.44,BTC-25DEC26,0.6556000000000001,0.00365,4.70184,255.5,1.5,0.0003,BTC,78300.11,35.38
2026-09-08T13:30:30.953430+00:00,BTC-26MAR27-80000-C,80344.12,BTC-26MAR27,call,80000.0,2027-03-26T08:00:00+00:00,0.5442039016455624,0.119,0.121,0.12043222,0.12,80344.12,BTC-26MAR27,0.4039,0.56435,233.35042,1089.2,50.0,0.0020000000000000018,BTC,78298.49,469582.77
2026-09-08T13:30:30.953430+00:00,BTC-25SEP26-175000-P,78451.3,BTC-25SEP26,put,175000.0,2026-09-25T08:00:00+00:00,0.04591505838751996,1.224,1.236,1.23041253,1.23,78451.3,BTC-25SEP26,0.89,-0.99998,0.01425,3.3,0.0,0.01200000000000001,BTC,78298.49,0.0
2026-09-08T13:30:30.953430+00:00,BTC-25SEP26-77000-C,78451.3,BTC-25SEP26,call,77000.0,2026-09-25T08:00:00+00:00,0.04591505838751996,0.041,0.0425,0.04183623,0.04175,78451.3,BTC-25SEP26,0.3738,0.60543,64.70027,290.1,0.4,0.0015000000000000013,BTC,78298.49,1493.61
2026-09-08T13:30:30.953430+00:00,BTC-25DEC26-56000-P,79423.44,BTC-25DEC26,put,56000.0,2026-12-25T08:00:00+00:00,0.29505948001654114,0.0085,0.0095,0.00900936,0.009,79423.44,BTC-25DEC26,0.47869999999999996,-0.07061,58.30164,514.5,9.0,0.0009999999999999992,BTC,78300.11,6064.6
2026-09-08T13:30:30.953430+00:00,BTC-11SEP26-78500-C,78354.09,BTC-11SEP26,call,78500.0,2026-09-11T08:00:00+00:00,0.0075851473676705455,0.011,0.012,0.01158107,0.0115,78354.09,BTC-11SEP26,0.3574,0.47675,27.17358,31.0,33.6,0.0010000000000000009,BTC,78298.49,32313.21
2026-09-08T13:30:30.953430+00:00,BTC-25SEP26-75000-P,78451.3,BTC-25SEP26,put,75000.0,2026-09-25T08:00:00+00:00,0.04591505838751996,0.014,0.015,0.01444686,0.0145,78451.3,BTC-25SEP26,0.37979999999999997,-0.27833,56.41633,4607.4,58.1,0.0009999999999999992,BTC,78298.49,62625.86
2026-09-08T13:30:30.953430+00:00,BTC-25DEC26-140000-C,79423.44,BTC-25DEC26,call,140000.0,2026-12-25T08:00:00+00:00,0.29505948001654114,0.0025,0.003,0.00273691,0.00275,79423.44,BTC-25DEC26,0.5097999999999999,0.02809,27.78966,1434.9,0.0,0.0005,BTC,78298.49,0.0
2026-09-08T13:30:30.953430+00:00,BTC-30OCT26-71000-C,78780.44,BTC-30OCT26,call,71000.0,2026-10-30T08:00:00+00:00,0.1417398359371435,0.1175,0.1195,0.11876148,0.1185,78780.44,BTC-30OCT26,0.39270000000000005,0.78053,87.68793,977.5,0.0,0.0020000000000000018,BTC,78298.49,0.0
2026-09-08T13:30:30.953430+00:00,BTC-25SEP26-90000-C,78451.3,BTC-25SEP26,call,90000.0,2026-09-25T08:00:00+00:00,0.04591505838751996,0.0028,0.0032,0.00298718,0.003,78451.3,BTC-25SEP26,0.4307,0.07398,23.54473,8843.0,51.0,0.0004000000000000002,BTC,78295.37,13689.07
2026-09-08T13:30:30.953430+00:00,BTC-25SEP26-73000-C,78460.41,BTC-25SEP26,call,73000.0,2026-09-25T08:00:00+00:00,0.04591505838751996,0.0765,0.08,0.07814301,0.07825,78460.41,BTC-25SEP26,0.38799999999999996,0.81652,44.6366,41.0,0.0,0.003500000000000003,BTC,78295.37,0.0
2026-09-08T13:30:30.953430+00:00,BTC-25DEC26-76000-P,79423.44,BTC-25DEC26,put,76000.0,2026-12-25T08:00:00+00:00,0.29505948001654114,0.064,0.065,0.06443104,0.0645,79423.44,BTC-25DEC26,0.39799999999999996,-0.37858,164.04019,387.3,0.1,0.0010000000000000009,BTC,78298.49,501.82
2026-09-08T13:30:30.953430+00:00,BTC-25DEC26-250000-C,79423.44,BTC-25DEC26,call,250000.0,2026-12-25T08:00:00+00:00,0.29505948001654114,0.0001,0.0004,0.00022376,0.00025,79423.44,BTC-25DEC26,0.6956,0.00221,2.99463,1281.3,1.0,0.00030000000000000003,BTC,78298.49,15.82
2026-09-08T13:30:30.953430+00:00,BTC-25JUN27-85000-C,81361.51,BTC-25JUN27,call,85000.0,2027-06-25T08:00:00+00:00,0.7933483232745836,0.1275,0.1295,0.12853743,0.1285,81361.51,BTC-25JUN27,0.4146,0.5259,288.45866,152.8,0.0,0.0020000000000000018,BTC,78295.37,0.0
2026-09-08T13:30:30.953430+00:00,BTC-25JUN27-45000-P,81370.62,BTC-25JUN27,put,45000.0,2027-06-25T08:00:00+00:00,0.7933483232745836,0.0135,0.015,0.01425673,0.01425,81370.62,BTC-25JUN27,0.5032,-0.06128,87.75167,121.8,1.1,0.0014999999999999996,BTC,78295.37,1205.62
2026-09-08T13:30:30.953430+00:00,BTC-25JUN27-106000-C,81370.62,BTC-25JUN27,call,106000.0,2027-06-25T08:00:00+00:00,0.7933483232745836,0.0595,0.0615,0.06046589,0.0605,81370.62,BTC-25JUN27,0.42229999999999995,0.30289,253.03242,0.0,0.0,0.0020000000000000018,BTC,78295.37,0.0
2026-09-08T13:30:30.953430+00:00,BTC-26MAR27-70000-C,80344.12,BTC-26MAR27,call,70000.0,2027-03-26T08:00:00+00:00,0.5442039016455624,0.188,0.1905,0.1894849,0.18925,80344.12,BTC-26MAR27,0.41479999999999995,0.72634,197.26593,797.8,0.0,0.0025000000000000022,BTC,78295.37,0.0
2026-09-08T13:30:30.953430+00:00,BTC-9SEP26-79500-C,78345.72,BTC-9SEP26,call,79500.0,2026-09-09T08:00:00+00:00,0.002109445793406343,0.0014,0.0018,0.00163222,0.0016,78345.72,BTC-9SEP26,0.35259999999999997,0.17538,9.28363,130.0,123.7,0.00039999999999999996,BTC,78291.46,14859.91
2026-09-08T13:30:30.953430+00:00,BTC-27NOV26-92000-P,79086.64,BTC-27NOV26,put,92000.0,2026-11-27T08:00:00+00:00,0.21839965797684235,0.185,0.19,0.18759483,0.1875,79086.64,BTC-27NOV26,0.4042,-0.76074,114.68155,2.1,0.0,0.0050000000000000044,BTC,78291.46,0.0
2026-09-08T13:30:30.953430+00:00,BTC-30OCT26-40000-P,78780.44,BTC-30OCT26,put,40000.0,2026-10-30T08:00:00+00:00,0.1417398359371435,0.0004,0.0007,0.00047498,0.00055,78780.44,BTC-30OCT26,0.738,-0.005,4.29027,77.9,0.3,0.0003,BTC,78291.46,14.96
2026-09-08T13:30:30.953430+00:00,BTC-11SEP26-95000-P,78363.2,BTC-11SEP26,put,95000.0,2026-09-11T08:00:00+00:00,0.0075851473676705455,0.2095,0.2155,0.21230612,0.2125,78363.2,BTC-11SEP26,0.6341,-0.99974,0.0664,0.1,0.0,0.006000000000000005,BTC,78291.46,0.0
2026-09-08T13:30:30.953430+00:00,BTC-25JUN27-108000-C,81361.51,BTC-25JUN27,call,108000.0,2027-06-25T08:00:00+00:00,0.7933483232745836,0.0555,0.0575,0.05649972,0.0565,81361.51,BTC-25JUN27,0.4238,0.28682,246.73174,12.7,0.0,0.0020000000000000018,BTC,78291.46,0.0
2026-09-08T13:30:30.953430+00:00,BTC-11SEP26-67000-P,78354.09,BTC-11SEP26,put,67000.0,2026-09-11T08:00:00+00:00,0.0075851473676705455,,0.0002,0.00010975,,78354.09,BTC-11SEP26,0.7147,-0.0056,1.09042,411.9,1.5,,BTC,78291.46,11.8
2026-09-08T13:30:30.953430+00:00,BTC-25JUN27-115000-P,81361.51,BTC-25JUN27,put,115000.0,2027-06-25T08:00:00+00:00,0.7933483232745836,0.4555,0.463,0.4583497,0.45925,81361.51,BTC-25JUN27,0.4303,-0.76185,224.29323,0.0,0.0,0.007500000000000007,BTC,78291.46,0.0
2026-09-08T13:30:30.953430+00:00,BTC-26MAR27-45000-P,80344.12,BTC-26MAR27,put,45000.0,2027-03-26T08:00:00+00:00,0.5442039016455624,0.0075,0.0085,0.00800679,0.008,80344.12,BTC-26MAR27,0.5186,-0.04414,55.30133,259.4,0.1,0.0010000000000000009,BTC,78291.46,59.37
2026-09-08T13:30:30.953430+00:00,BTC-30OCT26-95000-P,78780.44,BTC-30OCT26,put,95000.0,2026-10-30T08:00:00+00:00,0.1417398359371435,0.2125,0.218,0.2152097,0.21525,78780.44,BTC-30OCT26,0.4125,-0.87095,62.41224,0.4,0.0,0.005500000000000005,BTC,78291.46,0.0
2026-09-08T13:30:30.953430+00:00,BTC-27NOV26-108000-C,79095.75,BTC-27NOV26,call,108000.0,2026-11-27T08:00:00+00:00,0.21839965797684235,0.0065,0.0075,0.00697314,0.007,79095.75,BTC-27NOV26,0.4426,0.08001,54.93818,12.1,0.1,0.001,BTC,78288.96,51.0
2026-09-08T13:30:30.953430+00:00,BTC-27NOV26-83000-C,79086.64,BTC-27NOV26,call,83000.0,2026-11-27T08:00:00+00:00,0.21839965797684235,0.0525,0.0535,0.05291904,0.053,79086.64,BTC-27NOV26,0.3932,0.43095,145.19909,26.9,0.4,0.0010000000000000009,BTC,78288.96,1662.89
2026-09-08T13:30:30.953430+00:00,BTC-27NOV26-98000-P,79086.64,BTC-27NOV26,put,98000.0,2026-11-27T08:00:00+00:00,0.21839965797684235,0.251,0.2565,0.2538813,0.25375,79086.64,BTC-27NOV26,0.4171,-0.84254,88.96626,0.0,0.0,0.005500000000000005,BTC,78288.96,0.0
2026-09-08T13:30:30.953430+00:00,BTC-18SEP26-72000-P,78415.92,BTC-18SEP26,put,72000.0,2026-09-18T08:00:00+00:00,0.026750102877595255,0.0032,0.0036,0.00340552,0.0034,78415.92,BTC-18SEP26,0.4204,-0.10289,22.97094,1798.1,420.1,0.00039999999999999975,BTC,78288.96,82823.74
2026-09-08T13:30:30.953430+00:00,BTC-27NOV26-78000-P,79086.64,BTC-27NOV26,put,78000.0,2026-11-27T08:00:00+00:00,0.21839965797684235,0.0655,0.0665,0.06592785,0.066,79086.64,BTC-27NOV26,0.39280000000000004,-0.4348,145.44415,66.9,1.0,0.0010000000000000009,BTC,78288.96,5137.09
2026-09-08T13:30:30.953430+00:00,BTC-25DEC26-65000-P,79423.44,BTC-25DEC26,put,65000.0,2026-12-25T08:00:00+00:00,0.29505948001654114,0.0215,0.0225,0.022036,0.022,79423.44,BTC-25DEC26,0.4241,-0.16307,106.24152,792.4,0.5,0.0010000000000000009,BTC,78288.96,811.31
2026-09-08T13:30:30.953430+00:00,BTC-11SEP26-90000-P,78354.09,BTC-11SEP26,put,90000.0,2026-09-11T08:00:00+00:00,0.0075851473676705455,0.1455,0.1515,0.14852472,0.1485,78354.09,BTC-11SEP26,0.5481,-0.99805,0.42223,0.1,0.0,0.006000000000000005,BTC,78304.5,0.0
2026-09-08T13:30:30.953430+00:00,BTC-18SEP26-70000-C,78415.92,BTC-18SEP26,call,70000.0,2026-09-18T08:00:00+00:00,0.026750102877595255,0.107,0.111,0.10906343,0.109,78415.92,BTC-18SEP26,0.4485,0.9423,14.81073,0.0,0.0,0.0040000000000000036,BTC,78288.96,0.0
2026-09-08T13:30:30.953430+00:00,BTC-27NOV26-104000-C,79095.75,BTC-27NOV26,call,104000.0,2026-11-27T08:00:00+00:00,0.21839965797684235,0.009,0.0095,0.00927989,0.00925,79095.75,BTC-27NOV26,0.4314,0.10388,66.66895,10.6,0.5,0.0005000000000000004,BTC,78304.5,370.35
2026-09-08T13:30:30.953430+00:00,BTC-11SEP26-75000-P,78354.09,BTC-11SEP26,put,75000.0,2026-09-11T08:00:00+00:00,0.0075851473676705455,0.0012,0.0015,0.00139555,0.00135,78354.09,BTC-11SEP26,0.37979999999999997,-0.09326,11.37465,921.5,35.7,0.00030000000000000014,BTC,78304.5,4492.13
2026-09-08T13:30:30.953430+00:00,BTC-25JUN27-130000-C,81370.62,BTC-25JUN27,call,130000.0,2027-06-25T08:00:00+00:00,0.7933483232745836,0.0285,0.03,0.0292162,0.02925,81370.62,BTC-25JUN27,0.4468,0.1637,178.9289,761.9,0.2,0.0014999999999999979,BTC,78304.5,462.68
2026-09-08T13:30:30.953430+00:00,BTC-27NOV26-90000-P,79095.75,BTC-27NOV26,put,90000.0,2026-11-27T08:00:00+00:00,0.21839965797684235,0.1645,0.1685,0.16686335,0.1665,79095.75,BTC-27NOV26,0.4008,-0.72553,123.17853,0.3,0.0,0.0040000000000000036,BTC,78304.5,0.0
2026-09-08T13:30:30.953430+00:00,BTC-11SEP26-64000-P,78354.09,BTC-11SEP26,put,64000.0,2026-09-11T08:00:00+00:00,0.0075851473676705455,,0.0001,1.343e-05,,78354.09,BTC-11SEP26,0.74,-0.00077,0.18173,77.9,0.5,,BTC,78304.5,3.95
2026-09-08T13:30:30.953430+00:00,BTC-25DEC26-40000-C,79423.8,BTC-25DEC26,call,40000.0,2026-12-25T08:00:00+00:00,0.29505948001654114,0.4975,0.4995,0.49875339,0.4985,79423.8,BTC-25DEC26,0.6473,0.98316,18.03548,250.9,0.0,0.0020000000000000018,BTC,78288.96,0.0
2026-09-08T13:30:30.953430+00:00,BTC-27NOV26-86000-C,79095.75,BTC-27NOV26,call,86000.0,2026-11-27T08:00:00+00:00,0.21839965797684235,0.0405,0.0415,0.04099543,0.041,79095.75,BTC-27NOV26,0.3958,0.35812,137.98873,153.2,0.0,0.0010000000000000009,BTC,78304.5,0.0
2026-09-08T13:30:30.953430+00:00,BTC-25DEC26-135000-P,79423.44,BTC-25DEC26,put,135000.0,2026-12-25T08:00:00+00:00,0.29505948001654114,0.6995,0.7075,0.7031191,0.7035,79423.44,BTC-25DEC26,0.4989,-0.96587,32.65197,0.7,0.0,0.008000000000000007,BTC,78304.5,0.0
2026-09-08T13:30:30.953430+00:00,BTC-12SEP26-79500-P,78362.39,BTC-12SEP26,put,79500.0,2026-09-12T08:00:00+00:00,0.010322998154802646,0.0225,0.025,0.02395714,0.02375,78362.39,BTC-12SEP26,0.3849,-0.63951,29.79959,0.0,0.0,0.0025000000000000022,BTC,78308.72,0.0
2026-09-08T13:30:30.953430+00:00,BTC-26MAR27-105000-C,80344.12,BTC-26MAR27,call,105000.0,2027-03-26T08:00:00+00:00,0.5442039016455624,0.036,0.038,0.03695751,0.037,80344.12,BTC-26MAR27,0.4164,0.23629,182.69561,162.5,0.0,0.0020000000000000018,BTC,78308.72,0.0
2026-09-08T13:30:30.953430+00:00,BTC-26MAR27-100000-P,80353.23,BTC-26MAR27,put,100000.0,2027-03-26T08:00:00+00:00,0.5442039016455624,0.289,0.2945,0.29093214,0.29175,80353.23,BTC-26MAR27,0.4114,-0.71571,200.97914,12.3,0.0,0.005500000000000005,BTC,78308.72,0.0
2026-09-08T13:30:30.953430+00:00,BTC-25JUN27-130000-P,81370.62,BTC-25JUN27,put,130000.0,2027-06-25T08:00:00+00:00,0.7933483232745836,0.6245,0.6305,0.62682951,0.6275,81370.62,BTC-25JUN27,0.4468,-0.83618,179.05009,3.9,1.6,0.005999999999999894,BTC,78308.72,78298.51
2026-09-08T13:30:30.953430+00:00,BTC-25DEC26-20000-P,79424.49,BTC-25DEC26,put,20000.0,2026-12-25T08:00:00+00:00,0.29505948001654114,0.0003,0.0005,0.00039622,0.0004,79424.49,BTC-25DEC26,0.981,-0.00217,2.94436,641.1,0.7,0.00020000000000000004,BTC,78304.5,16.56
2026-09-08T13:30:30.953430+00:00,BTC-30OCT26-74000-C,78780.44,BTC-30OCT26,call,74000.0,2026-10-30T08:00:00+00:00,0.1417398359371435,0.09,0.092,0.09122458,0.091,78780.44,BTC-30OCT26,0.3823,0.69307,104.18326,252.5,0.0,0.0020000000000000018,BTC,78308.72,0.0
2026-09-08T13:30:30.953430+00:00,BTC-9SEP26-74000-P,78345.72,BTC-9SEP26,put,74000.0,2026-09-09T08:00:00+00:00,0.002109445793406343,0.0001,0.0003,0.00019042,0.0002,78345.72,BTC-9SEP26,0.601,-0.01961,1.71286,66.5,69.3,0.00019999999999999998,BTC,78308.72,1109.73
2026-09-08T13:30:30.953430+00:00,BTC-11SEP26-72000-P,78363.2,BTC-11SEP26,put,72000.0,2026-09-11T08:00:00+00:00,0.0075851473676705455,0.0003,0.0004,0.00034894,0.00035,78363.2,BTC-11SEP26,0.48700000000000004,-0.02236,3.63115,593.8,337.8,0.00010000000000000005,BTC,78308.72,3769.75
2026-09-08T13:30:30.953430+00:00,BTC-9SEP26-79000-P,78345.72,BTC-9SEP26,put,79000.0,2026-09-09T08:00:00+00:00,0.002109445793406343,0.01,0.0125,0.01136985,0.01125,78345.72,BTC-9SEP26,0.3444,-0.70863,12.3398,24.1,10.0,0.0025000000000000005,BTC,78308.72,6717.33
2026-09-08T13:30:30.953430+00:00,BTC-25JUN27-80000-C,81361.51,BTC-25JUN27,call,80000.0,2027-06-25T08:00:00+00:00,0.7933483232745836,0.153,0.1555,0.15459228,0.15425,81361.51,BTC-25JUN27,0.41659999999999997,0.59105,281.5562,112.7,0.4,0.0025000000000000022,BTC,78309.95,4899.78
2026-09-08T13:30:30.953430+00:00,BTC-26MAR27-140000-C,80344.12,BTC-26MAR27,call,140000.0,2027-03-26T08:00:00+00:00,0.5442039016455624,0.0095,0.0105,0.00997387,0.01,80344.12,BTC-26MAR27,0.46490000000000004,0.07384,82.91245,909.7,0.9,0.0010000000000000009,BTC,78309.95,675.81
2026-09-08T13:30:30.953430+00:00,BTC-27NOV26-73000-C,79095.75,BTC-27NOV26,call,73000.0,2026-11-27T08:00:00+00:00,0.21839965797684235,0.1155,0.118,0.11646412,0.11675,79095.75,BTC-27NOV26,0.39899999999999997,0.69879,128.74408,0.0,0.0,0.0024999999999999883,BTC,78309.95,0.0
2026-09-08T13:30:30.953430+00:00,BTC-10SEP26-80500-P,78354.86,BTC-10SEP26,put,80500.0,2026-09-10T08:00:00+00:00,0.004847296580538444,0.027,0.0315,0.02938148,0.02925,78354.86,BTC-10SEP26,0.37020000000000003,-0.8535,12.518,0.0,0.0,0.0045000000000000005,BTC,78309.95,0.0
2026-09-08T13:30:30.953430+00:00,BTC-25DEC26-62000-C,79423.8,BTC-25DEC26,call,62000.0,2026-12-25T08:00:00+00:00,0.29505948001654114,0.2335,0.237,0.23555618,0.23525,79423.8,BTC-25DEC26,0.4385,0.87629,88.15845,247.1,0.0,0.0034999999999999754,BTC,78308.72,0.0
2026-09-08T13:30:30.953430+00:00,BTC-25JUN27-82000-C,81361.51,BTC-25JUN27,call,82000.0,2027-06-25T08:00:00+00:00,0.7933483232745836,0.142,0.1445,0.14342371,0.14325,81361.51,BTC-25JUN27,0.415,0.56472,285.30695,80.9,0.0,0.0025000000000000022,BTC,78309.95,0.0
2026-09-08T13:30:30.953430+00:00,BTC-30OCT26-71000-P,78780.44,BTC-30OCT26,put,71000.0,2026-10-30T08:00:00+00:00,0.1417398359371435,0.0195,0.0205,0.0198969,0.02,78780.44,BTC-30OCT26,0.39270000000000005,-0.21917,87.63215,128.1,22.6,0.0010000000000000009,BTC,78309.95,32061.32
2026-09-08T13:30:30.953430+00:00,BTC-25JUN27-110000-C,81370.62,BTC-25JUN27,call,110000.0,2027-06-25T08:00:00+00:00,0.7933483232745836,0.052,0.054,0.05293069,0.053,81370.62,BTC-25JUN27,0.4257,0.27214,240.56667,269.7,0.0,0.0020000000000000018,BTC,78309.95,0.0
2026-09-08T13:30:30.953430+00:00,BTC-25SEP26-30000-C,78451.3,BTC-25SEP26,call,30000.0,2026-09-25T08:00:00+00:00,0.04591505838751996,0.617,0.619,0.6176495,0.618,78451.3,BTC-25SEP26,1.238,0.99991,0.05845,136.0,0.0,0.0020000000000000018,BTC,78301.23,0.0
2026-09-08T13:30:30.953430+00:00,BTC-25JUN27-85000-P,81361.51,BTC-25JUN27,put,85000.0,2027-06-25T08:00:00+00:00,0.7933483232745836,0.1725,0.1755,0.17313075,0.174,81361.51,BTC-25JUN27,0.4146,-0.47403,288.47496,10.7,0.0,0.0030000000000000027,BTC,78301.23,0.0
2026-09-08T13:30:30.953430+00:00,BTC-26MAR27-108000-C,80353.23,BTC-26MAR27,call,108000.0,2027-03-26T08:00:00+00:00,0.5442039016455624,0.0315,0.033,0.03228654,0.03225,80353.23,BTC-26MAR27,0.4194,0.21131,171.45172,68.6,0.0,0.0015000000000000013,BTC,78301.23,0.0
2026-09-08T13:30:30.953430+00:00,BTC-27NOV26-74000-C,79086.64,BTC-27NOV26,call,74000.0,2026-11-27T08:00:00+00:00,0.21839965797684235,0.1075,0.1095,0.1083205,0.1085,79086.64,BTC-27NOV26,0.3971,0.67317,133.31824,0.0,0.0,0.0020000000000000018,BTC,78301.23,0.0
2026-09-08T13:30:30.953430+00:00,BTC-10SEP26-83000-P,78355.55,BTC-10SEP26,put,83000.0,2026-09-10T08:00:00+00:00,0.004847296580538444,0.057,0.0625,0.05962788,0.05975,78355.55,BTC-10SEP26,0.4307,-0.97251,3.45077,0.0,0.0,0.005499999999999998,BTC,78301.23,0.0
2026-09-08T13:30:30.953430+00:00,BTC-25JUN27-104000-C,81361.51,BTC-25JUN27,call,104000.0,2027-06-25T08:00:00+00:00,0.7933483232745836,0.0635,0.0655,0.06467158,0.0645,81361.51,BTC-25JUN27,0.42060000000000003,0.31959,258.99734,13.1,0.0,0.0020000000000000018,BTC,78301.23,0.0
2026-09-08T13:30:30.953430+00:00,BTC-18SEP26-85000-C,78415.92,BTC-18SEP26,call,85000.0,2026-09-18T08:00:00+00:00,0.026750102877595255,0.0041,0.0044,0.00423139,0.00425,78415.92,BTC-18SEP26,0.4202,0.12583,26.51723,909.8,264.8,0.0002999999999999999,BTC,78301.23,109616.73
2026-09-08T13:30:30.953430+00:00,BTC-25SEP26-170000-C,78460.41,BTC-25SEP26,call,170000.0,2026-09-25T08:00:00+00:00,0.04591505838751996,,0.0001,1e-06,,78460.41,BTC-25SEP26,0.8693000000000001,2e-05,0.01775,444.9,0.0,,BTC,78301.23,0.0
2026-09-08T13:30:30.953430+00:00,BTC-25DEC26-60000-C,79423.44,BTC-25DEC26,call,60000.0,2026-12-25T08:00:00+00:00,0.29505948001654114,0.2555,0.2595,0.2577482,0.2575,79423.44,BTC-25DEC26,0.4499,0.89747,77.09013,787.4,0.0,0.0040000000000000036,BTC,78301.23,0.0
2026-09-08T13:30:30.953430+00:00,BTC-25SEP26-190000-P,78460.41,BTC-25SEP26,put,190000.0,2026-09-25T08:00:00+00:00,0.04591505838751996,1.4145,1.429,1.42159023,1.42175,78460.41,BTC-25SEP26,0.9386,-0.99999,0.00653,0.0,0.0,0.014499999999999957,BTC,78296.01,0.0
2026-09-08T13:30:30.953430+00:00,BTC-18SEP26-76000-C,78416.07,BTC-18SEP26,call,76000.0,2026-09-18T08:00:00+00:00,0.026750102877595255,0.042,0.0445,0.04326034,0.04325,78416.07,BTC-18SEP26,0.3884,0.69696,44.7854,19.0,0.0,0.0024999999999999953,BTC,78301.23,0.0
2026-09-08T13:30:30.953430+00:00,BTC-26MAR27-55000-P,80344.12,BTC-26MAR27,put,55000.0,2027-03-26T08:00:00+00:00,0.5442039016455624,0.018,0.0195,0.01869298,0.01875,80344.12,BTC-26MAR27,0.4618,-0.10007,104.05609,1257.7,0.0,0.0015000000000000013,BTC,78296.01,0.0
2026-09-08T13:30:30.953430+00:00,BTC-25JUN27-150000-C,81361.51,BTC-25JUN27,call,150000.0,2027-06-25T08:00:00+00:00,0.7933483232745836,0.017,0.0185,0.01772296,0.01775,81361.51,BTC-25JUN27,0.46869999999999995,0.10433,131.14876,217.7,0.2,0.0014999999999999979,BTC,78296.01,293.07
2026-09-08T13:30:30.953430+00:00,BTC-18SEP26-78000-P,78415.92,BTC-18SEP26,put,78000.0,2026-09-18T08:00:00+00:00,0.026750102877595255,0.022,0.023,0.02253149,0.0225,78415.92,BTC-18SEP26,0.38539999999999996,-0.45662,50.85707,273.1,19.5,0.0010000000000000009,BTC,78301.23,32135.96
2026-09-08T13:30:30.953430+00:00,BTC-25SEP26-58000-C,78451.3,BTC-25SEP26,call,58000.0,2026-09-25T08:00:00+00:00,0.04591505838751996,0.2595,0.263,0.26118323,0.26125,78451.3,BTC-25SEP26,0.6114,0.99102,4.07677,460.7,0.0,0.003500000000000003,BTC,78296.01,0.0
2026-09-08T13:30:30.953430+00:00,BTC-30OCT26-54000-C,78780.44,BTC-30OCT26,call,54000.0,2026-10-30T08:00:00+00:00,0.1417398359371435,0.315,0.3185,0.31683012,0.31675,78780.44,BTC-30OCT26,0.5459,0.97366,18.10797,0.1,0.0,0.003500000000000003,BTC,78296.01,0.0
2026-09-08T13:30:30.953430+00:00,BTC-10SEP26-85000-C,78354.86,BTC-10SEP26,call,85000.0,2026-09-10T08:00:00+00:00,0.004847296580538444,,0.0002,9.38e-05,,78354.86,BTC-10SEP26,0.48560000000000003,0.00801,1.19722,1.2,0.5,,BTC,78296.01,10.29
2026-09-08T13:30:30.953430+00:00,BTC-30OCT26-91000-C,78780.44,BTC-30OCT26,call,91000.0,2026-10-30T08:00:00+00:00,0.1417398359371435,0.014,0.015,0.0145026,0.0145,78780.44,BTC-30OCT26,0.39880000000000004,0.18726,79.75742,34.6,0.5,0.0009999999999999992,BTC,78296.01,590.54
2026-09-08T13:30:30.953430+00:00,BTC-30OCT26-82000-P,78780.44,BTC-30OCT26,put,82000.0,2026-10-30T08:00:00+00:00,0.1417398359371435,0.08,0.0815,0.08081241,0.08075,78780.44,BTC-30OCT26,0.3799,-0.58387,115.6827,45.3,0.8,0.0015000000000000013,BTC,78296.01,4670.7
2026-09-08T13:30:30.953430+00:00,BTC-26MAR27-106000-P,80344.12,BTC-26MAR27,put,106000.0,2027-03-26T08:00:00+00:00,0.5442039016455624,0.3515,0.358,0.35443966,0.35475,80344.12,BTC-26MAR27,0.4172,-0.77266,178.77775,0.1,0.0,0.006500000000000006,BTC,78296.01,0.0
2026-09-08T13:30:30.953430+00:00,BTC-25SEP26-300000-P,78451.3,BTC-25SEP26,put,300000.0,2026-09-25T08:00:00+00:00,0.04591505838751996,2.811,2.8355,2.82356321,2.82325,78451.3,BTC-25SEP26,1.3629,-1.0,0.0034,0.0,0.0,0.02450000000000019,BTC,78295.02,0.0
2026-09-08T13:30:30.953430+00:00,BTC-25DEC26-210000-P,79424.49,BTC-25DEC26,put,210000.0,2026-12-25T08:00:00+00:00,0.29505948001654114,1.6285,1.655,1.64457023,1.64175,79424.49,BTC-25DEC26,0.6454000000000001,-0.99532,5.8762,0.0,0.0,0.026499999999999968,BTC,78296.01,0.0
2026-09-08T13:30:30.953430+00:00,BTC-30OCT26-54000-P,78780.44,BTC-30OCT26,put,54000.0,2026-10-30T08:00:00+00:00,0.1417398359371435,0.002,0.0024,0.00220072,0.0022,78780.44,BTC-30OCT26,0.5459,-0.02635,18.10957,190.7,0.0,0.00039999999999999975,BTC,78295.02,0.0
2026-09-08T13:30:30.953430+00:00,BTC-12SEP26-80000-P,78362.39,BTC-12SEP26,put,80000.0,2026-09-12T08:00:00+00:00,0.010322998154802646,0.027,0.03,0.02840489,0.0285,78362.39,BTC-12SEP26,0.3882,-0.69749,27.78071,0.0,0.0,0.002999999999999999,BTC,78295.02,0.0
2026-09-08T13:30:30.953430+00:00,BTC-25SEP26-35000-P,78460.41,BTC-25SEP26,put,35000.0,2026-09-25T08:00:00+00:00,0.04591505838751996,,0.0001,1.02e-05,,78460.41,BTC-25SEP26,1.0855,-0.00017,0.10921,1200.7,0.0,,BTC,78295.02,0.0
2026-09-08T13:30:30.953430+00:00,BTC-11SEP26-88000-P,78363.2,BTC-11SEP26,put,88000.0,2026-09-11T08:00:00+00:00,0.0075851473676705455,0.1205,0.126,0.12310018,0.12325,78363.2,BTC-11SEP26,0.5477000000000001,-0.99224,1.45622,0.0,0.0,0.005500000000000005,BTC,78295.02,0.0
2026-09-08T13:30:30.953430+00:00,BTC-9SEP26-82000-C,78345.72,BTC-9SEP26,call,82000.0,2026-09-09T08:00:00+00:00,0.002109445793406343,,0.0002,0.00012491,,78345.72,BTC-9SEP26,0.4629,0.01531,1.38594,30.5,33.8,,BTC,78295.02,429.64
2026-09-08T13:30:30.953430+00:00,BTC-25SEP26-64000-P,78451.3,BTC-25SEP26,put,64000.0,2026-09-25T08:00:00+00:00,0.04591505838751996,0.0011,0.0012,0.00114975,0.00115,78451.3,BTC-25SEP26,0.5064,-0.02704,10.48872,1157.3,53.9,9.999999999999983e-05,BTC,78301.14,5026.03
2026-09-08T13:30:30.953430+00:00,BTC-12SEP26-69000-P,78362.39,BTC-12SEP26,put,69000.0,2026-09-12T08:00:00+00:00,0.010322998154802646,0.0002,0.0004,0.00028986,0.0003,78362.39,BTC-12SEP26,0.5766,-0.01413,2.86355,6.0,6.0,0.0002,BTC,78301.14,140.92
2026-09-08T13:30:30.953430+00:00,BTC-25SEP26-135000-P,78460.41,BTC-25SEP26,put,135000.0,2026-09-25T08:00:00+00:00,0.04591505838751996,0.7165,0.7245,0.72062872,0.7205,78460.41,BTC-25SEP26,0.7629,-0.9994,0.35184,11.5,0.0,0.008000000000000007,BTC,78301.14,0.0
2026-09-08T13:30:30.953430+00:00,BTC-25DEC26-80000-C,79423.44,BTC-25DEC26,call,80000.0,2026-12-25T08:00:00+00:00,0.29505948001654114,0.082,0.083,0.08260155,0.0825,79423.44,BTC-25DEC26,0.3969,0.52848,171.62778,8813.6,58.3,0.0010000000000000009,BTC,78295.02,388397.99
2026-09-08T13:30:30.953430+00:00,BTC-25SEP26-81000-P,78451.3,BTC-25SEP26,put,81000.0,2026-09-25T08:00:00+00:00,0.04591505838751996,0.0505,0.053,0.05171268,0.05175,78451.3,BTC-25SEP26,0.3804,-0.63927,62.92911,568.9,11.8,0.0024999999999999953,BTC,78301.14,41351.12
2026-09-08T13:30:30.953430+00:00,BTC-25DEC26-105000-P,79423.44,BTC-25DEC26,put,105000.0,2026-12-25T08:00:00+00:00,0.29505948001654114,0.334,0.34,0.336515,0.337,79423.44,BTC-25DEC26,0.4242,-0.86401,94.11646,109.4,0.0,0.006000000000000005,BTC,78295.02,0.0
2026-09-08T13:30:30.953430+00:00,BTC-25SEP26-73000-P,78451.3,BTC-25SEP26,put,73000.0,2026-09-25T08:00:00+00:00,0.04591505838751996,0.008,0.009,0.00854333,0.0085,78451.3,BTC-25SEP26,0.38799999999999996,-0.18334,44.61673,770.4,52.6,0.0009999999999999992,BTC,78301.14,32247.11
2026-09-08T13:30:30.953430+00:00,BTC-25DEC26-200000-P,79424.49,BTC-25DEC26,put,200000.0,2026-12-25T08:00:00+00:00,0.29505948001654114,1.5045,1.5315,1.51882349,1.518,79424.49,BTC-25DEC26,0.6364,-0.99378,7.57048,0.0,0.0,0.027000000000000135,BTC,78301.14,0.0
2026-09-08T13:30:30.953430+00:00,BTC-27NOV26-106000-C,79086.64,BTC-27NOV26,call,106000.0,2026-11-27T08:00:00+00:00,0.21839965797684235,0.0075,0.0085,0.0079723,0.008,79086.64,BTC-27NOV26,0.4363,0.09075,60.38711,15.4,0.0,0.0010000000000000009,BTC,78301.14,0.0
2026-09-08T13:30:30.953430+00:00,BTC-27NOV26-102000-P,79095.75,BTC-27NOV26,put,102000.0,2026-11-27T08:00:00+00:00,0.21839965797684235,0.2975,0.3035,0.30039314,0.3005,79095.75,BTC-27NOV26,0.4265,-0.88069,73.62688,0.0,0.0,0.006000000000000005,BTC,78303.17,0.0
2026-09-08T13:30:30.953430+00:00,BTC-27NOV26-67000-P,79095.75,BTC-27NOV26,put,67000.0,2026-11-27T08:00:00+00:00,0.21839965797684235,0.0195,0.02,0.01971997,0.01975,79095.75,BTC-27NOV26,0.4178,-0.17244,94.37508,20.1,0.5,0.0005000000000000004,BTC,78303.17,748.87
2026-09-08T13:30:30.953430+00:00,BTC-30OCT26-64000-P,78780.44,BTC-30OCT26,put,64000.0,2026-10-30T08:00:00+00:00,0.1417398359371435,0.007,0.008,0.00730715,0.0075,78780.44,BTC-30OCT26,0.4374,-0.08994,48.13914,640.8,100.1,0.001,BTC,78303.17,52385.0
2026-09-08T13:30:30.953430+00:00,BTC-30OCT26-75000-C,78780.44,BTC-30OCT26,call,75000.0,2026-10-30T08:00:00+00:00,0.1417398359371435,0.082,0.084,0.08303735,0.083,78780.44,BTC-30OCT26,0.3804,0.65991,108.6811,1172.1,0.1,0.0020000000000000018,BTC,78303.17,704.14
2026-09-08T13:30:30.953430+00:00,BTC-26MAR27-60000-C,80344.12,BTC-26MAR27,call,60000.0,2027-03-26T08:00:00+00:00,0.5442039016455624,0.279,0.283,0.28137634,0.281,80344.12,BTC-26MAR27,0.44060000000000005,0.85531,134.88973,649.0,0.0,0.003999999999999948,BTC,78303.17,0.0
2026-09-08T13:30:30.953430+00:00,BTC-25DEC26-170000-P,79423.8,BTC-25DEC26,put,170000.0,2026-12-25T08:00:00+00:00,0.29505948001654114,1.134,1.1505,1.14160265,1.14225,79423.8,BTC-25DEC26,0.5771000000000001,-0.98844,13.04373,0.1,0.0,0.01650000000000018,BTC,78301.14,0.0
2026-09-08T13:30:30.953430+00:00,BTC-30OCT26-85000-C,78780.44,BTC-30OCT26,call,85000.0,2026-10-30T08:00:00+00:00,0.1417398359371435,0.028,0.029,0.02860055,0.0285,78780.44,BTC-30OCT26,0.38439999999999996,0.32449,106.67555,2162.7,40.0,0.0010000000000000009,BTC,78303.17,95568.68
2026-09-08T13:30:30.953430+00:00,BTC-30OCT26-66000-P,78780.44,BTC-30OCT26,put,66000.0,2026-10-30T08:00:00+00:00,0.1417398359371435,0.009,0.01,0.00954251,0.0095,78780.44,BTC-30OCT26,0.4201,-0.116,57.92086,161.5,0.8,0.0010000000000000009,BTC,78303.17,569.7
2026-09-08T13:30:30.953430+00:00,BTC-25DEC26-72000-C,79423.44,BTC-25DEC26,call,72000.0,2026-12-25T08:00:00+00:00,0.29505948001654114,0.137,0.1395,0.13808573,0.13825,79423.44,BTC-25DEC26,0.4033,0.71055,147.52212,1271.4,0.1,0.0025000000000000022,BTC,78303.17,1076.24
2026-09-08T13:30:30.953430+00:00,BTC-25SEP26-78000-C,78451.3,BTC-25SEP26,call,78000.0,2026-09-25T08:00:00+00:00,0.04591505838751996,0.0345,0.0355,0.03493862,0.035,78451.3,BTC-25SEP26,0.37439999999999996,0.54327,66.67314,5365.8,1.9,0.000999999999999994,BTC,78312.15,5467.64
2026-09-08T13:30:30.953430+00:00,BTC-25DEC26-40000-P,79423.44,BTC-25DEC26,put,40000.0,2026-12-25T08:00:00+00:00,0.29505948001654114,0.0024,0.0025,0.00239114,0.00245,79423.44,BTC-25DEC26,0.6473,-0.01682,18.02102,4514.6,1.5,0.00010000000000000026,BTC,78303.17,284.59
2026-09-08T13:30:30.953430+00:00,BTC-10SEP26-77500-C,78354.66,BTC-10SEP26,call,77500.0,2026-09-10T08:00:00+00:00,0.004847296580538444,0.015,0.0165,0.01557882,0.01575,78354.66,BTC-10SEP26,0.3299,0.68105,19.47865,0.0,0.0,0.0015000000000000013,BTC,78312.15,0.0
2026-09-08T13:30:30.953430+00:00,BTC-25DEC26-135000-C,79423.44,BTC-25DEC26,call,135000.0,2026-12-25T08:00:00+00:00,0.29505948001654114,0.0032,0.0035,0.00334089,0.00335,79423.44,BTC-25DEC26,0.4989,0.03413,32.65039,1376.9,2.1,0.0002999999999999999,BTC,78303.17,565.09
2026-09-08T13:30:30.953430+00:00,BTC-10SEP26-79500-C,78354.66,BTC-10SEP26,call,79500.0,2026-09-10T08:00:00+00:00,0.004847296580538444,0.0041,0.0045,0.004278,0.0043,78354.66,BTC-10SEP26,0.3546,0.27714,18.26917,82.6,73.8,0.0003999999999999993,BTC,78312.15,28780.6
2026-09-08T13:30:30.953430+00:00,BTC-9SEP26-81500-C,78345.72,BTC-9SEP26,call,81500.0,2026-09-09T08:00:00+00:00,0.002109445793406343,0.0001,0.0003,0.00017445,0.0002,78345.72,BTC-9SEP26,0.43079999999999996,0.02226,1.90657,5.8,3.2,0.00019999999999999998,BTC,78312.15,143.73
2026-09-08T13:30:30.953430+00:00,BTC-25DEC26-104000-P,79423.44,BTC-25DEC26,put,104000.0,2026-12-25T08:00:00+00:00,0.29505948001654114,0.3225,0.328,0.32483057,0.32525,79423.44,BTC-25DEC26,0.4218,-0.85621,97.77075,0.1,0.0,0.005500000000000005,BTC,78312.15,0.0
2026-09-08T13:30:30.953430+00:00,BTC-30OCT26-76000-C,78780.44,BTC-30OCT26,call,76000.0,2026-10-30T08:00:00+00:00,0.1417398359371435,0.0745,0.076,0.07534406,0.07525,78780.44,BTC-30OCT26,0.3789,0.62599,112.38076,356.1,0.0,0.0015000000000000013,BTC,78312.15,0.0
2026-09-08T13:30:30.953430+00:00,BTC-12SEP26-75500-C,78362.39,BTC-12SEP26,call,75500.0,2026-09-12T08:00:00+00:00,0.010322998154802646,0.038,0.042,0.04011778,0.04,78362.39,BTC-12SEP26,0.3845,0.83313,19.91021,0.0,0.0,0.0040000000000000036,BTC,78317.42,0.0
2026-09-08T13:30:30.953430+00:00,BTC-25JUN27-68000-P,81361.51,BTC-25JUN27,put,68000.0,2027-06-25T08:00:00+00:00,0.7933483232745836,0.071,0.073,0.07191651,0.072,81361.51,BTC-25JUN27,0.42950000000000005,-0.25475,232.61663,13.6,0.0,0.0020000000000000018,BTC,78317.42,0.0
2026-09-08T13:30:30.953430+00:00,BTC-25DEC26-85000-P,79423.44,BTC-25DEC26,put,85000.0,2026-12-25T08:00:00+00:00,0.29505948001654114,0.127,0.1285,0.12796183,0.12775,79423.44,BTC-25DEC26,0.39520000000000005,-0.58335,168.3339,580.7,0.1,0.0015000000000000013,BTC,78312.15,983.22
2026-09-08T13:30:30.953430+00:00,BTC-12SEP26-84000-P,78362.39,BTC-12SEP26,put,84000.0,2026-09-12T08:00:00+00:00,0.010322998154802646,0.0705,0.076,0.07317257,0.07325,78362.39,BTC-12SEP26,0.4514,-0.93258,10.38643,0.0,0.0,0.005500000000000005,BTC,78317.42,0.0
2026-09-08T13:30:30.953430+00:00,BTC-27NOV26-95000-C,79095.75,BTC-27NOV26,call,95000.0,2026-11-27T08:00:00+00:00,0.21839965797684235,0.0185,0.0195,0.01896049,0.019,79095.75,BTC-27NOV26,0.40990000000000004,0.19431,101.68781,45.0,10.0,0.0010000000000000009,BTC,78317.42,14170.16
2026-09-08T13:30:30.953430+00:00,BTC-25DEC26-84000-P,79423.44,BTC-25DEC26,put,84000.0,2026-12-25T08:00:00+00:00,0.29505948001654114,0.119,0.12,0.11971465,0.1195,79423.44,BTC-25DEC26,0.3951,-0.56162,170.05904,85.7,0.0,0.0010000000000000009,BTC,78317.42,0.0
2026-09-08T13:30:30.953430+00:00,BTC-30OCT26-70000-C,78780.44,BTC-30OCT26,call,70000.0,2026-10-30T08:00:00+00:00,0.1417398359371435,0.127,0.1305,0.12860441,0.12875,78780.44,BTC-30OCT26,0.3957,0.80676,81.33362,1099.6,0.0,0.003500000000000003,BTC,78317.42,0.0
2026-09-08T13:30:30.953430+00:00,BTC-18SEP26-81000-P,78415.92,BTC-18SEP26,put,81000.0,2026-09-18T08:00:00+00:00,0.026750102877595255,0.045,0.047,0.04596485,0.046,78415.92,BTC-18SEP26,0.3947,-0.68257,45.70929,32.8,1.0,0.0020000000000000018,BTC,78317.42,3420.97
2026-09-08T13:30:30.953430+00:00,BTC-30OCT26-86000-C,78780.44,BTC-30OCT26,call,86000.0,2026-10-30T08:00:00+00:00,0.1417398359371435,0.025,0.026,0.02556938,0.0255,78780.44,BTC-30OCT26,0.38670000000000004,0.29783,102.79811,724.8,0.0,0.0009999999999999974,BTC,78317.42,0.0
2026-09-08T13:30:30.953430+00:00,BTC-9SEP26-76000-P,78345.72,BTC-9SEP26,put,76000.0,2026-09-09T08:00:00+00:00,0.002109445793406343,0.0004,0.0006,0.0004956,0.0005,78345.72,BTC-9SEP26,0.4251,-0.06053,4.31537,39.6,52.8,0.00019999999999999993,BTC,78320.84,2656.85
2026-09-08T13:30:30.953430+00:00,BTC-25SEP26-84000-P,78451.3,BTC-25SEP26,put,84000.0,2026-09-25T08:00:00+00:00,0.04591505838751996,0.079,0.083,0.08093944,0.081,78451.3,BTC-25SEP26,0.39380000000000004,-0.77912,49.89688,47.4,0.0,0.0040000000000000036,BTC,78320.84,0.0
2026-09-08T13:30:30.953430+00:00,BTC-27NOV26-120000-C,79095.75,BTC-27NOV26,call,120000.0,2026-11-27T08:00:00+00:00,0.21839965797684235,0.0032,0.0036,0.00336521,0.0034,79095.75,BTC-27NOV26,0.4793,0.04011,31.92815,87.2,1.1,0.00039999999999999975,BTC,78320.84,277.1
2026-09-08T13:30:30.953430+00:00,BTC-26MAR27-180000-P,80344.12,BTC-26MAR27,put,180000.0,2027-03-26T08:00:00+00:00,0.5442039016455624,1.2285,1.2565,1.24417159,1.2425,80344.12,BTC-26MAR27,0.529,-0.96937,41.0345,0.1,0.0,0.028000000000000025,BTC,78320.84,0.0
2026-09-08T13:30:30.953430+00:00,BTC-18SEP26-65000-C,78415.92,BTC-18SEP26,call,65000.0,2026-09-18T08:00:00+00:00,0.026750102877595255,0.1695,0.1735,0.17150218,0.1715,78415.92,BTC-18SEP26,0.5414,0.98458,4.97465,0.0,0.0,0.003999999999999976,BTC,78320.84,0.0
2026-09-08T13:30:30.953430+00:00,BTC-25JUN27-72000-C,81370.62,BTC-25JUN27,call,72000.0,2027-06-25T08:00:00+00:00,0.7933483232745836,0.204,0.207,0.20603411,0.2055,81370.62,BTC-25JUN27,0.424,0.69564,253.64057,89.9,0.4,0.0030000000000000027,BTC,78320.84,6597.98
2026-09-08T13:30:30.953430+00:00,BTC-12SEP26-83000-C,78362.39,BTC-12SEP26,call,83000.0,2026-09-12T08:00:00+00:00,0.010322998154802646,0.0019,0.0022,0.00205737,0.00205,78362.39,BTC-12SEP26,0.4337,0.09925,13.89771,10.5,10.5,0.00030000000000000014,BTC,78320.84,1746.82
2026-09-08T13:30:30.953430+00:00,BTC-25JUN27-110000-P,81361.51,BTC-25JUN27,put,110000.0,2027-06-25T08:00:00+00:00,0.7933483232745836,0.4025,0.409,0.40475734,0.40575,81361.51,BTC-25JUN27,0.4257,-0.72775,240.64317,4.3,0.0,0.00649999999999995,BTC,78318.14,0.0
2026-09-08T13:30:30.953430+00:00,BTC-25SEP26-150000-C,78460.41,BTC-25SEP26,call,150000.0,2026-09-25T08:00:00+00:00,0.04591505838751996,,0.0001,5.57e-06,,78460.41,BTC-25SEP26,0.8114,0.00014,0.0888,768.8,0.0,,BTC,78318.14,0.0
2026-09-08T13:30:30.953430+00:00,BTC-10SEP26-82000-C,78354.86,BTC-10SEP26,call,82000.0,2026-09-10T08:00:00+00:00,0.004847296580538444,0.0005,0.0007,0.00062156,0.0006,78354.86,BTC-10SEP26,0.4012,0.05215,5.81746,31.4,28.2,0.00019999999999999998,BTC,78320.84,1970.91
2026-09-08T13:30:30.953430+00:00,BTC-25SEP26-165000-P,78451.3,BTC-25SEP26,put,165000.0,2026-09-25T08:00:00+00:00,0.04591505838751996,1.097,1.109,1.1029608,1.103,78451.3,BTC-25SEP26,0.8449,-0.99997,0.02115,0.0,0.0,0.01200000000000001,BTC,78318.14,0.0
2026-09-08T13:30:30.953430+00:00,BTC-18SEP26-69000-P,78415.92,BTC-18SEP26,put,69000.0,2026-09-18T08:00:00+00:00,0.026750102877595255,0.0012,0.0014,0.00138538,0.0013,78415.92,BTC-18SEP26,0.4661,-0.04349,11.82728,31.9,1.8,0.0002000000000000001,BTC,78320.84,177.2
2026-09-08T13:30:30.953430+00:00,BTC-25SEP26-60000-C,78451.3,BTC-25SEP26,call,60000.0,2026-09-25T08:00:00+00:00,0.04591505838751996,0.234,0.238,0.23583788,0.236,78451.3,BTC-25SEP26,0.5733,0.98752,5.43242,836.8,0.3,0.003999999999999976,BTC,78318.14,5647.57
2026-09-08T13:30:30.953430+00:00,BTC-25SEP26-110000-P,78451.3,BTC-25SEP26,put,110000.0,2026-09-25T08:00:00+00:00,0.04591505838751996,0.399,0.4055,0.40214888,0.40225,78451.3,BTC-25SEP26,0.5907,-0.99544,2.24033,215.7,0.0,0.006500000000000006,BTC,78318.14,0.0
2026-09-08T13:30:30.953430+00:00,BTC-27NOV26-110000-C,79095.75,BTC-27NOV26,call,110000.0,2026-11-27T08:00:00+00:00,0.21839965797684235,0.0055,0.0065,0.00597343,0.006,79095.75,BTC-27NOV26,0.4465,0.06986,49.5592,69.7,0.0,0.001,BTC,78318.14,0.0
2026-09-08T13:30:30.953430+00:00,BTC-25DEC26-130000-C,79423.44,BTC-25DEC26,call,130000.0,2026-12-25T08:00:00+00:00,0.29505948001654114,0.0037,0.0042,0.00393703,0.00395,79423.44,BTC-25DEC26,0.4836,0.0405,37.55744,1566.9,0.2,0.0004999999999999996,BTC,78318.14,60.79
2026-09-08T13:30:30.953430+00:00,BTC-25SEP26-240000-C,78451.3,BTC-25SEP26,call,240000.0,2026-09-25T08:00:00+00:00,0.04591505838751996,,0.0001,2.8e-07,,78451.3,BTC-25SEP26,1.156,1e-05,0.00439,211.9,0.0,,BTC,78319.77,0.0
2026-09-08T13:30:30.953430+00:00,BTC-26MAR27-92000-C,80344.12,BTC-26MAR27,call,92000.0,2027-03-26T08:00:00+00:00,0.5442039016455624,0.0665,0.0685,0.06765137,0.0675,80344.12,BTC-26MAR27,0.405,0.3804,225.78562,261.2,0.0,0.0020000000000000018,BTC,78319.77,0.0
2026-09-08T13:30:30.953430+00:00,BTC-30OCT26-87000-C,78780.44,BTC-30OCT26,call,87000.0,2026-10-30T08:00:00+00:00,0.1417398359371435,0.0225,0.0235,0.02292629,0.023,78780.44,BTC-30OCT26,0.3896,0.2729,98.60881,112.2,1.0,0.0010000000000000009,BTC,78319.77,1848.63
2026-09-08T13:30:30.953430+00:00,BTC-25JUN27-58000-P,81370.62,BTC-25JUN27,put,58000.0,2027-06-25T08:00:00+00:00,0.7933483232745836,0.0365,0.038,0.03728659,0.03725,81370.62,BTC-25JUN27,0.4507,-0.14842,167.80419,91.9,0.0,0.0015000000000000013,BTC,78319.77,0.0
2026-09-08T13:30:30.953430+00:00,BTC-27NOV26-71000-C,79095.75,BTC-27NOV26,call,71000.0,2026-11-27T08:00:00+00:00,0.21839965797684235,0.1325,0.1355,0.13379236,0.134,79095.75,BTC-27NOV26,0.4035,0.74703,118.20078,0.1,0.0,0.0030000000000000027,BTC,78319.77,0.0
2026-09-08T13:30:30.953430+00:00,BTC-11SEP26-68000-P,78363.2,BTC-11SEP26,put,68000.0,2026-09-11T08:00:00+00:00,0.0075851473676705455,,0.0002,0.00014735,,78363.2,BTC-11SEP26,0.677,-0.00756,1.42281,884.1,2.9,,BTC,78318.14,35.71
2026-09-08T13:30:30.953430+00:00,BTC-10SEP26-77000-P,78354.66,BTC-10SEP26,put,77000.0,2026-09-10T08:00:00+00:00,0.004847296580538444,0.0029,0.0033,0.0029784,0.0031,78354.66,BTC-10SEP26,0.33149999999999996,-0.2255,16.38086,18.6,12.4,0.0004000000000000002,BTC,78319.77,2347.31
2026-09-08T13:30:30.953430+00:00,BTC-26MAR27-96000-P,80344.12,BTC-26MAR27,put,96000.0,2027-03-26T08:00:00+00:00,0.5442039016455624,0.2495,0.2535,0.25071428,0.2515,80344.12,BTC-26MAR27,0.408,-0.67048,214.55838,1.6,0.0,0.0040000000000000036,BTC,78319.77,0.0
2026-09-08T13:30:30.953430+00:00,BTC-18SEP26-84000-P,78415.92,BTC-18SEP26,put,84000.0,2026-09-18T08:00:00+00:00,0.026750102877595255,0.075,0.0795,0.07687349,0.07725,78415.92,BTC-18SEP26,0.41159999999999997,-0.83953,31.26519,0.1,0.0,0.004500000000000004,BTC,78319.77,0.0
2026-09-08T13:30:30.953430+00:00,BTC-30OCT26-88000-C,78780.44,BTC-30OCT26,call,88000.0,2026-10-30T08:00:00+00:00,0.1417398359371435,0.02,0.021,0.02045148,0.0205,78780.44,BTC-30OCT26,0.3918,0.24914,94.09444,565.4,11.9,0.0010000000000000009,BTC,78319.77,20528.6
2026-09-08T13:30:30.953430+00:00,BTC-18SEP26-75000-C,78415.92,BTC-18SEP26,call,75000.0,2026-09-18T08:00:00+00:00,0.026750102877595255,0.0515,0.054,0.05255999,0.05275,78415.92,BTC-18SEP26,0.3925,0.76453,39.45706,35.1,0.0,0.0025000000000000022,BTC,78319.77,0.0
2026-09-08T13:30:30.953430+00:00,BTC-30OCT26-62000-C,78780.44,BTC-30OCT26,call,62000.0,2026-10-30T08:00:00+00:00,0.1417398359371435,0.2165,0.2205,0.21877052,0.2185,78780.44,BTC-30OCT26,0.457,0.93022,39.73717,13.5,0.0,0.0040000000000000036,BTC,78328.82,0.0
2026-09-08T13:30:30.953430+00:00,BTC-25SEP26-115000-P,78451.3,BTC-25SEP26,put,115000.0,2026-09-25T08:00:00+00:00,0.04591505838751996,0.4625,0.469,0.46584171,0.46575,78451.3,BTC-25SEP26,0.6448999999999999,-0.99651,1.76394,93.7,0.0,0.00649999999999995,BTC,78328.82,0.0
2026-09-08T13:30:30.953430+00:00,BTC-25JUN27-74000-C,81361.51,BTC-25JUN27,call,74000.0,2027-06-25T08:00:00+00:00,0.7933483232745836,0.1905,0.1925,0.19200145,0.1915,81361.51,BTC-25JUN27,0.4216,0.67008,262.49435,20.4,1.2,0.0020000000000000018,BTC,78328.82,17951.46
2026-09-08T13:30:30.953430+00:00,BTC-25JUN27-68000-C,81361.51,BTC-25JUN27,call,68000.0,2027-06-25T08:00:00+00:00,0.7933483232745836,0.234,0.237,0.23624185,0.2355,81361.51,BTC-25JUN27,0.42950000000000005,0.74537,232.59161,10.8,0.0,0.002999999999999975,BTC,78328.82,0.0
2026-09-08T13:30:30.953430+00:00,BTC-9SEP26-83000-P,78345.72,BTC-9SEP26,put,83000.0,2026-09-09T08:00:00+00:00,0.002109445793406343,0.057,0.062,0.05942846,0.0595,78345.72,BTC-9SEP26,0.46549999999999997,-0.99655,0.37321,0.0,0.0,0.0049999999999999975,BTC,78328.82,0.0
2026-09-08T13:30:30.953430+00:00,BTC-25SEP26-75000-C,78451.3,BTC-25SEP26,call,75000.0,2026-09-25T08:00:00+00:00,0.04591505838751996,0.0575,0.0595,0.05855612,0.0585,78451.3,BTC-25SEP26,0.37979999999999997,0.72339,56.26898,3307.7,0.4,0.001999999999999995,BTC,78328.82,1884.8
2026-09-08T13:30:30.953430+00:00,BTC-10SEP26-80000-C,78354.66,BTC-10SEP26,call,80000.0,2026-09-10T08:00:00+00:00,0.004847296580538444,0.0027,0.0032,0.00293946,0.00295,78354.66,BTC-10SEP26,0.3624,0.20684,15.58338,25.3,22.2,0.0005,BTC,78328.82,6773.78
2026-09-08T13:30:30.953430+00:00,BTC-26MAR27-65000-P,80344.12,BTC-26MAR27,put,65000.0,2027-03-26T08:00:00+00:00,0.5442039016455624,0.041,0.0425,0.04170352,0.04175,80344.12,BTC-26MAR27,0.4252,-0.20264,167.29146,879.5,0.0,0.0015000000000000013,BTC,78328.82,0.0
2026-09-08T13:30:30.953430+00:00,BTC-30OCT26-57000-C,78780.44,BTC-30OCT26,call,57000.0,2026-10-30T08:00:00+00:00,0.1417398359371435,0.2775,0.2815,0.27965714,0.2795,78780.44,BTC-30OCT26,0.5106,0.96238,24.31977,0.1,0.0,0.003999999999999948,BTC,78331.27,0.0
2026-09-08T13:30:30.953430+00:00,BTC-11SEP26-80500-P,78363.2,BTC-11SEP26,put,80500.0,2026-09-11T08:00:00+00:00,0.0075851473676705455,0.0295,0.0335,0.03143378,0.0315,78363.2,BTC-11SEP26,0.3887,-0.78404,19.9933,0.0,0.0,0.0040000000000000036,BTC,78328.82,0.0
2026-09-08T13:30:30.953430+00:00,BTC-12SEP26-78000-C,78362.39,BTC-12SEP26,call,78000.0,2026-09-12T08:00:00+00:00,0.010322998154802646,0.017,0.018,0.01772139,0.0175,78362.39,BTC-12SEP26,0.3766,0.55526,31.46561,0.0,0.0,0.0009999999999999974,BTC,78328.82,0.0
2026-09-08T13:30:30.953430+00:00,BTC-10SEP26-86000-C,78354.86,BTC-10SEP26,call,86000.0,2026-09-10T08:00:00+00:00,0.004847296580538444,,0.0001,3.247e-05,,78354.86,BTC-10SEP26,0.48700000000000004,0.00314,0.5204,12.8,1.3,,BTC,78331.27,11.04
2026-09-08T13:30:30.953430+00:00,BTC-12SEP26-85000-P,78362.39,BTC-12SEP26,put,85000.0,2026-09-12T08:00:00+00:00,0.010322998154802646,0.083,0.0885,0.08550838,0.08575,78362.39,BTC-12SEP26,0.47200000000000003,-0.95266,7.86226,0.0,0.0,0.005499999999999991,BTC,78328.82,0.0
2026-09-08T13:30:30.953430+00:00,BTC-25DEC26-210000-C,79423.44,BTC-25DEC26,call,210000.0,2026-12-25T08:00:00+00:00,0.29505948001654114,0.0003,0.0007,0.00046938,0.0005,79423.44,BTC-25DEC26,0.6454000000000001,0.00469,5.89622,162.3,0.0,0.0004,BTC,78331.27,0.0
2026-09-08T13:30:30.953430+00:00,BTC-25DEC26-92000-C,79423.44,BTC-25DEC26,call,92000.0,2026-12-25T08:00:00+00:00,0.29505948001654114,0.034,0.035,0.0346299,0.0345,79423.44,BTC-25DEC26,0.3998,0.28477,146.44175,379.3,0.0,0.0010000000000000009,BTC,78331.27,0.0
2026-09-08T13:30:30.953430+00:00,BTC-25SEP26-240000-P,78451.3,BTC-25SEP26,put,240000.0,2026-09-25T08:00:00+00:00,0.04591505838751996,2.0495,2.0675,2.05885065,2.0585,78451.3,BTC-25SEP26,1.156,-0.99999,0.00441,0.0,0.0,0.017999999999999794,BTC,78331.71,0.0
2026-09-08T13:30:30.953430+00:00,BTC-11SEP26-80500-C,78363.2,BTC-11SEP26,call,80500.0,2026-09-11T08:00:00+00:00,0.0075851473676705455,0.004,0.0043,0.00416706,0.00415,78363.2,BTC-11SEP26,0.3887,0.21728,20.06697,220.5,228.6,0.0002999999999999999,BTC,78331.27,101957.56
2026-09-08T13:30:30.953430+00:00,BTC-26MAR27-90000-C,80344.12,BTC-26MAR27,call,90000.0,2027-03-26T08:00:00+00:00,0.5442039016455624,0.0735,0.0755,0.07454774,0.0745,80344.12,BTC-26MAR27,0.4042,0.40855,230.29164,555.3,0.1,0.0020000000000000018,BTC,78331.71,571.11
2026-09-08T13:30:30.953430+00:00,BTC-9SEP26-77500-P,78345.72,BTC-9SEP26,put,77500.0,2026-09-09T08:00:00+00:00,0.002109445793406343,0.002,0.0024,0.00215333,0.0022,78345.72,BTC-9SEP26,0.33390000000000003,-0.24021,11.1912,206.2,88.3,0.00039999999999999975,BTC,78331.71,11966.78
2026-09-08T13:30:30.953430+00:00,BTC-25SEP26-79000-P,78451.3,BTC-25SEP26,put,79000.0,2026-09-25T08:00:00+00:00,0.04591505838751996,0.035,0.036,0.03566648,0.0355,78451.3,BTC-25SEP26,0.37439999999999996,-0.51865,67.01257,1097.1,51.4,0.000999999999999994,BTC,78331.71,124522.66
2026-09-08T13:30:30.953430+00:00,BTC-9SEP26-80500-P,78345.72,BTC-9SEP26,put,80500.0,2026-09-09T08:00:00+00:00,0.002109445793406343,0.026,0.0305,0.02798071,0.02825,78345.72,BTC-9SEP26,0.3847,-0.93749,4.42573,0.0,0.0,0.0045000000000000005,BTC,78331.71,0.0
2026-09-08T13:30:30.953430+00:00,BTC-25SEP26-95000-P,78451.3,BTC-25SEP26,put,95000.0,2026-09-25T08:00:00+00:00,0.04591505838751996,0.2095,0.215,0.21205588,0.21225,78451.3,BTC-25SEP26,0.4721,-0.96719,12.32123,147.6,0.0,0.005500000000000005,BTC,78331.71,0.0
2026-09-08T13:30:30.953430+00:00,BTC-25DEC26-86000-C,79423.44,BTC-25DEC26,call,86000.0,2026-12-25T08:00:00+00:00,0.29505948001654114,0.053,0.054,0.05369683,0.0535,79423.44,BTC-25DEC26,0.3954,0.39608,166.27476,324.3,0.0,0.0010000000000000009,BTC,78331.71,0.0
2026-09-08T13:30:30.953430+00:00,BTC-27NOV26-84000-C,79086.64,BTC-27NOV26,call,84000.0,2026-11-27T08:00:00+00:00,0.21839965797684235,0.048,0.049,0.04855003,0.0485,79086.64,BTC-27NOV26,0.3935,0.40683,143.45488,26.7,0.1,0.0010000000000000009,BTC,78331.71,393.49
2026-09-08T13:30:30.953430+00:00,BTC-25JUN27-90000-P,81361.51,BTC-25JUN27,put,90000.0,2027-06-25T08:00:00+00:00,0.7933483232745836,0.2125,0.215,0.21305304,0.21375,81361.51,BTC-25JUN27,0.41479999999999995,-0.53514,288.0815,50.5,0.0,0.0025000000000000022,BTC,78332.39,0.0
2026-09-08T13:30:30.953430+00:00,BTC-30OCT26-68000-P,78780.44,BTC-30OCT26,put,68000.0,2026-10-30T08:00:00+00:00,0.1417398359371435,0.0125,0.0135,0.01276174,0.013,78780.44,BTC-30OCT26,0.4071,-0.15002,69.18347,1519.1,5.3,0.0009999999999999992,BTC,78332.39,4704.79
2026-09-08T13:30:30.953430+00:00,BTC-26MAR27-160000-P,80353.23,BTC-26MAR27,put,160000.0,2027-03-26T08:00:00+00:00,0.5442039016455624,0.992,1.0075,0.9971638,0.99975,80353.23,BTC-26MAR27,0.49689999999999995,-0.95496,56.23794,0.1,0.0,0.01550000000000007,BTC,78332.39,0.0
2026-09-08T13:30:30.953430+00:00,BTC-25DEC26-74000-C,79423.8,BTC-25DEC26,call,74000.0,2026-12-25T08:00:00+00:00,0.29505948001654114,0.121,0.123,0.12218059,0.122,79423.8,BTC-25DEC26,0.40049999999999997,0.66757,156.72905,138.9,0.0,0.0020000000000000018,BTC,78331.71,0.0
2026-09-08T13:30:30.953430+00:00,BTC-25SEP26-58000-P,78451.3,BTC-25SEP26,put,58000.0,2026-09-25T08:00:00+00:00,0.04591505838751996,0.0003,0.0004,0.00040541,0.00035,78451.3,BTC-25SEP26,0.6114,-0.00889,4.04217,1334.2,0.0,0.00010000000000000005,BTC,78332.39,0.0
2026-09-08T13:30:30.953430+00:00,BTC-12SEP26-82000-P,78362.39,BTC-12SEP26,put,82000.0,2026-09-12T08:00:00+00:00,0.010322998154802646,0.0475,0.052,0.04943927,0.04975,78362.39,BTC-12SEP26,0.4158,-0.85374,18.2581,0.0,0.0,0.004499999999999997,BTC,78331.71,0.0
2026-09-08T13:30:30.953430+00:00,BTC-18SEP26-76000-P,78415.92,BTC-18SEP26,put,76000.0,2026-09-18T08:00:00+00:00,0.026750102877595255,0.012,0.013,0.01252138,0.0125,78415.92,BTC-18SEP26,0.3884,-0.30073,44.65017,230.3,65.2,0.0009999999999999992,BTC,78332.39,64908.66
2026-09-08T13:30:30.953430+00:00,BTC-25DEC26-54000-C,79423.44,BTC-25DEC26,call,54000.0,2026-12-25T08:00:00+00:00,0.29505948001654114,0.3255,0.329,0.32735121,0.32725,79423.44,BTC-25DEC26,0.4914,0.94272,49.56761,33.1,0.0,0.003500000000000003,BTC,78332.39,0.0
2026-09-08T13:30:30.953430+00:00,BTC-25DEC26-200000-C,79423.44,BTC-25DEC26,call,200000.0,2026-12-25T08:00:00+00:00,0.29505948001654114,0.0005,0.0008,0.00063225,0.00065,79423.44,BTC-25DEC26,0.6364,0.00624,7.60062,969.5,0.1,0.00030000000000000003,BTC,78332.39,4.72
2026-09-08T13:30:30.953430+00:00,BTC-27NOV26-71000-P,79086.64,BTC-27NOV26,put,71000.0,2026-11-27T08:00:00+00:00,0.21839965797684235,0.031,0.032,0.03143777,0.0315,79086.64,BTC-27NOV26,0.4035,-0.25265,118.14445,20.3,0.0,0.0010000000000000009,BTC,78330.91,0.0
2026-09-08T13:30:30.953430+00:00,BTC-12SEP26-75000-P,78362.39,BTC-12SEP26,put,75000.0,2026-09-12T08:00:00+00:00,0.010322998154802646,0.0024,0.0027,0.00260688,0.00255,78362.39,BTC-12SEP26,0.3898,-0.12986,16.83535,1.0,1.0,0.00030000000000000035,BTC,78332.39,196.47
2026-09-08T13:30:30.953430+00:00,BTC-25SEP26-320000-C,78451.3,BTC-25SEP26,call,320000.0,2026-09-25T08:00:00+00:00,0.04591505838751996,,0.0001,1.7e-07,,78451.3,BTC-25SEP26,1.4015,0.0,0.00235,304.6,0.0,,BTC,78330.91,0.0
2026-09-08T13:30:30.953430+00:00,BTC-10SEP26-88000-P,78354.86,BTC-10SEP26,put,88000.0,2026-09-10T08:00:00+00:00,0.004847296580538444,0.1205,0.126,0.12312257,0.12325,78354.86,BTC-10SEP26,0.5061,-0.99948,0.10025,0.0,0.0,0.005500000000000005,BTC,78330.91,0.0
2026-09-08T13:30:30.953430+00:00,BTC-25JUN27-72000-P,81361.51,BTC-25JUN27,put,72000.0,2027-06-25T08:00:00+00:00,0.7933483232745836,0.09,0.092,0.0908661,0.091,81361.51,BTC-25JUN27,0.424,-0.3042,253.62477,47.6,0.0,0.0020000000000000018,BTC,78330.91,0.0
2026-09-08T13:30:30.953430+00:00,BTC-11SEP26-86000-P,78363.2,BTC-11SEP26,put,86000.0,2026-09-11T08:00:00+00:00,0.0075851473676705455,0.095,0.1005,0.09767311,0.09775,78363.2,BTC-11SEP26,0.4864,-0.98527,2.54494,1.4,0.0,0.005500000000000005,BTC,78332.39,0.0
2026-09-08T13:30:30.953430+00:00,BTC-25DEC26-45000-C,79423.8,BTC-25DEC26,call,45000.0,2026-12-25T08:00:00+00:00,0.29505948001654114,0.435,0.438,0.43690826,0.4365,79423.8,BTC-25DEC26,0.5852,0.97412,25.95752,54.3,0.0,0.0030000000000000027,BTC,78330.91,0.0
2026-09-08T13:30:30.953430+00:00,BTC-25JUN27-70000-C,81370.62,BTC-25JUN27,call,70000.0,2027-06-25T08:00:00+00:00,0.7933483232745836,0.2185,0.2215,0.22069438,0.22,81370.62,BTC-25JUN27,0.4263,0.72101,243.5985,195.5,0.0,0.0030000000000000027,BTC,78330.91,0.0
2026-09-08T13:30:30.953430+00:00,BTC-11SEP26-64000-C,78363.2,BTC-11SEP26,call,64000.0,2026-09-11T08:00:00+00:00,0.0075851473676705455,0.181,0.1855,0.18330449,0.18325,78363.2,BTC-11SEP26,0.74,0.99924,0.17836,0.0,0.0,0.004500000000000004,BTC,78330.91,0.0
2026-09-08T13:30:30.953430+00:00,BTC-25DEC26-68000-P,79423.44,BTC-25DEC26,put,68000.0,2026-12-25T08:00:00+00:00,0.29505948001654114,0.0295,0.0305,0.03003431,0.03,79423.44,BTC-25DEC26,0.41340000000000005,-0.21099,124.70466,551.3,0.0,0.0010000000000000009,BTC,78330.91,0.0
2026-09-08T13:30:30.953430+00:00,BTC-12SEP26-69000-C,78362.39,BTC-12SEP26,call,69000.0,2026-09-12T08:00:00+00:00,0.010322998154802646,0.1175,0.122,0.11986833,0.11975,78362.39,BTC-12SEP26,0.5766,0.98612,2.82089,0.0,0.0,0.004500000000000004,BTC,78330.91,0.0
2026-09-08T13:30:30.953430+00:00,BTC-26MAR27-98000-P,80344.12,BTC-26MAR27,put,98000.0,2027-03-26T08:00:00+00:00,0.5442039016455624,0.2685,0.2735,0.27059164,0.271,80344.12,BTC-26MAR27,0.4097,-0.69349,208.13588,0.2,0.0,0.0050000000000000044,BTC,78330.97,0.0
2026-09-08T13:30:30.953430+00:00,BTC-25DEC26-115000-P,79423.44,BTC-25DEC26,put,115000.0,2026-12-25T08:00:00+00:00,0.29505948001654114,0.453,0.4595,0.45593369,0.45625,79423.44,BTC-25DEC26,0.4459,-0.9203,63.97018,5.0,0.0,0.006500000000000006,BTC,78330.91,0.0
2026-09-08T13:30:30.953430+00:00,BTC-9SEP26-79500-P,78345.72,BTC-9SEP26,put,79500.0,2026-09-09T08:00:00+00:00,0.002109445793406343,0.015,0.0185,0.01636344,0.01675,78345.72,BTC-9SEP26,0.35259999999999997,-0.81689,9.54342,101.4,26.7,0.0034999999999999996,BTC,78330.97,24505.7
2026-09-08T13:30:30.953430+00:00,BTC-25JUN27-78000-P,81370.62,BTC-25JUN27,put,78000.0,2027-06-25T08:00:00+00:00,0.7933483232745836,0.124,0.1265,0.12472814,0.12525,81370.62,BTC-25JUN27,0.41759999999999997,-0.38234,276.52739,104.6,0.0,0.0025000000000000022,BTC,78330.97,0.0
2026-09-08T13:30:30.953430+00:00,BTC-30OCT26-48000-P,78780.44,BTC-30OCT26,put,48000.0,2026-10-30T08:00:00+00:00,0.1417398359371435,0.0012,0.0014,0.0012553,0.0013,78780.44,BTC-30OCT26,0.632,-0.01388,10.50791,194.4,0.3,0.0002000000000000001,BTC,78330.97,31.67
2026-09-08T13:30:30.953430+00:00,BTC-25SEP26-84000-C,78451.3,BTC-25SEP26,call,84000.0,2026-09-25T08:00:00+00:00,0.04591505838751996,0.01,0.0105,0.01034181,0.01025,78451.3,BTC-25SEP26,0.39380000000000004,0.22136,49.96657,5077.4,3.6,0.0005000000000000004,BTC,78330.97,3102.88
2026-09-08T13:30:30.953430+00:00,BTC-25DEC26-102000-P,79423.44,BTC-25DEC26,put,102000.0,2026-12-25T08:00:00+00:00,0.29505948001654114,0.2995,0.305,0.30173791,0.30225,79423.44,BTC-25DEC26,0.4174,-0.83892,105.45572,7.8,0.0,0.005500000000000005,BTC,78330.97,0.0
2026-09-08T13:30:30.953430+00:00,BTC-25JUN27-120000-C,81370.62,BTC-25JUN27,call,120000.0,2027-06-25T08:00:00+00:00,0.7933483232745836,0.038,0.0395,0.03873043,0.03875,81370.62,BTC-25JUN27,0.43560000000000004,0.20977,208.78622,292.9,0.1,0.0015000000000000013,BTC,78332.72,321.07
2026-09-08T13:30:30.953430+00:00,BTC-12SEP26-87000-P,78362.39,BTC-12SEP26,put,87000.0,2026-09-12T08:00:00+00:00,0.010322998154802646,0.108,0.1135,0.11052923,0.11075,78362.39,BTC-12SEP26,0.5077,-0.97729,4.29405,0.0,0.0,0.005500000000000005,BTC,78330.97,0.0
2026-09-08T13:30:30.953430+00:00,BTC-25SEP26-165000-C,78451.3,BTC-25SEP26,call,165000.0,2026-09-25T08:00:00+00:00,0.04591505838751996,,0.0001,1.17e-06,,78451.3,BTC-25SEP26,0.8449,3e-05,0.02124,266.6,0.0,,BTC,78330.97,0.0
2026-09-08T13:30:30.953430+00:00,BTC-25SEP26-65000-P,78451.3,BTC-25SEP26,put,65000.0,2026-09-25T08:00:00+00:00,0.04591505838751996,0.0013,0.0015,0.0014327,0.0014,78451.3,BTC-25SEP26,0.4926,-0.03333,12.48063,980.0,3.4,0.0002000000000000001,BTC,78330.97,345.67
2026-09-08T13:30:30.953430+00:00,BTC-11SEP26-74000-C,78363.2,BTC-11SEP26,call,74000.0,2026-09-11T08:00:00+00:00,0.0075851473676705455,0.055,0.0575,0.05649763,0.05625,78363.2,BTC-11SEP26,0.4119,0.94645,7.43452,15.3,0.0,0.0025000000000000022,BTC,78330.97,0.0
2026-09-08T13:30:30.953430+00:00,BTC-9SEP26-82500-C,78336.61,BTC-9SEP26,call,82500.0,2026-09-09T08:00:00+00:00,0.002109445793406343,,0.0001,5.707e-05,,78336.61,BTC-9SEP26,0.46549999999999997,0.00794,0.78393,150.5,48.4,,BTC,78332.72,1122.9
2026-09-08T13:30:30.953430+00:00,BTC-25JUN27-106000-P,81370.62,BTC-25JUN27,put,106000.0,2027-06-25T08:00:00+00:00,0.7933483232745836,0.3605,0.367,0.36313521,0.36375,81370.62,BTC-25JUN27,0.42229999999999995,-0.69671,253.28801,0.0,0.0,0.006500000000000006,BTC,78332.72,0.0
2026-09-08T13:30:30.953430+00:00,BTC-26MAR27-170000-P,80344.12,BTC-26MAR27,put,170000.0,2027-03-26T08:00:00+00:00,0.5442039016455624,1.1045,1.1315,1.12081418,1.118,80344.12,BTC-26MAR27,0.5181,-0.96156,49.46722,0.2,0.0,0.026999999999999913,BTC,78332.72,0.0
2026-09-08T13:30:30.953430+00:00,BTC-25SEP26-160000-P,78451.3,BTC-25SEP26,put,160000.0,2026-09-25T08:00:00+00:00,0.04591505838751996,1.0335,1.044,1.03923494,1.03875,78451.3,BTC-25SEP26,0.8188,-0.99996,0.02505,0.6,0.0,0.010499999999999954,BTC,78332.72,0.0
2026-09-08T13:30:30.953430+00:00,BTC-25SEP26-80000-P,78451.3,BTC-25SEP26,put,80000.0,2026-09-25T08:00:00+00:00,0.04591505838751996,0.0425,0.0435,0.04325818,0.043,78451.3,BTC-25SEP26,0.3766,-0.5799,65.73674,1518.0,22.0,0.000999999999999994,BTC,78332.72,69809.93
2026-09-08T13:30:30.953430+00:00,BTC-30OCT26-104000-P,78780.44,BTC-30OCT26,put,104000.0,2026-10-30T08:00:00+00:00,0.1417398359371435,0.321,0.327,0.32405824,0.324,78780.44,BTC-30OCT26,0.44909999999999994,-0.94029,35.20972,0.0,0.0,0.006000000000000005,BTC,78331.06,0.0
2026-09-08T13:30:30.953430+00:00,BTC-30OCT26-91000-P,78780.44,BTC-30OCT26,put,91000.0,2026-10-30T08:00:00+00:00,0.1417398359371435,0.167,0.172,0.16947898,0.1695,78780.44,BTC-30OCT26,0.39880000000000004,-0.81186,80.02577,0.2,0.0,0.004999999999999977,BTC,78331.06,0.0
2026-09-08T13:30:30.953430+00:00,BTC-10SEP26-89000-P,78355.55,BTC-10SEP26,put,89000.0,2026-09-10T08:00:00+00:00,0.004847296580538444,0.1335,0.139,0.13588217,0.13625,78355.55,BTC-10SEP26,0.5143,-0.9998,0.041,0.0,0.0,0.005500000000000005,BTC,78331.06,0.0
2026-09-08T13:30:30.953430+00:00,BTC-12SEP26-74000-P,78362.39,BTC-12SEP26,put,74000.0,2026-09-12T08:00:00+00:00,0.010322998154802646,0.0014,0.0018,0.00158932,0.0016,78362.39,BTC-12SEP26,0.4119,-0.08231,12.09764,1.0,1.0,0.00039999999999999996,BTC,78332.72,125.94
2026-09-08T13:30:30.953430+00:00,BTC-25SEP26-180000-C,78451.3,BTC-25SEP26,call,180000.0,2026-09-25T08:00:00+00:00,0.04591505838751996,,0.0001,7.9e-07,,78451.3,BTC-25SEP26,0.9184,2e-05,0.01382,792.3,0.0,,BTC,78332.72,0.0
2026-09-08T13:30:30.953430+00:00,BTC-12SEP26-76500-C,78362.39,BTC-12SEP26,call,76500.0,2026-09-12T08:00:00+00:00,0.010322998154802646,0.0285,0.031,0.02989081,0.02975,78362.39,BTC-12SEP26,0.3751,0.74203,25.72772,0.0,0.0,0.0024999999999999988,BTC,78331.06,0.0
2026-09-08T13:30:30.953430+00:00,BTC-26MAR27-90000-P,80353.23,BTC-26MAR27,put,90000.0,2027-03-26T08:00:00+00:00,0.5442039016455624,0.193,0.197,0.19459112,0.195,80353.23,BTC-26MAR27,0.4042,-0.59141,230.30509,14.1,0.0,0.0040000000000000036,BTC,78331.06,0.0
2026-09-08T13:30:30.953430+00:00,BTC-18SEP26-68000-C,78416.76,BTC-18SEP26,call,68000.0,2026-09-18T08:00:00+00:00,0.026750102877595255,0.1315,0.136,0.13382138,0.13375,78416.76,BTC-18SEP26,0.4858,0.9665,9.56102,2.0,0.0,0.004500000000000004,BTC,78331.06,0.0
2026-09-08T13:30:30.953430+00:00,BTC-30OCT26-80000-P,78780.44,BTC-30OCT26,put,80000.0,2026-10-30T08:00:00+00:00,0.1417398359371435,0.0645,0.0655,0.06516679,0.065,78780.44,BTC-30OCT26,0.3778,-0.51469,118.2837,960.1,5.2,0.0010000000000000009,BTC,78331.17,24702.69
2026-09-08T13:30:30.953430+00:00,BTC-26MAR27-54000-P,80344.12,BTC-26MAR27,put,54000.0,2027-03-26T08:00:00+00:00,0.5442039016455624,0.0165,0.0175,0.01716659,0.017,80344.12,BTC-26MAR27,0.46630000000000005,-0.09223,98.05126,91.7,0.3,0.0010000000000000009,BTC,78331.17,392.87
2026-09-08T13:30:30.953430+00:00,BTC-27NOV26-93000-C,79095.75,BTC-27NOV26,call,93000.0,2026-11-27T08:00:00+00:00,0.21839965797684235,0.022,0.023,0.0224501,0.0225,79095.75,BTC-27NOV26,0.4061,0.224,110.60268,38.9,10.5,0.0010000000000000009,BTC,78331.17,18588.25
2026-09-08T13:30:30.953430+00:00,BTC-18SEP26-82000-C,78415.92,BTC-18SEP26,call,82000.0,2026-09-18T08:00:00+00:00,0.026750102877595255,0.0095,0.01,0.00978969,0.00975,78415.92,BTC-18SEP26,0.3995,0.25682,41.34385,1306.7,39.4,0.0005000000000000004,BTC,78331.17,32293.54
2026-09-08T13:30:30.953430+00:00,BTC-26MAR27-60000-P,80344.12,BTC-26MAR27,put,60000.0,2027-03-26T08:00:00+00:00,0.5442039016455624,0.0275,0.0285,0.02807193,0.028,80344.12,BTC-26MAR27,0.44060000000000005,-0.14441,134.7661,816.1,0.1,0.0010000000000000009,BTC,78331.17,219.82
2026-09-08T13:30:30.953430+00:00,BTC-12SEP26-77500-C,78362.39,BTC-12SEP26,call,77500.0,2026-09-12T08:00:00+00:00,0.010322998154802646,0.0205,0.022,0.02126144,0.02125,78362.39,BTC-12SEP26,0.37329999999999997,0.62168,30.28222,0.0,0.0,0.0014999999999999979,BTC,78331.06,0.0
2026-09-08T13:30:30.953430+00:00,BTC-25DEC26-65000-C,79423.8,BTC-25DEC26,call,65000.0,2026-12-25T08:00:00+00:00,0.29505948001654114,0.2015,0.2055,0.20362974,0.2035,79423.8,BTC-25DEC26,0.4241,0.83753,106.04441,920.8,0.0,0.003999999999999976,BTC,78331.17,0.0
2026-09-08T13:30:30.953430+00:00,BTC-10SEP26-82500-C,78354.86,BTC-10SEP26,call,82500.0,2026-09-10T08:00:00+00:00,0.004847296580538444,0.0003,0.0006,0.00044475,0.00045,78354.86,BTC-10SEP26,0.4157,0.03826,4.53392,19.2,16.9,0.0003,BTC,78331.17,716.26
2026-09-08T13:30:30.953430+00:00,BTC-10SEP26-79000-C,78354.66,BTC-10SEP26,call,79000.0,2026-09-10T08:00:00+00:00,0.004847296580538444,0.0055,0.0065,0.00606954,0.006,78354.66,BTC-10SEP26,0.3455,0.36883,20.57815,18.5,23.5,0.001,BTC,78331.17,12632.29
2026-09-08T13:30:30.953430+00:00,BTC-30OCT26-110000-P,78780.44,BTC-30OCT26,put,110000.0,2026-10-30T08:00:00+00:00,0.1417398359371435,0.3955,0.402,0.39867227,0.39875,78780.44,BTC-30OCT26,0.475,-0.96218,24.42691,0.0,0.0,0.006500000000000006,BTC,78330.79,0.0
2026-09-08T13:30:30.953430+00:00,BTC-9SEP26-78000-C,78336.61,BTC-9SEP26,call,78000.0,2026-09-09T08:00:00+00:00,0.002109445793406343,0.008,0.009,0.00844202,0.0085,78336.61,BTC-9SEP26,0.3267,0.61502,13.75408,0.1,0.1,0.0009999999999999992,BTC,78330.79,98.45
2026-09-08T13:30:30.953430+00:00,BTC-9SEP26-80000-C,78345.72,BTC-9SEP26,call,80000.0,2026-09-09T08:00:00+00:00,0.002109445793406343,0.0007,0.001,0.00086037,0.00085,78345.72,BTC-9SEP26,0.3644,0.10608,6.59161,39.6,37.4,0.00030000000000000003,BTC,78330.79,5408.75
2026-09-08T13:30:30.953430+00:00,BTC-10SEP26-73000-P,78354.86,BTC-10SEP26,put,73000.0,2026-09-10T08:00:00+00:00,0.004847296580538444,0.0002,0.0003,0.00024004,0.00025,78354.86,BTC-10SEP26,0.49340000000000006,-0.0191,2.54,21.1,20.9,9.999999999999996e-05,BTC,78330.79,492.96
2026-09-08T13:30:30.953430+00:00,BTC-25DEC26-190000-C,79423.44,BTC-25DEC26,call,190000.0,2026-12-25T08:00:00+00:00,0.29505948001654114,0.0006,0.001,0.00072133,0.0008,79423.44,BTC-25DEC26,0.6147,0.00725,8.6754,1026.7,0.0,0.0004000000000000001,BTC,78331.17,0.0
2026-09-08T13:30:30.953430+00:00,BTC-25SEP26-105000-P,78460.41,BTC-25SEP26,put,105000.0,2026-09-25T08:00:00+00:00,0.04591505838751996,0.3355,0.342,0.33859208,0.33875,78460.41,BTC-25SEP26,0.5595,-0.99111,4.04454,105.3,0.0,0.006500000000000006,BTC,78331.17,0.0
2026-09-08T13:30:30.953430+00:00,BTC-25DEC26-230000-P,79423.8,BTC-25DEC26,put,230000.0,2026-12-25T08:00:00+00:00,0.29505948001654114,1.8785,1.909,1.89624329,1.89375,79423.8,BTC-25DEC26,0.6729,-0.99679,4.19651,0.0,0.0,0.03049999999999997,BTC,78330.79,0.0
2026-09-08T13:30:30.953430+00:00,BTC-25SEP26-72000-C,78451.3,BTC-25SEP26,call,72000.0,2026-09-25T08:00:00+00:00,0.04591505838751996,0.087,0.091,0.08891054,0.089,78451.3,BTC-25SEP26,0.395,0.85443,38.42801,3313.8,0.8,0.0040000000000000036,BTC,78330.79,5858.8
2026-09-08T13:30:30.953430+00:00,BTC-25SEP26-130000-P,78451.3,BTC-25SEP26,put,130000.0,2026-09-25T08:00:00+00:00,0.04591505838751996,0.653,0.661,0.65693596,0.657,78451.3,BTC-25SEP26,0.7629,-0.99868,0.73046,21.4,0.0,0.008000000000000007,BTC,78330.79,0.0
2026-09-08T13:30:30.953430+00:00,BTC-25SEP26-70000-P,78460.41,BTC-25SEP26,put,70000.0,2026-09-25T08:00:00+00:00,0.04591505838751996,0.0039,0.0042,0.00401728,0.00405,78460.41,BTC-25SEP26,0.4165,-0.09317,28.01749,8777.2,53.8,0.0002999999999999999,BTC,78330.79,15566.1
2026-09-08T13:30:30.953430+00:00,BTC-26MAR27-150000-C,80344.12,BTC-26MAR27,call,150000.0,2027-03-26T08:00:00+00:00,0.5442039016455624,0.0075,0.008,0.00755321,0.00775,80344.12,BTC-26MAR27,0.4806,0.05672,67.57791,1903.5,1.7,0.0005000000000000004,BTC,78330.41,1094.48
2026-09-08T13:30:30.953430+00:00,BTC-9SEP26-87000-P,78345.72,BTC-9SEP26,put,87000.0,2026-09-09T08:00:00+00:00,0.002109445793406343,0.108,0.113,0.11046059,0.1105,78345.72,BTC-9SEP26,0.4953,-1.0,0.00036,0.0,0.0,0.0050000000000000044,BTC,78330.41,0.0
2026-09-08T13:30:30.953430+00:00,BTC-25DEC26-45000-P,79423.44,BTC-25DEC26,put,45000.0,2026-12-25T08:00:00+00:00,0.29505948001654114,0.0033,0.0036,0.00350038,0.00345,79423.44,BTC-25DEC26,0.5852,-0.02588,25.95716,2844.5,1.0,0.0002999999999999999,BTC,78330.79,283.38
2026-09-08T13:30:30.953430+00:00,BTC-30OCT26-67000-P,78780.44,BTC-30OCT26,put,67000.0,2026-10-30T08:00:00+00:00,0.1417398359371435,0.0105,0.0115,0.01103194,0.011,78780.44,BTC-30OCT26,0.41340000000000005,-0.13171,63.33506,411.4,0.8,0.0009999999999999992,BTC,78330.41,682.34
2026-09-08T13:30:30.953430+00:00,BTC-25JUN27-125000-C,81370.62,BTC-25JUN27,call,125000.0,2027-06-25T08:00:00+00:00,0.7933483232745836,0.0325,0.034,0.03342424,0.03325,81370.62,BTC-25JUN27,0.4407,0.18477,193.34986,115.6,0.0,0.0015000000000000013,BTC,78330.41,0.0
2026-09-08T13:30:30.953430+00:00,BTC-25JUN27-60000-C,81370.62,BTC-25JUN27,call,60000.0,2027-06-25T08:00:00+00:00,0.7933483232745836,0.3035,0.3065,0.30543228,0.305,81370.62,BTC-25JUN27,0.4451,0.83302,181.3385,961.8,0.2,0.0030000000000000027,BTC,78330.41,4857.68
2026-09-08T13:30:30.953430+00:00,BTC-27NOV26-79000-P,79086.64,BTC-27NOV26,put,79000.0,2026-11-27T08:00:00+00:00,0.21839965797684235,0.072,0.073,0.07239528,0.0725,79086.64,BTC-27NOV26,0.3922,-0.46115,146.79501,93.7,1.2,0.0010000000000000009,BTC,78318.07,6719.13
2026-09-08T13:30:30.953430+00:00,BTC-30OCT26-59000-C,78780.44,BTC-30OCT26,call,59000.0,2026-10-30T08:00:00+00:00,0.1417398359371435,0.253,0.257,0.25509923,0.255,78780.44,BTC-30OCT26,0.48829999999999996,0.9519,29.66316,1.0,0.0,0.0040000000000000036,BTC,78318.07,0.0
2026-09-08T13:30:30.953430+00:00,BTC-10SEP26-81000-P,78354.86,BTC-10SEP26,put,81000.0,2026-09-10T08:00:00+00:00,0.004847296580538444,0.033,0.0375,0.0351125,0.03525,78354.86,BTC-10SEP26,0.379,-0.8943,9.96839,0.0,0.0,0.004499999999999997,BTC,78330.41,0.0
2026-09-08T13:30:30.953430+00:00,BTC-25JUN27-115000-C,81370.62,BTC-25JUN27,call,115000.0,2027-06-25T08:00:00+00:00,0.7933483232745836,0.044,0.046,0.04507639,0.045,81370.62,BTC-25JUN27,0.4303,0.23856,224.61645,38.2,0.0,0.0020000000000000018,BTC,78318.07,0.0
2026-09-08T13:30:30.953430+00:00,BTC-25SEP26-220000-C,78460.41,BTC-25SEP26,call,220000.0,2026-09-25T08:00:00+00:00,0.04591505838751996,,0.0001,2.9e-07,,78460.41,BTC-25SEP26,1.0735999999999999,1e-05,0.00488,241.9,0.0,,BTC,78330.41,0.0
2026-09-08T13:30:30.953430+00:00,BTC-26MAR27-106000-C,80344.12,BTC-26MAR27,call,106000.0,2027-03-26T08:00:00+00:00,0.5442039016455624,0.0345,0.036,0.03527745,0.03525,80344.12,BTC-26MAR27,0.4172,0.22767,178.98377,79.2,0.0,0.0014999999999999944,BTC,78318.07,0.0
2026-09-08T13:30:30.953430+00:00,BTC-10SEP26-82000-P,78354.86,BTC-10SEP26,put,82000.0,2026-09-10T08:00:00+00:00,0.004847296580538444,0.045,0.05,0.04716305,0.0475,78354.86,BTC-10SEP26,0.4012,-0.94797,5.80728,0.0,0.0,0.0050000000000000044,BTC,78318.07,0.0
2026-09-08T13:30:30.953430+00:00,BTC-30OCT26-48000-C,78780.44,BTC-30OCT26,call,48000.0,2026-10-30T08:00:00+00:00,0.1417398359371435,0.39,0.3935,0.39203699,0.39175,78780.44,BTC-30OCT26,0.632,0.9861,10.52141,0.1,0.0,0.003500000000000003,BTC,78318.07,0.0
2026-09-08T13:30:30.953430+00:00,BTC-11SEP26-80000-P,78354.09,BTC-11SEP26,put,80000.0,2026-09-11T08:00:00+00:00,0.0075851473676705455,0.025,0.0275,0.02642344,0.02625,78354.09,BTC-11SEP26,0.384,-0.72907,22.60437,284.4,0.1,0.0024999999999999988,BTC,78318.07,162.16
2026-09-08T13:30:30.953430+00:00,BTC-25SEP26-100000-C,78451.3,BTC-25SEP26,call,100000.0,2026-09-25T08:00:00+00:00,0.04591505838751996,0.0005,0.0008,0.00063409,0.00065,78451.3,BTC-25SEP26,0.5174,0.01642,6.88196,7229.4,100.2,0.00030000000000000003,BTC,78318.07,4759.45
2026-09-08T13:30:30.953430+00:00,BTC-26MAR27-98000-C,80344.12,BTC-26MAR27,call,98000.0,2027-03-26T08:00:00+00:00,0.5442039016455624,0.05,0.052,0.05098884,0.051,80344.12,BTC-26MAR27,0.4097,0.30616,207.97192,115.0,0.0,0.001999999999999995,BTC,78305.17,0.0
2026-09-08T13:30:30.953430+00:00,BTC-30OCT26-88000-P,78780.44,BTC-30OCT26,put,88000.0,2026-10-30T08:00:00+00:00,0.1417398359371435,0.135,0.1395,0.13735171,0.13725,78780.44,BTC-30OCT26,0.3918,-0.75121,94.00988,8.1,0.0,0.004500000000000004,BTC,78305.17,0.0
2026-09-08T13:30:30.953430+00:00,BTC-9SEP26-84000-C,78345.72,BTC-9SEP26,call,84000.0,2026-09-09T08:00:00+00:00,0.002109445793406343,,0.0001,3.31e-06,,78345.72,BTC-9SEP26,0.46549999999999997,0.00055,0.07005,29.6,6.4,,BTC,78305.17,60.07
2026-09-08T13:30:30.953430+00:00,BTC-30OCT26-102000-P,78789.55,BTC-30OCT26,put,102000.0,2026-10-30T08:00:00+00:00,0.1417398359371435,0.2965,0.3025,0.29959224,0.2995,78789.55,BTC-30OCT26,0.4436,-0.92839,40.53148,0.0,0.0,0.006000000000000005,BTC,78305.17,0.0
2026-09-08T13:30:30.953430+00:00,BTC-11SEP26-78000-C,78354.09,BTC-11SEP26,call,78000.0,2026-09-11T08:00:00+00:00,0.0075851473676705455,0.014,0.015,0.01468722,0.0145,78354.09,BTC-11SEP26,0.3527,0.56232,26.89394,963.3,41.0,0.0009999999999999992,BTC,78318.07,46405.81
2026-09-08T13:30:30.953430+00:00,BTC-25SEP26-60000-P,78460.41,BTC-25SEP26,put,60000.0,2026-09-25T08:00:00+00:00,0.04591505838751996,0.0005,0.0006,0.00055047,0.00055,78460.41,BTC-25SEP26,0.5733,-0.01247,5.43074,5324.6,6.6,9.999999999999994e-05,BTC,78318.07,315.23
2026-09-08T13:30:30.953430+00:00,BTC-27NOV26-88000-P,79086.64,BTC-27NOV26,put,88000.0,2026-11-27T08:00:00+00:00,0.21839965797684235,0.145,0.1485,0.14707367,0.14675,79086.64,BTC-27NOV26,0.3981,-0.68529,131.24255,0.0,0.0,0.003500000000000003,BTC,78305.17,0.0
2026-09-08T13:30:30.953430+00:00,BTC-25DEC26-72000-P,79423.44,BTC-25DEC26,put,72000.0,2026-12-25T08:00:00+00:00,0.29505948001654114,0.044,0.045,0.04460576,0.0445,79423.44,BTC-25DEC26,0.4033,-0.2894,147.51431,788.0,7.3,0.0010000000000000009,BTC,78305.17,24338.65
2026-09-08T13:30:30.953430+00:00,BTC-26MAR27-56000-C,80344.12,BTC-26MAR27,call,56000.0,2027-03-26T08:00:00+00:00,0.5442039016455624,0.321,0.3245,0.32335507,0.32275,80344.12,BTC-26MAR27,0.457,0.89216,109.86639,16.9,0.0,0.003500000000000003,BTC,78298.96,0.0
2026-09-08T13:30:30.953430+00:00,BTC-27NOV26-105000-P,79095.75,BTC-27NOV26,put,105000.0,2026-11-27T08:00:00+00:00,0.21839965797684235,0.333,0.339,0.33600376,0.336,79095.75,BTC-27NOV26,0.4326,-0.90352,63.18498,0.0,0.0,0.006000000000000005,BTC,78298.96,0.0
2026-09-08T13:30:30.953430+00:00,BTC-9SEP26-76000-C,78345.72,BTC-9SEP26,call,76000.0,2026-09-09T08:00:00+00:00,0.002109445793406343,0.028,0.0325,0.03043808,0.03025,78345.72,BTC-9SEP26,0.4251,0.9386,4.36317,0.0,0.0,0.0045000000000000005,BTC,78298.96,0.0
2026-09-08T13:30:30.953430+00:00,BTC-10SEP26-75000-P,78354.86,BTC-10SEP26,put,75000.0,2026-09-10T08:00:00+00:00,0.004847296580538444,0.0005,0.0007,0.00057563,0.0006,78354.86,BTC-10SEP26,0.38630000000000003,-0.05272,5.86642,34.0,29.5,0.00019999999999999998,BTC,78298.96,1325.79
2026-09-08T13:30:30.953430+00:00,BTC-25JUN27-55000-C,81370.62,BTC-25JUN27,call,55000.0,2027-06-25T08:00:00+00:00,0.7933483232745836,0.352,0.355,0.35428138,0.3535,81370.62,BTC-25JUN27,0.4604,0.87675,147.71844,2.9,0.0,0.0030000000000000027,BTC,78298.96,0.0
2026-09-08T13:30:30.953430+00:00,BTC-10SEP26-71000-C,78354.86,BTC-10SEP26,call,71000.0,2026-09-10T08:00:00+00:00,0.004847296580538444,0.0915,0.096,0.09399263,0.09375,78354.86,BTC-10SEP26,0.6125,0.98982,1.47681,0.0,0.0,0.004500000000000004,BTC,78298.96,0.0
2026-09-08T13:30:30.953430+00:00,BTC-27NOV26-93000-P,79086.64,BTC-27NOV26,put,93000.0,2026-11-27T08:00:00+00:00,0.21839965797684235,0.196,0.2005,0.19823916,0.19825,79086.64,BTC-27NOV26,0.4061,-0.77664,110.37764,2.0,0.0,0.004500000000000004,BTC,78298.96,0.0
2026-09-08T13:30:30.953430+00:00,BTC-27NOV26-108000-P,79086.64,BTC-27NOV26,put,108000.0,2026-11-27T08:00:00+00:00,0.21839965797684235,0.3695,0.375,0.3724056,0.37225,79086.64,BTC-27NOV26,0.4426,-0.91989,54.99824,0.0,0.0,0.005500000000000005,BTC,78298.96,0.0
2026-09-08T13:30:30.953430+00:00,BTC-25DEC26-56000-C,79423.44,BTC-25DEC26,call,56000.0,2026-12-25T08:00:00+00:00,0.29505948001654114,0.3015,0.305,0.30391832,0.30325,79423.44,BTC-25DEC26,0.47869999999999996,0.9294,58.29276,41.5,0.0,0.003500000000000003,BTC,78298.96,0.0
2026-09-08T13:30:30.953430+00:00,BTC-25SEP26-52000-P,78460.41,BTC-25SEP26,put,52000.0,2026-09-25T08:00:00+00:00,0.04591505838751996,0.0001,0.0002,0.00017735,0.00015,78460.41,BTC-25SEP26,0.7334999999999999,-0.00355,1.79074,1201.5,0.0,0.0001,BTC,78298.96,0.0
2026-09-08T13:30:30.953430+00:00,BTC-26MAR27-86000-P,80344.12,BTC-26MAR27,put,86000.0,2027-03-26T08:00:00+00:00,0.5442039016455624,0.16,0.162,0.16073866,0.161,80344.12,BTC-26MAR27,0.4033,-0.53223,235.68161,3.1,0.1,0.0020000000000000018,BTC,78301.3,1253.86
2026-09-08T13:30:30.953430+00:00,BTC-18SEP26-80000-C,78415.92,BTC-18SEP26,call,80000.0,2026-09-18T08:00:00+00:00,0.026750102877595255,0.0165,0.0175,0.01692462,0.017,78415.92,BTC-18SEP26,0.3911,0.3862,49.0581,537.9,15.0,0.0010000000000000009,BTC,78298.96,20464.15
2026-09-08T13:30:30.953430+00:00,BTC-26MAR27-40000-P,80344.12,BTC-26MAR27,put,40000.0,2027-03-26T08:00:00+00:00,0.5442039016455624,0.005,0.0055,0.00535169,0.00525,80344.12,BTC-26MAR27,0.5589,-0.02893,39.1297,1891.6,8.6,0.0004999999999999996,BTC,78301.3,3400.2
2026-09-08T13:30:30.953430+00:00,BTC-26MAR27-120000-C,80344.12,BTC-26MAR27,call,120000.0,2027-03-26T08:00:00+00:00,0.5442039016455624,0.019,0.0205,0.01970818,0.01975,80344.12,BTC-26MAR27,0.4351,0.13787,130.54852,790.9,0.0,0.0015000000000000013,BTC,78301.3,0.0
2026-09-08T13:30:30.953430+00:00,BTC-10SEP26-75000-C,78354.86,BTC-10SEP26,call,75000.0,2026-09-10T08:00:00+00:00,0.004847296580538444,0.041,0.0455,0.04337305,0.04325,78354.86,BTC-10SEP26,0.38630000000000003,0.9474,5.856,0.0,0.0,0.004499999999999997,BTC,78301.3,0.0
2026-09-08T13:30:30.953430+00:00,BTC-12SEP26-78500-P,78362.39,BTC-12SEP26,put,78500.0,2026-09-12T08:00:00+00:00,0.010322998154802646,0.0155,0.0165,0.01616197,0.016,78362.39,BTC-12SEP26,0.37770000000000004,-0.51483,31.73736,4.5,4.5,0.0010000000000000009,BTC,78301.3,5646.21
2026-09-08T13:30:30.953430+00:00,BTC-30OCT26-80000-C,78780.44,BTC-30OCT26,call,80000.0,2026-10-30T08:00:00+00:00,0.1417398359371435,0.0495,0.0505,0.04980294,0.05,78780.44,BTC-30OCT26,0.3778,0.48424,118.22667,1302.6,122.5,0.0010000000000000009,BTC,78301.3,499625.95
2026-09-08T13:30:30.953430+00:00,BTC-25JUN27-140000-C,81361.51,BTC-25JUN27,call,140000.0,2027-06-25T08:00:00+00:00,0.7933483232745836,0.0215,0.023,0.02227554,0.02225,81361.51,BTC-25JUN27,0.45659999999999995,0.12892,152.41746,387.7,0.1,0.0015000000000000013,BTC,78305.45,186.3
2026-09-08T13:30:30.953430+00:00,BTC-27NOV26-67000-C,79086.64,BTC-27NOV26,call,67000.0,2026-11-27T08:00:00+00:00,0.21839965797684235,0.1715,0.1745,0.17264613,0.173,79086.64,BTC-27NOV26,0.4178,0.82766,94.34966,0.0,0.0,0.002999999999999975,BTC,78305.45,0.0
2026-09-08T13:30:30.953430+00:00,BTC-30OCT26-96000-P,78780.44,BTC-30OCT26,put,96000.0,2026-10-30T08:00:00+00:00,0.1417398359371435,0.224,0.23,0.22691309,0.227,78780.44,BTC-30OCT26,0.4153,-0.88253,58.44613,0.1,0.0,0.006000000000000005,BTC,78305.45,0.0
2026-09-08T13:30:30.953430+00:00,BTC-11SEP26-77000-P,78354.09,BTC-11SEP26,put,77000.0,2026-09-11T08:00:00+00:00,0.0075851473676705455,0.005,0.006,0.00535179,0.0055,78354.09,BTC-11SEP26,0.35159999999999997,-0.28378,23.11772,582.9,69.3,0.001,BTC,78301.3,28007.09
2026-09-08T13:30:30.953430+00:00,BTC-25SEP26-190000-C,78460.41,BTC-25SEP26,call,190000.0,2026-09-25T08:00:00+00:00,0.04591505838751996,,0.0001,3.6e-07,,78460.41,BTC-25SEP26,0.9386,1e-05,0.00653,762.1,0.0,,BTC,78301.3,0.0
2026-09-08T13:30:30.953430+00:00,BTC-26MAR27-56000-P,80344.12,BTC-26MAR27,put,56000.0,2027-03-26T08:00:00+00:00,0.5442039016455624,0.0195,0.021,0.02027095,0.02025,80344.12,BTC-26MAR27,0.457,-0.10779,109.84092,123.0,0.1,0.0015000000000000013,BTC,78305.45,153.68
2026-09-08T13:30:30.953430+00:00,BTC-11SEP26-84000-C,78363.2,BTC-11SEP26,call,84000.0,2026-09-11T08:00:00+00:00,0.0075851473676705455,0.0005,0.0007,0.00065133,0.0006,78363.2,BTC-11SEP26,0.45380000000000004,0.04003,5.88344,1411.0,60.9,0.00019999999999999998,BTC,78301.3,2940.88
2026-09-08T13:30:30.953430+00:00,BTC-25JUN27-56000-C,81370.62,BTC-25JUN27,call,56000.0,2027-06-25T08:00:00+00:00,0.7933483232745836,0.342,0.345,0.34406749,0.3435,81370.62,BTC-25JUN27,0.4562,0.86893,154.16848,3.0,0.0,0.002999999999999947,BTC,78305.45,0.0
2026-09-08T13:30:30.953430+00:00,BTC-25SEP26-64000-C,78451.3,BTC-25SEP26,call,64000.0,2026-09-25T08:00:00+00:00,0.04591505838751996,0.1835,0.1875,0.18545632,0.1855,78451.3,BTC-25SEP26,0.5064,0.97302,10.4723,662.0,1.1,0.0040000000000000036,BTC,78305.45,16304.18
2026-09-08T13:30:30.953430+00:00,BTC-25JUN27-94000-C,81361.51,BTC-25JUN27,call,94000.0,2027-06-25T08:00:00+00:00,0.7933483232745836,0.0915,0.0935,0.09246358,0.0925,81361.51,BTC-25JUN27,0.4158,0.4186,283.0631,17.7,0.0,0.0020000000000000018,BTC,78303.24,0.0
2026-09-08T13:30:30.953430+00:00,BTC-25JUN27-200000-P,81370.62,BTC-25JUN27,put,200000.0,2027-06-25T08:00:00+00:00,0.7933483232745836,1.4445,1.4885,1.46484753,1.4665,81370.62,BTC-25JUN27,0.519,-0.95678,66.49167,2.1,0.0,0.04400000000000004,BTC,78303.24,0.0
2026-09-08T13:30:30.953430+00:00,BTC-27NOV26-78000-C,79086.64,BTC-27NOV26,call,78000.0,2026-11-27T08:00:00+00:00,0.21839965797684235,0.0795,0.0805,0.07978218,0.08,79086.64,BTC-27NOV26,0.39280000000000004,0.56564,145.44721,35.3,0.4,0.0010000000000000009,BTC,78303.24,2561.59
2026-09-08T13:30:30.953430+00:00,BTC-25SEP26-220000-P,78460.41,BTC-25SEP26,put,220000.0,2026-09-25T08:00:00+00:00,0.04591505838751996,1.796,1.812,1.80394646,1.804,78460.41,BTC-25SEP26,1.0735999999999999,-0.99999,0.00484,27.7,0.0,0.016000000000000014,BTC,78305.45,0.0
2026-09-08T13:30:30.953430+00:00,BTC-27NOV26-62000-P,79095.75,BTC-27NOV26,put,62000.0,2026-11-27T08:00:00+00:00,0.21839965797684235,0.0105,0.0115,0.01101706,0.011,79095.75,BTC-27NOV26,0.446,-0.10202,65.81704,107.3,0.0,0.0009999999999999992,BTC,78303.24,0.0
2026-09-08T13:30:30.953430+00:00,BTC-25DEC26-50000-C,79423.44,BTC-25DEC26,call,50000.0,2026-12-25T08:00:00+00:00,0.29505948001654114,0.3735,0.377,0.37570885,0.37525,79423.44,BTC-25DEC26,0.5315,0.95952,37.53173,260.7,0.0,0.003500000000000003,BTC,78303.24,0.0
2026-09-08T13:30:30.953430+00:00,BTC-18SEP26-82000-P,78415.92,BTC-18SEP26,put,82000.0,2026-09-18T08:00:00+00:00,0.026750102877595255,0.0535,0.0575,0.05559894,0.0555,78415.92,BTC-18SEP26,0.3995,-0.74495,41.18061,26.8,0.0,0.0040000000000000036,BTC,78303.24,0.0
2026-09-08T13:30:30.953430+00:00,BTC-30OCT26-45000-P,78780.44,BTC-30OCT26,put,45000.0,2026-10-30T08:00:00+00:00,0.1417398359371435,0.0007,0.001,0.00086595,0.00085,78780.44,BTC-30OCT26,0.669,-0.00944,7.51753,220.0,0.0,0.00030000000000000003,BTC,78303.24,0.0
2026-09-08T13:30:30.953430+00:00,BTC-30OCT26-69000-C,78780.44,BTC-30OCT26,call,69000.0,2026-10-30T08:00:00+00:00,0.1417398359371435,0.137,0.141,0.13913663,0.139,78780.44,BTC-30OCT26,0.40259999999999996,0.82835,75.5188,685.1,0.0,0.003999999999999976,BTC,78303.24,0.0
2026-09-08T13:30:30.953430+00:00,BTC-25JUN27-84000-C,81361.51,BTC-25JUN27,call,84000.0,2027-06-25T08:00:00+00:00,0.7933483232745836,0.132,0.1345,0.13336207,0.13325,81361.51,BTC-25JUN27,0.41479999999999995,0.53875,287.72223,18.9,0.0,0.0025000000000000022,BTC,78299.06,0.0
2026-09-08T13:30:30.953430+00:00,BTC-25SEP26-40000-P,78451.3,BTC-25SEP26,put,40000.0,2026-09-25T08:00:00+00:00,0.04591505838751996,,0.0001,6.227e-05,,78451.3,BTC-25SEP26,1.0495999999999999,-0.00095,0.54102,2816.8,0.0,,BTC,78303.24,0.0
2026-09-08T13:30:30.953430+00:00,BTC-25SEP26-280000-P,78451.3,BTC-25SEP26,put,280000.0,2026-09-25T08:00:00+00:00,0.04591505838751996,2.5575,2.5805,2.56865902,2.569,78451.3,BTC-25SEP26,1.2987,-1.0,0.00363,0.0,0.0,0.022999999999999687,BTC,78303.24,0.0
2026-09-08T13:30:30.953430+00:00,BTC-30OCT26-69000-P,78780.44,BTC-30OCT26,put,69000.0,2026-10-30T08:00:00+00:00,0.1417398359371435,0.0145,0.0155,0.01488795,0.015,78780.44,BTC-30OCT26,0.40259999999999996,-0.17174,75.5401,295.6,0.4,0.0009999999999999992,BTC,78299.06,410.07
2026-09-08T13:30:30.953430+00:00,BTC-9SEP26-85000-P,78345.72,BTC-9SEP26,put,85000.0,2026-09-09T08:00:00+00:00,0.002109445793406343,0.0825,0.0875,0.08493315,0.085,78345.72,BTC-9SEP26,0.4681,-0.99993,0.01036,0.0,0.0,0.0049999999999999906,BTC,78299.06,0.0
2026-09-08T13:30:30.953430+00:00,BTC-27NOV26-82000-P,79086.64,BTC-27NOV26,put,82000.0,2026-11-27T08:00:00+00:00,0.21839965797684235,0.0935,0.0945,0.09425506,0.094,79086.64,BTC-27NOV26,0.3926,-0.54273,146.59656,26.0,0.0,0.0010000000000000009,BTC,78299.06,0.0
2026-09-08T13:30:30.953430+00:00,BTC-30OCT26-62000-P,78780.44,BTC-30OCT26,put,62000.0,2026-10-30T08:00:00+00:00,0.1417398359371435,0.0055,0.006,0.00567751,0.00575,78780.44,BTC-30OCT26,0.457,-0.07008,39.85356,1207.6,21.0,0.0005000000000000004,BTC,78299.06,8466.37
2026-09-08T13:30:30.953430+00:00,BTC-18SEP26-81000-C,78415.92,BTC-18SEP26,call,81000.0,2026-09-18T08:00:00+00:00,0.026750102877595255,0.0125,0.013,0.01290937,0.01275,78415.92,BTC-18SEP26,0.3947,0.31614,45.6201,689.2,368.7,0.0004999999999999987,BTC,78299.06,397256.3
2026-09-08T13:30:30.953430+00:00,BTC-25JUN27-88000-P,81370.62,BTC-25JUN27,put,88000.0,2027-06-25T08:00:00+00:00,0.7933483232745836,0.196,0.1985,0.19656665,0.19725,81370.62,BTC-25JUN27,0.41450000000000004,-0.51151,288.96661,4.7,0.0,0.0025000000000000022,BTC,78298.86,0.0
2026-09-08T13:30:30.953430+00:00,BTC-12SEP26-81500-C,78362.39,BTC-12SEP26,call,81500.0,2026-09-12T08:00:00+00:00,0.010322998154802646,0.0039,0.004,0.0039373,0.00395,78362.39,BTC-12SEP26,0.40880000000000005,0.17507,20.52581,71.2,80.1,0.00010000000000000026,BTC,78299.06,28636.39
2026-09-08T13:30:30.953430+00:00,BTC-30OCT26-40000-C,78780.44,BTC-30OCT26,call,40000.0,2026-10-30T08:00:00+00:00,0.1417398359371435,0.4915,0.494,0.49279305,0.49275,78780.44,BTC-30OCT26,0.738,0.99501,4.2845,0.1,0.0,0.0025000000000000022,BTC,78298.86,0.0
2026-09-08T13:30:30.953430+00:00,BTC-30OCT26-86000-P,78780.44,BTC-30OCT26,put,86000.0,2026-10-30T08:00:00+00:00,0.1417398359371435,0.1155,0.119,0.11708552,0.11725,78780.44,BTC-30OCT26,0.38670000000000004,-0.70268,102.69586,98.5,0.0,0.0034999999999999892,BTC,78298.86,0.0
2026-09-08T13:30:30.953430+00:00,BTC-12SEP26-87000-C,78362.39,BTC-12SEP26,call,87000.0,2026-09-12T08:00:00+00:00,0.010322998154802646,0.0004,0.0006,0.00043252,0.0005,78362.39,BTC-12SEP26,0.5077,0.02229,4.22394,0.2,0.2,0.00019999999999999993,BTC,78299.06,7.07
2026-09-08T13:30:30.953430+00:00,BTC-10SEP26-83000-C,78354.86,BTC-10SEP26,call,83000.0,2026-09-10T08:00:00+00:00,0.004847296580538444,0.0002,0.0005,0.00032369,0.00035,78354.86,BTC-10SEP26,0.4307,0.02726,3.42687,1.5,1.4,0.00030000000000000003,BTC,78298.86,52.06
2026-09-08T13:30:30.953430+00:00,BTC-26MAR27-82000-P,80344.12,BTC-26MAR27,put,82000.0,2027-03-26T08:00:00+00:00,0.5442039016455624,0.129,0.131,0.12962708,0.13,80344.12,BTC-26MAR27,0.4019,-0.46878,235.72427,6.9,0.0,0.0020000000000000018,BTC,78298.86,0.0
2026-09-08T13:30:30.953430+00:00,BTC-25DEC26-64000-C,79423.8,BTC-25DEC26,call,64000.0,2026-12-25T08:00:00+00:00,0.29505948001654114,0.212,0.216,0.21419312,0.214,79423.8,BTC-25DEC26,0.4296,0.8507,100.25376,405.0,0.0,0.0040000000000000036,BTC,78298.86,0.0
2026-09-08T13:30:30.953430+00:00,BTC-26MAR27-95000-P,80353.23,BTC-26MAR27,put,95000.0,2027-03-26T08:00:00+00:00,0.5442039016455624,0.239,0.2435,0.2409506,0.24125,80353.23,BTC-26MAR27,0.4071,-0.65862,217.50373,0.4,0.0,0.004500000000000004,BTC,78298.86,0.0
2026-09-08T13:30:30.953430+00:00,BTC-12SEP26-75000-C,78362.39,BTC-12SEP26,call,75000.0,2026-09-12T08:00:00+00:00,0.010322998154802646,0.0435,0.0475,0.04562695,0.0455,78362.39,BTC-12SEP26,0.3898,0.86778,17.03846,0.0,0.0,0.0040000000000000036,BTC,78298.86,0.0
2026-09-08T13:30:30.953430+00:00,BTC-25DEC26-95000-C,79423.44,BTC-25DEC26,call,95000.0,2026-12-25T08:00:00+00:00,0.29505948001654114,0.0275,0.0285,0.02802464,0.028,79423.44,BTC-25DEC26,0.4043,0.23956,133.95685,1480.9,0.0,0.0010000000000000009,BTC,78298.86,0.0
2026-09-08T13:30:30.953430+00:00,BTC-11SEP26-82000-C,78354.09,BTC-11SEP26,call,82000.0,2026-09-11T08:00:00+00:00,0.0075851473676705455,0.0017,0.0021,0.00189252,0.0019,78354.09,BTC-11SEP26,0.4174,0.10671,12.55254,1802.5,73.4,0.00039999999999999996,BTC,78298.86,15392.48
2026-09-08T13:30:30.953430+00:00,BTC-27NOV26-105000-C,79095.75,BTC-27NOV26,call,105000.0,2026-11-27T08:00:00+00:00,0.21839965797684235,0.008,0.009,0.00849998,0.0085,79095.75,BTC-27NOV26,0.4326,0.09642,63.14841,18.4,0.1,0.0009999999999999992,BTC,78299.55,71.26
2026-09-08T13:30:30.953430+00:00,BTC-25SEP26-95000-C,78451.3,BTC-25SEP26,call,95000.0,2026-09-25T08:00:00+00:00,0.04591505838751996,0.0011,0.0014,0.00126095,0.00125,78451.3,BTC-25SEP26,0.4721,0.0325,12.21941,5505.9,103.0,0.0002999999999999999,BTC,78298.86,12127.16
2026-09-08T13:30:30.953430+00:00,BTC-27NOV26-94000-C,79095.75,BTC-27NOV26,call,94000.0,2026-11-27T08:00:00+00:00,0.21839965797684235,0.02,0.021,0.02051088,0.0205,79095.75,BTC-27NOV26,0.4071,0.20762,105.79565,49.1,1.0,0.0010000000000000009,BTC,78299.55,1716.1
2026-09-08T13:30:30.953430+00:00,BTC-11SEP26-74000-P,78354.09,BTC-11SEP26,put,74000.0,2026-09-11T08:00:00+00:00,0.0075851473676705455,0.0007,0.0009,0.00081735,0.0008,78354.09,BTC-11SEP26,0.4119,-0.05482,7.5708,989.8,28.7,0.00019999999999999998,BTC,78298.86,2020.04
2026-09-08T13:30:30.953430+00:00,BTC-25SEP26-35000-C,78451.3,BTC-25SEP26,call,35000.0,2026-09-25T08:00:00+00:00,0.04591505838751996,0.553,0.5545,0.55392785,0.55375,78451.3,BTC-25SEP26,1.0855,0.99983,0.10912,29.3,0.0,0.0014999999999999458,BTC,78298.86,0.0
2026-09-08T13:30:30.953430+00:00,BTC-10SEP26-71000-P,78354.86,BTC-10SEP26,put,71000.0,2026-09-10T08:00:00+00:00,0.004847296580538444,0.0001,0.0002,0.0001444,0.00015,78354.86,BTC-10SEP26,0.6125,-0.01018,1.47623,27.0,25.4,0.0001,BTC,78299.55,400.22
2026-09-08T13:30:30.953430+00:00,BTC-25DEC26-240000-P,79423.8,BTC-25DEC26,put,240000.0,2026-12-25T08:00:00+00:00,0.29505948001654114,2.005,2.0345,2.02214612,2.01975,79423.8,BTC-25DEC26,0.6948000000000001,-0.99695,4.01147,0.0,0.0,0.02950000000000008,BTC,78299.55,0.0
2026-09-08T13:30:30.953430+00:00,BTC-18SEP26-88000-P,78416.07,BTC-18SEP26,put,88000.0,2026-09-18T08:00:00+00:00,0.026750102877595255,0.122,0.127,0.12422154,0.1245,78416.07,BTC-18SEP26,0.44670000000000004,-0.93927,15.41901,0.0,0.0,0.0050000000000000044,BTC,78299.55,0.0
2026-09-08T13:30:30.953430+00:00,BTC-10SEP26-77000-C,78354.86,BTC-10SEP26,call,77000.0,2026-09-10T08:00:00+00:00,0.004847296580538444,0.019,0.0215,0.02025041,0.02025,78354.86,BTC-10SEP26,0.33149999999999996,0.77094,16.5217,0.0,0.0,0.0024999999999999988,BTC,78299.55,0.0
2026-09-08T13:30:30.953430+00:00,BTC-25JUN27-105000-C,81361.51,BTC-25JUN27,call,105000.0,2027-06-25T08:00:00+00:00,0.7933483232745836,0.0615,0.0635,0.06252244,0.0625,81361.51,BTC-25JUN27,0.4214,0.31115,256.05941,152.5,0.0,0.0020000000000000018,BTC,78299.65,0.0
2026-09-08T13:30:30.953430+00:00,BTC-25DEC26-86000-P,79423.44,BTC-25DEC26,put,86000.0,2026-12-25T08:00:00+00:00,0.29505948001654114,0.1355,0.138,0.13648464,0.13675,79423.44,BTC-25DEC26,0.3954,-0.60467,166.12131,59.3,0.0,0.0025000000000000022,BTC,78299.55,0.0
2026-09-08T13:30:30.953430+00:00,BTC-25SEP26-200000-C,78451.3,BTC-25SEP26,call,200000.0,2026-09-25T08:00:00+00:00,0.04591505838751996,,0.0001,3.1e-07,,78451.3,BTC-25SEP26,0.9823999999999999,1e-05,0.00543,1018.5,0.0,,BTC,78299.55,0.0
2026-09-08T13:30:30.953430+00:00,BTC-26MAR27-150000-P,80353.23,BTC-26MAR27,put,150000.0,2027-03-26T08:00:00+00:00,0.5442039016455624,0.87,0.8805,0.87429219,0.87525,80353.23,BTC-26MAR27,0.4806,-0.9434,67.44412,0.6,0.0,0.010499999999999954,BTC,78299.65,0.0
2026-09-08T13:30:30.953430+00:00,BTC-9SEP26-89000-P,78345.72,BTC-9SEP26,put,89000.0,2026-09-09T08:00:00+00:00,0.002109445793406343,0.1335,0.139,0.13598841,0.13625,78345.72,BTC-9SEP26,0.5794,-1.0,0.00014,0.0,0.0,0.005500000000000005,BTC,78299.65,0.0
2026-09-08T13:30:30.953430+00:00,BTC-27NOV26-84000-P,79095.75,BTC-27NOV26,put,84000.0,2026-11-27T08:00:00+00:00,0.21839965797684235,0.1095,0.111,0.11055305,0.11025,79095.75,BTC-27NOV26,0.3935,-0.59404,143.31905,4.5,5.1,0.0015000000000000013,BTC,78299.55,42310.27
2026-09-08T13:30:30.953430+00:00,BTC-25SEP26-45000-P,78451.3,BTC-25SEP26,put,45000.0,2026-09-25T08:00:00+00:00,0.04591505838751996,,0.0002,7.115e-05,,78451.3,BTC-25SEP26,0.8865999999999999,-0.00127,0.7066,2175.4,1.6,,BTC,78299.65,12.66
2026-09-08T13:30:30.953430+00:00,BTC-25DEC26-20000-C,79423.8,BTC-25DEC26,call,20000.0,2026-12-25T08:00:00+00:00,0.29505948001654114,0.748,0.749,0.74857708,0.7485,79423.8,BTC-25DEC26,0.981,0.99783,2.94039,4.9,0.7,0.0010000000000000009,BTC,78299.65,41462.47
2026-09-08T13:30:30.953430+00:00,BTC-26MAR27-110000-C,80344.12,BTC-26MAR27,call,110000.0,2027-03-26T08:00:00+00:00,0.5442039016455624,0.029,0.0305,0.02969394,0.02975,80344.12,BTC-26MAR27,0.42219999999999996,0.1966,164.20104,1157.6,0.0,0.0014999999999999979,BTC,78289.36,0.0
2026-09-08T13:30:30.953430+00:00,BTC-25SEP26-145000-C,78460.41,BTC-25SEP26,call,145000.0,2026-09-25T08:00:00+00:00,0.04591505838751996,,0.0001,6.23e-06,,78460.41,BTC-25SEP26,0.7775,0.00016,0.10104,490.3,0.0,,BTC,78299.65,0.0
2026-09-08T13:30:30.953430+00:00,BTC-26MAR27-125000-C,80344.12,BTC-26MAR27,call,125000.0,2027-03-26T08:00:00+00:00,0.5442039016455624,0.0155,0.017,0.01644782,0.01625,80344.12,BTC-26MAR27,0.4429,0.11698,116.43117,302.6,0.0,0.0015000000000000013,BTC,78289.36,0.0
2026-09-08T13:30:30.953430+00:00,BTC-11SEP26-83000-C,78363.2,BTC-11SEP26,call,83000.0,2026-09-11T08:00:00+00:00,0.0075851473676705455,0.001,0.0013,0.00111799,0.00115,78363.2,BTC-11SEP26,0.4366,0.06598,8.75261,431.0,28.5,0.0002999999999999999,BTC,78299.65,2169.3
2026-09-08T13:30:30.953430+00:00,BTC-25DEC26-150000-P,79424.49,BTC-25DEC26,put,150000.0,2026-12-25T08:00:00+00:00,0.29505948001654114,0.887,0.8955,0.89060079,0.89125,79424.49,BTC-25DEC26,0.5331,-0.97991,20.9645,4.4,0.0,0.008499999999999952,BTC,78289.36,0.0
2026-09-08T13:30:30.953430+00:00,BTC-25JUN27-120000-P,81361.51,BTC-25JUN27,put,120000.0,2027-06-25T08:00:00+00:00,0.7933483232745836,0.511,0.517,0.51345041,0.514,81361.51,BTC-25JUN27,0.43560000000000004,-0.79051,208.54505,0.9,0.8,0.006000000000000005,BTC,78289.36,32066.49
2026-09-08T13:30:30.953430+00:00,BTC-30OCT26-87000-P,78789.55,BTC-30OCT26,put,87000.0,2026-10-30T08:00:00+00:00,0.1417398359371435,0.125,0.129,0.12713448,0.127,78789.55,BTC-30OCT26,0.3896,-0.72762,98.49195,29.0,0.0,0.0040000000000000036,BTC,78289.36,0.0
2026-09-08T13:30:30.953430+00:00,BTC-30OCT26-63000-P,78780.44,BTC-30OCT26,put,63000.0,2026-10-30T08:00:00+00:00,0.1417398359371435,0.006,0.007,0.00650863,0.0065,78780.44,BTC-30OCT26,0.4484,-0.07997,44.07376,597.5,97.0,0.001,BTC,78289.36,43072.02
2026-09-08T13:30:30.953430+00:00,BTC-25SEP26-160000-C,78451.3,BTC-25SEP26,call,160000.0,2026-09-25T08:00:00+00:00,0.04591505838751996,,0.0001,1.36e-06,,78451.3,BTC-25SEP26,0.8188,3e-05,0.02472,1498.4,0.0,,BTC,78289.36,0.0
2026-09-08T13:30:30.953430+00:00,BTC-11SEP26-60000-P,78363.2,BTC-11SEP26,put,60000.0,2026-09-11T08:00:00+00:00,0.0075851473676705455,,0.0001,3.3e-07,,78363.2,BTC-11SEP26,0.7565999999999999,-2e-05,0.00673,98.1,0.0,,BTC,78289.36,0.0
2026-09-08T13:30:30.953430+00:00,BTC-9SEP26-72000-C,78345.72,BTC-9SEP26,call,72000.0,2026-09-09T08:00:00+00:00,0.002109445793406343,0.0785,0.083,0.08112619,0.08075,78345.72,BTC-9SEP26,0.7985,0.98933,1.01411,0.0,0.0,0.004500000000000004,BTC,78285.27,0.0
2026-09-08T13:30:30.953430+00:00,BTC-25JUN27-64000-P,81361.51,BTC-25JUN27,put,64000.0,2027-06-25T08:00:00+00:00,0.7933483232745836,0.055,0.057,0.05595991,0.056,81361.51,BTC-25JUN27,0.4365,-0.20889,208.16618,62.4,2.3,0.0020000000000000018,BTC,78289.36,9970.21
2026-09-08T13:30:30.953430+00:00,BTC-25JUN27-95000-C,81370.62,BTC-25JUN27,call,95000.0,2027-06-25T08:00:00+00:00,0.7933483232745836,0.088,0.0905,0.08924712,0.08925,81370.62,BTC-25JUN27,0.4164,0.40764,281.2707,56.9,0.1,0.0025000000000000022,BTC,78289.36,715.76
2026-09-08T13:30:30.953430+00:00,BTC-25JUN27-65000-C,81370.62,BTC-25JUN27,call,65000.0,2027-06-25T08:00:00+00:00,0.7933483232745836,0.259,0.262,0.260866,0.2605,81370.62,BTC-25JUN27,0.43450000000000005,0.77997,214.55087,1.7,0.0,0.0030000000000000027,BTC,78289.36,0.0
2026-09-08T13:30:30.953430+00:00,BTC-12SEP26-82000-C,78362.39,BTC-12SEP26,call,82000.0,2026-09-12T08:00:00+00:00,0.010322998154802646,0.0031,0.0033,0.00314122,0.0032,78362.39,BTC-12SEP26,0.4158,0.14296,17.96821,9.6,9.6,0.0002000000000000001,BTC,78285.27,2450.28
2026-09-08T13:30:30.953430+00:00,BTC-25DEC26-98000-C,79423.44,BTC-25DEC26,call,98000.0,2026-12-25T08:00:00+00:00,0.29505948001654114,0.0225,0.023,0.02277497,0.02275,79423.44,BTC-25DEC26,0.40950000000000003,0.20144,121.26319,342.7,0.6,0.0005000000000000004,BTC,78285.27,1118.34
2026-09-08T13:30:30.953430+00:00,BTC-30OCT26-79000-P,78780.44,BTC-30OCT26,put,79000.0,2026-10-30T08:00:00+00:00,0.1417398359371435,0.0575,0.0585,0.05808091,0.058,78780.44,BTC-30OCT26,0.3774,-0.48112,118.16222,534.8,59.1,0.0010000000000000009,BTC,78285.27,252950.7
2026-09-08T13:30:30.953430+00:00,BTC-30OCT26-98000-C,78780.44,BTC-30OCT26,call,98000.0,2026-10-30T08:00:00+00:00,0.1417398359371435,0.0065,0.0075,0.00696905,0.007,78780.44,BTC-30OCT26,0.4233,0.09793,51.24591,282.5,0.3,0.001,BTC,78280.0,173.41
2026-09-08T13:30:30.953430+00:00,BTC-25DEC26-108000-P,79423.44,BTC-25DEC26,put,108000.0,2026-12-25T08:00:00+00:00,0.29505948001654114,0.369,0.3755,0.37179237,0.37225,79423.44,BTC-25DEC26,0.4302,-0.88504,83.69342,0.1,0.0,0.006500000000000006,BTC,78285.27,0.0
2026-09-08T13:30:30.953430+00:00,BTC-25JUN27-74000-P,81361.51,BTC-25JUN27,put,74000.0,2027-06-25T08:00:00+00:00,0.7933483232745836,0.1005,0.1025,0.10141211,0.1015,81361.51,BTC-25JUN27,0.4216,-0.33043,262.51809,12.2,0.1,0.001999999999999988,BTC,78285.27,788.18
2026-09-08T13:30:30.953430+00:00,BTC-27NOV26-66000-C,79095.75,BTC-27NOV26,call,66000.0,2026-11-27T08:00:00+00:00,0.21839965797684235,0.182,0.185,0.18310352,0.1835,79095.75,BTC-27NOV26,0.4225,0.84419,88.35485,0.0,0.0,0.0030000000000000027,BTC,78285.27,0.0
2026-09-08T13:30:30.953430+00:00,BTC-25SEP26-86000-C,78460.41,BTC-25SEP26,call,86000.0,2026-09-25T08:00:00+00:00,0.04591505838751996,0.0065,0.007,0.00669268,0.00675,78460.41,BTC-25SEP26,0.4032,0.1522,39.56593,1895.4,11.7,0.0005000000000000004,BTC,78285.27,6394.46
2026-09-08T13:30:30.953430+00:00,BTC-25DEC26-115000-C,79423.44,BTC-25DEC26,call,115000.0,2026-12-25T08:00:00+00:00,0.29505948001654114,0.0075,0.0085,0.00797594,0.008,79423.44,BTC-25DEC26,0.4459,0.07931,63.69095,2332.4,0.0,0.0010000000000000009,BTC,78280.0,0.0
2026-09-08T13:30:30.953430+00:00,BTC-26MAR27-140000-P,80344.12,BTC-26MAR27,put,140000.0,2027-03-26T08:00:00+00:00,0.5442039016455624,0.749,0.7555,0.75226358,0.75225,80344.12,BTC-26MAR27,0.46490000000000004,-0.92627,82.79194,9.6,7.7,0.00649999999999995,BTC,78280.0,452526.97
2026-09-08T13:30:30.953430+00:00,BTC-25DEC26-80000-P,79423.44,BTC-25DEC26,put,80000.0,2026-12-25T08:00:00+00:00,0.29505948001654114,0.089,0.09,0.08984603,0.0895,79423.44,BTC-25DEC26,0.3969,-0.47186,171.60647,1282.9,20.2,0.0010000000000000009,BTC,78280.0,136730.67
2026-09-08T13:30:30.953430+00:00,BTC-25SEP26-56000-P,78451.3,BTC-25SEP26,put,56000.0,2026-09-25T08:00:00+00:00,0.04591505838751996,0.0002,0.0004,0.00028894,0.0003,78451.3,BTC-25SEP26,0.647,-0.00628,2.97702,1689.2,0.2,0.0002,BTC,78280.0,5.52
2026-09-08T13:30:30.953430+00:00,BTC-11SEP26-69000-P,78354.09,BTC-11SEP26,put,69000.0,2026-09-11T08:00:00+00:00,0.0075851473676705455,0.0001,0.0003,0.00014446,0.0002,78354.09,BTC-11SEP26,0.6134000000000001,-0.00834,1.55082,645.7,1.6,0.00019999999999999998,BTC,78280.0,17.35
2026-09-08T13:30:30.953430+00:00,BTC-26MAR27-70000-P,80344.12,BTC-26MAR27,put,70000.0,2027-03-26T08:00:00+00:00,0.5442039016455624,0.06,0.0615,0.06062976,0.06075,80344.12,BTC-26MAR27,0.41479999999999995,-0.27379,197.28885,772.8,0.0,0.0015000000000000013,BTC,78278.36,0.0
2026-09-08T13:30:30.953430+00:00,BTC-25JUN27-86000-C,81370.62,BTC-25JUN27,call,86000.0,2027-06-25T08:00:00+00:00,0.7933483232745836,0.1225,0.125,0.12393125,0.12375,81370.62,BTC-25JUN27,0.4146,0.51318,288.87953,26.8,0.0,0.0025000000000000022,BTC,78280.0,0.0
2026-09-08T13:30:30.953430+00:00,BTC-27NOV26-100000-C,79095.75,BTC-27NOV26,call,100000.0,2026-11-27T08:00:00+00:00,0.21839965797684235,0.012,0.013,0.0124872,0.0125,79095.75,BTC-27NOV26,0.42,0.13563,80.47628,103.4,3.6,0.0009999999999999992,BTC,78280.0,3639.41
2026-09-08T13:30:30.953430+00:00,BTC-26MAR27-64000-C,80344.12,BTC-26MAR27,call,64000.0,2027-03-26T08:00:00+00:00,0.5442039016455624,0.24,0.2435,0.24217921,0.24175,80344.12,BTC-26MAR27,0.4282,0.80944,161.08443,137.8,0.0,0.003500000000000003,BTC,78278.36,0.0
2026-09-08T13:30:30.953430+00:00,BTC-25DEC26-82000-P,79423.44,BTC-25DEC26,put,82000.0,2026-12-25T08:00:00+00:00,0.29505948001654114,0.1035,0.1045,0.10406812,0.104,79423.44,BTC-25DEC26,0.39520000000000005,-0.51799,171.85535,256.1,1.4,0.0010000000000000009,BTC,78278.36,11409.8
2026-09-08T13:30:30.953430+00:00,BTC-9SEP26-82000-P,78345.72,BTC-9SEP26,put,82000.0,2026-09-09T08:00:00+00:00,0.002109445793406343,0.0445,0.0495,0.04676591,0.047,78345.72,BTC-9SEP26,0.4629,-0.98504,1.35829,2.0,0.0,0.0050000000000000044,BTC,78278.36,0.0
2026-09-08T13:30:30.953430+00:00,BTC-25DEC26-90000-P,79423.44,BTC-25DEC26,put,90000.0,2026-12-25T08:00:00+00:00,0.29505948001654114,0.172,0.175,0.17325616,0.1735,79423.44,BTC-25DEC26,0.3978,-0.68225,153.75162,654.9,0.1,0.0030000000000000027,BTC,78278.36,1327.38
2026-09-08T13:30:30.953430+00:00,BTC-26MAR27-50000-C,80344.12,BTC-26MAR27,call,50000.0,2027-03-26T08:00:00+00:00,0.5442039016455624,0.388,0.3915,0.39000745,0.38975,80344.12,BTC-26MAR27,0.48729999999999996,0.93283,77.06842,21.6,0.0,0.003500000000000003,BTC,78278.36,0.0
2026-09-08T13:30:30.953430+00:00,BTC-10SEP26-74000-C,78354.86,BTC-10SEP26,call,74000.0,2026-09-10T08:00:00+00:00,0.004847296580538444,0.0535,0.058,0.05591737,0.05575,78354.86,BTC-10SEP26,0.43939999999999996,0.96828,3.88502,0.0,0.0,0.004500000000000004,BTC,78278.36,0.0
2026-09-08T13:30:30.953430+00:00,BTC-30OCT26-74000-P,78780.44,BTC-30OCT26,put,74000.0,2026-10-30T08:00:00+00:00,0.1417398359371435,0.03,0.031,0.03043614,0.0305,78780.44,BTC-30OCT26,0.3823,-0.30809,104.30672,254.5,19.2,0.0010000000000000009,BTC,78269.29,41846.71
2026-09-08T13:30:30.953430+00:00,BTC-25JUN27-140000-P,81361.51,BTC-25JUN27,put,140000.0,2027-06-25T08:00:00+00:00,0.7933483232745836,0.739,0.747,0.74278219,0.743,81361.51,BTC-25JUN27,0.45659999999999995,-0.87126,152.22061,3.4,0.8,0.008000000000000007,BTC,78278.36,46533.57
2026-09-08T13:30:30.953430+00:00,BTC-25DEC26-180000-P,79424.49,BTC-25DEC26,put,180000.0,2026-12-25T08:00:00+00:00,0.29505948001654114,1.259,1.2775,1.26724413,1.26825,79424.49,BTC-25DEC26,0.5946,-0.99118,10.29649,0.1,0.0,0.018500000000000183,BTC,78278.36,0.0
2026-09-08T13:30:30.953430+00:00,BTC-25SEP26-83000-C,78451.3,BTC-25SEP26,call,83000.0,2026-09-25T08:00:00+00:00,0.04591505838751996,0.0125,0.013,0.01275841,0.01275,78451.3,BTC-25SEP26,0.3886,0.25997,54.50383,1351.2,2.1,0.0004999999999999987,BTC,78278.36,2397.68
2026-09-08T13:30:30.953430+00:00,BTC-9SEP26-89000-C,78345.72,BTC-9SEP26,call,89000.0,2026-09-09T08:00:00+00:00,0.002109445793406343,,0.0001,0.0,,78345.72,BTC-9SEP26,0.5794,0.0,0.00014,40.7,0.0,,BTC,78269.29,0.0
2026-09-08T13:30:30.953430+00:00,BTC-27NOV26-110000-P,79095.75,BTC-27NOV26,put,110000.0,2026-11-27T08:00:00+00:00,0.21839965797684235,0.394,0.3995,0.39669168,0.39675,79095.75,BTC-27NOV26,0.4465,-0.93046,49.35953,0.0,0.0,0.005500000000000005,BTC,78278.36,0.0
2026-09-08T13:30:30.953430+00:00,BTC-25JUN27-76000-C,81370.62,BTC-25JUN27,call,76000.0,2027-06-25T08:00:00+00:00,0.7933483232745836,0.177,0.1795,0.17880778,0.17825,81370.62,BTC-25JUN27,0.41979999999999995,0.64336,270.14361,22.6,0.2,0.0025000000000000022,BTC,78269.29,2810.73
2026-09-08T13:30:30.953430+00:00,BTC-25DEC26-35000-P,79423.44,BTC-25DEC26,put,35000.0,2026-12-25T08:00:00+00:00,0.29505948001654114,0.0014,0.0016,0.00152419,0.0015,79423.44,BTC-25DEC26,0.7098,-0.0103,11.79497,2390.6,2.8,0.0002000000000000001,BTC,78269.29,329.24
2026-09-08T13:30:30.953430+00:00,BTC-25SEP26-150000-P,78451.3,BTC-25SEP26,put,150000.0,2026-09-25T08:00:00+00:00,0.04591505838751996,0.907,0.916,0.91178706,0.9115,78451.3,BTC-25SEP26,0.8114,-0.99987,0.08751,4.5,0.0,0.009000000000000008,BTC,78269.29,0.0
2026-09-08T13:30:30.953430+00:00,BTC-11SEP26-83000-P,78363.2,BTC-11SEP26,put,83000.0,2026-09-11T08:00:00+00:00,0.0075851473676705455,0.059,0.062,0.06028741,0.0605,78363.2,BTC-11SEP26,0.4366,-0.93495,8.65371,13.9,0.0,0.0030000000000000027,BTC,78269.29,0.0
2026-09-08T13:30:30.953430+00:00,BTC-9SEP26-81500-P,78345.72,BTC-9SEP26,put,81500.0,2026-09-09T08:00:00+00:00,0.002109445793406343,0.038,0.043,0.0404335,0.0405,78345.72,BTC-9SEP26,0.43079999999999996,-0.97847,1.85342,0.0,0.0,0.0049999999999999975,BTC,78269.29,0.0
2026-09-08T13:30:30.953430+00:00,BTC-30OCT26-61000-C,78780.44,BTC-30OCT26,call,61000.0,2026-10-30T08:00:00+00:00,0.1417398359371435,0.229,0.233,0.23104667,0.231,78780.44,BTC-30OCT26,0.4725,0.93601,37.13485,7.7,0.0,0.0040000000000000036,BTC,78268.45,0.0
2026-09-08T13:30:30.953430+00:00,BTC-26MAR27-50000-P,80344.12,BTC-26MAR27,put,50000.0,2027-03-26T08:00:00+00:00,0.5442039016455624,0.0115,0.013,0.01225378,0.01225,80344.12,BTC-26MAR27,0.48729999999999996,-0.06722,77.0984,2458.9,0.1,0.0014999999999999996,BTC,78268.45,86.57
2026-09-08T13:30:30.953430+00:00,BTC-30OCT26-92000-P,78780.44,BTC-30OCT26,put,92000.0,2026-10-30T08:00:00+00:00,0.1417398359371435,0.178,0.1835,0.1806641,0.18075,78780.44,BTC-30OCT26,0.402,-0.83001,75.01719,0.1,0.0,0.005500000000000005,BTC,78268.45,0.0
2026-09-08T13:30:30.953430+00:00,BTC-18SEP26-77000-P,78415.92,BTC-18SEP26,put,77000.0,2026-09-18T08:00:00+00:00,0.026750102877595255,0.0165,0.0175,0.01700527,0.017,78415.92,BTC-18SEP26,0.386,-0.38012,48.8073,480.9,26.4,0.0010000000000000009,BTC,78268.45,33704.07
2026-09-08T13:30:30.953430+00:00,BTC-26MAR27-190000-C,80344.12,BTC-26MAR27,call,190000.0,2027-03-26T08:00:00+00:00,0.5442039016455624,0.0034,0.0037,0.00358695,0.00355,80344.12,BTC-26MAR27,0.5464,0.02651,36.36989,633.3,6.1,0.00030000000000000035,BTC,78268.45,1686.87
2026-09-08T13:30:30.953430+00:00,BTC-12SEP26-88000-P,78362.39,BTC-12SEP26,put,88000.0,2026-09-12T08:00:00+00:00,0.010322998154802646,0.1205,0.126,0.12317934,0.12325,78362.39,BTC-12SEP26,0.5306000000000001,-0.98376,3.22539,0.0,0.0,0.005500000000000005,BTC,78268.45,0.0
2026-09-08T13:30:30.953430+00:00,BTC-9SEP26-79000-C,78336.61,BTC-9SEP26,call,79000.0,2026-09-09T08:00:00+00:00,0.002109445793406343,0.0028,0.0031,0.00302059,0.00295,78336.61,BTC-9SEP26,0.3444,0.28169,12.13802,93.1,114.2,0.0002999999999999999,BTC,78268.45,26377.71
2026-09-08T13:30:30.953430+00:00,BTC-25DEC26-110000-C,79423.44,BTC-25DEC26,call,110000.0,2026-12-25T08:00:00+00:00,0.29505948001654114,0.01,0.011,0.0104739,0.0105,79423.44,BTC-25DEC26,0.43310000000000004,0.10205,76.79523,2753.1,0.1,0.0009999999999999992,BTC,78268.45,82.57
2026-09-08T13:30:30.953430+00:00,BTC-25JUN27-190000-P,81361.51,BTC-25JUN27,put,190000.0,2027-06-25T08:00:00+00:00,0.7933483232745836,1.3235,1.3645,1.34318162,1.344,81361.51,BTC-25JUN27,0.51,-0.94961,75.17281,0.6,0.1,0.04100000000000015,BTC,78268.45,10559.22
2026-09-08T13:30:30.953430+00:00,BTC-25SEP26-88000-P,78460.41,BTC-25SEP26,put,88000.0,2026-09-25T08:00:00+00:00,0.04591505838751996,0.1235,0.1285,0.12599341,0.126,78460.41,BTC-25SEP26,0.41590000000000005,-0.89485,30.58353,5.8,0.0,0.0050000000000000044,BTC,78268.45,0.0
2026-09-08T13:30:30.953430+00:00,BTC-25JUN27-102000-P,81370.62,BTC-25JUN27,put,102000.0,2027-06-25T08:00:00+00:00,0.7933483232745836,0.3205,0.3265,0.32296227,0.3235,81370.62,BTC-25JUN27,0.41960000000000003,-0.66271,264.59464,0.0,0.0,0.006000000000000005,BTC,78268.45,0.0
2026-09-08T13:30:30.953430+00:00,BTC-26MAR27-76000-P,80344.12,BTC-26MAR27,put,76000.0,2027-03-26T08:00:00+00:00,0.5442039016455624,0.09,0.0915,0.0907152,0.09075,80344.12,BTC-26MAR27,0.40590000000000004,-0.36954,223.61882,236.2,7.0,0.0015000000000000013,BTC,78273.1,48645.9
2026-09-08T13:30:30.953430+00:00,BTC-30OCT26-98000-P,78780.44,BTC-30OCT26,put,98000.0,2026-10-30T08:00:00+00:00,0.1417398359371435,0.248,0.2535,0.25078976,0.25075,78780.44,BTC-30OCT26,0.4233,-0.90216,51.20391,0.0,0.0,0.005500000000000005,BTC,78273.1,0.0
2026-09-08T13:30:30.953430+00:00,BTC-25SEP26-76000-C,78451.3,BTC-25SEP26,call,76000.0,2026-09-25T08:00:00+00:00,0.04591505838751996,0.049,0.051,0.04979145,0.05,78451.3,BTC-25SEP26,0.3764,0.66434,61.26273,2855.4,1.5,0.001999999999999995,BTC,78273.1,5946.64
2026-09-08T13:30:30.953430+00:00,BTC-30OCT26-64000-C,78789.55,BTC-30OCT26,call,64000.0,2026-10-30T08:00:00+00:00,0.1417398359371435,0.193,0.197,0.19501607,0.195,78789.55,BTC-30OCT26,0.4374,0.90964,48.28904,416.8,0.0,0.0040000000000000036,BTC,78279.05,0.0
2026-09-08T13:30:30.953430+00:00,BTC-25SEP26-110000-C,78451.3,BTC-25SEP26,call,110000.0,2026-09-25T08:00:00+00:00,0.04591505838751996,0.0001,0.0002,0.0001758,0.00015,78451.3,BTC-25SEP26,0.5907,0.00451,2.21495,1524.8,3.2,0.0001,BTC,78273.1,58.17
2026-09-08T13:30:30.953430+00:00,BTC-25DEC26-82000-C,79423.44,BTC-25DEC26,call,82000.0,2026-12-25T08:00:00+00:00,0.29505948001654114,0.071,0.072,0.07164253,0.0715,79423.44,BTC-25DEC26,0.39520000000000005,0.48178,171.82921,1255.1,1.0,0.0010000000000000009,BTC,78273.1,6033.29
2026-09-08T13:30:30.953430+00:00,BTC-27NOV26-115000-P,79095.75,BTC-27NOV26,put,115000.0,2026-11-27T08:00:00+00:00,0.21839965797684235,0.455,0.4615,0.45838477,0.45825,79095.75,BTC-27NOV26,0.4635,-0.94768,39.5042,0.0,0.0,0.006500000000000006,BTC,78273.1,0.0
2026-09-08T13:30:30.953430+00:00,BTC-18SEP26-72000-C,78415.92,BTC-18SEP26,call,72000.0,2026-09-18T08:00:00+00:00,0.026750102877595255,0.083,0.087,0.08513398,0.085,78415.92,BTC-18SEP26,0.4204,0.89668,23.03611,0.1,0.0,0.00399999999999999,BTC,78279.05,0.0
2026-09-08T13:30:30.953430+00:00,BTC-25JUN27-108000-P,81361.51,BTC-25JUN27,put,108000.0,2027-06-25T08:00:00+00:00,0.7933483232745836,0.3815,0.388,0.3837477,0.38475,81361.51,BTC-25JUN27,0.4238,-0.71335,246.60846,0.0,0.0,0.006500000000000006,BTC,78273.1,0.0
2026-09-08T13:30:30.953430+00:00,BTC-27NOV26-64000-C,79086.64,BTC-27NOV26,call,64000.0,2026-11-27T08:00:00+00:00,0.21839965797684235,0.203,0.2065,0.20480825,0.20475,79086.64,BTC-27NOV26,0.43420000000000003,0.87295,76.91678,0.0,0.0,0.0034999999999999754,BTC,78273.1,0.0
2026-09-08T13:30:30.953430+00:00,BTC-25SEP26-55000-P,78451.3,BTC-25SEP26,put,55000.0,2026-09-25T08:00:00+00:00,0.04591505838751996,0.0002,0.0003,0.00028661,0.00025,78451.3,BTC-25SEP26,0.6775,-0.00597,2.84467,3073.7,0.0,9.999999999999996e-05,BTC,78279.05,0.0
2026-09-08T13:30:30.953430+00:00,BTC-25DEC26-130000-P,79423.8,BTC-25DEC26,put,130000.0,2026-12-25T08:00:00+00:00,0.29505948001654114,0.6375,0.645,0.64076026,0.64125,79423.8,BTC-25DEC26,0.4836,-0.95965,37.42438,54.0,0.0,0.007500000000000062,BTC,78279.05,0.0
2026-09-08T13:30:30.953430+00:00,BTC-25DEC26-106000-C,79423.44,BTC-25DEC26,call,106000.0,2026-12-25T08:00:00+00:00,0.29505948001654114,0.013,0.014,0.0134706,0.0135,79423.44,BTC-25DEC26,0.4253,0.12774,90.11125,778.7,0.1,0.0010000000000000009,BTC,78279.05,115.15
2026-09-08T13:30:30.953430+00:00,BTC-9SEP26-78500-C,78345.72,BTC-9SEP26,call,78500.0,2026-09-09T08:00:00+00:00,0.002109445793406343,0.005,0.0055,0.00527253,0.00525,78345.72,BTC-9SEP26,0.3382,0.43215,14.13729,44.3,45.4,0.0004999999999999996,BTC,78279.05,20689.57
2026-09-08T13:30:30.953430+00:00,BTC-25DEC26-30000-C,79423.8,BTC-25DEC26,call,30000.0,2026-12-25T08:00:00+00:00,0.29505948001654114,0.6225,0.624,0.62316358,0.62325,79423.8,BTC-25DEC26,0.7743000000000001,0.99418,7.13683,300.6,0.0,0.0014999999999999458,BTC,78279.05,0.0
2026-09-08T13:30:30.953430+00:00,BTC-27NOV26-75000-P,79095.75,BTC-27NOV26,put,75000.0,2026-11-27T08:00:00+00:00,0.21839965797684235,0.048,0.049,0.04870509,0.0485,79095.75,BTC-27NOV26,0.395,-0.35366,137.35391,282.1,0.0,0.0010000000000000009,BTC,78279.05,0.0
2026-09-08T13:30:30.953430+00:00,BTC-25DEC26-180000-C,79423.44,BTC-25DEC26,call,180000.0,2026-12-25T08:00:00+00:00,0.29505948001654114,0.0008,0.0011,0.00087211,0.00095,79423.44,BTC-25DEC26,0.5946,0.00882,10.29594,934.5,0.0,0.00030000000000000003,BTC,78279.05,0.0
2026-09-08T13:30:30.953430+00:00,BTC-25SEP26-74000-P,78451.3,BTC-25SEP26,put,74000.0,2026-09-25T08:00:00+00:00,0.04591505838751996,0.011,0.0115,0.01117405,0.01125,78451.3,BTC-25SEP26,0.3836,-0.22904,50.90298,534.7,31.5,0.0005000000000000004,BTC,78279.05,24277.66
2026-09-08T13:30:30.953430+00:00,BTC-25DEC26-106000-P,79423.8,BTC-25DEC26,put,106000.0,2026-12-25T08:00:00+00:00,0.29505948001654114,0.3455,0.3515,0.34810833,0.3485,79423.8,BTC-25DEC26,0.4253,-0.87219,90.15411,0.2,0.0,0.006000000000000005,BTC,78282.74,0.0
2026-09-08T13:30:30.953430+00:00,BTC-30OCT26-94000-C,78780.44,BTC-30OCT26,call,94000.0,2026-10-30T08:00:00+00:00,0.1417398359371435,0.0105,0.011,0.01071528,0.01075,78780.44,BTC-30OCT26,0.4114,0.14314,66.99589,426.5,32.5,0.0004999999999999987,BTC,78282.74,28750.35
2026-09-08T13:30:30.953430+00:00,BTC-26MAR27-88000-P,80344.12,BTC-26MAR27,put,88000.0,2027-03-26T08:00:00+00:00,0.5442039016455624,0.176,0.179,0.17725261,0.1775,80344.12,BTC-26MAR27,0.4035,-0.56307,233.4312,4.7,0.0,0.0030000000000000027,BTC,78282.74,0.0
2026-09-08T13:30:30.953430+00:00,BTC-30OCT26-57000-P,78780.44,BTC-30OCT26,put,57000.0,2026-10-30T08:00:00+00:00,0.1417398359371435,0.0029,0.0033,0.00310389,0.0031,78780.44,BTC-30OCT26,0.5106,-0.03786,24.43359,208.6,0.0,0.0004000000000000002,BTC,78283.94,0.0
2026-09-08T13:30:30.953430+00:00,BTC-10SEP26-80000-P,78354.86,BTC-10SEP26,put,80000.0,2026-09-10T08:00:00+00:00,0.004847296580538444,0.022,0.026,0.02395554,0.024,78354.86,BTC-10SEP26,0.3624,-0.79984,15.27175,1.3,0.0,0.004,BTC,78282.74,0.0
2026-09-08T13:30:30.953430+00:00,BTC-25DEC26-62000-P,79423.44,BTC-25DEC26,put,62000.0,2026-12-25T08:00:00+00:00,0.29505948001654114,0.0155,0.0165,0.01619073,0.016,79423.44,BTC-25DEC26,0.4385,-0.12401,88.27858,1540.0,0.0,0.0010000000000000009,BTC,78282.74,0.0
2026-09-08T13:30:30.953430+00:00,BTC-25SEP26-45000-C,78451.3,BTC-25SEP26,call,45000.0,2026-09-25T08:00:00+00:00,0.04591505838751996,0.425,0.428,0.4265367,0.4265,78451.3,BTC-25SEP26,0.8865999999999999,0.99872,0.70894,224.9,0.0,0.0030000000000000027,BTC,78282.74,0.0
2026-09-08T13:30:30.953430+00:00,BTC-25JUN27-96000-C,81361.51,BTC-25JUN27,call,96000.0,2027-06-25T08:00:00+00:00,0.7933483232745836,0.085,0.087,0.08600879,0.086,81361.51,BTC-25JUN27,0.41659999999999997,0.39674,279.29043,32.2,0.0,0.001999999999999988,BTC,78282.74,0.0
2026-09-08T13:30:30.953430+00:00,BTC-26MAR27-200000-C,80344.12,BTC-26MAR27,call,200000.0,2027-03-26T08:00:00+00:00,0.5442039016455624,0.0028,0.0032,0.00301019,0.003,80344.12,BTC-26MAR27,0.5584,0.02232,31.4803,485.6,0.0,0.0004000000000000002,BTC,78283.94,0.0
2026-09-08T13:30:30.953430+00:00,BTC-12SEP26-81000-C,78362.39,BTC-12SEP26,call,81000.0,2026-09-12T08:00:00+00:00,0.010322998154802646,0.0048,0.0055,0.00509563,0.00515,78362.39,BTC-12SEP26,0.40759999999999996,0.21387,23.18478,5024.8,5136.8,0.0007000000000000001,BTC,78283.94,2498354.7
2026-09-08T13:30:30.953430+00:00,BTC-10SEP26-85000-P,78354.86,BTC-10SEP26,put,85000.0,2026-09-10T08:00:00+00:00,0.004847296580538444,0.0825,0.0875,0.08492339,0.085,78354.86,BTC-10SEP26,0.48560000000000003,-0.99209,1.18357,0.0,0.0,0.0049999999999999906,BTC,78283.94,0.0
2026-09-08T13:30:30.953430+00:00,BTC-30OCT26-60000-P,78780.44,BTC-30OCT26,put,60000.0,2026-10-30T08:00:00+00:00,0.1417398359371435,0.0042,0.0045,0.00439361,0.00435,78780.44,BTC-30OCT26,0.47659999999999997,-0.05437,32.68426,1541.3,0.4,0.0002999999999999999,BTC,78283.94,128.99
2026-09-08T13:30:30.953430+00:00,BTC-9SEP26-74000-C,78345.72,BTC-9SEP26,call,74000.0,2026-09-09T08:00:00+00:00,0.002109445793406343,0.0535,0.058,0.05566074,0.05575,78345.72,BTC-9SEP26,0.601,0.97968,1.76503,0.0,0.0,0.004500000000000004,BTC,78283.94,0.0
2026-09-08T13:30:30.953430+00:00,BTC-30OCT26-52000-P,78780.44,BTC-30OCT26,put,52000.0,2026-10-30T08:00:00+00:00,0.1417398359371435,0.0016,0.002,0.0017978,0.0018,78780.44,BTC-30OCT26,0.5726,-0.02114,15.04567,122.5,0.1,0.00039999999999999996,BTC,78269.17,14.97
2026-09-08T13:30:30.953430+00:00,BTC-25DEC26-140000-P,79423.8,BTC-25DEC26,put,140000.0,2026-12-25T08:00:00+00:00,0.29505948001654114,0.762,0.77,0.76547007,0.766,79423.8,BTC-25DEC26,0.5097999999999999,-0.97194,27.75925,0.4,0.0,0.008000000000000007,BTC,78283.94,0.0
2026-09-08T13:30:30.953430+00:00,BTC-9SEP26-73000-C,78345.72,BTC-9SEP26,call,73000.0,2026-09-09T08:00:00+00:00,0.002109445793406343,0.066,0.0705,0.06840207,0.06825,78345.72,BTC-9SEP26,0.7091,0.98466,1.38846,0.0,0.0,0.00449999999999999,BTC,78283.94,0.0
2026-09-08T13:30:30.953430+00:00,BTC-26MAR27-102000-P,80344.12,BTC-26MAR27,put,102000.0,2027-03-26T08:00:00+00:00,0.5442039016455624,0.309,0.3155,0.31168301,0.31225,80344.12,BTC-26MAR27,0.4131,-0.73652,193.49279,0.1,0.0,0.006500000000000006,BTC,78269.17,0.0
2026-09-08T13:30:30.953430+00:00,BTC-25JUN27-104000-P,81361.51,BTC-25JUN27,put,104000.0,2027-06-25T08:00:00+00:00,0.7933483232745836,0.341,0.3465,0.34276223,0.34375,81361.51,BTC-25JUN27,0.42060000000000003,-0.68059,258.88688,0.0,0.0,0.005499999999999949,BTC,78283.94,0.0
2026-09-08T13:30:30.953430+00:00,BTC-12SEP26-75500-P,78362.39,BTC-12SEP26,put,75500.0,2026-09-12T08:00:00+00:00,0.010322998154802646,0.0033,0.0037,0.00347757,0.0035,78362.39,BTC-12SEP26,0.3845,-0.17091,20.20569,0.0,0.0,0.0004000000000000002,BTC,78269.17,0.0
2026-09-08T13:30:30.953430+00:00,BTC-25SEP26-98000-P,78451.3,BTC-25SEP26,put,98000.0,2026-09-25T08:00:00+00:00,0.04591505838751996,0.247,0.253,0.2498664,0.25,78451.3,BTC-25SEP26,0.5006,-0.97866,8.59317,0.1,0.0,0.006000000000000005,BTC,78269.17,0.0
2026-09-08T13:30:30.953430+00:00,BTC-25JUN27-98000-P,81361.51,BTC-25JUN27,put,98000.0,2027-06-25T08:00:00+00:00,0.7933483232745836,0.2825,0.2875,0.2843716,0.285,81361.51,BTC-25JUN27,0.4174,-0.62418,274.86263,0.1,0.0,0.0050000000000000044,BTC,78269.17,0.0
2026-09-08T13:30:30.953430+00:00,BTC-25SEP26-40000-C,78451.3,BTC-25SEP26,call,40000.0,2026-09-25T08:00:00+00:00,0.04591505838751996,0.489,0.4915,0.49025388,0.49025,78451.3,BTC-25SEP26,1.0495999999999999,0.99904,0.54413,34.4,0.0,0.0025000000000000022,BTC,78269.17,0.0
2026-09-08T13:30:30.953430+00:00,BTC-25JUN27-100000-P,81370.62,BTC-25JUN27,put,100000.0,2027-06-25T08:00:00+00:00,0.7933483232745836,0.301,0.307,0.30345004,0.304,81370.62,BTC-25JUN27,0.41840000000000005,-0.64374,270.06295,1.4,0.0,0.006000000000000005,BTC,78269.17,0.0
2026-09-08T13:30:30.953430+00:00,BTC-25SEP26-155000-C,78460.41,BTC-25SEP26,call,155000.0,2026-09-25T08:00:00+00:00,0.04591505838751996,,0.0001,2.64e-06,,78460.41,BTC-25SEP26,0.8133,7e-05,0.045,378.0,0.0,,BTC,78269.17,0.0
2026-09-08T13:30:30.953430+00:00,BTC-27NOV26-94000-P,79095.75,BTC-27NOV26,put,94000.0,2026-11-27T08:00:00+00:00,0.21839965797684235,0.2065,0.2115,0.20894283,0.209,79095.75,BTC-27NOV26,0.4071,-0.79295,105.58479,0.0,0.0,0.0050000000000000044,BTC,78269.17,0.0
2026-09-08T13:30:30.953430+00:00,BTC-25SEP26-68000-P,78451.3,BTC-25SEP26,put,68000.0,2026-09-25T08:00:00+00:00,0.04591505838751996,0.0025,0.0026,0.0025248,0.00255,78451.3,BTC-25SEP26,0.4421,-0.06078,20.21928,1860.4,21.9,9.999999999999983e-05,BTC,78269.17,3625.95
2026-09-08T13:30:30.953430+00:00,BTC-18SEP26-75000-P,78415.92,BTC-18SEP26,put,75000.0,2026-09-18T08:00:00+00:00,0.026750102877595255,0.0085,0.0095,0.00907282,0.009,78415.92,BTC-18SEP26,0.3925,-0.23885,39.7391,527.4,75.1,0.0009999999999999992,BTC,78265.84,53059.01
2026-09-08T13:30:30.953430+00:00,BTC-26MAR27-95000-C,80353.23,BTC-26MAR27,call,95000.0,2027-03-26T08:00:00+00:00,0.5442039016455624,0.0575,0.0595,0.05868258,0.0585,80353.23,BTC-26MAR27,0.4071,0.34094,217.31755,569.2,0.0,0.001999999999999995,BTC,78265.84,0.0
2026-09-08T13:30:30.953430+00:00,BTC-30OCT26-56000-C,78780.44,BTC-30OCT26,call,56000.0,2026-10-30T08:00:00+00:00,0.1417398359371435,0.29,0.294,0.29204771,0.292,78780.44,BTC-30OCT26,0.5235,0.96605,22.3378,0.0,0.0,0.0040000000000000036,BTC,78265.84,0.0
2026-09-08T13:30:30.953430+00:00,BTC-25DEC26-70000-C,79423.8,BTC-25DEC26,call,70000.0,2026-12-25T08:00:00+00:00,0.29505948001654114,0.1545,0.157,0.15541082,0.15575,79423.8,BTC-25DEC26,0.4081,0.75046,136.87614,1923.5,0.9,0.0025000000000000022,BTC,78265.84,11561.05
2026-09-08T13:30:30.953430+00:00,BTC-25DEC26-30000-P,79423.44,BTC-25DEC26,put,30000.0,2026-12-25T08:00:00+00:00,0.29505948001654114,0.0007,0.0011,0.00089206,0.0009,79423.44,BTC-25DEC26,0.7743000000000001,-0.00582,7.14072,2122.5,0.0,0.0004000000000000001,BTC,78265.84,0.0
2026-09-08T13:30:30.953430+00:00,BTC-25JUN27-95000-P,81370.62,BTC-25JUN27,put,95000.0,2027-06-25T08:00:00+00:00,0.7933483232745836,0.255,0.2595,0.25673377,0.25725,81370.62,BTC-25JUN27,0.4164,-0.59263,281.15236,20.2,0.0,0.004500000000000004,BTC,78265.84,0.0
2026-09-08T13:30:30.953430+00:00,BTC-30OCT26-70000-P,78780.44,BTC-30OCT26,put,70000.0,2026-10-30T08:00:00+00:00,0.1417398359371435,0.0165,0.0175,0.01704777,0.017,78780.44,BTC-30OCT26,0.3957,-0.19453,81.60743,876.5,58.7,0.0010000000000000009,BTC,78261.25,75589.57
2026-09-08T13:30:30.953430+00:00,BTC-25JUN27-82000-P,81370.62,BTC-25JUN27,put,82000.0,2027-06-25T08:00:00+00:00,0.7933483232745836,0.1505,0.153,0.15114903,0.15175,81370.62,BTC-25JUN27,0.415,-0.4358,285.22765,23.5,0.0,0.0025000000000000022,BTC,78265.84,0.0
2026-09-08T13:30:30.953430+00:00,BTC-25SEP26-180000-P,78451.3,BTC-25SEP26,put,180000.0,2026-09-25T08:00:00+00:00,0.04591505838751996,1.2875,1.301,1.29413857,1.29425,78451.3,BTC-25SEP26,0.9184,-0.99998,0.01356,10.5,0.0,0.013499999999999845,BTC,78265.84,0.0
2026-09-08T13:30:30.953430+00:00,BTC-25JUN27-200000-C,81361.51,BTC-25JUN27,call,200000.0,2027-06-25T08:00:00+00:00,0.7933483232745836,0.0065,0.0075,0.00698089,0.007,81361.51,BTC-25JUN27,0.519,0.04312,66.3399,27.7,0.1,0.001,BTC,78265.84,55.42
2026-09-08T13:30:30.953430+00:00,BTC-30OCT26-68000-C,78780.44,BTC-30OCT26,call,68000.0,2026-10-30T08:00:00+00:00,0.1417398359371435,0.148,0.1515,0.14970247,0.14975,78780.44,BTC-30OCT26,0.4071,0.84857,69.55398,518.8,0.0,0.003500000000000003,BTC,78261.25,0.0
2026-09-08T13:30:30.953430+00:00,BTC-27NOV26-75000-C,79095.75,BTC-27NOV26,call,75000.0,2026-11-27T08:00:00+00:00,0.21839965797684235,0.1,0.1015,0.10048811,0.10075,79095.75,BTC-27NOV26,0.395,0.64615,137.36701,260.6,0.0,0.0015000000000000013,BTC,78261.25,0.0
2026-09-08T13:30:30.953430+00:00,BTC-30OCT26-100000-C,78780.44,BTC-30OCT26,call,100000.0,2026-10-30T08:00:00+00:00,0.1417398359371435,0.0055,0.0065,0.00591486,0.006,78780.44,BTC-30OCT26,0.434,0.08328,45.42313,1701.9,100.6,0.001,BTC,78258.64,44124.0
2026-09-08T13:30:30.953430+00:00,BTC-10SEP26-86000-P,78354.86,BTC-10SEP26,put,86000.0,2026-09-10T08:00:00+00:00,0.004847296580538444,0.095,0.1005,0.09762476,0.09775,78354.86,BTC-10SEP26,0.48700000000000004,-0.99711,0.48228,0.0,0.0,0.005500000000000005,BTC,78261.25,0.0
2026-09-08T13:30:30.953430+00:00,BTC-25DEC26-105000-C,79423.44,BTC-25DEC26,call,105000.0,2026-12-25T08:00:00+00:00,0.29505948001654114,0.014,0.015,0.01446845,0.0145,79423.44,BTC-25DEC26,0.4242,0.13564,93.90701,914.3,0.1,0.0009999999999999992,BTC,78261.25,110.38
2026-09-08T13:30:30.953430+00:00,BTC-25DEC26-52000-C,79423.8,BTC-25DEC26,call,52000.0,2026-12-25T08:00:00+00:00,0.29505948001654114,0.349,0.3525,0.35150186,0.35075,79423.8,BTC-25DEC26,0.5121,0.9513,43.53683,0.1,0.0,0.003500000000000003,BTC,78261.25,0.0
2026-09-08T13:30:30.953430+00:00,BTC-18SEP26-90000-P,78416.07,BTC-18SEP26,put,90000.0,2026-09-18T08:00:00+00:00,0.026750102877595255,0.1465,0.152,0.14902887,0.14925,78416.07,BTC-18SEP26,0.46950000000000003,-0.96141,10.72612,0.0,0.0,0.005500000000000005,BTC,78258.64,0.0
2026-09-08T13:30:30.953430+00:00,BTC-25SEP26-145000-P,78460.41,BTC-25SEP26,put,145000.0,2026-09-25T08:00:00+00:00,0.04591505838751996,0.8435,0.852,0.84806166,0.84775,78460.41,BTC-25SEP26,0.7775,-0.99985,0.10002,0.2,0.0,0.008499999999999952,BTC,78261.25,0.0
2026-09-08T13:30:30.953430+00:00,BTC-18SEP26-85000-P,78415.92,BTC-18SEP26,put,85000.0,2026-09-18T08:00:00+00:00,0.026750102877595255,0.086,0.091,0.08830196,0.0885,78415.92,BTC-18SEP26,0.4202,-0.87578,26.26536,1.2,0.0,0.0050000000000000044,BTC,78258.64,0.0
2026-09-08T13:30:30.953430+00:00,BTC-30OCT26-81000-C,78780.44,BTC-30OCT26,call,81000.0,2026-10-30T08:00:00+00:00,0.1417398359371435,0.044,0.045,0.04469956,0.0445,78780.44,BTC-30OCT26,0.3787,0.44826,117.25759,328.0,0.0,0.0010000000000000009,BTC,78258.64,0.0
2026-09-08T13:30:30.953430+00:00,BTC-10SEP26-76500-C,78354.86,BTC-10SEP26,call,76500.0,2026-09-10T08:00:00+00:00,0.004847296580538444,0.0235,0.0275,0.02553067,0.0255,78354.86,BTC-10SEP26,0.33799999999999997,0.83672,13.43815,0.0,0.0,0.004,BTC,78258.64,0.0
2026-09-08T13:30:30.953430+00:00,BTC-30OCT26-55000-C,78780.44,BTC-30OCT26,call,55000.0,2026-10-30T08:00:00+00:00,0.1417398359371435,0.3025,0.3065,0.3044387,0.3045,78780.44,BTC-30OCT26,0.5354,0.96986,20.24938,0.1,0.0,0.0040000000000000036,BTC,78258.64,0.0
2026-09-08T13:30:30.953430+00:00,BTC-25DEC26-94000-P,79423.44,BTC-25DEC26,put,94000.0,2026-12-25T08:00:00+00:00,0.29505948001654114,0.212,0.216,0.21362659,0.214,79423.44,BTC-25DEC26,0.4029,-0.74702,137.85613,5.3,0.0,0.0040000000000000036,BTC,78258.64,0.0
2026-09-08T13:30:30.953430+00:00,BTC-12SEP26-71000-C,78362.39,BTC-12SEP26,call,71000.0,2026-09-12T08:00:00+00:00,0.010322998154802646,0.092,0.0965,0.09455535,0.09425,78362.39,BTC-12SEP26,0.5033,0.9736,4.86779,0.0,0.0,0.004500000000000004,BTC,78258.64,0.0
2026-09-08T13:30:30.953430+00:00,BTC-27NOV26-60000-C,79095.75,BTC-27NOV26,call,60000.0,2026-11-27T08:00:00+00:00,0.21839965797684235,0.2485,0.252,0.25026092,0.25025,79095.75,BTC-27NOV26,0.46090000000000003,0.91692,56.499,0.1,0.0,0.003500000000000003,BTC,78258.64,0.0
2026-09-08T13:30:30.953430+00:00,BTC-25JUN27-66000-C,81361.51,BTC-25JUN27,call,66000.0,2027-06-25T08:00:00+00:00,0.7933483232745836,0.25,0.2535,0.25238023,0.25175,81361.51,BTC-25JUN27,0.4324,0.76832,220.81357,25.6,0.1,0.003500000000000003,BTC,78258.64,2038.41
2026-09-08T13:30:30.953430+00:00,BTC-25JUN27-66000-P,81361.51,BTC-25JUN27,put,66000.0,2027-06-25T08:00:00+00:00,0.7933483232745836,0.0625,0.0645,0.06347622,0.0635,81361.51,BTC-25JUN27,0.4324,-0.23168,220.81357,46.5,0.0,0.0020000000000000018,BTC,78258.64,0.0
2026-09-08T13:30:30.953430+00:00,BTC-25DEC26-94000-C,79423.44,BTC-25DEC26,call,94000.0,2026-12-25T08:00:00+00:00,0.29505948001654114,0.0295,0.0305,0.0300836,0.03,79423.44,BTC-25DEC26,0.4029,0.25257,137.69974,393.5,3.3,0.0010000000000000009,BTC,78236.7,8127.94
2026-09-08T13:30:30.953430+00:00,BTC-27NOV26-68000-C,79086.64,BTC-27NOV26,call,68000.0,2026-11-27T08:00:00+00:00,0.21839965797684235,0.1615,0.164,0.1624302,0.16275,79086.64,BTC-27NOV26,0.4132,0.80874,100.64153,0.0,0.0,0.0025000000000000022,BTC,78258.64,0.0
2026-09-08T13:30:30.953430+00:00,BTC-12SEP26-85000-C,78362.39,BTC-12SEP26,call,85000.0,2026-09-12T08:00:00+00:00,0.010322998154802646,0.0008,0.0011,0.00093113,0.00095,78362.39,BTC-12SEP26,0.47200000000000003,0.04497,7.53513,1.1,1.1,0.00030000000000000003,BTC,78236.7,83.86
2026-09-08T13:30:30.953430+00:00,BTC-25SEP26-56000-C,78451.3,BTC-25SEP26,call,56000.0,2026-09-25T08:00:00+00:00,0.04591505838751996,0.2845,0.2885,0.28655718,0.2865,78451.3,BTC-25SEP26,0.647,0.99364,3.00512,13.4,0.0,0.0040000000000000036,BTC,78236.7,0.0
2026-09-08T13:30:30.953430+00:00,BTC-25SEP26-62000-C,78460.41,BTC-25SEP26,call,62000.0,2026-09-25T08:00:00+00:00,0.04591505838751996,0.209,0.2125,0.21068019,0.21075,78460.41,BTC-25SEP26,0.5488000000000001,0.97987,8.17762,597.4,0.0,0.003500000000000003,BTC,78236.7,0.0
2026-09-08T13:30:30.953430+00:00,BTC-30OCT26-105000-C,78780.44,BTC-30OCT26,call,105000.0,2026-10-30T08:00:00+00:00,0.1417398359371435,0.0036,0.0039,0.00374679,0.00375,78780.44,BTC-30OCT26,0.4531,0.05418,32.57452,1143.2,0.0,0.0002999999999999999,BTC,78231.78,0.0
2026-09-08T13:30:30.953430+00:00,BTC-30OCT26-55000-P,78780.44,BTC-30OCT26,put,55000.0,2026-10-30T08:00:00+00:00,0.1417398359371435,0.0023,0.0027,0.00250135,0.0025,78780.44,BTC-30OCT26,0.5354,-0.03026,20.30629,311.1,0.4,0.0004000000000000002,BTC,78231.78,73.32
2026-09-08T13:30:30.953430+00:00,BTC-25JUN27-160000-P,81361.51,BTC-25JUN27,put,160000.0,2027-06-25T08:00:00+00:00,0.7933483232745836,0.9775,0.9855,0.98051714,0.9815,81361.51,BTC-25JUN27,0.4792,-0.91514,112.53309,0.2,0.0,0.008000000000000007,BTC,78236.7,0.0
2026-09-08T13:30:30.953430+00:00,BTC-25SEP26-70000-C,78451.3,BTC-25SEP26,call,70000.0,2026-09-25T08:00:00+00:00,0.04591505838751996,0.11,0.114,0.11185259,0.112,78451.3,BTC-25SEP26,0.4165,0.90437,28.52271,10961.3,1.2,0.0040000000000000036,BTC,78231.78,10940.97
2026-09-08T13:30:30.953430+00:00,BTC-10SEP26-84000-P,78355.55,BTC-10SEP26,put,84000.0,2026-09-10T08:00:00+00:00,0.004847296580538444,0.07,0.075,0.07224393,0.0725,78355.55,BTC-10SEP26,0.46049999999999996,-0.98589,1.95797,0.0,0.0,0.0049999999999999906,BTC,78231.78,0.0
2026-09-08T13:30:30.953430+00:00,BTC-12SEP26-86000-P,78362.39,BTC-12SEP26,put,86000.0,2026-09-12T08:00:00+00:00,0.010322998154802646,0.0955,0.101,0.09796783,0.09825,78362.39,BTC-12SEP26,0.49,-0.9691,5.54654,0.0,0.0,0.005500000000000005,BTC,78231.78,0.0
2026-09-08T13:30:30.953430+00:00,BTC-27NOV26-85000-P,79095.75,BTC-27NOV26,put,85000.0,2026-11-27T08:00:00+00:00,0.21839965797684235,0.118,0.1205,0.11921228,0.11925,79095.75,BTC-27NOV26,0.3943,-0.6202,140.56816,11.0,0.6,0.0025000000000000022,BTC,78231.78,5299.9
2026-09-08T13:30:30.953430+00:00,BTC-25SEP26-260000-P,78451.3,BTC-25SEP26,put,260000.0,2026-09-25T08:00:00+00:00,0.04591505838751996,2.3035,2.324,2.31375484,2.31375,78451.3,BTC-25SEP26,1.2309,-0.99999,0.00393,0.0,0.0,0.02049999999999974,BTC,78231.78,0.0
2026-09-08T13:30:30.953430+00:00,BTC-10SEP26-88000-C,78354.86,BTC-10SEP26,call,88000.0,2026-09-10T08:00:00+00:00,0.004847296580538444,,0.0001,4.87e-06,,78354.86,BTC-10SEP26,0.5061,0.00046,0.08998,3.1,0.1,,BTC,78245.56,0.79
2026-09-08T13:30:30.953430+00:00,BTC-11SEP26-78500-P,78354.09,BTC-11SEP26,put,78500.0,2026-09-11T08:00:00+00:00,0.0075851473676705455,0.013,0.014,0.01332563,0.0135,78354.09,BTC-11SEP26,0.3574,-0.53445,27.09106,65.5,76.7,0.0010000000000000009,BTC,78231.78,67162.29
2026-09-08T13:30:30.953430+00:00,BTC-26MAR27-85000-C,80344.12,BTC-26MAR27,call,85000.0,2027-03-26T08:00:00+00:00,0.5442039016455624,0.094,0.096,0.09488384,0.095,80344.12,BTC-26MAR27,0.4031,0.48241,236.06414,345.7,0.0,0.0020000000000000018,BTC,78245.56,0.0
2026-09-08T13:30:30.953430+00:00,BTC-25JUN27-102000-C,81370.62,BTC-25JUN27,call,102000.0,2027-06-25T08:00:00+00:00,0.7933483232745836,0.0685,0.0705,0.06945029,0.0695,81370.62,BTC-25JUN27,0.41960000000000003,0.33681,264.31798,28.5,0.0,0.001999999999999988,BTC,78231.78,0.0
2026-09-08T13:30:30.953430+00:00,BTC-25DEC26-110000-P,79424.49,BTC-25DEC26,put,110000.0,2026-12-25T08:00:00+00:00,0.29505948001654114,0.393,0.399,0.3954762,0.396,79424.49,BTC-25DEC26,0.43310000000000004,-0.89828,76.57708,55.6,0.0,0.006000000000000005,BTC,78245.56,0.0
2026-09-08T13:30:30.953430+00:00,BTC-26MAR27-52000-P,80344.12,BTC-26MAR27,put,52000.0,2027-03-26T08:00:00+00:00,0.5442039016455624,0.014,0.015,0.01452282,0.0145,80344.12,BTC-26MAR27,0.4764,-0.07917,87.37084,123.8,0.4,0.0009999999999999992,BTC,78248.28,442.19
2026-09-08T13:30:30.953430+00:00,BTC-27NOV26-87000-P,79086.64,BTC-27NOV26,put,87000.0,2026-11-27T08:00:00+00:00,0.21839965797684235,0.136,0.139,0.13748365,0.1375,79086.64,BTC-27NOV26,0.39649999999999996,-0.66552,134.46535,3.7,0.0,0.0030000000000000027,BTC,78245.56,0.0
2026-09-08T13:30:30.953430+00:00,BTC-30OCT26-89000-C,78780.44,BTC-30OCT26,call,89000.0,2026-10-30T08:00:00+00:00,0.1417398359371435,0.018,0.0185,0.01829345,0.01825,78780.44,BTC-30OCT26,0.3946,0.22546,88.98951,119.0,0.0,0.0005000000000000004,BTC,78248.28,0.0
2026-09-08T13:30:30.953430+00:00,BTC-30OCT26-61000-P,78780.44,BTC-30OCT26,put,61000.0,2026-10-30T08:00:00+00:00,0.1417398359371435,0.005,0.0055,0.00526161,0.00525,78780.44,BTC-30OCT26,0.4725,-0.06416,37.19935,261.8,0.1,0.0004999999999999996,BTC,78248.28,38.37
2026-09-08T13:30:30.953430+00:00,BTC-10SEP26-76000-C,78354.86,BTC-10SEP26,call,76000.0,2026-09-10T08:00:00+00:00,0.004847296580538444,0.029,0.0335,0.03122553,0.03125,78354.86,BTC-10SEP26,0.3483,0.88832,10.35764,0.9,0.9,0.0045000000000000005,BTC,78248.28,2220.21
2026-09-08T13:30:30.953430+00:00,BTC-25JUN27-60000-P,81361.51,BTC-25JUN27,put,60000.0,2027-06-25T08:00:00+00:00,0.7933483232745836,0.042,0.0435,0.04279227,0.04275,81361.51,BTC-25JUN27,0.4451,-0.16766,181.6185,196.6,0.4,0.0014999999999999944,BTC,78245.56,1309.4
2026-09-08T13:30:30.953430+00:00,BTC-25DEC26-125000-P,79423.8,BTC-25DEC26,put,125000.0,2026-12-25T08:00:00+00:00,0.29505948001654114,0.576,0.583,0.57898786,0.5795,79423.8,BTC-25DEC26,0.47509999999999997,-0.94867,45.39648,9.1,0.0,0.007000000000000006,BTC,78248.28,0.0
2026-09-08T13:30:30.953430+00:00,BTC-12SEP26-81500-P,78362.39,BTC-12SEP26,put,81500.0,2026-09-12T08:00:00+00:00,0.010322998154802646,0.042,0.046,0.04385549,0.044,78362.39,BTC-12SEP26,0.40880000000000005,-0.82891,20.21272,0.0,0.0,0.003999999999999997,BTC,78248.28,0.0
2026-09-08T13:30:30.953430+00:00,BTC-11SEP26-71000-C,78354.09,BTC-11SEP26,call,71000.0,2026-09-11T08:00:00+00:00,0.0075851473676705455,0.093,0.0955,0.09421144,0.09425,78354.09,BTC-11SEP26,0.5274,0.98406,2.72079,26.0,0.0,0.0025000000000000022,BTC,78248.28,0.0
2026-09-08T13:30:30.953430+00:00,BTC-27NOV26-58000-C,79086.64,BTC-27NOV26,call,58000.0,2026-11-27T08:00:00+00:00,0.21839965797684235,0.272,0.2755,0.27371921,0.27375,79086.64,BTC-27NOV26,0.4753,0.93348,47.67794,0.0,0.0,0.003500000000000003,BTC,78248.28,0.0
2026-09-08T13:30:30.953430+00:00,BTC-11SEP26-80000-C,78363.2,BTC-11SEP26,call,80000.0,2026-09-11T08:00:00+00:00,0.0075851473676705455,0.005,0.006,0.00553725,0.0055,78363.2,BTC-11SEP26,0.384,0.26191,22.19762,744.7,212.1,0.001,BTC,78248.28,96032.64
2026-09-08T13:30:30.953430+00:00,BTC-11SEP26-79500-C,78363.2,BTC-11SEP26,call,79500.0,2026-09-11T08:00:00+00:00,0.0075851473676705455,0.0065,0.0075,0.00704642,0.007,78363.2,BTC-11SEP26,0.37229999999999996,0.32103,24.41343,58.5,56.1,0.001,BTC,78248.28,31941.69
2026-09-08T13:30:30.953430+00:00,BTC-10SEP26-76000-P,78354.66,BTC-10SEP26,put,76000.0,2026-09-10T08:00:00+00:00,0.004847296580538444,0.0011,0.0013,0.00119081,0.0012,78354.66,BTC-10SEP26,0.3483,-0.11154,10.34851,45.9,22.3,0.00019999999999999987,BTC,78249.67,2208.21
2026-09-08T13:30:30.953430+00:00,BTC-18SEP26-86000-C,78415.92,BTC-18SEP26,call,86000.0,2026-09-18T08:00:00+00:00,0.026750102877595255,0.003,0.0034,0.00320051,0.0032,78415.92,BTC-18SEP26,0.428,0.09676,21.95096,455.4,121.3,0.00039999999999999975,BTC,78249.67,37392.27
2026-09-08T13:30:30.953430+00:00,BTC-26MAR27-110000-P,80344.12,BTC-26MAR27,put,110000.0,2027-03-26T08:00:00+00:00,0.5442039016455624,0.3955,0.403,0.39863586,0.39925,80344.12,BTC-26MAR27,0.42219999999999996,-0.8038,163.92111,4.1,0.0,0.007500000000000007,BTC,78249.67,0.0
2026-09-08T13:30:30.953430+00:00,BTC-26MAR27-52000-C,80344.12,BTC-26MAR27,call,52000.0,2027-03-26T08:00:00+00:00,0.5442039016455624,0.3655,0.3685,0.36738664,0.367,80344.12,BTC-26MAR27,0.4764,0.92083,87.36623,5.3,0.0,0.0030000000000000027,BTC,78249.67,0.0
2026-09-08T13:30:30.953430+00:00,BTC-25SEP26-90000-P,78451.3,BTC-25SEP26,put,90000.0,2026-09-25T08:00:00+00:00,0.04591505838751996,0.1475,0.153,0.15005606,0.15025,78451.3,BTC-25SEP26,0.4307,-0.92687,23.3231,579.9,0.0,0.005500000000000005,BTC,78249.67,0.0
2026-09-08T13:30:30.953430+00:00,BTC-25JUN27-50000-P,81370.62,BTC-25JUN27,put,50000.0,2027-06-25T08:00:00+00:00,0.7933483232745836,0.02,0.0215,0.02076722,0.02075,81370.62,BTC-25JUN27,0.47850000000000004,-0.08806,115.71018,402.3,0.0,0.0014999999999999979,BTC,78249.67,0.0
2026-09-08T13:30:30.953430+00:00,BTC-25SEP26-320000-P,78451.3,BTC-25SEP26,put,320000.0,2026-09-25T08:00:00+00:00,0.04591505838751996,3.0655,3.091,3.07846733,3.07825,78451.3,BTC-25SEP26,1.4015,-1.0,0.00231,25.1,0.0,0.025500000000000078,BTC,78249.67,0.0
2026-09-08T13:30:30.953430+00:00,BTC-30OCT26-105000-P,78780.44,BTC-30OCT26,put,105000.0,2026-10-30T08:00:00+00:00,0.1417398359371435,0.3335,0.3395,0.33641184,0.3365,78780.44,BTC-30OCT26,0.4531,-0.94571,32.63022,0.6,0.0,0.006000000000000005,BTC,78244.89,0.0
2026-09-08T13:30:30.953430+00:00,BTC-26MAR27-68000-C,80344.12,BTC-26MAR27,call,68000.0,2027-03-26T08:00:00+00:00,0.5442039016455624,0.2045,0.207,0.20601257,0.20575,80344.12,BTC-26MAR27,0.4179,0.75548,186.00434,196.5,0.0,0.0025000000000000022,BTC,78244.89,0.0
2026-09-08T13:30:30.953430+00:00,BTC-25DEC26-52000-P,79423.44,BTC-25DEC26,put,52000.0,2026-12-25T08:00:00+00:00,0.29505948001654114,0.006,0.0065,0.00622988,0.00625,79423.44,BTC-25DEC26,0.5121,-0.04875,43.56526,542.5,0.2,0.0004999999999999996,BTC,78249.67,95.05
2026-09-08T13:30:30.953430+00:00,BTC-25SEP26-94000-C,78451.3,BTC-25SEP26,call,94000.0,2026-09-25T08:00:00+00:00,0.04591505838751996,0.0013,0.0017,0.00147409,0.0015,78451.3,BTC-25SEP26,0.4632,0.03736,13.69081,870.2,10.2,0.00039999999999999996,BTC,78249.67,1122.88
2026-09-08T13:30:30.953430+00:00,BTC-30OCT26-83000-P,78780.44,BTC-30OCT26,put,83000.0,2026-10-30T08:00:00+00:00,0.1417398359371435,0.088,0.0905,0.08938371,0.08925,78780.44,BTC-30OCT26,0.38189999999999996,-0.61744,113.07198,106.3,3.0,0.0025000000000000022,BTC,78244.89,19881.19
2026-09-08T13:30:30.953430+00:00,BTC-10SEP26-78500-C,78354.66,BTC-10SEP26,call,78500.0,2026-09-10T08:00:00+00:00,0.004847296580538444,0.008,0.009,0.00855718,0.0085,78354.66,BTC-10SEP26,0.3403,0.45208,21.57947,5.3,5.3,0.0009999999999999992,BTC,78244.89,3759.97
2026-09-08T13:30:30.953430+00:00,BTC-12SEP26-88000-C,78362.39,BTC-12SEP26,call,88000.0,2026-09-12T08:00:00+00:00,0.010322998154802646,0.0002,0.0005,0.00032289,0.00035,78362.39,BTC-12SEP26,0.5306000000000001,0.01603,3.18953,0.0,0.0,0.00030000000000000003,BTC,78244.89,0.0
2026-09-08T13:30:30.953430+00:00,BTC-12SEP26-72000-P,78362.39,BTC-12SEP26,put,72000.0,2026-09-12T08:00:00+00:00,0.010322998154802646,0.0006,0.0008,0.00069057,0.0007,78362.39,BTC-12SEP26,0.4694,-0.03772,6.53442,0.2,0.2,0.0002000000000000001,BTC,78244.89,11.79
2026-09-08T13:30:30.953430+00:00,BTC-25DEC26-96000-C,79423.44,BTC-25DEC26,call,96000.0,2026-12-25T08:00:00+00:00,0.29505948001654114,0.0255,0.0265,0.02610871,0.026,79423.44,BTC-25DEC26,0.4058,0.22512,129.31245,1500.9,1.1,0.0010000000000000009,BTC,78244.89,2398.07
2026-09-08T13:30:30.953430+00:00,BTC-18SEP26-74000-P,78415.92,BTC-18SEP26,put,74000.0,2026-09-18T08:00:00+00:00,0.026750102877595255,0.006,0.007,0.00654715,0.0065,78415.92,BTC-18SEP26,0.3994,-0.18388,34.07193,1291.2,278.8,0.001,BTC,78244.89,114638.71
2026-09-08T13:30:30.953430+00:00,BTC-27NOV26-69000-P,79086.64,BTC-27NOV26,put,69000.0,2026-11-27T08:00:00+00:00,0.21839965797684235,0.0245,0.0255,0.02496774,0.025,79086.64,BTC-27NOV26,0.40990000000000004,-0.21114,106.78169,24.7,0.0,0.0009999999999999974,BTC,78244.89,0.0
2026-09-08T13:30:30.953430+00:00,BTC-11SEP26-70000-C,78363.2,BTC-11SEP26,call,70000.0,2026-09-11T08:00:00+00:00,0.0075851473676705455,0.1055,0.108,0.10686938,0.10675,78363.2,BTC-11SEP26,0.5519,0.99057,1.72644,286.9,0.0,0.0025000000000000022,BTC,78244.89,0.0
2026-09-08T13:30:30.953430+00:00,BTC-25JUN27-170000-C,81361.51,BTC-25JUN27,call,170000.0,2027-06-25T08:00:00+00:00,0.7933483232745836,0.011,0.0125,0.01172353,0.01175,81361.51,BTC-25JUN27,0.4903,0.07069,97.96442,91.9,0.0,0.0015000000000000013,BTC,78244.89,0.0
2026-09-08T13:30:30.953430+00:00,BTC-25DEC26-68000-C,79423.44,BTC-25DEC26,call,68000.0,2026-12-25T08:00:00+00:00,0.29505948001654114,0.173,0.1755,0.17385697,0.17425,79423.44,BTC-25DEC26,0.41340000000000005,0.78754,125.06855,1031.5,0.0,0.0025000000000000022,BTC,78241.64,0.0
2026-09-08T13:30:30.953430+00:00,BTC-27NOV26-102000-C,79095.75,BTC-27NOV26,call,102000.0,2026-11-27T08:00:00+00:00,0.21839965797684235,0.0105,0.0115,0.01081804,0.011,79095.75,BTC-27NOV26,0.4265,0.1186,73.26818,95.5,0.1,0.0009999999999999992,BTC,78244.89,78.31
2026-09-08T13:30:30.953430+00:00,BTC-25JUN27-40000-C,81361.51,BTC-25JUN27,call,40000.0,2027-06-25T08:00:00+00:00,0.7933483232745836,0.516,0.5195,0.51817283,0.51775,81361.51,BTC-25JUN27,0.534,0.95799,64.93087,17.2,0.1,0.0034999999999999476,BTC,78241.64,4075.79
2026-09-08T13:30:30.953430+00:00,BTC-27NOV26-100000-P,79086.64,BTC-27NOV26,put,100000.0,2026-11-27T08:00:00+00:00,0.21839965797684235,0.274,0.2795,0.27677651,0.27675,79086.64,BTC-27NOV26,0.42,-0.86486,80.23873,0.0,0.0,0.005500000000000005,BTC,78241.64,0.0
2026-09-08T13:30:30.953430+00:00,BTC-12SEP26-73000-P,78362.39,BTC-12SEP26,put,73000.0,2026-09-12T08:00:00+00:00,0.010322998154802646,0.0008,0.0011,0.000971,0.00095,78362.39,BTC-12SEP26,0.4343,-0.05468,8.80747,0.0,0.0,0.00030000000000000003,BTC,78241.64,0.0
2026-09-08T13:30:30.953430+00:00,BTC-25SEP26-94000-P,78460.41,BTC-25SEP26,put,94000.0,2026-09-25T08:00:00+00:00,0.04591505838751996,0.197,0.2025,0.19952382,0.19975,78460.41,BTC-25SEP26,0.4632,-0.96269,13.67486,1.9,0.0,0.005500000000000005,BTC,78241.64,0.0
2026-09-08T13:30:30.953430+00:00,BTC-26MAR27-100000-C,80344.12,BTC-26MAR27,call,100000.0,2027-03-26T08:00:00+00:00,0.5442039016455624,0.0455,0.0475,0.04643949,0.0465,80344.12,BTC-26MAR27,0.4114,0.28352,200.58202,670.1,0.0,0.0020000000000000018,BTC,78241.98,0.0
2026-09-08T13:30:30.953430+00:00,BTC-26MAR27-68000-P,80344.12,BTC-26MAR27,put,68000.0,2027-03-26T08:00:00+00:00,0.5442039016455624,0.0515,0.053,0.05226757,0.05225,80344.12,BTC-26MAR27,0.4179,-0.24456,186.01259,290.8,0.0,0.0015000000000000013,BTC,78241.98,0.0
2026-09-08T13:30:30.953430+00:00,BTC-9SEP26-84000-P,78345.72,BTC-9SEP26,put,84000.0,2026-09-09T08:00:00+00:00,0.002109445793406343,0.07,0.075,0.07217215,0.0725,78345.72,BTC-9SEP26,0.46549999999999997,-0.99953,0.06003,0.0,0.0,0.0049999999999999906,BTC,78241.64,0.0
2026-09-08T13:30:30.953430+00:00,BTC-12SEP26-86000-C,78362.39,BTC-12SEP26,call,86000.0,2026-09-12T08:00:00+00:00,0.010322998154802646,0.0005,0.0008,0.00063085,0.00065,78362.39,BTC-12SEP26,0.49,0.03108,5.57239,0.2,0.2,0.00030000000000000003,BTC,78241.64,11.01
2026-09-08T13:30:30.953430+00:00,BTC-27NOV26-87000-C,79095.75,BTC-27NOV26,call,87000.0,2026-11-27T08:00:00+00:00,0.21839965797684235,0.037,0.038,0.03755195,0.0375,79095.75,BTC-27NOV26,0.39649999999999996,0.33439,134.44318,59.8,0.0,0.0010000000000000009,BTC,78241.64,0.0
2026-09-08T13:30:30.953430+00:00,BTC-25JUN27-52000-P,81361.51,BTC-25JUN27,put,52000.0,2027-06-25T08:00:00+00:00,0.7933483232745836,0.0235,0.025,0.02427171,0.02425,81361.51,BTC-25JUN27,0.4714,-0.10146,128.42944,40.4,0.0,0.0015000000000000013,BTC,78241.64,0.0
2026-09-08T13:30:30.953430+00:00,BTC-25SEP26-78000-P,78451.3,BTC-25SEP26,put,78000.0,2026-09-25T08:00:00+00:00,0.04591505838751996,0.0285,0.0295,0.02906499,0.029,78451.3,BTC-25SEP26,0.37439999999999996,-0.46121,66.68892,2627.9,16.0,0.0009999999999999974,BTC,78241.98,36113.78
2026-09-08T13:30:30.953430+00:00,BTC-11SEP26-85000-C,78363.2,BTC-11SEP26,call,85000.0,2026-09-11T08:00:00+00:00,0.0075851473676705455,0.0003,0.0006,0.00042138,0.00045,78363.2,BTC-11SEP26,0.47859999999999997,0.02506,3.99228,764.6,83.5,0.0003,BTC,78241.98,4386.48
2026-09-08T13:30:30.953430+00:00,BTC-27NOV26-77000-P,79086.64,BTC-27NOV26,put,77000.0,2026-11-27T08:00:00+00:00,0.21839965797684235,0.059,0.0605,0.05986805,0.05975,79086.64,BTC-27NOV26,0.3937,-0.40862,143.44708,28.5,0.0,0.0015000000000000013,BTC,78241.98,0.0
2026-09-08T13:30:30.953430+00:00,BTC-27NOV26-77000-C,79086.64,BTC-27NOV26,call,77000.0,2026-11-27T08:00:00+00:00,0.21839965797684235,0.086,0.087,0.08636528,0.0865,79086.64,BTC-27NOV26,0.3937,0.59138,143.44708,24.9,1.9,0.0010000000000000009,BTC,78241.98,12889.47
2026-09-08T13:30:30.953430+00:00,BTC-25SEP26-87000-C,78451.3,BTC-25SEP26,call,87000.0,2026-09-25T08:00:00+00:00,0.04591505838751996,0.005,0.006,0.00545888,0.0055,78451.3,BTC-25SEP26,0.41009999999999996,0.12598,34.76438,10.9,0.7,0.001,BTC,78241.98,294.85
2026-09-08T13:30:30.953430+00:00,BTC-26MAR27-125000-P,80344.12,BTC-26MAR27,put,125000.0,2027-03-26T08:00:00+00:00,0.5442039016455624,0.568,0.577,0.57206364,0.5725,80344.12,BTC-26MAR27,0.4429,-0.88329,116.18858,0.1,0.0,0.009000000000000008,BTC,78249.89,0.0
2026-09-08T13:30:30.953430+00:00,BTC-26MAR27-115000-C,80344.12,BTC-26MAR27,call,115000.0,2027-03-26T08:00:00+00:00,0.5442039016455624,0.023,0.025,0.02419993,0.024,80344.12,BTC-26MAR27,0.4292,0.16434,146.66076,807.8,0.0,0.0020000000000000018,BTC,78249.89,0.0
2026-09-08T13:30:30.953430+00:00,BTC-26MAR27-86000-C,80344.12,BTC-26MAR27,call,86000.0,2027-03-26T08:00:00+00:00,0.5442039016455624,0.0895,0.0915,0.09047498,0.0905,80344.12,BTC-26MAR27,0.4033,0.46696,235.50107,141.7,0.0,0.0020000000000000018,BTC,78249.89,0.0
2026-09-08T13:30:30.953430+00:00,BTC-11SEP26-95000-C,78354.09,BTC-11SEP26,call,95000.0,2026-09-11T08:00:00+00:00,0.0075851473676705455,,0.0001,3.78e-06,,78354.09,BTC-11SEP26,0.6341,0.00025,0.06393,616.7,0.0,,BTC,78249.89,0.0
2026-09-08T13:30:30.953430+00:00,BTC-10SEP26-82500-P,78354.86,BTC-10SEP26,put,82500.0,2026-09-10T08:00:00+00:00,0.004847296580538444,0.051,0.056,0.05336759,0.0535,78354.86,BTC-10SEP26,0.4157,-0.96466,4.24413,0.0,0.0,0.0050000000000000044,BTC,78249.89,0.0
2026-09-08T13:30:30.953430+00:00,BTC-27NOV26-62000-C,79095.75,BTC-27NOV26,call,62000.0,2026-11-27T08:00:00+00:00,0.21839965797684235,0.2255,0.229,0.22715768,0.22725,79095.75,BTC-27NOV26,0.446,0.89733,66.06934,0.0,0.0,0.003500000000000003,BTC,78249.89,0.0
2026-09-08T13:30:30.953430+00:00,BTC-12SEP26-83000-P,78362.39,BTC-12SEP26,put,83000.0,2026-09-12T08:00:00+00:00,0.010322998154802646,0.059,0.064,0.06111515,0.0615,78362.39,BTC-12SEP26,0.4337,-0.90434,13.51419,0.0,0.0,0.0050000000000000044,BTC,78249.89,0.0
2026-09-08T13:30:30.953430+00:00,BTC-11SEP26-67000-C,78354.09,BTC-11SEP26,call,67000.0,2026-09-11T08:00:00+00:00,0.0075851473676705455,0.143,0.147,0.14511757,0.145,78354.09,BTC-11SEP26,0.7147,0.99427,1.11208,0.2,0.0,0.0040000000000000036,BTC,78249.89,0.0
2026-09-08T13:30:30.953430+00:00,BTC-27NOV26-80000-P,79086.64,BTC-27NOV26,put,80000.0,2026-11-27T08:00:00+00:00,0.21839965797684235,0.0785,0.0795,0.07945535,0.079,79086.64,BTC-27NOV26,0.39289999999999997,-0.49055,147.30348,57.3,5.2,0.0010000000000000009,BTC,78249.89,30678.78
2026-09-08T13:30:30.953430+00:00,BTC-25JUN27-80000-P,81361.51,BTC-25JUN27,put,80000.0,2027-06-25T08:00:00+00:00,0.7933483232745836,0.137,0.1395,0.13773893,0.13825,81361.51,BTC-25JUN27,0.41659999999999997,-0.40972,281.47693,44.0,0.1,0.0025000000000000022,BTC,78249.89,1056.72
2026-09-08T13:30:30.953430+00:00,BTC-25DEC26-55000-P,79423.44,BTC-25DEC26,put,55000.0,2026-12-25T08:00:00+00:00,0.29505948001654114,0.0075,0.0085,0.00800727,0.008,79423.44,BTC-25DEC26,0.48369999999999996,-0.0636,53.73914,2677.5,20.0,0.0010000000000000009,BTC,78252.19,12685.09
2026-09-08T13:30:30.953430+00:00,BTC-25SEP26-98000-C,78451.3,BTC-25SEP26,call,98000.0,2026-09-25T08:00:00+00:00,0.04591505838751996,0.0007,0.001,0.00083583,0.00085,78451.3,BTC-25SEP26,0.5006,0.02123,8.55605,1129.3,0.2,0.00030000000000000003,BTC,78252.19,15.83
2026-09-08T13:30:30.953430+00:00,BTC-25JUN27-30000-P,81370.62,BTC-25JUN27,put,30000.0,2027-06-25T08:00:00+00:00,0.7933483232745836,0.0042,0.0047,0.00434306,0.00445,81370.62,BTC-25JUN27,0.6141,-0.0181,32.20353,341.7,0.4,0.0005000000000000004,BTC,78252.19,123.96
2026-09-08T13:30:30.953430+00:00,BTC-25SEP26-100000-P,78460.41,BTC-25SEP26,put,100000.0,2026-09-25T08:00:00+00:00,0.04591505838751996,0.272,0.2785,0.27515508,0.27525,78460.41,BTC-25SEP26,0.5174,-0.98387,6.76936,336.1,0.0,0.006500000000000006,BTC,78252.19,0.0
2026-09-08T13:30:30.953430+00:00,BTC-27NOV26-72000-C,79086.64,BTC-27NOV26,call,72000.0,2026-11-27T08:00:00+00:00,0.21839965797684235,0.124,0.1265,0.12482018,0.12525,79086.64,BTC-27NOV26,0.4003,0.72232,123.8289,0.0,0.0,0.0025000000000000022,BTC,78252.19,0.0
2026-09-08T13:30:30.953430+00:00,BTC-30OCT26-102000-C,78780.44,BTC-30OCT26,call,102000.0,2026-10-30T08:00:00+00:00,0.1417398359371435,0.0046,0.0055,0.00500333,0.00505,78780.44,BTC-30OCT26,0.4436,0.07087,40.17727,198.4,0.0,0.0008999999999999998,BTC,78252.19,0.0
2026-09-08T13:30:30.953430+00:00,BTC-27NOV26-83000-P,79086.64,BTC-27NOV26,put,83000.0,2026-11-27T08:00:00+00:00,0.21839965797684235,0.1015,0.1025,0.10227917,0.102,79086.64,BTC-27NOV26,0.3932,-0.56996,145.07722,43.3,5.7,0.000999999999999987,BTC,78252.19,44837.27
2026-09-08T13:30:30.953430+00:00,BTC-27NOV26-79000-C,79086.64,BTC-27NOV26,call,79000.0,2026-11-27T08:00:00+00:00,0.21839965797684235,0.073,0.0745,0.07360672,0.07375,79086.64,BTC-27NOV26,0.3922,0.53671,146.7245,105.4,65.1,0.0015000000000000013,BTC,78252.19,407321.1
2026-09-08T13:30:30.953430+00:00,BTC-25SEP26-102000-C,78451.3,BTC-25SEP26,call,102000.0,2026-09-25T08:00:00+00:00,0.04591505838751996,0.0004,0.0006,0.00048976,0.0005,78451.3,BTC-25SEP26,0.5342,0.01244,5.41129,199.1,0.1,0.00019999999999999993,BTC,78252.19,3.14
2026-09-08T13:30:30.953430+00:00,BTC-26MAR27-102000-C,80344.12,BTC-26MAR27,call,102000.0,2027-03-26T08:00:00+00:00,0.5442039016455624,0.0415,0.043,0.04230051,0.04225,80344.12,BTC-26MAR27,0.4131,0.26328,193.38208,127.5,0.0,0.0014999999999999944,BTC,78252.19,0.0
2026-09-08T13:30:30.953430+00:00,BTC-25DEC26-78000-P,79423.44,BTC-25DEC26,put,78000.0,2026-12-25T08:00:00+00:00,0.29505948001654114,0.076,0.077,0.0763831,0.0765,79423.44,BTC-25DEC26,0.3967,-0.42602,169.01419,1405.3,3.0,0.0010000000000000009,BTC,78253.8,16746.62
2026-09-08T13:30:30.953430+00:00,BTC-25JUN27-76000-P,81370.62,BTC-25JUN27,put,76000.0,2027-06-25T08:00:00+00:00,0.7933483232745836,0.112,0.114,0.11279711,0.113,81370.62,BTC-25JUN27,0.41979999999999995,-0.35695,270.14174,74.6,0.1,0.0020000000000000018,BTC,78253.8,875.32
2026-09-08T13:30:30.953430+00:00,BTC-11SEP26-79000-C,78363.2,BTC-11SEP26,call,79000.0,2026-09-11T08:00:00+00:00,0.0075851473676705455,0.0085,0.0095,0.00906723,0.009,78363.2,BTC-11SEP26,0.36450000000000005,0.39175,26.19289,417.0,219.4,0.0009999999999999992,BTC,78253.8,181684.04
2026-09-08T13:30:30.953430+00:00,BTC-25SEP26-80000-C,78451.3,BTC-25SEP26,call,80000.0,2026-09-25T08:00:00+00:00,0.04591505838751996,0.023,0.024,0.02364139,0.0235,78451.3,BTC-25SEP26,0.3766,0.41513,65.49435,6778.3,146.7,0.0010000000000000009,BTC,78253.8,321630.99
2026-09-08T13:30:30.953430+00:00,BTC-27NOV26-81000-C,79086.64,BTC-27NOV26,call,81000.0,2026-11-27T08:00:00+00:00,0.21839965797684235,0.062,0.063,0.06254893,0.0625,79086.64,BTC-27NOV26,0.3924,0.48247,147.20974,113.9,2.5,0.0010000000000000009,BTC,78253.8,12623.15
2026-09-08T13:30:30.953430+00:00,BTC-25JUN27-78000-C,81361.51,BTC-25JUN27,call,78000.0,2027-06-25T08:00:00+00:00,0.7933483232745836,0.1645,0.167,0.16616015,0.16575,81361.51,BTC-25JUN27,0.41759999999999997,0.61668,276.47432,53.2,0.0,0.0025000000000000022,BTC,78253.8,0.0
2026-09-08T13:30:30.953430+00:00,BTC-10SEP26-87000-P,78354.86,BTC-10SEP26,put,87000.0,2026-09-10T08:00:00+00:00,0.004847296580538444,0.108,0.1135,0.11036505,0.11075,78354.86,BTC-10SEP26,0.48700000000000004,-0.99906,0.17385,0.0,0.0,0.005500000000000005,BTC,78244.33,0.0
2026-09-08T13:30:30.953430+00:00,BTC-27NOV26-96000-P,79086.64,BTC-27NOV26,put,96000.0,2026-11-27T08:00:00+00:00,0.21839965797684235,0.2285,0.2335,0.23117588,0.231,79086.64,BTC-27NOV26,0.4122,-0.81974,97.00554,0.0,0.0,0.0050000000000000044,BTC,78253.8,0.0
2026-09-08T13:30:30.953430+00:00,BTC-25JUN27-62000-C,81370.62,BTC-25JUN27,call,62000.0,2027-06-25T08:00:00+00:00,0.7933483232745836,0.285,0.288,0.28721267,0.2865,81370.62,BTC-25JUN27,0.441,0.81206,195.20754,117.0,0.0,0.0030000000000000027,BTC,78253.8,0.0
2026-09-08T13:30:30.953430+00:00,BTC-25SEP26-92000-P,78451.3,BTC-25SEP26,put,92000.0,2026-09-25T08:00:00+00:00,0.04591505838751996,0.172,0.1775,0.17465511,0.17475,78451.3,BTC-25SEP26,0.4476,-0.94784,17.91576,7.7,0.0,0.005500000000000005,BTC,78244.33,0.0
2026-09-08T13:30:30.953430+00:00,BTC-27NOV26-104000-P,79095.75,BTC-27NOV26,put,104000.0,2026-11-27T08:00:00+00:00,0.21839965797684235,0.3215,0.327,0.32414078,0.32425,79095.75,BTC-27NOV26,0.4314,-0.8965,66.46343,0.0,0.0,0.005500000000000005,BTC,78244.33,0.0
2026-09-08T13:30:30.953430+00:00,BTC-26MAR27-58000-C,80344.12,BTC-26MAR27,call,58000.0,2027-03-26T08:00:00+00:00,0.5442039016455624,0.2995,0.3035,0.30197263,0.3015,80344.12,BTC-26MAR27,0.44770000000000004,0.87464,122.17319,4.3,0.0,0.0040000000000000036,BTC,78244.33,0.0
2026-09-08T13:30:30.953430+00:00,BTC-26MAR27-94000-C,80344.12,BTC-26MAR27,call,94000.0,2027-03-26T08:00:00+00:00,0.5442039016455624,0.0605,0.0625,0.06153079,0.0615,80344.12,BTC-26MAR27,0.4064,0.35319,220.10981,166.3,0.0,0.0020000000000000018,BTC,78244.33,0.0
2026-09-08T13:30:30.953430+00:00,BTC-26MAR27-72000-C,80344.12,BTC-26MAR27,call,72000.0,2027-03-26T08:00:00+00:00,0.5442039016455624,0.172,0.1745,0.17368564,0.17325,80344.12,BTC-26MAR27,0.4114,0.69487,207.51256,95.2,0.0,0.0025000000000000022,BTC,78244.33,0.0
2026-09-08T13:30:30.953430+00:00,BTC-25JUN27-50000-C,81370.62,BTC-25JUN27,call,50000.0,2027-06-25T08:00:00+00:00,0.7933483232745836,0.404,0.4075,0.40630056,0.40575,81370.62,BTC-25JUN27,0.47850000000000004,0.91195,115.70327,17.5,0.0,0.0034999999999999476,BTC,78244.33,0.0
2026-09-08T13:30:30.953430+00:00,BTC-12SEP26-71000-P,78362.39,BTC-12SEP26,put,71000.0,2026-09-12T08:00:00+00:00,0.010322998154802646,0.0004,0.0006,0.00049634,0.0005,78362.39,BTC-12SEP26,0.5033,-0.02658,4.89284,0.1,0.1,0.00019999999999999993,BTC,78244.33,3.14
2026-09-08T13:30:30.953430+00:00,BTC-25DEC26-55000-C,79423.8,BTC-25DEC26,call,55000.0,2026-12-25T08:00:00+00:00,0.29505948001654114,0.3135,0.317,0.31550693,0.31525,79423.8,BTC-25DEC26,0.48369999999999996,0.93636,53.76531,44.9,0.0,0.003500000000000003,BTC,78244.33,0.0
2026-09-08T13:30:30.953430+00:00,BTC-25SEP26-52000-C,78460.41,BTC-25SEP26,call,52000.0,2026-09-25T08:00:00+00:00,0.04591505838751996,0.3355,0.3395,0.33742643,0.3375,78460.41,BTC-25SEP26,0.7334999999999999,0.99641,1.80614,150.2,0.0,0.0040000000000000036,BTC,78244.33,0.0
2026-09-08T13:30:30.953430+00:00,BTC-25DEC26-240000-C,79423.44,BTC-25DEC26,call,240000.0,2026-12-25T08:00:00+00:00,0.29505948001654114,0.0001,0.0004,0.00031652,0.00025,79423.44,BTC-25DEC26,0.6948000000000001,0.00303,3.97487,785.2,0.0,0.00030000000000000003,BTC,78239.23,0.0
2026-09-08T13:30:30.953430+00:00,BTC-10SEP26-87000-C,78354.86,BTC-10SEP26,call,87000.0,2026-09-10T08:00:00+00:00,0.004847296580538444,,0.0001,1.006e-05,,78354.86,BTC-10SEP26,0.48700000000000004,0.00094,0.17276,1.6,0.1,,BTC,78239.23,0.79
2026-09-08T13:30:30.953430+00:00,BTC-12SEP26-80000-C,78362.39,BTC-12SEP26,call,80000.0,2026-09-12T08:00:00+00:00,0.010322998154802646,0.0075,0.008,0.0076263,0.00775,78362.39,BTC-12SEP26,0.3882,0.29638,27.502,8.3,10.5,0.0005000000000000004,BTC,78239.23,7043.44
2026-09-08T13:30:30.953430+00:00,BTC-11SEP26-86000-C,78354.09,BTC-11SEP26,call,86000.0,2026-09-11T08:00:00+00:00,0.0075851473676705455,0.0002,0.0003,0.00022047,0.00025,78354.09,BTC-11SEP26,0.4864,0.01366,2.38101,1502.3,4.0,9.999999999999996e-05,BTC,78239.23,106.52
2026-09-08T13:30:30.953430+00:00,BTC-26MAR27-66000-P,80344.12,BTC-26MAR27,put,66000.0,2027-03-26T08:00:00+00:00,0.5442039016455624,0.044,0.046,0.04495393,0.045,80344.12,BTC-26MAR27,0.42229999999999995,-0.2167,173.848,110.2,0.0,0.0020000000000000018,BTC,78239.23,0.0
2026-09-08T13:30:30.953430+00:00,BTC-12SEP26-73000-C,78362.39,BTC-12SEP26,call,73000.0,2026-09-12T08:00:00+00:00,0.010322998154802646,0.067,0.0715,0.06951054,0.06925,78362.39,BTC-12SEP26,0.4343,0.94524,8.81746,0.0,0.0,0.00449999999999999,BTC,78239.23,0.0
2026-09-08T13:30:30.953430+00:00,BTC-25DEC26-75000-C,79423.44,BTC-25DEC26,call,75000.0,2026-12-25T08:00:00+00:00,0.29505948001654114,0.1135,0.1155,0.11467627,0.1145,79423.44,BTC-25DEC26,0.39899999999999997,0.6432,160.75792,1879.8,2.0,0.0020000000000000018,BTC,78239.23,19001.86
2026-09-08T13:30:30.953430+00:00,BTC-10SEP26-81000-C,78354.66,BTC-10SEP26,call,81000.0,2026-09-10T08:00:00+00:00,0.004847296580538444,0.0012,0.0015,0.00133372,0.00135,78354.66,BTC-10SEP26,0.379,0.09775,9.40317,18.3,15.0,0.00030000000000000014,BTC,78238.86,1755.37
2026-09-08T13:30:30.953430+00:00,BTC-18SEP26-78000-C,78415.92,BTC-18SEP26,call,78000.0,2026-09-18T08:00:00+00:00,0.026750102877595255,0.0275,0.0285,0.02781852,0.028,78415.92,BTC-18SEP26,0.38539999999999996,0.53769,50.88347,97.8,2.0,0.0010000000000000009,BTC,78238.86,4466.54
2026-09-08T13:30:30.953430+00:00,BTC-9SEP26-81000-P,78336.61,BTC-9SEP26,put,81000.0,2026-09-09T08:00:00+00:00,0.002109445793406343,0.032,0.037,0.03413764,0.0345,78336.61,BTC-9SEP26,0.40049999999999997,-0.96944,2.48219,0.2,0.0,0.0049999999999999975,BTC,78239.23,0.0
2026-09-08T13:30:30.953430+00:00,BTC-11SEP26-88000-C,78363.2,BTC-11SEP26,call,88000.0,2026-09-11T08:00:00+00:00,0.0075851473676705455,,0.0002,0.00012538,,78363.2,BTC-11SEP26,0.5477000000000001,0.00744,1.40156,1330.9,4.5,,BTC,78238.86,60.07
2026-09-08T13:30:30.953430+00:00,BTC-25SEP26-77000-P,78451.3,BTC-25SEP26,put,77000.0,2026-09-25T08:00:00+00:00,0.04591505838751996,0.023,0.024,0.02321739,0.0235,78451.3,BTC-25SEP26,0.3738,-0.39823,64.811,1088.7,7.0,0.0010000000000000009,BTC,78238.86,11949.31
2026-09-08T13:30:30.953430+00:00,BTC-26MAR27-35000-P,80344.12,BTC-26MAR27,put,35000.0,2027-03-26T08:00:00+00:00,0.5442039016455624,0.0032,0.0036,0.00334654,0.0034,80344.12,BTC-26MAR27,0.5995,-0.01801,26.22876,624.0,40.8,0.00039999999999999975,BTC,78238.86,9000.31
2026-09-08T13:30:30.953430+00:00,BTC-9SEP26-75000-P,78345.72,BTC-9SEP26,put,75000.0,2026-09-09T08:00:00+00:00,0.002109445793406343,0.0002,0.0004,0.00029035,0.0003,78345.72,BTC-9SEP26,0.5134000000000001,-0.0352,2.78897,141.9,168.2,0.0002,BTC,78238.86,3422.42
2026-09-08T13:30:30.953430+00:00,BTC-25JUN27-30000-C,81370.62,BTC-25JUN27,call,30000.0,2027-06-25T08:00:00+00:00,0.7933483232745836,0.635,0.6365,0.63566306,0.63575,81370.62,BTC-25JUN27,0.6141,0.98189,32.21663,82.6,7.1,0.0014999999999999458,BTC,78238.86,354729.9
2026-09-08T13:30:30.953430+00:00,BTC-30OCT26-73000-C,78780.44,BTC-30OCT26,call,73000.0,2026-10-30T08:00:00+00:00,0.1417398359371435,0.099,0.101,0.09991458,0.1,78780.44,BTC-30OCT26,0.3849,0.72247,99.32798,634.0,0.0,0.0020000000000000018,BTC,78238.86,0.0
2026-09-08T13:30:30.953430+00:00,BTC-30OCT26-81000-P,78780.44,BTC-30OCT26,put,81000.0,2026-10-30T08:00:00+00:00,0.1417398359371435,0.072,0.0735,0.07275546,0.07275,78780.44,BTC-30OCT26,0.3787,-0.5524,117.20372,167.0,0.0,0.0015000000000000013,BTC,78238.86,0.0
2026-09-08T13:30:30.953430+00:00,BTC-25SEP26-50000-P,78451.3,BTC-25SEP26,put,50000.0,2026-09-25T08:00:00+00:00,0.04591505838751996,,0.0002,0.00014319,,78451.3,BTC-25SEP26,0.7798999999999999,-0.00279,1.44076,3753.2,2.6,,BTC,78238.86,21.34
2026-09-08T13:30:30.953430+00:00,BTC-26MAR27-64000-P,80344.12,BTC-26MAR27,put,64000.0,2027-03-26T08:00:00+00:00,0.5442039016455624,0.038,0.0395,0.03865451,0.03875,80344.12,BTC-26MAR27,0.4282,-0.19094,161.20941,126.0,5.0,0.0015000000000000013,BTC,78238.86,14811.72
2026-09-08T13:30:30.953430+00:00,BTC-12SEP26-70000-P,78362.39,BTC-12SEP26,put,70000.0,2026-09-12T08:00:00+00:00,0.010322998154802646,0.0003,0.0005,0.00039357,0.0004,78362.39,BTC-12SEP26,0.5437,-0.02039,3.91431,0.1,0.1,0.00020000000000000004,BTC,78222.13,1.57
2026-09-08T13:30:30.953430+00:00,BTC-26MAR27-115000-P,80344.12,BTC-26MAR27,put,115000.0,2027-03-26T08:00:00+00:00,0.5442039016455624,0.452,0.46,0.45536648,0.456,80344.12,BTC-26MAR27,0.4292,-0.83595,146.44112,2.2,0.0,0.008000000000000007,BTC,78222.13,0.0
2026-09-08T13:30:30.953430+00:00,BTC-26MAR27-35000-C,80353.23,BTC-26MAR27,call,35000.0,2027-03-26T08:00:00+00:00,0.5442039016455624,0.567,0.5695,0.56777412,0.56825,80353.23,BTC-26MAR27,0.5995,0.98197,26.2501,21.7,1.2,0.0025000000000000577,BTC,78222.13,54184.39
2026-09-08T13:30:30.953430+00:00,BTC-9SEP26-77000-P,78336.61,BTC-9SEP26,put,77000.0,2026-09-09T08:00:00+00:00,0.002109445793406343,0.0011,0.0014,0.0011851,0.00125,78336.61,BTC-9SEP26,0.354,-0.16399,8.87977,87.3,73.3,0.0002999999999999999,BTC,78222.13,5987.68
2026-09-08T13:30:30.953430+00:00,BTC-25JUN27-54000-P,81361.51,BTC-25JUN27,put,54000.0,2027-06-25T08:00:00+00:00,0.7933483232745836,0.0275,0.028,0.02778663,0.02775,81361.51,BTC-25JUN27,0.4621,-0.11546,140.91939,50.1,0.0,0.0005000000000000004,BTC,78222.13,0.0
2026-09-08T13:30:30.953430+00:00,BTC-30OCT26-77000-C,78780.44,BTC-30OCT26,call,77000.0,2026-10-30T08:00:00+00:00,0.1417398359371435,0.0675,0.069,0.0683249,0.06825,78780.44,BTC-30OCT26,0.379,0.58777,115.32741,116.0,0.0,0.0015000000000000013,BTC,78222.13,0.0
2026-09-08T13:30:30.953430+00:00,BTC-9SEP26-88000-P,78345.72,BTC-9SEP26,put,88000.0,2026-09-09T08:00:00+00:00,0.002109445793406343,0.1205,0.126,0.1232245,0.12325,78345.72,BTC-9SEP26,0.5371,-1.0,0.00018,0.0,0.0,0.005500000000000005,BTC,78222.13,0.0
2026-09-08T13:30:30.953430+00:00,BTC-25SEP26-140000-P,78451.3,BTC-25SEP26,put,140000.0,2026-09-25T08:00:00+00:00,0.04591505838751996,0.78,0.7885,0.78434021,0.78425,78451.3,BTC-25SEP26,0.7629,-0.99974,0.16353,1.4,0.0,0.008499999999999952,BTC,78222.13,0.0
2026-09-08T13:30:30.953430+00:00,BTC-27NOV26-106000-P,79086.64,BTC-27NOV26,put,106000.0,2026-11-27T08:00:00+00:00,0.21839965797684235,0.345,0.3515,0.34811897,0.34825,79086.64,BTC-27NOV26,0.4363,-0.90997,59.97115,0.0,0.0,0.006500000000000006,BTC,78222.13,0.0
2026-09-08T13:30:30.953430+00:00,BTC-30OCT26-104000-C,78780.44,BTC-30OCT26,call,104000.0,2026-10-30T08:00:00+00:00,0.1417398359371435,0.0039,0.0043,0.00408523,0.0041,78780.44,BTC-30OCT26,0.44909999999999994,0.05875,34.71669,89.2,0.0,0.0004000000000000002,BTC,78222.13,0.0
2026-09-08T13:30:30.953430+00:00,BTC-27NOV26-91000-P,79095.75,BTC-27NOV26,put,91000.0,2026-11-27T08:00:00+00:00,0.21839965797684235,0.1745,0.1795,0.17704913,0.177,79095.75,BTC-27NOV26,0.4019,-0.7458,118.33342,0.0,0.0,0.0050000000000000044,BTC,78203.69,0.0
2026-09-08T13:30:30.953430+00:00,BTC-11SEP26-84000-P,78363.2,BTC-11SEP26,put,84000.0,2026-09-11T08:00:00+00:00,0.0075851473676705455,0.07,0.0755,0.07258182,0.07275,78363.2,BTC-11SEP26,0.45380000000000004,-0.96274,5.54178,2.9,0.0,0.005499999999999991,BTC,78203.69,0.0
2026-09-08T13:30:30.953430+00:00,BTC-26MAR27-108000-P,80344.12,BTC-26MAR27,put,108000.0,2027-03-26T08:00:00+00:00,0.5442039016455624,0.3735,0.3805,0.37633861,0.377,80344.12,BTC-26MAR27,0.4194,-0.78982,170.70055,0.1,0.0,0.007000000000000006,BTC,78203.69,0.0
2026-09-08T13:30:30.953430+00:00,BTC-10SEP26-78500-P,78354.66,BTC-10SEP26,put,78500.0,2026-09-10T08:00:00+00:00,0.004847296580538444,0.01,0.011,0.01042921,0.0105,78354.66,BTC-10SEP26,0.3403,-0.56184,21.45682,39.1,39.3,0.0009999999999999992,BTC,78182.52,25093.11
2026-09-08T13:30:30.953430+00:00,BTC-26MAR27-180000-C,80344.12,BTC-26MAR27,call,180000.0,2027-03-26T08:00:00+00:00,0.5442039016455624,0.0038,0.0044,0.00408481,0.0041,80344.12,BTC-26MAR27,0.529,0.0304,40.7236,503.3,0.1,0.0006000000000000003,BTC,78203.69,34.46
2026-09-08T13:30:30.953430+00:00,BTC-26MAR27-84000-P,80353.23,BTC-26MAR27,put,84000.0,2027-03-26T08:00:00+00:00,0.5442039016455624,0.144,0.146,0.14486484,0.145,80353.23,BTC-26MAR27,0.4028,-0.50246,236.1682,55.2,0.0,0.0020000000000000018,BTC,78203.69,0.0
2026-09-08T13:30:30.953430+00:00,BTC-30OCT26-72000-P,78780.44,BTC-30OCT26,put,72000.0,2026-10-30T08:00:00+00:00,0.1417398359371435,0.0225,0.0235,0.02292621,0.023,78780.44,BTC-30OCT26,0.3883,-0.24902,93.9334,409.7,4.0,0.0010000000000000009,BTC,78203.69,7063.95
2026-09-08T13:30:30.953430+00:00,BTC-30OCT26-50000-P,78780.44,BTC-30OCT26,put,50000.0,2026-10-30T08:00:00+00:00,0.1417398359371435,0.0013,0.0016,0.00144875,0.00145,78780.44,BTC-30OCT26,0.5986,-0.01695,12.45098,330.2,0.6,0.00030000000000000014,BTC,78182.52,61.45
2026-09-08T13:30:30.953430+00:00,BTC-25SEP26-120000-C,78451.3,BTC-25SEP26,call,120000.0,2026-09-25T08:00:00+00:00,0.04591505838751996,0.0001,0.0002,0.0001426,0.00015,78451.3,BTC-25SEP26,0.708,0.0031,1.58268,1331.6,1.0,0.0001,BTC,78182.52,7.85
2026-09-08T13:30:30.953430+00:00,BTC-12SEP26-76000-C,78362.39,BTC-12SEP26,call,76000.0,2026-09-12T08:00:00+00:00,0.010322998154802646,0.0335,0.036,0.0348684,0.03475,78362.39,BTC-12SEP26,0.38,0.77669,23.73459,0.0,0.0,0.0024999999999999953,BTC,78182.52,0.0
2026-09-08T13:30:30.953430+00:00,BTC-30OCT26-78000-C,78780.44,BTC-30OCT26,call,78000.0,2026-10-30T08:00:00+00:00,0.1417398359371435,0.061,0.062,0.06157632,0.0615,78780.44,BTC-30OCT26,0.3778,0.55078,117.17865,462.5,0.0,0.0010000000000000009,BTC,78182.52,0.0
2026-09-08T13:30:30.953430+00:00,BTC-25SEP26-170000-P,78451.3,BTC-25SEP26,put,170000.0,2026-09-25T08:00:00+00:00,0.04591505838751996,1.1605,1.173,1.16668667,1.16675,78451.3,BTC-25SEP26,0.8693000000000001,-0.99998,0.0171,0.0,0.0,0.012499999999999956,BTC,78182.52,0.0
2026-09-08T13:30:30.953430+00:00,BTC-18SEP26-69000-C,78416.76,BTC-18SEP26,call,69000.0,2026-09-18T08:00:00+00:00,0.026750102877595255,0.119,0.1235,0.12137516,0.12125,78416.76,BTC-18SEP26,0.4661,0.95442,12.26099,0.0,0.0,0.004500000000000004,BTC,78185.8,0.0
2026-09-08T13:30:30.953430+00:00,BTC-26MAR27-88000-C,80353.23,BTC-26MAR27,call,88000.0,2027-03-26T08:00:00+00:00,0.5442039016455624,0.081,0.083,0.08209908,0.082,80353.23,BTC-26MAR27,0.4035,0.43534,233.00013,77.2,0.2,0.0020000000000000018,BTC,78182.52,1259.37
2026-09-08T13:30:30.953430+00:00,BTC-30OCT26-83000-C,78780.44,BTC-30OCT26,call,83000.0,2026-10-30T08:00:00+00:00,0.1417398359371435,0.0355,0.0365,0.03594372,0.036,78780.44,BTC-30OCT26,0.38189999999999996,0.38042,112.78926,226.3,1.0,0.0010000000000000009,BTC,78182.52,3082.52
2026-09-08T13:30:30.953430+00:00,BTC-26MAR27-74000-P,80344.12,BTC-26MAR27,put,74000.0,2027-03-26T08:00:00+00:00,0.5442039016455624,0.079,0.0805,0.07975692,0.07975,80344.12,BTC-26MAR27,0.40850000000000003,-0.33811,216.38977,197.2,0.0,0.0015000000000000013,BTC,78182.52,0.0
2026-09-08T13:30:30.953430+00:00,BTC-26MAR27-170000-C,80344.12,BTC-26MAR27,call,170000.0,2027-03-26T08:00:00+00:00,0.5442039016455624,0.005,0.0055,0.00517667,0.00525,80344.12,BTC-26MAR27,0.5181,0.03807,48.98843,650.8,1.9,0.0004999999999999996,BTC,78185.8,744.8
2026-09-08T13:30:30.953430+00:00,BTC-27NOV26-85000-C,79086.64,BTC-27NOV26,call,85000.0,2026-11-27T08:00:00+00:00,0.21839965797684235,0.044,0.045,0.04456636,0.0445,79086.64,BTC-27NOV26,0.3943,0.37864,140.35774,528.9,0.1,0.0010000000000000009,BTC,78185.8,357.77
2026-09-08T13:30:30.953430+00:00,BTC-26MAR27-74000-C,80344.12,BTC-26MAR27,call,74000.0,2027-03-26T08:00:00+00:00,0.5442039016455624,0.1575,0.1595,0.15883236,0.1585,80344.12,BTC-26MAR27,0.40850000000000003,0.66194,216.38654,66.8,0.0,0.0020000000000000018,BTC,78185.8,0.0
2026-09-08T13:30:30.953430+00:00,BTC-9SEP26-71000-P,78345.72,BTC-9SEP26,put,71000.0,2026-09-09T08:00:00+00:00,0.002109445793406343,,0.0001,3.92e-05,,78345.72,BTC-9SEP26,0.7986,-0.00406,0.43135,15.6,0.6,,BTC,78185.8,4.7
2026-09-08T13:30:30.953430+00:00,BTC-25DEC26-64000-P,79423.44,BTC-25DEC26,put,64000.0,2026-12-25T08:00:00+00:00,0.29505948001654114,0.0195,0.0205,0.02000897,0.02,79423.44,BTC-25DEC26,0.4296,-0.1507,100.73521,360.1,1.0,0.0010000000000000009,BTC,78185.8,1558.93
2026-09-08T13:30:30.953430+00:00,BTC-25SEP26-81000-C,78451.3,BTC-25SEP26,call,81000.0,2026-09-25T08:00:00+00:00,0.04591505838751996,0.019,0.02,0.01935068,0.0195,78451.3,BTC-25SEP26,0.3804,0.35393,62.41787,2684.1,202.8,0.0010000000000000009,BTC,78185.8,350925.31
2026-09-08T13:30:30.953430+00:00,BTC-26MAR27-54000-C,80353.23,BTC-26MAR27,call,54000.0,2027-03-26T08:00:00+00:00,0.5442039016455624,0.343,0.3465,0.34514056,0.34475,80353.23,BTC-26MAR27,0.46630000000000005,0.90692,98.53365,0.1,0.0,0.0034999999999999476,BTC,78185.8,0.0
2026-09-08T13:30:30.953430+00:00,BTC-25JUN27-96000-P,81370.62,BTC-25JUN27,put,96000.0,2027-06-25T08:00:00+00:00,0.7933483232745836,0.264,0.269,0.26578478,0.2665,81370.62,BTC-25JUN27,0.41659999999999997,-0.60455,278.70226,0.0,0.0,0.0050000000000000044,BTC,78185.8,0.0
2026-09-08T13:30:30.953430+00:00,BTC-27NOV26-91000-C,79095.75,BTC-27NOV26,call,91000.0,2026-11-27T08:00:00+00:00,0.21839965797684235,0.026,0.027,0.02654585,0.0265,79095.75,BTC-27NOV26,0.4019,0.25382,118.21445,77.2,19.9,0.0010000000000000009,BTC,78185.96,44119.65
2026-09-08T13:30:30.953430+00:00,BTC-9SEP26-71000-C,78336.61,BTC-9SEP26,call,71000.0,2026-09-09T08:00:00+00:00,0.002109445793406343,0.0915,0.096,0.09380126,0.09375,78336.61,BTC-9SEP26,0.7986,0.99594,0.43121,0.0,0.0,0.004500000000000004,BTC,78185.96,0.0
2026-09-08T13:30:30.953430+00:00,BTC-12SEP26-79500-C,78362.39,BTC-12SEP26,call,79500.0,2026-09-12T08:00:00+00:00,0.010322998154802646,0.009,0.01,0.00955842,0.0095,78362.39,BTC-12SEP26,0.3849,0.34554,29.30158,0.6,0.6,0.0010000000000000009,BTC,78185.96,470.16
2026-09-08T13:30:30.953430+00:00,BTC-18SEP26-83000-P,78415.92,BTC-18SEP26,put,83000.0,2026-09-18T08:00:00+00:00,0.026750102877595255,0.064,0.068,0.06601546,0.066,78415.92,BTC-18SEP26,0.40659999999999996,-0.80284,35.53532,0.0,0.0,0.0040000000000000036,BTC,78185.96,0.0
2026-09-08T13:30:30.953430+00:00,BTC-12SEP26-70000-C,78362.39,BTC-12SEP26,call,70000.0,2026-09-12T08:00:00+00:00,0.010322998154802646,0.105,0.1095,0.1072123,0.10725,78362.39,BTC-12SEP26,0.5437,0.97919,3.97962,0.0,0.0,0.004500000000000004,BTC,78185.96,0.0
2026-09-08T13:30:30.953430+00:00,BTC-25SEP26-115000-C,78460.41,BTC-25SEP26,call,115000.0,2026-09-25T08:00:00+00:00,0.04591505838751996,0.0001,0.0002,0.00014257,0.00015,78460.41,BTC-25SEP26,0.6448999999999999,0.00339,1.71225,2159.9,0.0,0.0001,BTC,78185.96,0.0
2026-09-08T13:30:30.953430+00:00,BTC-25JUN27-84000-P,81361.51,BTC-25JUN27,put,84000.0,2027-06-25T08:00:00+00:00,0.7933483232745836,0.165,0.1675,0.16566605,0.16625,81361.51,BTC-25JUN27,0.41479999999999995,-0.46276,287.42324,6.5,0.0,0.0025000000000000022,BTC,78185.96,0.0
2026-09-08T13:30:30.953430+00:00,BTC-26MAR27-120000-P,80353.23,BTC-26MAR27,put,120000.0,2027-03-26T08:00:00+00:00,0.5442039016455624,0.5105,0.516,0.51309937,0.51325,80353.23,BTC-26MAR27,0.4351,-0.86307,129.75794,8.8,6.0,0.00550000000000006,BTC,78185.96,239759.72
2026-09-08T13:30:30.953430+00:00,BTC-18SEP26-84000-C,78415.92,BTC-18SEP26,call,84000.0,2026-09-18T08:00:00+00:00,0.026750102877595255,0.0055,0.006,0.0055567,0.00575,78415.92,BTC-18SEP26,0.41159999999999997,0.15443,30.4333,533.6,6.2,0.0005000000000000004,BTC,78191.05,2944.63
2026-09-08T13:30:30.953430+00:00,BTC-9SEP26-82500-P,78345.72,BTC-9SEP26,put,82500.0,2026-09-09T08:00:00+00:00,0.002109445793406343,0.051,0.0555,0.05308003,0.05325,78345.72,BTC-9SEP26,0.46549999999999997,-0.99381,0.62719,0.0,0.0,0.004500000000000004,BTC,78191.05,0.0
2026-09-08T13:30:30.953430+00:00,BTC-11SEP26-81000-C,78354.09,BTC-11SEP26,call,81000.0,2026-09-11T08:00:00+00:00,0.0075851473676705455,0.003,0.0033,0.00319308,0.00315,78354.09,BTC-11SEP26,0.39759999999999995,0.16019,16.58875,4627.7,4606.4,0.0002999999999999999,BTC,78191.05,2247673.45
2026-09-08T13:30:30.953430+00:00,BTC-30OCT26-78000-P,78780.44,BTC-30OCT26,put,78000.0,2026-10-30T08:00:00+00:00,0.1417398359371435,0.051,0.052,0.05155608,0.0515,78780.44,BTC-30OCT26,0.3778,-0.44885,117.18023,565.6,50.0,0.0010000000000000009,BTC,78191.05,184981.31
2026-09-08T13:30:30.953430+00:00,BTC-11SEP26-82000-P,78354.09,BTC-11SEP26,put,82000.0,2026-09-11T08:00:00+00:00,0.0075851473676705455,0.047,0.05,0.04830085,0.0485,78354.09,BTC-11SEP26,0.4174,-0.90025,11.93388,66.1,0.0,0.0030000000000000027,BTC,78191.05,0.0
2026-09-08T13:30:30.953430+00:00,BTC-18SEP26-79000-C,78415.92,BTC-18SEP26,call,79000.0,2026-09-18T08:00:00+00:00,0.026750102877595255,0.0215,0.0225,0.02173461,0.022,78415.92,BTC-18SEP26,0.38670000000000004,0.45358,50.73407,339.6,45.2,0.0010000000000000009,BTC,78191.05,81373.66
2026-09-08T13:30:30.953430+00:00,BTC-26MAR27-104000-P,80344.12,BTC-26MAR27,put,104000.0,2027-03-26T08:00:00+00:00,0.5442039016455624,0.3305,0.3365,0.33295712,0.3335,80344.12,BTC-26MAR27,0.4155,-0.75611,185.61903,0.1,0.0,0.006000000000000005,BTC,78191.05,0.0
2026-09-08T13:30:30.953430+00:00,BTC-18SEP26-77000-C,78415.92,BTC-18SEP26,call,77000.0,2026-09-18T08:00:00+00:00,0.026750102877595255,0.034,0.036,0.03496488,0.035,78415.92,BTC-18SEP26,0.386,0.61412,48.97852,53.3,0.0,0.001999999999999995,BTC,78195.11,0.0
2026-09-08T13:30:30.953430+00:00,BTC-26MAR27-94000-P,80344.12,BTC-26MAR27,put,94000.0,2027-03-26T08:00:00+00:00,0.5442039016455624,0.2295,0.234,0.23135389,0.23175,80344.12,BTC-26MAR27,0.4064,-0.64766,219.77042,9.7,0.0,0.004500000000000004,BTC,78191.05,0.0
2026-09-08T13:30:30.953430+00:00,BTC-25DEC26-100000-P,79423.44,BTC-25DEC26,put,100000.0,2026-12-25T08:00:00+00:00,0.29505948001654114,0.277,0.282,0.27905063,0.2795,79423.44,BTC-25DEC26,0.41369999999999996,-0.82137,112.49079,303.3,0.0,0.004999999999999949,BTC,78195.11,0.0
2026-09-08T13:30:30.953430+00:00,BTC-25DEC26-75000-P,79423.44,BTC-25DEC26,put,75000.0,2026-12-25T08:00:00+00:00,0.29505948001654114,0.0585,0.0595,0.05896797,0.059,79423.44,BTC-25DEC26,0.39899999999999997,-0.35787,160.82634,1270.4,38.5,0.000999999999999994,BTC,78195.11,177975.05
2026-09-08T13:30:30.953430+00:00,BTC-27NOV26-76000-P,79095.75,BTC-27NOV26,put,76000.0,2026-11-27T08:00:00+00:00,0.21839965797684235,0.0535,0.0545,0.05396343,0.054,79095.75,BTC-27NOV26,0.3935,-0.38258,140.81064,53.2,0.0,0.0010000000000000009,BTC,78195.11,0.0
2026-09-08T13:30:30.953430+00:00,BTC-9SEP26-77000-C,78345.72,BTC-9SEP26,call,77000.0,2026-09-09T08:00:00+00:00,0.002109445793406343,0.0165,0.0205,0.01836367,0.0185,78345.72,BTC-9SEP26,0.354,0.8308,9.05788,0.9,0.9,0.004,BTC,78195.11,1341.44
2026-09-08T13:30:30.953430+00:00,BTC-27NOV26-120000-P,79095.75,BTC-27NOV26,put,120000.0,2026-11-27T08:00:00+00:00,0.21839965797684235,0.517,0.524,0.52051239,0.5205,79095.75,BTC-27NOV26,0.4793,-0.96047,31.4969,0.0,0.0,0.007000000000000006,BTC,78195.11,0.0
2026-09-08T13:30:30.953430+00:00,BTC-25SEP26-130000-C,78451.3,BTC-25SEP26,call,130000.0,2026-09-25T08:00:00+00:00,0.04591505838751996,,0.0001,5.868e-05,,78451.3,BTC-25SEP26,0.7629,0.00127,0.7058,1453.2,0.0,,BTC,78195.11,0.0
2026-09-08T13:30:30.953430+00:00,BTC-26MAR27-76000-C,80344.12,BTC-26MAR27,call,76000.0,2027-03-26T08:00:00+00:00,0.5442039016455624,0.1435,0.1455,0.14490078,0.1445,80344.12,BTC-26MAR27,0.40590000000000004,0.62926,223.64107,530.6,0.0,0.0020000000000000018,BTC,78195.11,0.0
2026-09-08T13:30:30.953430+00:00,BTC-11SEP26-90000-C,78363.2,BTC-11SEP26,call,90000.0,2026-09-11T08:00:00+00:00,0.0075851473676705455,,0.0001,2.777e-05,,78363.2,BTC-11SEP26,0.5481,0.00177,0.38563,1482.4,13.2,,BTC,78195.11,104.51
2026-09-08T13:30:30.953430+00:00,BTC-25JUN27-92000-C,81370.62,BTC-25JUN27,call,92000.0,2027-06-25T08:00:00+00:00,0.7933483232745836,0.0985,0.1005,0.0994842,0.0995,81370.62,BTC-25JUN27,0.4153,0.43974,285.41707,15.7,0.0,0.0020000000000000018,BTC,78195.11,0.0
2026-09-08T13:30:30.953430+00:00,BTC-18SEP26-68000-P,78416.76,BTC-18SEP26,put,68000.0,2026-09-18T08:00:00+00:00,0.026750102877595255,0.001,0.0011,0.00107783,0.00105,78416.76,BTC-18SEP26,0.4858,-0.03495,9.88438,108.0,13.5,0.00010000000000000005,BTC,78205.91,927.59
2026-09-08T13:30:30.953430+00:00,BTC-10SEP26-76500-P,78354.86,BTC-10SEP26,put,76500.0,2026-09-10T08:00:00+00:00,0.004847296580538444,0.0018,0.0021,0.0018773,0.00195,78354.86,BTC-10SEP26,0.33799999999999997,-0.17034,13.79843,2.5,2.6,0.0002999999999999999,BTC,78205.91,370.05
2026-09-08T13:30:30.953430+00:00,BTC-30OCT26-65000-P,78780.44,BTC-30OCT26,put,65000.0,2026-10-30T08:00:00+00:00,0.1417398359371435,0.008,0.009,0.00848074,0.0085,78780.44,BTC-30OCT26,0.43060000000000004,-0.10431,53.6088,547.1,1.0,0.0009999999999999992,BTC,78205.91,590.22
2026-09-08T13:30:30.953430+00:00,BTC-30OCT26-59000-P,78780.44,BTC-30OCT26,put,59000.0,2026-10-30T08:00:00+00:00,0.1417398359371435,0.0037,0.0041,0.00393007,0.0039,78780.44,BTC-30OCT26,0.48829999999999996,-0.04884,29.98305,84.7,1.0,0.0004000000000000002,BTC,78205.91,297.78
2026-09-08T13:30:30.953430+00:00,BTC-12SEP26-76000-P,78362.39,BTC-12SEP26,put,76000.0,2026-09-12T08:00:00+00:00,0.010322998154802646,0.0044,0.0049,0.00460806,0.00465,78362.39,BTC-12SEP26,0.38,-0.22098,23.60017,0.4,0.4,0.0004999999999999996,BTC,78205.91,128.79
2026-09-08T13:30:30.953430+00:00,BTC-25SEP26-92000-C,78451.3,BTC-25SEP26,call,92000.0,2026-09-25T08:00:00+00:00,0.04591505838751996,0.0019,0.0023,0.0020958,0.0021,78451.3,BTC-25SEP26,0.4476,0.05162,17.7609,1267.1,11.5,0.00039999999999999996,BTC,78205.91,1961.83
2026-09-08T13:30:30.953430+00:00,BTC-25SEP26-125000-C,78460.41,BTC-25SEP26,call,125000.0,2026-09-25T08:00:00+00:00,0.04591505838751996,,0.0001,8.619e-05,,78460.41,BTC-25SEP26,0.7333,0.00189,1.00979,2355.6,30.1,,BTC,78205.91,235.88
2026-09-08T13:30:30.953430+00:00,BTC-25SEP26-83000-P,78451.3,BTC-25SEP26,put,83000.0,2026-09-25T08:00:00+00:00,0.04591505838751996,0.0685,0.0725,0.07061083,0.0705,78451.3,BTC-25SEP26,0.3886,-0.74419,53.99106,20.3,0.0,0.00399999999999999,BTC,78205.91,0.0
2026-09-08T13:30:30.953430+00:00,BTC-30OCT26-82000-C,78780.44,BTC-30OCT26,call,82000.0,2026-10-30T08:00:00+00:00,0.1417398359371435,0.0395,0.0405,0.04006446,0.04,78780.44,BTC-30OCT26,0.3799,0.41318,115.36747,1123.0,14.0,0.0010000000000000009,BTC,78205.91,47874.68
2026-09-08T13:30:30.953430+00:00,BTC-25DEC26-120000-P,79423.8,BTC-25DEC26,put,120000.0,2026-12-25T08:00:00+00:00,0.29505948001654114,0.514,0.521,0.51696517,0.5175,79423.8,BTC-25DEC26,0.45649999999999996,-0.93902,51.98444,35.7,0.0,0.007000000000000006,BTC,78212.7,0.0
2026-09-08T13:30:30.953430+00:00,BTC-9SEP26-78500-P,78345.72,BTC-9SEP26,put,78500.0,2026-09-09T08:00:00+00:00,0.002109445793406343,0.0065,0.0075,0.00723983,0.007,78345.72,BTC-9SEP26,0.3382,-0.5914,13.94774,48.3,47.3,0.001,BTC,78212.7,22475.35
2026-09-08T13:30:30.953430+00:00,BTC-30OCT26-110000-C,78780.44,BTC-30OCT26,call,110000.0,2026-10-30T08:00:00+00:00,0.1417398359371435,0.0024,0.0027,0.00254698,0.00255,78780.44,BTC-30OCT26,0.475,0.03718,24.05147,1043.3,15.4,0.00030000000000000035,BTC,78212.7,3128.58
2026-09-08T13:30:30.953430+00:00,BTC-25JUN27-70000-P,81361.51,BTC-25JUN27,put,70000.0,2027-06-25T08:00:00+00:00,0.7933483232745836,0.08,0.082,0.08094771,0.081,81361.51,BTC-25JUN27,0.4263,-0.28028,243.78991,20.4,0.0,0.0020000000000000018,BTC,78212.7,0.0
2026-09-08T13:30:30.953430+00:00,BTC-25DEC26-220000-P,79423.8,BTC-25DEC26,put,220000.0,2026-12-25T08:00:00+00:00,0.29505948001654114,1.754,1.7825,1.77037416,1.76825,79423.8,BTC-25DEC26,0.6556000000000001,-0.99637,4.67495,0.0,0.0,0.02849999999999997,BTC,78212.7,0.0
2026-09-08T13:30:30.953430+00:00,BTC-26MAR27-65000-C,80344.12,BTC-26MAR27,call,65000.0,2027-03-26T08:00:00+00:00,0.5442039016455624,0.231,0.234,0.2327833,0.2325,80344.12,BTC-26MAR27,0.4252,0.79615,167.66223,366.9,0.0,0.0030000000000000027,BTC,78212.7,0.0
2026-09-08T13:30:30.953430+00:00,BTC-9SEP26-81000-C,78345.72,BTC-9SEP26,call,81000.0,2026-09-09T08:00:00+00:00,0.002109445793406343,0.0002,0.0004,0.00026055,0.0003,78345.72,BTC-9SEP26,0.40049999999999997,0.02905,2.37861,4143.9,4215.3,0.0002,BTC,78212.7,574476.18
2026-09-08T13:30:30.953430+00:00,BTC-26MAR27-130000-C,80344.12,BTC-26MAR27,call,130000.0,2027-03-26T08:00:00+00:00,0.5442039016455624,0.013,0.0145,0.01373313,0.01375,80344.12,BTC-26MAR27,0.4498,0.09886,103.0422,1136.3,0.1,0.0015000000000000013,BTC,78212.7,102.04
2026-09-08T13:30:30.953430+00:00,BTC-25JUN27-180000-C,81370.62,BTC-25JUN27,call,180000.0,2027-06-25T08:00:00+00:00,0.7933483232745836,0.009,0.0105,0.00972225,0.00975,81370.62,BTC-25JUN27,0.5001,0.05913,85.24659,47.1,0.0,0.0015000000000000013,BTC,78212.7,0.0
2026-09-08T13:30:30.953430+00:00,BTC-25SEP26-175000-C,78451.3,BTC-25SEP26,call,175000.0,2026-09-25T08:00:00+00:00,0.04591505838751996,,0.0001,8e-07,,78451.3,BTC-25SEP26,0.89,2e-05,0.0139,1904.8,0.0,,BTC,78212.26,0.0
2026-09-08T13:30:30.953430+00:00,BTC-9SEP26-80500-C,78345.72,BTC-9SEP26,call,80500.0,2026-09-09T08:00:00+00:00,0.002109445793406343,0.0004,0.0006,0.00048558,0.0005,78345.72,BTC-9SEP26,0.3847,0.05248,3.84896,122.3,13.8,0.00019999999999999993,BTC,78212.26,949.9
2026-09-08T13:30:30.953430+00:00,BTC-30OCT26-77000-P,78780.44,BTC-30OCT26,put,77000.0,2026-10-30T08:00:00+00:00,0.1417398359371435,0.045,0.046,0.0456126,0.0455,78780.44,BTC-30OCT26,0.379,-0.41251,115.3341,130.9,0.0,0.0010000000000000009,BTC,78212.26,0.0
2026-09-08T13:30:30.953430+00:00,BTC-27NOV26-60000-P,79086.64,BTC-27NOV26,put,60000.0,2026-11-27T08:00:00+00:00,0.21839965797684235,0.0085,0.0095,0.00883451,0.009,79086.64,BTC-27NOV26,0.46090000000000003,-0.08346,56.66469,41.7,15.0,0.0009999999999999992,BTC,78212.26,10624.29
2026-09-08T13:30:30.953430+00:00,BTC-18SEP26-70000-P,78415.92,BTC-18SEP26,put,70000.0,2026-09-18T08:00:00+00:00,0.026750102877595255,0.0017,0.002,0.00182743,0.00185,78415.92,BTC-18SEP26,0.4485,-0.05914,15.086,89.1,4.4,0.00030000000000000014,BTC,78212.26,536.25
2026-09-08T13:30:30.953430+00:00,BTC-11SEP26-76000-P,78354.09,BTC-11SEP26,put,76000.0,2026-09-11T08:00:00+00:00,0.0075851473676705455,0.0025,0.0029,0.00266451,0.0027,78354.09,BTC-11SEP26,0.35869999999999996,-0.17295,17.4349,1076.9,92.1,0.00039999999999999975,BTC,78212.26,19978.53
2026-09-08T13:30:30.953430+00:00,BTC-26MAR27-84000-C,80344.12,BTC-26MAR27,call,84000.0,2027-03-26T08:00:00+00:00,0.5442039016455624,0.0985,0.1005,0.09949101,0.0995,80344.12,BTC-26MAR27,0.4028,0.4977,236.19742,263.2,0.0,0.0020000000000000018,BTC,78212.26,0.0
2026-09-08T13:30:30.953430+00:00,BTC-25JUN27-160000-C,81361.51,BTC-25JUN27,call,160000.0,2027-06-25T08:00:00+00:00,0.7933483232745836,0.0135,0.015,0.01422383,0.01425,81361.51,BTC-25JUN27,0.4792,0.08479,112.43577,553.3,0.2,0.0014999999999999996,BTC,78212.26,229.23
2026-09-08T13:30:30.953430+00:00,BTC-25JUN27-170000-P,81361.51,BTC-25JUN27,put,170000.0,2027-06-25T08:00:00+00:00,0.7933483232745836,1.0875,1.1125,1.10091017,1.1,81361.51,BTC-25JUN27,0.4903,-0.92941,97.82551,14.7,0.0,0.025000000000000133,BTC,78212.26,0.0
2026-09-08T13:30:30.953430+00:00,BTC-9SEP26-77500-C,78336.61,BTC-9SEP26,call,77500.0,2026-09-09T08:00:00+00:00,0.002109445793406343,0.012,0.0145,0.01294994,0.01325,78336.61,BTC-9SEP26,0.33390000000000003,0.72762,11.92602,0.0,0.0,0.0025000000000000005,BTC,78212.26,0.0
2026-09-08T13:30:30.953430+00:00,BTC-10SEP26-81500-C,78354.66,BTC-10SEP26,call,81500.0,2026-09-10T08:00:00+00:00,0.004847296580538444,0.0008,0.0011,0.000901,0.00095,78354.66,BTC-10SEP26,0.38909999999999995,0.06741,7.10394,28.3,21.3,0.00030000000000000003,BTC,78220.61,1171.39
2026-09-08T13:30:30.953430+00:00,BTC-25SEP26-86000-P,78460.41,BTC-25SEP26,put,86000.0,2026-09-25T08:00:00+00:00,0.04591505838751996,0.1005,0.105,0.10278073,0.10275,78460.41,BTC-25SEP26,0.4032,-0.85006,39.13991,11.7,0.0,0.00449999999999999,BTC,78220.61,0.0
2026-09-08T13:30:30.953430+00:00,BTC-25SEP26-68000-C,78460.41,BTC-25SEP26,call,68000.0,2026-09-25T08:00:00+00:00,0.04591505838751996,0.134,0.138,0.13585053,0.136,78460.41,BTC-25SEP26,0.4421,0.93833,20.43519,888.3,0.0,0.0040000000000000036,BTC,78220.61,0.0
2026-09-08T13:30:30.953430+00:00,BTC-11SEP26-73000-P,78354.09,BTC-11SEP26,put,73000.0,2026-09-11T08:00:00+00:00,0.0075851473676705455,0.0004,0.0006,0.00051417,0.0005,78354.09,BTC-11SEP26,0.44770000000000004,-0.03602,5.39118,1127.9,17.8,0.00019999999999999993,BTC,78220.61,860.55
2026-09-08T13:30:30.953430+00:00,BTC-27NOV26-74000-P,79086.64,BTC-27NOV26,put,74000.0,2026-11-27T08:00:00+00:00,0.21839965797684235,0.0435,0.0445,0.04389459,0.044,79086.64,BTC-27NOV26,0.3971,-0.32869,133.49456,41.0,0.0,0.0010000000000000009,BTC,78220.61,0.0
2026-09-08T13:30:30.953430+00:00,BTC-25SEP26-280000-C,78460.41,BTC-25SEP26,call,280000.0,2026-09-25T08:00:00+00:00,0.04591505838751996,,0.0001,2.6e-07,,78460.41,BTC-25SEP26,1.2987,0.0,0.00355,76.1,0.0,,BTC,78220.61,0.0
2026-09-08T13:30:30.953430+00:00,BTC-12SEP26-72000-C,78362.39,BTC-12SEP26,call,72000.0,2026-09-12T08:00:00+00:00,0.010322998154802646,0.0795,0.084,0.08198984,0.08175,78362.39,BTC-12SEP26,0.4694,0.96182,6.59731,0.0,0.0,0.004500000000000004,BTC,78220.61,0.0
2026-09-08T13:30:30.953430+00:00,BTC-25DEC26-230000-C,79423.44,BTC-25DEC26,call,230000.0,2026-12-25T08:00:00+00:00,0.29505948001654114,0.0002,0.0005,0.00032325,0.00035,79423.44,BTC-25DEC26,0.6729,0.00316,4.1303,190.5,0.2,0.00030000000000000003,BTC,78220.83,6.3
2026-09-08T13:30:30.953430+00:00,BTC-12SEP26-74000-C,78362.39,BTC-12SEP26,call,74000.0,2026-09-12T08:00:00+00:00,0.010322998154802646,0.055,0.0595,0.05736913,0.05725,78362.39,BTC-12SEP26,0.4119,0.91247,12.64842,0.0,0.0,0.004499999999999997,BTC,78220.83,0.0
2026-09-08T13:30:30.953430+00:00,BTC-9SEP26-87000-C,78345.72,BTC-9SEP26,call,87000.0,2026-09-09T08:00:00+00:00,0.002109445793406343,,0.0001,1e-08,,78345.72,BTC-9SEP26,0.4953,0.0,0.00027,0.2,0.0,,BTC,78220.83,0.0
2026-09-08T13:30:30.953430+00:00,BTC-27NOV26-95000-P,79086.64,BTC-27NOV26,put,95000.0,2026-11-27T08:00:00+00:00,0.21839965797684235,0.2175,0.2225,0.22003534,0.22,79086.64,BTC-27NOV26,0.40990000000000004,-0.80726,101.07238,0.0,0.0,0.0050000000000000044,BTC,78220.83,0.0
2026-09-08T13:30:30.953430+00:00,BTC-18SEP26-79000-P,78415.92,BTC-18SEP26,put,79000.0,2026-09-18T08:00:00+00:00,0.026750102877595255,0.029,0.0295,0.02923656,0.02925,78415.92,BTC-18SEP26,0.38670000000000004,-0.54387,50.79169,264.7,55.8,0.000499999999999997,BTC,78220.83,127103.01
2026-09-08T13:30:30.953430+00:00,BTC-9SEP26-80000-P,78345.72,BTC-9SEP26,put,80000.0,2026-09-09T08:00:00+00:00,0.002109445793406343,0.0205,0.024,0.02197354,0.02225,78345.72,BTC-9SEP26,0.3644,-0.90833,5.91243,6.3,0.3,0.0034999999999999996,BTC,78220.83,417.81
2026-09-08T13:30:30.953430+00:00,BTC-18SEP26-95000-C,78416.76,BTC-18SEP26,call,95000.0,2026-09-18T08:00:00+00:00,0.026750102877595255,0.0003,0.0005,0.00038656,0.0004,78416.76,BTC-18SEP26,0.5195000000000001,0.01283,4.23968,151.2,5.1,0.00020000000000000004,BTC,78220.83,175.54
2026-09-08T13:30:30.953430+00:00,BTC-25JUN27-98000-C,81370.62,BTC-25JUN27,call,98000.0,2027-06-25T08:00:00+00:00,0.7933483232745836,0.079,0.081,0.08001695,0.08,81370.62,BTC-25JUN27,0.4174,0.37522,274.56675,62.0,19.4,0.0020000000000000018,BTC,78220.83,120015.25
2026-09-08T13:30:30.953430+00:00,BTC-25DEC26-50000-P,79423.44,BTC-25DEC26,put,50000.0,2026-12-25T08:00:00+00:00,0.29505948001654114,0.005,0.0055,0.00525523,0.00525,79423.44,BTC-25DEC26,0.5315,-0.04076,37.70566,2143.9,2.6,0.0004999999999999996,BTC,78220.83,1123.55
2026-09-08T13:30:30.953430+00:00,BTC-25DEC26-54000-P,79423.44,BTC-25DEC26,put,54000.0,2026-12-25T08:00:00+00:00,0.29505948001654114,0.007,0.0075,0.00726081,0.00725,79423.44,BTC-25DEC26,0.4914,-0.05784,49.87689,1856.5,0.2,0.0004999999999999996,BTC,78217.71,114.19
2026-09-08T13:30:30.953430+00:00,BTC-11SEP26-75000-C,78354.09,BTC-11SEP26,call,75000.0,2026-09-11T08:00:00+00:00,0.0075851473676705455,0.0425,0.0455,0.04431476,0.044,78354.09,BTC-11SEP26,0.37979999999999997,0.9024,11.7497,96.4,0.0,0.0029999999999999957,BTC,78217.71,0.0
2026-09-08T13:30:30.953430+00:00,BTC-25DEC26-92000-P,79423.8,BTC-25DEC26,put,92000.0,2026-12-25T08:00:00+00:00,0.29505948001654114,0.1915,0.1955,0.19299009,0.1935,79423.8,BTC-25DEC26,0.3998,-0.71741,145.69563,6.6,0.0,0.0040000000000000036,BTC,78217.71,0.0
2026-09-08T13:30:30.953430+00:00,BTC-26MAR27-78000-P,80344.12,BTC-26MAR27,put,78000.0,2027-03-26T08:00:00+00:00,0.5442039016455624,0.102,0.1035,0.10289239,0.10275,80344.12,BTC-26MAR27,0.4047,-0.40361,229.2902,266.3,3.0,0.0015000000000000013,BTC,78217.71,23904.86
2026-09-08T13:30:30.953430+00:00,BTC-25SEP26-54000-C,78460.41,BTC-25SEP26,call,54000.0,2026-09-25T08:00:00+00:00,0.04591505838751996,0.31,0.314,0.31195223,0.312,78460.41,BTC-25SEP26,0.6781,0.99574,2.10641,7.4,0.0,0.0040000000000000036,BTC,78217.71,0.0
2026-09-08T13:30:30.953430+00:00,BTC-12SEP26-80500-P,78362.39,BTC-12SEP26,put,80500.0,2026-09-12T08:00:00+00:00,0.010322998154802646,0.032,0.035,0.03326189,0.0335,78362.39,BTC-12SEP26,0.39390000000000003,-0.7547,25.0133,0.0,0.0,0.0030000000000000027,BTC,78217.71,0.0
2026-09-08T13:30:30.953430+00:00,BTC-27NOV26-90000-C,79095.75,BTC-27NOV26,call,90000.0,2026-11-27T08:00:00+00:00,0.21839965797684235,0.0285,0.0295,0.02900296,0.029,79095.75,BTC-27NOV26,0.4008,0.27298,122.74144,28.1,0.0,0.0009999999999999974,BTC,78217.71,0.0
2026-09-08T13:30:30.953430+00:00,BTC-9SEP26-72000-P,78345.72,BTC-9SEP26,put,72000.0,2026-09-09T08:00:00+00:00,0.002109445793406343,,0.0002,0.00012805,,78345.72,BTC-9SEP26,0.7985,-0.01134,1.06824,33.8,30.1,,BTC,78217.71,235.7
2026-09-08T13:30:30.953430+00:00,BTC-25DEC26-108000-C,79423.44,BTC-25DEC26,call,108000.0,2026-12-25T08:00:00+00:00,0.29505948001654114,0.0115,0.0125,0.01197235,0.012,79423.44,BTC-25DEC26,0.4302,0.1142,83.21737,151.9,0.0,0.0010000000000000009,BTC,78212.26,0.0
2026-09-08T13:30:30.953430+00:00,BTC-25DEC26-60000-P,79423.44,BTC-25DEC26,put,60000.0,2026-12-25T08:00:00+00:00,0.29505948001654114,0.013,0.0135,0.01320204,0.01325,79423.44,BTC-25DEC26,0.4499,-0.10339,77.47306,6247.1,0.4,0.0005000000000000004,BTC,78212.26,406.32
2026-09-08T13:30:30.953430+00:00,BTC-25JUN27-58000-C,81370.62,BTC-25JUN27,call,58000.0,2027-06-25T08:00:00+00:00,0.7933483232745836,0.3225,0.3255,0.32450526,0.324,81370.62,BTC-25JUN27,0.4507,0.85088,168.12851,13.8,0.0,0.0030000000000000027,BTC,78217.71,0.0
2026-09-08T13:30:30.953430+00:00,BTC-25DEC26-250000-P,79423.8,BTC-25DEC26,put,250000.0,2026-12-25T08:00:00+00:00,0.29505948001654114,2.1305,2.1615,2.14796297,2.146,79423.8,BTC-25DEC26,0.6956,-0.99781,2.96384,10.0,0.0,0.03100000000000014,BTC,78212.26,0.0
2026-09-08T13:30:30.953430+00:00,BTC-11SEP26-69000-C,78354.09,BTC-11SEP26,call,69000.0,2026-09-11T08:00:00+00:00,0.0075851473676705455,0.1175,0.1215,0.11963013,0.1195,78354.09,BTC-11SEP26,0.6134000000000001,0.99133,1.60365,3.8,0.0,0.0040000000000000036,BTC,78212.26,0.0
2026-09-08T13:30:30.953430+00:00,BTC-25SEP26-85000-C,78451.3,BTC-25SEP26,call,85000.0,2026-09-25T08:00:00+00:00,0.04591505838751996,0.008,0.0085,0.00834699,0.00825,78451.3,BTC-25SEP26,0.39880000000000004,0.18041,44.11834,9198.9,81.4,0.0005000000000000004,BTC,78212.26,52527.16
2026-09-08T13:30:30.953430+00:00,BTC-26MAR27-190000-P,80344.12,BTC-26MAR27,put,190000.0,2027-03-26T08:00:00+00:00,0.5442039016455624,1.349,1.384,1.36812299,1.3665,80344.12,BTC-26MAR27,0.5464,-0.97358,36.24162,0.9,0.0,0.03499999999999992,BTC,78212.26,0.0
2026-09-08T13:30:30.953430+00:00,BTC-11SEP26-78000-P,78363.2,BTC-11SEP26,put,78000.0,2026-09-11T08:00:00+00:00,0.0075851473676705455,0.0095,0.0105,0.01005125,0.01,78363.2,BTC-11SEP26,0.3527,-0.45529,27.01526,557.8,236.6,0.0010000000000000009,BTC,78212.26,178369.79
2026-09-08T13:30:30.953430+00:00,BTC-25DEC26-160000-C,79423.44,BTC-25DEC26,call,160000.0,2026-12-25T08:00:00+00:00,0.29505948001654114,0.0013,0.0016,0.00141719,0.00145,79423.44,BTC-25DEC26,0.5532,0.01445,15.80166,1291.8,0.2,0.00030000000000000014,BTC,78212.26,22.04
2026-09-08T13:30:30.953430+00:00,BTC-11SEP26-77000-C,78354.09,BTC-11SEP26,call,77000.0,2026-09-11T08:00:00+00:00,0.0075851473676705455,0.0215,0.024,0.02274884,0.02275,78354.09,BTC-11SEP26,0.35159999999999997,0.70346,23.56882,125.1,3.5,0.0025000000000000022,BTC,78212.26,8583.99
2026-09-08T13:30:30.953430+00:00,BTC-27NOV26-82000-C,79095.75,BTC-27NOV26,call,82000.0,2026-11-27T08:00:00+00:00,0.21839965797684235,0.057,0.058,0.05753782,0.0575,79095.75,BTC-27NOV26,0.3926,0.45482,146.32973,60.8,0.0,0.0010000000000000009,BTC,78212.26,0.0
2026-09-08T13:30:30.953430+00:00,BTC-25DEC26-88000-P,79423.44,BTC-25DEC26,put,88000.0,2026-12-25T08:00:00+00:00,0.29505948001654114,0.1525,0.156,0.15443483,0.15425,79423.44,BTC-25DEC26,0.3967,-0.64658,160.13212,7.5,0.0,0.003500000000000003,BTC,78202.38,0.0
2026-09-08T13:30:30.953430+00:00,BTC-9SEP26-85000-C,78345.72,BTC-9SEP26,call,85000.0,2026-09-09T08:00:00+00:00,0.002109445793406343,,0.0001,4e-07,,78345.72,BTC-9SEP26,0.4681,6e-05,0.00832,13.6,1.5,,BTC,78202.38,11.85
2026-09-08T13:30:30.953430+00:00,BTC-25SEP26-96000-P,78460.41,BTC-25SEP26,put,96000.0,2026-09-25T08:00:00+00:00,0.04591505838751996,0.222,0.2275,0.22466053,0.22475,78460.41,BTC-25SEP26,0.48350000000000004,-0.97195,10.80404,1.0,0.0,0.005500000000000005,BTC,78202.38,0.0
2026-09-08T13:30:30.953430+00:00,BTC-25DEC26-96000-P,79423.44,BTC-25DEC26,put,96000.0,2026-12-25T08:00:00+00:00,0.29505948001654114,0.233,0.2375,0.23483442,0.23525,79423.44,BTC-25DEC26,0.4058,-0.77539,129.09632,23.9,0.0,0.004499999999999976,BTC,78202.38,0.0
2026-09-08T13:30:30.953430+00:00,BTC-25DEC26-90000-C,79423.44,BTC-25DEC26,call,90000.0,2026-12-25T08:00:00+00:00,0.29505948001654114,0.0395,0.0405,0.04007876,0.04,79423.44,BTC-25DEC26,0.3978,0.31622,153.2923,3788.0,5.4,0.0010000000000000009,BTC,78202.38,17685.46
2026-09-08T13:30:30.953430+00:00,BTC-26MAR27-66000-C,80344.12,BTC-26MAR27,call,66000.0,2027-03-26T08:00:00+00:00,0.5442039016455624,0.222,0.2245,0.22358877,0.22325,80344.12,BTC-26MAR27,0.42229999999999995,0.78286,173.97015,23.8,0.0,0.0025000000000000022,BTC,78202.38,0.0
2026-09-08T13:30:30.953430+00:00,BTC-25JUN27-62000-P,81361.51,BTC-25JUN27,put,62000.0,2027-06-25T08:00:00+00:00,0.7933483232745836,0.0485,0.05,0.04915133,0.04925,81361.51,BTC-25JUN27,0.441,-0.18834,195.3498,115.3,0.0,0.0015000000000000013,BTC,78202.38,0.0
2026-09-08T13:30:30.953430+00:00,BTC-27NOV26-89000-C,79086.64,BTC-27NOV26,call,89000.0,2026-11-27T08:00:00+00:00,0.21839965797684235,0.031,0.032,0.03156222,0.0315,79086.64,BTC-27NOV26,0.39890000000000003,0.29164,126.68313,180.0,0.0,0.0010000000000000009,BTC,78202.38,0.0
2026-09-08T13:30:30.953430+00:00,BTC-26MAR27-200000-P,80344.12,BTC-26MAR27,put,200000.0,2027-03-26T08:00:00+00:00,0.5442039016455624,1.4735,1.509,1.4919955,1.49125,80344.12,BTC-26MAR27,0.5584,-0.97782,31.2861,1.0,0.0,0.035499999999999865,BTC,78202.38,0.0
2026-09-08T13:30:30.953430+00:00,BTC-26MAR27-45000-C,80344.12,BTC-26MAR27,call,45000.0,2027-03-26T08:00:00+00:00,0.5442039016455624,0.446,0.4495,0.44798509,0.44775,80344.12,BTC-26MAR27,0.5186,0.95562,55.49345,3.3,0.0,0.003500000000000003,BTC,78202.38,0.0
2026-09-08T13:30:30.953430+00:00,BTC-25SEP26-30000-P,78460.41,BTC-25SEP26,put,30000.0,2026-09-25T08:00:00+00:00,0.04591505838751996,,0.0001,5.8e-06,,78460.41,BTC-25SEP26,1.238,-9e-05,0.05941,2959.5,0.0,,BTC,78189.61,0.0
2026-09-08T13:30:30.953430+00:00,BTC-12SEP26-76500-P,78362.39,BTC-12SEP26,put,76500.0,2026-09-12T08:00:00+00:00,0.010322998154802646,0.0055,0.0065,0.00601033,0.006,78362.39,BTC-12SEP26,0.3751,-0.2741,26.47909,12.4,12.4,0.001,BTC,78189.61,5247.83
2026-09-08T13:30:30.953430+00:00,BTC-11SEP26-70000-P,78363.2,BTC-11SEP26,put,70000.0,2026-09-11T08:00:00+00:00,0.0075851473676705455,0.0001,0.0002,0.00014479,0.00015,78363.2,BTC-11SEP26,0.5519,-0.00973,1.77253,803.5,18.8,0.0001,BTC,78189.61,306.91
2026-09-08T13:30:30.953430+00:00,BTC-30OCT26-95000-C,78780.44,BTC-30OCT26,call,95000.0,2026-10-30T08:00:00+00:00,0.1417398359371435,0.009,0.01,0.00946513,0.0095,78780.44,BTC-30OCT26,0.4125,0.12752,61.81984,2093.6,0.8,0.0010000000000000009,BTC,78189.61,602.61
2026-09-08T13:30:30.953430+00:00,BTC-26MAR27-160000-C,80344.12,BTC-26MAR27,call,160000.0,2027-03-26T08:00:00+00:00,0.5442039016455624,0.0055,0.0065,0.00597555,0.006,80344.12,BTC-26MAR27,0.49689999999999995,0.04463,55.73688,1034.3,0.2,0.001,BTC,78189.61,90.77
2026-09-08T13:30:30.953430+00:00,BTC-25SEP26-260000-C,78451.3,BTC-25SEP26,call,260000.0,2026-09-25T08:00:00+00:00,0.04591505838751996,,0.0001,2.7e-07,,78451.3,BTC-25SEP26,1.2309,1e-05,0.00389,293.3,0.0,,BTC,78189.61,0.0
2026-09-08T13:30:30.953430+00:00,BTC-30OCT26-50000-C,78780.44,BTC-30OCT26,call,50000.0,2026-10-30T08:00:00+00:00,0.1417398359371435,0.365,0.3685,0.36684634,0.36675,78780.44,BTC-30OCT26,0.5986,0.98308,12.43427,0.1,0.0,0.003500000000000003,BTC,78189.61,0.0
2026-09-08T13:30:30.953430+00:00,BTC-25DEC26-66000-P,79423.44,BTC-25DEC26,put,66000.0,2026-12-25T08:00:00+00:00,0.29505948001654114,0.024,0.025,0.02452075,0.0245,79423.44,BTC-25DEC26,0.4207,-0.17996,113.0007,423.2,0.0,0.0010000000000000009,BTC,78183.47,0.0
2026-09-08T13:30:30.953430+00:00,BTC-25SEP26-82000-C,78451.3,BTC-25SEP26,call,82000.0,2026-09-25T08:00:00+00:00,0.04591505838751996,0.0155,0.016,0.01571932,0.01575,78451.3,BTC-25SEP26,0.384,0.3016,58.49431,7068.2,86.2,0.0005000000000000004,BTC,78183.47,103697.14
2026-09-08T13:30:30.953430+00:00,BTC-30OCT26-96000-C,78780.44,BTC-30OCT26,call,96000.0,2026-10-30T08:00:00+00:00,0.1417398359371435,0.008,0.009,0.00847647,0.0085,78780.44,BTC-30OCT26,0.4153,0.11575,57.75108,214.3,21.6,0.0009999999999999992,BTC,78189.61,15535.33
2026-09-08T13:30:30.953430+00:00,BTC-26MAR27-92000-P,80344.12,BTC-26MAR27,put,92000.0,2027-03-26T08:00:00+00:00,0.5442039016455624,0.211,0.215,0.21258461,0.213,80344.12,BTC-26MAR27,0.405,-0.62164,225.05229,1.4,0.0,0.0040000000000000036,BTC,78183.47,0.0
2026-09-08T13:30:30.953430+00:00,BTC-25DEC26-190000-P,79423.8,BTC-25DEC26,put,190000.0,2026-12-25T08:00:00+00:00,0.29505948001654114,1.3845,1.4025,1.39300297,1.3935,79423.8,BTC-25DEC26,0.6147,-0.99285,8.54805,0.0,0.0,0.018000000000000016,BTC,78183.47,0.0
2026-09-08T13:30:30.953430+00:00,BTC-18SEP26-80000-P,78415.92,BTC-18SEP26,put,80000.0,2026-09-18T08:00:00+00:00,0.026750102877595255,0.0365,0.038,0.03719579,0.03725,78415.92,BTC-18SEP26,0.3911,-0.6222,48.66436,115.6,7.1,0.0015000000000000013,BTC,78183.47,20732.63
2026-09-08T13:30:30.953430+00:00,BTC-27NOV26-64000-P,79095.75,BTC-27NOV26,put,64000.0,2026-11-27T08:00:00+00:00,0.21839965797684235,0.0135,0.0145,0.01395341,0.014,79095.75,BTC-27NOV26,0.43420000000000003,-0.12807,77.26514,24.8,1.5,0.0010000000000000009,BTC,78183.47,1702.72
2026-09-08T13:30:30.953430+00:00,BTC-25DEC26-35000-C,79423.8,BTC-25DEC26,call,35000.0,2026-12-25T08:00:00+00:00,0.29505948001654114,0.56,0.5615,0.56084107,0.56075,79423.8,BTC-25DEC26,0.7098,0.98963,11.85319,87.8,0.0,0.0014999999999999458,BTC,78183.47,0.0
2026-09-08T13:30:30.953430+00:00,BTC-25DEC26-160000-P,79423.8,BTC-25DEC26,put,160000.0,2026-12-25T08:00:00+00:00,0.29505948001654114,1.0055,1.024,1.0159699,1.01475,79423.8,BTC-25DEC26,0.5532,-0.98558,15.76379,0.1,0.0,0.01849999999999996,BTC,78189.74,0.0
2026-09-08T13:30:30.953430+00:00,BTC-27NOV26-89000-P,79086.64,BTC-27NOV26,put,89000.0,2026-11-27T08:00:00+00:00,0.21839965797684235,0.155,0.1585,0.15677971,0.15675,79086.64,BTC-27NOV26,0.39890000000000003,-0.70882,126.55788,0.0,0.0,0.003500000000000003,BTC,78183.47,0.0
2026-09-08T13:30:30.953430+00:00,BTC-25DEC26-120000-C,79423.44,BTC-25DEC26,call,120000.0,2026-12-25T08:00:00+00:00,0.29505948001654114,0.0055,0.0065,0.00605197,0.006,79423.44,BTC-25DEC26,0.45649999999999996,0.06084,51.87176,5827.2,0.2,0.001,BTC,78189.74,94.71
2026-09-08T13:30:30.953430+00:00,BTC-9SEP26-88000-C,78345.72,BTC-9SEP26,call,88000.0,2026-09-09T08:00:00+00:00,0.002109445793406343,,0.0001,1e-08,,78345.72,BTC-9SEP26,0.5371,0.0,0.00015,2.3,0.0,,BTC,78189.74,0.0
2026-09-08T13:30:30.953430+00:00,BTC-26MAR27-72000-P,80353.23,BTC-26MAR27,put,72000.0,2027-03-26T08:00:00+00:00,0.5442039016455624,0.069,0.0705,0.06972035,0.06975,80353.23,BTC-26MAR27,0.4114,-0.30602,207.61968,159.3,0.0,0.0014999999999999875,BTC,78189.74,0.0
2026-09-08T13:30:30.953430+00:00,BTC-10SEP26-84000-C,78354.86,BTC-10SEP26,call,84000.0,2026-09-10T08:00:00+00:00,0.004847296580538444,0.0001,0.0003,0.00017705,0.0002,78354.86,BTC-10SEP26,0.46049999999999996,0.0135,1.88341,234.6,243.0,0.00019999999999999998,BTC,78189.74,5612.32
2026-09-08T13:30:30.953430+00:00,BTC-11SEP26-77500-C,78354.09,BTC-11SEP26,call,77500.0,2026-09-11T08:00:00+00:00,0.0075851473676705455,0.0175,0.0195,0.01841265,0.0185,78354.09,BTC-11SEP26,0.3505,0.62321,25.87128,0.0,0.0,0.0019999999999999983,BTC,78189.74,0.0
2026-09-08T13:30:30.953430+00:00,BTC-25DEC26-150000-C,79423.44,BTC-25DEC26,call,150000.0,2026-12-25T08:00:00+00:00,0.29505948001654114,0.0017,0.0022,0.00195777,0.00195,79423.44,BTC-25DEC26,0.5331,0.01986,20.73388,1694.6,18.1,0.0005000000000000002,BTC,78189.74,2667.32
2026-09-08T13:30:30.953430+00:00,BTC-18SEP26-83000-C,78415.92,BTC-18SEP26,call,83000.0,2026-09-18T08:00:00+00:00,0.026750102877595255,0.007,0.008,0.00745244,0.0075,78415.92,BTC-18SEP26,0.40659999999999996,0.19741,35.56529,557.0,67.4,0.001,BTC,78189.67,40054.39
2026-09-08T13:30:30.953430+00:00,BTC-30OCT26-58000-P,78780.44,BTC-30OCT26,put,58000.0,2026-10-30T08:00:00+00:00,0.1417398359371435,0.0033,0.0037,0.00349193,0.0035,78780.44,BTC-30OCT26,0.49939999999999996,-0.04333,27.23186,329.8,0.0,0.0004000000000000002,BTC,78189.74,0.0
2026-09-08T13:30:30.953430+00:00,BTC-25JUN27-190000-C,81370.62,BTC-25JUN27,call,190000.0,2027-06-25T08:00:00+00:00,0.7933483232745836,0.0075,0.0085,0.00820832,0.008,81370.62,BTC-25JUN27,0.51,0.05018,74.83899,49.0,0.1,0.0010000000000000009,BTC,78189.74,59.32
2026-09-08T13:30:30.953430+00:00,BTC-26MAR27-58000-P,80344.12,BTC-26MAR27,put,58000.0,2027-03-26T08:00:00+00:00,0.5442039016455624,0.023,0.0245,0.02377837,0.02375,80344.12,BTC-26MAR27,0.44770000000000004,-0.12579,122.3826,138.1,0.0,0.0015000000000000013,BTC,78189.74,0.0
2026-09-08T13:30:30.953430+00:00,BTC-27NOV26-96000-C,79086.64,BTC-27NOV26,call,96000.0,2026-11-27T08:00:00+00:00,0.21839965797684235,0.017,0.018,0.01745814,0.0175,79086.64,BTC-27NOV26,0.4122,0.17912,96.54065,34.1,2.7,0.0009999999999999974,BTC,78189.67,3902.72
2026-09-08T13:30:30.953430+00:00,BTC-25JUN27-100000-C,81370.62,BTC-25JUN27,call,100000.0,2027-06-25T08:00:00+00:00,0.7933483232745836,0.0735,0.0755,0.07451672,0.0745,81370.62,BTC-25JUN27,0.41840000000000005,0.35508,269.42985,204.0,0.1,0.0020000000000000018,BTC,78189.67,616.98
2026-09-08T13:30:30.953430+00:00,BTC-27NOV26-72000-P,79086.64,BTC-27NOV26,put,72000.0,2026-11-27T08:00:00+00:00,0.21839965797684235,0.0345,0.0355,0.03510848,0.035,79086.64,BTC-27NOV26,0.4003,-0.27911,124.03969,28.7,0.1,0.000999999999999994,BTC,78189.67,267.03
2026-09-08T13:30:30.953430+00:00,BTC-25SEP26-88000-C,78451.3,BTC-25SEP26,call,88000.0,2026-09-25T08:00:00+00:00,0.04591505838751996,0.0042,0.0046,0.00441494,0.0044,78451.3,BTC-25SEP26,0.41590000000000005,0.10312,30.12249,1522.0,21.3,0.0004000000000000002,BTC,78189.67,7227.43
2026-09-08T13:30:30.953430+00:00,BTC-25DEC26-66000-C,79423.44,BTC-25DEC26,call,66000.0,2026-12-25T08:00:00+00:00,0.29505948001654114,0.1915,0.195,0.19352407,0.19325,79423.44,BTC-25DEC26,0.4207,0.82013,112.97342,279.7,0.0,0.003500000000000003,BTC,78189.67,0.0
2026-09-08T13:30:30.953430+00:00,BTC-25DEC26-102000-C,79423.44,BTC-25DEC26,call,102000.0,2026-12-25T08:00:00+00:00,0.29505948001654114,0.017,0.018,0.01746493,0.0175,79423.44,BTC-25DEC26,0.4174,0.15939,104.56488,383.9,0.0,0.0009999999999999974,BTC,78205.37,0.0
2026-09-08T13:30:30.953430+00:00,BTC-26MAR27-104000-C,80344.12,BTC-26MAR27,call,104000.0,2027-03-26T08:00:00+00:00,0.5442039016455624,0.0375,0.0395,0.03868476,0.0385,80344.12,BTC-26MAR27,0.4155,0.24388,185.6134,115.2,5.0,0.0020000000000000018,BTC,78189.67,15799.16
2026-09-08T13:30:30.953430+00:00,BTC-27NOV26-66000-P,79095.75,BTC-27NOV26,put,66000.0,2026-11-27T08:00:00+00:00,0.21839965797684235,0.017,0.018,0.01753447,0.0175,79095.75,BTC-27NOV26,0.4225,-0.15728,88.79275,185.8,0.0,0.0009999999999999974,BTC,78189.67,0.0
2026-09-08T13:30:30.953430+00:00,BTC-30OCT26-84000-C,78780.44,BTC-30OCT26,call,84000.0,2026-10-30T08:00:00+00:00,0.1417398359371435,0.0315,0.0325,0.03205621,0.032,78780.44,BTC-30OCT26,0.3829,0.35004,109.70286,1103.0,1.1,0.0010000000000000009,BTC,78189.67,2812.31
2026-09-08T13:30:30.953430+00:00,BTC-25DEC26-170000-C,79423.44,BTC-25DEC26,call,170000.0,2026-12-25T08:00:00+00:00,0.29505948001654114,0.001,0.0013,0.00114029,0.00115,79423.44,BTC-25DEC26,0.5771000000000001,0.01143,12.89572,2393.8,0.0,0.0002999999999999999,BTC,78205.37,0.0
2026-09-08T13:30:30.953430+00:00,BTC-25SEP26-65000-C,78451.3,BTC-25SEP26,call,65000.0,2026-09-25T08:00:00+00:00,0.04591505838751996,0.171,0.175,0.17299405,0.173,78451.3,BTC-25SEP26,0.4926,0.96557,12.79875,1275.6,0.3,0.003999999999999976,BTC,78205.37,4134.37
2026-09-08T13:30:30.953430+00:00,BTC-30OCT26-85000-P,78780.44,BTC-30OCT26,put,85000.0,2026-10-30T08:00:00+00:00,0.1417398359371435,0.106,0.109,0.10742465,0.1075,78780.44,BTC-30OCT26,0.38439999999999996,-0.67845,106.1463,105.5,0.0,0.0030000000000000027,BTC,78205.37,0.0
2026-09-08T13:30:30.953430+00:00,BTC-26MAR27-130000-P,80344.12,BTC-26MAR27,put,130000.0,2027-03-26T08:00:00+00:00,0.5442039016455624,0.6275,0.637,0.63157358,0.63225,80344.12,BTC-26MAR27,0.4498,-0.90119,102.99357,0.4,0.0,0.009500000000000064,BTC,78205.37,0.0
2026-09-08T13:30:30.953430+00:00,BTC-12SEP26-80500-C,78362.39,BTC-12SEP26,call,80500.0,2026-09-12T08:00:00+00:00,0.010322998154802646,0.006,0.0065,0.00610344,0.00625,78362.39,BTC-12SEP26,0.39390000000000003,0.24414,24.94585,166.7,166.7,0.0004999999999999996,BTC,78205.37,92114.17
2026-09-08T13:30:30.953430+00:00,BTC-27NOV26-58000-P,79086.64,BTC-27NOV26,put,58000.0,2026-11-27T08:00:00+00:00,0.21839965797684235,0.0065,0.0075,0.00700701,0.007,79086.64,BTC-27NOV26,0.4753,-0.0668,47.80281,14.2,0.1,0.001,BTC,78205.37,55.1
2026-09-08T13:30:30.953430+00:00,BTC-26MAR27-80000-P,80344.12,BTC-26MAR27,put,80000.0,2027-03-26T08:00:00+00:00,0.5442039016455624,0.115,0.117,0.11602634,0.116,80344.12,BTC-26MAR27,0.4039,-0.43705,233.23691,214.5,0.0,0.0020000000000000018,BTC,78205.37,0.0
2026-09-08T13:30:30.953430+00:00,BTC-12SEP26-78500-C,78362.39,BTC-12SEP26,call,78500.0,2026-09-12T08:00:00+00:00,0.010322998154802646,0.014,0.015,0.01452298,0.0145,78362.39,BTC-12SEP26,0.37770000000000004,0.47401,31.65494,0.3,0.3,0.0009999999999999992,BTC,78217.81,353.06
2026-09-08T13:30:30.953430+00:00,BTC-27NOV26-86000-P,79086.64,BTC-27NOV26,put,86000.0,2026-11-27T08:00:00+00:00,0.21839965797684235,0.127,0.1295,0.12828424,0.12825,79086.64,BTC-27NOV26,0.3958,-0.64359,137.6399,30.2,0.0,0.0025000000000000022,BTC,78217.81,0.0
2026-09-08T13:30:30.953430+00:00,BTC-30OCT26-52000-C,78780.44,BTC-30OCT26,call,52000.0,2026-10-30T08:00:00+00:00,0.1417398359371435,0.34,0.3435,0.3418113,0.34175,78780.44,BTC-30OCT26,0.5726,0.97873,15.11086,0.1,0.0,0.003500000000000003,BTC,78217.81,0.0
2026-09-08T13:30:30.953430+00:00,BTC-25SEP26-300000-C,78460.41,BTC-25SEP26,call,300000.0,2026-09-25T08:00:00+00:00,0.04591505838751996,,0.0001,2.5e-07,,78460.41,BTC-25SEP26,1.3629,0.0,0.00334,196.3,0.0,,BTC,78217.81,0.0
2026-09-08T13:30:30.953430+00:00,BTC-12SEP26-77500-P,78362.39,BTC-12SEP26,put,77500.0,2026-09-12T08:00:00+00:00,0.010322998154802646,0.01,0.0105,0.01014069,0.01025,78362.39,BTC-12SEP26,0.37329999999999997,-0.39313,30.57705,0.0,0.0,0.0005000000000000004,BTC,78217.81,0.0
2026-09-08T13:30:30.953430+00:00,BTC-10SEP26-81500-P,78354.86,BTC-10SEP26,put,81500.0,2026-09-10T08:00:00+00:00,0.004847296580538444,0.039,0.0435,0.04106114,0.04125,78354.86,BTC-10SEP26,0.38909999999999995,-0.93312,7.05929,0.0,0.0,0.004499999999999997,BTC,78210.94,0.0
2026-09-08T13:30:30.953430+00:00,BTC-11SEP26-68000-C,78363.2,BTC-11SEP26,call,68000.0,2026-09-11T08:00:00+00:00,0.0075851473676705455,0.13,0.1345,0.13239409,0.13225,78363.2,BTC-11SEP26,0.677,0.99192,1.50721,3.1,0.0,0.004500000000000004,BTC,78217.81,0.0
2026-09-08T13:30:30.953430+00:00,BTC-26MAR27-40000-C,80344.12,BTC-26MAR27,call,40000.0,2027-03-26T08:00:00+00:00,0.5442039016455624,0.5065,0.5095,0.50755463,0.508,80344.12,BTC-26MAR27,0.5589,0.97097,39.20892,82.1,0.0,0.0030000000000000027,BTC,78217.81,0.0
2026-09-08T13:30:30.953430+00:00,BTC-11SEP26-71000-P,78363.2,BTC-11SEP26,put,71000.0,2026-09-11T08:00:00+00:00,0.0075851473676705455,0.0002,0.0003,0.00024793,0.00025,78363.2,BTC-11SEP26,0.5274,-0.0162,2.75769,384.4,9.1,9.999999999999996e-05,BTC,78210.94,187.91
2026-09-08T13:30:30.953430+00:00,BTC-25SEP26-135000-C,78451.3,BTC-25SEP26,call,135000.0,2026-09-25T08:00:00+00:00,0.04591505838751996,,0.0001,2.539e-05,,78451.3,BTC-25SEP26,0.7629,0.00058,0.34403,474.7,0.0,,BTC,78210.94,0.0
2026-09-08T13:30:30.953430+00:00,BTC-25JUN27-64000-C,81361.51,BTC-25JUN27,call,64000.0,2027-06-25T08:00:00+00:00,0.7933483232745836,0.267,0.2705,0.26944259,0.26875,81361.51,BTC-25JUN27,0.4365,0.7904,208.38064,33.5,0.0,0.003500000000000003,BTC,78210.94,0.0
2026-09-08T13:30:30.953430+00:00,BTC-25SEP26-72000-P,78460.41,BTC-25SEP26,put,72000.0,2026-09-25T08:00:00+00:00,0.04591505838751996,0.0065,0.007,0.00656565,0.00675,78460.41,BTC-25SEP26,0.395,-0.14962,39.08407,2175.4,0.7,0.0005000000000000004,BTC,78210.94,308.01
2026-09-08T13:30:30.953430+00:00,BTC-26MAR27-85000-P,80344.12,BTC-26MAR27,put,85000.0,2027-03-26T08:00:00+00:00,0.5442039016455624,0.152,0.154,0.1527026,0.153,80344.12,BTC-26MAR27,0.4031,-0.5181,235.96145,3.9,0.0,0.0020000000000000018,BTC,78210.94,0.0
2026-09-08T13:30:30.953430+00:00,BTC-25JUN27-180000-P,81361.51,BTC-25JUN27,put,180000.0,2027-06-25T08:00:00+00:00,0.7933483232745836,1.2035,1.242,1.22180222,1.22275,81361.51,BTC-25JUN27,0.5001,-0.94087,85.24295,0.0,0.0,0.03849999999999998,BTC,78210.94,0.0
2026-09-08T13:30:30.953430+00:00,BTC-25SEP26-62000-P,78451.3,BTC-25SEP26,put,62000.0,2026-09-25T08:00:00+00:00,0.04591505838751996,0.0008,0.0009,0.00088321,0.00085,78451.3,BTC-25SEP26,0.5488000000000001,-0.02035,8.24891,1427.3,1.5,9.999999999999994e-05,BTC,78210.94,93.96
2026-09-08T13:30:30.953430+00:00,BTC-11SEP26-65000-P,78363.2,BTC-11SEP26,put,65000.0,2026-09-11T08:00:00+00:00,0.0075851473676705455,,0.0001,3.17e-05,,78363.2,BTC-11SEP26,0.7398,-0.00181,0.39523,46.8,0.5,,BTC,78210.94,3.96
2026-09-08T13:30:30.953430+00:00,BTC-26MAR27-55000-C,80344.12,BTC-26MAR27,call,55000.0,2027-03-26T08:00:00+00:00,0.5442039016455624,0.332,0.3355,0.33422202,0.33375,80344.12,BTC-26MAR27,0.4618,0.8995,104.28703,28.6,0.0,0.003500000000000003,BTC,78210.94,0.0
2026-09-08T13:30:30.953430+00:00,BTC-25JUN27-65000-P,81361.51,BTC-25JUN27,put,65000.0,2027-06-25T08:00:00+00:00,0.7933483232745836,0.059,0.0605,0.05967266,0.05975,81361.51,BTC-25JUN27,0.43450000000000005,-0.22071,214.73911,24.7,0.0,0.0015000000000000013,BTC,78216.99,0.0
2026-09-08T13:30:30.953430+00:00,BTC-30OCT26-75000-P,78780.44,BTC-30OCT26,put,75000.0,2026-10-30T08:00:00+00:00,0.1417398359371435,0.0345,0.0355,0.03494096,0.035,78780.44,BTC-30OCT26,0.3804,-0.34297,108.90628,657.1,1.5,0.000999999999999994,BTC,78210.94,3928.47
2026-09-08T13:30:30.953430+00:00,BTC-26MAR27-62000-C,80344.12,BTC-26MAR27,call,62000.0,2027-03-26T08:00:00+00:00,0.5442039016455624,0.259,0.2625,0.26140823,0.26075,80344.12,BTC-26MAR27,0.434,0.83279,148.25522,57.7,3.0,0.003500000000000003,BTC,78216.99,61853.06
2026-09-08T13:30:30.953430+00:00,BTC-12SEP26-79000-C,78362.39,BTC-12SEP26,call,79000.0,2026-09-12T08:00:00+00:00,0.010322998154802646,0.0115,0.0125,0.0118118,0.012,78362.39,BTC-12SEP26,0.38060000000000005,0.40954,30.90281,122.0,127.0,0.0010000000000000009,BTC,78216.99,130499.74
2026-09-08T13:30:30.953430+00:00,BTC-10SEP26-79000-P,78354.66,BTC-10SEP26,put,79000.0,2026-09-10T08:00:00+00:00,0.004847296580538444,0.0135,0.0155,0.01432292,0.0145,78354.66,BTC-10SEP26,0.3455,-0.65328,20.10551,1.7,1.7,0.002,BTC,78220.17,1419.16
2026-09-08T13:30:30.953430+00:00,BTC-25JUN27-150000-P,81370.62,BTC-25JUN27,put,150000.0,2027-06-25T08:00:00+00:00,0.7933483232745836,0.858,0.866,0.86112294,0.862,81370.62,BTC-25JUN27,0.46869999999999995,-0.89608,130.63619,1.1,0.0,0.008000000000000007,BTC,78216.99,0.0
2026-09-08T13:30:30.953430+00:00,BTC-25SEP26-120000-P,78451.3,BTC-25SEP26,put,120000.0,2026-09-25T08:00:00+00:00,0.04591505838751996,0.5255,0.533,0.52956778,0.52925,78451.3,BTC-25SEP26,0.708,-0.99686,1.59858,174.5,0.0,0.007500000000000062,BTC,78216.99,0.0
2026-09-08T13:30:30.953430+00:00,BTC-11SEP26-79500-P,78354.09,BTC-11SEP26,put,79500.0,2026-09-11T08:00:00+00:00,0.0075851473676705455,0.0205,0.0225,0.02155206,0.0215,78354.09,BTC-11SEP26,0.37229999999999996,-0.68322,24.26779,36.6,48.2,0.0019999999999999983,BTC,78216.99,67320.4
2026-09-08T13:30:30.953430+00:00,BTC-25SEP26-87000-P,78451.3,BTC-25SEP26,put,87000.0,2026-09-25T08:00:00+00:00,0.04591505838751996,0.112,0.117,0.11429214,0.1145,78451.3,BTC-25SEP26,0.41009999999999996,-0.87492,34.57678,0.0,0.0,0.0050000000000000044,BTC,78216.99,0.0
2026-09-08T13:30:30.953430+00:00,BTC-30OCT26-92000-C,78780.44,BTC-30OCT26,call,92000.0,2026-10-30T08:00:00+00:00,0.1417398359371435,0.0125,0.0135,0.01299567,0.013,78780.44,BTC-30OCT26,0.402,0.1691,74.71607,1075.3,7.8,0.0009999999999999992,BTC,78216.99,8464.4
2026-09-08T13:30:30.953430+00:00,BTC-25JUN27-52000-C,81361.51,BTC-25JUN27,call,52000.0,2027-06-25T08:00:00+00:00,0.7933483232745836,0.383,0.386,0.38522639,0.3845,81361.51,BTC-25JUN27,0.4714,0.89846,128.46836,1.1,0.0,0.0030000000000000027,BTC,78220.17,0.0
2026-09-08T13:30:30.953430+00:00,BTC-25JUN27-125000-P,81361.51,BTC-25JUN27,put,125000.0,2027-06-25T08:00:00+00:00,0.7933483232745836,0.5675,0.5735,0.56959089,0.5705,81361.51,BTC-25JUN27,0.4407,-0.81616,192.48232,0.0,0.0,0.006000000000000005,BTC,78220.17,0.0
2026-09-08T13:30:30.953430+00:00,BTC-18SEP26-74000-C,78415.92,BTC-18SEP26,call,74000.0,2026-09-18T08:00:00+00:00,0.026750102877595255,0.0605,0.0645,0.06276807,0.0625,78415.92,BTC-18SEP26,0.3994,0.81495,34.19713,23.2,0.0,0.0040000000000000036,BTC,78220.17,0.0
2026-09-08T13:30:30.953430+00:00,BTC-10SEP26-72000-P,78355.55,BTC-10SEP26,put,72000.0,2026-09-10T08:00:00+00:00,0.004847296580538444,0.0001,0.0002,0.00014481,0.00015,78355.55,BTC-10SEP26,0.5359,-0.01232,1.74016,24.8,8.1,0.0001,BTC,78226.07,148.01
2026-09-08T13:30:30.953430+00:00,BTC-25SEP26-50000-C,78451.3,BTC-25SEP26,call,50000.0,2026-09-25T08:00:00+00:00,0.04591505838751996,0.361,0.3645,0.3628827,0.36275,78451.3,BTC-25SEP26,0.7798999999999999,0.9972,1.44587,30.1,0.0,0.003500000000000003,BTC,78220.17,0.0
2026-09-08T13:30:30.953430+00:00,BTC-25SEP26-96000-C,78460.41,BTC-25SEP26,call,96000.0,2026-09-25T08:00:00+00:00,0.04591505838751996,0.001,0.0013,0.00112038,0.00115,78460.41,BTC-25SEP26,0.48350000000000004,0.0281,10.82152,1825.0,0.2,0.0002999999999999999,BTC,78220.17,16.52
2026-09-08T13:30:30.953430+00:00,BTC-26MAR27-112000-C,80344.12,BTC-26MAR27,call,112000.0,2027-03-26T08:00:00+00:00,0.5442039016455624,0.0265,0.028,0.02719942,0.02725,80344.12,BTC-26MAR27,0.4243,0.18191,156.40941,67.3,0.0,0.0015000000000000013,BTC,78220.17,0.0
2026-09-08T13:30:30.953430+00:00,BTC-30OCT26-84000-P,78789.55,BTC-30OCT26,put,84000.0,2026-10-30T08:00:00+00:00,0.1417398359371435,0.097,0.0995,0.09818825,0.09825,78789.55,BTC-30OCT26,0.3829,-0.64903,109.84834,9.6,0.1,0.0025000000000000022,BTC,78220.17,691.53
2026-09-08T13:30:30.953430+00:00,BTC-26MAR27-82000-C,80344.12,BTC-26MAR27,call,82000.0,2027-03-26T08:00:00+00:00,0.5442039016455624,0.1085,0.1095,0.10914311,0.109,80344.12,BTC-26MAR27,0.4019,0.52999,235.5648,1172.7,5.0,0.0010000000000000009,BTC,78220.17,44359.34
2026-09-08T13:30:30.953430+00:00,BTC-30OCT26-67000-C,78780.44,BTC-30OCT26,call,67000.0,2026-10-30T08:00:00+00:00,0.1417398359371435,0.1585,0.1625,0.16066471,0.1605,78780.44,BTC-30OCT26,0.41340000000000005,0.86641,63.86733,108.4,0.0,0.0040000000000000036,BTC,78220.17,0.0
2026-09-08T13:30:30.953430+00:00,BTC-30OCT26-89000-P,78780.44,BTC-30OCT26,put,89000.0,2026-10-30T08:00:00+00:00,0.1417398359371435,0.1455,0.15,0.14788574,0.14775,78780.44,BTC-30OCT26,0.3946,-0.77501,88.86364,5.0,0.0,0.004500000000000004,BTC,78226.07,0.0
2026-09-08T13:30:30.953430+00:00,BTC-25SEP26-55000-C,78460.41,BTC-25SEP26,call,55000.0,2026-09-25T08:00:00+00:00,0.04591505838751996,0.2975,0.301,0.29930007,0.29925,78460.41,BTC-25SEP26,0.6775,0.99396,2.87288,143.7,0.0,0.003500000000000003,BTC,78226.07,0.0
2026-09-08T13:30:30.953430+00:00,BTC-10SEP26-79500-P,78354.66,BTC-10SEP26,put,79500.0,2026-09-10T08:00:00+00:00,0.004847296580538444,0.0175,0.02,0.01891274,0.01875,78354.66,BTC-10SEP26,0.3546,-0.73572,17.81992,1.6,1.1,0.0024999999999999988,BTC,78235.3,1087.55
2026-09-08T13:30:30.953430+00:00,BTC-11SEP26-60000-C,78354.09,BTC-11SEP26,call,60000.0,2026-09-11T08:00:00+00:00,0.0075851473676705455,0.2325,0.236,0.23433569,0.23425,78354.09,BTC-11SEP26,0.7565999999999999,0.99998,0.00711,0.0,0.0,0.0034999999999999754,BTC,78226.07,0.0
2026-09-08T13:30:30.953430+00:00,BTC-12SEP26-77000-P,78362.39,BTC-12SEP26,put,77000.0,2026-09-12T08:00:00+00:00,0.010322998154802646,0.0075,0.0085,0.00794149,0.008,78362.39,BTC-12SEP26,0.3759,-0.32913,28.76916,0.0,0.0,0.0010000000000000009,BTC,78226.07,0.0
2026-09-08T13:30:30.953430+00:00,BTC-10SEP26-89000-C,78354.86,BTC-10SEP26,call,89000.0,2026-09-10T08:00:00+00:00,0.004847296580538444,,0.0001,1.78e-06,,78354.86,BTC-10SEP26,0.5143,0.00017,0.03605,0.2,0.0,,BTC,78235.3,0.0
2026-09-08T13:30:30.953430+00:00,BTC-25JUN27-88000-C,81370.62,BTC-25JUN27,call,88000.0,2027-06-25T08:00:00+00:00,0.7933483232745836,0.114,0.116,0.11510533,0.115,81370.62,BTC-25JUN27,0.41450000000000004,0.48745,288.66461,21.3,0.0,0.0020000000000000018,BTC,78226.07,0.0
2026-09-08T13:30:30.953430+00:00,BTC-25DEC26-74000-P,79423.44,BTC-25DEC26,put,74000.0,2026-12-25T08:00:00+00:00,0.29505948001654114,0.0535,0.0545,0.05389916,0.054,79423.44,BTC-25DEC26,0.40049999999999997,-0.33459,156.92595,162.0,0.0,0.0010000000000000009,BTC,78235.3,0.0
2026-09-08T13:30:30.953430+00:00,BTC-25JUN27-45000-C,81370.62,BTC-25JUN27,call,45000.0,2027-06-25T08:00:00+00:00,0.7933483232745836,0.46,0.462,0.46123674,0.461,81370.62,BTC-25JUN27,0.5032,0.93853,87.89607,0.5,0.0,0.0020000000000000018,BTC,78235.3,0.0
2026-09-08T13:30:30.953430+00:00,BTC-11SEP26-73000-C,78363.2,BTC-11SEP26,call,73000.0,2026-09-11T08:00:00+00:00,0.0075851473676705455,0.0675,0.07,0.06895553,0.06875,78363.2,BTC-11SEP26,0.44770000000000004,0.96417,5.369,17.0,0.0,0.0025000000000000022,BTC,78235.3,0.0
2026-09-08T13:30:30.953430+00:00,BTC-10SEP26-78000-C,78354.66,BTC-10SEP26,call,78000.0,2026-09-10T08:00:00+00:00,0.004847296580538444,0.011,0.0125,0.01164693,0.01175,78354.66,BTC-10SEP26,0.3325,0.55642,21.51395,0.0,0.0,0.0015000000000000013,BTC,78235.3,0.0
2026-09-08T13:30:30.953430+00:00,BTC-25SEP26-74000-C,78451.3,BTC-25SEP26,call,74000.0,2026-09-25T08:00:00+00:00,0.04591505838751996,0.067,0.069,0.06802852,0.068,78451.3,BTC-25SEP26,0.3836,0.76929,51.08527,1466.9,1.0,0.0020000000000000018,BTC,78235.3,5582.9
2026-09-08T13:30:30.953430+00:00,BTC-27NOV26-88000-C,79095.75,BTC-27NOV26,call,88000.0,2026-11-27T08:00:00+00:00,0.21839965797684235,0.034,0.035,0.03449907,0.0345,79095.75,BTC-27NOV26,0.3981,0.31286,130.78264,78.7,0.0,0.0010000000000000009,BTC,78235.3,0.0
2026-09-08T13:30:30.953430+00:00,BTC-25JUN27-54000-C,81370.62,BTC-25JUN27,call,54000.0,2027-06-25T08:00:00+00:00,0.7933483232745836,0.362,0.3655,0.36416263,0.36375,81370.62,BTC-25JUN27,0.4621,0.88458,140.89223,0.9,0.0,0.003500000000000003,BTC,78235.3,0.0
2026-09-08T13:30:30.953430+00:00,BTC-9SEP26-86000-C,78345.72,BTC-9SEP26,call,86000.0,2026-09-09T08:00:00+00:00,0.002109445793406343,,0.0001,1.1e-07,,78345.72,BTC-9SEP26,0.4949,2e-05,0.00255,251.8,3.1,,BTC,78235.3,24.53
2026-09-08T13:30:30.953430+00:00,BTC-25DEC26-84000-C,79423.44,BTC-25DEC26,call,84000.0,2026-12-25T08:00:00+00:00,0.29505948001654114,0.0615,0.0625,0.06210794,0.062,79423.44,BTC-25DEC26,0.3951,0.43663,169.77652,1345.7,0.0,0.0010000000000000009,BTC,78237.88,0.0
2026-09-08T13:30:30.953430+00:00,BTC-30OCT26-65000-C,78780.44,BTC-30OCT26,call,65000.0,2026-10-30T08:00:00+00:00,0.1417398359371435,0.1815,0.185,0.18349761,0.18325,78780.44,BTC-30OCT26,0.43060000000000004,0.89617,53.45114,434.5,0.0,0.003500000000000003,BTC,78235.3,0.0
2026-09-08T13:30:30.953430+00:00,BTC-10SEP26-72000-C,78354.86,BTC-10SEP26,call,72000.0,2026-09-10T08:00:00+00:00,0.004847296580538444,0.079,0.0835,0.08123034,0.08125,78354.86,BTC-10SEP26,0.5359,0.98789,1.71554,0.0,0.0,0.004500000000000004,BTC,78237.88,0.0
2026-09-08T13:30:30.953430+00:00,BTC-25SEP26-76000-P,78460.41,BTC-25SEP26,put,76000.0,2026-09-25T08:00:00+00:00,0.04591505838751996,0.018,0.019,0.0184274,0.0185,78460.41,BTC-25SEP26,0.3764,-0.33771,61.37888,965.7,7.5,0.0010000000000000009,BTC,78237.88,9738.55
2026-09-08T13:30:30.953430+00:00,BTC-25SEP26-54000-P,78451.3,BTC-25SEP26,put,54000.0,2026-09-25T08:00:00+00:00,0.04591505838751996,0.0002,0.0003,0.00019357,0.00025,78451.3,BTC-25SEP26,0.6781,-0.00426,2.10375,769.9,1.3,9.999999999999996e-05,BTC,78237.88,18.12
2026-09-08T13:30:30.953430+00:00,BTC-25DEC26-76000-C,79423.8,BTC-25DEC26,call,76000.0,2026-12-25T08:00:00+00:00,0.29505948001654114,0.1065,0.1085,0.10753224,0.1075,79423.8,BTC-25DEC26,0.39799999999999996,0.62018,164.08848,410.0,0.0,0.0020000000000000018,BTC,78237.88,0.0
2026-09-08T13:30:30.953430+00:00,BTC-27NOV26-73000-P,79086.64,BTC-27NOV26,put,73000.0,2026-11-27T08:00:00+00:00,0.21839965797684235,0.039,0.04,0.03939532,0.0395,79086.64,BTC-27NOV26,0.39899999999999997,-0.30279,128.93542,17.5,0.0,0.0010000000000000009,BTC,78237.88,0.0
2026-09-08T13:30:30.953430+00:00,BTC-12SEP26-79000-P,78362.39,BTC-12SEP26,put,79000.0,2026-09-12T08:00:00+00:00,0.010322998154802646,0.0195,0.0205,0.01983065,0.02,78362.39,BTC-12SEP26,0.38060000000000005,-0.58764,30.96202,3.6,3.6,0.0010000000000000009,BTC,78237.88,5638.09
2026-09-08T13:30:30.953430+00:00,BTC-25JUN27-86000-P,81361.51,BTC-25JUN27,put,86000.0,2027-06-25T08:00:00+00:00,0.7933483232745836,0.18,0.183,0.18081391,0.1815,81361.51,BTC-25JUN27,0.4146,-0.48743,288.73019,1.4,0.0,0.0030000000000000027,BTC,78237.88,0.0
2026-09-08T13:30:30.953430+00:00,BTC-10SEP26-77500-P,78354.66,BTC-10SEP26,put,77500.0,2026-09-10T08:00:00+00:00,0.004847296580538444,0.0046,0.005,0.00468815,0.0048,78354.66,BTC-10SEP26,0.3299,-0.33389,19.82315,58.2,10.3,0.0004000000000000002,BTC,78239.58,3445.42
2026-09-08T13:30:30.953430+00:00,BTC-25JUN27-92000-P,81361.51,BTC-25JUN27,put,92000.0,2027-06-25T08:00:00+00:00,0.7933483232745836,0.2285,0.233,0.23010285,0.23075,81361.51,BTC-25JUN27,0.4153,-0.55968,285.63539,0.2,0.0,0.004500000000000004,BTC,78237.88,0.0
2026-09-08T13:30:30.953430+00:00,BTC-25DEC26-104000-C,79423.44,BTC-25DEC26,call,104000.0,2026-12-25T08:00:00+00:00,0.29505948001654114,0.015,0.016,0.01537538,0.0155,79423.44,BTC-25DEC26,0.4218,0.14284,97.25187,90.6,0.0,0.0010000000000000009,BTC,78239.58,0.0
2026-09-08T13:30:30.953430+00:00,BTC-25SEP26-66000-C,78451.3,BTC-25SEP26,call,66000.0,2026-09-25T08:00:00+00:00,0.04591505838751996,0.1585,0.1625,0.16050018,0.1605,78451.3,BTC-25SEP26,0.47350000000000003,0.95933,14.66933,970.0,0.0,0.0040000000000000036,BTC,78239.58,0.0
2026-09-08T13:30:30.953430+00:00,BTC-27NOV26-70000-P,79086.64,BTC-27NOV26,put,70000.0,2026-11-27T08:00:00+00:00,0.21839965797684235,0.0275,0.0285,0.02801072,0.028,79086.64,BTC-27NOV26,0.40630000000000005,-0.23226,112.74858,47.2,0.0,0.0010000000000000009,BTC,78239.58,0.0
2026-09-08T13:30:30.953430+00:00,BTC-27NOV26-76000-C,79095.75,BTC-27NOV26,call,76000.0,2026-11-27T08:00:00+00:00,0.21839965797684235,0.0925,0.094,0.09310355,0.09325,79095.75,BTC-27NOV26,0.3935,0.6187,140.75579,10.6,0.0,0.0015000000000000013,BTC,78239.58,0.0
2026-09-08T13:30:30.953430+00:00,BTC-11SEP26-79000-P,78354.09,BTC-11SEP26,put,79000.0,2026-09-11T08:00:00+00:00,0.0075851473676705455,0.0165,0.0175,0.01719234,0.017,78354.09,BTC-11SEP26,0.36450000000000005,-0.61005,26.15489,349.1,26.6,0.0010000000000000009,BTC,78239.58,31833.96
2026-09-08T13:30:30.953430+00:00,BTC-12SEP26-84000-C,78362.39,BTC-12SEP26,call,84000.0,2026-09-12T08:00:00+00:00,0.010322998154802646,0.0012,0.0015,0.00135506,0.00135,78362.39,BTC-12SEP26,0.4514,0.06471,10.05017,11.4,11.4,0.00030000000000000014,BTC,78239.58,1262.72
2026-09-08T13:30:30.953430+00:00,BTC-11SEP26-66000-C,78363.2,BTC-11SEP26,call,66000.0,2026-09-11T08:00:00+00:00,0.0075851473676705455,0.1555,0.16,0.15782286,0.15775,78363.2,BTC-11SEP26,0.7199,0.99701,0.62265,0.1,0.0,0.004500000000000004,BTC,78239.58,0.0
2026-09-08T13:30:30.953430+00:00,BTC-25DEC26-88000-C,79423.44,BTC-25DEC26,call,88000.0,2026-12-25T08:00:00+00:00,0.29505948001654114,0.046,0.047,0.0464659,0.0465,79423.44,BTC-25DEC26,0.3967,0.35415,160.31934,3429.4,15.1,0.0010000000000000009,BTC,78233.96,56974.62
2026-09-08T13:30:30.953430+00:00,BTC-9SEP26-78000-P,78336.61,BTC-9SEP26,put,78000.0,2026-09-09T08:00:00+00:00,0.002109445793406343,0.0039,0.0043,0.00402736,0.0041,78336.61,BTC-9SEP26,0.3267,-0.41474,14.00341,119.5,137.1,0.0004000000000000002,BTC,78239.58,42678.87
2026-09-08T13:30:30.953430+00:00,BTC-30OCT26-72000-C,78780.44,BTC-30OCT26,call,72000.0,2026-10-30T08:00:00+00:00,0.1417398359371435,0.108,0.11,0.10909874,0.109,78780.44,BTC-30OCT26,0.3883,0.75207,93.76084,468.4,0.0,0.0020000000000000018,BTC,78239.58,0.0
2026-09-08T13:30:30.953430+00:00,BTC-25JUN27-56000-P,81361.51,BTC-25JUN27,put,56000.0,2027-06-25T08:00:00+00:00,0.7933483232745836,0.0315,0.0325,0.03227015,0.032,81361.51,BTC-25JUN27,0.4562,-0.13148,154.3779,84.6,0.0,0.0010000000000000009,BTC,78233.96,0.0
2026-09-08T13:30:30.953430+00:00,BTC-26MAR27-105000-P,80344.12,BTC-26MAR27,put,105000.0,2027-03-26T08:00:00+00:00,0.5442039016455624,0.341,0.3475,0.3436748,0.34425,80344.12,BTC-26MAR27,0.4164,-0.7645,182.21692,0.5,0.0,0.00649999999999995,BTC,78233.96,0.0
2026-09-08T13:30:30.953430+00:00,BTC-18SEP26-65000-P,78416.07,BTC-18SEP26,put,65000.0,2026-09-18T08:00:00+00:00,0.026750102877595255,0.0004,0.0006,0.00049732,0.0005,78416.07,BTC-18SEP26,0.5414,-0.01581,5.07468,91.0,0.9,0.00019999999999999993,BTC,78233.96,39.52
2026-09-08T13:30:30.953430+00:00,BTC-30OCT26-63000-C,78789.55,BTC-30OCT26,call,63000.0,2026-10-30T08:00:00+00:00,0.1417398359371435,0.205,0.2085,0.20690959,0.20675,78789.55,BTC-30OCT26,0.4484,0.91955,44.24394,153.2,0.0,0.003500000000000003,BTC,78233.96,0.0
2026-09-08T13:30:30.953430+00:00,BTC-30OCT26-73000-P,78780.44,BTC-30OCT26,put,73000.0,2026-10-30T08:00:00+00:00,0.1417398359371435,0.026,0.027,0.02643409,0.0265,78780.44,BTC-30OCT26,0.3849,-0.27759,99.33663,95.9,0.2,0.0010000000000000009,BTC,78233.96,415.27
2026-09-08T13:30:30.953430+00:00,BTC-30OCT26-56000-P,78780.44,BTC-30OCT26,put,56000.0,2026-10-30T08:00:00+00:00,0.1417398359371435,0.0026,0.003,0.00280241,0.0028,78780.44,BTC-30OCT26,0.5235,-0.03403,22.37808,463.9,1.0,0.0004000000000000002,BTC,78233.96,220.35
2026-09-08T13:30:30.953430+00:00,BTC-18SEP26-88000-C,78416.07,BTC-18SEP26,call,88000.0,2026-09-18T08:00:00+00:00,0.026750102877595255,0.0018,0.0021,0.00188966,0.00195,78416.07,BTC-18SEP26,0.44670000000000004,0.05938,15.13625,406.7,10.6,0.0002999999999999999,BTC,78227.62,1590.15
2026-09-08T13:30:30.953430+00:00,BTC-27NOV26-69000-C,79095.75,BTC-27NOV26,call,69000.0,2026-11-27T08:00:00+00:00,0.21839965797684235,0.1515,0.154,0.15260811,0.15275,79095.75,BTC-27NOV26,0.40990000000000004,0.7887,106.81847,0.0,0.0,0.0025000000000000022,BTC,78233.96,0.0
2026-09-08T13:30:30.953430+00:00,BTC-25DEC26-85000-C,79423.44,BTC-25DEC26,call,85000.0,2026-12-25T08:00:00+00:00,0.29505948001654114,0.057,0.0585,0.05776457,0.05775,79423.44,BTC-25DEC26,0.39520000000000005,0.41492,168.01615,2213.7,0.0,0.0015000000000000013,BTC,78227.62,0.0
2026-09-08T13:30:30.953430+00:00,BTC-25DEC26-98000-P,79423.44,BTC-25DEC26,put,98000.0,2026-12-25T08:00:00+00:00,0.29505948001654114,0.2545,0.2595,0.256683,0.257,79423.44,BTC-25DEC26,0.40950000000000003,-0.7995,120.83277,1.2,0.0,0.0050000000000000044,BTC,78227.62,0.0
2026-09-08T13:30:30.953430+00:00,BTC-25SEP26-200000-P,78451.3,BTC-25SEP26,put,200000.0,2026-09-25T08:00:00+00:00,0.04591505838751996,1.5415,1.5565,1.54904228,1.549,78451.3,BTC-25SEP26,0.9823999999999999,-0.99999,0.00532,3.2,0.0,0.014999999999999902,BTC,78227.62,0.0
2026-09-08T13:30:30.953430+00:00,BTC-10SEP26-74000-P,78354.86,BTC-10SEP26,put,74000.0,2026-09-10T08:00:00+00:00,0.004847296580538444,0.0003,0.0004,0.00035725,0.00035,78354.86,BTC-10SEP26,0.43939999999999996,-0.03316,4.02675,8.3,0.2,0.00010000000000000005,BTC,78224.89,4.71
2026-09-08T13:30:30.953430+00:00,BTC-25DEC26-78000-C,79423.44,BTC-25DEC26,call,78000.0,2026-12-25T08:00:00+00:00,0.29505948001654114,0.094,0.095,0.09431973,0.0945,79423.44,BTC-25DEC26,0.3967,0.57343,169.00712,1047.4,0.0,0.0010000000000000009,BTC,78227.62,0.0
2026-09-08T13:30:30.953430+00:00,BTC-27NOV26-115000-C,79095.75,BTC-27NOV26,call,115000.0,2026-11-27T08:00:00+00:00,0.21839965797684235,0.0042,0.0047,0.00445206,0.00445,79095.75,BTC-27NOV26,0.4635,0.05212,39.3614,26.5,0.3,0.0005000000000000004,BTC,78227.62,103.63
2026-09-08T13:30:30.953430+00:00,BTC-11SEP26-66000-P,78363.2,BTC-11SEP26,put,66000.0,2026-09-11T08:00:00+00:00,0.0075851473676705455,,0.0001,5.396e-05,,78363.2,BTC-11SEP26,0.7199,-0.003,0.62412,365.1,0.5,,BTC,78227.62,3.96
2026-09-08T13:30:30.953430+00:00,ETH-26MAR27-4200-P,2513.11,ETH-26MAR27,put,4200.0,2027-03-26T08:00:00+00:00,0.5442039016455624,0.686,0.715,0.701528,0.7005,2513.11,ETH-26MAR27,0.5784,-0.83907,4.52777,1.0,0.0,0.028999999999999915,ETH,2462.17,0.0
2026-09-08T13:30:30.953430+00:00,ETH-25SEP26-5800-C,2467.87,ETH-25SEP26,call,5800.0,2026-09-25T08:00:00+00:00,0.04591505838751996,,0.0001,2e-06,,2467.87,ETH-25SEP26,0.9994,5e-05,0.00112,5889.0,0.0,,ETH,2462.48,0.0
2026-09-08T13:30:30.953430+00:00,ETH-12SEP26-2380-P,2463.95,ETH-12SEP26,put,2380.0,2026-09-12T08:00:00+00:00,0.010322998154802646,0.0065,0.0075,0.007081,0.007,2463.95,ETH-12SEP26,0.4891,-0.23662,0.7722,0.0,0.0,0.001,ETH,2462.48,0.0
2026-09-08T13:30:30.953430+00:00,ETH-26MAR27-1000-P,2513.11,ETH-26MAR27,put,1000.0,2027-03-26T08:00:00+00:00,0.5442039016455624,0.0055,0.007,0.006109,0.00625,2513.11,ETH-26MAR27,0.7352,-0.02447,1.0641,7311.0,20.0,0.0015000000000000005,ETH,2462.17,297.41
2026-09-08T13:30:30.953430+00:00,ETH-25JUN27-3500-P,2540.61,ETH-25JUN27,put,3500.0,2027-06-25T08:00:00+00:00,0.7933483232745836,0.46,0.482,0.469078,0.471,2540.61,ETH-25JUN27,0.5619,-0.6518,8.36647,423.0,100.0,0.021999999999999964,ETH,2462.48,114614.77
2026-09-08T13:30:30.953430+00:00,ETH-30OCT26-1750-C,2473.98,ETH-30OCT26,call,1750.0,2026-10-30T08:00:00+00:00,0.1417398359371435,0.294,0.3015,0.29823,0.29775,2473.98,ETH-30OCT26,0.6112,0.94715,1.00393,102.0,0.0,0.007500000000000007,ETH,2462.17,0.0
2026-09-08T13:30:30.953430+00:00,ETH-25SEP26-2850-C,2467.87,ETH-25SEP26,call,2850.0,2026-09-25T08:00:00+00:00,0.04591505838751996,0.007,0.0075,0.007143,0.00725,2467.87,ETH-25SEP26,0.5579,0.12555,1.09177,276.0,0.0,0.0004999999999999996,ETH,2462.17,0.0
2026-09-08T13:30:30.953430+00:00,ETH-10SEP26-2460-P,2463.35,ETH-10SEP26,put,2460.0,2026-09-10T08:00:00+00:00,0.004847296580538444,0.011,0.0115,0.011282,0.01125,2463.35,ETH-10SEP26,0.4305,-0.48089,0.6832,570.0,92.0,0.0005000000000000004,ETH,2462.17,1927.71
2026-09-08T13:30:30.953430+00:00,ETH-9SEP26-2600-C,2463.04,ETH-9SEP26,call,2600.0,2026-09-09T08:00:00+00:00,0.002109445793406343,0.0001,0.0003,0.000193,0.0002,2463.04,ETH-9SEP26,0.5709000000000001,0.01944,0.05344,394.0,500.0,0.00019999999999999998,ETH,2462.17,1100.29
2026-09-08T13:30:30.953430+00:00,ETH-9SEP26-2340-C,2463.04,ETH-9SEP26,call,2340.0,2026-09-09T08:00:00+00:00,0.002109445793406343,0.0465,0.053,0.050361,0.04975,2463.04,ETH-9SEP26,0.6101,0.96639,0.08449,0.0,0.0,0.006499999999999999,ETH,2462.17,0.0
2026-09-08T13:30:30.953430+00:00,ETH-25JUN27-3400-C,2540.62,ETH-25JUN27,call,3400.0,2027-06-25T08:00:00+00:00,0.7933483232745836,0.097,0.0995,0.098402,0.09825,2540.62,ETH-25JUN27,0.5605,0.36898,8.53581,481.0,0.0,0.0025000000000000022,ETH,2462.17,0.0
2026-09-08T13:30:30.953430+00:00,ETH-26MAR27-2800-P,2513.24,ETH-26MAR27,put,2800.0,2027-03-26T08:00:00+00:00,0.5442039016455624,0.2305,0.2335,0.231564,0.232,2513.24,ETH-26MAR27,0.5452,-0.52729,7.37853,15.0,0.0,0.0030000000000000027,ETH,2462.27,0.0
2026-09-08T13:30:30.953430+00:00,ETH-25DEC26-2400-C,2488.56,ETH-25DEC26,call,2400.0,2026-12-25T08:00:00+00:00,0.29505948001654114,0.1295,0.1315,0.13077,0.1305,2488.56,ETH-25DEC26,0.5284,0.60576,5.20171,12448.0,18.0,0.0020000000000000018,ETH,2462.17,5879.65
2026-09-08T13:30:30.953430+00:00,ETH-25SEP26-8500-P,2467.87,ETH-25SEP26,put,8500.0,2026-09-25T08:00:00+00:00,0.04591505838751996,2.4305,2.4605,2.44428,2.4455,2467.87,ETH-25SEP26,1.3075,-0.99999,0.00023,0.0,0.0,0.03000000000000025,ETH,2462.27,0.0
2026-09-08T13:30:30.953430+00:00,ETH-12SEP26-2460-P,2463.95,ETH-12SEP26,put,2460.0,2026-09-12T08:00:00+00:00,0.010322998154802646,0.018,0.019,0.01893,0.0185,2463.95,ETH-12SEP26,0.4832,-0.47995,0.99733,0.0,0.0,0.0010000000000000009,ETH,2462.27,0.0
2026-09-08T13:30:30.953430+00:00,ETH-11SEP26-2900-P,2463.61,ETH-11SEP26,put,2900.0,2026-09-11T08:00:00+00:00,0.0075851473676705455,0.174,0.1805,0.177235,0.17725,2463.61,ETH-11SEP26,0.7609,-0.99249,0.04445,0.0,0.0,0.006500000000000006,ETH,2462.27,0.0
2026-09-08T13:30:30.953430+00:00,ETH-12SEP26-2400-P,2464.08,ETH-12SEP26,put,2400.0,2026-09-12T08:00:00+00:00,0.010322998154802646,0.0085,0.0095,0.009184,0.009,2464.08,ETH-12SEP26,0.4841,-0.29041,0.85738,0.0,0.0,0.0009999999999999992,ETH,2462.27,0.0
2026-09-08T13:30:30.953430+00:00,ETH-27NOV26-2300-C,2481.44,ETH-27NOV26,call,2300.0,2026-11-27T08:00:00+00:00,0.21839965797684235,0.134,0.137,0.135425,0.1355,2481.44,ETH-27NOV26,0.5271,0.66625,4.21818,50.0,0.0,0.0030000000000000027,ETH,2462.27,0.0
2026-09-08T13:30:30.953430+00:00,ETH-25SEP26-2400-C,2467.87,ETH-25SEP26,call,2400.0,2026-09-25T08:00:00+00:00,0.04591505838751996,0.056,0.0585,0.057393,0.05725,2467.87,ETH-25SEP26,0.501,0.62163,2.01067,15746.0,3.0,0.0025000000000000022,ETH,2462.27,450.69
2026-09-08T13:30:30.953430+00:00,ETH-26MAR27-2900-C,2513.24,ETH-26MAR27,call,2900.0,2027-03-26T08:00:00+00:00,0.5442039016455624,0.1045,0.1065,0.105617,0.1055,2513.24,ETH-26MAR27,0.5462,0.43859,7.30831,2291.0,6.0,0.0020000000000000018,ETH,2462.07,1602.82
2026-09-08T13:30:30.953430+00:00,ETH-25JUN27-2200-P,2540.61,ETH-25JUN27,put,2200.0,2027-06-25T08:00:00+00:00,0.7933483232745836,0.123,0.1265,0.124589,0.12475,2540.61,ETH-25JUN27,0.561,-0.29558,7.81467,387.0,0.0,0.003500000000000003,ETH,2462.27,0.0
2026-09-08T13:30:30.953430+00:00,ETH-18SEP26-3200-C,2465.61,ETH-18SEP26,call,3200.0,2026-09-18T08:00:00+00:00,0.026750102877595255,0.0006,0.0009,0.000741,0.00075,2465.61,ETH-18SEP26,0.7365,0.01757,0.17484,3571.0,1.0,0.00030000000000000003,ETH,2462.07,1.74
2026-09-08T13:30:30.953430+00:00,ETH-11SEP26-2450-C,2463.61,ETH-11SEP26,call,2450.0,2026-09-11T08:00:00+00:00,0.0075851473676705455,0.018,0.0195,0.018593,0.01875,2463.61,ETH-11SEP26,0.4515,0.55961,0.84619,2372.0,28.0,0.0015000000000000013,ETH,2462.07,1928.21
2026-09-08T13:30:30.953430+00:00,ETH-25DEC26-8000-P,2488.55,ETH-25DEC26,put,8000.0,2026-12-25T08:00:00+00:00,0.29505948001654114,2.197,2.24,2.215606,2.2185,2488.55,ETH-25DEC26,0.7848999999999999,-0.99423,0.22214,23.0,0.0,0.04300000000000015,ETH,2462.07,0.0
2026-09-08T13:30:30.953430+00:00,ETH-30OCT26-2500-C,2473.85,ETH-30OCT26,call,2500.0,2026-10-30T08:00:00+00:00,0.1417398359371435,0.072,0.073,0.072191,0.0725,2473.85,ETH-30OCT26,0.5129,0.5161,3.71255,2932.0,105.0,0.0010000000000000009,ETH,2462.07,20521.07
2026-09-08T13:30:30.953430+00:00,ETH-27NOV26-2400-C,2481.44,ETH-27NOV26,call,2400.0,2026-11-27T08:00:00+00:00,0.21839965797684235,0.112,0.1145,0.113211,0.11325,2481.44,ETH-27NOV26,0.5244,0.60143,4.47571,307.0,0.0,0.0025000000000000022,ETH,2462.07,0.0
2026-09-08T13:30:30.953430+00:00,ETH-26MAR27-3300-P,2513.11,ETH-26MAR27,put,3300.0,2027-03-26T08:00:00+00:00,0.5442039016455624,0.3755,0.3935,0.383082,0.3845,2513.11,ETH-26MAR27,0.5538000000000001,-0.67841,6.64305,101.0,0.0,0.018000000000000016,ETH,2462.07,0.0
2026-09-08T13:30:30.953430+00:00,ETH-25DEC26-1400-C,2488.55,ETH-25DEC26,call,1400.0,2026-12-25T08:00:00+00:00,0.29505948001654114,0.4395,0.4475,0.443777,0.4435,2488.55,ETH-25DEC26,0.6659,0.96159,1.12693,939.0,0.0,0.008000000000000007,ETH,2462.07,0.0
2026-09-08T13:30:30.953430+00:00,ETH-26MAR27-2600-P,2513.11,ETH-26MAR27,put,2600.0,2027-03-26T08:00:00+00:00,0.5442039016455624,0.179,0.182,0.179748,0.1805,2513.11,ETH-26MAR27,0.5442,-0.45418,7.34671,645.0,0.0,0.0030000000000000027,ETH,2462.09,0.0
2026-09-08T13:30:30.953430+00:00,ETH-11SEP26-2550-P,2463.61,ETH-11SEP26,put,2550.0,2026-09-11T08:00:00+00:00,0.0075851473676705455,0.0365,0.0445,0.040214,0.0405,2463.61,ETH-11SEP26,0.4916,-0.78609,0.62492,475.0,0.0,0.008,ETH,2462.09,0.0
2026-09-08T13:30:30.953430+00:00,ETH-25SEP26-4600-C,2467.74,ETH-25SEP26,call,4600.0,2026-09-25T08:00:00+00:00,0.04591505838751996,,0.0002,6.2e-05,,2467.74,ETH-25SEP26,0.9243000000000001,0.00116,0.02037,4397.0,0.0,,ETH,2462.07,0.0
2026-09-08T13:30:30.953430+00:00,ETH-26MAR27-2800-C,2513.11,ETH-26MAR27,call,2800.0,2027-03-26T08:00:00+00:00,0.5442039016455624,0.1165,0.118,0.117402,0.11725,2513.11,ETH-26MAR27,0.5452,0.47267,7.37818,5034.0,0.0,0.0014999999999999875,ETH,2462.09,0.0
2026-09-08T13:30:30.953430+00:00,ETH-25SEP26-3800-P,2467.87,ETH-25SEP26,put,3800.0,2026-09-25T08:00:00+00:00,0.04591505838751996,0.5355,0.5465,0.540177,0.541,2467.87,ETH-25SEP26,0.7951,-0.99286,0.1048,943.0,0.0,0.01100000000000001,ETH,2462.09,0.0
2026-09-08T13:30:30.953430+00:00,ETH-18SEP26-2450-C,2465.61,ETH-18SEP26,call,2450.0,2026-09-18T08:00:00+00:00,0.026750102877595255,0.0355,0.0365,0.035972,0.036,2465.61,ETH-18SEP26,0.5033,0.54482,1.59833,1096.0,206.0,0.0010000000000000009,ETH,2462.09,20665.27
2026-09-08T13:30:30.953430+00:00,ETH-25SEP26-3200-C,2467.87,ETH-25SEP26,call,3200.0,2026-09-25T08:00:00+00:00,0.04591505838751996,0.0018,0.0021,0.001909,0.00195,2467.87,ETH-25SEP26,0.6495000000000001,0.03594,0.41756,13422.0,3.0,0.0002999999999999999,ETH,2462.09,16.61
2026-09-08T13:30:30.953430+00:00,ETH-25SEP26-1000-P,2467.87,ETH-25SEP26,put,1000.0,2026-09-25T08:00:00+00:00,0.04591505838751996,,0.0001,2.6e-05,,2467.87,ETH-25SEP26,1.2915,-0.00034,0.00652,10805.0,0.0,,ETH,2462.09,0.0
2026-09-08T13:30:30.953430+00:00,ETH-25SEP26-1000-C,2467.74,ETH-25SEP26,call,1000.0,2026-09-25T08:00:00+00:00,0.04591505838751996,0.5935,0.596,0.594816,0.59475,2467.74,ETH-25SEP26,1.2915,0.99966,0.00651,5785.0,0.0,0.0024999999999999467,ETH,2462.09,0.0
2026-09-08T13:30:30.953430+00:00,ETH-27NOV26-2000-C,2481.44,ETH-27NOV26,call,2000.0,2026-11-27T08:00:00+00:00,0.21839965797684235,0.2155,0.2235,0.220206,0.2195,2481.44,ETH-27NOV26,0.5539000000000001,0.83162,2.91617,9.0,0.0,0.008000000000000007,ETH,2462.09,0.0
2026-09-08T13:30:30.953430+00:00,ETH-25DEC26-1800-C,2488.55,ETH-25DEC26,call,1800.0,2026-12-25T08:00:00+00:00,0.29505948001654114,0.2915,0.301,0.297465,0.29625,2488.55,ETH-25DEC26,0.5782,0.88232,2.6667,2434.0,0.0,0.009500000000000008,ETH,2462.09,0.0
2026-09-08T13:30:30.953430+00:00,ETH-25SEP26-2420-C,2467.87,ETH-25SEP26,call,2420.0,2026-09-25T08:00:00+00:00,0.04591505838751996,0.0525,0.0535,0.05276,0.053,2467.87,ETH-25SEP26,0.5005,0.59166,2.05338,122.0,0.0,0.0010000000000000009,ETH,2462.09,0.0
2026-09-08T13:30:30.953430+00:00,ETH-26MAR27-4800-P,2513.11,ETH-26MAR27,put,4800.0,2027-03-26T08:00:00+00:00,0.5442039016455624,0.9165,0.944,0.928723,0.93025,2513.11,ETH-26MAR27,0.5963,-0.89454,3.38192,0.0,0.0,0.02749999999999997,ETH,2462.4,0.0
2026-09-08T13:30:30.953430+00:00,ETH-30OCT26-2250-P,2473.98,ETH-30OCT26,put,2250.0,2026-10-30T08:00:00+00:00,0.1417398359371435,0.037,0.038,0.037459,0.0375,2473.98,ETH-30OCT26,0.5177,-0.28011,3.13596,1345.0,0.0,0.0010000000000000009,ETH,2462.4,0.0
2026-09-08T13:30:30.953430+00:00,ETH-25SEP26-5200-C,2467.87,ETH-25SEP26,call,5200.0,2026-09-25T08:00:00+00:00,0.04591505838751996,,0.0001,7e-06,,2467.87,ETH-25SEP26,0.9314,0.00014,0.00284,2392.0,0.0,,ETH,2462.4,0.0
2026-09-08T13:30:30.953430+00:00,ETH-30OCT26-2900-C,2473.98,ETH-30OCT26,call,2900.0,2026-10-30T08:00:00+00:00,0.1417398359371435,0.0265,0.0275,0.026768,0.027,2473.98,ETH-30OCT26,0.5357999999999999,0.2455,2.93083,2732.0,0.0,0.0010000000000000009,ETH,2462.4,0.0
2026-09-08T13:30:30.953430+00:00,ETH-27NOV26-3800-C,2481.44,ETH-27NOV26,call,3800.0,2026-11-27T08:00:00+00:00,0.21839965797684235,0.0095,0.01,0.009757,0.00975,2481.44,ETH-27NOV26,0.6014,0.08425,1.79236,319.0,1.0,0.0005000000000000004,ETH,2462.4,23.49
2026-09-08T13:30:30.953430+00:00,ETH-25JUN27-4400-P,2540.61,ETH-25JUN27,put,4400.0,2027-06-25T08:00:00+00:00,0.7933483232745836,0.7625,0.798,0.780613,0.78025,2540.61,ETH-25JUN27,0.5772999999999999,-0.79134,6.49739,1.0,0.0,0.03550000000000009,ETH,2462.4,0.0
2026-09-08T13:30:30.953430+00:00,ETH-9SEP26-2320-P,2463.04,ETH-9SEP26,put,2320.0,2026-09-09T08:00:00+00:00,0.002109445793406343,0.0002,0.0003,0.000232,0.00025,2463.04,ETH-9SEP26,0.6459,-0.02157,0.05835,532.0,410.0,9.999999999999996e-05,ETH,2462.4,102.92
2026-09-08T13:30:30.953430+00:00,ETH-25DEC26-1500-P,2488.55,ETH-25DEC26,put,1500.0,2026-12-25T08:00:00+00:00,0.29505948001654114,0.008,0.009,0.008653,0.0085,2488.55,ETH-25DEC26,0.6399,-0.05168,1.43132,16254.0,0.0,0.0009999999999999992,ETH,2462.4,0.0
2026-09-08T13:30:30.953430+00:00,ETH-10SEP26-2600-P,2463.48,ETH-10SEP26,put,2600.0,2026-09-10T08:00:00+00:00,0.004847296580538444,0.0535,0.0605,0.056697,0.057,2463.48,ETH-10SEP26,0.5312,-0.92677,0.23831,0.0,0.0,0.006999999999999999,ETH,2462.4,0.0
2026-09-08T13:30:30.953430+00:00,ETH-26MAR27-4200-C,2513.11,ETH-26MAR27,call,4200.0,2027-03-26T08:00:00+00:00,0.5442039016455624,0.0295,0.031,0.030286,0.03025,2513.11,ETH-26MAR27,0.5784,0.16102,4.53011,2903.0,0.0,0.0015000000000000013,ETH,2462.55,0.0
2026-09-08T13:30:30.953430+00:00,ETH-11SEP26-2460-P,2463.61,ETH-11SEP26,put,2460.0,2026-09-11T08:00:00+00:00,0.0075851473676705455,0.0145,0.0155,0.014989,0.015,2463.61,ETH-11SEP26,0.4532,-0.47941,0.8548,107.0,107.0,0.0009999999999999992,ETH,2462.55,3079.73
2026-09-08T13:30:30.953430+00:00,ETH-9SEP26-2560-C,2463.17,ETH-9SEP26,call,2560.0,2026-09-09T08:00:00+00:00,0.002109445793406343,0.0004,0.0006,0.000476,0.0005,2463.17,ETH-9SEP26,0.5057,0.04861,0.11401,1151.0,1094.0,0.00019999999999999993,ETH,2462.55,2661.75
2026-09-08T13:30:30.953430+00:00,ETH-30OCT26-1000-C,2473.85,ETH-30OCT26,call,1000.0,2026-10-30T08:00:00+00:00,0.1417398359371435,0.5935,0.5985,0.596125,0.596,2473.85,ETH-30OCT26,0.9292,0.99713,0.0819,0.0,0.0,0.0050000000000000044,ETH,2462.55,0.0
2026-09-08T13:30:30.953430+00:00,ETH-25JUN27-3100-P,2540.48,ETH-25JUN27,put,3100.0,2027-06-25T08:00:00+00:00,0.7933483232745836,0.337,0.3565,0.344719,0.34675,2540.48,ETH-25JUN27,0.5572,-0.5609,8.92249,18.0,0.0,0.019499999999999962,ETH,2462.55,0.0
2026-09-08T13:30:30.953430+00:00,ETH-25SEP26-9000-P,2467.87,ETH-25SEP26,put,9000.0,2026-09-25T08:00:00+00:00,0.04591505838751996,2.6345,2.6645,2.646885,2.6495,2467.87,ETH-25SEP26,1.3633000000000002,-0.99999,0.00022,0.0,0.0,0.029999999999999805,ETH,2462.55,0.0
2026-09-08T13:30:30.953430+00:00,ETH-12SEP26-2480-C,2464.08,ETH-12SEP26,call,2480.0,2026-09-12T08:00:00+00:00,0.010322998154802646,0.016,0.0175,0.016511,0.01675,2464.08,ETH-12SEP26,0.4851,0.45554,0.99249,0.0,0.0,0.0015000000000000013,ETH,2462.55,0.0
2026-09-08T13:30:30.953430+00:00,ETH-12SEP26-2280-C,2464.08,ETH-12SEP26,call,2280.0,2026-09-12T08:00:00+00:00,0.010322998154802646,0.0725,0.08,0.076457,0.07625,2464.08,ETH-12SEP26,0.5519,0.92037,0.37088,0.0,0.0,0.007500000000000007,ETH,2462.55,0.0
2026-09-08T13:30:30.953430+00:00,ETH-9SEP26-2420-P,2463.04,ETH-9SEP26,put,2420.0,2026-09-09T08:00:00+00:00,0.002109445793406343,0.0019,0.0024,0.002135,0.00215,2463.04,ETH-9SEP26,0.4425,-0.19446,0.31116,605.0,716.0,0.0004999999999999998,ETH,2462.2,2744.59
2026-09-08T13:30:30.953430+00:00,ETH-9SEP26-2350-P,2463.04,ETH-9SEP26,put,2350.0,2026-09-09T08:00:00+00:00,0.002109445793406343,0.0003,0.0006,0.000455,0.00045,2463.04,ETH-9SEP26,0.5931000000000001,-0.04201,0.10138,131.0,129.0,0.0003,ETH,2462.2,196.65
2026-09-08T13:30:30.953430+00:00,ETH-27NOV26-2700-C,2481.31,ETH-27NOV26,call,2700.0,2026-11-27T08:00:00+00:00,0.21839965797684235,0.0635,0.065,0.064454,0.06425,2481.31,ETH-27NOV26,0.5283,0.41319,4.51671,346.0,0.0,0.0015000000000000013,ETH,2462.2,0.0
2026-09-08T13:30:30.953430+00:00,ETH-18SEP26-2200-P,2465.61,ETH-18SEP26,put,2200.0,2026-09-18T08:00:00+00:00,0.026750102877595255,0.0042,0.0045,0.004366,0.00435,2465.61,ETH-18SEP26,0.5576,-0.09813,0.69804,5260.0,28.0,0.0002999999999999999,ETH,2462.2,248.98
2026-09-08T13:30:30.953430+00:00,ETH-25SEP26-2300-P,2467.74,ETH-25SEP26,put,2300.0,2026-09-25T08:00:00+00:00,0.04591505838751996,0.016,0.017,0.016684,0.0165,2467.74,ETH-25SEP26,0.5122,-0.24422,1.65937,5685.0,139.0,0.0010000000000000009,ETH,2462.2,5574.85
2026-09-08T13:30:30.953430+00:00,ETH-25JUN27-2100-P,2540.61,ETH-25JUN27,put,2100.0,2027-06-25T08:00:00+00:00,0.7933483232745836,0.106,0.1085,0.107161,0.10725,2540.61,ETH-25JUN27,0.5643,-0.26454,7.40501,589.0,0.0,0.0025000000000000022,ETH,2462.2,0.0
2026-09-08T13:30:30.953430+00:00,ETH-9SEP26-2540-P,2463.17,ETH-9SEP26,put,2540.0,2026-09-09T08:00:00+00:00,0.002109445793406343,0.029,0.036,0.032047,0.0325,2463.17,ETH-9SEP26,0.4827,-0.91707,0.17271,0.0,0.0,0.006999999999999996,ETH,2462.2,0.0
2026-09-08T13:30:30.953430+00:00,ETH-25DEC26-1000-C,2488.55,ETH-25DEC26,call,1000.0,2026-12-25T08:00:00+00:00,0.29505948001654114,0.597,0.602,0.600083,0.5995,2488.55,ETH-25DEC26,0.8119,0.98888,0.39516,73.0,0.0,0.0050000000000000044,ETH,2462.2,0.0
2026-09-08T13:30:30.953430+00:00,ETH-25DEC26-2800-P,2488.55,ETH-25DEC26,put,2800.0,2026-12-25T08:00:00+00:00,0.29505948001654114,0.1895,0.201,0.194247,0.19525,2488.55,ETH-25DEC26,0.53,-0.60522,5.20376,2904.0,136.0,0.01150000000000001,ETH,2462.2,63392.04
2026-09-08T13:30:30.953430+00:00,ETH-25SEP26-2450-P,2467.74,ETH-25SEP26,put,2450.0,2026-09-25T08:00:00+00:00,0.04591505838751996,0.0385,0.0395,0.039061,0.039,2467.74,ETH-25SEP26,0.5,-0.45323,2.09491,114.0,0.0,0.0010000000000000009,ETH,2462.2,0.0
2026-09-08T13:30:30.953430+00:00,ETH-27NOV26-3100-C,2481.44,ETH-27NOV26,call,3100.0,2026-11-27T08:00:00+00:00,0.21839965797684235,0.03,0.031,0.030266,0.0305,2481.44,ETH-27NOV26,0.5478999999999999,0.22891,3.51161,40.0,0.0,0.0010000000000000009,ETH,2461.83,0.0
2026-09-08T13:30:30.953430+00:00,ETH-30OCT26-1800-P,2473.98,ETH-30OCT26,put,1800.0,2026-10-30T08:00:00+00:00,0.1417398359371435,0.006,0.007,0.006623,0.0065,2473.98,ETH-30OCT26,0.5936,-0.06267,1.14788,1273.0,0.0,0.001,ETH,2461.83,0.0
2026-09-08T13:30:30.953430+00:00,ETH-25DEC26-4400-P,2488.42,ETH-25DEC26,put,4400.0,2026-12-25T08:00:00+00:00,0.29505948001654114,0.7655,0.789,0.776033,0.77725,2488.42,ETH-25DEC26,0.6135,-0.9387,1.63734,20.0,0.0,0.023500000000000076,ETH,2461.83,0.0
2026-09-08T13:30:30.953430+00:00,ETH-25SEP26-3400-C,2467.87,ETH-25SEP26,call,3400.0,2026-09-25T08:00:00+00:00,0.04591505838751996,0.0009,0.0012,0.001084,0.00105,2467.87,ETH-25SEP26,0.7051999999999999,0.02032,0.25946,9685.0,0.0,0.0002999999999999999,ETH,2461.83,0.0
2026-09-08T13:30:30.953430+00:00,ETH-10SEP26-2620-P,2463.48,ETH-10SEP26,put,2620.0,2026-09-10T08:00:00+00:00,0.004847296580538444,0.0615,0.0685,0.064496,0.065,2463.48,ETH-10SEP26,0.5504,-0.9446,0.19185,0.0,0.0,0.007000000000000006,ETH,2462.2,0.0
2026-09-08T13:30:30.953430+00:00,ETH-25SEP26-4400-P,2467.74,ETH-25SEP26,put,4400.0,2026-09-25T08:00:00+00:00,0.04591505838751996,0.7775,0.791,0.783054,0.78425,2467.74,ETH-25SEP26,0.9236,-0.99764,0.03902,281.0,0.0,0.013500000000000068,ETH,2461.83,0.0
2026-09-08T13:30:30.953430+00:00,ETH-11SEP26-1800-C,2463.61,ETH-11SEP26,call,1800.0,2026-09-11T08:00:00+00:00,0.0075851473676705455,0.2665,0.2715,0.269436,0.269,2463.61,ETH-11SEP26,1.1963,0.99889,0.00795,0.0,0.0,0.0050000000000000044,ETH,2461.83,0.0
2026-09-08T13:30:30.953430+00:00,ETH-25DEC26-7000-P,2488.55,ETH-25DEC26,put,7000.0,2026-12-25T08:00:00+00:00,0.29505948001654114,1.7965,1.8335,1.814245,1.815,2488.55,ETH-25DEC26,0.7505,-0.99019,0.35423,0.0,0.0,0.03699999999999992,ETH,2461.83,0.0
2026-09-08T13:30:30.953430+00:00,ETH-25JUN27-4000-C,2540.48,ETH-25JUN27,call,4000.0,2027-06-25T08:00:00+00:00,0.7933483232745836,0.0625,0.0645,0.063408,0.0635,2540.48,ETH-25JUN27,0.5699000000000001,0.26072,7.34903,4555.0,0.0,0.0020000000000000018,ETH,2461.83,0.0
2026-09-08T13:30:30.953430+00:00,ETH-18SEP26-2900-P,2465.61,ETH-18SEP26,put,2900.0,2026-09-18T08:00:00+00:00,0.026750102877595255,0.175,0.184,0.178817,0.1795,2465.61,ETH-18SEP26,0.6212,-0.93959,0.4828,0.0,0.0,0.009000000000000008,ETH,2461.49,0.0
2026-09-08T13:30:30.953430+00:00,ETH-26MAR27-1800-C,2513.11,ETH-26MAR27,call,1800.0,2027-03-26T08:00:00+00:00,0.5442039016455624,0.3215,0.333,0.327859,0.32725,2513.11,ETH-26MAR27,0.5777,0.84009,4.50849,3427.0,0.0,0.01150000000000001,ETH,2461.83,0.0
2026-09-08T13:30:30.953430+00:00,ETH-9SEP26-2250-C,2463.17,ETH-9SEP26,call,2250.0,2026-09-09T08:00:00+00:00,0.002109445793406343,0.083,0.0895,0.086569,0.08625,2463.17,ETH-9SEP26,0.7195,0.99692,0.01058,18.0,0.0,0.006499999999999992,ETH,2461.49,0.0
2026-09-08T13:30:30.953430+00:00,ETH-11SEP26-2100-C,2463.74,ETH-11SEP26,call,2100.0,2026-09-11T08:00:00+00:00,0.0075851473676705455,0.1445,0.1505,0.148012,0.1475,2463.74,ETH-11SEP26,0.8493999999999999,0.98568,0.07805,37.0,36.0,0.006000000000000005,ETH,2461.49,13581.32
2026-09-08T13:30:30.953430+00:00,ETH-25JUN27-1900-C,2540.61,ETH-25JUN27,call,1900.0,2027-06-25T08:00:00+00:00,0.7933483232745836,0.321,0.3385,0.329158,0.32975,2540.61,ETH-25JUN27,0.5736,0.79466,6.43367,115.0,0.0,0.017500000000000016,ETH,2461.49,0.0
2026-09-08T13:30:30.953430+00:00,ETH-12SEP26-2360-C,2464.08,ETH-12SEP26,call,2360.0,2026-09-12T08:00:00+00:00,0.010322998154802646,0.046,0.049,0.047461,0.0475,2464.08,ETH-12SEP26,0.5005,0.805,0.68988,0.0,0.0,0.0030000000000000027,ETH,2461.49,0.0
2026-09-08T13:30:30.953430+00:00,ETH-26MAR27-2000-P,2513.11,ETH-26MAR27,put,2000.0,2027-03-26T08:00:00+00:00,0.5442039016455624,0.0655,0.068,0.066713,0.06675,2513.11,ETH-26MAR27,0.5616,-0.22451,5.55232,1914.0,2.0,0.0025000000000000022,ETH,2461.83,322.71
2026-09-08T13:30:30.953430+00:00,ETH-25JUN27-3900-C,2540.61,ETH-25JUN27,call,3900.0,2027-06-25T08:00:00+00:00,0.7933483232745836,0.067,0.069,0.06809,0.068,2540.61,ETH-25JUN27,0.5683,0.27608,7.5626,160.0,0.0,0.0020000000000000018,ETH,2461.49,0.0
2026-09-08T13:30:30.953430+00:00,ETH-25SEP26-2100-P,2467.74,ETH-25SEP26,put,2100.0,2026-09-25T08:00:00+00:00,0.04591505838751996,0.0045,0.0049,0.00478,0.0047,2467.74,ETH-25SEP26,0.5664,-0.08311,0.80876,37204.0,380.0,0.0004000000000000002,ETH,2461.49,4074.83
2026-09-08T13:30:30.953430+00:00,ETH-27NOV26-2150-C,2481.44,ETH-27NOV26,call,2150.0,2026-11-27T08:00:00+00:00,0.21839965797684235,0.17,0.1775,0.174614,0.17375,2481.44,ETH-27NOV26,0.5367000000000001,0.75619,3.63466,0.0,0.0,0.007499999999999979,ETH,2461.53,0.0
2026-09-08T13:30:30.953430+00:00,ETH-27NOV26-3400-C,2481.44,ETH-27NOV26,call,3400.0,2026-11-27T08:00:00+00:00,0.21839965797684235,0.0175,0.0185,0.017968,0.018,2481.44,ETH-27NOV26,0.5693,0.14619,2.65677,359.0,49.0,0.0009999999999999974,ETH,2461.53,2238.07
2026-09-08T13:30:30.953430+00:00,ETH-11SEP26-2400-P,2463.74,ETH-11SEP26,put,2400.0,2026-09-11T08:00:00+00:00,0.0075851473676705455,0.006,0.0065,0.006114,0.00625,2463.74,ETH-11SEP26,0.46049999999999996,-0.25473,0.68836,6076.0,155.0,0.0004999999999999996,ETH,2461.49,2196.52
2026-09-08T13:30:30.953430+00:00,ETH-27NOV26-3000-C,2481.31,ETH-27NOV26,call,3000.0,2026-11-27T08:00:00+00:00,0.21839965797684235,0.036,0.037,0.036437,0.0365,2481.31,ETH-27NOV26,0.5421,0.26602,3.80437,352.0,0.0,0.0010000000000000009,ETH,2461.53,0.0
2026-09-08T13:30:30.953430+00:00,ETH-25SEP26-16000-P,2467.87,ETH-25SEP26,put,16000.0,2026-09-25T08:00:00+00:00,0.04591505838751996,5.46,5.5165,5.48335,5.48825,2467.87,ETH-25SEP26,1.8954,-0.99999,0.00013,30.0,0.0,0.05649999999999977,ETH,2461.53,0.0
2026-09-08T13:30:30.953430+00:00,ETH-25SEP26-2050-P,2467.87,ETH-25SEP26,put,2050.0,2026-09-25T08:00:00+00:00,0.04591505838751996,0.0033,0.0037,0.003542,0.0035,2467.87,ETH-25SEP26,0.5865,-0.06263,0.65113,4024.0,24.0,0.0004000000000000002,ETH,2461.53,200.04
2026-09-08T13:30:30.953430+00:00,ETH-12SEP26-2320-C,2464.08,ETH-12SEP26,call,2320.0,2026-09-12T08:00:00+00:00,0.010322998154802646,0.0575,0.0645,0.061439,0.061,2464.08,ETH-12SEP26,0.5202,0.87547,0.51375,0.0,0.0,0.006999999999999999,ETH,2461.53,0.0
2026-09-08T13:30:30.953430+00:00,ETH-10SEP26-2500-P,2463.48,ETH-10SEP26,put,2500.0,2026-09-10T08:00:00+00:00,0.004847296580538444,0.02,0.0225,0.021284,0.02125,2463.48,ETH-10SEP26,0.4451,-0.68485,0.60902,85.0,44.0,0.0024999999999999988,ETH,2461.53,1911.68
2026-09-08T13:30:30.953430+00:00,ETH-25JUN27-6000-C,2540.61,ETH-25JUN27,call,6000.0,2027-06-25T08:00:00+00:00,0.7933483232745836,0.019,0.0205,0.019711,0.01975,2540.61,ETH-25JUN27,0.6098,0.09491,3.82073,1426.0,33.0,0.0015000000000000013,ETH,2461.53,1615.55
2026-09-08T13:30:30.953430+00:00,ETH-11SEP26-3000-P,2463.61,ETH-11SEP26,put,3000.0,2026-09-11T08:00:00+00:00,0.0075851473676705455,0.2145,0.2215,0.21774,0.218,2463.61,ETH-11SEP26,0.8309000000000001,-0.99647,0.0227,0.0,0.0,0.007000000000000006,ETH,2461.53,0.0
2026-09-08T13:30:30.953430+00:00,ETH-26MAR27-4500-P,2513.11,ETH-26MAR27,put,4500.0,2027-03-26T08:00:00+00:00,0.5442039016455624,0.797,0.8305,0.81415,0.81375,2513.11,ETH-26MAR27,0.5867,-0.87087,3.90255,0.0,0.0,0.033499999999999974,ETH,2461.53,0.0
2026-09-08T13:30:30.953430+00:00,ETH-9SEP26-2800-P,2463.04,ETH-9SEP26,put,2800.0,2026-09-09T08:00:00+00:00,0.002109445793406343,0.134,0.14,0.136751,0.137,2463.04,ETH-9SEP26,0.695,-0.99997,0.00014,0.0,0.0,0.006000000000000005,ETH,2461.58,0.0
2026-09-08T13:30:30.953430+00:00,ETH-25SEP26-1600-C,2467.87,ETH-25SEP26,call,1600.0,2026-09-25T08:00:00+00:00,0.04591505838751996,0.3495,0.3535,0.352075,0.3515,2467.87,ETH-25SEP26,0.8465,0.99334,0.09852,3418.0,0.0,0.0040000000000000036,ETH,2461.58,0.0
2026-09-08T13:30:30.953430+00:00,ETH-27NOV26-4200-P,2481.44,ETH-27NOV26,put,4200.0,2026-11-27T08:00:00+00:00,0.21839965797684235,0.6905,0.71,0.698515,0.70025,2481.44,ETH-27NOV26,0.6349,-0.9481,1.23161,0.0,0.0,0.019499999999999962,ETH,2461.58,0.0
2026-09-08T13:30:30.953430+00:00,ETH-27NOV26-1600-P,2481.44,ETH-27NOV26,put,1600.0,2026-11-27T08:00:00+00:00,0.21839965797684235,0.0065,0.0075,0.007167,0.007,2481.44,ETH-27NOV26,0.6325999999999999,-0.0516,1.226,59.0,0.0,0.001,ETH,2461.58,0.0
2026-09-08T13:30:30.953430+00:00,ETH-27NOV26-2300-P,2481.44,ETH-27NOV26,put,2300.0,2026-11-27T08:00:00+00:00,0.21839965797684235,0.0615,0.0625,0.062362,0.062,2481.44,ETH-27NOV26,0.5271,-0.33412,4.21896,302.0,0.0,0.0010000000000000009,ETH,2461.58,0.0
2026-09-08T13:30:30.953430+00:00,ETH-26MAR27-3000-P,2513.11,ETH-26MAR27,put,3000.0,2027-03-26T08:00:00+00:00,0.5442039016455624,0.287,0.2975,0.288832,0.29225,2513.11,ETH-26MAR27,0.5476,-0.59394,7.18812,370.0,0.0,0.01050000000000001,ETH,2461.58,0.0
2026-09-08T13:30:30.953430+00:00,ETH-25DEC26-5200-P,2488.42,ETH-25DEC26,put,5200.0,2026-12-25T08:00:00+00:00,0.29505948001654114,1.081,1.1095,1.093543,1.09525,2488.42,ETH-25DEC26,0.6629,-0.96909,0.94241,0.0,0.0,0.02849999999999997,ETH,2461.58,0.0
2026-09-08T13:30:30.953430+00:00,ETH-25JUN27-3900-P,2540.48,ETH-25JUN27,put,3900.0,2027-06-25T08:00:00+00:00,0.7933483232745836,0.593,0.618,0.603438,0.6055,2540.48,ETH-25JUN27,0.5683,-0.72391,7.56292,0.0,0.0,0.025000000000000022,ETH,2461.58,0.0
2026-09-08T13:30:30.953430+00:00,ETH-25DEC26-4800-C,2488.55,ETH-25DEC26,call,4800.0,2026-12-25T08:00:00+00:00,0.29505948001654114,0.005,0.006,0.005377,0.0055,2488.55,ETH-25DEC26,0.639,0.04274,1.22878,2708.0,17.0,0.001,ETH,2461.91,231.89
2026-09-08T13:30:30.953430+00:00,ETH-25JUN27-4400-C,2540.48,ETH-25JUN27,call,4400.0,2027-06-25T08:00:00+00:00,0.7933483232745836,0.0475,0.049,0.048425,0.04825,2540.48,ETH-25JUN27,0.5772999999999999,0.20848,6.49187,173.0,0.0,0.0015000000000000013,ETH,2461.91,0.0
2026-09-08T13:30:30.953430+00:00,ETH-9SEP26-2400-P,2463.04,ETH-9SEP26,put,2400.0,2026-09-09T08:00:00+00:00,0.002109445793406343,0.0011,0.0014,0.001316,0.00125,2463.04,ETH-9SEP26,0.48460000000000003,-0.12328,0.23044,2743.0,2681.0,0.0002999999999999999,ETH,2461.91,7264.11
2026-09-08T13:30:30.953430+00:00,ETH-25JUN27-2000-P,2540.61,ETH-25JUN27,put,2000.0,2027-06-25T08:00:00+00:00,0.7933483232745836,0.09,0.0925,0.091345,0.09125,2540.61,ETH-25JUN27,0.5684,-0.23435,6.94199,1802.0,5.0,0.0025000000000000022,ETH,2461.91,1109.78
2026-09-08T13:30:30.953430+00:00,ETH-11SEP26-2480-C,2463.61,ETH-11SEP26,call,2480.0,2026-09-11T08:00:00+00:00,0.0075851473676705455,0.0125,0.0135,0.012813,0.013,2463.61,ETH-11SEP26,0.456,0.43553,0.8444,196.0,0.0,0.0009999999999999992,ETH,2461.58,0.0
2026-09-08T13:30:30.953430+00:00,ETH-25SEP26-2050-C,2467.87,ETH-25SEP26,call,2050.0,2026-09-25T08:00:00+00:00,0.04591505838751996,0.169,0.1755,0.172863,0.17225,2467.87,ETH-25SEP26,0.5865,0.93742,0.65078,19.0,0.0,0.006499999999999978,ETH,2461.91,0.0
2026-09-08T13:30:30.953430+00:00,ETH-11SEP26-2540-P,2463.61,ETH-11SEP26,put,2540.0,2026-09-11T08:00:00+00:00,0.0075851473676705455,0.0355,0.0385,0.036875,0.037,2463.61,ETH-11SEP26,0.4855,-0.76171,0.66421,0.0,0.0,0.0030000000000000027,ETH,2461.91,0.0
2026-09-08T13:30:30.953430+00:00,ETH-25DEC26-2700-P,2488.55,ETH-25DEC26,put,2700.0,2026-12-25T08:00:00+00:00,0.29505948001654114,0.1655,0.1675,0.166275,0.1665,2488.55,ETH-25DEC26,0.5285,-0.55655,5.3375,1105.0,68.0,0.0020000000000000018,ETH,2461.91,27012.51
2026-09-08T13:30:30.953430+00:00,ETH-25SEP26-7500-C,2467.87,ETH-25SEP26,call,7500.0,2026-09-25T08:00:00+00:00,0.04591505838751996,,0.0001,1e-06,,2467.87,ETH-25SEP26,1.1895,1e-05,0.00027,2159.0,0.0,,ETH,2462.1,0.0
2026-09-08T13:30:30.953430+00:00,ETH-25SEP26-6800-P,2467.74,ETH-25SEP26,put,6800.0,2026-09-25T08:00:00+00:00,0.04591505838751996,1.746,1.768,1.755424,1.757,2467.74,ETH-25SEP26,1.1040999999999999,-0.99998,0.00036,0.0,0.0,0.02200000000000002,ETH,2462.1,0.0
2026-09-08T13:30:30.953430+00:00,ETH-12SEP26-2420-C,2464.08,ETH-12SEP26,call,2420.0,2026-09-12T08:00:00+00:00,0.010322998154802646,0.028,0.031,0.029353,0.0295,2464.08,ETH-12SEP26,0.48100000000000004,0.64962,0.92745,0.0,0.0,0.002999999999999999,ETH,2462.1,0.0
2026-09-08T13:30:30.953430+00:00,ETH-27NOV26-2650-P,2481.31,ETH-27NOV26,put,2650.0,2026-11-27T08:00:00+00:00,0.21839965797684235,0.138,0.1395,0.138905,0.13875,2481.31,ETH-27NOV26,0.5268,-0.55799,4.57653,100.0,0.0,0.0015000000000000013,ETH,2462.1,0.0
2026-09-08T13:30:30.953430+00:00,ETH-10SEP26-2660-C,2463.48,ETH-10SEP26,call,2660.0,2026-09-10T08:00:00+00:00,0.004847296580538444,0.0004,0.0006,0.000496,0.0005,2463.48,ETH-10SEP26,0.5871,0.03076,0.1191,191.0,0.0,0.00019999999999999993,ETH,2461.91,0.0
2026-09-08T13:30:30.953430+00:00,ETH-25DEC26-7000-C,2488.55,ETH-25DEC26,call,7000.0,2026-12-25T08:00:00+00:00,0.29505948001654114,0.001,0.0014,0.001204,0.0012,2488.55,ETH-25DEC26,0.7505,0.00982,0.35448,3002.0,0.0,0.00039999999999999996,ETH,2462.1,0.0
2026-09-08T13:30:30.953430+00:00,ETH-25SEP26-2250-P,2467.74,ETH-25SEP26,put,2250.0,2026-09-25T08:00:00+00:00,0.04591505838751996,0.0115,0.0125,0.012162,0.012,2467.74,ETH-25SEP26,0.5204,-0.18934,1.43176,4445.0,3.0,0.0010000000000000009,ETH,2462.1,84.5
2026-09-08T13:30:30.953430+00:00,ETH-11SEP26-2350-C,2463.74,ETH-11SEP26,call,2350.0,2026-09-11T08:00:00+00:00,0.0075851473676705455,0.045,0.052,0.048995,0.0485,2463.74,ETH-11SEP26,0.49060000000000004,0.86764,0.45944,275.0,14.0,0.006999999999999999,ETH,2462.1,1949.46
2026-09-08T13:30:30.953430+00:00,ETH-25DEC26-1800-P,2488.55,ETH-25DEC26,put,1800.0,2026-12-25T08:00:00+00:00,0.29505948001654114,0.02,0.0215,0.020819,0.02075,2488.55,ETH-25DEC26,0.5782,-0.11767,2.66653,5256.0,0.0,0.0014999999999999979,ETH,2462.1,0.0
2026-09-08T13:30:30.953430+00:00,ETH-18SEP26-3000-C,2465.61,ETH-18SEP26,call,3000.0,2026-09-18T08:00:00+00:00,0.026750102877595255,0.0015,0.0017,0.001628,0.0016,2465.61,ETH-18SEP26,0.6601,0.03867,0.33802,727.0,2.0,0.00019999999999999987,ETH,2462.51,9.95
2026-09-08T13:30:30.953430+00:00,ETH-27NOV26-3600-C,2481.44,ETH-27NOV26,call,3600.0,2026-11-27T08:00:00+00:00,0.21839965797684235,0.0125,0.0135,0.013117,0.013,2481.44,ETH-27NOV26,0.5855,0.11043,2.18637,1723.0,0.0,0.0009999999999999992,ETH,2462.51,0.0
2026-09-08T13:30:30.953430+00:00,ETH-25JUN27-1400-P,2540.61,ETH-25JUN27,put,1400.0,2027-06-25T08:00:00+00:00,0.7933483232745836,0.028,0.03,0.029269,0.029,2540.61,ETH-25JUN27,0.6244,-0.08868,3.63497,1801.0,0.0,0.0019999999999999983,ETH,2462.51,0.0
2026-09-08T13:30:30.953430+00:00,ETH-10SEP26-2560-C,2463.48,ETH-10SEP26,call,2560.0,2026-09-10T08:00:00+00:00,0.004847296580538444,0.0021,0.0025,0.002302,0.0023,2463.48,ETH-10SEP26,0.49310000000000004,0.13248,0.36746,271.0,64.0,0.0004000000000000002,ETH,2462.1,667.73
2026-09-08T13:30:30.953430+00:00,ETH-25JUN27-1600-C,2540.48,ETH-25JUN27,call,1600.0,2027-06-25T08:00:00+00:00,0.7933483232745836,0.4075,0.4195,0.414355,0.4135,2540.48,ETH-25JUN27,0.5987,0.87133,4.75273,379.0,0.0,0.01200000000000001,ETH,2462.51,0.0
2026-09-08T13:30:30.953430+00:00,ETH-27NOV26-2950-C,2481.44,ETH-27NOV26,call,2950.0,2026-11-27T08:00:00+00:00,0.21839965797684235,0.0395,0.0405,0.040037,0.04,2481.44,ETH-27NOV26,0.5394,0.2872,3.95101,152.0,2.0,0.0010000000000000009,ETH,2462.51,202.87
2026-09-08T13:30:30.953430+00:00,ETH-27NOV26-2750-C,2481.31,ETH-27NOV26,call,2750.0,2026-11-27T08:00:00+00:00,0.21839965797684235,0.058,0.059,0.058529,0.0585,2481.31,ETH-27NOV26,0.5299,0.38483,4.43173,533.0,0.0,0.000999999999999994,ETH,2462.51,0.0
2026-09-08T13:30:30.953430+00:00,ETH-25DEC26-5000-C,2488.42,ETH-25DEC26,call,5000.0,2026-12-25T08:00:00+00:00,0.29505948001654114,0.0043,0.0048,0.004521,0.00455,2488.42,ETH-25DEC26,0.6509,0.03616,1.07278,4228.0,0.0,0.0004999999999999996,ETH,2462.51,0.0
2026-09-08T13:30:30.953430+00:00,ETH-26MAR27-2900-P,2513.24,ETH-26MAR27,put,2900.0,2027-03-26T08:00:00+00:00,0.5442039016455624,0.254,0.2655,0.25957,0.25975,2513.24,ETH-26MAR27,0.5462,-0.5613,7.3094,258.0,0.0,0.01150000000000001,ETH,2462.51,0.0
2026-09-08T13:30:30.953430+00:00,ETH-9SEP26-2280-C,2463.04,ETH-9SEP26,call,2280.0,2026-09-09T08:00:00+00:00,0.002109445793406343,0.071,0.077,0.074462,0.074,2463.04,ETH-9SEP26,0.7179000000000001,0.99069,0.02831,18.0,0.0,0.006000000000000005,ETH,2462.53,0.0
2026-09-08T13:30:30.953430+00:00,ETH-25JUN27-4500-C,2540.61,ETH-25JUN27,call,4500.0,2027-06-25T08:00:00+00:00,0.7933483232745836,0.0445,0.046,0.045289,0.04525,2540.61,ETH-25JUN27,0.5788,0.19735,6.28498,1489.0,0.0,0.0015000000000000013,ETH,2462.51,0.0
2026-09-08T13:30:30.953430+00:00,ETH-25SEP26-4500-C,2467.87,ETH-25SEP26,call,4500.0,2026-09-25T08:00:00+00:00,0.04591505838751996,,0.0002,9e-05,,2467.87,ETH-25SEP26,0.9236,0.00166,0.02829,8196.0,0.0,,ETH,2462.53,0.0
2026-09-08T13:30:30.953430+00:00,ETH-25SEP26-2750-P,2467.87,ETH-25SEP26,put,2750.0,2026-09-25T08:00:00+00:00,0.04591505838751996,0.122,0.1305,0.125637,0.12625,2467.87,ETH-25SEP26,0.537,-0.81201,1.42568,0.0,0.0,0.008500000000000008,ETH,2462.53,0.0
2026-09-08T13:30:30.953430+00:00,ETH-27NOV26-2900-C,2481.31,ETH-27NOV26,call,2900.0,2026-11-27T08:00:00+00:00,0.21839965797684235,0.0435,0.0445,0.043981,0.044,2481.31,ETH-27NOV26,0.5367000000000001,0.30961,4.0892,159.0,12.0,0.0010000000000000009,ETH,2462.53,1313.89
2026-09-08T13:30:30.953430+00:00,ETH-26MAR27-4400-P,2513.11,ETH-26MAR27,put,4400.0,2027-03-26T08:00:00+00:00,0.5442039016455624,0.76,0.7905,0.776232,0.77525,2513.11,ETH-26MAR27,0.583,-0.86152,4.09626,2.0,0.0,0.03049999999999997,ETH,2462.51,0.0
2026-09-08T13:30:30.953430+00:00,ETH-9SEP26-2580-C,2463.04,ETH-9SEP26,call,2580.0,2026-09-09T08:00:00+00:00,0.002109445793406343,0.0002,0.0004,0.000287,0.0003,2463.04,ETH-9SEP26,0.5347999999999999,0.02964,0.07617,821.0,725.0,0.0002,ETH,2462.53,1948.97
2026-09-08T13:30:30.953430+00:00,ETH-30OCT26-1600-P,2473.98,ETH-30OCT26,put,1600.0,2026-10-30T08:00:00+00:00,0.1417398359371435,0.0029,0.0034,0.003131,0.00315,2473.98,ETH-30OCT26,0.6578,-0.02992,0.63235,2121.0,0.0,0.0005,ETH,2462.53,0.0
2026-09-08T13:30:30.953430+00:00,ETH-25JUN27-4200-C,2540.61,ETH-25JUN27,call,4200.0,2027-06-25T08:00:00+00:00,0.7933483232745836,0.054,0.056,0.055304,0.055,2540.61,ETH-25JUN27,0.5736,0.23314,6.92399,576.0,0.0,0.0020000000000000018,ETH,2462.53,0.0
2026-09-08T13:30:30.953430+00:00,ETH-25SEP26-7000-C,2467.87,ETH-25SEP26,call,7000.0,2026-09-25T08:00:00+00:00,0.04591505838751996,,0.0001,1e-06,,2467.87,ETH-25SEP26,1.1240999999999999,1e-05,0.0003,2135.0,0.0,,ETH,2462.47,0.0
2026-09-08T13:30:30.953430+00:00,ETH-27NOV26-2500-P,2481.31,ETH-27NOV26,put,2500.0,2026-11-27T08:00:00+00:00,0.21839965797684235,0.101,0.102,0.101642,0.1015,2481.31,ETH-27NOV26,0.5239,-0.46378,4.60759,422.0,0.0,0.000999999999999987,ETH,2462.47,0.0
2026-09-08T13:30:30.953430+00:00,ETH-25SEP26-11000-P,2467.87,ETH-25SEP26,put,11000.0,2026-09-25T08:00:00+00:00,0.04591505838751996,3.4425,3.479,3.457304,3.46075,2467.87,ETH-25SEP26,1.5529,-0.99999,0.00018,0.0,0.0,0.0365000000000002,ETH,2462.47,0.0
2026-09-08T13:30:30.953430+00:00,ETH-11SEP26-2250-C,2463.74,ETH-11SEP26,call,2250.0,2026-09-11T08:00:00+00:00,0.0075851473676705455,0.0845,0.0895,0.087755,0.087,2463.74,ETH-11SEP26,0.6214,0.95532,0.2022,279.0,0.0,0.0049999999999999906,ETH,2462.53,0.0
2026-09-08T13:30:30.953430+00:00,ETH-18SEP26-2650-C,2465.61,ETH-18SEP26,call,2650.0,2026-09-18T08:00:00+00:00,0.026750102877595255,0.01,0.011,0.010505,0.0105,2465.61,ETH-18SEP26,0.5364,0.21744,1.18605,2170.0,311.0,0.0009999999999999992,ETH,2462.47,9196.64
2026-09-08T13:30:30.953430+00:00,ETH-25SEP26-3300-P,2467.74,ETH-25SEP26,put,3300.0,2026-09-25T08:00:00+00:00,0.04591505838751996,0.334,0.344,0.338638,0.339,2467.74,ETH-25SEP26,0.6796,-0.97283,0.33138,3.0,0.0,0.009999999999999953,ETH,2462.47,0.0
2026-09-08T13:30:30.953430+00:00,ETH-26MAR27-1000-C,2513.11,ETH-26MAR27,call,1000.0,2027-03-26T08:00:00+00:00,0.5442039016455624,0.6045,0.612,0.608194,0.60825,2513.11,ETH-26MAR27,0.7352,0.97554,1.0639,269.0,0.0,0.007499999999999951,ETH,2462.47,0.0
2026-09-08T13:30:30.953430+00:00,ETH-25JUN27-3300-C,2540.61,ETH-25JUN27,call,3300.0,2027-06-25T08:00:00+00:00,0.7933483232745836,0.105,0.1075,0.106242,0.10625,2540.61,ETH-25JUN27,0.5592,0.39113,8.6899,2273.0,0.0,0.0025000000000000022,ETH,2462.47,0.0
2026-09-08T13:30:30.953430+00:00,ETH-27NOV26-4000-C,2481.44,ETH-27NOV26,call,4000.0,2026-11-27T08:00:00+00:00,0.21839965797684235,0.007,0.008,0.007323,0.0075,2481.44,ETH-27NOV26,0.6157,0.06479,1.46677,78.0,0.0,0.001,ETH,2462.07,0.0
2026-09-08T13:30:30.953430+00:00,ETH-11SEP26-2420-P,2463.74,ETH-11SEP26,put,2420.0,2026-09-11T08:00:00+00:00,0.0075851473676705455,0.008,0.009,0.008274,0.0085,2463.74,ETH-11SEP26,0.452,-0.32004,0.76729,556.0,96.0,0.0009999999999999992,ETH,2462.47,1612.72
2026-09-08T13:30:30.953430+00:00,ETH-9SEP26-2280-P,2463.04,ETH-9SEP26,put,2280.0,2026-09-09T08:00:00+00:00,0.002109445793406343,,0.0002,0.000102,,2463.04,ETH-9SEP26,0.7179000000000001,-0.00944,0.02862,116.0,101.0,,ETH,2462.07,25.72
2026-09-08T13:30:30.953430+00:00,ETH-25JUN27-1500-C,2540.48,ETH-25JUN27,call,1500.0,2027-06-25T08:00:00+00:00,0.7933483232745836,0.4395,0.451,0.445602,0.44525,2540.48,ETH-25JUN27,0.6104999999999999,0.8925,4.18488,50.0,0.0,0.01150000000000001,ETH,2462.07,0.0
2026-09-08T13:30:30.953430+00:00,ETH-25SEP26-8000-C,2467.87,ETH-25SEP26,call,8000.0,2026-09-25T08:00:00+00:00,0.04591505838751996,,0.0001,1e-06,,2467.87,ETH-25SEP26,1.2502,1e-05,0.00025,1654.0,0.0,,ETH,2462.07,0.0
2026-09-08T13:30:30.953430+00:00,ETH-9SEP26-2580-P,2463.04,ETH-9SEP26,put,2580.0,2026-09-09T08:00:00+00:00,0.002109445793406343,0.0445,0.0515,0.047722,0.048,2463.04,ETH-9SEP26,0.5347999999999999,-0.9709,0.075,0.0,0.0,0.006999999999999999,ETH,2462.07,0.0
2026-09-08T13:30:30.953430+00:00,ETH-25DEC26-6500-P,2488.55,ETH-25DEC26,put,6500.0,2026-12-25T08:00:00+00:00,0.29505948001654114,1.598,1.6315,1.613709,1.61475,2488.55,ETH-25DEC26,0.7293000000000001,-0.98699,0.45267,0.0,0.0,0.03349999999999986,ETH,2462.07,0.0
2026-09-08T13:30:30.953430+00:00,ETH-25SEP26-4200-P,2467.74,ETH-25SEP26,put,4200.0,2026-09-25T08:00:00+00:00,0.04591505838751996,0.6965,0.7095,0.70205,0.703,2467.74,ETH-25SEP26,0.878,-0.99687,0.05032,551.0,0.0,0.013000000000000012,ETH,2462.07,0.0
2026-09-08T13:30:30.953430+00:00,ETH-26MAR27-3600-C,2513.11,ETH-26MAR27,call,3600.0,2027-03-26T08:00:00+00:00,0.5442039016455624,0.051,0.053,0.052082,0.052,2513.11,ETH-26MAR27,0.5611,0.254,5.9404,2292.0,0.0,0.0020000000000000018,ETH,2462.07,0.0
2026-09-08T13:30:30.953430+00:00,ETH-26MAR27-3400-P,2513.11,ETH-26MAR27,put,3400.0,2027-03-26T08:00:00+00:00,0.5442039016455624,0.404,0.4285,0.41626,0.41625,2513.11,ETH-26MAR27,0.5563,-0.70267,6.41924,6.0,0.0,0.024499999999999966,ETH,2462.07,0.0
2026-09-08T13:30:30.953430+00:00,ETH-12SEP26-2200-C,2464.08,ETH-12SEP26,call,2200.0,2026-09-12T08:00:00+00:00,0.010322998154802646,0.1045,0.111,0.107832,0.10775,2464.08,ETH-12SEP26,0.6336999999999999,0.9625,0.20455,0.0,0.0,0.006500000000000006,ETH,2461.3,0.0
2026-09-08T13:30:30.953430+00:00,ETH-12SEP26-2500-C,2464.08,ETH-12SEP26,call,2500.0,2026-09-12T08:00:00+00:00,0.010322998154802646,0.013,0.014,0.013467,0.0135,2464.08,ETH-12SEP26,0.4911,0.38932,0.95943,30.0,30.0,0.0010000000000000009,ETH,2461.3,1390.41
2026-09-08T13:30:30.953430+00:00,ETH-30OCT26-1400-C,2473.85,ETH-30OCT26,call,1400.0,2026-10-30T08:00:00+00:00,0.1417398359371435,0.4325,0.438,0.43563,0.43525,2473.85,ETH-30OCT26,0.7363,0.98572,0.33793,50.0,0.0,0.005500000000000005,ETH,2461.3,0.0
2026-09-08T13:30:30.953430+00:00,ETH-25DEC26-2600-C,2488.55,ETH-25DEC26,call,2600.0,2026-12-25T08:00:00+00:00,0.29505948001654114,0.0945,0.096,0.095273,0.09525,2488.55,ETH-25DEC26,0.5267000000000001,0.49492,5.38988,9786.0,28.0,0.0015000000000000013,ETH,2461.3,6839.21
2026-09-08T13:30:30.953430+00:00,ETH-10SEP26-2700-P,2463.48,ETH-10SEP26,put,2700.0,2026-09-10T08:00:00+00:00,0.004847296580538444,0.0935,0.1005,0.096353,0.097,2463.48,ETH-10SEP26,0.6224000000000001,-0.98229,0.07483,0.0,0.0,0.007000000000000006,ETH,2461.3,0.0
2026-09-08T13:30:30.953430+00:00,ETH-25JUN27-2400-C,2540.61,ETH-25JUN27,call,2400.0,2027-06-25T08:00:00+00:00,0.7933483232745836,0.2175,0.223,0.219607,0.22025,2540.61,ETH-25JUN27,0.5577000000000001,0.64114,8.45316,907.0,0.0,0.005500000000000005,ETH,2461.3,0.0
2026-09-08T13:30:30.953430+00:00,ETH-12SEP26-2660-P,2464.08,ETH-12SEP26,put,2660.0,2026-09-12T08:00:00+00:00,0.010322998154802646,0.079,0.0865,0.082412,0.08275,2464.08,ETH-12SEP26,0.5664,-0.90564,0.42074,0.0,0.0,0.007499999999999993,ETH,2461.3,0.0
2026-09-08T13:30:30.953430+00:00,ETH-25JUN27-5000-C,2540.61,ETH-25JUN27,call,5000.0,2027-06-25T08:00:00+00:00,0.7933483232745836,0.0325,0.034,0.033393,0.03325,2540.61,ETH-25JUN27,0.5889,0.15167,5.31292,2381.0,0.0,0.0015000000000000013,ETH,2461.3,0.0
2026-09-08T13:30:30.953430+00:00,ETH-25JUN27-2500-P,2540.62,ETH-25JUN27,put,2500.0,2027-06-25T08:00:00+00:00,0.7933483232745836,0.185,0.1885,0.186479,0.18675,2540.62,ETH-25JUN27,0.5566,-0.39016,8.6797,1614.0,500.0,0.003500000000000003,ETH,2461.3,226911.38
2026-09-08T13:30:30.953430+00:00,ETH-18SEP26-2100-C,2465.61,ETH-18SEP26,call,2100.0,2026-09-18T08:00:00+00:00,0.026750102877595255,0.1475,0.1525,0.150371,0.15,2465.61,ETH-18SEP26,0.6119,0.9504,0.41317,0.0,0.0,0.0050000000000000044,ETH,2461.3,0.0
2026-09-08T13:30:30.953430+00:00,ETH-30OCT26-1850-P,2473.98,ETH-30OCT26,put,1850.0,2026-10-30T08:00:00+00:00,0.1417398359371435,0.0075,0.0085,0.008151,0.008,2473.98,ETH-30OCT26,0.5824,-0.07613,1.33293,1324.0,0.0,0.0010000000000000009,ETH,2461.01,0.0
2026-09-08T13:30:30.953430+00:00,ETH-10SEP26-2650-P,2463.48,ETH-10SEP26,put,2650.0,2026-09-10T08:00:00+00:00,0.004847296580538444,0.073,0.0805,0.076355,0.07675,2463.48,ETH-10SEP26,0.579,-0.9642,0.13493,0.0,0.0,0.007500000000000007,ETH,2461.3,0.0
2026-09-08T13:30:30.953430+00:00,ETH-18SEP26-2400-C,2465.61,ETH-18SEP26,call,2400.0,2026-09-18T08:00:00+00:00,0.026750102877595255,0.046,0.0485,0.047398,0.04725,2465.61,ETH-18SEP26,0.5033,0.64026,1.50749,202.0,0.0,0.0025000000000000022,ETH,2461.3,0.0
2026-09-08T13:30:30.953430+00:00,ETH-25SEP26-2650-P,2467.87,ETH-25SEP26,put,2650.0,2026-09-25T08:00:00+00:00,0.04591505838751996,0.09,0.0935,0.091978,0.09175,2467.87,ETH-25SEP26,0.5186999999999999,-0.72304,1.76977,0.0,0.0,0.003500000000000003,ETH,2461.01,0.0
2026-09-08T13:30:30.953430+00:00,ETH-10SEP26-2360-C,2463.48,ETH-10SEP26,call,2360.0,2026-09-10T08:00:00+00:00,0.004847296580538444,0.04,0.046,0.043644,0.043,2463.48,ETH-10SEP26,0.49200000000000005,0.89393,0.31388,0.0,0.0,0.005999999999999998,ETH,2461.01,0.0
2026-09-08T13:30:30.953430+00:00,ETH-25DEC26-4200-C,2488.55,ETH-25DEC26,call,4200.0,2026-12-25T08:00:00+00:00,0.29505948001654114,0.0095,0.01,0.00978,0.00975,2488.55,ETH-25DEC26,0.602,0.07506,1.91352,5295.0,0.0,0.0005000000000000004,ETH,2461.01,0.0
2026-09-08T13:30:30.953430+00:00,ETH-30OCT26-2550-C,2473.85,ETH-30OCT26,call,2550.0,2026-10-30T08:00:00+00:00,0.1417398359371435,0.0635,0.0645,0.063999,0.064,2473.85,ETH-30OCT26,0.5147999999999999,0.47455,3.7061,1490.0,0.0,0.0010000000000000009,ETH,2460.91,0.0
2026-09-08T13:30:30.953430+00:00,ETH-25SEP26-8500-C,2467.74,ETH-25SEP26,call,8500.0,2026-09-25T08:00:00+00:00,0.04591505838751996,,0.0001,1e-06,,2467.74,ETH-25SEP26,1.3075,1e-05,0.00023,1699.0,0.0,,ETH,2460.91,0.0
2026-09-08T13:30:30.953430+00:00,ETH-27NOV26-2600-C,2481.31,ETH-27NOV26,call,2600.0,2026-11-27T08:00:00+00:00,0.21839965797684235,0.077,0.0785,0.077957,0.07775,2481.31,ETH-27NOV26,0.5254,0.47174,4.61212,197.0,0.0,0.0015000000000000013,ETH,2460.91,0.0
2026-09-08T13:30:30.953430+00:00,ETH-26MAR27-5000-P,2513.11,ETH-26MAR27,put,5000.0,2027-03-26T08:00:00+00:00,0.5442039016455624,0.9865,1.022,1.005839,1.00425,2513.11,ETH-26MAR27,0.6031,-0.90742,3.0726,0.0,0.0,0.035499999999999976,ETH,2461.01,0.0
2026-09-08T13:30:30.953430+00:00,ETH-25SEP26-4500-P,2467.87,ETH-25SEP26,put,4500.0,2026-09-25T08:00:00+00:00,0.04591505838751996,0.818,0.832,0.823532,0.825,2467.87,ETH-25SEP26,0.9236,-0.99836,0.028,6.0,0.0,0.014000000000000012,ETH,2460.91,0.0
2026-09-08T13:30:30.953430+00:00,ETH-12SEP26-2700-C,2464.08,ETH-12SEP26,call,2700.0,2026-09-12T08:00:00+00:00,0.010322998154802646,0.0016,0.002,0.001754,0.0018,2464.08,ETH-12SEP26,0.593,0.06642,0.32252,0.0,0.0,0.00039999999999999996,ETH,2460.91,0.0
2026-09-08T13:30:30.953430+00:00,ETH-10SEP26-2750-P,2463.48,ETH-10SEP26,put,2750.0,2026-09-10T08:00:00+00:00,0.004847296580538444,0.1135,0.1195,0.116521,0.1165,2463.48,ETH-10SEP26,0.6694,-0.99074,0.04272,0.0,0.0,0.0059999999999999915,ETH,2460.91,0.0
2026-09-08T13:30:30.953430+00:00,ETH-30OCT26-3200-C,2473.98,ETH-30OCT26,call,3200.0,2026-10-30T08:00:00+00:00,0.1417398359371435,0.0125,0.0135,0.013163,0.013,2473.98,ETH-30OCT26,0.5637,0.13342,2.0048,5041.0,1.0,0.0009999999999999992,ETH,2460.91,37.47
2026-09-08T13:30:30.953430+00:00,ETH-18SEP26-2000-C,2465.61,ETH-18SEP26,call,2000.0,2026-09-18T08:00:00+00:00,0.026750102877595255,0.187,0.192,0.189923,0.1895,2465.61,ETH-18SEP26,0.6761,0.97377,0.24523,18.0,0.0,0.0050000000000000044,ETH,2460.91,0.0
2026-09-08T13:30:30.953430+00:00,ETH-26MAR27-800-C,2513.24,ETH-26MAR27,call,800.0,2027-03-26T08:00:00+00:00,0.5442039016455624,0.6815,0.689,0.685082,0.68525,2513.24,ETH-26MAR27,0.8079999999999999,0.98666,0.63411,0.0,0.0,0.007499999999999951,ETH,2460.91,0.0
2026-09-08T13:30:30.953430+00:00,ETH-26MAR27-4400-C,2513.11,ETH-26MAR27,call,4400.0,2027-03-26T08:00:00+00:00,0.5442039016455624,0.025,0.0265,0.025406,0.02575,2513.11,ETH-26MAR27,0.583,0.13814,4.08669,1063.0,1.0,0.0014999999999999979,ETH,2460.91,68.68
2026-09-08T13:30:30.953430+00:00,ETH-25DEC26-3000-P,2488.42,ETH-25DEC26,put,3000.0,2026-12-25T08:00:00+00:00,0.29505948001654114,0.2495,0.264,0.255695,0.25675,2488.42,ETH-25DEC26,0.5362,-0.69113,4.75837,781.0,0.0,0.014500000000000013,ETH,2461.07,0.0
2026-09-08T13:30:30.953430+00:00,ETH-25SEP26-2500-P,2467.87,ETH-25SEP26,put,2500.0,2026-09-25T08:00:00+00:00,0.04591505838751996,0.0495,0.0505,0.050042,0.05,2467.87,ETH-25SEP26,0.5024000000000001,-0.52967,2.10257,4649.0,93.0,0.0010000000000000009,ETH,2461.07,10972.42
2026-09-08T13:30:30.953430+00:00,ETH-25SEP26-13000-C,2467.87,ETH-25SEP26,call,13000.0,2026-09-25T08:00:00+00:00,0.04591505838751996,,0.0001,0.0,,2467.87,ETH-25SEP26,1.7075,1e-05,0.00016,3307.0,0.0,,ETH,2461.07,0.0
2026-09-08T13:30:30.953430+00:00,ETH-25SEP26-7200-P,2467.87,ETH-25SEP26,put,7200.0,2026-09-25T08:00:00+00:00,0.04591505838751996,1.9075,1.931,1.917508,1.91925,2467.87,ETH-25SEP26,1.1496,-0.99999,0.00028,0.0,0.0,0.023500000000000076,ETH,2461.07,0.0
2026-09-08T13:30:30.953430+00:00,ETH-25JUN27-1900-P,2540.61,ETH-25JUN27,put,1900.0,2027-06-25T08:00:00+00:00,0.7933483232745836,0.076,0.0785,0.077148,0.07725,2540.61,ETH-25JUN27,0.5736,-0.20543,6.43423,3372.0,5.0,0.0025000000000000022,ETH,2461.07,932.17
2026-09-08T13:30:30.953430+00:00,ETH-27NOV26-3400-P,2481.44,ETH-27NOV26,put,3400.0,2026-11-27T08:00:00+00:00,0.21839965797684235,0.3805,0.395,0.388223,0.38775,2481.44,ETH-27NOV26,0.5693,-0.85395,2.65453,0.0,0.0,0.014500000000000013,ETH,2461.36,0.0
2026-09-08T13:30:30.953430+00:00,ETH-12SEP26-2580-C,2463.95,ETH-12SEP26,call,2580.0,2026-09-12T08:00:00+00:00,0.010322998154802646,0.0055,0.0065,0.005744,0.006,2463.95,ETH-12SEP26,0.5227,0.19609,0.69205,0.0,0.0,0.001,ETH,2461.07,0.0
2026-09-08T13:30:30.953430+00:00,ETH-25DEC26-4500-C,2488.42,ETH-25DEC26,call,4500.0,2026-12-25T08:00:00+00:00,0.29505948001654114,0.0065,0.0075,0.007092,0.007,2488.42,ETH-25DEC26,0.6199,0.05559,1.51569,3051.0,0.0,0.001,ETH,2461.36,0.0
2026-09-08T13:30:30.953430+00:00,ETH-9SEP26-2660-P,2463.04,ETH-9SEP26,put,2660.0,2026-09-09T08:00:00+00:00,0.002109445793406343,0.077,0.084,0.079953,0.0805,2463.04,ETH-9SEP26,0.6356,-0.99593,0.01359,0.0,0.0,0.007000000000000006,ETH,2461.36,0.0
2026-09-08T13:30:30.953430+00:00,ETH-30OCT26-1000-P,2473.85,ETH-30OCT26,put,1000.0,2026-10-30T08:00:00+00:00,0.1417398359371435,0.0002,0.0006,0.000333,0.0004,2473.85,ETH-30OCT26,0.9292,-0.00288,0.08212,1893.0,0.0,0.00039999999999999996,ETH,2461.36,0.0
2026-09-08T13:30:30.953430+00:00,ETH-12SEP26-2320-P,2464.08,ETH-12SEP26,put,2320.0,2026-09-12T08:00:00+00:00,0.010322998154802646,0.003,0.0035,0.003296,0.00325,2464.08,ETH-12SEP26,0.5202,-0.1247,0.51416,1.0,1.0,0.0005,ETH,2461.36,6.47
2026-09-08T13:30:30.953430+00:00,ETH-25JUN27-1400-C,2540.61,ETH-25JUN27,call,1400.0,2027-06-25T08:00:00+00:00,0.7933483232745836,0.472,0.483,0.478118,0.4775,2540.61,ETH-25JUN27,0.6244,0.91119,3.6372,50.0,0.0,0.01100000000000001,ETH,2461.36,0.0
2026-09-08T13:30:30.953430+00:00,ETH-26MAR27-2300-C,2513.11,ETH-26MAR27,call,2300.0,2027-03-26T08:00:00+00:00,0.5442039016455624,0.198,0.202,0.199614,0.2,2513.11,ETH-26MAR27,0.5486,0.66248,6.77049,7620.0,1.0,0.0040000000000000036,ETH,2461.07,494.51
2026-09-08T13:30:30.953430+00:00,ETH-25SEP26-6400-C,2467.87,ETH-25SEP26,call,6400.0,2026-09-25T08:00:00+00:00,0.04591505838751996,,0.0001,1e-06,,2467.87,ETH-25SEP26,1.0674,3e-05,0.00057,2860.0,0.0,,ETH,2461.36,0.0
2026-09-08T13:30:30.953430+00:00,ETH-25DEC26-3500-P,2488.55,ETH-25DEC26,put,3500.0,2026-12-25T08:00:00+00:00,0.29505948001654114,0.422,0.439,0.430056,0.4305,2488.55,ETH-25DEC26,0.5597,-0.83442,3.36172,62.0,0.0,0.017000000000000015,ETH,2461.36,0.0
2026-09-08T13:30:30.953430+00:00,ETH-26MAR27-6000-C,2513.11,ETH-26MAR27,call,6000.0,2027-03-26T08:00:00+00:00,0.5442039016455624,0.0085,0.009,0.008845,0.00875,2513.11,ETH-26MAR27,0.6362,0.05257,1.98923,5151.0,6.0,0.0004999999999999987,ETH,2461.36,127.88
2026-09-08T13:30:30.953430+00:00,ETH-10SEP26-2460-C,2463.48,ETH-10SEP26,call,2460.0,2026-09-10T08:00:00+00:00,0.004847296580538444,0.012,0.0135,0.012638,0.01275,2463.48,ETH-10SEP26,0.4305,0.5149,0.68316,1.0,4.0,0.0014999999999999996,ETH,2461.36,190.07
2026-09-08T13:30:30.953430+00:00,ETH-11SEP26-2700-P,2463.74,ETH-11SEP26,put,2700.0,2026-09-11T08:00:00+00:00,0.0075851473676705455,0.0935,0.101,0.096812,0.09725,2463.74,ETH-11SEP26,0.6047,-0.9581,0.19185,1.0,0.0,0.007500000000000007,ETH,2461.36,0.0
2026-09-08T13:30:30.953430+00:00,ETH-26MAR27-3500-P,2513.11,ETH-26MAR27,put,3500.0,2027-03-26T08:00:00+00:00,0.5442039016455624,0.439,0.462,0.450124,0.4505,2513.11,ETH-26MAR27,0.5587,-0.72539,6.17932,24.0,0.0,0.02300000000000002,ETH,2461.36,0.0
2026-09-08T13:30:30.953430+00:00,ETH-30OCT26-3400-P,2473.85,ETH-30OCT26,put,3400.0,2026-10-30T08:00:00+00:00,0.1417398359371435,0.377,0.39,0.38303,0.3835,2473.85,ETH-30OCT26,0.5874,-0.90847,1.53056,0.0,0.0,0.013000000000000012,ETH,2460.82,0.0
2026-09-08T13:30:30.953430+00:00,ETH-25SEP26-3500-P,2467.87,ETH-25SEP26,put,3500.0,2026-09-25T08:00:00+00:00,0.04591505838751996,0.4145,0.425,0.419055,0.41975,2467.87,ETH-25SEP26,0.7293999999999999,-0.98468,0.20385,1121.0,80.0,0.01050000000000001,ETH,2460.82,81420.77
2026-09-08T13:30:30.953430+00:00,ETH-25DEC26-5200-C,2488.42,ETH-25DEC26,call,5200.0,2026-12-25T08:00:00+00:00,0.29505948001654114,0.0036,0.0041,0.003855,0.00385,2488.42,ETH-25DEC26,0.6629,0.03089,0.94193,9215.0,0.0,0.0005000000000000004,ETH,2460.82,0.0
2026-09-08T13:30:30.953430+00:00,ETH-27NOV26-4400-C,2481.44,ETH-27NOV26,call,4400.0,2026-11-27T08:00:00+00:00,0.21839965797684235,0.0044,0.0049,0.00463,0.00465,2481.44,ETH-27NOV26,0.6505,0.04148,1.02887,383.0,273.0,0.0004999999999999996,ETH,2460.82,3322.88
2026-09-08T13:30:30.953430+00:00,ETH-25SEP26-6500-C,2467.87,ETH-25SEP26,call,6500.0,2026-09-25T08:00:00+00:00,0.04591505838751996,,0.0001,1e-06,,2467.87,ETH-25SEP26,1.0823,2e-05,0.00055,1922.0,0.0,,ETH,2460.82,0.0
2026-09-08T13:30:30.953430+00:00,ETH-30OCT26-2250-C,2473.85,ETH-30OCT26,call,2250.0,2026-10-30T08:00:00+00:00,0.1417398359371435,0.1265,0.129,0.127989,0.12775,2473.85,ETH-30OCT26,0.5177,0.71876,3.13998,787.0,0.0,0.0025000000000000022,ETH,2460.78,0.0
2026-09-08T13:30:30.953430+00:00,ETH-12SEP26-2620-P,2464.08,ETH-12SEP26,put,2620.0,2026-09-12T08:00:00+00:00,0.010322998154802646,0.064,0.072,0.067398,0.068,2464.08,ETH-12SEP26,0.5423,-0.86521,0.5425,0.0,0.0,0.007999999999999993,ETH,2460.78,0.0
2026-09-08T13:30:30.953430+00:00,ETH-30OCT26-1900-P,2473.98,ETH-30OCT26,put,1900.0,2026-10-30T08:00:00+00:00,0.1417398359371435,0.0095,0.0105,0.009882,0.01,2473.98,ETH-30OCT26,0.5699000000000001,-0.09134,1.52816,1374.0,2.0,0.0010000000000000009,ETH,2460.78,44.59
2026-09-08T13:30:30.953430+00:00,ETH-30OCT26-2900-P,2473.85,ETH-30OCT26,put,2900.0,2026-10-30T08:00:00+00:00,0.1417398359371435,0.193,0.2055,0.198973,0.19925,2473.85,ETH-30OCT26,0.5357999999999999,-0.75534,2.92389,0.0,0.0,0.012499999999999983,ETH,2460.78,0.0
2026-09-08T13:30:30.953430+00:00,ETH-11SEP26-3200-C,2463.61,ETH-11SEP26,call,3200.0,2026-09-11T08:00:00+00:00,0.0075851473676705455,,0.0001,1.3e-05,,2463.61,ETH-11SEP26,0.9203,0.00061,0.00458,5870.0,30.0,,ETH,2460.82,7.41
2026-09-08T13:30:30.953430+00:00,ETH-25SEP26-2750-C,2467.74,ETH-25SEP26,call,2750.0,2026-09-25T08:00:00+00:00,0.04591505838751996,0.011,0.0115,0.011311,0.01125,2467.74,ETH-25SEP26,0.537,0.18629,1.41665,547.0,0.0,0.0005000000000000004,ETH,2460.78,0.0
2026-09-08T13:30:30.953430+00:00,ETH-25SEP26-2450-C,2467.87,ETH-25SEP26,call,2450.0,2026-09-25T08:00:00+00:00,0.04591505838751996,0.046,0.047,0.046298,0.0465,2467.87,ETH-25SEP26,0.5,0.54465,2.09495,2.0,0.0,0.0010000000000000009,ETH,2460.78,0.0
2026-09-08T13:30:30.953430+00:00,ETH-25SEP26-8000-P,2467.87,ETH-25SEP26,put,8000.0,2026-09-25T08:00:00+00:00,0.04591505838751996,2.2325,2.256,2.241676,2.24425,2467.87,ETH-25SEP26,1.2502,-0.99999,0.00024,0.0,0.0,0.023499999999999854,ETH,2460.78,0.0
2026-09-08T13:30:30.953430+00:00,ETH-12SEP26-2440-P,2464.08,ETH-12SEP26,put,2440.0,2026-09-12T08:00:00+00:00,0.010322998154802646,0.0145,0.0155,0.01506,0.015,2464.08,ETH-12SEP26,0.48109999999999997,-0.41879,0.97715,1.0,1.0,0.0009999999999999992,ETH,2460.78,26.19
2026-09-08T13:30:30.953430+00:00,ETH-12SEP26-2600-C,2463.95,ETH-12SEP26,call,2600.0,2026-09-12T08:00:00+00:00,0.010322998154802646,0.0045,0.005,0.004684,0.00475,2463.95,ETH-12SEP26,0.5341,0.16336,0.6169,100.0,200.0,0.0005000000000000004,ETH,2460.78,2822.66
2026-09-08T13:30:30.953430+00:00,ETH-25SEP26-6800-C,2467.74,ETH-25SEP26,call,6800.0,2026-09-25T08:00:00+00:00,0.04591505838751996,,0.0001,1e-06,,2467.74,ETH-25SEP26,1.1040999999999999,2e-05,0.00035,1995.0,0.0,,ETH,2460.46,0.0
2026-09-08T13:30:30.953430+00:00,ETH-25DEC26-4600-P,2488.55,ETH-25DEC26,put,4600.0,2026-12-25T08:00:00+00:00,0.29505948001654114,0.8435,0.8685,0.854931,0.856,2488.55,ETH-25DEC26,0.6248,-0.9498,1.39754,0.0,0.0,0.025000000000000022,ETH,2460.46,0.0
2026-09-08T13:30:30.953430+00:00,ETH-26MAR27-900-C,2513.11,ETH-26MAR27,call,900.0,2027-03-26T08:00:00+00:00,0.5442039016455624,0.643,0.6505,0.646571,0.64675,2513.11,ETH-26MAR27,0.7722,0.98147,0.84073,68.0,0.0,0.007499999999999951,ETH,2460.78,0.0
2026-09-08T13:30:30.953430+00:00,ETH-12SEP26-2460-C,2464.08,ETH-12SEP26,call,2460.0,2026-09-12T08:00:00+00:00,0.010322998154802646,0.02,0.021,0.020237,0.0205,2464.08,ETH-12SEP26,0.4832,0.51399,0.99714,44.0,45.0,0.0010000000000000009,ETH,2460.46,2220.37
2026-09-08T13:30:30.953430+00:00,ETH-25SEP26-3600-C,2467.87,ETH-25SEP26,call,3600.0,2026-09-25T08:00:00+00:00,0.04591505838751996,0.0005,0.0008,0.000657,0.00065,2467.87,ETH-25SEP26,0.7564,0.01208,0.16596,3591.0,0.0,0.00030000000000000003,ETH,2460.46,0.0
2026-09-08T13:30:30.953430+00:00,ETH-25SEP26-4600-P,2467.74,ETH-25SEP26,put,4600.0,2026-09-25T08:00:00+00:00,0.04591505838751996,0.858,0.872,0.864025,0.865,2467.74,ETH-25SEP26,0.9243000000000001,-0.99885,0.02016,38.0,0.0,0.014000000000000012,ETH,2460.46,0.0
2026-09-08T13:30:30.953430+00:00,ETH-18SEP26-2100-P,2465.61,ETH-18SEP26,put,2100.0,2026-09-18T08:00:00+00:00,0.026750102877595255,0.002,0.0023,0.002132,0.00215,2465.61,ETH-18SEP26,0.6119,-0.05029,0.41747,1495.0,15.0,0.0002999999999999999,ETH,2460.46,58.59
2026-09-08T13:30:30.953430+00:00,ETH-27NOV26-1800-C,2481.44,ETH-27NOV26,call,1800.0,2026-11-27T08:00:00+00:00,0.21839965797684235,0.2845,0.2915,0.288403,0.288,2481.44,ETH-27NOV26,0.5866,0.90391,1.97524,0.0,0.0,0.007000000000000006,ETH,2460.46,0.0
2026-09-08T13:30:30.953430+00:00,ETH-26MAR27-900-P,2513.24,ETH-26MAR27,put,900.0,2027-03-26T08:00:00+00:00,0.5442039016455624,0.0043,0.0055,0.004694,0.0049,2513.24,ETH-26MAR27,0.7722,-0.01854,0.84108,828.0,1.0,0.0011999999999999997,ETH,2460.46,11.33
2026-09-08T13:30:30.953430+00:00,ETH-10SEP26-2680-P,2463.48,ETH-10SEP26,put,2680.0,2026-09-10T08:00:00+00:00,0.004847296580538444,0.085,0.0925,0.088326,0.08875,2463.48,ETH-10SEP26,0.605,-0.97741,0.09194,0.0,0.0,0.007499999999999993,ETH,2460.46,0.0
2026-09-08T13:30:30.953430+00:00,ETH-10SEP26-2800-C,2463.48,ETH-10SEP26,call,2800.0,2026-09-10T08:00:00+00:00,0.004847296580538444,,0.0002,4.6e-05,,2463.48,ETH-10SEP26,0.6707,0.00309,0.0161,104.0,95.0,,ETH,2460.46,70.99
2026-09-08T13:30:30.953430+00:00,ETH-25JUN27-2600-P,2540.62,ETH-25JUN27,put,2600.0,2027-06-25T08:00:00+00:00,0.7933483232745836,0.2085,0.2115,0.209549,0.21,2540.62,ETH-25JUN27,0.5549000000000001,-0.42154,8.84462,75.0,0.0,0.0030000000000000027,ETH,2460.09,0.0
2026-09-08T13:30:30.953430+00:00,ETH-18SEP26-2500-P,2465.61,ETH-18SEP26,put,2500.0,2026-09-18T08:00:00+00:00,0.026750102877595255,0.04,0.041,0.040751,0.0405,2465.61,ETH-18SEP26,0.5065,-0.55543,1.59183,2386.0,49.0,0.0010000000000000009,ETH,2460.46,4615.54
2026-09-08T13:30:30.953430+00:00,ETH-11SEP26-2520-P,2463.74,ETH-11SEP26,put,2520.0,2026-09-11T08:00:00+00:00,0.0075851473676705455,0.029,0.032,0.030487,0.0305,2463.74,ETH-11SEP26,0.47340000000000004,-0.71042,0.73318,36.0,0.0,0.002999999999999999,ETH,2460.09,0.0
2026-09-08T13:30:30.953430+00:00,ETH-25SEP26-15000-P,2467.87,ETH-25SEP26,put,15000.0,2026-09-25T08:00:00+00:00,0.04591505838751996,5.0565,5.1095,5.078141,5.083,2467.87,ETH-25SEP26,1.8378999999999999,-0.99999,0.00014,0.0,0.0,0.052999999999999936,ETH,2460.09,0.0
2026-09-08T13:30:30.953430+00:00,ETH-30OCT26-3100-P,2473.85,ETH-30OCT26,put,3100.0,2026-10-30T08:00:00+00:00,0.1417398359371435,0.2635,0.276,0.269627,0.26975,2473.85,ETH-30OCT26,0.5540999999999999,-0.83721,2.28957,0.0,0.0,0.012500000000000011,ETH,2459.9,0.0
2026-09-08T13:30:30.953430+00:00,ETH-25SEP26-12000-P,2467.87,ETH-25SEP26,put,12000.0,2026-09-25T08:00:00+00:00,0.04591505838751996,3.846,3.885,3.862513,3.8655,2467.87,ETH-25SEP26,1.6338,-0.99999,0.00017,0.0,0.0,0.0389999999999997,ETH,2459.9,0.0
2026-09-08T13:30:30.953430+00:00,ETH-30OCT26-2300-P,2473.85,ETH-30OCT26,put,2300.0,2026-10-30T08:00:00+00:00,0.1417398359371435,0.044,0.045,0.044535,0.0445,2473.85,ETH-30OCT26,0.5147999999999999,-0.32059,3.32996,8044.0,0.0,0.0010000000000000009,ETH,2459.9,0.0
2026-09-08T13:30:30.953430+00:00,ETH-30OCT26-3600-P,2473.85,ETH-30OCT26,put,3600.0,2026-10-30T08:00:00+00:00,0.1417398359371435,0.4535,0.469,0.461023,0.46125,2473.85,ETH-30OCT26,0.6088,-0.93649,1.15863,17.0,0.0,0.015499999999999958,ETH,2459.9,0.0
2026-09-08T13:30:30.953430+00:00,ETH-10SEP26-2200-C,2463.35,ETH-10SEP26,call,2200.0,2026-09-10T08:00:00+00:00,0.004847296580538444,0.105,0.109,0.107217,0.107,2463.35,ETH-10SEP26,0.7679,0.98307,0.07196,0.0,0.0,0.0040000000000000036,ETH,2460.09,0.0
2026-09-08T13:30:30.953430+00:00,ETH-27NOV26-2100-P,2481.44,ETH-27NOV26,put,2100.0,2026-11-27T08:00:00+00:00,0.21839965797684235,0.035,0.036,0.035478,0.0355,2481.44,ETH-27NOV26,0.5415,-0.21745,3.40743,551.0,32.0,0.000999999999999994,ETH,2460.09,2711.29
2026-09-08T13:30:30.953430+00:00,ETH-12SEP26-2250-C,2463.95,ETH-12SEP26,call,2250.0,2026-09-12T08:00:00+00:00,0.010322998154802646,0.0845,0.0915,0.088073,0.088,2463.95,ETH-12SEP26,0.5794,0.9396,0.29944,0.0,0.0,0.006999999999999992,ETH,2459.9,0.0
2026-09-08T13:30:30.953430+00:00,ETH-25DEC26-3000-C,2488.42,ETH-25DEC26,call,3000.0,2026-12-25T08:00:00+00:00,0.29505948001654114,0.0495,0.0505,0.050105,0.05,2488.42,ETH-25DEC26,0.5362,0.30835,4.75288,10387.0,500.0,0.0010000000000000009,ETH,2459.9,64156.67
2026-09-08T13:30:30.953430+00:00,ETH-25DEC26-4200-P,2488.55,ETH-25DEC26,put,4200.0,2026-12-25T08:00:00+00:00,0.29505948001654114,0.6875,0.708,0.697604,0.69775,2488.55,ETH-25DEC26,0.602,-0.92514,1.90873,61.0,0.0,0.020499999999999963,ETH,2459.9,0.0
2026-09-08T13:30:30.953430+00:00,ETH-10SEP26-2300-C,2463.48,ETH-10SEP26,call,2300.0,2026-09-10T08:00:00+00:00,0.004847296580538444,0.0635,0.07,0.067064,0.06675,2463.48,ETH-10SEP26,0.5863,0.95261,0.1692,0.0,0.0,0.006500000000000006,ETH,2459.9,0.0
2026-09-08T13:30:30.953430+00:00,ETH-9SEP26-2380-P,2463.03,ETH-9SEP26,put,2380.0,2026-09-09T08:00:00+00:00,0.002109445793406343,0.0007,0.0009,0.000867,0.0008,2463.03,ETH-9SEP26,0.5318,-0.08497,0.17561,582.0,1167.0,0.00019999999999999998,ETH,2459.84,1561.81
2026-09-08T13:30:30.953430+00:00,ETH-9SEP26-2200-C,2463.17,ETH-9SEP26,call,2200.0,2026-09-09T08:00:00+00:00,0.002109445793406343,0.104,0.109,0.106841,0.1065,2463.17,ETH-9SEP26,0.7245,0.99963,0.00152,18.0,0.0,0.0050000000000000044,ETH,2459.84,0.0
2026-09-08T13:30:30.953430+00:00,ETH-26MAR27-2100-C,2513.24,ETH-26MAR27,call,2100.0,2027-03-26T08:00:00+00:00,0.5442039016455624,0.2435,0.2475,0.245154,0.2455,2513.24,ETH-26MAR27,0.5558,0.73887,6.02142,897.0,1.0,0.0040000000000000036,ETH,2459.9,609.67
2026-09-08T13:30:30.953430+00:00,ETH-26MAR27-1300-C,2513.11,ETH-26MAR27,call,1300.0,2027-03-26T08:00:00+00:00,0.5442039016455624,0.491,0.5025,0.496599,0.49675,2513.11,ETH-26MAR27,0.6595,0.94466,2.07043,18.0,0.0,0.011499999999999955,ETH,2459.9,0.0
2026-09-08T13:30:30.953430+00:00,ETH-25DEC26-2200-P,2488.42,ETH-25DEC26,put,2200.0,2026-12-25T08:00:00+00:00,0.29505948001654114,0.0595,0.061,0.060494,0.06025,2488.42,ETH-25DEC26,0.5351,-0.28621,4.59371,9006.0,517.0,0.0015000000000000013,ETH,2459.84,73843.5
2026-09-08T13:30:30.953430+00:00,ETH-12SEP26-2560-C,2463.95,ETH-12SEP26,call,2560.0,2026-09-12T08:00:00+00:00,0.010322998154802646,0.007,0.0075,0.007085,0.00725,2463.95,ETH-12SEP26,0.5125,0.23161,0.76221,101.0,101.0,0.0004999999999999996,ETH,2459.84,2375.77
2026-09-08T13:30:30.953430+00:00,ETH-12SEP26-2300-P,2463.95,ETH-12SEP26,put,2300.0,2026-09-12T08:00:00+00:00,0.010322998154802646,0.0023,0.0028,0.002597,0.00255,2463.95,ETH-12SEP26,0.535,-0.10208,0.44545,0.0,0.0,0.0005,ETH,2459.84,0.0
2026-09-08T13:30:30.953430+00:00,ETH-9SEP26-2320-C,2463.04,ETH-9SEP26,call,2320.0,2026-09-09T08:00:00+00:00,0.002109445793406343,0.0545,0.061,0.058353,0.05775,2463.04,ETH-9SEP26,0.6459,0.97663,0.06234,0.0,0.0,0.006499999999999999,ETH,2459.84,0.0
2026-09-08T13:30:30.953430+00:00,ETH-27NOV26-2900-P,2481.44,ETH-27NOV26,put,2900.0,2026-11-27T08:00:00+00:00,0.21839965797684235,0.2075,0.22,0.212728,0.21375,2481.44,ETH-27NOV26,0.5367000000000001,-0.69192,4.07579,0.0,0.0,0.012500000000000011,ETH,2459.84,0.0
2026-09-08T13:30:30.953430+00:00,ETH-12SEP26-2300-C,2464.08,ETH-12SEP26,call,2300.0,2026-09-12T08:00:00+00:00,0.010322998154802646,0.0655,0.072,0.068859,0.06875,2464.08,ETH-12SEP26,0.535,0.89766,0.44625,50.0,50.0,0.006499999999999992,ETH,2459.7,9002.78
2026-09-08T13:30:30.953430+00:00,ETH-25SEP26-1500-C,2467.87,ETH-25SEP26,call,1500.0,2026-09-25T08:00:00+00:00,0.04591505838751996,0.3895,0.3945,0.39244,0.392,2467.87,ETH-25SEP26,0.9084,0.99594,0.06338,969.0,0.0,0.0050000000000000044,ETH,2459.7,0.0
2026-09-08T13:30:30.953430+00:00,ETH-30OCT26-2200-P,2473.85,ETH-30OCT26,put,2200.0,2026-10-30T08:00:00+00:00,0.1417398359371435,0.031,0.032,0.031313,0.0315,2473.85,ETH-30OCT26,0.5218,-0.24564,2.92888,820.0,0.0,0.0010000000000000009,ETH,2459.7,0.0
2026-09-08T13:30:30.953430+00:00,ETH-12SEP26-2440-C,2464.08,ETH-12SEP26,call,2440.0,2026-09-12T08:00:00+00:00,0.010322998154802646,0.024,0.0255,0.024487,0.02475,2464.08,ETH-12SEP26,0.48109999999999997,0.57757,0.97853,0.0,0.0,0.0014999999999999979,ETH,2459.7,0.0
2026-09-08T13:30:30.953430+00:00,ETH-27NOV26-2200-C,2481.44,ETH-27NOV26,call,2200.0,2026-11-27T08:00:00+00:00,0.21839965797684235,0.1595,0.162,0.1608,0.16075,2481.44,ETH-27NOV26,0.5328,0.72653,3.85478,0.0,0.0,0.0025000000000000022,ETH,2459.84,0.0
2026-09-08T13:30:30.953430+00:00,ETH-10SEP26-2340-C,2463.48,ETH-10SEP26,call,2340.0,2026-09-10T08:00:00+00:00,0.004847296580538444,0.048,0.054,0.051323,0.051,2463.48,ETH-10SEP26,0.5211,0.91893,0.25715,0.0,0.0,0.005999999999999998,ETH,2459.7,0.0
2026-09-08T13:30:30.953430+00:00,ETH-25SEP26-2650-C,2467.74,ETH-25SEP26,call,2650.0,2026-09-25T08:00:00+00:00,0.04591505838751996,0.0175,0.0185,0.018173,0.018,2467.74,ETH-25SEP26,0.5186999999999999,0.27515,1.76301,839.0,0.0,0.0009999999999999974,ETH,2459.7,0.0
2026-09-08T13:30:30.953430+00:00,ETH-11SEP26-3200-P,2463.61,ETH-11SEP26,put,3200.0,2026-09-11T08:00:00+00:00,0.0075851473676705455,0.2955,0.3025,0.298852,0.299,2463.61,ETH-11SEP26,0.9203,-0.9994,0.00449,0.0,0.0,0.007000000000000006,ETH,2459.7,0.0
2026-09-08T13:30:30.953430+00:00,ETH-25DEC26-2100-C,2488.42,ETH-25DEC26,call,2100.0,2026-12-25T08:00:00+00:00,0.29505948001654114,0.1965,0.207,0.20321,0.20175,2488.42,ETH-25DEC26,0.5418,0.76387,4.16022,1480.0,0.0,0.010499999999999982,ETH,2459.05,0.0
2026-09-08T13:30:30.953430+00:00,ETH-30OCT26-2500-P,2473.85,ETH-30OCT26,put,2500.0,2026-10-30T08:00:00+00:00,0.1417398359371435,0.082,0.083,0.082713,0.0825,2473.85,ETH-30OCT26,0.5129,-0.48662,3.7086,501.0,10.0,0.0010000000000000009,ETH,2459.05,1908.8
2026-09-08T13:30:30.953430+00:00,ETH-10SEP26-2700-C,2463.35,ETH-10SEP26,call,2700.0,2026-09-10T08:00:00+00:00,0.004847296580538444,0.0002,0.0004,0.00028,0.0003,2463.35,ETH-10SEP26,0.6224000000000001,0.01677,0.07135,298.0,251.0,0.0002,ETH,2459.7,186.57
2026-09-08T13:30:30.953430+00:00,ETH-11SEP26-2470-C,2463.74,ETH-11SEP26,call,2470.0,2026-09-11T08:00:00+00:00,0.0075851473676705455,0.014,0.015,0.014546,0.0145,2463.74,ETH-11SEP26,0.4537,0.46762,0.85199,199.0,89.0,0.0009999999999999992,ETH,2459.7,4639.1
2026-09-08T13:30:30.953430+00:00,ETH-27NOV26-1800-P,2481.44,ETH-27NOV26,put,1800.0,2026-11-27T08:00:00+00:00,0.21839965797684235,0.013,0.0145,0.013832,0.01375,2481.44,ETH-27NOV26,0.5866,-0.09637,1.9786,410.0,2.0,0.0015000000000000013,ETH,2459.7,64.35
2026-09-08T13:30:30.953430+00:00,ETH-18SEP26-2550-P,2465.61,ETH-18SEP26,put,2550.0,2026-09-18T08:00:00+00:00,0.026750102877595255,0.0525,0.0555,0.053926,0.054,2465.61,ETH-18SEP26,0.5135000000000001,-0.6465,1.49726,953.0,0.0,0.0030000000000000027,ETH,2459.7,0.0
2026-09-08T13:30:30.953430+00:00,ETH-11SEP26-2650-P,2463.61,ETH-11SEP26,put,2650.0,2026-09-11T08:00:00+00:00,0.0075851473676705455,0.074,0.0805,0.077129,0.07725,2463.61,ETH-11SEP26,0.5622,-0.9331,0.27774,185.0,0.0,0.006500000000000006,ETH,2459.05,0.0
2026-09-08T13:30:30.953430+00:00,ETH-26MAR27-4800-C,2513.11,ETH-26MAR27,call,4800.0,2027-03-26T08:00:00+00:00,0.5442039016455624,0.018,0.0195,0.018731,0.01875,2513.11,ETH-26MAR27,0.5963,0.10489,3.36392,2953.0,12.0,0.0015000000000000013,ETH,2459.05,574.1
2026-09-08T13:30:30.953430+00:00,ETH-18SEP26-2250-P,2465.48,ETH-18SEP26,put,2250.0,2026-09-18T08:00:00+00:00,0.026750102877595255,0.006,0.007,0.00643,0.0065,2465.48,ETH-18SEP26,0.5362,-0.1429,0.90878,1028.0,1002.0,0.001,ETH,2459.05,16087.49
2026-09-08T13:30:30.953430+00:00,ETH-25SEP26-3100-C,2467.87,ETH-25SEP26,call,3100.0,2026-09-25T08:00:00+00:00,0.04591505838751996,0.0024,0.0026,0.002632,0.0025,2467.87,ETH-25SEP26,0.6208,0.04843,0.5309,16444.0,1483.0,0.0002000000000000001,ETH,2459.05,11032.17
2026-09-08T13:30:30.953430+00:00,ETH-11SEP26-2100-P,2463.74,ETH-11SEP26,put,2100.0,2026-09-11T08:00:00+00:00,0.0075851473676705455,0.0003,0.0005,0.000375,0.0004,2463.74,ETH-11SEP26,0.8493999999999999,-0.01487,0.08053,2991.0,126.0,0.00020000000000000004,ETH,2459.05,106.66
2026-09-08T13:30:30.953430+00:00,ETH-30OCT26-2850-C,2473.98,ETH-30OCT26,call,2850.0,2026-10-30T08:00:00+00:00,0.1417398359371435,0.03,0.031,0.030281,0.0305,2473.98,ETH-30OCT26,0.5317000000000001,0.26921,3.07078,1149.0,0.0,0.0010000000000000009,ETH,2458.86,0.0
2026-09-08T13:30:30.953430+00:00,ETH-25SEP26-1600-P,2467.87,ETH-25SEP26,put,1600.0,2026-09-25T08:00:00+00:00,0.04591505838751996,0.0003,0.0005,0.00041,0.0004,2467.87,ETH-25SEP26,0.8465,-0.00676,0.0998,11733.0,0.0,0.00020000000000000004,ETH,2458.86,0.0
2026-09-08T13:30:30.953430+00:00,ETH-25DEC26-3300-C,2488.55,ETH-25DEC26,call,3300.0,2026-12-25T08:00:00+00:00,0.29505948001654114,0.031,0.032,0.031441,0.0315,2488.55,ETH-25DEC26,0.5489,0.21096,3.90051,2941.0,0.0,0.0010000000000000009,ETH,2458.86,0.0
2026-09-08T13:30:30.953430+00:00,ETH-10SEP26-2400-P,2463.48,ETH-10SEP26,put,2400.0,2026-09-10T08:00:00+00:00,0.004847296580538444,0.0033,0.0037,0.00351,0.0035,2463.48,ETH-10SEP26,0.4497,-0.2141,0.49896,157.0,31.0,0.0004000000000000002,ETH,2458.86,258.09
2026-09-08T13:30:30.953430+00:00,ETH-9SEP26-2680-C,2463.04,ETH-9SEP26,call,2680.0,2026-09-09T08:00:00+00:00,0.002109445793406343,,0.0001,1.7e-05,,2463.04,ETH-9SEP26,0.6365,0.00169,0.00614,223.0,162.0,,ETH,2459.11,80.96
2026-09-08T13:30:30.953430+00:00,ETH-12SEP26-2340-C,2464.08,ETH-12SEP26,call,2340.0,2026-09-12T08:00:00+00:00,0.010322998154802646,0.052,0.056,0.054261,0.054,2464.08,ETH-12SEP26,0.5079,0.83942,0.60956,0.0,0.0,0.0040000000000000036,ETH,2458.86,0.0
2026-09-08T13:30:30.953430+00:00,ETH-30OCT26-2150-P,2473.98,ETH-30OCT26,put,2150.0,2026-10-30T08:00:00+00:00,0.1417398359371435,0.0255,0.0265,0.02603,0.026,2473.98,ETH-30OCT26,0.5268999999999999,-0.21242,2.69859,1101.0,46.0,0.0010000000000000009,ETH,2459.11,2797.55
2026-09-08T13:30:30.953430+00:00,ETH-27NOV26-2500-C,2481.44,ETH-27NOV26,call,2500.0,2026-11-27T08:00:00+00:00,0.21839965797684235,0.0935,0.0945,0.094102,0.094,2481.44,ETH-27NOV26,0.5239,0.53371,4.603,430.0,15.0,0.0010000000000000009,ETH,2458.86,3634.14
2026-09-08T13:30:30.953430+00:00,ETH-12SEP26-2380-C,2463.95,ETH-12SEP26,call,2380.0,2026-09-12T08:00:00+00:00,0.010322998154802646,0.0395,0.0425,0.040866,0.041,2463.95,ETH-12SEP26,0.4891,0.75398,0.78746,0.0,0.0,0.0030000000000000027,ETH,2459.11,0.0
2026-09-08T13:30:30.953430+00:00,ETH-10SEP26-2300-P,2463.48,ETH-10SEP26,put,2300.0,2026-09-10T08:00:00+00:00,0.004847296580538444,0.0006,0.0009,0.000756,0.00075,2463.48,ETH-10SEP26,0.5863,-0.04843,0.17212,34.0,0.0,0.00030000000000000003,ETH,2458.86,0.0
2026-09-08T13:30:30.953430+00:00,ETH-25DEC26-1200-C,2488.55,ETH-25DEC26,call,1200.0,2026-12-25T08:00:00+00:00,0.29505948001654114,0.5175,0.524,0.521226,0.52075,2488.55,ETH-25DEC26,0.7281,0.97918,0.6762,341.0,0.0,0.006500000000000061,ETH,2459.11,0.0
2026-09-08T13:30:30.953430+00:00,ETH-27NOV26-2450-P,2481.31,ETH-27NOV26,put,2450.0,2026-11-27T08:00:00+00:00,0.21839965797684235,0.09,0.091,0.090639,0.0905,2481.31,ETH-27NOV26,0.5236999999999999,-0.43346,4.55565,354.0,0.0,0.0010000000000000009,ETH,2459.11,0.0
2026-09-08T13:30:30.953430+00:00,ETH-25DEC26-3500-C,2488.55,ETH-25DEC26,call,3500.0,2026-12-25T08:00:00+00:00,0.29505948001654114,0.023,0.024,0.023536,0.0235,2488.55,ETH-25DEC26,0.5597,0.16481,3.34849,29315.0,1.0,0.0010000000000000009,ETH,2459.11,63.49
2026-09-08T13:30:30.953430+00:00,ETH-9SEP26-2360-C,2463.04,ETH-9SEP26,call,2360.0,2026-09-09T08:00:00+00:00,0.002109445793406343,0.039,0.0455,0.042423,0.04225,2463.04,ETH-9SEP26,0.5687,0.94468,0.1261,0.0,0.0,0.006499999999999999,ETH,2458.88,0.0
2026-09-08T13:30:30.953430+00:00,ETH-9SEP26-2640-P,2463.04,ETH-9SEP26,put,2640.0,2026-09-09T08:00:00+00:00,0.002109445793406343,0.069,0.076,0.071878,0.0725,2463.04,ETH-9SEP26,0.6315999999999999,-0.99263,0.023,0.0,0.0,0.006999999999999992,ETH,2458.88,0.0
2026-09-08T13:30:30.953430+00:00,ETH-12SEP26-2800-C,2464.08,ETH-12SEP26,call,2800.0,2026-09-12T08:00:00+00:00,0.010322998154802646,0.0007,0.0009,0.000794,0.0008,2464.08,ETH-12SEP26,0.6636,0.0295,0.16769,2.0,2.0,0.00019999999999999998,ETH,2458.88,4.46
2026-09-08T13:30:30.953430+00:00,ETH-12SEP26-2250-P,2464.08,ETH-12SEP26,put,2250.0,2026-09-12T08:00:00+00:00,0.010322998154802646,0.0013,0.0017,0.001512,0.0015,2464.08,ETH-12SEP26,0.5794,-0.0614,0.30316,0.0,0.0,0.00039999999999999996,ETH,2458.88,0.0
2026-09-08T13:30:30.953430+00:00,ETH-26MAR27-2500-P,2513.11,ETH-26MAR27,put,2500.0,2027-03-26T08:00:00+00:00,0.5442039016455624,0.1555,0.1585,0.156183,0.157,2513.11,ETH-26MAR27,0.5444,-0.41694,7.2256,590.0,1.0,0.0030000000000000027,ETH,2459.11,381.37
2026-09-08T13:30:30.953430+00:00,ETH-25DEC26-1200-P,2488.55,ETH-25DEC26,put,1200.0,2026-12-25T08:00:00+00:00,0.29505948001654114,0.0033,0.0036,0.003462,0.00345,2488.55,ETH-25DEC26,0.7281,-0.02083,0.67649,6766.0,0.0,0.0002999999999999999,ETH,2458.88,0.0
2026-09-08T13:30:30.953430+00:00,ETH-25SEP26-4400-C,2467.87,ETH-25SEP26,call,4400.0,2026-09-25T08:00:00+00:00,0.04591505838751996,,0.0002,0.000133,,2467.87,ETH-25SEP26,0.9236,0.00232,0.03835,4349.0,0.0,,ETH,2458.88,0.0
2026-09-08T13:30:30.953430+00:00,ETH-30OCT26-4000-C,2473.85,ETH-30OCT26,call,4000.0,2026-10-30T08:00:00+00:00,0.1417398359371435,0.0029,0.0035,0.003141,0.0032,2473.85,ETH-30OCT26,0.6584,0.03441,0.70873,778.0,0.0,0.0006000000000000003,ETH,2458.88,0.0
2026-09-08T13:30:30.953430+00:00,ETH-25JUN27-5500-C,2540.61,ETH-25JUN27,call,5500.0,2027-06-25T08:00:00+00:00,0.7933483232745836,0.0245,0.026,0.025421,0.02525,2540.61,ETH-25JUN27,0.5999,0.1188,4.48865,644.0,0.0,0.0014999999999999979,ETH,2458.88,0.0
2026-09-08T13:30:30.953430+00:00,ETH-25JUN27-4600-C,2540.62,ETH-25JUN27,call,4600.0,2027-06-25T08:00:00+00:00,0.7933483232745836,0.0415,0.0435,0.042645,0.0425,2540.62,ETH-25JUN27,0.5814,0.18663,6.06498,54.0,0.0,0.001999999999999995,ETH,2458.88,0.0
2026-09-08T13:30:30.953430+00:00,ETH-18SEP26-2550-C,2465.61,ETH-18SEP26,call,2550.0,2026-09-18T08:00:00+00:00,0.026750102877595255,0.019,0.02,0.019645,0.0195,2465.61,ETH-18SEP26,0.5135000000000001,0.35201,1.49448,2462.0,140.0,0.0010000000000000009,ETH,2458.88,8215.89
2026-09-08T13:30:30.953430+00:00,ETH-11SEP26-2300-P,2463.74,ETH-11SEP26,put,2300.0,2026-09-11T08:00:00+00:00,0.0075851473676705455,0.0014,0.0017,0.001557,0.00155,2463.74,ETH-11SEP26,0.5489999999999999,-0.0771,0.30963,4036.0,285.0,0.0002999999999999999,ETH,2458.88,936.04
2026-09-08T13:30:30.953430+00:00,ETH-30OCT26-2400-C,2473.98,ETH-30OCT26,call,2400.0,2026-10-30T08:00:00+00:00,0.1417398359371435,0.0905,0.0925,0.091527,0.0915,2473.98,ETH-30OCT26,0.5119,0.59668,3.601,2541.0,1.0,0.0020000000000000018,ETH,2458.32,247.42
2026-09-08T13:30:30.953430+00:00,ETH-26MAR27-1300-P,2513.11,ETH-26MAR27,put,1300.0,2027-03-26T08:00:00+00:00,0.5442039016455624,0.013,0.0145,0.013888,0.01375,2513.11,ETH-26MAR27,0.6595,-0.05544,2.07233,1574.0,0.0,0.0015000000000000013,ETH,2458.88,0.0
2026-09-08T13:30:30.953430+00:00,ETH-27NOV26-2350-C,2481.44,ETH-27NOV26,call,2350.0,2026-11-27T08:00:00+00:00,0.21839965797684235,0.1225,0.1255,0.123931,0.124,2481.44,ETH-27NOV26,0.5255,0.63197,4.36448,50.0,0.0,0.0030000000000000027,ETH,2458.88,0.0
2026-09-08T13:30:30.953430+00:00,ETH-25JUN27-4500-P,2540.48,ETH-25JUN27,put,4500.0,2027-06-25T08:00:00+00:00,0.7933483232745836,0.7985,0.8345,0.816845,0.8165,2540.48,ETH-25JUN27,0.5788,-0.80342,6.261,1.0,0.0,0.03600000000000003,ETH,2458.32,0.0
2026-09-08T13:30:30.953430+00:00,ETH-30OCT26-2100-C,2473.98,ETH-30OCT26,call,2100.0,2026-10-30T08:00:00+00:00,0.1417398359371435,0.1675,0.1765,0.172716,0.172,2473.98,ETH-30OCT26,0.5332,0.81811,2.45656,1550.0,0.0,0.00899999999999998,ETH,2458.32,0.0
2026-09-08T13:30:30.953430+00:00,ETH-25DEC26-2700-C,2488.56,ETH-25DEC26,call,2700.0,2026-12-25T08:00:00+00:00,0.29505948001654114,0.0805,0.082,0.081245,0.08125,2488.56,ETH-25DEC26,0.5285,0.44135,5.32527,7050.0,33.0,0.0015000000000000013,ETH,2458.32,6781.16
2026-09-08T13:30:30.953430+00:00,ETH-30OCT26-2000-P,2473.85,ETH-30OCT26,put,2000.0,2026-10-30T08:00:00+00:00,0.1417398359371435,0.014,0.015,0.014601,0.0145,2473.85,ETH-30OCT26,0.5489,-0.1307,1.97433,1064.0,3.0,0.0009999999999999992,ETH,2458.2,97.07
2026-09-08T13:30:30.953430+00:00,ETH-25JUN27-1800-C,2540.48,ETH-25JUN27,call,1800.0,2027-06-25T08:00:00+00:00,0.7933483232745836,0.3485,0.361,0.355995,0.35475,2540.48,ETH-25JUN27,0.5803,0.82166,5.89517,1756.0,0.0,0.012500000000000011,ETH,2458.32,0.0
2026-09-08T13:30:30.953430+00:00,ETH-30OCT26-3000-C,2473.85,ETH-30OCT26,call,3000.0,2026-10-30T08:00:00+00:00,0.1417398359371435,0.0205,0.0215,0.021,0.021,2473.85,ETH-30OCT26,0.5446,0.19851,2.59148,3531.0,2064.0,0.0009999999999999974,ETH,2458.2,109037.33
2026-09-08T13:30:30.953430+00:00,ETH-25SEP26-2000-C,2467.74,ETH-25SEP26,call,2000.0,2026-09-25T08:00:00+00:00,0.04591505838751996,0.189,0.1945,0.192259,0.19175,2467.74,ETH-25SEP26,0.6098,0.95135,0.53267,29085.0,0.0,0.005500000000000005,ETH,2458.2,0.0
2026-09-08T13:30:30.953430+00:00,ETH-25SEP26-2250-C,2467.87,ETH-25SEP26,call,2250.0,2026-09-25T08:00:00+00:00,0.04591505838751996,0.099,0.1015,0.100441,0.10025,2467.87,ETH-25SEP26,0.5204,0.80684,1.44708,360.0,0.0,0.0025000000000000022,ETH,2458.2,0.0
2026-09-08T13:30:30.953430+00:00,ETH-25DEC26-4500-P,2488.55,ETH-25DEC26,put,4500.0,2026-12-25T08:00:00+00:00,0.29505948001654114,0.8045,0.827,0.815476,0.81575,2488.55,ETH-25DEC26,0.6199,-0.94481,1.50511,2.0,0.0,0.022499999999999964,ETH,2458.2,0.0
2026-09-08T13:30:30.953430+00:00,ETH-30OCT26-2600-P,2473.98,ETH-30OCT26,put,2600.0,2026-10-30T08:00:00+00:00,0.1417398359371435,0.106,0.1075,0.107449,0.10675,2473.98,ETH-30OCT26,0.5162,-0.56694,3.65732,1278.0,38.0,0.0015000000000000013,ETH,2458.2,9820.16
2026-09-08T13:30:30.953430+00:00,ETH-25DEC26-2900-P,2488.55,ETH-25DEC26,put,2900.0,2026-12-25T08:00:00+00:00,0.29505948001654114,0.2195,0.2325,0.224162,0.226,2488.55,ETH-25DEC26,0.5327000000000001,-0.65213,4.98695,880.0,0.0,0.013000000000000012,ETH,2458.2,0.0
2026-09-08T13:30:30.953430+00:00,ETH-25JUN27-2000-C,2540.48,ETH-25JUN27,call,2000.0,2027-06-25T08:00:00+00:00,0.7933483232745836,0.3,0.313,0.303987,0.3065,2540.48,ETH-25JUN27,0.5684,0.76476,6.94634,1759.0,0.0,0.013000000000000012,ETH,2458.2,0.0
2026-09-08T13:30:30.953430+00:00,ETH-25DEC26-4800-P,2488.55,ETH-25DEC26,put,4800.0,2026-12-25T08:00:00+00:00,0.29505948001654114,0.9225,0.9465,0.93432,0.9345,2488.55,ETH-25DEC26,0.639,-0.95767,1.21728,77.0,0.0,0.02400000000000002,ETH,2458.02,0.0
2026-09-08T13:30:30.953430+00:00,ETH-9SEP26-2640-C,2463.04,ETH-9SEP26,call,2640.0,2026-09-09T08:00:00+00:00,0.002109445793406343,,0.0002,8.4e-05,,2463.04,ETH-9SEP26,0.6315999999999999,0.00711,0.02229,165.0,106.0,,ETH,2458.02,97.32
2026-09-08T13:30:30.953430+00:00,ETH-30OCT26-4000-P,2473.85,ETH-30OCT26,put,4000.0,2026-10-30T08:00:00+00:00,0.1417398359371435,0.612,0.6275,0.619975,0.61975,2473.85,ETH-30OCT26,0.6584,-0.9657,0.70667,0.0,0.0,0.015499999999999958,ETH,2458.02,0.0
2026-09-08T13:30:30.953430+00:00,ETH-25SEP26-2150-P,2467.74,ETH-25SEP26,put,2150.0,2026-09-25T08:00:00+00:00,0.04591505838751996,0.006,0.007,0.006447,0.0065,2467.74,ETH-25SEP26,0.5472,-0.11195,1.00509,17192.0,112.0,0.001,ETH,2458.02,1376.27
2026-09-08T13:30:30.953430+00:00,ETH-10SEP26-2750-C,2463.48,ETH-10SEP26,call,2750.0,2026-09-10T08:00:00+00:00,0.004847296580538444,0.0001,0.0003,0.00015,0.0002,2463.48,ETH-10SEP26,0.6694,0.00869,0.04035,119.0,119.0,0.00019999999999999998,ETH,2458.2,137.73
2026-09-08T13:30:30.953430+00:00,ETH-10SEP26-2520-C,2463.48,ETH-10SEP26,call,2520.0,2026-09-10T08:00:00+00:00,0.004847296580538444,0.0043,0.0048,0.004575,0.00455,2463.48,ETH-10SEP26,0.4612,0.22435,0.51237,552.0,446.0,0.0004999999999999996,ETH,2458.02,11031.28
2026-09-08T13:30:30.953430+00:00,ETH-25JUN27-3000-C,2540.62,ETH-25JUN27,call,3000.0,2027-06-25T08:00:00+00:00,0.7933483232745836,0.133,0.136,0.134542,0.1345,2540.62,ETH-25JUN27,0.5562,0.4634,8.97372,1306.0,10.0,0.0030000000000000027,ETH,2458.02,3437.59
2026-09-08T13:30:30.953430+00:00,ETH-25DEC26-5000-P,2488.55,ETH-25DEC26,put,5000.0,2026-12-25T08:00:00+00:00,0.29505948001654114,1.001,1.027,1.013836,1.014,2488.55,ETH-25DEC26,0.6509,-0.96422,1.0616,0.0,0.0,0.026000000000000023,ETH,2458.02,0.0
2026-09-08T13:30:30.953430+00:00,ETH-30OCT26-2600-C,2473.98,ETH-30OCT26,call,2600.0,2026-10-30T08:00:00+00:00,0.1417398359371435,0.056,0.057,0.056506,0.0565,2473.98,ETH-30OCT26,0.5162,0.43281,3.65649,3569.0,2.0,0.0010000000000000009,ETH,2458.02,313.51
2026-09-08T13:30:30.953430+00:00,ETH-26MAR27-3800-P,2513.11,ETH-26MAR27,put,3800.0,2027-03-26T08:00:00+00:00,0.5442039016455624,0.5415,0.568,0.555244,0.55475,2513.11,ETH-26MAR27,0.5667,-0.78369,5.42647,1.0,0.0,0.026499999999999968,ETH,2458.02,0.0
2026-09-08T13:30:30.953430+00:00,ETH-25DEC26-2300-P,2488.55,ETH-25DEC26,put,2300.0,2026-12-25T08:00:00+00:00,0.29505948001654114,0.0755,0.077,0.076515,0.07625,2488.55,ETH-25DEC26,0.5307999999999999,-0.34072,4.94881,6100.0,51.0,0.0015000000000000013,ETH,2458.43,9201.38
2026-09-08T13:30:30.953430+00:00,ETH-25SEP26-6000-P,2467.87,ETH-25SEP26,put,6000.0,2026-09-25T08:00:00+00:00,0.04591505838751996,1.4235,1.442,1.431258,1.43275,2467.87,ETH-25SEP26,1.0195999999999998,-0.99996,0.00081,0.0,0.0,0.01849999999999996,ETH,2458.43,0.0
2026-09-08T13:30:30.953430+00:00,ETH-25DEC26-2100-P,2488.55,ETH-25DEC26,put,2100.0,2026-12-25T08:00:00+00:00,0.29505948001654114,0.0465,0.0475,0.047123,0.047,2488.55,ETH-25DEC26,0.5418,-0.23667,4.16334,2676.0,794.0,0.0010000000000000009,ETH,2458.43,90903.09
2026-09-08T13:30:30.953430+00:00,ETH-11SEP26-2560-P,2463.61,ETH-11SEP26,put,2560.0,2026-09-11T08:00:00+00:00,0.0075851473676705455,0.04,0.0475,0.043737,0.04375,2463.61,ETH-11SEP26,0.5018,-0.81724,0.56721,0.0,0.0,0.0075,ETH,2458.02,0.0
2026-09-08T13:30:30.953430+00:00,ETH-26MAR27-2200-C,2513.11,ETH-26MAR27,call,2200.0,2027-03-26T08:00:00+00:00,0.5442039016455624,0.22,0.2235,0.221413,0.22175,2513.11,ETH-26MAR27,0.5516,0.70043,6.43143,4061.0,0.0,0.003500000000000003,ETH,2458.43,0.0
2026-09-08T13:30:30.953430+00:00,ETH-25DEC26-3100-C,2488.55,ETH-25DEC26,call,3100.0,2026-12-25T08:00:00+00:00,0.29505948001654114,0.0425,0.0435,0.042782,0.043,2488.55,ETH-25DEC26,0.5401,0.27137,4.47346,2617.0,200.0,0.000999999999999994,ETH,2458.43,21945.21
2026-09-08T13:30:30.953430+00:00,ETH-30OCT26-2050-C,2473.85,ETH-30OCT26,call,2050.0,2026-10-30T08:00:00+00:00,0.1417398359371435,0.1845,0.1925,0.18912,0.1885,2473.85,ETH-30OCT26,0.5403,0.84516,2.21437,479.0,0.0,0.008000000000000007,ETH,2458.43,0.0
2026-09-08T13:30:30.953430+00:00,ETH-26MAR27-1600-C,2513.11,ETH-26MAR27,call,1600.0,2027-03-26T08:00:00+00:00,0.5442039016455624,0.3865,0.398,0.391797,0.39225,2513.11,ETH-26MAR27,0.6041,0.89092,3.45938,879.0,0.0,0.01150000000000001,ETH,2458.43,0.0
2026-09-08T13:30:30.953430+00:00,ETH-25DEC26-3200-C,2488.55,ETH-25DEC26,call,3200.0,2026-12-25T08:00:00+00:00,0.29505948001654114,0.036,0.037,0.036681,0.0365,2488.55,ETH-25DEC26,0.5447,0.23936,4.18917,68327.0,200.0,0.0010000000000000009,ETH,2458.43,18719.28
2026-09-08T13:30:30.953430+00:00,ETH-25DEC26-4400-C,2488.42,ETH-25DEC26,call,4400.0,2026-12-25T08:00:00+00:00,0.29505948001654114,0.0075,0.0085,0.007835,0.008,2488.42,ETH-25DEC26,0.6135,0.06061,1.61975,3724.0,6.0,0.0010000000000000009,ETH,2457.49,118.13
2026-09-08T13:30:30.953430+00:00,ETH-26MAR27-4000-C,2513.11,ETH-26MAR27,call,4000.0,2027-03-26T08:00:00+00:00,0.5442039016455624,0.035,0.0365,0.035924,0.03575,2513.11,ETH-26MAR27,0.5719,0.18545,4.94813,2561.0,0.0,0.0014999999999999944,ETH,2458.43,0.0
2026-09-08T13:30:30.953430+00:00,ETH-25SEP26-7400-P,2467.87,ETH-25SEP26,put,7400.0,2026-09-25T08:00:00+00:00,0.04591505838751996,1.989,2.0125,1.99855,2.00075,2467.87,ETH-25SEP26,1.1765,-0.99999,0.00027,0.0,0.0,0.023500000000000076,ETH,2457.49,0.0
2026-09-08T13:30:30.953430+00:00,ETH-30OCT26-2100-P,2473.85,ETH-30OCT26,put,2100.0,2026-10-30T08:00:00+00:00,0.1417398359371435,0.021,0.022,0.021554,0.0215,2473.85,ETH-30OCT26,0.5332,-0.18263,2.4614,3449.0,0.0,0.0009999999999999974,ETH,2457.49,0.0
2026-09-08T13:30:30.953430+00:00,ETH-12SEP26-2580-P,2463.95,ETH-12SEP26,put,2580.0,2026-09-12T08:00:00+00:00,0.010322998154802646,0.0495,0.0575,0.053154,0.0535,2463.95,ETH-12SEP26,0.5227,-0.8115,0.67455,0.0,0.0,0.008,ETH,2457.49,0.0
2026-09-08T13:30:30.953430+00:00,ETH-10SEP26-2580-P,2463.35,ETH-10SEP26,put,2580.0,2026-09-10T08:00:00+00:00,0.004847296580538444,0.046,0.053,0.049028,0.0495,2463.35,ETH-10SEP26,0.5121,-0.90889,0.28046,0.0,0.0,0.006999999999999999,ETH,2458.43,0.0
2026-09-08T13:30:30.953430+00:00,ETH-10SEP26-2250-C,2463.48,ETH-10SEP26,call,2250.0,2026-09-10T08:00:00+00:00,0.004847296580538444,0.084,0.0895,0.087069,0.08675,2463.48,ETH-10SEP26,0.6751999999999999,0.97134,0.11206,0.0,0.0,0.005499999999999991,ETH,2457.49,0.0
2026-09-08T13:30:30.953430+00:00,ETH-27NOV26-3200-C,2481.31,ETH-27NOV26,call,3200.0,2026-11-27T08:00:00+00:00,0.21839965797684235,0.0245,0.026,0.025322,0.02525,2481.31,ETH-27NOV26,0.5548,0.1949,3.18973,123.0,0.0,0.0014999999999999979,ETH,2457.49,0.0
2026-09-08T13:30:30.953430+00:00,ETH-25SEP26-2800-P,2467.87,ETH-25SEP26,put,2800.0,2026-09-25T08:00:00+00:00,0.04591505838751996,0.14,0.1485,0.143482,0.14425,2467.87,ETH-25SEP26,0.5458,-0.85104,1.2247,1340.0,0.0,0.00849999999999998,ETH,2456.74,0.0
2026-09-08T13:30:30.953430+00:00,ETH-9SEP26-2440-C,2463.17,ETH-9SEP26,call,2440.0,2026-09-09T08:00:00+00:00,0.002109445793406343,0.012,0.0145,0.0132,0.01325,2463.17,ETH-9SEP26,0.4163,0.64191,0.421,63.0,17.0,0.0025000000000000005,ETH,2456.74,973.87
2026-09-08T13:30:30.953430+00:00,ETH-25SEP26-6200-C,2467.74,ETH-25SEP26,call,6200.0,2026-09-25T08:00:00+00:00,0.04591505838751996,,0.0001,1e-06,,2467.74,ETH-25SEP26,1.0378,3e-05,0.0006,2798.0,0.0,,ETH,2456.74,0.0
2026-09-08T13:30:30.953430+00:00,ETH-11SEP26-2150-P,2463.74,ETH-11SEP26,put,2150.0,2026-09-11T08:00:00+00:00,0.0075851473676705455,0.0005,0.0006,0.000528,0.00055,2463.74,ETH-11SEP26,0.7791,-0.02244,0.11423,4811.0,36.0,9.999999999999994e-05,ETH,2457.49,45.54
2026-09-08T13:30:30.953430+00:00,ETH-11SEP26-2150-C,2463.61,ETH-11SEP26,call,2150.0,2026-09-11T08:00:00+00:00,0.0075851473676705455,0.126,0.13,0.127871,0.128,2463.61,ETH-11SEP26,0.7791,0.97732,0.11526,0.0,0.0,0.0040000000000000036,ETH,2456.74,0.0
2026-09-08T13:30:30.953430+00:00,ETH-11SEP26-2570-C,2463.61,ETH-11SEP26,call,2570.0,2026-09-11T08:00:00+00:00,0.0075851473676705455,0.0038,0.0042,0.004039,0.004,2463.61,ETH-11SEP26,0.5051,0.15885,0.51825,294.0,276.0,0.00039999999999999975,ETH,2456.74,3856.19
2026-09-08T13:30:30.953430+00:00,ETH-27NOV26-3600-P,2481.44,ETH-27NOV26,put,3600.0,2026-11-27T08:00:00+00:00,0.21839965797684235,0.4555,0.4735,0.463976,0.4645,2481.44,ETH-27NOV26,0.5855,-0.89092,2.16304,0.0,0.0,0.01799999999999996,ETH,2456.74,0.0
2026-09-08T13:30:30.953430+00:00,ETH-26MAR27-4600-C,2513.11,ETH-26MAR27,call,4600.0,2027-03-26T08:00:00+00:00,0.5442039016455624,0.021,0.0225,0.021901,0.02175,2513.11,ETH-26MAR27,0.5908,0.12004,3.70085,1403.0,2.0,0.0014999999999999979,ETH,2456.74,117.38
2026-09-08T13:30:30.953430+00:00,ETH-25SEP26-1700-P,2467.74,ETH-25SEP26,put,1700.0,2026-09-25T08:00:00+00:00,0.04591505838751996,0.0005,0.0007,0.000625,0.0006,2467.74,ETH-25SEP26,0.7806000000000001,-0.01087,0.15116,10017.0,4.0,0.00019999999999999998,ETH,2456.24,4.99
2026-09-08T13:30:30.953430+00:00,ETH-27NOV26-4400-P,2481.44,ETH-27NOV26,put,4400.0,2026-11-27T08:00:00+00:00,0.21839965797684235,0.7675,0.788,0.777902,0.77775,2481.44,ETH-27NOV26,0.6505,-0.95899,1.01774,0.0,0.0,0.020500000000000074,ETH,2456.74,0.0
2026-09-08T13:30:30.953430+00:00,ETH-30OCT26-3600-C,2473.85,ETH-30OCT26,call,3600.0,2026-10-30T08:00:00+00:00,0.1417398359371435,0.0055,0.0065,0.005872,0.006,2473.85,ETH-30OCT26,0.6088,0.06272,1.14573,4569.0,0.0,0.001,ETH,2456.24,0.0
2026-09-08T13:30:30.953430+00:00,ETH-11SEP26-2560-C,2463.74,ETH-11SEP26,call,2560.0,2026-09-11T08:00:00+00:00,0.0075851473676705455,0.0043,0.0048,0.004667,0.00455,2463.74,ETH-11SEP26,0.5018,0.17956,0.56068,573.0,672.0,0.0004999999999999996,ETH,2456.74,13083.09
2026-09-08T13:30:30.953430+00:00,ETH-18SEP26-2700-C,2465.61,ETH-18SEP26,call,2700.0,2026-09-18T08:00:00+00:00,0.026750102877595255,0.0075,0.008,0.007734,0.00775,2465.61,ETH-18SEP26,0.551,0.16059,0.98115,4023.0,16.0,0.0005000000000000004,ETH,2456.74,335.41
2026-09-08T13:30:30.953430+00:00,ETH-26MAR27-2000-C,2513.11,ETH-26MAR27,call,2000.0,2027-03-26T08:00:00+00:00,0.5442039016455624,0.264,0.2775,0.270883,0.27075,2513.11,ETH-26MAR27,0.5616,0.77379,5.56303,1845.0,2.0,0.013500000000000012,ETH,2456.24,1352.0
2026-09-08T13:30:30.953430+00:00,ETH-25SEP26-5600-P,2467.87,ETH-25SEP26,put,5600.0,2026-09-25T08:00:00+00:00,0.04591505838751996,1.262,1.276,1.269175,1.269,2467.87,ETH-25SEP26,0.9643,-0.99995,0.00116,0.0,0.0,0.014000000000000012,ETH,2456.24,0.0
2026-09-08T13:30:30.953430+00:00,ETH-25SEP26-5500-C,2467.74,ETH-25SEP26,call,5500.0,2026-09-25T08:00:00+00:00,0.04591505838751996,,0.0001,3e-06,,2467.74,ETH-25SEP26,0.9501999999999999,6e-05,0.00129,2169.0,0.0,,ETH,2456.9,0.0
2026-09-08T13:30:30.953430+00:00,ETH-25JUN27-5000-P,2540.61,ETH-25JUN27,put,5000.0,2027-06-25T08:00:00+00:00,0.7933483232745836,0.9815,1.0205,1.001788,1.001,2540.61,ETH-25JUN27,0.5889,-0.84914,5.2844,0.0,0.0,0.038999999999999924,ETH,2456.9,0.0
2026-09-08T13:30:30.953430+00:00,ETH-30OCT26-3100-C,2473.98,ETH-30OCT26,call,3100.0,2026-10-30T08:00:00+00:00,0.1417398359371435,0.016,0.017,0.01658,0.0165,2473.98,ETH-30OCT26,0.5540999999999999,0.16137,2.27383,1108.0,40.0,0.0010000000000000009,ETH,2456.9,1730.65
2026-09-08T13:30:30.953430+00:00,ETH-27NOV26-3300-P,2481.44,ETH-27NOV26,put,3300.0,2026-11-27T08:00:00+00:00,0.21839965797684235,0.344,0.359,0.351152,0.3515,2481.44,ETH-27NOV26,0.5613,-0.83288,2.89564,0.0,0.0,0.015000000000000013,ETH,2456.24,0.0
2026-09-08T13:30:30.953430+00:00,ETH-18SEP26-2250-C,2465.61,ETH-18SEP26,call,2250.0,2026-09-18T08:00:00+00:00,0.026750102877595255,0.091,0.0955,0.093829,0.09325,2465.61,ETH-18SEP26,0.5362,0.8546,0.91859,52.0,52.0,0.004500000000000004,ETH,2456.24,12798.63
2026-09-08T13:30:30.953430+00:00,ETH-27NOV26-2250-P,2481.44,ETH-27NOV26,put,2250.0,2026-11-27T08:00:00+00:00,0.21839965797684235,0.054,0.055,0.054481,0.0545,2481.44,ETH-27NOV26,0.5294,-0.30587,4.05666,821.0,0.0,0.0010000000000000009,ETH,2456.24,0.0
2026-09-08T13:30:30.953430+00:00,ETH-25JUN27-3500-C,2540.48,ETH-25JUN27,call,3500.0,2027-06-25T08:00:00+00:00,0.7933483232745836,0.09,0.0925,0.091201,0.09125,2540.48,ETH-25JUN27,0.5619,0.34631,8.32819,2803.0,10.0,0.0025000000000000022,ETH,2456.9,2276.92
2026-09-08T13:30:30.953430+00:00,ETH-25JUN27-3600-P,2540.61,ETH-25JUN27,put,3600.0,2027-06-25T08:00:00+00:00,0.7933483232745836,0.493,0.516,0.501884,0.5045,2540.61,ETH-25JUN27,0.5634,-0.6731,8.14552,0.0,0.0,0.02300000000000002,ETH,2456.9,0.0
2026-09-08T13:30:30.953430+00:00,ETH-25SEP26-1700-C,2467.87,ETH-25SEP26,call,1700.0,2026-09-25T08:00:00+00:00,0.04591505838751996,0.3085,0.314,0.311769,0.31125,2467.87,ETH-25SEP26,0.7806000000000001,0.98918,0.15062,2190.0,1.0,0.005500000000000005,ETH,2457.04,800.32
2026-09-08T13:30:30.953430+00:00,ETH-26MAR27-1400-P,2513.11,ETH-26MAR27,put,1400.0,2027-03-26T08:00:00+00:00,0.5442039016455624,0.017,0.0185,0.01764,0.01775,2513.11,ETH-26MAR27,0.6372,-0.07028,2.49123,1850.0,0.0,0.0014999999999999979,ETH,2456.9,0.0
2026-09-08T13:30:30.953430+00:00,ETH-25SEP26-7500-P,2467.87,ETH-25SEP26,put,7500.0,2026-09-25T08:00:00+00:00,0.04591505838751996,2.0275,2.053,2.039071,2.04025,2467.87,ETH-25SEP26,1.1895,-0.99999,0.00026,0.0,0.0,0.025500000000000078,ETH,2457.04,0.0
2026-09-08T13:30:30.953430+00:00,ETH-25SEP26-2360-P,2467.74,ETH-25SEP26,put,2360.0,2026-09-25T08:00:00+00:00,0.04591505838751996,0.0235,0.024,0.023821,0.02375,2467.74,ETH-25SEP26,0.5038,-0.32845,1.90714,265.0,0.0,0.0005000000000000004,ETH,2457.04,0.0
2026-09-08T13:30:30.953430+00:00,ETH-26MAR27-1800-P,2513.11,ETH-26MAR27,put,1800.0,2027-03-26T08:00:00+00:00,0.5442039016455624,0.0435,0.045,0.044106,0.04425,2513.11,ETH-26MAR27,0.5777,-0.16111,4.5211,3715.0,0.0,0.0015000000000000013,ETH,2456.9,0.0
2026-09-08T13:30:30.953430+00:00,ETH-25SEP26-2200-C,2467.87,ETH-25SEP26,call,2200.0,2026-09-25T08:00:00+00:00,0.04591505838751996,0.1145,0.119,0.117486,0.11675,2467.87,ETH-25SEP26,0.5343,0.85032,1.22837,7962.0,1.0,0.00449999999999999,ETH,2457.04,297.87
2026-09-08T13:30:30.953430+00:00,ETH-10SEP26-2380-P,2463.48,ETH-10SEP26,put,2380.0,2026-09-10T08:00:00+00:00,0.004847296580538444,0.0022,0.0026,0.002406,0.0024,2463.48,ETH-10SEP26,0.46869999999999995,-0.15958,0.41547,352.0,134.0,0.00039999999999999975,ETH,2457.04,643.84
2026-09-08T13:30:30.953430+00:00,ETH-26MAR27-3500-C,2513.11,ETH-26MAR27,call,3500.0,2027-03-26T08:00:00+00:00,0.5442039016455624,0.0565,0.058,0.057422,0.05725,2513.11,ETH-26MAR27,0.5587,0.27315,6.15192,4193.0,4.0,0.0015000000000000013,ETH,2457.04,583.35
2026-09-08T13:30:30.953430+00:00,ETH-30OCT26-3800-P,2473.98,ETH-30OCT26,put,3800.0,2026-10-30T08:00:00+00:00,0.1417398359371435,0.534,0.5495,0.540221,0.54175,2473.98,ETH-30OCT26,0.634,-0.95433,0.89147,0.0,0.0,0.015499999999999958,ETH,2457.04,0.0
2026-09-08T13:30:30.953430+00:00,ETH-27NOV26-2100-C,2481.44,ETH-27NOV26,call,2100.0,2026-11-27T08:00:00+00:00,0.21839965797684235,0.184,0.192,0.189144,0.188,2481.44,ETH-27NOV26,0.5415,0.78101,3.41681,1.0,0.0,0.008000000000000007,ETH,2457.04,0.0
2026-09-08T13:30:30.953430+00:00,ETH-25SEP26-5500-P,2467.74,ETH-25SEP26,put,5500.0,2026-09-25T08:00:00+00:00,0.04591505838751996,1.221,1.239,1.228654,1.23,2467.74,ETH-25SEP26,0.9501999999999999,-0.99994,0.0013,1.0,0.0,0.018000000000000016,ETH,2457.26,0.0
2026-09-08T13:30:30.953430+00:00,ETH-30OCT26-2200-C,2473.98,ETH-30OCT26,call,2200.0,2026-10-30T08:00:00+00:00,0.1417398359371435,0.1375,0.1455,0.142054,0.1415,2473.98,ETH-30OCT26,0.5218,0.75265,2.93665,1295.0,0.0,0.00799999999999998,ETH,2457.26,0.0
2026-09-08T13:30:30.953430+00:00,ETH-25JUN27-1500-P,2540.61,ETH-25JUN27,put,1500.0,2027-06-25T08:00:00+00:00,0.7933483232745836,0.035,0.037,0.036121,0.036,2540.61,ETH-25JUN27,0.6104999999999999,-0.10817,4.19539,502.0,5.0,0.001999999999999995,ETH,2457.26,430.29
2026-09-08T13:30:30.953430+00:00,ETH-26MAR27-3600-P,2513.11,ETH-26MAR27,put,3600.0,2027-03-26T08:00:00+00:00,0.5442039016455624,0.472,0.498,0.484576,0.485,2513.11,ETH-26MAR27,0.5611,-0.74762,5.90805,1.0,0.0,0.026000000000000023,ETH,2457.04,0.0
2026-09-08T13:30:30.953430+00:00,ETH-25SEP26-2900-C,2467.87,ETH-25SEP26,call,2900.0,2026-09-25T08:00:00+00:00,0.04591505838751996,0.0055,0.006,0.005705,0.00575,2467.87,ETH-25SEP26,0.5685,0.0997,0.92404,16791.0,26.0,0.0005000000000000004,ETH,2457.26,484.78
2026-09-08T13:30:30.953430+00:00,ETH-26MAR27-1900-C,2513.24,ETH-26MAR27,call,1900.0,2027-03-26T08:00:00+00:00,0.5442039016455624,0.2915,0.307,0.298518,0.29925,2513.24,ETH-26MAR27,0.569,0.80785,5.05468,2451.0,1.0,0.015500000000000014,ETH,2457.26,744.98
2026-09-08T13:30:30.953430+00:00,ETH-18SEP26-2650-P,2465.48,ETH-18SEP26,put,2650.0,2026-09-18T08:00:00+00:00,0.026750102877595255,0.082,0.0895,0.085346,0.08575,2465.48,ETH-18SEP26,0.5364,-0.78984,1.16017,0.0,0.0,0.007499999999999993,ETH,2457.26,0.0
2026-09-08T13:30:30.953430+00:00,ETH-25SEP26-5400-P,2467.74,ETH-25SEP26,put,5400.0,2026-09-25T08:00:00+00:00,0.04591505838751996,1.182,1.198,1.188134,1.19,2467.74,ETH-25SEP26,0.9344,-0.99993,0.00142,4.0,0.0,0.016000000000000014,ETH,2457.51,0.0
2026-09-08T13:30:30.953430+00:00,ETH-25SEP26-1900-P,2467.87,ETH-25SEP26,put,1900.0,2026-09-25T08:00:00+00:00,0.04591505838751996,0.0014,0.0017,0.001532,0.00155,2467.87,ETH-25SEP26,0.6577,-0.02814,0.34043,20819.0,0.0,0.0002999999999999999,ETH,2457.51,0.0
2026-09-08T13:30:30.953430+00:00,ETH-25SEP26-3400-P,2467.87,ETH-25SEP26,put,3400.0,2026-09-25T08:00:00+00:00,0.04591505838751996,0.3745,0.385,0.378795,0.37975,2467.87,ETH-25SEP26,0.7051999999999999,-0.98034,0.25176,870.0,0.0,0.01050000000000001,ETH,2457.51,0.0
2026-09-08T13:30:30.953430+00:00,ETH-11SEP26-2540-C,2463.61,ETH-11SEP26,call,2540.0,2026-09-11T08:00:00+00:00,0.0075851473676705455,0.0055,0.0065,0.005922,0.006,2463.61,ETH-11SEP26,0.4855,0.22428,0.64081,70.0,81.0,0.001,ETH,2457.26,1423.75
2026-09-08T13:30:30.953430+00:00,ETH-26MAR27-1900-P,2513.11,ETH-26MAR27,put,1900.0,2027-03-26T08:00:00+00:00,0.5442039016455624,0.0535,0.0555,0.054557,0.0545,2513.11,ETH-26MAR27,0.569,-0.19209,5.05421,3282.0,0.0,0.0020000000000000018,ETH,2457.26,0.0
2026-09-08T13:30:30.953430+00:00,ETH-27NOV26-2250-C,2481.44,ETH-27NOV26,call,2250.0,2026-11-27T08:00:00+00:00,0.21839965797684235,0.1465,0.149,0.147694,0.14775,2481.44,ETH-27NOV26,0.5294,0.69476,4.05476,51.0,0.0,0.0025000000000000022,ETH,2457.26,0.0
2026-09-08T13:30:30.953430+00:00,ETH-30OCT26-2700-C,2473.85,ETH-30OCT26,call,2700.0,2026-10-30T08:00:00+00:00,0.1417398359371435,0.0435,0.0445,0.044082,0.044,2473.85,ETH-30OCT26,0.5217,0.36,3.4777,1346.0,0.0,0.0010000000000000009,ETH,2457.51,0.0
2026-09-08T13:30:30.953430+00:00,ETH-10SEP26-2580-C,2463.48,ETH-10SEP26,call,2580.0,2026-09-10T08:00:00+00:00,0.004847296580538444,0.0015,0.0019,0.001669,0.0017,2463.48,ETH-10SEP26,0.5121,0.08943,0.27651,262.0,195.0,0.00039999999999999996,ETH,2457.51,1393.27
2026-09-08T13:30:30.953430+00:00,ETH-25SEP26-7400-C,2467.74,ETH-25SEP26,call,7400.0,2026-09-25T08:00:00+00:00,0.04591505838751996,,0.0001,1e-06,,2467.74,ETH-25SEP26,1.1765,1e-05,0.00027,1322.0,0.0,,ETH,2457.51,0.0
2026-09-08T13:30:30.953430+00:00,ETH-25SEP26-5200-P,2467.87,ETH-25SEP26,put,5200.0,2026-09-25T08:00:00+00:00,0.04591505838751996,1.1005,1.116,1.107095,1.10825,2467.87,ETH-25SEP26,0.9314,-0.99987,0.00274,3.0,0.0,0.01550000000000007,ETH,2457.55,0.0
2026-09-08T13:30:30.953430+00:00,ETH-25SEP26-14000-P,2467.87,ETH-25SEP26,put,14000.0,2026-09-25T08:00:00+00:00,0.04591505838751996,4.653,4.7015,4.672932,4.67725,2467.87,ETH-25SEP26,1.7753,-0.99999,0.00015,0.0,0.0,0.048500000000000654,ETH,2457.55,0.0
2026-09-08T13:30:30.953430+00:00,ETH-18SEP26-2700-P,2465.61,ETH-18SEP26,put,2700.0,2026-09-18T08:00:00+00:00,0.026750102877595255,0.099,0.107,0.102855,0.103,2465.61,ETH-18SEP26,0.551,-0.83875,0.98404,7.0,0.0,0.007999999999999993,ETH,2457.51,0.0
2026-09-08T13:30:30.953430+00:00,ETH-25DEC26-2600-P,2488.42,ETH-25DEC26,put,2600.0,2026-12-25T08:00:00+00:00,0.29505948001654114,0.1395,0.141,0.140117,0.14025,2488.42,ETH-25DEC26,0.5267000000000001,-0.50725,5.38104,1195.0,17.0,0.0014999999999999736,ETH,2457.55,5666.82
2026-09-08T13:30:30.953430+00:00,ETH-25SEP26-6400-P,2467.87,ETH-25SEP26,put,6400.0,2026-09-25T08:00:00+00:00,0.04591505838751996,1.5855,1.604,1.593341,1.59475,2467.87,ETH-25SEP26,1.0674,-0.99998,0.00055,0.0,0.0,0.018500000000000183,ETH,2457.55,0.0
2026-09-08T13:30:30.953430+00:00,ETH-11SEP26-2350-P,2463.74,ETH-11SEP26,put,2350.0,2026-09-11T08:00:00+00:00,0.0075851473676705455,0.0026,0.0031,0.00283,0.00285,2463.74,ETH-11SEP26,0.49060000000000004,-0.14158,0.48012,3549.0,209.0,0.0005,ETH,2457.51,1284.49
2026-09-08T13:30:30.953430+00:00,ETH-25SEP26-6600-P,2467.87,ETH-25SEP26,put,6600.0,2026-09-25T08:00:00+00:00,0.04591505838751996,1.666,1.6865,1.674383,1.67625,2467.87,ETH-25SEP26,1.0931,-0.99998,0.00049,0.0,0.0,0.020500000000000185,ETH,2457.55,0.0
2026-09-08T13:30:30.953430+00:00,ETH-25SEP26-2800-C,2467.87,ETH-25SEP26,call,2800.0,2026-09-25T08:00:00+00:00,0.04591505838751996,0.0085,0.0095,0.008896,0.009,2467.87,ETH-25SEP26,0.5458,0.14899,1.22491,15666.0,312.0,0.0009999999999999992,ETH,2457.55,7690.14
2026-09-08T13:30:30.953430+00:00,ETH-25DEC26-2900-C,2488.55,ETH-25DEC26,call,2900.0,2026-12-25T08:00:00+00:00,0.29505948001654114,0.0585,0.0595,0.058759,0.059,2488.55,ETH-25DEC26,0.5327000000000001,0.34755,4.98404,3740.0,0.0,0.000999999999999994,ETH,2457.55,0.0
2026-09-08T13:30:30.953430+00:00,ETH-27NOV26-4000-P,2481.44,ETH-27NOV26,put,4000.0,2026-11-27T08:00:00+00:00,0.21839965797684235,0.6105,0.6305,0.619388,0.6205,2481.44,ETH-27NOV26,0.6157,-0.93607,1.4486,0.0,0.0,0.019999999999999907,ETH,2457.55,0.0
2026-09-08T13:30:30.953430+00:00,ETH-18SEP26-2450-P,2465.48,ETH-18SEP26,put,2450.0,2026-09-18T08:00:00+00:00,0.026750102877595255,0.029,0.03,0.029694,0.0295,2465.48,ETH-18SEP26,0.5033,-0.46412,1.59895,1629.0,97.0,0.0009999999999999974,ETH,2457.55,6184.18
2026-09-08T13:30:30.953430+00:00,ETH-9SEP26-2100-P,2463.04,ETH-9SEP26,put,2100.0,2026-09-09T08:00:00+00:00,0.002109445793406343,,0.0001,0.0,,2463.04,ETH-9SEP26,0.8898,-5e-05,0.00025,502.0,0.0,,ETH,2457.34,0.0
2026-09-08T13:30:30.953430+00:00,ETH-26MAR27-2700-P,2513.11,ETH-26MAR27,put,2700.0,2027-03-26T08:00:00+00:00,0.5442039016455624,0.204,0.2065,0.204935,0.20525,2513.11,ETH-26MAR27,0.5445,-0.49334,7.38055,191.0,0.0,0.0025000000000000022,ETH,2457.55,0.0
2026-09-08T13:30:30.953430+00:00,ETH-12SEP26-2480-P,2464.08,ETH-12SEP26,put,2480.0,2026-09-12T08:00:00+00:00,0.010322998154802646,0.0225,0.0235,0.023323,0.023,2464.08,ETH-12SEP26,0.4851,-0.56082,0.98497,399.0,399.0,0.0010000000000000009,ETH,2457.34,22237.66
2026-09-08T13:30:30.953430+00:00,ETH-11SEP26-2520-C,2463.74,ETH-11SEP26,call,2520.0,2026-09-11T08:00:00+00:00,0.0075851473676705455,0.007,0.008,0.007652,0.0075,2463.74,ETH-11SEP26,0.47340000000000004,0.27976,0.72034,250.0,128.0,0.001,ETH,2457.55,3152.78
2026-09-08T13:30:30.953430+00:00,ETH-11SEP26-2480-P,2463.61,ETH-11SEP26,put,2480.0,2026-09-11T08:00:00+00:00,0.0075851473676705455,0.0185,0.02,0.019413,0.01925,2463.61,ETH-11SEP26,0.456,-0.58181,0.83597,120.0,10.0,0.0015000000000000013,ETH,2457.34,398.21
2026-09-08T13:30:30.953430+00:00,ETH-11SEP26-2500-P,2463.61,ETH-11SEP26,put,2500.0,2026-09-11T08:00:00+00:00,0.0075851473676705455,0.0235,0.026,0.024689,0.02475,2463.61,ETH-11SEP26,0.46520000000000006,-0.65544,0.78831,1210.0,60.0,0.0024999999999999988,ETH,2457.34,2956.92
2026-09-08T13:30:30.953430+00:00,ETH-11SEP26-2440-C,2463.74,ETH-11SEP26,call,2440.0,2026-09-11T08:00:00+00:00,0.0075851473676705455,0.0195,0.022,0.020845,0.02075,2463.74,ETH-11SEP26,0.4498,0.58125,0.83621,0.0,0.0,0.0024999999999999988,ETH,2457.34,0.0
2026-09-08T13:30:30.953430+00:00,ETH-25SEP26-3500-C,2467.74,ETH-25SEP26,call,3500.0,2026-09-25T08:00:00+00:00,0.04591505838751996,0.0007,0.001,0.000822,0.00085,2467.74,ETH-25SEP26,0.7293999999999999,0.01491,0.19882,21076.0,305.0,0.00030000000000000003,ETH,2456.95,681.1
2026-09-08T13:30:30.953430+00:00,ETH-12SEP26-2340-P,2464.08,ETH-12SEP26,put,2340.0,2026-09-12T08:00:00+00:00,0.010322998154802646,0.0039,0.0044,0.004237,0.00415,2464.08,ETH-12SEP26,0.5079,-0.1642,0.61798,0.0,0.0,0.0005000000000000004,ETH,2456.95,0.0
2026-09-08T13:30:30.953430+00:00,ETH-25SEP26-1800-C,2467.87,ETH-25SEP26,call,1800.0,2026-09-25T08:00:00+00:00,0.04591505838751996,0.2685,0.274,0.271598,0.27125,2467.87,ETH-25SEP26,0.7182999999999999,0.98264,0.22652,6238.0,0.0,0.005500000000000005,ETH,2456.95,0.0
2026-09-08T13:30:30.953430+00:00,ETH-12SEP26-2540-P,2464.08,ETH-12SEP26,put,2540.0,2026-09-12T08:00:00+00:00,0.010322998154802646,0.038,0.0415,0.039993,0.03975,2464.08,ETH-12SEP26,0.5052,-0.73089,0.8244,0.0,0.0,0.003500000000000003,ETH,2456.95,0.0
2026-09-08T13:30:30.953430+00:00,ETH-26MAR27-3400-C,2513.11,ETH-26MAR27,call,3400.0,2027-03-26T08:00:00+00:00,0.5442039016455624,0.0625,0.064,0.063349,0.06325,2513.11,ETH-26MAR27,0.5563,0.29568,6.39032,1881.0,0.0,0.0015000000000000013,ETH,2457.34,0.0
2026-09-08T13:30:30.953430+00:00,ETH-25JUN27-900-P,2540.61,ETH-25JUN27,put,900.0,2027-06-25T08:00:00+00:00,0.7933483232745836,0.008,0.0095,0.00884,0.00875,2540.61,ETH-25JUN27,0.7315,-0.02779,1.44162,848.0,0.0,0.0014999999999999996,ETH,2456.95,0.0
2026-09-08T13:30:30.953430+00:00,ETH-12SEP26-2540-C,2464.08,ETH-12SEP26,call,2540.0,2026-09-12T08:00:00+00:00,0.010322998154802646,0.0085,0.0095,0.008822,0.009,2464.08,ETH-12SEP26,0.5052,0.26911,0.8244,0.0,0.0,0.0009999999999999992,ETH,2456.95,0.0
2026-09-08T13:30:30.953430+00:00,ETH-25JUN27-1300-C,2540.48,ETH-25JUN27,call,1300.0,2027-06-25T08:00:00+00:00,0.7933483232745836,0.506,0.5165,0.511539,0.51125,2540.48,ETH-25JUN27,0.6389,0.92749,3.11511,108.0,0.0,0.010499999999999954,ETH,2456.95,0.0
2026-09-08T13:30:30.953430+00:00,ETH-25SEP26-1850-P,2467.74,ETH-25SEP26,put,1850.0,2026-09-25T08:00:00+00:00,0.04591505838751996,0.001,0.0014,0.001204,0.0012,2467.74,ETH-25SEP26,0.6864,-0.02192,0.27608,5691.0,0.0,0.00039999999999999996,ETH,2457.22,0.0
2026-09-08T13:30:30.953430+00:00,ETH-25DEC26-1500-C,2488.55,ETH-25DEC26,call,1500.0,2026-12-25T08:00:00+00:00,0.29505948001654114,0.401,0.409,0.405858,0.405,2488.55,ETH-25DEC26,0.6399,0.9477,1.4419,749.0,0.0,0.007999999999999952,ETH,2457.22,0.0
2026-09-08T13:30:30.953430+00:00,ETH-30OCT26-3400-C,2473.85,ETH-30OCT26,call,3400.0,2026-10-30T08:00:00+00:00,0.1417398359371435,0.008,0.009,0.00872,0.0085,2473.85,ETH-30OCT26,0.5874,0.09038,1.51401,3351.0,0.0,0.0009999999999999992,ETH,2457.22,0.0
2026-09-08T13:30:30.953430+00:00,ETH-27NOV26-2750-P,2481.44,ETH-27NOV26,put,2750.0,2026-11-27T08:00:00+00:00,0.21839965797684235,0.1625,0.173,0.166824,0.16775,2481.44,ETH-27NOV26,0.5299,-0.61823,4.4124,75.0,23.0,0.010499999999999982,ETH,2456.95,8955.5
2026-09-08T13:30:30.953430+00:00,ETH-25SEP26-5000-P,2467.74,ETH-25SEP26,put,5000.0,2026-09-25T08:00:00+00:00,0.04591505838751996,1.02,1.0345,1.026061,1.02725,2467.74,ETH-25SEP26,0.9312999999999999,-0.99972,0.00549,2.0,0.0,0.014499999999999957,ETH,2457.22,0.0
2026-09-08T13:30:30.953430+00:00,ETH-18SEP26-2800-P,2465.61,ETH-18SEP26,put,2800.0,2026-09-18T08:00:00+00:00,0.026750102877595255,0.1365,0.1445,0.14001,0.1405,2465.61,ETH-18SEP26,0.584,-0.90462,0.6821,0.0,0.0,0.00799999999999998,ETH,2456.95,0.0
2026-09-08T13:30:30.953430+00:00,ETH-25DEC26-11000-P,2488.42,ETH-25DEC26,put,11000.0,2026-12-25T08:00:00+00:00,0.29505948001654114,3.3905,3.4295,3.420698,3.41,2488.42,ETH-25DEC26,0.8645,-0.99833,0.07274,699.0,0.0,0.039000000000000146,ETH,2457.22,0.0
2026-09-08T13:30:30.953430+00:00,ETH-9SEP26-2800-C,2463.04,ETH-9SEP26,call,2800.0,2026-09-09T08:00:00+00:00,0.002109445793406343,,0.0001,0.0,,2463.04,ETH-9SEP26,0.695,2e-05,0.00011,72.0,0.0,,ETH,2457.22,0.0
2026-09-08T13:30:30.953430+00:00,ETH-25DEC26-2800-C,2488.42,ETH-25DEC26,call,2800.0,2026-12-25T08:00:00+00:00,0.29505948001654114,0.0685,0.0695,0.06903,0.069,2488.42,ETH-25DEC26,0.53,0.39199,5.18273,6852.0,27.0,0.0010000000000000009,ETH,2457.22,4732.96
2026-09-08T13:30:30.953430+00:00,ETH-27NOV26-4200-C,2481.44,ETH-27NOV26,call,4200.0,2026-11-27T08:00:00+00:00,0.21839965797684235,0.0055,0.0065,0.005848,0.006,2481.44,ETH-27NOV26,0.6349,0.0513,1.21817,40.0,0.0,0.001,ETH,2457.22,0.0
2026-09-08T13:30:30.953430+00:00,ETH-30OCT26-1800-C,2473.98,ETH-30OCT26,call,1800.0,2026-10-30T08:00:00+00:00,0.1417398359371435,0.275,0.2825,0.279048,0.27875,2473.98,ETH-30OCT26,0.5936,0.93627,1.16058,106.0,0.0,0.007499999999999951,ETH,2457.25,0.0
2026-09-08T13:30:30.953430+00:00,ETH-25JUN27-1800-P,2540.61,ETH-25JUN27,put,1800.0,2027-06-25T08:00:00+00:00,0.7933483232745836,0.0635,0.0655,0.064617,0.0645,2540.61,ETH-25JUN27,0.5803,-0.17869,5.89833,769.0,0.0,0.0020000000000000018,ETH,2457.25,0.0
2026-09-08T13:30:30.953430+00:00,ETH-9SEP26-2200-P,2463.17,ETH-9SEP26,put,2200.0,2026-09-09T08:00:00+00:00,0.002109445793406343,,0.0001,3e-06,,2463.17,ETH-9SEP26,0.7245,-0.00043,0.00173,262.0,0.0,,ETH,2457.25,0.0
2026-09-08T13:30:30.953430+00:00,ETH-25DEC26-3400-P,2488.55,ETH-25DEC26,put,3400.0,2026-12-25T08:00:00+00:00,0.29505948001654114,0.386,0.402,0.393352,0.394,2488.55,ETH-25DEC26,0.5533,-0.81481,3.60287,89.0,0.0,0.016000000000000014,ETH,2457.25,0.0
2026-09-08T13:30:30.953430+00:00,ETH-9SEP26-2460-P,2463.04,ETH-9SEP26,put,2460.0,2026-09-09T08:00:00+00:00,0.002109445793406343,0.0065,0.0075,0.006916,0.007,2463.04,ETH-9SEP26,0.4119,-0.52037,0.44929,519.0,227.0,0.001,ETH,2457.25,2411.97
2026-09-08T13:30:30.953430+00:00,ETH-25DEC26-1000-P,2488.55,ETH-25DEC26,put,1000.0,2026-12-25T08:00:00+00:00,0.29505948001654114,0.0018,0.0019,0.001946,0.00185,2488.55,ETH-25DEC26,0.8119,-0.01124,0.39802,18446.0,1.0,0.00010000000000000005,ETH,2457.25,4.45
2026-09-08T13:30:30.953430+00:00,ETH-27NOV26-2200-P,2481.31,ETH-27NOV26,put,2200.0,2026-11-27T08:00:00+00:00,0.21839965797684235,0.047,0.048,0.047436,0.0475,2481.31,ETH-27NOV26,0.5328,-0.27493,3.86069,21.0,3.0,0.0010000000000000009,ETH,2457.25,333.54
2026-09-08T13:30:30.953430+00:00,ETH-25SEP26-14000-C,2467.87,ETH-25SEP26,call,14000.0,2026-09-25T08:00:00+00:00,0.04591505838751996,,0.0001,0.0,,2467.87,ETH-25SEP26,1.7753,1e-05,0.00015,2121.0,0.0,,ETH,2456.96,0.0
2026-09-08T13:30:30.953430+00:00,ETH-25JUN27-3700-P,2540.48,ETH-25JUN27,put,3700.0,2027-06-25T08:00:00+00:00,0.7933483232745836,0.5205,0.5485,0.535266,0.5345,2540.48,ETH-25JUN27,0.565,-0.6914,7.95082,0.0,0.0,0.028000000000000025,ETH,2457.25,0.0
2026-09-08T13:30:30.953430+00:00,ETH-25SEP26-2440-C,2467.74,ETH-25SEP26,call,2440.0,2026-09-25T08:00:00+00:00,0.04591505838751996,0.048,0.049,0.048394,0.0485,2467.74,ETH-25SEP26,0.5002,0.55434,2.08553,5076.0,0.0,0.0010000000000000009,ETH,2456.96,0.0
2026-09-08T13:30:30.953430+00:00,ETH-10SEP26-2650-C,2463.35,ETH-10SEP26,call,2650.0,2026-09-10T08:00:00+00:00,0.004847296580538444,0.0005,0.0007,0.000579,0.0006,2463.35,ETH-10SEP26,0.579,0.03196,0.12267,40.0,40.0,0.00019999999999999998,ETH,2457.25,129.82
2026-09-08T13:30:30.953430+00:00,ETH-12SEP26-2620-C,2464.08,ETH-12SEP26,call,2620.0,2026-09-12T08:00:00+00:00,0.010322998154802646,0.0036,0.0041,0.00375,0.00385,2464.08,ETH-12SEP26,0.5423,0.12892,0.52529,644.0,644.0,0.0005000000000000004,ETH,2456.96,6911.24
2026-09-08T13:30:30.953430+00:00,ETH-11SEP26-2420-C,2463.61,ETH-11SEP26,call,2420.0,2026-09-11T08:00:00+00:00,0.0075851473676705455,0.0245,0.0275,0.026027,0.026,2463.61,ETH-11SEP26,0.452,0.66005,0.78427,0.0,0.0,0.002999999999999999,ETH,2457.25,0.0
2026-09-08T13:30:30.953430+00:00,ETH-25SEP26-1850-C,2467.87,ETH-25SEP26,call,1850.0,2026-09-25T08:00:00+00:00,0.04591505838751996,0.2485,0.254,0.251567,0.25125,2467.87,ETH-25SEP26,0.6864,0.97809,0.27604,2242.0,0.0,0.005500000000000005,ETH,2456.96,0.0
2026-09-08T13:30:30.953430+00:00,ETH-25SEP26-10000-C,2467.87,ETH-25SEP26,call,10000.0,2026-09-25T08:00:00+00:00,0.04591505838751996,,0.0001,1e-06,,2467.87,ETH-25SEP26,1.4631999999999998,1e-05,0.00019,1965.0,0.0,,ETH,2456.96,0.0
2026-09-08T13:30:30.953430+00:00,ETH-25JUN27-2300-C,2540.61,ETH-25JUN27,call,2300.0,2027-06-25T08:00:00+00:00,0.7933483232745836,0.2365,0.2415,0.23824,0.239,2540.61,ETH-25JUN27,0.5589,0.67136,8.1635,234.0,0.0,0.0050000000000000044,ETH,2456.96,0.0
2026-09-08T13:30:30.953430+00:00,ETH-25JUN27-2700-C,2540.61,ETH-25JUN27,call,2700.0,2027-06-25T08:00:00+00:00,0.7933483232745836,0.17,0.1725,0.171507,0.17125,2540.61,ETH-25JUN27,0.5550999999999999,0.54741,8.94412,444.0,0.0,0.0024999999999999745,ETH,2456.96,0.0
2026-09-08T13:30:30.953430+00:00,ETH-12SEP26-2680-P,2464.08,ETH-12SEP26,put,2680.0,2026-09-12T08:00:00+00:00,0.010322998154802646,0.0865,0.0945,0.090104,0.0905,2464.08,ETH-12SEP26,0.5795,-0.92498,0.35359,0.0,0.0,0.008000000000000007,ETH,2456.96,0.0
2026-09-08T13:30:30.953430+00:00,ETH-9SEP26-2700-P,2463.17,ETH-9SEP26,put,2700.0,2026-09-09T08:00:00+00:00,0.002109445793406343,0.0935,0.1005,0.096162,0.097,2463.17,ETH-9SEP26,0.6481,-0.99919,0.00311,0.0,0.0,0.007000000000000006,ETH,2456.96,0.0
2026-09-08T13:30:30.953430+00:00,ETH-25SEP26-16000-C,2467.87,ETH-25SEP26,call,16000.0,2026-09-25T08:00:00+00:00,0.04591505838751996,,0.0001,0.0,,2467.87,ETH-25SEP26,1.8954,1e-05,0.00013,9830.0,0.0,,ETH,2456.62,0.0
2026-09-08T13:30:30.953430+00:00,ETH-25DEC26-3300-P,2488.42,ETH-25DEC26,put,3300.0,2026-12-25T08:00:00+00:00,0.29505948001654114,0.3505,0.3665,0.357589,0.3585,2488.42,ETH-25DEC26,0.5489,-0.7898,3.88913,10.0,0.0,0.016000000000000014,ETH,2456.62,0.0
2026-09-08T13:30:30.953430+00:00,ETH-25DEC26-3400-C,2488.55,ETH-25DEC26,call,3400.0,2026-12-25T08:00:00+00:00,0.29505948001654114,0.0265,0.0275,0.027018,0.027,2488.55,ETH-25DEC26,0.5533,0.18496,3.59904,14534.0,0.0,0.0010000000000000009,ETH,2456.62,0.0
2026-09-08T13:30:30.953430+00:00,ETH-27NOV26-2800-P,2481.44,ETH-27NOV26,put,2800.0,2026-11-27T08:00:00+00:00,0.21839965797684235,0.176,0.1875,0.18165,0.18175,2481.44,ETH-27NOV26,0.532,-0.64478,4.30906,34.0,0.0,0.01150000000000001,ETH,2456.96,0.0
2026-09-08T13:30:30.953430+00:00,ETH-25SEP26-6200-P,2467.74,ETH-25SEP26,put,6200.0,2026-09-25T08:00:00+00:00,0.04591505838751996,1.504,1.5245,1.512299,1.51425,2467.74,ETH-25SEP26,1.0378,-0.99997,0.0006,0.0,0.0,0.020499999999999963,ETH,2456.62,0.0
2026-09-08T13:30:30.953430+00:00,ETH-25DEC26-2000-C,2488.42,ETH-25DEC26,call,2000.0,2026-12-25T08:00:00+00:00,0.29505948001654114,0.227,0.238,0.232518,0.2325,2488.42,ETH-25DEC26,0.5512,0.80808,3.68251,10830.0,2.0,0.010999999999999982,ETH,2456.62,1159.4
2026-09-08T13:30:30.953430+00:00,ETH-25JUN27-5500-P,2540.61,ETH-25JUN27,put,5500.0,2027-06-25T08:00:00+00:00,0.7933483232745836,1.169,1.211,1.190656,1.19,2540.61,ETH-25JUN27,0.5999,-0.88155,4.47497,0.0,0.0,0.04200000000000004,ETH,2456.62,0.0
2026-09-08T13:30:30.953430+00:00,ETH-30OCT26-1850-C,2473.98,ETH-30OCT26,call,1850.0,2026-10-30T08:00:00+00:00,0.1417398359371435,0.256,0.2635,0.260365,0.25975,2473.98,ETH-30OCT26,0.5824,0.92277,1.345,1008.0,0.0,0.007500000000000007,ETH,2456.26,0.0
2026-09-08T13:30:30.953430+00:00,ETH-27NOV26-2000-P,2481.31,ETH-27NOV26,put,2000.0,2026-11-27T08:00:00+00:00,0.21839965797684235,0.0255,0.0265,0.026239,0.026,2481.31,ETH-27NOV26,0.5539000000000001,-0.17056,2.93365,516.0,57.0,0.0010000000000000009,ETH,2456.62,3595.74
2026-09-08T13:30:30.953430+00:00,ETH-25JUN27-3800-P,2540.61,ETH-25JUN27,put,3800.0,2027-06-25T08:00:00+00:00,0.7933483232745836,0.554,0.582,0.569134,0.568,2540.61,ETH-25JUN27,0.5667,-0.709,7.73924,2.0,0.0,0.027999999999999914,ETH,2456.26,0.0
2026-09-08T13:30:30.953430+00:00,ETH-27NOV26-2950-P,2481.44,ETH-27NOV26,put,2950.0,2026-11-27T08:00:00+00:00,0.21839965797684235,0.223,0.2355,0.228935,0.22925,2481.44,ETH-27NOV26,0.5394,-0.7157,3.92353,0.0,0.0,0.012499999999999983,ETH,2456.62,0.0
2026-09-08T13:30:30.953430+00:00,ETH-25DEC26-800-P,2488.55,ETH-25DEC26,put,800.0,2026-12-25T08:00:00+00:00,0.29505948001654114,0.0009,0.0013,0.001063,0.0011,2488.55,ETH-25DEC26,0.9154000000000001,-0.00579,0.22205,7348.0,0.0,0.00039999999999999996,ETH,2456.26,0.0
2026-09-08T13:30:30.953430+00:00,ETH-9SEP26-2700-C,2463.17,ETH-9SEP26,call,2700.0,2026-09-09T08:00:00+00:00,0.002109445793406343,,0.0001,9e-06,,2463.17,ETH-9SEP26,0.6481,0.00079,0.00307,699.0,114.0,,ETH,2456.62,28.6
2026-09-08T13:30:30.953430+00:00,ETH-18SEP26-3000-P,2465.61,ETH-18SEP26,put,3000.0,2026-09-18T08:00:00+00:00,0.026750102877595255,0.215,0.223,0.218429,0.219,2465.61,ETH-18SEP26,0.6601,-0.96304,0.325,0.0,0.0,0.008000000000000007,ETH,2456.26,0.0
2026-09-08T13:30:30.953430+00:00,ETH-9SEP26-2420-C,2463.17,ETH-9SEP26,call,2420.0,2026-09-09T08:00:00+00:00,0.002109445793406343,0.018,0.021,0.019658,0.0195,2463.17,ETH-9SEP26,0.4425,0.77226,0.34038,21.0,21.0,0.0030000000000000027,ETH,2456.26,1354.1
2026-09-08T13:30:30.953430+00:00,ETH-25JUN27-3000-P,2540.61,ETH-25JUN27,put,3000.0,2027-06-25T08:00:00+00:00,0.7933483232745836,0.3105,0.323,0.315579,0.31675,2540.61,ETH-25JUN27,0.5562,-0.53716,8.96616,220.0,0.0,0.012500000000000011,ETH,2456.26,0.0
2026-09-08T13:30:30.953430+00:00,ETH-26MAR27-800-P,2513.11,ETH-26MAR27,put,800.0,2027-03-26T08:00:00+00:00,0.5442039016455624,0.003,0.0039,0.003414,0.00345,2513.11,ETH-26MAR27,0.8079999999999999,-0.01345,0.63745,2706.0,0.0,0.0008999999999999998,ETH,2456.26,0.0
2026-09-08T13:30:30.953430+00:00,ETH-30OCT26-2300-C,2473.98,ETH-30OCT26,call,2300.0,2026-10-30T08:00:00+00:00,0.1417398359371435,0.1135,0.116,0.114855,0.11475,2473.98,ETH-30OCT26,0.5147999999999999,0.67646,3.33729,1211.0,0.0,0.0025000000000000022,ETH,2455.98,0.0
2026-09-08T13:30:30.953430+00:00,ETH-25DEC26-2000-P,2488.42,ETH-25DEC26,put,2000.0,2026-12-25T08:00:00+00:00,0.29505948001654114,0.0355,0.0365,0.036244,0.036,2488.42,ETH-25DEC26,0.5512,-0.19218,3.68452,8742.0,52.0,0.0010000000000000009,ETH,2455.98,4598.56
2026-09-08T13:30:30.953430+00:00,ETH-9SEP26-2540-C,2463.04,ETH-9SEP26,call,2540.0,2026-09-09T08:00:00+00:00,0.002109445793406343,0.0007,0.001,0.000851,0.00085,2463.04,ETH-9SEP26,0.4827,0.06741,0.14701,263.0,232.0,0.00030000000000000003,ETH,2456.26,780.41
2026-09-08T13:30:30.953430+00:00,ETH-25DEC26-800-C,2488.55,ETH-25DEC26,call,800.0,2026-12-25T08:00:00+00:00,0.29505948001654114,0.6765,0.6815,0.679573,0.679,2488.55,ETH-25DEC26,0.9154000000000001,0.99421,0.22214,171.0,0.0,0.0050000000000000044,ETH,2455.98,0.0
2026-09-08T13:30:30.953430+00:00,ETH-26MAR27-4500-C,2513.24,ETH-26MAR27,call,4500.0,2027-03-26T08:00:00+00:00,0.5442039016455624,0.023,0.0245,0.023533,0.02375,2513.24,ETH-26MAR27,0.5867,0.1281,3.87232,2104.0,2.0,0.0015000000000000013,ETH,2455.98,127.56
2026-09-08T13:30:30.953430+00:00,ETH-25DEC26-5500-C,2488.42,ETH-25DEC26,call,5500.0,2026-12-25T08:00:00+00:00,0.29505948001654114,0.0028,0.0034,0.003075,0.0031,2488.42,ETH-25DEC26,0.6798000000000001,0.02443,0.77292,2173.0,0.0,0.0005999999999999998,ETH,2455.98,0.0
2026-09-08T13:30:30.953430+00:00,ETH-30OCT26-2750-P,2473.98,ETH-30OCT26,put,2750.0,2026-10-30T08:00:00+00:00,0.1417398359371435,0.145,0.1565,0.150534,0.15075,2473.98,ETH-30OCT26,0.5252,-0.67374,3.34917,0.0,0.0,0.01150000000000001,ETH,2455.98,0.0
2026-09-08T13:30:30.953430+00:00,ETH-25DEC26-4000-C,2488.42,ETH-25DEC26,call,4000.0,2026-12-25T08:00:00+00:00,0.29505948001654114,0.012,0.0125,0.012249,0.01225,2488.42,ETH-25DEC26,0.589,0.09142,2.21478,14665.0,27.0,0.0005000000000000004,ETH,2455.63,908.56
2026-09-08T13:30:30.953430+00:00,ETH-12SEP26-2100-C,2463.95,ETH-12SEP26,call,2100.0,2026-09-12T08:00:00+00:00,0.010322998154802646,0.1445,0.151,0.147932,0.14775,2463.95,ETH-12SEP26,0.7526999999999999,0.98169,0.11215,0.0,0.0,0.006500000000000006,ETH,2455.63,0.0
2026-09-08T13:30:30.953430+00:00,ETH-9SEP26-2300-P,2463.03,ETH-9SEP26,put,2300.0,2026-09-09T08:00:00+00:00,0.002109445793406343,0.0001,0.0003,0.000198,0.0002,2463.03,ETH-9SEP26,0.7075,-0.01925,0.05283,562.0,581.0,0.00019999999999999998,ETH,2455.98,228.61
2026-09-08T13:30:30.953430+00:00,ETH-25SEP26-1200-C,2467.74,ETH-25SEP26,call,1200.0,2026-09-25T08:00:00+00:00,0.04591505838751996,0.512,0.515,0.513807,0.5135,2467.74,ETH-25SEP26,1.1127,0.99912,0.01572,138.0,0.0,0.0030000000000000027,ETH,2455.63,0.0
2026-09-08T13:30:30.953430+00:00,ETH-9SEP26-2560-P,2463.04,ETH-9SEP26,put,2560.0,2026-09-09T08:00:00+00:00,0.002109445793406343,0.037,0.044,0.039791,0.0405,2463.04,ETH-9SEP26,0.5057,-0.96172,0.09372,18.0,0.0,0.006999999999999999,ETH,2455.98,0.0
2026-09-08T13:30:30.953430+00:00,ETH-9SEP26-2500-C,2463.04,ETH-9SEP26,call,2500.0,2026-09-09T08:00:00+00:00,0.002109445793406343,0.0024,0.0028,0.002583,0.0026,2463.04,ETH-9SEP26,0.4288,0.18884,0.3047,1231.0,784.0,0.0004000000000000002,ETH,2455.98,7912.18
2026-09-08T13:30:30.953430+00:00,ETH-11SEP26-1800-P,2463.74,ETH-11SEP26,put,1800.0,2026-09-11T08:00:00+00:00,0.0075851473676705455,,0.0001,3.3e-05,,2463.74,ETH-11SEP26,1.1963,-0.0012,0.00854,4402.0,57.0,,ETH,2455.63,14.1
2026-09-08T13:30:30.953430+00:00,ETH-25SEP26-3000-C,2467.74,ETH-25SEP26,call,3000.0,2026-09-25T08:00:00+00:00,0.04591505838751996,0.0037,0.0038,0.00383,0.00375,2467.74,ETH-25SEP26,0.5949,0.0679,0.69159,41487.0,422.0,9.999999999999983e-05,ETH,2455.63,4196.01
2026-09-08T13:30:30.953430+00:00,ETH-25SEP26-4000-P,2467.87,ETH-25SEP26,put,4000.0,2026-09-25T08:00:00+00:00,0.04591505838751996,0.616,0.6285,0.62111,0.62225,2467.87,ETH-25SEP26,0.8453,-0.99521,0.07334,138.0,0.0,0.012499999999999956,ETH,2455.03,0.0
2026-09-08T13:30:30.953430+00:00,ETH-10SEP26-2480-P,2463.48,ETH-10SEP26,put,2480.0,2026-09-10T08:00:00+00:00,0.004847296580538444,0.0155,0.016,0.015812,0.01575,2463.48,ETH-10SEP26,0.4353,-0.62166,0.65001,27.0,27.0,0.0005000000000000004,ETH,2455.63,693.77
2026-09-08T13:30:30.953430+00:00,ETH-25SEP26-2150-C,2467.87,ETH-25SEP26,call,2150.0,2026-09-25T08:00:00+00:00,0.04591505838751996,0.133,0.138,0.135247,0.1355,2467.87,ETH-25SEP26,0.5472,0.88646,1.01422,167.0,0.0,0.0050000000000000044,ETH,2455.03,0.0
2026-09-08T13:30:30.953430+00:00,ETH-25SEP26-6500-P,2467.74,ETH-25SEP26,put,6500.0,2026-09-25T08:00:00+00:00,0.04591505838751996,1.625,1.6465,1.633862,1.63575,2467.74,ETH-25SEP26,1.0823,-0.99998,0.00053,0.0,0.0,0.021500000000000075,ETH,2455.03,0.0
2026-09-08T13:30:30.953430+00:00,ETH-25JUN27-4600-P,2540.61,ETH-25JUN27,put,4600.0,2027-06-25T08:00:00+00:00,0.7933483232745836,0.8345,0.8715,0.853569,0.853,2540.61,ETH-25JUN27,0.5814,-0.81419,6.03865,0.0,0.0,0.03700000000000003,ETH,2455.03,0.0
2026-09-08T13:30:30.953430+00:00,ETH-25SEP26-5800-P,2467.74,ETH-25SEP26,put,5800.0,2026-09-25T08:00:00+00:00,0.04591505838751996,1.3425,1.361,1.350217,1.35175,2467.74,ETH-25SEP26,0.9994,-0.99995,0.00106,0.0,0.0,0.01849999999999996,ETH,2455.03,0.0
2026-09-08T13:30:30.953430+00:00,ETH-10SEP26-2420-P,2463.48,ETH-10SEP26,put,2420.0,2026-09-10T08:00:00+00:00,0.004847296580538444,0.0049,0.0055,0.00521,0.0052,2463.48,ETH-10SEP26,0.4364,-0.31266,0.60517,464.0,407.0,0.0005999999999999998,ETH,2455.03,4430.15
2026-09-08T13:30:30.953430+00:00,ETH-12SEP26-2640-P,2463.95,ETH-12SEP26,put,2640.0,2026-09-12T08:00:00+00:00,0.010322998154802646,0.0715,0.0795,0.074825,0.0755,2463.95,ETH-12SEP26,0.5536,-0.8948,0.4545,0.0,0.0,0.008000000000000007,ETH,2455.03,0.0
2026-09-08T13:30:30.953430+00:00,ETH-25JUN27-1200-C,2540.61,ETH-25JUN27,call,1200.0,2027-06-25T08:00:00+00:00,0.7933483232745836,0.541,0.5515,0.546146,0.54625,2540.61,ETH-25JUN27,0.6574,0.94153,2.63365,55.0,0.0,0.010499999999999954,ETH,2455.03,0.0
2026-09-08T13:30:30.953430+00:00,ETH-11SEP26-2440-P,2463.61,ETH-11SEP26,put,2440.0,2026-09-11T08:00:00+00:00,0.0075851473676705455,0.011,0.012,0.011209,0.0115,2463.61,ETH-11SEP26,0.4498,-0.42822,0.83933,191.0,1.0,0.0010000000000000009,ETH,2455.03,23.53
2026-09-08T13:30:30.953430+00:00,ETH-25SEP26-2440-P,2467.74,ETH-25SEP26,put,2440.0,2026-09-25T08:00:00+00:00,0.04591505838751996,0.0365,0.0375,0.037105,0.037,2467.74,ETH-25SEP26,0.5002,-0.44844,2.08591,68.0,0.0,0.0010000000000000009,ETH,2455.45,0.0
2026-09-08T13:30:30.953430+00:00,ETH-30OCT26-1200-C,2473.85,ETH-30OCT26,call,1200.0,2026-10-30T08:00:00+00:00,0.1417398359371435,0.5135,0.5175,0.5158,0.5155,2473.85,ETH-30OCT26,0.8428,0.99243,0.19385,0.0,0.0,0.0040000000000000036,ETH,2455.45,0.0
2026-09-08T13:30:30.953430+00:00,ETH-30OCT26-1700-C,2473.98,ETH-30OCT26,call,1700.0,2026-10-30T08:00:00+00:00,0.1417398359371435,0.314,0.3205,0.317413,0.31725,2473.98,ETH-30OCT26,0.6247,0.95533,0.87499,74.0,0.0,0.006500000000000006,ETH,2455.45,0.0
2026-09-08T13:30:30.953430+00:00,ETH-25DEC26-1300-P,2488.42,ETH-25DEC26,put,1300.0,2026-12-25T08:00:00+00:00,0.29505948001654114,0.0045,0.0049,0.00469,0.0047,2488.42,ETH-25DEC26,0.6948000000000001,-0.02872,0.8844,2064.0,0.0,0.0004000000000000002,ETH,2455.45,0.0
2026-09-08T13:30:30.953430+00:00,ETH-25SEP26-2600-C,2467.87,ETH-25SEP26,call,2600.0,2026-09-25T08:00:00+00:00,0.04591505838751996,0.0225,0.0235,0.023109,0.023,2467.87,ETH-25SEP26,0.5117,0.32582,1.89934,21223.0,212.0,0.0010000000000000009,ETH,2455.45,13313.97
2026-09-08T13:30:30.953430+00:00,ETH-26MAR27-1200-P,2513.11,ETH-26MAR27,put,1200.0,2027-03-26T08:00:00+00:00,0.5442039016455624,0.01,0.0115,0.01067,0.01075,2513.11,ETH-26MAR27,0.6816,-0.04319,1.69535,1661.0,0.0,0.0014999999999999996,ETH,2455.45,0.0
2026-09-08T13:30:30.953430+00:00,ETH-10SEP26-2680-C,2463.48,ETH-10SEP26,call,2680.0,2026-09-10T08:00:00+00:00,0.004847296580538444,0.0003,0.0005,0.000372,0.0004,2463.48,ETH-10SEP26,0.605,0.01962,0.08142,213.0,41.0,0.00020000000000000004,ETH,2455.45,81.17
2026-09-08T13:30:30.953430+00:00,ETH-25SEP26-7000-P,2467.87,ETH-25SEP26,put,7000.0,2026-09-25T08:00:00+00:00,0.04591505838751996,1.8285,1.8495,1.836466,1.839,2467.87,ETH-25SEP26,1.1240999999999999,-0.99999,0.00029,0.0,0.0,0.020999999999999908,ETH,2456.41,0.0
2026-09-08T13:30:30.953430+00:00,ETH-25SEP26-1900-C,2467.87,ETH-25SEP26,call,1900.0,2026-09-25T08:00:00+00:00,0.04591505838751996,0.2285,0.2335,0.231635,0.231,2467.87,ETH-25SEP26,0.6577,0.97148,0.34399,10556.0,1.0,0.0050000000000000044,ETH,2456.41,597.78
2026-09-08T13:30:30.953430+00:00,ETH-25DEC26-2300-C,2488.43,ETH-25DEC26,call,2300.0,2026-12-25T08:00:00+00:00,0.29505948001654114,0.151,0.1535,0.152258,0.15225,2488.43,ETH-25DEC26,0.5307999999999999,0.65822,4.95053,7409.0,0.0,0.0025000000000000022,ETH,2456.41,0.0
2026-09-08T13:30:30.953430+00:00,ETH-30OCT26-3000-P,2473.85,ETH-30OCT26,put,3000.0,2026-10-30T08:00:00+00:00,0.1417398359371435,0.228,0.241,0.233626,0.2345,2473.85,ETH-30OCT26,0.5446,-0.8025,2.5816,72.0,0.0,0.012999999999999984,ETH,2456.41,0.0
2026-09-08T13:30:30.953430+00:00,ETH-30OCT26-2650-C,2473.85,ETH-30OCT26,call,2650.0,2026-10-30T08:00:00+00:00,0.1417398359371435,0.0495,0.0505,0.04992,0.05,2473.85,ETH-30OCT26,0.5186999999999999,0.3935,3.5725,868.0,1.0,0.0010000000000000009,ETH,2456.41,126.19
2026-09-08T13:30:30.953430+00:00,ETH-11SEP26-2200-C,2463.61,ETH-11SEP26,call,2200.0,2026-09-11T08:00:00+00:00,0.0075851473676705455,0.1045,0.11,0.107769,0.10725,2463.61,ETH-11SEP26,0.7015,0.96722,0.15668,219.0,18.0,0.005500000000000005,ETH,2456.41,5043.99
2026-09-08T13:30:30.953430+00:00,ETH-30OCT26-4200-C,2473.85,ETH-30OCT26,call,4200.0,2026-10-30T08:00:00+00:00,0.1417398359371435,0.0021,0.0027,0.002385,0.0024,2473.85,ETH-30OCT26,0.6815000000000001,0.026,0.56112,478.0,0.0,0.0006000000000000003,ETH,2456.41,0.0
2026-09-08T13:30:30.953430+00:00,ETH-18SEP26-2900-C,2465.61,ETH-18SEP26,call,2900.0,2026-09-18T08:00:00+00:00,0.026750102877595255,0.0025,0.0028,0.002576,0.00265,2465.61,ETH-18SEP26,0.6212,0.05796,0.46635,644.0,64.0,0.0002999999999999999,ETH,2456.41,461.03
2026-09-08T13:30:30.953430+00:00,ETH-26MAR27-3700-C,2513.11,ETH-26MAR27,call,3700.0,2027-03-26T08:00:00+00:00,0.5442039016455624,0.0465,0.048,0.047336,0.04725,2513.11,ETH-26MAR27,0.5637,0.23316,5.65863,1531.0,0.0,0.0015000000000000013,ETH,2456.41,0.0
2026-09-08T13:30:30.953430+00:00,ETH-26MAR27-5000-C,2513.11,ETH-26MAR27,call,5000.0,2027-03-26T08:00:00+00:00,0.5442039016455624,0.016,0.017,0.016265,0.0165,2513.11,ETH-26MAR27,0.6031,0.09191,3.05039,2449.0,2.0,0.0010000000000000009,ETH,2456.41,87.19
2026-09-08T13:30:30.953430+00:00,ETH-9SEP26-2520-C,2463.04,ETH-9SEP26,call,2520.0,2026-09-09T08:00:00+00:00,0.002109445793406343,0.0014,0.0017,0.001445,0.00155,2463.04,ETH-9SEP26,0.4523,0.11448,0.2181,811.0,713.0,0.0002999999999999999,ETH,2456.41,4342.54
2026-09-08T13:30:30.953430+00:00,ETH-10SEP26-2440-C,2463.48,ETH-10SEP26,call,2440.0,2026-09-10T08:00:00+00:00,0.004847296580538444,0.016,0.0185,0.017162,0.01725,2463.48,ETH-10SEP26,0.4278,0.59524,0.66267,37.0,0.0,0.0024999999999999988,ETH,2456.41,0.0
2026-09-08T13:30:30.953430+00:00,ETH-26MAR27-1200-C,2513.11,ETH-26MAR27,call,1200.0,2027-03-26T08:00:00+00:00,0.5442039016455624,0.5295,0.5365,0.533172,0.533,2513.11,ETH-26MAR27,0.6816,0.95688,1.69372,68.0,0.0,0.007000000000000006,ETH,2456.41,0.0
2026-09-08T13:30:30.953430+00:00,ETH-25SEP26-2700-P,2467.87,ETH-25SEP26,put,2700.0,2026-09-25T08:00:00+00:00,0.04591505838751996,0.1045,0.1135,0.108376,0.109,2467.87,ETH-25SEP26,0.5273,-0.77746,1.57213,557.0,0.0,0.009000000000000008,ETH,2456.35,0.0
2026-09-08T13:30:30.953430+00:00,ETH-11SEP26-2450-P,2463.61,ETH-11SEP26,put,2450.0,2026-09-11T08:00:00+00:00,0.0075851473676705455,0.013,0.0135,0.013016,0.01325,2463.61,ETH-11SEP26,0.4515,-0.46398,0.85017,2233.0,126.0,0.0005000000000000004,ETH,2456.35,3649.4
2026-09-08T13:30:30.953430+00:00,ETH-26MAR27-2500-C,2513.11,ETH-26MAR27,call,2500.0,2027-03-26T08:00:00+00:00,0.5442039016455624,0.1605,0.162,0.161396,0.16125,2513.11,ETH-26MAR27,0.5444,0.58198,7.22171,9836.0,1.0,0.0015000000000000013,ETH,2456.35,413.07
2026-09-08T13:30:30.953430+00:00,ETH-25SEP26-2300-C,2467.87,ETH-25SEP26,call,2300.0,2026-09-25T08:00:00+00:00,0.04591505838751996,0.083,0.086,0.084703,0.0845,2467.87,ETH-25SEP26,0.5122,0.74886,1.68021,14119.0,0.0,0.002999999999999989,ETH,2455.97,0.0
2026-09-08T13:30:30.953430+00:00,ETH-25SEP26-1400-P,2467.87,ETH-25SEP26,put,1400.0,2026-09-25T08:00:00+00:00,0.04591505838751996,0.0001,0.0003,0.000188,0.0002,2467.87,ETH-25SEP26,0.9913,-0.00287,0.04643,11566.0,1.0,0.00019999999999999998,ETH,2455.97,0.49
2026-09-08T13:30:30.953430+00:00,ETH-26MAR27-1500-P,2513.11,ETH-26MAR27,put,1500.0,2027-03-26T08:00:00+00:00,0.5442039016455624,0.0215,0.0235,0.022576,0.0225,2513.11,ETH-26MAR27,0.6202000000000001,-0.08844,2.96431,4076.0,0.0,0.0020000000000000018,ETH,2456.35,0.0
2026-09-08T13:30:30.953430+00:00,ETH-27NOV26-2850-C,2481.44,ETH-27NOV26,call,2850.0,2026-11-27T08:00:00+00:00,0.21839965797684235,0.048,0.049,0.048382,0.0485,2481.44,ETH-27NOV26,0.5343,0.32962,4.18714,11.0,0.0,0.0010000000000000009,ETH,2456.35,0.0
2026-09-08T13:30:30.953430+00:00,ETH-9SEP26-2250-P,2463.17,ETH-9SEP26,put,2250.0,2026-09-09T08:00:00+00:00,0.002109445793406343,,0.0001,2.9e-05,,2463.17,ETH-9SEP26,0.7195,-0.00388,0.01299,316.0,0.0,,ETH,2456.35,0.0
2026-09-08T13:30:30.953430+00:00,ETH-12SEP26-2680-C,2463.95,ETH-12SEP26,call,2680.0,2026-09-12T08:00:00+00:00,0.010322998154802646,0.0019,0.0024,0.002097,0.00215,2463.95,ETH-12SEP26,0.5795,0.07404,0.34994,1.0,1.0,0.0004999999999999998,ETH,2455.97,8.46
2026-09-08T13:30:30.953430+00:00,ETH-25SEP26-2550-P,2467.87,ETH-25SEP26,put,2550.0,2026-09-25T08:00:00+00:00,0.04591505838751996,0.0615,0.063,0.062567,0.06225,2467.87,ETH-25SEP26,0.5057,-0.6085,2.02567,45.0,0.0,0.0015000000000000013,ETH,2455.97,0.0
2026-09-08T13:30:30.953430+00:00,ETH-25JUN27-2700-P,2540.61,ETH-25JUN27,put,2700.0,2027-06-25T08:00:00+00:00,0.7933483232745836,0.2335,0.237,0.234441,0.23525,2540.61,ETH-25JUN27,0.5550999999999999,-0.45292,8.9413,7.0,0.0,0.0034999999999999754,ETH,2455.97,0.0
2026-09-08T13:30:30.953430+00:00,ETH-25JUN27-2900-C,2540.62,ETH-25JUN27,call,2900.0,2027-06-25T08:00:00+00:00,0.7933483232745836,0.1445,0.147,0.14588,0.14575,2540.62,ETH-25JUN27,0.5558,0.48982,9.00113,283.0,0.0,0.0025000000000000022,ETH,2455.97,0.0
2026-09-08T13:30:30.953430+00:00,ETH-25JUN27-1700-P,2540.61,ETH-25JUN27,put,1700.0,2027-06-25T08:00:00+00:00,0.7933483232745836,0.0525,0.0545,0.053634,0.0535,2540.61,ETH-25JUN27,0.5884,-0.15318,5.33616,3041.0,0.0,0.0020000000000000018,ETH,2455.97,0.0
2026-09-08T13:30:30.953430+00:00,ETH-30OCT26-1200-P,2473.98,ETH-30OCT26,put,1200.0,2026-10-30T08:00:00+00:00,0.1417398359371435,0.0007,0.0011,0.000851,0.0009,2473.98,ETH-30OCT26,0.8428,-0.00755,0.1935,2674.0,0.0,0.0004000000000000001,ETH,2456.1,0.0
2026-09-08T13:30:30.953430+00:00,ETH-10SEP26-2640-P,2463.48,ETH-10SEP26,put,2640.0,2026-09-10T08:00:00+00:00,0.004847296580538444,0.069,0.0765,0.072373,0.07275,2463.48,ETH-10SEP26,0.5676,-0.96446,0.13381,0.0,0.0,0.007499999999999993,ETH,2455.97,0.0
2026-09-08T13:30:30.953430+00:00,ETH-18SEP26-2400-P,2465.61,ETH-18SEP26,put,2400.0,2026-09-18T08:00:00+00:00,0.026750102877595255,0.0205,0.0215,0.02084,0.021,2465.61,ETH-18SEP26,0.5033,-0.36963,1.51798,1136.0,122.0,0.0009999999999999974,ETH,2455.97,5529.99
2026-09-08T13:30:30.953430+00:00,ETH-26MAR27-1500-C,2513.11,ETH-26MAR27,call,1500.0,2027-03-26T08:00:00+00:00,0.5442039016455624,0.42,0.4315,0.425703,0.42575,2513.11,ETH-26MAR27,0.6202000000000001,0.91151,2.96526,241.0,1.0,0.01150000000000001,ETH,2455.97,1056.07
2026-09-08T13:30:30.953430+00:00,ETH-10SEP26-2340-P,2463.48,ETH-10SEP26,put,2340.0,2026-09-10T08:00:00+00:00,0.004847296580538444,0.0011,0.0013,0.001253,0.0012,2463.48,ETH-10SEP26,0.5211,-0.08498,0.26602,436.0,368.0,0.00019999999999999987,ETH,2456.1,1316.28
2026-09-08T13:30:30.953430+00:00,ETH-30OCT26-2450-P,2473.85,ETH-30OCT26,put,2450.0,2026-10-30T08:00:00+00:00,0.1417398359371435,0.071,0.072,0.071762,0.0715,2473.85,ETH-30OCT26,0.5125,-0.44759,3.67409,352.0,13.0,0.0010000000000000009,ETH,2456.1,2139.96
2026-09-08T13:30:30.953430+00:00,ETH-11SEP26-2400-C,2463.61,ETH-11SEP26,call,2400.0,2026-09-11T08:00:00+00:00,0.0075851473676705455,0.0305,0.0335,0.031985,0.032,2463.61,ETH-11SEP26,0.46049999999999996,0.72643,0.71207,1300.0,0.0,0.0030000000000000027,ETH,2456.1,0.0
2026-09-08T13:30:30.953430+00:00,ETH-25SEP26-3800-C,2467.74,ETH-25SEP26,call,3800.0,2026-09-25T08:00:00+00:00,0.04591505838751996,0.0003,0.0005,0.000381,0.0004,2467.74,ETH-25SEP26,0.7951,0.00687,0.10109,5281.0,5.0,0.00020000000000000004,ETH,2456.1,6.21
2026-09-08T13:30:30.953430+00:00,ETH-12SEP26-2100-P,2463.95,ETH-12SEP26,put,2100.0,2026-09-12T08:00:00+00:00,0.010322998154802646,0.0004,0.0006,0.000475,0.0005,2463.95,ETH-12SEP26,0.7526999999999999,-0.01832,0.11217,41.0,41.0,0.00019999999999999993,ETH,2456.1,40.55
2026-09-08T13:30:30.953430+00:00,ETH-27NOV26-2600-P,2481.44,ETH-27NOV26,put,2600.0,2026-11-27T08:00:00+00:00,0.21839965797684235,0.125,0.126,0.125799,0.1255,2481.44,ETH-27NOV26,0.5254,-0.53162,4.59963,131.0,0.0,0.0010000000000000009,ETH,2456.1,0.0
2026-09-08T13:30:30.953430+00:00,ETH-12SEP26-2800-P,2463.95,ETH-12SEP26,put,2800.0,2026-09-12T08:00:00+00:00,0.010322998154802646,0.134,0.142,0.137517,0.138,2463.95,ETH-12SEP26,0.6636,-0.97158,0.16241,0.0,0.0,0.00799999999999998,ETH,2456.73,0.0
2026-09-08T13:30:30.953430+00:00,ETH-27NOV26-3000-P,2481.44,ETH-27NOV26,put,3000.0,2026-11-27T08:00:00+00:00,0.21839965797684235,0.24,0.2515,0.245485,0.24575,2481.44,ETH-27NOV26,0.5421,-0.73698,3.77369,10.0,0.0,0.01150000000000001,ETH,2456.1,0.0
2026-09-08T13:30:30.953430+00:00,ETH-10SEP26-2200-P,2463.48,ETH-10SEP26,put,2200.0,2026-09-10T08:00:00+00:00,0.004847296580538444,0.0002,0.0004,0.000314,0.0003,2463.48,ETH-10SEP26,0.7679,-0.01786,0.07519,442.0,303.0,0.0002,ETH,2456.1,276.68
2026-09-08T13:30:30.953430+00:00,ETH-10SEP26-2480-C,2463.48,ETH-10SEP26,call,2480.0,2026-09-10T08:00:00+00:00,0.004847296580538444,0.0085,0.0095,0.009049,0.009,2463.48,ETH-10SEP26,0.4353,0.38446,0.65348,10.0,20.0,0.0009999999999999992,ETH,2456.73,800.05
2026-09-08T13:30:30.953430+00:00,ETH-9SEP26-2520-P,2463.04,ETH-9SEP26,put,2520.0,2026-09-09T08:00:00+00:00,0.002109445793406343,0.022,0.028,0.024521,0.025,2463.04,ETH-9SEP26,0.4523,-0.88665,0.21654,72.0,0.0,0.006000000000000002,ETH,2456.1,0.0
2026-09-08T13:30:30.953430+00:00,ETH-9SEP26-2500-P,2463.17,ETH-9SEP26,put,2500.0,2026-09-09T08:00:00+00:00,0.002109445793406343,0.016,0.019,0.017539,0.0175,2463.17,ETH-9SEP26,0.4288,-0.8098,0.30606,224.0,2.0,0.002999999999999999,ETH,2456.1,76.63
2026-09-08T13:30:30.953430+00:00,ETH-25SEP26-3300-C,2467.74,ETH-25SEP26,call,3300.0,2026-09-25T08:00:00+00:00,0.04591505838751996,0.0013,0.0016,0.001447,0.00145,2467.74,ETH-25SEP26,0.6796,0.0262,0.3207,20529.0,100.0,0.00030000000000000014,ETH,2456.98,394.7
2026-09-08T13:30:30.953430+00:00,ETH-30OCT26-1950-P,2473.98,ETH-30OCT26,put,1950.0,2026-10-30T08:00:00+00:00,0.1417398359371435,0.0115,0.0125,0.01201,0.012,2473.98,ETH-30OCT26,0.5588000000000001,-0.11035,1.75133,900.0,2.0,0.0010000000000000009,ETH,2456.98,55.7
2026-09-08T13:30:30.953430+00:00,ETH-18SEP26-2600-C,2465.61,ETH-18SEP26,call,2600.0,2026-09-18T08:00:00+00:00,0.026750102877595255,0.014,0.015,0.014365,0.0145,2465.61,ETH-18SEP26,0.5239,0.27195,1.33499,1274.0,580.0,0.0009999999999999992,ETH,2456.73,22763.22
2026-09-08T13:30:30.953430+00:00,ETH-9SEP26-2660-C,2463.17,ETH-9SEP26,call,2660.0,2026-09-09T08:00:00+00:00,0.002109445793406343,,0.0002,4e-05,,2463.17,ETH-9SEP26,0.6356,0.00335,0.01139,616.0,558.0,,ETH,2456.73,252.83
2026-09-08T13:30:30.953430+00:00,ETH-26MAR27-3300-C,2513.11,ETH-26MAR27,call,3300.0,2027-03-26T08:00:00+00:00,0.5442039016455624,0.069,0.071,0.069962,0.07,2513.11,ETH-26MAR27,0.5538000000000001,0.31968,6.61195,2246.0,0.0,0.001999999999999988,ETH,2456.73,0.0
2026-09-08T13:30:30.953430+00:00,ETH-18SEP26-2500-C,2465.61,ETH-18SEP26,call,2500.0,2026-09-18T08:00:00+00:00,0.026750102877595255,0.0265,0.0275,0.026749,0.027,2465.61,ETH-18SEP26,0.5065,0.43744,1.58519,2044.0,81.0,0.0010000000000000009,ETH,2456.73,6117.62
2026-09-08T13:30:30.953430+00:00,ETH-25JUN27-4200-P,2540.61,ETH-25JUN27,put,4200.0,2027-06-25T08:00:00+00:00,0.7933483232745836,0.698,0.724,0.708756,0.711,2540.61,ETH-25JUN27,0.5736,-0.7682,6.88613,3.0,0.0,0.026000000000000023,ETH,2456.98,0.0
2026-09-08T13:30:30.953430+00:00,ETH-25SEP26-2200-P,2467.74,ETH-25SEP26,put,2200.0,2026-09-25T08:00:00+00:00,0.04591505838751996,0.0085,0.0095,0.008947,0.009,2467.74,ETH-25SEP26,0.5343,-0.14975,1.22867,9927.0,52.0,0.0009999999999999992,ETH,2456.98,914.28
2026-09-08T13:30:30.953430+00:00,ETH-25DEC26-1300-C,2488.43,ETH-25DEC26,call,1300.0,2026-12-25T08:00:00+00:00,0.29505948001654114,0.4785,0.4855,0.482295,0.482,2488.43,ETH-25DEC26,0.6948000000000001,0.97142,0.88144,50.0,0.0,0.007000000000000006,ETH,2456.98,0.0
2026-09-08T13:30:30.953430+00:00,ETH-27NOV26-2550-C,2481.44,ETH-27NOV26,call,2550.0,2026-11-27T08:00:00+00:00,0.21839965797684235,0.085,0.086,0.085674,0.0855,2481.44,ETH-27NOV26,0.5244,0.50032,4.6159,147.0,23.0,0.000999999999999987,ETH,2456.98,5148.63
2026-09-08T13:30:30.953430+00:00,ETH-25SEP26-3200-P,2467.87,ETH-25SEP26,put,3200.0,2026-09-25T08:00:00+00:00,0.04591505838751996,0.295,0.3045,0.298579,0.29975,2467.87,ETH-25SEP26,0.6495000000000001,-0.9652,0.40573,1323.0,0.0,0.009500000000000008,ETH,2457.02,0.0
2026-09-08T13:30:30.953430+00:00,ETH-26MAR27-3000-C,2513.11,ETH-26MAR27,call,3000.0,2027-03-26T08:00:00+00:00,0.5442039016455624,0.094,0.096,0.095088,0.095,2513.11,ETH-26MAR27,0.5476,0.40424,7.16637,6743.0,100.0,0.0020000000000000018,ETH,2456.98,24537.83
2026-09-08T13:30:30.953430+00:00,ETH-25SEP26-1200-P,2467.87,ETH-25SEP26,put,1200.0,2026-09-25T08:00:00+00:00,0.04591505838751996,,0.0002,5.8e-05,,2467.87,ETH-25SEP26,1.1127,-0.00087,0.01562,12310.0,0.0,,ETH,2457.02,0.0
2026-09-08T13:30:30.953430+00:00,ETH-18SEP26-2200-C,2465.48,ETH-18SEP26,call,2200.0,2026-09-18T08:00:00+00:00,0.026750102877595255,0.109,0.1145,0.112045,0.11175,2465.48,ETH-18SEP26,0.5576,0.8976,0.71844,34.0,34.0,0.005500000000000005,ETH,2456.98,9879.44
2026-09-08T13:30:30.953430+00:00,ETH-30OCT26-1700-P,2473.98,ETH-30OCT26,put,1700.0,2026-10-30T08:00:00+00:00,0.1417398359371435,0.0043,0.0048,0.004567,0.00455,2473.98,ETH-30OCT26,0.6247,-0.04434,0.87046,1494.0,12.0,0.0004999999999999996,ETH,2457.02,135.14
2026-09-08T13:30:30.953430+00:00,ETH-25DEC26-1900-P,2488.42,ETH-25DEC26,put,1900.0,2026-12-25T08:00:00+00:00,0.29505948001654114,0.027,0.028,0.027594,0.0275,2488.42,ETH-25DEC26,0.5634,-0.15239,3.17794,5459.0,17.0,0.0010000000000000009,ETH,2457.02,1153.43
2026-09-08T13:30:30.953430+00:00,ETH-25SEP26-7200-C,2467.74,ETH-25SEP26,call,7200.0,2026-09-25T08:00:00+00:00,0.04591505838751996,,0.0001,1e-06,,2467.74,ETH-25SEP26,1.1496,1e-05,0.00027,1772.0,0.0,,ETH,2457.02,0.0
2026-09-08T13:30:30.953430+00:00,ETH-11SEP26-2800-C,2463.61,ETH-11SEP26,call,2800.0,2026-09-11T08:00:00+00:00,0.0075851473676705455,0.0003,0.0004,0.000352,0.00035,2463.61,ETH-11SEP26,0.6817,0.01512,0.08163,6437.0,790.0,0.00010000000000000005,ETH,2457.02,998.17
2026-09-08T13:30:30.953430+00:00,ETH-25JUN27-3200-C,2540.61,ETH-25JUN27,call,3200.0,2027-06-25T08:00:00+00:00,0.7933483232745836,0.1135,0.116,0.114863,0.11475,2540.61,ETH-25JUN27,0.5581,0.41275,8.79169,1379.0,0.0,0.0025000000000000022,ETH,2457.02,0.0
2026-09-08T13:30:30.953430+00:00,ETH-27NOV26-3800-P,2481.44,ETH-27NOV26,put,3800.0,2026-11-27T08:00:00+00:00,0.21839965797684235,0.533,0.5515,0.541218,0.54225,2481.44,ETH-27NOV26,0.6014,-0.91689,1.77034,0.0,0.0,0.01849999999999996,ETH,2457.02,0.0
2026-09-08T13:30:30.953430+00:00,ETH-11SEP26-2500-C,2463.61,ETH-11SEP26,call,2500.0,2026-09-11T08:00:00+00:00,0.0075851473676705455,0.0095,0.0105,0.009971,0.01,2463.61,ETH-11SEP26,0.46520000000000006,0.3437,0.7875,4776.0,550.0,0.0010000000000000009,ETH,2457.02,15683.16
2026-09-08T13:30:30.953430+00:00,ETH-25SEP26-6600-C,2467.87,ETH-25SEP26,call,6600.0,2026-09-25T08:00:00+00:00,0.04591505838751996,,0.0001,1e-06,,2467.87,ETH-25SEP26,1.0931,2e-05,0.00049,1986.0,0.0,,ETH,2457.39,0.0
2026-09-08T13:30:30.953430+00:00,ETH-30OCT26-1600-C,2473.85,ETH-30OCT26,call,1600.0,2026-10-30T08:00:00+00:00,0.1417398359371435,0.353,0.3595,0.356397,0.35625,2473.85,ETH-30OCT26,0.6578,0.96952,0.64073,68.0,0.0,0.006500000000000006,ETH,2457.02,0.0
2026-09-08T13:30:30.953430+00:00,ETH-25SEP26-2350-P,2467.87,ETH-25SEP26,put,2350.0,2026-09-25T08:00:00+00:00,0.04591505838751996,0.022,0.023,0.02245,0.0225,2467.87,ETH-25SEP26,0.5046,-0.31452,1.87308,164.0,105.0,0.0010000000000000009,ETH,2457.39,4862.04
2026-09-08T13:30:30.953430+00:00,ETH-26MAR27-3100-C,2513.11,ETH-26MAR27,call,3100.0,2027-03-26T08:00:00+00:00,0.5442039016455624,0.0845,0.0865,0.085747,0.0855,2513.11,ETH-26MAR27,0.5495,0.37427,7.01165,2006.0,0.0,0.001999999999999988,ETH,2457.39,0.0
2026-09-08T13:30:30.953430+00:00,ETH-11SEP26-2300-C,2463.61,ETH-11SEP26,call,2300.0,2026-09-11T08:00:00+00:00,0.0075851473676705455,0.064,0.071,0.068017,0.0675,2463.61,ETH-11SEP26,0.5489999999999999,0.92173,0.31302,112.0,0.0,0.006999999999999992,ETH,2457.39,0.0
2026-09-08T13:30:30.953430+00:00,ETH-9SEP26-2620-C,2463.04,ETH-9SEP26,call,2620.0,2026-09-09T08:00:00+00:00,0.002109445793406343,,0.0003,0.000137,,2463.04,ETH-9SEP26,0.6085,0.01129,0.0334,646.0,697.0,,ETH,2457.39,439.43
2026-09-08T13:30:30.953430+00:00,ETH-11SEP26-3000-C,2463.61,ETH-11SEP26,call,3000.0,2026-09-11T08:00:00+00:00,0.0075851473676705455,,0.0002,7.9e-05,,2463.61,ETH-11SEP26,0.8309000000000001,0.00329,0.02126,5252.0,97.0,,ETH,2457.39,48.56
2026-09-08T13:30:30.953430+00:00,ETH-25SEP26-2400-P,2467.74,ETH-25SEP26,put,2400.0,2026-09-25T08:00:00+00:00,0.04591505838751996,0.0295,0.0305,0.029896,0.03,2467.74,ETH-25SEP26,0.501,-0.38553,2.01792,7612.0,13.0,0.0010000000000000009,ETH,2457.38,864.98
2026-09-08T13:30:30.953430+00:00,ETH-25SEP26-2900-P,2467.87,ETH-25SEP26,put,2900.0,2026-09-25T08:00:00+00:00,0.04591505838751996,0.177,0.1865,0.180812,0.18175,2467.87,ETH-25SEP26,0.5685,-0.90019,0.9248,799.0,0.0,0.009500000000000008,ETH,2457.38,0.0
2026-09-08T13:30:30.953430+00:00,ETH-25JUN27-6000-P,2540.61,ETH-25JUN27,put,6000.0,2027-06-25T08:00:00+00:00,0.7933483232745836,1.3555,1.4075,1.381786,1.3815,2540.61,ETH-25JUN27,0.6098,-0.90559,3.79946,1.0,0.0,0.052000000000000046,ETH,2457.38,0.0
2026-09-08T13:30:30.953430+00:00,ETH-25SEP26-15000-C,2467.87,ETH-25SEP26,call,15000.0,2026-09-25T08:00:00+00:00,0.04591505838751996,,0.0001,0.0,,2467.87,ETH-25SEP26,1.8378999999999999,1e-05,0.00014,2390.0,0.0,,ETH,2457.38,0.0
2026-09-08T13:30:30.953430+00:00,ETH-25SEP26-5600-C,2467.87,ETH-25SEP26,call,5600.0,2026-09-25T08:00:00+00:00,0.04591505838751996,,0.0001,3e-06,,2467.87,ETH-25SEP26,0.9643,5e-05,0.00117,8185.0,0.0,,ETH,2457.38,0.0
2026-09-08T13:30:30.953430+00:00,ETH-25JUN27-3100-C,2540.61,ETH-25JUN27,call,3100.0,2027-06-25T08:00:00+00:00,0.7933483232745836,0.123,0.1255,0.124313,0.12425,2540.61,ETH-25JUN27,0.5572,0.43748,8.89841,209.0,0.0,0.0025000000000000022,ETH,2457.38,0.0
2026-09-08T13:30:30.953430+00:00,ETH-26MAR27-2700-C,2513.11,ETH-26MAR27,call,2700.0,2027-03-26T08:00:00+00:00,0.5442039016455624,0.1295,0.1315,0.130565,0.1305,2513.11,ETH-26MAR27,0.5445,0.50663,7.38032,3034.0,0.0,0.0020000000000000018,ETH,2457.38,0.0
2026-09-08T13:30:30.953430+00:00,ETH-25SEP26-3000-P,2467.87,ETH-25SEP26,put,3000.0,2026-09-25T08:00:00+00:00,0.04591505838751996,0.2155,0.2245,0.219458,0.22,2467.87,ETH-25SEP26,0.5949,-0.93134,0.69803,7499.0,0.0,0.009000000000000008,ETH,2457.38,0.0
2026-09-08T13:30:30.953430+00:00,ETH-25DEC26-3600-P,2488.56,ETH-25DEC26,put,3600.0,2026-12-25T08:00:00+00:00,0.29505948001654114,0.459,0.4775,0.467082,0.46825,2488.56,ETH-25DEC26,0.5650999999999999,-0.85467,3.07934,93.0,0.0,0.01849999999999996,ETH,2457.41,0.0
2026-09-08T13:30:30.953430+00:00,ETH-25SEP26-5000-C,2467.74,ETH-25SEP26,call,5000.0,2026-09-25T08:00:00+00:00,0.04591505838751996,,0.0001,1.4e-05,,2467.74,ETH-25SEP26,0.9312999999999999,0.00028,0.0055,4611.0,0.0,,ETH,2457.38,0.0
2026-09-08T13:30:30.953430+00:00,ETH-10SEP26-2640-C,2463.48,ETH-10SEP26,call,2640.0,2026-09-10T08:00:00+00:00,0.004847296580538444,0.0005,0.0008,0.000657,0.00065,2463.48,ETH-10SEP26,0.5676,0.03648,0.13674,121.0,71.0,0.00030000000000000003,ETH,2457.38,245.0
2026-09-08T13:30:30.953430+00:00,ETH-25JUN27-2200-C,2540.48,ETH-25JUN27,call,2200.0,2027-06-25T08:00:00+00:00,0.7933483232745836,0.2565,0.262,0.258495,0.25925,2540.48,ETH-25JUN27,0.561,0.70303,7.81577,1091.0,1.0,0.005500000000000005,ETH,2457.41,645.5
2026-09-08T13:30:30.953430+00:00,ETH-18SEP26-2000-P,2465.61,ETH-18SEP26,put,2000.0,2026-09-18T08:00:00+00:00,0.026750102877595255,0.001,0.0013,0.001124,0.00115,2465.61,ETH-18SEP26,0.6761,-0.02699,0.25075,2123.0,51.0,0.0002999999999999999,ETH,2457.38,125.45
2026-09-08T13:30:30.953430+00:00,ETH-25DEC26-3600-C,2488.43,ETH-25DEC26,call,3600.0,2026-12-25T08:00:00+00:00,0.29505948001654114,0.02,0.021,0.020456,0.0205,2488.43,ETH-25DEC26,0.5650999999999999,0.14534,3.0795,2545.0,2.0,0.0010000000000000009,ETH,2457.41,109.84
2026-09-08T13:30:30.953430+00:00,ETH-25JUN27-900-C,2540.61,ETH-25JUN27,call,900.0,2027-06-25T08:00:00+00:00,0.7933483232745836,0.6505,0.66,0.654529,0.65525,2540.61,ETH-25JUN27,0.7315,0.97224,1.44082,0.0,0.0,0.009500000000000064,ETH,2457.41,0.0
2026-09-08T13:30:30.953430+00:00,ETH-25DEC26-9000-C,2488.43,ETH-25DEC26,call,9000.0,2026-12-25T08:00:00+00:00,0.29505948001654114,0.0002,0.0007,0.000384,0.00045,2488.43,ETH-25DEC26,0.8047,0.0032,0.13067,2069.0,0.0,0.0005,ETH,2457.41,0.0
2026-09-08T13:30:30.953430+00:00,ETH-30OCT26-2350-C,2473.98,ETH-30OCT26,call,2350.0,2026-10-30T08:00:00+00:00,0.1417398359371435,0.1015,0.104,0.102681,0.10275,2473.98,ETH-30OCT26,0.5128,0.63712,3.4871,246.0,1.0,0.0024999999999999883,ETH,2457.41,256.95
2026-09-08T13:30:30.953430+00:00,ETH-25SEP26-2700-C,2467.87,ETH-25SEP26,call,2700.0,2026-09-25T08:00:00+00:00,0.04591505838751996,0.014,0.0145,0.01431,0.01425,2467.87,ETH-25SEP26,0.5273,0.22364,1.57722,11090.0,276.0,0.0005000000000000004,ETH,2457.41,10960.75
2026-09-08T13:30:30.953430+00:00,ETH-25SEP26-11000-C,2467.74,ETH-25SEP26,call,11000.0,2026-09-25T08:00:00+00:00,0.04591505838751996,,0.0001,1e-06,,2467.74,ETH-25SEP26,1.5529,1e-05,0.00018,3423.0,0.0,,ETH,2457.41,0.0
2026-09-08T13:30:30.953430+00:00,ETH-30OCT26-2750-C,2473.98,ETH-30OCT26,call,2750.0,2026-10-30T08:00:00+00:00,0.1417398359371435,0.0385,0.0395,0.038961,0.039,2473.98,ETH-30OCT26,0.5252,0.3272,3.3548,652.0,0.0,0.0010000000000000009,ETH,2457.41,0.0
2026-09-08T13:30:30.953430+00:00,ETH-25JUN27-3700-C,2540.48,ETH-25JUN27,call,3700.0,2027-06-25T08:00:00+00:00,0.7933483232745836,0.0775,0.0795,0.078653,0.0785,2540.48,ETH-25JUN27,0.565,0.30865,7.95206,10.0,0.0,0.0020000000000000018,ETH,2457.31,0.0
2026-09-08T13:30:30.953430+00:00,ETH-25SEP26-10000-P,2467.87,ETH-25SEP26,put,10000.0,2026-09-25T08:00:00+00:00,0.04591505838751996,3.039,3.071,3.052094,3.055,2467.87,ETH-25SEP26,1.4631999999999998,-0.99999,0.00019,759.0,0.0,0.03200000000000003,ETH,2457.41,0.0
2026-09-08T13:30:30.953430+00:00,ETH-25DEC26-2200-C,2488.43,ETH-25DEC26,call,2200.0,2026-12-25T08:00:00+00:00,0.29505948001654114,0.175,0.178,0.176426,0.1765,2488.43,ETH-25DEC26,0.5351,0.71255,4.59824,52403.0,0.0,0.0030000000000000027,ETH,2457.31,0.0
2026-09-08T13:30:30.953430+00:00,ETH-26MAR27-2100-P,2513.11,ETH-26MAR27,put,2100.0,2027-03-26T08:00:00+00:00,0.5442039016455624,0.0795,0.082,0.080775,0.08075,2513.11,ETH-26MAR27,0.5558,-0.26202,6.02518,709.0,0.0,0.0025000000000000022,ETH,2457.31,0.0
2026-09-08T13:30:30.953430+00:00,ETH-11SEP26-2700-C,2463.74,ETH-11SEP26,call,2700.0,2026-09-11T08:00:00+00:00,0.0075851473676705455,0.0008,0.001,0.000918,0.0009,2463.74,ETH-11SEP26,0.6047,0.0393,0.18183,2927.0,117.0,0.00019999999999999998,ETH,2457.31,529.72
2026-09-08T13:30:30.953430+00:00,ETH-18SEP26-2800-C,2465.61,ETH-18SEP26,call,2800.0,2026-09-18T08:00:00+00:00,0.026750102877595255,0.0042,0.0045,0.004328,0.00435,2465.61,ETH-18SEP26,0.584,0.09556,0.68308,19764.0,341.0,0.0002999999999999999,ETH,2457.31,4173.09
2026-09-08T13:30:30.953430+00:00,ETH-27NOV26-2850-P,2481.44,ETH-27NOV26,put,2850.0,2026-11-27T08:00:00+00:00,0.21839965797684235,0.192,0.203,0.196978,0.1975,2481.44,ETH-27NOV26,0.5343,-0.66968,4.19267,0.0,0.0,0.01100000000000001,ETH,2457.31,0.0
2026-09-08T13:30:30.953430+00:00,ETH-25SEP26-2380-C,2467.87,ETH-25SEP26,call,2380.0,2026-09-25T08:00:00+00:00,0.04591505838751996,0.061,0.0635,0.062337,0.06225,2467.87,ETH-25SEP26,0.5023,0.64358,1.96729,78.0,0.0,0.0025000000000000022,ETH,2457.31,0.0
2026-09-08T13:30:30.953430+00:00,ETH-12SEP26-2200-P,2464.08,ETH-12SEP26,put,2200.0,2026-09-12T08:00:00+00:00,0.010322998154802646,0.0008,0.0011,0.000972,0.00095,2464.08,ETH-12SEP26,0.6336999999999999,-0.03916,0.21164,0.0,0.0,0.00030000000000000003,ETH,2457.91,0.0
2026-09-08T13:30:30.953430+00:00,ETH-25JUN27-2500-C,2540.48,ETH-25JUN27,call,2500.0,2027-06-25T08:00:00+00:00,0.7933483232745836,0.2005,0.204,0.202281,0.20225,2540.48,ETH-25JUN27,0.5566,0.60858,8.6734,3192.0,0.0,0.0034999999999999754,ETH,2457.91,0.0
2026-09-08T13:30:30.953430+00:00,ETH-25DEC26-4000-P,2488.43,ETH-25DEC26,put,4000.0,2026-12-25T08:00:00+00:00,0.29505948001654114,0.61,0.6315,0.619615,0.62075,2488.43,ETH-25DEC26,0.589,-0.90816,2.22427,223.0,0.0,0.021499999999999964,ETH,2457.91,0.0
2026-09-08T13:30:30.953430+00:00,ETH-25JUN27-800-P,2540.61,ETH-25JUN27,put,800.0,2027-06-25T08:00:00+00:00,0.7933483232745836,0.006,0.0075,0.006323,0.00675,2540.61,ETH-25JUN27,0.7545999999999999,-0.02014,1.09998,689.0,0.0,0.0014999999999999996,ETH,2457.91,0.0
2026-09-08T13:30:30.953430+00:00,ETH-26MAR27-6000-P,2513.11,ETH-26MAR27,put,6000.0,2027-03-26T08:00:00+00:00,0.5442039016455624,1.3725,1.416,1.396335,1.39425,2513.11,ETH-26MAR27,0.6362,-0.94774,1.97707,1.0,0.0,0.04349999999999987,ETH,2457.91,0.0
2026-09-08T13:30:30.953430+00:00,ETH-18SEP26-2600-P,2465.48,ETH-18SEP26,put,2600.0,2026-09-18T08:00:00+00:00,0.026750102877595255,0.0675,0.0705,0.068927,0.069,2465.48,ETH-18SEP26,0.5239,-0.72599,1.3407,89.0,0.0,0.002999999999999989,ETH,2457.91,0.0
2026-09-08T13:30:30.953430+00:00,ETH-25SEP26-3100-P,2467.87,ETH-25SEP26,put,3100.0,2026-09-25T08:00:00+00:00,0.04591505838751996,0.255,0.2645,0.258781,0.25975,2467.87,ETH-25SEP26,0.6208,-0.9521,0.52592,1.0,0.0,0.009500000000000008,ETH,2457.91,0.0
2026-09-08T13:30:30.953430+00:00,ETH-11SEP26-2460-C,2463.74,ETH-11SEP26,call,2460.0,2026-09-11T08:00:00+00:00,0.0075851473676705455,0.016,0.017,0.016507,0.0165,2463.74,ETH-11SEP26,0.4532,0.50158,0.85421,132.0,132.0,0.0010000000000000009,ETH,2457.91,7369.86
2026-09-08T13:30:30.953430+00:00,ETH-25DEC26-1600-C,2488.43,ETH-25DEC26,call,1600.0,2026-12-25T08:00:00+00:00,0.29505948001654114,0.3645,0.3715,0.368752,0.368,2488.43,ETH-25DEC26,0.6173,0.93041,1.80376,620.0,0.0,0.007000000000000006,ETH,2458.23,0.0
2026-09-08T13:30:30.953430+00:00,ETH-9SEP26-2650-P,2463.04,ETH-9SEP26,put,2650.0,2026-09-09T08:00:00+00:00,0.002109445793406343,0.073,0.079,0.075913,0.076,2463.04,ETH-9SEP26,0.6354,-0.99485,0.01674,0.0,0.0,0.006000000000000005,ETH,2457.91,0.0
2026-09-08T13:30:30.953430+00:00,ETH-26MAR27-3100-P,2513.11,ETH-26MAR27,put,3100.0,2027-03-26T08:00:00+00:00,0.5442039016455624,0.312,0.328,0.319284,0.32,2513.11,ETH-26MAR27,0.5495,-0.62554,7.01425,99.0,0.0,0.016000000000000014,ETH,2457.91,0.0
2026-09-08T13:30:30.953430+00:00,ETH-30OCT26-4400-C,2473.98,ETH-30OCT26,call,4400.0,2026-10-30T08:00:00+00:00,0.1417398359371435,0.0016,0.0022,0.001873,0.0019,2473.98,ETH-30OCT26,0.7047,0.02045,0.45879,689.0,0.0,0.0006000000000000001,ETH,2457.91,0.0
2026-09-08T13:30:30.953430+00:00,ETH-9SEP26-2340-P,2463.04,ETH-9SEP26,put,2340.0,2026-09-09T08:00:00+00:00,0.002109445793406343,0.0003,0.0004,0.00036,0.00035,2463.04,ETH-9SEP26,0.6101,-0.03594,0.08909,368.0,283.0,0.00010000000000000005,ETH,2457.91,170.14
2026-09-08T13:30:30.953430+00:00,ETH-12SEP26-2280-P,2464.08,ETH-12SEP26,put,2280.0,2026-09-12T08:00:00+00:00,0.010322998154802646,0.0018,0.0022,0.002075,0.002,2464.08,ETH-12SEP26,0.5519,-0.08414,0.38589,0.0,0.0,0.0004000000000000002,ETH,2458.23,0.0
2026-09-08T13:30:30.953430+00:00,ETH-25JUN27-3400-P,2540.48,ETH-25JUN27,put,3400.0,2027-06-25T08:00:00+00:00,0.7933483232745836,0.428,0.4495,0.436911,0.43875,2540.48,ETH-25JUN27,0.5605,-0.63233,8.51096,5.0,0.0,0.02150000000000002,ETH,2458.23,0.0
2026-09-08T13:30:30.953430+00:00,ETH-25SEP26-13000-P,2467.87,ETH-25SEP26,put,13000.0,2026-09-25T08:00:00+00:00,0.04591505838751996,4.2495,4.294,4.267722,4.27175,2467.87,ETH-25SEP26,1.7075,-0.99999,0.00015,0.0,0.0,0.04449999999999932,ETH,2458.23,0.0
2026-09-08T13:30:30.953430+00:00,ETH-9SEP26-2440-P,2463.03,ETH-9SEP26,put,2440.0,2026-09-09T08:00:00+00:00,0.002109445793406343,0.0036,0.0041,0.003797,0.00385,2463.03,ETH-9SEP26,0.4163,-0.34447,0.41543,359.0,238.0,0.0005000000000000004,ETH,2458.23,1653.08
2026-09-08T13:30:30.953430+00:00,ETH-25DEC26-3800-P,2488.43,ETH-25DEC26,put,3800.0,2026-12-25T08:00:00+00:00,0.29505948001654114,0.534,0.5545,0.542676,0.54425,2488.43,ETH-25DEC26,0.5768,-0.88503,2.61885,26.0,0.0,0.020499999999999963,ETH,2458.23,0.0
2026-09-08T13:30:30.953430+00:00,ETH-25JUN27-1200-P,2540.48,ETH-25JUN27,put,1200.0,2027-06-25T08:00:00+00:00,0.7933483232745836,0.0175,0.0195,0.018561,0.0185,2540.48,ETH-25JUN27,0.6574,-0.05821,2.62779,532.0,1.0,0.0019999999999999983,ETH,2458.38,42.48
2026-09-08T13:30:30.953430+00:00,ETH-12SEP26-2500-P,2463.95,ETH-12SEP26,put,2500.0,2026-09-12T08:00:00+00:00,0.010322998154802646,0.027,0.0295,0.028398,0.02825,2463.95,ETH-12SEP26,0.4911,-0.61995,0.95147,44.0,44.0,0.0024999999999999988,ETH,2458.38,3086.06
2026-09-08T13:30:30.953430+00:00,ETH-25SEP26-1300-P,2467.74,ETH-25SEP26,put,1300.0,2026-09-25T08:00:00+00:00,0.04591505838751996,0.0001,0.0002,9.3e-05,0.00015,2467.74,ETH-25SEP26,1.0384,-0.00143,0.02461,4963.0,0.0,0.0001,ETH,2458.23,0.0
2026-09-08T13:30:30.953430+00:00,ETH-12SEP26-2400-C,2463.95,ETH-12SEP26,call,2400.0,2026-09-12T08:00:00+00:00,0.010322998154802646,0.0335,0.0365,0.03485,0.035,2463.95,ETH-12SEP26,0.4841,0.69826,0.87108,0.0,0.0,0.0029999999999999957,ETH,2458.38,0.0
2026-09-08T13:30:30.953430+00:00,ETH-27NOV26-2150-P,2481.44,ETH-27NOV26,put,2150.0,2026-11-27T08:00:00+00:00,0.21839965797684235,0.0405,0.0415,0.041098,0.041,2481.44,ETH-27NOV26,0.5367000000000001,-0.24547,3.64308,12.0,3.0,0.0010000000000000009,ETH,2458.38,292.31
2026-09-08T13:30:30.953430+00:00,ETH-25SEP26-1400-C,2467.87,ETH-25SEP26,call,1400.0,2026-09-25T08:00:00+00:00,0.04591505838751996,0.4305,0.4345,0.432894,0.4325,2467.87,ETH-25SEP26,0.9913,0.99716,0.04603,1553.0,0.0,0.0040000000000000036,ETH,2458.23,0.0
2026-09-08T13:30:30.953430+00:00,ETH-10SEP26-2900-P,2463.48,ETH-10SEP26,put,2900.0,2026-09-10T08:00:00+00:00,0.004847296580538444,0.174,0.1815,0.17727,0.17775,2463.48,ETH-10SEP26,0.7053,-0.99958,0.00258,0.0,0.0,0.007500000000000007,ETH,2458.38,0.0
2026-09-08T13:30:30.953430+00:00,ETH-27NOV26-3300-C,2481.44,ETH-27NOV26,call,3300.0,2026-11-27T08:00:00+00:00,0.21839965797684235,0.0205,0.0215,0.021198,0.021,2481.44,ETH-27NOV26,0.5613,0.16785,2.90588,35.0,25.0,0.0009999999999999974,ETH,2458.38,1361.88
2026-09-08T13:30:30.953430+00:00,ETH-9SEP26-2600-P,2463.04,ETH-9SEP26,put,2600.0,2026-09-09T08:00:00+00:00,0.002109445793406343,0.053,0.06,0.055748,0.0565,2463.04,ETH-9SEP26,0.5709000000000001,-0.98324,0.04699,2.0,2.0,0.006999999999999999,ETH,2458.38,228.89
2026-09-08T13:30:30.953430+00:00,ETH-26MAR27-5500-C,2513.24,ETH-26MAR27,call,5500.0,2027-03-26T08:00:00+00:00,0.5442039016455624,0.011,0.0125,0.01183,0.01175,2513.24,ETH-26MAR27,0.6204,0.06862,2.44748,2975.0,1.0,0.0015000000000000013,ETH,2458.38,29.57
2026-09-08T13:30:30.953430+00:00,ETH-25SEP26-3600-P,2467.87,ETH-25SEP26,put,3600.0,2026-09-25T08:00:00+00:00,0.04591505838751996,0.455,0.4655,0.45941,0.46025,2467.87,ETH-25SEP26,0.7564,-0.98813,0.16335,907.0,20.0,0.01050000000000001,ETH,2458.38,22420.06
2026-09-08T13:30:30.953430+00:00,ETH-10SEP26-2360-P,2463.48,ETH-10SEP26,put,2360.0,2026-09-10T08:00:00+00:00,0.004847296580538444,0.0015,0.0019,0.001692,0.0017,2463.48,ETH-10SEP26,0.49200000000000005,-0.1088,0.31934,629.0,270.0,0.00039999999999999996,ETH,2458.69,1144.03
2026-09-08T13:30:30.953430+00:00,ETH-25SEP26-1300-C,2467.74,ETH-25SEP26,call,1300.0,2026-09-25T08:00:00+00:00,0.04591505838751996,0.4715,0.4745,0.473321,0.473,2467.74,ETH-25SEP26,1.0384,0.99857,0.02459,68.0,0.0,0.0030000000000000027,ETH,2458.38,0.0
2026-09-08T13:30:30.953430+00:00,ETH-25DEC26-1600-P,2488.56,ETH-25DEC26,put,1600.0,2026-12-25T08:00:00+00:00,0.29505948001654114,0.011,0.012,0.011697,0.0115,2488.56,ETH-25DEC26,0.6173,-0.06956,1.8033,8458.0,101.0,0.0010000000000000009,ETH,2458.38,2747.42
2026-09-08T13:30:30.953430+00:00,ETH-30OCT26-2050-P,2473.85,ETH-30OCT26,put,2050.0,2026-10-30T08:00:00+00:00,0.1417398359371435,0.017,0.018,0.017748,0.0175,2473.85,ETH-30OCT26,0.5403,-0.15473,2.21344,397.0,0.0,0.0009999999999999974,ETH,2458.38,0.0
2026-09-08T13:30:30.953430+00:00,ETH-11SEP26-2650-C,2463.74,ETH-11SEP26,call,2650.0,2026-09-11T08:00:00+00:00,0.0075851473676705455,0.0014,0.0016,0.001529,0.0015,2463.74,ETH-11SEP26,0.5622,0.06668,0.27702,5166.0,211.0,0.0002000000000000001,ETH,2458.69,1142.3
2026-09-08T13:30:30.953430+00:00,ETH-9SEP26-2360-P,2463.04,ETH-9SEP26,put,2360.0,2026-09-09T08:00:00+00:00,0.002109445793406343,0.0004,0.0007,0.000542,0.00055,2463.04,ETH-9SEP26,0.5687,-0.05348,0.12277,152.0,7.0,0.0003,ETH,2458.69,3.71
2026-09-08T13:30:30.953430+00:00,ETH-25DEC26-11000-C,2488.43,ETH-25DEC26,call,11000.0,2026-12-25T08:00:00+00:00,0.29505948001654114,0.0001,0.0003,0.000204,0.0002,2488.43,ETH-25DEC26,0.8645,0.00168,0.0732,2175.0,0.0,0.00019999999999999998,ETH,2458.69,0.0
2026-09-08T13:30:30.953430+00:00,ETH-25JUN27-1000-C,2540.61,ETH-25JUN27,call,1000.0,2027-06-25T08:00:00+00:00,0.7933483232745836,0.614,0.6215,0.617703,0.61775,2540.61,ETH-25JUN27,0.7025,0.96405,1.78479,114.0,18.0,0.007500000000000062,ETH,2458.85,27652.7
2026-09-08T13:30:30.953430+00:00,ETH-10SEP26-2620-C,2463.48,ETH-10SEP26,call,2620.0,2026-09-10T08:00:00+00:00,0.004847296580538444,0.0008,0.001,0.0009,0.0009,2463.48,ETH-10SEP26,0.5504,0.05087,0.17899,407.0,412.0,0.00019999999999999998,ETH,2458.69,1753.42
2026-09-08T13:30:30.953430+00:00,ETH-12SEP26-2700-P,2463.95,ETH-12SEP26,put,2700.0,2026-09-12T08:00:00+00:00,0.010322998154802646,0.094,0.1025,0.09788,0.09825,2463.95,ETH-12SEP26,0.593,-0.9353,0.31577,0.0,0.0,0.008499999999999994,ETH,2458.85,0.0
2026-09-08T13:30:30.953430+00:00,ETH-25JUN27-2300-P,2540.62,ETH-25JUN27,put,2300.0,2027-06-25T08:00:00+00:00,0.7933483232745836,0.1425,0.145,0.143702,0.14375,2540.62,ETH-25JUN27,0.5589,-0.32808,8.16418,756.0,0.0,0.0025000000000000022,ETH,2458.85,0.0
2026-09-08T13:30:30.953430+00:00,ETH-25SEP26-2380-P,2467.87,ETH-25SEP26,put,2380.0,2026-09-25T08:00:00+00:00,0.04591505838751996,0.026,0.027,0.026736,0.0265,2467.87,ETH-25SEP26,0.5023,-0.35438,1.96447,181.0,50.0,0.0010000000000000009,ETH,2458.69,2807.92
2026-09-08T13:30:30.953430+00:00,ETH-30OCT26-2400-P,2473.85,ETH-30OCT26,put,2400.0,2026-10-30T08:00:00+00:00,0.1417398359371435,0.061,0.062,0.061627,0.0615,2473.85,ETH-30OCT26,0.5119,-0.40322,3.60094,4436.0,10.0,0.0010000000000000009,ETH,2458.85,1406.51
2026-09-08T13:30:30.953430+00:00,ETH-27NOV26-3200-P,2481.44,ETH-27NOV26,put,3200.0,2026-11-27T08:00:00+00:00,0.21839965797684235,0.308,0.3225,0.314974,0.31525,2481.44,ETH-27NOV26,0.5548,-0.80451,3.19734,0.0,0.0,0.014500000000000013,ETH,2458.85,0.0
2026-09-08T13:30:30.953430+00:00,ETH-10SEP26-2560-P,2463.35,ETH-10SEP26,put,2560.0,2026-09-10T08:00:00+00:00,0.004847296580538444,0.038,0.0455,0.041542,0.04175,2463.35,ETH-10SEP26,0.49310000000000004,-0.87455,0.35328,35.0,0.0,0.0075,ETH,2458.85,0.0
2026-09-08T13:30:30.953430+00:00,ETH-11SEP26-2900-C,2463.61,ETH-11SEP26,call,2900.0,2026-09-11T08:00:00+00:00,0.0075851473676705455,0.0001,0.0003,0.000163,0.0002,2463.61,ETH-11SEP26,0.7609,0.00722,0.04292,1330.0,110.0,0.00019999999999999998,ETH,2458.85,65.75
2026-09-08T13:30:30.953430+00:00,ETH-12SEP26-2660-C,2464.08,ETH-12SEP26,call,2660.0,2026-09-12T08:00:00+00:00,0.010322998154802646,0.0023,0.0028,0.002524,0.00255,2464.08,ETH-12SEP26,0.5664,0.09172,0.41162,2.0,2.0,0.0005,ETH,2458.92,11.38
2026-09-08T13:30:30.953430+00:00,ETH-18SEP26-2350-C,2465.61,ETH-18SEP26,call,2350.0,2026-09-18T08:00:00+00:00,0.026750102877595255,0.0595,0.0625,0.061163,0.061,2465.61,ETH-18SEP26,0.5104,0.72431,1.34517,172.0,0.0,0.0030000000000000027,ETH,2458.85,0.0
2026-09-08T13:30:30.953430+00:00,ETH-9SEP26-2680-P,2463.04,ETH-9SEP26,put,2680.0,2026-09-09T08:00:00+00:00,0.002109445793406343,0.085,0.091,0.088051,0.088,2463.04,ETH-9SEP26,0.6365,-0.99832,0.00611,0.0,0.0,0.0059999999999999915,ETH,2458.85,0.0
2026-09-08T13:30:30.953430+00:00,ETH-25JUN27-3200-P,2540.61,ETH-25JUN27,put,3200.0,2027-06-25T08:00:00+00:00,0.7933483232745836,0.365,0.386,0.374636,0.3755,2540.61,ETH-25JUN27,0.5581,-0.58664,8.80165,19.0,0.0,0.02100000000000002,ETH,2458.92,0.0
2026-09-08T13:30:30.953430+00:00,ETH-27NOV26-4600-C,2481.44,ETH-27NOV26,call,4600.0,2026-11-27T08:00:00+00:00,0.21839965797684235,0.0034,0.0041,0.003767,0.00375,2481.44,ETH-27NOV26,0.6668999999999999,0.03368,0.86686,365.0,0.0,0.0007000000000000005,ETH,2458.92,0.0
2026-09-08T13:30:30.953430+00:00,ETH-25SEP26-9000-C,2467.87,ETH-25SEP26,call,9000.0,2026-09-25T08:00:00+00:00,0.04591505838751996,,0.0001,1e-06,,2467.87,ETH-25SEP26,1.3633000000000002,1e-05,0.00021,2096.0,0.0,,ETH,2458.92,0.0
2026-09-08T13:30:30.953430+00:00,ETH-11SEP26-2000-P,2463.61,ETH-11SEP26,put,2000.0,2026-09-11T08:00:00+00:00,0.0075851473676705455,0.0001,0.0002,0.000176,0.00015,2463.61,ETH-11SEP26,0.9748,-0.00648,0.039,6223.0,31.0,0.0001,ETH,2458.92,15.4
2026-09-08T13:30:30.953430+00:00,ETH-25JUN27-2100-C,2540.61,ETH-25JUN27,call,2100.0,2027-06-25T08:00:00+00:00,0.7933483232745836,0.2785,0.284,0.280435,0.28125,2540.61,ETH-25JUN27,0.5643,0.73459,7.40745,160.0,0.0,0.005499999999999949,ETH,2458.92,0.0
2026-09-08T13:30:30.953430+00:00,ETH-10SEP26-2660-P,2463.48,ETH-10SEP26,put,2660.0,2026-09-10T08:00:00+00:00,0.004847296580538444,0.077,0.0845,0.08033,0.08075,2463.48,ETH-10SEP26,0.5871,-0.97191,0.11028,0.0,0.0,0.007500000000000007,ETH,2458.92,0.0
2026-09-08T13:30:30.953430+00:00,ETH-30OCT26-1950-C,2473.98,ETH-30OCT26,call,1950.0,2026-10-30T08:00:00+00:00,0.1417398359371435,0.2195,0.228,0.223803,0.22375,2473.98,ETH-30OCT26,0.5588000000000001,0.89047,1.74357,744.0,0.0,0.008500000000000008,ETH,2458.92,0.0
2026-09-08T13:30:30.953430+00:00,ETH-30OCT26-2650-P,2473.85,ETH-30OCT26,put,2650.0,2026-10-30T08:00:00+00:00,0.1417398359371435,0.1195,0.121,0.121073,0.12025,2473.85,ETH-30OCT26,0.5186999999999999,-0.6036,3.58494,337.0,38.0,0.0015000000000000013,ETH,2458.92,11092.61
2026-09-08T13:30:30.953430+00:00,ETH-26MAR27-3200-C,2513.11,ETH-26MAR27,call,3200.0,2027-03-26T08:00:00+00:00,0.5442039016455624,0.0765,0.078,0.077396,0.07725,2513.11,ETH-26MAR27,0.5515,0.34667,6.83357,4838.0,0.0,0.0015000000000000013,ETH,2458.92,0.0
2026-09-08T13:30:30.953430+00:00,ETH-30OCT26-4200-P,2473.85,ETH-30OCT26,put,4200.0,2026-10-30T08:00:00+00:00,0.1417398359371435,0.6915,0.708,0.700061,0.69975,2473.85,ETH-30OCT26,0.6815000000000001,-0.97374,0.56652,0.0,0.0,0.01649999999999996,ETH,2458.92,0.0
2026-09-08T13:30:30.953430+00:00,ETH-25DEC26-3800-C,2488.42,ETH-25DEC26,call,3800.0,2026-12-25T08:00:00+00:00,0.29505948001654114,0.015,0.016,0.015682,0.0155,2488.42,ETH-25DEC26,0.5768,0.11514,2.62237,3134.0,1.0,0.0010000000000000009,ETH,2458.92,43.74
2026-09-08T13:30:30.953430+00:00,ETH-25SEP26-4800-C,2467.74,ETH-25SEP26,call,4800.0,2026-09-25T08:00:00+00:00,0.04591505838751996,,0.0001,3.1e-05,,2467.74,ETH-25SEP26,0.9312,0.00059,0.01101,1700.0,0.0,,ETH,2458.92,0.0
2026-09-08T13:30:30.953430+00:00,ETH-9SEP26-2300-C,2463.04,ETH-9SEP26,call,2300.0,2026-09-09T08:00:00+00:00,0.002109445793406343,0.063,0.069,0.066438,0.066,2463.04,ETH-9SEP26,0.7075,0.98296,0.04767,18.0,0.0,0.006000000000000005,ETH,2458.92,0.0
2026-09-08T13:30:30.953430+00:00,ETH-26MAR27-2400-C,2513.11,ETH-26MAR27,call,2400.0,2027-03-26T08:00:00+00:00,0.5442039016455624,0.1785,0.1815,0.179712,0.18,2513.11,ETH-26MAR27,0.5465,0.62234,7.03598,2362.0,1.0,0.0030000000000000027,ETH,2458.92,445.1
2026-09-08T13:30:30.953430+00:00,ETH-26MAR27-4000-P,2513.11,ETH-26MAR27,put,4000.0,2027-03-26T08:00:00+00:00,0.5442039016455624,0.613,0.6405,0.627584,0.62675,2513.11,ETH-26MAR27,0.5719,-0.81436,4.9525,0.0,0.0,0.02749999999999997,ETH,2458.92,0.0
2026-09-08T13:30:30.953430+00:00,ETH-10SEP26-2100-P,2463.48,ETH-10SEP26,put,2100.0,2026-09-10T08:00:00+00:00,0.004847296580538444,0.0001,0.0003,0.000188,0.0002,2463.48,ETH-10SEP26,0.9687,-0.0083,0.03876,614.0,424.0,0.00019999999999999998,ETH,2458.92,308.05
2026-09-08T13:30:30.953430+00:00,ETH-11SEP26-2550-C,2463.74,ETH-11SEP26,call,2550.0,2026-09-11T08:00:00+00:00,0.0075851473676705455,0.0049,0.0055,0.005202,0.0052,2463.74,ETH-11SEP26,0.4916,0.20579,0.61003,5192.0,3605.0,0.0005999999999999998,ETH,2458.92,89089.05
2026-09-08T13:30:30.953430+00:00,ETH-27NOV26-2550-P,2481.31,ETH-27NOV26,put,2550.0,2026-11-27T08:00:00+00:00,0.21839965797684235,0.1125,0.114,0.113365,0.11325,2481.31,ETH-27NOV26,0.5244,-0.49856,4.61907,43.0,0.0,0.0015000000000000013,ETH,2458.55,0.0
2026-09-08T13:30:30.953430+00:00,ETH-25SEP26-4000-C,2467.87,ETH-25SEP26,call,4000.0,2026-09-25T08:00:00+00:00,0.04591505838751996,0.0002,0.0004,0.000273,0.0003,2467.87,ETH-25SEP26,0.8453,0.0049,0.07502,21302.0,0.0,0.0002,ETH,2458.92,0.0
2026-09-08T13:30:30.953430+00:00,ETH-25SEP26-2100-C,2467.87,ETH-25SEP26,call,2100.0,2026-09-25T08:00:00+00:00,0.04591505838751996,0.151,0.155,0.15384,0.153,2467.87,ETH-25SEP26,0.5664,0.91556,0.81756,5710.0,0.0,0.0040000000000000036,ETH,2458.92,0.0
2026-09-08T13:30:30.953430+00:00,ETH-25DEC26-2500-P,2488.43,ETH-25DEC26,put,2500.0,2026-12-25T08:00:00+00:00,0.29505948001654114,0.1155,0.117,0.116244,0.11625,2488.43,ETH-25DEC26,0.5261,-0.4522,5.34544,1696.0,108.0,0.0015000000000000013,ETH,2458.55,30063.18
2026-09-08T13:30:30.953430+00:00,ETH-11SEP26-2570-P,2463.74,ETH-11SEP26,put,2570.0,2026-09-11T08:00:00+00:00,0.0075851473676705455,0.044,0.0505,0.047169,0.04725,2463.74,ETH-11SEP26,0.5051,-0.83561,0.53047,18.0,18.0,0.006500000000000006,ETH,2458.55,2107.2
2026-09-08T13:30:30.953430+00:00,ETH-26MAR27-4600-P,2513.11,ETH-26MAR27,put,4600.0,2027-03-26T08:00:00+00:00,0.5442039016455624,0.8345,0.867,0.85231,0.85075,2513.11,ETH-26MAR27,0.5908,-0.87959,3.71181,0.0,0.0,0.03249999999999997,ETH,2458.55,0.0
2026-09-08T13:30:30.953430+00:00,ETH-26MAR27-3700-P,2513.11,ETH-26MAR27,put,3700.0,2027-03-26T08:00:00+00:00,0.5442039016455624,0.5065,0.5335,0.519621,0.52,2513.11,ETH-26MAR27,0.5637,-0.76617,5.67285,0.0,0.0,0.027000000000000024,ETH,2458.55,0.0
2026-09-08T13:30:30.953430+00:00,ETH-26MAR27-2200-P,2513.11,ETH-26MAR27,put,2200.0,2027-03-26T08:00:00+00:00,0.5442039016455624,0.0955,0.098,0.096826,0.09675,2513.11,ETH-26MAR27,0.5516,-0.29949,6.43124,1732.0,0.0,0.0025000000000000022,ETH,2458.55,0.0
2026-09-08T13:30:30.953430+00:00,ETH-25DEC26-1700-C,2488.43,ETH-25DEC26,call,1700.0,2026-12-25T08:00:00+00:00,0.29505948001654114,0.3265,0.3365,0.332508,0.3315,2488.43,ETH-25DEC26,0.5963,0.90864,2.21619,365.0,0.0,0.010000000000000009,ETH,2458.55,0.0
2026-09-08T13:30:30.953430+00:00,ETH-30OCT26-2850-P,2473.98,ETH-30OCT26,put,2850.0,2026-10-30T08:00:00+00:00,0.1417398359371435,0.1765,0.1885,0.182276,0.1825,2473.98,ETH-30OCT26,0.5317000000000001,-0.73062,3.07194,0.0,0.0,0.01200000000000001,ETH,2458.55,0.0
2026-09-08T13:30:30.953430+00:00,ETH-12SEP26-2520-P,2464.08,ETH-12SEP26,put,2520.0,2026-09-12T08:00:00+00:00,0.010322998154802646,0.032,0.0355,0.03393,0.03375,2464.08,ETH-12SEP26,0.4966,-0.67596,0.8984,1.0,1.0,0.003499999999999996,ETH,2458.51,64.81
2026-09-08T13:30:30.953430+00:00,ETH-25SEP26-6000-C,2467.74,ETH-25SEP26,call,6000.0,2026-09-25T08:00:00+00:00,0.04591505838751996,,0.0001,2e-06,,2467.74,ETH-25SEP26,1.0195999999999998,4e-05,0.00081,3711.0,0.0,,ETH,2458.51,0.0
2026-09-08T13:30:30.953430+00:00,ETH-12SEP26-2420-P,2464.08,ETH-12SEP26,put,2420.0,2026-09-12T08:00:00+00:00,0.010322998154802646,0.011,0.012,0.011807,0.0115,2464.08,ETH-12SEP26,0.48100000000000004,-0.36103,0.93582,0.0,0.0,0.0010000000000000009,ETH,2458.56,0.0
2026-09-08T13:30:30.953430+00:00,ETH-30OCT26-4400-P,2473.85,ETH-30OCT26,put,4400.0,2026-10-30T08:00:00+00:00,0.1417398359371435,0.772,0.789,0.780391,0.7805,2473.85,ETH-30OCT26,0.7047,-0.9795,0.45976,0.0,0.0,0.017000000000000015,ETH,2458.51,0.0
2026-09-08T13:30:30.953430+00:00,ETH-25DEC26-3200-P,2488.56,ETH-25DEC26,put,3200.0,2026-12-25T08:00:00+00:00,0.29505948001654114,0.3165,0.333,0.322582,0.32475,2488.56,ETH-25DEC26,0.5447,-0.76056,4.19024,261.0,0.0,0.016500000000000015,ETH,2458.51,0.0
2026-09-08T13:30:30.953430+00:00,ETH-25SEP26-5400-C,2467.87,ETH-25SEP26,call,5400.0,2026-09-25T08:00:00+00:00,0.04591505838751996,,0.0001,3e-06,,2467.87,ETH-25SEP26,0.9344,7e-05,0.00143,1738.0,0.0,,ETH,2458.51,0.0
2026-09-08T13:30:30.953430+00:00,ETH-25DEC26-10000-C,2488.43,ETH-25DEC26,call,10000.0,2026-12-25T08:00:00+00:00,0.29505948001654114,0.0002,0.0005,0.00031,0.00035,2488.43,ETH-25DEC26,0.8451000000000001,0.00252,0.10562,1743.0,0.0,0.00030000000000000003,ETH,2458.51,0.0
2026-09-08T13:30:30.953430+00:00,ETH-12SEP26-2560-P,2463.95,ETH-12SEP26,put,2560.0,2026-09-12T08:00:00+00:00,0.010322998154802646,0.0445,0.0485,0.046375,0.0465,2463.95,ETH-12SEP26,0.5125,-0.77134,0.75631,5.0,5.0,0.0040000000000000036,ETH,2458.56,461.22
2026-09-08T13:30:30.953430+00:00,ETH-25JUN27-2800-C,2540.61,ETH-25JUN27,call,2800.0,2027-06-25T08:00:00+00:00,0.7933483232745836,0.1565,0.1595,0.158095,0.158,2540.61,ETH-25JUN27,0.5552,0.51875,9.00372,1231.0,0.0,0.0030000000000000027,ETH,2458.56,0.0
2026-09-08T13:30:30.953430+00:00,ETH-25SEP26-4800-P,2467.87,ETH-25SEP26,put,4800.0,2026-09-25T08:00:00+00:00,0.04591505838751996,0.9395,0.953,0.945036,0.94625,2467.87,ETH-25SEP26,0.9312,-0.99941,0.01097,110.0,0.0,0.013499999999999956,ETH,2458.56,0.0
2026-09-08T13:30:30.953430+00:00,ETH-18SEP26-2350-P,2465.61,ETH-18SEP26,put,2350.0,2026-09-18T08:00:00+00:00,0.026750102877595255,0.0135,0.0145,0.014324,0.014,2465.61,ETH-18SEP26,0.5104,-0.27591,1.34559,1458.0,337.0,0.0010000000000000009,ETH,2458.56,11067.63
2026-09-08T13:30:30.953430+00:00,ETH-25DEC26-5500-P,2488.43,ETH-25DEC26,put,5500.0,2026-12-25T08:00:00+00:00,0.29505948001654114,1.1995,1.23,1.213199,1.21475,2488.43,ETH-25DEC26,0.6798000000000001,-0.97541,0.77785,0.0,0.0,0.03049999999999997,ETH,2458.56,0.0
2026-09-08T13:30:30.953430+00:00,ETH-30OCT26-2350-P,2473.85,ETH-30OCT26,put,2350.0,2026-10-30T08:00:00+00:00,0.1417398359371435,0.052,0.053,0.052571,0.0525,2473.85,ETH-30OCT26,0.5128,-0.36193,3.48568,657.0,1.0,0.0010000000000000009,ETH,2458.56,125.11
2026-09-08T13:30:30.953430+00:00,ETH-25SEP26-4200-C,2467.74,ETH-25SEP26,call,4200.0,2026-09-25T08:00:00+00:00,0.04591505838751996,0.0001,0.0003,0.000171,0.0002,2467.74,ETH-25SEP26,0.878,0.00307,0.04939,2671.0,0.0,0.00019999999999999998,ETH,2458.56,0.0
2026-09-08T13:30:30.953430+00:00,ETH-30OCT26-2700-P,2473.98,ETH-30OCT26,put,2700.0,2026-10-30T08:00:00+00:00,0.1417398359371435,0.1305,0.1405,0.135446,0.1355,2473.98,ETH-30OCT26,0.5217,-0.63913,3.48212,126.0,0.0,0.010000000000000009,ETH,2458.56,0.0
2026-09-08T13:30:30.953430+00:00,ETH-11SEP26-2470-P,2463.61,ETH-11SEP26,put,2470.0,2026-09-11T08:00:00+00:00,0.0075851473676705455,0.0165,0.0175,0.017086,0.017,2463.61,ETH-11SEP26,0.4537,-0.53835,0.85024,995.0,152.0,0.0010000000000000009,ETH,2458.15,5125.86
2026-09-08T13:30:30.953430+00:00,ETH-25JUN27-2800-P,2540.61,ETH-25JUN27,put,2800.0,2027-06-25T08:00:00+00:00,0.7933483232745836,0.2595,0.263,0.260396,0.26125,2540.61,ETH-25JUN27,0.5552,-0.48139,9.00228,667.0,0.0,0.003500000000000003,ETH,2458.15,0.0
2026-09-08T13:30:30.953430+00:00,ETH-27NOV26-2650-C,2481.44,ETH-27NOV26,call,2650.0,2026-11-27T08:00:00+00:00,0.21839965797684235,0.07,0.0715,0.070912,0.07075,2481.44,ETH-27NOV26,0.5268,0.43954,4.56519,320.0,0.0,0.0014999999999999875,ETH,2458.15,0.0
2026-09-08T13:30:30.953430+00:00,ETH-25JUN27-2600-C,2540.61,ETH-25JUN27,call,2600.0,2027-06-25T08:00:00+00:00,0.7933483232745836,0.1845,0.187,0.185984,0.18575,2540.61,ETH-25JUN27,0.5549000000000001,0.5778,8.84015,346.0,0.0,0.0025000000000000022,ETH,2458.15,0.0
2026-09-08T13:30:30.953430+00:00,ETH-12SEP26-2600-P,2464.08,ETH-12SEP26,put,2600.0,2026-09-12T08:00:00+00:00,0.010322998154802646,0.0565,0.0645,0.060213,0.0605,2464.08,ETH-12SEP26,0.5341,-0.84256,0.60134,0.0,0.0,0.008,ETH,2457.43,0.0
2026-09-08T13:30:30.953430+00:00,ETH-25JUN27-1300-P,2540.62,ETH-25JUN27,put,1300.0,2027-06-25T08:00:00+00:00,0.7933483232745836,0.0225,0.0245,0.023322,0.0235,2540.62,ETH-25JUN27,0.6389,-0.0725,3.11493,1679.0,0.0,0.0020000000000000018,ETH,2457.43,0.0
2026-09-08T13:30:30.953430+00:00,ETH-26MAR27-5500-P,2513.11,ETH-26MAR27,put,5500.0,2027-03-26T08:00:00+00:00,0.5442039016455624,1.1785,1.2205,1.200362,1.1995,2513.11,ETH-26MAR27,0.6204,-0.93141,2.44648,0.0,0.0,0.041999999999999815,ETH,2458.15,0.0
2026-09-08T13:30:30.953430+00:00,ETH-26MAR27-1400-C,2513.11,ETH-26MAR27,call,1400.0,2027-03-26T08:00:00+00:00,0.5442039016455624,0.456,0.4645,0.460559,0.46025,2513.11,ETH-26MAR27,0.6372,0.92989,2.48795,31.0,0.0,0.008500000000000008,ETH,2458.15,0.0
2026-09-08T13:30:30.953430+00:00,ETH-25JUN27-2400-P,2540.61,ETH-25JUN27,put,2400.0,2027-06-25T08:00:00+00:00,0.7933483232745836,0.163,0.1665,0.164437,0.16475,2540.61,ETH-25JUN27,0.5577000000000001,-0.35987,8.45003,38.0,0.0,0.003500000000000003,ETH,2457.43,0.0
2026-09-08T13:30:30.953430+00:00,ETH-10SEP26-2320-C,2463.48,ETH-10SEP26,call,2320.0,2026-09-10T08:00:00+00:00,0.004847296580538444,0.057,0.0615,0.059151,0.05925,2463.48,ETH-10SEP26,0.5532,0.93925,0.2058,0.0,0.0,0.004499999999999997,ETH,2457.43,0.0
2026-09-08T13:30:30.953430+00:00,ETH-9SEP26-2100-C,2463.04,ETH-9SEP26,call,2100.0,2026-09-09T08:00:00+00:00,0.002109445793406343,0.1445,0.1495,0.147437,0.147,2463.04,ETH-9SEP26,0.8898,0.99995,0.00024,0.0,0.0,0.0050000000000000044,ETH,2458.15,0.0
2026-09-08T13:30:30.953430+00:00,ETH-25SEP26-1950-C,2467.87,ETH-25SEP26,call,1950.0,2026-09-25T08:00:00+00:00,0.04591505838751996,0.209,0.214,0.211841,0.2115,2467.87,ETH-25SEP26,0.6319,0.96339,0.42323,3695.0,1.0,0.0050000000000000044,ETH,2458.15,549.66
2026-09-08T13:30:30.953430+00:00,ETH-12SEP26-2360-P,2464.08,ETH-12SEP26,put,2360.0,2026-09-12T08:00:00+00:00,0.010322998154802646,0.005,0.006,0.005556,0.0055,2464.08,ETH-12SEP26,0.5005,-0.20364,0.70687,0.0,0.0,0.001,ETH,2457.43,0.0
2026-09-08T13:30:30.953430+00:00,ETH-10SEP26-2800-P,2463.48,ETH-10SEP26,put,2800.0,2026-09-10T08:00:00+00:00,0.004847296580538444,0.1335,0.141,0.136714,0.13725,2463.48,ETH-10SEP26,0.6707,-0.99697,0.01579,0.0,0.0,0.007499999999999979,ETH,2457.43,0.0
2026-09-08T13:30:30.953430+00:00,ETH-9SEP26-2380-C,2463.04,ETH-9SEP26,call,2380.0,2026-09-09T08:00:00+00:00,0.002109445793406343,0.031,0.0375,0.034629,0.03425,2463.04,ETH-9SEP26,0.5318,0.91331,0.17802,0.0,0.0,0.006499999999999999,ETH,2457.43,0.0
2026-09-08T13:30:30.953430+00:00,ETH-27NOV26-1600-C,2481.44,ETH-27NOV26,call,1600.0,2026-11-27T08:00:00+00:00,0.21839965797684235,0.359,0.3655,0.362341,0.36225,2481.44,ETH-27NOV26,0.6325999999999999,0.94789,1.23386,0.0,0.0,0.006500000000000006,ETH,2457.43,0.0
2026-09-08T13:30:30.953430+00:00,ETH-10SEP26-2500-C,2463.48,ETH-10SEP26,call,2500.0,2026-09-10T08:00:00+00:00,0.004847296580538444,0.006,0.007,0.006402,0.0065,2463.48,ETH-10SEP26,0.4451,0.29696,0.59197,88.0,100.0,0.001,ETH,2457.43,2188.62
2026-09-08T13:30:30.953430+00:00,ETH-26MAR27-1600-P,2513.11,ETH-26MAR27,put,1600.0,2027-03-26T08:00:00+00:00,0.5442039016455624,0.0275,0.0295,0.028461,0.0285,2513.11,ETH-26MAR27,0.6041,-0.10922,3.46134,1520.0,0.0,0.0019999999999999983,ETH,2457.43,0.0
2026-09-08T13:30:30.953430+00:00,ETH-9SEP26-2350-C,2463.04,ETH-9SEP26,call,2350.0,2026-09-09T08:00:00+00:00,0.002109445793406343,0.043,0.049,0.046396,0.046,2463.04,ETH-9SEP26,0.5931000000000001,0.95377,0.10919,0.0,0.0,0.006000000000000005,ETH,2457.43,0.0
2026-09-08T13:30:30.953430+00:00,ETH-25JUN27-3800-C,2540.61,ETH-25JUN27,call,3800.0,2027-06-25T08:00:00+00:00,0.7933483232745836,0.072,0.074,0.073154,0.073,2540.61,ETH-25JUN27,0.5667,0.29134,7.74719,436.0,0.0,0.0020000000000000018,ETH,2457.51,0.0
2026-09-08T13:30:30.953430+00:00,ETH-27NOV26-2800-C,2481.44,ETH-27NOV26,call,2800.0,2026-11-27T08:00:00+00:00,0.21839965797684235,0.0525,0.054,0.053205,0.05325,2481.44,ETH-27NOV26,0.532,0.35546,4.31069,237.0,0.0,0.0015000000000000013,ETH,2457.51,0.0
2026-09-08T13:30:30.953430+00:00,ETH-30OCT26-1500-C,2473.85,ETH-30OCT26,call,1500.0,2026-10-30T08:00:00+00:00,0.1417398359371435,0.393,0.398,0.395827,0.3955,2473.85,ETH-30OCT26,0.6933,0.97928,0.46372,50.0,0.0,0.0050000000000000044,ETH,2457.51,0.0
2026-09-08T13:30:30.953430+00:00,ETH-25DEC26-2500-C,2488.42,ETH-25DEC26,call,2500.0,2026-12-25T08:00:00+00:00,0.29505948001654114,0.111,0.1125,0.111643,0.11175,2488.42,ETH-25DEC26,0.5261,0.5472,5.34406,28737.0,45.0,0.0015000000000000013,ETH,2457.51,12647.98
2026-09-08T13:30:30.953430+00:00,ETH-10SEP26-2540-P,2463.48,ETH-10SEP26,put,2540.0,2026-09-10T08:00:00+00:00,0.004847296580538444,0.0315,0.038,0.034317,0.03475,2463.48,ETH-10SEP26,0.4742,-0.83532,0.42407,0.0,0.0,0.006499999999999999,ETH,2457.51,0.0
2026-09-08T13:30:30.953430+00:00,ETH-30OCT26-2800-C,2473.98,ETH-30OCT26,call,2800.0,2026-10-30T08:00:00+00:00,0.1417398359371435,0.034,0.035,0.03427,0.0345,2473.98,ETH-30OCT26,0.5278,0.29643,3.21455,4044.0,5.0,0.0010000000000000009,ETH,2457.51,470.56
2026-09-08T13:30:30.953430+00:00,ETH-10SEP26-2320-P,2463.48,ETH-10SEP26,put,2320.0,2026-09-10T08:00:00+00:00,0.004847296580538444,0.0008,0.0011,0.000962,0.00095,2463.48,ETH-10SEP26,0.5532,-0.06156,0.2079,2.0,2.0,0.00030000000000000003,ETH,2457.51,5.93
2026-09-08T13:30:30.953430+00:00,ETH-26MAR27-2400-P,2513.11,ETH-26MAR27,put,2400.0,2027-03-26T08:00:00+00:00,0.5442039016455624,0.1335,0.136,0.134708,0.13475,2513.11,ETH-26MAR27,0.5465,-0.37811,7.0352,523.0,0.0,0.0025000000000000022,ETH,2457.78,0.0
2026-09-08T13:30:30.953430+00:00,ETH-27NOV26-2350-P,2481.31,ETH-27NOV26,put,2350.0,2026-11-27T08:00:00+00:00,0.21839965797684235,0.0705,0.0715,0.071019,0.071,2481.31,ETH-27NOV26,0.5255,-0.36866,4.36512,150.0,5.0,0.0010000000000000009,ETH,2457.78,849.61
2026-09-08T13:30:30.953430+00:00,ETH-25DEC26-6000-P,2488.43,ETH-25DEC26,put,6000.0,2026-12-25T08:00:00+00:00,0.29505948001654114,1.3985,1.4295,1.413231,1.414,2488.43,ETH-25DEC26,0.7061,-0.98252,0.58253,50.0,0.0,0.030999999999999917,ETH,2457.51,0.0
2026-09-08T13:30:30.953430+00:00,ETH-26MAR27-1700-C,2513.11,ETH-26MAR27,call,1700.0,2027-03-26T08:00:00+00:00,0.5442039016455624,0.3535,0.365,0.359161,0.35925,2513.11,ETH-26MAR27,0.5902000000000001,0.86658,3.9855,1256.0,0.0,0.01150000000000001,ETH,2457.78,0.0
2026-09-08T13:30:30.953430+00:00,ETH-10SEP26-2100-C,2463.48,ETH-10SEP26,call,2100.0,2026-09-10T08:00:00+00:00,0.004847296580538444,0.145,0.1495,0.147686,0.14725,2463.48,ETH-10SEP26,0.9687,0.99151,0.0395,0.0,0.0,0.004500000000000004,ETH,2457.78,0.0
2026-09-08T13:30:30.953430+00:00,ETH-25JUN27-1000-P,2540.62,ETH-25JUN27,put,1000.0,2027-06-25T08:00:00+00:00,0.7933483232745836,0.0105,0.012,0.011382,0.01125,2540.62,ETH-25JUN27,0.7025,-0.03599,1.78591,4811.0,1.0,0.0014999999999999996,ETH,2458.11,27.22
2026-09-08T13:30:30.953430+00:00,ETH-27NOV26-2400-P,2481.31,ETH-27NOV26,put,2400.0,2026-11-27T08:00:00+00:00,0.21839965797684235,0.0795,0.081,0.080449,0.08025,2481.31,ETH-27NOV26,0.5244,-0.40141,4.47595,270.0,0.0,0.0015000000000000013,ETH,2457.78,0.0
2026-09-08T13:30:30.953430+00:00,ETH-25SEP26-2000-P,2467.74,ETH-25SEP26,put,2000.0,2026-09-25T08:00:00+00:00,0.04591505838751996,0.0024,0.0028,0.002678,0.0026,2467.74,ETH-25SEP26,0.6098,-0.04872,0.53318,21030.0,111.0,0.0004000000000000002,ETH,2457.78,610.05
2026-09-08T13:30:30.953430+00:00,ETH-9SEP26-2460-C,2463.03,ETH-9SEP26,call,2460.0,2026-09-09T08:00:00+00:00,0.002109445793406343,0.0075,0.0085,0.008199,0.008,2463.03,ETH-9SEP26,0.4119,0.48497,0.44947,25.0,19.0,0.0010000000000000009,ETH,2457.78,631.13
2026-09-08T13:30:30.953430+00:00,ETH-30OCT26-2550-P,2473.85,ETH-30OCT26,put,2550.0,2026-10-30T08:00:00+00:00,0.1417398359371435,0.0935,0.095,0.094731,0.09425,2473.85,ETH-30OCT26,0.5147999999999999,-0.52805,3.69977,726.0,0.0,0.0015000000000000013,ETH,2457.78,0.0
2026-09-08T13:30:30.953430+00:00,ETH-25DEC26-1400-P,2488.42,ETH-25DEC26,put,1400.0,2026-12-25T08:00:00+00:00,0.29505948001654114,0.006,0.007,0.006383,0.0065,2488.42,ETH-25DEC26,0.6659,-0.03883,1.13498,13608.0,1.0,0.001,ETH,2457.78,14.84
2026-09-08T13:30:30.953430+00:00,ETH-30OCT26-2000-C,2473.85,ETH-30OCT26,call,2000.0,2026-10-30T08:00:00+00:00,0.1417398359371435,0.2015,0.21,0.206184,0.20575,2473.85,ETH-30OCT26,0.5489,0.86913,1.97583,753.0,0.0,0.00849999999999998,ETH,2457.78,0.0
2026-09-08T13:30:30.953430+00:00,ETH-10SEP26-2420-C,2463.48,ETH-10SEP26,call,2420.0,2026-09-10T08:00:00+00:00,0.004847296580538444,0.0215,0.024,0.022804,0.02275,2463.48,ETH-10SEP26,0.4364,0.70346,0.59176,0.0,0.0,0.0025000000000000022,ETH,2458.11,0.0
2026-09-08T13:30:30.953430+00:00,ETH-27NOV26-2700-P,2481.44,ETH-27NOV26,put,2700.0,2026-11-27T08:00:00+00:00,0.21839965797684235,0.1515,0.153,0.152598,0.15225,2481.44,ETH-27NOV26,0.5283,-0.58965,4.50124,122.0,23.0,0.0015000000000000013,ETH,2458.11,8412.79
2026-09-08T13:30:30.953430+00:00,ETH-25SEP26-1800-P,2467.87,ETH-25SEP26,put,1800.0,2026-09-25T08:00:00+00:00,0.04591505838751996,0.0008,0.0011,0.000975,0.00095,2467.87,ETH-25SEP26,0.7182999999999999,-0.01724,0.22519,12899.0,9.0,0.00030000000000000003,ETH,2458.11,18.82
2026-09-08T13:30:30.953430+00:00,ETH-10SEP26-2520-P,2463.35,ETH-10SEP26,put,2520.0,2026-09-10T08:00:00+00:00,0.004847296580538444,0.026,0.0295,0.027576,0.02775,2463.35,ETH-10SEP26,0.4612,-0.77408,0.51433,54.0,0.0,0.0034999999999999996,ETH,2458.11,0.0
2026-09-08T13:30:30.953430+00:00,ETH-25DEC26-9000-P,2488.43,ETH-25DEC26,put,9000.0,2026-12-25T08:00:00+00:00,0.29505948001654114,2.594,2.6505,2.616948,2.62225,2488.43,ETH-25DEC26,0.8047,-0.99681,0.13054,0.0,0.0,0.05650000000000022,ETH,2458.11,0.0
2026-09-08T13:30:30.953430+00:00,ETH-25JUN27-3600-C,2540.48,ETH-25JUN27,call,3600.0,2027-06-25T08:00:00+00:00,0.7933483232745836,0.0835,0.0855,0.084639,0.0845,2540.48,ETH-25JUN27,0.5634,0.32726,8.15325,206.0,0.0,0.0020000000000000018,ETH,2458.71,0.0
2026-09-08T13:30:30.953430+00:00,ETH-25JUN27-4800-C,2540.61,ETH-25JUN27,call,4800.0,2027-06-25T08:00:00+00:00,0.7933483232745836,0.037,0.0385,0.037705,0.03775,2540.61,ETH-25JUN27,0.5853,0.1679,5.67232,142.0,0.0,0.0015000000000000013,ETH,2458.71,0.0
2026-09-08T13:30:30.953430+00:00,ETH-25JUN27-4000-P,2540.61,ETH-25JUN27,put,4000.0,2027-06-25T08:00:00+00:00,0.7933483232745836,0.6225,0.654,0.638124,0.63825,2540.61,ETH-25JUN27,0.5699000000000001,-0.74006,7.32808,2.0,0.0,0.03149999999999997,ETH,2458.71,0.0
2026-09-08T13:30:30.953430+00:00,ETH-25DEC26-4600-C,2488.43,ETH-25DEC26,call,4600.0,2026-12-25T08:00:00+00:00,0.29505948001654114,0.006,0.007,0.006363,0.0065,2488.43,ETH-25DEC26,0.6248,0.05,1.39158,11164.0,0.0,0.001,ETH,2458.11,0.0
2026-09-08T13:30:30.953430+00:00,ETH-25DEC26-10000-P,2488.43,ETH-25DEC26,put,10000.0,2026-12-25T08:00:00+00:00,0.29505948001654114,2.997,3.049,3.018715,3.023,2488.43,ETH-25DEC26,0.8451000000000001,-0.99749,0.10512,0.0,0.0,0.052000000000000046,ETH,2458.11,0.0
2026-09-08T13:30:30.953430+00:00,ETH-12SEP26-2520-C,2463.95,ETH-12SEP26,call,2520.0,2026-09-12T08:00:00+00:00,0.010322998154802646,0.0105,0.0115,0.010879,0.011,2463.95,ETH-12SEP26,0.4966,0.32276,0.89669,34.0,40.0,0.0009999999999999992,ETH,2458.71,1454.31
2026-09-08T13:30:30.953430+00:00,ETH-26MAR27-3200-P,2513.11,ETH-26MAR27,put,3200.0,2027-03-26T08:00:00+00:00,0.5442039016455624,0.339,0.361,0.350724,0.35,2513.11,ETH-26MAR27,0.5515,-0.65341,6.83239,20.0,0.0,0.021999999999999964,ETH,2458.71,0.0
2026-09-08T13:30:30.953430+00:00,ETH-26MAR27-2600-C,2513.11,ETH-26MAR27,call,2600.0,2027-03-26T08:00:00+00:00,0.5442039016455624,0.144,0.146,0.14517,0.145,2513.11,ETH-26MAR27,0.5442,0.54447,7.33945,3223.0,0.0,0.0020000000000000018,ETH,2458.71,0.0
2026-09-08T13:30:30.953430+00:00,ETH-25SEP26-2500-C,2467.74,ETH-25SEP26,call,2500.0,2026-09-25T08:00:00+00:00,0.04591505838751996,0.0365,0.0375,0.037018,0.037,2467.74,ETH-25SEP26,0.5024000000000001,0.46683,2.09909,23088.0,100.0,0.0010000000000000009,ETH,2458.71,10593.76
2026-09-08T13:30:30.953430+00:00,ETH-25JUN27-3300-P,2540.61,ETH-25JUN27,put,3300.0,2027-06-25T08:00:00+00:00,0.7933483232745836,0.397,0.4185,0.405383,0.40775,2540.61,ETH-25JUN27,0.5592,-0.61007,8.66867,59.0,0.0,0.021499999999999964,ETH,2458.69,0.0
2026-09-08T13:30:30.953430+00:00,ETH-18SEP26-2300-P,2465.48,ETH-18SEP26,put,2300.0,2026-09-18T08:00:00+00:00,0.026750102877595255,0.009,0.01,0.009598,0.0095,2465.48,ETH-18SEP26,0.5203,-0.20069,1.12957,3462.0,77.0,0.0010000000000000009,ETH,2458.71,1611.66
2026-09-08T13:30:30.953430+00:00,ETH-25JUN27-1700-C,2540.48,ETH-25JUN27,call,1700.0,2027-06-25T08:00:00+00:00,0.7933483232745836,0.377,0.3925,0.384379,0.38475,2540.48,ETH-25JUN27,0.5884,0.84733,5.33048,676.0,0.0,0.015500000000000014,ETH,2458.69,0.0
2026-09-08T13:30:30.953430+00:00,ETH-25SEP26-2360-C,2467.87,ETH-25SEP26,call,2360.0,2026-09-25T08:00:00+00:00,0.04591505838751996,0.066,0.069,0.067527,0.0675,2467.87,ETH-25SEP26,0.5038,0.67319,1.90416,240.0,0.0,0.0030000000000000027,ETH,2458.71,0.0
2026-09-08T13:30:30.953430+00:00,ETH-25SEP26-2600-P,2467.87,ETH-25SEP26,put,2600.0,2026-09-25T08:00:00+00:00,0.04591505838751996,0.075,0.078,0.076653,0.0765,2467.87,ETH-25SEP26,0.5117,-0.66906,1.91426,9379.0,0.0,0.0030000000000000027,ETH,2458.69,0.0
2026-09-08T13:30:30.953430+00:00,ETH-10SEP26-2600-C,2463.48,ETH-10SEP26,call,2600.0,2026-09-10T08:00:00+00:00,0.004847296580538444,0.0011,0.0014,0.001219,0.00125,2463.48,ETH-10SEP26,0.5312,0.06813,0.22504,222.0,159.0,0.0002999999999999999,ETH,2458.69,849.96
2026-09-08T13:30:30.953430+00:00,ETH-27NOV26-2450-C,2481.31,ETH-27NOV26,call,2450.0,2026-11-27T08:00:00+00:00,0.21839965797684235,0.1025,0.104,0.103249,0.10325,2481.31,ETH-27NOV26,0.5236999999999999,0.56635,4.55546,155.0,0.0,0.0015000000000000013,ETH,2458.69,0.0
2026-09-08T13:30:30.953430+00:00,ETH-9SEP26-2480-P,2463.04,ETH-9SEP26,put,2480.0,2026-09-09T08:00:00+00:00,0.002109445793406343,0.0105,0.0125,0.011551,0.0115,2463.04,ETH-9SEP26,0.4163,-0.66845,0.40923,670.0,493.0,0.002,ETH,2458.69,10001.12
2026-09-08T13:30:30.953430+00:00,ETH-11SEP26-2600-C,2463.74,ETH-11SEP26,call,2600.0,2026-09-11T08:00:00+00:00,0.0075851473676705455,0.0025,0.0028,0.002747,0.00265,2463.74,ETH-11SEP26,0.5242,0.11578,0.4177,3022.0,722.0,0.0002999999999999999,ETH,2458.69,6427.72
2026-09-08T13:30:30.953430+00:00,ETH-10SEP26-2380-C,2463.35,ETH-10SEP26,call,2380.0,2026-09-10T08:00:00+00:00,0.004847296580538444,0.0325,0.039,0.036238,0.03575,2463.35,ETH-10SEP26,0.46869999999999995,0.84778,0.40294,0.0,0.0,0.006499999999999999,ETH,2458.69,0.0
2026-09-08T13:30:30.953430+00:00,ETH-30OCT26-3800-C,2473.98,ETH-30OCT26,call,3800.0,2026-10-30T08:00:00+00:00,0.1417398359371435,0.004,0.0043,0.004228,0.00415,2473.98,ETH-30OCT26,0.634,0.04607,0.89832,646.0,0.0,0.0002999999999999999,ETH,2458.69,0.0
2026-09-08T13:30:30.953430+00:00,ETH-25SEP26-2420-P,2467.87,ETH-25SEP26,put,2420.0,2026-09-25T08:00:00+00:00,0.04591505838751996,0.033,0.034,0.033366,0.0335,2467.87,ETH-25SEP26,0.5005,-0.41325,2.05636,5115.0,0.0,0.0010000000000000009,ETH,2458.69,0.0
2026-09-08T13:30:30.953430+00:00,ETH-25DEC26-8000-C,2488.56,ETH-25DEC26,call,8000.0,2026-12-25T08:00:00+00:00,0.29505948001654114,0.0005,0.001,0.000702,0.00075,2488.56,ETH-25DEC26,0.7848999999999999,0.00572,0.2198,2942.0,0.0,0.0005,ETH,2458.69,0.0
2026-09-08T13:30:30.953430+00:00,ETH-10SEP26-2900-C,2463.35,ETH-10SEP26,call,2900.0,2026-09-10T08:00:00+00:00,0.004847296580538444,,0.0001,6e-06,,2463.35,ETH-10SEP26,0.7053,0.00042,0.00256,80.0,0.0,,ETH,2458.05,0.0
2026-09-08T13:30:30.953430+00:00,ETH-25JUN27-1600-P,2540.61,ETH-25JUN27,put,1600.0,2027-06-25T08:00:00+00:00,0.7933483232745836,0.043,0.0455,0.044241,0.04425,2540.61,ETH-25JUN27,0.5987,-0.12933,4.7615,1978.0,0.0,0.0025000000000000022,ETH,2458.05,0.0
2026-09-08T13:30:30.953430+00:00,ETH-10SEP26-2250-P,2463.35,ETH-10SEP26,put,2250.0,2026-09-10T08:00:00+00:00,0.004847296580538444,0.0004,0.0006,0.000463,0.0005,2463.35,ETH-10SEP26,0.6751999999999999,-0.02754,0.10843,192.0,0.0,0.00019999999999999993,ETH,2458.05,0.0
2026-09-08T13:30:30.953430+00:00,ETH-18SEP26-2300-C,2465.61,ETH-18SEP26,call,2300.0,2026-09-18T08:00:00+00:00,0.026750102877595255,0.0755,0.078,0.076717,0.07675,2465.61,ETH-18SEP26,0.5203,0.79924,1.12977,50.0,0.0,0.0025000000000000022,ETH,2458.05,0.0
2026-09-08T13:30:30.953430+00:00,ETH-25SEP26-2550-C,2467.87,ETH-25SEP26,call,2550.0,2026-09-25T08:00:00+00:00,0.04591505838751996,0.029,0.03,0.029283,0.0295,2467.87,ETH-25SEP26,0.5057,0.39462,2.03189,277.0,0.0,0.0009999999999999974,ETH,2458.05,0.0
2026-09-08T13:30:30.953430+00:00,ETH-30OCT26-1900-C,2473.98,ETH-30OCT26,call,1900.0,2026-10-30T08:00:00+00:00,0.1417398359371435,0.2375,0.2455,0.241886,0.2415,2473.98,ETH-30OCT26,0.5699000000000001,0.90812,1.5336,275.0,0.0,0.008000000000000007,ETH,2458.05,0.0
2026-09-08T13:30:30.953430+00:00,ETH-25DEC26-3100-P,2488.56,ETH-25DEC26,put,3100.0,2026-12-25T08:00:00+00:00,0.29505948001654114,0.2835,0.296,0.288501,0.28975,2488.56,ETH-25DEC26,0.5401,-0.72847,4.47518,0.0,0.0,0.012500000000000011,ETH,2458.05,0.0
2026-09-08T13:30:30.953430+00:00,ETH-9SEP26-2620-P,2463.04,ETH-9SEP26,put,2620.0,2026-09-09T08:00:00+00:00,0.002109445793406343,0.061,0.068,0.063811,0.0645,2463.04,ETH-9SEP26,0.6085,-0.98844,0.0341,0.0,0.0,0.007000000000000006,ETH,2458.05,0.0
2026-09-08T13:30:30.953430+00:00,ETH-10SEP26-2540-C,2463.35,ETH-10SEP26,call,2540.0,2026-09-10T08:00:00+00:00,0.004847296580538444,0.003,0.0034,0.003197,0.0032,2463.35,ETH-10SEP26,0.4742,0.16515,0.42487,256.0,68.0,0.00039999999999999975,ETH,2457.57,859.48
2026-09-08T13:30:30.953430+00:00,ETH-9SEP26-2480-C,2463.04,ETH-9SEP26,call,2480.0,2026-09-09T08:00:00+00:00,0.002109445793406343,0.0046,0.005,0.004714,0.0048,2463.04,ETH-9SEP26,0.4163,0.32257,0.4045,680.0,182.0,0.0004000000000000002,ETH,2457.57,3002.5
2026-09-08T13:30:30.953430+00:00,ETH-25DEC26-6500-C,2488.56,ETH-25DEC26,call,6500.0,2026-12-25T08:00:00+00:00,0.29505948001654114,0.0014,0.0018,0.001599,0.0016,2488.56,ETH-25DEC26,0.7292000000000001,0.01287,0.44776,1846.0,0.0,0.00039999999999999996,ETH,2457.57,0.0
2026-09-08T13:30:30.953430+00:00,ETH-26MAR27-3800-C,2513.11,ETH-26MAR27,call,3800.0,2027-03-26T08:00:00+00:00,0.5442039016455624,0.0425,0.044,0.043167,0.04325,2513.11,ETH-26MAR27,0.5667,0.21624,5.42459,1401.0,0.0,0.0014999999999999944,ETH,2457.57,0.0
2026-09-08T13:30:30.953430+00:00,ETH-25SEP26-1500-P,2467.87,ETH-25SEP26,put,1500.0,2026-09-25T08:00:00+00:00,0.04591505838751996,0.0002,0.0003,0.000254,0.00025,2467.87,ETH-25SEP26,0.9084,-0.0041,0.06392,17057.0,0.0,9.999999999999996e-05,ETH,2457.57,0.0
2026-09-08T13:30:30.953430+00:00,ETH-25DEC26-2400-P,2488.56,ETH-25DEC26,put,2400.0,2026-12-25T08:00:00+00:00,0.29505948001654114,0.0945,0.096,0.095214,0.09525,2488.56,ETH-25DEC26,0.5284,-0.39683,5.2009,4775.0,70.0,0.0015000000000000013,ETH,2457.57,15869.74
2026-09-08T13:30:30.953430+00:00,ETH-25SEP26-1950-P,2467.74,ETH-25SEP26,put,1950.0,2026-09-25T08:00:00+00:00,0.04591505838751996,0.0018,0.0022,0.001999,0.002,2467.74,ETH-25SEP26,0.6319,-0.03676,0.4245,4381.0,2.0,0.0004000000000000002,ETH,2457.57,8.0
2026-09-08T13:30:30.953430+00:00,ETH-30OCT26-3200-P,2473.85,ETH-30OCT26,put,3200.0,2026-10-30T08:00:00+00:00,0.1417398359371435,0.3005,0.3145,0.30663,0.3075,2473.85,ETH-30OCT26,0.5637,-0.86788,1.98869,2.0,0.0,0.014000000000000012,ETH,2457.57,0.0
2026-09-08T13:30:30.953430+00:00,ETH-30OCT26-1400-P,2473.85,ETH-30OCT26,put,1400.0,2026-10-30T08:00:00+00:00,0.1417398359371435,0.0013,0.0017,0.001522,0.0015,2473.85,ETH-30OCT26,0.7363,-0.01446,0.34109,2801.0,0.0,0.00039999999999999996,ETH,2457.57,0.0
2026-09-08T13:30:30.953430+00:00,ETH-26MAR27-2300-P,2513.11,ETH-26MAR27,put,2300.0,2027-03-26T08:00:00+00:00,0.5442039016455624,0.1135,0.116,0.114818,0.11475,2513.11,ETH-26MAR27,0.5486,-0.33881,6.77078,1688.0,0.0,0.0025000000000000022,ETH,2457.56,0.0
2026-09-08T13:30:30.953430+00:00,ETH-26MAR27-1700-P,2513.11,ETH-26MAR27,put,1700.0,2027-03-26T08:00:00+00:00,0.5442039016455624,0.035,0.0365,0.035616,0.03575,2513.11,ETH-26MAR27,0.5902000000000001,-0.13346,3.98603,1637.0,0.0,0.0014999999999999944,ETH,2457.56,0.0
2026-09-08T13:30:30.953430+00:00,ETH-10SEP26-2400-C,2463.48,ETH-10SEP26,call,2400.0,2026-09-10T08:00:00+00:00,0.004847296580538444,0.0275,0.0305,0.029223,0.029,2463.48,ETH-10SEP26,0.4497,0.78248,0.5032,34.0,34.0,0.002999999999999999,ETH,2457.56,2956.6
2026-09-08T13:30:30.953430+00:00,ETH-27NOV26-3100-P,2481.44,ETH-27NOV26,put,3100.0,2026-11-27T08:00:00+00:00,0.21839965797684235,0.273,0.2875,0.279617,0.28025,2481.44,ETH-27NOV26,0.5478999999999999,-0.77328,3.4861,0.0,0.0,0.014499999999999957,ETH,2457.56,0.0
2026-09-08T13:30:30.953430+00:00,ETH-9SEP26-2400-C,2463.04,ETH-9SEP26,call,2400.0,2026-09-09T08:00:00+00:00,0.002109445793406343,0.0235,0.029,0.026958,0.02625,2463.04,ETH-9SEP26,0.48460000000000003,0.86483,0.24498,0.0,0.0,0.005500000000000001,ETH,2457.56,0.0
2026-09-08T13:30:30.953430+00:00,ETH-25SEP26-12000-C,2467.87,ETH-25SEP26,call,12000.0,2026-09-25T08:00:00+00:00,0.04591505838751996,,0.0001,0.0,,2467.87,ETH-25SEP26,1.6338,1e-05,0.00017,1953.0,0.0,,ETH,2457.56,0.0
2026-09-08T13:30:30.953430+00:00,ETH-25JUN27-2900-P,2540.48,ETH-25JUN27,put,2900.0,2027-06-25T08:00:00+00:00,0.7933483232745836,0.2865,0.2905,0.287549,0.2885,2540.48,ETH-25JUN27,0.5558,-0.50967,9.00702,284.0,0.0,0.0040000000000000036,ETH,2457.32,0.0
2026-09-08T13:30:30.953430+00:00,ETH-30OCT26-2150-C,2473.98,ETH-30OCT26,call,2150.0,2026-10-30T08:00:00+00:00,0.1417398359371435,0.1525,0.16,0.156982,0.15625,2473.98,ETH-30OCT26,0.5268999999999999,0.78686,2.70251,1035.0,0.0,0.007500000000000007,ETH,2457.56,0.0
2026-09-08T13:30:30.953430+00:00,ETH-25JUN27-4800-P,2540.61,ETH-25JUN27,put,4800.0,2027-06-25T08:00:00+00:00,0.7933483232745836,0.9075,0.9445,0.927365,0.926,2540.61,ETH-25JUN27,0.5853,-0.83237,5.66305,0.0,0.0,0.03700000000000003,ETH,2457.32,0.0
2026-09-08T13:30:30.953430+00:00,ETH-25SEP26-2350-C,2467.74,ETH-25SEP26,call,2350.0,2026-09-25T08:00:00+00:00,0.04591505838751996,0.069,0.0715,0.070208,0.07025,2467.74,ETH-25SEP26,0.5046,0.68625,1.87151,0.0,0.0,0.0024999999999999883,ETH,2457.56,0.0
2026-09-08T13:30:30.953430+00:00,ETH-10SEP26-2440-P,2463.48,ETH-10SEP26,put,2440.0,2026-09-10T08:00:00+00:00,0.004847296580538444,0.007,0.008,0.007687,0.0075,2463.48,ETH-10SEP26,0.4278,-0.39926,0.66048,395.0,125.0,0.001,ETH,2457.32,2076.29
2026-09-08T13:30:30.953430+00:00,ETH-25DEC26-1900-C,2488.43,ETH-25DEC26,call,1900.0,2026-12-25T08:00:00+00:00,0.29505948001654114,0.258,0.267,0.264097,0.2625,2488.43,ETH-25DEC26,0.5634,0.84771,3.17695,3839.0,2.0,0.009000000000000008,ETH,2457.32,1344.66
2026-09-08T13:30:30.953430+00:00,ETH-11SEP26-2250-P,2463.61,ETH-11SEP26,put,2250.0,2026-09-11T08:00:00+00:00,0.0075851473676705455,0.0009,0.0011,0.001001,0.001,2463.61,ETH-11SEP26,0.6214,-0.04816,0.21425,5593.0,272.0,0.0002000000000000001,ETH,2457.32,546.21
2026-09-08T13:30:30.953430+00:00,ETH-30OCT26-2450-C,2473.85,ETH-30OCT26,call,2450.0,2026-10-30T08:00:00+00:00,0.1417398359371435,0.081,0.082,0.08145,0.0815,2473.85,ETH-30OCT26,0.5125,0.55356,3.67471,420.0,0.0,0.0010000000000000009,ETH,2457.32,0.0
2026-09-08T13:30:30.953430+00:00,ETH-11SEP26-2800-P,2463.74,ETH-11SEP26,put,2800.0,2026-09-11T08:00:00+00:00,0.0075851473676705455,0.134,0.141,0.136835,0.1375,2463.74,ETH-11SEP26,0.6817,-0.98475,0.08222,67.0,0.0,0.0069999999999999785,ETH,2457.32,0.0
2026-09-08T13:30:30.953430+00:00,ETH-11SEP26-2200-P,2463.61,ETH-11SEP26,put,2200.0,2026-09-11T08:00:00+00:00,0.0075851473676705455,0.0006,0.0008,0.00072,0.0007,2463.61,ETH-11SEP26,0.7015,-0.03224,0.15458,10109.0,309.0,0.0002000000000000001,ETH,2457.32,474.01
2026-09-08T13:30:30.953430+00:00,ETH-30OCT26-1750-P,2473.85,ETH-30OCT26,put,1750.0,2026-10-30T08:00:00+00:00,0.1417398359371435,0.005,0.006,0.005595,0.0055,2473.85,ETH-30OCT26,0.6112,-0.05352,1.01198,779.0,0.0,0.001,ETH,2457.32,0.0
2026-09-08T13:30:30.953430+00:00,ETH-9SEP26-2650-C,2463.04,ETH-9SEP26,call,2650.0,2026-09-09T08:00:00+00:00,0.002109445793406343,,0.0002,5.9e-05,,2463.04,ETH-9SEP26,0.6354,0.005,0.0163,325.0,333.0,,ETH,2457.32,118.78
2026-09-08T13:30:30.953430+00:00,ETH-25DEC26-1700-P,2488.43,ETH-25DEC26,put,1700.0,2026-12-25T08:00:00+00:00,0.29505948001654114,0.015,0.016,0.015637,0.0155,2488.43,ETH-25DEC26,0.5963,-0.0916,2.21935,13367.0,1.0,0.0010000000000000009,ETH,2457.32,34.83
2026-09-08T13:30:30.953430+00:00,ETH-18SEP26-3200-P,2465.61,ETH-18SEP26,put,3200.0,2026-09-18T08:00:00+00:00,0.026750102877595255,0.2945,0.304,0.298663,0.29925,2465.61,ETH-18SEP26,0.7365,-0.98314,0.16844,0.0,0.0,0.009500000000000008,ETH,2456.94,0.0
2026-09-08T13:30:30.953430+00:00,ETH-30OCT26-1500-P,2473.85,ETH-30OCT26,put,1500.0,2026-10-30T08:00:00+00:00,0.1417398359371435,0.002,0.0023,0.00214,0.00215,2473.85,ETH-30OCT26,0.6933,-0.02076,0.46443,2662.0,0.0,0.0002999999999999999,ETH,2456.94,0.0
2026-09-08T13:30:30.953430+00:00,ETH-12SEP26-2640-C,2463.95,ETH-12SEP26,call,2640.0,2026-09-12T08:00:00+00:00,0.010322998154802646,0.0029,0.0034,0.003057,0.00315,2463.95,ETH-12SEP26,0.5536,0.10756,0.46213,764.0,764.0,0.0005,ETH,2456.94,8134.49
2026-09-08T13:30:30.953430+00:00,ETH-25SEP26-2850-P,2467.87,ETH-25SEP26,put,2850.0,2026-09-25T08:00:00+00:00,0.04591505838751996,0.158,0.167,0.16199,0.1625,2467.87,ETH-25SEP26,0.5579,-0.87778,1.06927,0.0,0.0,0.009000000000000008,ETH,2456.94,0.0
2026-09-08T13:30:30.953430+00:00,ETH-11SEP26-2000-C,2463.61,ETH-11SEP26,call,2000.0,2026-09-11T08:00:00+00:00,0.0075851473676705455,0.186,0.19,0.188402,0.188,2463.61,ETH-11SEP26,0.9748,0.99335,0.03986,54.0,49.0,0.0040000000000000036,ETH,2456.94,23598.68
2026-09-08T13:30:30.953430+00:00,ETH-25DEC26-6000-C,2488.42,ETH-25DEC26,call,6000.0,2026-12-25T08:00:00+00:00,0.29505948001654114,0.0019,0.0024,0.002188,0.00215,2488.42,ETH-25DEC26,0.7061,0.01747,0.58212,10912.0,0.0,0.0004999999999999998,ETH,2456.94,0.0
2026-09-08T13:30:30.953430+00:00,ETH-30OCT26-2800-P,2473.85,ETH-30OCT26,put,2800.0,2026-10-30T08:00:00+00:00,0.1417398359371435,0.1615,0.1705,0.166054,0.166,2473.85,ETH-30OCT26,0.5278,-0.70401,3.21153,20.0,0.0,0.009000000000000008,ETH,2456.94,0.0
2026-09-08T13:30:30.953430+00:00,ETH-11SEP26-2600-P,2463.74,ETH-11SEP26,put,2600.0,2026-09-11T08:00:00+00:00,0.0075851473676705455,0.0545,0.0625,0.058053,0.0585,2463.74,ETH-11SEP26,0.5242,-0.8874,0.4092,332.0,46.0,0.008,ETH,2456.95,6042.08
2026-09-08T13:30:30.953430+00:00,ETH-25JUN27-800-C,2540.61,ETH-25JUN27,call,800.0,2027-06-25T08:00:00+00:00,0.7933483232745836,0.688,0.6945,0.691379,0.69125,2540.61,ETH-25JUN27,0.7545999999999999,0.97983,1.10104,118.0,0.0,0.006500000000000061,ETH,2456.95,0.0
2026-09-08T13:30:30.953430+00:00,ETH-27NOV26-4600-P,2481.31,ETH-27NOV26,put,4600.0,2026-11-27T08:00:00+00:00,0.21839965797684235,0.8475,0.869,0.857641,0.85825,2481.31,ETH-27NOV26,0.6668999999999999,-0.9665,0.86237,0.0,0.0,0.021499999999999964,ETH,2456.95,0.0
