timestamp,instrument_name,underlying,underlying_name,option_type,strike,expiry_datetime,time_to_maturity,bid_price,ask_price,mark_price,mid_price,futures_price,futures_instrument_name,implied_volatility,delta,vega,open_interest,volume,bid_ask_spread,currency,index_price,volume_usd
2026-09-08T08:00:13.008530+00:00,BTC-8SEP26-90000-C,78399.18,SYN.EXPIRY,call,90000.0,2026-09-08T08:00:00+00:00,-4.1221544097143006e-07,,,0.0,,78399.18,SYN.EXPIRY,0.5407,0.0,0.0,8.2,0.0,,BTC,78407.73,0.0
2026-09-08T08:00:13.008530+00:00,BTC-25SEP26-155000-P,78512.61,BTC-25SEP26,put,155000.0,2026-09-25T08:00:00+00:00,0.046543051165804754,,,0.97294124,,78512.61,BTC-25SEP26,0.8133,-0.99992,0.05186,0.1,0.0,,BTC,78398.8,0.0
2026-09-08T08:00:13.008530+00:00,BTC-25SEP26-105000-C,78512.61,BTC-25SEP26,call,105000.0,2026-09-25T08:00:00+00:00,0.046543051165804754,0.0002,0.0004,0.0003052,0.0003,78512.61,BTC-25SEP26,0.5456,0.00798,3.70663,1538.2,0.4,0.0002,BTC,78398.8,14.25
2026-09-08T08:00:13.008530+00:00,BTC-18SEP26-90000-C,78464.89,BTC-18SEP26,call,90000.0,2026-09-18T08:00:00+00:00,0.027378095655880043,0.0008,0.001,0.00096261,0.0009,78464.89,BTC-18SEP26,0.4435,0.03347,9.67339,419.4,11.1,0.00019999999999999998,BTC,78398.8,1062.15
2026-09-08T08:00:13.008530+00:00,BTC-27NOV26-70000-C,79134.43,BTC-27NOV26,call,70000.0,2026-11-27T08:00:00+00:00,0.21902765075512712,,0.1625,0.14348246,,79134.43,BTC-27NOV26,0.40409999999999996,0.77131,112.14019,4.2,0.0,,BTC,78403.14,0.0
2026-09-08T08:00:13.008530+00:00,BTC-9SEP26-73000-P,78401.68,BTC-9SEP26,put,73000.0,2026-09-09T08:00:00+00:00,0.00273743857169113,,0.0001,6.832e-05,,78401.68,BTC-9SEP26,0.5637,-0.00743,0.84299,6.5,5.4,,BTC,78403.14,85.72
2026-09-08T08:00:13.008530+00:00,BTC-30OCT26-90000-P,78832.66,BTC-30OCT26,put,90000.0,2026-10-30T08:00:00+00:00,0.1423678287154283,0.075,,0.15679782,,78832.66,BTC-30OCT26,0.3898,-0.79579,84.35119,5.9,0.0,,BTC,78403.14,0.0
2026-09-08T08:00:13.008530+00:00,BTC-25JUN27-105000-P,81426.85,BTC-25JUN27,put,105000.0,2027-06-25T08:00:00+00:00,0.7939763160528684,,,0.35103599,,81426.85,BTC-25JUN27,0.41950000000000004,-0.68889,256.47485,0.1,0.0,,BTC,78403.16,0.0
2026-09-08T08:00:13.008530+00:00,BTC-25SEP26-82000-P,78512.61,BTC-25SEP26,put,82000.0,2026-09-25T08:00:00+00:00,0.046543051165804754,0.0475,,0.05894415,,78512.61,BTC-25SEP26,0.36950000000000005,-0.69303,59.52393,458.1,0.8,,BTC,78403.14,3404.93
2026-09-08T08:00:13.008530+00:00,BTC-26MAR27-112000-P,80412.23,BTC-26MAR27,put,112000.0,2027-03-26T08:00:00+00:00,0.5448318944238473,,,0.4187209,,80412.23,BTC-26MAR27,0.4208,-0.81883,156.44238,0.1,0.0,,BTC,78403.14,0.0
2026-09-08T08:00:13.008530+00:00,BTC-25DEC26-58000-C,79462.5,BTC-25DEC26,call,58000.0,2026-12-25T08:00:00+00:00,0.295687472794826,,,0.28142364,,79462.5,BTC-25DEC26,0.4642,0.91519,67.15168,40.3,0.0,,BTC,78403.14,0.0
2026-09-08T08:00:13.008530+00:00,BTC-30OCT26-79000-C,78832.45,BTC-30OCT26,call,79000.0,2026-10-30T08:00:00+00:00,0.1423678287154283,0.052,0.057,0.05531011,0.0545,78832.45,BTC-30OCT26,0.37229999999999996,0.52205,118.52661,186.4,0.5,0.0050000000000000044,BTC,78403.16,2302.1
2026-09-08T08:00:13.008530+00:00,BTC-9SEP26-83000-C,78401.47,BTC-9SEP26,call,83000.0,2026-09-09T08:00:00+00:00,0.00273743857169113,,0.0001,2.725e-05,,78401.47,BTC-9SEP26,0.40619999999999995,0.00382,0.46657,73.3,20.4,,BTC,78403.16,281.18
2026-09-08T08:00:13.008530+00:00,BTC-25SEP26-66000-P,78512.61,BTC-25SEP26,put,66000.0,2026-09-25T08:00:00+00:00,0.046543051165804754,0.0014,0.0019,0.00156883,0.00165,78512.61,BTC-25SEP26,0.4668,-0.03801,14.00706,1598.3,14.1,0.0005,BTC,78403.16,1762.46
2026-09-08T08:00:13.008530+00:00,BTC-25JUN27-90000-C,81426.85,BTC-25JUN27,call,90000.0,2027-06-25T08:00:00+00:00,0.7939763160528684,0.1055,0.111,0.10713716,0.10825,81426.85,BTC-25JUN27,0.41369999999999996,0.46532,288.45959,760.3,50.0,0.005500000000000005,BTC,78398.02,442859.71
2026-09-08T08:00:13.008530+00:00,BTC-25SEP26-79000-C,78512.61,BTC-25SEP26,call,79000.0,2026-09-25T08:00:00+00:00,0.046543051165804754,0.0255,0.03,0.02857839,0.02775,78512.61,BTC-25SEP26,0.3624,0.48437,67.54951,2291.3,30.2,0.0045000000000000005,BTC,78403.16,77074.51
2026-09-08T08:00:13.008530+00:00,BTC-10SEP26-78000-P,78407.68,BTC-10SEP26,put,78000.0,2026-09-10T08:00:00+00:00,0.005475289358823231,0.006,0.0075,0.00657458,0.00675,78407.68,BTC-10SEP26,0.3124,-0.4069,22.52044,28.3,28.3,0.0014999999999999996,BTC,78398.02,13680.52
2026-09-08T08:00:13.008530+00:00,BTC-26MAR27-78000-C,80412.23,BTC-26MAR27,call,78000.0,2027-03-26T08:00:00+00:00,0.5448318944238473,0.1275,0.1355,0.13248585,0.1315,80412.23,BTC-26MAR27,0.4033,0.59913,229.51493,584.9,1.0,0.008000000000000007,BTC,78398.02,10961.75
2026-09-08T08:00:13.008530+00:00,BTC-25SEP26-85000-P,78512.61,BTC-25SEP26,put,85000.0,2026-09-25T08:00:00+00:00,0.046543051165804754,0.0125,0.1,0.08967462,0.05625,78512.61,BTC-25SEP26,0.3815,-0.82205,44.14105,454.8,0.0,0.08750000000000001,BTC,78398.02,0.0
2026-09-08T08:00:13.008530+00:00,BTC-27NOV26-68000-P,79134.22,BTC-27NOV26,put,68000.0,2026-11-27T08:00:00+00:00,0.21902765075512712,0.021,0.023,0.02185473,0.022,79134.22,BTC-27NOV26,0.4122,-0.18899,100.19306,39.8,0.0,0.0019999999999999983,BTC,78392.19,0.0
2026-09-08T08:00:13.008530+00:00,BTC-11SEP26-77500-P,78416.72,BTC-11SEP26,put,77500.0,2026-09-11T08:00:00+00:00,0.008213140145955332,0.006,0.0075,0.00650086,0.00675,78416.72,BTC-11SEP26,0.32380000000000003,-0.33834,26.00131,0.3,0.3,0.0014999999999999996,BTC,78398.02,153.56
2026-09-08T08:00:13.008530+00:00,BTC-25DEC26-95000-P,79462.5,BTC-25DEC26,put,95000.0,2026-12-25T08:00:00+00:00,0.295687472794826,,,0.22209309,,79462.5,BTC-25DEC26,0.3983,-0.76296,133.46565,111.0,0.2,,BTC,78398.02,3442.58
2026-09-08T08:00:13.008530+00:00,BTC-27NOV26-81000-P,79134.43,BTC-27NOV26,put,81000.0,2026-11-27T08:00:00+00:00,0.21902765075512712,0.082,0.089,0.08516635,0.0855,79134.43,BTC-27NOV26,0.38770000000000004,-0.51527,147.67369,31.2,10.0,0.006999999999999992,BTC,78392.19,61675.75
2026-09-08T08:00:13.008530+00:00,BTC-11SEP26-72000-C,78416.72,BTC-11SEP26,call,72000.0,2026-09-11T08:00:00+00:00,0.008213140145955332,,,0.0826763,,78416.72,BTC-11SEP26,0.45439999999999997,0.9818,3.17679,147.8,0.0,,BTC,78392.19,0.0
2026-09-08T08:00:13.008530+00:00,BTC-25SEP26-125000-P,78512.61,BTC-25SEP26,put,125000.0,2026-09-25T08:00:00+00:00,0.046543051165804754,,,0.59122363,,78512.61,BTC-25SEP26,0.7615999999999999,-0.997,1.55111,21.7,0.0,,BTC,78392.19,0.0
2026-09-08T08:00:13.008530+00:00,BTC-11SEP26-65000-C,78416.72,BTC-11SEP26,call,65000.0,2026-09-11T08:00:00+00:00,0.008213140145955332,,,0.17166757,,78416.72,BTC-11SEP26,0.7398,0.99768,0.51548,0.0,0.0,,BTC,78392.19,0.0
2026-09-08T08:00:13.008530+00:00,BTC-25JUN27-55000-P,81426.14,BTC-25JUN27,put,55000.0,2027-06-25T08:00:00+00:00,0.7939763160528684,0.026,0.032,0.02978359,0.029,81426.14,BTC-25JUN27,0.45899999999999996,-0.12233,147.15719,35.9,0.3,0.006000000000000002,BTC,78379.12,665.44
2026-09-08T08:00:13.008530+00:00,BTC-26MAR27-96000-C,80412.23,BTC-26MAR27,call,96000.0,2027-03-26T08:00:00+00:00,0.5448318944238473,0.0535,0.0595,0.05551327,0.0565,80412.23,BTC-26MAR27,0.4046,0.32849,214.60548,141.6,0.0,0.005999999999999998,BTC,78392.19,0.0
2026-09-08T08:00:13.008530+00:00,BTC-30OCT26-60000-C,78832.66,BTC-30OCT26,call,60000.0,2026-10-30T08:00:00+00:00,0.1423678287154283,,,0.24364474,,78832.66,BTC-30OCT26,0.47409999999999997,0.94665,32.30316,16.5,0.0,,BTC,78379.12,0.0
2026-09-08T08:00:13.008530+00:00,BTC-30OCT26-76000-P,78832.45,BTC-30OCT26,put,76000.0,2026-10-30T08:00:00+00:00,0.1423678287154283,0.0365,0.0405,0.03897082,0.0385,78832.45,BTC-30OCT26,0.3747,-0.37131,112.4574,105.5,3.3,0.0040000000000000036,BTC,78379.12,8965.13
2026-09-08T08:00:13.008530+00:00,BTC-30OCT26-45000-C,78832.66,BTC-30OCT26,call,45000.0,2026-10-30T08:00:00+00:00,0.1423678287154283,0.4275,0.4325,0.43040993,0.43,78832.66,BTC-30OCT26,0.67,0.99042,7.63928,0.1,0.0,0.0050000000000000044,BTC,78376.19,0.0
2026-09-08T08:00:13.008530+00:00,BTC-30OCT26-66000-C,78832.66,BTC-30OCT26,call,66000.0,2026-10-30T08:00:00+00:00,0.1423678287154283,,,0.17268774,,78832.66,BTC-30OCT26,0.4189,0.88503,57.72436,89.5,0.0,,BTC,78376.19,0.0
2026-09-08T08:00:13.008530+00:00,BTC-10SEP26-80500-C,78407.68,BTC-10SEP26,call,80500.0,2026-09-10T08:00:00+00:00,0.005475289358823231,0.0015,0.0019,0.00181595,0.0017,78407.68,BTC-10SEP26,0.3271,0.13811,12.79513,4.4,0.5,0.00039999999999999996,BTC,78376.19,169.56
2026-09-08T08:00:13.008530+00:00,BTC-25DEC26-70000-P,79462.5,BTC-25DEC26,put,70000.0,2026-12-25T08:00:00+00:00,0.295687472794826,0.035,0.037,0.03639203,0.036,79462.5,BTC-25DEC26,0.40740000000000004,-0.24769,136.64308,1486.2,3.1,0.001999999999999995,BTC,78376.19,8649.81
2026-09-08T08:00:13.008530+00:00,BTC-30OCT26-58000-C,78832.66,BTC-30OCT26,call,58000.0,2026-10-30T08:00:00+00:00,0.1423678287154283,,,0.26809144,,78832.66,BTC-30OCT26,0.496,0.95828,26.52396,0.0,0.0,,BTC,78376.19,0.0
2026-09-08T08:00:13.008530+00:00,BTC-30OCT26-90000-C,78832.66,BTC-30OCT26,call,90000.0,2026-10-30T08:00:00+00:00,0.1423678287154283,0.0145,0.0165,0.0158644,0.0155,78832.66,BTC-30OCT26,0.3898,0.20345,84.1315,2734.5,2.3,0.002,BTC,78377.27,3255.38
2026-09-08T08:00:13.008530+00:00,BTC-27NOV26-98000-C,79134.22,BTC-27NOV26,call,98000.0,2026-11-27T08:00:00+00:00,0.21902765075512712,0.0135,0.015,0.01427455,0.01425,79134.22,BTC-27NOV26,0.4097,0.15374,87.77458,52.3,2.0,0.0014999999999999996,BTC,78377.27,2456.9
2026-09-08T08:00:13.008530+00:00,BTC-25DEC26-125000-C,79462.5,BTC-25DEC26,call,125000.0,2026-12-25T08:00:00+00:00,0.295687472794826,0.0041,0.005,0.00465604,0.00455,79462.5,BTC-25DEC26,0.46549999999999997,0.04808,43.19304,573.1,0.1,0.0008999999999999998,BTC,78376.19,39.51
2026-09-08T08:00:13.008530+00:00,BTC-25JUN27-40000-P,81426.14,BTC-25JUN27,put,40000.0,2027-06-25T08:00:00+00:00,0.7939763160528684,0.002,0.011,0.00964094,0.0065,81426.14,BTC-25JUN27,0.5333,-0.0416,64.55541,1213.2,0.3,0.009,BTC,78377.27,233.71
2026-09-08T08:00:13.008530+00:00,BTC-8SEP26-75000-P,78399.18,SYN.EXPIRY,put,75000.0,2026-09-08T08:00:00+00:00,-4.1221544097143006e-07,,,0.0,,78399.18,SYN.EXPIRY,0.48979999999999996,0.0,0.0,42.0,0.0,,BTC,78407.73,0.0
2026-09-08T08:00:13.008530+00:00,BTC-25SEP26-140000-C,78512.61,BTC-25SEP26,call,140000.0,2026-09-25T08:00:00+00:00,0.046543051165804754,,0.0001,1.237e-05,,78512.61,BTC-25SEP26,0.7629,0.0003,0.1871,1210.3,0.0,,BTC,78377.27,0.0
2026-09-08T08:00:13.008530+00:00,BTC-30OCT26-94000-P,78832.66,BTC-30OCT26,put,94000.0,2026-10-30T08:00:00+00:00,0.1423678287154283,,,0.20182072,,78832.66,BTC-30OCT26,0.4023,-0.861,65.88747,0.0,0.0,,BTC,78381.85,0.0
2026-09-08T08:00:13.008530+00:00,BTC-18SEP26-95000-P,78464.89,BTC-18SEP26,put,95000.0,2026-09-18T08:00:00+00:00,0.027378095655880043,,,0.21027068,,78464.89,BTC-18SEP26,0.4939,-0.98933,3.66183,0.0,0.0,,BTC,78377.27,0.0
2026-09-08T08:00:13.008530+00:00,BTC-25DEC26-100000-C,79462.93,BTC-25DEC26,call,100000.0,2026-12-25T08:00:00+00:00,0.295687472794826,0.018,0.02,0.01921827,0.019,79462.93,BTC-25DEC26,0.4068,0.17633,111.92733,6018.3,0.2,0.0020000000000000018,BTC,78377.27,323.64
2026-09-08T08:00:13.008530+00:00,BTC-8SEP26-81000-C,78399.18,SYN.EXPIRY,call,81000.0,2026-09-08T08:00:00+00:00,-4.1221544097143006e-07,,,0.0,,78399.18,SYN.EXPIRY,0.3496,0.0,0.0,221.4,111.3,,BTC,78407.73,4712.88
2026-09-08T08:00:13.008530+00:00,BTC-26MAR27-62000-P,80412.23,BTC-26MAR27,put,62000.0,2027-03-26T08:00:00+00:00,0.5448318944238473,0.0295,0.035,0.03257557,0.03225,80412.23,BTC-26MAR27,0.4329,-0.16539,147.57751,263.1,3.0,0.005500000000000005,BTC,78381.85,7266.12
2026-09-08T08:00:13.008530+00:00,BTC-25SEP26-102000-P,78512.61,BTC-25SEP26,put,102000.0,2026-09-25T08:00:00+00:00,0.046543051165804754,,,0.29882835,,78512.61,BTC-25SEP26,0.5307999999999999,-0.98709,5.63558,0.4,0.0,,BTC,78381.85,0.0
2026-09-08T08:00:13.008530+00:00,BTC-9SEP26-86000-P,78401.47,BTC-9SEP26,put,86000.0,2026-09-09T08:00:00+00:00,0.00273743857169113,0.0001,,0.09621218,,78401.47,BTC-9SEP26,0.4949,-0.99982,0.02819,0.0,0.0,,BTC,78380.92,0.0
2026-09-08T08:00:13.008530+00:00,BTC-27NOV26-80000-C,79134.22,BTC-27NOV26,call,80000.0,2026-11-27T08:00:00+00:00,0.21902765075512712,0.0675,0.07,0.0676197,0.06875,79134.22,BTC-27NOV26,0.3875,0.51167,147.69676,838.0,18.8,0.0025000000000000022,BTC,78380.92,109639.41
2026-09-08T08:00:13.008530+00:00,BTC-9SEP26-75000-C,78401.47,BTC-9SEP26,call,75000.0,2026-09-09T08:00:00+00:00,0.00273743857169113,0.0001,,0.04413819,,78401.47,BTC-9SEP26,0.4096,0.98068,1.92921,0.0,0.0,,BTC,78380.92,0.0
2026-09-08T08:00:13.008530+00:00,BTC-11SEP26-76000-C,78416.72,BTC-11SEP26,call,76000.0,2026-09-11T08:00:00+00:00,0.008213140145955332,0.01,,0.03381565,,78416.72,BTC-11SEP26,0.3411,0.84624,16.84709,103.8,0.0,,BTC,78380.92,0.0
2026-09-08T08:00:13.008530+00:00,BTC-25JUN27-94000-P,81426.85,BTC-25JUN27,put,94000.0,2027-06-25T08:00:00+00:00,0.7939763160528684,,,0.24597759,,81426.85,BTC-25JUN27,0.4139,-0.58137,283.44977,0.1,0.0,,BTC,78380.92,0.0
2026-09-08T08:00:13.008530+00:00,BTC-27NOV26-92000-C,79134.22,BTC-27NOV26,call,92000.0,2026-11-27T08:00:00+00:00,0.21902765075512712,0.023,0.0245,0.02386208,0.02375,79134.22,BTC-27NOV26,0.39799999999999996,0.23671,114.27323,52.1,0.0,0.0015000000000000013,BTC,78376.37,0.0
2026-09-08T08:00:13.008530+00:00,BTC-25DEC26-58000-P,79462.5,BTC-25DEC26,put,58000.0,2026-12-25T08:00:00+00:00,0.295687472794826,0.01,0.0115,0.01086274,0.01075,79462.5,BTC-25DEC26,0.4642,-0.08498,67.23648,1834.3,0.0,0.0014999999999999996,BTC,78380.92,0.0
2026-09-08T08:00:13.008530+00:00,BTC-10SEP26-73000-C,78407.68,BTC-10SEP26,call,73000.0,2026-09-10T08:00:00+00:00,0.005475289358823231,,,0.06974872,,78407.68,BTC-10SEP26,0.4542,0.98351,2.38306,0.0,0.0,,BTC,78376.37,0.0
2026-09-08T08:00:13.008530+00:00,BTC-11SEP26-81000-P,78416.72,BTC-11SEP26,put,81000.0,2026-09-11T08:00:00+00:00,0.008213140145955332,0.0014,,0.03480027,,78416.72,BTC-11SEP26,0.3425,-0.84979,16.58727,163.7,0.1,,BTC,78380.92,210.59
2026-09-08T08:00:13.008530+00:00,BTC-18SEP26-86000-P,78464.68,BTC-18SEP26,put,86000.0,2026-09-18T08:00:00+00:00,0.027378095655880043,,,0.09815942,,78464.68,BTC-18SEP26,0.40509999999999996,-0.90957,21.1594,0.0,0.0,,BTC,78376.37,0.0
2026-09-08T08:00:13.008530+00:00,BTC-30OCT26-100000-P,78832.66,BTC-30OCT26,put,100000.0,2026-10-30T08:00:00+00:00,0.1423678287154283,,,0.27337717,,78832.66,BTC-30OCT26,0.42729999999999996,-0.91868,44.76816,0.3,0.0,,BTC,78376.87,0.0
2026-09-08T08:00:13.008530+00:00,BTC-11SEP26-85000-P,78416.29,BTC-11SEP26,put,85000.0,2026-09-11T08:00:00+00:00,0.008213140145955332,,,0.08357545,,78416.29,BTC-11SEP26,0.43270000000000003,-0.97947,3.51757,32.4,0.0,,BTC,78376.37,0.0
2026-09-08T08:00:13.008530+00:00,BTC-25DEC26-220000-C,79462.93,BTC-25DEC26,call,220000.0,2026-12-25T08:00:00+00:00,0.295687472794826,0.0002,0.0008,0.00044019,0.0005,79462.93,BTC-25DEC26,0.6662,0.00428,5.43689,254.0,0.0,0.0006000000000000001,BTC,78376.37,0.0
2026-09-08T08:00:13.008530+00:00,BTC-26MAR27-80000-C,80412.23,BTC-26MAR27,call,80000.0,2027-03-26T08:00:00+00:00,0.5448318944238473,0.117,0.121,0.12052141,0.119,80412.23,BTC-26MAR27,0.4019,0.5654,233.60902,1082.2,41.0,0.00399999999999999,BTC,78376.37,384833.3
2026-09-08T08:00:13.008530+00:00,BTC-25SEP26-175000-P,78512.61,BTC-25SEP26,put,175000.0,2026-09-25T08:00:00+00:00,0.046543051165804754,,,1.22751178,,78512.61,BTC-25SEP26,0.89,-0.99998,0.01652,3.3,0.0,,BTC,78376.37,0.0
2026-09-08T08:00:13.008530+00:00,BTC-25SEP26-77000-C,78512.61,BTC-25SEP26,call,77000.0,2026-09-25T08:00:00+00:00,0.046543051165804754,0.0285,0.048,0.0419995,0.03825,78512.61,BTC-25SEP26,0.3643,0.61151,64.92088,290.1,0.4,0.0195,BTC,78376.87,1493.61
2026-09-08T08:00:13.008530+00:00,BTC-25DEC26-56000-P,79462.5,BTC-25DEC26,put,56000.0,2026-12-25T08:00:00+00:00,0.295687472794826,0.008,0.0095,0.00889586,0.00875,79462.5,BTC-25DEC26,0.4779,-0.07009,58.08009,514.5,9.0,0.0014999999999999996,BTC,78376.87,6064.6
2026-09-08T08:00:13.008530+00:00,BTC-11SEP26-78500-C,78416.72,BTC-11SEP26,call,78500.0,2026-09-11T08:00:00+00:00,0.008213140145955332,0.006,0.0145,0.01147346,0.01025,78416.72,BTC-11SEP26,0.32299999999999995,0.48732,28.33898,21.0,22.0,0.0085,BTC,78376.87,18997.97
2026-09-08T08:00:13.008530+00:00,BTC-25SEP26-75000-P,78512.69,BTC-25SEP26,put,75000.0,2026-09-25T08:00:00+00:00,0.046543051165804754,0.012,0.0145,0.01362467,0.01325,78512.69,BTC-25SEP26,0.3709,-0.27146,56.16085,4594.4,33.4,0.0025000000000000005,BTC,78376.87,34749.24
2026-09-08T08:00:13.008530+00:00,BTC-25DEC26-140000-C,79462.93,BTC-25DEC26,call,140000.0,2026-12-25T08:00:00+00:00,0.295687472794826,0.0023,0.003,0.00256652,0.00265,79462.93,BTC-25DEC26,0.5035000000000001,0.0267,26.68203,1434.9,0.0,0.0007000000000000001,BTC,78379.26,0.0
2026-09-08T08:00:13.008530+00:00,BTC-30OCT26-71000-C,78832.66,BTC-30OCT26,call,71000.0,2026-10-30T08:00:00+00:00,0.1423678287154283,0.09,,0.11931729,,78832.66,BTC-30OCT26,0.3897,0.7831,87.35712,977.5,0.0,,BTC,78379.26,0.0
2026-09-08T08:00:13.008530+00:00,BTC-25SEP26-90000-C,78512.69,BTC-25SEP26,call,90000.0,2026-09-25T08:00:00+00:00,0.046543051165804754,0.0023,0.0028,0.00268486,0.00255,78512.69,BTC-25SEP26,0.4146,0.06888,22.46293,8793.0,27.1,0.0005,BTC,78379.26,8372.83
2026-09-08T08:00:13.008530+00:00,BTC-25SEP26-73000-C,78513.04,BTC-25SEP26,call,73000.0,2026-09-25T08:00:00+00:00,0.046543051165804754,,,0.07891631,,78513.04,BTC-25SEP26,0.38189999999999996,0.82151,44.21363,41.0,0.0,,BTC,78379.26,0.0
2026-09-08T08:00:13.008530+00:00,BTC-25DEC26-76000-P,79462.5,BTC-25DEC26,put,76000.0,2026-12-25T08:00:00+00:00,0.295687472794826,0.06,0.066,0.06363231,0.063,79462.5,BTC-25DEC26,0.3961,-0.377,164.13709,387.3,0.0,0.006000000000000005,BTC,78379.26,0.0
2026-09-08T08:00:13.008530+00:00,BTC-25DEC26-250000-C,79462.5,BTC-25DEC26,call,250000.0,2026-12-25T08:00:00+00:00,0.295687472794826,0.0001,0.0004,0.00021588,0.00025,79462.5,BTC-25DEC26,0.6920999999999999,0.00214,2.91301,1281.3,1.0,0.00030000000000000003,BTC,78379.26,15.82
2026-09-08T08:00:13.008530+00:00,BTC-25JUN27-85000-C,81426.85,BTC-25JUN27,call,85000.0,2027-06-25T08:00:00+00:00,0.7939763160528684,0.125,0.1325,0.12854417,0.12875,81426.85,BTC-25JUN27,0.413,0.52658,288.83291,152.8,0.0,0.007500000000000007,BTC,78376.27,0.0
2026-09-08T08:00:13.008530+00:00,BTC-25JUN27-45000-P,81426.14,BTC-25JUN27,put,45000.0,2027-06-25T08:00:00+00:00,0.7939763160528684,0.0105,0.0155,0.01406195,0.013,81426.14,BTC-25JUN27,0.5021,-0.06076,87.29974,121.8,0.0,0.004999999999999999,BTC,78376.27,0.0
2026-09-08T08:00:13.008530+00:00,BTC-25JUN27-106000-C,81426.14,BTC-25JUN27,call,106000.0,2027-06-25T08:00:00+00:00,0.7939763160528684,0.057,0.064,0.06017442,0.0605,81426.14,BTC-25JUN27,0.4202,0.30239,253.20272,0.0,0.0,0.006999999999999999,BTC,78376.27,0.0
2026-09-08T08:00:13.008530+00:00,BTC-26MAR27-70000-C,80412.23,BTC-26MAR27,call,70000.0,2027-03-26T08:00:00+00:00,0.5448318944238473,0.186,0.1935,0.19000356,0.18975,80412.23,BTC-26MAR27,0.41369999999999996,0.72763,197.11609,797.8,0.0,0.007500000000000007,BTC,78376.27,0.0
2026-09-08T08:00:13.008530+00:00,BTC-9SEP26-79500-C,78401.47,BTC-9SEP26,call,79500.0,2026-09-09T08:00:00+00:00,0.00273743857169113,0.0012,0.0018,0.00163997,0.0015,78401.47,BTC-9SEP26,0.2922,0.17841,10.70511,38.2,36.3,0.0006000000000000001,BTC,78376.27,23065.27
2026-09-08T08:00:13.008530+00:00,BTC-27NOV26-92000-P,79134.43,BTC-27NOV26,put,92000.0,2026-11-27T08:00:00+00:00,0.21902765075512712,,,0.18570049,,79134.43,BTC-27NOV26,0.39799999999999996,-0.76339,114.2371,2.1,0.0,,BTC,78376.27,0.0
2026-09-08T08:00:13.008530+00:00,BTC-30OCT26-40000-P,78832.66,BTC-30OCT26,put,40000.0,2026-10-30T08:00:00+00:00,0.1423678287154283,0.0004,0.0009,0.00048168,0.00065,78832.66,BTC-30OCT26,0.7387999999999999,-0.00507,4.35378,77.8,0.2,0.0005,BTC,78376.92,9.45
2026-09-08T08:00:13.008530+00:00,BTC-11SEP26-95000-P,78416.72,BTC-11SEP26,put,95000.0,2026-09-11T08:00:00+00:00,0.008213140145955332,,,0.21071319,,78416.72,BTC-11SEP26,0.6341,-0.99954,0.11701,0.1,0.0,,BTC,78376.92,0.0
2026-09-08T08:00:13.008530+00:00,BTC-25JUN27-108000-C,81426.85,BTC-25JUN27,call,108000.0,2027-06-25T08:00:00+00:00,0.7939763160528684,0.053,0.06,0.05619839,0.0565,81426.85,BTC-25JUN27,0.4217,0.2863,246.87977,12.7,0.0,0.006999999999999999,BTC,78376.92,0.0
2026-09-08T08:00:13.008530+00:00,BTC-11SEP26-67000-P,78416.29,BTC-11SEP26,put,67000.0,2026-09-11T08:00:00+00:00,0.008213140145955332,,0.0001,8.194e-05,,78416.29,BTC-11SEP26,0.67,-0.00445,0.92674,410.9,4.5,,BTC,78376.92,35.72
2026-09-08T08:00:13.008530+00:00,BTC-25JUN27-115000-P,81426.85,BTC-25JUN27,put,115000.0,2027-06-25T08:00:00+00:00,0.7939763160528684,,,0.45614748,,81426.85,BTC-25JUN27,0.4278,-0.76284,224.09854,0.0,0.0,,BTC,78373.93,0.0
2026-09-08T08:00:13.008530+00:00,BTC-26MAR27-45000-P,80412.23,BTC-26MAR27,put,45000.0,2027-03-26T08:00:00+00:00,0.5448318944238473,0.006,0.0095,0.00787807,0.00775,80412.23,BTC-26MAR27,0.5175,-0.04368,54.92524,259.4,0.1,0.0034999999999999996,BTC,78376.92,59.37
2026-09-08T08:00:13.008530+00:00,BTC-30OCT26-95000-P,78832.66,BTC-30OCT26,put,95000.0,2026-10-30T08:00:00+00:00,0.1423678287154283,,,0.21348353,,78832.66,BTC-30OCT26,0.406,-0.87354,61.72658,0.4,0.0,,BTC,78373.93,0.0
2026-09-08T08:00:13.008530+00:00,BTC-27NOV26-108000-C,79134.22,BTC-27NOV26,call,108000.0,2026-11-27T08:00:00+00:00,0.21902765075512712,0.006,0.0075,0.00658252,0.00675,79134.22,BTC-27NOV26,0.4351,0.07686,53.41446,12.0,0.0,0.0014999999999999996,BTC,78376.92,0.0
2026-09-08T08:00:13.008530+00:00,BTC-27NOV26-83000-C,79134.43,BTC-27NOV26,call,83000.0,2026-11-27T08:00:00+00:00,0.21902765075512712,0.051,0.054,0.05240696,0.0525,79134.43,BTC-27NOV26,0.3876,0.43084,145.51699,26.5,10.0,0.0030000000000000027,BTC,78373.93,46973.91
2026-09-08T08:00:13.008530+00:00,BTC-27NOV26-98000-P,79134.43,BTC-27NOV26,put,98000.0,2026-11-27T08:00:00+00:00,0.21902765075512712,,,0.25188502,,79134.43,BTC-27NOV26,0.4097,-0.84632,87.7499,0.0,0.0,,BTC,78373.93,0.0
2026-09-08T08:00:13.008530+00:00,BTC-18SEP26-72000-P,78464.89,BTC-18SEP26,put,72000.0,2026-09-18T08:00:00+00:00,0.027378095655880043,0.0027,0.0034,0.00310099,0.00305,78464.89,BTC-18SEP26,0.4097,-0.09741,22.35095,1795.0,505.4,0.0006999999999999997,BTC,78373.93,92279.12
2026-09-08T08:00:13.008530+00:00,BTC-27NOV26-78000-P,79134.22,BTC-27NOV26,put,78000.0,2026-11-27T08:00:00+00:00,0.21902765075512712,0.0635,0.0675,0.06468481,0.0655,79134.22,BTC-27NOV26,0.3885,-0.43312,145.66792,65.9,10.0,0.0040000000000000036,BTC,78373.93,46501.48
2026-09-08T08:00:13.008530+00:00,BTC-25DEC26-65000-P,79462.93,BTC-25DEC26,put,65000.0,2026-12-25T08:00:00+00:00,0.295687472794826,0.021,0.023,0.02193618,0.022,79462.93,BTC-25DEC26,0.4244,-0.1625,106.20567,792.4,0.5,0.0019999999999999983,BTC,78374.58,811.31
2026-09-08T08:00:13.008530+00:00,BTC-8SEP26-77500-P,78399.18,SYN.EXPIRY,put,77500.0,2026-09-08T08:00:00+00:00,-4.1221544097143006e-07,,,0.0,,78399.18,SYN.EXPIRY,0.41509999999999997,0.0,0.0,117.3,65.7,,BTC,78407.73,2225.25
2026-09-08T08:00:13.008530+00:00,BTC-11SEP26-90000-P,78416.29,BTC-11SEP26,put,90000.0,2026-09-11T08:00:00+00:00,0.008213140145955332,,,0.14700857,,78416.29,BTC-11SEP26,0.5154,-0.99832,0.38511,0.1,0.0,,BTC,78374.58,0.0
2026-09-08T08:00:13.008530+00:00,BTC-18SEP26-70000-C,78464.89,BTC-18SEP26,call,70000.0,2026-09-18T08:00:00+00:00,0.027378095655880043,,,0.11007011,,78464.89,BTC-18SEP26,0.4365,0.94643,14.14548,0.0,0.0,,BTC,78374.58,0.0
2026-09-08T08:00:13.008530+00:00,BTC-27NOV26-104000-C,79134.22,BTC-27NOV26,call,104000.0,2026-11-27T08:00:00+00:00,0.21902765075512712,0.0085,0.0095,0.00892071,0.009,79134.22,BTC-27NOV26,0.4253,0.1012,65.56206,10.5,0.4,0.0009999999999999992,BTC,78374.58,295.67
2026-09-08T08:00:13.008530+00:00,BTC-11SEP26-75000-P,78416.2,BTC-11SEP26,put,75000.0,2026-09-11T08:00:00+00:00,0.008213140145955332,0.0011,0.0015,0.00126989,0.0013,78416.2,BTC-11SEP26,0.3643,-0.08771,11.32122,920.1,50.8,0.00039999999999999996,BTC,78374.58,5859.37
2026-09-08T08:00:13.008530+00:00,BTC-25JUN27-130000-C,81426.14,BTC-25JUN27,call,130000.0,2027-06-25T08:00:00+00:00,0.7939763160528684,0.025,0.031,0.02858122,0.028,81426.14,BTC-25JUN27,0.44299999999999995,0.16155,177.66115,761.9,0.2,0.005999999999999998,BTC,78373.95,462.68
2026-09-08T08:00:13.008530+00:00,BTC-27NOV26-90000-P,79134.22,BTC-27NOV26,put,90000.0,2026-11-27T08:00:00+00:00,0.21902765075512712,,,0.16497114,,79134.22,BTC-27NOV26,0.3945,-0.72787,122.93103,0.3,0.0,,BTC,78374.58,0.0
2026-09-08T08:00:13.008530+00:00,BTC-11SEP26-64000-P,78416.29,BTC-11SEP26,put,64000.0,2026-09-11T08:00:00+00:00,0.008213140145955332,,0.0001,2.024e-05,,78416.29,BTC-11SEP26,0.74,-0.00112,0.26529,77.9,0.5,,BTC,78373.95,3.95
2026-09-08T08:00:13.008530+00:00,BTC-25DEC26-40000-C,79462.5,BTC-25DEC26,call,40000.0,2026-12-25T08:00:00+00:00,0.295687472794826,0.495,0.5005,0.49940332,0.49775,79462.5,BTC-25DEC26,0.6507999999999999,0.98279,18.41178,250.9,0.0,0.005499999999999949,BTC,78373.95,0.0
2026-09-08T08:00:13.008530+00:00,BTC-27NOV26-86000-C,79134.22,BTC-27NOV26,call,86000.0,2026-11-27T08:00:00+00:00,0.21902765075512712,0.039,0.041,0.04041953,0.04,79134.22,BTC-27NOV26,0.3899,0.35696,138.14253,153.2,25.0,0.0020000000000000018,BTC,78373.95,90107.58
2026-09-08T08:00:13.008530+00:00,BTC-25DEC26-135000-P,79462.5,BTC-25DEC26,put,135000.0,2026-12-25T08:00:00+00:00,0.295687472794826,,,0.7009177,,79462.5,BTC-25DEC26,0.49119999999999997,-0.96794,31.06317,0.7,0.0,,BTC,78373.95,0.0
2026-09-08T08:00:13.008530+00:00,BTC-8SEP26-82500-P,78399.18,SYN.EXPIRY,put,82500.0,2026-09-08T08:00:00+00:00,-4.1221544097143006e-07,,,0.05230692,,78399.18,SYN.EXPIRY,0.4227,0.0,0.0,0.0,0.0,,BTC,78407.73,0.0
2026-09-08T08:00:13.008530+00:00,BTC-26MAR27-105000-C,80412.23,BTC-26MAR27,call,105000.0,2027-03-26T08:00:00+00:00,0.5448318944238473,0.0345,0.0395,0.03644283,0.037,80412.23,BTC-26MAR27,0.4127,0.23449,182.1787,162.5,0.1,0.0049999999999999975,BTC,78375.38,314.35
2026-09-08T08:00:13.008530+00:00,BTC-26MAR27-100000-P,80412.66,BTC-26MAR27,put,100000.0,2027-03-26T08:00:00+00:00,0.5448318944238473,,,0.28873762,,80412.66,BTC-26MAR27,0.4078,-0.71719,200.76382,12.3,0.0,,BTC,78375.38,0.0
2026-09-08T08:00:13.008530+00:00,BTC-8SEP26-80500-C,78399.18,SYN.EXPIRY,call,80500.0,2026-09-08T08:00:00+00:00,-4.1221544097143006e-07,,,0.0,,78399.18,SYN.EXPIRY,0.3493,0.0,0.0,206.4,148.7,,BTC,78407.73,12487.88
2026-09-08T08:00:13.008530+00:00,BTC-25JUN27-130000-P,81426.14,BTC-25JUN27,put,130000.0,2027-06-25T08:00:00+00:00,0.7939763160528684,,,0.62414839,,81426.14,BTC-25JUN27,0.44299999999999995,-0.83845,177.65565,3.9,2.6,,BTC,78375.38,127087.74
2026-09-08T08:00:13.008530+00:00,BTC-25DEC26-20000-P,79462.93,BTC-25DEC26,put,20000.0,2026-12-25T08:00:00+00:00,0.295687472794826,0.0003,0.0006,0.00041386,0.00045,79462.93,BTC-25DEC26,0.9854999999999999,-0.00225,3.04743,641.1,0.7,0.0003,BTC,78375.38,16.56
2026-09-08T08:00:13.008530+00:00,BTC-30OCT26-74000-C,78832.66,BTC-30OCT26,call,74000.0,2026-10-30T08:00:00+00:00,0.1423678287154283,0.0805,,0.09165281,,78832.66,BTC-30OCT26,0.37929999999999997,0.69526,104.14627,252.5,0.0,,BTC,78375.38,0.0
2026-09-08T08:00:13.008530+00:00,BTC-9SEP26-74000-P,78401.47,BTC-9SEP26,put,74000.0,2026-09-09T08:00:00+00:00,0.00273743857169113,,0.0002,0.00010606,,78401.47,BTC-9SEP26,0.49560000000000004,-0.01302,1.37467,21.5,17.5,,BTC,78375.38,274.04
2026-09-08T08:00:13.008530+00:00,BTC-11SEP26-72000-P,78416.29,BTC-11SEP26,put,72000.0,2026-09-11T08:00:00+00:00,0.008213140145955332,0.0002,0.0004,0.00026393,0.0003,78416.29,BTC-11SEP26,0.45439999999999997,-0.01853,3.22404,557.9,492.4,0.0002,BTC,78374.43,8442.7
2026-09-08T08:00:13.008530+00:00,BTC-9SEP26-79000-P,78401.47,BTC-9SEP26,put,79000.0,2026-09-09T08:00:00+00:00,0.00273743857169113,0.0085,0.0145,0.01014377,0.0115,78401.47,BTC-9SEP26,0.2872,-0.69928,14.27375,24.1,12.2,0.006,BTC,78374.43,7845.74
2026-09-08T08:00:13.008530+00:00,BTC-25JUN27-80000-C,81426.85,BTC-25JUN27,call,80000.0,2027-06-25T08:00:00+00:00,0.7939763160528684,0.1505,0.158,0.15507188,0.15425,81426.85,BTC-25JUN27,0.41619999999999996,0.59187,281.75789,112.7,0.0,0.007500000000000007,BTC,78374.43,0.0
2026-09-08T08:00:13.008530+00:00,BTC-26MAR27-140000-C,80412.23,BTC-26MAR27,call,140000.0,2027-03-26T08:00:00+00:00,0.5448318944238473,0.008,0.012,0.00971476,0.01,80412.23,BTC-26MAR27,0.46130000000000004,0.07235,81.74124,909.7,0.9,0.004,BTC,78374.43,675.81
2026-09-08T08:00:13.008530+00:00,BTC-27NOV26-73000-C,79134.22,BTC-27NOV26,call,73000.0,2026-11-27T08:00:00+00:00,0.21902765075512712,0.085,,0.11668725,,79134.22,BTC-27NOV26,0.3958,0.7006,128.64867,0.0,0.0,,BTC,78374.43,0.0
2026-09-08T08:00:13.008530+00:00,BTC-10SEP26-80500-P,78407.68,BTC-10SEP26,put,80500.0,2026-09-10T08:00:00+00:00,0.005475289358823231,,,0.02784549,,78407.68,BTC-10SEP26,0.3271,-0.86251,12.75309,0.0,0.0,,BTC,78373.88,0.0
2026-09-08T08:00:13.008530+00:00,BTC-25DEC26-62000-C,79462.5,BTC-25DEC26,call,62000.0,2026-12-25T08:00:00+00:00,0.295687472794826,,,0.2364093,,79462.5,BTC-25DEC26,0.4391,0.87635,88.27898,247.1,0.0,,BTC,78373.88,0.0
2026-09-08T08:00:13.008530+00:00,BTC-25JUN27-82000-C,81426.85,BTC-25JUN27,call,82000.0,2027-06-25T08:00:00+00:00,0.7939763160528684,0.1395,0.1475,0.14382078,0.1435,81426.85,BTC-25JUN27,0.4144,0.56548,285.55642,80.9,0.0,0.00799999999999998,BTC,78373.88,0.0
2026-09-08T08:00:13.008530+00:00,BTC-30OCT26-71000-P,78832.66,BTC-30OCT26,put,71000.0,2026-10-30T08:00:00+00:00,0.1423678287154283,0.0185,0.0205,0.01938699,0.0195,78832.66,BTC-30OCT26,0.3897,-0.21706,87.38642,128.1,22.7,0.0020000000000000018,BTC,78373.88,32192.44
2026-09-08T08:00:13.008530+00:00,BTC-25JUN27-110000-C,81426.14,BTC-25JUN27,call,110000.0,2027-06-25T08:00:00+00:00,0.7939763160528684,0.0495,0.056,0.05252922,0.05275,81426.14,BTC-25JUN27,0.4232,0.27108,240.39187,269.7,0.0,0.006499999999999999,BTC,78373.88,0.0
2026-09-08T08:00:13.008530+00:00,BTC-25SEP26-30000-C,78512.61,BTC-25SEP26,call,30000.0,2026-09-25T08:00:00+00:00,0.046543051165804754,0.616,0.6195,0.61814732,0.61775,78512.61,BTC-25SEP26,1.238,0.99991,0.06354,136.0,0.0,0.0035000000000000586,BTC,78376.18,0.0
2026-09-08T08:00:13.008530+00:00,BTC-25JUN27-85000-P,81426.85,BTC-25JUN27,put,85000.0,2027-06-25T08:00:00+00:00,0.7939763160528684,,,0.17179963,,81426.85,BTC-25JUN27,0.413,-0.47343,288.83126,10.7,0.0,,BTC,78376.18,0.0
2026-09-08T08:00:13.008530+00:00,BTC-26MAR27-108000-C,80412.66,BTC-26MAR27,call,108000.0,2027-03-26T08:00:00+00:00,0.5448318944238473,0.0295,0.035,0.03183362,0.03225,80412.66,BTC-26MAR27,0.41590000000000005,0.20955,170.841,68.6,0.0,0.005500000000000005,BTC,78376.18,0.0
2026-09-08T08:00:13.008530+00:00,BTC-27NOV26-74000-C,79134.43,BTC-27NOV26,call,74000.0,2026-11-27T08:00:00+00:00,0.21902765075512712,0.1005,,0.1084534,,79134.43,BTC-27NOV26,0.3935,0.67519,133.25987,0.0,0.0,,BTC,78376.18,0.0
2026-09-08T08:00:13.008530+00:00,BTC-10SEP26-83000-P,78407.47,BTC-10SEP26,put,83000.0,2026-09-10T08:00:00+00:00,0.005475289358823231,,,0.05812968,,78407.47,BTC-10SEP26,0.37770000000000004,-0.97907,2.91947,0.0,0.0,,BTC,78376.97,0.0
2026-09-08T08:00:13.008530+00:00,BTC-25JUN27-104000-C,81426.85,BTC-25JUN27,call,104000.0,2027-06-25T08:00:00+00:00,0.7939763160528684,0.0615,0.0685,0.0644661,0.065,81426.85,BTC-25JUN27,0.41869999999999996,0.31929,259.24079,13.1,0.0,0.007000000000000006,BTC,78376.18,0.0
2026-09-08T08:00:13.008530+00:00,BTC-18SEP26-85000-C,78464.68,BTC-18SEP26,call,85000.0,2026-09-18T08:00:00+00:00,0.027378095655880043,0.0032,0.0039,0.00379097,0.00355,78464.68,BTC-18SEP26,0.3975,0.11737,25.5675,909.6,511.0,0.0006999999999999997,BTC,78376.97,226490.13
2026-09-08T08:00:13.008530+00:00,BTC-25SEP26-170000-C,78513.04,BTC-25SEP26,call,170000.0,2026-09-25T08:00:00+00:00,0.046543051165804754,,0.0001,1.17e-06,,78513.04,BTC-25SEP26,0.8693000000000001,3e-05,0.02043,444.9,0.0,,BTC,78376.97,0.0
2026-09-08T08:00:13.008530+00:00,BTC-25DEC26-60000-C,79462.5,BTC-25DEC26,call,60000.0,2026-12-25T08:00:00+00:00,0.295687472794826,,,0.25866747,,79462.5,BTC-25DEC26,0.45130000000000003,0.89723,77.35947,787.4,0.0,,BTC,78376.97,0.0
2026-09-08T08:00:13.008530+00:00,BTC-25SEP26-190000-P,78513.04,BTC-25SEP26,put,190000.0,2026-09-25T08:00:00+00:00,0.046543051165804754,,,1.41844076,,78513.04,BTC-25SEP26,0.9386,-0.99999,0.00764,0.0,0.0,,BTC,78376.97,0.0
2026-09-08T08:00:13.008530+00:00,BTC-18SEP26-76000-C,78464.89,BTC-18SEP26,call,76000.0,2026-09-18T08:00:00+00:00,0.027378095655880043,0.011,,0.04376836,,78464.89,BTC-18SEP26,0.3771,0.70445,44.83353,19.0,0.0,,BTC,78377.73,0.0
2026-09-08T08:00:13.008530+00:00,BTC-8SEP26-80000-P,78399.18,SYN.EXPIRY,put,80000.0,2026-09-08T08:00:00+00:00,-4.1221544097143006e-07,,,0.02041884,,78399.18,SYN.EXPIRY,0.3389,0.0,0.0,9.4,1.0,,BTC,78407.73,1237.07
2026-09-08T08:00:13.008530+00:00,BTC-26MAR27-55000-P,80412.23,BTC-26MAR27,put,55000.0,2027-03-26T08:00:00+00:00,0.5448318944238473,0.015,0.02,0.01834592,0.0175,80412.23,BTC-26MAR27,0.46,-0.09902,103.42544,1257.7,3.0,0.005000000000000001,BTC,78377.73,4288.09
2026-09-08T08:00:13.008530+00:00,BTC-25JUN27-150000-C,81426.85,BTC-25JUN27,call,150000.0,2027-06-25T08:00:00+00:00,0.7939763160528684,0.015,0.0195,0.01732834,0.01725,81426.85,BTC-25JUN27,0.4653,0.10274,129.87367,217.7,0.2,0.0045000000000000005,BTC,78377.73,293.07
2026-09-08T08:00:13.008530+00:00,BTC-18SEP26-78000-P,78464.68,BTC-18SEP26,put,78000.0,2026-09-18T08:00:00+00:00,0.027378095655880043,0.0205,0.022,0.02133041,0.02125,78464.68,BTC-18SEP26,0.3718,-0.45152,51.41072,281.2,20.1,0.0014999999999999979,BTC,78377.73,29644.65
2026-09-08T08:00:13.008530+00:00,BTC-25SEP26-58000-C,78512.61,BTC-25SEP26,call,58000.0,2026-09-25T08:00:00+00:00,0.046543051165804754,,,0.2621202,,78512.61,BTC-25SEP26,0.6048,0.99142,3.94934,460.7,0.0,,BTC,78377.73,0.0
2026-09-08T08:00:13.008530+00:00,BTC-30OCT26-54000-C,78832.66,BTC-30OCT26,call,54000.0,2026-10-30T08:00:00+00:00,0.1423678287154283,,,0.31759723,,78832.66,BTC-30OCT26,0.5443,0.97397,17.97994,0.1,0.0,,BTC,78377.73,0.0
2026-09-08T08:00:13.008530+00:00,BTC-10SEP26-85000-C,78407.68,BTC-10SEP26,call,85000.0,2026-09-10T08:00:00+00:00,0.005475289358823231,,0.0002,0.00012251,,78407.68,BTC-10SEP26,0.4656,0.00975,1.51205,1.2,1.2,,BTC,78376.08,26.98
2026-09-08T08:00:13.008530+00:00,BTC-30OCT26-91000-C,78832.66,BTC-30OCT26,call,91000.0,2026-10-30T08:00:00+00:00,0.1423678287154283,0.013,0.0145,0.01419685,0.01375,78832.66,BTC-30OCT26,0.39289999999999997,0.18513,79.43084,34.1,0.0,0.0015000000000000013,BTC,78377.73,0.0
2026-09-08T08:00:13.008530+00:00,BTC-30OCT26-82000-P,78832.66,BTC-30OCT26,put,82000.0,2026-10-30T08:00:00+00:00,0.1423678287154283,0.0755,0.082,0.07931758,0.07875,78832.66,BTC-30OCT26,0.37420000000000003,-0.58353,116.04964,45.3,0.8,0.006500000000000006,BTC,78376.08,4670.7
2026-09-08T08:00:13.008530+00:00,BTC-26MAR27-106000-P,80412.23,BTC-26MAR27,put,106000.0,2027-03-26T08:00:00+00:00,0.5448318944238473,,,0.35219828,,80412.23,BTC-26MAR27,0.41369999999999996,-0.77421,178.36978,0.1,0.0,,BTC,78376.08,0.0
2026-09-08T08:00:13.008530+00:00,BTC-25SEP26-300000-P,78512.61,BTC-25SEP26,put,300000.0,2026-09-25T08:00:00+00:00,0.046543051165804754,,,2.81859029,,78512.61,BTC-25SEP26,1.3629,-0.99999,0.00401,0.0,0.0,,BTC,78376.08,0.0
2026-09-08T08:00:13.008530+00:00,BTC-8SEP26-79000-P,78399.18,SYN.EXPIRY,put,79000.0,2026-09-08T08:00:00+00:00,-4.1221544097143006e-07,,,0.0076636,,78399.18,SYN.EXPIRY,0.2531,0.0,0.0,168.3,130.5,,BTC,78407.73,35890.18
2026-09-08T08:00:13.008530+00:00,BTC-25DEC26-210000-P,79462.93,BTC-25DEC26,put,210000.0,2026-12-25T08:00:00+00:00,0.295687472794826,,,1.64156318,,79462.93,BTC-25DEC26,0.6468,-0.99516,6.07456,0.0,0.0,,BTC,78374.96,0.0
2026-09-08T08:00:13.008530+00:00,BTC-30OCT26-54000-P,78832.66,BTC-30OCT26,put,54000.0,2026-10-30T08:00:00+00:00,0.1423678287154283,0.0018,0.0025,0.00215728,0.00215,78832.66,BTC-30OCT26,0.5443,-0.02604,17.98568,190.7,0.0,0.0007000000000000001,BTC,78374.96,0.0
2026-09-08T08:00:13.008530+00:00,BTC-25SEP26-35000-P,78513.04,BTC-25SEP26,put,35000.0,2026-09-25T08:00:00+00:00,0.046543051165804754,,0.0001,1.101e-05,,78513.04,BTC-25SEP26,1.0855,-0.00018,0.11762,1200.7,0.0,,BTC,78374.96,0.0
2026-09-08T08:00:13.008530+00:00,BTC-11SEP26-88000-P,78416.72,BTC-11SEP26,put,88000.0,2026-09-11T08:00:00+00:00,0.008213140145955332,,,0.12159116,,78416.72,BTC-11SEP26,0.5046,-0.99388,1.23031,0.0,0.0,,BTC,78374.96,0.0
2026-09-08T08:00:13.008530+00:00,BTC-9SEP26-82000-C,78401.47,BTC-9SEP26,call,82000.0,2026-09-09T08:00:00+00:00,0.00273743857169113,,0.0002,0.00014204,,78401.47,BTC-9SEP26,0.4036,0.01652,1.68723,11.7,15.4,,BTC,78374.96,355.49
2026-09-08T08:00:13.008530+00:00,BTC-25SEP26-64000-P,78512.69,BTC-25SEP26,put,64000.0,2026-09-25T08:00:00+00:00,0.046543051165804754,0.0009,0.0013,0.00110015,0.0011,78512.69,BTC-25SEP26,0.5019,-0.02631,10.33213,1157.3,54.0,0.00039999999999999996,BTC,78374.92,5033.97
2026-09-08T08:00:13.008530+00:00,BTC-25SEP26-135000-P,78513.04,BTC-25SEP26,put,135000.0,2026-09-25T08:00:00+00:00,0.046543051165804754,,,0.71839416,,78513.04,BTC-25SEP26,0.7629,-0.99934,0.38906,11.5,0.0,,BTC,78374.92,0.0
2026-09-08T08:00:13.008530+00:00,BTC-25DEC26-80000-C,79462.5,BTC-25DEC26,call,80000.0,2026-12-25T08:00:00+00:00,0.295687472794826,0.082,0.084,0.08250227,0.083,79462.5,BTC-25DEC26,0.3937,0.52954,171.91178,8804.7,52.5,0.0020000000000000018,BTC,78374.92,353084.9
2026-09-08T08:00:13.008530+00:00,BTC-25SEP26-81000-P,78512.61,BTC-25SEP26,put,81000.0,2026-09-25T08:00:00+00:00,0.046543051165804754,0.0405,0.057,0.04981568,0.04875,78512.61,BTC-25SEP26,0.3654,-0.64067,63.32762,569.4,86.6,0.0165,BTC,78374.92,290899.88
2026-09-08T08:00:13.008530+00:00,BTC-25DEC26-105000-P,79462.5,BTC-25DEC26,put,105000.0,2026-12-25T08:00:00+00:00,0.295687472794826,,,0.33424552,,79462.5,BTC-25DEC26,0.41619999999999996,-0.86849,92.14124,109.4,0.0,,BTC,78374.92,0.0
2026-09-08T08:00:13.008530+00:00,BTC-25SEP26-73000-P,78512.69,BTC-25SEP26,put,73000.0,2026-09-25T08:00:00+00:00,0.046543051165804754,0.0075,0.0085,0.00810654,0.008,78512.69,BTC-25SEP26,0.38189999999999996,-0.17865,44.23549,769.2,52.5,0.0010000000000000009,BTC,78374.92,31999.65
2026-09-08T08:00:13.008530+00:00,BTC-25DEC26-200000-P,79462.93,BTC-25DEC26,put,200000.0,2026-12-25T08:00:00+00:00,0.295687472794826,,,1.5159668,,79462.93,BTC-25DEC26,0.6379,-0.99356,7.81716,0.0,0.0,,BTC,78374.88,0.0
2026-09-08T08:00:13.008530+00:00,BTC-27NOV26-106000-C,79134.43,BTC-27NOV26,call,106000.0,2026-11-27T08:00:00+00:00,0.21902765075512712,0.007,0.0085,0.00761059,0.00775,79134.43,BTC-27NOV26,0.42969999999999997,0.0878,59.04065,15.4,0.0,0.0015000000000000005,BTC,78374.88,0.0
2026-09-08T08:00:13.008530+00:00,BTC-27NOV26-102000-P,79134.22,BTC-27NOV26,put,102000.0,2026-11-27T08:00:00+00:00,0.21902765075512712,,,0.29849498,,79134.22,BTC-27NOV26,0.41969999999999996,-0.88404,72.30721,0.0,0.0,,BTC,78374.88,0.0
2026-09-08T08:00:13.008530+00:00,BTC-27NOV26-67000-P,79134.22,BTC-27NOV26,put,67000.0,2026-11-27T08:00:00+00:00,0.21902765075512712,0.019,0.0205,0.01940348,0.01975,79134.22,BTC-27NOV26,0.4163,-0.17119,94.13276,19.6,0.0,0.0015000000000000013,BTC,78374.88,0.0
2026-09-08T08:00:13.008530+00:00,BTC-30OCT26-64000-P,78832.66,BTC-30OCT26,put,64000.0,2026-10-30T08:00:00+00:00,0.1423678287154283,0.007,0.0075,0.00721744,0.00725,78832.66,BTC-30OCT26,0.4368,-0.08944,48.07759,640.8,100.1,0.0004999999999999996,BTC,78374.88,52385.0
2026-09-08T08:00:13.008530+00:00,BTC-30OCT26-75000-C,78832.66,BTC-30OCT26,call,75000.0,2026-10-30T08:00:00+00:00,0.1423678287154283,0.0725,0.1125,0.08333579,0.0925,78832.66,BTC-30OCT26,0.37670000000000003,0.66233,108.69395,1172.1,200.2,0.04000000000000001,BTC,78374.88,1465646.96
2026-09-08T08:00:13.008530+00:00,BTC-26MAR27-60000-C,80412.23,BTC-26MAR27,call,60000.0,2027-03-26T08:00:00+00:00,0.5448318944238473,,,0.28205565,,80412.23,BTC-26MAR27,0.43979999999999997,0.85612,134.57559,649.0,0.0,,BTC,78375.24,0.0
2026-09-08T08:00:13.008530+00:00,BTC-25DEC26-170000-P,79462.5,BTC-25DEC26,put,170000.0,2026-12-25T08:00:00+00:00,0.295687472794826,,,1.1390446,,79462.5,BTC-25DEC26,0.5690999999999999,-0.98935,12.16927,0.1,0.0,,BTC,78375.24,0.0
2026-09-08T08:00:13.008530+00:00,BTC-30OCT26-85000-C,78832.66,BTC-30OCT26,call,85000.0,2026-10-30T08:00:00+00:00,0.1423678287154283,0.0265,0.029,0.02824032,0.02775,78832.66,BTC-30OCT26,0.37829999999999997,0.32316,106.80027,2167.7,185.0,0.0025000000000000022,BTC,78375.24,474459.94
2026-09-08T08:00:13.008530+00:00,BTC-30OCT26-66000-P,78832.66,BTC-30OCT26,put,66000.0,2026-10-30T08:00:00+00:00,0.1423678287154283,0.0085,0.01,0.00937225,0.00925,78832.66,BTC-30OCT26,0.4189,-0.11501,57.7354,161.2,3.6,0.0014999999999999996,BTC,78375.24,2368.38
2026-09-08T08:00:13.008530+00:00,BTC-25DEC26-72000-C,79462.5,BTC-25DEC26,call,72000.0,2026-12-25T08:00:00+00:00,0.295687472794826,0.01,0.32,0.13866418,0.165,79462.5,BTC-25DEC26,0.40259999999999996,0.71171,147.49994,1271.4,0.0,0.31,BTC,78375.24,0.0
2026-09-08T08:00:13.008530+00:00,BTC-25SEP26-78000-C,78512.61,BTC-25SEP26,call,78000.0,2026-09-25T08:00:00+00:00,0.046543051165804754,0.0325,0.036,0.03477263,0.03425,78512.61,BTC-25SEP26,0.36210000000000003,0.54725,67.09909,5366.1,57.1,0.003499999999999996,BTC,78375.24,189186.71
2026-09-08T08:00:13.008530+00:00,BTC-25DEC26-40000-P,79462.5,BTC-25DEC26,put,40000.0,2026-12-25T08:00:00+00:00,0.295687472794826,0.0024,0.0028,0.00246477,0.0026,79462.5,BTC-25DEC26,0.6507999999999999,-0.01721,18.41056,4513.4,0.2,0.0004000000000000002,BTC,78376.66,39.25
2026-09-08T08:00:13.008530+00:00,BTC-10SEP26-77500-C,78407.68,BTC-10SEP26,call,77500.0,2026-09-10T08:00:00+00:00,0.005475289358823231,,,0.01661244,,78407.68,BTC-10SEP26,0.3154,0.68967,20.47452,0.0,0.0,,BTC,78376.01,0.0
2026-09-08T08:00:13.008530+00:00,BTC-25DEC26-135000-C,79462.5,BTC-25DEC26,call,135000.0,2026-12-25T08:00:00+00:00,0.295687472794826,0.0027,0.0034,0.00308533,0.00305,79462.5,BTC-25DEC26,0.49119999999999997,0.03206,31.06264,1376.9,2.1,0.0006999999999999997,BTC,78376.66,565.09
2026-09-08T08:00:13.008530+00:00,BTC-10SEP26-79500-C,78407.68,BTC-10SEP26,call,79500.0,2026-09-10T08:00:00+00:00,0.005475289358823231,0.0035,0.0043,0.00423008,0.0039,78407.68,BTC-10SEP26,0.3169,0.27626,19.39929,77.9,78.8,0.0007999999999999999,BTC,78376.01,44545.79
2026-09-08T08:00:13.008530+00:00,BTC-9SEP26-81500-C,78401.47,BTC-9SEP26,call,81500.0,2026-09-09T08:00:00+00:00,0.00273743857169113,,0.0002,0.00013226,,78401.47,BTC-9SEP26,0.35200000000000004,0.01718,1.74465,5.3,5.5,,BTC,78376.66,565.86
2026-09-08T08:00:13.008530+00:00,BTC-25DEC26-104000-P,79462.5,BTC-25DEC26,put,104000.0,2026-12-25T08:00:00+00:00,0.295687472794826,,,0.32262995,,79462.5,BTC-25DEC26,0.4144,-0.86048,95.95114,0.1,0.0,,BTC,78376.01,0.0
2026-09-08T08:00:13.008530+00:00,BTC-30OCT26-76000-C,78832.66,BTC-30OCT26,call,76000.0,2026-10-30T08:00:00+00:00,0.1423678287154283,0.072,0.0775,0.07551593,0.07475,78832.66,BTC-30OCT26,0.3747,0.62808,112.49058,356.1,0.0,0.005500000000000005,BTC,78376.01,0.0
2026-09-08T08:00:13.008530+00:00,BTC-25JUN27-68000-P,81426.85,BTC-25JUN27,put,68000.0,2027-06-25T08:00:00+00:00,0.7939763160528684,0.067,0.074,0.07124656,0.0705,81426.85,BTC-25JUN27,0.42840000000000006,-0.25396,232.49835,13.6,0.0,0.006999999999999992,BTC,78376.01,0.0
2026-09-08T08:00:13.008530+00:00,BTC-25DEC26-85000-P,79462.5,BTC-25DEC26,put,85000.0,2026-12-25T08:00:00+00:00,0.295687472794826,0.1145,0.1345,0.12643213,0.1245,79462.5,BTC-25DEC26,0.39130000000000004,-0.58378,168.57044,580.7,0.1,0.020000000000000004,BTC,78376.01,983.22
2026-09-08T08:00:13.008530+00:00,BTC-27NOV26-95000-C,79134.22,BTC-27NOV26,call,95000.0,2026-11-27T08:00:00+00:00,0.21902765075512712,0.0175,0.019,0.0183543,0.01825,79134.22,BTC-27NOV26,0.4031,0.19057,100.68504,45.0,10.0,0.0014999999999999979,BTC,78376.01,14170.16
2026-09-08T08:00:13.008530+00:00,BTC-25DEC26-84000-P,79462.5,BTC-25DEC26,put,84000.0,2026-12-25T08:00:00+00:00,0.295687472794826,0.1045,0.1255,0.11822375,0.115,79462.5,BTC-25DEC26,0.39130000000000004,-0.56196,170.30386,85.7,0.0,0.021000000000000005,BTC,78376.64,0.0
2026-09-08T08:00:13.008530+00:00,BTC-30OCT26-70000-C,78832.66,BTC-30OCT26,call,70000.0,2026-10-30T08:00:00+00:00,0.1423678287154283,0.1,0.15,0.12936137,0.125,78832.66,BTC-30OCT26,0.3944,0.8079,81.25925,1099.6,0.0,0.04999999999999999,BTC,78376.01,0.0
2026-09-08T08:00:13.008530+00:00,BTC-18SEP26-81000-P,78464.89,BTC-18SEP26,put,81000.0,2026-09-18T08:00:00+00:00,0.027378095655880043,0.041,0.0475,0.04408848,0.04425,78464.89,BTC-18SEP26,0.3751,-0.68682,46.00443,32.8,0.0,0.006499999999999999,BTC,78376.64,0.0
2026-09-08T08:00:13.008530+00:00,BTC-30OCT26-86000-C,78832.66,BTC-30OCT26,call,86000.0,2026-10-30T08:00:00+00:00,0.1423678287154283,0.0235,0.0255,0.02518546,0.0245,78832.66,BTC-30OCT26,0.3804,0.29566,102.73186,724.8,0.0,0.0019999999999999983,BTC,78376.64,0.0
2026-09-08T08:00:13.008530+00:00,BTC-9SEP26-76000-P,78401.47,BTC-9SEP26,put,76000.0,2026-09-09T08:00:00+00:00,0.00273743857169113,0.0002,0.0005,0.00027115,0.00035,78401.47,BTC-9SEP26,0.34259999999999996,-0.04238,3.70327,37.4,40.4,0.00030000000000000003,BTC,78376.64,2266.56
2026-09-08T08:00:13.008530+00:00,BTC-25SEP26-84000-P,78512.61,BTC-25SEP26,put,84000.0,2026-09-25T08:00:00+00:00,0.046543051165804754,0.044,,0.07891159,,78512.61,BTC-25SEP26,0.37689999999999996,-0.78635,49.31181,47.4,0.0,,BTC,78376.64,0.0
2026-09-08T08:00:13.008530+00:00,BTC-27NOV26-120000-C,79134.22,BTC-27NOV26,call,120000.0,2026-11-27T08:00:00+00:00,0.21902765075512712,0.0028,0.0036,0.00324654,0.0032,79134.22,BTC-27NOV26,0.4747,0.03886,31.17123,87.1,1.0,0.0007999999999999999,BTC,78376.64,252.02
2026-09-08T08:00:13.008530+00:00,BTC-26MAR27-180000-P,80412.23,BTC-26MAR27,put,180000.0,2027-03-26T08:00:00+00:00,0.5448318944238473,,,1.24105999,,80412.23,BTC-26MAR27,0.5259,-0.97003,40.35759,0.1,0.0,,BTC,78374.57,0.0
2026-09-08T08:00:13.008530+00:00,BTC-18SEP26-65000-C,78464.68,BTC-18SEP26,call,65000.0,2026-09-18T08:00:00+00:00,0.027378095655880043,,,0.17254401,,78464.68,BTC-18SEP26,0.5255,0.98624,4.56527,0.0,0.0,,BTC,78374.57,0.0
2026-09-08T08:00:13.008530+00:00,BTC-25JUN27-72000-C,81426.14,BTC-25JUN27,call,72000.0,2027-06-25T08:00:00+00:00,0.7939763160528684,0.201,0.209,0.20643994,0.205,81426.14,BTC-25JUN27,0.4232,0.69637,253.64766,89.9,0.8,0.00799999999999998,BTC,78374.57,13352.8
2026-09-08T08:00:13.008530+00:00,BTC-25JUN27-110000-P,81426.85,BTC-25JUN27,put,110000.0,2027-06-25T08:00:00+00:00,0.7939763160528684,,,0.40262452,,81426.85,BTC-25JUN27,0.4232,-0.72892,240.39021,4.3,0.0,,BTC,78374.57,0.0
2026-09-08T08:00:13.008530+00:00,BTC-25SEP26-150000-C,78513.04,BTC-25SEP26,call,150000.0,2026-09-25T08:00:00+00:00,0.046543051165804754,,0.0001,6.43e-06,,78513.04,BTC-25SEP26,0.8114,0.00015,0.0995,768.8,0.0,,BTC,78374.57,0.0
2026-09-08T08:00:13.008530+00:00,BTC-10SEP26-82000-C,78407.68,BTC-10SEP26,call,82000.0,2026-09-10T08:00:00+00:00,0.005475289358823231,0.0003,0.0006,0.0005001,0.00045,78407.68,BTC-10SEP26,0.3529,0.04298,5.29816,29.6,36.8,0.0003,BTC,78374.57,6449.65
2026-09-08T08:00:13.008530+00:00,BTC-25SEP26-165000-P,78512.61,BTC-25SEP26,put,165000.0,2026-09-25T08:00:00+00:00,0.046543051165804754,,,1.10022588,,78512.61,BTC-25SEP26,0.8449,-0.99997,0.02417,0.0,0.0,,BTC,78370.85,0.0
2026-09-08T08:00:13.008530+00:00,BTC-18SEP26-69000-P,78464.68,BTC-18SEP26,put,69000.0,2026-09-18T08:00:00+00:00,0.027378095655880043,0.001,0.0014,0.00119548,0.0012,78464.68,BTC-18SEP26,0.45159999999999995,-0.03986,11.15545,31.2,1.0,0.00039999999999999996,BTC,78370.85,94.81
2026-09-08T08:00:13.008530+00:00,BTC-25SEP26-60000-C,78512.61,BTC-25SEP26,call,60000.0,2026-09-25T08:00:00+00:00,0.046543051165804754,0.225,,0.23684496,,78512.61,BTC-25SEP26,0.5736,0.98719,5.59953,836.8,0.3,,BTC,78370.85,5647.57
2026-09-08T08:00:13.008530+00:00,BTC-25SEP26-110000-P,78512.61,BTC-25SEP26,put,110000.0,2026-09-25T08:00:00+00:00,0.046543051165804754,,,0.40034189,,78512.61,BTC-25SEP26,0.5902000000000001,-0.99516,2.37795,215.7,0.0,,BTC,78370.85,0.0
2026-09-08T08:00:13.008530+00:00,BTC-27NOV26-110000-C,79134.22,BTC-27NOV26,call,110000.0,2026-11-27T08:00:00+00:00,0.21902765075512712,0.0055,0.0065,0.00595834,0.006,79134.22,BTC-27NOV26,0.4445,0.06936,49.37125,69.7,0.1,0.001,BTC,78370.85,51.72
2026-09-08T08:00:13.008530+00:00,BTC-25DEC26-130000-C,79462.5,BTC-25DEC26,call,130000.0,2026-12-25T08:00:00+00:00,0.295687472794826,0.0033,0.0041,0.003775,0.0037,79462.5,BTC-25DEC26,0.4788,0.03905,36.50866,1566.9,0.2,0.0008000000000000004,BTC,78365.71,60.79
2026-09-08T08:00:13.008530+00:00,BTC-25SEP26-240000-C,78512.61,BTC-25SEP26,call,240000.0,2026-09-25T08:00:00+00:00,0.046543051165804754,,0.0001,3.4e-07,,78512.61,BTC-25SEP26,1.156,1e-05,0.00512,211.9,0.0,,BTC,78365.71,0.0
2026-09-08T08:00:13.008530+00:00,BTC-26MAR27-92000-C,80412.23,BTC-26MAR27,call,92000.0,2027-03-26T08:00:00+00:00,0.5448318944238473,0.065,0.0715,0.06735576,0.06825,80412.23,BTC-26MAR27,0.4022,0.37966,225.90421,261.2,0.0,0.006499999999999992,BTC,78365.71,0.0
2026-09-08T08:00:13.008530+00:00,BTC-30OCT26-87000-C,78832.66,BTC-30OCT26,call,87000.0,2026-10-30T08:00:00+00:00,0.1423678287154283,0.0205,0.023,0.02240529,0.02175,78832.66,BTC-30OCT26,0.3823,0.26937,98.21542,111.2,8.0,0.0024999999999999988,BTC,78365.71,16116.02
2026-09-08T08:00:13.008530+00:00,BTC-25JUN27-58000-P,81426.14,BTC-25JUN27,put,58000.0,2027-06-25T08:00:00+00:00,0.7939763160528684,0.033,0.0395,0.03684535,0.03625,81426.14,BTC-25JUN27,0.4495,-0.14778,167.48156,91.9,0.0,0.006499999999999999,BTC,78365.71,0.0
2026-09-08T08:00:13.008530+00:00,BTC-27NOV26-71000-C,79134.22,BTC-27NOV26,call,71000.0,2026-11-27T08:00:00+00:00,0.21902765075512712,,,0.1342534,,79134.22,BTC-27NOV26,0.40130000000000005,0.7482,118.12427,0.1,0.0,,BTC,78365.71,0.0
2026-09-08T08:00:13.008530+00:00,BTC-11SEP26-68000-P,78416.72,BTC-11SEP26,put,68000.0,2026-09-11T08:00:00+00:00,0.008213140145955332,,0.0002,0.00014213,,78416.72,BTC-11SEP26,0.6531999999999999,-0.00758,1.48459,884.1,2.9,,BTC,78363.16,35.71
2026-09-08T08:00:13.008530+00:00,BTC-10SEP26-77000-P,78407.68,BTC-10SEP26,put,77000.0,2026-09-10T08:00:00+00:00,0.005475289358823231,0.0025,0.0032,0.00287368,0.00285,78407.68,BTC-10SEP26,0.3206,-0.22585,17.43164,16.3,13.5,0.0007000000000000001,BTC,78363.16,2467.73
2026-09-08T08:00:13.008530+00:00,BTC-26MAR27-96000-P,80412.23,BTC-26MAR27,put,96000.0,2027-03-26T08:00:00+00:00,0.5448318944238473,,,0.24862172,,80412.23,BTC-26MAR27,0.4046,-0.67199,214.39265,1.6,0.0,,BTC,78363.16,0.0
2026-09-08T08:00:13.008530+00:00,BTC-18SEP26-84000-P,78464.68,BTC-18SEP26,put,84000.0,2026-09-18T08:00:00+00:00,0.027378095655880043,0.01,,0.07505098,,78464.68,BTC-18SEP26,0.3924,-0.8473,30.62664,0.1,0.0,,BTC,78363.16,0.0
2026-09-08T08:00:13.008530+00:00,BTC-30OCT26-88000-C,78832.66,BTC-30OCT26,call,88000.0,2026-10-30T08:00:00+00:00,0.1423678287154283,0.018,0.0205,0.01997679,0.01925,78832.66,BTC-30OCT26,0.3847,0.24546,93.57973,565.4,13.0,0.0025000000000000022,BTC,78363.16,22543.66
2026-09-08T08:00:13.008530+00:00,BTC-18SEP26-75000-C,78464.89,BTC-18SEP26,call,75000.0,2026-09-18T08:00:00+00:00,0.027378095655880043,0.011,,0.05317988,,78464.89,BTC-18SEP26,0.381,0.76974,39.43578,35.1,0.0,,BTC,78356.89,0.0
2026-09-08T08:00:13.008530+00:00,BTC-30OCT26-62000-C,78832.66,BTC-30OCT26,call,62000.0,2026-10-30T08:00:00+00:00,0.1423678287154283,,,0.2194241,,78832.66,BTC-30OCT26,0.4522,0.9318,39.13386,13.5,0.0,,BTC,78363.16,0.0
2026-09-08T08:00:13.008530+00:00,BTC-25SEP26-115000-P,78512.61,BTC-25SEP26,put,115000.0,2026-09-25T08:00:00+00:00,0.046543051165804754,,,0.46394677,,78512.61,BTC-25SEP26,0.6435,-0.99635,1.84917,93.7,0.0,,BTC,78356.89,0.0
2026-09-08T08:00:13.008530+00:00,BTC-25JUN27-74000-C,81426.85,BTC-25JUN27,call,74000.0,2027-06-25T08:00:00+00:00,0.7939763160528684,0.187,0.1955,0.19242149,0.19125,81426.85,BTC-25JUN27,0.42090000000000005,0.67042,262.5728,20.7,0.0,0.008500000000000008,BTC,78356.89,0.0
2026-09-08T08:00:13.008530+00:00,BTC-25JUN27-68000-C,81426.85,BTC-25JUN27,call,68000.0,2027-06-25T08:00:00+00:00,0.7939763160528684,0.231,0.2395,0.23664219,0.23525,81426.85,BTC-25JUN27,0.42840000000000006,0.74583,232.54193,10.8,0.0,0.00849999999999998,BTC,78356.89,0.0
2026-09-08T08:00:13.008530+00:00,BTC-8SEP26-81500-P,78399.18,SYN.EXPIRY,put,81500.0,2026-09-08T08:00:00+00:00,-4.1221544097143006e-07,,,0.03955169,,78399.18,SYN.EXPIRY,0.3553,0.0,0.0,0.0,0.0,,BTC,78407.73,0.0
2026-09-08T08:00:13.008530+00:00,BTC-9SEP26-83000-P,78401.47,BTC-9SEP26,put,83000.0,2026-09-09T08:00:00+00:00,0.00273743857169113,0.0001,,0.05799819,,78401.47,BTC-9SEP26,0.40619999999999995,-0.9965,0.43118,0.0,0.0,,BTC,78356.89,0.0
2026-09-08T08:00:13.008530+00:00,BTC-25SEP26-75000-C,78512.61,BTC-25SEP26,call,75000.0,2026-09-25T08:00:00+00:00,0.046543051165804754,0.056,,0.05897717,,78512.61,BTC-25SEP26,0.3709,0.72728,56.27221,3307.7,156.0,,BTC,78357.48,849434.33
2026-09-08T08:00:13.008530+00:00,BTC-10SEP26-80000-C,78407.68,BTC-10SEP26,call,80000.0,2026-09-10T08:00:00+00:00,0.005475289358823231,0.0022,0.0029,0.00279888,0.00255,78407.68,BTC-10SEP26,0.3215,0.1951,15.99422,23.4,23.0,0.0006999999999999997,BTC,78357.48,8380.33
2026-09-08T08:00:13.008530+00:00,BTC-26MAR27-65000-P,80412.23,BTC-26MAR27,put,65000.0,2027-03-26T08:00:00+00:00,0.5448318944238473,0.038,0.0445,0.0412947,0.04125,80412.23,BTC-26MAR27,0.42450000000000004,-0.20222,167.23493,879.5,0.0,0.006499999999999999,BTC,78357.48,0.0
2026-09-08T08:00:13.008530+00:00,BTC-30OCT26-57000-C,78832.66,BTC-30OCT26,call,57000.0,2026-10-30T08:00:00+00:00,0.1423678287154283,,,0.28041536,,78832.66,BTC-30OCT26,0.5079,0.96281,24.14603,0.1,0.0,,BTC,78357.48,0.0
2026-09-08T08:00:13.008530+00:00,BTC-11SEP26-80500-P,78416.72,BTC-11SEP26,put,80500.0,2026-09-11T08:00:00+00:00,0.008213140145955332,,,0.02939327,,78416.72,BTC-11SEP26,0.3369,-0.80579,19.53868,0.0,0.0,,BTC,78357.48,0.0
2026-09-08T08:00:13.008530+00:00,BTC-10SEP26-86000-C,78407.68,BTC-10SEP26,call,86000.0,2026-09-10T08:00:00+00:00,0.005475289358823231,,0.0001,4.477e-05,,78407.68,BTC-10SEP26,0.46740000000000004,0.00377,0.6508,12.9,0.8,,BTC,78357.48,12.7
2026-09-08T08:00:13.008530+00:00,BTC-25DEC26-210000-C,79462.5,BTC-25DEC26,call,210000.0,2026-12-25T08:00:00+00:00,0.295687472794826,0.0003,0.001,0.00049061,0.00065,79462.5,BTC-25DEC26,0.6468,0.00485,6.07902,162.3,0.0,0.0007000000000000001,BTC,78357.4,0.0
2026-09-08T08:00:13.008530+00:00,BTC-25DEC26-92000-C,79462.5,BTC-25DEC26,call,92000.0,2026-12-25T08:00:00+00:00,0.295687472794826,0.032,0.035,0.03404336,0.0335,79462.5,BTC-25DEC26,0.3946,0.28171,145.84789,379.3,4.7,0.0030000000000000027,BTC,78357.4,14213.28
2026-09-08T08:00:13.008530+00:00,BTC-25SEP26-240000-P,78512.61,BTC-25SEP26,put,240000.0,2026-09-25T08:00:00+00:00,0.046543051165804754,,,2.05487233,,78512.61,BTC-25SEP26,1.156,-0.99999,0.00511,0.0,0.0,,BTC,78357.4,0.0
2026-09-08T08:00:13.008530+00:00,BTC-11SEP26-80500-C,78416.2,BTC-11SEP26,call,80500.0,2026-09-11T08:00:00+00:00,0.008213140145955332,0.003,0.0037,0.00347932,0.00335,78416.2,BTC-11SEP26,0.3369,0.19425,19.54107,7.1,7.6,0.0007000000000000001,BTC,78357.4,4699.17
2026-09-08T08:00:13.008530+00:00,BTC-26MAR27-90000-C,80412.23,BTC-26MAR27,call,90000.0,2027-03-26T08:00:00+00:00,0.5448318944238473,0.0715,0.078,0.07424382,0.07475,80412.23,BTC-26MAR27,0.4014,0.40754,230.34788,555.3,0.1,0.006500000000000006,BTC,78357.4,571.11
2026-09-08T08:00:13.008530+00:00,BTC-9SEP26-77500-P,78401.47,BTC-9SEP26,put,77500.0,2026-09-09T08:00:00+00:00,0.00273743857169113,0.0015,0.0022,0.00175406,0.00185,78401.47,BTC-9SEP26,0.287,-0.23068,12.46943,157.0,34.2,0.0007000000000000001,BTC,78357.4,4757.46
2026-09-08T08:00:13.008530+00:00,BTC-25SEP26-79000-P,78512.61,BTC-25SEP26,put,79000.0,2026-09-25T08:00:00+00:00,0.046543051165804754,0.0315,0.035,0.03414042,0.03325,78512.61,BTC-25SEP26,0.3624,-0.51898,67.47928,1097.0,50.7,0.003500000000000003,BTC,78356.33,122604.61
2026-09-08T08:00:13.008530+00:00,BTC-9SEP26-80500-P,78401.47,BTC-9SEP26,put,80500.0,2026-09-09T08:00:00+00:00,0.00273743857169113,0.0001,,0.02647649,,78401.47,BTC-9SEP26,0.3065,-0.95327,4.00581,0.0,0.0,,BTC,78356.33,0.0
2026-09-08T08:00:13.008530+00:00,BTC-25SEP26-95000-P,78512.61,BTC-25SEP26,put,95000.0,2026-09-25T08:00:00+00:00,0.046543051165804754,0.15,,0.21035975,,78512.61,BTC-25SEP26,0.45840000000000003,-0.97015,11.47422,147.6,0.0,,BTC,78356.33,0.0
2026-09-08T08:00:13.008530+00:00,BTC-25DEC26-86000-C,79463.16,BTC-25DEC26,call,86000.0,2026-12-25T08:00:00+00:00,0.295687472794826,0.051,0.054,0.05330154,0.0525,79463.16,BTC-25DEC26,0.3912,0.3944,166.26578,324.3,0.0,0.0030000000000000027,BTC,78356.33,0.0
2026-09-08T08:00:13.008530+00:00,BTC-27NOV26-84000-C,79134.43,BTC-27NOV26,call,84000.0,2026-11-27T08:00:00+00:00,0.21902765075512712,0.0465,0.049,0.04810555,0.04775,79134.43,BTC-27NOV26,0.3883,0.40482,143.47972,26.7,1.9,0.0025000000000000022,BTC,78356.33,8166.37
2026-09-08T08:00:13.008530+00:00,BTC-25JUN27-90000-P,81426.85,BTC-25JUN27,put,90000.0,2027-06-25T08:00:00+00:00,0.7939763160528684,0.1145,0.214,0.21176058,0.16425,81426.85,BTC-25JUN27,0.41369999999999996,-0.53527,288.26454,50.5,50.0,0.09949999999999999,BTC,78356.33,805885.52
2026-09-08T08:00:13.008530+00:00,BTC-30OCT26-68000-P,78832.66,BTC-30OCT26,put,68000.0,2026-10-30T08:00:00+00:00,0.1423678287154283,0.0115,0.0135,0.01248052,0.0125,78832.66,BTC-30OCT26,0.4052,-0.14953,69.1818,1519.1,5.1,0.002,BTC,78353.74,4508.75
2026-09-08T08:00:13.008530+00:00,BTC-26MAR27-160000-P,80412.66,BTC-26MAR27,put,160000.0,2027-03-26T08:00:00+00:00,0.5448318944238473,,,0.9945421,,80412.66,BTC-26MAR27,0.4966,-0.95494,56.31135,0.1,0.0,,BTC,78353.74,0.0
2026-09-08T08:00:13.008530+00:00,BTC-25DEC26-74000-C,79462.5,BTC-25DEC26,call,74000.0,2026-12-25T08:00:00+00:00,0.295687472794826,0.1175,0.124,0.122549,0.12075,79462.5,BTC-25DEC26,0.3987,0.66789,156.8422,138.9,0.0,0.006500000000000006,BTC,78353.74,0.0
2026-09-08T08:00:13.008530+00:00,BTC-8SEP26-90000-P,78399.18,SYN.EXPIRY,put,90000.0,2026-09-08T08:00:00+00:00,-4.1221544097143006e-07,,,0.14797119,,78399.18,SYN.EXPIRY,0.5407,0.0,0.0,0.0,0.0,,BTC,78407.73,0.0
2026-09-08T08:00:13.008530+00:00,BTC-25SEP26-58000-P,78512.61,BTC-25SEP26,put,58000.0,2026-09-25T08:00:00+00:00,0.046543051165804754,0.0003,0.0004,0.00038093,0.00035,78512.61,BTC-25SEP26,0.6048,-0.00862,3.96489,1334.2,0.0,0.00010000000000000005,BTC,78353.74,0.0
2026-09-08T08:00:13.008530+00:00,BTC-18SEP26-76000-P,78464.89,BTC-18SEP26,put,76000.0,2026-09-18T08:00:00+00:00,0.027378095655880043,0.0115,0.0125,0.01174489,0.012,78464.89,BTC-18SEP26,0.3771,-0.2974,44.94715,176.7,4.0,0.0010000000000000009,BTC,78354.05,3304.55
2026-09-08T08:00:13.008530+00:00,BTC-25DEC26-54000-C,79462.93,BTC-25DEC26,call,54000.0,2026-12-25T08:00:00+00:00,0.295687472794826,,,0.32822632,,79462.93,BTC-25DEC26,0.4936,0.94186,50.20234,33.1,0.0,,BTC,78354.05,0.0
2026-09-08T08:00:13.008530+00:00,BTC-25DEC26-200000-C,79462.93,BTC-25DEC26,call,200000.0,2026-12-25T08:00:00+00:00,0.295687472794826,0.0006,0.001,0.00065958,0.0008,79462.93,BTC-25DEC26,0.6379,0.00644,7.818,969.4,0.0,0.0004000000000000001,BTC,78354.05,0.0
2026-09-08T08:00:13.008530+00:00,BTC-27NOV26-71000-P,79134.22,BTC-27NOV26,put,71000.0,2026-11-27T08:00:00+00:00,0.21902765075512712,0.03,0.032,0.03088956,0.031,79134.22,BTC-27NOV26,0.40130000000000005,-0.25219,118.19329,20.3,0.0,0.0020000000000000018,BTC,78354.05,0.0
2026-09-08T08:00:13.008530+00:00,BTC-25SEP26-320000-C,78512.61,BTC-25SEP26,call,320000.0,2026-09-25T08:00:00+00:00,0.046543051165804754,,0.0001,2.1e-07,,78512.61,BTC-25SEP26,1.4015,0.0,0.00275,304.6,0.0,,BTC,78354.05,0.0
2026-09-08T08:00:13.008530+00:00,BTC-10SEP26-88000-P,78407.68,BTC-10SEP26,put,88000.0,2026-09-10T08:00:00+00:00,0.005475289358823231,,,0.12163445,,78407.68,BTC-10SEP26,0.5061,-0.99897,0.20134,0.0,0.0,,BTC,78354.05,0.0
2026-09-08T08:00:13.008530+00:00,BTC-25JUN27-72000-P,81426.85,BTC-25JUN27,put,72000.0,2027-06-25T08:00:00+00:00,0.7939763160528684,0.085,0.0945,0.09013868,0.08975,81426.85,BTC-25JUN27,0.4232,-0.30384,253.66859,47.6,0.0,0.009499999999999995,BTC,78358.07,0.0
2026-09-08T08:00:13.008530+00:00,BTC-11SEP26-86000-P,78416.72,BTC-11SEP26,put,86000.0,2026-09-11T08:00:00+00:00,0.008213140145955332,,,0.09616696,,78416.72,BTC-11SEP26,0.4421,-0.98925,2.01624,1.4,0.0,,BTC,78358.07,0.0
2026-09-08T08:00:13.008530+00:00,BTC-25DEC26-45000-C,79462.5,BTC-25DEC26,call,45000.0,2026-12-25T08:00:00+00:00,0.295687472794826,0.432,0.439,0.43751419,0.4355,79462.5,BTC-25DEC26,0.5843,0.97419,25.9323,54.3,0.0,0.007000000000000006,BTC,78358.07,0.0
2026-09-08T08:00:13.008530+00:00,BTC-25JUN27-70000-C,81426.14,BTC-25JUN27,call,70000.0,2027-06-25T08:00:00+00:00,0.7939763160528684,0.2155,0.224,0.22113392,0.21975,81426.14,BTC-25JUN27,0.4255,0.72133,243.61813,195.5,0.0,0.008500000000000008,BTC,78358.07,0.0
2026-09-08T08:00:13.008530+00:00,BTC-11SEP26-64000-C,78416.72,BTC-11SEP26,call,64000.0,2026-09-11T08:00:00+00:00,0.008213140145955332,,,0.18438679,,78416.72,BTC-11SEP26,0.74,0.99887,0.26782,0.0,0.0,,BTC,78358.38,0.0
2026-09-08T08:00:13.008530+00:00,BTC-25DEC26-68000-P,79462.5,BTC-25DEC26,put,68000.0,2026-12-25T08:00:00+00:00,0.295687472794826,0.029,0.031,0.02983487,0.03,79462.5,BTC-25DEC26,0.41340000000000005,-0.21108,124.87919,551.3,0.0,0.0019999999999999983,BTC,78358.38,0.0
2026-09-08T08:00:13.008530+00:00,BTC-26MAR27-98000-P,80412.23,BTC-26MAR27,put,98000.0,2027-03-26T08:00:00+00:00,0.5448318944238473,,,0.26840914,,80412.23,BTC-26MAR27,0.406,-0.69556,207.68874,0.2,0.0,,BTC,78358.38,0.0
2026-09-08T08:00:13.008530+00:00,BTC-25DEC26-115000-P,79462.5,BTC-25DEC26,put,115000.0,2026-12-25T08:00:00+00:00,0.295687472794826,,,0.45387623,,79462.5,BTC-25DEC26,0.43939999999999996,-0.92357,62.03646,5.0,0.0,,BTC,78358.38,0.0
2026-09-08T08:00:13.008530+00:00,BTC-9SEP26-79500-P,78401.47,BTC-9SEP26,put,79500.0,2026-09-09T08:00:00+00:00,0.00273743857169113,0.013,0.0195,0.01499769,0.01625,78401.47,BTC-9SEP26,0.2922,-0.82719,10.48375,102.3,1.7,0.006500000000000001,BTC,78358.38,1648.63
2026-09-08T08:00:13.008530+00:00,BTC-25JUN27-78000-P,81426.14,BTC-25JUN27,put,78000.0,2027-06-25T08:00:00+00:00,0.7939763160528684,0.12,0.1285,0.12415177,0.12425,81426.14,BTC-25JUN27,0.41759999999999997,-0.38201,276.64991,104.6,0.0,0.008500000000000008,BTC,78358.38,0.0
2026-09-08T08:00:13.008530+00:00,BTC-8SEP26-82500-C,78399.18,SYN.EXPIRY,call,82500.0,2026-09-08T08:00:00+00:00,-4.1221544097143006e-07,,,0.0,,78399.18,SYN.EXPIRY,0.4227,0.0,0.0,93.0,3.8,,BTC,78407.73,30.15
2026-09-08T08:00:13.008530+00:00,BTC-30OCT26-48000-P,78832.66,BTC-30OCT26,put,48000.0,2026-10-30T08:00:00+00:00,0.1423678287154283,0.0012,0.0015,0.00125539,0.00135,78832.66,BTC-30OCT26,0.6319,-0.01404,10.64056,194.4,0.3,0.00030000000000000014,BTC,78360.0,31.67
2026-09-08T08:00:13.008530+00:00,BTC-25SEP26-84000-C,78512.69,BTC-25SEP26,call,84000.0,2026-09-25T08:00:00+00:00,0.046543051165804754,0.009,0.01,0.00970639,0.0095,78512.69,BTC-25SEP26,0.37689999999999996,0.21278,49.18139,5077.8,4.8,0.0010000000000000009,BTC,78360.0,4471.66
2026-09-08T08:00:13.008530+00:00,BTC-8SEP26-87000-P,78399.18,SYN.EXPIRY,put,87000.0,2026-09-08T08:00:00+00:00,-4.1221544097143006e-07,,,0.10970548,,78399.18,SYN.EXPIRY,0.4863,0.0,0.0,0.0,0.0,,BTC,78407.73,0.0
2026-09-08T08:00:13.008530+00:00,BTC-25DEC26-102000-P,79462.5,BTC-25DEC26,put,102000.0,2026-12-25T08:00:00+00:00,0.295687472794826,,,0.29955497,,79462.5,BTC-25DEC26,0.4104,-0.84362,103.54439,7.8,0.0,,BTC,78360.0,0.0
2026-09-08T08:00:13.008530+00:00,BTC-25JUN27-120000-C,81426.14,BTC-25JUN27,call,120000.0,2027-06-25T08:00:00+00:00,0.7939763160528684,0.035,0.041,0.03824174,0.038,81426.14,BTC-25JUN27,0.4326,0.20778,207.76699,292.9,0.1,0.005999999999999998,BTC,78360.0,321.07
2026-09-08T08:00:13.008530+00:00,BTC-25SEP26-165000-C,78512.61,BTC-25SEP26,call,165000.0,2026-09-25T08:00:00+00:00,0.046543051165804754,,0.0001,1.38e-06,,78512.61,BTC-25SEP26,0.8449,3e-05,0.02411,266.6,0.0,,BTC,78362.22,0.0
2026-09-08T08:00:13.008530+00:00,BTC-25SEP26-65000-P,78512.69,BTC-25SEP26,put,65000.0,2026-09-25T08:00:00+00:00,0.046543051165804754,0.0013,0.0016,0.00135616,0.00145,78512.69,BTC-25SEP26,0.48719999999999997,-0.0326,12.34347,980.0,4.4,0.00030000000000000014,BTC,78362.22,437.19
2026-09-08T08:00:13.008530+00:00,BTC-11SEP26-74000-C,78416.72,BTC-11SEP26,call,74000.0,2026-09-11T08:00:00+00:00,0.008213140145955332,,,0.05766985,,78416.72,BTC-11SEP26,0.3956,0.94731,7.63926,15.3,0.0,,BTC,78362.22,0.0
2026-09-08T08:00:13.008530+00:00,BTC-8SEP26-70000-P,78399.18,SYN.EXPIRY,put,70000.0,2026-09-08T08:00:00+00:00,-4.1221544097143006e-07,,,0.0,,78399.18,SYN.EXPIRY,0.6307,0.0,0.0,25.5,0.0,,BTC,78407.73,0.0
2026-09-08T08:00:13.008530+00:00,BTC-9SEP26-82500-C,78401.68,BTC-9SEP26,call,82500.0,2026-09-09T08:00:00+00:00,0.00273743857169113,,0.0001,6.541e-05,,78401.68,BTC-9SEP26,0.406,0.00789,0.88739,151.0,49.9,,BTC,78362.22,1293.79
2026-09-08T08:00:13.008530+00:00,BTC-25JUN27-106000-P,81426.14,BTC-25JUN27,put,106000.0,2027-06-25T08:00:00+00:00,0.7939763160528684,,,0.36117535,,81426.14,BTC-25JUN27,0.4202,-0.69787,253.03763,0.0,0.0,,BTC,78362.22,0.0
2026-09-08T08:00:13.008530+00:00,BTC-26MAR27-170000-P,80412.23,BTC-26MAR27,put,170000.0,2027-03-26T08:00:00+00:00,0.5448318944238473,,,1.11773084,,80412.23,BTC-26MAR27,0.5131,-0.96302,47.9714,0.2,0.0,,BTC,78360.92,0.0
2026-09-08T08:00:13.008530+00:00,BTC-25SEP26-160000-P,78512.61,BTC-25SEP26,put,160000.0,2026-09-25T08:00:00+00:00,0.046543051165804754,,,1.03658293,,78512.61,BTC-25SEP26,0.8188,-0.99996,0.02834,0.6,0.0,,BTC,78360.92,0.0
2026-09-08T08:00:13.008530+00:00,BTC-25SEP26-80000-P,78512.61,BTC-25SEP26,put,80000.0,2026-09-25T08:00:00+00:00,0.046543051165804754,0.039,0.0445,0.04160935,0.04175,78512.61,BTC-25SEP26,0.3641,-0.58174,66.13655,1510.8,110.1,0.005499999999999998,BTC,78360.92,308797.06
2026-09-08T08:00:13.008530+00:00,BTC-30OCT26-104000-P,78832.66,BTC-30OCT26,put,104000.0,2026-10-30T08:00:00+00:00,0.1423678287154283,,,0.3222843,,78832.66,BTC-30OCT26,0.44189999999999996,-0.94312,33.96734,0.0,0.0,,BTC,78360.92,0.0
2026-09-08T08:00:13.008530+00:00,BTC-30OCT26-91000-P,78832.66,BTC-30OCT26,put,91000.0,2026-10-30T08:00:00+00:00,0.1423678287154283,,,0.16780731,,78832.66,BTC-30OCT26,0.39289999999999997,-0.81532,79.29015,0.2,0.0,,BTC,78360.92,0.0
2026-09-08T08:00:13.008530+00:00,BTC-10SEP26-89000-P,78407.47,BTC-10SEP26,put,89000.0,2026-09-10T08:00:00+00:00,0.005475289358823231,,,0.134373,,78407.47,BTC-10SEP26,0.5143,-0.99956,0.09209,0.0,0.0,,BTC,78360.92,0.0
2026-09-08T08:00:13.008530+00:00,BTC-25SEP26-180000-C,78512.61,BTC-25SEP26,call,180000.0,2026-09-25T08:00:00+00:00,0.046543051165804754,,0.0001,9.3e-07,,78512.61,BTC-25SEP26,0.9184,2e-05,0.01576,792.3,0.0,,BTC,78360.95,0.0
2026-09-08T08:00:13.008530+00:00,BTC-8SEP26-79000-C,78399.18,SYN.EXPIRY,call,79000.0,2026-09-08T08:00:00+00:00,-4.1221544097143006e-07,,,0.0,,78399.18,SYN.EXPIRY,0.2531,0.0,0.0,23.1,21.1,,BTC,78407.73,4756.59
2026-09-08T08:00:13.008530+00:00,BTC-26MAR27-90000-P,80412.66,BTC-26MAR27,put,90000.0,2027-03-26T08:00:00+00:00,0.5448318944238473,,,0.19278299,,80412.66,BTC-26MAR27,0.4014,-0.59241,230.36507,14.1,0.0,,BTC,78360.95,0.0
2026-09-08T08:00:13.008530+00:00,BTC-18SEP26-68000-C,78464.68,BTC-18SEP26,call,68000.0,2026-09-18T08:00:00+00:00,0.027378095655880043,,,0.13477643,,78464.68,BTC-18SEP26,0.46509999999999996,0.97071,8.65852,2.0,2.0,,BTC,78352.31,23393.33
2026-09-08T08:00:13.008530+00:00,BTC-30OCT26-80000-P,78832.66,BTC-30OCT26,put,80000.0,2026-10-30T08:00:00+00:00,0.1423678287154283,0.0605,0.0665,0.06379756,0.0635,78832.66,BTC-30OCT26,0.3725,-0.51538,118.54495,960.1,8.3,0.006000000000000005,BTC,78360.95,38624.35
2026-09-08T08:00:13.008530+00:00,BTC-26MAR27-54000-P,80412.23,BTC-26MAR27,put,54000.0,2027-03-26T08:00:00+00:00,0.5448318944238473,0.014,0.0185,0.01686299,0.01625,80412.23,BTC-26MAR27,0.4647,-0.09173,97.72975,91.7,0.3,0.004499999999999999,BTC,78352.31,392.87
2026-09-08T08:00:13.008530+00:00,BTC-27NOV26-93000-C,79134.22,BTC-27NOV26,call,93000.0,2026-11-27T08:00:00+00:00,0.21902765075512712,0.021,0.0225,0.02186145,0.02175,79134.22,BTC-27NOV26,0.3996,0.21969,109.53201,38.6,10.2,0.0014999999999999979,BTC,78352.31,18054.7
2026-09-08T08:00:13.008530+00:00,BTC-18SEP26-82000-C,78464.89,BTC-18SEP26,call,82000.0,2026-09-18T08:00:00+00:00,0.027378095655880043,0.009,0.0095,0.00928046,0.00925,78464.89,BTC-18SEP26,0.3791,0.24759,41.02887,1305.3,86.8,0.0005000000000000004,BTC,78352.31,84234.8
2026-09-08T08:00:13.008530+00:00,BTC-26MAR27-60000-P,80412.23,BTC-26MAR27,put,60000.0,2027-03-26T08:00:00+00:00,0.5448318944238473,0.0245,0.0295,0.02774843,0.027,80412.23,BTC-26MAR27,0.43979999999999997,-0.14409,134.67104,816.1,1.1,0.0049999999999999975,BTC,78352.31,2326.86
2026-09-08T08:00:13.008530+00:00,BTC-8SEP26-73000-P,78399.18,SYN.EXPIRY,put,73000.0,2026-09-08T08:00:00+00:00,-4.1221544097143006e-07,,,0.0,,78399.18,SYN.EXPIRY,0.5972999999999999,0.0,0.0,13.4,0.0,,BTC,78407.73,0.0
2026-09-08T08:00:13.008530+00:00,BTC-25DEC26-65000-C,79462.5,BTC-25DEC26,call,65000.0,2026-12-25T08:00:00+00:00,0.295687472794826,0.0009,,0.20446133,,79462.5,BTC-25DEC26,0.4244,0.83687,106.41103,920.8,0.0,,BTC,78335.09,0.0
2026-09-08T08:00:13.008530+00:00,BTC-10SEP26-82500-C,78407.68,BTC-10SEP26,call,82500.0,2026-09-10T08:00:00+00:00,0.005475289358823231,0.0002,0.0004,0.00034764,0.0003,78407.68,BTC-10SEP26,0.3664,0.02946,3.88673,8.7,8.5,0.0002,BTC,78352.31,630.97
2026-09-08T08:00:13.008530+00:00,BTC-10SEP26-79000-C,78407.68,BTC-10SEP26,call,79000.0,2026-09-10T08:00:00+00:00,0.005475289358823231,0.005,0.0065,0.00627223,0.00575,78407.68,BTC-10SEP26,0.3146,0.36265,21.74456,7.5,8.7,0.0014999999999999996,BTC,78335.09,6323.95
2026-09-08T08:00:13.008530+00:00,BTC-30OCT26-110000-P,78832.66,BTC-30OCT26,put,110000.0,2026-10-30T08:00:00+00:00,0.1423678287154283,,,0.3968876,,78832.66,BTC-30OCT26,0.4682,-0.96423,23.38248,0.0,0.0,,BTC,78335.09,0.0
2026-09-08T08:00:13.008530+00:00,BTC-9SEP26-78000-C,78401.47,BTC-9SEP26,call,78000.0,2026-09-09T08:00:00+00:00,0.00273743857169113,0.0027,,0.00910431,,78401.47,BTC-9SEP26,0.2772,0.62321,15.56823,0.0,0.0,,BTC,78335.09,0.0
2026-09-08T08:00:13.008530+00:00,BTC-9SEP26-80000-C,78401.47,BTC-9SEP26,call,80000.0,2026-09-09T08:00:00+00:00,0.00273743857169113,0.0005,0.001,0.00079269,0.00075,78401.47,BTC-9SEP26,0.298,0.09163,6.74666,25.3,17.9,0.0005,BTC,78335.09,5142.1
2026-09-08T08:00:13.008530+00:00,BTC-10SEP26-73000-P,78407.68,BTC-10SEP26,put,73000.0,2026-09-10T08:00:00+00:00,0.005475289358823231,0.0002,0.0003,0.00018544,0.00025,78407.68,BTC-10SEP26,0.4542,-0.01721,2.47068,21.1,21.0,9.999999999999996e-05,BTC,78335.09,494.55
2026-09-08T08:00:13.008530+00:00,BTC-25DEC26-190000-C,79462.5,BTC-25DEC26,call,190000.0,2026-12-25T08:00:00+00:00,0.295687472794826,0.0006,0.0011,0.00076702,0.00085,79462.5,BTC-25DEC26,0.6175,0.00759,9.03591,1026.7,0.0,0.0005000000000000001,BTC,78333.48,0.0
2026-09-08T08:00:13.008530+00:00,BTC-25SEP26-105000-P,78513.04,BTC-25SEP26,put,105000.0,2026-09-25T08:00:00+00:00,0.046543051165804754,0.0001,,0.3368117,,78513.04,BTC-25SEP26,0.5456,-0.99223,3.61738,105.3,0.0,,BTC,78333.48,0.0
2026-09-08T08:00:13.008530+00:00,BTC-8SEP26-78500-C,78399.18,SYN.EXPIRY,call,78500.0,2026-09-08T08:00:00+00:00,-4.1221544097143006e-07,,,0.0,,78399.18,SYN.EXPIRY,0.2519,0.0,0.0,6.0,6.4,,BTC,78407.73,3650.95
2026-09-08T08:00:13.008530+00:00,BTC-25DEC26-230000-P,79462.5,BTC-25DEC26,put,230000.0,2026-12-25T08:00:00+00:00,0.295687472794826,,,1.89293416,,79462.5,BTC-25DEC26,0.6729999999999999,-0.99676,4.23201,0.0,0.0,,BTC,78333.48,0.0
2026-09-08T08:00:13.008530+00:00,BTC-25SEP26-72000-C,78512.61,BTC-25SEP26,call,72000.0,2026-09-25T08:00:00+00:00,0.046543051165804754,0.014,0.13,0.08984635,0.072,78512.61,BTC-25SEP26,0.3911,0.85487,38.60782,3313.8,0.9,0.116,BTC,78333.48,6639.77
2026-09-08T08:00:13.008530+00:00,BTC-25SEP26-130000-P,78512.61,BTC-25SEP26,put,130000.0,2026-09-25T08:00:00+00:00,0.046543051165804754,,,0.6547878,,78512.61,BTC-25SEP26,0.7629,-0.99859,0.78268,21.4,0.0,,BTC,78333.61,0.0
2026-09-08T08:00:13.008530+00:00,BTC-25SEP26-70000-P,78512.69,BTC-25SEP26,put,70000.0,2026-09-25T08:00:00+00:00,0.046543051165804754,0.0035,0.0041,0.00377425,0.0038,78512.69,BTC-25SEP26,0.4102,-0.09164,27.86126,8725.1,3.9,0.0006000000000000003,BTC,78333.61,1073.69
2026-09-08T08:00:13.008530+00:00,BTC-26MAR27-150000-C,80412.23,BTC-26MAR27,call,150000.0,2027-03-26T08:00:00+00:00,0.5448318944238473,0.007,0.0095,0.00748685,0.00825,80412.23,BTC-26MAR27,0.47869999999999996,0.05592,66.86058,1903.5,1.7,0.0024999999999999996,BTC,78333.61,1094.48
2026-09-08T08:00:13.008530+00:00,BTC-9SEP26-87000-P,78401.47,BTC-9SEP26,put,87000.0,2026-09-09T08:00:00+00:00,0.00273743857169113,0.0001,,0.1089577,,78401.47,BTC-9SEP26,0.4953,-0.99997,0.00469,0.0,0.0,,BTC,78333.61,0.0
2026-09-08T08:00:13.008530+00:00,BTC-25DEC26-45000-P,79462.5,BTC-25DEC26,put,45000.0,2026-12-25T08:00:00+00:00,0.295687472794826,0.0033,0.0038,0.00345831,0.00355,79462.5,BTC-25DEC26,0.5843,-0.02587,25.97457,2844.5,1.0,0.0005,BTC,78333.61,283.38
2026-09-08T08:00:13.008530+00:00,BTC-30OCT26-67000-P,78832.66,BTC-30OCT26,put,67000.0,2026-10-30T08:00:00+00:00,0.1423678287154283,0.01,0.0115,0.01085208,0.01075,78832.66,BTC-30OCT26,0.41229999999999994,-0.13206,63.57271,411.4,0.8,0.0014999999999999996,BTC,78333.61,646.08
2026-09-08T08:00:13.008530+00:00,BTC-25JUN27-125000-C,81426.14,BTC-25JUN27,call,125000.0,2027-06-25T08:00:00+00:00,0.7939763160528684,0.0295,0.0355,0.03288732,0.0325,81426.14,BTC-25JUN27,0.4375,0.18233,191.83045,115.6,0.0,0.005999999999999998,BTC,78333.61,0.0
2026-09-08T08:00:13.008530+00:00,BTC-25JUN27-60000-C,81426.14,BTC-25JUN27,call,60000.0,2027-06-25T08:00:00+00:00,0.7939763160528684,0.3,0.3085,0.3059714,0.30425,81426.14,BTC-25JUN27,0.4443,0.83318,181.29995,961.8,0.2,0.008500000000000008,BTC,78335.63,4857.68
2026-09-08T08:00:13.008530+00:00,BTC-8SEP26-74000-C,78399.18,SYN.EXPIRY,call,74000.0,2026-09-08T08:00:00+00:00,-4.1221544097143006e-07,,,0.05611258,,78399.18,SYN.EXPIRY,0.5779,0.0,0.0,0.0,0.0,,BTC,78407.73,0.0
2026-09-08T08:00:13.008530+00:00,BTC-8SEP26-83000-C,78399.18,SYN.EXPIRY,call,83000.0,2026-09-08T08:00:00+00:00,-4.1221544097143006e-07,,,0.0,,78399.18,SYN.EXPIRY,0.4368,0.0,0.0,47.9,6.7,,BTC,78407.73,53.3
2026-09-08T08:00:13.008530+00:00,BTC-8SEP26-88000-P,78399.18,SYN.EXPIRY,put,88000.0,2026-09-08T08:00:00+00:00,-4.1221544097143006e-07,,,0.12246072,,78399.18,SYN.EXPIRY,0.5368999999999999,0.0,0.0,0.0,0.0,,BTC,78407.73,0.0
2026-09-08T08:00:13.008530+00:00,BTC-27NOV26-79000-P,79134.22,BTC-27NOV26,put,79000.0,2026-11-27T08:00:00+00:00,0.21902765075512712,0.068,0.0745,0.071053,0.07125,79134.22,BTC-27NOV26,0.3876,-0.46214,146.99783,93.7,18.2,0.006499999999999992,BTC,78335.63,93460.92
2026-09-08T08:00:13.008530+00:00,BTC-30OCT26-59000-C,78832.66,BTC-30OCT26,call,59000.0,2026-10-30T08:00:00+00:00,0.1423678287154283,,,0.2558325,,78832.66,BTC-30OCT26,0.48479999999999995,0.95261,29.37482,1.0,0.0,,BTC,78340.77,0.0
2026-09-08T08:00:13.008530+00:00,BTC-10SEP26-81000-P,78407.68,BTC-10SEP26,put,81000.0,2026-09-10T08:00:00+00:00,0.005475289358823231,,,0.03357179,,78407.68,BTC-10SEP26,0.33409999999999995,-0.90934,9.46659,0.0,0.0,,BTC,78340.77,0.0
2026-09-08T08:00:13.008530+00:00,BTC-25JUN27-115000-C,81426.85,BTC-25JUN27,call,115000.0,2027-06-25T08:00:00+00:00,0.7939763160528684,0.0415,0.0475,0.04468421,0.0445,81426.85,BTC-25JUN27,0.4278,0.2367,223.74609,38.2,0.0,0.005999999999999998,BTC,78340.77,0.0
2026-09-08T08:00:13.008530+00:00,BTC-25SEP26-220000-C,78513.04,BTC-25SEP26,call,220000.0,2026-09-25T08:00:00+00:00,0.046543051165804754,,0.0001,3.5e-07,,78513.04,BTC-25SEP26,1.0735999999999999,1e-05,0.00561,241.9,0.0,,BTC,78340.77,0.0
2026-09-08T08:00:13.008530+00:00,BTC-26MAR27-106000-C,80412.23,BTC-26MAR27,call,106000.0,2027-03-26T08:00:00+00:00,0.5448318944238473,0.0325,0.038,0.0348077,0.03525,80412.23,BTC-26MAR27,0.41369999999999996,0.22532,178.07247,79.2,0.0,0.005499999999999998,BTC,78340.77,0.0
2026-09-08T08:00:13.008530+00:00,BTC-10SEP26-82000-P,78407.68,BTC-10SEP26,put,82000.0,2026-09-10T08:00:00+00:00,0.005475289358823231,,,0.0456482,,78407.68,BTC-10SEP26,0.3529,-0.95861,5.13675,0.0,0.0,,BTC,78340.77,0.0
2026-09-08T08:00:13.008530+00:00,BTC-30OCT26-48000-C,78832.66,BTC-30OCT26,call,48000.0,2026-10-30T08:00:00+00:00,0.1423678287154283,,,0.39275756,,78832.66,BTC-30OCT26,0.6319,0.98591,10.67068,0.1,0.0,,BTC,78340.08,0.0
2026-09-08T08:00:13.008530+00:00,BTC-8SEP26-89000-C,78399.18,SYN.EXPIRY,call,89000.0,2026-09-08T08:00:00+00:00,-4.1221544097143006e-07,,,0.0,,78399.18,SYN.EXPIRY,0.5407,0.0,0.0,25.3,0.0,,BTC,78407.73,0.0
2026-09-08T08:00:13.008530+00:00,BTC-11SEP26-80000-P,78416.29,BTC-11SEP26,put,80000.0,2026-09-11T08:00:00+00:00,0.008213140145955332,0.0225,0.0285,0.02432107,0.0255,78416.29,BTC-11SEP26,0.3321,-0.75082,22.53072,284.4,0.1,0.006000000000000002,BTC,78340.08,162.16
2026-09-08T08:00:13.008530+00:00,BTC-25SEP26-100000-C,78512.61,BTC-25SEP26,call,100000.0,2026-09-25T08:00:00+00:00,0.046543051165804754,0.0005,0.0007,0.00061246,0.0006,78512.61,BTC-25SEP26,0.5091,0.01566,6.65413,7229.4,100.2,0.00019999999999999998,BTC,78340.08,4759.45
2026-09-08T08:00:13.008530+00:00,BTC-26MAR27-98000-C,80412.23,BTC-26MAR27,call,98000.0,2027-03-26T08:00:00+00:00,0.5448318944238473,0.048,0.054,0.05044426,0.051,80412.23,BTC-26MAR27,0.406,0.30416,207.55536,115.0,0.0,0.005999999999999998,BTC,78340.08,0.0
2026-09-08T08:00:13.008530+00:00,BTC-30OCT26-88000-P,78832.66,BTC-30OCT26,put,88000.0,2026-10-30T08:00:00+00:00,0.1423678287154283,,,0.13555614,,78832.66,BTC-30OCT26,0.3847,-0.75523,93.40901,8.1,0.0,,BTC,78340.08,0.0
2026-09-08T08:00:13.008530+00:00,BTC-9SEP26-84000-C,78401.47,BTC-9SEP26,call,84000.0,2026-09-09T08:00:00+00:00,0.00273743857169113,,0.0001,3.88e-06,,78401.47,BTC-9SEP26,0.40619999999999995,0.00053,0.07675,29.6,6.6,,BTC,78346.06,64.05
2026-09-08T08:00:13.008530+00:00,BTC-30OCT26-102000-P,78832.45,BTC-30OCT26,put,102000.0,2026-10-30T08:00:00+00:00,0.1423678287154283,,,0.29767119,,78832.45,BTC-30OCT26,0.4334,-0.93304,38.57362,0.0,0.0,,BTC,78346.06,0.0
2026-09-08T08:00:13.008530+00:00,BTC-8SEP26-72000-C,78399.18,SYN.EXPIRY,call,72000.0,2026-09-08T08:00:00+00:00,-4.1221544097143006e-07,,,0.08162305,,78399.18,SYN.EXPIRY,0.5972999999999999,0.0,0.0,0.0,0.0,,BTC,78407.73,0.0
2026-09-08T08:00:13.008530+00:00,BTC-11SEP26-78000-C,78416.72,BTC-11SEP26,call,78000.0,2026-09-11T08:00:00+00:00,0.008213140145955332,0.012,0.017,0.01485976,0.0145,78416.72,BTC-11SEP26,0.32299999999999995,0.56665,27.93826,963.2,20.1,0.005000000000000001,BTC,78346.06,21237.54
2026-09-08T08:00:13.008530+00:00,BTC-25SEP26-60000-P,78513.04,BTC-25SEP26,put,60000.0,2026-09-25T08:00:00+00:00,0.046543051165804754,0.0005,0.0007,0.00056296,0.0006,78513.04,BTC-25SEP26,0.5736,-0.01284,5.60675,5324.6,6.7,0.00019999999999999998,BTC,78346.12,317.89
2026-09-08T08:00:13.008530+00:00,BTC-27NOV26-88000-P,79134.43,BTC-27NOV26,put,88000.0,2026-11-27T08:00:00+00:00,0.21902765075512712,0.1335,,0.14523055,,79134.43,BTC-27NOV26,0.3921,-0.68832,130.90659,0.0,0.0,,BTC,78346.12,0.0
2026-09-08T08:00:13.008530+00:00,BTC-25DEC26-72000-P,79462.93,BTC-25DEC26,put,72000.0,2026-12-25T08:00:00+00:00,0.295687472794826,0.0415,0.0445,0.04417478,0.043,79462.93,BTC-25DEC26,0.40259999999999996,-0.28895,147.59487,787.9,6.2,0.0029999999999999957,BTC,78346.12,20159.96
2026-09-08T08:00:13.008530+00:00,BTC-26MAR27-56000-C,80412.23,BTC-26MAR27,call,56000.0,2027-03-26T08:00:00+00:00,0.5448318944238473,,,0.32390204,,80412.23,BTC-26MAR27,0.4551,0.89299,109.37104,16.9,0.0,,BTC,78346.12,0.0
2026-09-08T08:00:13.008530+00:00,BTC-8SEP26-81500-C,78399.18,SYN.EXPIRY,call,81500.0,2026-09-08T08:00:00+00:00,-4.1221544097143006e-07,,,0.0,,78399.18,SYN.EXPIRY,0.3553,0.0,0.0,123.3,69.3,,BTC,78407.73,3600.3
2026-09-08T08:00:13.008530+00:00,BTC-27NOV26-105000-P,79134.22,BTC-27NOV26,put,105000.0,2026-11-27T08:00:00+00:00,0.21902765075512712,,,0.33429369,,79134.22,BTC-27NOV26,0.428,-0.90583,62.16345,0.0,0.0,,BTC,78346.12,0.0
2026-09-08T08:00:13.008530+00:00,BTC-9SEP26-76000-C,78401.47,BTC-9SEP26,call,76000.0,2026-09-09T08:00:00+00:00,0.00273743857169113,0.0001,,0.03152667,,78401.47,BTC-9SEP26,0.34259999999999996,0.9555,3.85089,0.0,0.0,,BTC,78346.12,0.0
2026-09-08T08:00:13.008530+00:00,BTC-10SEP26-75000-P,78407.68,BTC-10SEP26,put,75000.0,2026-09-10T08:00:00+00:00,0.005475289358823231,0.0004,0.0007,0.0005668,0.00055,78407.68,BTC-10SEP26,0.3711,-0.0545,6.40405,22.3,15.3,0.0003,BTC,78345.92,840.59
2026-09-08T08:00:13.008530+00:00,BTC-25JUN27-55000-C,81426.14,BTC-25JUN27,call,55000.0,2027-06-25T08:00:00+00:00,0.7939763160528684,0.349,0.357,0.35473594,0.353,81426.14,BTC-25JUN27,0.45899999999999996,0.87736,147.32712,2.9,0.0,0.008000000000000007,BTC,78345.92,0.0
2026-09-08T08:00:13.008530+00:00,BTC-10SEP26-71000-C,78407.68,BTC-10SEP26,call,71000.0,2026-09-10T08:00:00+00:00,0.005475289358823231,,,0.09519237,,78407.68,BTC-10SEP26,0.5796,0.98963,1.59486,0.0,0.0,,BTC,78345.92,0.0
2026-09-08T08:00:13.008530+00:00,BTC-27NOV26-93000-P,79134.43,BTC-27NOV26,put,93000.0,2026-11-27T08:00:00+00:00,0.21902765075512712,,,0.19632854,,79134.43,BTC-27NOV26,0.3996,-0.78046,109.47744,2.0,0.0,,BTC,78345.92,0.0
2026-09-08T08:00:13.008530+00:00,BTC-27NOV26-108000-P,79134.43,BTC-27NOV26,put,108000.0,2026-11-27T08:00:00+00:00,0.21902765075512712,,,0.37047978,,79134.43,BTC-27NOV26,0.4351,-0.92345,53.22411,0.0,0.0,,BTC,78345.92,0.0
2026-09-08T08:00:13.008530+00:00,BTC-25DEC26-56000-C,79462.5,BTC-25DEC26,call,56000.0,2026-12-25T08:00:00+00:00,0.295687472794826,,,0.30460984,,79462.5,BTC-25DEC26,0.4779,0.92965,58.21519,41.5,0.0,,BTC,78345.08,0.0
2026-09-08T08:00:13.008530+00:00,BTC-25SEP26-52000-P,78513.04,BTC-25SEP26,put,52000.0,2026-09-25T08:00:00+00:00,0.046543051165804754,,0.0002,0.00017338,,78513.04,BTC-25SEP26,0.7289,-0.00354,1.79664,1201.5,0.0,,BTC,78345.08,0.0
2026-09-08T08:00:13.008530+00:00,BTC-26MAR27-86000-P,80412.23,BTC-26MAR27,put,86000.0,2027-03-26T08:00:00+00:00,0.5448318944238473,,,0.15930754,,80412.23,BTC-26MAR27,0.4014,-0.53231,235.9171,3.1,0.0,,BTC,78345.08,0.0
2026-09-08T08:00:13.008530+00:00,BTC-18SEP26-80000-C,78464.68,BTC-18SEP26,call,80000.0,2026-09-18T08:00:00+00:00,0.027378095655880043,0.0155,0.017,0.01651099,0.01625,78464.68,BTC-18SEP26,0.3726,0.38349,49.54594,535.1,15.6,0.0015000000000000013,BTC,78345.17,23777.47
2026-09-08T08:00:13.008530+00:00,BTC-26MAR27-40000-P,80412.23,BTC-26MAR27,put,40000.0,2027-03-26T08:00:00+00:00,0.5448318944238473,0.0043,0.0065,0.00508743,0.0054,80412.23,BTC-26MAR27,0.5540999999999999,-0.02807,38.20329,1888.3,5.9,0.0021999999999999997,BTC,78345.08,2346.1
2026-09-08T08:00:13.008530+00:00,BTC-26MAR27-120000-C,80412.23,BTC-26MAR27,call,120000.0,2027-03-26T08:00:00+00:00,0.5448318944238473,0.017,0.022,0.0193231,0.0195,80412.23,BTC-26MAR27,0.4315,0.13568,129.26268,790.9,0.2,0.0049999999999999975,BTC,78345.17,334.03
2026-09-08T08:00:13.008530+00:00,BTC-10SEP26-75000-C,78407.68,BTC-10SEP26,call,75000.0,2026-09-10T08:00:00+00:00,0.005475289358823231,,,0.04463865,,78407.68,BTC-10SEP26,0.3711,0.94545,6.40845,0.0,0.0,,BTC,78345.08,0.0
2026-09-08T08:00:13.008530+00:00,BTC-30OCT26-80000-C,78832.66,BTC-30OCT26,call,80000.0,2026-10-30T08:00:00+00:00,0.1423678287154283,0.0465,0.05,0.04963452,0.04825,78832.66,BTC-30OCT26,0.3725,0.48401,118.51258,1300.5,41.7,0.003500000000000003,BTC,78345.17,173990.56
2026-09-08T08:00:13.008530+00:00,BTC-8SEP26-79500-C,78399.18,SYN.EXPIRY,call,79500.0,2026-09-08T08:00:00+00:00,-4.1221544097143006e-07,,,0.0,,78399.18,SYN.EXPIRY,0.2927,0.0,0.0,31.5,26.3,,BTC,78407.73,4252.81
2026-09-08T08:00:13.008530+00:00,BTC-25JUN27-140000-C,81426.85,BTC-25JUN27,call,140000.0,2027-06-25T08:00:00+00:00,0.7939763160528684,0.0185,0.024,0.02211496,0.02125,81426.85,BTC-25JUN27,0.4548,0.1279,151.70548,387.7,0.2,0.005500000000000001,BTC,78345.17,364.87
2026-09-08T08:00:13.008530+00:00,BTC-27NOV26-67000-C,79134.43,BTC-27NOV26,call,67000.0,2026-11-27T08:00:00+00:00,0.21902765075512712,,,0.17328203,,79134.43,BTC-27NOV26,0.4163,0.82825,94.29146,0.0,0.0,,BTC,78345.17,0.0
2026-09-08T08:00:13.008530+00:00,BTC-30OCT26-96000-P,78832.66,BTC-30OCT26,put,96000.0,2026-10-30T08:00:00+00:00,0.1423678287154283,,,0.22529253,,78832.66,BTC-30OCT26,0.4102,-0.8851,57.67046,0.1,0.0,,BTC,78345.17,0.0
2026-09-08T08:00:13.008530+00:00,BTC-11SEP26-77000-P,78416.29,BTC-11SEP26,put,77000.0,2026-09-11T08:00:00+00:00,0.008213140145955332,0.0043,0.0055,0.00474511,0.0049,78416.29,BTC-11SEP26,0.3297,-0.27483,23.69265,561.8,26.9,0.0011999999999999997,BTC,78343.99,9696.53
2026-09-08T08:00:13.008530+00:00,BTC-25SEP26-190000-C,78513.04,BTC-25SEP26,call,190000.0,2026-09-25T08:00:00+00:00,0.046543051165804754,,0.0001,4.3e-07,,78513.04,BTC-25SEP26,0.9386,1e-05,0.00756,762.1,0.0,,BTC,78343.99,0.0
2026-09-08T08:00:13.008530+00:00,BTC-26MAR27-56000-P,80412.23,BTC-26MAR27,put,56000.0,2027-03-26T08:00:00+00:00,0.5448318944238473,0.0175,0.0215,0.01988197,0.0195,80412.23,BTC-26MAR27,0.4551,-0.10702,109.38026,123.0,0.1,0.003999999999999997,BTC,78343.99,153.68
2026-09-08T08:00:13.008530+00:00,BTC-11SEP26-84000-C,78416.2,BTC-11SEP26,call,84000.0,2026-09-11T08:00:00+00:00,0.008213140145955332,0.0004,0.0006,0.00045765,0.0005,78416.2,BTC-11SEP26,0.4031,0.0297,4.79293,1376.0,21.0,0.00019999999999999993,BTC,78343.99,1330.75
2026-09-08T08:00:13.008530+00:00,BTC-25JUN27-56000-C,81426.14,BTC-25JUN27,call,56000.0,2027-06-25T08:00:00+00:00,0.7939763160528684,0.339,0.3475,0.34458218,0.34325,81426.14,BTC-25JUN27,0.45520000000000005,0.86943,153.89525,3.0,0.0,0.008499999999999952,BTC,78343.99,0.0
2026-09-08T08:00:13.008530+00:00,BTC-25SEP26-64000-C,78512.61,BTC-25SEP26,call,64000.0,2026-09-25T08:00:00+00:00,0.046543051165804754,0.013,,0.18646762,,78512.61,BTC-25SEP26,0.5019,0.97349,10.39249,662.0,1.5,,BTC,78344.82,22606.41
2026-09-08T08:00:13.008530+00:00,BTC-25JUN27-94000-C,81426.85,BTC-25JUN27,call,94000.0,2027-06-25T08:00:00+00:00,0.7939763160528684,0.089,0.0965,0.09225979,0.09275,81426.85,BTC-25JUN27,0.4139,0.41812,283.22977,17.7,0.0,0.007500000000000007,BTC,78344.82,0.0
2026-09-08T08:00:13.008530+00:00,BTC-25JUN27-200000-P,81426.14,BTC-25JUN27,put,200000.0,2027-06-25T08:00:00+00:00,0.7939763160528684,,,1.46174194,,81426.14,BTC-25JUN27,0.5186999999999999,-0.95675,66.57698,2.1,0.0,,BTC,78344.82,0.0
2026-09-08T08:00:13.008530+00:00,BTC-27NOV26-78000-C,79134.22,BTC-27NOV26,call,78000.0,2026-11-27T08:00:00+00:00,0.21902765075512712,0.076,0.082,0.0796479,0.079,79134.22,BTC-27NOV26,0.3885,0.56587,145.66185,34.9,1.0,0.006000000000000005,BTC,78344.82,6785.77
2026-09-08T08:00:13.008530+00:00,BTC-25SEP26-220000-P,78513.04,BTC-25SEP26,put,220000.0,2026-09-25T08:00:00+00:00,0.046543051165804754,,,1.80029968,,78513.04,BTC-25SEP26,1.0735999999999999,-0.99999,0.00562,27.7,0.0,,BTC,78344.82,0.0
2026-09-08T08:00:13.008530+00:00,BTC-27NOV26-62000-P,79134.22,BTC-27NOV26,put,62000.0,2026-11-27T08:00:00+00:00,0.21902765075512712,0.01,0.0115,0.01085982,0.01075,79134.22,BTC-27NOV26,0.445,-0.10177,65.80021,107.3,0.0,0.0014999999999999996,BTC,78344.82,0.0
2026-09-08T08:00:13.008530+00:00,BTC-25DEC26-50000-C,79462.5,BTC-25DEC26,call,50000.0,2026-12-25T08:00:00+00:00,0.295687472794826,,,0.37637697,,79462.5,BTC-25DEC26,0.5309,0.95961,37.51661,260.7,0.0,,BTC,78345.03,0.0
2026-09-08T08:00:13.008530+00:00,BTC-18SEP26-82000-P,78464.68,BTC-18SEP26,put,82000.0,2026-09-18T08:00:00+00:00,0.027378095655880043,0.0505,0.058,0.0536762,0.05425,78464.68,BTC-18SEP26,0.3791,-0.75292,40.97935,26.8,0.0,0.0075,BTC,78345.03,0.0
2026-09-08T08:00:13.008530+00:00,BTC-30OCT26-45000-P,78832.66,BTC-30OCT26,put,45000.0,2026-10-30T08:00:00+00:00,0.1423678287154283,0.0007,0.0012,0.00087664,0.00095,78832.66,BTC-30OCT26,0.67,-0.00968,7.69999,220.0,0.0,0.0004999999999999999,BTC,78345.03,0.0
2026-09-08T08:00:13.008530+00:00,BTC-30OCT26-69000-C,78832.66,BTC-30OCT26,call,69000.0,2026-10-30T08:00:00+00:00,0.1423678287154283,0.11,,0.13973549,,78832.66,BTC-30OCT26,0.3994,0.82991,75.25792,685.1,0.0,,BTC,78345.03,0.0
2026-09-08T08:00:13.008530+00:00,BTC-8SEP26-86000-C,78399.18,SYN.EXPIRY,call,86000.0,2026-09-08T08:00:00+00:00,-4.1221544097143006e-07,,,0.0,,78399.18,SYN.EXPIRY,0.4625,0.0,0.0,77.1,0.0,,BTC,78407.73,0.0
2026-09-08T08:00:13.008530+00:00,BTC-25JUN27-84000-C,81426.85,BTC-25JUN27,call,84000.0,2027-06-25T08:00:00+00:00,0.7939763160528684,0.1295,0.1375,0.13360909,0.1335,81426.85,BTC-25JUN27,0.4138,0.5391,287.95555,18.9,0.0,0.008000000000000007,BTC,78345.03,0.0
2026-09-08T08:00:13.008530+00:00,BTC-25SEP26-40000-P,78512.61,BTC-25SEP26,put,40000.0,2026-09-25T08:00:00+00:00,0.046543051165804754,,0.0001,6.593e-05,,78512.61,BTC-25SEP26,1.0495999999999999,-0.00101,0.57576,2816.8,0.0,,BTC,78345.38,0.0
2026-09-08T08:00:13.008530+00:00,BTC-25SEP26-280000-P,78512.61,BTC-25SEP26,put,280000.0,2026-09-25T08:00:00+00:00,0.046543051165804754,,,2.56401763,,78512.61,BTC-25SEP26,1.2987,-0.99999,0.00423,0.0,0.0,,BTC,78345.38,0.0
2026-09-08T08:00:13.008530+00:00,BTC-30OCT26-69000-P,78832.66,BTC-30OCT26,put,69000.0,2026-10-30T08:00:00+00:00,0.1423678287154283,0.0135,0.0155,0.01445111,0.0145,78832.66,BTC-30OCT26,0.3994,-0.17008,75.25634,295.6,2.4,0.002,BTC,78345.38,2317.91
2026-09-08T08:00:13.008530+00:00,BTC-9SEP26-85000-P,78401.47,BTC-9SEP26,put,85000.0,2026-09-09T08:00:00+00:00,0.00273743857169113,0.0001,,0.0834664,,78401.47,BTC-9SEP26,0.4512,-0.99971,0.04333,0.0,0.0,,BTC,78345.38,0.0
2026-09-08T08:00:13.008530+00:00,BTC-27NOV26-82000-P,79134.22,BTC-27NOV26,put,82000.0,2026-11-27T08:00:00+00:00,0.21902765075512712,0.09,0.0965,0.09272556,0.09325,79134.22,BTC-27NOV26,0.38770000000000004,-0.54366,146.79477,26.0,0.0,0.006500000000000006,BTC,78345.38,0.0
2026-09-08T08:00:13.008530+00:00,BTC-30OCT26-62000-P,78832.66,BTC-30OCT26,put,62000.0,2026-10-30T08:00:00+00:00,0.1423678287154283,0.005,0.006,0.00540046,0.0055,78832.66,BTC-30OCT26,0.4522,-0.06839,39.20902,1207.6,21.0,0.001,BTC,78345.38,8466.37
2026-09-08T08:00:13.008530+00:00,BTC-18SEP26-81000-C,78464.89,BTC-18SEP26,call,81000.0,2026-09-18T08:00:00+00:00,0.027378095655880043,0.012,0.0125,0.01242927,0.01225,78464.89,BTC-18SEP26,0.3751,0.31053,45.81433,588.5,6.6,0.0005000000000000004,BTC,78344.26,8463.11
2026-09-08T08:00:13.008530+00:00,BTC-8SEP26-75000-C,78399.18,SYN.EXPIRY,call,75000.0,2026-09-08T08:00:00+00:00,-4.1221544097143006e-07,,,0.04335734,,78399.18,SYN.EXPIRY,0.48979999999999996,0.0,0.0,0.0,0.0,,BTC,78407.73,0.0
2026-09-08T08:00:13.008530+00:00,BTC-25JUN27-88000-P,81426.14,BTC-25JUN27,put,88000.0,2027-06-25T08:00:00+00:00,0.7939763160528684,,,0.19516221,,81426.14,BTC-25JUN27,0.4129,-0.51149,289.22723,4.7,0.0,,BTC,78344.26,0.0
2026-09-08T08:00:13.008530+00:00,BTC-30OCT26-40000-C,78832.66,BTC-30OCT26,call,40000.0,2026-10-30T08:00:00+00:00,0.1423678287154283,0.491,0.4955,0.49340016,0.49325,78832.66,BTC-30OCT26,0.7387999999999999,0.99486,4.40636,0.1,0.0,0.004500000000000004,BTC,78344.26,0.0
2026-09-08T08:00:13.008530+00:00,BTC-30OCT26-86000-P,78832.66,BTC-30OCT26,put,86000.0,2026-10-30T08:00:00+00:00,0.1423678287154283,,,0.11541073,,78832.66,BTC-30OCT26,0.3804,-0.70544,102.50828,98.5,0.0,,BTC,78344.26,0.0
2026-09-08T08:00:13.008530+00:00,BTC-10SEP26-83000-C,78407.68,BTC-10SEP26,call,83000.0,2026-09-10T08:00:00+00:00,0.005475289358823231,0.0001,0.0003,0.00023587,0.0002,78407.68,BTC-10SEP26,0.37770000000000004,0.02019,2.8297,0.9,0.9,0.00019999999999999998,BTC,78344.26,49.85
2026-09-08T08:00:13.008530+00:00,BTC-26MAR27-82000-P,80412.23,BTC-26MAR27,put,82000.0,2027-03-26T08:00:00+00:00,0.5448318944238473,0.125,0.1335,0.12859557,0.12925,80412.23,BTC-26MAR27,0.40090000000000003,-0.4684,235.94375,6.9,0.0,0.008500000000000008,BTC,78343.72,0.0
2026-09-08T08:00:13.008530+00:00,BTC-25DEC26-64000-C,79462.5,BTC-25DEC26,call,64000.0,2026-12-25T08:00:00+00:00,0.295687472794826,,,0.2149604,,79462.5,BTC-25DEC26,0.4294,0.85082,100.3336,405.0,0.0,,BTC,78343.72,0.0
2026-09-08T08:00:13.008530+00:00,BTC-26MAR27-95000-P,80412.66,BTC-26MAR27,put,95000.0,2027-03-26T08:00:00+00:00,0.5448318944238473,,,0.23894132,,80412.66,BTC-26MAR27,0.4039,-0.65996,217.39811,0.4,0.0,,BTC,78343.72,0.0
2026-09-08T08:00:13.008530+00:00,BTC-25DEC26-95000-C,79462.5,BTC-25DEC26,call,95000.0,2026-12-25T08:00:00+00:00,0.295687472794826,0.0255,0.028,0.02732216,0.02675,79462.5,BTC-25DEC26,0.3983,0.23588,132.99645,1480.9,0.0,0.0025000000000000022,BTC,78343.89,0.0
2026-09-08T08:00:13.008530+00:00,BTC-11SEP26-82000-C,78416.29,BTC-11SEP26,call,82000.0,2026-09-11T08:00:00+00:00,0.008213140145955332,0.0011,0.0015,0.00134833,0.0013,78416.29,BTC-11SEP26,0.3588,0.08347,10.90277,1804.0,172.9,0.00039999999999999996,BTC,78343.89,58656.85
2026-09-08T08:00:13.008530+00:00,BTC-27NOV26-105000-C,79134.22,BTC-27NOV26,call,105000.0,2026-11-27T08:00:00+00:00,0.21902765075512712,0.0075,0.009,0.00828247,0.00825,79134.22,BTC-27NOV26,0.428,0.09411,62.13417,18.4,0.1,0.0014999999999999996,BTC,78343.89,71.26
2026-09-08T08:00:13.008530+00:00,BTC-25SEP26-95000-C,78512.69,BTC-25SEP26,call,95000.0,2026-09-25T08:00:00+00:00,0.046543051165804754,0.0009,0.0012,0.00113959,0.00105,78512.69,BTC-25SEP26,0.45840000000000003,0.02972,11.43017,5508.9,100.0,0.0002999999999999999,BTC,78343.89,11868.97
2026-09-08T08:00:13.008530+00:00,BTC-27NOV26-94000-C,79134.22,BTC-27NOV26,call,94000.0,2026-11-27T08:00:00+00:00,0.21902765075512712,0.019,0.0205,0.01998731,0.01975,79134.22,BTC-27NOV26,0.401,0.20398,104.86397,49.1,1.5,0.0015000000000000013,BTC,78343.89,2593.94
2026-09-08T08:00:13.008530+00:00,BTC-11SEP26-74000-P,78416.29,BTC-11SEP26,put,74000.0,2026-09-11T08:00:00+00:00,0.008213140145955332,0.0006,0.0009,0.00074603,0.00075,78416.29,BTC-11SEP26,0.3956,-0.05338,7.71649,990.6,517.4,0.00030000000000000003,BTC,78343.89,21074.49
2026-09-08T08:00:13.008530+00:00,BTC-25SEP26-35000-C,78512.61,BTC-25SEP26,call,35000.0,2026-09-25T08:00:00+00:00,0.046543051165804754,0.552,0.556,0.55450884,0.554,78512.61,BTC-25SEP26,1.0855,0.99982,0.11843,29.3,0.0,0.0040000000000000036,BTC,78343.89,0.0
2026-09-08T08:00:13.008530+00:00,BTC-10SEP26-71000-P,78407.68,BTC-10SEP26,put,71000.0,2026-09-10T08:00:00+00:00,0.005475289358823231,0.0001,0.0002,0.00013767,0.00015,78407.68,BTC-10SEP26,0.5796,-0.01042,1.60179,1.8,1.6,0.0001,BTC,78343.89,31.76
2026-09-08T08:00:13.008530+00:00,BTC-25DEC26-240000-P,79462.5,BTC-25DEC26,put,240000.0,2026-12-25T08:00:00+00:00,0.295687472794826,,,2.01867634,,79462.5,BTC-25DEC26,0.6917,-0.99707,3.87408,0.0,0.0,,BTC,78344.33,0.0
2026-09-08T08:00:13.008530+00:00,BTC-18SEP26-88000-P,78464.68,BTC-18SEP26,put,88000.0,2026-09-18T08:00:00+00:00,0.027378095655880043,,,0.12244988,,78464.68,BTC-18SEP26,0.42450000000000004,-0.94613,14.19997,0.0,0.0,,BTC,78344.33,0.0
2026-09-08T08:00:13.008530+00:00,BTC-10SEP26-77000-C,78407.68,BTC-10SEP26,call,77000.0,2026-09-10T08:00:00+00:00,0.005475289358823231,,,0.02145412,,78407.68,BTC-10SEP26,0.3206,0.77094,17.56585,0.0,0.0,,BTC,78344.33,0.0
2026-09-08T08:00:13.008530+00:00,BTC-25JUN27-105000-C,81426.85,BTC-25JUN27,call,105000.0,2027-06-25T08:00:00+00:00,0.7939763160528684,0.0595,0.066,0.06230866,0.06275,81426.85,BTC-25JUN27,0.41950000000000004,0.31038,256.00728,152.5,0.0,0.006500000000000006,BTC,78344.33,0.0
2026-09-08T08:00:13.008530+00:00,BTC-25DEC26-86000-P,79462.5,BTC-25DEC26,put,86000.0,2026-12-25T08:00:00+00:00,0.295687472794826,0.121,0.145,0.13488364,0.133,79462.5,BTC-25DEC26,0.3912,-0.60597,166.1906,59.3,0.0,0.023999999999999994,BTC,78345.48,0.0
2026-09-08T08:00:13.008530+00:00,BTC-25SEP26-200000-C,78512.61,BTC-25SEP26,call,200000.0,2026-09-25T08:00:00+00:00,0.046543051165804754,,0.0001,3.7e-07,,78512.61,BTC-25SEP26,0.9823999999999999,1e-05,0.0063,1018.5,0.0,,BTC,78345.48,0.0
2026-09-08T08:00:13.008530+00:00,BTC-26MAR27-150000-P,80412.66,BTC-26MAR27,put,150000.0,2027-03-26T08:00:00+00:00,0.5448318944238473,,,0.87171882,,80412.66,BTC-26MAR27,0.47869999999999996,-0.94407,66.87898,0.6,0.0,,BTC,78345.48,0.0
2026-09-08T08:00:13.008530+00:00,BTC-9SEP26-89000-P,78401.47,BTC-9SEP26,put,89000.0,2026-09-09T08:00:00+00:00,0.00273743857169113,,,0.13445088,,78401.47,BTC-9SEP26,0.5794,-0.99999,0.00248,0.0,0.0,,BTC,78345.48,0.0
2026-09-08T08:00:13.008530+00:00,BTC-27NOV26-84000-P,79134.22,BTC-27NOV26,put,84000.0,2026-11-27T08:00:00+00:00,0.21902765075512712,0.1,0.117,0.10891454,0.1085,79134.22,BTC-27NOV26,0.3883,-0.59555,143.42279,4.5,5.1,0.017,BTC,78345.48,42310.27
2026-09-08T08:00:13.008530+00:00,BTC-8SEP26-72000-P,78399.18,SYN.EXPIRY,put,72000.0,2026-09-08T08:00:00+00:00,-4.1221544097143006e-07,,,0.0,,78399.18,SYN.EXPIRY,0.5972999999999999,0.0,0.0,10.8,0.0,,BTC,78407.73,0.0
2026-09-08T08:00:13.008530+00:00,BTC-25SEP26-45000-P,78512.61,BTC-25SEP26,put,45000.0,2026-09-25T08:00:00+00:00,0.046543051165804754,,0.0001,7.487e-05,,78512.61,BTC-25SEP26,0.8865999999999999,-0.00135,0.74882,2175.4,1.6,,BTC,78345.48,12.66
2026-09-08T08:00:13.008530+00:00,BTC-25DEC26-20000-C,79462.5,BTC-25DEC26,call,20000.0,2026-12-25T08:00:00+00:00,0.295687472794826,0.7465,0.7495,0.74888313,0.748,79462.5,BTC-25DEC26,0.9854999999999999,0.99773,3.07743,4.9,0.7,0.0030000000000000027,BTC,78345.3,41462.47
2026-09-08T08:00:13.008530+00:00,BTC-26MAR27-110000-C,80412.23,BTC-26MAR27,call,110000.0,2027-03-26T08:00:00+00:00,0.5448318944238473,0.027,0.032,0.0291248,0.0295,80412.23,BTC-26MAR27,0.4181,0.19411,163.12044,1157.6,0.0,0.005000000000000001,BTC,78345.3,0.0
2026-09-08T08:00:13.008530+00:00,BTC-25SEP26-145000-C,78513.04,BTC-25SEP26,call,145000.0,2026-09-25T08:00:00+00:00,0.046543051165804754,,0.0001,7.18e-06,,78513.04,BTC-25SEP26,0.7775,0.00017,0.11256,490.3,0.0,,BTC,78345.3,0.0
2026-09-08T08:00:13.008530+00:00,BTC-26MAR27-125000-C,80412.23,BTC-26MAR27,call,125000.0,2027-03-26T08:00:00+00:00,0.5448318944238473,0.014,0.0185,0.01592248,0.01625,80412.23,BTC-26MAR27,0.43810000000000004,0.11419,114.58053,302.6,0.0,0.004499999999999999,BTC,78345.3,0.0
2026-09-08T08:00:13.008530+00:00,BTC-11SEP26-83000-C,78416.29,BTC-11SEP26,call,83000.0,2026-09-11T08:00:00+00:00,0.008213140145955332,0.0006,0.0009,0.00078615,0.00075,78416.29,BTC-11SEP26,0.382,0.04989,7.31288,431.2,18.6,0.00030000000000000003,BTC,78345.3,3275.0
2026-09-08T08:00:13.008530+00:00,BTC-25DEC26-150000-P,79462.93,BTC-25DEC26,put,150000.0,2026-12-25T08:00:00+00:00,0.295687472794826,,,0.88829691,,79462.93,BTC-25DEC26,0.5263,-0.98116,19.87336,4.4,0.0,,BTC,78345.52,0.0
2026-09-08T08:00:13.008530+00:00,BTC-25JUN27-120000-P,81426.14,BTC-25JUN27,put,120000.0,2027-06-25T08:00:00+00:00,0.7939763160528684,,,0.51107298,,81426.14,BTC-25JUN27,0.4326,-0.79241,207.61107,0.9,0.8,,BTC,78345.3,32066.49
2026-09-08T08:00:13.008530+00:00,BTC-30OCT26-87000-P,78832.45,BTC-30OCT26,put,87000.0,2026-10-30T08:00:00+00:00,0.1423678287154283,,,0.12530759,,78832.45,BTC-30OCT26,0.3823,-0.73134,98.05594,29.0,0.0,,BTC,78345.52,0.0
2026-09-08T08:00:13.008530+00:00,BTC-30OCT26-63000-P,78832.66,BTC-30OCT26,put,63000.0,2026-10-30T08:00:00+00:00,0.1423678287154283,0.006,0.007,0.00628137,0.0065,78832.66,BTC-30OCT26,0.4451,-0.0788,43.6981,597.5,97.0,0.001,BTC,78345.52,43072.02
2026-09-08T08:00:13.008530+00:00,BTC-25SEP26-160000-C,78512.61,BTC-25SEP26,call,160000.0,2026-09-25T08:00:00+00:00,0.046543051165804754,,0.0001,1.6e-06,,78512.61,BTC-25SEP26,0.8188,4e-05,0.02818,1498.4,0.0,,BTC,78345.52,0.0
2026-09-08T08:00:13.008530+00:00,BTC-11SEP26-60000-P,78416.72,BTC-11SEP26,put,60000.0,2026-09-11T08:00:00+00:00,0.008213140145955332,,0.0001,6.3e-07,,78416.72,BTC-11SEP26,0.7565999999999999,-4e-05,0.01276,98.1,0.0,,BTC,78345.52,0.0
2026-09-08T08:00:13.008530+00:00,BTC-9SEP26-72000-C,78401.47,BTC-9SEP26,call,72000.0,2026-09-09T08:00:00+00:00,0.00273743857169113,0.0001,,0.08231163,,78401.47,BTC-9SEP26,0.6598999999999999,0.99307,0.79172,0.0,0.0,,BTC,78345.52,0.0
2026-09-08T08:00:13.008530+00:00,BTC-25JUN27-64000-P,81426.85,BTC-25JUN27,put,64000.0,2027-06-25T08:00:00+00:00,0.7939763160528684,0.0515,0.058,0.0554416,0.05475,81426.85,BTC-25JUN27,0.43560000000000004,-0.20827,208.01124,62.4,0.0,0.006500000000000006,BTC,78346.16,0.0
2026-09-08T08:00:13.008530+00:00,BTC-8SEP26-76000-C,78399.18,SYN.EXPIRY,call,76000.0,2026-09-08T08:00:00+00:00,-4.1221544097143006e-07,,,0.03060211,,78399.18,SYN.EXPIRY,0.4667,0.0,0.0,0.0,0.0,,BTC,78407.73,0.0
2026-09-08T08:00:13.008530+00:00,BTC-25JUN27-95000-C,81426.85,BTC-25JUN27,call,95000.0,2027-06-25T08:00:00+00:00,0.7939763160528684,0.0865,0.093,0.0890032,0.08975,81426.85,BTC-25JUN27,0.4143,0.40721,281.48108,56.9,0.0,0.006500000000000006,BTC,78346.16,0.0
2026-09-08T08:00:13.008530+00:00,BTC-25JUN27-65000-C,81426.14,BTC-25JUN27,call,65000.0,2027-06-25T08:00:00+00:00,0.7939763160528684,0.2555,0.264,0.26131897,0.25975,81426.14,BTC-25JUN27,0.4336,0.78062,214.40171,1.7,0.1,0.008500000000000008,BTC,78346.16,2134.99
2026-09-08T08:00:13.008530+00:00,BTC-25DEC26-98000-C,79462.93,BTC-25DEC26,call,98000.0,2026-12-25T08:00:00+00:00,0.295687472794826,0.0205,0.023,0.02198494,0.02175,79462.93,BTC-25DEC26,0.40259999999999996,0.19719,119.88919,342.7,0.6,0.0024999999999999988,BTC,78346.0,1118.34
2026-09-08T08:00:13.008530+00:00,BTC-30OCT26-79000-P,78832.66,BTC-30OCT26,put,79000.0,2026-10-30T08:00:00+00:00,0.1423678287154283,0.0525,0.059,0.05679611,0.05575,78832.66,BTC-30OCT26,0.37229999999999996,-0.48033,118.46346,494.5,9.1,0.006499999999999999,BTC,78346.16,38967.27
2026-09-08T08:00:13.008530+00:00,BTC-30OCT26-98000-C,78832.66,BTC-30OCT26,call,98000.0,2026-10-30T08:00:00+00:00,0.1423678287154283,0.006,0.007,0.0068017,0.0065,78832.66,BTC-30OCT26,0.4182,0.09579,50.55675,282.4,0.1,0.001,BTC,78346.0,55.37
2026-09-08T08:00:13.008530+00:00,BTC-25DEC26-108000-P,79462.93,BTC-25DEC26,put,108000.0,2026-12-25T08:00:00+00:00,0.295687472794826,,,0.36961771,,79462.93,BTC-25DEC26,0.4227,-0.88934,81.56213,0.1,0.0,,BTC,78346.0,0.0
2026-09-08T08:00:13.008530+00:00,BTC-25JUN27-74000-P,81426.85,BTC-25JUN27,put,74000.0,2027-06-25T08:00:00+00:00,0.7939763160528684,0.096,0.1055,0.10066742,0.10075,81426.85,BTC-25JUN27,0.42090000000000005,-0.32976,262.5816,12.2,0.0,0.009499999999999995,BTC,78346.0,0.0
2026-09-08T08:00:13.008530+00:00,BTC-27NOV26-66000-C,79134.22,BTC-27NOV26,call,66000.0,2026-11-27T08:00:00+00:00,0.21902765075512712,,,0.18380727,,79134.22,BTC-27NOV26,0.4216,0.84481,88.28092,0.0,0.0,,BTC,78346.0,0.0
2026-09-08T08:00:13.008530+00:00,BTC-25SEP26-86000-C,78512.69,BTC-25SEP26,call,86000.0,2026-09-25T08:00:00+00:00,0.046543051165804754,0.0055,0.0065,0.00618039,0.006,78512.69,BTC-25SEP26,0.38670000000000004,0.14477,38.54733,1893.6,3.5,0.001,BTC,78346.0,2066.98
2026-09-08T08:00:13.008530+00:00,BTC-8SEP26-87000-C,78399.18,SYN.EXPIRY,call,87000.0,2026-09-08T08:00:00+00:00,-4.1221544097143006e-07,,,0.0,,78399.18,SYN.EXPIRY,0.4863,0.0,0.0,8.0,0.0,,BTC,78407.73,0.0
2026-09-08T08:00:13.008530+00:00,BTC-25DEC26-115000-C,79462.5,BTC-25DEC26,call,115000.0,2026-12-25T08:00:00+00:00,0.295687472794826,0.007,0.008,0.00757458,0.0075,79462.5,BTC-25DEC26,0.43939999999999996,0.0763,61.94427,2332.4,0.0,0.001,BTC,78345.53,0.0
2026-09-08T08:00:13.008530+00:00,BTC-26MAR27-140000-P,80412.23,BTC-26MAR27,put,140000.0,2027-03-26T08:00:00+00:00,0.5448318944238473,,,0.7496646,,80412.23,BTC-26MAR27,0.46130000000000004,-0.92777,81.60387,7.6,5.7,,BTC,78345.53,334261.11
2026-09-08T08:00:13.008530+00:00,BTC-25DEC26-80000-P,79462.5,BTC-25DEC26,put,80000.0,2026-12-25T08:00:00+00:00,0.295687472794826,0.0845,0.092,0.08862516,0.08825,79462.5,BTC-25DEC26,0.3937,-0.47132,171.85921,1282.9,20.2,0.007499999999999993,BTC,78345.53,136730.67
2026-09-08T08:00:13.008530+00:00,BTC-25SEP26-56000-P,78512.61,BTC-25SEP26,put,56000.0,2026-09-25T08:00:00+00:00,0.046543051165804754,0.0002,0.0005,0.00027955,0.00035,78512.61,BTC-25SEP26,0.6423000000000001,-0.00605,2.90038,1689.2,0.2,0.00030000000000000003,BTC,78345.53,5.52
2026-09-08T08:00:13.008530+00:00,BTC-11SEP26-69000-P,78416.29,BTC-11SEP26,put,69000.0,2026-09-11T08:00:00+00:00,0.008213140145955332,,0.0002,0.00016097,,78416.29,BTC-11SEP26,0.603,-0.0093,1.7765,645.1,31.0,,BTC,78346.13,483.86
2026-09-08T08:00:13.008530+00:00,BTC-26MAR27-70000-P,80412.66,BTC-26MAR27,put,70000.0,2027-03-26T08:00:00+00:00,0.5448318944238473,0.0565,0.063,0.05997848,0.05975,80412.66,BTC-26MAR27,0.41369999999999996,-0.27287,197.20604,772.8,0.0,0.006499999999999999,BTC,78346.13,0.0
2026-09-08T08:00:13.008530+00:00,BTC-25JUN27-86000-C,81426.85,BTC-25JUN27,call,86000.0,2027-06-25T08:00:00+00:00,0.7939763160528684,0.1205,0.128,0.12388935,0.12425,81426.85,BTC-25JUN27,0.4129,0.51341,289.17843,26.8,0.0,0.007500000000000007,BTC,78346.13,0.0
2026-09-08T08:00:13.008530+00:00,BTC-8SEP26-70000-C,78399.18,SYN.EXPIRY,call,70000.0,2026-09-08T08:00:00+00:00,-4.1221544097143006e-07,,,0.10713352,,78399.18,SYN.EXPIRY,0.6307,0.0,0.0,0.0,0.0,,BTC,78407.73,0.0
2026-09-08T08:00:13.008530+00:00,BTC-27NOV26-100000-C,79134.22,BTC-27NOV26,call,100000.0,2026-11-27T08:00:00+00:00,0.21902765075512712,0.0115,0.0125,0.01213862,0.012,79134.22,BTC-27NOV26,0.4146,0.13298,79.54635,102.2,2.4,0.0010000000000000009,BTC,78346.13,2427.4
2026-09-08T08:00:13.008530+00:00,BTC-26MAR27-64000-C,80412.23,BTC-26MAR27,call,64000.0,2027-03-26T08:00:00+00:00,0.5448318944238473,,,0.24280029,,80412.23,BTC-26MAR27,0.42719999999999997,0.8103,160.84256,137.8,0.0,,BTC,78346.13,0.0
2026-09-08T08:00:13.008530+00:00,BTC-25DEC26-82000-P,79462.93,BTC-25DEC26,put,82000.0,2026-12-25T08:00:00+00:00,0.295687472794826,0.091,0.11,0.10272181,0.1005,79462.93,BTC-25DEC26,0.3918,-0.51778,172.13518,254.7,0.0,0.019000000000000003,BTC,78347.79,0.0
2026-09-08T08:00:13.008530+00:00,BTC-9SEP26-82000-P,78401.47,BTC-9SEP26,put,82000.0,2026-09-09T08:00:00+00:00,0.00273743857169113,0.0001,,0.04536635,,78401.47,BTC-9SEP26,0.4036,-0.9843,1.61432,2.0,0.0,,BTC,78347.79,0.0
2026-09-08T08:00:13.008530+00:00,BTC-25DEC26-90000-P,79462.93,BTC-25DEC26,put,90000.0,2026-12-25T08:00:00+00:00,0.295687472794826,0.157,,0.17140547,,79462.93,BTC-25DEC26,0.39289999999999997,-0.68417,153.60265,654.9,100.1,,BTC,78347.79,1281052.94
2026-09-08T08:00:13.008530+00:00,BTC-26MAR27-50000-C,80412.23,BTC-26MAR27,call,50000.0,2027-03-26T08:00:00+00:00,0.5448318944238473,0.386,0.393,0.39056071,0.3895,80412.23,BTC-26MAR27,0.4851,0.93359,76.49276,21.6,0.0,0.007000000000000006,BTC,78347.79,0.0
2026-09-08T08:00:13.008530+00:00,BTC-10SEP26-74000-C,78407.68,BTC-10SEP26,call,74000.0,2026-09-10T08:00:00+00:00,0.005475289358823231,,,0.05711047,,78407.68,BTC-10SEP26,0.40759999999999996,0.97176,3.7526,0.0,0.0,,BTC,78347.79,0.0
2026-09-08T08:00:13.008530+00:00,BTC-30OCT26-74000-P,78832.66,BTC-30OCT26,put,74000.0,2026-10-30T08:00:00+00:00,0.1423678287154283,0.0285,0.031,0.02975362,0.02975,78832.66,BTC-30OCT26,0.37929999999999997,-0.3057,104.24864,253.5,18.7,0.0024999999999999988,BTC,78347.79,40293.63
2026-09-08T08:00:13.008530+00:00,BTC-25JUN27-140000-P,81426.85,BTC-25JUN27,put,140000.0,2027-06-25T08:00:00+00:00,0.7939763160528684,,,0.74041807,,81426.85,BTC-25JUN27,0.4548,-0.87214,151.67199,3.4,2.9,,BTC,78347.79,168113.77
2026-09-08T08:00:13.008530+00:00,BTC-25DEC26-180000-P,79462.93,BTC-25DEC26,put,180000.0,2026-12-25T08:00:00+00:00,0.295687472794826,,,1.26465996,,79462.93,BTC-25DEC26,0.5941,-0.99109,10.4049,0.1,0.0,,BTC,78347.71,0.0
2026-09-08T08:00:13.008530+00:00,BTC-25SEP26-83000-C,78512.69,BTC-25SEP26,call,83000.0,2026-09-25T08:00:00+00:00,0.046543051165804754,0.011,0.0125,0.0121742,0.01175,78512.69,BTC-25SEP26,0.373,0.2548,54.34479,1351.1,229.2,0.0015000000000000013,BTC,78347.71,295162.45
2026-09-08T08:00:13.008530+00:00,BTC-9SEP26-89000-C,78401.47,BTC-9SEP26,call,89000.0,2026-09-09T08:00:00+00:00,0.00273743857169113,,0.0001,1.1e-07,,78401.47,BTC-9SEP26,0.5794,1e-05,0.0025,40.7,0.0,,BTC,78347.71,0.0
2026-09-08T08:00:13.008530+00:00,BTC-27NOV26-110000-P,79134.22,BTC-27NOV26,put,110000.0,2026-11-27T08:00:00+00:00,0.21902765075512712,,,0.39511295,,79134.22,BTC-27NOV26,0.4445,-0.93095,49.18484,0.0,0.0,,BTC,78347.71,0.0
2026-09-08T08:00:13.008530+00:00,BTC-8SEP26-80500-P,78399.18,SYN.EXPIRY,put,80500.0,2026-09-08T08:00:00+00:00,-4.1221544097143006e-07,,,0.02679645,,78399.18,SYN.EXPIRY,0.3493,0.0,0.0,2.3,0.4,,BTC,78407.73,561.55
2026-09-08T08:00:13.008530+00:00,BTC-25JUN27-76000-C,81426.14,BTC-25JUN27,call,76000.0,2027-06-25T08:00:00+00:00,0.7939763160528684,0.174,0.182,0.17917233,0.178,81426.14,BTC-25JUN27,0.4189,0.64413,270.25422,22.6,0.2,0.008000000000000007,BTC,78347.71,2929.26
2026-09-08T08:00:13.008530+00:00,BTC-25DEC26-35000-P,79462.5,BTC-25DEC26,put,35000.0,2026-12-25T08:00:00+00:00,0.295687472794826,0.0013,0.0019,0.00157404,0.0016,79462.5,BTC-25DEC26,0.7132999999999999,-0.01058,12.08904,2387.8,0.0,0.0006000000000000001,BTC,78347.36,0.0
2026-09-08T08:00:13.008530+00:00,BTC-25SEP26-150000-P,78512.61,BTC-25SEP26,put,150000.0,2026-09-25T08:00:00+00:00,0.046543051165804754,,,0.90930142,,78512.61,BTC-25SEP26,0.8114,-0.99985,0.09856,4.5,0.0,,BTC,78347.36,0.0
2026-09-08T08:00:13.008530+00:00,BTC-11SEP26-83000-P,78416.72,BTC-11SEP26,put,83000.0,2026-09-11T08:00:00+00:00,0.008213140145955332,,,0.05856079,,78416.72,BTC-11SEP26,0.382,-0.95004,7.3215,13.9,0.0,,BTC,78347.36,0.0
2026-09-08T08:00:13.008530+00:00,BTC-9SEP26-81500-P,78401.47,BTC-9SEP26,put,81500.0,2026-09-09T08:00:00+00:00,0.00273743857169113,0.0001,,0.03898324,,78401.47,BTC-9SEP26,0.35200000000000004,-0.98371,1.66603,0.0,0.0,,BTC,78347.36,0.0
2026-09-08T08:00:13.008530+00:00,BTC-30OCT26-61000-C,78832.66,BTC-30OCT26,call,61000.0,2026-10-30T08:00:00+00:00,0.1423678287154283,,,0.23170405,,78832.66,BTC-30OCT26,0.46759999999999996,0.93784,36.40821,7.7,0.0,,BTC,78347.36,0.0
2026-09-08T08:00:13.008530+00:00,BTC-26MAR27-50000-P,80412.23,BTC-26MAR27,put,50000.0,2027-03-26T08:00:00+00:00,0.5448318944238473,0.01,0.0135,0.01197137,0.01175,80412.23,BTC-26MAR27,0.4851,-0.06648,76.53582,2458.8,0.1,0.0034999999999999996,BTC,78335.56,83.41
2026-09-08T08:00:13.008530+00:00,BTC-30OCT26-92000-P,78832.66,BTC-30OCT26,put,92000.0,2026-10-30T08:00:00+00:00,0.1423678287154283,,,0.17897725,,78832.66,BTC-30OCT26,0.39590000000000003,-0.8328,74.42441,0.1,0.0,,BTC,78335.56,0.0
2026-09-08T08:00:13.008530+00:00,BTC-18SEP26-77000-P,78464.89,BTC-18SEP26,put,77000.0,2026-09-18T08:00:00+00:00,0.027378095655880043,0.0155,0.017,0.01602748,0.01625,78464.89,BTC-18SEP26,0.3743,-0.37352,49.14629,475.1,13.8,0.0015000000000000013,BTC,78335.56,14663.54
2026-09-08T08:00:13.008530+00:00,BTC-26MAR27-190000-C,80412.23,BTC-26MAR27,call,190000.0,2027-03-26T08:00:00+00:00,0.5448318944238473,0.0034,0.004,0.00355075,0.0037,80412.23,BTC-26MAR27,0.5446,0.02645,36.3486,631.3,4.1,0.0006000000000000003,BTC,78335.56,1138.46
2026-09-08T08:00:13.008530+00:00,BTC-9SEP26-79000-C,78401.47,BTC-9SEP26,call,79000.0,2026-09-09T08:00:00+00:00,0.00273743857169113,0.0024,0.0033,0.00315938,0.00285,78401.47,BTC-9SEP26,0.2872,0.28695,13.95463,7.6,7.5,0.0009000000000000002,BTC,78335.56,3307.23
2026-09-08T08:00:13.008530+00:00,BTC-25DEC26-110000-C,79462.5,BTC-25DEC26,call,110000.0,2026-12-25T08:00:00+00:00,0.295687472794826,0.0095,0.0105,0.01010272,0.01,79462.5,BTC-25DEC26,0.4278,0.0993,75.39032,2753.1,0.1,0.0010000000000000009,BTC,78328.0,82.57
2026-09-08T08:00:13.008530+00:00,BTC-8SEP26-77500-C,78399.18,SYN.EXPIRY,call,77500.0,2026-09-08T08:00:00+00:00,-4.1221544097143006e-07,,,0.01146925,,78399.18,SYN.EXPIRY,0.41509999999999997,0.0,0.0,0.0,0.0,,BTC,78407.73,0.0
2026-09-08T08:00:13.008530+00:00,BTC-25JUN27-190000-P,81426.85,BTC-25JUN27,put,190000.0,2027-06-25T08:00:00+00:00,0.7939763160528684,,,1.34019735,,81426.85,BTC-25JUN27,0.5092,-0.94994,74.85762,0.6,0.1,,BTC,78328.0,10559.22
2026-09-08T08:00:13.008530+00:00,BTC-25SEP26-88000-P,78513.04,BTC-25SEP26,put,88000.0,2026-09-25T08:00:00+00:00,0.046543051165804754,,,0.12414294,,78513.04,BTC-25SEP26,0.3997,-0.90152,29.37705,5.8,0.0,,BTC,78328.0,0.0
2026-09-08T08:00:13.008530+00:00,BTC-8SEP26-77000-P,78399.18,SYN.EXPIRY,put,77000.0,2026-09-08T08:00:00+00:00,-4.1221544097143006e-07,,,0.0,,78399.18,SYN.EXPIRY,0.4647,0.0,0.0,77.6,60.9,,BTC,78407.73,1464.39
2026-09-08T08:00:13.008530+00:00,BTC-25JUN27-102000-P,81426.14,BTC-25JUN27,put,102000.0,2027-06-25T08:00:00+00:00,0.7939763160528684,,,0.32108275,,81426.14,BTC-25JUN27,0.4175,-0.66331,264.71098,0.0,0.0,,BTC,78328.0,0.0
2026-09-08T08:00:13.008530+00:00,BTC-26MAR27-76000-P,80412.23,BTC-26MAR27,put,76000.0,2027-03-26T08:00:00+00:00,0.5448318944238473,0.0865,0.0905,0.08995012,0.0885,80412.23,BTC-26MAR27,0.40509999999999996,-0.36885,223.7302,232.2,3.0,0.0040000000000000036,BTC,78328.0,20596.38
2026-09-08T08:00:13.008530+00:00,BTC-30OCT26-98000-P,78832.66,BTC-30OCT26,put,98000.0,2026-10-30T08:00:00+00:00,0.1423678287154283,,,0.24915142,,78832.66,BTC-30OCT26,0.4182,-0.9045,50.4327,0.0,0.0,,BTC,78328.34,0.0
2026-09-08T08:00:13.008530+00:00,BTC-25SEP26-76000-C,78513.04,BTC-25SEP26,call,76000.0,2026-09-25T08:00:00+00:00,0.046543051165804754,0.038,0.051,0.05006746,0.0445,78513.04,BTC-25SEP26,0.36700000000000005,0.66915,61.36096,2855.4,1.5,0.012999999999999998,BTC,78328.34,5946.64
2026-09-08T08:00:13.008530+00:00,BTC-30OCT26-64000-C,78832.45,BTC-30OCT26,call,64000.0,2026-10-30T08:00:00+00:00,0.1423678287154283,,,0.195887,,78832.45,BTC-30OCT26,0.4368,0.9099,48.30835,416.8,0.0,,BTC,78328.34,0.0
2026-09-08T08:00:13.008530+00:00,BTC-25SEP26-110000-C,78512.61,BTC-25SEP26,call,110000.0,2026-09-25T08:00:00+00:00,0.046543051165804754,0.0001,0.0003,0.00019223,0.0002,78512.61,BTC-25SEP26,0.5902000000000001,0.00476,2.34193,1523.8,0.2,0.00019999999999999998,BTC,78328.34,3.16
2026-09-08T08:00:13.008530+00:00,BTC-25DEC26-82000-C,79462.93,BTC-25DEC26,call,82000.0,2026-12-25T08:00:00+00:00,0.295687472794826,0.068,0.0735,0.07144585,0.07075,79462.93,BTC-25DEC26,0.3918,0.48176,172.08307,1255.1,1.0,0.005499999999999991,BTC,78328.02,6033.29
2026-09-08T08:00:13.008530+00:00,BTC-27NOV26-115000-P,79134.22,BTC-27NOV26,put,115000.0,2026-11-27T08:00:00+00:00,0.21902765075512712,,,0.4566158,,79134.22,BTC-27NOV26,0.45909999999999995,-0.94913,38.69747,0.0,0.0,,BTC,78328.34,0.0
2026-09-08T08:00:13.008530+00:00,BTC-18SEP26-72000-C,78464.68,BTC-18SEP26,call,72000.0,2026-09-18T08:00:00+00:00,0.027378095655880043,,,0.08607059,,78464.68,BTC-18SEP26,0.4097,0.90103,22.59704,0.1,0.0,,BTC,78328.02,0.0
2026-09-08T08:00:13.008530+00:00,BTC-25JUN27-108000-P,81426.85,BTC-25JUN27,put,108000.0,2027-06-25T08:00:00+00:00,0.7939763160528684,,,0.3817465,,81426.85,BTC-25JUN27,0.4217,-0.71437,246.43323,0.0,0.0,,BTC,78328.02,0.0
2026-09-08T08:00:13.008530+00:00,BTC-27NOV26-64000-C,79134.43,BTC-27NOV26,call,64000.0,2026-11-27T08:00:00+00:00,0.21902765075512712,,,0.20552019,,79134.43,BTC-27NOV26,0.43320000000000003,0.87351,76.81852,0.0,0.0,,BTC,78328.02,0.0
2026-09-08T08:00:13.008530+00:00,BTC-25SEP26-55000-P,78512.61,BTC-25SEP26,put,55000.0,2026-09-25T08:00:00+00:00,0.046543051165804754,0.0001,0.0004,0.00025841,0.00025,78512.61,BTC-25SEP26,0.667,-0.00547,2.65282,3073.7,0.0,0.00030000000000000003,BTC,78328.02,0.0
2026-09-08T08:00:13.008530+00:00,BTC-25DEC26-130000-P,79462.5,BTC-25DEC26,put,130000.0,2026-12-25T08:00:00+00:00,0.295687472794826,,,0.63872469,,79462.5,BTC-25DEC26,0.4788,-0.96117,36.3262,54.0,0.0,,BTC,78337.01,0.0
2026-09-08T08:00:13.008530+00:00,BTC-25DEC26-106000-C,79462.93,BTC-25DEC26,call,106000.0,2026-12-25T08:00:00+00:00,0.295687472794826,0.012,0.0135,0.01286805,0.01275,79462.93,BTC-25DEC26,0.41840000000000005,0.12359,88.18657,778.7,0.1,0.0014999999999999996,BTC,78337.01,115.15
2026-09-08T08:00:13.008530+00:00,BTC-9SEP26-78500-C,78401.47,BTC-9SEP26,call,78500.0,2026-09-09T08:00:00+00:00,0.00273743857169113,0.0006,0.0095,0.00563938,0.00505,78401.47,BTC-9SEP26,0.2844,0.44176,16.16878,2.9,3.9,0.0089,BTC,78337.01,1862.76
2026-09-08T08:00:13.008530+00:00,BTC-25DEC26-30000-C,79462.5,BTC-25DEC26,call,30000.0,2026-12-25T08:00:00+00:00,0.295687472794826,0.621,0.6245,0.62360741,0.62275,79462.5,BTC-25DEC26,0.7756000000000001,0.99408,7.25779,300.6,0.0,0.0035000000000000586,BTC,78337.01,0.0
2026-09-08T08:00:13.008530+00:00,BTC-27NOV26-75000-P,79134.22,BTC-27NOV26,put,75000.0,2026-11-27T08:00:00+00:00,0.21902765075512712,0.0455,0.049,0.04773805,0.04725,79134.22,BTC-27NOV26,0.3914,-0.35243,137.42569,282.1,0.0,0.003500000000000003,BTC,78337.01,0.0
2026-09-08T08:00:13.008530+00:00,BTC-25DEC26-180000-C,79462.5,BTC-25DEC26,call,180000.0,2026-12-25T08:00:00+00:00,0.295687472794826,0.0008,0.0013,0.00088347,0.00105,79462.5,BTC-25DEC26,0.5941,0.00891,10.40237,934.5,0.0,0.0004999999999999999,BTC,78343.23,0.0
2026-09-08T08:00:13.008530+00:00,BTC-25SEP26-74000-P,78512.69,BTC-25SEP26,put,74000.0,2026-09-25T08:00:00+00:00,0.046543051165804754,0.009,0.0115,0.01051669,0.01025,78512.69,BTC-25SEP26,0.3754,-0.22355,50.58403,527.1,21.5,0.0025000000000000005,BTC,78343.23,15919.0
2026-09-08T08:00:13.008530+00:00,BTC-25DEC26-106000-P,79462.93,BTC-25DEC26,put,106000.0,2026-12-25T08:00:00+00:00,0.295687472794826,,,0.34598088,,79462.93,BTC-25DEC26,0.41840000000000005,-0.87631,88.24643,0.2,0.0,,BTC,78343.23,0.0
2026-09-08T08:00:13.008530+00:00,BTC-30OCT26-94000-C,78832.66,BTC-30OCT26,call,94000.0,2026-10-30T08:00:00+00:00,0.1423678287154283,0.0095,0.011,0.01017915,0.01025,78832.66,BTC-30OCT26,0.4023,0.13815,65.57284,448.6,0.4,0.0014999999999999996,BTC,78343.23,360.75
2026-09-08T08:00:13.008530+00:00,BTC-26MAR27-88000-P,80412.66,BTC-26MAR27,put,88000.0,2027-03-26T08:00:00+00:00,0.5448318944238473,,,0.17553309,,80412.66,BTC-26MAR27,0.4008,-0.56346,233.66122,4.7,0.0,,BTC,78343.23,0.0
2026-09-08T08:00:13.008530+00:00,BTC-30OCT26-57000-P,78832.66,BTC-30OCT26,put,57000.0,2026-10-30T08:00:00+00:00,0.1423678287154283,0.0026,0.0033,0.00300653,0.00295,78832.66,BTC-30OCT26,0.5079,-0.03729,24.19262,208.6,1.0,0.0007000000000000001,BTC,78343.23,222.35
2026-09-08T08:00:13.008530+00:00,BTC-10SEP26-80000-P,78407.68,BTC-10SEP26,put,80000.0,2026-09-10T08:00:00+00:00,0.005475289358823231,0.02,0.0295,0.02245556,0.02475,78407.68,BTC-10SEP26,0.3215,-0.80741,15.86274,1.3,0.0,0.009499999999999998,BTC,78343.23,0.0
2026-09-08T08:00:13.008530+00:00,BTC-25DEC26-62000-P,79462.5,BTC-25DEC26,put,62000.0,2026-12-25T08:00:00+00:00,0.295687472794826,0.0155,0.017,0.01615454,0.01625,79462.5,BTC-25DEC26,0.4391,-0.12411,88.46086,1540.0,0.0,0.0015000000000000013,BTC,78342.53,0.0
2026-09-08T08:00:13.008530+00:00,BTC-25SEP26-45000-C,78512.61,BTC-25SEP26,call,45000.0,2026-09-25T08:00:00+00:00,0.046543051165804754,,,0.42728637,,78512.61,BTC-25SEP26,0.8865999999999999,0.99865,0.74917,224.9,0.0,,BTC,78342.53,0.0
2026-09-08T08:00:13.008530+00:00,BTC-25JUN27-96000-C,81426.85,BTC-25JUN27,call,96000.0,2027-06-25T08:00:00+00:00,0.7939763160528684,0.083,0.09,0.08580317,0.0865,81426.85,BTC-25JUN27,0.4146,0.39637,279.51052,32.2,0.0,0.006999999999999992,BTC,78342.53,0.0
2026-09-08T08:00:13.008530+00:00,BTC-26MAR27-200000-C,80412.23,BTC-26MAR27,call,200000.0,2027-03-26T08:00:00+00:00,0.5448318944238473,0.0011,0.0032,0.00287092,0.00215,80412.23,BTC-26MAR27,0.5538000000000001,0.02138,30.39109,485.6,0.0,0.0021000000000000003,BTC,78342.53,0.0
2026-09-08T08:00:13.008530+00:00,BTC-8SEP26-82000-P,78399.18,SYN.EXPIRY,put,82000.0,2026-09-08T08:00:00+00:00,-4.1221544097143006e-07,,,0.04592931,,78399.18,SYN.EXPIRY,0.3924,0.0,0.0,0.0,0.0,,BTC,78407.73,0.0
2026-09-08T08:00:13.008530+00:00,BTC-10SEP26-85000-P,78407.68,BTC-10SEP26,put,85000.0,2026-09-10T08:00:00+00:00,0.005475289358823231,,,0.08350774,,78407.68,BTC-10SEP26,0.4656,-0.99062,1.46169,0.0,0.0,,BTC,78342.53,0.0
2026-09-08T08:00:13.008530+00:00,BTC-30OCT26-60000-P,78832.66,BTC-30OCT26,put,60000.0,2026-10-30T08:00:00+00:00,0.1423678287154283,0.0038,0.0046,0.00426702,0.0042,78832.66,BTC-30OCT26,0.47409999999999997,-0.05368,32.4403,1541.3,0.4,0.0007999999999999999,BTC,78342.53,128.99
2026-09-08T08:00:13.008530+00:00,BTC-9SEP26-74000-C,78401.47,BTC-9SEP26,call,74000.0,2026-09-09T08:00:00+00:00,0.00273743857169113,0.0001,,0.05685486,,78401.47,BTC-9SEP26,0.49560000000000004,0.98642,1.42461,0.0,0.0,,BTC,78338.83,0.0
2026-09-08T08:00:13.008530+00:00,BTC-30OCT26-52000-P,78832.66,BTC-30OCT26,put,52000.0,2026-10-30T08:00:00+00:00,0.1423678287154283,0.0015,0.0021,0.00176239,0.0018,78832.66,BTC-30OCT26,0.5709000000000001,-0.02098,14.98743,122.5,0.1,0.0005999999999999998,BTC,78338.83,14.97
2026-09-08T08:00:13.008530+00:00,BTC-25DEC26-140000-P,79462.5,BTC-25DEC26,put,140000.0,2026-12-25T08:00:00+00:00,0.295687472794826,,,0.76328157,,79462.5,BTC-25DEC26,0.5035000000000001,-0.97347,26.52595,0.4,0.0,,BTC,78338.83,0.0
2026-09-08T08:00:13.008530+00:00,BTC-9SEP26-73000-C,78401.47,BTC-9SEP26,call,73000.0,2026-09-09T08:00:00+00:00,0.00273743857169113,0.0001,,0.06956375,,78401.47,BTC-9SEP26,0.5637,0.99196,0.90184,0.0,0.0,,BTC,78338.83,0.0
2026-09-08T08:00:13.008530+00:00,BTC-26MAR27-102000-P,80412.23,BTC-26MAR27,put,102000.0,2027-03-26T08:00:00+00:00,0.5448318944238473,,,0.30948098,,80412.23,BTC-26MAR27,0.4096,-0.73835,193.03395,0.1,0.0,,BTC,78331.18,0.0
2026-09-08T08:00:13.008530+00:00,BTC-25JUN27-104000-P,81426.85,BTC-25JUN27,put,104000.0,2027-06-25T08:00:00+00:00,0.7939763160528684,,,0.34091984,,81426.85,BTC-25JUN27,0.41869999999999996,-0.68131,258.87013,0.0,0.0,,BTC,78331.18,0.0
2026-09-08T08:00:13.008530+00:00,BTC-25SEP26-98000-P,78512.61,BTC-25SEP26,put,98000.0,2026-09-25T08:00:00+00:00,0.046543051165804754,,,0.24816108,,78512.61,BTC-25SEP26,0.48729999999999996,-0.9805,8.0217,0.1,0.0,,BTC,78331.18,0.0
2026-09-08T08:00:13.008530+00:00,BTC-25JUN27-98000-P,81426.85,BTC-25JUN27,put,98000.0,2027-06-25T08:00:00+00:00,0.7939763160528684,,,0.28261745,,81426.85,BTC-25JUN27,0.4155,-0.62459,275.06208,0.1,0.0,,BTC,78331.18,0.0
2026-09-08T08:00:13.008530+00:00,BTC-25SEP26-40000-C,78512.61,BTC-25SEP26,call,40000.0,2026-09-25T08:00:00+00:00,0.046543051165804754,0.4885,0.4925,0.4909206,0.4905,78512.61,BTC-25SEP26,1.0495999999999999,0.99899,0.57712,34.4,0.0,0.0040000000000000036,BTC,78331.18,0.0
2026-09-08T08:00:13.008530+00:00,BTC-25JUN27-100000-P,81426.14,BTC-25JUN27,put,100000.0,2027-06-25T08:00:00+00:00,0.7939763160528684,0.2,0.36,0.3016159,0.28,81426.14,BTC-25JUN27,0.4164,-0.64437,270.15568,1.4,0.0,0.15999999999999998,BTC,78331.18,0.0
2026-09-08T08:00:13.008530+00:00,BTC-25SEP26-155000-C,78513.04,BTC-25SEP26,call,155000.0,2026-09-25T08:00:00+00:00,0.046543051165804754,,0.0001,3.08e-06,,78513.04,BTC-25SEP26,0.8133,7e-05,0.0507,378.0,0.0,,BTC,78329.36,0.0
2026-09-08T08:00:13.008530+00:00,BTC-8SEP26-89000-P,78399.18,SYN.EXPIRY,put,89000.0,2026-09-08T08:00:00+00:00,-4.1221544097143006e-07,,,0.13521596,,78399.18,SYN.EXPIRY,0.5407,0.0,0.0,0.0,0.0,,BTC,78407.73,0.0
2026-09-08T08:00:13.008530+00:00,BTC-27NOV26-94000-P,79134.22,BTC-27NOV26,put,94000.0,2026-11-27T08:00:00+00:00,0.21902765075512712,,,0.20708308,,79134.22,BTC-27NOV26,0.401,-0.79633,104.74993,0.0,0.0,,BTC,78329.36,0.0
2026-09-08T08:00:13.008530+00:00,BTC-25SEP26-68000-P,78512.69,BTC-25SEP26,put,68000.0,2026-09-25T08:00:00+00:00,0.046543051165804754,0.0021,0.0026,0.00235359,0.00235,78512.69,BTC-25SEP26,0.4354,-0.05862,19.79926,1860.3,22.7,0.0005,BTC,78329.36,3750.05
2026-09-08T08:00:13.008530+00:00,BTC-18SEP26-75000-P,78464.68,BTC-18SEP26,put,75000.0,2026-09-18T08:00:00+00:00,0.027378095655880043,0.008,0.009,0.00841989,0.0085,78464.68,BTC-18SEP26,0.381,-0.23207,39.59193,495.1,53.0,0.0009999999999999992,BTC,78329.05,27322.26
2026-09-08T08:00:13.008530+00:00,BTC-26MAR27-95000-C,80412.66,BTC-26MAR27,call,95000.0,2027-03-26T08:00:00+00:00,0.5448318944238473,0.056,0.062,0.05826108,0.059,80412.66,BTC-26MAR27,0.4039,0.33982,217.3009,569.2,25.0,0.005999999999999998,BTC,78329.36,122414.84
2026-09-08T08:00:13.008530+00:00,BTC-30OCT26-56000-C,78832.66,BTC-30OCT26,call,56000.0,2026-10-30T08:00:00+00:00,0.1423678287154283,,,0.29278673,,78832.66,BTC-30OCT26,0.5202,0.96673,22.0323,0.0,0.0,,BTC,78329.36,0.0
2026-09-08T08:00:13.008530+00:00,BTC-25DEC26-70000-C,79462.5,BTC-25DEC26,call,70000.0,2026-12-25T08:00:00+00:00,0.295687472794826,0.095,0.175,0.1560345,0.135,79462.5,BTC-25DEC26,0.40740000000000004,0.75122,136.86025,1923.5,1.0,0.07999999999999999,BTC,78329.05,12864.19
2026-09-08T08:00:13.008530+00:00,BTC-25DEC26-30000-P,79462.93,BTC-25DEC26,put,30000.0,2026-12-25T08:00:00+00:00,0.295687472794826,0.0006,0.0014,0.0009035,0.001,79462.93,BTC-25DEC26,0.7756000000000001,-0.00593,7.26327,2122.5,0.0,0.0008,BTC,78329.05,0.0
2026-09-08T08:00:13.008530+00:00,BTC-25JUN27-95000-P,81426.14,BTC-25JUN27,put,95000.0,2027-06-25T08:00:00+00:00,0.7939763160528684,,,0.2549946,,81426.14,BTC-25JUN27,0.4143,-0.59302,281.38062,20.2,0.0,,BTC,78329.05,0.0
2026-09-08T08:00:13.008530+00:00,BTC-30OCT26-70000-P,78832.45,BTC-30OCT26,put,70000.0,2026-10-30T08:00:00+00:00,0.1423678287154283,0.0155,0.0175,0.01675403,0.0165,78832.45,BTC-30OCT26,0.3944,-0.1933,81.51345,878.8,54.8,0.0020000000000000018,BTC,78329.05,69723.38
2026-09-08T08:00:13.008530+00:00,BTC-25JUN27-82000-P,81426.14,BTC-25JUN27,put,82000.0,2027-06-25T08:00:00+00:00,0.7939763160528684,0.146,0.1575,0.15025546,0.15175,81426.14,BTC-25JUN27,0.4144,-0.43519,285.45231,23.5,0.0,0.01150000000000001,BTC,78329.05,0.0
2026-09-08T08:00:13.008530+00:00,BTC-25SEP26-180000-P,78512.61,BTC-25SEP26,put,180000.0,2026-09-25T08:00:00+00:00,0.046543051165804754,,,1.29115493,,78512.61,BTC-25SEP26,0.9184,-0.99998,0.0156,10.5,0.0,,BTC,78328.88,0.0
2026-09-08T08:00:13.008530+00:00,BTC-25JUN27-200000-C,81426.85,BTC-25JUN27,call,200000.0,2027-06-25T08:00:00+00:00,0.7939763160528684,0.0029,0.0085,0.00702321,0.0057,81426.85,BTC-25JUN27,0.5186999999999999,0.04318,66.48379,27.7,0.6,0.005600000000000001,BTC,78328.88,313.58
2026-09-08T08:00:13.008530+00:00,BTC-30OCT26-68000-C,78832.66,BTC-30OCT26,call,68000.0,2026-10-30T08:00:00+00:00,0.1423678287154283,0.12,,0.15044194,,78832.66,BTC-30OCT26,0.4052,0.85001,69.30029,518.8,0.0,,BTC,78328.88,0.0
2026-09-08T08:00:13.008530+00:00,BTC-27NOV26-75000-C,79134.22,BTC-27NOV26,call,75000.0,2026-11-27T08:00:00+00:00,0.21902765075512712,0.097,0.1035,0.10058717,0.10025,79134.22,BTC-27NOV26,0.3914,0.64758,137.42513,260.6,100.0,0.006499999999999992,BTC,78328.88,861680.06
2026-09-08T08:00:13.008530+00:00,BTC-30OCT26-100000-C,78832.66,BTC-30OCT26,call,100000.0,2026-10-30T08:00:00+00:00,0.1423678287154283,0.005,0.006,0.00567337,0.0055,78832.66,BTC-30OCT26,0.42729999999999996,0.08056,44.42272,1722.2,20.0,0.001,BTC,78328.88,8611.51
2026-09-08T08:00:13.008530+00:00,BTC-10SEP26-86000-P,78407.68,BTC-10SEP26,put,86000.0,2026-09-10T08:00:00+00:00,0.005475289358823231,,,0.09617571,,78407.68,BTC-10SEP26,0.46740000000000004,-0.99636,0.63037,0.0,0.0,,BTC,78328.88,0.0
2026-09-08T08:00:13.008530+00:00,BTC-25DEC26-105000-C,79462.5,BTC-25DEC26,call,105000.0,2026-12-25T08:00:00+00:00,0.295687472794826,0.013,0.0145,0.01370923,0.01375,79462.5,BTC-25DEC26,0.41619999999999996,0.13083,91.7494,914.3,0.1,0.0015000000000000013,BTC,78330.64,110.38
2026-09-08T08:00:13.008530+00:00,BTC-8SEP26-81000-P,78399.18,SYN.EXPIRY,put,81000.0,2026-09-08T08:00:00+00:00,-4.1221544097143006e-07,,,0.03317407,,78399.18,SYN.EXPIRY,0.3496,0.0,0.0,25.0,0.0,,BTC,78407.73,0.0
2026-09-08T08:00:13.008530+00:00,BTC-8SEP26-78000-P,78399.18,SYN.EXPIRY,put,78000.0,2026-09-08T08:00:00+00:00,-4.1221544097143006e-07,,,0.0,,78399.18,SYN.EXPIRY,0.3206,0.0,0.0,124.2,53.6,,BTC,78407.73,2891.07
2026-09-08T08:00:13.008530+00:00,BTC-25DEC26-52000-C,79462.5,BTC-25DEC26,call,52000.0,2026-12-25T08:00:00+00:00,0.295687472794826,,,0.35219638,,79462.5,BTC-25DEC26,0.5117,0.95144,43.50606,0.1,0.0,,BTC,78330.64,0.0
2026-09-08T08:00:13.008530+00:00,BTC-18SEP26-90000-P,78464.89,BTC-18SEP26,put,90000.0,2026-09-18T08:00:00+00:00,0.027378095655880043,,,0.14725061,,78464.89,BTC-18SEP26,0.4435,-0.96742,9.45167,0.0,0.0,,BTC,78333.57,0.0
2026-09-08T08:00:13.008530+00:00,BTC-25SEP26-145000-P,78513.04,BTC-25SEP26,put,145000.0,2026-09-25T08:00:00+00:00,0.046543051165804754,,,0.845659,,78513.04,BTC-25SEP26,0.7775,-0.99983,0.11203,0.2,0.0,,BTC,78333.57,0.0
2026-09-08T08:00:13.008530+00:00,BTC-18SEP26-85000-P,78464.89,BTC-18SEP26,put,85000.0,2026-09-18T08:00:00+00:00,0.027378095655880043,,,0.08639631,,78464.89,BTC-18SEP26,0.3975,-0.8844,25.27721,1.2,0.0,,BTC,78333.57,0.0
2026-09-08T08:00:13.008530+00:00,BTC-30OCT26-81000-C,78832.66,BTC-30OCT26,call,81000.0,2026-10-30T08:00:00+00:00,0.1423678287154283,0.0425,0.045,0.04451127,0.04375,78832.66,BTC-30OCT26,0.3734,0.44865,117.6022,328.0,0.0,0.0024999999999999953,BTC,78333.57,0.0
2026-09-08T08:00:13.008530+00:00,BTC-10SEP26-76500-C,78407.68,BTC-10SEP26,call,76500.0,2026-09-10T08:00:00+00:00,0.005475289358823231,,,0.02678631,,78407.68,BTC-10SEP26,0.3272,0.8394,14.13786,0.0,0.0,,BTC,78333.57,0.0
2026-09-08T08:00:13.008530+00:00,BTC-30OCT26-55000-C,78832.66,BTC-30OCT26,call,55000.0,2026-10-30T08:00:00+00:00,0.1423678287154283,,,0.30517056,,78832.66,BTC-30OCT26,0.532,0.97051,19.93712,0.1,0.0,,BTC,78333.57,0.0
2026-09-08T08:00:13.008530+00:00,BTC-8SEP26-78500-P,78399.18,SYN.EXPIRY,put,78500.0,2026-09-08T08:00:00+00:00,-4.1221544097143006e-07,,,0.00128598,,78399.18,SYN.EXPIRY,0.2519,0.0,0.0,192.7,127.5,,BTC,78407.73,16392.99
2026-09-08T08:00:13.008530+00:00,BTC-25DEC26-94000-P,79462.5,BTC-25DEC26,put,94000.0,2026-12-25T08:00:00+00:00,0.295687472794826,,,0.21159529,,79462.5,BTC-25DEC26,0.3971,-0.74999,137.22272,5.3,0.0,,BTC,78331.23,0.0
2026-09-08T08:00:13.008530+00:00,BTC-27NOV26-60000-C,79134.22,BTC-27NOV26,call,60000.0,2026-11-27T08:00:00+00:00,0.21902765075512712,,,0.25098599,,79134.22,BTC-27NOV26,0.45990000000000003,0.9175,56.31412,0.1,0.0,,BTC,78331.23,0.0
2026-09-08T08:00:13.008530+00:00,BTC-25JUN27-66000-C,81426.85,BTC-25JUN27,call,66000.0,2027-06-25T08:00:00+00:00,0.7939763160528684,0.247,0.2555,0.2528554,0.25125,81426.85,BTC-25JUN27,0.4315,0.7691,220.66977,25.6,0.1,0.008500000000000008,BTC,78331.23,2038.41
2026-09-08T08:00:13.008530+00:00,BTC-25JUN27-66000-P,81426.85,BTC-25JUN27,put,66000.0,2027-06-25T08:00:00+00:00,0.7939763160528684,0.059,0.0655,0.06291258,0.06225,81426.85,BTC-25JUN27,0.4315,-0.2309,220.66977,46.5,0.0,0.006500000000000006,BTC,78331.23,0.0
2026-09-08T08:00:13.008530+00:00,BTC-25DEC26-94000-C,79462.5,BTC-25DEC26,call,94000.0,2026-12-25T08:00:00+00:00,0.295687472794826,0.0285,0.03,0.02940089,0.02925,79462.5,BTC-25DEC26,0.3971,0.25001,137.22272,393.5,3.3,0.0014999999999999979,BTC,78331.23,8127.94
2026-09-08T08:00:13.008530+00:00,BTC-27NOV26-68000-C,79134.43,BTC-27NOV26,call,68000.0,2026-11-27T08:00:00+00:00,0.21902765075512712,,,0.16310461,,79134.43,BTC-27NOV26,0.4122,0.80984,100.48671,0.0,0.0,,BTC,78331.23,0.0
2026-09-08T08:00:13.008530+00:00,BTC-25SEP26-56000-C,78512.61,BTC-25SEP26,call,56000.0,2026-09-25T08:00:00+00:00,0.046543051165804754,,,0.28747609,,78512.61,BTC-25SEP26,0.6423000000000001,0.99396,2.89636,13.4,0.0,,BTC,78327.47,0.0
2026-09-08T08:00:13.008530+00:00,BTC-25SEP26-62000-C,78513.04,BTC-25SEP26,call,62000.0,2026-09-25T08:00:00+00:00,0.046543051165804754,0.014,,0.2116524,,78513.04,BTC-25SEP26,0.5422,0.9806,7.98643,597.4,0.0,,BTC,78327.47,0.0
2026-09-08T08:00:13.008530+00:00,BTC-30OCT26-105000-C,78832.66,BTC-30OCT26,call,105000.0,2026-10-30T08:00:00+00:00,0.1423678287154283,0.003,0.0039,0.00355645,0.00345,78832.66,BTC-30OCT26,0.4461,0.0521,31.67547,1143.2,0.0,0.0008999999999999998,BTC,78327.47,0.0
2026-09-08T08:00:13.008530+00:00,BTC-8SEP26-77000-C,78399.18,SYN.EXPIRY,call,77000.0,2026-09-08T08:00:00+00:00,-4.1221544097143006e-07,,,0.01784687,,78399.18,SYN.EXPIRY,0.4647,0.0,0.0,0.4,0.0,,BTC,78407.73,0.0
2026-09-08T08:00:13.008530+00:00,BTC-30OCT26-55000-P,78832.66,BTC-30OCT26,put,55000.0,2026-10-30T08:00:00+00:00,0.1423678287154283,0.0021,0.0028,0.00240765,0.00245,78832.66,BTC-30OCT26,0.532,-0.02951,19.9512,311.1,0.3,0.0007000000000000001,BTC,78327.47,52.94
2026-09-08T08:00:13.008530+00:00,BTC-25JUN27-160000-P,81426.85,BTC-25JUN27,put,160000.0,2027-06-25T08:00:00+00:00,0.7939763160528684,,,0.97759943,,81426.85,BTC-25JUN27,0.4755,-0.91684,110.99054,0.2,0.0,,BTC,78327.47,0.0
2026-09-08T08:00:13.008530+00:00,BTC-25SEP26-70000-C,78512.61,BTC-25SEP26,call,70000.0,2026-09-25T08:00:00+00:00,0.046543051165804754,0.103,,0.11276992,,78512.61,BTC-25SEP26,0.4102,0.90797,27.94325,10961.3,3.2,,BTC,78320.07,30667.62
2026-09-08T08:00:13.008530+00:00,BTC-10SEP26-84000-P,78407.47,BTC-10SEP26,put,84000.0,2026-09-10T08:00:00+00:00,0.005475289358823231,,,0.07082754,,78407.47,BTC-10SEP26,0.4299,-0.98539,2.14546,0.0,0.0,,BTC,78327.47,0.0
2026-09-08T08:00:13.008530+00:00,BTC-27NOV26-85000-P,79134.22,BTC-27NOV26,put,85000.0,2026-11-27T08:00:00+00:00,0.21902765075512712,0.107,0.125,0.11756511,0.116,79134.22,BTC-27NOV26,0.38909999999999995,-0.62066,140.83854,11.0,0.6,0.018000000000000002,BTC,78320.07,5299.9
2026-09-08T08:00:13.008530+00:00,BTC-25SEP26-260000-P,78512.61,BTC-25SEP26,put,260000.0,2026-09-25T08:00:00+00:00,0.046543051165804754,,,2.30944498,,78512.61,BTC-25SEP26,1.2309,-0.99999,0.00462,0.0,0.0,,BTC,78320.07,0.0
2026-09-08T08:00:13.008530+00:00,BTC-10SEP26-88000-C,78407.68,BTC-10SEP26,call,88000.0,2026-09-10T08:00:00+00:00,0.005475289358823231,,0.0001,1.21e-05,,78407.68,BTC-10SEP26,0.5061,0.00099,0.19345,3.1,2.4,,BTC,78320.07,41.31
2026-09-08T08:00:13.008530+00:00,BTC-11SEP26-78500-P,78416.29,BTC-11SEP26,put,78500.0,2026-09-11T08:00:00+00:00,0.008213140145955332,0.0105,0.015,0.01189886,0.01275,78416.29,BTC-11SEP26,0.32299999999999995,-0.52412,28.27117,28.5,28.5,0.004499999999999999,BTC,78320.07,20442.25
2026-09-08T08:00:13.008530+00:00,BTC-26MAR27-85000-C,80412.23,BTC-26MAR27,call,85000.0,2027-03-26T08:00:00+00:00,0.5448318944238473,0.0915,0.0985,0.0949291,0.095,80412.23,BTC-26MAR27,0.4012,0.48273,236.36453,345.7,0.0,0.007000000000000006,BTC,78313.43,0.0
2026-09-08T08:00:13.008530+00:00,BTC-25JUN27-102000-C,81426.14,BTC-25JUN27,call,102000.0,2027-06-25T08:00:00+00:00,0.7939763160528684,0.066,0.0735,0.0691762,0.06975,81426.14,BTC-25JUN27,0.4175,0.33648,264.59182,28.5,0.0,0.007499999999999993,BTC,78313.43,0.0
2026-09-08T08:00:13.008530+00:00,BTC-25DEC26-110000-P,79462.93,BTC-25DEC26,put,110000.0,2026-12-25T08:00:00+00:00,0.295687472794826,,,0.39352169,,79462.93,BTC-25DEC26,0.4278,-0.90079,75.33232,55.6,0.0,,BTC,78313.43,0.0
2026-09-08T08:00:13.008530+00:00,BTC-26MAR27-52000-P,80412.23,BTC-26MAR27,put,52000.0,2027-03-26T08:00:00+00:00,0.5448318944238473,0.014,0.016,0.01422615,0.015,80412.23,BTC-26MAR27,0.4746,-0.07849,86.90406,123.8,0.0,0.002,BTC,78313.43,0.0
2026-09-08T08:00:13.008530+00:00,BTC-27NOV26-87000-P,79134.43,BTC-27NOV26,put,87000.0,2026-11-27T08:00:00+00:00,0.21902765075512712,0.124,,0.13569082,,79134.43,BTC-27NOV26,0.3907,-0.6676,134.38832,3.7,0.0,,BTC,78313.43,0.0
2026-09-08T08:00:13.008530+00:00,BTC-30OCT26-89000-C,78832.66,BTC-30OCT26,call,89000.0,2026-10-30T08:00:00+00:00,0.1423678287154283,0.0165,0.018,0.01780243,0.01725,78832.66,BTC-30OCT26,0.3872,0.22193,88.43126,119.0,0.0,0.0014999999999999979,BTC,78313.43,0.0
2026-09-08T08:00:13.008530+00:00,BTC-30OCT26-61000-P,78832.66,BTC-30OCT26,put,61000.0,2026-10-30T08:00:00+00:00,0.1423678287154283,0.0044,0.0055,0.00500337,0.00495,78832.66,BTC-30OCT26,0.46759999999999996,-0.06247,36.53504,261.8,1.1,0.0010999999999999994,BTC,78313.43,372.14
2026-09-08T08:00:13.008530+00:00,BTC-10SEP26-76000-C,78407.68,BTC-10SEP26,call,76000.0,2026-09-10T08:00:00+00:00,0.005475289358823231,,,0.03255049,,78407.68,BTC-10SEP26,0.3407,0.88562,11.20475,0.0,0.0,,BTC,78313.43,0.0
2026-09-08T08:00:13.008530+00:00,BTC-25JUN27-60000-P,81426.85,BTC-25JUN27,put,60000.0,2027-06-25T08:00:00+00:00,0.7939763160528684,0.0385,0.045,0.04238702,0.04175,81426.85,BTC-25JUN27,0.4443,-0.1671,181.42761,196.6,0.4,0.006499999999999999,BTC,78309.34,1309.4
2026-09-08T08:00:13.008530+00:00,BTC-25DEC26-125000-P,79462.5,BTC-25DEC26,put,125000.0,2026-12-25T08:00:00+00:00,0.295687472794826,,,0.57672305,,79462.5,BTC-25DEC26,0.46549999999999997,-0.95233,42.85496,9.1,0.0,,BTC,78309.34,0.0
2026-09-08T08:00:13.008530+00:00,BTC-11SEP26-71000-C,78416.29,BTC-11SEP26,call,71000.0,2026-09-11T08:00:00+00:00,0.008213140145955332,,,0.09532458,,78416.29,BTC-11SEP26,0.4861,0.98773,2.26083,26.0,0.0,,BTC,78309.34,0.0
2026-09-08T08:00:13.008530+00:00,BTC-27NOV26-58000-C,79134.43,BTC-27NOV26,call,58000.0,2026-11-27T08:00:00+00:00,0.21902765075512712,,,0.27444064,,79134.43,BTC-27NOV26,0.4743,0.93379,47.58882,0.0,0.0,,BTC,78309.34,0.0
2026-09-08T08:00:13.008530+00:00,BTC-11SEP26-80000-C,78416.29,BTC-11SEP26,call,80000.0,2026-09-11T08:00:00+00:00,0.008213140145955332,0.0042,0.005,0.00477925,0.0046,78416.29,BTC-11SEP26,0.3321,0.24454,22.29229,704.2,58.3,0.0008000000000000004,BTC,78309.34,35086.95
2026-09-08T08:00:13.008530+00:00,BTC-11SEP26-79500-C,78416.29,BTC-11SEP26,call,79500.0,2026-09-11T08:00:00+00:00,0.008213140145955332,0.0055,0.007,0.00651581,0.00625,78416.29,BTC-11SEP26,0.3287,0.31299,25.14875,53.6,59.3,0.0015000000000000005,BTC,78309.34,38387.19
2026-09-08T08:00:13.008530+00:00,BTC-10SEP26-76000-P,78407.68,BTC-10SEP26,put,76000.0,2026-09-10T08:00:00+00:00,0.005475289358823231,0.001,0.0014,0.00122434,0.0012,78407.68,BTC-10SEP26,0.3407,-0.11478,11.23202,41.0,27.0,0.00039999999999999996,BTC,78309.34,2707.74
2026-09-08T08:00:13.008530+00:00,BTC-18SEP26-86000-C,78464.89,BTC-18SEP26,call,86000.0,2026-09-18T08:00:00+00:00,0.027378095655880043,0.0023,0.0027,0.00281755,0.0025,78464.89,BTC-18SEP26,0.40509999999999996,0.08812,20.73339,354.9,23.9,0.0004000000000000002,BTC,78309.34,7414.49
2026-09-08T08:00:13.008530+00:00,BTC-26MAR27-110000-P,80412.23,BTC-26MAR27,put,110000.0,2027-03-26T08:00:00+00:00,0.5448318944238473,,,0.39622824,,80412.23,BTC-26MAR27,0.4181,-0.80631,162.8262,4.1,0.0,,BTC,78309.34,0.0
2026-09-08T08:00:13.008530+00:00,BTC-26MAR27-52000-C,80412.23,BTC-26MAR27,call,52000.0,2027-03-26T08:00:00+00:00,0.5448318944238473,0.363,0.3705,0.36795906,0.36675,80412.23,BTC-26MAR27,0.4746,0.92148,86.91872,5.3,0.0,0.007500000000000007,BTC,78309.34,0.0
2026-09-08T08:00:13.008530+00:00,BTC-25SEP26-90000-P,78512.61,BTC-25SEP26,put,90000.0,2026-09-25T08:00:00+00:00,0.046543051165804754,0.04,,0.14826186,,78512.61,BTC-25SEP26,0.4146,-0.93264,22.05596,579.9,0.0,,BTC,78307.56,0.0
2026-09-08T08:00:13.008530+00:00,BTC-25JUN27-50000-P,81426.85,BTC-25JUN27,put,50000.0,2027-06-25T08:00:00+00:00,0.7939763160528684,0.017,0.022,0.02058206,0.0195,81426.85,BTC-25JUN27,0.478,-0.08782,115.5941,402.3,0.0,0.0049999999999999975,BTC,78307.56,0.0
2026-09-08T08:00:13.008530+00:00,BTC-25SEP26-320000-P,78512.61,BTC-25SEP26,put,320000.0,2026-09-25T08:00:00+00:00,0.046543051165804754,,,3.07316286,,78512.61,BTC-25SEP26,1.4015,-1.0,0.00272,25.1,0.0,,BTC,78307.56,0.0
2026-09-08T08:00:13.008530+00:00,BTC-30OCT26-105000-P,78832.66,BTC-30OCT26,put,105000.0,2026-10-30T08:00:00+00:00,0.1423678287154283,,,0.33464544,,78832.66,BTC-30OCT26,0.4461,-0.94807,31.58334,0.6,0.0,,BTC,78307.56,0.0
2026-09-08T08:00:13.008530+00:00,BTC-26MAR27-68000-C,80412.23,BTC-26MAR27,call,68000.0,2027-03-26T08:00:00+00:00,0.5448318944238473,0.202,0.21,0.20677044,0.206,80412.23,BTC-26MAR27,0.4178,0.75605,185.98187,196.5,0.0,0.00799999999999998,BTC,78307.56,0.0
2026-09-08T08:00:13.008530+00:00,BTC-25DEC26-52000-P,79462.5,BTC-25DEC26,put,52000.0,2026-12-25T08:00:00+00:00,0.295687472794826,0.0055,0.0065,0.00617626,0.006,79462.5,BTC-25DEC26,0.5117,-0.0487,43.59063,542.5,0.2,0.001,BTC,78303.39,95.05
2026-09-08T08:00:13.008530+00:00,BTC-25SEP26-94000-C,78512.69,BTC-25SEP26,call,94000.0,2026-09-25T08:00:00+00:00,0.046543051165804754,0.0011,0.0014,0.00134837,0.00125,78512.69,BTC-25SEP26,0.45020000000000004,0.03442,12.89708,870.2,10.2,0.0002999999999999999,BTC,78303.39,1122.88
2026-09-08T08:00:13.008530+00:00,BTC-30OCT26-83000-P,78832.66,BTC-30OCT26,put,83000.0,2026-10-30T08:00:00+00:00,0.1423678287154283,0.0765,0.0955,0.08775877,0.086,78832.66,BTC-30OCT26,0.37549999999999994,-0.61888,113.23511,106.3,3.0,0.019000000000000003,BTC,78303.39,19881.19
2026-09-08T08:00:13.008530+00:00,BTC-10SEP26-78500-C,78407.68,BTC-10SEP26,call,78500.0,2026-09-10T08:00:00+00:00,0.005475289358823231,0.0041,0.012,0.00897622,0.00805,78407.68,BTC-10SEP26,0.3129,0.46085,23.00373,0.1,0.1,0.0079,BTC,78303.39,106.43
2026-09-08T08:00:13.008530+00:00,BTC-25DEC26-96000-C,79462.5,BTC-25DEC26,call,96000.0,2026-12-25T08:00:00+00:00,0.295687472794826,0.0245,0.026,0.02540783,0.02525,79462.5,BTC-25DEC26,0.3997,0.2215,128.30847,1500.9,4.1,0.0014999999999999979,BTC,78303.39,9070.92
2026-09-08T08:00:13.008530+00:00,BTC-18SEP26-74000-P,78464.68,BTC-18SEP26,put,74000.0,2026-09-18T08:00:00+00:00,0.027378095655880043,0.0055,0.0065,0.00599627,0.006,78464.68,BTC-18SEP26,0.38770000000000004,-0.17743,33.727,1290.5,1131.9,0.001,BTC,78303.39,434894.72
2026-09-08T08:00:13.008530+00:00,BTC-27NOV26-69000-P,79134.22,BTC-27NOV26,put,69000.0,2026-11-27T08:00:00+00:00,0.21902765075512712,0.0235,0.026,0.02447941,0.02475,79134.22,BTC-27NOV26,0.40759999999999996,-0.21008,106.64835,24.7,0.1,0.0024999999999999988,BTC,78303.39,166.92
2026-09-08T08:00:13.008530+00:00,BTC-11SEP26-70000-C,78416.72,BTC-11SEP26,call,70000.0,2026-09-11T08:00:00+00:00,0.008213140145955332,,,0.10806694,,78416.72,BTC-11SEP26,0.5452,0.98911,2.03737,286.9,0.0,,BTC,78300.66,0.0
2026-09-08T08:00:13.008530+00:00,BTC-25JUN27-170000-C,81426.85,BTC-25JUN27,call,170000.0,2027-06-25T08:00:00+00:00,0.7939763160528684,0.009,0.0135,0.01131052,0.01125,81426.85,BTC-25JUN27,0.4861,0.06871,95.93898,91.9,0.0,0.0045000000000000005,BTC,78300.66,0.0
2026-09-08T08:00:13.008530+00:00,BTC-25DEC26-68000-C,79462.5,BTC-25DEC26,call,68000.0,2026-12-25T08:00:00+00:00,0.295687472794826,,,0.17463041,,79462.5,BTC-25DEC26,0.41340000000000005,0.78787,125.13483,1031.5,0.0,,BTC,78300.66,0.0
2026-09-08T08:00:13.008530+00:00,BTC-27NOV26-102000-C,79134.22,BTC-27NOV26,call,102000.0,2026-11-27T08:00:00+00:00,0.21902765075512712,0.0095,0.011,0.01036979,0.01025,79134.22,BTC-27NOV26,0.41969999999999996,0.11483,71.73705,95.5,0.5,0.0014999999999999996,BTC,78300.66,443.69
2026-09-08T08:00:13.008530+00:00,BTC-25JUN27-40000-C,81426.85,BTC-25JUN27,call,40000.0,2027-06-25T08:00:00+00:00,0.7939763160528684,0.514,0.521,0.51869719,0.5175,81426.85,BTC-25JUN27,0.5333,0.95835,64.54831,17.1,0.0,0.007000000000000006,BTC,78300.66,0.0
2026-09-08T08:00:13.008530+00:00,BTC-27NOV26-100000-P,79134.43,BTC-27NOV26,put,100000.0,2026-11-27T08:00:00+00:00,0.21902765075512712,,,0.27500645,,79134.43,BTC-27NOV26,0.4146,-0.86767,79.22708,0.0,0.0,,BTC,78300.66,0.0
2026-09-08T08:00:13.008530+00:00,BTC-25SEP26-94000-P,78513.04,BTC-25SEP26,put,94000.0,2026-09-25T08:00:00+00:00,0.046543051165804754,,,0.19783991,,78513.04,BTC-25SEP26,0.45020000000000004,-0.96561,12.88722,1.9,0.0,,BTC,78300.07,0.0
2026-09-08T08:00:13.008530+00:00,BTC-26MAR27-100000-C,80412.23,BTC-26MAR27,call,100000.0,2027-03-26T08:00:00+00:00,0.5448318944238473,0.044,0.0495,0.04591631,0.04675,80412.23,BTC-26MAR27,0.4078,0.28162,200.15137,670.1,0.0,0.005500000000000005,BTC,78300.07,0.0
2026-09-08T08:00:13.008530+00:00,BTC-26MAR27-68000-P,80412.23,BTC-26MAR27,put,68000.0,2027-03-26T08:00:00+00:00,0.5448318944238473,0.0485,0.0545,0.05188893,0.0515,80412.23,BTC-26MAR27,0.4178,-0.24405,186.00486,290.8,0.0,0.005999999999999998,BTC,78300.07,0.0
2026-09-08T08:00:13.008530+00:00,BTC-9SEP26-84000-P,78401.47,BTC-9SEP26,put,84000.0,2026-09-09T08:00:00+00:00,0.00273743857169113,0.0001,,0.07072146,,78401.47,BTC-9SEP26,0.40619999999999995,-0.99952,0.0702,0.0,0.0,,BTC,78300.07,0.0
2026-09-08T08:00:13.008530+00:00,BTC-27NOV26-87000-C,79134.22,BTC-27NOV26,call,87000.0,2026-11-27T08:00:00+00:00,0.21902765075512712,0.0355,0.038,0.0369958,0.03675,79134.22,BTC-27NOV26,0.3907,0.33206,134.31116,59.8,0.0,0.0025000000000000022,BTC,78300.07,0.0
2026-09-08T08:00:13.008530+00:00,BTC-8SEP26-82000-C,78399.18,SYN.EXPIRY,call,82000.0,2026-09-08T08:00:00+00:00,-4.1221544097143006e-07,,,0.0,,78399.18,SYN.EXPIRY,0.3924,0.0,0.0,321.2,57.2,,BTC,78407.73,1229.87
2026-09-08T08:00:13.008530+00:00,BTC-8SEP26-74000-P,78399.18,SYN.EXPIRY,put,74000.0,2026-09-08T08:00:00+00:00,-4.1221544097143006e-07,,,0.0,,78399.18,SYN.EXPIRY,0.5779,0.0,0.0,7.5,0.5,,BTC,78407.73,3.95
2026-09-08T08:00:13.008530+00:00,BTC-25JUN27-52000-P,81426.85,BTC-25JUN27,put,52000.0,2027-06-25T08:00:00+00:00,0.7939763160528684,0.0205,0.026,0.02381159,0.02325,81426.85,BTC-25JUN27,0.4693,-0.10061,127.77689,40.4,0.0,0.005499999999999998,BTC,78301.04,0.0
2026-09-08T08:00:13.008530+00:00,BTC-25SEP26-78000-P,78512.61,BTC-25SEP26,put,78000.0,2026-09-25T08:00:00+00:00,0.046543051165804754,0.025,0.0285,0.02760603,0.02675,78512.61,BTC-25SEP26,0.36210000000000003,-0.45798,67.12775,2621.9,105.5,0.0034999999999999996,BTC,78301.04,198125.9
2026-09-08T08:00:13.008530+00:00,BTC-11SEP26-85000-C,78416.72,BTC-11SEP26,call,85000.0,2026-09-11T08:00:00+00:00,0.008213140145955332,0.0002,0.0004,0.00031227,0.0003,78416.72,BTC-11SEP26,0.43270000000000003,0.01919,3.31798,766.4,78.2,0.0002,BTC,78301.04,4154.23
2026-09-08T08:00:13.008530+00:00,BTC-27NOV26-77000-P,79134.43,BTC-27NOV26,put,77000.0,2026-11-27T08:00:00+00:00,0.21902765075512712,0.0555,0.0615,0.05861109,0.0585,79134.43,BTC-27NOV26,0.38909999999999995,-0.4077,143.62298,28.5,0.0,0.005999999999999998,BTC,78301.04,0.0
2026-09-08T08:00:13.008530+00:00,BTC-27NOV26-77000-C,79134.22,BTC-27NOV26,call,77000.0,2026-11-27T08:00:00+00:00,0.21902765075512712,0.0825,0.0885,0.08620286,0.0855,79134.22,BTC-27NOV26,0.38909999999999995,0.5923,143.62297,24.9,21.9,0.0059999999999999915,BTC,78300.96,163738.53
2026-09-08T08:00:13.008530+00:00,BTC-25SEP26-87000-C,78512.69,BTC-25SEP26,call,87000.0,2026-09-25T08:00:00+00:00,0.046543051165804754,0.0045,0.0055,0.0051104,0.005,78512.69,BTC-25SEP26,0.396,0.12017,33.88131,10.6,0.3,0.001,BTC,78300.96,129.95
2026-09-08T08:00:13.008530+00:00,BTC-26MAR27-125000-P,80412.23,BTC-26MAR27,put,125000.0,2027-03-26T08:00:00+00:00,0.5448318944238473,,,0.56944911,,80412.23,BTC-26MAR27,0.43810000000000004,-0.88618,114.24623,0.1,0.0,,BTC,78300.96,0.0
2026-09-08T08:00:13.008530+00:00,BTC-26MAR27-115000-C,80412.23,BTC-26MAR27,call,115000.0,2027-03-26T08:00:00+00:00,0.5448318944238473,0.0215,0.026,0.02360157,0.02375,80412.23,BTC-26MAR27,0.42460000000000003,0.16131,145.03671,807.8,0.0,0.0045000000000000005,BTC,78300.96,0.0
2026-09-08T08:00:13.008530+00:00,BTC-26MAR27-86000-C,80412.23,BTC-26MAR27,call,86000.0,2027-03-26T08:00:00+00:00,0.5448318944238473,0.0875,0.094,0.09048121,0.09075,80412.23,BTC-26MAR27,0.4014,0.46683,235.72816,141.7,0.0,0.006500000000000006,BTC,78300.96,0.0
2026-09-08T08:00:13.008530+00:00,BTC-11SEP26-95000-C,78416.29,BTC-11SEP26,call,95000.0,2026-09-11T08:00:00+00:00,0.008213140145955332,,0.0001,7.29e-06,,78416.29,BTC-11SEP26,0.6341,0.00043,0.10873,616.7,0.0,,BTC,78292.71,0.0
2026-09-08T08:00:13.008530+00:00,BTC-10SEP26-82500-P,78407.68,BTC-10SEP26,put,82500.0,2026-09-10T08:00:00+00:00,0.005475289358823231,,,0.0518686,,78407.68,BTC-10SEP26,0.3664,-0.97213,3.70851,0.0,0.0,,BTC,78300.96,0.0
2026-09-08T08:00:13.008530+00:00,BTC-27NOV26-62000-C,79134.22,BTC-27NOV26,call,62000.0,2026-11-27T08:00:00+00:00,0.21902765075512712,,,0.22788176,,79134.22,BTC-27NOV26,0.445,0.89774,65.9925,0.0,0.0,,BTC,78292.71,0.0
2026-09-08T08:00:13.008530+00:00,BTC-11SEP26-67000-C,78416.29,BTC-11SEP26,call,67000.0,2026-09-11T08:00:00+00:00,0.008213140145955332,,,0.14621567,,78416.29,BTC-11SEP26,0.67,0.99529,0.97314,0.2,0.0,,BTC,78292.71,0.0
2026-09-08T08:00:13.008530+00:00,BTC-27NOV26-80000-P,79134.43,BTC-27NOV26,put,80000.0,2026-11-27T08:00:00+00:00,0.21902765075512712,0.075,0.082,0.07791396,0.0785,79134.43,BTC-27NOV26,0.3875,-0.49105,147.53771,57.3,5.2,0.007000000000000006,BTC,78292.71,30678.78
2026-09-08T08:00:13.008530+00:00,BTC-25JUN27-80000-P,81426.85,BTC-25JUN27,put,80000.0,2027-06-25T08:00:00+00:00,0.7939763160528684,0.1325,0.142,0.13695937,0.13725,81426.85,BTC-25JUN27,0.41619999999999996,-0.40934,281.63742,44.0,0.1,0.00949999999999998,BTC,78292.71,1056.72
2026-09-08T08:00:13.008530+00:00,BTC-25DEC26-55000-P,79462.5,BTC-25DEC26,put,55000.0,2026-12-25T08:00:00+00:00,0.295687472794826,0.0075,0.009,0.00808988,0.00825,79462.5,BTC-25DEC26,0.48560000000000003,-0.06437,54.30901,2677.5,20.0,0.0014999999999999996,BTC,78287.61,12685.09
2026-09-08T08:00:13.008530+00:00,BTC-25SEP26-98000-C,78512.69,BTC-25SEP26,call,98000.0,2026-09-25T08:00:00+00:00,0.046543051165804754,0.0006,0.0008,0.00075502,0.0007,78512.69,BTC-25SEP26,0.48729999999999996,0.01926,7.93297,1129.3,0.2,0.0002000000000000001,BTC,78287.61,15.83
2026-09-08T08:00:13.008530+00:00,BTC-25JUN27-30000-P,81426.14,BTC-25JUN27,put,30000.0,2027-06-25T08:00:00+00:00,0.7939763160528684,0.004,0.0042,0.00419779,0.0041,81426.14,BTC-25JUN27,0.6109,-0.01765,31.55215,341.7,5.3,0.00019999999999999966,BTC,78287.61,1682.84
2026-09-08T08:00:13.008530+00:00,BTC-25SEP26-100000-P,78513.04,BTC-25SEP26,put,100000.0,2026-09-25T08:00:00+00:00,0.046543051165804754,0.0001,,0.27347579,,78513.04,BTC-25SEP26,0.5091,-0.98456,6.56727,336.1,0.0,,BTC,78287.61,0.0
2026-09-08T08:00:13.008530+00:00,BTC-27NOV26-72000-C,79134.43,BTC-27NOV26,call,72000.0,2026-11-27T08:00:00+00:00,0.21902765075512712,,,0.12525409,,79134.43,BTC-27NOV26,0.3982,0.72295,123.87266,0.0,0.0,,BTC,78287.61,0.0
2026-09-08T08:00:13.008530+00:00,BTC-30OCT26-102000-C,78832.66,BTC-30OCT26,call,102000.0,2026-10-30T08:00:00+00:00,0.1423678287154283,0.0042,0.0055,0.00461331,0.00485,78832.66,BTC-30OCT26,0.4334,0.06635,38.27276,198.4,0.0,0.0013,BTC,78287.61,0.0
2026-09-08T08:00:13.008530+00:00,BTC-8SEP26-83500-C,78399.18,SYN.EXPIRY,call,83500.0,2026-09-08T08:00:00+00:00,-4.1221544097143006e-07,,,0.0,,78399.18,SYN.EXPIRY,0.4372,0.0,0.0,7.7,0.0,,BTC,78407.73,0.0
2026-09-08T08:00:13.008530+00:00,BTC-8SEP26-86000-P,78399.18,SYN.EXPIRY,put,86000.0,2026-09-08T08:00:00+00:00,-4.1221544097143006e-07,,,0.09695025,,78399.18,SYN.EXPIRY,0.4625,0.0,0.0,0.0,0.0,,BTC,78407.73,0.0
2026-09-08T08:00:13.008530+00:00,BTC-27NOV26-83000-P,79134.43,BTC-27NOV26,put,83000.0,2026-11-27T08:00:00+00:00,0.21902765075512712,0.093,0.1085,0.10058726,0.10075,79134.43,BTC-27NOV26,0.3876,-0.5718,145.16384,43.3,5.7,0.0155,BTC,78285.18,44837.27
2026-09-08T08:00:13.008530+00:00,BTC-27NOV26-79000-C,79134.43,BTC-27NOV26,call,79000.0,2026-11-27T08:00:00+00:00,0.21902765075512712,0.07,0.0755,0.07338741,0.07275,79134.43,BTC-27NOV26,0.3876,0.53634,146.94712,104.4,74.1,0.005499999999999991,BTC,78285.18,466425.57
2026-09-08T08:00:13.008530+00:00,BTC-25SEP26-102000-C,78512.61,BTC-25SEP26,call,102000.0,2026-09-25T08:00:00+00:00,0.046543051165804754,0.0004,0.0006,0.00050775,0.0005,78512.61,BTC-25SEP26,0.5307999999999999,0.01257,5.49955,199.1,0.2,0.00019999999999999993,BTC,78285.18,7.94
2026-09-08T08:00:13.008530+00:00,BTC-26MAR27-102000-C,80412.23,BTC-26MAR27,call,102000.0,2027-03-26T08:00:00+00:00,0.5448318944238473,0.0395,0.045,0.04180325,0.04225,80412.23,BTC-26MAR27,0.4096,0.261,192.66824,127.5,0.0,0.005499999999999998,BTC,78285.18,0.0
2026-09-08T08:00:13.008530+00:00,BTC-25DEC26-78000-P,79462.93,BTC-25DEC26,put,78000.0,2026-12-25T08:00:00+00:00,0.295687472794826,0.0715,0.078,0.07537156,0.07475,79462.93,BTC-25DEC26,0.39409999999999995,-0.42609,169.19856,1405.3,3.1,0.006500000000000006,BTC,78284.85,17295.22
2026-09-08T08:00:13.008530+00:00,BTC-25JUN27-76000-P,81426.85,BTC-25JUN27,put,76000.0,2027-06-25T08:00:00+00:00,0.7939763160528684,0.108,0.116,0.11196545,0.112,81426.85,BTC-25JUN27,0.4189,-0.35671,270.25091,74.6,0.2,0.008000000000000007,BTC,78284.85,1689.03
2026-09-08T08:00:13.008530+00:00,BTC-11SEP26-79000-C,78416.29,BTC-11SEP26,call,79000.0,2026-09-11T08:00:00+00:00,0.008213140145955332,0.0075,0.009,0.008675,0.00825,78416.29,BTC-11SEP26,0.32409999999999994,0.38493,27.1235,304.0,66.4,0.0014999999999999996,BTC,78284.85,64233.41
2026-09-08T08:00:13.008530+00:00,BTC-25SEP26-80000-C,78512.61,BTC-25SEP26,call,80000.0,2026-09-25T08:00:00+00:00,0.046543051165804754,0.0225,0.024,0.02331869,0.02325,78512.61,BTC-25SEP26,0.3641,0.41301,65.87717,6778.5,147.2,0.0015000000000000013,BTC,78284.85,322982.25
2026-09-08T08:00:13.008530+00:00,BTC-27NOV26-81000-C,79134.43,BTC-27NOV26,call,81000.0,2026-11-27T08:00:00+00:00,0.21902765075512712,0.0605,0.0635,0.0622434,0.062,79134.43,BTC-27NOV26,0.38770000000000004,0.48143,147.39914,113.9,2.5,0.0030000000000000027,BTC,78284.85,12623.15
2026-09-08T08:00:13.008530+00:00,BTC-25JUN27-78000-C,81426.85,BTC-25JUN27,call,78000.0,2027-06-25T08:00:00+00:00,0.7939763160528684,0.1605,0.17,0.16681146,0.16525,81426.85,BTC-25JUN27,0.41759999999999997,0.61693,276.59472,53.2,1.0,0.009500000000000008,BTC,78284.85,13633.12
2026-09-08T08:00:13.008530+00:00,BTC-10SEP26-87000-P,78407.68,BTC-10SEP26,put,87000.0,2026-09-10T08:00:00+00:00,0.005475289358823231,,,0.10889548,,78407.68,BTC-10SEP26,0.4781,-0.9985,0.28318,0.0,0.0,,BTC,78284.85,0.0
2026-09-08T08:00:13.008530+00:00,BTC-27NOV26-96000-P,79134.43,BTC-27NOV26,put,96000.0,2026-11-27T08:00:00+00:00,0.21902765075512712,,,0.22922296,,79134.43,BTC-27NOV26,0.4053,-0.82443,95.53618,0.0,0.0,,BTC,78280.96,0.0
2026-09-08T08:00:13.008530+00:00,BTC-25JUN27-62000-C,81426.14,BTC-25JUN27,call,62000.0,2027-06-25T08:00:00+00:00,0.7939763160528684,0.2815,0.29,0.28761699,0.28575,81426.14,BTC-25JUN27,0.4397,0.81254,195.02552,117.0,0.0,0.008500000000000008,BTC,78280.96,0.0
2026-09-08T08:00:13.008530+00:00,BTC-25SEP26-92000-P,78512.61,BTC-25SEP26,put,92000.0,2026-09-25T08:00:00+00:00,0.046543051165804754,,,0.17289849,,78512.61,BTC-25SEP26,0.4316,-0.95287,16.64076,7.7,0.0,,BTC,78280.96,0.0
2026-09-08T08:00:13.008530+00:00,BTC-27NOV26-104000-P,79134.22,BTC-27NOV26,put,104000.0,2026-11-27T08:00:00+00:00,0.21902765075512712,,,0.32230326,,79134.22,BTC-27NOV26,0.4253,-0.89993,64.94705,0.0,0.0,,BTC,78280.96,0.0
2026-09-08T08:00:13.008530+00:00,BTC-26MAR27-58000-C,80412.23,BTC-26MAR27,call,58000.0,2027-03-26T08:00:00+00:00,0.5448318944238473,,,0.30257553,,80412.23,BTC-26MAR27,0.44630000000000003,0.8751,121.9507,4.3,0.0,,BTC,78278.05,0.0
2026-09-08T08:00:13.008530+00:00,BTC-26MAR27-94000-C,80412.23,BTC-26MAR27,call,94000.0,2027-03-26T08:00:00+00:00,0.5448318944238473,0.059,0.065,0.06116349,0.062,80412.23,BTC-26MAR27,0.40340000000000004,0.35167,219.93506,166.3,0.0,0.006000000000000005,BTC,78278.05,0.0
2026-09-08T08:00:13.008530+00:00,BTC-26MAR27-72000-C,80412.23,BTC-26MAR27,call,72000.0,2027-03-26T08:00:00+00:00,0.5448318944238473,0.1695,0.1775,0.17433802,0.1735,80412.23,BTC-26MAR27,0.41090000000000004,0.69509,207.60172,95.2,0.0,0.00799999999999998,BTC,78278.05,0.0
2026-09-08T08:00:13.008530+00:00,BTC-25JUN27-50000-C,81426.14,BTC-25JUN27,call,50000.0,2027-06-25T08:00:00+00:00,0.7939763160528684,0.4015,0.409,0.40690238,0.40525,81426.14,BTC-25JUN27,0.478,0.91202,115.69862,17.5,0.0,0.007499999999999951,BTC,78278.05,0.0
2026-09-08T08:00:13.008530+00:00,BTC-25DEC26-55000-C,79462.5,BTC-25DEC26,call,55000.0,2026-12-25T08:00:00+00:00,0.295687472794826,,,0.3163804,,79462.5,BTC-25DEC26,0.48560000000000003,0.93556,54.34846,44.9,0.0,,BTC,78277.99,0.0
2026-09-08T08:00:13.008530+00:00,BTC-25SEP26-52000-C,78513.04,BTC-25SEP26,call,52000.0,2026-09-25T08:00:00+00:00,0.046543051165804754,,,0.33828445,,78513.04,BTC-25SEP26,0.7289,0.9964,1.8219,150.2,0.0,,BTC,78278.05,0.0
2026-09-08T08:00:13.008530+00:00,BTC-25DEC26-240000-C,79462.5,BTC-25DEC26,call,240000.0,2026-12-25T08:00:00+00:00,0.295687472794826,0.0001,0.0005,0.00030768,0.0003,79462.5,BTC-25DEC26,0.6917,0.00289,3.81664,785.2,0.0,0.0004,BTC,78277.99,0.0
2026-09-08T08:00:13.008530+00:00,BTC-10SEP26-87000-C,78407.68,BTC-10SEP26,call,87000.0,2026-09-10T08:00:00+00:00,0.005475289358823231,,0.0001,1.883e-05,,78407.68,BTC-10SEP26,0.4781,0.00149,0.28098,1.6,0.1,,BTC,78277.99,0.79
2026-09-08T08:00:13.008530+00:00,BTC-11SEP26-86000-C,78416.29,BTC-11SEP26,call,86000.0,2026-09-11T08:00:00+00:00,0.008213140145955332,0.0001,0.0003,0.00015951,0.0002,78416.29,BTC-11SEP26,0.4421,0.01,1.8918,1502.0,3.1,0.00019999999999999998,BTC,78277.99,113.23
2026-09-08T08:00:13.008530+00:00,BTC-26MAR27-66000-P,80412.23,BTC-26MAR27,put,66000.0,2027-03-26T08:00:00+00:00,0.5448318944238473,0.0415,0.0475,0.04457235,0.0445,80412.23,BTC-26MAR27,0.4219,-0.21642,173.85867,110.2,0.0,0.005999999999999998,BTC,78277.99,0.0
2026-09-08T08:00:13.008530+00:00,BTC-25DEC26-75000-C,79462.93,BTC-25DEC26,call,75000.0,2026-12-25T08:00:00+00:00,0.295687472794826,0.11,0.1165,0.11500559,0.11325,79462.93,BTC-25DEC26,0.3973,0.64342,160.8977,1879.8,2.0,0.006500000000000006,BTC,78279.23,19001.86
2026-09-08T08:00:13.008530+00:00,BTC-10SEP26-81000-C,78407.68,BTC-10SEP26,call,81000.0,2026-09-10T08:00:00+00:00,0.005475289358823231,0.0009,0.0013,0.00116939,0.0011,78407.68,BTC-10SEP26,0.33409999999999995,0.08515,9.02469,14.6,14.8,0.00039999999999999996,BTC,78277.99,3741.97
2026-09-08T08:00:13.008530+00:00,BTC-18SEP26-78000-C,78464.68,BTC-18SEP26,call,78000.0,2026-09-18T08:00:00+00:00,0.027378095655880043,0.0245,0.029,0.02788081,0.02675,78464.68,BTC-18SEP26,0.3718,0.53999,51.46357,97.8,1.0,0.0045000000000000005,BTC,78277.99,2194.13
2026-09-08T08:00:13.008530+00:00,BTC-9SEP26-81000-P,78401.68,BTC-9SEP26,put,81000.0,2026-09-09T08:00:00+00:00,0.00273743857169113,0.0001,,0.03267376,,78401.68,BTC-9SEP26,0.3234,-0.97778,2.16712,0.2,0.0,,BTC,78279.23,0.0
2026-09-08T08:00:13.008530+00:00,BTC-11SEP26-88000-C,78416.72,BTC-11SEP26,call,88000.0,2026-09-11T08:00:00+00:00,0.008213140145955332,,0.0001,9.517e-05,,78416.72,BTC-11SEP26,0.5046,0.00562,1.13761,1330.9,5.9,,BTC,78279.23,96.6
2026-09-08T08:00:13.008530+00:00,BTC-25SEP26-77000-P,78512.69,BTC-25SEP26,put,77000.0,2026-09-25T08:00:00+00:00,0.046543051165804754,0.0195,0.023,0.02210426,0.02125,78512.69,BTC-25SEP26,0.3643,-0.39521,65.14044,1088.7,6.7,0.0034999999999999996,BTC,78279.23,11118.02
2026-09-08T08:00:13.008530+00:00,BTC-26MAR27-35000-P,80412.23,BTC-26MAR27,put,35000.0,2027-03-26T08:00:00+00:00,0.5448318944238473,0.0016,0.0045,0.00318698,0.00305,80412.23,BTC-26MAR27,0.595,-0.01744,25.54571,624.1,1.1,0.0029,BTC,78279.23,248.26
2026-09-08T08:00:13.008530+00:00,BTC-9SEP26-75000-P,78401.47,BTC-9SEP26,put,75000.0,2026-09-09T08:00:00+00:00,0.00273743857169113,0.0001,0.0003,0.00013603,0.0002,78401.47,BTC-9SEP26,0.4096,-0.02269,2.20572,122.9,125.2,0.00019999999999999998,BTC,78279.23,2454.55
2026-09-08T08:00:13.008530+00:00,BTC-25JUN27-30000-C,81426.14,BTC-25JUN27,call,30000.0,2027-06-25T08:00:00+00:00,0.7939763160528684,0.632,0.638,0.63598998,0.635,81426.14,BTC-25JUN27,0.6109,0.98234,31.56277,76.9,1.4,0.006000000000000005,BTC,78279.23,70716.53
2026-09-08T08:00:13.008530+00:00,BTC-30OCT26-73000-C,78832.66,BTC-30OCT26,call,73000.0,2026-10-30T08:00:00+00:00,0.1423678287154283,0.07,,0.10041795,,78832.66,BTC-30OCT26,0.3821,0.72359,99.36347,634.0,0.0,,BTC,78280.55,0.0
2026-09-08T08:00:13.008530+00:00,BTC-30OCT26-81000-P,78832.66,BTC-30OCT26,put,81000.0,2026-10-30T08:00:00+00:00,0.1423678287154283,0.0675,0.0745,0.07135135,0.071,78832.66,BTC-30OCT26,0.3734,-0.55335,117.44088,167.0,0.0,0.006999999999999992,BTC,78280.55,0.0
2026-09-08T08:00:13.008530+00:00,BTC-25SEP26-50000-P,78512.61,BTC-25SEP26,put,50000.0,2026-09-25T08:00:00+00:00,0.046543051165804754,,0.0002,0.00014909,,78512.61,BTC-25SEP26,0.7798999999999999,-0.00293,1.51447,3753.2,3.0,,BTC,78280.55,24.52
2026-09-08T08:00:13.008530+00:00,BTC-26MAR27-64000-P,80412.23,BTC-26MAR27,put,64000.0,2027-03-26T08:00:00+00:00,0.5448318944238473,0.035,0.0405,0.03820593,0.03775,80412.23,BTC-26MAR27,0.42719999999999997,-0.19044,161.08852,126.0,5.0,0.005499999999999998,BTC,78280.55,14811.72
2026-09-08T08:00:13.008530+00:00,BTC-8SEP26-78000-C,78399.18,SYN.EXPIRY,call,78000.0,2026-09-08T08:00:00+00:00,-4.1221544097143006e-07,,,0.00509163,,78399.18,SYN.EXPIRY,0.3206,0.0,0.0,0.1,0.0,,BTC,78407.73,0.0
2026-09-08T08:00:13.008530+00:00,BTC-26MAR27-115000-P,80412.23,BTC-26MAR27,put,115000.0,2027-03-26T08:00:00+00:00,0.5448318944238473,,,0.45284607,,80412.23,BTC-26MAR27,0.42460000000000003,-0.8389,144.87421,2.2,0.0,,BTC,78280.66,0.0
2026-09-08T08:00:13.008530+00:00,BTC-26MAR27-35000-C,80412.66,BTC-26MAR27,call,35000.0,2027-03-26T08:00:00+00:00,0.5448318944238473,0.5645,0.571,0.56819952,0.56775,80412.66,BTC-26MAR27,0.595,0.98256,25.54324,21.2,0.9,0.00649999999999995,BTC,78280.66,40861.46
2026-09-08T08:00:13.008530+00:00,BTC-9SEP26-77000-P,78401.47,BTC-9SEP26,put,77000.0,2026-09-09T08:00:00+00:00,0.00273743857169113,0.0007,0.0012,0.00090035,0.00095,78401.47,BTC-9SEP26,0.3009,-0.14644,9.3935,71.8,70.6,0.0004999999999999999,BTC,78280.66,6313.68
2026-09-08T08:00:13.008530+00:00,BTC-25JUN27-54000-P,81426.85,BTC-25JUN27,put,54000.0,2027-06-25T08:00:00+00:00,0.7939763160528684,0.024,0.0295,0.02757674,0.02675,81426.85,BTC-25JUN27,0.4617,-0.11518,140.8092,50.1,0.0,0.005499999999999998,BTC,78280.66,0.0
2026-09-08T08:00:13.008530+00:00,BTC-8SEP26-85000-C,78399.18,SYN.EXPIRY,call,85000.0,2026-09-08T08:00:00+00:00,-4.1221544097143006e-07,,,0.0,,78399.18,SYN.EXPIRY,0.44939999999999997,0.0,0.0,31.8,0.0,,BTC,78407.73,0.0
2026-09-08T08:00:13.008530+00:00,BTC-30OCT26-77000-C,78832.66,BTC-30OCT26,call,77000.0,2026-10-30T08:00:00+00:00,0.1423678287154283,0.0645,0.07,0.06833034,0.06725,78832.66,BTC-30OCT26,0.3739,0.58908,115.5355,116.0,0.0,0.005500000000000005,BTC,78280.66,0.0
2026-09-08T08:00:13.008530+00:00,BTC-9SEP26-88000-P,78401.47,BTC-9SEP26,put,88000.0,2026-09-09T08:00:00+00:00,0.00273743857169113,0.0001,,0.12170428,,78401.47,BTC-9SEP26,0.5371,-0.99998,0.00289,0.0,0.0,,BTC,78280.36,0.0
2026-09-08T08:00:13.008530+00:00,BTC-25SEP26-140000-P,78512.61,BTC-25SEP26,put,140000.0,2026-09-25T08:00:00+00:00,0.046543051165804754,,,0.78202104,,78512.61,BTC-25SEP26,0.7629,-0.99971,0.18154,1.4,0.0,,BTC,78280.36,0.0
2026-09-08T08:00:13.008530+00:00,BTC-27NOV26-106000-P,79134.43,BTC-27NOV26,put,106000.0,2026-11-27T08:00:00+00:00,0.21902765075512712,,,0.34625049,,79134.43,BTC-27NOV26,0.42969999999999997,-0.91321,58.4558,0.0,0.0,,BTC,78280.36,0.0
2026-09-08T08:00:13.008530+00:00,BTC-30OCT26-104000-C,78832.66,BTC-30OCT26,call,104000.0,2026-10-30T08:00:00+00:00,0.1423678287154283,0.0035,0.0044,0.00387235,0.00395,78832.66,BTC-30OCT26,0.44189999999999996,0.05608,33.55417,89.2,0.5,0.0009000000000000002,BTC,78280.36,178.68
2026-09-08T08:00:13.008530+00:00,BTC-27NOV26-91000-P,79134.22,BTC-27NOV26,put,91000.0,2026-11-27T08:00:00+00:00,0.21902765075512712,,,0.17520191,,79134.22,BTC-27NOV26,0.396,-0.74862,117.87399,0.0,0.0,,BTC,78280.36,0.0
2026-09-08T08:00:13.008530+00:00,BTC-11SEP26-84000-P,78416.72,BTC-11SEP26,put,84000.0,2026-09-11T08:00:00+00:00,0.008213140145955332,,,0.07097655,,78416.72,BTC-11SEP26,0.4031,-0.97176,4.59187,2.9,0.0,,BTC,78281.46,0.0
2026-09-08T08:00:13.008530+00:00,BTC-26MAR27-108000-P,80412.23,BTC-26MAR27,put,108000.0,2027-03-26T08:00:00+00:00,0.5448318944238473,,,0.37408064,,80412.23,BTC-26MAR27,0.41590000000000005,-0.79169,170.0275,0.1,0.0,,BTC,78281.46,0.0
2026-09-08T08:00:13.008530+00:00,BTC-10SEP26-78500-P,78407.68,BTC-10SEP26,put,78500.0,2026-09-10T08:00:00+00:00,0.005475289358823231,0.008,0.012,0.00951435,0.01,78407.68,BTC-10SEP26,0.3129,-0.5443,22.96555,11.4,11.6,0.004,BTC,78281.46,6829.73
2026-09-08T08:00:13.008530+00:00,BTC-26MAR27-180000-C,80412.23,BTC-26MAR27,call,180000.0,2027-03-26T08:00:00+00:00,0.5448318944238473,0.0015,0.006,0.00398163,0.00375,80412.23,BTC-26MAR27,0.5259,0.02994,40.26198,503.3,0.0,0.0045000000000000005,BTC,78281.46,0.0
2026-09-08T08:00:13.008530+00:00,BTC-26MAR27-84000-P,80412.66,BTC-26MAR27,put,84000.0,2027-03-26T08:00:00+00:00,0.5448318944238473,,,0.14356107,,80412.66,BTC-26MAR27,0.4011,-0.50197,236.47916,55.2,0.0,,BTC,78281.46,0.0
2026-09-08T08:00:13.008530+00:00,BTC-30OCT26-72000-P,78832.66,BTC-30OCT26,put,72000.0,2026-10-30T08:00:00+00:00,0.1423678287154283,0.0215,0.0235,0.02238033,0.0225,78832.66,BTC-30OCT26,0.38539999999999996,-0.24683,93.75283,408.6,2.1,0.0020000000000000018,BTC,78281.46,3309.71
2026-09-08T08:00:13.008530+00:00,BTC-30OCT26-50000-P,78832.66,BTC-30OCT26,put,50000.0,2026-10-30T08:00:00+00:00,0.1423678287154283,0.0011,0.0017,0.00146437,0.0014,78832.66,BTC-30OCT26,0.5996,-0.01709,12.58084,329.7,0.6,0.0005999999999999998,BTC,78280.56,57.89
2026-09-08T08:00:13.008530+00:00,BTC-25SEP26-120000-C,78512.61,BTC-25SEP26,call,120000.0,2026-09-25T08:00:00+00:00,0.046543051165804754,0.0001,0.0002,0.00014713,0.00015,78512.61,BTC-25SEP26,0.7034,0.00318,1.62912,1331.6,0.0,0.0001,BTC,78280.56,0.0
2026-09-08T08:00:13.008530+00:00,BTC-30OCT26-78000-C,78832.66,BTC-30OCT26,call,78000.0,2026-10-30T08:00:00+00:00,0.1423678287154283,0.058,0.063,0.06155717,0.0605,78832.66,BTC-30OCT26,0.3729,0.55319,117.44741,462.5,0.0,0.0049999999999999975,BTC,78280.56,0.0
2026-09-08T08:00:13.008530+00:00,BTC-25SEP26-170000-P,78512.61,BTC-25SEP26,put,170000.0,2026-09-25T08:00:00+00:00,0.046543051165804754,,,1.16386884,,78512.61,BTC-25SEP26,0.8693000000000001,-0.99997,0.01983,0.0,0.0,,BTC,78280.56,0.0
2026-09-08T08:00:13.008530+00:00,BTC-18SEP26-69000-C,78464.68,BTC-18SEP26,call,69000.0,2026-09-18T08:00:00+00:00,0.027378095655880043,,,0.12237468,,78464.68,BTC-18SEP26,0.45159999999999995,0.95891,11.41969,0.0,0.0,,BTC,78280.56,0.0
2026-09-08T08:00:13.008530+00:00,BTC-26MAR27-88000-C,80412.23,BTC-26MAR27,call,88000.0,2027-03-26T08:00:00+00:00,0.5448318944238473,0.079,0.0855,0.08185034,0.08225,80412.23,BTC-26MAR27,0.4008,0.43554,233.38846,77.2,0.2,0.006500000000000006,BTC,78279.76,1259.37
2026-09-08T08:00:13.008530+00:00,BTC-30OCT26-83000-C,78832.66,BTC-30OCT26,call,83000.0,2026-10-30T08:00:00+00:00,0.1423678287154283,0.0335,0.036,0.03556461,0.03475,78832.66,BTC-30OCT26,0.37549999999999994,0.38028,113.12386,226.3,1.0,0.0024999999999999953,BTC,78279.76,3082.52
2026-09-08T08:00:13.008530+00:00,BTC-26MAR27-74000-P,80412.23,BTC-26MAR27,put,74000.0,2027-03-26T08:00:00+00:00,0.5448318944238473,0.0755,0.0825,0.07898197,0.079,80412.23,BTC-26MAR27,0.40740000000000004,-0.33682,216.41019,197.2,0.0,0.007000000000000006,BTC,78279.76,0.0
2026-09-08T08:00:13.008530+00:00,BTC-26MAR27-170000-C,80412.23,BTC-26MAR27,call,170000.0,2027-03-26T08:00:00+00:00,0.5448318944238473,0.0048,0.0065,0.00493462,0.00565,80412.23,BTC-26MAR27,0.5131,0.03696,47.89902,650.6,1.9,0.0017000000000000001,BTC,78279.76,745.46
2026-09-08T08:00:13.008530+00:00,BTC-27NOV26-85000-C,79134.22,BTC-27NOV26,call,85000.0,2026-11-27T08:00:00+00:00,0.21902765075512712,0.0425,0.045,0.04412745,0.04375,79134.22,BTC-27NOV26,0.38909999999999995,0.37802,140.59804,528.9,0.5,0.0024999999999999953,BTC,78279.76,1905.12
2026-09-08T08:00:13.008530+00:00,BTC-26MAR27-74000-C,80412.23,BTC-26MAR27,call,74000.0,2027-03-26T08:00:00+00:00,0.5448318944238473,0.1555,0.1625,0.1592942,0.159,80412.23,BTC-26MAR27,0.40740000000000004,0.66318,216.41019,66.8,0.0,0.007000000000000006,BTC,78279.76,0.0
2026-09-08T08:00:13.008530+00:00,BTC-9SEP26-71000-P,78401.47,BTC-9SEP26,put,71000.0,2026-09-09T08:00:00+00:00,0.00273743857169113,,0.0001,2.974e-05,,78401.47,BTC-9SEP26,0.6905,-0.00329,0.40691,15.6,0.6,,BTC,78279.76,4.7
2026-09-08T08:00:13.008530+00:00,BTC-25DEC26-64000-P,79462.5,BTC-25DEC26,put,64000.0,2026-12-25T08:00:00+00:00,0.295687472794826,0.0185,0.021,0.01985871,0.01975,79462.5,BTC-25DEC26,0.4294,-0.15002,100.61835,360.1,1.0,0.0025000000000000022,BTC,78279.53,1558.93
2026-09-08T08:00:13.008530+00:00,BTC-25SEP26-81000-C,78512.69,BTC-25SEP26,call,81000.0,2026-09-25T08:00:00+00:00,0.046543051165804754,0.018,0.0195,0.01879638,0.01875,78512.69,BTC-25SEP26,0.3654,0.35306,62.85274,2666.6,154.0,0.0015000000000000013,BTC,78279.53,279042.48
2026-09-08T08:00:13.008530+00:00,BTC-26MAR27-54000-C,80412.66,BTC-26MAR27,call,54000.0,2027-03-26T08:00:00+00:00,0.5448318944238473,0.3415,0.3485,0.34573948,0.345,80412.66,BTC-26MAR27,0.4647,0.9078,97.99629,0.1,0.0,0.006999999999999951,BTC,78279.53,0.0
2026-09-08T08:00:13.008530+00:00,BTC-25JUN27-96000-P,81426.14,BTC-25JUN27,put,96000.0,2027-06-25T08:00:00+00:00,0.7939763160528684,,,0.26406816,,81426.14,BTC-25JUN27,0.4146,-0.60449,279.10937,0.0,0.0,,BTC,78279.53,0.0
2026-09-08T08:00:13.008530+00:00,BTC-27NOV26-91000-C,79134.22,BTC-27NOV26,call,91000.0,2026-11-27T08:00:00+00:00,0.21902765075512712,0.025,0.0265,0.02599218,0.02575,79134.22,BTC-27NOV26,0.396,0.25136,117.86888,77.2,19.9,0.0014999999999999979,BTC,78279.53,44119.65
2026-09-08T08:00:13.008530+00:00,BTC-9SEP26-71000-C,78401.68,BTC-9SEP26,call,71000.0,2026-09-09T08:00:00+00:00,0.00273743857169113,0.0001,,0.09501845,,78401.68,BTC-9SEP26,0.6905,0.9967,0.40774,0.0,0.0,,BTC,78278.57,0.0
2026-09-08T08:00:13.008530+00:00,BTC-18SEP26-83000-P,78464.89,BTC-18SEP26,put,83000.0,2026-09-18T08:00:00+00:00,0.027378095655880043,,,0.0640511,,78464.89,BTC-18SEP26,0.3849,-0.80973,35.21466,0.0,0.0,,BTC,78279.53,0.0
2026-09-08T08:00:13.008530+00:00,BTC-25SEP26-115000-C,78513.04,BTC-25SEP26,call,115000.0,2026-09-25T08:00:00+00:00,0.046543051165804754,0.0001,0.0002,0.00015394,0.00015,78513.04,BTC-25SEP26,0.6435,0.00361,1.82895,2159.9,0.0,0.0001,BTC,78278.57,0.0
2026-09-08T08:00:13.008530+00:00,BTC-25JUN27-84000-P,81426.14,BTC-25JUN27,put,84000.0,2027-06-25T08:00:00+00:00,0.7939763160528684,,,0.16459095,,81426.14,BTC-25JUN27,0.4138,-0.46189,287.76142,6.5,0.0,,BTC,78278.57,0.0
2026-09-08T08:00:13.008530+00:00,BTC-26MAR27-120000-P,80412.66,BTC-26MAR27,put,120000.0,2027-03-26T08:00:00+00:00,0.5448318944238473,,,0.51070867,,80412.66,BTC-26MAR27,0.4315,-0.865,128.70174,7.8,6.0,,BTC,78278.57,239019.94
2026-09-08T08:00:13.008530+00:00,BTC-18SEP26-84000-C,78464.68,BTC-18SEP26,call,84000.0,2026-09-18T08:00:00+00:00,0.027378095655880043,0.0044,0.0055,0.00518218,0.00495,78464.68,BTC-18SEP26,0.3924,0.14879,30.06799,533.2,1.8,0.0010999999999999994,BTC,78278.57,911.43
2026-09-08T08:00:13.008530+00:00,BTC-9SEP26-82500-P,78401.47,BTC-9SEP26,put,82500.0,2026-09-09T08:00:00+00:00,0.00273743857169113,0.0001,,0.05166304,,78401.47,BTC-9SEP26,0.406,-0.99322,0.77565,0.0,0.0,,BTC,78278.88,0.0
2026-09-08T08:00:13.008530+00:00,BTC-11SEP26-81000-C,78416.29,BTC-11SEP26,call,81000.0,2026-09-11T08:00:00+00:00,0.008213140145955332,0.0021,0.0027,0.00251418,0.0024,78416.29,BTC-11SEP26,0.3425,0.13937,15.7447,4574.6,4221.5,0.0006000000000000003,BTC,78278.88,2157803.39
2026-09-08T08:00:13.008530+00:00,BTC-8SEP26-84000-P,78399.18,SYN.EXPIRY,put,84000.0,2026-09-08T08:00:00+00:00,-4.1221544097143006e-07,,,0.07143978,,78399.18,SYN.EXPIRY,0.4376,0.0,0.0,0.0,0.0,,BTC,78407.73,0.0
2026-09-08T08:00:13.008530+00:00,BTC-30OCT26-78000-P,78832.66,BTC-30OCT26,put,78000.0,2026-10-30T08:00:00+00:00,0.1423678287154283,0.047,0.0525,0.05036613,0.04975,78832.66,BTC-30OCT26,0.3729,-0.44688,117.44728,565.6,150.0,0.005499999999999998,BTC,78278.88,537106.68
2026-09-08T08:00:13.008530+00:00,BTC-11SEP26-82000-P,78416.29,BTC-11SEP26,put,82000.0,2026-09-11T08:00:00+00:00,0.008213140145955332,,,0.04637869,,78416.29,BTC-11SEP26,0.3588,-0.92065,10.48332,66.1,0.0,,BTC,78278.88,0.0
2026-09-08T08:00:13.008530+00:00,BTC-18SEP26-79000-C,78464.89,BTC-18SEP26,call,79000.0,2026-09-18T08:00:00+00:00,0.027378095655880043,0.021,0.0225,0.02163876,0.02175,78464.89,BTC-18SEP26,0.3716,0.4577,51.43399,330.8,71.4,0.0014999999999999979,BTC,78278.88,150490.3
2026-09-08T08:00:13.008530+00:00,BTC-26MAR27-104000-P,80412.23,BTC-26MAR27,put,104000.0,2027-03-26T08:00:00+00:00,0.5448318944238473,,,0.33064844,,80412.23,BTC-26MAR27,0.41159999999999997,-0.75798,185.11158,0.1,0.0,,BTC,78277.94,0.0
2026-09-08T08:00:13.008530+00:00,BTC-18SEP26-77000-C,78464.89,BTC-18SEP26,call,77000.0,2026-09-18T08:00:00+00:00,0.027378095655880043,0.0315,0.0365,0.03531441,0.034,78464.89,BTC-18SEP26,0.3743,0.62132,49.31442,53.3,0.0,0.0049999999999999975,BTC,78278.88,0.0
2026-09-08T08:00:13.008530+00:00,BTC-8SEP26-80000-C,78399.18,SYN.EXPIRY,call,80000.0,2026-09-08T08:00:00+00:00,-4.1221544097143006e-07,,,0.0,,78399.18,SYN.EXPIRY,0.3389,0.0,0.0,100.7,79.1,,BTC,78407.73,13068.89
2026-09-08T08:00:13.008530+00:00,BTC-26MAR27-94000-P,80412.23,BTC-26MAR27,put,94000.0,2027-03-26T08:00:00+00:00,0.5448318944238473,,,0.22941552,,80412.23,BTC-26MAR27,0.40340000000000004,-0.64832,219.93569,9.7,0.0,,BTC,78277.94,0.0
2026-09-08T08:00:13.008530+00:00,BTC-25DEC26-100000-P,79462.5,BTC-25DEC26,put,100000.0,2026-12-25T08:00:00+00:00,0.295687472794826,0.2,,0.27687188,,79462.5,BTC-25DEC26,0.4068,-0.82542,111.05344,303.3,0.0,,BTC,78273.42,0.0
2026-09-08T08:00:13.008530+00:00,BTC-25DEC26-75000-P,79462.5,BTC-25DEC26,put,75000.0,2026-12-25T08:00:00+00:00,0.295687472794826,0.055,0.0595,0.05824579,0.05725,79462.5,BTC-25DEC26,0.3973,-0.35668,160.90414,1267.6,83.5,0.004499999999999997,BTC,78273.42,366609.49
2026-09-08T08:00:13.008530+00:00,BTC-27NOV26-76000-P,79134.22,BTC-27NOV26,put,76000.0,2026-11-27T08:00:00+00:00,0.21902765075512712,0.05,0.0555,0.05295249,0.05275,79134.22,BTC-27NOV26,0.39,-0.38081,140.91228,53.2,10.0,0.005499999999999998,BTC,78277.94,37805.53
2026-09-08T08:00:13.008530+00:00,BTC-9SEP26-77000-C,78401.47,BTC-9SEP26,call,77000.0,2026-09-09T08:00:00+00:00,0.00273743857169113,0.0001,,0.01940923,,78401.47,BTC-9SEP26,0.3009,0.85317,9.40977,0.9,1.8,,BTC,78273.42,3664.92
2026-09-08T08:00:13.008530+00:00,BTC-27NOV26-120000-P,79134.22,BTC-27NOV26,put,120000.0,2026-11-27T08:00:00+00:00,0.21902765075512712,,,0.51868794,,79134.22,BTC-27NOV26,0.4747,-0.96164,30.80511,0.0,0.0,,BTC,78273.42,0.0
2026-09-08T08:00:13.008530+00:00,BTC-25SEP26-130000-C,78512.61,BTC-25SEP26,call,130000.0,2026-09-25T08:00:00+00:00,0.046543051165804754,,0.0001,6.547e-05,,78512.61,BTC-25SEP26,0.7629,0.00139,0.77035,1453.2,1.0,,BTC,78273.42,7.94
2026-09-08T08:00:13.008530+00:00,BTC-26MAR27-76000-C,80412.23,BTC-26MAR27,call,76000.0,2027-03-26T08:00:00+00:00,0.5448318944238473,0.141,0.1485,0.14540592,0.14475,80412.23,BTC-26MAR27,0.40509999999999996,0.63022,223.74887,530.6,0.0,0.007500000000000007,BTC,78273.42,0.0
2026-09-08T08:00:13.008530+00:00,BTC-11SEP26-90000-C,78416.72,BTC-11SEP26,call,90000.0,2026-09-11T08:00:00+00:00,0.008213140145955332,,0.0001,2.404e-05,,78416.72,BTC-11SEP26,0.5154,0.00152,0.35064,1482.4,14.7,,BTC,78270.38,120.4
2026-09-08T08:00:13.008530+00:00,BTC-25JUN27-92000-C,81426.14,BTC-25JUN27,call,92000.0,2027-06-25T08:00:00+00:00,0.7939763160528684,0.0965,0.1035,0.09929931,0.1,81426.14,BTC-25JUN27,0.41340000000000005,0.43981,285.77912,15.7,0.0,0.006999999999999992,BTC,78273.42,0.0
2026-09-08T08:00:13.008530+00:00,BTC-18SEP26-68000-P,78464.89,BTC-18SEP26,put,68000.0,2026-09-18T08:00:00+00:00,0.027378095655880043,0.0007,0.001,0.0008607,0.00085,78464.89,BTC-18SEP26,0.46509999999999996,-0.03004,8.83171,105.6,12.2,0.00030000000000000003,BTC,78273.42,790.9
2026-09-08T08:00:13.008530+00:00,BTC-10SEP26-76500-P,78407.68,BTC-10SEP26,put,76500.0,2026-09-10T08:00:00+00:00,0.005475289358823231,0.0016,0.0021,0.00183302,0.00185,78407.68,BTC-10SEP26,0.3272,-0.16843,14.56888,0.0,0.0,0.0004999999999999998,BTC,78270.38,0.0
2026-09-08T08:00:13.008530+00:00,BTC-30OCT26-65000-P,78832.66,BTC-30OCT26,put,65000.0,2026-10-30T08:00:00+00:00,0.1423678287154283,0.0075,0.009,0.00817565,0.00825,78832.66,BTC-30OCT26,0.42710000000000004,-0.10282,53.18909,547.1,0.0,0.0014999999999999996,BTC,78270.38,0.0
2026-09-08T08:00:13.008530+00:00,BTC-30OCT26-59000-P,78832.66,BTC-30OCT26,put,59000.0,2026-10-30T08:00:00+00:00,0.1423678287154283,0.0034,0.0041,0.00377775,0.00375,78832.66,BTC-30OCT26,0.48479999999999995,-0.04794,29.61904,84.7,1.0,0.0007000000000000005,BTC,78270.38,297.78
2026-09-08T08:00:13.008530+00:00,BTC-25SEP26-92000-C,78512.69,BTC-25SEP26,call,92000.0,2026-09-25T08:00:00+00:00,0.046543051165804754,0.0016,0.0019,0.00186423,0.00175,78512.69,BTC-25SEP26,0.4316,0.04699,16.59849,1267.0,36.4,0.0002999999999999999,BTC,78266.3,7307.5
2026-09-08T08:00:13.008530+00:00,BTC-25SEP26-125000-C,78513.04,BTC-25SEP26,call,125000.0,2026-09-25T08:00:00+00:00,0.046543051165804754,0.0001,0.0002,0.00014447,0.00015,78513.04,BTC-25SEP26,0.7615999999999999,0.00291,1.50506,2355.5,30.0,0.0001,BTC,78266.3,235.09
2026-09-08T08:00:13.008530+00:00,BTC-25SEP26-83000-P,78513.04,BTC-25SEP26,put,83000.0,2026-09-25T08:00:00+00:00,0.046543051165804754,,,0.06865076,,78513.04,BTC-25SEP26,0.373,-0.74932,53.82482,20.3,0.0,,BTC,78266.3,0.0
2026-09-08T08:00:13.008530+00:00,BTC-30OCT26-82000-C,78832.66,BTC-30OCT26,call,82000.0,2026-10-30T08:00:00+00:00,0.1423678287154283,0.0375,0.0405,0.03980047,0.039,78832.66,BTC-30OCT26,0.37420000000000003,0.41225,115.6026,1125.0,21.0,0.0030000000000000027,BTC,78266.3,73718.62
2026-09-08T08:00:13.008530+00:00,BTC-25DEC26-120000-P,79462.5,BTC-25DEC26,put,120000.0,2026-12-25T08:00:00+00:00,0.295687472794826,,,0.5150446,,79462.5,BTC-25DEC26,0.4521,-0.94076,50.88628,35.7,0.0,,BTC,78266.3,0.0
2026-09-08T08:00:13.008530+00:00,BTC-9SEP26-78500-P,78401.47,BTC-9SEP26,put,78500.0,2026-09-09T08:00:00+00:00,0.00273743857169113,0.006,0.0095,0.00625046,0.00775,78401.47,BTC-9SEP26,0.2844,-0.57876,16.0113,44.7,42.8,0.0034999999999999996,BTC,78266.3,19208.71
2026-09-08T08:00:13.008530+00:00,BTC-30OCT26-110000-C,78832.66,BTC-30OCT26,call,110000.0,2026-10-30T08:00:00+00:00,0.1423678287154283,0.0022,0.0026,0.00241342,0.0024,78832.66,BTC-30OCT26,0.4682,0.03537,23.1494,1041.7,6.5,0.00039999999999999975,BTC,78266.3,1371.95
2026-09-08T08:00:13.008530+00:00,BTC-25JUN27-70000-P,81426.85,BTC-25JUN27,put,70000.0,2027-06-25T08:00:00+00:00,0.7939763160528684,0.076,0.0835,0.08028547,0.07975,81426.85,BTC-25JUN27,0.4255,-0.27978,243.78233,20.4,0.0,0.007500000000000007,BTC,78264.03,0.0
2026-09-08T08:00:13.008530+00:00,BTC-25DEC26-220000-P,79462.5,BTC-25DEC26,put,220000.0,2026-12-25T08:00:00+00:00,0.295687472794826,,,1.76727812,,79462.5,BTC-25DEC26,0.6662,-0.99571,5.44254,0.0,0.0,,BTC,78266.3,0.0
2026-09-08T08:00:13.008530+00:00,BTC-8SEP26-71000-P,78399.18,SYN.EXPIRY,put,71000.0,2026-09-08T08:00:00+00:00,-4.1221544097143006e-07,,,0.0,,78399.18,SYN.EXPIRY,0.6127,0.0,0.0,1.0,0.0,,BTC,78407.73,0.0
2026-09-08T08:00:13.008530+00:00,BTC-26MAR27-65000-C,80412.23,BTC-26MAR27,call,65000.0,2027-03-26T08:00:00+00:00,0.5448318944238473,0.2285,0.2365,0.23346085,0.2325,80412.23,BTC-26MAR27,0.42450000000000004,0.79668,167.56189,366.9,0.0,0.00799999999999998,BTC,78264.03,0.0
2026-09-08T08:00:13.008530+00:00,BTC-9SEP26-81000-C,78401.47,BTC-9SEP26,call,81000.0,2026-09-09T08:00:00+00:00,0.00273743857169113,0.0001,0.0003,0.00019609,0.0002,78401.47,BTC-9SEP26,0.3234,0.02185,2.13591,4132.7,4192.8,0.00019999999999999998,BTC,78264.03,574975.5
2026-09-08T08:00:13.008530+00:00,BTC-26MAR27-130000-C,80412.23,BTC-26MAR27,call,130000.0,2027-03-26T08:00:00+00:00,0.5448318944238473,0.0115,0.0145,0.01332716,0.013,80412.23,BTC-26MAR27,0.44549999999999995,0.09656,101.37983,1136.2,0.0,0.003000000000000001,BTC,78264.15,0.0
2026-09-08T08:00:13.008530+00:00,BTC-25JUN27-180000-C,81426.14,BTC-25JUN27,call,180000.0,2027-06-25T08:00:00+00:00,0.7939763160528684,0.0075,0.0115,0.00957698,0.0095,81426.14,BTC-25JUN27,0.4979,0.05811,84.16046,47.1,0.0,0.004,BTC,78264.15,0.0
2026-09-08T08:00:13.008530+00:00,BTC-25SEP26-175000-C,78512.61,BTC-25SEP26,call,175000.0,2026-09-25T08:00:00+00:00,0.046543051165804754,,0.0001,9.5e-07,,78512.61,BTC-25SEP26,0.89,2e-05,0.01595,1904.8,0.0,,BTC,78264.15,0.0
2026-09-08T08:00:13.008530+00:00,BTC-9SEP26-80500-C,78401.47,BTC-9SEP26,call,80500.0,2026-09-09T08:00:00+00:00,0.00273743857169113,0.0002,0.0006,0.00037214,0.0004,78401.47,BTC-9SEP26,0.3065,0.04003,3.52964,114.4,10.0,0.00039999999999999996,BTC,78264.15,2078.6
2026-09-08T08:00:13.008530+00:00,BTC-30OCT26-77000-P,78832.66,BTC-30OCT26,put,77000.0,2026-10-30T08:00:00+00:00,0.1423678287154283,0.041,0.0465,0.04446226,0.04375,78832.66,BTC-30OCT26,0.3739,-0.4115,115.54995,130.9,0.0,0.005499999999999998,BTC,78264.15,0.0
2026-09-08T08:00:13.008530+00:00,BTC-27NOV26-60000-P,79134.43,BTC-27NOV26,put,60000.0,2026-11-27T08:00:00+00:00,0.21902765075512712,0.008,0.0095,0.00870669,0.00875,79134.43,BTC-27NOV26,0.45990000000000003,-0.08318,56.61242,41.7,15.0,0.0014999999999999996,BTC,78264.15,10624.29
2026-09-08T08:00:13.008530+00:00,BTC-8SEP26-83500-P,78399.18,SYN.EXPIRY,put,83500.0,2026-09-08T08:00:00+00:00,-4.1221544097143006e-07,,,0.06506216,,78399.18,SYN.EXPIRY,0.4372,0.0,0.0,0.0,0.0,,BTC,78407.73,0.0
2026-09-08T08:00:13.008530+00:00,BTC-18SEP26-70000-P,78464.68,BTC-18SEP26,put,70000.0,2026-09-18T08:00:00+00:00,0.027378095655880043,0.0014,0.0019,0.00162745,0.00165,78464.68,BTC-18SEP26,0.4365,-0.0557,14.56609,89.1,4.6,0.0005,BTC,78264.15,558.5
2026-09-08T08:00:13.008530+00:00,BTC-11SEP26-76000-P,78416.29,BTC-11SEP26,put,76000.0,2026-09-11T08:00:00+00:00,0.008213140145955332,0.0021,0.0027,0.00238037,0.0024,78416.29,BTC-11SEP26,0.3411,-0.16647,17.71164,1042.4,30.3,0.0006000000000000003,BTC,78263.88,5751.23
2026-09-08T08:00:13.008530+00:00,BTC-26MAR27-84000-C,80412.23,BTC-26MAR27,call,84000.0,2027-03-26T08:00:00+00:00,0.5448318944238473,0.0965,0.103,0.09959117,0.09975,80412.23,BTC-26MAR27,0.4011,0.49774,236.42865,263.2,0.0,0.006499999999999992,BTC,78263.88,0.0
2026-09-08T08:00:13.008530+00:00,BTC-8SEP26-71000-C,78399.18,SYN.EXPIRY,call,71000.0,2026-09-08T08:00:00+00:00,-4.1221544097143006e-07,,,0.09437828,,78399.18,SYN.EXPIRY,0.6127,0.0,0.0,0.0,0.0,,BTC,78407.73,0.0
2026-09-08T08:00:13.008530+00:00,BTC-25JUN27-160000-C,81426.85,BTC-25JUN27,call,160000.0,2027-06-25T08:00:00+00:00,0.7939763160528684,0.011,0.015,0.01382446,0.013,81426.85,BTC-25JUN27,0.4755,0.08286,110.60102,553.3,0.2,0.004,BTC,78263.88,229.23
2026-09-08T08:00:13.008530+00:00,BTC-25JUN27-170000-P,81426.85,BTC-25JUN27,put,170000.0,2027-06-25T08:00:00+00:00,0.7939763160528684,,,1.09782144,,81426.85,BTC-25JUN27,0.4861,-0.93143,95.7396,14.7,0.0,,BTC,78263.67,0.0
2026-09-08T08:00:13.008530+00:00,BTC-9SEP26-77500-C,78401.68,BTC-9SEP26,call,77500.0,2026-09-09T08:00:00+00:00,0.00273743857169113,0.0001,,0.01388962,,78401.68,BTC-9SEP26,0.287,0.74362,13.18055,0.0,0.0,,BTC,78263.67,0.0
2026-09-08T08:00:13.008530+00:00,BTC-10SEP26-81500-C,78407.68,BTC-10SEP26,call,81500.0,2026-09-10T08:00:00+00:00,0.005475289358823231,0.0005,0.0009,0.00074928,0.0007,78407.68,BTC-10SEP26,0.3418,0.0558,6.51573,13.8,5.3,0.00039999999999999996,BTC,78263.67,296.21
2026-09-08T08:00:13.008530+00:00,BTC-25SEP26-86000-P,78513.04,BTC-25SEP26,put,86000.0,2026-09-25T08:00:00+00:00,0.046543051165804754,,,0.10084285,,78513.04,BTC-25SEP26,0.38670000000000004,-0.85803,38.00135,11.7,0.0,,BTC,78263.67,0.0
2026-09-08T08:00:13.008530+00:00,BTC-8SEP26-76000-P,78399.18,SYN.EXPIRY,put,76000.0,2026-09-08T08:00:00+00:00,-4.1221544097143006e-07,,,0.0,,78399.18,SYN.EXPIRY,0.4667,0.0,0.0,23.0,9.0,,BTC,78407.73,95.81
2026-09-08T08:00:13.008530+00:00,BTC-25SEP26-68000-C,78513.04,BTC-25SEP26,call,68000.0,2026-09-25T08:00:00+00:00,0.046543051165804754,0.006,,0.13680653,,78513.04,BTC-25SEP26,0.4354,0.9403,20.06609,888.3,0.0,,BTC,78265.08,0.0
2026-09-08T08:00:13.008530+00:00,BTC-11SEP26-73000-P,78416.29,BTC-11SEP26,put,73000.0,2026-09-11T08:00:00+00:00,0.008213140145955332,0.0004,0.0006,0.00050658,0.0005,78416.29,BTC-11SEP26,0.4357,-0.03688,5.72121,1135.0,173.9,0.00019999999999999993,BTC,78265.08,5853.9
2026-09-08T08:00:13.008530+00:00,BTC-27NOV26-74000-P,79134.43,BTC-27NOV26,put,74000.0,2026-11-27T08:00:00+00:00,0.21902765075512712,0.0415,0.044,0.0429756,0.04275,79134.43,BTC-27NOV26,0.3935,-0.32777,133.55054,41.0,10.0,0.0024999999999999953,BTC,78265.08,30652.63
2026-09-08T08:00:13.008530+00:00,BTC-25SEP26-280000-C,78513.04,BTC-25SEP26,call,280000.0,2026-09-25T08:00:00+00:00,0.046543051165804754,,0.0001,3.1e-07,,78513.04,BTC-25SEP26,1.2987,1e-05,0.00415,76.1,0.0,,BTC,78265.08,0.0
2026-09-08T08:00:13.008530+00:00,BTC-25DEC26-230000-C,79462.5,BTC-25DEC26,call,230000.0,2026-12-25T08:00:00+00:00,0.295687472794826,0.0002,0.0006,0.00033086,0.0004,79462.5,BTC-25DEC26,0.6729999999999999,0.00321,4.19774,190.5,0.2,0.00039999999999999996,BTC,78263.67,6.3
2026-09-08T08:00:13.008530+00:00,BTC-9SEP26-87000-C,78401.47,BTC-9SEP26,call,87000.0,2026-09-09T08:00:00+00:00,0.00273743857169113,,0.0001,2e-07,,78401.47,BTC-9SEP26,0.4953,2e-05,0.00401,0.2,0.0,,BTC,78265.08,0.0
2026-09-08T08:00:13.008530+00:00,BTC-27NOV26-95000-P,79134.43,BTC-27NOV26,put,95000.0,2026-11-27T08:00:00+00:00,0.21902765075512712,,,0.21807874,,79134.43,BTC-27NOV26,0.4031,-0.81162,99.81672,0.0,0.0,,BTC,78265.08,0.0
2026-09-08T08:00:13.008530+00:00,BTC-18SEP26-79000-P,78464.89,BTC-18SEP26,put,79000.0,2026-09-18T08:00:00+00:00,0.027378095655880043,0.0255,0.03,0.0278249,0.02775,78464.89,BTC-18SEP26,0.3716,-0.54346,51.40866,230.4,71.1,0.0045000000000000005,BTC,78265.08,126569.31
2026-09-08T08:00:13.008530+00:00,BTC-9SEP26-80000-P,78401.47,BTC-9SEP26,put,80000.0,2026-09-09T08:00:00+00:00,0.00273743857169113,0.0001,,0.02052372,,78401.47,BTC-9SEP26,0.298,-0.92006,6.08172,6.3,0.4,,BTC,78264.11,521.09
2026-09-08T08:00:13.008530+00:00,BTC-18SEP26-95000-C,78464.68,BTC-18SEP26,call,95000.0,2026-09-18T08:00:00+00:00,0.027378095655880043,0.0002,0.0004,0.00030001,0.0003,78464.68,BTC-18SEP26,0.4939,0.01032,3.55114,151.2,5.1,0.0002,BTC,78264.11,175.54
2026-09-08T08:00:13.008530+00:00,BTC-25JUN27-98000-C,81426.14,BTC-25JUN27,call,98000.0,2027-06-25T08:00:00+00:00,0.7939763160528684,0.077,0.084,0.07980527,0.0805,81426.14,BTC-25JUN27,0.4155,0.37451,274.60949,42.6,0.0,0.007000000000000006,BTC,78264.11,0.0
2026-09-08T08:00:13.008530+00:00,BTC-25DEC26-50000-P,79462.5,BTC-25DEC26,put,50000.0,2026-12-25T08:00:00+00:00,0.295687472794826,0.005,0.006,0.00520378,0.0055,79462.5,BTC-25DEC26,0.5309,-0.04079,37.77234,2143.9,2.5,0.001,BTC,78264.11,1084.3
2026-09-08T08:00:13.008530+00:00,BTC-25DEC26-54000-P,79462.93,BTC-25DEC26,put,54000.0,2026-12-25T08:00:00+00:00,0.295687472794826,0.0065,0.008,0.00735927,0.00725,79462.93,BTC-25DEC26,0.4936,-0.0587,50.51661,1856.5,0.1,0.0015000000000000005,BTC,78264.11,55.41
2026-09-08T08:00:13.008530+00:00,BTC-11SEP26-75000-C,78416.29,BTC-11SEP26,call,75000.0,2026-09-11T08:00:00+00:00,0.008213140145955332,0.0016,,0.04544944,,78416.29,BTC-11SEP26,0.3643,0.90508,11.98292,96.4,0.0,,BTC,78263.62,0.0
2026-09-08T08:00:13.008530+00:00,BTC-25DEC26-92000-P,79462.5,BTC-25DEC26,put,92000.0,2026-12-25T08:00:00+00:00,0.295687472794826,,,0.19108468,,79462.5,BTC-25DEC26,0.3946,-0.7204,145.12785,6.6,0.0,,BTC,78264.11,0.0
2026-09-08T08:00:13.008530+00:00,BTC-26MAR27-78000-P,80412.23,BTC-26MAR27,put,78000.0,2027-03-26T08:00:00+00:00,0.5448318944238473,0.0985,0.1025,0.10188647,0.1005,80412.23,BTC-26MAR27,0.4033,-0.40325,229.44484,265.3,2.0,0.00399999999999999,BTC,78263.62,15832.97
2026-09-08T08:00:13.008530+00:00,BTC-25SEP26-54000-C,78513.04,BTC-25SEP26,call,54000.0,2026-09-25T08:00:00+00:00,0.046543051165804754,,,0.31285349,,78513.04,BTC-25SEP26,0.6779999999999999,0.99559,2.18753,7.4,0.0,,BTC,78263.62,0.0
2026-09-08T08:00:13.008530+00:00,BTC-27NOV26-90000-C,79134.22,BTC-27NOV26,call,90000.0,2026-11-27T08:00:00+00:00,0.21902765075512712,0.0275,0.0295,0.02839009,0.0285,79134.22,BTC-27NOV26,0.3945,0.26949,122.15012,28.1,0.0,0.0019999999999999983,BTC,78263.62,0.0
2026-09-08T08:00:13.008530+00:00,BTC-9SEP26-72000-P,78401.47,BTC-9SEP26,put,72000.0,2026-09-09T08:00:00+00:00,0.00273743857169113,,0.0001,6.955e-05,,78401.47,BTC-9SEP26,0.6598999999999999,-0.00755,0.8522,3.7,0.9,,BTC,78263.62,14.3
2026-09-08T08:00:13.008530+00:00,BTC-25DEC26-108000-C,79462.5,BTC-25DEC26,call,108000.0,2026-12-25T08:00:00+00:00,0.295687472794826,0.0105,0.012,0.01135181,0.01125,79462.5,BTC-25DEC26,0.4227,0.10964,80.93022,151.9,0.0,0.0014999999999999996,BTC,78263.62,0.0
2026-09-08T08:00:13.008530+00:00,BTC-25DEC26-60000-P,79462.5,BTC-25DEC26,put,60000.0,2026-12-25T08:00:00+00:00,0.295687472794826,0.0115,0.014,0.01325963,0.01275,79462.5,BTC-25DEC26,0.45130000000000003,-0.10393,77.86977,6247.1,1.4,0.0025000000000000005,BTC,78263.62,1399.35
2026-09-08T08:00:13.008530+00:00,BTC-25JUN27-58000-C,81426.14,BTC-25JUN27,call,58000.0,2027-06-25T08:00:00+00:00,0.7939763160528684,0.319,0.3275,0.32497692,0.32325,81426.14,BTC-25JUN27,0.4495,0.8513,167.93449,13.8,0.0,0.008500000000000008,BTC,78261.25,0.0
2026-09-08T08:00:13.008530+00:00,BTC-25DEC26-250000-P,79462.5,BTC-25DEC26,put,250000.0,2026-12-25T08:00:00+00:00,0.295687472794826,,,2.1443499,,79462.5,BTC-25DEC26,0.6920999999999999,-0.99789,2.86713,10.0,0.0,,BTC,78261.25,0.0
2026-09-08T08:00:13.008530+00:00,BTC-11SEP26-69000-C,78416.29,BTC-11SEP26,call,69000.0,2026-09-11T08:00:00+00:00,0.008213140145955332,0.0001,,0.12080616,,78416.29,BTC-11SEP26,0.603,0.99021,1.8563,3.8,0.0,,BTC,78266.93,0.0
2026-09-08T08:00:13.008530+00:00,BTC-25SEP26-85000-C,78512.69,BTC-25SEP26,call,85000.0,2026-09-25T08:00:00+00:00,0.046543051165804754,0.007,0.008,0.00774079,0.0075,78512.69,BTC-25SEP26,0.3815,0.17218,43.14549,9198.9,230.1,0.001,BTC,78266.93,179159.62
2026-09-08T08:00:13.008530+00:00,BTC-26MAR27-190000-P,80412.23,BTC-26MAR27,put,190000.0,2027-03-26T08:00:00+00:00,0.5448318944238473,,,1.36491123,,80412.23,BTC-26MAR27,0.5446,-0.97347,36.40406,0.9,0.0,,BTC,78266.93,0.0
2026-09-08T08:00:13.008530+00:00,BTC-11SEP26-78000-P,78416.29,BTC-11SEP26,put,78000.0,2026-09-11T08:00:00+00:00,0.008213140145955332,0.0085,0.0095,0.00891303,0.009,78416.29,BTC-11SEP26,0.32299999999999995,-0.44797,28.05955,402.5,37.6,0.0009999999999999992,BTC,78266.93,20336.82
2026-09-08T08:00:13.008530+00:00,BTC-25DEC26-160000-C,79462.5,BTC-25DEC26,call,160000.0,2026-12-25T08:00:00+00:00,0.295687472794826,0.0011,0.0016,0.00130684,0.00135,79462.5,BTC-25DEC26,0.5462,0.01353,14.94848,1291.8,0.2,0.0005,BTC,78261.25,22.04
2026-09-08T08:00:13.008530+00:00,BTC-11SEP26-77000-C,78416.29,BTC-11SEP26,call,77000.0,2026-09-11T08:00:00+00:00,0.008213140145955332,0.008,,0.02343611,,78416.29,BTC-11SEP26,0.3297,0.71319,24.15823,125.1,4.5,,BTC,78266.93,11324.6
2026-09-08T08:00:13.008530+00:00,BTC-27NOV26-82000-C,79134.22,BTC-27NOV26,call,82000.0,2026-11-27T08:00:00+00:00,0.21902765075512712,0.055,0.058,0.05717393,0.0565,79134.22,BTC-27NOV26,0.38770000000000004,0.45388,146.52708,60.8,7.8,0.0030000000000000027,BTC,78266.93,39737.9
2026-09-08T08:00:13.008530+00:00,BTC-25DEC26-88000-P,79462.5,BTC-25DEC26,put,88000.0,2026-12-25T08:00:00+00:00,0.295687472794826,0.139,0.1655,0.15265694,0.15225,79462.5,BTC-25DEC26,0.39189999999999997,-0.64831,160.08439,7.5,0.0,0.026499999999999996,BTC,78266.93,0.0
2026-09-08T08:00:13.008530+00:00,BTC-9SEP26-85000-C,78401.47,BTC-9SEP26,call,85000.0,2026-09-09T08:00:00+00:00,0.00273743857169113,,0.0001,2.18e-06,,78401.47,BTC-9SEP26,0.4512,0.00024,0.03692,13.6,4.0,,BTC,78268.09,50.0
2026-09-08T08:00:13.008530+00:00,BTC-25SEP26-96000-P,78513.04,BTC-25SEP26,put,96000.0,2026-09-25T08:00:00+00:00,0.046543051165804754,,,0.22294009,,78513.04,BTC-25SEP26,0.4683,-0.97484,9.93705,1.0,0.0,,BTC,78268.09,0.0
2026-09-08T08:00:13.008530+00:00,BTC-25DEC26-96000-P,79462.93,BTC-25DEC26,put,96000.0,2026-12-25T08:00:00+00:00,0.295687472794826,,,0.2327553,,79462.93,BTC-25DEC26,0.3997,-0.77924,127.98922,23.9,0.0,,BTC,78266.93,0.0
2026-09-08T08:00:13.008530+00:00,BTC-25DEC26-90000-C,79462.5,BTC-25DEC26,call,90000.0,2026-12-25T08:00:00+00:00,0.295687472794826,0.038,0.041,0.03951722,0.0395,79462.5,BTC-25DEC26,0.39289999999999997,0.31408,153.07515,3788.0,112.9,0.0030000000000000027,BTC,78268.09,386319.65
2026-09-08T08:00:13.008530+00:00,BTC-26MAR27-66000-C,80412.23,BTC-26MAR27,call,66000.0,2027-03-26T08:00:00+00:00,0.5448318944238473,0.2195,0.2275,0.22431029,0.2235,80412.23,BTC-26MAR27,0.4219,0.78349,173.88163,23.8,0.0,0.008000000000000007,BTC,78268.9,0.0
2026-09-08T08:00:13.008530+00:00,BTC-25JUN27-62000-P,81426.85,BTC-25JUN27,put,62000.0,2027-06-25T08:00:00+00:00,0.7939763160528684,0.0445,0.051,0.0485798,0.04775,81426.85,BTC-25JUN27,0.4397,-0.18761,195.08038,115.3,0.0,0.006499999999999999,BTC,78268.9,0.0
2026-09-08T08:00:13.008530+00:00,BTC-27NOV26-89000-C,79134.22,BTC-27NOV26,call,89000.0,2026-11-27T08:00:00+00:00,0.21902765075512712,0.0295,0.0315,0.03099863,0.0305,79134.22,BTC-27NOV26,0.39299999999999996,0.28896,126.36842,180.0,0.0,0.0020000000000000018,BTC,78268.9,0.0
2026-09-08T08:00:13.008530+00:00,BTC-26MAR27-200000-P,80412.23,BTC-26MAR27,put,200000.0,2027-03-26T08:00:00+00:00,0.5448318944238473,,,1.48851353,,80412.23,BTC-26MAR27,0.5538000000000001,-0.97875,30.20836,1.0,0.0,,BTC,78268.9,0.0
2026-09-08T08:00:13.008530+00:00,BTC-26MAR27-45000-C,80412.23,BTC-26MAR27,call,45000.0,2027-03-26T08:00:00+00:00,0.5448318944238473,0.444,0.4515,0.44860848,0.44775,80412.23,BTC-26MAR27,0.5175,0.95615,55.01581,3.3,0.0,0.007500000000000007,BTC,78268.9,0.0
2026-09-08T08:00:13.008530+00:00,BTC-25SEP26-30000-P,78513.04,BTC-25SEP26,put,30000.0,2026-09-25T08:00:00+00:00,0.046543051165804754,,0.0001,6.32e-06,,78513.04,BTC-25SEP26,1.238,-0.0001,0.06474,2959.5,0.0,,BTC,78268.9,0.0
2026-09-08T08:00:13.008530+00:00,BTC-11SEP26-70000-P,78416.72,BTC-11SEP26,put,70000.0,2026-09-11T08:00:00+00:00,0.008213140145955332,0.0001,0.0003,0.00016603,0.0002,78416.72,BTC-11SEP26,0.5452,-0.01113,2.07619,797.7,25.9,0.00019999999999999998,BTC,78268.9,515.33
2026-09-08T08:00:13.008530+00:00,BTC-30OCT26-95000-C,78832.66,BTC-30OCT26,call,95000.0,2026-10-30T08:00:00+00:00,0.1423678287154283,0.0085,0.0095,0.00916492,0.009,78832.66,BTC-30OCT26,0.406,0.12457,60.99151,2093.6,0.7,0.0009999999999999992,BTC,78268.9,528.16
2026-09-08T08:00:13.008530+00:00,BTC-26MAR27-160000-C,80412.23,BTC-26MAR27,call,160000.0,2027-03-26T08:00:00+00:00,0.5448318944238473,0.0037,0.0075,0.00602801,0.0056,80412.23,BTC-26MAR27,0.4966,0.04464,55.8189,1034.2,0.2,0.0037999999999999996,BTC,78268.9,95.15
2026-09-08T08:00:13.008530+00:00,BTC-25SEP26-260000-C,78512.61,BTC-25SEP26,call,260000.0,2026-09-25T08:00:00+00:00,0.046543051165804754,,0.0001,3.2e-07,,78512.61,BTC-25SEP26,1.2309,1e-05,0.00457,293.3,0.0,,BTC,78268.9,0.0
2026-09-08T08:00:13.008530+00:00,BTC-30OCT26-50000-C,78832.66,BTC-30OCT26,call,50000.0,2026-10-30T08:00:00+00:00,0.1423678287154283,,,0.36761247,,78832.66,BTC-30OCT26,0.5996,0.98289,12.59268,0.1,0.0,,BTC,78268.9,0.0
2026-09-08T08:00:13.008530+00:00,BTC-25DEC26-66000-P,79462.5,BTC-25DEC26,put,66000.0,2026-12-25T08:00:00+00:00,0.295687472794826,0.0225,0.0255,0.02438302,0.024,79462.5,BTC-25DEC26,0.42090000000000005,-0.17938,112.96915,423.2,0.0,0.002999999999999999,BTC,78268.9,0.0
2026-09-08T08:00:13.008530+00:00,BTC-25SEP26-82000-C,78512.69,BTC-25SEP26,call,82000.0,2026-09-25T08:00:00+00:00,0.046543051165804754,0.014,0.0155,0.01519622,0.01475,78512.69,BTC-25SEP26,0.36950000000000005,0.29878,58.69826,7118.5,187.5,0.0014999999999999996,BTC,78271.1,280097.04
2026-09-08T08:00:13.008530+00:00,BTC-30OCT26-96000-C,78832.66,BTC-30OCT26,call,96000.0,2026-10-30T08:00:00+00:00,0.1423678287154283,0.0075,0.0085,0.00829688,0.008,78832.66,BTC-30OCT26,0.4102,0.11355,57.1328,214.3,22.1,0.0010000000000000009,BTC,78271.1,15892.68
2026-09-08T08:00:13.008530+00:00,BTC-26MAR27-92000-P,80412.23,BTC-26MAR27,put,92000.0,2027-03-26T08:00:00+00:00,0.5448318944238473,,,0.21075136,,80412.23,BTC-26MAR27,0.4022,-0.62193,225.32463,1.4,0.0,,BTC,78271.1,0.0
2026-09-08T08:00:13.008530+00:00,BTC-25DEC26-190000-P,79462.5,BTC-25DEC26,put,190000.0,2026-12-25T08:00:00+00:00,0.295687472794826,,,1.39030888,,79462.5,BTC-25DEC26,0.6175,-0.99234,9.09841,0.0,0.0,,BTC,78268.9,0.0
2026-09-08T08:00:13.008530+00:00,BTC-18SEP26-80000-P,78464.68,BTC-18SEP26,put,80000.0,2026-09-18T08:00:00+00:00,0.027378095655880043,0.033,0.0365,0.03543366,0.03475,78464.68,BTC-18SEP26,0.3726,-0.62242,49.26393,115.6,6.1,0.003499999999999996,BTC,78271.1,17873.68
2026-09-08T08:00:13.008530+00:00,BTC-27NOV26-64000-P,79134.22,BTC-27NOV26,put,64000.0,2026-11-27T08:00:00+00:00,0.21902765075512712,0.013,0.0145,0.0137556,0.01375,79134.22,BTC-27NOV26,0.43320000000000003,-0.12726,77.08426,24.8,1.5,0.0015000000000000013,BTC,78271.1,1702.72
2026-09-08T08:00:13.008530+00:00,BTC-25DEC26-35000-C,79462.5,BTC-25DEC26,call,35000.0,2026-12-25T08:00:00+00:00,0.295687472794826,0.557,0.563,0.56139527,0.56,79462.5,BTC-25DEC26,0.7132999999999999,0.98933,12.16824,87.8,0.0,0.005999999999999894,BTC,78271.1,0.0
2026-09-08T08:00:13.008530+00:00,BTC-25DEC26-160000-P,79462.5,BTC-25DEC26,put,160000.0,2026-12-25T08:00:00+00:00,0.295687472794826,,,1.01355262,,79462.5,BTC-25DEC26,0.5462,-0.98645,14.96962,0.1,0.0,,BTC,78271.1,0.0
2026-09-08T08:00:13.008530+00:00,BTC-27NOV26-89000-P,79134.22,BTC-27NOV26,put,89000.0,2026-11-27T08:00:00+00:00,0.21902765075512712,,,0.154951,,79134.22,BTC-27NOV26,0.39299999999999996,-0.71095,126.394,0.0,0.0,,BTC,78277.01,0.0
2026-09-08T08:00:13.008530+00:00,BTC-25DEC26-120000-C,79462.5,BTC-25DEC26,call,120000.0,2026-12-25T08:00:00+00:00,0.295687472794826,0.005,0.006,0.00586027,0.0055,79462.5,BTC-25DEC26,0.4521,0.05927,50.90798,5827.2,0.1,0.001,BTC,78277.01,51.57
2026-09-08T08:00:13.008530+00:00,BTC-9SEP26-88000-C,78401.47,BTC-9SEP26,call,88000.0,2026-09-09T08:00:00+00:00,0.00273743857169113,,0.0001,1.5e-07,,78401.47,BTC-9SEP26,0.5371,2e-05,0.00283,2.3,0.0,,BTC,78277.01,0.0
2026-09-08T08:00:13.008530+00:00,BTC-26MAR27-72000-P,80412.66,BTC-26MAR27,put,72000.0,2027-03-26T08:00:00+00:00,0.5448318944238473,0.0685,0.072,0.06916937,0.07025,80412.66,BTC-26MAR27,0.41090000000000004,-0.30492,207.60309,159.3,0.0,0.0034999999999999892,BTC,78279.6,0.0
2026-09-08T08:00:13.008530+00:00,BTC-10SEP26-84000-C,78407.68,BTC-10SEP26,call,84000.0,2026-09-10T08:00:00+00:00,0.005475289358823231,0.0001,0.0002,0.00018802,0.00015,78407.68,BTC-10SEP26,0.4299,0.01382,2.04321,231.2,235.6,0.0001,BTC,78279.6,5478.9
2026-09-08T08:00:13.008530+00:00,BTC-11SEP26-77500-C,78416.29,BTC-11SEP26,call,77500.0,2026-09-11T08:00:00+00:00,0.008213140145955332,0.0115,,0.01881972,,78416.29,BTC-11SEP26,0.32380000000000003,0.63978,26.54866,0.0,0.0,,BTC,78279.6,0.0
2026-09-08T08:00:13.008530+00:00,BTC-25DEC26-150000-C,79462.5,BTC-25DEC26,call,150000.0,2026-12-25T08:00:00+00:00,0.295687472794826,0.0016,0.0022,0.0018165,0.0019,79462.5,BTC-25DEC26,0.5263,0.01873,19.76405,1694.6,18.1,0.0006000000000000001,BTC,78277.01,2667.32
2026-09-08T08:00:13.008530+00:00,BTC-18SEP26-83000-C,78464.89,BTC-18SEP26,call,83000.0,2026-09-18T08:00:00+00:00,0.027378095655880043,0.006,0.007,0.00691884,0.0065,78464.89,BTC-18SEP26,0.3849,0.19029,35.21627,556.9,48.8,0.001,BTC,78279.6,30851.28
2026-09-08T08:00:13.008530+00:00,BTC-30OCT26-58000-P,78832.66,BTC-30OCT26,put,58000.0,2026-10-30T08:00:00+00:00,0.1423678287154283,0.003,0.0038,0.00335964,0.0034,78832.66,BTC-30OCT26,0.496,-0.0424,26.83618,329.8,0.0,0.0007999999999999999,BTC,78279.6,0.0
2026-09-08T08:00:13.008530+00:00,BTC-25JUN27-190000-C,81426.14,BTC-25JUN27,call,190000.0,2027-06-25T08:00:00+00:00,0.7939763160528684,0.0038,0.0085,0.00821456,0.00615,81426.14,BTC-25JUN27,0.5092,0.0497,74.37268,49.0,0.1,0.004700000000000001,BTC,78283.5,59.32
2026-09-08T08:00:13.008530+00:00,BTC-26MAR27-58000-P,80412.23,BTC-26MAR27,put,58000.0,2027-03-26T08:00:00+00:00,0.5448318944238473,0.02,0.0255,0.02341189,0.02275,80412.23,BTC-26MAR27,0.44630000000000003,-0.12488,121.94829,138.1,1.0,0.005499999999999998,BTC,78283.5,1828.65
2026-09-08T08:00:13.008530+00:00,BTC-27NOV26-96000-C,79134.43,BTC-27NOV26,call,96000.0,2026-11-27T08:00:00+00:00,0.21902765075512712,0.016,0.0175,0.01686984,0.01675,79134.43,BTC-27NOV26,0.4053,0.17564,95.56303,34.0,2.3,0.0015000000000000013,BTC,78283.5,3348.59
2026-09-08T08:00:13.008530+00:00,BTC-25JUN27-100000-C,81426.14,BTC-25JUN27,call,100000.0,2027-06-25T08:00:00+00:00,0.7939763160528684,0.0715,0.0785,0.07425654,0.075,81426.14,BTC-25JUN27,0.4164,0.35485,269.7312,204.0,0.2,0.007000000000000006,BTC,78283.5,1229.42
2026-09-08T08:00:13.008530+00:00,BTC-27NOV26-72000-P,79134.43,BTC-27NOV26,put,72000.0,2026-11-27T08:00:00+00:00,0.21902765075512712,0.0335,0.0355,0.03451893,0.0345,79134.43,BTC-27NOV26,0.3982,-0.27711,123.87915,28.7,0.1,0.001999999999999995,BTC,78283.5,267.03
2026-09-08T08:00:13.008530+00:00,BTC-25SEP26-88000-C,78512.69,BTC-25SEP26,call,88000.0,2026-09-25T08:00:00+00:00,0.046543051165804754,0.0036,0.0042,0.00402321,0.0039,78512.69,BTC-25SEP26,0.3997,0.09737,29.1183,1523.1,1.5,0.0005999999999999998,BTC,78292.11,543.42
2026-09-08T08:00:13.008530+00:00,BTC-25DEC26-66000-C,79462.5,BTC-25DEC26,call,66000.0,2026-12-25T08:00:00+00:00,0.295687472794826,,,0.19433164,,79462.5,BTC-25DEC26,0.42090000000000005,0.82084,112.90136,279.7,0.0,,BTC,78283.5,0.0
2026-09-08T08:00:13.008530+00:00,BTC-25DEC26-102000-C,79462.5,BTC-25DEC26,call,102000.0,2026-12-25T08:00:00+00:00,0.295687472794826,0.016,0.0175,0.01674829,0.01675,79462.5,BTC-25DEC26,0.4104,0.15523,102.92997,383.9,0.0,0.0015000000000000013,BTC,78283.5,0.0
2026-09-08T08:00:13.008530+00:00,BTC-26MAR27-104000-C,80412.23,BTC-26MAR27,call,104000.0,2027-03-26T08:00:00+00:00,0.5448318944238473,0.036,0.0415,0.03811428,0.03875,80412.23,BTC-26MAR27,0.41159999999999997,0.24219,185.21699,115.2,5.0,0.005500000000000005,BTC,78292.11,15799.16
2026-09-08T08:00:13.008530+00:00,BTC-27NOV26-66000-P,79134.22,BTC-27NOV26,put,66000.0,2026-11-27T08:00:00+00:00,0.21902765075512712,0.0165,0.018,0.01730004,0.01725,79134.22,BTC-27NOV26,0.4216,-0.15612,88.55429,185.8,0.0,0.0014999999999999979,BTC,78292.11,0.0
2026-09-08T08:00:13.008530+00:00,BTC-30OCT26-84000-C,78832.66,BTC-30OCT26,call,84000.0,2026-10-30T08:00:00+00:00,0.1423678287154283,0.03,0.033,0.03170659,0.0315,78832.66,BTC-30OCT26,0.3768,0.34965,110.00146,1103.0,1.3,0.0030000000000000027,BTC,78292.11,3384.0
2026-09-08T08:00:13.008530+00:00,BTC-25DEC26-170000-C,79462.93,BTC-25DEC26,call,170000.0,2026-12-25T08:00:00+00:00,0.295687472794826,0.0009,0.0013,0.00103347,0.0011,79462.93,BTC-25DEC26,0.5690999999999999,0.01066,12.15728,2393.8,0.0,0.00039999999999999996,BTC,78292.11,0.0
2026-09-08T08:00:13.008530+00:00,BTC-25SEP26-65000-C,78512.61,BTC-25SEP26,call,65000.0,2026-09-25T08:00:00+00:00,0.046543051165804754,0.1625,0.2335,0.173995,0.198,78512.61,BTC-25SEP26,0.48719999999999997,0.96683,12.50814,1275.6,0.3,0.07100000000000001,BTC,78295.43,4134.37
2026-09-08T08:00:13.008530+00:00,BTC-30OCT26-85000-P,78832.66,BTC-30OCT26,put,85000.0,2026-10-30T08:00:00+00:00,0.1423678287154283,0.094,0.1125,0.10578855,0.10325,78832.66,BTC-30OCT26,0.37829999999999997,-0.67961,106.30045,105.5,0.0,0.018500000000000003,BTC,78295.43,0.0
2026-09-08T08:00:13.008530+00:00,BTC-26MAR27-130000-P,80412.23,BTC-26MAR27,put,130000.0,2027-03-26T08:00:00+00:00,0.5448318944238473,,,0.62899486,,80412.23,BTC-26MAR27,0.44549999999999995,-0.90321,101.59333,0.4,0.0,,BTC,78295.43,0.0
2026-09-08T08:00:13.008530+00:00,BTC-27NOV26-58000-P,79134.43,BTC-27NOV26,put,58000.0,2026-11-27T08:00:00+00:00,0.21902765075512712,0.0065,0.0075,0.00690398,0.007,79134.43,BTC-27NOV26,0.4743,-0.06627,47.61583,14.2,0.1,0.001,BTC,78295.43,55.1
2026-09-08T08:00:13.008530+00:00,BTC-26MAR27-80000-P,80412.23,BTC-26MAR27,put,80000.0,2027-03-26T08:00:00+00:00,0.5448318944238473,0.1115,0.119,0.11477846,0.11525,80412.23,BTC-26MAR27,0.4019,-0.43607,233.49284,214.5,0.0,0.007499999999999993,BTC,78298.67,0.0
2026-09-08T08:00:13.008530+00:00,BTC-8SEP26-88000-C,78399.18,SYN.EXPIRY,call,88000.0,2026-09-08T08:00:00+00:00,-4.1221544097143006e-07,,,0.0,,78399.18,SYN.EXPIRY,0.5368999999999999,0.0,0.0,18.3,0.0,,BTC,78407.73,0.0
2026-09-08T08:00:13.008530+00:00,BTC-27NOV26-86000-P,79134.22,BTC-27NOV26,put,86000.0,2026-11-27T08:00:00+00:00,0.21902765075512712,0.115,0.136,0.12648587,0.1255,79134.22,BTC-27NOV26,0.3899,-0.64527,137.68473,30.2,0.0,0.021000000000000005,BTC,78298.67,0.0
2026-09-08T08:00:13.008530+00:00,BTC-8SEP26-85000-P,78399.18,SYN.EXPIRY,put,85000.0,2026-09-08T08:00:00+00:00,-4.1221544097143006e-07,,,0.08419501,,78399.18,SYN.EXPIRY,0.44939999999999997,0.0,0.0,0.0,0.0,,BTC,78407.73,0.0
2026-09-08T08:00:13.008530+00:00,BTC-30OCT26-52000-C,78832.66,BTC-30OCT26,call,52000.0,2026-10-30T08:00:00+00:00,0.1423678287154283,,,0.34255641,,78832.66,BTC-30OCT26,0.5709000000000001,0.97888,15.06697,0.1,0.0,,BTC,78298.67,0.0
2026-09-08T08:00:13.008530+00:00,BTC-25SEP26-300000-C,78513.04,BTC-25SEP26,call,300000.0,2026-09-25T08:00:00+00:00,0.046543051165804754,,0.0001,3e-07,,78513.04,BTC-25SEP26,1.3629,1e-05,0.00394,196.3,0.0,,BTC,78298.67,0.0
2026-09-08T08:00:13.008530+00:00,BTC-10SEP26-81500-P,78407.68,BTC-10SEP26,put,81500.0,2026-09-10T08:00:00+00:00,0.005475289358823231,,,0.03952453,,78407.68,BTC-10SEP26,0.3418,-0.942,6.71943,0.0,0.0,,BTC,78298.67,0.0
2026-09-08T08:00:13.008530+00:00,BTC-11SEP26-68000-C,78416.72,BTC-11SEP26,call,68000.0,2026-09-11T08:00:00+00:00,0.008213140145955332,0.0001,,0.13353159,,78416.72,BTC-11SEP26,0.6531999999999999,0.99208,1.54199,3.1,0.0,,BTC,78298.67,0.0
2026-09-08T08:00:13.008530+00:00,BTC-26MAR27-40000-C,80412.23,BTC-26MAR27,call,40000.0,2027-03-26T08:00:00+00:00,0.5448318944238473,0.5035,0.5105,0.5079589,0.507,80412.23,BTC-26MAR27,0.5540999999999999,0.97188,38.23461,82.1,0.0,0.007000000000000006,BTC,78298.91,0.0
2026-09-08T08:00:13.008530+00:00,BTC-11SEP26-71000-P,78416.72,BTC-11SEP26,put,71000.0,2026-09-11T08:00:00+00:00,0.008213140145955332,0.0001,0.0003,0.00016794,0.0002,78416.72,BTC-11SEP26,0.4861,-0.01234,2.27087,384.2,15.6,0.00019999999999999998,BTC,78298.67,369.04
2026-09-08T08:00:13.008530+00:00,BTC-25SEP26-135000-C,78512.61,BTC-25SEP26,call,135000.0,2026-09-25T08:00:00+00:00,0.046543051165804754,,0.0001,2.866e-05,,78512.61,BTC-25SEP26,0.7629,0.00065,0.3806,474.7,33.0,,BTC,78298.91,262.17
2026-09-08T08:00:13.008530+00:00,BTC-25JUN27-64000-C,81426.85,BTC-25JUN27,call,64000.0,2027-06-25T08:00:00+00:00,0.7939763160528684,0.264,0.2725,0.26993161,0.26825,81426.85,BTC-25JUN27,0.43560000000000004,0.79122,208.1721,33.5,0.0,0.008500000000000008,BTC,78298.91,0.0
2026-09-08T08:00:13.008530+00:00,BTC-25SEP26-72000-P,78512.69,BTC-25SEP26,put,72000.0,2026-09-25T08:00:00+00:00,0.046543051165804754,0.0055,0.007,0.00630795,0.00625,78512.69,BTC-25SEP26,0.3911,-0.14621,38.78066,2175.3,0.5,0.0015000000000000005,BTC,78298.99,213.75
2026-09-08T08:00:13.008530+00:00,BTC-26MAR27-85000-P,80412.23,BTC-26MAR27,put,85000.0,2027-03-26T08:00:00+00:00,0.5448318944238473,0.12,,0.15132721,,80412.23,BTC-26MAR27,0.4012,-0.51755,236.30911,3.9,0.0,,BTC,78298.99,0.0
2026-09-08T08:00:13.008530+00:00,BTC-25JUN27-180000-P,81426.85,BTC-25JUN27,put,180000.0,2027-06-25T08:00:00+00:00,0.7939763160528684,,,1.21882384,,81426.85,BTC-25JUN27,0.4979,-0.94181,84.28932,0.0,0.0,,BTC,78298.99,0.0
2026-09-08T08:00:13.008530+00:00,BTC-25SEP26-62000-P,78512.61,BTC-25SEP26,put,62000.0,2026-09-25T08:00:00+00:00,0.046543051165804754,0.0008,0.001,0.00082766,0.0009,78512.61,BTC-25SEP26,0.5422,-0.01959,8.05108,1427.3,1.5,0.00019999999999999998,BTC,78298.99,93.96
2026-09-08T08:00:13.008530+00:00,BTC-11SEP26-65000-P,78416.72,BTC-11SEP26,put,65000.0,2026-09-11T08:00:00+00:00,0.008213140145955332,,0.0001,4.529e-05,,78416.72,BTC-11SEP26,0.7398,-0.00247,0.5443,46.8,0.5,,BTC,78298.99,3.96
2026-09-08T08:00:13.008530+00:00,BTC-26MAR27-55000-C,80412.23,BTC-26MAR27,call,55000.0,2027-03-26T08:00:00+00:00,0.5448318944238473,,,0.3347942,,80412.23,BTC-26MAR27,0.46,0.90041,103.73335,28.6,0.0,,BTC,78293.71,0.0
2026-09-08T08:00:13.008530+00:00,BTC-25JUN27-65000-P,81426.14,BTC-25JUN27,put,65000.0,2027-06-25T08:00:00+00:00,0.7939763160528684,0.055,0.0615,0.05910255,0.05825,81426.14,BTC-25JUN27,0.4336,-0.21988,214.54542,24.7,0.0,0.006499999999999999,BTC,78293.71,0.0
2026-09-08T08:00:13.008530+00:00,BTC-30OCT26-75000-P,78832.66,BTC-30OCT26,put,75000.0,2026-10-30T08:00:00+00:00,0.1423678287154283,0.033,0.0355,0.03411364,0.03425,78832.66,BTC-30OCT26,0.37670000000000003,-0.3405,108.92054,657.1,0.5,0.0024999999999999953,BTC,78293.71,1226.38
2026-09-08T08:00:13.008530+00:00,BTC-26MAR27-62000-C,80412.23,BTC-26MAR27,call,62000.0,2027-03-26T08:00:00+00:00,0.5448318944238473,,,0.26202635,,80412.23,BTC-26MAR27,0.4329,0.83364,147.95432,59.7,0.0,,BTC,78293.71,0.0
2026-09-08T08:00:13.008530+00:00,BTC-10SEP26-79000-P,78407.68,BTC-10SEP26,put,79000.0,2026-09-10T08:00:00+00:00,0.005475289358823231,0.0115,0.0165,0.01318321,0.014,78407.68,BTC-10SEP26,0.3146,-0.64645,21.53349,1.7,1.7,0.005000000000000001,BTC,78293.71,1419.16
2026-09-08T08:00:13.008530+00:00,BTC-25JUN27-150000-P,81426.14,BTC-25JUN27,put,150000.0,2027-06-25T08:00:00+00:00,0.7939763160528684,,,0.85836738,,81426.14,BTC-25JUN27,0.4653,-0.89792,129.1219,1.1,1.0,,BTC,78293.71,67273.6
2026-09-08T08:00:13.008530+00:00,BTC-25SEP26-120000-P,78512.61,BTC-25SEP26,put,120000.0,2026-09-25T08:00:00+00:00,0.046543051165804754,,,0.52758312,,78512.61,BTC-25SEP26,0.7034,-0.99682,1.63272,174.5,0.0,,BTC,78285.24,0.0
2026-09-08T08:00:13.008530+00:00,BTC-11SEP26-79500-P,78416.29,BTC-11SEP26,put,79500.0,2026-09-11T08:00:00+00:00,0.008213140145955332,0.0175,0.0235,0.01968549,0.0205,78416.29,BTC-11SEP26,0.3287,-0.6897,25.04563,8.0,19.9,0.005999999999999998,BTC,78293.71,27981.41
2026-09-08T08:00:13.008530+00:00,BTC-25SEP26-87000-P,78513.04,BTC-25SEP26,put,87000.0,2026-09-25T08:00:00+00:00,0.046543051165804754,,,0.11250149,,78513.04,BTC-25SEP26,0.396,-0.8804,33.76054,0.0,0.0,,BTC,78285.24,0.0
2026-09-08T08:00:13.008530+00:00,BTC-30OCT26-92000-C,78832.66,BTC-30OCT26,call,92000.0,2026-10-30T08:00:00+00:00,0.1423678287154283,0.0115,0.013,0.01268975,0.01225,78832.66,BTC-30OCT26,0.39590000000000003,0.16625,74.10057,1076.1,5.8,0.0014999999999999996,BTC,78285.24,6478.08
2026-09-08T08:00:13.008530+00:00,BTC-25JUN27-52000-C,81426.85,BTC-25JUN27,call,52000.0,2027-06-25T08:00:00+00:00,0.7939763160528684,0.38,0.388,0.38558472,0.384,81426.85,BTC-25JUN27,0.4693,0.89927,127.85677,1.1,0.0,0.008000000000000007,BTC,78285.24,0.0
2026-09-08T08:00:13.008530+00:00,BTC-25JUN27-125000-P,81426.85,BTC-25JUN27,put,125000.0,2027-06-25T08:00:00+00:00,0.7939763160528684,,,0.56708652,,81426.85,BTC-25JUN27,0.4375,-0.81821,191.3394,0.0,0.0,,BTC,78285.24,0.0
2026-09-08T08:00:13.008530+00:00,BTC-8SEP26-84000-C,78399.18,SYN.EXPIRY,call,84000.0,2026-09-08T08:00:00+00:00,-4.1221544097143006e-07,,,0.0,,78399.18,SYN.EXPIRY,0.4376,0.0,0.0,2.2,0.0,,BTC,78407.73,0.0
2026-09-08T08:00:13.008530+00:00,BTC-18SEP26-74000-C,78464.89,BTC-18SEP26,call,74000.0,2026-09-18T08:00:00+00:00,0.027378095655880043,,,0.06349281,,78464.89,BTC-18SEP26,0.38770000000000004,0.82139,33.85801,23.2,0.0,,BTC,78285.24,0.0
2026-09-08T08:00:13.008530+00:00,BTC-10SEP26-72000-P,78407.47,BTC-10SEP26,put,72000.0,2026-09-10T08:00:00+00:00,0.005475289358823231,0.0001,0.0002,0.00013923,0.00015,78407.47,BTC-10SEP26,0.5085000000000001,-0.01273,1.90347,21.2,14.3,0.0001,BTC,78283.12,222.13
2026-09-08T08:00:13.008530+00:00,BTC-25SEP26-50000-C,78512.61,BTC-25SEP26,call,50000.0,2026-09-25T08:00:00+00:00,0.046543051165804754,,,0.36371742,,78512.61,BTC-25SEP26,0.7798999999999999,0.99707,1.51314,30.1,0.0,,BTC,78283.12,0.0
2026-09-08T08:00:13.008530+00:00,BTC-25SEP26-96000-C,78512.69,BTC-25SEP26,call,96000.0,2026-09-25T08:00:00+00:00,0.046543051165804754,0.0008,0.0011,0.0009913,0.00095,78512.69,BTC-25SEP26,0.4683,0.0253,9.98678,1825.0,0.0,0.00030000000000000003,BTC,78283.12,0.0
2026-09-08T08:00:13.008530+00:00,BTC-26MAR27-112000-C,80412.23,BTC-26MAR27,call,112000.0,2027-03-26T08:00:00+00:00,0.5448318944238473,0.0245,0.0295,0.02676103,0.027,80412.23,BTC-26MAR27,0.4208,0.17969,155.37657,67.3,0.0,0.0049999999999999975,BTC,78280.83,0.0
2026-09-08T08:00:13.008530+00:00,BTC-30OCT26-84000-P,78832.45,BTC-30OCT26,put,84000.0,2026-10-30T08:00:00+00:00,0.1423678287154283,0.087,0.1065,0.09657778,0.09675,78832.45,BTC-30OCT26,0.3768,-0.65064,109.95527,9.6,0.1,0.019500000000000003,BTC,78280.83,691.53
2026-09-08T08:00:13.008530+00:00,BTC-26MAR27-82000-C,80412.23,BTC-26MAR27,call,82000.0,2027-03-26T08:00:00+00:00,0.5448318944238473,0.106,0.1095,0.10948209,0.10775,80412.23,BTC-26MAR27,0.40090000000000003,0.53042,235.79529,1172.7,6.0,0.003500000000000003,BTC,78280.83,53503.34
2026-09-08T08:00:13.008530+00:00,BTC-30OCT26-67000-C,78832.66,BTC-30OCT26,call,67000.0,2026-10-30T08:00:00+00:00,0.1423678287154283,,,0.16149053,,78832.66,BTC-30OCT26,0.41229999999999994,0.86711,63.8002,108.4,0.0,,BTC,78280.83,0.0
2026-09-08T08:00:13.008530+00:00,BTC-30OCT26-89000-P,78832.66,BTC-30OCT26,put,89000.0,2026-10-30T08:00:00+00:00,0.1423678287154283,0.07,,0.14605881,,78832.66,BTC-30OCT26,0.3872,-0.77879,88.23058,5.0,0.0,,BTC,78280.83,0.0
2026-09-08T08:00:13.008530+00:00,BTC-25SEP26-55000-C,78513.04,BTC-25SEP26,call,55000.0,2026-09-25T08:00:00+00:00,0.046543051165804754,,,0.30018357,,78513.04,BTC-25SEP26,0.667,0.99457,2.63081,143.7,0.0,,BTC,78280.83,0.0
2026-09-08T08:00:13.008530+00:00,BTC-10SEP26-79500-P,78407.68,BTC-10SEP26,put,79500.0,2026-09-10T08:00:00+00:00,0.005475289358823231,0.0155,0.0215,0.01751391,0.0185,78407.68,BTC-10SEP26,0.3169,-0.74161,18.72536,1.5,1.0,0.005999999999999998,BTC,78280.83,942.64
2026-09-08T08:00:13.008530+00:00,BTC-11SEP26-60000-C,78416.29,BTC-11SEP26,call,60000.0,2026-09-11T08:00:00+00:00,0.008213140145955332,,,0.23534427,,78416.29,BTC-11SEP26,0.7565999999999999,0.99995,0.01334,0.0,0.0,,BTC,78280.83,0.0
2026-09-08T08:00:13.008530+00:00,BTC-10SEP26-89000-C,78407.68,BTC-10SEP26,call,89000.0,2026-09-10T08:00:00+00:00,0.005475289358823231,,0.0001,4.94e-06,,78407.68,BTC-10SEP26,0.5143,0.0004,0.08334,0.2,0.0,,BTC,78280.94,0.0
2026-09-08T08:00:13.008530+00:00,BTC-25JUN27-88000-C,81426.14,BTC-25JUN27,call,88000.0,2027-06-25T08:00:00+00:00,0.7939763160528684,0.1115,0.122,0.11508597,0.11675,81426.14,BTC-25JUN27,0.4129,0.48758,288.94888,21.3,0.0,0.010499999999999995,BTC,78280.94,0.0
2026-09-08T08:00:13.008530+00:00,BTC-25DEC26-74000-P,79462.93,BTC-25DEC26,put,74000.0,2026-12-25T08:00:00+00:00,0.295687472794826,0.05,0.0545,0.05321267,0.05225,79462.93,BTC-25DEC26,0.3987,-0.33386,157.00451,162.0,0.0,0.004499999999999997,BTC,78280.83,0.0
2026-09-08T08:00:13.008530+00:00,BTC-25JUN27-45000-C,81426.14,BTC-25JUN27,call,45000.0,2027-06-25T08:00:00+00:00,0.7939763160528684,0.4555,0.4645,0.46175024,0.46,81426.14,BTC-25JUN27,0.5021,0.93879,87.67704,0.5,0.0,0.009000000000000008,BTC,78280.94,0.0
2026-09-08T08:00:13.008530+00:00,BTC-11SEP26-73000-C,78416.72,BTC-11SEP26,call,73000.0,2026-09-11T08:00:00+00:00,0.008213140145955332,0.013,,0.07017467,,78416.72,BTC-11SEP26,0.4357,0.96368,5.65144,17.0,0.0,,BTC,78280.94,0.0
2026-09-08T08:00:13.008530+00:00,BTC-10SEP26-78000-C,78407.47,BTC-10SEP26,call,78000.0,2026-09-10T08:00:00+00:00,0.005475289358823231,0.0055,0.018,0.01240931,0.01175,78407.47,BTC-10SEP26,0.3124,0.56622,22.78569,0.0,0.0,0.012499999999999999,BTC,78281.93,0.0
2026-09-08T08:00:13.008530+00:00,BTC-25SEP26-74000-C,78512.61,BTC-25SEP26,call,74000.0,2026-09-25T08:00:00+00:00,0.046543051165804754,0.0002,0.07,0.06859782,0.0351,78512.61,BTC-25SEP26,0.3754,0.77385,50.88024,1467.3,0.8,0.0698,BTC,78281.93,4551.65
2026-09-08T08:00:13.008530+00:00,BTC-27NOV26-88000-C,79134.22,BTC-27NOV26,call,88000.0,2026-11-27T08:00:00+00:00,0.21902765075512712,0.0325,0.0345,0.03390685,0.0335,79134.22,BTC-27NOV26,0.3921,0.30997,130.48008,78.7,0.0,0.0020000000000000018,BTC,78281.93,0.0
2026-09-08T08:00:13.008530+00:00,BTC-25JUN27-54000-C,81426.14,BTC-25JUN27,call,54000.0,2027-06-25T08:00:00+00:00,0.7939763160528684,0.3575,0.367,0.36480269,0.36225,81426.14,BTC-25JUN27,0.4617,0.88482,140.81277,0.9,0.0,0.009500000000000008,BTC,78281.93,0.0
2026-09-08T08:00:13.008530+00:00,BTC-9SEP26-86000-C,78401.47,BTC-9SEP26,call,86000.0,2026-09-09T08:00:00+00:00,0.00273743857169113,,0.0001,1.32e-06,,78401.47,BTC-9SEP26,0.4949,0.00014,0.02289,251.8,4.6,,BTC,78281.93,48.37
2026-09-08T08:00:13.008530+00:00,BTC-25DEC26-84000-C,79462.5,BTC-25DEC26,call,84000.0,2026-12-25T08:00:00+00:00,0.295687472794826,0.0595,0.0625,0.06179472,0.061,79462.5,BTC-25DEC26,0.39130000000000004,0.43557,169.90558,1345.7,0.0,0.0030000000000000027,BTC,78281.93,0.0
2026-09-08T08:00:13.008530+00:00,BTC-30OCT26-65000-C,78832.66,BTC-30OCT26,call,65000.0,2026-10-30T08:00:00+00:00,0.1423678287154283,,,0.18416818,,78832.66,BTC-30OCT26,0.42710000000000004,0.89738,53.12529,434.5,0.0,,BTC,78282.97,0.0
2026-09-08T08:00:13.008530+00:00,BTC-10SEP26-72000-C,78407.68,BTC-10SEP26,call,72000.0,2026-09-10T08:00:00+00:00,0.005475289358823231,,,0.08244821,,78407.68,BTC-10SEP26,0.5085000000000001,0.98728,1.90313,0.0,0.0,,BTC,78282.97,0.0
2026-09-08T08:00:13.008530+00:00,BTC-25SEP26-76000-P,78512.69,BTC-25SEP26,put,76000.0,2026-09-25T08:00:00+00:00,0.046543051165804754,0.015,0.0185,0.01744359,0.01675,78512.69,BTC-25SEP26,0.36700000000000005,-0.33341,61.5124,965.9,7.6,0.0034999999999999996,BTC,78282.97,9297.9
2026-09-08T08:00:13.008530+00:00,BTC-25SEP26-54000-P,78512.61,BTC-25SEP26,put,54000.0,2026-09-25T08:00:00+00:00,0.046543051165804754,0.0001,0.0003,0.00019968,0.0002,78512.61,BTC-25SEP26,0.6779999999999999,-0.00439,2.17783,768.9,0.3,0.00019999999999999998,BTC,78282.97,2.37
2026-09-08T08:00:13.008530+00:00,BTC-25DEC26-76000-C,79462.5,BTC-25DEC26,call,76000.0,2026-12-25T08:00:00+00:00,0.295687472794826,0.1015,0.1095,0.10781557,0.1055,79462.5,BTC-25DEC26,0.3961,0.62056,164.23578,410.0,0.0,0.007999999999999993,BTC,78282.97,0.0
2026-09-08T08:00:13.008530+00:00,BTC-27NOV26-73000-P,79134.43,BTC-27NOV26,put,73000.0,2026-11-27T08:00:00+00:00,0.21902765075512712,0.0375,0.04,0.03858077,0.03875,79134.43,BTC-27NOV26,0.3958,-0.30175,128.93964,17.5,0.0,0.0025000000000000022,BTC,78282.97,0.0
2026-09-08T08:00:13.008530+00:00,BTC-25JUN27-86000-P,81426.85,BTC-25JUN27,put,86000.0,2027-06-25T08:00:00+00:00,0.7939763160528684,,,0.1794184,,81426.85,BTC-25JUN27,0.4129,-0.48747,288.95538,1.4,0.0,,BTC,78283.17,0.0
2026-09-08T08:00:13.008530+00:00,BTC-10SEP26-77500-P,78407.68,BTC-10SEP26,put,77500.0,2026-09-10T08:00:00+00:00,0.005475289358823231,0.004,0.0048,0.00440486,0.0044,78407.68,BTC-10SEP26,0.3154,-0.32867,20.94056,51.8,57.2,0.0007999999999999995,BTC,78283.17,15795.88
2026-09-08T08:00:13.008530+00:00,BTC-25JUN27-92000-P,81426.85,BTC-25JUN27,put,92000.0,2027-06-25T08:00:00+00:00,0.7939763160528684,,,0.22846992,,81426.85,BTC-25JUN27,0.41340000000000005,-0.56008,285.81391,0.2,0.0,,BTC,78283.17,0.0
2026-09-08T08:00:13.008530+00:00,BTC-25DEC26-104000-C,79462.5,BTC-25DEC26,call,104000.0,2026-12-25T08:00:00+00:00,0.295687472794826,0.014,0.015,0.0146702,0.0145,79462.5,BTC-25DEC26,0.4144,0.13829,95.24972,90.6,0.0,0.0009999999999999992,BTC,78282.97,0.0
2026-09-08T08:00:13.008530+00:00,BTC-25SEP26-66000-C,78512.61,BTC-25SEP26,call,66000.0,2026-09-25T08:00:00+00:00,0.046543051165804754,0.02,,0.16147903,,78512.61,BTC-25SEP26,0.4668,0.96081,14.33631,970.0,0.0,,BTC,78283.17,0.0
2026-09-08T08:00:13.008530+00:00,BTC-27NOV26-70000-P,79134.22,BTC-27NOV26,put,70000.0,2026-11-27T08:00:00+00:00,0.21902765075512712,0.027,0.0285,0.02748995,0.02775,79134.22,BTC-27NOV26,0.40409999999999996,-0.23137,112.68415,47.2,0.0,0.0015000000000000013,BTC,78283.17,0.0
2026-09-08T08:00:13.008530+00:00,BTC-27NOV26-76000-C,79134.22,BTC-27NOV26,call,76000.0,2026-11-27T08:00:00+00:00,0.21902765075512712,0.0895,0.0955,0.09317293,0.0925,79134.22,BTC-27NOV26,0.39,0.61935,140.90448,10.6,0.0,0.006000000000000005,BTC,78297.12,0.0
2026-09-08T08:00:13.008530+00:00,BTC-11SEP26-79000-P,78416.29,BTC-11SEP26,put,79000.0,2026-09-11T08:00:00+00:00,0.008213140145955332,0.014,0.019,0.01547255,0.0165,78416.29,BTC-11SEP26,0.32409999999999994,-0.61479,27.12622,349.1,36.1,0.004999999999999999,BTC,78283.17,31959.46
2026-09-08T08:00:13.008530+00:00,BTC-11SEP26-66000-C,78416.72,BTC-11SEP26,call,66000.0,2026-09-11T08:00:00+00:00,0.008213140145955332,,,0.15895242,,78416.72,BTC-11SEP26,0.7199,0.99597,0.84559,0.1,0.0,,BTC,78283.17,0.0
2026-09-08T08:00:13.008530+00:00,BTC-25DEC26-88000-C,79462.5,BTC-25DEC26,call,88000.0,2026-12-25T08:00:00+00:00,0.295687472794826,0.045,0.046,0.04592176,0.0455,79462.5,BTC-25DEC26,0.39189999999999997,0.35241,160.26739,3423.1,33.8,0.0010000000000000009,BTC,78297.12,133817.38
2026-09-08T08:00:13.008530+00:00,BTC-9SEP26-78000-P,78401.47,BTC-9SEP26,put,78000.0,2026-09-09T08:00:00+00:00,0.00273743857169113,0.0031,0.004,0.00334207,0.00355,78401.47,BTC-9SEP26,0.2772,-0.39547,15.76729,94.0,99.6,0.0009000000000000002,BTC,78297.12,31139.18
2026-09-08T08:00:13.008530+00:00,BTC-30OCT26-72000-C,78832.66,BTC-30OCT26,call,72000.0,2026-10-30T08:00:00+00:00,0.1423678287154283,0.08,,0.10963359,,78832.66,BTC-30OCT26,0.38539999999999996,0.75381,93.6497,468.4,0.0,,BTC,78301.78,0.0
2026-09-08T08:00:13.008530+00:00,BTC-25JUN27-56000-P,81426.85,BTC-25JUN27,put,56000.0,2027-06-25T08:00:00+00:00,0.7939763160528684,0.028,0.0325,0.03190342,0.03025,81426.85,BTC-25JUN27,0.45520000000000005,-0.1309,154.06738,84.6,0.0,0.0045000000000000005,BTC,78301.78,0.0
2026-09-08T08:00:13.008530+00:00,BTC-8SEP26-83000-P,78399.18,SYN.EXPIRY,put,83000.0,2026-09-08T08:00:00+00:00,-4.1221544097143006e-07,,,0.05868454,,78399.18,SYN.EXPIRY,0.4368,0.0,0.0,0.0,0.0,,BTC,78407.73,0.0
2026-09-08T08:00:13.008530+00:00,BTC-26MAR27-105000-P,80412.23,BTC-26MAR27,put,105000.0,2027-03-26T08:00:00+00:00,0.5448318944238473,,,0.3414052,,80412.23,BTC-26MAR27,0.4127,-0.76665,181.49118,0.5,0.0,,BTC,78297.12,0.0
2026-09-08T08:00:13.008530+00:00,BTC-18SEP26-65000-P,78464.89,BTC-18SEP26,put,65000.0,2026-09-18T08:00:00+00:00,0.027378095655880043,0.0003,0.0006,0.00041868,0.00045,78464.89,BTC-18SEP26,0.5255,-0.0141,4.65542,91.0,0.9,0.0003,BTC,78301.78,39.52
2026-09-08T08:00:13.008530+00:00,BTC-30OCT26-63000-C,78832.45,BTC-30OCT26,call,63000.0,2026-10-30T08:00:00+00:00,0.1423678287154283,,,0.20762797,,78832.45,BTC-30OCT26,0.4451,0.92062,43.91132,153.2,0.0,,BTC,78301.78,0.0
2026-09-08T08:00:13.008530+00:00,BTC-8SEP26-73000-C,78399.18,SYN.EXPIRY,call,73000.0,2026-09-08T08:00:00+00:00,-4.1221544097143006e-07,,,0.06886781,,78399.18,SYN.EXPIRY,0.5972999999999999,0.0,0.0,0.0,0.0,,BTC,78407.73,0.0
2026-09-08T08:00:13.008530+00:00,BTC-30OCT26-73000-P,78832.66,BTC-30OCT26,put,73000.0,2026-10-30T08:00:00+00:00,0.1423678287154283,0.025,0.0275,0.02584172,0.02625,78832.66,BTC-30OCT26,0.3821,-0.27543,99.23115,95.9,0.0,0.0024999999999999988,BTC,78310.42,0.0
2026-09-08T08:00:13.008530+00:00,BTC-30OCT26-56000-P,78832.66,BTC-30OCT26,put,56000.0,2026-10-30T08:00:00+00:00,0.1423678287154283,0.0022,0.003,0.00270085,0.0026,78832.66,BTC-30OCT26,0.5202,-0.03338,22.08483,463.9,0.0,0.0007999999999999999,BTC,78310.42,0.0
2026-09-08T08:00:13.008530+00:00,BTC-18SEP26-88000-C,78464.89,BTC-18SEP26,call,88000.0,2026-09-18T08:00:00+00:00,0.027378095655880043,0.0013,0.0018,0.00163494,0.00155,78464.89,BTC-18SEP26,0.42450000000000004,0.0532,14.05361,405.7,10.6,0.0005,BTC,78310.42,1680.66
2026-09-08T08:00:13.008530+00:00,BTC-27NOV26-69000-C,79134.22,BTC-27NOV26,call,69000.0,2026-11-27T08:00:00+00:00,0.21902765075512712,,,0.1531006,,79134.22,BTC-27NOV26,0.40759999999999996,0.78994,106.64382,0.0,0.0,,BTC,78310.42,0.0
2026-09-08T08:00:13.008530+00:00,BTC-25DEC26-85000-C,79463.16,BTC-25DEC26,call,85000.0,2026-12-25T08:00:00+00:00,0.295687472794826,0.055,0.058,0.05742656,0.0565,79463.16,BTC-25DEC26,0.39130000000000004,0.41424,168.20654,2213.7,0.0,0.0030000000000000027,BTC,78310.42,0.0
2026-09-08T08:00:13.008530+00:00,BTC-25DEC26-98000-P,79462.5,BTC-25DEC26,put,98000.0,2026-12-25T08:00:00+00:00,0.295687472794826,,,0.25448548,,79462.5,BTC-25DEC26,0.40259999999999996,-0.80349,119.57838,1.2,0.0,,BTC,78310.42,0.0
2026-09-08T08:00:13.008530+00:00,BTC-25SEP26-200000-P,78512.61,BTC-25SEP26,put,200000.0,2026-09-25T08:00:00+00:00,0.046543051165804754,,,1.54572703,,78512.61,BTC-25SEP26,0.9823999999999999,-0.99999,0.00624,3.2,0.0,,BTC,78311.43,0.0
2026-09-08T08:00:13.008530+00:00,BTC-10SEP26-74000-P,78407.68,BTC-10SEP26,put,74000.0,2026-09-10T08:00:00+00:00,0.005475289358823231,0.0002,0.0004,0.00029291,0.0003,78407.68,BTC-10SEP26,0.40759999999999996,-0.02889,3.82065,8.1,0.0,0.0002,BTC,78311.43,0.0
2026-09-08T08:00:13.008530+00:00,BTC-25DEC26-78000-C,79462.5,BTC-25DEC26,call,78000.0,2026-12-25T08:00:00+00:00,0.295687472794826,0.0885,0.096,0.09440175,0.09225,79462.5,BTC-25DEC26,0.39409999999999995,0.57453,169.20537,1047.4,1.0,0.007500000000000007,BTC,78310.42,7981.27
2026-09-08T08:00:13.008530+00:00,BTC-8SEP26-79500-P,78399.18,SYN.EXPIRY,put,79500.0,2026-09-08T08:00:00+00:00,-4.1221544097143006e-07,,,0.01404122,,78399.18,SYN.EXPIRY,0.2927,0.0,0.0,71.7,73.1,,BTC,78407.73,36483.44
2026-09-08T08:00:13.008530+00:00,BTC-27NOV26-115000-C,79134.22,BTC-27NOV26,call,115000.0,2026-11-27T08:00:00+00:00,0.21902765075512712,0.0038,0.0048,0.0043178,0.0043,79134.22,BTC-27NOV26,0.45909999999999995,0.05075,38.61504,26.2,0.0,0.0009999999999999996,BTC,78311.93,0.0
2026-09-08T08:00:13.008530+00:00,BTC-11SEP26-66000-P,78416.72,BTC-11SEP26,put,66000.0,2026-09-11T08:00:00+00:00,0.008213140145955332,,0.0001,7.441e-05,,78416.72,BTC-11SEP26,0.7199,-0.00396,0.83306,365.1,0.8,,BTC,78311.43,6.34
2026-09-08T08:00:13.008530+00:00,ETH-26MAR27-4200-P,2522.31,ETH-26MAR27,put,4200.0,2027-03-26T08:00:00+00:00,0.5448318944238473,0.682,0.707,0.69594,0.6945,2522.31,ETH-26MAR27,0.5779,-0.83683,4.58975,1.0,0.0,0.02499999999999991,ETH,2472.73,0.0
2026-09-08T08:00:13.008530+00:00,ETH-25SEP26-5800-C,2477.19,ETH-25SEP26,call,5800.0,2026-09-25T08:00:00+00:00,0.046543051165804754,,0.0001,3e-06,,2477.19,ETH-25SEP26,0.9994,6e-05,0.00136,5889.0,0.0,,ETH,2472.67,0.0
2026-09-08T08:00:13.008530+00:00,ETH-26MAR27-1000-P,2522.31,ETH-26MAR27,put,1000.0,2027-03-26T08:00:00+00:00,0.5448318944238473,0.0055,0.007,0.006135,0.00625,2522.31,ETH-26MAR27,0.738,-0.0244,1.06663,7311.0,20.0,0.0015000000000000005,ETH,2472.67,297.41
2026-09-08T08:00:13.008530+00:00,ETH-25JUN27-3500-P,2549.45,ETH-25JUN27,put,3500.0,2027-06-25T08:00:00+00:00,0.7939763160528684,0.4535,0.474,0.46515,0.46375,2549.45,ETH-25JUN27,0.5617,-0.64898,8.42616,383.0,60.0,0.020499999999999963,ETH,2472.73,68908.77
2026-09-08T08:00:13.008530+00:00,ETH-30OCT26-1750-C,2483.22,ETH-30OCT26,call,1750.0,2026-10-30T08:00:00+00:00,0.1423678287154283,0.2975,0.3045,0.300487,0.301,2483.22,ETH-30OCT26,0.6074,0.94961,0.97264,102.0,0.0,0.007000000000000006,ETH,2472.67,0.0
2026-09-08T08:00:13.008530+00:00,ETH-25SEP26-2850-C,2477.19,ETH-25SEP26,call,2850.0,2026-09-25T08:00:00+00:00,0.046543051165804754,0.007,0.008,0.007629,0.0075,2477.19,ETH-25SEP26,0.5547,0.13321,1.1501,276.0,0.0,0.001,ETH,2472.67,0.0
2026-09-08T08:00:13.008530+00:00,ETH-10SEP26-2460-P,2472.88,ETH-10SEP26,put,2460.0,2026-09-10T08:00:00+00:00,0.005475289358823231,0.01,0.011,0.010451,0.0105,2472.88,ETH-10SEP26,0.43729999999999997,-0.42982,0.71855,565.0,87.0,0.0009999999999999992,ETH,2472.67,1839.38
2026-09-08T08:00:13.008530+00:00,ETH-9SEP26-2600-C,2472.63,ETH-9SEP26,call,2600.0,2026-09-09T08:00:00+00:00,0.00273743857169113,0.0003,0.0004,0.000386,0.00035,2472.63,ETH-9SEP26,0.5284,0.03548,0.10102,432.0,433.0,0.00010000000000000005,ETH,2472.67,1463.9
2026-09-08T08:00:13.008530+00:00,ETH-9SEP26-2340-C,2472.63,ETH-9SEP26,call,2340.0,2026-09-09T08:00:00+00:00,0.00273743857169113,0.051,0.057,0.05385,0.054,2472.63,ETH-9SEP26,0.5253,0.97833,0.06699,0.0,0.0,0.006000000000000005,ETH,2472.67,0.0
2026-09-08T08:00:13.008530+00:00,ETH-25JUN27-3400-C,2549.45,ETH-25JUN27,call,3400.0,2027-06-25T08:00:00+00:00,0.7939763160528684,0.098,0.101,0.099363,0.0995,2549.45,ETH-25JUN27,0.5603,0.37192,8.59444,481.0,0.0,0.0030000000000000027,ETH,2472.67,0.0
2026-09-08T08:00:13.008530+00:00,ETH-26MAR27-2800-P,2522.28,ETH-26MAR27,put,2800.0,2027-03-26T08:00:00+00:00,0.5448318944238473,0.2205,0.2355,0.229007,0.228,2522.28,ETH-26MAR27,0.5455,-0.52312,7.4173,15.0,0.0,0.014999999999999986,ETH,2472.72,0.0
2026-09-08T08:00:13.008530+00:00,ETH-25DEC26-2400-C,2497.34,ETH-25DEC26,call,2400.0,2026-12-25T08:00:00+00:00,0.295687472794826,0.1305,0.1335,0.13213,0.132,2497.34,ETH-25DEC26,0.5262,0.61103,5.20809,12448.0,18.0,0.0030000000000000027,ETH,2472.72,5879.65
2026-09-08T08:00:13.008530+00:00,ETH-25SEP26-8500-P,2477.19,ETH-25SEP26,put,8500.0,2026-09-25T08:00:00+00:00,0.046543051165804754,2.421,2.4445,2.431322,2.43275,2477.19,ETH-25SEP26,1.3075,-0.99999,0.00028,0.0,0.0,0.0235000000000003,ETH,2472.76,0.0
2026-09-08T08:00:13.008530+00:00,ETH-11SEP26-2900-P,2473.14,ETH-11SEP26,put,2900.0,2026-09-11T08:00:00+00:00,0.008213140145955332,0.169,0.176,0.172739,0.1725,2473.14,ETH-11SEP26,0.6955,-0.99369,0.03982,0.0,0.0,0.0069999999999999785,ETH,2472.72,0.0
2026-09-08T08:00:13.008530+00:00,ETH-27NOV26-2300-C,2490.48,ETH-27NOV26,call,2300.0,2026-11-27T08:00:00+00:00,0.21902765075512712,0.1335,0.142,0.137249,0.13775,2490.48,ETH-27NOV26,0.5256000000000001,0.67237,4.21025,50.0,0.0,0.00849999999999998,ETH,2472.76,0.0
2026-09-08T08:00:13.008530+00:00,ETH-25SEP26-2400-C,2477.19,ETH-25SEP26,call,2400.0,2026-09-25T08:00:00+00:00,0.046543051165804754,0.057,0.0635,0.059717,0.06025,2477.19,ETH-25SEP26,0.4997,0.63588,2.00772,15746.0,4.0,0.006499999999999999,ETH,2472.76,612.66
2026-09-08T08:00:13.008530+00:00,ETH-26MAR27-2900-C,2522.28,ETH-26MAR27,call,2900.0,2027-03-26T08:00:00+00:00,0.5448318944238473,0.106,0.109,0.106986,0.1075,2522.28,ETH-26MAR27,0.5464,0.44271,7.35319,2291.0,6.0,0.0030000000000000027,ETH,2472.76,1602.82
2026-09-08T08:00:13.008530+00:00,ETH-25JUN27-2200-P,2549.45,ETH-25JUN27,put,2200.0,2027-06-25T08:00:00+00:00,0.7939763160528684,0.1215,0.1245,0.123109,0.123,2549.45,ETH-25JUN27,0.5608,-0.29291,7.81526,387.0,0.0,0.0030000000000000027,ETH,2472.76,0.0
2026-09-08T08:00:13.008530+00:00,ETH-18SEP26-3200-C,2474.89,ETH-18SEP26,call,3200.0,2026-09-18T08:00:00+00:00,0.027378095655880043,0.0005,0.0009,0.000714,0.0007,2474.89,ETH-18SEP26,0.7153,0.01737,0.1759,3571.0,1.0,0.00039999999999999996,ETH,2472.76,1.74
2026-09-08T08:00:13.008530+00:00,ETH-11SEP26-2450-C,2473.14,ETH-11SEP26,call,2450.0,2026-09-11T08:00:00+00:00,0.008213140145955332,0.0205,0.022,0.021281,0.02125,2473.14,ETH-11SEP26,0.4497,0.59918,0.8664,2372.0,28.0,0.0014999999999999979,ETH,2472.76,1928.21
2026-09-08T08:00:13.008530+00:00,ETH-25DEC26-8000-P,2497.34,ETH-25DEC26,put,8000.0,2026-12-25T08:00:00+00:00,0.295687472794826,2.1805,2.2215,2.204049,2.201,2497.34,ETH-25DEC26,0.7703,-0.99489,0.20015,23.0,0.0,0.040999999999999925,ETH,2472.8,0.0
2026-09-08T08:00:13.008530+00:00,ETH-30OCT26-2500-C,2483.22,ETH-30OCT26,call,2500.0,2026-10-30T08:00:00+00:00,0.1423678287154283,0.0735,0.0745,0.073734,0.074,2483.22,ETH-30OCT26,0.5112,0.52464,3.73217,2932.0,103.0,0.0010000000000000009,ETH,2472.8,20153.74
2026-09-08T08:00:13.008530+00:00,ETH-27NOV26-2400-C,2490.48,ETH-27NOV26,call,2400.0,2026-11-27T08:00:00+00:00,0.21902765075512712,0.111,0.1195,0.114789,0.11525,2490.48,ETH-27NOV26,0.5224,0.60786,4.48053,307.0,0.0,0.008499999999999994,ETH,2472.8,0.0
2026-09-08T08:00:13.008530+00:00,ETH-26MAR27-3300-P,2522.31,ETH-26MAR27,put,3300.0,2027-03-26T08:00:00+00:00,0.5448318944238473,0.369,0.3865,0.379388,0.37775,2522.31,ETH-26MAR27,0.5539999999999999,-0.67449,6.7078,101.0,0.0,0.017500000000000016,ETH,2472.86,0.0
2026-09-08T08:00:13.008530+00:00,ETH-25DEC26-1400-C,2497.34,ETH-25DEC26,call,1400.0,2026-12-25T08:00:00+00:00,0.295687472794826,0.4425,0.4495,0.445656,0.446,2497.34,ETH-25DEC26,0.6659,0.96239,1.11339,939.0,0.0,0.007000000000000006,ETH,2472.8,0.0
2026-09-08T08:00:13.008530+00:00,ETH-26MAR27-2600-P,2522.31,ETH-26MAR27,put,2600.0,2027-03-26T08:00:00+00:00,0.5448318944238473,0.1765,0.18,0.177644,0.17825,2522.31,ETH-26MAR27,0.5445,-0.44998,7.3719,645.0,0.0,0.003500000000000003,ETH,2472.86,0.0
2026-09-08T08:00:13.008530+00:00,ETH-11SEP26-2550-P,2473.14,ETH-11SEP26,put,2550.0,2026-09-11T08:00:00+00:00,0.008213140145955332,0.0345,0.04,0.037305,0.03725,2473.14,ETH-11SEP26,0.4781,-0.75286,0.70794,475.0,0.0,0.005499999999999998,ETH,2472.86,0.0
2026-09-08T08:00:13.008530+00:00,ETH-25SEP26-4600-C,2477.21,ETH-25SEP26,call,4600.0,2026-09-25T08:00:00+00:00,0.046543051165804754,,0.0002,7.1e-05,,2477.21,ETH-25SEP26,0.9235,0.00132,0.02329,4397.0,0.0,,ETH,2472.86,0.0
2026-09-08T08:00:13.008530+00:00,ETH-26MAR27-2800-C,2522.31,ETH-26MAR27,call,2800.0,2027-03-26T08:00:00+00:00,0.5448318944238473,0.1175,0.121,0.118874,0.11925,2522.31,ETH-26MAR27,0.5455,0.47696,7.41797,5034.0,0.0,0.003500000000000003,ETH,2472.86,0.0
2026-09-08T08:00:13.008530+00:00,ETH-25SEP26-3800-P,2477.19,ETH-25SEP26,put,3800.0,2026-09-25T08:00:00+00:00,0.046543051165804754,0.5295,0.5395,0.53438,0.5345,2477.19,ETH-25SEP26,0.7829,-0.99282,0.10659,943.0,0.0,0.010000000000000009,ETH,2472.86,0.0
2026-09-08T08:00:13.008530+00:00,ETH-18SEP26-2450-C,2474.89,ETH-18SEP26,call,2450.0,2026-09-18T08:00:00+00:00,0.027378095655880043,0.037,0.0385,0.037942,0.03775,2474.89,ETH-18SEP26,0.4976,0.56532,1.61221,1096.0,186.0,0.0015000000000000013,ETH,2472.86,18656.33
2026-09-08T08:00:13.008530+00:00,ETH-25SEP26-3200-C,2477.21,ETH-25SEP26,call,3200.0,2026-09-25T08:00:00+00:00,0.046543051165804754,0.0019,0.0022,0.002063,0.00205,2477.21,ETH-25SEP26,0.6463,0.03873,0.44876,13421.0,2.0,0.00030000000000000014,ETH,2472.92,11.13
2026-09-08T08:00:13.008530+00:00,ETH-25SEP26-1000-P,2477.19,ETH-25SEP26,put,1000.0,2026-09-25T08:00:00+00:00,0.046543051165804754,,0.0001,2.7e-05,,2477.19,ETH-25SEP26,1.2915,-0.00034,0.00671,10805.0,0.0,,ETH,2472.92,0.0
2026-09-08T08:00:13.008530+00:00,ETH-25SEP26-1000-C,2477.21,ETH-25SEP26,call,1000.0,2026-09-25T08:00:00+00:00,0.046543051165804754,0.5945,0.5985,0.596342,0.5965,2477.21,ETH-25SEP26,1.2915,0.99966,0.00671,5785.0,0.0,0.0040000000000000036,ETH,2472.92,0.0
2026-09-08T08:00:13.008530+00:00,ETH-27NOV26-2000-C,2490.48,ETH-27NOV26,call,2000.0,2026-11-27T08:00:00+00:00,0.21902765075512712,0.219,0.227,0.222382,0.223,2490.48,ETH-27NOV26,0.5525,0.83586,2.88463,9.0,0.0,0.008000000000000007,ETH,2472.92,0.0
2026-09-08T08:00:13.008530+00:00,ETH-25DEC26-1800-C,2497.34,ETH-25DEC26,call,1800.0,2026-12-25T08:00:00+00:00,0.295687472794826,0.2955,0.304,0.299489,0.29975,2497.34,ETH-25DEC26,0.5769,0.88504,2.63633,2434.0,0.0,0.008500000000000008,ETH,2472.92,0.0
2026-09-08T08:00:13.008530+00:00,ETH-25SEP26-2420-C,2477.19,ETH-25SEP26,call,2420.0,2026-09-25T08:00:00+00:00,0.046543051165804754,0.0525,0.0585,0.054987,0.0555,2477.19,ETH-25SEP26,0.4991,0.60698,2.05567,122.0,0.0,0.006000000000000005,ETH,2472.97,0.0
2026-09-08T08:00:13.008530+00:00,ETH-26MAR27-4800-P,2522.31,ETH-26MAR27,put,4800.0,2027-03-26T08:00:00+00:00,0.5448318944238473,0.906,0.9345,0.922161,0.92025,2522.31,ETH-26MAR27,0.5962,-0.89276,3.43899,0.0,0.0,0.02849999999999997,ETH,2472.97,0.0
2026-09-08T08:00:13.008530+00:00,ETH-30OCT26-2250-P,2483.22,ETH-30OCT26,put,2250.0,2026-10-30T08:00:00+00:00,0.1423678287154283,0.0355,0.037,0.036391,0.03625,2483.22,ETH-30OCT26,0.5171,-0.27315,3.11722,1345.0,0.0,0.0015000000000000013,ETH,2472.92,0.0
2026-09-08T08:00:13.008530+00:00,ETH-25SEP26-5200-C,2477.19,ETH-25SEP26,call,5200.0,2026-09-25T08:00:00+00:00,0.046543051165804754,,0.4,8e-06,,2477.19,ETH-25SEP26,0.9314,0.00017,0.00341,2392.0,0.0,,ETH,2472.97,0.0
2026-09-08T08:00:13.008530+00:00,ETH-30OCT26-2900-C,2483.22,ETH-30OCT26,call,2900.0,2026-10-30T08:00:00+00:00,0.1423678287154283,0.027,0.028,0.027346,0.0275,2483.22,ETH-30OCT26,0.5327000000000001,0.25126,2.98666,2732.0,0.0,0.0010000000000000009,ETH,2472.97,0.0
2026-09-08T08:00:13.008530+00:00,ETH-27NOV26-3800-C,2490.48,ETH-27NOV26,call,3800.0,2026-11-27T08:00:00+00:00,0.21902765075512712,0.0095,0.0105,0.009862,0.01,2490.48,ETH-27NOV26,0.5982,0.08559,1.82389,319.0,0.0,0.0010000000000000009,ETH,2472.97,0.0
2026-09-08T08:00:13.008530+00:00,ETH-25JUN27-4400-P,2549.45,ETH-25JUN27,put,4400.0,2027-06-25T08:00:00+00:00,0.7939763160528684,0.76,0.7885,0.775089,0.77425,2549.45,ETH-25JUN27,0.5771000000000001,-0.78911,6.56633,1.0,0.0,0.02849999999999997,ETH,2472.97,0.0
2026-09-08T08:00:13.008530+00:00,ETH-9SEP26-2320-P,2472.63,ETH-9SEP26,put,2320.0,2026-09-09T08:00:00+00:00,0.00273743857169113,0.0001,0.0002,0.000188,0.00015,2472.63,ETH-9SEP26,0.579,-0.01687,0.05415,532.0,412.0,0.0001,ETH,2472.99,105.17
2026-09-08T08:00:13.008530+00:00,ETH-25DEC26-1500-P,2497.34,ETH-25DEC26,put,1500.0,2026-12-25T08:00:00+00:00,0.295687472794826,0.008,0.009,0.008449,0.0085,2497.34,ETH-25DEC26,0.6394,-0.05053,1.41292,16254.0,0.0,0.0009999999999999992,ETH,2472.99,0.0
2026-09-08T08:00:13.008530+00:00,ETH-10SEP26-2600-P,2472.85,ETH-10SEP26,put,2600.0,2026-09-10T08:00:00+00:00,0.005475289358823231,0.0505,0.0565,0.053197,0.0535,2472.85,ETH-10SEP26,0.5179,-0.90122,0.31824,0.0,0.0,0.005999999999999998,ETH,2472.99,0.0
2026-09-08T08:00:13.008530+00:00,ETH-26MAR27-4200-C,2522.31,ETH-26MAR27,call,4200.0,2027-03-26T08:00:00+00:00,0.5448318944238473,0.03,0.032,0.03074,0.031,2522.31,ETH-26MAR27,0.5779,0.16324,4.59149,2903.0,0.0,0.0020000000000000018,ETH,2472.99,0.0
2026-09-08T08:00:13.008530+00:00,ETH-11SEP26-2460-P,2473.14,ETH-11SEP26,put,2460.0,2026-09-11T08:00:00+00:00,0.008213140145955332,0.013,0.0145,0.01376,0.01375,2473.14,ETH-11SEP26,0.45130000000000003,-0.43909,0.88383,100.0,100.0,0.0015000000000000013,ETH,2472.99,2865.52
2026-09-08T08:00:13.008530+00:00,ETH-9SEP26-2560-C,2472.6,ETH-9SEP26,call,2560.0,2026-09-09T08:00:00+00:00,0.00273743857169113,0.0008,0.001,0.001046,0.0009,2472.6,ETH-9SEP26,0.4893,0.08886,0.20799,448.0,341.0,0.00019999999999999998,ETH,2472.99,1107.66
2026-09-08T08:00:13.008530+00:00,ETH-30OCT26-1000-C,2483.28,ETH-30OCT26,call,1000.0,2026-10-30T08:00:00+00:00,0.1423678287154283,0.5955,0.5995,0.597583,0.5975,2483.28,ETH-30OCT26,0.929,0.9972,0.0807,0.0,0.0,0.0040000000000000036,ETH,2472.99,0.0
2026-09-08T08:00:13.008530+00:00,ETH-25JUN27-3100-P,2549.39,ETH-25JUN27,put,3100.0,2027-06-25T08:00:00+00:00,0.7939763160528684,0.3315,0.3495,0.341453,0.3405,2549.39,ETH-25JUN27,0.5568,-0.55788,8.97129,18.0,18.0,0.01799999999999996,ETH,2472.99,15047.07
2026-09-08T08:00:13.008530+00:00,ETH-25SEP26-9000-P,2477.19,ETH-25SEP26,put,9000.0,2026-09-25T08:00:00+00:00,0.046543051165804754,2.6225,2.647,2.633164,2.63475,2477.19,ETH-25SEP26,1.3633000000000002,-0.99999,0.00027,0.0,0.0,0.024499999999999744,ETH,2472.82,0.0
2026-09-08T08:00:13.008530+00:00,ETH-9SEP26-2420-P,2472.63,ETH-9SEP26,put,2420.0,2026-09-09T08:00:00+00:00,0.00273743857169113,0.0018,0.0021,0.002124,0.00195,2472.63,ETH-9SEP26,0.4385,-0.16997,0.32714,204.0,73.0,0.0002999999999999999,ETH,2472.82,357.28
2026-09-08T08:00:13.008530+00:00,ETH-9SEP26-2350-P,2472.63,ETH-9SEP26,put,2350.0,2026-09-09T08:00:00+00:00,0.00273743857169113,0.0002,0.0005,0.000326,0.00035,2472.63,ETH-9SEP26,0.5227,-0.03037,0.08887,131.0,133.0,0.00030000000000000003,ETH,2472.82,202.62
2026-09-08T08:00:13.008530+00:00,ETH-27NOV26-2700-C,2490.48,ETH-27NOV26,call,2700.0,2026-11-27T08:00:00+00:00,0.21902765075512712,0.0645,0.066,0.065381,0.06525,2490.48,ETH-27NOV26,0.5256000000000001,0.41881,4.55511,346.0,0.0,0.0015000000000000013,ETH,2472.86,0.0
2026-09-08T08:00:13.008530+00:00,ETH-18SEP26-2200-P,2474.89,ETH-18SEP26,put,2200.0,2026-09-18T08:00:00+00:00,0.027378095655880043,0.0039,0.0042,0.004073,0.00405,2474.89,ETH-18SEP26,0.5540999999999999,-0.0917,0.6745,5259.0,23.0,0.0002999999999999999,ETH,2472.86,188.13
2026-09-08T08:00:13.008530+00:00,ETH-25SEP26-2300-P,2477.19,ETH-25SEP26,put,2300.0,2026-09-25T08:00:00+00:00,0.046543051165804754,0.015,0.016,0.015801,0.0155,2477.19,ETH-25SEP26,0.5099,-0.23263,1.63362,5632.0,26.0,0.0010000000000000009,ETH,2472.86,1039.67
2026-09-08T08:00:13.008530+00:00,ETH-25JUN27-2100-P,2549.45,ETH-25JUN27,put,2100.0,2027-06-25T08:00:00+00:00,0.7939763160528684,0.104,0.107,0.105765,0.1055,2549.45,ETH-25JUN27,0.5637,-0.26194,7.39994,589.0,0.0,0.0030000000000000027,ETH,2472.86,0.0
2026-09-08T08:00:13.008530+00:00,ETH-9SEP26-2540-P,2472.6,ETH-9SEP26,put,2540.0,2026-09-09T08:00:00+00:00,0.00273743857169113,0.0265,0.0315,0.028915,0.029,2472.6,ETH-9SEP26,0.46380000000000005,-0.86362,0.28269,0.0,0.0,0.005000000000000001,ETH,2472.86,0.0
2026-09-08T08:00:13.008530+00:00,ETH-25DEC26-1000-C,2497.34,ETH-25DEC26,call,1000.0,2026-12-25T08:00:00+00:00,0.295687472794826,0.5985,0.6045,0.601426,0.6015,2497.34,ETH-25DEC26,0.8083,0.98932,0.38342,73.0,0.0,0.006000000000000005,ETH,2472.86,0.0
2026-09-08T08:00:13.008530+00:00,ETH-25DEC26-2800-P,2497.34,ETH-25DEC26,put,2800.0,2026-12-25T08:00:00+00:00,0.295687472794826,0.1845,0.1955,0.19125,0.19,2497.34,ETH-25DEC26,0.5286,-0.6002,5.24779,2904.0,204.0,0.01100000000000001,ETH,2472.86,94576.03
2026-09-08T08:00:13.008530+00:00,ETH-25SEP26-2450-P,2477.19,ETH-25SEP26,put,2450.0,2026-09-25T08:00:00+00:00,0.046543051165804754,0.0365,0.038,0.037418,0.03725,2477.19,ETH-25SEP26,0.4987,-0.43768,2.1067,114.0,11.0,0.0015000000000000013,ETH,2472.82,944.88
2026-09-08T08:00:13.008530+00:00,ETH-27NOV26-3100-C,2490.48,ETH-27NOV26,call,3100.0,2026-11-27T08:00:00+00:00,0.21902765075512712,0.03,0.0315,0.030959,0.03075,2490.48,ETH-27NOV26,0.5468,0.23366,3.57192,40.0,0.0,0.0015000000000000013,ETH,2472.82,0.0
2026-09-08T08:00:13.008530+00:00,ETH-30OCT26-1800-P,2483.22,ETH-30OCT26,put,1800.0,2026-10-30T08:00:00+00:00,0.1423678287154283,0.006,0.007,0.006575,0.0065,2483.22,ETH-30OCT26,0.5967,-0.06156,1.13928,1273.0,0.0,0.001,ETH,2472.82,0.0
2026-09-08T08:00:13.008530+00:00,ETH-25DEC26-4400-P,2497.32,ETH-25DEC26,put,4400.0,2026-12-25T08:00:00+00:00,0.295687472794826,0.758,0.7775,0.769794,0.76775,2497.32,ETH-25DEC26,0.6109,-0.93796,1.66116,20.0,0.0,0.019499999999999962,ETH,2472.82,0.0
2026-09-08T08:00:13.008530+00:00,ETH-25SEP26-3400-C,2477.19,ETH-25SEP26,call,3400.0,2026-09-25T08:00:00+00:00,0.046543051165804754,0.001,0.0013,0.001166,0.00115,2477.19,ETH-25SEP26,0.7011,0.02181,0.27855,9685.0,90.0,0.0002999999999999999,ETH,2472.79,280.39
2026-09-08T08:00:13.008530+00:00,ETH-10SEP26-2620-P,2472.85,ETH-10SEP26,put,2620.0,2026-09-10T08:00:00+00:00,0.005475289358823231,0.0575,0.064,0.060828,0.06075,2472.85,ETH-10SEP26,0.5342,-0.92575,0.25702,0.0,0.0,0.006499999999999999,ETH,2472.79,0.0
2026-09-08T08:00:13.008530+00:00,ETH-25SEP26-4400-P,2477.21,ETH-25SEP26,put,4400.0,2026-09-25T08:00:00+00:00,0.046543051165804754,0.771,0.782,0.776319,0.7765,2477.21,ETH-25SEP26,0.8941,-0.99802,0.03363,281.0,0.0,0.01100000000000001,ETH,2472.79,0.0
2026-09-08T08:00:13.008530+00:00,ETH-11SEP26-1800-C,2473.14,ETH-11SEP26,call,1800.0,2026-09-11T08:00:00+00:00,0.008213140145955332,0.27,0.2745,0.272217,0.27225,2473.14,ETH-11SEP26,1.1963,0.99858,0.0104,0.0,0.0,0.004500000000000004,ETH,2472.79,0.0
2026-09-08T08:00:13.008530+00:00,ETH-25DEC26-7000-P,2497.34,ETH-25DEC26,put,7000.0,2026-12-25T08:00:00+00:00,0.295687472794826,1.784,1.8185,1.804123,1.80125,2497.34,ETH-25DEC26,0.7406,-0.99075,0.33824,0.0,0.0,0.034499999999999975,ETH,2472.79,0.0
2026-09-08T08:00:13.008530+00:00,ETH-25JUN27-4000-C,2549.39,ETH-25JUN27,call,4000.0,2027-06-25T08:00:00+00:00,0.7939763160528684,0.063,0.066,0.064139,0.0645,2549.39,ETH-25JUN27,0.5698,0.26343,7.4213,4555.0,0.0,0.0030000000000000027,ETH,2472.79,0.0
2026-09-08T08:00:13.008530+00:00,ETH-18SEP26-2900-P,2474.89,ETH-18SEP26,put,2900.0,2026-09-18T08:00:00+00:00,0.027378095655880043,0.171,0.1775,0.174484,0.17425,2474.89,ETH-18SEP26,0.6084,-0.93619,0.512,0.0,0.0,0.006499999999999978,ETH,2472.94,0.0
2026-09-08T08:00:13.008530+00:00,ETH-26MAR27-1800-C,2522.31,ETH-26MAR27,call,1800.0,2027-03-26T08:00:00+00:00,0.5448318944238473,0.325,0.336,0.329842,0.3305,2522.31,ETH-26MAR27,0.5781000000000001,0.8423,4.48879,3427.0,0.0,0.01100000000000001,ETH,2472.79,0.0
2026-09-08T08:00:13.008530+00:00,ETH-9SEP26-2250-C,2472.6,ETH-9SEP26,call,2250.0,2026-09-09T08:00:00+00:00,0.00273743857169113,0.0875,0.093,0.090078,0.09025,2472.6,ETH-9SEP26,0.6951999999999999,0.99553,0.0169,18.0,0.0,0.005500000000000005,ETH,2472.94,0.0
2026-09-08T08:00:13.008530+00:00,ETH-11SEP26-2100-C,2473.12,ETH-11SEP26,call,2100.0,2026-09-11T08:00:00+00:00,0.008213140145955332,0.1485,0.1535,0.151238,0.151,2473.12,ETH-11SEP26,0.8321999999999999,0.98632,0.07842,37.0,36.0,0.0050000000000000044,ETH,2472.94,13581.32
2026-09-08T08:00:13.008530+00:00,ETH-25JUN27-1900-C,2549.45,ETH-25JUN27,call,1900.0,2027-06-25T08:00:00+00:00,0.7939763160528684,0.325,0.3375,0.330796,0.33125,2549.45,ETH-25JUN27,0.5733,0.79704,6.41903,115.0,0.0,0.012500000000000011,ETH,2472.94,0.0
2026-09-08T08:00:13.008530+00:00,ETH-26MAR27-2000-P,2522.31,ETH-26MAR27,put,2000.0,2027-03-26T08:00:00+00:00,0.5448318944238473,0.0645,0.067,0.065743,0.06575,2522.31,ETH-26MAR27,0.5616,-0.22152,5.53671,1914.0,2.0,0.0025000000000000022,ETH,2472.94,322.71
2026-09-08T08:00:13.008530+00:00,ETH-25JUN27-3900-C,2549.45,ETH-25JUN27,call,3900.0,2027-06-25T08:00:00+00:00,0.7939763160528684,0.068,0.071,0.068817,0.0695,2549.45,ETH-25JUN27,0.5681,0.27892,7.63615,160.0,0.0,0.002999999999999989,ETH,2472.94,0.0
2026-09-08T08:00:13.008530+00:00,ETH-25SEP26-2100-P,2477.21,ETH-25SEP26,put,2100.0,2026-09-25T08:00:00+00:00,0.046543051165804754,0.0042,0.0047,0.004503,0.00445,2477.21,ETH-25SEP26,0.5639,-0.07784,0.77854,37194.0,620.0,0.0005000000000000004,ETH,2472.96,6585.79
2026-09-08T08:00:13.008530+00:00,ETH-27NOV26-2150-C,2490.48,ETH-27NOV26,call,2150.0,2026-11-27T08:00:00+00:00,0.21902765075512712,0.173,0.181,0.176745,0.177,2490.48,ETH-27NOV26,0.5357999999999999,0.76177,3.61045,0.0,0.0,0.008000000000000007,ETH,2472.96,0.0
2026-09-08T08:00:13.008530+00:00,ETH-27NOV26-3400-C,2490.48,ETH-27NOV26,call,3400.0,2026-11-27T08:00:00+00:00,0.21902765075512712,0.0175,0.019,0.018256,0.01825,2490.48,ETH-27NOV26,0.5667,0.14914,2.70841,359.0,49.0,0.0014999999999999979,ETH,2472.96,2238.07
2026-09-08T08:00:13.008530+00:00,ETH-11SEP26-2400-P,2473.12,ETH-11SEP26,put,2400.0,2026-09-11T08:00:00+00:00,0.008213140145955332,0.005,0.006,0.00571,0.0055,2473.12,ETH-11SEP26,0.46140000000000003,-0.22933,0.67953,6076.0,157.0,0.001,ETH,2472.96,2221.43
2026-09-08T08:00:13.008530+00:00,ETH-27NOV26-3000-C,2490.48,ETH-27NOV26,call,3000.0,2026-11-27T08:00:00+00:00,0.21902765075512712,0.0365,0.0375,0.037099,0.037,2490.48,ETH-27NOV26,0.5401,0.2712,3.86422,352.0,0.0,0.0010000000000000009,ETH,2473.1,0.0
2026-09-08T08:00:13.008530+00:00,ETH-25SEP26-16000-P,2477.19,ETH-25SEP26,put,16000.0,2026-09-25T08:00:00+00:00,0.046543051165804754,5.4235,5.4825,5.458958,5.453,2477.19,ETH-25SEP26,1.8954,-0.99999,0.00016,30.0,0.0,0.05900000000000016,ETH,2473.1,0.0
2026-09-08T08:00:13.008530+00:00,ETH-25SEP26-2050-P,2477.19,ETH-25SEP26,put,2050.0,2026-09-25T08:00:00+00:00,0.046543051165804754,0.0031,0.0035,0.003328,0.0033,2477.19,ETH-25SEP26,0.5835,-0.05854,0.62469,4025.0,22.0,0.0004000000000000002,ETH,2473.1,184.41
2026-09-08T08:00:13.008530+00:00,ETH-10SEP26-2500-P,2472.85,ETH-10SEP26,put,2500.0,2026-09-10T08:00:00+00:00,0.005475289358823231,0.016,0.0215,0.019414,0.01875,2472.85,ETH-10SEP26,0.44439999999999996,-0.6224,0.69533,85.0,44.0,0.005499999999999998,ETH,2473.1,1911.68
2026-09-08T08:00:13.008530+00:00,ETH-25JUN27-6000-C,2549.45,ETH-25JUN27,call,6000.0,2027-06-25T08:00:00+00:00,0.7939763160528684,0.019,0.0215,0.019935,0.02025,2549.45,ETH-25JUN27,0.6093,0.09613,3.87524,1426.0,33.0,0.0024999999999999988,ETH,2473.1,1615.55
2026-09-08T08:00:13.008530+00:00,ETH-11SEP26-3000-P,2473.14,ETH-11SEP26,put,3000.0,2026-09-11T08:00:00+00:00,0.008213140145955332,0.2095,0.2165,0.213132,0.213,2473.14,ETH-11SEP26,0.7907,-0.99606,0.0262,0.0,0.0,0.007000000000000006,ETH,2473.1,0.0
2026-09-08T08:00:13.008530+00:00,ETH-26MAR27-4500-P,2522.31,ETH-26MAR27,put,4500.0,2027-03-26T08:00:00+00:00,0.5448318944238473,0.793,0.8195,0.808143,0.80625,2522.31,ETH-26MAR27,0.5869,-0.86842,3.97353,0.0,0.0,0.026499999999999968,ETH,2473.1,0.0
2026-09-08T08:00:13.008530+00:00,ETH-9SEP26-2800-P,2472.63,ETH-9SEP26,put,2800.0,2026-09-09T08:00:00+00:00,0.00273743857169113,0.129,0.1355,0.132414,0.13225,2472.63,ETH-9SEP26,0.695,-0.99966,0.00161,0.0,0.0,0.006500000000000006,ETH,2473.22,0.0
2026-09-08T08:00:13.008530+00:00,ETH-25SEP26-1600-C,2477.19,ETH-25SEP26,call,1600.0,2026-09-25T08:00:00+00:00,0.046543051165804754,0.352,0.357,0.354454,0.3545,2477.19,ETH-25SEP26,0.8312999999999999,0.99425,0.08751,3418.0,0.0,0.0050000000000000044,ETH,2473.22,0.0
2026-09-08T08:00:13.008530+00:00,ETH-27NOV26-4200-P,2490.48,ETH-27NOV26,put,4200.0,2026-11-27T08:00:00+00:00,0.21902765075512712,0.682,0.6995,0.692368,0.69075,2490.48,ETH-27NOV26,0.6318,-0.9472,1.25599,0.0,0.0,0.01749999999999996,ETH,2473.22,0.0
2026-09-08T08:00:13.008530+00:00,ETH-27NOV26-1600-P,2490.48,ETH-27NOV26,put,1600.0,2026-11-27T08:00:00+00:00,0.21902765075512712,0.0065,0.0075,0.007091,0.007,2490.48,ETH-27NOV26,0.6345000000000001,-0.05063,1.21476,59.0,0.0,0.001,ETH,2473.22,0.0
2026-09-08T08:00:13.008530+00:00,ETH-27NOV26-2300-P,2490.48,ETH-27NOV26,put,2300.0,2026-11-27T08:00:00+00:00,0.21902765075512712,0.06,0.0615,0.060788,0.06075,2490.48,ETH-27NOV26,0.5256000000000001,-0.32729,4.20945,302.0,0.0,0.0015000000000000013,ETH,2473.19,0.0
2026-09-08T08:00:13.008530+00:00,ETH-26MAR27-3000-P,2522.31,ETH-26MAR27,put,3000.0,2027-03-26T08:00:00+00:00,0.5448318944238473,0.2825,0.293,0.285845,0.28775,2522.31,ETH-26MAR27,0.5479999999999999,-0.58933,7.24434,370.0,0.0,0.01050000000000001,ETH,2473.22,0.0
2026-09-08T08:00:13.008530+00:00,ETH-25DEC26-5200-P,2497.32,ETH-25DEC26,put,5200.0,2026-12-25T08:00:00+00:00,0.295687472794826,1.0715,1.0985,1.086071,1.085,2497.32,ETH-25DEC26,0.659,-0.96894,0.95152,0.0,0.0,0.027000000000000135,ETH,2473.19,0.0
2026-09-08T08:00:13.008530+00:00,ETH-25JUN27-3900-P,2549.39,ETH-25JUN27,put,3900.0,2027-06-25T08:00:00+00:00,0.7939763160528684,0.586,0.608,0.598757,0.597,2549.39,ETH-25JUN27,0.5681,-0.72099,7.63835,0.0,0.0,0.02200000000000002,ETH,2473.19,0.0
2026-09-08T08:00:13.008530+00:00,ETH-25DEC26-4800-C,2497.34,ETH-25DEC26,call,4800.0,2026-12-25T08:00:00+00:00,0.295687472794826,0.005,0.006,0.005419,0.0055,2497.34,ETH-25DEC26,0.6364,0.04331,1.24872,2708.0,17.0,0.001,ETH,2473.19,231.89
2026-09-08T08:00:13.008530+00:00,ETH-25JUN27-4400-C,2549.39,ETH-25JUN27,call,4400.0,2027-06-25T08:00:00+00:00,0.7939763160528684,0.048,0.051,0.049003,0.0495,2549.39,ETH-25JUN27,0.5771000000000001,0.21098,6.56878,173.0,0.0,0.0029999999999999957,ETH,2473.19,0.0
2026-09-08T08:00:13.008530+00:00,ETH-9SEP26-2400-P,2472.63,ETH-9SEP26,put,2400.0,2026-09-09T08:00:00+00:00,0.00273743857169113,0.001,0.0013,0.001277,0.00115,2472.63,ETH-9SEP26,0.4653,-0.10323,0.23228,657.0,606.0,0.0002999999999999999,ETH,2473.34,1820.24
2026-09-08T08:00:13.008530+00:00,ETH-25JUN27-2000-P,2549.45,ETH-25JUN27,put,2000.0,2027-06-25T08:00:00+00:00,0.7939763160528684,0.0885,0.0915,0.090121,0.09,2549.45,ETH-25JUN27,0.5679,-0.23175,6.93122,1802.0,5.0,0.0030000000000000027,ETH,2473.19,1109.78
2026-09-08T08:00:13.008530+00:00,ETH-11SEP26-2480-C,2473.14,ETH-11SEP26,call,2480.0,2026-09-11T08:00:00+00:00,0.008213140145955332,0.0145,0.0155,0.01509,0.015,2473.14,ETH-11SEP26,0.4542,0.48388,0.89367,196.0,196.0,0.0009999999999999992,ETH,2473.34,11034.08
2026-09-08T08:00:13.008530+00:00,ETH-25SEP26-2050-C,2477.19,ETH-25SEP26,call,2050.0,2026-09-25T08:00:00+00:00,0.046543051165804754,0.173,0.1785,0.175774,0.17575,2477.19,ETH-25SEP26,0.5835,0.94156,0.62391,19.0,0.0,0.005500000000000005,ETH,2473.19,0.0
2026-09-08T08:00:13.008530+00:00,ETH-11SEP26-2540-P,2473.14,ETH-11SEP26,put,2540.0,2026-09-11T08:00:00+00:00,0.008213140145955332,0.0315,0.0365,0.034141,0.034,2473.14,ETH-11SEP26,0.47409999999999997,-0.72357,0.74999,0.0,0.0,0.0049999999999999975,ETH,2473.34,0.0
2026-09-08T08:00:13.008530+00:00,ETH-25DEC26-2700-P,2497.34,ETH-25DEC26,put,2700.0,2026-12-25T08:00:00+00:00,0.295687472794826,0.163,0.1645,0.163346,0.16375,2497.34,ETH-25DEC26,0.5262,-0.55115,5.37611,1122.0,85.0,0.0015000000000000013,ETH,2473.34,33786.37
2026-09-08T08:00:13.008530+00:00,ETH-25SEP26-7500-C,2477.19,ETH-25SEP26,call,7500.0,2026-09-25T08:00:00+00:00,0.046543051165804754,,0.0001,1e-06,,2477.19,ETH-25SEP26,1.1895,1e-05,0.00033,2159.0,0.0,,ETH,2473.34,0.0
2026-09-08T08:00:13.008530+00:00,ETH-25SEP26-6800-P,2477.21,ETH-25SEP26,put,6800.0,2026-09-25T08:00:00+00:00,0.046543051165804754,1.7365,1.7555,1.745058,1.746,2477.21,ETH-25SEP26,1.1040999999999999,-0.99998,0.00044,0.0,0.0,0.019000000000000128,ETH,2473.34,0.0
2026-09-08T08:00:13.008530+00:00,ETH-27NOV26-2650-P,2490.48,ETH-27NOV26,put,2650.0,2026-11-27T08:00:00+00:00,0.21902765075512712,0.1305,0.139,0.135943,0.13475,2490.48,ETH-27NOV26,0.5238,-0.55141,4.61431,100.0,0.0,0.008500000000000008,ETH,2473.39,0.0
2026-09-08T08:00:13.008530+00:00,ETH-10SEP26-2660-C,2472.88,ETH-10SEP26,call,2660.0,2026-09-10T08:00:00+00:00,0.005475289358823231,0.0005,0.0007,0.000707,0.0006,2472.88,ETH-10SEP26,0.5648,0.04174,0.16323,191.0,6.0,0.00019999999999999998,ETH,2473.39,28.38
2026-09-08T08:00:13.008530+00:00,ETH-25DEC26-7000-C,2497.34,ETH-25DEC26,call,7000.0,2026-12-25T08:00:00+00:00,0.295687472794826,0.001,0.0015,0.001107,0.00125,2497.34,ETH-25DEC26,0.7406,0.00927,0.339,3002.0,0.0,0.0005,ETH,2473.39,0.0
2026-09-08T08:00:13.008530+00:00,ETH-25SEP26-2250-P,2477.21,ETH-25SEP26,put,2250.0,2026-09-25T08:00:00+00:00,0.046543051165804754,0.011,0.012,0.011595,0.0115,2477.21,ETH-25SEP26,0.5199,-0.1798,1.40216,4447.0,3.0,0.0010000000000000009,ETH,2473.39,77.34
2026-09-08T08:00:13.008530+00:00,ETH-11SEP26-2350-C,2473.12,ETH-11SEP26,call,2350.0,2026-09-11T08:00:00+00:00,0.008213140145955332,0.05,0.055,0.052477,0.0525,2473.12,ETH-11SEP26,0.4905,0.88055,0.44704,275.0,0.0,0.0049999999999999975,ETH,2473.4,0.0
2026-09-08T08:00:13.008530+00:00,ETH-25DEC26-1800-P,2497.34,ETH-25DEC26,put,1800.0,2026-12-25T08:00:00+00:00,0.295687472794826,0.0195,0.0205,0.020265,0.02,2497.34,ETH-25DEC26,0.5769,-0.1148,2.63426,5256.0,0.0,0.0010000000000000009,ETH,2473.4,0.0
2026-09-08T08:00:13.008530+00:00,ETH-18SEP26-3000-C,2474.89,ETH-18SEP26,call,3000.0,2026-09-18T08:00:00+00:00,0.027378095655880043,0.0015,0.0018,0.001665,0.00165,2474.89,ETH-18SEP26,0.645,0.04039,0.35585,727.0,3.0,0.0002999999999999999,ETH,2473.4,15.71
2026-09-08T08:00:13.008530+00:00,ETH-27NOV26-3600-C,2490.48,ETH-27NOV26,call,3600.0,2026-11-27T08:00:00+00:00,0.21902765075512712,0.013,0.014,0.013303,0.0135,2490.48,ETH-27NOV26,0.5827,0.11257,2.22963,1723.0,0.0,0.0010000000000000009,ETH,2473.4,0.0
2026-09-08T08:00:13.008530+00:00,ETH-25JUN27-1400-P,2549.45,ETH-25JUN27,put,1400.0,2027-06-25T08:00:00+00:00,0.7939763160528684,0.0275,0.03,0.028778,0.02875,2549.45,ETH-25JUN27,0.6236,-0.08741,3.61203,1801.0,0.0,0.0024999999999999988,ETH,2473.4,0.0
2026-09-08T08:00:13.008530+00:00,ETH-10SEP26-2560-C,2472.85,ETH-10SEP26,call,2560.0,2026-09-10T08:00:00+00:00,0.005475289358823231,0.0029,0.0034,0.003207,0.00315,2472.85,ETH-10SEP26,0.483,0.17237,0.46724,247.0,61.0,0.0005,ETH,2473.37,867.53
2026-09-08T08:00:13.008530+00:00,ETH-25JUN27-1600-C,2549.39,ETH-25JUN27,call,1600.0,2027-06-25T08:00:00+00:00,0.7939763160528684,0.4105,0.422,0.415918,0.41625,2549.39,ETH-25JUN27,0.5982,0.87305,4.73027,379.0,0.0,0.01150000000000001,ETH,2473.4,0.0
2026-09-08T08:00:13.008530+00:00,ETH-27NOV26-2950-C,2490.48,ETH-27NOV26,call,2950.0,2026-11-27T08:00:00+00:00,0.21902765075512712,0.04,0.0415,0.040763,0.04075,2490.48,ETH-27NOV26,0.5375,0.2926,4.00911,150.0,0.0,0.0015000000000000013,ETH,2473.37,0.0
2026-09-08T08:00:13.008530+00:00,ETH-27NOV26-2750-C,2490.48,ETH-27NOV26,call,2750.0,2026-11-27T08:00:00+00:00,0.21902765075512712,0.0585,0.06,0.059422,0.05925,2490.48,ETH-27NOV26,0.5274,0.39101,4.47828,533.0,0.0,0.0014999999999999944,ETH,2473.37,0.0
2026-09-08T08:00:13.008530+00:00,ETH-25DEC26-5000-C,2497.32,ETH-25DEC26,call,5000.0,2026-12-25T08:00:00+00:00,0.295687472794826,0.0044,0.005,0.00453,0.0047,2497.32,ETH-25DEC26,0.6478,0.03654,1.08764,4228.0,0.0,0.0005999999999999998,ETH,2473.37,0.0
2026-09-08T08:00:13.008530+00:00,ETH-26MAR27-2900-P,2522.28,ETH-26MAR27,put,2900.0,2027-03-26T08:00:00+00:00,0.5448318944238473,0.248,0.2635,0.256767,0.25575,2522.28,ETH-26MAR27,0.5464,-0.55701,7.35595,258.0,0.0,0.015500000000000014,ETH,2473.37,0.0
2026-09-08T08:00:13.008530+00:00,ETH-9SEP26-2280-C,2472.63,ETH-9SEP26,call,2280.0,2026-09-09T08:00:00+00:00,0.00273743857169113,0.075,0.0805,0.077983,0.07775,2472.63,ETH-9SEP26,0.6473,0.99227,0.02751,18.0,0.0,0.005500000000000005,ETH,2473.35,0.0
2026-09-08T08:00:13.008530+00:00,ETH-25JUN27-4500-C,2549.45,ETH-25JUN27,call,4500.0,2027-06-25T08:00:00+00:00,0.7939763160528684,0.045,0.048,0.045893,0.0465,2549.45,ETH-25JUN27,0.5789,0.19974,6.35909,1489.0,0.0,0.0030000000000000027,ETH,2473.35,0.0
2026-09-08T08:00:13.008530+00:00,ETH-25SEP26-4500-C,2477.19,ETH-25SEP26,call,4500.0,2026-09-25T08:00:00+00:00,0.046543051165804754,,0.0002,8.2e-05,,2477.19,ETH-25SEP26,0.9047,0.00154,0.0268,8196.0,0.0,,ETH,2473.37,0.0
2026-09-08T08:00:13.008530+00:00,ETH-25SEP26-2750-P,2477.19,ETH-25SEP26,put,2750.0,2026-09-25T08:00:00+00:00,0.046543051165804754,0.119,0.1255,0.122143,0.12225,2477.19,ETH-25SEP26,0.5336,-0.80165,1.48955,0.0,0.0,0.006500000000000006,ETH,2473.35,0.0
2026-09-08T08:00:13.008530+00:00,ETH-27NOV26-2900-C,2490.51,ETH-27NOV26,call,2900.0,2026-11-27T08:00:00+00:00,0.21902765075512712,0.044,0.0455,0.044749,0.04475,2490.51,ETH-27NOV26,0.5346,0.31497,4.14309,157.0,10.0,0.0015000000000000013,ETH,2473.35,1093.89
2026-09-08T08:00:13.008530+00:00,ETH-26MAR27-4400-P,2522.31,ETH-26MAR27,put,4400.0,2027-03-26T08:00:00+00:00,0.5448318944238473,0.756,0.782,0.770503,0.769,2522.31,ETH-26MAR27,0.5838,-0.85875,4.17151,2.0,0.0,0.026000000000000023,ETH,2473.35,0.0
2026-09-08T08:00:13.008530+00:00,ETH-9SEP26-2580-C,2472.63,ETH-9SEP26,call,2580.0,2026-09-09T08:00:00+00:00,0.00273743857169113,0.0004,0.0006,0.000665,0.0005,2472.63,ETH-9SEP26,0.514,0.05624,0.14642,881.0,782.0,0.00019999999999999993,ETH,2473.26,3627.58
2026-09-08T08:00:13.008530+00:00,ETH-30OCT26-1600-P,2483.22,ETH-30OCT26,put,1600.0,2026-10-30T08:00:00+00:00,0.1423678287154283,0.0028,0.0032,0.003,0.003,2483.22,ETH-30OCT26,0.6557999999999999,-0.02866,0.61414,2121.0,1.0,0.0004000000000000002,ETH,2473.26,6.97
2026-09-08T08:00:13.008530+00:00,ETH-25JUN27-4200-C,2549.45,ETH-25JUN27,call,4200.0,2027-06-25T08:00:00+00:00,0.7939763160528684,0.055,0.058,0.055885,0.0565,2549.45,ETH-25JUN27,0.5732,0.23547,6.993,576.0,0.0,0.0030000000000000027,ETH,2473.26,0.0
2026-09-08T08:00:13.008530+00:00,ETH-25SEP26-7000-C,2477.19,ETH-25SEP26,call,7000.0,2026-09-25T08:00:00+00:00,0.046543051165804754,,0.0001,1e-06,,2477.19,ETH-25SEP26,1.1240999999999999,2e-05,0.00037,2135.0,0.0,,ETH,2473.26,0.0
2026-09-08T08:00:13.008530+00:00,ETH-27NOV26-2500-P,2490.48,ETH-27NOV26,put,2500.0,2026-11-27T08:00:00+00:00,0.21902765075512712,0.098,0.1005,0.099275,0.09925,2490.48,ETH-27NOV26,0.5215,-0.45714,4.62591,422.0,0.0,0.0025000000000000022,ETH,2473.26,0.0
2026-09-08T08:00:13.008530+00:00,ETH-25SEP26-11000-P,2477.19,ETH-25SEP26,put,11000.0,2026-09-25T08:00:00+00:00,0.046543051165804754,3.427,3.4585,3.440534,3.44275,2477.19,ETH-25SEP26,1.5529,-0.99999,0.00022,0.0,0.0,0.03149999999999986,ETH,2473.26,0.0
2026-09-08T08:00:13.008530+00:00,ETH-11SEP26-2250-C,2473.12,ETH-11SEP26,call,2250.0,2026-09-11T08:00:00+00:00,0.008213140145955332,0.088,0.094,0.091136,0.091,2473.12,ETH-11SEP26,0.6076,0.96015,0.1926,279.0,0.0,0.006000000000000005,ETH,2473.07,0.0
2026-09-08T08:00:13.008530+00:00,ETH-18SEP26-2650-C,2474.89,ETH-18SEP26,call,2650.0,2026-09-18T08:00:00+00:00,0.027378095655880043,0.0105,0.0115,0.011177,0.011,2474.89,ETH-18SEP26,0.5275,0.23068,1.24612,1888.0,5.0,0.0009999999999999992,ETH,2473.07,142.42
2026-09-08T08:00:13.008530+00:00,ETH-25SEP26-3300-P,2477.21,ETH-25SEP26,put,3300.0,2026-09-25T08:00:00+00:00,0.046543051165804754,0.33,0.338,0.333779,0.334,2477.21,ETH-25SEP26,0.6799,-0.97004,0.36337,3.0,0.0,0.008000000000000007,ETH,2473.26,0.0
2026-09-08T08:00:13.008530+00:00,ETH-26MAR27-1000-C,2522.31,ETH-26MAR27,call,1000.0,2027-03-26T08:00:00+00:00,0.5448318944238473,0.606,0.614,0.609659,0.61,2522.31,ETH-26MAR27,0.738,0.97561,1.0664,269.0,0.0,0.008000000000000007,ETH,2473.07,0.0
2026-09-08T08:00:13.008530+00:00,ETH-25JUN27-3300-C,2549.45,ETH-25JUN27,call,3300.0,2027-06-25T08:00:00+00:00,0.7939763160528684,0.106,0.1095,0.107261,0.10775,2549.45,ETH-25JUN27,0.5589999999999999,0.39422,8.74693,2273.0,0.0,0.003500000000000003,ETH,2473.07,0.0
2026-09-08T08:00:13.008530+00:00,ETH-27NOV26-4000-C,2490.48,ETH-27NOV26,call,4000.0,2026-11-27T08:00:00+00:00,0.21902765075512712,0.007,0.008,0.00756,0.0075,2490.48,ETH-27NOV26,0.6152000000000001,0.06674,1.50922,78.0,0.0,0.001,ETH,2473.01,0.0
2026-09-08T08:00:13.008530+00:00,ETH-11SEP26-2420-P,2473.14,ETH-11SEP26,put,2420.0,2026-09-11T08:00:00+00:00,0.008213140145955332,0.007,0.008,0.0077,0.0075,2473.14,ETH-11SEP26,0.4537,-0.29041,0.76783,556.0,196.0,0.001,ETH,2473.01,3234.75
2026-09-08T08:00:13.008530+00:00,ETH-9SEP26-2280-P,2472.63,ETH-9SEP26,put,2280.0,2026-09-09T08:00:00+00:00,0.00273743857169113,,0.0004,8.9e-05,,2472.63,ETH-9SEP26,0.6473,-0.00783,0.0278,26.0,13.0,,ETH,2473.01,4.99
2026-09-08T08:00:13.008530+00:00,ETH-25JUN27-1500-C,2549.39,ETH-25JUN27,call,1500.0,2027-06-25T08:00:00+00:00,0.7939763160528684,0.4415,0.4535,0.447077,0.4475,2549.39,ETH-25JUN27,0.6096,0.89403,4.16058,50.0,0.0,0.01200000000000001,ETH,2473.01,0.0
2026-09-08T08:00:13.008530+00:00,ETH-25SEP26-8000-C,2477.19,ETH-25SEP26,call,8000.0,2026-09-25T08:00:00+00:00,0.046543051165804754,,0.0001,1e-06,,2477.19,ETH-25SEP26,1.2502,1e-05,0.0003,1654.0,0.0,,ETH,2473.01,0.0
2026-09-08T08:00:13.008530+00:00,ETH-9SEP26-2580-P,2472.63,ETH-9SEP26,put,2580.0,2026-09-09T08:00:00+00:00,0.00273743857169113,0.041,0.047,0.044101,0.044,2472.63,ETH-9SEP26,0.514,-0.94443,0.14502,0.0,0.0,0.005999999999999998,ETH,2473.01,0.0
2026-09-08T08:00:13.008530+00:00,ETH-25DEC26-6500-P,2497.34,ETH-25DEC26,put,6500.0,2026-12-25T08:00:00+00:00,0.295687472794826,1.5855,1.6175,1.604334,1.6015,2497.34,ETH-25DEC26,0.7226,-0.9873,0.44557,0.0,0.0,0.03200000000000003,ETH,2473.11,0.0
2026-09-08T08:00:13.008530+00:00,ETH-25SEP26-4200-P,2477.21,ETH-25SEP26,put,4200.0,2026-09-25T08:00:00+00:00,0.046543051165804754,0.6905,0.7015,0.695597,0.696,2477.21,ETH-25SEP26,0.8393,-0.99763,0.03958,551.0,0.0,0.01100000000000001,ETH,2473.01,0.0
2026-09-08T08:00:13.008530+00:00,ETH-26MAR27-3600-C,2522.31,ETH-26MAR27,call,3600.0,2027-03-26T08:00:00+00:00,0.5448318944238473,0.052,0.0545,0.052924,0.05325,2522.31,ETH-26MAR27,0.5611999999999999,0.25753,6.01193,2292.0,0.0,0.0025000000000000022,ETH,2473.01,0.0
2026-09-08T08:00:13.008530+00:00,ETH-26MAR27-3400-P,2522.31,ETH-26MAR27,put,3400.0,2027-03-26T08:00:00+00:00,0.5448318944238473,0.4015,0.4195,0.412259,0.4105,2522.31,ETH-26MAR27,0.5561,-0.699,6.48615,6.0,0.0,0.01799999999999996,ETH,2473.11,0.0
2026-09-08T08:00:13.008530+00:00,ETH-30OCT26-1400-C,2483.28,ETH-30OCT26,call,1400.0,2026-10-30T08:00:00+00:00,0.1423678287154283,0.435,0.441,0.437536,0.438,2483.28,ETH-30OCT26,0.728,0.98694,0.31512,50.0,0.0,0.006000000000000005,ETH,2473.11,0.0
2026-09-08T08:00:13.008530+00:00,ETH-25DEC26-2600-C,2497.34,ETH-25DEC26,call,2600.0,2026-12-25T08:00:00+00:00,0.295687472794826,0.0955,0.097,0.096376,0.09625,2497.34,ETH-25DEC26,0.5246,0.50082,5.42019,9785.0,44.0,0.0015000000000000013,ETH,2473.11,10780.69
2026-09-08T08:00:13.008530+00:00,ETH-10SEP26-2700-P,2472.85,ETH-10SEP26,put,2700.0,2026-09-10T08:00:00+00:00,0.005475289358823231,0.089,0.0955,0.092254,0.09225,2472.85,ETH-10SEP26,0.5893,-0.97747,0.09797,0.0,0.0,0.006500000000000006,ETH,2473.19,0.0
2026-09-08T08:00:13.008530+00:00,ETH-25JUN27-2400-C,2549.45,ETH-25JUN27,call,2400.0,2027-06-25T08:00:00+00:00,0.7939763160528684,0.2145,0.229,0.220953,0.22175,2549.45,ETH-25JUN27,0.557,0.64447,8.46681,907.0,0.0,0.014500000000000013,ETH,2473.19,0.0
2026-09-08T08:00:13.008530+00:00,ETH-25JUN27-5000-C,2549.45,ETH-25JUN27,call,5000.0,2027-06-25T08:00:00+00:00,0.7939763160528684,0.033,0.0355,0.03383,0.03425,2549.45,ETH-25JUN27,0.5888,0.15376,5.38782,2381.0,0.0,0.0024999999999999953,ETH,2473.19,0.0
2026-09-08T08:00:13.008530+00:00,ETH-25JUN27-2500-P,2549.45,ETH-25JUN27,put,2500.0,2027-06-25T08:00:00+00:00,0.7939763160528684,0.1825,0.186,0.184377,0.18425,2549.45,ETH-25JUN27,0.5561,-0.38671,8.7001,1154.0,0.0,0.003500000000000003,ETH,2473.19,0.0
2026-09-08T08:00:13.008530+00:00,ETH-18SEP26-2100-C,2474.89,ETH-18SEP26,call,2100.0,2026-09-18T08:00:00+00:00,0.027378095655880043,0.1505,0.156,0.153433,0.15325,2474.89,ETH-18SEP26,0.6068,0.95426,0.39346,0.0,0.0,0.005500000000000005,ETH,2473.19,0.0
2026-09-08T08:00:13.008530+00:00,ETH-30OCT26-1850-P,2483.22,ETH-30OCT26,put,1850.0,2026-10-30T08:00:00+00:00,0.1423678287154283,0.0075,0.008,0.007791,0.00775,2483.22,ETH-30OCT26,0.58,-0.07281,1.2973,1324.0,0.0,0.0005000000000000004,ETH,2473.19,0.0
2026-09-08T08:00:13.008530+00:00,ETH-10SEP26-2650-P,2472.85,ETH-10SEP26,put,2650.0,2026-09-10T08:00:00+00:00,0.005475289358823231,0.069,0.0755,0.072487,0.07225,2472.85,ETH-10SEP26,0.5574,-0.95151,0.18417,0.0,0.0,0.006499999999999992,ETH,2473.29,0.0
2026-09-08T08:00:13.008530+00:00,ETH-18SEP26-2400-C,2474.89,ETH-18SEP26,call,2400.0,2026-09-18T08:00:00+00:00,0.027378095655880043,0.048,0.052,0.049815,0.05,2474.89,ETH-18SEP26,0.4997,0.66113,1.49925,202.0,0.0,0.003999999999999997,ETH,2473.29,0.0
2026-09-08T08:00:13.008530+00:00,ETH-25SEP26-2650-P,2477.19,ETH-25SEP26,put,2650.0,2026-09-25T08:00:00+00:00,0.046543051165804754,0.0845,0.092,0.088982,0.08825,2477.19,ETH-25SEP26,0.5158,-0.70849,1.8346,0.0,0.0,0.007499999999999993,ETH,2473.19,0.0
2026-09-08T08:00:13.008530+00:00,ETH-10SEP26-2360-C,2472.85,ETH-10SEP26,call,2360.0,2026-09-10T08:00:00+00:00,0.005475289358823231,0.045,0.05,0.047365,0.0475,2472.85,ETH-10SEP26,0.49770000000000003,0.90431,0.31095,0.0,0.0,0.0050000000000000044,ETH,2473.29,0.0
2026-09-08T08:00:13.008530+00:00,ETH-25DEC26-4200-C,2497.34,ETH-25DEC26,call,4200.0,2026-12-25T08:00:00+00:00,0.295687472794826,0.0095,0.0105,0.009873,0.01,2497.34,ETH-25DEC26,0.5996,0.07637,1.9501,5295.0,2.0,0.0010000000000000009,ETH,2473.29,53.68
2026-09-08T08:00:13.008530+00:00,ETH-30OCT26-2550-C,2483.22,ETH-30OCT26,call,2550.0,2026-10-30T08:00:00+00:00,0.1423678287154283,0.065,0.066,0.065368,0.0655,2483.22,ETH-30OCT26,0.5128,0.4844,3.73717,1490.0,9.0,0.0010000000000000009,ETH,2473.29,1623.44
2026-09-08T08:00:13.008530+00:00,ETH-25SEP26-8500-C,2477.21,ETH-25SEP26,call,8500.0,2026-09-25T08:00:00+00:00,0.046543051165804754,,0.0001,1e-06,,2477.21,ETH-25SEP26,1.3075,1e-05,0.00028,1699.0,0.0,,ETH,2473.29,0.0
2026-09-08T08:00:13.008530+00:00,ETH-27NOV26-2600-C,2490.48,ETH-27NOV26,call,2600.0,2026-11-27T08:00:00+00:00,0.21902765075512712,0.0785,0.08,0.079017,0.07925,2490.48,ETH-27NOV26,0.5225,0.47913,4.64652,197.0,0.0,0.0015000000000000013,ETH,2473.41,0.0
2026-09-08T08:00:13.008530+00:00,ETH-26MAR27-5000-P,2522.31,ETH-26MAR27,put,5000.0,2027-03-26T08:00:00+00:00,0.5448318944238473,0.982,1.012,0.998944,0.997,2522.31,ETH-26MAR27,0.6029,-0.90555,3.13517,0.0,0.0,0.030000000000000027,ETH,2473.41,0.0
2026-09-08T08:00:13.008530+00:00,ETH-25SEP26-4500-P,2477.19,ETH-25SEP26,put,4500.0,2026-09-25T08:00:00+00:00,0.046543051165804754,0.811,0.8225,0.816663,0.81675,2477.19,ETH-25SEP26,0.9047,-0.99846,0.02678,6.0,0.0,0.011499999999999955,ETH,2473.41,0.0
2026-09-08T08:00:13.008530+00:00,ETH-10SEP26-2750-P,2472.85,ETH-10SEP26,put,2750.0,2026-09-10T08:00:00+00:00,0.005475289358823231,0.1085,0.1155,0.112273,0.112,2472.85,ETH-10SEP26,0.6199,-0.98868,0.05433,0.0,0.0,0.007000000000000006,ETH,2473.16,0.0
2026-09-08T08:00:13.008530+00:00,ETH-30OCT26-3200-C,2483.22,ETH-30OCT26,call,3200.0,2026-10-30T08:00:00+00:00,0.1423678287154283,0.013,0.014,0.013492,0.0135,2483.22,ETH-30OCT26,0.5611,0.13778,2.06413,5041.0,76.0,0.0010000000000000009,ETH,2473.41,2802.93
2026-09-08T08:00:13.008530+00:00,ETH-18SEP26-2000-C,2474.89,ETH-18SEP26,call,2000.0,2026-09-18T08:00:00+00:00,0.027378095655880043,0.1905,0.1955,0.192918,0.193,2474.89,ETH-18SEP26,0.6713,0.97592,0.23208,18.0,0.0,0.0050000000000000044,ETH,2473.16,0.0
2026-09-08T08:00:13.008530+00:00,ETH-26MAR27-800-C,2522.28,ETH-26MAR27,call,800.0,2027-03-26T08:00:00+00:00,0.5448318944238473,0.6835,0.69,0.686212,0.68675,2522.28,ETH-26MAR27,0.8090999999999999,0.98683,0.63077,0.0,0.0,0.00649999999999995,ETH,2473.41,0.0
2026-09-08T08:00:13.008530+00:00,ETH-26MAR27-4400-C,2522.31,ETH-26MAR27,call,4400.0,2027-03-26T08:00:00+00:00,0.5448318944238473,0.025,0.027,0.026008,0.026,2522.31,ETH-26MAR27,0.5838,0.14121,4.17033,1063.0,1.0,0.0019999999999999983,ETH,2473.16,68.68
2026-09-08T08:00:13.008530+00:00,ETH-25DEC26-3000-P,2497.32,ETH-25DEC26,put,3000.0,2026-12-25T08:00:00+00:00,0.295687472794826,0.245,0.2565,0.252206,0.25075,2497.32,ETH-25DEC26,0.535,-0.6857,4.82246,781.0,0.0,0.01150000000000001,ETH,2473.16,0.0
2026-09-08T08:00:13.008530+00:00,ETH-25SEP26-2500-P,2477.19,ETH-25SEP26,put,2500.0,2026-09-25T08:00:00+00:00,0.046543051165804754,0.0475,0.0485,0.047949,0.048,2477.19,ETH-25SEP26,0.4996,-0.51176,2.13211,4609.0,34.0,0.0010000000000000009,ETH,2473.16,3882.11
2026-09-08T08:00:13.008530+00:00,ETH-25SEP26-13000-C,2477.19,ETH-25SEP26,call,13000.0,2026-09-25T08:00:00+00:00,0.046543051165804754,,0.0001,1e-06,,2477.19,ETH-25SEP26,1.7075,1e-05,0.00019,3307.0,0.0,,ETH,2473.16,0.0
2026-09-08T08:00:13.008530+00:00,ETH-25SEP26-7200-P,2477.19,ETH-25SEP26,put,7200.0,2026-09-25T08:00:00+00:00,0.046543051165804754,1.8975,1.917,1.906532,1.90725,2477.19,ETH-25SEP26,1.1496,-0.99999,0.00035,0.0,0.0,0.019500000000000073,ETH,2473.16,0.0
2026-09-08T08:00:13.008530+00:00,ETH-25JUN27-1900-P,2549.45,ETH-25JUN27,put,1900.0,2027-06-25T08:00:00+00:00,0.7939763160528684,0.0745,0.077,0.076151,0.07575,2549.45,ETH-25JUN27,0.5733,-0.20288,6.41839,3372.0,5.0,0.0025000000000000022,ETH,2473.16,932.17
2026-09-08T08:00:13.008530+00:00,ETH-27NOV26-3400-P,2490.48,ETH-27NOV26,put,3400.0,2026-11-27T08:00:00+00:00,0.21902765075512712,0.3755,0.39,0.383487,0.38275,2490.48,ETH-27NOV26,0.5667,-0.85065,2.71166,0.0,0.0,0.014500000000000013,ETH,2473.16,0.0
2026-09-08T08:00:13.008530+00:00,ETH-25DEC26-4500-C,2497.32,ETH-25DEC26,call,4500.0,2026-12-25T08:00:00+00:00,0.295687472794826,0.007,0.0075,0.007149,0.00725,2497.32,ETH-25DEC26,0.6173,0.05653,1.54474,3051.0,0.0,0.0004999999999999996,ETH,2473.16,0.0
2026-09-08T08:00:13.008530+00:00,ETH-9SEP26-2660-P,2472.63,ETH-9SEP26,put,2660.0,2026-09-09T08:00:00+00:00,0.00273743857169113,0.0725,0.079,0.075888,0.07575,2472.63,ETH-9SEP26,0.5915,-0.99038,0.03332,0.0,0.0,0.006500000000000006,ETH,2473.11,0.0
2026-09-08T08:00:13.008530+00:00,ETH-30OCT26-1000-P,2483.28,ETH-30OCT26,put,1000.0,2026-10-30T08:00:00+00:00,0.1423678287154283,,0.0025,0.000328,,2483.28,ETH-30OCT26,0.929,-0.0028,0.08067,1893.0,0.0,,ETH,2473.11,0.0
2026-09-08T08:00:13.008530+00:00,ETH-25JUN27-1400-C,2549.45,ETH-25JUN27,call,1400.0,2027-06-25T08:00:00+00:00,0.7939763160528684,0.475,0.4855,0.479569,0.48025,2549.45,ETH-25JUN27,0.6236,0.91257,3.61251,50.0,0.0,0.01050000000000001,ETH,2473.11,0.0
2026-09-08T08:00:13.008530+00:00,ETH-26MAR27-2300-C,2522.31,ETH-26MAR27,call,2300.0,2027-03-26T08:00:00+00:00,0.5448318944238473,0.196,0.2085,0.201503,0.20225,2522.31,ETH-26MAR27,0.5489999999999999,0.66664,6.77294,7621.0,0.0,0.012499999999999983,ETH,2473.11,0.0
2026-09-08T08:00:13.008530+00:00,ETH-25SEP26-6400-C,2477.19,ETH-25SEP26,call,6400.0,2026-09-25T08:00:00+00:00,0.046543051165804754,,0.0001,2e-06,,2477.19,ETH-25SEP26,1.0674,3e-05,0.0007,2860.0,0.0,,ETH,2473.11,0.0
2026-09-08T08:00:13.008530+00:00,ETH-25DEC26-3500-P,2497.34,ETH-25DEC26,put,3500.0,2026-12-25T08:00:00+00:00,0.295687472794826,0.4165,0.4315,0.425384,0.424,2497.34,ETH-25DEC26,0.5579,-0.83145,3.41921,62.0,0.0,0.015000000000000013,ETH,2473.11,0.0
2026-09-08T08:00:13.008530+00:00,ETH-26MAR27-6000-C,2522.31,ETH-26MAR27,call,6000.0,2027-03-26T08:00:00+00:00,0.5448318944238473,0.008,0.0095,0.00889,0.00875,2522.31,ETH-26MAR27,0.6344,0.05307,2.01417,5146.0,8.0,0.0014999999999999996,ETH,2473.11,173.17
2026-09-08T08:00:13.008530+00:00,ETH-10SEP26-2460-C,2472.85,ETH-10SEP26,call,2460.0,2026-09-10T08:00:00+00:00,0.005475289358823231,0.015,0.016,0.015623,0.0155,2472.85,ETH-10SEP26,0.43729999999999997,0.57036,0.71851,2.0,3.0,0.0010000000000000009,ETH,2472.71,138.93
2026-09-08T08:00:13.008530+00:00,ETH-11SEP26-2700-P,2473.12,ETH-11SEP26,put,2700.0,2026-09-11T08:00:00+00:00,0.008213140145955332,0.0895,0.096,0.092832,0.09275,2473.12,ETH-11SEP26,0.5809000000000001,-0.94951,0.23299,1.0,0.0,0.006500000000000006,ETH,2472.71,0.0
2026-09-08T08:00:13.008530+00:00,ETH-26MAR27-3500-P,2522.31,ETH-26MAR27,put,3500.0,2027-03-26T08:00:00+00:00,0.5448318944238473,0.4415,0.453,0.445917,0.44725,2522.31,ETH-26MAR27,0.5586,-0.72175,6.25011,24.0,0.0,0.01150000000000001,ETH,2472.71,0.0
2026-09-08T08:00:13.008530+00:00,ETH-30OCT26-3400-P,2483.28,ETH-30OCT26,put,3400.0,2026-10-30T08:00:00+00:00,0.1423678287154283,0.3735,0.3835,0.378186,0.3785,2483.28,ETH-30OCT26,0.5834,-0.90601,1.57175,0.0,0.0,0.010000000000000009,ETH,2472.71,0.0
2026-09-08T08:00:13.008530+00:00,ETH-25SEP26-3500-P,2477.19,ETH-25SEP26,put,3500.0,2026-09-25T08:00:00+00:00,0.046543051165804754,0.4095,0.419,0.413783,0.41425,2477.19,ETH-25SEP26,0.7254,-0.98345,0.22028,1121.0,60.0,0.009500000000000008,ETH,2472.71,61317.19
2026-09-08T08:00:13.008530+00:00,ETH-25DEC26-5200-C,2497.32,ETH-25DEC26,call,5200.0,2026-12-25T08:00:00+00:00,0.295687472794826,0.0037,0.0043,0.003831,0.004,2497.32,ETH-25DEC26,0.659,0.03103,0.95059,9215.0,0.0,0.0005999999999999998,ETH,2472.63,0.0
2026-09-08T08:00:13.008530+00:00,ETH-27NOV26-4400-C,2490.48,ETH-27NOV26,call,4400.0,2026-11-27T08:00:00+00:00,0.21902765075512712,0.0044,0.005,0.004718,0.0047,2490.48,ETH-27NOV26,0.6484000000000001,0.04246,1.05466,383.0,273.0,0.0005999999999999998,ETH,2472.63,3322.88
2026-09-08T08:00:13.008530+00:00,ETH-25SEP26-6500-C,2477.19,ETH-25SEP26,call,6500.0,2026-09-25T08:00:00+00:00,0.046543051165804754,,0.0001,1e-06,,2477.19,ETH-25SEP26,1.0823,3e-05,0.00068,1922.0,0.0,,ETH,2472.63,0.0
2026-09-08T08:00:13.008530+00:00,ETH-30OCT26-2250-C,2483.28,ETH-30OCT26,call,2250.0,2026-10-30T08:00:00+00:00,0.1423678287154283,0.127,0.1345,0.130214,0.13075,2483.28,ETH-30OCT26,0.5171,0.72671,3.11776,787.0,0.0,0.007500000000000007,ETH,2472.63,0.0
2026-09-08T08:00:13.008530+00:00,ETH-30OCT26-1900-P,2483.22,ETH-30OCT26,put,1900.0,2026-10-30T08:00:00+00:00,0.1423678287154283,0.009,0.0095,0.009563,0.00925,2483.22,ETH-30OCT26,0.5693,-0.08795,1.49616,1372.0,0.0,0.0005000000000000004,ETH,2472.63,0.0
2026-09-08T08:00:13.008530+00:00,ETH-30OCT26-2900-P,2483.28,ETH-30OCT26,put,2900.0,2026-10-30T08:00:00+00:00,0.1423678287154283,0.189,0.2,0.195307,0.1945,2483.28,ETH-30OCT26,0.5327000000000001,-0.74905,2.98411,0.0,0.0,0.01100000000000001,ETH,2472.43,0.0
2026-09-08T08:00:13.008530+00:00,ETH-11SEP26-3200-C,2473.14,ETH-11SEP26,call,3200.0,2026-09-11T08:00:00+00:00,0.008213140145955332,,0.0003,2.6e-05,,2473.14,ETH-11SEP26,0.9203,0.00115,0.00857,5870.0,75.0,,ETH,2472.43,18.7
2026-09-08T08:00:13.008530+00:00,ETH-25SEP26-2750-C,2477.21,ETH-25SEP26,call,2750.0,2026-09-25T08:00:00+00:00,0.046543051165804754,0.0115,0.0125,0.012009,0.012,2477.21,ETH-25SEP26,0.5336,0.19758,1.48561,547.0,0.0,0.0010000000000000009,ETH,2472.63,0.0
2026-09-08T08:00:13.008530+00:00,ETH-25SEP26-2450-C,2477.19,ETH-25SEP26,call,2450.0,2026-09-25T08:00:00+00:00,0.046543051165804754,0.0475,0.049,0.04839,0.04825,2477.19,ETH-25SEP26,0.4987,0.56164,2.10687,2.0,0.0,0.0015000000000000013,ETH,2472.43,0.0
2026-09-08T08:00:13.008530+00:00,ETH-25SEP26-8000-P,2477.19,ETH-25SEP26,put,8000.0,2026-09-25T08:00:00+00:00,0.046543051165804754,2.22,2.2415,2.229479,2.23075,2477.19,ETH-25SEP26,1.2502,-0.99999,0.0003,0.0,0.0,0.02149999999999963,ETH,2472.43,0.0
2026-09-08T08:00:13.008530+00:00,ETH-25SEP26-6800-C,2477.21,ETH-25SEP26,call,6800.0,2026-09-25T08:00:00+00:00,0.046543051165804754,,0.0001,1e-06,,2477.21,ETH-25SEP26,1.1040999999999999,2e-05,0.00044,1995.0,0.0,,ETH,2472.43,0.0
2026-09-08T08:00:13.008530+00:00,ETH-25DEC26-4600-P,2497.34,ETH-25DEC26,put,4600.0,2026-12-25T08:00:00+00:00,0.295687472794826,0.8355,0.859,0.848395,0.84725,2497.34,ETH-25DEC26,0.6223,-0.94901,1.42286,0.0,0.0,0.023499999999999965,ETH,2472.44,0.0
2026-09-08T08:00:13.008530+00:00,ETH-26MAR27-900-C,2522.31,ETH-26MAR27,call,900.0,2027-03-26T08:00:00+00:00,0.5448318944238473,0.644,0.6515,0.647791,0.64775,2522.31,ETH-26MAR27,0.772,0.98181,0.8318,68.0,0.0,0.007499999999999951,ETH,2472.43,0.0
2026-09-08T08:00:13.008530+00:00,ETH-25SEP26-3600-C,2477.19,ETH-25SEP26,call,3600.0,2026-09-25T08:00:00+00:00,0.046543051165804754,0.0005,0.0008,0.000667,0.00065,2477.19,ETH-25SEP26,0.7464,0.01245,0.17237,3591.0,139.0,0.00030000000000000003,ETH,2472.44,303.47
2026-09-08T08:00:13.008530+00:00,ETH-25SEP26-4600-P,2477.21,ETH-25SEP26,put,4600.0,2026-09-25T08:00:00+00:00,0.046543051165804754,0.8515,0.864,0.857021,0.85775,2477.21,ETH-25SEP26,0.9235,-0.99868,0.02322,38.0,0.0,0.012499999999999956,ETH,2472.44,0.0
2026-09-08T08:00:13.008530+00:00,ETH-18SEP26-2100-P,2474.89,ETH-18SEP26,put,2100.0,2026-09-18T08:00:00+00:00,0.027378095655880043,0.0017,0.0022,0.001976,0.00195,2474.89,ETH-18SEP26,0.6068,-0.046,0.39517,1493.0,13.0,0.0005000000000000002,ETH,2472.42,50.15
2026-09-08T08:00:13.008530+00:00,ETH-27NOV26-1800-C,2490.48,ETH-27NOV26,call,1800.0,2026-11-27T08:00:00+00:00,0.21902765075512712,0.287,0.295,0.290796,0.291,2490.48,ETH-27NOV26,0.5875,0.90624,1.95151,0.0,0.0,0.008000000000000007,ETH,2472.42,0.0
2026-09-08T08:00:13.008530+00:00,ETH-26MAR27-900-P,2522.28,ETH-26MAR27,put,900.0,2027-03-26T08:00:00+00:00,0.5448318944238473,0.0039,0.0055,0.004619,0.0047,2522.28,ETH-26MAR27,0.772,-0.01819,0.83181,828.0,1.0,0.0015999999999999999,ETH,2472.44,11.33
2026-09-08T08:00:13.008530+00:00,ETH-10SEP26-2680-P,2472.85,ETH-10SEP26,put,2680.0,2026-09-10T08:00:00+00:00,0.005475289358823231,0.081,0.0875,0.084296,0.08425,2472.85,ETH-10SEP26,0.5749,-0.97046,0.12288,0.0,0.0,0.006499999999999992,ETH,2472.42,0.0
2026-09-08T08:00:13.008530+00:00,ETH-10SEP26-2800-C,2472.85,ETH-10SEP26,call,2800.0,2026-09-10T08:00:00+00:00,0.005475289358823231,,0.0002,0.000137,,2472.85,ETH-10SEP26,0.6923,0.00804,0.04027,104.0,103.0,,ETH,2472.42,80.97
2026-09-08T08:00:13.008530+00:00,ETH-25JUN27-2600-P,2549.45,ETH-25JUN27,put,2600.0,2027-06-25T08:00:00+00:00,0.7939763160528684,0.206,0.21,0.207444,0.208,2549.45,ETH-25JUN27,0.555,-0.41776,8.87224,75.0,0.0,0.0040000000000000036,ETH,2472.42,0.0
2026-09-08T08:00:13.008530+00:00,ETH-18SEP26-2500-P,2474.89,ETH-18SEP26,put,2500.0,2026-09-18T08:00:00+00:00,0.027378095655880043,0.0375,0.0385,0.038474,0.038,2474.89,ETH-18SEP26,0.49950000000000006,-0.53272,1.62841,2385.0,527.0,0.0010000000000000009,ETH,2472.44,46286.69
2026-09-08T08:00:13.008530+00:00,ETH-11SEP26-2520-P,2473.14,ETH-11SEP26,put,2520.0,2026-09-11T08:00:00+00:00,0.008213140145955332,0.0265,0.0305,0.028095,0.0285,2473.14,ETH-11SEP26,0.4646,-0.66566,0.81583,36.0,1.0,0.004,ETH,2472.44,61.05
2026-09-08T08:00:13.008530+00:00,ETH-25SEP26-15000-P,2477.19,ETH-25SEP26,put,15000.0,2026-09-25T08:00:00+00:00,0.046543051165804754,5.0225,5.077,5.055273,5.04975,2477.19,ETH-25SEP26,1.8378999999999999,-0.99999,0.00017,0.0,0.0,0.05449999999999999,ETH,2472.42,0.0
2026-09-08T08:00:13.008530+00:00,ETH-30OCT26-3100-P,2483.28,ETH-30OCT26,put,3100.0,2026-10-30T08:00:00+00:00,0.1423678287154283,0.2585,0.2705,0.265466,0.2645,2483.28,ETH-30OCT26,0.5511,-0.83221,2.35169,0.0,0.0,0.01200000000000001,ETH,2472.44,0.0
2026-09-08T08:00:13.008530+00:00,ETH-25SEP26-12000-P,2477.19,ETH-25SEP26,put,12000.0,2026-09-25T08:00:00+00:00,0.046543051165804754,3.8295,3.8635,3.844219,3.8465,2477.19,ETH-25SEP26,1.6338,-0.99999,0.00021,0.0,0.0,0.03400000000000025,ETH,2472.44,0.0
2026-09-08T08:00:13.008530+00:00,ETH-30OCT26-2300-P,2483.28,ETH-30OCT26,put,2300.0,2026-10-30T08:00:00+00:00,0.1423678287154283,0.0425,0.0435,0.043317,0.043,2483.28,ETH-30OCT26,0.5143,-0.31153,3.31341,8044.0,0.0,0.000999999999999994,ETH,2472.44,0.0
2026-09-08T08:00:13.008530+00:00,ETH-30OCT26-3600-P,2483.28,ETH-30OCT26,put,3600.0,2026-10-30T08:00:00+00:00,0.1423678287154283,0.448,0.462,0.455834,0.455,2483.28,ETH-30OCT26,0.6047,-0.93492,1.18937,17.0,0.0,0.014000000000000012,ETH,2472.44,0.0
2026-09-08T08:00:13.008530+00:00,ETH-10SEP26-2200-C,2472.88,ETH-10SEP26,call,2200.0,2026-09-10T08:00:00+00:00,0.005475289358823231,0.108,0.1135,0.110722,0.11075,2472.88,ETH-10SEP26,0.7726000000000001,0.9806,0.08631,0.0,0.0,0.005500000000000005,ETH,2472.4,0.0
2026-09-08T08:00:13.008530+00:00,ETH-27NOV26-2100-P,2490.48,ETH-27NOV26,put,2100.0,2026-11-27T08:00:00+00:00,0.21902765075512712,0.0335,0.035,0.034552,0.03425,2490.48,ETH-27NOV26,0.5406,-0.21179,3.37683,551.0,32.0,0.0015000000000000013,ETH,2472.4,2711.29
2026-09-08T08:00:13.008530+00:00,ETH-25DEC26-3000-C,2497.35,ETH-25DEC26,call,3000.0,2026-12-25T08:00:00+00:00,0.295687472794826,0.0505,0.0515,0.050913,0.051,2497.35,ETH-25DEC26,0.535,0.31381,4.81729,10387.0,200.0,0.000999999999999994,ETH,2472.4,25840.05
2026-09-08T08:00:13.008530+00:00,ETH-25DEC26-4200-P,2497.34,ETH-25DEC26,put,4200.0,2026-12-25T08:00:00+00:00,0.295687472794826,0.68,0.699,0.691683,0.6895,2497.34,ETH-25DEC26,0.5996,-0.92378,1.94636,61.0,0.0,0.018999999999999906,ETH,2472.4,0.0
2026-09-08T08:00:13.008530+00:00,ETH-10SEP26-2300-C,2472.85,ETH-10SEP26,call,2300.0,2026-09-10T08:00:00+00:00,0.005475289358823231,0.0675,0.0735,0.070661,0.0705,2472.85,ETH-10SEP26,0.5809000000000001,0.95734,0.16606,0.0,0.0,0.0059999999999999915,ETH,2472.49,0.0
2026-09-08T08:00:13.008530+00:00,ETH-9SEP26-2380-P,2472.63,ETH-9SEP26,put,2380.0,2026-09-09T08:00:00+00:00,0.00273743857169113,0.0006,0.0008,0.000771,0.0007,2472.63,ETH-9SEP26,0.4925,-0.06412,0.16213,373.0,335.0,0.0002000000000000001,ETH,2472.49,640.48
2026-09-08T08:00:13.008530+00:00,ETH-9SEP26-2200-C,2472.6,ETH-9SEP26,call,2200.0,2026-09-09T08:00:00+00:00,0.00273743857169113,0.1075,0.113,0.110258,0.11025,2472.6,ETH-9SEP26,0.7240000000000001,0.99904,0.00419,18.0,0.0,0.005500000000000005,ETH,2472.49,0.0
2026-09-08T08:00:13.008530+00:00,ETH-26MAR27-2100-C,2522.28,ETH-26MAR27,call,2100.0,2027-03-26T08:00:00+00:00,0.5448318944238473,0.2415,0.254,0.247055,0.24775,2522.28,ETH-26MAR27,0.5559000000000001,0.74255,6.00929,897.0,0.0,0.012500000000000011,ETH,2472.49,0.0
2026-09-08T08:00:13.008530+00:00,ETH-26MAR27-1300-C,2522.31,ETH-26MAR27,call,1300.0,2027-03-26T08:00:00+00:00,0.5448318944238473,0.494,0.5035,0.49826,0.49875,2522.31,ETH-26MAR27,0.6596,0.94566,2.05186,18.0,0.0,0.009499999999999953,ETH,2472.49,0.0
2026-09-08T08:00:13.008530+00:00,ETH-25DEC26-2200-P,2497.35,ETH-25DEC26,put,2200.0,2026-12-25T08:00:00+00:00,0.295687472794826,0.058,0.0595,0.059167,0.05875,2497.35,ETH-25DEC26,0.534,-0.28053,4.57639,9006.0,517.0,0.0014999999999999944,ETH,2472.49,73843.5
2026-09-08T08:00:13.008530+00:00,ETH-9SEP26-2320-C,2472.63,ETH-9SEP26,call,2320.0,2026-09-09T08:00:00+00:00,0.00273743857169113,0.059,0.0645,0.061904,0.06175,2472.63,ETH-9SEP26,0.579,0.98291,0.05473,0.0,0.0,0.005500000000000005,ETH,2472.55,0.0
2026-09-08T08:00:13.008530+00:00,ETH-27NOV26-2900-P,2490.48,ETH-27NOV26,put,2900.0,2026-11-27T08:00:00+00:00,0.21902765075512712,0.2025,0.2135,0.209211,0.208,2490.48,ETH-27NOV26,0.5346,-0.68555,4.1386,0.0,0.0,0.010999999999999982,ETH,2472.55,0.0
2026-09-08T08:00:13.008530+00:00,ETH-25SEP26-1500-C,2477.19,ETH-25SEP26,call,1500.0,2026-09-25T08:00:00+00:00,0.046543051165804754,0.3925,0.397,0.394712,0.39475,2477.19,ETH-25SEP26,0.9027,0.99623,0.06003,969.0,0.0,0.004500000000000004,ETH,2472.49,0.0
2026-09-08T08:00:13.008530+00:00,ETH-30OCT26-2200-P,2483.28,ETH-30OCT26,put,2200.0,2026-10-30T08:00:00+00:00,0.1423678287154283,0.0295,0.031,0.030453,0.03025,2483.28,ETH-30OCT26,0.5217,-0.23783,2.89914,820.0,1.0,0.0015000000000000013,ETH,2472.55,71.11
2026-09-08T08:00:13.008530+00:00,ETH-27NOV26-2200-C,2490.48,ETH-27NOV26,call,2200.0,2026-11-27T08:00:00+00:00,0.21902765075512712,0.159,0.1675,0.162809,0.16325,2490.48,ETH-27NOV26,0.5315,0.73331,3.83126,0.0,0.0,0.008500000000000008,ETH,2472.95,0.0
2026-09-08T08:00:13.008530+00:00,ETH-10SEP26-2340-C,2472.85,ETH-10SEP26,call,2340.0,2026-09-10T08:00:00+00:00,0.005475289358823231,0.0525,0.0575,0.055007,0.055,2472.85,ETH-10SEP26,0.5235,0.92836,0.24999,0.0,0.0,0.0050000000000000044,ETH,2472.95,0.0
2026-09-08T08:00:13.008530+00:00,ETH-25SEP26-2650-C,2477.19,ETH-25SEP26,call,2650.0,2026-09-25T08:00:00+00:00,0.046543051165804754,0.0185,0.0195,0.019217,0.019,2477.19,ETH-25SEP26,0.5158,0.29074,1.83186,839.0,0.0,0.0010000000000000009,ETH,2472.55,0.0
2026-09-08T08:00:13.008530+00:00,ETH-11SEP26-3200-P,2473.14,ETH-11SEP26,put,3200.0,2026-09-11T08:00:00+00:00,0.008213140145955332,0.29,0.2975,0.293944,0.29375,2473.14,ETH-11SEP26,0.9203,-0.99884,0.00862,0.0,0.0,0.007500000000000007,ETH,2472.95,0.0
2026-09-08T08:00:13.008530+00:00,ETH-25DEC26-2100-C,2497.32,ETH-25DEC26,call,2100.0,2026-12-25T08:00:00+00:00,0.295687472794826,0.2005,0.21,0.205177,0.20525,2497.32,ETH-25DEC26,0.541,0.7691,4.13351,1480.0,0.0,0.00949999999999998,ETH,2472.95,0.0
2026-09-08T08:00:13.008530+00:00,ETH-30OCT26-2500-P,2483.28,ETH-30OCT26,put,2500.0,2026-10-30T08:00:00+00:00,0.1423678287154283,0.0795,0.081,0.080597,0.08025,2483.28,ETH-30OCT26,0.5112,-0.47521,3.73234,501.0,10.0,0.0015000000000000013,ETH,2472.95,1908.8
2026-09-08T08:00:13.008530+00:00,ETH-10SEP26-2700-C,2472.88,ETH-10SEP26,call,2700.0,2026-09-10T08:00:00+00:00,0.005475289358823231,0.0002,0.0005,0.00037,0.00035,2472.88,ETH-10SEP26,0.5893,0.0225,0.09785,298.0,251.0,0.00030000000000000003,ETH,2473.12,186.57
2026-09-08T08:00:13.008530+00:00,ETH-11SEP26-2470-C,2473.14,ETH-11SEP26,call,2470.0,2026-09-11T08:00:00+00:00,0.008213140145955332,0.0165,0.0175,0.016992,0.017,2473.14,ETH-11SEP26,0.45270000000000005,0.52211,0.89284,199.0,89.0,0.0010000000000000009,ETH,2473.12,4639.1
2026-09-08T08:00:13.008530+00:00,ETH-27NOV26-1800-P,2490.48,ETH-27NOV26,put,1800.0,2026-11-27T08:00:00+00:00,0.21902765075512712,0.013,0.0135,0.013565,0.01325,2490.48,ETH-27NOV26,0.5875,-0.09363,1.94997,408.0,0.0,0.0005000000000000004,ETH,2473.12,0.0
2026-09-08T08:00:13.008530+00:00,ETH-18SEP26-2550-P,2474.89,ETH-18SEP26,put,2550.0,2026-09-18T08:00:00+00:00,0.027378095655880043,0.0475,0.0535,0.051179,0.0505,2474.89,ETH-18SEP26,0.5051,-0.62349,1.55527,953.0,0.0,0.005999999999999998,ETH,2473.12,0.0
2026-09-08T08:00:13.008530+00:00,ETH-11SEP26-2650-P,2473.14,ETH-11SEP26,put,2650.0,2026-09-11T08:00:00+00:00,0.008213140145955332,0.0705,0.0765,0.07338,0.0735,2473.14,ETH-11SEP26,0.5432,-0.9158,0.34632,185.0,0.0,0.006000000000000005,ETH,2473.12,0.0
2026-09-08T08:00:13.008530+00:00,ETH-26MAR27-4800-C,2522.31,ETH-26MAR27,call,4800.0,2027-03-26T08:00:00+00:00,0.5448318944238473,0.018,0.02,0.019075,0.019,2522.31,ETH-26MAR27,0.5962,0.10724,3.43913,2953.0,12.0,0.0020000000000000018,ETH,2473.12,574.1
2026-09-08T08:00:13.008530+00:00,ETH-18SEP26-2250-P,2474.92,ETH-18SEP26,put,2250.0,2026-09-18T08:00:00+00:00,0.027378095655880043,0.0055,0.0065,0.006073,0.006,2474.92,ETH-18SEP26,0.535,-0.13087,0.8706,1027.0,1014.0,0.001,ETH,2473.08,16235.93
2026-09-08T08:00:13.008530+00:00,ETH-25SEP26-3100-C,2477.21,ETH-25SEP26,call,3100.0,2026-09-25T08:00:00+00:00,0.046543051165804754,0.0026,0.003,0.002869,0.0028,2477.21,ETH-25SEP26,0.6189,0.05336,0.58061,16444.0,1490.0,0.0004000000000000002,ETH,2473.12,11092.02
2026-09-08T08:00:13.008530+00:00,ETH-11SEP26-2100-P,2473.12,ETH-11SEP26,put,2100.0,2026-09-11T08:00:00+00:00,0.008213140145955332,0.0003,0.0005,0.000371,0.0004,2473.12,ETH-11SEP26,0.8321999999999999,-0.01354,0.0777,3014.0,143.0,0.00020000000000000004,ETH,2473.08,142.0
2026-09-08T08:00:13.008530+00:00,ETH-30OCT26-2850-C,2483.22,ETH-30OCT26,call,2850.0,2026-10-30T08:00:00+00:00,0.1423678287154283,0.0305,0.0315,0.030882,0.031,2483.22,ETH-30OCT26,0.5283,0.27752,3.14203,1149.0,0.0,0.0010000000000000009,ETH,2473.08,0.0
2026-09-08T08:00:13.008530+00:00,ETH-25SEP26-1600-P,2477.19,ETH-25SEP26,put,1600.0,2026-09-25T08:00:00+00:00,0.046543051165804754,0.0003,,0.00035,,2477.19,ETH-25SEP26,0.8312999999999999,-0.00574,0.08744,11733.0,1.0,,ETH,2473.08,1.24
2026-09-08T08:00:13.008530+00:00,ETH-25DEC26-3300-C,2497.34,ETH-25DEC26,call,3300.0,2026-12-25T08:00:00+00:00,0.295687472794826,0.0315,0.0325,0.032058,0.032,2497.34,ETH-25DEC26,0.5481,0.21614,3.98193,2941.0,0.0,0.0010000000000000009,ETH,2473.08,0.0
2026-09-08T08:00:13.008530+00:00,ETH-10SEP26-2400-P,2472.85,ETH-10SEP26,put,2400.0,2026-09-10T08:00:00+00:00,0.005475289358823231,0.0032,0.0035,0.003535,0.00335,2472.85,ETH-10SEP26,0.46149999999999997,-0.18359,0.48603,145.0,19.0,0.0002999999999999999,ETH,2473.05,168.37
2026-09-08T08:00:13.008530+00:00,ETH-9SEP26-2680-C,2472.63,ETH-9SEP26,call,2680.0,2026-09-09T08:00:00+00:00,0.00273743857169113,,0.0001,8.3e-05,,2472.63,ETH-9SEP26,0.6319,0.00781,0.02775,223.0,276.0,,ETH,2473.05,244.62
2026-09-08T08:00:13.008530+00:00,ETH-30OCT26-2150-P,2483.22,ETH-30OCT26,put,2150.0,2026-10-30T08:00:00+00:00,0.1423678287154283,0.0245,0.0255,0.025057,0.025,2483.22,ETH-30OCT26,0.5245000000000001,-0.20392,2.65512,1101.0,46.0,0.0009999999999999974,ETH,2473.05,2797.55
2026-09-08T08:00:13.008530+00:00,ETH-27NOV26-2500-C,2490.48,ETH-27NOV26,call,2500.0,2026-11-27T08:00:00+00:00,0.21902765075512712,0.0945,0.0965,0.095428,0.0955,2490.48,ETH-27NOV26,0.5215,0.54271,4.62566,430.0,15.0,0.0020000000000000018,ETH,2473.05,3634.14
2026-09-08T08:00:13.008530+00:00,ETH-10SEP26-2300-P,2472.85,ETH-10SEP26,put,2300.0,2026-09-10T08:00:00+00:00,0.005475289358823231,0.0006,0.0008,0.000785,0.0007,2472.85,ETH-10SEP26,0.5809000000000001,-0.04207,0.16425,34.0,0.0,0.0002000000000000001,ETH,2473.05,0.0
2026-09-08T08:00:13.008530+00:00,ETH-25DEC26-1200-C,2497.34,ETH-25DEC26,call,1200.0,2026-12-25T08:00:00+00:00,0.295687472794826,0.52,0.526,0.522857,0.523,2497.34,ETH-25DEC26,0.7273000000000001,0.97995,0.6592,341.0,0.0,0.006000000000000005,ETH,2473.05,0.0
2026-09-08T08:00:13.008530+00:00,ETH-27NOV26-2450-P,2490.51,ETH-27NOV26,put,2450.0,2026-11-27T08:00:00+00:00,0.21902765075512712,0.0875,0.0895,0.088494,0.0885,2490.51,ETH-27NOV26,0.5216,-0.42467,4.56908,354.0,0.0,0.0020000000000000018,ETH,2472.86,0.0
2026-09-08T08:00:13.008530+00:00,ETH-25DEC26-3500-C,2497.34,ETH-25DEC26,call,3500.0,2026-12-25T08:00:00+00:00,0.295687472794826,0.0235,0.0245,0.023876,0.024,2497.34,ETH-25DEC26,0.5579,0.16847,3.41779,29315.0,2.0,0.0010000000000000009,ETH,2472.86,126.96
2026-09-08T08:00:13.008530+00:00,ETH-9SEP26-2360-C,2472.63,ETH-9SEP26,call,2360.0,2026-09-09T08:00:00+00:00,0.00273743857169113,0.043,0.049,0.045973,0.046,2472.63,ETH-9SEP26,0.5123,0.9632,0.10406,0.0,0.0,0.006000000000000005,ETH,2472.86,0.0
2026-09-08T08:00:13.008530+00:00,ETH-9SEP26-2640-P,2472.63,ETH-9SEP26,put,2640.0,2026-09-09T08:00:00+00:00,0.00273743857169113,0.0645,0.071,0.067858,0.06775,2472.63,ETH-9SEP26,0.5725,-0.98507,0.04876,0.0,0.0,0.006499999999999992,ETH,2472.86,0.0
2026-09-08T08:00:13.008530+00:00,ETH-26MAR27-2500-P,2522.31,ETH-26MAR27,put,2500.0,2027-03-26T08:00:00+00:00,0.5448318944238473,0.153,0.1565,0.154434,0.15475,2522.31,ETH-26MAR27,0.5451,-0.4116,7.24702,590.0,1.0,0.003500000000000003,ETH,2472.86,381.37
2026-09-08T08:00:13.008530+00:00,ETH-25DEC26-1200-P,2497.34,ETH-25DEC26,put,1200.0,2026-12-25T08:00:00+00:00,0.295687472794826,0.0028,0.0034,0.003374,0.0031,2497.34,ETH-25DEC26,0.7273000000000001,-0.02006,0.65939,6766.0,0.0,0.0005999999999999998,ETH,2472.86,0.0
2026-09-08T08:00:13.008530+00:00,ETH-25SEP26-4400-C,2477.19,ETH-25SEP26,call,4400.0,2026-09-25T08:00:00+00:00,0.046543051165804754,,0.0002,0.000106,,2477.19,ETH-25SEP26,0.8941,0.00199,0.03367,4349.0,10.0,,ETH,2472.86,4.98
2026-09-08T08:00:13.008530+00:00,ETH-30OCT26-4000-C,2483.28,ETH-30OCT26,call,4000.0,2026-10-30T08:00:00+00:00,0.1423678287154283,0.0031,0.0036,0.003192,0.00335,2483.28,ETH-30OCT26,0.6548,0.03556,0.7337,778.0,0.0,0.0005,ETH,2472.88,0.0
2026-09-08T08:00:13.008530+00:00,ETH-25JUN27-5500-C,2549.45,ETH-25JUN27,call,5500.0,2027-06-25T08:00:00+00:00,0.7939763160528684,0.0245,0.027,0.025589,0.02575,2549.45,ETH-25JUN27,0.5987,0.1203,4.55451,644.0,0.0,0.0024999999999999988,ETH,2472.88,0.0
2026-09-08T08:00:13.008530+00:00,ETH-25JUN27-4600-C,2549.45,ETH-25JUN27,call,4600.0,2027-06-25T08:00:00+00:00,0.7939763160528684,0.042,0.045,0.043126,0.0435,2549.45,ETH-25JUN27,0.581,0.18937,6.15513,54.0,0.0,0.0029999999999999957,ETH,2472.88,0.0
2026-09-08T08:00:13.008530+00:00,ETH-18SEP26-2550-C,2474.92,ETH-18SEP26,call,2550.0,2026-09-18T08:00:00+00:00,0.027378095655880043,0.02,0.021,0.020805,0.0205,2474.92,ETH-18SEP26,0.5051,0.37633,1.55499,2462.0,130.0,0.0010000000000000009,ETH,2472.88,7696.04
2026-09-08T08:00:13.008530+00:00,ETH-11SEP26-2300-P,2473.14,ETH-11SEP26,put,2300.0,2026-09-11T08:00:00+00:00,0.008213140145955332,0.0012,0.0015,0.00147,0.00135,2473.14,ETH-11SEP26,0.5428000000000001,-0.06612,0.28797,4032.0,371.0,0.00030000000000000014,ETH,2472.91,1264.73
2026-09-08T08:00:13.008530+00:00,ETH-30OCT26-2400-C,2483.22,ETH-30OCT26,call,2400.0,2026-10-30T08:00:00+00:00,0.1423678287154283,0.0905,0.098,0.093326,0.09425,2483.22,ETH-30OCT26,0.5104,0.60784,3.60195,2541.0,7.0,0.007500000000000007,ETH,2472.88,1720.65
2026-09-08T08:00:13.008530+00:00,ETH-26MAR27-1300-P,2522.31,ETH-26MAR27,put,1300.0,2027-03-26T08:00:00+00:00,0.5448318944238473,0.013,0.0145,0.013679,0.01375,2522.31,ETH-26MAR27,0.6596,-0.05431,2.05115,1574.0,0.0,0.0015000000000000013,ETH,2472.88,0.0
2026-09-08T08:00:13.008530+00:00,ETH-27NOV26-2350-C,2490.48,ETH-27NOV26,call,2350.0,2026-11-27T08:00:00+00:00,0.21902765075512712,0.1225,0.1305,0.125608,0.1265,2490.48,ETH-27NOV26,0.5235,0.64054,4.36021,50.0,0.0,0.008000000000000007,ETH,2472.91,0.0
2026-09-08T08:00:13.008530+00:00,ETH-25JUN27-4500-P,2549.39,ETH-25JUN27,put,4500.0,2027-06-25T08:00:00+00:00,0.7939763160528684,0.796,0.825,0.811208,0.8105,2549.39,ETH-25JUN27,0.5789,-0.8003,6.35734,1.0,0.0,0.028999999999999915,ETH,2472.91,0.0
2026-09-08T08:00:13.008530+00:00,ETH-30OCT26-2100-C,2483.22,ETH-30OCT26,call,2100.0,2026-10-30T08:00:00+00:00,0.1423678287154283,0.172,0.1795,0.175093,0.17575,2483.22,ETH-30OCT26,0.5323,0.82519,2.41458,1550.0,0.0,0.007500000000000007,ETH,2472.91,0.0
2026-09-08T08:00:13.008530+00:00,ETH-25DEC26-2700-C,2497.34,ETH-25DEC26,call,2700.0,2026-12-25T08:00:00+00:00,0.295687472794826,0.0815,0.083,0.082182,0.08225,2497.34,ETH-25DEC26,0.5262,0.44857,5.37457,7040.0,40.0,0.0015000000000000013,ETH,2472.87,8286.81
2026-09-08T08:00:13.008530+00:00,ETH-30OCT26-2000-P,2483.28,ETH-30OCT26,put,2000.0,2026-10-30T08:00:00+00:00,0.1423678287154283,0.0135,0.0145,0.014166,0.014,2483.28,ETH-30OCT26,0.5486,-0.12524,1.93217,1064.0,3.0,0.0010000000000000009,ETH,2472.87,97.07
2026-09-08T08:00:13.008530+00:00,ETH-25JUN27-1800-C,2549.39,ETH-25JUN27,call,1800.0,2027-06-25T08:00:00+00:00,0.7939763160528684,0.3515,0.364,0.357632,0.35775,2549.39,ETH-25JUN27,0.58,0.82438,5.87198,1756.0,0.0,0.012500000000000011,ETH,2472.87,0.0
2026-09-08T08:00:13.008530+00:00,ETH-30OCT26-3000-C,2483.28,ETH-30OCT26,call,3000.0,2026-10-30T08:00:00+00:00,0.1423678287154283,0.021,0.022,0.021438,0.0215,2483.28,ETH-30OCT26,0.5413,0.20533,2.6658,3530.0,2063.0,0.0009999999999999974,ETH,2472.87,108985.35
2026-09-08T08:00:13.008530+00:00,ETH-25SEP26-2000-C,2477.21,ETH-25SEP26,call,2000.0,2026-09-25T08:00:00+00:00,0.046543051165804754,0.1925,0.198,0.19513,0.19525,2477.21,ETH-25SEP26,0.6059,0.95571,0.50026,29085.0,0.0,0.005500000000000005,ETH,2472.87,0.0
2026-09-08T08:00:13.008530+00:00,ETH-25SEP26-2250-C,2477.19,ETH-25SEP26,call,2250.0,2026-09-25T08:00:00+00:00,0.046543051165804754,0.1005,0.107,0.103305,0.10375,2477.19,ETH-25SEP26,0.5199,0.8197,1.40424,360.0,0.0,0.006499999999999992,ETH,2472.87,0.0
2026-09-08T08:00:13.008530+00:00,ETH-25DEC26-4500-P,2497.34,ETH-25DEC26,put,4500.0,2026-12-25T08:00:00+00:00,0.295687472794826,0.7965,0.8175,0.809087,0.807,2497.34,ETH-25DEC26,0.6173,-0.94353,1.54308,2.0,0.0,0.02100000000000002,ETH,2472.92,0.0
2026-09-08T08:00:13.008530+00:00,ETH-30OCT26-2600-P,2483.22,ETH-30OCT26,put,2600.0,2026-10-30T08:00:00+00:00,0.1423678287154283,0.104,0.105,0.10492,0.1045,2483.22,ETH-30OCT26,0.5143,-0.55538,3.70334,1240.0,0.0,0.0010000000000000009,ETH,2472.92,0.0
2026-09-08T08:00:13.008530+00:00,ETH-25DEC26-2900-P,2497.34,ETH-25DEC26,put,2900.0,2026-12-25T08:00:00+00:00,0.295687472794826,0.214,0.2255,0.220882,0.21975,2497.34,ETH-25DEC26,0.5313,-0.64525,5.05647,880.0,0.0,0.01150000000000001,ETH,2472.92,0.0
2026-09-08T08:00:13.008530+00:00,ETH-25JUN27-2000-C,2549.39,ETH-25JUN27,call,2000.0,2027-06-25T08:00:00+00:00,0.7939763160528684,0.3,0.3125,0.305537,0.30625,2549.39,ETH-25JUN27,0.5679,0.7682,6.93144,1759.0,0.0,0.012500000000000011,ETH,2472.92,0.0
2026-09-08T08:00:13.008530+00:00,ETH-25DEC26-4800-P,2497.34,ETH-25DEC26,put,4800.0,2026-12-25T08:00:00+00:00,0.295687472794826,0.914,0.9385,0.927487,0.92625,2497.34,ETH-25DEC26,0.6364,-0.95671,1.24814,77.0,0.0,0.024499999999999966,ETH,2472.92,0.0
2026-09-08T08:00:13.008530+00:00,ETH-9SEP26-2640-C,2472.63,ETH-9SEP26,call,2640.0,2026-09-09T08:00:00+00:00,0.00273743857169113,,0.0002,0.000156,,2472.63,ETH-9SEP26,0.5725,0.01497,0.04888,150.0,180.0,,ETH,2472.97,310.81
2026-09-08T08:00:13.008530+00:00,ETH-30OCT26-4000-P,2483.28,ETH-30OCT26,put,4000.0,2026-10-30T08:00:00+00:00,0.1423678287154283,0.605,0.621,0.614172,0.613,2483.28,ETH-30OCT26,0.6548,-0.96443,0.73394,0.0,0.0,0.016000000000000014,ETH,2472.97,0.0
2026-09-08T08:00:13.008530+00:00,ETH-25SEP26-2150-P,2477.21,ETH-25SEP26,put,2150.0,2026-09-25T08:00:00+00:00,0.046543051165804754,0.0055,0.0065,0.00612,0.006,2477.21,ETH-25SEP26,0.5459,-0.10335,0.96097,17192.0,112.0,0.001,ETH,2472.92,1376.27
2026-09-08T08:00:13.008530+00:00,ETH-10SEP26-2750-C,2472.85,ETH-10SEP26,call,2750.0,2026-09-10T08:00:00+00:00,0.005475289358823231,0.0001,0.0003,0.000169,0.0002,2472.85,ETH-10SEP26,0.6199,0.01118,0.05373,101.0,101.0,0.00019999999999999998,ETH,2472.97,125.13
2026-09-08T08:00:13.008530+00:00,ETH-10SEP26-2520-C,2472.85,ETH-10SEP26,call,2520.0,2026-09-10T08:00:00+00:00,0.005475289358823231,0.0055,0.0065,0.006062,0.006,2472.85,ETH-10SEP26,0.4537,0.29352,0.62975,527.0,427.0,0.001,ETH,2472.97,10834.59
2026-09-08T08:00:13.008530+00:00,ETH-25JUN27-3000-C,2549.45,ETH-25JUN27,call,3000.0,2027-06-25T08:00:00+00:00,0.7939763160528684,0.1345,0.1375,0.13574,0.136,2549.45,ETH-25JUN27,0.5561,0.46809,9.03862,1306.0,10.0,0.0030000000000000027,ETH,2472.97,3437.59
2026-09-08T08:00:13.008530+00:00,ETH-25DEC26-5000-P,2497.34,ETH-25DEC26,put,5000.0,2026-12-25T08:00:00+00:00,0.295687472794826,0.9925,1.0165,1.006685,1.0045,2497.34,ETH-25DEC26,0.6478,-0.96346,1.08764,0.0,0.0,0.02399999999999991,ETH,2473.22,0.0
2026-09-08T08:00:13.008530+00:00,ETH-30OCT26-2600-C,2483.22,ETH-30OCT26,call,2600.0,2026-10-30T08:00:00+00:00,0.1423678287154283,0.0575,0.0585,0.057783,0.058,2483.22,ETH-30OCT26,0.5143,0.4447,3.70362,3569.0,2.0,0.0010000000000000009,ETH,2473.22,313.51
2026-09-08T08:00:13.008530+00:00,ETH-26MAR27-3800-P,2522.31,ETH-26MAR27,put,3800.0,2027-03-26T08:00:00+00:00,0.5448318944238473,0.5385,0.56,0.550525,0.54925,2522.31,ETH-26MAR27,0.5669,-0.77918,5.5272,1.0,0.0,0.021500000000000075,ETH,2473.22,0.0
2026-09-08T08:00:13.008530+00:00,ETH-25DEC26-2300-P,2497.35,ETH-25DEC26,put,2300.0,2026-12-25T08:00:00+00:00,0.295687472794826,0.074,0.075,0.074835,0.0745,2497.35,ETH-25DEC26,0.5291,-0.33338,4.94047,6100.0,68.0,0.0010000000000000009,ETH,2473.22,12247.87
2026-09-08T08:00:13.008530+00:00,ETH-25SEP26-6000-P,2477.19,ETH-25SEP26,put,6000.0,2026-09-25T08:00:00+00:00,0.046543051165804754,1.415,1.4305,1.422111,1.42275,2477.19,ETH-25SEP26,1.0195999999999998,-0.99995,0.00102,0.0,0.0,0.01550000000000007,ETH,2473.22,0.0
2026-09-08T08:00:13.008530+00:00,ETH-25DEC26-2100-P,2497.34,ETH-25DEC26,put,2100.0,2026-12-25T08:00:00+00:00,0.295687472794826,0.045,0.0465,0.046082,0.04575,2497.34,ETH-25DEC26,0.541,-0.23061,4.13175,2676.0,794.0,0.0015000000000000013,ETH,2473.23,90903.09
2026-09-08T08:00:13.008530+00:00,ETH-11SEP26-2560-P,2473.14,ETH-11SEP26,put,2560.0,2026-09-11T08:00:00+00:00,0.008213140145955332,0.038,0.043,0.040632,0.0405,2473.14,ETH-11SEP26,0.48450000000000004,-0.77641,0.66988,0.0,0.0,0.0049999999999999975,ETH,2473.23,0.0
2026-09-08T08:00:13.008530+00:00,ETH-26MAR27-2200-C,2522.31,ETH-26MAR27,call,2200.0,2027-03-26T08:00:00+00:00,0.5448318944238473,0.218,0.23,0.223249,0.224,2522.31,ETH-26MAR27,0.5517,0.7053,6.42399,4061.0,0.0,0.01200000000000001,ETH,2473.22,0.0
2026-09-08T08:00:13.008530+00:00,ETH-25DEC26-3100-C,2497.34,ETH-25DEC26,call,3100.0,2026-12-25T08:00:00+00:00,0.295687472794826,0.043,0.044,0.043496,0.0435,2497.34,ETH-25DEC26,0.5389,0.27749,4.55374,2617.0,200.0,0.0010000000000000009,ETH,2473.23,21945.21
2026-09-08T08:00:13.008530+00:00,ETH-30OCT26-2050-C,2483.28,ETH-30OCT26,call,2050.0,2026-10-30T08:00:00+00:00,0.1423678287154283,0.1885,0.196,0.191592,0.19225,2483.28,ETH-30OCT26,0.54,0.85171,2.16912,479.0,0.0,0.007500000000000007,ETH,2473.23,0.0
2026-09-08T08:00:13.008530+00:00,ETH-26MAR27-1600-C,2522.31,ETH-26MAR27,call,1600.0,2027-03-26T08:00:00+00:00,0.5448318944238473,0.3885,0.399,0.393619,0.39375,2522.31,ETH-26MAR27,0.6038,0.89329,3.42682,879.0,0.0,0.01050000000000001,ETH,2473.23,0.0
2026-09-08T08:00:13.008530+00:00,ETH-25DEC26-3200-C,2497.35,ETH-25DEC26,call,3200.0,2026-12-25T08:00:00+00:00,0.295687472794826,0.0365,0.038,0.037224,0.03725,2497.35,ETH-25DEC26,0.5429999999999999,0.2448,4.26938,68227.0,100.0,0.0015000000000000013,ETH,2473.24,9432.63
2026-09-08T08:00:13.008530+00:00,ETH-25DEC26-4400-C,2497.32,ETH-25DEC26,call,4400.0,2026-12-25T08:00:00+00:00,0.295687472794826,0.0075,0.0085,0.007898,0.008,2497.32,ETH-25DEC26,0.6109,0.06212,1.66297,3723.0,5.0,0.0010000000000000009,ETH,2473.24,99.58
2026-09-08T08:00:13.008530+00:00,ETH-26MAR27-4000-C,2522.31,ETH-26MAR27,call,4000.0,2027-03-26T08:00:00+00:00,0.5448318944238473,0.0355,0.038,0.036549,0.03675,2522.31,ETH-26MAR27,0.5720000000000001,0.18939,5.04488,2561.0,0.0,0.0025000000000000022,ETH,2473.23,0.0
2026-09-08T08:00:13.008530+00:00,ETH-25SEP26-7400-P,2477.19,ETH-25SEP26,put,7400.0,2026-09-25T08:00:00+00:00,0.046543051165804754,1.978,1.998,1.987269,1.988,2477.19,ETH-25SEP26,1.1765,-0.99999,0.00034,0.0,0.0,0.020000000000000018,ETH,2473.24,0.0
2026-09-08T08:00:13.008530+00:00,ETH-30OCT26-2100-P,2483.28,ETH-30OCT26,put,2100.0,2026-10-30T08:00:00+00:00,0.1423678287154283,0.02,0.021,0.020858,0.0205,2483.28,ETH-30OCT26,0.5323,-0.17462,2.41329,3449.0,0.0,0.0010000000000000009,ETH,2473.24,0.0
2026-09-08T08:00:13.008530+00:00,ETH-10SEP26-2580-P,2472.88,ETH-10SEP26,put,2580.0,2026-09-10T08:00:00+00:00,0.005475289358823231,0.0425,0.049,0.045703,0.04575,2472.88,ETH-10SEP26,0.49920000000000003,-0.87003,0.387,0.0,0.0,0.006499999999999999,ETH,2473.27,0.0
2026-09-08T08:00:13.008530+00:00,ETH-10SEP26-2250-C,2472.85,ETH-10SEP26,call,2250.0,2026-09-10T08:00:00+00:00,0.005475289358823231,0.0875,0.0935,0.090575,0.0905,2472.85,ETH-10SEP26,0.6615000000000001,0.97555,0.10495,0.0,0.0,0.006000000000000005,ETH,2473.27,0.0
2026-09-08T08:00:13.008530+00:00,ETH-27NOV26-3200-C,2490.48,ETH-27NOV26,call,3200.0,2026-11-27T08:00:00+00:00,0.21902765075512712,0.025,0.0265,0.02582,0.02575,2490.48,ETH-27NOV26,0.5529999999999999,0.20103,3.27499,123.0,0.0,0.0014999999999999979,ETH,2473.27,0.0
2026-09-08T08:00:13.008530+00:00,ETH-25SEP26-2800-P,2477.19,ETH-25SEP26,put,2800.0,2026-09-25T08:00:00+00:00,0.046543051165804754,0.137,0.1435,0.139844,0.14025,2477.19,ETH-25SEP26,0.5435,-0.83757,1.31376,1340.0,0.0,0.006499999999999978,ETH,2473.24,0.0
2026-09-08T08:00:13.008530+00:00,ETH-9SEP26-2440-C,2472.6,ETH-9SEP26,call,2440.0,2026-09-09T08:00:00+00:00,0.00273743857169113,0.0145,0.019,0.01689,0.01675,2472.6,ETH-9SEP26,0.423,0.73308,0.42496,46.0,0.0,0.004499999999999999,ETH,2473.27,0.0
2026-09-08T08:00:13.008530+00:00,ETH-25SEP26-6200-C,2477.21,ETH-25SEP26,call,6200.0,2026-09-25T08:00:00+00:00,0.046543051165804754,,0.0001,2e-06,,2477.21,ETH-25SEP26,1.0378,3e-05,0.00076,2798.0,0.0,,ETH,2473.27,0.0
2026-09-08T08:00:13.008530+00:00,ETH-11SEP26-2150-P,2473.12,ETH-11SEP26,put,2150.0,2026-09-11T08:00:00+00:00,0.008213140145955332,0.0003,0.0006,0.000483,0.00045,2473.12,ETH-11SEP26,0.7562000000000001,-0.01837,0.10099,4806.0,21.0,0.0003,ETH,2473.19,30.63
2026-09-08T08:00:13.008530+00:00,ETH-11SEP26-2150-C,2473.14,ETH-11SEP26,call,2150.0,2026-09-11T08:00:00+00:00,0.008213140145955332,0.1285,0.1335,0.131132,0.131,2473.14,ETH-11SEP26,0.7562000000000001,0.9816,0.10109,0.0,0.0,0.0050000000000000044,ETH,2473.19,0.0
2026-09-08T08:00:13.008530+00:00,ETH-11SEP26-2570-C,2473.14,ETH-11SEP26,call,2570.0,2026-09-11T08:00:00+00:00,0.008213140145955332,0.0046,0.005,0.004891,0.0048,2473.14,ETH-11SEP26,0.4919,0.20215,0.63158,267.0,275.0,0.0004000000000000002,ETH,2473.19,4018.68
2026-09-08T08:00:13.008530+00:00,ETH-27NOV26-3600-P,2490.48,ETH-27NOV26,put,3600.0,2026-11-27T08:00:00+00:00,0.21902765075512712,0.4505,0.4655,0.458842,0.458,2490.48,ETH-27NOV26,0.5827,-0.88747,2.2289,0.0,0.0,0.015000000000000013,ETH,2473.19,0.0
2026-09-08T08:00:13.008530+00:00,ETH-26MAR27-4600-C,2522.31,ETH-26MAR27,call,4600.0,2027-03-26T08:00:00+00:00,0.5448318944238473,0.0215,0.023,0.022161,0.02225,2522.31,ETH-26MAR27,0.5898,0.12267,3.78435,1403.0,2.0,0.0015000000000000013,ETH,2473.19,117.38
2026-09-08T08:00:13.008530+00:00,ETH-25SEP26-1700-P,2477.21,ETH-25SEP26,put,1700.0,2026-09-25T08:00:00+00:00,0.046543051165804754,,0.0009,0.000534,,2477.21,ETH-25SEP26,0.7659999999999999,-0.0091,0.13124,10021.0,30.0,,ETH,2473.19,37.35
2026-09-08T08:00:13.008530+00:00,ETH-27NOV26-4400-P,2490.48,ETH-27NOV26,put,4400.0,2026-11-27T08:00:00+00:00,0.21902765075512712,0.7605,0.7805,0.771488,0.7705,2490.48,ETH-27NOV26,0.6484000000000001,-0.95749,1.05568,0.0,0.0,0.020000000000000018,ETH,2473.13,0.0
2026-09-08T08:00:13.008530+00:00,ETH-30OCT26-3600-C,2483.28,ETH-30OCT26,call,3600.0,2026-10-30T08:00:00+00:00,0.1423678287154283,0.0055,0.0065,0.005952,0.006,2483.28,ETH-30OCT26,0.6047,0.06523,1.19191,4569.0,0.0,0.001,ETH,2473.13,0.0
2026-09-08T08:00:13.008530+00:00,ETH-11SEP26-2560-C,2473.14,ETH-11SEP26,call,2560.0,2026-09-11T08:00:00+00:00,0.008213140145955332,0.005,0.006,0.005499,0.0055,2473.14,ETH-11SEP26,0.48450000000000004,0.22347,0.66965,537.0,815.0,0.001,ETH,2473.13,16284.14
2026-09-08T08:00:13.008530+00:00,ETH-18SEP26-2700-C,2474.89,ETH-18SEP26,call,2700.0,2026-09-18T08:00:00+00:00,0.027378095655880043,0.0075,0.0085,0.008225,0.008,2474.89,ETH-18SEP26,0.5415,0.17752,1.06562,4022.0,14.0,0.0010000000000000009,ETH,2473.13,308.93
2026-09-08T08:00:13.008530+00:00,ETH-26MAR27-2000-C,2522.31,ETH-26MAR27,call,2000.0,2027-03-26T08:00:00+00:00,0.5448318944238473,0.2675,0.2795,0.272791,0.2735,2522.31,ETH-26MAR27,0.5616,0.77851,5.53648,1845.0,2.0,0.01200000000000001,ETH,2473.13,1352.0
2026-09-08T08:00:13.008530+00:00,ETH-25SEP26-5600-P,2477.19,ETH-25SEP26,put,5600.0,2026-09-25T08:00:00+00:00,0.046543051165804754,1.2535,1.2685,1.260638,1.261,2477.19,ETH-25SEP26,0.9643,-0.99993,0.00148,0.0,0.0,0.014999999999999902,ETH,2473.13,0.0
2026-09-08T08:00:13.008530+00:00,ETH-25SEP26-5500-C,2477.21,ETH-25SEP26,call,5500.0,2026-09-25T08:00:00+00:00,0.046543051165804754,,0.0001,4e-06,,2477.21,ETH-25SEP26,0.9501999999999999,8e-05,0.00164,2169.0,0.0,,ETH,2473.13,0.0
2026-09-08T08:00:13.008530+00:00,ETH-25JUN27-5000-P,2549.45,ETH-25JUN27,put,5000.0,2027-06-25T08:00:00+00:00,0.7939763160528684,0.9775,1.0105,0.995292,0.994,2549.45,ETH-25JUN27,0.5888,-0.8462,5.38875,0.0,0.0,0.03299999999999992,ETH,2473.17,0.0
2026-09-08T08:00:13.008530+00:00,ETH-30OCT26-3100-C,2483.22,ETH-30OCT26,call,3100.0,2026-10-30T08:00:00+00:00,0.1423678287154283,0.0165,0.0175,0.016956,0.017,2483.22,ETH-30OCT26,0.5511,0.16812,2.35534,1108.0,67.0,0.0010000000000000009,ETH,2473.17,3088.77
2026-09-08T08:00:13.008530+00:00,ETH-27NOV26-3300-P,2490.48,ETH-27NOV26,put,3300.0,2026-11-27T08:00:00+00:00,0.21902765075512712,0.339,0.352,0.346768,0.3455,2490.48,ETH-27NOV26,0.56,-0.82681,2.98618,0.0,0.0,0.012999999999999956,ETH,2473.17,0.0
2026-09-08T08:00:13.008530+00:00,ETH-18SEP26-2250-C,2474.89,ETH-18SEP26,call,2250.0,2026-09-18T08:00:00+00:00,0.027378095655880043,0.0945,0.0995,0.096919,0.097,2474.89,ETH-18SEP26,0.535,0.86921,0.87027,14.0,14.0,0.0050000000000000044,ETH,2473.09,3486.34
2026-09-08T08:00:13.008530+00:00,ETH-27NOV26-2250-P,2490.48,ETH-27NOV26,put,2250.0,2026-11-27T08:00:00+00:00,0.21902765075512712,0.0525,0.0535,0.053162,0.053,2490.48,ETH-27NOV26,0.5285,-0.29634,4.03205,821.0,0.0,0.0010000000000000009,ETH,2473.09,0.0
2026-09-08T08:00:13.008530+00:00,ETH-25JUN27-3500-C,2549.45,ETH-25JUN27,call,3500.0,2027-06-25T08:00:00+00:00,0.7939763160528684,0.091,0.0945,0.092128,0.09275,2549.45,ETH-25JUN27,0.5617,0.35126,8.43052,2803.0,10.0,0.003500000000000003,ETH,2473.09,2276.92
2026-09-08T08:00:13.008530+00:00,ETH-25JUN27-3600-P,2549.45,ETH-25JUN27,put,3600.0,2027-06-25T08:00:00+00:00,0.7939763160528684,0.486,0.5065,0.497791,0.49625,2549.45,ETH-25JUN27,0.5633,-0.66843,8.24736,0.0,0.0,0.020499999999999963,ETH,2473.09,0.0
2026-09-08T08:00:13.008530+00:00,ETH-25SEP26-1700-C,2477.19,ETH-25SEP26,call,1700.0,2026-09-25T08:00:00+00:00,0.046543051165804754,0.312,0.317,0.31427,0.3145,2477.19,ETH-25SEP26,0.7659999999999999,0.9909,0.13124,2190.0,2.0,0.0050000000000000044,ETH,2473.09,1595.55
2026-09-08T08:00:13.008530+00:00,ETH-26MAR27-1400-P,2522.31,ETH-26MAR27,put,1400.0,2027-03-26T08:00:00+00:00,0.5448318944238473,0.0165,0.0185,0.017417,0.0175,2522.31,ETH-26MAR27,0.6378,-0.06868,2.46448,1850.0,0.0,0.0019999999999999983,ETH,2473.09,0.0
2026-09-08T08:00:13.008530+00:00,ETH-25SEP26-7500-P,2477.19,ETH-25SEP26,put,7500.0,2026-09-25T08:00:00+00:00,0.046543051165804754,2.0185,2.039,2.027637,2.02875,2477.19,ETH-25SEP26,1.1895,-0.99999,0.00033,0.0,0.0,0.020500000000000185,ETH,2473.09,0.0
2026-09-08T08:00:13.008530+00:00,ETH-25SEP26-2360-P,2477.21,ETH-25SEP26,put,2360.0,2026-09-25T08:00:00+00:00,0.046543051165804754,0.022,0.023,0.02272,0.0225,2477.21,ETH-25SEP26,0.5027,-0.30768,1.87997,265.0,0.0,0.0010000000000000009,ETH,2473.09,0.0
2026-09-08T08:00:13.008530+00:00,ETH-26MAR27-1800-P,2522.31,ETH-26MAR27,put,1800.0,2027-03-26T08:00:00+00:00,0.5448318944238473,0.042,0.0445,0.043499,0.04325,2522.31,ETH-26MAR27,0.5781000000000001,-0.15763,4.48787,3715.0,0.0,0.0024999999999999953,ETH,2473.09,0.0
2026-09-08T08:00:13.008530+00:00,ETH-25SEP26-2200-C,2477.19,ETH-25SEP26,call,2200.0,2026-09-25T08:00:00+00:00,0.046543051165804754,0.118,0.123,0.120386,0.1205,2477.19,ETH-25SEP26,0.5329999999999999,0.86239,1.17615,7962.0,1.0,0.0050000000000000044,ETH,2473.09,313.8
2026-09-08T08:00:13.008530+00:00,ETH-10SEP26-2380-P,2472.88,ETH-10SEP26,put,2380.0,2026-09-10T08:00:00+00:00,0.005475289358823231,0.0021,0.0025,0.002485,0.0023,2472.88,ETH-10SEP26,0.479,-0.13339,0.39395,352.0,94.0,0.0004000000000000002,ETH,2473.06,476.86
2026-09-08T08:00:13.008530+00:00,ETH-26MAR27-3500-C,2522.31,ETH-26MAR27,call,3500.0,2027-03-26T08:00:00+00:00,0.5448318944238473,0.057,0.06,0.058251,0.0585,2522.31,ETH-26MAR27,0.5586,0.27834,6.25184,4193.0,4.0,0.0029999999999999957,ETH,2473.06,583.35
2026-09-08T08:00:13.008530+00:00,ETH-30OCT26-3800-P,2483.22,ETH-30OCT26,put,3800.0,2026-10-30T08:00:00+00:00,0.1423678287154283,0.526,0.5415,0.534726,0.53375,2483.22,ETH-30OCT26,0.6302,-0.95242,0.92918,0.0,0.0,0.015499999999999958,ETH,2473.06,0.0
2026-09-08T08:00:13.008530+00:00,ETH-27NOV26-2100-C,2490.48,ETH-27NOV26,call,2100.0,2026-11-27T08:00:00+00:00,0.21902765075512712,0.1875,0.196,0.191321,0.19175,2490.48,ETH-27NOV26,0.5406,0.78844,3.37539,1.0,0.0,0.008500000000000008,ETH,2472.74,0.0
2026-09-08T08:00:13.008530+00:00,ETH-25SEP26-5500-P,2477.21,ETH-25SEP26,put,5500.0,2026-09-25T08:00:00+00:00,0.046543051165804754,1.2135,1.228,1.22027,1.22075,2477.21,ETH-25SEP26,0.9501999999999999,-0.99992,0.00164,1.0,0.0,0.014499999999999957,ETH,2473.06,0.0
2026-09-08T08:00:13.008530+00:00,ETH-30OCT26-2200-C,2483.22,ETH-30OCT26,call,2200.0,2026-10-30T08:00:00+00:00,0.1423678287154283,0.141,0.149,0.144414,0.145,2483.22,ETH-30OCT26,0.5217,0.76248,2.89761,1295.0,0.0,0.008000000000000007,ETH,2472.74,0.0
2026-09-08T08:00:13.008530+00:00,ETH-25JUN27-1500-P,2549.45,ETH-25JUN27,put,1500.0,2027-06-25T08:00:00+00:00,0.7939763160528684,0.034,0.0365,0.035516,0.03525,2549.45,ETH-25JUN27,0.6096,-0.10599,4.16078,502.0,5.0,0.0024999999999999953,ETH,2472.74,430.29
2026-09-08T08:00:13.008530+00:00,ETH-26MAR27-3600-P,2522.31,ETH-26MAR27,put,3600.0,2027-03-26T08:00:00+00:00,0.5448318944238473,0.469,0.4895,0.480238,0.47925,2522.31,ETH-26MAR27,0.5611999999999999,-0.74256,6.01,1.0,0.0,0.020500000000000018,ETH,2472.74,0.0
2026-09-08T08:00:13.008530+00:00,ETH-25SEP26-2900-C,2477.19,ETH-25SEP26,call,2900.0,2026-09-25T08:00:00+00:00,0.046543051165804754,0.0055,0.0065,0.006152,0.006,2477.19,ETH-25SEP26,0.5664,0.10937,1.00104,16791.0,126.0,0.001,ETH,2472.74,2227.29
2026-09-08T08:00:13.008530+00:00,ETH-26MAR27-1900-C,2522.28,ETH-26MAR27,call,1900.0,2027-03-26T08:00:00+00:00,0.5448318944238473,0.2945,0.3065,0.300458,0.3005,2522.28,ETH-26MAR27,0.5690999999999999,0.81181,5.02476,2451.0,1.0,0.01200000000000001,ETH,2472.74,744.98
2026-09-08T08:00:13.008530+00:00,ETH-18SEP26-2650-P,2474.92,ETH-18SEP26,put,2650.0,2026-09-18T08:00:00+00:00,0.027378095655880043,0.079,0.085,0.081958,0.082,2474.92,ETH-18SEP26,0.5275,-0.77068,1.2415,0.0,0.0,0.006000000000000005,ETH,2472.44,0.0
2026-09-08T08:00:13.008530+00:00,ETH-25SEP26-5400-P,2477.21,ETH-25SEP26,put,5400.0,2026-09-25T08:00:00+00:00,0.046543051165804754,1.1735,1.1875,1.179902,1.1805,2477.21,ETH-25SEP26,0.9344,-0.99992,0.00178,4.0,0.0,0.014000000000000012,ETH,2472.44,0.0
2026-09-08T08:00:13.008530+00:00,ETH-25SEP26-1900-P,2477.19,ETH-25SEP26,put,1900.0,2026-09-25T08:00:00+00:00,0.046543051165804754,0.0012,0.0016,0.001394,0.0014,2477.19,ETH-25SEP26,0.6505,-0.02507,0.31311,20819.0,0.0,0.0004000000000000002,ETH,2472.44,0.0
2026-09-08T08:00:13.008530+00:00,ETH-25SEP26-3400-P,2477.19,ETH-25SEP26,put,3400.0,2026-09-25T08:00:00+00:00,0.046543051165804754,0.3695,0.378,0.373694,0.37375,2477.19,ETH-25SEP26,0.7011,-0.97824,0.27802,870.0,0.0,0.008500000000000008,ETH,2472.44,0.0
2026-09-08T08:00:13.008530+00:00,ETH-11SEP26-2540-C,2473.14,ETH-11SEP26,call,2540.0,2026-09-11T08:00:00+00:00,0.008213140145955332,0.0065,0.0075,0.007094,0.007,2473.14,ETH-11SEP26,0.47409999999999997,0.27409,0.74656,53.0,62.0,0.001,ETH,2472.73,1187.6
2026-09-08T08:00:13.008530+00:00,ETH-26MAR27-1900-P,2522.31,ETH-26MAR27,put,1900.0,2027-03-26T08:00:00+00:00,0.5448318944238473,0.0525,0.055,0.053762,0.05375,2522.31,ETH-26MAR27,0.5690999999999999,-0.18836,5.02617,3282.0,0.0,0.0025000000000000022,ETH,2472.44,0.0
2026-09-08T08:00:13.008530+00:00,ETH-27NOV26-2250-C,2490.48,ETH-27NOV26,call,2250.0,2026-11-27T08:00:00+00:00,0.21902765075512712,0.146,0.154,0.1497,0.15,2490.48,ETH-27NOV26,0.5285,0.70323,4.03348,51.0,0.0,0.008000000000000007,ETH,2472.73,0.0
2026-09-08T08:00:13.008530+00:00,ETH-30OCT26-2700-C,2483.22,ETH-30OCT26,call,2700.0,2026-10-30T08:00:00+00:00,0.1423678287154283,0.0445,0.0455,0.045015,0.045,2483.22,ETH-30OCT26,0.5188,0.3707,3.54063,1346.0,0.0,0.0010000000000000009,ETH,2472.73,0.0
2026-09-08T08:00:13.008530+00:00,ETH-10SEP26-2580-C,2472.88,ETH-10SEP26,call,2580.0,2026-09-10T08:00:00+00:00,0.005475289358823231,0.0021,0.0025,0.002347,0.0023,2472.88,ETH-10SEP26,0.49920000000000003,0.12799,0.38276,216.0,201.0,0.0004000000000000002,ETH,2472.73,1765.31
2026-09-08T08:00:13.008530+00:00,ETH-25SEP26-7400-C,2477.21,ETH-25SEP26,call,7400.0,2026-09-25T08:00:00+00:00,0.046543051165804754,,0.0001,1e-06,,2477.21,ETH-25SEP26,1.1765,1e-05,0.00034,1322.0,0.0,,ETH,2472.73,0.0
2026-09-08T08:00:13.008530+00:00,ETH-25SEP26-5200-P,2477.19,ETH-25SEP26,put,5200.0,2026-09-25T08:00:00+00:00,0.046543051165804754,1.093,1.1065,1.099169,1.09975,2477.19,ETH-25SEP26,0.9314,-0.99983,0.00339,3.0,0.0,0.013500000000000068,ETH,2472.73,0.0
2026-09-08T08:00:13.008530+00:00,ETH-25SEP26-14000-P,2477.19,ETH-25SEP26,put,14000.0,2026-09-25T08:00:00+00:00,0.046543051165804754,4.6335,4.673,4.651588,4.65325,2477.19,ETH-25SEP26,1.7753,-0.99999,0.00018,0.0,0.0,0.03950000000000031,ETH,2472.73,0.0
2026-09-08T08:00:13.008530+00:00,ETH-18SEP26-2700-P,2474.89,ETH-18SEP26,put,2700.0,2026-09-18T08:00:00+00:00,0.027378095655880043,0.0965,0.1025,0.099209,0.0995,2474.89,ETH-18SEP26,0.5415,-0.82305,1.06325,7.0,0.0,0.0059999999999999915,ETH,2472.7,0.0
2026-09-08T08:00:13.008530+00:00,ETH-25DEC26-2600-P,2497.35,ETH-25DEC26,put,2600.0,2026-12-25T08:00:00+00:00,0.295687472794826,0.137,0.1385,0.137496,0.13775,2497.35,ETH-25DEC26,0.5246,-0.49941,5.41931,1195.0,34.0,0.0015000000000000013,ETH,2472.7,11313.13
2026-09-08T08:00:13.008530+00:00,ETH-25SEP26-6400-P,2477.19,ETH-25SEP26,put,6400.0,2026-09-25T08:00:00+00:00,0.046543051165804754,1.576,1.5935,1.583584,1.58475,2477.19,ETH-25SEP26,1.0674,-0.99997,0.0007,0.0,0.0,0.01749999999999985,ETH,2472.7,0.0
2026-09-08T08:00:13.008530+00:00,ETH-11SEP26-2350-P,2473.14,ETH-11SEP26,put,2350.0,2026-09-11T08:00:00+00:00,0.008213140145955332,0.0024,0.0028,0.002697,0.0026,2473.14,ETH-11SEP26,0.4905,-0.12048,0.44956,3490.0,191.0,0.0004000000000000002,ETH,2472.69,1177.38
2026-09-08T08:00:13.008530+00:00,ETH-25SEP26-6600-P,2477.19,ETH-25SEP26,put,6600.0,2026-09-25T08:00:00+00:00,0.046543051165804754,1.6565,1.6745,1.664321,1.6655,2477.19,ETH-25SEP26,1.0931,-0.99997,0.00062,0.0,0.0,0.018000000000000016,ETH,2472.7,0.0
2026-09-08T08:00:13.008530+00:00,ETH-25SEP26-2800-C,2477.19,ETH-25SEP26,call,2800.0,2026-09-25T08:00:00+00:00,0.046543051165804754,0.009,0.01,0.009527,0.0095,2477.19,ETH-25SEP26,0.5435,0.16197,1.31104,15411.0,1814.0,0.0010000000000000009,ETH,2472.7,49666.38
2026-09-08T08:00:13.008530+00:00,ETH-25DEC26-2900-C,2497.35,ETH-25DEC26,call,2900.0,2026-12-25T08:00:00+00:00,0.295687472794826,0.059,0.0605,0.059632,0.05975,2497.35,ETH-25DEC26,0.5313,0.35463,5.05531,3740.0,0.0,0.0015000000000000013,ETH,2472.69,0.0
2026-09-08T08:00:13.008530+00:00,ETH-27NOV26-4000-P,2490.48,ETH-27NOV26,put,4000.0,2026-11-27T08:00:00+00:00,0.21902765075512712,0.604,0.621,0.613715,0.6125,2490.48,ETH-27NOV26,0.6152000000000001,-0.93338,1.50688,0.0,0.0,0.017000000000000015,ETH,2472.7,0.0
2026-09-08T08:00:13.008530+00:00,ETH-18SEP26-2450-P,2474.92,ETH-18SEP26,put,2450.0,2026-09-18T08:00:00+00:00,0.027378095655880043,0.027,0.028,0.027908,0.0275,2474.92,ETH-18SEP26,0.4976,-0.43495,1.61224,1590.0,82.0,0.0010000000000000009,ETH,2472.8,5205.09
2026-09-08T08:00:13.008530+00:00,ETH-9SEP26-2100-P,2472.63,ETH-9SEP26,put,2100.0,2026-09-09T08:00:00+00:00,0.00273743857169113,,0.0001,2e-06,,2472.63,ETH-9SEP26,0.8898,-0.0002,0.00099,502.0,0.0,,ETH,2472.8,0.0
2026-09-08T08:00:13.008530+00:00,ETH-26MAR27-2700-P,2522.31,ETH-26MAR27,put,2700.0,2027-03-26T08:00:00+00:00,0.5448318944238473,0.1945,0.209,0.202653,0.20175,2522.31,ETH-26MAR27,0.545,-0.48727,7.42572,191.0,0.0,0.014499999999999985,ETH,2472.69,0.0
2026-09-08T08:00:13.008530+00:00,ETH-11SEP26-2520-C,2473.14,ETH-11SEP26,call,2520.0,2026-09-11T08:00:00+00:00,0.008213140145955332,0.0085,0.0095,0.009135,0.009,2473.14,ETH-11SEP26,0.4646,0.33523,0.81665,234.0,112.0,0.0009999999999999992,ETH,2472.8,2795.61
2026-09-08T08:00:13.008530+00:00,ETH-11SEP26-2480-P,2473.14,ETH-11SEP26,put,2480.0,2026-09-11T08:00:00+00:00,0.008213140145955332,0.017,0.0185,0.017876,0.01775,2473.14,ETH-11SEP26,0.4542,-0.51857,0.89311,120.0,120.0,0.0014999999999999979,ETH,2472.8,4515.21
2026-09-08T08:00:13.008530+00:00,ETH-11SEP26-2500-P,2473.14,ETH-11SEP26,put,2500.0,2026-09-11T08:00:00+00:00,0.008213140145955332,0.022,0.023,0.022572,0.0225,2473.14,ETH-11SEP26,0.4559,-0.59504,0.86859,1210.0,200.0,0.0010000000000000009,ETH,2472.8,10088.32
2026-09-08T08:00:13.008530+00:00,ETH-11SEP26-2440-C,2473.12,ETH-11SEP26,call,2440.0,2026-09-11T08:00:00+00:00,0.008213140145955332,0.0215,0.026,0.023757,0.02375,2473.12,ETH-11SEP26,0.4508,0.63725,0.84063,0.0,0.0,0.0045000000000000005,ETH,2472.75,0.0
2026-09-08T08:00:13.008530+00:00,ETH-25SEP26-3500-C,2477.19,ETH-25SEP26,call,3500.0,2026-09-25T08:00:00+00:00,0.046543051165804754,0.0007,0.001,0.000886,0.00085,2477.19,ETH-25SEP26,0.7254,0.01647,0.21939,20856.0,0.0,0.00030000000000000003,ETH,2472.8,0.0
2026-09-08T08:00:13.008530+00:00,ETH-25SEP26-1800-C,2477.19,ETH-25SEP26,call,1800.0,2026-09-25T08:00:00+00:00,0.046543051165804754,0.2715,0.277,0.274225,0.27425,2477.19,ETH-25SEP26,0.7071999999999999,0.98496,0.20287,6238.0,0.0,0.005500000000000005,ETH,2472.8,0.0
2026-09-08T08:00:13.008530+00:00,ETH-26MAR27-3400-C,2522.31,ETH-26MAR27,call,3400.0,2027-03-26T08:00:00+00:00,0.5448318944238473,0.063,0.066,0.064241,0.0645,2522.31,ETH-26MAR27,0.5561,0.30085,6.48356,1881.0,0.0,0.0030000000000000027,ETH,2472.75,0.0
2026-09-08T08:00:13.008530+00:00,ETH-25JUN27-900-P,2549.45,ETH-25JUN27,put,900.0,2027-06-25T08:00:00+00:00,0.7939763160528684,0.0075,0.0095,0.008745,0.0085,2549.45,ETH-25JUN27,0.7318000000000001,-0.02724,1.42703,848.0,0.0,0.002,ETH,2472.75,0.0
2026-09-08T08:00:13.008530+00:00,ETH-25JUN27-1300-C,2549.39,ETH-25JUN27,call,1300.0,2027-06-25T08:00:00+00:00,0.7939763160528684,0.509,0.519,0.513093,0.514,2549.39,ETH-25JUN27,0.6394,0.92882,3.09116,108.0,0.0,0.010000000000000009,ETH,2472.75,0.0
2026-09-08T08:00:13.008530+00:00,ETH-25SEP26-1850-P,2477.21,ETH-25SEP26,put,1850.0,2026-09-25T08:00:00+00:00,0.046543051165804754,0.0009,0.0012,0.00108,0.00105,2477.21,ETH-25SEP26,0.6775,-0.01917,0.24968,5691.0,0.0,0.0002999999999999999,ETH,2472.75,0.0
2026-09-08T08:00:13.008530+00:00,ETH-25DEC26-1500-C,2497.34,ETH-25DEC26,call,1500.0,2026-12-25T08:00:00+00:00,0.295687472794826,0.404,0.412,0.407802,0.408,2497.34,ETH-25DEC26,0.6394,0.94946,1.41298,749.0,0.0,0.007999999999999952,ETH,2472.68,0.0
2026-09-08T08:00:13.008530+00:00,ETH-30OCT26-3400-C,2483.28,ETH-30OCT26,call,3400.0,2026-10-30T08:00:00+00:00,0.1423678287154283,0.0085,0.0095,0.008853,0.009,2483.28,ETH-30OCT26,0.5834,0.09399,1.57168,3351.0,351.0,0.0009999999999999992,ETH,2472.68,8732.36
2026-09-08T08:00:13.008530+00:00,ETH-27NOV26-2750-P,2490.48,ETH-27NOV26,put,2750.0,2026-11-27T08:00:00+00:00,0.21902765075512712,0.1575,0.167,0.163654,0.16225,2490.48,ETH-27NOV26,0.5274,-0.60955,4.4749,75.0,23.0,0.009500000000000008,ETH,2472.75,8955.5
2026-09-08T08:00:13.008530+00:00,ETH-25SEP26-5000-P,2477.21,ETH-25SEP26,put,5000.0,2026-09-25T08:00:00+00:00,0.046543051165804754,1.012,1.026,1.018441,1.019,2477.21,ETH-25SEP26,0.9312999999999999,-0.99966,0.00671,2.0,0.0,0.014000000000000012,ETH,2472.68,0.0
2026-09-08T08:00:13.008530+00:00,ETH-18SEP26-2800-P,2474.89,ETH-18SEP26,put,2800.0,2026-09-18T08:00:00+00:00,0.027378095655880043,0.1325,0.139,0.136039,0.13575,2474.89,ETH-18SEP26,0.5755,-0.89413,0.74924,0.0,0.0,0.006500000000000006,ETH,2472.66,0.0
2026-09-08T08:00:13.008530+00:00,ETH-25DEC26-11000-P,2497.32,ETH-25DEC26,put,11000.0,2026-12-25T08:00:00+00:00,0.295687472794826,3.3695,3.415,3.404955,3.39225,2497.32,ETH-25DEC26,0.8654999999999999,-0.99819,0.07884,699.0,0.0,0.045500000000000096,ETH,2472.66,0.0
2026-09-08T08:00:13.008530+00:00,ETH-9SEP26-2800-C,2472.63,ETH-9SEP26,call,2800.0,2026-09-09T08:00:00+00:00,0.00273743857169113,,0.0001,3e-06,,2472.63,ETH-9SEP26,0.695,0.00033,0.00156,72.0,67.0,,ETH,2472.66,33.33
2026-09-08T08:00:13.008530+00:00,ETH-25DEC26-2800-C,2497.32,ETH-25DEC26,call,2800.0,2026-12-25T08:00:00+00:00,0.295687472794826,0.0695,0.0705,0.070043,0.07,2497.32,ETH-25DEC26,0.5286,0.39965,5.24681,6842.0,17.0,0.000999999999999987,ETH,2472.66,2989.29
2026-09-08T08:00:13.008530+00:00,ETH-27NOV26-4200-C,2490.48,ETH-27NOV26,call,4200.0,2026-11-27T08:00:00+00:00,0.21902765075512712,0.0055,0.0065,0.005905,0.006,2490.48,ETH-27NOV26,0.6318,0.05274,1.25466,40.0,0.0,0.001,ETH,2472.68,0.0
2026-09-08T08:00:13.008530+00:00,ETH-30OCT26-1800-C,2483.22,ETH-30OCT26,call,1800.0,2026-10-30T08:00:00+00:00,0.1423678287154283,0.2785,0.2845,0.281634,0.2815,2483.22,ETH-30OCT26,0.5967,0.93841,1.13955,106.0,1.0,0.00599999999999995,ETH,2472.66,711.76
2026-09-08T08:00:13.008530+00:00,ETH-25JUN27-1800-P,2549.45,ETH-25JUN27,put,1800.0,2027-06-25T08:00:00+00:00,0.7939763160528684,0.062,0.0645,0.063758,0.06325,2549.45,ETH-25JUN27,0.58,-0.17567,5.8724,769.0,0.0,0.0025000000000000022,ETH,2472.66,0.0
2026-09-08T08:00:13.008530+00:00,ETH-9SEP26-2200-P,2472.6,ETH-9SEP26,put,2200.0,2026-09-09T08:00:00+00:00,0.00273743857169113,,0.0001,1e-05,,2472.6,ETH-9SEP26,0.7240000000000001,-0.00095,0.00416,262.0,0.0,,ETH,2472.66,0.0
2026-09-08T08:00:13.008530+00:00,ETH-25DEC26-3400-P,2497.34,ETH-25DEC26,put,3400.0,2026-12-25T08:00:00+00:00,0.295687472794826,0.3805,0.395,0.389137,0.38775,2497.34,ETH-25DEC26,0.5533,-0.80919,3.69575,89.0,0.0,0.014500000000000013,ETH,2472.66,0.0
2026-09-08T08:00:13.008530+00:00,ETH-9SEP26-2460-P,2472.63,ETH-9SEP26,put,2460.0,2026-09-09T08:00:00+00:00,0.00273743857169113,0.006,0.007,0.006355,0.0065,2472.63,ETH-9SEP26,0.4165,-0.404,0.50058,327.0,31.0,0.001,ETH,2472.66,478.78
2026-09-08T08:00:13.008530+00:00,ETH-25DEC26-1000-P,2497.34,ETH-25DEC26,put,1000.0,2026-12-25T08:00:00+00:00,0.295687472794826,0.0003,0.0018,0.001857,0.00105,2497.34,ETH-25DEC26,0.8083,-0.01069,0.38358,18446.0,0.0,0.0015,ETH,2472.66,0.0
2026-09-08T08:00:13.008530+00:00,ETH-27NOV26-2200-P,2490.48,ETH-27NOV26,put,2200.0,2026-11-27T08:00:00+00:00,0.21902765075512712,0.0455,0.0465,0.046194,0.046,2490.48,ETH-27NOV26,0.5315,-0.26673,3.8314,21.0,3.0,0.0010000000000000009,ETH,2472.66,333.54
2026-09-08T08:00:13.008530+00:00,ETH-25SEP26-14000-C,2477.19,ETH-25SEP26,call,14000.0,2026-09-25T08:00:00+00:00,0.046543051165804754,,0.0001,1e-06,,2477.19,ETH-25SEP26,1.7753,1e-05,0.00018,2121.0,0.0,,ETH,2472.66,0.0
2026-09-08T08:00:13.008530+00:00,ETH-25JUN27-3700-P,2549.39,ETH-25JUN27,put,3700.0,2027-06-25T08:00:00+00:00,0.7939763160528684,0.5185,0.54,0.530897,0.52925,2549.39,ETH-25JUN27,0.5646,-0.68727,8.04811,0.0,0.0,0.021500000000000075,ETH,2472.62,0.0
2026-09-08T08:00:13.008530+00:00,ETH-25SEP26-2440-C,2477.19,ETH-25SEP26,call,2440.0,2026-09-25T08:00:00+00:00,0.046543051165804754,0.0495,0.051,0.050494,0.05025,2477.19,ETH-25SEP26,0.4984,0.57688,2.09276,5076.0,0.0,0.0014999999999999944,ETH,2472.66,0.0
2026-09-08T08:00:13.008530+00:00,ETH-10SEP26-2650-C,2472.88,ETH-10SEP26,call,2650.0,2026-09-10T08:00:00+00:00,0.005475289358823231,0.0006,0.0009,0.000823,0.00075,2472.88,ETH-10SEP26,0.5574,0.04772,0.18173,40.0,40.0,0.00030000000000000003,ETH,2472.66,129.82
2026-09-08T08:00:13.008530+00:00,ETH-11SEP26-2420-C,2473.14,ETH-11SEP26,call,2420.0,2026-09-11T08:00:00+00:00,0.008213140145955332,0.027,0.0315,0.029175,0.02925,2473.14,ETH-11SEP26,0.4537,0.70807,0.76946,0.0,0.0,0.0045000000000000005,ETH,2472.62,0.0
2026-09-08T08:00:13.008530+00:00,ETH-25SEP26-1850-C,2477.19,ETH-25SEP26,call,1850.0,2026-09-25T08:00:00+00:00,0.046543051165804754,0.2515,0.2565,0.254263,0.254,2477.19,ETH-25SEP26,0.6775,0.98082,0.2498,2242.0,0.0,0.0050000000000000044,ETH,2472.62,0.0
2026-09-08T08:00:13.008530+00:00,ETH-25SEP26-10000-C,2477.19,ETH-25SEP26,call,10000.0,2026-09-25T08:00:00+00:00,0.046543051165804754,,0.0001,1e-06,,2477.19,ETH-25SEP26,1.4631999999999998,1e-05,0.00024,1965.0,0.0,,ETH,2472.62,0.0
2026-09-08T08:00:13.008530+00:00,ETH-25JUN27-2300-C,2549.45,ETH-25JUN27,call,2300.0,2027-06-25T08:00:00+00:00,0.7939763160528684,0.2335,0.2475,0.239719,0.2405,2549.45,ETH-25JUN27,0.5585,0.67573,8.17155,234.0,0.0,0.013999999999999985,ETH,2472.59,0.0
2026-09-08T08:00:13.008530+00:00,ETH-25JUN27-2700-C,2549.45,ETH-25JUN27,call,2700.0,2027-06-25T08:00:00+00:00,0.7939763160528684,0.1715,0.175,0.172889,0.17325,2549.45,ETH-25JUN27,0.555,0.55229,8.98801,444.0,0.0,0.0034999999999999754,ETH,2472.59,0.0
2026-09-08T08:00:13.008530+00:00,ETH-9SEP26-2700-P,2472.6,ETH-9SEP26,put,2700.0,2026-09-09T08:00:00+00:00,0.00273743857169113,0.0885,0.095,0.092019,0.09175,2472.6,ETH-9SEP26,0.6462,-0.9952,0.01803,0.0,0.0,0.006500000000000006,ETH,2472.59,0.0
2026-09-08T08:00:13.008530+00:00,ETH-25SEP26-16000-C,2477.19,ETH-25SEP26,call,16000.0,2026-09-25T08:00:00+00:00,0.046543051165804754,,0.0001,1e-06,,2477.19,ETH-25SEP26,1.8954,1e-05,0.00016,9830.0,0.0,,ETH,2472.59,0.0
2026-09-08T08:00:13.008530+00:00,ETH-25DEC26-3300-P,2497.32,ETH-25DEC26,put,3300.0,2026-12-25T08:00:00+00:00,0.295687472794826,0.345,0.3595,0.353479,0.35225,2497.32,ETH-25DEC26,0.5481,-0.78408,3.97872,10.0,0.0,0.014500000000000013,ETH,2472.37,0.0
2026-09-08T08:00:13.008530+00:00,ETH-25DEC26-3400-C,2497.34,ETH-25DEC26,call,3400.0,2026-12-25T08:00:00+00:00,0.295687472794826,0.027,0.0285,0.027672,0.02775,2497.34,ETH-25DEC26,0.5533,0.19069,3.69387,14534.0,0.0,0.0015000000000000013,ETH,2472.37,0.0
2026-09-08T08:00:13.008530+00:00,ETH-27NOV26-2800-P,2490.48,ETH-27NOV26,put,2800.0,2026-11-27T08:00:00+00:00,0.21902765075512712,0.172,0.182,0.17833,0.177,2490.48,ETH-27NOV26,0.5294,-0.63647,4.37621,34.0,0.0,0.010000000000000009,ETH,2472.59,0.0
2026-09-08T08:00:13.008530+00:00,ETH-25SEP26-6200-P,2477.21,ETH-25SEP26,put,6200.0,2026-09-25T08:00:00+00:00,0.046543051165804754,1.495,1.512,1.502848,1.5035,2477.21,ETH-25SEP26,1.0378,-0.99997,0.00076,0.0,0.0,0.016999999999999904,ETH,2472.59,0.0
2026-09-08T08:00:13.008530+00:00,ETH-25DEC26-2000-C,2497.32,ETH-25DEC26,call,2000.0,2026-12-25T08:00:00+00:00,0.295687472794826,0.23,0.2395,0.234563,0.23475,2497.32,ETH-25DEC26,0.5504,0.81365,3.64217,10830.0,2.0,0.00949999999999998,ETH,2472.37,1159.4
2026-09-08T08:00:13.008530+00:00,ETH-25JUN27-5500-P,2549.45,ETH-25JUN27,put,5500.0,2027-06-25T08:00:00+00:00,0.7939763160528684,1.163,1.2005,1.183196,1.18175,2549.45,ETH-25JUN27,0.5987,-0.87978,4.55129,0.0,0.0,0.03749999999999987,ETH,2472.37,0.0
2026-09-08T08:00:13.008530+00:00,ETH-30OCT26-1850-C,2483.22,ETH-30OCT26,call,1850.0,2026-10-30T08:00:00+00:00,0.1423678287154283,0.26,0.2665,0.262712,0.26325,2483.22,ETH-30OCT26,0.58,0.92705,1.29888,1008.0,0.0,0.006500000000000006,ETH,2472.37,0.0
2026-09-08T08:00:13.008530+00:00,ETH-27NOV26-2000-P,2490.48,ETH-27NOV26,put,2000.0,2026-11-27T08:00:00+00:00,0.21902765075512712,0.0245,0.026,0.02546,0.02525,2490.48,ETH-27NOV26,0.5525,-0.16438,2.88665,516.0,57.0,0.0014999999999999979,ETH,2472.37,3595.74
2026-09-08T08:00:13.008530+00:00,ETH-25JUN27-3800-P,2549.45,ETH-25JUN27,put,3800.0,2027-06-25T08:00:00+00:00,0.7939763160528684,0.552,0.574,0.564595,0.563,2549.45,ETH-25JUN27,0.5663,-0.70489,7.84045,2.0,0.0,0.02199999999999991,ETH,2472.06,0.0
2026-09-08T08:00:13.008530+00:00,ETH-27NOV26-2950-P,2490.48,ETH-27NOV26,put,2950.0,2026-11-27T08:00:00+00:00,0.21902765075512712,0.2185,0.23,0.225302,0.22425,2490.48,ETH-27NOV26,0.5375,-0.70803,4.00333,0.0,0.0,0.01150000000000001,ETH,2472.37,0.0
2026-09-08T08:00:13.008530+00:00,ETH-25DEC26-800-P,2497.34,ETH-25DEC26,put,800.0,2026-12-25T08:00:00+00:00,0.295687472794826,,0.0016,0.000982,,2497.34,ETH-25DEC26,0.9076000000000001,-0.00536,0.209,7348.0,0.0,,ETH,2472.06,0.0
2026-09-08T08:00:13.008530+00:00,ETH-9SEP26-2700-C,2472.6,ETH-9SEP26,call,2700.0,2026-09-09T08:00:00+00:00,0.00273743857169113,,0.0001,5.1e-05,,2472.6,ETH-9SEP26,0.6462,0.00476,0.01787,699.0,137.0,,ETH,2472.06,54.01
2026-09-08T08:00:13.008530+00:00,ETH-18SEP26-3000-P,2474.89,ETH-18SEP26,put,3000.0,2026-09-18T08:00:00+00:00,0.027378095655880043,0.21,0.2175,0.213869,0.21375,2474.89,ETH-18SEP26,0.645,-0.96,0.35293,0.0,0.0,0.007500000000000007,ETH,2472.06,0.0
2026-09-08T08:00:13.008530+00:00,ETH-9SEP26-2420-C,2472.6,ETH-9SEP26,call,2420.0,2026-09-09T08:00:00+00:00,0.00273743857169113,0.021,0.026,0.023397,0.0235,2472.6,ETH-9SEP26,0.4385,0.82798,0.32947,21.0,42.0,0.0049999999999999975,ETH,2472.06,2974.92
2026-09-08T08:00:13.008530+00:00,ETH-25JUN27-3000-P,2549.45,ETH-25JUN27,put,3000.0,2027-06-25T08:00:00+00:00,0.7939763160528684,0.3025,0.3205,0.312616,0.3115,2549.45,ETH-25JUN27,0.5561,-0.53227,9.03387,220.0,0.0,0.018000000000000016,ETH,2471.98,0.0
2026-09-08T08:00:13.008530+00:00,ETH-26MAR27-800-P,2522.31,ETH-26MAR27,put,800.0,2027-03-26T08:00:00+00:00,0.5448318944238473,0.003,0.0039,0.003392,0.00345,2522.31,ETH-26MAR27,0.8090999999999999,-0.01321,0.63188,2706.0,0.0,0.0008999999999999998,ETH,2471.98,0.0
2026-09-08T08:00:13.008530+00:00,ETH-30OCT26-2300-C,2483.22,ETH-30OCT26,call,2300.0,2026-10-30T08:00:00+00:00,0.1423678287154283,0.1135,0.1215,0.117003,0.1175,2483.22,ETH-30OCT26,0.5143,0.68813,3.31432,1211.0,0.0,0.007999999999999993,ETH,2471.98,0.0
2026-09-08T08:00:13.008530+00:00,ETH-25DEC26-2000-P,2497.32,ETH-25DEC26,put,2000.0,2026-12-25T08:00:00+00:00,0.295687472794826,0.0345,0.0355,0.035425,0.035,2497.32,ETH-25DEC26,0.5504,-0.18659,3.64405,8742.0,52.0,0.000999999999999994,ETH,2472.14,4598.56
2026-09-08T08:00:13.008530+00:00,ETH-9SEP26-2540-C,2472.63,ETH-9SEP26,call,2540.0,2026-09-09T08:00:00+00:00,0.00273743857169113,0.0014,0.0018,0.001656,0.0016,2472.63,ETH-9SEP26,0.46380000000000005,0.13224,0.27656,71.0,30.0,0.00039999999999999996,ETH,2471.98,302.78
2026-09-08T08:00:13.008530+00:00,ETH-25DEC26-800-C,2497.34,ETH-25DEC26,call,800.0,2026-12-25T08:00:00+00:00,0.295687472794826,0.678,0.683,0.680637,0.6805,2497.34,ETH-25DEC26,0.9076000000000001,0.99464,0.20898,171.0,0.0,0.0050000000000000044,ETH,2472.14,0.0
2026-09-08T08:00:13.008530+00:00,ETH-26MAR27-4500-C,2522.28,ETH-26MAR27,call,4500.0,2027-03-26T08:00:00+00:00,0.5448318944238473,0.023,0.025,0.024,0.024,2522.28,ETH-26MAR27,0.5869,0.13133,3.96623,2104.0,2.0,0.0020000000000000018,ETH,2472.14,127.56
2026-09-08T08:00:13.008530+00:00,ETH-25DEC26-5500-C,2497.32,ETH-25DEC26,call,5500.0,2026-12-25T08:00:00+00:00,0.295687472794826,0.0028,0.0035,0.003031,0.00315,2497.32,ETH-25DEC26,0.6753,0.02468,0.78524,2173.0,0.0,0.0007000000000000001,ETH,2472.14,0.0
2026-09-08T08:00:13.008530+00:00,ETH-30OCT26-2750-P,2483.22,ETH-30OCT26,put,2750.0,2026-10-30T08:00:00+00:00,0.1423678287154283,0.1415,0.15,0.147259,0.14575,2483.22,ETH-30OCT26,0.5218,-0.66326,3.42042,0.0,0.0,0.008500000000000008,ETH,2472.14,0.0
2026-09-08T08:00:13.008530+00:00,ETH-25DEC26-4000-C,2497.32,ETH-25DEC26,call,4000.0,2026-12-25T08:00:00+00:00,0.295687472794826,0.012,0.013,0.012359,0.0125,2497.32,ETH-25DEC26,0.5864,0.09381,2.27411,14665.0,27.0,0.0009999999999999992,ETH,2472.07,908.56
2026-09-08T08:00:13.008530+00:00,ETH-9SEP26-2300-P,2472.63,ETH-9SEP26,put,2300.0,2026-09-09T08:00:00+00:00,0.00273743857169113,,0.0002,0.000102,,2472.63,ETH-9SEP26,0.5951,-0.00982,0.03389,240.0,240.0,,ETH,2472.14,60.46
2026-09-08T08:00:13.008530+00:00,ETH-25SEP26-1200-C,2477.21,ETH-25SEP26,call,1200.0,2026-09-25T08:00:00+00:00,0.046543051165804754,0.514,0.5175,0.515638,0.51575,2477.21,ETH-25SEP26,1.1127,0.99915,0.01554,138.0,0.0,0.0034999999999999476,ETH,2472.14,0.0
2026-09-08T08:00:13.008530+00:00,ETH-9SEP26-2560-P,2472.63,ETH-9SEP26,put,2560.0,2026-09-09T08:00:00+00:00,0.00273743857169113,0.0335,0.0395,0.036394,0.0365,2472.63,ETH-9SEP26,0.4893,-0.91501,0.20104,18.0,0.0,0.005999999999999998,ETH,2472.14,0.0
2026-09-08T08:00:13.008530+00:00,ETH-9SEP26-2500-C,2472.63,ETH-9SEP26,call,2500.0,2026-09-09T08:00:00+00:00,0.00273743857169113,0.0042,0.0047,0.004487,0.00445,2472.63,ETH-9SEP26,0.42710000000000004,0.31035,0.45606,527.0,84.0,0.0005000000000000004,ETH,2472.14,1671.57
2026-09-08T08:00:13.008530+00:00,ETH-11SEP26-1800-P,2473.12,ETH-11SEP26,put,1800.0,2026-09-11T08:00:00+00:00,0.008213140145955332,,0.0002,4.5e-05,,2473.12,ETH-11SEP26,1.1963,-0.00143,0.01048,4402.0,57.0,,ETH,2472.07,14.1
2026-09-08T08:00:13.008530+00:00,ETH-25SEP26-3000-C,2477.21,ETH-25SEP26,call,3000.0,2026-09-25T08:00:00+00:00,0.046543051165804754,0.0039,0.0041,0.004091,0.004,2477.21,ETH-25SEP26,0.5909,0.07468,0.75402,41395.0,1602.0,0.00020000000000000052,ETH,2472.07,19503.95
2026-09-08T08:00:13.008530+00:00,ETH-25SEP26-4000-P,2477.19,ETH-25SEP26,put,4000.0,2026-09-25T08:00:00+00:00,0.046543051165804754,0.61,0.6205,0.614936,0.61525,2477.19,ETH-25SEP26,0.8069,-0.99611,0.06169,138.0,0.0,0.010500000000000065,ETH,2472.07,0.0
2026-09-08T08:00:13.008530+00:00,ETH-10SEP26-2480-P,2472.85,ETH-10SEP26,put,2480.0,2026-09-10T08:00:00+00:00,0.005475289358823231,0.014,0.015,0.014479,0.0145,2472.85,ETH-10SEP26,0.4388,-0.53219,0.72718,27.0,27.0,0.0009999999999999992,ETH,2472.07,693.77
2026-09-08T08:00:13.008530+00:00,ETH-25SEP26-2150-C,2477.19,ETH-25SEP26,call,2150.0,2026-09-25T08:00:00+00:00,0.046543051165804754,0.136,0.1405,0.138197,0.13825,2477.19,ETH-25SEP26,0.5459,0.89611,0.96426,167.0,0.0,0.004500000000000004,ETH,2472.07,0.0
2026-09-08T08:00:13.008530+00:00,ETH-25SEP26-6500-P,2477.21,ETH-25SEP26,put,6500.0,2026-09-25T08:00:00+00:00,0.046543051165804754,1.616,1.634,1.623953,1.625,2477.21,ETH-25SEP26,1.0823,-0.99997,0.00067,0.0,0.0,0.017999999999999794,ETH,2472.07,0.0
2026-09-08T08:00:13.008530+00:00,ETH-25JUN27-4600-P,2549.45,ETH-25JUN27,put,4600.0,2027-06-25T08:00:00+00:00,0.7939763160528684,0.832,0.8615,0.847671,0.84675,2549.45,ETH-25JUN27,0.581,-0.81083,6.14862,0.0,0.0,0.02950000000000008,ETH,2472.07,0.0
2026-09-08T08:00:13.008530+00:00,ETH-25SEP26-5800-P,2477.21,ETH-25SEP26,put,5800.0,2026-09-25T08:00:00+00:00,0.046543051165804754,1.3345,1.3495,1.341375,1.342,2477.21,ETH-25SEP26,0.9994,-0.99994,0.00135,0.0,0.0,0.014999999999999902,ETH,2472.07,0.0
2026-09-08T08:00:13.008530+00:00,ETH-10SEP26-2420-P,2472.88,ETH-10SEP26,put,2420.0,2026-09-10T08:00:00+00:00,0.005475289358823231,0.0047,0.0055,0.005133,0.0051,2472.88,ETH-10SEP26,0.45,-0.25583,0.5882,92.0,35.0,0.0007999999999999995,ETH,2472.07,402.34
2026-09-08T08:00:13.008530+00:00,ETH-25JUN27-1200-C,2549.45,ETH-25JUN27,call,1200.0,2027-06-25T08:00:00+00:00,0.7939763160528684,0.543,0.553,0.547649,0.548,2549.45,ETH-25JUN27,0.6581999999999999,0.94262,2.61282,55.0,0.0,0.010000000000000009,ETH,2471.87,0.0
2026-09-08T08:00:13.008530+00:00,ETH-11SEP26-2440-P,2473.14,ETH-11SEP26,put,2440.0,2026-09-11T08:00:00+00:00,0.008213140145955332,0.01,0.011,0.010369,0.0105,2473.14,ETH-11SEP26,0.4508,-0.36578,0.84272,190.0,199.0,0.0009999999999999992,ETH,2472.07,4704.28
2026-09-08T08:00:13.008530+00:00,ETH-25SEP26-2440-P,2477.21,ETH-25SEP26,put,2440.0,2026-09-25T08:00:00+00:00,0.046543051165804754,0.035,0.036,0.035485,0.0355,2477.21,ETH-25SEP26,0.4984,-0.42437,2.09333,68.0,0.0,0.000999999999999994,ETH,2471.87,0.0
2026-09-08T08:00:13.008530+00:00,ETH-30OCT26-1200-C,2483.28,ETH-30OCT26,call,1200.0,2026-10-30T08:00:00+00:00,0.1423678287154283,0.515,0.5205,0.517497,0.51775,2483.28,ETH-30OCT26,0.8369,0.99304,0.18167,0.0,0.0,0.005499999999999949,ETH,2471.87,0.0
2026-09-08T08:00:13.008530+00:00,ETH-30OCT26-1700-C,2483.22,ETH-30OCT26,call,1700.0,2026-10-30T08:00:00+00:00,0.1423678287154283,0.3165,0.3225,0.319724,0.3195,2483.22,ETH-30OCT26,0.6232,0.95796,0.8407,74.0,0.0,0.006000000000000005,ETH,2471.81,0.0
2026-09-08T08:00:13.008530+00:00,ETH-25DEC26-1300-P,2497.32,ETH-25DEC26,put,1300.0,2026-12-25T08:00:00+00:00,0.295687472794826,0.0043,0.0047,0.004646,0.0045,2497.32,ETH-25DEC26,0.6960999999999999,-0.02781,0.86752,2064.0,0.0,0.0004000000000000002,ETH,2471.81,0.0
2026-09-08T08:00:13.008530+00:00,ETH-25SEP26-2600-C,2477.19,ETH-25SEP26,call,2600.0,2026-09-25T08:00:00+00:00,0.046543051165804754,0.0235,0.025,0.024348,0.02425,2477.19,ETH-25SEP26,0.5086999999999999,0.34831,1.97572,21223.0,112.0,0.0015000000000000013,ETH,2471.81,7517.63
2026-09-08T08:00:13.008530+00:00,ETH-26MAR27-1200-P,2522.31,ETH-26MAR27,put,1200.0,2027-03-26T08:00:00+00:00,0.5448318944238473,0.0095,0.0115,0.010489,0.0105,2522.31,ETH-26MAR27,0.6814,-0.04207,1.67107,1661.0,0.0,0.002,ETH,2471.81,0.0
2026-09-08T08:00:13.008530+00:00,ETH-10SEP26-2680-C,2472.85,ETH-10SEP26,call,2680.0,2026-09-10T08:00:00+00:00,0.005475289358823231,0.0003,0.0006,0.0005,0.00045,2472.85,ETH-10SEP26,0.5749,0.0291,0.12131,213.0,47.0,0.0003,ETH,2471.81,103.57
2026-09-08T08:00:13.008530+00:00,ETH-25SEP26-7000-P,2477.19,ETH-25SEP26,put,7000.0,2026-09-25T08:00:00+00:00,0.046543051165804754,1.8175,1.836,1.825795,1.82675,2477.19,ETH-25SEP26,1.1240999999999999,-0.99998,0.00037,0.0,0.0,0.018500000000000183,ETH,2471.81,0.0
2026-09-08T08:00:13.008530+00:00,ETH-25SEP26-1900-C,2477.19,ETH-25SEP26,call,1900.0,2026-09-25T08:00:00+00:00,0.046543051165804754,0.232,0.237,0.234392,0.2345,2477.19,ETH-25SEP26,0.6505,0.97482,0.31416,10556.0,1.0,0.004999999999999977,ETH,2471.81,597.78
2026-09-08T08:00:13.008530+00:00,ETH-25DEC26-2300-C,2497.34,ETH-25DEC26,call,2300.0,2026-12-25T08:00:00+00:00,0.295687472794826,0.15,0.159,0.153844,0.1545,2497.34,ETH-25DEC26,0.5291,0.66593,4.94179,7409.0,0.0,0.009000000000000008,ETH,2471.95,0.0
2026-09-08T08:00:13.008530+00:00,ETH-30OCT26-3000-P,2483.28,ETH-30OCT26,put,3000.0,2026-10-30T08:00:00+00:00,0.1423678287154283,0.223,0.2345,0.229673,0.22875,2483.28,ETH-30OCT26,0.5413,-0.7952,2.66057,72.0,0.0,0.011499999999999982,ETH,2471.95,0.0
2026-09-08T08:00:13.008530+00:00,ETH-30OCT26-2650-C,2483.22,ETH-30OCT26,call,2650.0,2026-10-30T08:00:00+00:00,0.1423678287154283,0.0505,0.0515,0.050982,0.051,2483.22,ETH-30OCT26,0.5161,0.40583,3.63305,868.0,0.0,0.000999999999999994,ETH,2471.95,0.0
2026-09-08T08:00:13.008530+00:00,ETH-11SEP26-2200-C,2473.14,ETH-11SEP26,call,2200.0,2026-09-11T08:00:00+00:00,0.008213140145955332,0.108,0.1135,0.111105,0.11075,2473.14,ETH-11SEP26,0.6851,0.97221,0.14304,219.0,18.0,0.005500000000000005,ETH,2471.95,5043.99
2026-09-08T08:00:13.008530+00:00,ETH-30OCT26-4200-C,2483.28,ETH-30OCT26,call,4200.0,2026-10-30T08:00:00+00:00,0.1423678287154283,0.0022,0.0029,0.002456,0.00255,2483.28,ETH-30OCT26,0.6792,0.02728,0.58913,478.0,0.0,0.0006999999999999997,ETH,2472.18,0.0
2026-09-08T08:00:13.008530+00:00,ETH-18SEP26-2900-C,2474.89,ETH-18SEP26,call,2900.0,2026-09-18T08:00:00+00:00,0.027378095655880043,0.0025,0.0029,0.002687,0.0027,2474.89,ETH-18SEP26,0.6084,0.06322,0.50804,600.0,97.0,0.00039999999999999975,ETH,2471.95,774.92
2026-09-08T08:00:13.008530+00:00,ETH-26MAR27-3700-C,2522.31,ETH-26MAR27,call,3700.0,2027-03-26T08:00:00+00:00,0.5448318944238473,0.047,0.0495,0.048166,0.04825,2522.31,ETH-26MAR27,0.564,0.23805,5.76229,1531.0,0.0,0.0025000000000000022,ETH,2472.18,0.0
2026-09-08T08:00:13.008530+00:00,ETH-26MAR27-5000-C,2522.31,ETH-26MAR27,call,5000.0,2027-03-26T08:00:00+00:00,0.5448318944238473,0.016,0.0175,0.016563,0.01675,2522.31,ETH-26MAR27,0.6029,0.09424,3.12827,2449.0,2.0,0.0015000000000000013,ETH,2472.18,87.19
2026-09-08T08:00:13.008530+00:00,ETH-9SEP26-2520-C,2472.63,ETH-9SEP26,call,2520.0,2026-09-09T08:00:00+00:00,0.00273743857169113,0.0024,0.0029,0.00268,0.00265,2472.63,ETH-9SEP26,0.4407,0.2054,0.36754,234.0,142.0,0.0005,ETH,2472.18,2501.32
2026-09-08T08:00:13.008530+00:00,ETH-10SEP26-2440-C,2472.85,ETH-10SEP26,call,2440.0,2026-09-10T08:00:00+00:00,0.005475289358823231,0.0195,0.024,0.020572,0.02175,2472.85,ETH-10SEP26,0.4389,0.66163,0.66877,37.0,37.0,0.0045000000000000005,ETH,2472.18,2534.53
2026-09-08T08:00:13.008530+00:00,ETH-26MAR27-1200-C,2522.31,ETH-26MAR27,call,1200.0,2027-03-26T08:00:00+00:00,0.5448318944238473,0.5315,0.5395,0.534718,0.5355,2522.31,ETH-26MAR27,0.6814,0.95796,1.67047,68.0,0.0,0.008000000000000007,ETH,2472.18,0.0
2026-09-08T08:00:13.008530+00:00,ETH-25SEP26-2700-P,2477.19,ETH-25SEP26,put,2700.0,2026-09-25T08:00:00+00:00,0.046543051165804754,0.1005,0.1085,0.105129,0.1045,2477.19,ETH-25SEP26,0.5243,-0.76076,1.65833,557.0,0.0,0.007999999999999993,ETH,2472.18,0.0
2026-09-08T08:00:13.008530+00:00,ETH-11SEP26-2450-P,2473.14,ETH-11SEP26,put,2450.0,2026-09-11T08:00:00+00:00,0.008213140145955332,0.0115,0.0125,0.011937,0.012,2473.14,ETH-11SEP26,0.4497,-0.40353,0.86756,2215.0,121.0,0.0010000000000000009,ETH,2472.18,3495.68
2026-09-08T08:00:13.008530+00:00,ETH-26MAR27-2500-C,2522.31,ETH-26MAR27,call,2500.0,2027-03-26T08:00:00+00:00,0.5448318944238473,0.162,0.1655,0.163243,0.16375,2522.31,ETH-26MAR27,0.5451,0.58817,7.24627,9836.0,1.0,0.003500000000000003,ETH,2472.42,413.07
2026-09-08T08:00:13.008530+00:00,ETH-25SEP26-2300-C,2477.19,ETH-25SEP26,call,2300.0,2026-09-25T08:00:00+00:00,0.046543051165804754,0.0845,0.091,0.087326,0.08775,2477.19,ETH-25SEP26,0.5099,0.76654,1.63631,14119.0,0.0,0.006499999999999992,ETH,2472.42,0.0
2026-09-08T08:00:13.008530+00:00,ETH-25SEP26-1400-P,2477.19,ETH-25SEP26,put,1400.0,2026-09-25T08:00:00+00:00,0.046543051165804754,0.0001,0.0008,0.000151,0.00045,2477.19,ETH-25SEP26,0.9693,-0.00231,0.03867,11566.0,2.0,0.0007,ETH,2472.42,0.99
2026-09-08T08:00:13.008530+00:00,ETH-26MAR27-1500-P,2522.31,ETH-26MAR27,put,1500.0,2027-03-26T08:00:00+00:00,0.5448318944238473,0.021,0.023,0.022137,0.022,2522.31,ETH-26MAR27,0.6195,-0.0862,2.92802,4076.0,0.0,0.0019999999999999983,ETH,2472.42,0.0
2026-09-08T08:00:13.008530+00:00,ETH-27NOV26-2850-C,2490.48,ETH-27NOV26,call,2850.0,2026-11-27T08:00:00+00:00,0.21902765075512712,0.0485,0.05,0.049142,0.04925,2490.48,ETH-27NOV26,0.5318,0.33788,4.26068,11.0,0.0,0.0015000000000000013,ETH,2472.42,0.0
2026-09-08T08:00:13.008530+00:00,ETH-9SEP26-2250-P,2472.6,ETH-9SEP26,put,2250.0,2026-09-09T08:00:00+00:00,0.00273743857169113,,0.0002,5.2e-05,,2472.6,ETH-9SEP26,0.6951999999999999,-0.00456,0.01721,316.0,79.0,,ETH,2472.42,64.76
2026-09-08T08:00:13.008530+00:00,ETH-25SEP26-2550-P,2477.19,ETH-25SEP26,put,2550.0,2026-09-25T08:00:00+00:00,0.046543051165804754,0.0595,0.061,0.060146,0.06025,2477.19,ETH-25SEP26,0.5027,-0.58488,2.08379,45.0,0.0,0.0015000000000000013,ETH,2472.52,0.0
2026-09-08T08:00:13.008530+00:00,ETH-25JUN27-2700-P,2549.45,ETH-25JUN27,put,2700.0,2027-06-25T08:00:00+00:00,0.7939763160528684,0.223,0.2395,0.232078,0.23125,2549.45,ETH-25JUN27,0.555,-0.44778,8.98745,7.0,0.0,0.016499999999999987,ETH,2472.52,0.0
2026-09-08T08:00:13.008530+00:00,ETH-25JUN27-2900-C,2549.45,ETH-25JUN27,call,2900.0,2027-06-25T08:00:00+00:00,0.7939763160528684,0.1455,0.1495,0.147074,0.1475,2549.45,ETH-25JUN27,0.5555,0.49494,9.06449,283.0,0.0,0.0040000000000000036,ETH,2472.52,0.0
2026-09-08T08:00:13.008530+00:00,ETH-25JUN27-1700-P,2549.45,ETH-25JUN27,put,1700.0,2027-06-25T08:00:00+00:00,0.7939763160528684,0.0515,0.054,0.052955,0.05275,2549.45,ETH-25JUN27,0.5884,-0.15036,5.30657,3041.0,0.0,0.0025000000000000022,ETH,2472.5,0.0
2026-09-08T08:00:13.008530+00:00,ETH-30OCT26-1200-P,2483.22,ETH-30OCT26,put,1200.0,2026-10-30T08:00:00+00:00,0.1423678287154283,,0.0012,0.000791,,2483.22,ETH-30OCT26,0.8369,-0.00694,0.18122,2674.0,0.0,,ETH,2472.5,0.0
2026-09-08T08:00:13.008530+00:00,ETH-10SEP26-2640-P,2472.85,ETH-10SEP26,put,2640.0,2026-09-10T08:00:00+00:00,0.005475289358823231,0.0655,0.0715,0.068574,0.0685,2472.85,ETH-10SEP26,0.5495,-0.94512,0.2031,0.0,0.0,0.0059999999999999915,ETH,2472.52,0.0
2026-09-08T08:00:13.008530+00:00,ETH-18SEP26-2400-P,2474.89,ETH-18SEP26,put,2400.0,2026-09-18T08:00:00+00:00,0.027378095655880043,0.019,0.02,0.019578,0.0195,2474.89,ETH-18SEP26,0.4997,-0.34039,1.50122,1188.0,119.0,0.0010000000000000009,ETH,2472.52,5378.71
2026-09-08T08:00:13.008530+00:00,ETH-26MAR27-1500-C,2522.31,ETH-26MAR27,call,1500.0,2027-03-26T08:00:00+00:00,0.5448318944238473,0.4225,0.433,0.427423,0.42775,2522.31,ETH-26MAR27,0.6195,0.91381,2.92787,242.0,0.0,0.01050000000000001,ETH,2472.5,0.0
2026-09-08T08:00:13.008530+00:00,ETH-10SEP26-2340-P,2472.85,ETH-10SEP26,put,2340.0,2026-09-10T08:00:00+00:00,0.005475289358823231,0.001,0.0012,0.001306,0.0011,2472.85,ETH-10SEP26,0.5235,-0.0718,0.25041,428.0,362.0,0.00019999999999999987,ETH,2472.5,1304.2
2026-09-08T08:00:13.008530+00:00,ETH-30OCT26-2450-P,2483.22,ETH-30OCT26,put,2450.0,2026-10-30T08:00:00+00:00,0.1423678287154283,0.069,0.07,0.069837,0.0695,2483.22,ETH-30OCT26,0.5108,-0.43419,3.68775,352.0,13.0,0.0010000000000000009,ETH,2472.52,2139.96
2026-09-08T08:00:13.008530+00:00,ETH-11SEP26-2400-C,2473.14,ETH-11SEP26,call,2400.0,2026-09-11T08:00:00+00:00,0.008213140145955332,0.0325,0.0375,0.035272,0.035,2473.14,ETH-11SEP26,0.46140000000000003,0.76938,0.68143,1300.0,0.0,0.0049999999999999975,ETH,2472.5,0.0
2026-09-08T08:00:13.008530+00:00,ETH-25SEP26-3800-C,2477.21,ETH-25SEP26,call,3800.0,2026-09-25T08:00:00+00:00,0.046543051165804754,0.0002,0.0005,0.000378,0.00035,2477.21,ETH-25SEP26,0.7829,0.00719,0.10661,5277.0,0.0,0.00030000000000000003,ETH,2472.52,0.0
2026-09-08T08:00:13.008530+00:00,ETH-27NOV26-2600-P,2490.48,ETH-27NOV26,put,2600.0,2026-11-27T08:00:00+00:00,0.21902765075512712,0.118,0.126,0.123018,0.122,2490.48,ETH-27NOV26,0.5225,-0.52162,4.64388,131.0,0.0,0.008000000000000007,ETH,2472.52,0.0
2026-09-08T08:00:13.008530+00:00,ETH-27NOV26-3000-P,2490.48,ETH-27NOV26,put,3000.0,2026-11-27T08:00:00+00:00,0.21902765075512712,0.235,0.2465,0.241715,0.24075,2490.48,ETH-27NOV26,0.5401,-0.72922,3.86008,10.0,0.0,0.01150000000000001,ETH,2472.52,0.0
2026-09-08T08:00:13.008530+00:00,ETH-10SEP26-2200-P,2472.85,ETH-10SEP26,put,2200.0,2026-09-10T08:00:00+00:00,0.005475289358823231,0.0003,0.0005,0.000406,0.0004,2472.85,ETH-10SEP26,0.7726000000000001,-0.01933,0.08605,232.0,85.0,0.00020000000000000004,ETH,2472.52,111.18
2026-09-08T08:00:13.008530+00:00,ETH-10SEP26-2480-C,2472.88,ETH-10SEP26,call,2480.0,2026-09-10T08:00:00+00:00,0.005475289358823231,0.011,0.012,0.011563,0.0115,2472.88,ETH-10SEP26,0.4388,0.46979,0.72758,10.0,20.0,0.0010000000000000009,ETH,2472.52,800.05
2026-09-08T08:00:13.008530+00:00,ETH-9SEP26-2520-P,2472.63,ETH-9SEP26,put,2520.0,2026-09-09T08:00:00+00:00,0.00273743857169113,0.0195,0.0245,0.02185,0.022,2472.63,ETH-9SEP26,0.4407,-0.7928,0.3695,72.0,40.0,0.005000000000000001,ETH,2472.52,1366.86
2026-09-08T08:00:13.008530+00:00,ETH-9SEP26-2500-P,2472.6,ETH-9SEP26,put,2500.0,2026-09-09T08:00:00+00:00,0.00273743857169113,0.0135,0.018,0.015569,0.01575,2472.6,ETH-9SEP26,0.42710000000000004,-0.68729,0.45762,224.0,4.0,0.004499999999999999,ETH,2472.52,135.28
2026-09-08T08:00:13.008530+00:00,ETH-25SEP26-3300-C,2477.21,ETH-25SEP26,call,3300.0,2026-09-25T08:00:00+00:00,0.046543051165804754,0.0014,0.0017,0.001619,0.00155,2477.21,ETH-25SEP26,0.6799,0.02972,0.36091,20588.0,100.0,0.0002999999999999999,ETH,2472.49,394.7
2026-09-08T08:00:13.008530+00:00,ETH-30OCT26-1950-P,2483.22,ETH-30OCT26,put,1950.0,2026-10-30T08:00:00+00:00,0.1423678287154283,0.011,0.012,0.011626,0.0115,2483.22,ETH-30OCT26,0.5582,-0.1051,1.70531,900.0,2.0,0.0010000000000000009,ETH,2472.49,55.7
2026-09-08T08:00:13.008530+00:00,ETH-18SEP26-2600-C,2474.89,ETH-18SEP26,call,2600.0,2026-09-18T08:00:00+00:00,0.027378095655880043,0.0145,0.0155,0.015233,0.015,2474.89,ETH-18SEP26,0.5147999999999999,0.29526,1.41366,1213.0,125.0,0.0009999999999999992,ETH,2472.49,4796.77
2026-09-08T08:00:13.008530+00:00,ETH-9SEP26-2660-C,2472.6,ETH-9SEP26,call,2660.0,2026-09-09T08:00:00+00:00,0.00273743857169113,,0.0002,9.8e-05,,2472.6,ETH-9SEP26,0.5915,0.00936,0.03252,614.0,559.0,,ETH,2472.49,257.86
2026-09-08T08:00:13.008530+00:00,ETH-26MAR27-3300-C,2522.31,ETH-26MAR27,call,3300.0,2027-03-26T08:00:00+00:00,0.5448318944238473,0.07,0.073,0.071017,0.0715,2522.31,ETH-26MAR27,0.5539999999999999,0.32533,6.70454,2246.0,0.0,0.002999999999999989,ETH,2472.45,0.0
2026-09-08T08:00:13.008530+00:00,ETH-18SEP26-2500-C,2474.89,ETH-18SEP26,call,2500.0,2026-09-18T08:00:00+00:00,0.027378095655880043,0.0275,0.0285,0.028304,0.028,2474.89,ETH-18SEP26,0.49950000000000006,0.46726,1.62836,2035.0,566.0,0.0010000000000000009,ETH,2472.49,45662.55
2026-09-08T08:00:13.008530+00:00,ETH-25JUN27-4200-P,2549.45,ETH-25JUN27,put,4200.0,2027-06-25T08:00:00+00:00,0.7939763160528684,0.6895,0.716,0.703512,0.70275,2549.45,ETH-25JUN27,0.5732,-0.76471,6.98727,3.0,0.0,0.026499999999999968,ETH,2472.45,0.0
2026-09-08T08:00:13.008530+00:00,ETH-25SEP26-2200-P,2477.19,ETH-25SEP26,put,2200.0,2026-09-25T08:00:00+00:00,0.046543051165804754,0.008,0.009,0.008492,0.0085,2477.19,ETH-25SEP26,0.5329999999999999,-0.1382,1.17921,9927.0,52.0,0.0009999999999999992,ETH,2472.45,911.93
2026-09-08T08:00:13.008530+00:00,ETH-25DEC26-1300-C,2497.34,ETH-25DEC26,call,1300.0,2026-12-25T08:00:00+00:00,0.295687472794826,0.481,0.4875,0.484085,0.48425,2497.34,ETH-25DEC26,0.6960999999999999,0.97224,0.86657,50.0,0.0,0.006500000000000006,ETH,2472.45,0.0
2026-09-08T08:00:13.008530+00:00,ETH-27NOV26-2550-C,2490.48,ETH-27NOV26,call,2550.0,2026-11-27T08:00:00+00:00,0.21902765075512712,0.0855,0.088,0.086848,0.08675,2490.48,ETH-27NOV26,0.5217,0.50988,4.64925,147.0,23.0,0.0024999999999999883,ETH,2472.45,5148.63
2026-09-08T08:00:13.008530+00:00,ETH-25SEP26-3200-P,2477.19,ETH-25SEP26,put,3200.0,2026-09-25T08:00:00+00:00,0.046543051165804754,0.2895,0.298,0.293855,0.29375,2477.19,ETH-25SEP26,0.6463,-0.96145,0.44692,1323.0,0.0,0.008500000000000008,ETH,2472.32,0.0
2026-09-08T08:00:13.008530+00:00,ETH-26MAR27-3000-C,2522.31,ETH-26MAR27,call,3000.0,2027-03-26T08:00:00+00:00,0.5448318944238473,0.0955,0.0985,0.096416,0.097,2522.31,ETH-26MAR27,0.5479999999999999,0.41025,7.23926,6743.0,100.0,0.0030000000000000027,ETH,2472.32,24537.83
2026-09-08T08:00:13.008530+00:00,ETH-25SEP26-1200-P,2477.19,ETH-25SEP26,put,1200.0,2026-09-25T08:00:00+00:00,0.046543051165804754,,0.0024,5.9e-05,,2477.19,ETH-25SEP26,1.1127,-0.00085,0.01552,12310.0,1.0,,ETH,2472.32,0.25
2026-09-08T08:00:13.008530+00:00,ETH-18SEP26-2200-C,2474.92,ETH-18SEP26,call,2200.0,2026-09-18T08:00:00+00:00,0.027378095655880043,0.113,0.1175,0.115123,0.11525,2474.92,ETH-18SEP26,0.5540999999999999,0.90804,0.67572,14.0,14.0,0.00449999999999999,ETH,2472.32,4150.22
2026-09-08T08:00:13.008530+00:00,ETH-30OCT26-1700-P,2483.22,ETH-30OCT26,put,1700.0,2026-10-30T08:00:00+00:00,0.1423678287154283,0.0043,0.0046,0.004391,0.00445,2483.22,ETH-30OCT26,0.6232,-0.04196,0.83949,1484.0,0.0,0.0002999999999999999,ETH,2472.19,0.0
2026-09-08T08:00:13.008530+00:00,ETH-25DEC26-1900-P,2497.34,ETH-25DEC26,put,1900.0,2026-12-25T08:00:00+00:00,0.295687472794826,0.026,0.027,0.026894,0.0265,2497.34,ETH-25DEC26,0.5622,-0.14764,3.13327,5459.0,17.0,0.0010000000000000009,ETH,2472.32,1153.43
2026-09-08T08:00:13.008530+00:00,ETH-25SEP26-7200-C,2477.21,ETH-25SEP26,call,7200.0,2026-09-25T08:00:00+00:00,0.046543051165804754,,0.0001,1e-06,,2477.21,ETH-25SEP26,1.1496,1e-05,0.00035,1772.0,0.0,,ETH,2472.19,0.0
2026-09-08T08:00:13.008530+00:00,ETH-11SEP26-2800-C,2473.14,ETH-11SEP26,call,2800.0,2026-09-11T08:00:00+00:00,0.008213140145955332,0.0003,0.0004,0.000366,0.00035,2473.14,ETH-11SEP26,0.6423000000000001,0.01753,0.09695,6433.0,783.0,0.00010000000000000005,ETH,2472.19,989.5
2026-09-08T08:00:13.008530+00:00,ETH-25JUN27-3200-C,2549.45,ETH-25JUN27,call,3200.0,2027-06-25T08:00:00+00:00,0.7939763160528684,0.1145,0.1185,0.115885,0.1165,2549.45,ETH-25JUN27,0.5577000000000001,0.41723,8.86768,1379.0,0.0,0.00399999999999999,ETH,2472.1,0.0
2026-09-08T08:00:13.008530+00:00,ETH-27NOV26-3800-P,2490.48,ETH-27NOV26,put,3800.0,2026-11-27T08:00:00+00:00,0.21902765075512712,0.5265,0.543,0.535709,0.53475,2490.48,ETH-27NOV26,0.5982,-0.91454,1.82117,0.0,0.0,0.01650000000000007,ETH,2472.19,0.0
2026-09-08T08:00:13.008530+00:00,ETH-11SEP26-2500-C,2473.14,ETH-11SEP26,call,2500.0,2026-09-11T08:00:00+00:00,0.008213140145955332,0.011,0.012,0.011699,0.0115,2473.14,ETH-11SEP26,0.4559,0.40283,0.86723,5095.0,594.0,0.0010000000000000009,ETH,2472.19,20548.35
2026-09-08T08:00:13.008530+00:00,ETH-25SEP26-6600-C,2477.19,ETH-25SEP26,call,6600.0,2026-09-25T08:00:00+00:00,0.046543051165804754,,0.0001,1e-06,,2477.19,ETH-25SEP26,1.0931,3e-05,0.00061,1986.0,0.0,,ETH,2472.1,0.0
2026-09-08T08:00:13.008530+00:00,ETH-30OCT26-1600-C,2483.28,ETH-30OCT26,call,1600.0,2026-10-30T08:00:00+00:00,0.1423678287154283,0.356,0.361,0.358607,0.3585,2483.28,ETH-30OCT26,0.6557999999999999,0.97126,0.6153,68.0,0.0,0.0050000000000000044,ETH,2472.1,0.0
2026-09-08T08:00:13.008530+00:00,ETH-25SEP26-2350-P,2477.19,ETH-25SEP26,put,2350.0,2026-09-25T08:00:00+00:00,0.046543051165804754,0.021,0.022,0.021433,0.0215,2477.19,ETH-25SEP26,0.5038,-0.29563,1.84575,162.0,106.0,0.0009999999999999974,ETH,2472.1,4906.13
2026-09-08T08:00:13.008530+00:00,ETH-26MAR27-3100-C,2522.31,ETH-26MAR27,call,3100.0,2027-03-26T08:00:00+00:00,0.5448318944238473,0.086,0.089,0.086977,0.0875,2522.31,ETH-26MAR27,0.5498,0.37988,7.08809,2006.0,0.0,0.0030000000000000027,ETH,2472.1,0.0
2026-09-08T08:00:13.008530+00:00,ETH-11SEP26-2300-C,2473.14,ETH-11SEP26,call,2300.0,2026-09-11T08:00:00+00:00,0.008213140145955332,0.0685,0.0745,0.071467,0.0715,2473.14,ETH-11SEP26,0.5428000000000001,0.93304,0.2907,112.0,0.0,0.0059999999999999915,ETH,2472.1,0.0
2026-09-08T08:00:13.008530+00:00,ETH-9SEP26-2620-C,2472.63,ETH-9SEP26,call,2620.0,2026-09-09T08:00:00+00:00,0.00273743857169113,0.0001,0.0002,0.000213,0.00015,2472.63,ETH-9SEP26,0.539,0.01854,0.05867,485.0,387.0,0.0001,ETH,2472.1,446.65
2026-09-08T08:00:13.008530+00:00,ETH-11SEP26-3000-C,2473.14,ETH-11SEP26,call,3000.0,2026-09-11T08:00:00+00:00,0.008213140145955332,,0.0002,8.5e-05,,2473.14,ETH-11SEP26,0.7907,0.00386,0.02572,5216.0,34.0,,ETH,2472.1,18.51
2026-09-08T08:00:13.008530+00:00,ETH-25SEP26-2400-P,2477.21,ETH-25SEP26,put,2400.0,2026-09-25T08:00:00+00:00,0.046543051165804754,0.028,0.029,0.02856,0.0285,2477.21,ETH-25SEP26,0.4997,-0.3655,2.0094,7612.0,13.0,0.0010000000000000009,ETH,2471.87,864.98
2026-09-08T08:00:13.008530+00:00,ETH-25SEP26-2900-P,2477.19,ETH-25SEP26,put,2900.0,2026-09-25T08:00:00+00:00,0.046543051165804754,0.1735,0.1805,0.176838,0.177,2477.19,ETH-25SEP26,0.5664,-0.89111,0.99757,799.0,0.0,0.007000000000000006,ETH,2471.87,0.0
2026-09-08T08:00:13.008530+00:00,ETH-25JUN27-6000-P,2549.45,ETH-25JUN27,put,6000.0,2027-06-25T08:00:00+00:00,0.7939763160528684,1.351,1.3925,1.373689,1.37175,2549.45,ETH-25JUN27,0.6093,-0.90404,3.86766,1.0,0.0,0.04150000000000009,ETH,2471.62,0.0
2026-09-08T08:00:13.008530+00:00,ETH-25SEP26-15000-C,2477.19,ETH-25SEP26,call,15000.0,2026-09-25T08:00:00+00:00,0.046543051165804754,,0.0001,1e-06,,2477.19,ETH-25SEP26,1.8378999999999999,1e-05,0.00017,2390.0,0.0,,ETH,2471.87,0.0
2026-09-08T08:00:13.008530+00:00,ETH-25SEP26-5600-C,2477.19,ETH-25SEP26,call,5600.0,2026-09-25T08:00:00+00:00,0.046543051165804754,,0.0001,3e-06,,2477.19,ETH-25SEP26,0.9643,7e-05,0.00146,8185.0,0.0,,ETH,2471.62,0.0
2026-09-08T08:00:13.008530+00:00,ETH-25JUN27-3100-C,2549.45,ETH-25JUN27,call,3100.0,2027-06-25T08:00:00+00:00,0.7939763160528684,0.124,0.128,0.125347,0.126,2549.45,ETH-25JUN27,0.5568,0.44169,8.96467,209.0,0.0,0.0040000000000000036,ETH,2471.62,0.0
2026-09-08T08:00:13.008530+00:00,ETH-26MAR27-2700-C,2522.31,ETH-26MAR27,call,2700.0,2027-03-26T08:00:00+00:00,0.5448318944238473,0.131,0.134,0.132167,0.1325,2522.31,ETH-26MAR27,0.545,0.51224,7.42238,3034.0,0.0,0.0030000000000000027,ETH,2471.62,0.0
2026-09-08T08:00:13.008530+00:00,ETH-25SEP26-3000-P,2477.19,ETH-25SEP26,put,3000.0,2026-09-25T08:00:00+00:00,0.046543051165804754,0.2115,0.2185,0.215145,0.215,2477.19,ETH-25SEP26,0.5909,-0.92544,0.75303,7499.0,0.0,0.007000000000000006,ETH,2471.62,0.0
2026-09-08T08:00:13.008530+00:00,ETH-25DEC26-3600-P,2497.32,ETH-25DEC26,put,3600.0,2026-12-25T08:00:00+00:00,0.295687472794826,0.453,0.4685,0.462332,0.46075,2497.32,ETH-25DEC26,0.5636,-0.85096,3.15259,93.0,0.0,0.015500000000000014,ETH,2471.62,0.0
2026-09-08T08:00:13.008530+00:00,ETH-25SEP26-5000-C,2477.21,ETH-25SEP26,call,5000.0,2026-09-25T08:00:00+00:00,0.046543051165804754,,0.33,1.7e-05,,2477.21,ETH-25SEP26,0.9312999999999999,0.00034,0.00666,4611.0,0.0,,ETH,2471.62,0.0
2026-09-08T08:00:13.008530+00:00,ETH-10SEP26-2640-C,2472.85,ETH-10SEP26,call,2640.0,2026-09-10T08:00:00+00:00,0.005475289358823231,0.0008,0.001,0.000954,0.0009,2472.85,ETH-10SEP26,0.5495,0.05397,0.20037,121.0,116.0,0.00019999999999999998,ETH,2471.62,513.4
2026-09-08T08:00:13.008530+00:00,ETH-25JUN27-2200-C,2549.39,ETH-25JUN27,call,2200.0,2027-06-25T08:00:00+00:00,0.7939763160528684,0.254,0.2675,0.260067,0.26075,2549.39,ETH-25JUN27,0.5608,0.70675,7.81558,1091.0,19.0,0.013500000000000012,ETH,2471.49,12373.35
2026-09-08T08:00:13.008530+00:00,ETH-18SEP26-2000-P,2474.92,ETH-18SEP26,put,2000.0,2026-09-18T08:00:00+00:00,0.027378095655880043,0.0009,0.0013,0.001054,0.0011,2474.92,ETH-18SEP26,0.6713,-0.02447,0.23499,2123.0,61.0,0.00039999999999999996,ETH,2471.49,145.38
2026-09-08T08:00:13.008530+00:00,ETH-25DEC26-3600-C,2497.34,ETH-25DEC26,call,3600.0,2026-12-25T08:00:00+00:00,0.295687472794826,0.0205,0.0215,0.020781,0.021,2497.34,ETH-25DEC26,0.5636,0.14893,3.15048,2544.0,1.0,0.0009999999999999974,ETH,2471.49,57.6
2026-09-08T08:00:13.008530+00:00,ETH-25JUN27-900-C,2549.45,ETH-25JUN27,call,900.0,2027-06-25T08:00:00+00:00,0.7939763160528684,0.6515,0.66,0.655682,0.65575,2549.45,ETH-25JUN27,0.7318000000000001,0.9727,1.42879,0.0,0.0,0.008500000000000063,ETH,2471.49,0.0
2026-09-08T08:00:13.008530+00:00,ETH-25DEC26-9000-C,2497.34,ETH-25DEC26,call,9000.0,2026-12-25T08:00:00+00:00,0.295687472794826,0.0002,0.001,0.000295,0.0006,2497.34,ETH-25DEC26,0.7837000000000001,0.00259,0.10871,2069.0,0.0,0.0008,ETH,2471.49,0.0
2026-09-08T08:00:13.008530+00:00,ETH-30OCT26-2350-C,2483.22,ETH-30OCT26,call,2350.0,2026-10-30T08:00:00+00:00,0.1423678287154283,0.102,0.109,0.104718,0.1055,2483.22,ETH-30OCT26,0.5122,0.64784,3.47767,246.0,0.0,0.007000000000000006,ETH,2471.49,0.0
2026-09-08T08:00:13.008530+00:00,ETH-25SEP26-2700-C,2477.21,ETH-25SEP26,call,2700.0,2026-09-25T08:00:00+00:00,0.046543051165804754,0.0145,0.0155,0.01518,0.015,2477.21,ETH-25SEP26,0.5243,0.23869,1.65591,11090.0,276.0,0.0009999999999999992,ETH,2471.49,10960.75
2026-09-08T08:00:13.008530+00:00,ETH-25SEP26-11000-C,2477.21,ETH-25SEP26,call,11000.0,2026-09-25T08:00:00+00:00,0.046543051165804754,,0.0001,1e-06,,2477.21,ETH-25SEP26,1.5529,1e-05,0.00022,3423.0,0.0,,ETH,2471.49,0.0
2026-09-08T08:00:13.008530+00:00,ETH-30OCT26-2750-C,2483.22,ETH-30OCT26,call,2750.0,2026-10-30T08:00:00+00:00,0.1423678287154283,0.039,0.0405,0.03971,0.03975,2483.22,ETH-30OCT26,0.5218,0.33627,3.41779,652.0,0.0,0.0015000000000000013,ETH,2471.54,0.0
2026-09-08T08:00:13.008530+00:00,ETH-25JUN27-3700-C,2549.39,ETH-25JUN27,call,3700.0,2027-06-25T08:00:00+00:00,0.7939763160528684,0.0785,0.0815,0.079416,0.08,2549.39,ETH-25JUN27,0.5646,0.31232,8.03882,10.0,0.0,0.0030000000000000027,ETH,2471.54,0.0
2026-09-08T08:00:13.008530+00:00,ETH-25SEP26-10000-P,2477.19,ETH-25SEP26,put,10000.0,2026-09-25T08:00:00+00:00,0.046543051165804754,3.0245,3.053,3.036849,3.03875,2477.19,ETH-25SEP26,1.4631999999999998,-0.99999,0.00024,759.0,0.0,0.028499999999999748,ETH,2471.54,0.0
2026-09-08T08:00:13.008530+00:00,ETH-25DEC26-2200-C,2497.34,ETH-25DEC26,call,2200.0,2026-12-25T08:00:00+00:00,0.295687472794826,0.1735,0.183,0.178219,0.17825,2497.34,ETH-25DEC26,0.534,0.71901,4.57814,52403.0,0.0,0.009500000000000008,ETH,2471.49,0.0
2026-09-08T08:00:13.008530+00:00,ETH-26MAR27-2100-P,2522.31,ETH-26MAR27,put,2100.0,2027-03-26T08:00:00+00:00,0.5448318944238473,0.0785,0.081,0.079654,0.07975,2522.31,ETH-26MAR27,0.5559000000000001,-0.25779,6.01083,709.0,0.0,0.0025000000000000022,ETH,2471.54,0.0
2026-09-08T08:00:13.008530+00:00,ETH-11SEP26-2700-C,2473.14,ETH-11SEP26,call,2700.0,2026-09-11T08:00:00+00:00,0.008213140145955332,0.0009,0.0011,0.001089,0.001,2473.14,ETH-11SEP26,0.5809000000000001,0.04905,0.22752,2927.0,139.0,0.0002000000000000001,ETH,2471.54,685.96
2026-09-08T08:00:13.008530+00:00,ETH-18SEP26-2800-C,2474.89,ETH-18SEP26,call,2800.0,2026-09-18T08:00:00+00:00,0.027378095655880043,0.0043,0.0048,0.004648,0.00455,2474.89,ETH-18SEP26,0.5755,0.10489,0.74381,19738.0,342.0,0.0004999999999999996,ETH,2471.54,4242.55
2026-09-08T08:00:13.008530+00:00,ETH-27NOV26-2850-P,2490.48,ETH-27NOV26,put,2850.0,2026-11-27T08:00:00+00:00,0.21902765075512712,0.187,0.197,0.193527,0.192,2490.48,ETH-27NOV26,0.5318,-0.66258,4.25709,0.0,0.0,0.010000000000000009,ETH,2471.54,0.0
2026-09-08T08:00:13.008530+00:00,ETH-25SEP26-2380-C,2477.19,ETH-25SEP26,call,2380.0,2026-09-25T08:00:00+00:00,0.046543051165804754,0.062,0.0685,0.064758,0.06525,2477.19,ETH-25SEP26,0.5012,0.66248,1.95212,78.0,0.0,0.006500000000000006,ETH,2471.56,0.0
2026-09-08T08:00:13.008530+00:00,ETH-25JUN27-2500-C,2549.39,ETH-25JUN27,call,2500.0,2027-06-25T08:00:00+00:00,0.7939763160528684,0.202,0.206,0.203647,0.204,2549.39,ETH-25JUN27,0.5561,0.61269,8.69724,3192.0,1.0,0.003999999999999976,ETH,2471.56,511.86
2026-09-08T08:00:13.008530+00:00,ETH-25DEC26-4000-P,2497.34,ETH-25DEC26,put,4000.0,2026-12-25T08:00:00+00:00,0.295687472794826,0.6035,0.621,0.614082,0.61225,2497.34,ETH-25DEC26,0.5864,-0.9063,2.27156,223.0,0.0,0.01749999999999996,ETH,2471.56,0.0
2026-09-08T08:00:13.008530+00:00,ETH-25JUN27-800-P,2549.45,ETH-25JUN27,put,800.0,2027-06-25T08:00:00+00:00,0.7939763160528684,0.0055,0.0075,0.006303,0.0065,2549.45,ETH-25JUN27,0.7559999999999999,-0.01989,1.09464,689.0,0.0,0.002,ETH,2471.65,0.0
2026-09-08T08:00:13.008530+00:00,ETH-26MAR27-6000-P,2522.31,ETH-26MAR27,put,6000.0,2027-03-26T08:00:00+00:00,0.5448318944238473,1.3665,1.404,1.387747,1.38525,2522.31,ETH-26MAR27,0.6344,-0.94709,2.00795,1.0,0.0,0.03749999999999987,ETH,2471.56,0.0
2026-09-08T08:00:13.008530+00:00,ETH-18SEP26-2600-P,2474.92,ETH-18SEP26,put,2600.0,2026-09-18T08:00:00+00:00,0.027378095655880043,0.063,0.0685,0.06581,0.06575,2474.92,ETH-18SEP26,0.5147999999999999,-0.7064,1.40941,89.0,1.0,0.005500000000000005,ETH,2471.56,150.72
2026-09-08T08:00:13.008530+00:00,ETH-25SEP26-3100-P,2477.19,ETH-25SEP26,put,3100.0,2026-09-25T08:00:00+00:00,0.046543051165804754,0.25,0.2585,0.254292,0.25425,2477.19,ETH-25SEP26,0.6189,-0.94718,0.57559,1.0,0.0,0.008500000000000008,ETH,2471.65,0.0
2026-09-08T08:00:13.008530+00:00,ETH-11SEP26-2460-C,2473.12,ETH-11SEP26,call,2460.0,2026-09-11T08:00:00+00:00,0.008213140145955332,0.0185,0.0195,0.019061,0.019,2473.12,ETH-11SEP26,0.45130000000000003,0.55487,0.88513,132.0,132.0,0.0010000000000000009,ETH,2471.56,7369.86
2026-09-08T08:00:13.008530+00:00,ETH-25DEC26-1600-C,2497.34,ETH-25DEC26,call,1600.0,2026-12-25T08:00:00+00:00,0.295687472794826,0.367,0.3745,0.370603,0.37075,2497.34,ETH-25DEC26,0.6149,0.93291,1.76429,620.0,0.0,0.007500000000000007,ETH,2471.65,0.0
2026-09-08T08:00:13.008530+00:00,ETH-9SEP26-2650-P,2472.63,ETH-9SEP26,put,2650.0,2026-09-09T08:00:00+00:00,0.00273743857169113,0.0685,0.075,0.071858,0.07175,2472.63,ETH-9SEP26,0.5748,-0.98947,0.03602,0.0,0.0,0.006499999999999992,ETH,2471.65,0.0
2026-09-08T08:00:13.008530+00:00,ETH-26MAR27-3100-P,2522.31,ETH-26MAR27,put,3100.0,2027-03-26T08:00:00+00:00,0.5448318944238473,0.3065,0.323,0.316053,0.31475,2522.31,ETH-26MAR27,0.5498,-0.6203,7.08568,99.0,0.0,0.016500000000000015,ETH,2471.65,0.0
2026-09-08T08:00:13.008530+00:00,ETH-30OCT26-4400-C,2483.22,ETH-30OCT26,call,4400.0,2026-10-30T08:00:00+00:00,0.1423678287154283,0.0017,0.0023,0.001936,0.002,2483.22,ETH-30OCT26,0.7028,0.02137,0.4797,689.0,0.0,0.0006000000000000001,ETH,2471.67,0.0
2026-09-08T08:00:13.008530+00:00,ETH-9SEP26-2340-P,2472.63,ETH-9SEP26,put,2340.0,2026-09-09T08:00:00+00:00,0.00273743857169113,0.0001,0.0003,0.000223,0.0002,2472.63,ETH-9SEP26,0.5253,-0.02179,0.06726,368.0,287.0,0.00019999999999999998,ETH,2471.65,175.12
2026-09-08T08:00:13.008530+00:00,ETH-25JUN27-3400-P,2549.39,ETH-25JUN27,put,3400.0,2027-06-25T08:00:00+00:00,0.7939763160528684,0.4215,0.442,0.433156,0.43175,2549.39,ETH-25JUN27,0.5603,-0.62843,8.58786,5.0,0.0,0.020500000000000018,ETH,2471.67,0.0
2026-09-08T08:00:13.008530+00:00,ETH-25SEP26-13000-P,2477.19,ETH-25SEP26,put,13000.0,2026-09-25T08:00:00+00:00,0.046543051165804754,4.2315,4.27,4.247903,4.25075,2477.19,ETH-25SEP26,1.7075,-0.99999,0.00019,0.0,0.0,0.03849999999999998,ETH,2471.67,0.0
2026-09-08T08:00:13.008530+00:00,ETH-9SEP26-2440-P,2472.63,ETH-9SEP26,put,2440.0,2026-09-09T08:00:00+00:00,0.00273743857169113,0.0033,0.0039,0.003706,0.0036,2472.63,ETH-9SEP26,0.423,-0.27648,0.43218,284.0,176.0,0.0005999999999999998,ETH,2471.67,1637.83
2026-09-08T08:00:13.008530+00:00,ETH-25DEC26-3800-P,2497.34,ETH-25DEC26,put,3800.0,2026-12-25T08:00:00+00:00,0.295687472794826,0.5275,0.544,0.537473,0.53575,2497.34,ETH-25DEC26,0.5743,-0.8827,2.67284,26.0,0.0,0.01650000000000007,ETH,2471.67,0.0
2026-09-08T08:00:13.008530+00:00,ETH-25JUN27-1200-P,2549.39,ETH-25JUN27,put,1200.0,2027-06-25T08:00:00+00:00,0.7939763160528684,0.0175,0.0195,0.0184,0.0185,2549.39,ETH-25JUN27,0.6581999999999999,-0.0574,2.61324,532.0,1.0,0.0019999999999999983,ETH,2471.72,42.48
2026-09-08T08:00:13.008530+00:00,ETH-25SEP26-1300-P,2477.21,ETH-25SEP26,put,1300.0,2026-09-25T08:00:00+00:00,0.046543051165804754,0.0001,0.0004,9.1e-05,0.00025,2477.21,ETH-25SEP26,1.0344,-0.00136,0.02381,4963.0,0.0,0.00030000000000000003,ETH,2471.72,0.0
2026-09-08T08:00:13.008530+00:00,ETH-27NOV26-2150-P,2490.48,ETH-27NOV26,put,2150.0,2026-11-27T08:00:00+00:00,0.21902765075512712,0.039,0.0405,0.040053,0.03975,2490.48,ETH-27NOV26,0.5357999999999999,-0.239,3.61452,12.0,3.0,0.0015000000000000013,ETH,2471.72,292.31
2026-09-08T08:00:13.008530+00:00,ETH-25SEP26-1400-C,2477.19,ETH-25SEP26,call,1400.0,2026-09-25T08:00:00+00:00,0.046543051165804754,0.433,0.437,0.434993,0.435,2477.19,ETH-25SEP26,0.9693,0.99768,0.03876,1553.0,0.0,0.0040000000000000036,ETH,2471.72,0.0
2026-09-08T08:00:13.008530+00:00,ETH-10SEP26-2900-P,2472.85,ETH-10SEP26,put,2900.0,2026-09-10T08:00:00+00:00,0.005475289358823231,0.169,0.176,0.172782,0.1725,2472.85,ETH-10SEP26,0.7053,-0.99881,0.00723,0.0,0.0,0.0069999999999999785,ETH,2471.72,0.0
2026-09-08T08:00:13.008530+00:00,ETH-27NOV26-3300-C,2490.48,ETH-27NOV26,call,3300.0,2026-11-27T08:00:00+00:00,0.21902765075512712,0.021,0.0225,0.02169,0.02175,2490.48,ETH-27NOV26,0.56,0.17252,2.97678,35.0,25.0,0.0014999999999999979,ETH,2471.72,1361.88
2026-09-08T08:00:13.008530+00:00,ETH-9SEP26-2600-P,2472.63,ETH-9SEP26,put,2600.0,2026-09-09T08:00:00+00:00,0.00273743857169113,0.0485,0.055,0.051911,0.05175,2472.63,ETH-9SEP26,0.5284,-0.9668,0.09556,2.0,2.0,0.006499999999999999,ETH,2471.72,228.89
2026-09-08T08:00:13.008530+00:00,ETH-26MAR27-5500-C,2522.28,ETH-26MAR27,call,5500.0,2027-03-26T08:00:00+00:00,0.5448318944238473,0.012,0.0125,0.011931,0.01225,2522.28,ETH-26MAR27,0.619,0.06968,2.49066,2976.0,0.0,0.0005000000000000004,ETH,2471.74,0.0
2026-09-08T08:00:13.008530+00:00,ETH-25SEP26-3600-P,2477.19,ETH-25SEP26,put,3600.0,2026-09-25T08:00:00+00:00,0.046543051165804754,0.4495,0.459,0.453932,0.45425,2477.19,ETH-25SEP26,0.7464,-0.98764,0.17119,907.0,0.0,0.009500000000000008,ETH,2471.74,0.0
2026-09-08T08:00:13.008530+00:00,ETH-10SEP26-2360-P,2472.85,ETH-10SEP26,put,2360.0,2026-09-10T08:00:00+00:00,0.005475289358823231,0.0014,0.0017,0.001752,0.00155,2472.85,ETH-10SEP26,0.49770000000000003,-0.09859,0.31752,478.0,175.0,0.0002999999999999999,ETH,2471.74,746.34
2026-09-08T08:00:13.008530+00:00,ETH-25SEP26-1300-C,2477.21,ETH-25SEP26,call,1300.0,2026-09-25T08:00:00+00:00,0.046543051165804754,0.4735,0.477,0.4753,0.47525,2477.21,ETH-25SEP26,1.0344,0.99864,0.0238,68.0,0.0,0.003500000000000003,ETH,2471.74,0.0
2026-09-08T08:00:13.008530+00:00,ETH-25DEC26-1600-P,2497.32,ETH-25DEC26,put,1600.0,2026-12-25T08:00:00+00:00,0.295687472794826,0.0105,0.012,0.011292,0.01125,2497.32,ETH-25DEC26,0.6149,-0.06708,1.76409,8358.0,1.0,0.0014999999999999996,ETH,2471.74,27.43
2026-09-08T08:00:13.008530+00:00,ETH-30OCT26-2050-P,2483.28,ETH-30OCT26,put,2050.0,2026-10-30T08:00:00+00:00,0.1423678287154283,0.0165,0.0175,0.017219,0.017,2483.28,ETH-30OCT26,0.54,-0.1488,2.17282,397.0,0.0,0.0010000000000000009,ETH,2471.88,0.0
2026-09-08T08:00:13.008530+00:00,ETH-11SEP26-2650-C,2473.12,ETH-11SEP26,call,2650.0,2026-09-11T08:00:00+00:00,0.008213140145955332,0.0017,0.0019,0.001855,0.0018,2473.12,ETH-11SEP26,0.5432,0.08237,0.3404,5044.0,79.0,0.0002000000000000001,ETH,2471.88,601.76
2026-09-08T08:00:13.008530+00:00,ETH-9SEP26-2360-P,2472.63,ETH-9SEP26,put,2360.0,2026-09-09T08:00:00+00:00,0.00273743857169113,0.0003,0.0005,0.000434,0.0004,2472.63,ETH-9SEP26,0.5123,-0.03763,0.10589,145.0,19.0,0.00020000000000000004,ETH,2471.88,23.85
2026-09-08T08:00:13.008530+00:00,ETH-25DEC26-11000-C,2497.34,ETH-25DEC26,call,11000.0,2026-12-25T08:00:00+00:00,0.295687472794826,0.0001,0.0003,0.000215,0.0002,2497.34,ETH-25DEC26,0.8654999999999999,0.00181,0.07855,2175.0,0.0,0.00019999999999999998,ETH,2471.88,0.0
2026-09-08T08:00:13.008530+00:00,ETH-25JUN27-1000-C,2549.45,ETH-25JUN27,call,1000.0,2027-06-25T08:00:00+00:00,0.7939763160528684,0.6155,0.624,0.619003,0.61975,2549.45,ETH-25JUN27,0.7033,0.96454,1.77445,114.0,18.0,0.008499999999999952,ETH,2472.09,27652.7
2026-09-08T08:00:13.008530+00:00,ETH-10SEP26-2620-C,2472.85,ETH-10SEP26,call,2620.0,2026-09-10T08:00:00+00:00,0.005475289358823231,0.0011,0.0013,0.001296,0.0012,2472.85,ETH-10SEP26,0.5342,0.07235,0.25178,407.0,388.0,0.00019999999999999987,ETH,2471.88,1684.17
2026-09-08T08:00:13.008530+00:00,ETH-25JUN27-2300-P,2549.45,ETH-25JUN27,put,2300.0,2027-06-25T08:00:00+00:00,0.7939763160528684,0.1405,0.1435,0.141991,0.142,2549.45,ETH-25JUN27,0.5585,-0.32449,8.17133,756.0,0.0,0.002999999999999975,ETH,2472.09,0.0
2026-09-08T08:00:13.008530+00:00,ETH-25SEP26-2380-P,2477.19,ETH-25SEP26,put,2380.0,2026-09-25T08:00:00+00:00,0.046543051165804754,0.025,0.026,0.025528,0.0255,2477.19,ETH-25SEP26,0.5012,-0.33671,1.95072,181.0,50.0,0.0009999999999999974,ETH,2472.09,2807.92
2026-09-08T08:00:13.008530+00:00,ETH-30OCT26-2400-P,2483.28,ETH-30OCT26,put,2400.0,2026-10-30T08:00:00+00:00,0.1423678287154283,0.0595,0.0605,0.059914,0.06,2483.28,ETH-30OCT26,0.5104,-0.39288,3.60247,4436.0,10.0,0.0010000000000000009,ETH,2472.09,1406.51
2026-09-08T08:00:13.008530+00:00,ETH-27NOV26-3200-P,2490.48,ETH-27NOV26,put,3200.0,2026-11-27T08:00:00+00:00,0.21902765075512712,0.3035,0.316,0.310744,0.30975,2490.48,ETH-27NOV26,0.5529999999999999,-0.79963,3.26652,0.0,0.0,0.012500000000000011,ETH,2472.09,0.0
2026-09-08T08:00:13.008530+00:00,ETH-10SEP26-2560-P,2472.88,ETH-10SEP26,put,2560.0,2026-09-10T08:00:00+00:00,0.005475289358823231,0.036,0.041,0.038475,0.0385,2472.88,ETH-10SEP26,0.483,-0.83191,0.45934,35.0,0.0,0.0050000000000000044,ETH,2472.09,0.0
2026-09-08T08:00:13.008530+00:00,ETH-11SEP26-2900-C,2473.14,ETH-11SEP26,call,2900.0,2026-09-11T08:00:00+00:00,0.008213140145955332,,0.0002,0.000126,,2473.14,ETH-11SEP26,0.6955,0.00621,0.03927,1318.0,85.0,,ETH,2472.09,52.13
2026-09-08T08:00:13.008530+00:00,ETH-18SEP26-2350-C,2474.89,ETH-18SEP26,call,2350.0,2026-09-18T08:00:00+00:00,0.027378095655880043,0.0615,0.066,0.063877,0.06375,2474.89,ETH-18SEP26,0.5075,0.74384,1.31795,172.0,0.0,0.004500000000000004,ETH,2472.09,0.0
2026-09-08T08:00:13.008530+00:00,ETH-9SEP26-2680-P,2472.63,ETH-9SEP26,put,2680.0,2026-09-09T08:00:00+00:00,0.00273743857169113,0.0805,0.087,0.083963,0.08375,2472.63,ETH-9SEP26,0.6319,-0.99248,0.02681,0.0,0.0,0.006499999999999992,ETH,2472.09,0.0
2026-09-08T08:00:13.008530+00:00,ETH-25JUN27-3200-P,2549.45,ETH-25JUN27,put,3200.0,2027-06-25T08:00:00+00:00,0.7939763160528684,0.361,0.3795,0.37122,0.37025,2549.45,ETH-25JUN27,0.5577000000000001,-0.58278,8.86751,19.0,19.0,0.018500000000000016,ETH,2472.15,17267.14
2026-09-08T08:00:13.008530+00:00,ETH-27NOV26-4600-C,2490.48,ETH-27NOV26,call,4600.0,2026-11-27T08:00:00+00:00,0.21902765075512712,0.0034,0.0043,0.003781,0.00385,2490.48,ETH-27NOV26,0.6631999999999999,0.03426,0.88493,365.0,0.0,0.0009000000000000002,ETH,2472.09,0.0
2026-09-08T08:00:13.008530+00:00,ETH-25SEP26-9000-C,2477.19,ETH-25SEP26,call,9000.0,2026-09-25T08:00:00+00:00,0.046543051165804754,,0.0001,1e-06,,2477.19,ETH-25SEP26,1.3633000000000002,1e-05,0.00027,2096.0,0.0,,ETH,2472.09,0.0
2026-09-08T08:00:13.008530+00:00,ETH-11SEP26-2000-P,2473.14,ETH-11SEP26,put,2000.0,2026-09-11T08:00:00+00:00,0.008213140145955332,0.0001,0.0002,0.000152,0.00015,2473.14,ETH-11SEP26,0.9362999999999999,-0.00545,0.03496,6193.0,6.0,0.0001,ETH,2472.09,1.74
2026-09-08T08:00:13.008530+00:00,ETH-25JUN27-2100-C,2549.45,ETH-25JUN27,call,2100.0,2027-06-25T08:00:00+00:00,0.7939763160528684,0.276,0.289,0.281951,0.2825,2549.45,ETH-25JUN27,0.5637,0.73783,7.40056,160.0,18.0,0.012999999999999956,ETH,2472.15,12712.62
2026-09-08T08:00:13.008530+00:00,ETH-10SEP26-2660-P,2472.85,ETH-10SEP26,put,2660.0,2026-09-10T08:00:00+00:00,0.005475289358823231,0.073,0.0795,0.076415,0.07625,2472.85,ETH-10SEP26,0.5648,-0.95979,0.15824,0.0,0.0,0.006500000000000006,ETH,2472.15,0.0
2026-09-08T08:00:13.008530+00:00,ETH-30OCT26-1950-C,2483.22,ETH-30OCT26,call,1950.0,2026-10-30T08:00:00+00:00,0.1423678287154283,0.2235,0.2305,0.226273,0.227,2483.22,ETH-30OCT26,0.5582,0.89475,1.70672,744.0,0.0,0.007000000000000006,ETH,2472.15,0.0
2026-09-08T08:00:13.008530+00:00,ETH-30OCT26-2650-P,2483.22,ETH-30OCT26,put,2650.0,2026-10-30T08:00:00+00:00,0.1423678287154283,0.117,0.1185,0.118256,0.11775,2483.22,ETH-30OCT26,0.5161,-0.59395,3.63391,337.0,38.0,0.0014999999999999875,ETH,2472.15,11092.61
2026-09-08T08:00:13.008530+00:00,ETH-26MAR27-3200-C,2522.31,ETH-26MAR27,call,3200.0,2027-03-26T08:00:00+00:00,0.5448318944238473,0.0775,0.0805,0.078541,0.079,2522.31,ETH-26MAR27,0.5518,0.35155,6.90704,4838.0,0.0,0.0030000000000000027,ETH,2472.15,0.0
2026-09-08T08:00:13.008530+00:00,ETH-30OCT26-4200-P,2483.28,ETH-30OCT26,put,4200.0,2026-10-30T08:00:00+00:00,0.1423678287154283,0.684,0.701,0.693985,0.6925,2483.28,ETH-30OCT26,0.6792,-0.97273,0.58896,0.0,0.0,0.016999999999999904,ETH,2472.15,0.0
2026-09-08T08:00:13.008530+00:00,ETH-25DEC26-3800-C,2497.34,ETH-25DEC26,call,3800.0,2026-12-25T08:00:00+00:00,0.295687472794826,0.0155,0.0165,0.015836,0.016,2497.34,ETH-25DEC26,0.5743,0.11743,2.67552,3134.0,1.0,0.0010000000000000009,ETH,2472.15,43.74
2026-09-08T08:00:13.008530+00:00,ETH-25SEP26-4800-C,2477.21,ETH-25SEP26,call,4800.0,2026-09-25T08:00:00+00:00,0.046543051165804754,,0.0001,3.7e-05,,2477.21,ETH-25SEP26,0.9312,0.0007,0.01303,1700.0,0.0,,ETH,2472.15,0.0
2026-09-08T08:00:13.008530+00:00,ETH-9SEP26-2300-C,2472.63,ETH-9SEP26,call,2300.0,2026-09-09T08:00:00+00:00,0.00273743857169113,0.067,0.0725,0.069907,0.06975,2472.63,ETH-9SEP26,0.5951,0.99022,0.03378,18.0,0.0,0.005499999999999991,ETH,2472.15,0.0
2026-09-08T08:00:13.008530+00:00,ETH-26MAR27-2400-C,2522.31,ETH-26MAR27,call,2400.0,2027-03-26T08:00:00+00:00,0.5448318944238473,0.176,0.189,0.181583,0.1825,2522.31,ETH-26MAR27,0.5471,0.62708,7.04713,2363.0,0.0,0.013000000000000012,ETH,2472.09,0.0
2026-09-08T08:00:13.008530+00:00,ETH-26MAR27-4000-P,2522.31,ETH-26MAR27,put,4000.0,2027-03-26T08:00:00+00:00,0.5448318944238473,0.6095,0.633,0.622453,0.62125,2522.31,ETH-26MAR27,0.5720000000000001,-0.81096,5.03632,0.0,0.0,0.023499999999999965,ETH,2472.09,0.0
2026-09-08T08:00:13.008530+00:00,ETH-10SEP26-2100-P,2472.85,ETH-10SEP26,put,2100.0,2026-09-10T08:00:00+00:00,0.005475289358823231,0.0002,0.0004,0.000206,0.0003,2472.85,ETH-10SEP26,0.9420999999999999,-0.00887,0.04389,498.0,309.0,0.0002,ETH,2472.15,227.72
2026-09-08T08:00:13.008530+00:00,ETH-11SEP26-2550-C,2473.14,ETH-11SEP26,call,2550.0,2026-09-11T08:00:00+00:00,0.008213140145955332,0.006,0.0065,0.006214,0.00625,2473.14,ETH-11SEP26,0.4781,0.24503,0.70429,5192.0,3604.0,0.0004999999999999996,ETH,2472.09,89127.58
2026-09-08T08:00:13.008530+00:00,ETH-27NOV26-2550-P,2490.48,ETH-27NOV26,put,2550.0,2026-11-27T08:00:00+00:00,0.21902765075512712,0.106,0.114,0.110771,0.11,2490.48,ETH-27NOV26,0.5217,-0.49035,4.64866,43.0,0.0,0.008000000000000007,ETH,2472.09,0.0
2026-09-08T08:00:13.008530+00:00,ETH-25SEP26-4000-C,2477.19,ETH-25SEP26,call,4000.0,2026-09-25T08:00:00+00:00,0.046543051165804754,0.0001,0.33,0.000197,0.16505,2477.19,ETH-25SEP26,0.8069,0.00388,0.0616,21302.0,0.0,0.3299,ETH,2472.09,0.0
2026-09-08T08:00:13.008530+00:00,ETH-25SEP26-2100-C,2477.19,ETH-25SEP26,call,2100.0,2026-09-25T08:00:00+00:00,0.046543051165804754,0.1545,0.159,0.156764,0.15675,2477.19,ETH-25SEP26,0.5639,0.92176,0.78117,5710.0,0.0,0.004500000000000004,ETH,2472.09,0.0
2026-09-08T08:00:13.008530+00:00,ETH-25DEC26-2500-P,2497.35,ETH-25DEC26,put,2500.0,2026-12-25T08:00:00+00:00,0.295687472794826,0.1135,0.115,0.114003,0.11425,2497.35,ETH-25DEC26,0.5243,-0.44517,5.36656,1628.0,144.0,0.0015000000000000013,ETH,2472.09,39467.19
2026-09-08T08:00:13.008530+00:00,ETH-11SEP26-2570-P,2473.12,ETH-11SEP26,put,2570.0,2026-09-11T08:00:00+00:00,0.008213140145955332,0.0415,0.0465,0.044068,0.044,2473.12,ETH-11SEP26,0.4919,-0.80067,0.62589,0.0,0.0,0.0049999999999999975,ETH,2472.03,0.0
2026-09-08T08:00:13.008530+00:00,ETH-26MAR27-4600-P,2522.31,ETH-26MAR27,put,4600.0,2027-03-26T08:00:00+00:00,0.5448318944238473,0.8305,0.8575,0.845951,0.844,2522.31,ETH-26MAR27,0.5898,-0.87756,3.77709,0.0,0.0,0.027000000000000024,ETH,2472.03,0.0
2026-09-08T08:00:13.008530+00:00,ETH-26MAR27-3700-P,2522.31,ETH-26MAR27,put,3700.0,2027-03-26T08:00:00+00:00,0.5448318944238473,0.5035,0.5245,0.515128,0.514,2522.31,ETH-26MAR27,0.564,-0.76202,5.7607,0.0,0.0,0.02100000000000002,ETH,2472.03,0.0
2026-09-08T08:00:13.008530+00:00,ETH-26MAR27-2200-P,2522.31,ETH-26MAR27,put,2200.0,2027-03-26T08:00:00+00:00,0.5448318944238473,0.094,0.097,0.095496,0.0955,2522.31,ETH-26MAR27,0.5517,-0.29517,6.42512,1732.0,0.0,0.0030000000000000027,ETH,2472.03,0.0
2026-09-08T08:00:13.008530+00:00,ETH-25DEC26-1700-C,2497.34,ETH-25DEC26,call,1700.0,2026-12-25T08:00:00+00:00,0.295687472794826,0.3305,0.339,0.334468,0.33475,2497.34,ETH-25DEC26,0.5949,0.91148,2.1782,365.0,0.0,0.008500000000000008,ETH,2472.03,0.0
2026-09-08T08:00:13.008530+00:00,ETH-30OCT26-2850-P,2483.22,ETH-30OCT26,put,2850.0,2026-10-30T08:00:00+00:00,0.1423678287154283,0.1725,0.1825,0.178705,0.1775,2483.22,ETH-30OCT26,0.5283,-0.7232,3.13642,0.0,0.0,0.010000000000000009,ETH,2472.08,0.0
2026-09-08T08:00:13.008530+00:00,ETH-25SEP26-6000-C,2477.21,ETH-25SEP26,call,6000.0,2026-09-25T08:00:00+00:00,0.046543051165804754,,0.0001,2e-06,,2477.21,ETH-25SEP26,1.0195999999999998,5e-05,0.00101,3711.0,0.0,,ETH,2472.08,0.0
2026-09-08T08:00:13.008530+00:00,ETH-30OCT26-4400-P,2483.28,ETH-30OCT26,put,4400.0,2026-10-30T08:00:00+00:00,0.1423678287154283,0.7675,0.7815,0.774015,0.7745,2483.28,ETH-30OCT26,0.7028,-0.9786,0.48037,0.0,0.0,0.014000000000000012,ETH,2472.08,0.0
2026-09-08T08:00:13.008530+00:00,ETH-25DEC26-3200-P,2497.32,ETH-25DEC26,put,3200.0,2026-12-25T08:00:00+00:00,0.295687472794826,0.3105,0.3245,0.318603,0.3175,2497.32,ETH-25DEC26,0.5429999999999999,-0.75574,4.26208,261.0,0.0,0.014000000000000012,ETH,2472.08,0.0
2026-09-08T08:00:13.008530+00:00,ETH-25SEP26-5400-C,2477.19,ETH-25SEP26,call,5400.0,2026-09-25T08:00:00+00:00,0.046543051165804754,,0.0001,4e-06,,2477.19,ETH-25SEP26,0.9344,8e-05,0.00178,1738.0,0.0,,ETH,2472.08,0.0
2026-09-08T08:00:13.008530+00:00,ETH-25DEC26-10000-C,2497.34,ETH-25DEC26,call,10000.0,2026-12-25T08:00:00+00:00,0.295687472794826,0.0001,0.0007,0.000252,0.0004,2497.34,ETH-25DEC26,0.8279000000000001,0.00219,0.09362,1743.0,0.0,0.0006,ETH,2472.08,0.0
2026-09-08T08:00:13.008530+00:00,ETH-25JUN27-2800-C,2549.45,ETH-25JUN27,call,2800.0,2027-06-25T08:00:00+00:00,0.7939763160528684,0.158,0.1615,0.159461,0.15975,2549.45,ETH-25JUN27,0.5553,0.52291,9.04805,1231.0,0.0,0.003500000000000003,ETH,2472.06,0.0
2026-09-08T08:00:13.008530+00:00,ETH-25SEP26-4800-P,2477.19,ETH-25SEP26,put,4800.0,2026-09-25T08:00:00+00:00,0.046543051165804754,0.932,0.945,0.937724,0.9385,2477.19,ETH-25SEP26,0.9312,-0.9993,0.01302,110.0,0.0,0.0129999999999999,ETH,2472.06,0.0
2026-09-08T08:00:13.008530+00:00,ETH-18SEP26-2350-P,2474.89,ETH-18SEP26,put,2350.0,2026-09-18T08:00:00+00:00,0.027378095655880043,0.013,0.014,0.013437,0.0135,2474.89,ETH-18SEP26,0.5075,-0.25616,1.31795,1472.0,219.0,0.0010000000000000009,ETH,2472.06,7011.63
2026-09-08T08:00:13.008530+00:00,ETH-25DEC26-5500-P,2497.34,ETH-25DEC26,put,5500.0,2026-12-25T08:00:00+00:00,0.295687472794826,1.19,1.2185,1.205401,1.20425,2497.34,ETH-25DEC26,0.6753,-0.9753,0.78571,0.0,0.0,0.02849999999999997,ETH,2472.06,0.0
2026-09-08T08:00:13.008530+00:00,ETH-30OCT26-2350-P,2483.28,ETH-30OCT26,put,2350.0,2026-10-30T08:00:00+00:00,0.1423678287154283,0.0505,0.0515,0.051169,0.051,2483.28,ETH-30OCT26,0.5122,-0.35178,3.47699,657.0,1.0,0.000999999999999994,ETH,2472.09,125.11
2026-09-08T08:00:13.008530+00:00,ETH-25SEP26-4200-C,2477.21,ETH-25SEP26,call,4200.0,2026-09-25T08:00:00+00:00,0.046543051165804754,0.0001,,0.000121,,2477.21,ETH-25SEP26,0.8393,0.00236,0.03932,2671.0,30.0,,ETH,2472.09,22.56
2026-09-08T08:00:13.008530+00:00,ETH-30OCT26-2700-P,2483.22,ETH-30OCT26,put,2700.0,2026-10-30T08:00:00+00:00,0.1423678287154283,0.127,0.1355,0.132427,0.13125,2483.22,ETH-30OCT26,0.5188,-0.62966,3.53879,126.0,0.0,0.008500000000000008,ETH,2472.09,0.0
2026-09-08T08:00:13.008530+00:00,ETH-11SEP26-2470-P,2473.14,ETH-11SEP26,put,2470.0,2026-09-11T08:00:00+00:00,0.008213140145955332,0.015,0.016,0.015734,0.0155,2473.14,ETH-11SEP26,0.45270000000000005,-0.48241,0.89283,995.0,351.0,0.0010000000000000009,ETH,2472.09,12069.48
2026-09-08T08:00:13.008530+00:00,ETH-25JUN27-2800-P,2549.45,ETH-25JUN27,put,2800.0,2027-06-25T08:00:00+00:00,0.7939763160528684,0.2485,0.2655,0.25788,0.257,2549.45,ETH-25JUN27,0.5553,-0.47714,9.04751,667.0,0.0,0.017000000000000015,ETH,2471.91,0.0
2026-09-08T08:00:13.008530+00:00,ETH-27NOV26-2650-C,2490.48,ETH-27NOV26,call,2650.0,2026-11-27T08:00:00+00:00,0.21902765075512712,0.071,0.0725,0.071865,0.07175,2490.48,ETH-27NOV26,0.5238,0.44758,4.60982,320.0,0.0,0.0015000000000000013,ETH,2472.09,0.0
2026-09-08T08:00:13.008530+00:00,ETH-25JUN27-2600-C,2549.45,ETH-25JUN27,call,2600.0,2027-06-25T08:00:00+00:00,0.7939763160528684,0.186,0.19,0.187484,0.188,2549.45,ETH-25JUN27,0.555,0.58196,8.87047,346.0,0.0,0.0040000000000000036,ETH,2471.91,0.0
2026-09-08T08:00:13.008530+00:00,ETH-25JUN27-1300-P,2549.45,ETH-25JUN27,put,1300.0,2027-06-25T08:00:00+00:00,0.7939763160528684,0.022,0.024,0.023073,0.023,2549.45,ETH-25JUN27,0.6394,-0.0713,3.09341,1679.0,0.0,0.0020000000000000018,ETH,2471.91,0.0
2026-09-08T08:00:13.008530+00:00,ETH-26MAR27-5500-P,2522.31,ETH-26MAR27,put,5500.0,2027-03-26T08:00:00+00:00,0.5448318944238473,1.174,1.2065,1.19255,1.19025,2522.31,ETH-26MAR27,0.619,-0.93029,2.49145,0.0,0.0,0.03249999999999997,ETH,2471.91,0.0
2026-09-08T08:00:13.008530+00:00,ETH-26MAR27-1400-C,2522.31,ETH-26MAR27,call,1400.0,2027-03-26T08:00:00+00:00,0.5448318944238473,0.458,0.4675,0.46235,0.46275,2522.31,ETH-26MAR27,0.6378,0.93116,2.4676,31.0,0.0,0.009500000000000008,ETH,2471.91,0.0
2026-09-08T08:00:13.008530+00:00,ETH-25JUN27-2400-P,2549.39,ETH-25JUN27,put,2400.0,2027-06-25T08:00:00+00:00,0.7939763160528684,0.161,0.164,0.162454,0.1625,2549.39,ETH-25JUN27,0.557,-0.356,8.46542,38.0,0.0,0.0030000000000000027,ETH,2471.85,0.0
2026-09-08T08:00:13.008530+00:00,ETH-10SEP26-2320-C,2472.85,ETH-10SEP26,call,2320.0,2026-09-10T08:00:00+00:00,0.005475289358823231,0.06,0.0655,0.062827,0.06275,2472.85,ETH-10SEP26,0.5559000000000001,0.94408,0.20608,0.0,0.0,0.005500000000000005,ETH,2471.91,0.0
2026-09-08T08:00:13.008530+00:00,ETH-9SEP26-2100-C,2472.63,ETH-9SEP26,call,2100.0,2026-09-09T08:00:00+00:00,0.00273743857169113,0.148,0.1535,0.150694,0.15075,2472.63,ETH-9SEP26,0.8898,0.99979,0.00102,0.0,0.0,0.005500000000000005,ETH,2471.91,0.0
2026-09-08T08:00:13.008530+00:00,ETH-25SEP26-1950-C,2477.19,ETH-25SEP26,call,1950.0,2026-09-25T08:00:00+00:00,0.046543051165804754,0.212,0.217,0.214654,0.2145,2477.19,ETH-25SEP26,0.6263000000000001,0.96689,0.39451,3695.0,1.0,0.0050000000000000044,ETH,2471.85,549.66
2026-09-08T08:00:13.008530+00:00,ETH-10SEP26-2800-P,2472.85,ETH-10SEP26,put,2800.0,2026-09-10T08:00:00+00:00,0.005475289358823231,0.129,0.1355,0.132461,0.13225,2472.85,ETH-10SEP26,0.6923,-0.99213,0.03952,0.0,0.0,0.006500000000000006,ETH,2471.85,0.0
2026-09-08T08:00:13.008530+00:00,ETH-9SEP26-2380-C,2472.63,ETH-9SEP26,call,2380.0,2026-09-09T08:00:00+00:00,0.00273743857169113,0.0355,0.0405,0.038221,0.038,2472.63,ETH-9SEP26,0.4925,0.93482,0.16411,0.0,0.0,0.0050000000000000044,ETH,2471.85,0.0
2026-09-08T08:00:13.008530+00:00,ETH-27NOV26-1600-C,2490.48,ETH-27NOV26,call,1600.0,2026-11-27T08:00:00+00:00,0.21902765075512712,0.3615,0.3685,0.36463,0.365,2490.48,ETH-27NOV26,0.6345000000000001,0.94922,1.21698,0.0,0.0,0.007000000000000006,ETH,2471.85,0.0
2026-09-08T08:00:13.008530+00:00,ETH-10SEP26-2500-C,2472.85,ETH-10SEP26,call,2500.0,2026-09-10T08:00:00+00:00,0.005475289358823231,0.008,0.0085,0.00841,0.00825,2472.85,ETH-10SEP26,0.44439999999999996,0.37182,0.69137,13.0,13.0,0.0005000000000000004,ETH,2471.85,421.59
2026-09-08T08:00:13.008530+00:00,ETH-26MAR27-1600-P,2522.31,ETH-26MAR27,put,1600.0,2027-03-26T08:00:00+00:00,0.5448318944238473,0.027,0.029,0.027981,0.028,2522.31,ETH-26MAR27,0.6038,-0.10699,3.43098,1520.0,0.0,0.0020000000000000018,ETH,2471.76,0.0
2026-09-08T08:00:13.008530+00:00,ETH-9SEP26-2350-C,2472.63,ETH-9SEP26,call,2350.0,2026-09-09T08:00:00+00:00,0.00273743857169113,0.047,0.053,0.049909,0.05,2472.63,ETH-9SEP26,0.5227,0.97022,0.08733,0.0,0.0,0.005999999999999998,ETH,2471.85,0.0
2026-09-08T08:00:13.008530+00:00,ETH-25JUN27-3800-C,2549.45,ETH-25JUN27,call,3800.0,2027-06-25T08:00:00+00:00,0.7939763160528684,0.073,0.076,0.073884,0.0745,2549.45,ETH-25JUN27,0.5663,0.29496,7.83686,436.0,0.0,0.0030000000000000027,ETH,2471.76,0.0
2026-09-08T08:00:13.008530+00:00,ETH-27NOV26-2800-C,2490.48,ETH-27NOV26,call,2800.0,2026-11-27T08:00:00+00:00,0.21902765075512712,0.0535,0.0545,0.054021,0.054,2490.48,ETH-27NOV26,0.5294,0.36308,4.37302,237.0,0.0,0.0010000000000000009,ETH,2471.76,0.0
2026-09-08T08:00:13.008530+00:00,ETH-30OCT26-1500-C,2483.28,ETH-30OCT26,call,1500.0,2026-10-30T08:00:00+00:00,0.1423678287154283,0.3955,0.4015,0.39793,0.3985,2483.28,ETH-30OCT26,0.6911,0.9804,0.44586,50.0,0.0,0.006000000000000005,ETH,2471.74,0.0
2026-09-08T08:00:13.008530+00:00,ETH-25DEC26-2500-C,2497.34,ETH-25DEC26,call,2500.0,2026-12-25T08:00:00+00:00,0.295687472794826,0.112,0.1135,0.112925,0.11275,2497.34,ETH-25DEC26,0.5243,0.55462,5.36614,28731.0,103.0,0.0015000000000000013,ETH,2471.76,29547.7
2026-09-08T08:00:13.008530+00:00,ETH-10SEP26-2540-P,2472.85,ETH-10SEP26,put,2540.0,2026-09-10T08:00:00+00:00,0.005475289358823231,0.029,0.034,0.031562,0.0315,2472.85,ETH-10SEP26,0.4667,-0.77961,0.54187,0.0,0.0,0.005000000000000001,ETH,2471.76,0.0
2026-09-08T08:00:13.008530+00:00,ETH-30OCT26-2800-C,2483.22,ETH-30OCT26,call,2800.0,2026-10-30T08:00:00+00:00,0.1423678287154283,0.0345,0.0355,0.035002,0.035,2483.22,ETH-30OCT26,0.5247999999999999,0.3053,3.28304,4044.0,5.0,0.000999999999999994,ETH,2471.74,470.56
2026-09-08T08:00:13.008530+00:00,ETH-10SEP26-2320-P,2472.85,ETH-10SEP26,put,2320.0,2026-09-10T08:00:00+00:00,0.005475289358823231,0.0008,0.0011,0.001039,0.00095,2472.85,ETH-10SEP26,0.5559000000000001,-0.0563,0.20714,2.0,2.0,0.00030000000000000003,ETH,2471.74,5.93
2026-09-08T08:00:13.008530+00:00,ETH-26MAR27-2400-P,2522.31,ETH-26MAR27,put,2400.0,2027-03-26T08:00:00+00:00,0.5448318944238473,0.1315,0.135,0.133125,0.13325,2522.31,ETH-26MAR27,0.5471,-0.37307,7.04692,523.0,0.0,0.003500000000000003,ETH,2471.74,0.0
2026-09-08T08:00:13.008530+00:00,ETH-27NOV26-2350-P,2490.48,ETH-27NOV26,put,2350.0,2026-11-27T08:00:00+00:00,0.21902765075512712,0.0685,0.07,0.069224,0.06925,2490.48,ETH-27NOV26,0.5235,-0.36026,4.36124,150.0,5.0,0.0015000000000000013,ETH,2471.74,849.61
2026-09-08T08:00:13.008530+00:00,ETH-25DEC26-6000-P,2497.34,ETH-25DEC26,put,6000.0,2026-12-25T08:00:00+00:00,0.295687472794826,1.3875,1.419,1.404714,1.40325,2497.34,ETH-25DEC26,0.7005,-0.98258,0.58465,50.0,0.0,0.031500000000000083,ETH,2471.74,0.0
2026-09-08T08:00:13.008530+00:00,ETH-26MAR27-1700-C,2522.31,ETH-26MAR27,call,1700.0,2027-03-26T08:00:00+00:00,0.5448318944238473,0.3555,0.367,0.361036,0.36125,2522.31,ETH-26MAR27,0.59,0.86913,3.95592,1256.0,0.0,0.01150000000000001,ETH,2471.75,0.0
2026-09-08T08:00:13.008530+00:00,ETH-10SEP26-2100-C,2472.85,ETH-10SEP26,call,2100.0,2026-09-10T08:00:00+00:00,0.005475289358823231,0.1485,0.1535,0.150963,0.151,2472.85,ETH-10SEP26,0.9420999999999999,0.99108,0.04407,0.0,0.0,0.0050000000000000044,ETH,2471.75,0.0
2026-09-08T08:00:13.008530+00:00,ETH-25JUN27-1000-P,2549.45,ETH-25JUN27,put,1000.0,2027-06-25T08:00:00+00:00,0.7939763160528684,0.0105,0.012,0.011295,0.01125,2549.45,ETH-25JUN27,0.7033,-0.03548,1.7749,4810.0,0.0,0.0014999999999999996,ETH,2471.75,0.0
2026-09-08T08:00:13.008530+00:00,ETH-27NOV26-2400-P,2490.48,ETH-27NOV26,put,2400.0,2026-11-27T08:00:00+00:00,0.21902765075512712,0.0775,0.079,0.078481,0.07825,2490.48,ETH-27NOV26,0.5224,-0.39285,4.48072,270.0,0.0,0.0015000000000000013,ETH,2471.75,0.0
2026-09-08T08:00:13.008530+00:00,ETH-25SEP26-2000-P,2477.21,ETH-25SEP26,put,2000.0,2026-09-25T08:00:00+00:00,0.046543051165804754,0.0023,0.0027,0.0025,0.0025,2477.21,ETH-25SEP26,0.6059,-0.04464,0.50316,21036.0,103.0,0.0004000000000000002,ETH,2471.75,564.03
2026-09-08T08:00:13.008530+00:00,ETH-9SEP26-2460-C,2472.63,ETH-9SEP26,call,2460.0,2026-09-09T08:00:00+00:00,0.00273743857169113,0.011,0.012,0.011451,0.0115,2472.63,ETH-9SEP26,0.4165,0.58964,0.50214,25.0,26.0,0.0010000000000000009,ETH,2471.75,980.34
2026-09-08T08:00:13.008530+00:00,ETH-30OCT26-2550-P,2483.28,ETH-30OCT26,put,2550.0,2026-10-30T08:00:00+00:00,0.1423678287154283,0.0915,0.0925,0.092368,0.092,2483.28,ETH-30OCT26,0.5128,-0.51706,3.73409,726.0,0.0,0.0010000000000000009,ETH,2471.76,0.0
2026-09-08T08:00:13.008530+00:00,ETH-25DEC26-1400-P,2497.34,ETH-25DEC26,put,1400.0,2026-12-25T08:00:00+00:00,0.295687472794826,0.0055,0.0065,0.006259,0.006,2497.34,ETH-25DEC26,0.6659,-0.03756,1.11173,13607.0,0.0,0.001,ETH,2471.76,0.0
2026-09-08T08:00:13.008530+00:00,ETH-30OCT26-2000-C,2483.28,ETH-30OCT26,call,2000.0,2026-10-30T08:00:00+00:00,0.1423678287154283,0.2055,0.213,0.208676,0.20925,2483.28,ETH-30OCT26,0.5486,0.8744,1.93502,753.0,0.0,0.007500000000000007,ETH,2471.76,0.0
2026-09-08T08:00:13.008530+00:00,ETH-10SEP26-2420-C,2472.85,ETH-10SEP26,call,2420.0,2026-09-10T08:00:00+00:00,0.005475289358823231,0.024,0.0285,0.026481,0.02625,2472.85,ETH-10SEP26,0.45,0.74304,0.58938,0.0,0.0,0.0045000000000000005,ETH,2471.76,0.0
2026-09-08T08:00:13.008530+00:00,ETH-27NOV26-2700-P,2490.48,ETH-27NOV26,put,2700.0,2026-11-27T08:00:00+00:00,0.21902765075512712,0.144,0.1525,0.149536,0.14825,2490.48,ETH-27NOV26,0.5256000000000001,-0.58197,4.55098,122.0,23.0,0.008500000000000008,ETH,2471.76,8412.79
2026-09-08T08:00:13.008530+00:00,ETH-25SEP26-1800-P,2477.19,ETH-25SEP26,put,1800.0,2026-09-25T08:00:00+00:00,0.046543051165804754,0.0007,0.001,0.000858,0.00085,2477.19,ETH-25SEP26,0.7071999999999999,-0.01513,0.2038,12901.0,7.0,0.00030000000000000003,ETH,2471.6,15.33
2026-09-08T08:00:13.008530+00:00,ETH-10SEP26-2520-P,2472.88,ETH-10SEP26,put,2520.0,2026-09-10T08:00:00+00:00,0.005475289358823231,0.0235,0.0275,0.025153,0.0255,2472.88,ETH-10SEP26,0.4537,-0.71248,0.62321,54.0,10.0,0.004,ETH,2471.6,413.98
2026-09-08T08:00:13.008530+00:00,ETH-25DEC26-9000-P,2497.34,ETH-25DEC26,put,9000.0,2026-12-25T08:00:00+00:00,0.295687472794826,2.577,2.6245,2.604173,2.60075,2497.34,ETH-25DEC26,0.7837000000000001,-0.99742,0.1086,0.0,0.0,0.047499999999999876,ETH,2471.6,0.0
2026-09-08T08:00:13.008530+00:00,ETH-25JUN27-3600-C,2549.39,ETH-25JUN27,call,3600.0,2027-06-25T08:00:00+00:00,0.7939763160528684,0.0845,0.088,0.085539,0.08625,2549.39,ETH-25JUN27,0.5633,0.33107,8.23672,206.0,0.0,0.0034999999999999892,ETH,2471.6,0.0
2026-09-08T08:00:13.008530+00:00,ETH-25JUN27-4800-C,2549.45,ETH-25JUN27,call,4800.0,2027-06-25T08:00:00+00:00,0.7939763160528684,0.037,0.04,0.038105,0.0385,2549.45,ETH-25JUN27,0.5848,0.17006,5.74892,142.0,0.0,0.0030000000000000027,ETH,2471.6,0.0
2026-09-08T08:00:13.008530+00:00,ETH-25JUN27-4000-P,2549.45,ETH-25JUN27,put,4000.0,2027-06-25T08:00:00+00:00,0.7939763160528684,0.62,0.6455,0.633308,0.63275,2549.45,ETH-25JUN27,0.5698,-0.73692,7.41203,2.0,0.0,0.025499999999999967,ETH,2471.6,0.0
2026-09-08T08:00:13.008530+00:00,ETH-25DEC26-4600-C,2497.34,ETH-25DEC26,call,4600.0,2026-12-25T08:00:00+00:00,0.295687472794826,0.006,0.007,0.006413,0.0065,2497.34,ETH-25DEC26,0.6223,0.05091,1.42049,11164.0,0.0,0.001,ETH,2471.6,0.0
2026-09-08T08:00:13.008530+00:00,ETH-25DEC26-10000-P,2497.34,ETH-25DEC26,put,10000.0,2026-12-25T08:00:00+00:00,0.295687472794826,2.9735,3.0275,3.004561,3.0005,2497.34,ETH-25DEC26,0.8279000000000001,-0.99781,0.0934,0.0,0.0,0.053999999999999826,ETH,2471.5,0.0
2026-09-08T08:00:13.008530+00:00,ETH-26MAR27-3200-P,2522.31,ETH-26MAR27,put,3200.0,2027-03-26T08:00:00+00:00,0.5448318944238473,0.3375,0.3545,0.347265,0.346,2522.31,ETH-26MAR27,0.5518,-0.6487,6.90329,20.0,0.0,0.01699999999999996,ETH,2471.5,0.0
2026-09-08T08:00:13.008530+00:00,ETH-26MAR27-2600-C,2522.31,ETH-26MAR27,call,2600.0,2027-03-26T08:00:00+00:00,0.5448318944238473,0.1455,0.149,0.146806,0.14725,2522.31,ETH-26MAR27,0.5445,0.54935,7.3684,3223.0,0.0,0.003500000000000003,ETH,2471.5,0.0
2026-09-08T08:00:13.008530+00:00,ETH-25SEP26-2500-C,2477.21,ETH-25SEP26,call,2500.0,2026-09-25T08:00:00+00:00,0.046543051165804754,0.038,0.039,0.038737,0.0385,2477.21,ETH-25SEP26,0.4996,0.48546,2.12994,23088.0,105.0,0.0010000000000000009,ETH,2471.5,11129.31
2026-09-08T08:00:13.008530+00:00,ETH-25JUN27-3300-P,2549.45,ETH-25JUN27,put,3300.0,2027-06-25T08:00:00+00:00,0.7939763160528684,0.3905,0.4105,0.401826,0.4005,2549.45,ETH-25JUN27,0.5589999999999999,-0.60634,8.73702,59.0,59.0,0.019999999999999962,ETH,2471.5,58086.98
2026-09-08T08:00:13.008530+00:00,ETH-18SEP26-2300-P,2474.92,ETH-18SEP26,put,2300.0,2026-09-18T08:00:00+00:00,0.027378095655880043,0.0085,0.0095,0.00902,0.009,2474.92,ETH-18SEP26,0.5182,-0.1863,1.09745,3491.0,45.0,0.0009999999999999992,ETH,2471.5,893.65
2026-09-08T08:00:13.008530+00:00,ETH-25JUN27-1700-C,2549.39,ETH-25JUN27,call,1700.0,2027-06-25T08:00:00+00:00,0.7939763160528684,0.3805,0.392,0.386059,0.38625,2549.39,ETH-25JUN27,0.5884,0.84945,5.30874,676.0,0.0,0.01150000000000001,ETH,2471.5,0.0
2026-09-08T08:00:13.008530+00:00,ETH-25SEP26-2360-C,2477.19,ETH-25SEP26,call,2360.0,2026-09-25T08:00:00+00:00,0.046543051165804754,0.0675,0.0725,0.070024,0.07,2477.19,ETH-25SEP26,0.5027,0.68997,1.88482,240.0,0.0,0.0049999999999999906,ETH,2471.44,0.0
2026-09-08T08:00:13.008530+00:00,ETH-25SEP26-2600-P,2477.19,ETH-25SEP26,put,2600.0,2026-09-25T08:00:00+00:00,0.046543051165804754,0.0715,0.077,0.073928,0.07425,2477.19,ETH-25SEP26,0.5086999999999999,-0.65229,1.9741,9379.0,0.0,0.005500000000000005,ETH,2471.44,0.0
2026-09-08T08:00:13.008530+00:00,ETH-10SEP26-2600-C,2472.88,ETH-10SEP26,call,2600.0,2026-09-10T08:00:00+00:00,0.005475289358823231,0.0015,0.0018,0.001754,0.00165,2472.88,ETH-10SEP26,0.5179,0.09527,0.3096,138.0,93.0,0.0002999999999999999,ETH,2471.44,665.59
2026-09-08T08:00:13.008530+00:00,ETH-27NOV26-2450-C,2490.48,ETH-27NOV26,call,2450.0,2026-11-27T08:00:00+00:00,0.21902765075512712,0.1035,0.1055,0.104725,0.1045,2490.48,ETH-27NOV26,0.5216,0.57422,4.56833,155.0,23.0,0.0020000000000000018,ETH,2471.44,6249.65
2026-09-08T08:00:13.008530+00:00,ETH-9SEP26-2480-P,2472.63,ETH-9SEP26,put,2480.0,2026-09-09T08:00:00+00:00,0.00273743857169113,0.0095,0.011,0.010351,0.01025,2472.63,ETH-9SEP26,0.42,-0.56244,0.50874,415.0,248.0,0.0014999999999999996,ETH,2471.09,4905.68
2026-09-08T08:00:13.008530+00:00,ETH-11SEP26-2600-C,2473.14,ETH-11SEP26,call,2600.0,2026-09-11T08:00:00+00:00,0.008213140145955332,0.0031,0.0035,0.003359,0.0033,2473.14,ETH-11SEP26,0.5097,0.14125,0.50141,3103.0,704.0,0.0004000000000000002,ETH,2471.09,6452.51
2026-09-08T08:00:13.008530+00:00,ETH-10SEP26-2380-C,2472.88,ETH-10SEP26,call,2380.0,2026-09-10T08:00:00+00:00,0.005475289358823231,0.0375,0.0425,0.040009,0.04,2472.88,ETH-10SEP26,0.479,0.86148,0.40385,0.0,0.0,0.0050000000000000044,ETH,2471.09,0.0
2026-09-08T08:00:13.008530+00:00,ETH-30OCT26-3800-C,2483.22,ETH-30OCT26,call,3800.0,2026-10-30T08:00:00+00:00,0.1423678287154283,0.0041,0.0046,0.004294,0.00435,2483.22,ETH-30OCT26,0.6302,0.04735,0.92497,646.0,187.0,0.0004999999999999996,ETH,2471.09,2184.87
2026-09-08T08:00:13.008530+00:00,ETH-25SEP26-2420-P,2477.19,ETH-25SEP26,put,2420.0,2026-09-25T08:00:00+00:00,0.046543051165804754,0.031,0.0325,0.031904,0.03175,2477.19,ETH-25SEP26,0.4991,-0.39592,2.05804,5115.0,0.0,0.0015000000000000013,ETH,2470.9,0.0
2026-09-08T08:00:13.008530+00:00,ETH-25DEC26-8000-C,2497.32,ETH-25DEC26,call,8000.0,2026-12-25T08:00:00+00:00,0.295687472794826,0.0003,0.0045,0.000602,0.0024,2497.32,ETH-25DEC26,0.7703,0.00516,0.2018,2942.0,0.0,0.0042,ETH,2471.09,0.0
2026-09-08T08:00:13.008530+00:00,ETH-10SEP26-2900-C,2472.88,ETH-10SEP26,call,2900.0,2026-09-10T08:00:00+00:00,0.005475289358823231,,,1.8e-05,,2472.88,ETH-10SEP26,0.7053,0.00117,0.0071,80.0,0.0,,ETH,2470.9,0.0
2026-09-08T08:00:13.008530+00:00,ETH-25JUN27-1600-P,2549.45,ETH-25JUN27,put,1600.0,2027-06-25T08:00:00+00:00,0.7939763160528684,0.042,0.0445,0.043586,0.04325,2549.45,ETH-25JUN27,0.5982,-0.12734,4.73541,1978.0,0.0,0.0024999999999999953,ETH,2471.09,0.0
2026-09-08T08:00:13.008530+00:00,ETH-10SEP26-2250-P,2472.88,ETH-10SEP26,put,2250.0,2026-09-10T08:00:00+00:00,0.005475289358823231,0.0003,0.0006,0.000478,0.00045,2472.88,ETH-10SEP26,0.6615000000000001,-0.02552,0.10868,192.0,0.0,0.0003,ETH,2470.9,0.0
2026-09-08T08:00:13.008530+00:00,ETH-18SEP26-2300-C,2474.89,ETH-18SEP26,call,2300.0,2026-09-18T08:00:00+00:00,0.027378095655880043,0.077,0.082,0.079663,0.0795,2474.89,ETH-18SEP26,0.5182,0.81316,1.09923,50.0,0.0,0.0050000000000000044,ETH,2470.9,0.0
2026-09-08T08:00:13.008530+00:00,ETH-25SEP26-2550-C,2477.19,ETH-25SEP26,call,2550.0,2026-09-25T08:00:00+00:00,0.046543051165804754,0.03,0.031,0.03075,0.0305,2477.19,ETH-25SEP26,0.5027,0.41279,2.07969,277.0,0.0,0.0010000000000000009,ETH,2470.86,0.0
2026-09-08T08:00:13.008530+00:00,ETH-30OCT26-1900-C,2483.22,ETH-30OCT26,call,1900.0,2026-10-30T08:00:00+00:00,0.1423678287154283,0.2415,0.2485,0.244348,0.245,2483.22,ETH-30OCT26,0.5693,0.91157,1.50104,275.0,0.0,0.007000000000000006,ETH,2470.9,0.0
2026-09-08T08:00:13.008530+00:00,ETH-25DEC26-3100-P,2497.32,ETH-25DEC26,put,3100.0,2026-12-25T08:00:00+00:00,0.295687472794826,0.277,0.2895,0.284832,0.28325,2497.32,ETH-25DEC26,0.5389,-0.72355,4.54112,0.0,0.0,0.012499999999999956,ETH,2470.9,0.0
2026-09-08T08:00:13.008530+00:00,ETH-9SEP26-2620-P,2472.63,ETH-9SEP26,put,2620.0,2026-09-09T08:00:00+00:00,0.00273743857169113,0.0565,0.063,0.059826,0.05975,2472.63,ETH-9SEP26,0.539,-0.98229,0.05636,0.0,0.0,0.006499999999999999,ETH,2470.86,0.0
2026-09-08T08:00:13.008530+00:00,ETH-10SEP26-2540-C,2472.88,ETH-10SEP26,call,2540.0,2026-09-10T08:00:00+00:00,0.005475289358823231,0.0041,0.0046,0.004382,0.00435,2472.88,ETH-10SEP26,0.4667,0.2168,0.53654,258.0,158.0,0.0004999999999999996,ETH,2470.86,3025.64
2026-09-08T08:00:13.008530+00:00,ETH-9SEP26-2480-C,2472.63,ETH-9SEP26,call,2480.0,2026-09-09T08:00:00+00:00,0.00273743857169113,0.007,0.008,0.007358,0.0075,2472.63,ETH-9SEP26,0.42,0.43588,0.50835,575.0,519.0,0.001,ETH,2470.86,17421.67
2026-09-08T08:00:13.008530+00:00,ETH-25DEC26-6500-C,2497.32,ETH-25DEC26,call,6500.0,2026-12-25T08:00:00+00:00,0.295687472794826,0.0014,0.0019,0.001534,0.00165,2497.32,ETH-25DEC26,0.7226,0.01262,0.44298,1846.0,0.0,0.0005,ETH,2470.86,0.0
2026-09-08T08:00:13.008530+00:00,ETH-26MAR27-3800-C,2522.31,ETH-26MAR27,call,3800.0,2027-03-26T08:00:00+00:00,0.5448318944238473,0.043,0.045,0.043916,0.044,2522.31,ETH-26MAR27,0.5669,0.22004,5.51009,1401.0,0.0,0.0020000000000000018,ETH,2470.85,0.0
2026-09-08T08:00:13.008530+00:00,ETH-25SEP26-1500-P,2477.19,ETH-25SEP26,put,1500.0,2026-09-25T08:00:00+00:00,0.046543051165804754,0.0002,,0.000239,,2477.19,ETH-25SEP26,0.9027,-0.00379,0.06035,17057.0,40.0,,ETH,2470.85,29.92
2026-09-08T08:00:13.008530+00:00,ETH-25DEC26-2400-P,2497.35,ETH-25DEC26,put,2400.0,2026-12-25T08:00:00+00:00,0.295687472794826,0.0925,0.094,0.093164,0.09325,2497.35,ETH-25DEC26,0.5262,-0.39005,5.20798,4766.0,134.0,0.0015000000000000013,ETH,2470.85,30054.38
2026-09-08T08:00:13.008530+00:00,ETH-25SEP26-1950-P,2477.21,ETH-25SEP26,put,1950.0,2026-09-25T08:00:00+00:00,0.046543051165804754,0.0016,0.002,0.001839,0.0018,2477.21,ETH-25SEP26,0.6263000000000001,-0.03336,0.39671,4381.0,2.0,0.00039999999999999996,ETH,2470.85,8.0
2026-09-08T08:00:13.008530+00:00,ETH-30OCT26-3200-P,2483.28,ETH-30OCT26,put,3200.0,2026-10-30T08:00:00+00:00,0.1423678287154283,0.295,0.3065,0.302276,0.30075,2483.28,ETH-30OCT26,0.5611,-0.86332,2.05058,2.0,0.0,0.01150000000000001,ETH,2470.85,0.0
2026-09-08T08:00:13.008530+00:00,ETH-30OCT26-1400-P,2483.28,ETH-30OCT26,put,1400.0,2026-10-30T08:00:00+00:00,0.1423678287154283,0.0011,0.0015,0.001379,0.0013,2483.28,ETH-30OCT26,0.728,-0.01325,0.31877,2801.0,0.0,0.00039999999999999996,ETH,2470.85,0.0
2026-09-08T08:00:13.008530+00:00,ETH-26MAR27-2300-P,2522.31,ETH-26MAR27,put,2300.0,2027-03-26T08:00:00+00:00,0.5448318944238473,0.112,0.115,0.113398,0.1135,2522.31,ETH-26MAR27,0.5489999999999999,-0.3343,6.77333,1688.0,0.0,0.0030000000000000027,ETH,2470.86,0.0
2026-09-08T08:00:13.008530+00:00,ETH-26MAR27-1700-P,2522.31,ETH-26MAR27,put,1700.0,2027-03-26T08:00:00+00:00,0.5448318944238473,0.034,0.036,0.035045,0.035,2522.31,ETH-26MAR27,0.59,-0.13105,3.95822,1637.0,0.0,0.001999999999999995,ETH,2470.86,0.0
2026-09-08T08:00:13.008530+00:00,ETH-10SEP26-2400-C,2472.85,ETH-10SEP26,call,2400.0,2026-09-10T08:00:00+00:00,0.005475289358823231,0.0305,0.0355,0.032971,0.033,2472.85,ETH-10SEP26,0.46149999999999997,0.80894,0.49759,34.0,34.0,0.0049999999999999975,ETH,2470.86,2956.6
2026-09-08T08:00:13.008530+00:00,ETH-27NOV26-3100-P,2490.48,ETH-27NOV26,put,3100.0,2026-11-27T08:00:00+00:00,0.21902765075512712,0.2685,0.2805,0.275729,0.2745,2490.48,ETH-27NOV26,0.5468,-0.76738,3.56006,0.0,0.0,0.01200000000000001,ETH,2470.86,0.0
2026-09-08T08:00:13.008530+00:00,ETH-9SEP26-2400-C,2472.63,ETH-9SEP26,call,2400.0,2026-09-09T08:00:00+00:00,0.00273743857169113,0.028,0.0335,0.030639,0.03075,2472.63,ETH-9SEP26,0.4653,0.8894,0.24369,0.0,0.0,0.005500000000000001,ETH,2470.86,0.0
2026-09-08T08:00:13.008530+00:00,ETH-25SEP26-12000-C,2477.19,ETH-25SEP26,call,12000.0,2026-09-25T08:00:00+00:00,0.046543051165804754,,0.0001,1e-06,,2477.19,ETH-25SEP26,1.6338,1e-05,0.0002,1953.0,0.0,,ETH,2470.9,0.0
2026-09-08T08:00:13.008530+00:00,ETH-25JUN27-2900-P,2549.39,ETH-25JUN27,put,2900.0,2027-06-25T08:00:00+00:00,0.7939763160528684,0.275,0.2925,0.284722,0.28375,2549.39,ETH-25JUN27,0.5555,-0.50565,9.05761,284.0,0.0,0.01749999999999996,ETH,2470.86,0.0
2026-09-08T08:00:13.008530+00:00,ETH-30OCT26-2150-C,2483.22,ETH-30OCT26,call,2150.0,2026-10-30T08:00:00+00:00,0.1423678287154283,0.156,0.164,0.159155,0.16,2483.22,ETH-30OCT26,0.5245000000000001,0.79471,2.66307,1035.0,0.0,0.008000000000000007,ETH,2470.86,0.0
2026-09-08T08:00:13.008530+00:00,ETH-25JUN27-4800-P,2549.45,ETH-25JUN27,put,4800.0,2027-06-25T08:00:00+00:00,0.7939763160528684,0.9045,0.936,0.921107,0.92025,2549.45,ETH-25JUN27,0.5848,-0.83008,5.74423,0.0,0.0,0.031500000000000083,ETH,2470.9,0.0
2026-09-08T08:00:13.008530+00:00,ETH-25SEP26-2350-C,2477.19,ETH-25SEP26,call,2350.0,2026-09-25T08:00:00+00:00,0.046543051165804754,0.07,0.0765,0.072774,0.07325,2477.19,ETH-25SEP26,0.5038,0.70259,1.84975,0.0,0.0,0.006499999999999992,ETH,2470.9,0.0
2026-09-08T08:00:13.008530+00:00,ETH-10SEP26-2440-P,2472.85,ETH-10SEP26,put,2440.0,2026-09-10T08:00:00+00:00,0.005475289358823231,0.007,0.0075,0.007311,0.00725,2472.85,ETH-10SEP26,0.4389,-0.3431,0.67192,375.0,109.0,0.0004999999999999996,ETH,2470.9,1858.2
2026-09-08T08:00:13.008530+00:00,ETH-25DEC26-1900-C,2497.34,ETH-25DEC26,call,1900.0,2026-12-25T08:00:00+00:00,0.295687472794826,0.262,0.271,0.266076,0.2665,2497.34,ETH-25DEC26,0.5622,0.85193,3.13756,3839.0,2.0,0.009000000000000008,ETH,2470.9,1344.66
2026-09-08T08:00:13.008530+00:00,ETH-11SEP26-2250-P,2473.14,ETH-11SEP26,put,2250.0,2026-09-11T08:00:00+00:00,0.008213140145955332,0.0007,0.001,0.000922,0.00085,2473.14,ETH-11SEP26,0.6076,-0.04121,0.19767,5591.0,101.0,0.00030000000000000003,ETH,2471.09,230.47
2026-09-08T08:00:13.008530+00:00,ETH-30OCT26-2450-C,2483.28,ETH-30OCT26,call,2450.0,2026-10-30T08:00:00+00:00,0.1423678287154283,0.0825,0.084,0.083111,0.08325,2483.28,ETH-30OCT26,0.5108,0.56458,3.68739,420.0,1.0,0.0015000000000000013,ETH,2471.09,219.29
2026-09-08T08:00:13.008530+00:00,ETH-11SEP26-2800-P,2473.12,ETH-11SEP26,put,2800.0,2026-09-11T08:00:00+00:00,0.008213140145955332,0.129,0.1365,0.132543,0.13275,2473.12,ETH-11SEP26,0.6423000000000001,-0.9825,0.09677,67.0,0.0,0.007500000000000007,ETH,2471.09,0.0
2026-09-08T08:00:13.008530+00:00,ETH-11SEP26-2200-P,2473.14,ETH-11SEP26,put,2200.0,2026-09-11T08:00:00+00:00,0.008213140145955332,0.0005,0.0007,0.000673,0.0006,2473.14,ETH-11SEP26,0.6851,-0.02829,0.14511,10109.0,262.0,0.00019999999999999998,ETH,2471.09,409.06
2026-09-08T08:00:13.008530+00:00,ETH-30OCT26-1750-P,2483.28,ETH-30OCT26,put,1750.0,2026-10-30T08:00:00+00:00,0.1423678287154283,0.005,0.0055,0.005291,0.00525,2483.28,ETH-30OCT26,0.6074,-0.05065,0.97594,779.0,0.0,0.0004999999999999996,ETH,2471.09,0.0
2026-09-08T08:00:13.008530+00:00,ETH-9SEP26-2650-C,2472.63,ETH-9SEP26,call,2650.0,2026-09-09T08:00:00+00:00,0.00273743857169113,,0.0003,0.000112,,2472.63,ETH-9SEP26,0.5748,0.01038,0.03556,325.0,376.0,,ETH,2471.3,215.17
2026-09-08T08:00:13.008530+00:00,ETH-25DEC26-1700-P,2497.32,ETH-25DEC26,put,1700.0,2026-12-25T08:00:00+00:00,0.295687472794826,0.0145,0.0155,0.015201,0.015,2497.32,ETH-25DEC26,0.5949,-0.0887,2.18068,13367.0,1.0,0.0009999999999999992,ETH,2471.3,34.83
2026-09-08T08:00:13.008530+00:00,ETH-18SEP26-3200-P,2474.89,ETH-18SEP26,put,3200.0,2026-09-18T08:00:00+00:00,0.027378095655880043,0.2895,0.2975,0.293732,0.2935,2474.89,ETH-18SEP26,0.7153,-0.98284,0.17393,0.0,0.0,0.008000000000000007,ETH,2471.3,0.0
2026-09-08T08:00:13.008530+00:00,ETH-30OCT26-1500-P,2483.28,ETH-30OCT26,put,1500.0,2026-10-30T08:00:00+00:00,0.1423678287154283,0.0017,0.0022,0.002048,0.00195,2483.28,ETH-30OCT26,0.6911,-0.01963,0.44645,2662.0,0.0,0.0005000000000000002,ETH,2471.3,0.0
2026-09-08T08:00:13.008530+00:00,ETH-25SEP26-2850-P,2477.19,ETH-25SEP26,put,2850.0,2026-09-25T08:00:00+00:00,0.046543051165804754,0.155,0.1615,0.15813,0.15825,2477.19,ETH-25SEP26,0.5547,-0.86825,1.14057,0.0,0.0,0.006500000000000006,ETH,2471.26,0.0
2026-09-08T08:00:13.008530+00:00,ETH-11SEP26-2000-C,2473.14,ETH-11SEP26,call,2000.0,2026-09-11T08:00:00+00:00,0.008213140145955332,0.189,0.1945,0.191453,0.19175,2473.14,ETH-11SEP26,0.9362999999999999,0.99457,0.03483,19.0,0.0,0.005500000000000005,ETH,2471.3,0.0
2026-09-08T08:00:13.008530+00:00,ETH-25DEC26-6000-C,2497.32,ETH-25DEC26,call,6000.0,2026-12-25T08:00:00+00:00,0.295687472794826,0.0019,0.0025,0.002129,0.0022,2497.32,ETH-25DEC26,0.7005,0.01739,0.58364,10912.0,0.0,0.0006000000000000001,ETH,2471.3,0.0
2026-09-08T08:00:13.008530+00:00,ETH-30OCT26-2800-P,2483.28,ETH-30OCT26,put,2800.0,2026-10-30T08:00:00+00:00,0.1423678287154283,0.157,0.1655,0.162688,0.16125,2483.28,ETH-30OCT26,0.5247999999999999,-0.69506,3.28061,20.0,0.0,0.008500000000000008,ETH,2471.26,0.0
2026-09-08T08:00:13.008530+00:00,ETH-11SEP26-2600-P,2473.12,ETH-11SEP26,put,2600.0,2026-09-11T08:00:00+00:00,0.008213140145955332,0.0515,0.0575,0.054667,0.0545,2473.12,ETH-11SEP26,0.5097,-0.85819,0.50281,332.0,46.0,0.006000000000000005,ETH,2471.26,6042.08
2026-09-08T08:00:13.008530+00:00,ETH-25JUN27-800-C,2549.45,ETH-25JUN27,call,800.0,2027-06-25T08:00:00+00:00,0.7939763160528684,0.6895,0.697,0.692469,0.69325,2549.45,ETH-25JUN27,0.7559999999999999,0.9801,1.09474,118.0,0.0,0.007499999999999951,ETH,2471.26,0.0
2026-09-08T08:00:13.008530+00:00,ETH-27NOV26-4600-P,2490.51,ETH-27NOV26,put,4600.0,2026-11-27T08:00:00+00:00,0.21902765075512712,0.839,0.8605,0.850859,0.84975,2490.51,ETH-27NOV26,0.6631999999999999,-0.96576,0.88424,0.0,0.0,0.021500000000000075,ETH,2471.26,0.0
