timestamp,instrument_name,underlying,underlying_name,option_type,strike,expiry_datetime,time_to_maturity,bid_price,ask_price,mark_price,mid_price,futures_price,futures_instrument_name,implied_volatility,delta,vega,open_interest,volume,bid_ask_spread,currency,index_price,volume_usd
2026-09-06T12:49:54.256465+00:00,BTC-8SEP26-90000-C,79918.77,BTC-8SEP26,call,90000.0,2026-09-08T08:00:00+00:00,0.004924510847941542,,0.0001,9.67e-06,,79918.77,BTC-8SEP26,0.5407,0.00093,0.17666,8.2,0.1,,BTC,79928.52,0.8
2026-09-06T12:49:54.256465+00:00,BTC-25SEP26-155000-P,80044.29,BTC-25SEP26,put,155000.0,2026-09-25T08:00:00+00:00,0.05146797422918726,0.93,0.942,0.93637177,0.936,80044.29,BTC-25SEP26,0.8133,-0.99976,0.16513,0.1,0.0,0.0119999999999999,BTC,79928.52,0.0
2026-09-06T12:49:54.256465+00:00,BTC-25SEP26-105000-C,80044.29,BTC-25SEP26,call,105000.0,2026-09-25T08:00:00+00:00,0.05146797422918726,0.0005,0.0007,0.00060691,0.0006,80044.29,BTC-25SEP26,0.5341,0.0147,6.75977,1538.2,3.0,0.00019999999999999998,BTC,79928.52,119.76
2026-09-06T12:49:54.256465+00:00,BTC-27NOV26-70000-C,80700.22,BTC-27NOV26,call,70000.0,2026-11-27T08:00:00+00:00,0.22395257381850964,0.1555,0.158,0.15620478,0.15675,80700.22,BTC-27NOV26,0.4044,0.79914,107.22803,4.2,0.0,0.0025000000000000022,BTC,79928.52,0.0
2026-09-06T12:49:54.256465+00:00,BTC-18SEP26-90000-C,79990.9,BTC-18SEP26,call,90000.0,2026-09-18T08:00:00+00:00,0.032303018719262555,0.0024,0.0026,0.0024811,0.0025,79990.9,BTC-18SEP26,0.4386,0.07276,19.89153,409.1,1.0,0.0002000000000000001,BTC,79929.27,231.7
2026-09-06T12:49:54.256465+00:00,BTC-7SEP26-80500-C,79911.72,BTC-7SEP26,call,80500.0,2026-09-07T08:00:00+00:00,0.0021866600608094404,0.0022,0.0026,0.00238251,0.0024,79911.72,BTC-7SEP26,0.2805,0.29044,12.80418,47.9,17.6,0.00039999999999999975,BTC,79929.27,3737.77
2026-09-06T12:49:54.256465+00:00,BTC-7SEP26-76500-P,79914.57,BTC-7SEP26,put,76500.0,2026-09-07T08:00:00+00:00,0.0021866600608094404,,0.0001,3.568e-05,,79914.57,BTC-7SEP26,0.37520000000000003,-0.0063,0.66378,62.6,8.6,,BTC,79929.27,108.79
2026-09-06T12:49:54.256465+00:00,BTC-9SEP26-73000-P,79931.71,BTC-9SEP26,put,73000.0,2026-09-09T08:00:00+00:00,0.0076623616350736425,0.0001,0.0004,0.000223,0.00025,79931.71,BTC-9SEP26,0.4807,-0.0148,2.6201,2.7,2.7,0.00030000000000000003,BTC,79929.27,84.1
2026-09-06T12:49:54.256465+00:00,BTC-30OCT26-90000-P,80381.31,BTC-30OCT26,put,90000.0,2026-10-30T08:00:00+00:00,0.1472927517788108,0.136,0.145,0.14003945,0.1405,80381.31,BTC-30OCT26,0.3886,-0.75266,97.50977,5.6,0.0,0.00899999999999998,BTC,79929.27,0.0
2026-09-06T12:49:54.256465+00:00,BTC-25JUN27-105000-P,82885.56,BTC-25JUN27,put,105000.0,2027-06-25T08:00:00+00:00,0.798901239116251,0.324,0.346,0.33465497,0.335,82885.56,BTC-25JUN27,0.4219,-0.66948,268.54849,0.1,0.0,0.021999999999999964,BTC,79929.27,0.0
2026-09-06T12:49:54.256465+00:00,BTC-25SEP26-82000-P,80044.29,BTC-25SEP26,put,82000.0,2026-09-25T08:00:00+00:00,0.05146797422918726,0.0475,0.0485,0.04791368,0.048,80044.29,BTC-25SEP26,0.3749,-0.59526,70.39401,273.9,0.2,0.0010000000000000009,BTC,79929.27,803.59
2026-09-06T12:49:54.256465+00:00,BTC-26MAR27-112000-P,81936.13,BTC-26MAR27,put,112000.0,2027-03-26T08:00:00+00:00,0.5497568174872297,0.3875,0.4075,0.39728324,0.3975,81936.13,BTC-26MAR27,0.4224,-0.79983,170.22603,0.1,0.0,0.019999999999999962,BTC,79928.42,0.0
2026-09-06T12:49:54.256465+00:00,BTC-25DEC26-58000-C,81015.59,BTC-25DEC26,call,58000.0,2026-12-25T08:00:00+00:00,0.3006123958582085,0.2895,0.2975,0.2936223,0.2935,81015.59,BTC-25DEC26,0.4647,0.92488,62.97462,40.3,0.0,0.008000000000000007,BTC,79929.27,0.0
2026-09-06T12:49:54.256465+00:00,BTC-7SEP26-81000-C,79911.72,BTC-7SEP26,call,81000.0,2026-09-07T08:00:00+00:00,0.0021866600608094404,0.0011,0.0014,0.00119059,0.00125,79911.72,BTC-7SEP26,0.29350000000000004,0.16389,9.23833,58.3,10.1,0.0002999999999999999,BTC,79928.42,1194.64
2026-09-06T12:49:54.256465+00:00,BTC-30OCT26-79000-C,80384.25,BTC-30OCT26,call,79000.0,2026-10-30T08:00:00+00:00,0.1472927517788108,0.0655,0.0665,0.06571425,0.066,80384.25,BTC-30OCT26,0.3737,0.57636,120.8515,186.9,0.1,0.0010000000000000009,BTC,79928.42,509.7
2026-09-06T12:49:54.256465+00:00,BTC-9SEP26-83000-C,79931.71,BTC-9SEP26,call,83000.0,2026-09-09T08:00:00+00:00,0.0076623616350736425,0.0016,0.002,0.00179213,0.0018,79931.71,BTC-9SEP26,0.3582,0.11773,13.81298,51.6,51.4,0.00039999999999999996,BTC,79928.42,8245.33
2026-09-06T12:49:54.256465+00:00,BTC-25SEP26-66000-P,80044.29,BTC-25SEP26,put,66000.0,2026-09-25T08:00:00+00:00,0.05146797422918726,0.0013,0.0014,0.00127672,0.00135,80044.29,BTC-25SEP26,0.4653,-0.03008,12.38707,1602.4,0.1,0.00010000000000000005,BTC,79928.42,11.19
2026-09-06T12:49:54.256465+00:00,BTC-25JUN27-90000-C,82885.56,BTC-25JUN27,call,90000.0,2027-06-25T08:00:00+00:00,0.798901239116251,0.1135,0.1165,0.11485332,0.115,82885.56,BTC-25JUN27,0.4165,0.48604,295.46245,715.0,0.0,0.0030000000000000027,BTC,79928.42,0.0
2026-09-06T12:49:54.256465+00:00,BTC-25SEP26-79000-C,80044.29,BTC-25SEP26,call,79000.0,2026-09-25T08:00:00+00:00,0.05146797422918726,0.0395,0.0405,0.04009319,0.04,80044.29,BTC-25SEP26,0.3686,0.57877,71.05203,2289.7,0.1,0.0010000000000000009,BTC,79928.42,327.95
2026-09-06T12:49:54.256465+00:00,BTC-10SEP26-78000-P,79928.26,BTC-10SEP26,put,78000.0,2026-09-10T08:00:00+00:00,0.010400212422205745,0.0045,0.005,0.00464724,0.00475,79928.26,BTC-10SEP26,0.3332,-0.23142,24.84359,0.0,0.0,0.0005000000000000004,BTC,79928.42,0.0
2026-09-06T12:49:54.256465+00:00,BTC-26MAR27-78000-C,81936.13,BTC-26MAR27,call,78000.0,2027-03-26T08:00:00+00:00,0.5497568174872297,0.141,0.144,0.14204546,0.1425,81936.13,BTC-26MAR27,0.4048,0.62327,230.77926,583.9,0.6,0.0030000000000000027,BTC,79928.59,6773.73
2026-09-06T12:49:54.256465+00:00,BTC-25SEP26-85000-P,80044.29,BTC-25SEP26,put,85000.0,2026-09-25T08:00:00+00:00,0.05146797422918726,0.072,0.079,0.07513974,0.0755,80044.29,BTC-25SEP26,0.38670000000000004,-0.73913,59.02352,454.8,0.0,0.007000000000000006,BTC,79928.59,0.0
2026-09-06T12:49:54.256465+00:00,BTC-27NOV26-68000-P,80700.95,BTC-27NOV26,put,68000.0,2026-11-27T08:00:00+00:00,0.22395257381850964,0.018,0.019,0.01858948,0.0185,80700.95,BTC-27NOV26,0.4114,-0.16441,94.60953,39.7,16.2,0.0010000000000000009,BTC,79928.42,23256.7
2026-09-06T12:49:54.256465+00:00,BTC-25DEC26-95000-P,81015.59,BTC-25DEC26,put,95000.0,2026-12-25T08:00:00+00:00,0.3006123958582085,0.201,0.2105,0.20476795,0.20575,81015.59,BTC-25DEC26,0.39880000000000004,-0.73196,146.38025,110.8,0.4,0.00949999999999998,BTC,79928.42,6539.23
2026-09-06T12:49:54.256465+00:00,BTC-27NOV26-81000-P,80700.22,BTC-27NOV26,put,81000.0,2026-11-27T08:00:00+00:00,0.22395257381850964,0.0745,0.0755,0.07519827,0.075,80700.22,BTC-27NOV26,0.3881,-0.47151,152.01449,21.3,0.8,0.0010000000000000009,BTC,79928.59,4907.27
2026-09-06T12:49:54.256465+00:00,BTC-11SEP26-72000-C,79930.46,BTC-11SEP26,call,72000.0,2026-09-11T08:00:00+00:00,0.013138063209337846,0.097,0.1025,0.09971842,0.09975,79930.46,BTC-11SEP26,0.4686,0.97563,5.24337,147.8,0.0,0.005499999999999991,BTC,79928.59,0.0
2026-09-06T12:49:54.256465+00:00,BTC-25SEP26-125000-P,80044.29,BTC-25SEP26,put,125000.0,2026-09-25T08:00:00+00:00,0.05146797422918726,0.5565,0.566,0.56172362,0.56125,80044.29,BTC-25SEP26,0.6973999999999999,-0.9969,1.71111,21.7,0.0,0.009499999999999953,BTC,79928.59,0.0
2026-09-06T12:49:54.256465+00:00,BTC-11SEP26-65000-C,79930.46,BTC-11SEP26,call,65000.0,2026-09-11T08:00:00+00:00,0.013138063209337846,0.185,0.1895,0.1868917,0.18725,79930.46,BTC-11SEP26,0.6890000000000001,0.99605,1.07338,0.0,0.0,0.004500000000000004,BTC,79928.59,0.0
2026-09-06T12:49:54.256465+00:00,BTC-25JUN27-55000-P,82886.29,BTC-25JUN27,put,55000.0,2027-06-25T08:00:00+00:00,0.798901239116251,0.0275,0.0295,0.0284658,0.0285,82886.29,BTC-25JUN27,0.4645,-0.11602,144.74508,35.6,0.0,0.0019999999999999983,BTC,79928.59,0.0
2026-09-06T12:49:54.256465+00:00,BTC-26MAR27-96000-C,81936.13,BTC-26MAR27,call,96000.0,2027-03-26T08:00:00+00:00,0.5497568174872297,0.061,0.063,0.06191231,0.062,81936.13,BTC-26MAR27,0.4073,0.35448,226.13462,141.6,0.0,0.0020000000000000018,BTC,79928.51,0.0
2026-09-06T12:49:54.256465+00:00,BTC-30OCT26-60000-C,80381.31,BTC-30OCT26,call,60000.0,2026-10-30T08:00:00+00:00,0.1472927517788108,0.255,0.2605,0.25724909,0.25775,80381.31,BTC-30OCT26,0.4763,0.95456,29.48067,16.5,0.0,0.005500000000000005,BTC,79928.59,0.0
2026-09-06T12:49:54.256465+00:00,BTC-30OCT26-76000-P,80381.31,BTC-30OCT26,put,76000.0,2026-10-30T08:00:00+00:00,0.1472927517788108,0.0325,0.0335,0.03299023,0.033,80381.31,BTC-30OCT26,0.37689999999999996,-0.32289,110.77105,101.8,0.1,0.0010000000000000009,BTC,79928.51,267.81
2026-09-06T12:49:54.256465+00:00,BTC-30OCT26-45000-C,80381.31,BTC-30OCT26,call,45000.0,2026-10-30T08:00:00+00:00,0.1472927517788108,0.439,0.443,0.44098693,0.441,80381.31,BTC-30OCT26,0.6701,0.99143,7.18943,0.1,0.0,0.0040000000000000036,BTC,79928.51,0.0
2026-09-06T12:49:54.256465+00:00,BTC-30OCT26-66000-C,80381.31,BTC-30OCT26,call,66000.0,2026-10-30T08:00:00+00:00,0.1472927517788108,0.1835,0.191,0.18697723,0.18725,80381.31,BTC-30OCT26,0.4235,0.90213,53.31328,89.5,0.0,0.007500000000000007,BTC,79928.51,0.0
2026-09-06T12:49:54.256465+00:00,BTC-10SEP26-80500-C,79928.26,BTC-10SEP26,call,80500.0,2026-09-10T08:00:00+00:00,0.010400212422205745,0.01,0.011,0.01039573,0.0105,79928.26,BTC-10SEP26,0.3348,0.42354,31.9288,2.0,2.0,0.0009999999999999992,BTC,79928.51,1678.47
2026-09-06T12:49:54.256465+00:00,BTC-30OCT26-58000-C,80381.31,BTC-30OCT26,call,58000.0,2026-10-30T08:00:00+00:00,0.1472927517788108,0.2785,0.2845,0.28142767,0.2815,80381.31,BTC-30OCT26,0.4997,0.96382,24.50247,0.0,0.0,0.00599999999999995,BTC,79928.51,0.0
2026-09-06T12:49:54.256465+00:00,BTC-25DEC26-70000-P,81015.59,BTC-25DEC26,put,70000.0,2026-12-25T08:00:00+00:00,0.3006123958582085,0.0315,0.0325,0.03211855,0.032,81015.59,BTC-25DEC26,0.40850000000000003,-0.22238,132.37511,1501.2,0.0,0.0010000000000000009,BTC,79928.51,0.0
2026-09-06T12:49:54.256465+00:00,BTC-30OCT26-90000-C,80381.31,BTC-30OCT26,call,90000.0,2026-10-30T08:00:00+00:00,0.1472927517788108,0.02,0.021,0.02041713,0.0205,80381.31,BTC-30OCT26,0.3886,0.24732,97.50451,2672.7,29.8,0.0010000000000000009,BTC,79928.51,49003.96
2026-09-06T12:49:54.256465+00:00,BTC-27NOV26-98000-C,80700.95,BTC-27NOV26,call,98000.0,2026-11-27T08:00:00+00:00,0.22395257381850964,0.017,0.018,0.01748273,0.0175,80700.95,BTC-27NOV26,0.4079,0.18155,100.78176,51.3,1.4,0.0009999999999999974,BTC,79928.51,1956.91
2026-09-06T12:49:54.256465+00:00,BTC-25DEC26-125000-C,81015.59,BTC-25DEC26,call,125000.0,2026-12-25T08:00:00+00:00,0.3006123958582085,0.0055,0.006,0.00549172,0.00575,81015.59,BTC-25DEC26,0.4608,0.05597,50.11587,559.4,0.0,0.0005000000000000004,BTC,79928.51,0.0
2026-09-06T12:49:54.256465+00:00,BTC-25JUN27-40000-P,82886.29,BTC-25JUN27,put,40000.0,2027-06-25T08:00:00+00:00,0.798901239116251,0.009,0.01,0.00951489,0.0095,82886.29,BTC-25JUN27,0.5411,-0.04025,64.1913,1213.0,0.1,0.0010000000000000009,BTC,79928.51,83.73
2026-09-06T12:49:54.256465+00:00,BTC-8SEP26-75000-P,79918.77,BTC-8SEP26,put,75000.0,2026-09-08T08:00:00+00:00,0.004924510847941542,0.0001,0.0003,0.00020004,0.0002,79918.77,BTC-8SEP26,0.43439999999999995,-0.01801,2.48427,2.1,0.6,0.00019999999999999998,BTC,79925.86,15.16
2026-09-06T12:49:54.256465+00:00,BTC-30OCT26-94000-P,80381.31,BTC-30OCT26,put,94000.0,2026-10-30T08:00:00+00:00,0.1472927517788108,0.1775,0.188,0.18281446,0.18275,80381.31,BTC-30OCT26,0.4011,-0.82627,79.17969,0.0,0.0,0.01050000000000001,BTC,79925.86,0.0
2026-09-06T12:49:54.256465+00:00,BTC-25SEP26-140000-C,80044.29,BTC-25SEP26,call,140000.0,2026-09-25T08:00:00+00:00,0.05146797422918726,,0.0002,3.606e-05,,80044.29,BTC-25SEP26,0.7598999999999999,0.0008,0.49839,1210.3,0.0,,BTC,79925.86,0.0
2026-09-06T12:49:54.256465+00:00,BTC-18SEP26-95000-P,79990.9,BTC-18SEP26,put,95000.0,2026-09-18T08:00:00+00:00,0.032303018719262555,0.185,0.192,0.18841902,0.1885,79990.9,BTC-18SEP26,0.48210000000000003,-0.97387,8.72201,0.0,0.0,0.007000000000000006,BTC,79925.86,0.0
2026-09-06T12:49:54.256465+00:00,BTC-25DEC26-100000-C,81015.59,BTC-25DEC26,call,100000.0,2026-12-25T08:00:00+00:00,0.3006123958582085,0.0225,0.0235,0.02290544,0.023,81015.59,BTC-25DEC26,0.40700000000000003,0.20272,125.40455,6018.4,150.1,0.0010000000000000009,BTC,79925.86,274696.73
2026-09-06T12:49:54.256465+00:00,BTC-8SEP26-81000-C,79918.77,BTC-8SEP26,call,81000.0,2026-09-08T08:00:00+00:00,0.004924510847941542,0.0034,0.0038,0.0035678,0.0036,79918.77,BTC-8SEP26,0.3089,0.27015,18.55332,133.8,31.5,0.0004000000000000002,BTC,79925.86,10340.47
2026-09-06T12:49:54.256465+00:00,BTC-26MAR27-62000-P,81936.13,BTC-26MAR27,put,62000.0,2027-03-26T08:00:00+00:00,0.5497568174872297,0.029,0.031,0.0300709,0.03,81936.13,BTC-26MAR27,0.4363,-0.15303,143.60066,260.1,0.0,0.0019999999999999983,BTC,79932.51,0.0
2026-09-06T12:49:54.256465+00:00,BTC-25SEP26-102000-P,80044.29,BTC-25SEP26,put,102000.0,2026-09-25T08:00:00+00:00,0.05146797422918726,0.271,0.279,0.27513563,0.275,80044.29,BTC-25SEP26,0.5124,-0.97862,9.30692,0.4,0.0,0.008000000000000007,BTC,79932.51,0.0
2026-09-06T12:49:54.256465+00:00,BTC-9SEP26-86000-P,79932.44,BTC-9SEP26,put,86000.0,2026-09-09T08:00:00+00:00,0.0076623616350736425,0.073,0.079,0.07625937,0.076,79932.44,BTC-9SEP26,0.42479999999999996,-0.97444,4.16673,0.0,0.0,0.006000000000000005,BTC,79925.86,0.0
2026-09-06T12:49:54.256465+00:00,BTC-27NOV26-80000-C,80700.95,BTC-27NOV26,call,80000.0,2026-11-27T08:00:00+00:00,0.22395257381850964,0.077,0.078,0.07751033,0.0775,80700.95,BTC-27NOV26,0.3892,0.55546,150.93526,815.2,1.2,0.0010000000000000009,BTC,79932.51,7207.36
2026-09-06T12:49:54.256465+00:00,BTC-9SEP26-75000-C,79932.44,BTC-9SEP26,call,75000.0,2026-09-09T08:00:00+00:00,0.0076623616350736425,0.0595,0.065,0.06215859,0.06225,79932.44,BTC-9SEP26,0.3973,0.96748,5.0905,0.0,0.0,0.005500000000000005,BTC,79932.51,0.0
2026-09-06T12:49:54.256465+00:00,BTC-11SEP26-76000-C,79930.46,BTC-11SEP26,call,76000.0,2026-09-11T08:00:00+00:00,0.013138063209337846,0.0485,0.0545,0.05139016,0.0515,79930.46,BTC-11SEP26,0.3627,0.89091,17.12955,103.8,0.0,0.005999999999999998,BTC,79932.51,0.0
2026-09-06T12:49:54.256465+00:00,BTC-25JUN27-94000-P,82885.56,BTC-25JUN27,put,94000.0,2027-06-25T08:00:00+00:00,0.798901239116251,0.2295,0.2365,0.23359649,0.233,82885.56,BTC-25JUN27,0.4169,-0.56003,292.31747,0.1,0.0,0.0069999999999999785,BTC,79932.51,0.0
2026-09-06T12:49:54.256465+00:00,BTC-27NOV26-92000-C,80700.95,BTC-27NOV26,call,92000.0,2026-11-27T08:00:00+00:00,0.22395257381850964,0.028,0.0295,0.02878864,0.02875,80700.95,BTC-27NOV26,0.39740000000000003,0.27339,127.10563,52.1,0.0,0.0014999999999999979,BTC,79932.51,0.0
2026-09-06T12:49:54.256465+00:00,BTC-25DEC26-58000-P,81015.59,BTC-25DEC26,put,58000.0,2026-12-25T08:00:00+00:00,0.3006123958582085,0.009,0.01,0.00952815,0.0095,81015.59,BTC-25DEC26,0.4647,-0.07509,62.96023,1834.3,0.0,0.0010000000000000009,BTC,79932.51,0.0
2026-09-06T12:49:54.256465+00:00,BTC-10SEP26-73000-C,79928.26,BTC-10SEP26,call,73000.0,2026-09-10T08:00:00+00:00,0.010400212422205745,0.0845,0.09,0.08698911,0.08725,79928.26,BTC-10SEP26,0.4311,0.98144,3.70504,0.0,0.0,0.005499999999999991,BTC,79932.51,0.0
2026-09-06T12:49:54.256465+00:00,BTC-11SEP26-81000-P,79930.46,BTC-11SEP26,put,81000.0,2026-09-11T08:00:00+00:00,0.013138063209337846,0.023,0.0245,0.02420647,0.02375,79930.46,BTC-11SEP26,0.36200000000000004,-0.61763,34.96158,162.9,0.5,0.0015000000000000013,BTC,79940.82,1009.31
2026-09-06T12:49:54.256465+00:00,BTC-18SEP26-86000-P,79993.8,BTC-18SEP26,put,86000.0,2026-09-18T08:00:00+00:00,0.032303018719262555,0.0775,0.085,0.0814973,0.08125,79993.8,BTC-18SEP26,0.4064,-0.82996,36.40013,0.0,0.0,0.007500000000000007,BTC,79940.82,0.0
2026-09-06T12:49:54.256465+00:00,BTC-30OCT26-100000-P,80381.31,BTC-30OCT26,put,100000.0,2026-10-30T08:00:00+00:00,0.1472927517788108,0.2455,0.257,0.25147769,0.25125,80381.31,BTC-30OCT26,0.4226,-0.89685,55.40258,0.3,0.0,0.01150000000000001,BTC,79940.82,0.0
2026-09-06T12:49:54.256465+00:00,BTC-11SEP26-85000-P,79927.58,BTC-11SEP26,put,85000.0,2026-09-11T08:00:00+00:00,0.013138063209337846,0.062,0.0685,0.06557711,0.06525,79927.58,BTC-11SEP26,0.4092,-0.90055,16.02072,32.4,0.6,0.006500000000000006,BTC,79940.82,3100.19
2026-09-06T12:49:54.256465+00:00,BTC-25DEC26-220000-C,81016.32,BTC-25DEC26,call,220000.0,2026-12-25T08:00:00+00:00,0.3006123958582085,0.0003,0.0007,0.0004666,0.0005,81016.32,BTC-25DEC26,0.654,0.00459,5.95268,254.0,0.0,0.0004,BTC,79940.82,0.0
2026-09-06T12:49:54.256465+00:00,BTC-26MAR27-80000-C,81936.13,BTC-26MAR27,call,80000.0,2027-03-26T08:00:00+00:00,0.5497568174872297,0.129,0.1315,0.13013222,0.13025,81936.13,BTC-26MAR27,0.4048,0.59106,236.14043,1062.6,0.0,0.0025000000000000022,BTC,79940.82,0.0
2026-09-06T12:49:54.256465+00:00,BTC-25SEP26-77000-C,80044.29,BTC-25SEP26,call,77000.0,2026-09-25T08:00:00+00:00,0.05146797422918726,0.054,0.0565,0.05522181,0.05525,80044.29,BTC-25SEP26,0.3686,0.69398,63.73406,290.3,0.0,0.0025000000000000022,BTC,79940.82,0.0
2026-09-06T12:49:54.256465+00:00,BTC-25SEP26-175000-P,80044.29,BTC-25SEP26,put,175000.0,2026-09-25T08:00:00+00:00,0.05146797422918726,1.1785,1.1925,1.18621767,1.1855,80044.29,BTC-25SEP26,0.89,-0.99992,0.05923,3.3,0.0,0.01399999999999979,BTC,79940.82,0.0
2026-09-06T12:49:54.256465+00:00,BTC-25DEC26-56000-P,81015.59,BTC-25DEC26,put,56000.0,2026-12-25T08:00:00+00:00,0.3006123958582085,0.0075,0.0085,0.00802104,0.008,81015.59,BTC-25DEC26,0.4814,-0.06285,54.89513,507.4,0.1,0.0010000000000000009,BTC,79940.82,63.82
2026-09-06T12:49:54.256465+00:00,BTC-25SEP26-75000-P,80044.29,BTC-25SEP26,put,75000.0,2026-09-25T08:00:00+00:00,0.05146797422918726,0.01,0.011,0.01057157,0.0105,80044.29,BTC-25SEP26,0.37579999999999997,-0.20942,52.27966,4594.1,4.2,0.0009999999999999992,BTC,79945.72,3473.6
2026-09-06T12:49:54.256465+00:00,BTC-7SEP26-89000-P,79911.72,BTC-7SEP26,put,89000.0,2026-09-07T08:00:00+00:00,0.0021866600608094404,0.1105,0.116,0.1136893,0.11325,79911.72,BTC-7SEP26,0.5085999999999999,-1.0,0.00058,0.0,0.0,0.005500000000000005,BTC,79945.72,0.0
2026-09-06T12:49:54.256465+00:00,BTC-25DEC26-140000-C,81016.32,BTC-25DEC26,call,140000.0,2026-12-25T08:00:00+00:00,0.3006123958582085,0.0028,0.0033,0.00305978,0.00305,81016.32,BTC-25DEC26,0.49939999999999996,0.03148,31.46532,1435.0,0.0,0.0005,BTC,79945.72,0.0
2026-09-06T12:49:54.256465+00:00,BTC-30OCT26-71000-C,80381.31,BTC-30OCT26,call,71000.0,2026-10-30T08:00:00+00:00,0.1472927517788108,0.129,0.137,0.13281901,0.133,80381.31,BTC-30OCT26,0.39039999999999997,0.81713,81.80062,977.5,0.0,0.008000000000000007,BTC,79945.72,0.0
2026-09-06T12:49:54.256465+00:00,BTC-25SEP26-90000-C,80044.29,BTC-25SEP26,call,90000.0,2026-09-25T08:00:00+00:00,0.05146797422918726,0.0049,0.0055,0.00518136,0.0052,80044.29,BTC-25SEP26,0.4167,0.117,35.70073,8821.4,26.1,0.0005999999999999998,BTC,79945.72,10227.34
2026-09-06T12:49:54.256465+00:00,BTC-25SEP26-73000-C,80046.99,BTC-25SEP26,call,73000.0,2026-09-25T08:00:00+00:00,0.05146797422918726,0.091,0.0975,0.09430264,0.09425,80046.99,BTC-25SEP26,0.38530000000000003,0.86415,39.61647,41.0,0.0,0.006500000000000006,BTC,79945.72,0.0
2026-09-06T12:49:54.256465+00:00,BTC-25DEC26-76000-P,81015.59,BTC-25DEC26,put,76000.0,2026-12-25T08:00:00+00:00,0.3006123958582085,0.056,0.057,0.05643063,0.0565,81015.59,BTC-25DEC26,0.396,-0.3432,163.42518,387.3,0.2,0.0010000000000000009,BTC,79945.72,922.2
2026-09-06T12:49:54.256465+00:00,BTC-25DEC26-250000-C,81015.59,BTC-25DEC26,call,250000.0,2026-12-25T08:00:00+00:00,0.3006123958582085,0.0001,0.0005,0.00023934,0.0003,81015.59,BTC-25DEC26,0.6826000000000001,0.00239,3.30853,1280.3,0.0,0.0004,BTC,79945.72,0.0
2026-09-06T12:49:54.256465+00:00,BTC-25JUN27-85000-C,82885.56,BTC-25JUN27,call,85000.0,2027-06-25T08:00:00+00:00,0.798901239116251,0.1355,0.139,0.13730286,0.13725,82885.56,BTC-25JUN27,0.4168,0.5475,293.62005,152.8,0.0,0.003500000000000003,BTC,79945.72,0.0
2026-09-06T12:49:54.256465+00:00,BTC-25JUN27-45000-P,82886.29,BTC-25JUN27,put,45000.0,2027-06-25T08:00:00+00:00,0.798901239116251,0.013,0.014,0.01364469,0.0135,82886.29,BTC-25JUN27,0.5085000000000001,-0.05807,86.05896,121.8,2.0,0.0010000000000000009,BTC,79945.72,2155.34
2026-09-06T12:49:54.256465+00:00,BTC-25JUN27-106000-C,82886.29,BTC-25JUN27,call,106000.0,2027-06-25T08:00:00+00:00,0.798901239116251,0.0645,0.0665,0.06556883,0.0655,82886.29,BTC-25JUN27,0.4224,0.32202,265.76137,0.0,0.0,0.0020000000000000018,BTC,79945.72,0.0
2026-09-06T12:49:54.256465+00:00,BTC-26MAR27-70000-C,81936.13,BTC-26MAR27,call,70000.0,2027-03-26T08:00:00+00:00,0.5497568174872297,0.1995,0.2025,0.20083968,0.201,81936.13,BTC-26MAR27,0.41590000000000005,0.7471,194.3458,797.8,0.0,0.0030000000000000027,BTC,79946.18,0.0
2026-09-06T12:49:54.256465+00:00,BTC-9SEP26-79500-C,79931.71,BTC-9SEP26,call,79500.0,2026-09-09T08:00:00+00:00,0.0076623616350736425,0.0135,0.0145,0.01404275,0.014,79931.71,BTC-9SEP26,0.3194,0.58441,27.2993,0.6,0.7,0.0010000000000000009,BTC,79946.18,717.75
2026-09-06T12:49:54.256465+00:00,BTC-27NOV26-92000-P,80700.22,BTC-27NOV26,put,92000.0,2026-11-27T08:00:00+00:00,0.22395257381850964,0.164,0.1755,0.16880156,0.16975,80700.22,BTC-27NOV26,0.39740000000000003,-0.72629,127.20083,2.1,0.0,0.011499999999999982,BTC,79946.18,0.0
2026-09-06T12:49:54.256465+00:00,BTC-30OCT26-40000-P,80381.31,BTC-30OCT26,put,40000.0,2026-10-30T08:00:00+00:00,0.1472927517788108,0.0002,0.0006,0.00036294,0.0004,80381.31,BTC-30OCT26,0.7209,-0.0039,3.57364,77.8,0.0,0.00039999999999999996,BTC,79946.18,0.0
2026-09-06T12:49:54.256465+00:00,BTC-11SEP26-95000-P,79930.46,BTC-11SEP26,put,95000.0,2026-09-11T08:00:00+00:00,0.013138063209337846,0.185,0.1915,0.18867232,0.18825,79930.46,BTC-11SEP26,0.5971,-0.99354,1.66337,0.1,0.0,0.006500000000000006,BTC,79943.41,0.0
2026-09-06T12:49:54.256465+00:00,BTC-7SEP26-90000-P,79911.72,BTC-7SEP26,put,90000.0,2026-09-07T08:00:00+00:00,0.0021866600608094404,0.123,0.129,0.12620265,0.126,79911.72,BTC-7SEP26,0.5233,-1.0,0.00012,0.0,0.0,0.006000000000000005,BTC,79943.41,0.0
2026-09-06T12:49:54.256465+00:00,BTC-25JUN27-108000-C,82885.56,BTC-25JUN27,call,108000.0,2027-06-25T08:00:00+00:00,0.798901239116251,0.06,0.0625,0.06137599,0.06125,82885.56,BTC-25JUN27,0.4239,0.30566,259.89729,12.7,0.0,0.0025000000000000022,BTC,79946.18,0.0
2026-09-06T12:49:54.256465+00:00,BTC-7SEP26-74000-P,79914.57,BTC-7SEP26,put,74000.0,2026-09-07T08:00:00+00:00,0.0021866600608094404,,0.0002,1.134e-05,,79914.57,BTC-7SEP26,0.5569,-0.00148,0.18009,0.4,0.0,,BTC,79943.41,0.0
2026-09-06T12:49:54.256465+00:00,BTC-11SEP26-67000-P,79927.58,BTC-11SEP26,put,67000.0,2026-09-11T08:00:00+00:00,0.013138063209337846,0.0001,0.0003,0.00016304,0.0002,79927.58,BTC-11SEP26,0.6324000000000001,-0.00673,1.72575,410.4,0.0,0.00019999999999999998,BTC,79943.41,0.0
2026-09-06T12:49:54.256465+00:00,BTC-25JUN27-115000-P,82885.56,BTC-25JUN27,put,115000.0,2027-06-25T08:00:00+00:00,0.798901239116251,0.4245,0.449,0.43636395,0.43675,82885.56,BTC-25JUN27,0.4294,-0.74552,237.7691,0.0,0.0,0.024500000000000022,BTC,79946.18,0.0
2026-09-06T12:49:54.256465+00:00,BTC-30OCT26-95000-P,80381.31,BTC-30OCT26,put,95000.0,2026-10-30T08:00:00+00:00,0.1472927517788108,0.1885,0.199,0.19376019,0.19375,80381.31,BTC-30OCT26,0.40240000000000004,-0.84206,74.46455,0.4,0.0,0.01050000000000001,BTC,79943.41,0.0
2026-09-06T12:49:54.256465+00:00,BTC-26MAR27-45000-P,81936.13,BTC-26MAR27,put,45000.0,2027-03-26T08:00:00+00:00,0.5497568174872297,0.007,0.0085,0.00753938,0.00775,81936.13,BTC-26MAR27,0.5236999999999999,-0.04116,53.60657,259.3,0.1,0.0015000000000000005,BTC,79943.41,59.83
2026-09-06T12:49:54.256465+00:00,BTC-27NOV26-108000-C,80700.95,BTC-27NOV26,call,108000.0,2026-11-27T08:00:00+00:00,0.22395257381850964,0.008,0.009,0.00845745,0.0085,80700.95,BTC-27NOV26,0.4355,0.09519,64.6762,12.0,0.1,0.0009999999999999992,BTC,79943.41,67.99
2026-09-06T12:49:54.256465+00:00,BTC-27NOV26-83000-C,80700.22,BTC-27NOV26,call,83000.0,2026-11-27T08:00:00+00:00,0.22395257381850964,0.06,0.0615,0.06096822,0.06075,80700.22,BTC-27NOV26,0.3887,0.47612,152.15848,16.5,0.0,0.0015000000000000013,BTC,79943.41,0.0
2026-09-06T12:49:54.256465+00:00,BTC-27NOV26-98000-P,80700.22,BTC-27NOV26,put,98000.0,2026-11-27T08:00:00+00:00,0.22395257381850964,0.227,0.239,0.23184432,0.233,80700.22,BTC-27NOV26,0.4079,-0.81819,100.89118,0.0,0.0,0.011999999999999983,BTC,79943.41,0.0
2026-09-06T12:49:54.256465+00:00,BTC-18SEP26-72000-P,79990.9,BTC-18SEP26,put,72000.0,2026-09-18T08:00:00+00:00,0.032303018719262555,0.0023,0.0026,0.00242836,0.00245,79990.9,BTC-18SEP26,0.41090000000000004,-0.07157,19.64477,1318.3,7.5,0.0002999999999999999,BTC,79943.41,1336.85
2026-09-06T12:49:54.256465+00:00,BTC-27NOV26-78000-P,80700.95,BTC-27NOV26,put,78000.0,2026-11-27T08:00:00+00:00,0.22395257381850964,0.056,0.057,0.05660614,0.0565,80700.95,BTC-27NOV26,0.3889,-0.39055,146.66305,57.4,0.1,0.0010000000000000009,BTC,79943.41,458.4
2026-09-06T12:49:54.256465+00:00,BTC-25DEC26-65000-P,81016.32,BTC-25DEC26,put,65000.0,2026-12-25T08:00:00+00:00,0.3006123958582085,0.019,0.02,0.01952209,0.0195,81016.32,BTC-25DEC26,0.4274,-0.14513,101.35579,808.9,1.0,0.0010000000000000009,BTC,79943.41,1559.49
2026-09-06T12:49:54.256465+00:00,BTC-8SEP26-77500-P,79918.77,BTC-8SEP26,put,77500.0,2026-09-08T08:00:00+00:00,0.004924510847941542,0.0008,0.0011,0.00096242,0.00095,79918.77,BTC-8SEP26,0.3284,-0.08824,8.97857,82.2,15.8,0.00030000000000000003,BTC,79941.52,1315.33
2026-09-06T12:49:54.256465+00:00,BTC-11SEP26-90000-P,79927.58,BTC-11SEP26,put,90000.0,2026-09-11T08:00:00+00:00,0.013138063209337846,0.1225,0.1295,0.12633761,0.126,79927.58,BTC-11SEP26,0.48719999999999997,-0.98188,4.08048,0.1,0.0,0.007000000000000006,BTC,79941.52,0.0
2026-09-06T12:49:54.256465+00:00,BTC-18SEP26-70000-C,79990.9,BTC-18SEP26,call,70000.0,2026-09-18T08:00:00+00:00,0.032303018719262555,0.1235,0.129,0.12630518,0.12625,79990.9,BTC-18SEP26,0.43810000000000004,0.95866,12.73167,0.0,0.0,0.005500000000000005,BTC,79941.52,0.0
2026-09-06T12:49:54.256465+00:00,BTC-27NOV26-104000-C,80700.95,BTC-27NOV26,call,104000.0,2026-11-27T08:00:00+00:00,0.22395257381850964,0.0105,0.0115,0.01095272,0.011,80700.95,BTC-27NOV26,0.4218,0.12106,76.91035,8.8,1.1,0.0009999999999999992,BTC,79941.52,958.02
2026-09-06T12:49:54.256465+00:00,BTC-11SEP26-75000-P,79930.46,BTC-11SEP26,put,75000.0,2026-09-11T08:00:00+00:00,0.013138063209337846,0.0013,0.0016,0.00143492,0.00145,79930.46,BTC-11SEP26,0.38549999999999995,-0.07138,12.49349,909.3,23.2,0.00030000000000000014,BTC,79941.49,3020.53
2026-09-06T12:49:54.256465+00:00,BTC-7SEP26-75500-P,79911.72,BTC-7SEP26,put,75500.0,2026-09-07T08:00:00+00:00,0.0021866600608094404,,0.0001,3.454e-05,,79911.72,BTC-7SEP26,0.47259999999999996,-0.00484,0.52489,17.9,0.7,,BTC,79941.49,5.59
2026-09-06T12:49:54.256465+00:00,BTC-25JUN27-130000-C,82886.29,BTC-25JUN27,call,130000.0,2027-06-25T08:00:00+00:00,0.798901239116251,0.0305,0.0325,0.03143917,0.0315,82886.29,BTC-25JUN27,0.44380000000000003,0.17479,190.92302,762.1,0.0,0.0020000000000000018,BTC,79941.52,0.0
2026-09-06T12:49:54.256465+00:00,BTC-27NOV26-90000-P,80700.95,BTC-27NOV26,put,90000.0,2026-11-27T08:00:00+00:00,0.22395257381850964,0.1445,0.156,0.14928299,0.15025,80700.95,BTC-27NOV26,0.3944,-0.68791,135.1922,0.3,0.0,0.01150000000000001,BTC,79941.52,0.0
2026-09-06T12:49:54.256465+00:00,BTC-11SEP26-64000-P,79927.58,BTC-11SEP26,put,64000.0,2026-09-11T08:00:00+00:00,0.013138063209337846,,0.0002,5.135e-05,,79927.58,BTC-11SEP26,0.6890000000000001,-0.00215,0.62154,77.4,0.0,,BTC,79941.49,0.0
2026-09-06T12:49:54.256465+00:00,BTC-25DEC26-40000-C,81015.59,BTC-25DEC26,call,40000.0,2026-12-25T08:00:00+00:00,0.3006123958582085,0.507,0.51,0.50860641,0.5085,81015.59,BTC-25DEC26,0.6554000000000001,0.98397,17.82123,250.9,0.0,0.0030000000000000027,BTC,79941.49,0.0
2026-09-06T12:49:54.256465+00:00,BTC-27NOV26-86000-C,80700.22,BTC-27NOV26,call,86000.0,2026-11-27T08:00:00+00:00,0.22395257381850964,0.047,0.048,0.0475965,0.0475,80700.22,BTC-27NOV26,0.3901,0.40074,147.68515,128.2,0.0,0.0010000000000000009,BTC,79941.49,0.0
2026-09-06T12:49:54.256465+00:00,BTC-25DEC26-135000-P,81015.59,BTC-25DEC26,put,135000.0,2026-12-25T08:00:00+00:00,0.3006123958582085,0.662,0.6805,0.67001372,0.67125,81015.59,BTC-25DEC26,0.48719999999999997,-0.96219,36.5781,0.7,0.0,0.01849999999999996,BTC,79941.49,0.0
2026-09-06T12:49:54.256465+00:00,BTC-8SEP26-82500-P,79918.77,BTC-8SEP26,put,82500.0,2026-09-08T08:00:00+00:00,0.004924510847941542,0.03,0.036,0.03332079,0.033,79918.77,BTC-8SEP26,0.34,-0.90557,9.44136,0.0,0.0,0.005999999999999998,BTC,79941.49,0.0
2026-09-06T12:49:54.256465+00:00,BTC-26MAR27-105000-C,81936.13,BTC-26MAR27,call,105000.0,2027-03-26T08:00:00+00:00,0.5497568174872297,0.04,0.042,0.04114261,0.041,81936.13,BTC-26MAR27,0.41479999999999995,0.25728,196.08793,162.4,0.0,0.0020000000000000018,BTC,79941.49,0.0
2026-09-06T12:49:54.256465+00:00,BTC-26MAR27-100000-P,81938.89,BTC-26MAR27,put,100000.0,2027-03-26T08:00:00+00:00,0.5497568174872297,0.2625,0.281,0.27183538,0.27175,81938.89,BTC-26MAR27,0.41,-0.69239,213.71144,12.3,0.0,0.018500000000000016,BTC,79941.49,0.0
2026-09-06T12:49:54.256465+00:00,BTC-7SEP26-75000-C,79911.72,BTC-7SEP26,call,75000.0,2026-09-07T08:00:00+00:00,0.0021866600608094404,0.059,0.064,0.06153164,0.0615,79911.72,BTC-7SEP26,0.5206000000000001,0.99565,0.47732,0.0,0.0,0.0050000000000000044,BTC,79941.49,0.0
2026-09-06T12:49:54.256465+00:00,BTC-8SEP26-80500-C,79918.77,BTC-8SEP26,call,80500.0,2026-09-08T08:00:00+00:00,0.004924510847941542,0.005,0.006,0.00534205,0.0055,79918.77,BTC-8SEP26,0.3018,0.37268,21.23431,11.8,8.0,0.001,BTC,79941.49,3620.26
2026-09-06T12:49:54.256465+00:00,BTC-25JUN27-130000-P,82886.29,BTC-25JUN27,put,130000.0,2027-06-25T08:00:00+00:00,0.798901239116251,0.5865,0.6145,0.59985807,0.6005,82886.29,BTC-25JUN27,0.44380000000000003,-0.82523,190.90557,1.4,0.0,0.028000000000000025,BTC,79941.49,0.0
2026-09-06T12:49:54.256465+00:00,BTC-25DEC26-20000-P,81016.32,BTC-25DEC26,put,20000.0,2026-12-25T08:00:00+00:00,0.3006123958582085,0.0003,0.0005,0.00039174,0.0004,81016.32,BTC-25DEC26,0.9843000000000001,-0.00211,2.95688,640.4,0.0,0.00020000000000000004,BTC,79941.49,0.0
2026-09-06T12:49:54.256465+00:00,BTC-30OCT26-74000-C,80381.31,BTC-30OCT26,call,74000.0,2026-10-30T08:00:00+00:00,0.1472927517788108,0.1035,0.1055,0.10442631,0.1045,80381.31,BTC-30OCT26,0.3812,0.73876,100.36068,252.5,0.1,0.0020000000000000018,BTC,79941.49,843.92
2026-09-06T12:49:54.256465+00:00,BTC-9SEP26-74000-P,79932.44,BTC-9SEP26,put,74000.0,2026-09-09T08:00:00+00:00,0.0076623616350736425,0.0002,0.0005,0.00032046,0.00035,79932.44,BTC-9SEP26,0.4416,-0.02189,3.65874,5.2,0.2,0.00030000000000000003,BTC,79941.49,5.59
2026-09-06T12:49:54.256465+00:00,BTC-11SEP26-72000-P,79930.46,BTC-11SEP26,put,72000.0,2026-09-11T08:00:00+00:00,0.013138063209337846,0.0004,0.0006,0.00050143,0.0005,79930.46,BTC-11SEP26,0.4686,-0.02419,5.2119,501.5,4.8,0.00019999999999999993,BTC,79941.49,243.02
2026-09-06T12:49:54.256465+00:00,BTC-9SEP26-79000-P,79932.44,BTC-9SEP26,put,79000.0,2026-09-09T08:00:00+00:00,0.0076623616350736425,0.006,0.0065,0.0061384,0.00625,79932.44,BTC-9SEP26,0.3169,-0.33018,25.35507,0.0,0.0,0.0004999999999999996,BTC,79941.49,0.0
2026-09-06T12:49:54.256465+00:00,BTC-25JUN27-80000-C,82885.56,BTC-25JUN27,call,80000.0,2027-06-25T08:00:00+00:00,0.798901239116251,0.1625,0.165,0.16358041,0.16375,82885.56,BTC-25JUN27,0.41759999999999997,0.61103,284.17183,107.0,0.0,0.0025000000000000022,BTC,79941.49,0.0
2026-09-06T12:49:54.256465+00:00,BTC-7SEP26-77000-C,79911.72,BTC-7SEP26,call,77000.0,2026-09-07T08:00:00+00:00,0.0021866600608094404,0.034,0.0395,0.036527,0.03675,79911.72,BTC-7SEP26,0.34369999999999995,0.99003,0.99361,0.0,0.0,0.005499999999999998,BTC,79942.39,0.0
2026-09-06T12:49:54.256465+00:00,BTC-26MAR27-140000-C,81936.13,BTC-26MAR27,call,140000.0,2027-03-26T08:00:00+00:00,0.5497568174872297,0.0105,0.012,0.01120742,0.01125,81936.13,BTC-26MAR27,0.4618,0.08194,92.01746,909.8,0.0,0.0014999999999999996,BTC,79942.39,0.0
2026-09-06T12:49:54.256465+00:00,BTC-27NOV26-73000-C,80700.95,BTC-27NOV26,call,73000.0,2026-11-27T08:00:00+00:00,0.22395257381850964,0.128,0.13,0.12870505,0.129,80700.95,BTC-27NOV26,0.3958,0.73549,125.02945,0.0,0.0,0.0020000000000000018,BTC,79942.39,0.0
2026-09-06T12:49:54.256465+00:00,BTC-10SEP26-80500-P,79928.26,BTC-10SEP26,put,80500.0,2026-09-10T08:00:00+00:00,0.010400212422205745,0.017,0.018,0.01754171,0.0175,79928.26,BTC-10SEP26,0.3348,-0.57429,31.96839,0.0,0.0,0.0009999999999999974,BTC,79942.39,0.0
2026-09-06T12:49:54.256465+00:00,BTC-25DEC26-62000-C,81015.59,BTC-25DEC26,call,62000.0,2026-12-25T08:00:00+00:00,0.3006123958582085,0.2445,0.2535,0.24919706,0.249,81015.59,BTC-25DEC26,0.4429,0.88939,83.89544,247.1,0.0,0.009000000000000008,BTC,79942.39,0.0
2026-09-06T12:49:54.256465+00:00,BTC-30OCT26-71000-P,80381.31,BTC-30OCT26,put,71000.0,2026-10-30T08:00:00+00:00,0.1472927517788108,0.0155,0.0165,0.01607661,0.016,80381.31,BTC-30OCT26,0.39039999999999997,-0.18295,81.81796,112.7,0.1,0.0010000000000000009,BTC,79942.39,135.4
2026-09-06T12:49:54.256465+00:00,BTC-25JUN27-82000-C,82885.56,BTC-25JUN27,call,82000.0,2027-06-25T08:00:00+00:00,0.798901239116251,0.151,0.1545,0.15278167,0.15275,82885.56,BTC-25JUN27,0.4178,0.58549,288.8852,81.1,0.0,0.003500000000000003,BTC,79942.39,0.0
2026-09-06T12:49:54.256465+00:00,BTC-25JUN27-110000-C,82886.29,BTC-25JUN27,call,110000.0,2027-06-25T08:00:00+00:00,0.798901239116251,0.056,0.0585,0.05739024,0.05725,82886.29,BTC-25JUN27,0.4252,0.28978,253.62881,270.0,0.0,0.0025000000000000022,BTC,79942.39,0.0
2026-09-06T12:49:54.256465+00:00,BTC-25SEP26-30000-C,80044.29,BTC-25SEP26,call,30000.0,2026-09-25T08:00:00+00:00,0.05146797422918726,0.6245,0.6265,0.62523071,0.6255,80044.29,BTC-25SEP26,1.238,0.99986,0.09824,136.0,0.0,0.0019999999999998908,BTC,79942.39,0.0
2026-09-06T12:49:54.256465+00:00,BTC-25JUN27-85000-P,82885.56,BTC-25JUN27,put,85000.0,2027-06-25T08:00:00+00:00,0.798901239116251,0.1605,0.1645,0.16280752,0.1625,82885.56,BTC-25JUN27,0.4168,-0.45257,293.60795,10.7,0.0,0.0040000000000000036,BTC,79942.39,0.0
2026-09-06T12:49:54.256465+00:00,BTC-26MAR27-108000-C,81938.89,BTC-26MAR27,call,108000.0,2027-03-26T08:00:00+00:00,0.5497568174872297,0.035,0.037,0.03606063,0.036,81938.89,BTC-26MAR27,0.4178,0.23097,185.00133,68.6,0.0,0.001999999999999995,BTC,79943.24,0.0
2026-09-06T12:49:54.256465+00:00,BTC-27NOV26-74000-C,80700.22,BTC-27NOV26,call,74000.0,2026-11-27T08:00:00+00:00,0.22395257381850964,0.1195,0.1215,0.12026675,0.1205,80700.22,BTC-27NOV26,0.39399999999999996,0.71183,130.40206,0.0,0.0,0.0020000000000000018,BTC,79943.24,0.0
2026-09-06T12:49:54.256465+00:00,BTC-10SEP26-83000-P,79928.99,BTC-10SEP26,put,83000.0,2026-09-10T08:00:00+00:00,0.010400212422205745,0.0385,0.0445,0.04144419,0.0415,79928.99,BTC-10SEP26,0.36229999999999996,-0.84078,19.77924,0.0,0.0,0.005999999999999998,BTC,79943.24,0.0
2026-09-06T12:49:54.256465+00:00,BTC-25JUN27-104000-C,82885.56,BTC-25JUN27,call,104000.0,2027-06-25T08:00:00+00:00,0.798901239116251,0.069,0.0715,0.07018036,0.07025,82885.56,BTC-25JUN27,0.42119999999999996,0.33953,271.45685,13.1,0.0,0.0024999999999999883,BTC,79943.24,0.0
2026-09-06T12:49:54.256465+00:00,BTC-18SEP26-85000-C,79993.8,BTC-18SEP26,call,85000.0,2026-09-18T08:00:00+00:00,0.032303018719262555,0.0075,0.0085,0.00805768,0.008,79993.8,BTC-18SEP26,0.39649999999999996,0.2078,41.19825,386.2,52.5,0.0010000000000000009,BTC,79943.24,33757.18
2026-09-06T12:49:54.256465+00:00,BTC-25SEP26-170000-C,80046.99,BTC-25SEP26,call,170000.0,2026-09-25T08:00:00+00:00,0.05146797422918726,,0.0001,4.52e-06,,80046.99,BTC-25SEP26,0.8693000000000001,0.0001,0.07203,444.9,0.0,,BTC,79943.24,0.0
2026-09-06T12:49:54.256465+00:00,BTC-25DEC26-60000-C,81015.59,BTC-25DEC26,call,60000.0,2026-12-25T08:00:00+00:00,0.3006123958582085,0.2665,0.2755,0.27117132,0.271,81015.59,BTC-25DEC26,0.4535,0.90865,72.97099,787.4,0.0,0.009000000000000008,BTC,79943.24,0.0
2026-09-06T12:49:54.256465+00:00,BTC-25SEP26-190000-P,80046.99,BTC-25SEP26,put,190000.0,2026-09-25T08:00:00+00:00,0.05146797422918726,1.365,1.382,1.37360553,1.3735,80046.99,BTC-25SEP26,0.9386,-0.99996,0.02954,0.0,0.0,0.016999999999999904,BTC,79943.24,0.0
2026-09-06T12:49:54.256465+00:00,BTC-18SEP26-76000-C,79990.9,BTC-18SEP26,call,76000.0,2026-09-18T08:00:00+00:00,0.032303018719262555,0.0575,0.0595,0.05851319,0.0585,79990.9,BTC-18SEP26,0.377,0.78578,41.94162,19.0,0.0,0.001999999999999995,BTC,79943.24,0.0
2026-09-06T12:49:54.256465+00:00,BTC-8SEP26-80000-P,79918.77,BTC-8SEP26,put,80000.0,2026-09-08T08:00:00+00:00,0.004924510847941542,0.008,0.0095,0.0088246,0.00875,79918.77,BTC-8SEP26,0.2966,-0.51229,22.37397,9.0,4.4,0.0014999999999999996,BTC,79944.21,3499.14
2026-09-06T12:49:54.256465+00:00,BTC-26MAR27-55000-P,81936.13,BTC-26MAR27,put,55000.0,2027-03-26T08:00:00+00:00,0.5497568174872297,0.0165,0.018,0.0172849,0.01725,81936.13,BTC-26MAR27,0.46590000000000004,-0.09229,100.56099,1258.1,0.0,0.0014999999999999979,BTC,79944.21,0.0
2026-09-06T12:49:54.256465+00:00,BTC-25JUN27-150000-C,82885.56,BTC-25JUN27,call,150000.0,2027-06-25T08:00:00+00:00,0.798901239116251,0.0185,0.02,0.01914274,0.01925,82885.56,BTC-25JUN27,0.4656,0.11197,141.16338,218.1,0.0,0.0015000000000000013,BTC,79943.24,0.0
2026-09-06T12:49:54.256465+00:00,BTC-18SEP26-78000-P,79993.8,BTC-18SEP26,put,78000.0,2026-09-18T08:00:00+00:00,0.032303018719262555,0.015,0.016,0.01564422,0.0155,79993.8,BTC-18SEP26,0.37070000000000003,-0.33927,52.66268,292.4,0.0,0.0010000000000000009,BTC,79944.21,0.0
2026-09-06T12:49:54.256465+00:00,BTC-25SEP26-58000-C,80044.29,BTC-25SEP26,call,58000.0,2026-09-25T08:00:00+00:00,0.05146797422918726,0.2735,0.2785,0.27577563,0.276,80044.29,BTC-25SEP26,0.6002000000000001,0.99255,3.74159,460.7,0.0,0.0050000000000000044,BTC,79944.21,0.0
2026-09-06T12:49:54.256465+00:00,BTC-30OCT26-54000-C,80381.31,BTC-30OCT26,call,54000.0,2026-10-30T08:00:00+00:00,0.1472927517788108,0.3275,0.333,0.33016777,0.33025,80381.31,BTC-30OCT26,0.5478999999999999,0.9771,16.75619,0.1,0.0,0.005500000000000005,BTC,79944.21,0.0
2026-09-06T12:49:54.256465+00:00,BTC-10SEP26-85000-C,79928.26,BTC-10SEP26,call,85000.0,2026-09-10T08:00:00+00:00,0.010400212422205745,0.001,0.0012,0.00111328,0.0011,79928.26,BTC-10SEP26,0.3925,0.06528,10.37451,0.0,0.0,0.00019999999999999987,BTC,79944.21,0.0
2026-09-06T12:49:54.256465+00:00,BTC-7SEP26-86000-C,79914.57,BTC-7SEP26,call,86000.0,2026-09-07T08:00:00+00:00,0.0021866600608094404,,0.0001,8.5e-07,,79914.57,BTC-7SEP26,0.43670000000000003,0.00018,0.02505,22.8,0.2,,BTC,79944.24,1.6
2026-09-06T12:49:54.256465+00:00,BTC-30OCT26-91000-C,80381.31,BTC-30OCT26,call,91000.0,2026-10-30T08:00:00+00:00,0.1472927517788108,0.018,0.019,0.0184132,0.0185,80381.31,BTC-30OCT26,0.392,0.2273,93.10532,34.1,0.1,0.0010000000000000009,BTC,79944.21,155.85
2026-09-06T12:49:54.256465+00:00,BTC-30OCT26-82000-P,80381.31,BTC-30OCT26,put,82000.0,2026-10-30T08:00:00+00:00,0.1472927517788108,0.068,0.069,0.06873559,0.0685,80381.31,BTC-30OCT26,0.3761,-0.52572,122.88172,45.0,0.0,0.0010000000000000009,BTC,79944.24,0.0
2026-09-06T12:49:54.256465+00:00,BTC-26MAR27-106000-P,81936.13,BTC-26MAR27,put,106000.0,2027-03-26T08:00:00+00:00,0.5497568174872297,0.3235,0.343,0.33304206,0.33325,81936.13,BTC-26MAR27,0.41600000000000004,-0.75163,192.48967,0.1,0.0,0.019500000000000017,BTC,79944.24,0.0
2026-09-06T12:49:54.256465+00:00,BTC-25SEP26-300000-P,80044.29,BTC-25SEP26,put,300000.0,2026-09-25T08:00:00+00:00,0.05146797422918726,2.733,2.7595,2.74779659,2.74625,80044.29,BTC-25SEP26,1.3629,-0.99998,0.01516,0.0,0.0,0.026499999999999968,BTC,79944.24,0.0
2026-09-06T12:49:54.256465+00:00,BTC-7SEP26-71000-C,79911.72,BTC-7SEP26,call,71000.0,2026-09-07T08:00:00+00:00,0.0021866600608094404,0.1095,0.114,0.11155127,0.11175,79911.72,BTC-7SEP26,0.5644,1.0,0.0006,0.0,0.0,0.004500000000000004,BTC,79944.24,0.0
2026-09-06T12:49:54.256465+00:00,BTC-8SEP26-79000-P,79918.77,BTC-8SEP26,put,79000.0,2026-09-08T08:00:00+00:00,0.004924510847941542,0.0035,0.004,0.00371853,0.00375,79918.77,BTC-8SEP26,0.2953,-0.28216,18.95855,120.9,11.5,0.0005,BTC,79944.24,3853.7
2026-09-06T12:49:54.256465+00:00,BTC-30OCT26-54000-P,80381.31,BTC-30OCT26,put,54000.0,2026-10-30T08:00:00+00:00,0.1472927517788108,0.0017,0.0022,0.00194116,0.00195,80381.31,BTC-30OCT26,0.5478999999999999,-0.0229,16.75608,189.7,0.0,0.0005000000000000002,BTC,79944.24,0.0
2026-09-06T12:49:54.256465+00:00,BTC-25DEC26-210000-P,81016.32,BTC-25DEC26,put,210000.0,2026-12-25T08:00:00+00:00,0.3006123958582085,1.579,1.61,1.59262525,1.5945,81016.32,BTC-25DEC26,0.6384000000000001,-0.99453,6.96388,0.0,0.0,0.03100000000000014,BTC,79944.24,0.0
2026-09-06T12:49:54.256465+00:00,BTC-11SEP26-88000-P,79930.46,BTC-11SEP26,put,88000.0,2026-09-11T08:00:00+00:00,0.013138063209337846,0.098,0.1045,0.10156836,0.10125,79930.46,BTC-11SEP26,0.4445,-0.96843,6.50519,0.0,0.0,0.006499999999999992,BTC,79944.24,0.0
2026-09-06T12:49:54.256465+00:00,BTC-25SEP26-35000-P,80046.99,BTC-25SEP26,put,35000.0,2026-09-25T08:00:00+00:00,0.05146797422918726,,0.0001,1.648e-05,,80046.99,BTC-25SEP26,1.0855,-0.00025,0.1688,1200.7,1.0,,BTC,79944.24,7.98
2026-09-06T12:49:54.256465+00:00,BTC-9SEP26-82000-C,79932.44,BTC-9SEP26,call,82000.0,2026-09-09T08:00:00+00:00,0.0076623616350736425,0.0031,0.0035,0.00333059,0.0033,79932.44,BTC-9SEP26,0.34240000000000004,0.20237,19.73586,0.2,0.1,0.0004000000000000002,BTC,79944.24,22.33
2026-09-06T12:49:54.256465+00:00,BTC-25SEP26-64000-P,80044.29,BTC-25SEP26,put,64000.0,2026-09-25T08:00:00+00:00,0.05146797422918726,0.0009,0.0011,0.00092324,0.001,80044.29,BTC-25SEP26,0.4996,-0.0211,9.20395,1202.6,0.7,0.0002000000000000001,BTC,79944.24,55.21
2026-09-06T12:49:54.256465+00:00,BTC-25SEP26-135000-P,80046.99,BTC-25SEP26,put,135000.0,2026-09-25T08:00:00+00:00,0.05146797422918726,0.681,0.692,0.68654513,0.6865,80046.99,BTC-25SEP26,0.7168000000000001,-0.99913,0.5398,11.5,0.0,0.010999999999999899,BTC,79944.24,0.0
2026-09-06T12:49:54.256465+00:00,BTC-25DEC26-80000-C,81015.59,BTC-25DEC26,call,80000.0,2026-12-25T08:00:00+00:00,0.3006123958582085,0.0915,0.0925,0.09193979,0.092,81015.59,BTC-25DEC26,0.39409999999999995,0.56643,174.83711,8781.2,4.7,0.0010000000000000009,BTC,79944.24,34413.84
2026-09-06T12:49:54.256465+00:00,BTC-25SEP26-81000-P,80044.29,BTC-25SEP26,put,81000.0,2026-09-25T08:00:00+00:00,0.05146797422918726,0.0395,0.0405,0.04018278,0.04,80044.29,BTC-25SEP26,0.37229999999999996,-0.53824,72.1503,486.6,0.6,0.0010000000000000009,BTC,79944.24,1907.7
2026-09-06T12:49:54.256465+00:00,BTC-25DEC26-105000-P,81015.59,BTC-25DEC26,put,105000.0,2026-12-25T08:00:00+00:00,0.3006123958582085,0.3065,0.321,0.312479,0.31375,81015.59,BTC-25DEC26,0.4155,-0.84685,105.0631,109.4,0.0,0.014500000000000013,BTC,79944.24,0.0
2026-09-06T12:49:54.256465+00:00,BTC-25SEP26-73000-P,80044.29,BTC-25SEP26,put,73000.0,2026-09-25T08:00:00+00:00,0.05146797422918726,0.006,0.0065,0.00626618,0.00625,80044.29,BTC-25SEP26,0.38530000000000003,-0.13577,39.60174,770.0,7.0,0.0004999999999999996,BTC,79944.24,3397.08
2026-09-06T12:49:54.256465+00:00,BTC-25DEC26-200000-P,81016.32,BTC-25DEC26,put,200000.0,2026-12-25T08:00:00+00:00,0.3006123958582085,1.4565,1.4855,1.46931988,1.471,81016.32,BTC-25DEC26,0.6236,-0.99325,8.38179,0.0,0.0,0.029000000000000137,BTC,79944.24,0.0
2026-09-06T12:49:54.256465+00:00,BTC-27NOV26-106000-C,80700.22,BTC-27NOV26,call,106000.0,2026-11-27T08:00:00+00:00,0.22395257381850964,0.009,0.01,0.00949742,0.0095,80700.22,BTC-27NOV26,0.4274,0.10643,70.16331,15.4,0.1,0.0010000000000000009,BTC,79944.24,75.78
2026-09-06T12:49:54.256465+00:00,BTC-27NOV26-102000-P,80700.95,BTC-27NOV26,put,102000.0,2026-11-27T08:00:00+00:00,0.22395257381850964,0.2715,0.2835,0.27687185,0.2775,80700.95,BTC-27NOV26,0.4188,-0.86027,84.93475,0.0,0.0,0.011999999999999955,BTC,79944.24,0.0
2026-09-06T12:49:54.256465+00:00,BTC-27NOV26-67000-P,80700.95,BTC-27NOV26,put,67000.0,2026-11-27T08:00:00+00:00,0.22395257381850964,0.016,0.017,0.01656253,0.0165,80700.95,BTC-27NOV26,0.41619999999999996,-0.14833,88.42499,19.6,10.0,0.0010000000000000009,BTC,79944.24,13595.03
2026-09-06T12:49:54.256465+00:00,BTC-30OCT26-64000-P,80381.31,BTC-30OCT26,put,64000.0,2026-10-30T08:00:00+00:00,0.1472927517788108,0.0055,0.0065,0.00602079,0.006,80381.31,BTC-30OCT26,0.4375,-0.07464,43.53159,614.1,0.0,0.001,BTC,79944.24,0.0
2026-09-06T12:49:54.256465+00:00,BTC-30OCT26-75000-C,80381.31,BTC-30OCT26,call,75000.0,2026-10-30T08:00:00+00:00,0.1472927517788108,0.093,0.0995,0.09563873,0.09625,80381.31,BTC-30OCT26,0.37799999999999995,0.70935,105.76615,1172.1,0.0,0.006500000000000006,BTC,79944.24,0.0
2026-09-06T12:49:54.256465+00:00,BTC-25DEC26-170000-P,81015.59,BTC-25DEC26,put,170000.0,2026-12-25T08:00:00+00:00,0.3006123958582085,1.089,1.113,1.09956778,1.101,81015.59,BTC-25DEC26,0.5640999999999999,-0.98747,14.4143,0.1,0.0,0.02400000000000002,BTC,79944.24,0.0
2026-09-06T12:49:54.256465+00:00,BTC-26MAR27-60000-C,81936.13,BTC-26MAR27,call,60000.0,2027-03-26T08:00:00+00:00,0.5497568174872297,0.2875,0.299,0.29356363,0.29325,81936.13,BTC-26MAR27,0.4443,0.86669,130.83424,649.0,0.0,0.01150000000000001,BTC,79944.24,0.0
2026-09-06T12:49:54.256465+00:00,BTC-30OCT26-85000-C,80381.31,BTC-30OCT26,call,85000.0,2026-10-30T08:00:00+00:00,0.1472927517788108,0.035,0.0355,0.03533504,0.03525,80381.31,BTC-30OCT26,0.37939999999999996,0.37851,117.38275,2048.5,28.1,0.0004999999999999935,BTC,79944.24,80671.16
2026-09-06T12:49:54.256465+00:00,BTC-30OCT26-66000-P,80381.31,BTC-30OCT26,put,66000.0,2026-10-30T08:00:00+00:00,0.1472927517788108,0.0075,0.0085,0.00803359,0.008,80381.31,BTC-30OCT26,0.4235,-0.09765,53.23488,163.2,1.0,0.0010000000000000009,BTC,79944.24,599.36
2026-09-06T12:49:54.256465+00:00,BTC-25DEC26-72000-C,81015.59,BTC-25DEC26,call,72000.0,2026-12-25T08:00:00+00:00,0.3006123958582085,0.1495,0.1515,0.15022591,0.1505,81015.59,BTC-25DEC26,0.4029,0.74062,143.98015,1273.4,0.0,0.0020000000000000018,BTC,79944.24,0.0
2026-09-06T12:49:54.256465+00:00,BTC-25SEP26-78000-C,80044.29,BTC-25SEP26,call,78000.0,2026-09-25T08:00:00+00:00,0.05146797422918726,0.045,0.049,0.04719336,0.047,80044.29,BTC-25SEP26,0.3675,0.63841,68.07636,5366.3,0.0,0.0040000000000000036,BTC,79944.37,0.0
2026-09-06T12:49:54.256465+00:00,BTC-25DEC26-40000-P,81015.59,BTC-25DEC26,put,40000.0,2026-12-25T08:00:00+00:00,0.3006123958582085,0.0023,0.0024,0.00233458,0.00235,81015.59,BTC-25DEC26,0.6554000000000001,-0.01603,17.81718,4513.1,0.0,9.999999999999983e-05,BTC,79944.24,0.0
2026-09-06T12:49:54.256465+00:00,BTC-10SEP26-77500-C,79928.26,BTC-10SEP26,call,77500.0,2026-09-10T08:00:00+00:00,0.010400212422205745,0.031,0.037,0.03381349,0.034,79928.26,BTC-10SEP26,0.33740000000000003,0.82081,21.33865,0.0,0.0,0.005999999999999998,BTC,79944.37,0.0
2026-09-06T12:49:54.256465+00:00,BTC-25DEC26-135000-C,81015.59,BTC-25DEC26,call,135000.0,2026-12-25T08:00:00+00:00,0.3006123958582085,0.0034,0.0039,0.00368114,0.00365,81015.59,BTC-25DEC26,0.48719999999999997,0.03782,36.5915,1372.4,0.0,0.0005,BTC,79944.37,0.0
2026-09-06T12:49:54.256465+00:00,BTC-10SEP26-79500-C,79928.26,BTC-10SEP26,call,79500.0,2026-09-10T08:00:00+00:00,0.010400212422205745,0.016,0.017,0.0162502,0.0165,79928.26,BTC-10SEP26,0.3301,0.572,32.00378,0.0,0.0,0.0010000000000000009,BTC,79944.37,0.0
2026-09-06T12:49:54.256465+00:00,BTC-9SEP26-81500-C,79931.71,BTC-9SEP26,call,81500.0,2026-09-09T08:00:00+00:00,0.0076623616350736425,0.0043,0.0047,0.00454294,0.0045,79931.71,BTC-9SEP26,0.3361,0.2605,22.72778,0.1,0.1,0.0004000000000000002,BTC,79944.37,44.0
2026-09-06T12:49:54.256465+00:00,BTC-30OCT26-76000-C,80381.31,BTC-30OCT26,call,76000.0,2026-10-30T08:00:00+00:00,0.1472927517788108,0.0865,0.089,0.08753139,0.08775,80381.31,BTC-30OCT26,0.37689999999999996,0.67762,110.72169,356.1,0.0,0.0025000000000000022,BTC,79944.37,0.0
2026-09-06T12:49:54.256465+00:00,BTC-25DEC26-104000-P,81015.59,BTC-25DEC26,put,104000.0,2026-12-25T08:00:00+00:00,0.3006123958582085,0.2955,0.3095,0.30125053,0.3025,81015.59,BTC-25DEC26,0.4138,-0.83798,109.02513,0.1,0.0,0.014000000000000012,BTC,79944.37,0.0
2026-09-06T12:49:54.256465+00:00,BTC-7SEP26-78500-P,79914.57,BTC-7SEP26,put,78500.0,2026-09-07T08:00:00+00:00,0.0021866600608094404,0.0003,0.0005,0.00047699,0.0004,79914.57,BTC-7SEP26,0.2746,-0.07906,5.50894,212.1,51.1,0.00020000000000000004,BTC,79944.29,3244.12
2026-09-06T12:49:54.256465+00:00,BTC-25JUN27-68000-P,82885.56,BTC-25JUN27,put,68000.0,2027-06-25T08:00:00+00:00,0.798901239116251,0.0655,0.068,0.06686648,0.06675,82885.56,BTC-25JUN27,0.4307,-0.23975,230.30454,13.6,0.2,0.0025000000000000022,BTC,79944.37,1065.53
2026-09-06T12:49:54.256465+00:00,BTC-25DEC26-85000-P,81015.59,BTC-25DEC26,put,85000.0,2026-12-25T08:00:00+00:00,0.3006123958582085,0.1135,0.115,0.11444094,0.11425,81015.59,BTC-25DEC26,0.39189999999999997,-0.54579,176.13252,584.6,0.0,0.0015000000000000013,BTC,79944.37,0.0
2026-09-06T12:49:54.256465+00:00,BTC-27NOV26-95000-C,80700.95,BTC-27NOV26,call,95000.0,2026-11-27T08:00:00+00:00,0.22395257381850964,0.022,0.023,0.02241683,0.0225,80700.95,BTC-27NOV26,0.40240000000000004,0.2236,114.18859,32.3,0.6,0.0010000000000000009,BTC,79944.29,1078.77
2026-09-06T12:49:54.256465+00:00,BTC-25DEC26-84000-P,81015.59,BTC-25DEC26,put,84000.0,2026-12-25T08:00:00+00:00,0.3006123958582085,0.106,0.1075,0.10684643,0.10675,81015.59,BTC-25DEC26,0.3921,-0.52385,176.98477,85.7,1.2,0.0015000000000000013,BTC,79944.29,10242.84
2026-09-06T12:49:54.256465+00:00,BTC-30OCT26-70000-C,80381.31,BTC-30OCT26,call,70000.0,2026-10-30T08:00:00+00:00,0.1472927517788108,0.1395,0.147,0.1432356,0.14325,80381.31,BTC-30OCT26,0.3969,0.83771,75.79998,1099.6,0.0,0.007499999999999979,BTC,79944.29,0.0
2026-09-06T12:49:54.256465+00:00,BTC-18SEP26-81000-P,79990.9,BTC-18SEP26,put,81000.0,2026-09-18T08:00:00+00:00,0.032303018719262555,0.0335,0.0345,0.03397303,0.034,79990.9,BTC-18SEP26,0.37729999999999997,-0.55873,56.76374,32.9,0.0,0.0010000000000000009,BTC,79944.29,0.0
2026-09-06T12:49:54.256465+00:00,BTC-30OCT26-86000-C,80381.31,BTC-30OCT26,call,86000.0,2026-10-30T08:00:00+00:00,0.1472927517788108,0.0315,0.0325,0.03186699,0.032,80381.31,BTC-30OCT26,0.3821,0.3498,114.30396,748.7,0.1,0.0010000000000000009,BTC,79944.29,247.76
2026-09-06T12:49:54.256465+00:00,BTC-9SEP26-76000-P,79932.44,BTC-9SEP26,put,76000.0,2026-09-09T08:00:00+00:00,0.0076623616350736425,0.0006,0.0009,0.00075718,0.00075,79932.44,BTC-9SEP26,0.36460000000000004,-0.05483,7.7676,1.2,1.0,0.00030000000000000003,BTC,79944.29,66.3
2026-09-06T12:49:54.256465+00:00,BTC-25SEP26-84000-P,80044.29,BTC-25SEP26,put,84000.0,2026-09-25T08:00:00+00:00,0.05146797422918726,0.062,0.0695,0.06544607,0.06575,80044.29,BTC-25SEP26,0.38189999999999996,-0.69536,63.60877,47.4,0.0,0.007500000000000007,BTC,79944.29,0.0
2026-09-06T12:49:54.256465+00:00,BTC-27NOV26-120000-C,80700.95,BTC-27NOV26,call,120000.0,2026-11-27T08:00:00+00:00,0.22395257381850964,0.0038,0.0041,0.00400318,0.00395,80700.95,BTC-27NOV26,0.4696,0.04719,37.6272,86.0,7.1,0.00030000000000000035,BTC,79944.29,2201.41
2026-09-06T12:49:54.256465+00:00,BTC-26MAR27-180000-P,81936.13,BTC-26MAR27,put,180000.0,2027-03-26T08:00:00+00:00,0.5497568174872297,1.185,1.219,1.20104717,1.202,81936.13,BTC-26MAR27,0.5203,-0.96754,44.14649,0.1,0.0,0.03400000000000003,BTC,79945.07,0.0
2026-09-06T12:49:54.256465+00:00,BTC-18SEP26-65000-C,79993.8,BTC-18SEP26,call,65000.0,2026-09-18T08:00:00+00:00,0.032303018719262555,0.1855,0.1905,0.18783796,0.188,79993.8,BTC-18SEP26,0.5209,0.98821,4.42559,0.0,0.0,0.0050000000000000044,BTC,79945.07,0.0
2026-09-06T12:49:54.256465+00:00,BTC-25JUN27-72000-C,82886.29,BTC-25JUN27,call,72000.0,2027-06-25T08:00:00+00:00,0.798901239116251,0.2145,0.2175,0.21613323,0.216,82886.29,BTC-25JUN27,0.42579999999999996,0.7125,252.69771,89.9,0.1,0.0030000000000000027,BTC,79945.07,1730.64
2026-09-06T12:49:54.256465+00:00,BTC-25JUN27-110000-P,82885.56,BTC-25JUN27,put,110000.0,2027-06-25T08:00:00+00:00,0.798901239116251,0.3765,0.3965,0.38451392,0.3865,82885.56,BTC-25JUN27,0.4252,-0.71017,253.66505,2.3,0.0,0.020000000000000018,BTC,79945.07,0.0
2026-09-06T12:49:54.256465+00:00,BTC-25SEP26-150000-C,80046.99,BTC-25SEP26,call,150000.0,2026-09-25T08:00:00+00:00,0.05146797422918726,,0.0002,2.088e-05,,80046.99,BTC-25SEP26,0.8114,0.00045,0.2952,768.8,0.0,,BTC,79945.07,0.0
2026-09-06T12:49:54.256465+00:00,BTC-10SEP26-82000-C,79928.26,BTC-10SEP26,call,82000.0,2026-09-10T08:00:00+00:00,0.010400212422205745,0.0048,0.0055,0.00507261,0.00515,79928.26,BTC-10SEP26,0.3515,0.245,25.63756,0.0,0.0,0.0007000000000000001,BTC,79945.07,0.0
2026-09-06T12:49:54.256465+00:00,BTC-25SEP26-165000-P,80044.29,BTC-25SEP26,put,165000.0,2026-09-25T08:00:00+00:00,0.05146797422918726,1.0545,1.0675,1.0612927,1.061,80044.29,BTC-25SEP26,0.8449,-0.99988,0.0845,0.0,0.0,0.0129999999999999,BTC,79945.07,0.0
2026-09-06T12:49:54.256465+00:00,BTC-18SEP26-69000-P,79993.8,BTC-18SEP26,put,69000.0,2026-09-18T08:00:00+00:00,0.032303018719262555,0.001,0.0011,0.00106551,0.00105,79993.8,BTC-18SEP26,0.4551,-0.03215,10.36496,31.2,0.1,0.00010000000000000005,BTC,79945.07,7.18
2026-09-06T12:49:54.256465+00:00,BTC-25SEP26-60000-C,80044.29,BTC-25SEP26,call,60000.0,2026-09-25T08:00:00+00:00,0.05146797422918726,0.249,0.2535,0.25084025,0.25125,80044.29,BTC-25SEP26,0.5527000000000001,0.99092,4.44995,837.0,0.0,0.004500000000000004,BTC,79945.73,0.0
2026-09-06T12:49:54.256465+00:00,BTC-25SEP26-110000-P,80044.29,BTC-25SEP26,put,110000.0,2026-09-25T08:00:00+00:00,0.05146797422918726,0.37,0.3785,0.37456495,0.37425,80044.29,BTC-25SEP26,0.5751,-0.99108,4.38235,215.7,0.0,0.008500000000000008,BTC,79945.73,0.0
2026-09-06T12:49:54.256465+00:00,BTC-27NOV26-110000-C,80700.95,BTC-27NOV26,call,110000.0,2026-11-27T08:00:00+00:00,0.22395257381850964,0.007,0.008,0.00746004,0.0075,80700.95,BTC-27NOV26,0.442,0.08461,59.25585,69.4,0.2,0.001,BTC,79945.73,119.79
2026-09-06T12:49:54.256465+00:00,BTC-7SEP26-83000-P,79911.72,BTC-7SEP26,put,83000.0,2026-09-07T08:00:00+00:00,0.0021866600608094404,0.0355,0.0415,0.03873895,0.0385,79911.72,BTC-7SEP26,0.3907,-0.97996,1.81318,2.1,0.0,0.006000000000000005,BTC,79945.73,0.0
2026-09-06T12:49:54.256465+00:00,BTC-25DEC26-130000-C,81015.59,BTC-25DEC26,call,130000.0,2026-12-25T08:00:00+00:00,0.3006123958582085,0.0042,0.0047,0.00445716,0.00445,81015.59,BTC-25DEC26,0.47409999999999997,0.04573,42.67218,1566.5,2.0,0.0005000000000000004,BTC,79945.73,783.7
2026-09-06T12:49:54.256465+00:00,BTC-25SEP26-240000-C,80044.29,BTC-25SEP26,call,240000.0,2026-09-25T08:00:00+00:00,0.05146797422918726,,0.0001,1.39e-06,,80044.29,BTC-25SEP26,1.156,3e-05,0.01959,211.9,0.0,,BTC,79945.73,0.0
2026-09-06T12:49:54.256465+00:00,BTC-26MAR27-92000-C,81936.13,BTC-26MAR27,call,92000.0,2027-03-26T08:00:00+00:00,0.5497568174872297,0.0735,0.076,0.07471412,0.07475,81936.13,BTC-26MAR27,0.4056,0.40749,235.94944,261.2,0.0,0.0025000000000000022,BTC,79945.73,0.0
2026-09-06T12:49:54.256465+00:00,BTC-30OCT26-87000-C,80381.31,BTC-30OCT26,call,87000.0,2026-10-30T08:00:00+00:00,0.1472927517788108,0.028,0.029,0.02839549,0.0285,80381.31,BTC-30OCT26,0.3825,0.32135,110.5772,107.0,0.0,0.0010000000000000009,BTC,79945.73,0.0
2026-09-06T12:49:54.256465+00:00,BTC-25JUN27-58000-P,82886.29,BTC-25JUN27,put,58000.0,2027-06-25T08:00:00+00:00,0.798901239116251,0.034,0.036,0.03506011,0.035,82886.29,BTC-25JUN27,0.4545,-0.13957,164.63721,91.9,0.0,0.001999999999999995,BTC,79945.73,0.0
2026-09-06T12:49:54.256465+00:00,BTC-27NOV26-71000-C,80700.22,BTC-27NOV26,call,71000.0,2026-11-27T08:00:00+00:00,0.22395257381850964,0.146,0.1485,0.14680223,0.14725,80700.22,BTC-27NOV26,0.4018,0.77916,113.38562,0.1,0.0,0.0025000000000000022,BTC,79945.73,0.0
2026-09-06T12:49:54.256465+00:00,BTC-11SEP26-68000-P,79930.46,BTC-11SEP26,put,68000.0,2026-09-11T08:00:00+00:00,0.013138063209337846,0.0001,0.0004,0.0001835,0.00025,79930.46,BTC-11SEP26,0.5934,-0.00792,1.99092,883.5,10.3,0.00030000000000000003,BTC,79945.77,170.32
2026-09-06T12:49:54.256465+00:00,BTC-10SEP26-77000-P,79928.26,BTC-10SEP26,put,77000.0,2026-09-10T08:00:00+00:00,0.010400212422205745,0.0023,0.0028,0.00250953,0.00255,79928.26,BTC-10SEP26,0.3428,-0.13774,17.9523,0.2,0.2,0.0005,BTC,79945.77,38.32
2026-09-06T12:49:54.256465+00:00,BTC-7SEP26-70000-C,79914.57,BTC-7SEP26,call,70000.0,2026-09-07T08:00:00+00:00,0.0021866600608094404,0.122,0.1265,0.12406461,0.12425,79914.57,BTC-7SEP26,0.5857,1.0,0.00011,0.0,0.0,0.004500000000000004,BTC,79945.77,0.0
2026-09-06T12:49:54.256465+00:00,BTC-26MAR27-96000-P,81936.13,BTC-26MAR27,put,96000.0,2027-03-26T08:00:00+00:00,0.5497568174872297,0.227,0.2425,0.23350671,0.23475,81936.13,BTC-26MAR27,0.4073,-0.64525,226.24301,1.6,0.0,0.015499999999999986,BTC,79945.77,0.0
2026-09-06T12:49:54.256465+00:00,BTC-18SEP26-84000-P,79993.8,BTC-18SEP26,put,84000.0,2026-09-18T08:00:00+00:00,0.032303018719262555,0.0575,0.064,0.06046719,0.06075,79993.8,BTC-18SEP26,0.39130000000000004,-0.74424,46.26309,0.1,0.0,0.006499999999999999,BTC,79945.77,0.0
2026-09-06T12:49:54.256465+00:00,BTC-7SEP26-74000-C,79914.57,BTC-7SEP26,call,74000.0,2026-09-07T08:00:00+00:00,0.0021866600608094404,0.072,0.0765,0.0740225,0.07425,79914.57,BTC-7SEP26,0.5569,0.99852,0.17998,0.0,0.0,0.004500000000000004,BTC,79945.77,0.0
2026-09-06T12:49:54.256465+00:00,BTC-30OCT26-88000-C,80381.31,BTC-30OCT26,call,88000.0,2026-10-30T08:00:00+00:00,0.1472927517788108,0.025,0.026,0.02542688,0.0255,80381.31,BTC-30OCT26,0.3843,0.2951,106.51658,553.8,0.1,0.0009999999999999974,BTC,79945.77,203.92
2026-09-06T12:49:54.256465+00:00,BTC-18SEP26-75000-C,79990.9,BTC-18SEP26,call,75000.0,2026-09-18T08:00:00+00:00,0.032303018719262555,0.0655,0.0715,0.06849116,0.0685,79990.9,BTC-18SEP26,0.3784,0.83758,35.34529,35.1,0.0,0.0059999999999999915,BTC,79945.77,0.0
2026-09-06T12:49:54.256465+00:00,BTC-30OCT26-62000-C,80381.31,BTC-30OCT26,call,62000.0,2026-10-30T08:00:00+00:00,0.1472927517788108,0.231,0.2365,0.23341319,0.23375,80381.31,BTC-30OCT26,0.4569,0.94169,35.95327,13.5,0.0,0.005499999999999977,BTC,79945.77,0.0
2026-09-06T12:49:54.256465+00:00,BTC-25SEP26-115000-P,80044.29,BTC-25SEP26,put,115000.0,2026-09-25T08:00:00+00:00,0.05146797422918726,0.432,0.441,0.43690402,0.4365,80044.29,BTC-25SEP26,0.6154,-0.99421,2.99267,93.7,0.0,0.009000000000000008,BTC,79945.77,0.0
2026-09-06T12:49:54.256465+00:00,BTC-25JUN27-74000-C,82885.56,BTC-25JUN27,call,74000.0,2027-06-25T08:00:00+00:00,0.798901239116251,0.2005,0.2035,0.20190711,0.202,82885.56,BTC-25JUN27,0.4233,0.68773,262.34074,20.7,0.3,0.002999999999999975,BTC,79945.77,4828.73
2026-09-06T12:49:54.256465+00:00,BTC-25JUN27-68000-C,82885.56,BTC-25JUN27,call,68000.0,2027-06-25T08:00:00+00:00,0.798901239116251,0.245,0.2485,0.24646274,0.24675,82885.56,BTC-25JUN27,0.4307,0.76026,230.30265,10.8,0.0,0.003500000000000003,BTC,79945.77,0.0
2026-09-06T12:49:54.256465+00:00,BTC-8SEP26-81500-P,79918.77,BTC-8SEP26,put,81500.0,2026-09-08T08:00:00+00:00,0.004924510847941542,0.019,0.025,0.02216069,0.022,79918.77,BTC-8SEP26,0.3193,-0.80345,15.54516,0.0,0.0,0.006000000000000002,BTC,79945.77,0.0
2026-09-06T12:49:54.256465+00:00,BTC-9SEP26-83000-P,79932.44,BTC-9SEP26,put,83000.0,2026-09-09T08:00:00+00:00,0.0076623616350736425,0.037,0.0435,0.04016241,0.04025,79932.44,BTC-9SEP26,0.3582,-0.88114,13.90854,0.0,0.0,0.006499999999999999,BTC,79945.77,0.0
2026-09-06T12:49:54.256465+00:00,BTC-25SEP26-75000-C,80044.29,BTC-25SEP26,call,75000.0,2026-09-25T08:00:00+00:00,0.05146797422918726,0.0725,0.0745,0.07362273,0.0735,80044.29,BTC-25SEP26,0.37579999999999997,0.79057,52.28086,3352.8,0.0,0.0020000000000000018,BTC,79945.77,0.0
2026-09-06T12:49:54.256465+00:00,BTC-10SEP26-80000-C,79928.26,BTC-10SEP26,call,80000.0,2026-09-10T08:00:00+00:00,0.010400212422205745,0.0125,0.014,0.01311674,0.01325,79928.26,BTC-10SEP26,0.33299999999999996,0.49852,32.5355,0.1,0.1,0.0014999999999999996,BTC,79945.77,103.82
2026-09-06T12:49:54.256465+00:00,BTC-26MAR27-65000-P,81936.13,BTC-26MAR27,put,65000.0,2027-03-26T08:00:00+00:00,0.5497568174872297,0.037,0.039,0.03808716,0.038,81936.13,BTC-26MAR27,0.4277,-0.18694,163.31101,879.5,0.0,0.0020000000000000018,BTC,79946.87,0.0
2026-09-06T12:49:54.256465+00:00,BTC-30OCT26-57000-C,80381.31,BTC-30OCT26,call,57000.0,2026-10-30T08:00:00+00:00,0.1472927517788108,0.291,0.2965,0.29354463,0.29375,80381.31,BTC-30OCT26,0.5107,0.96801,22.14755,0.1,0.0,0.005500000000000005,BTC,79945.77,0.0
2026-09-06T12:49:54.256465+00:00,BTC-10SEP26-86000-C,79928.26,BTC-10SEP26,call,86000.0,2026-09-10T08:00:00+00:00,0.010400212422205745,0.0006,0.0008,0.00071942,0.0007,79928.26,BTC-10SEP26,0.41200000000000003,0.04308,7.4633,0.0,0.0,0.0002000000000000001,BTC,79945.77,0.0
2026-09-06T12:49:54.256465+00:00,BTC-7SEP26-70000-P,79914.57,BTC-7SEP26,put,70000.0,2026-09-07T08:00:00+00:00,0.0021866600608094404,,0.0001,0.0,,79914.57,BTC-7SEP26,0.5857,0.0,0.00011,1.4,0.0,,BTC,79946.87,0.0
2026-09-06T12:49:54.256465+00:00,BTC-25DEC26-210000-C,81015.59,BTC-25DEC26,call,210000.0,2026-12-25T08:00:00+00:00,0.3006123958582085,0.0004,0.0008,0.00055235,0.0006,81015.59,BTC-25DEC26,0.6384000000000001,0.00547,6.96548,162.3,0.0,0.0004,BTC,79945.77,0.0
2026-09-06T12:49:54.256465+00:00,BTC-25DEC26-92000-C,81015.59,BTC-25DEC26,call,92000.0,2026-12-25T08:00:00+00:00,0.3006123958582085,0.039,0.04,0.03981528,0.0395,81015.59,BTC-25DEC26,0.3958,0.31698,158.30564,376.7,0.0,0.0010000000000000009,BTC,79946.87,0.0
2026-09-06T12:49:54.256465+00:00,BTC-25SEP26-240000-P,80044.29,BTC-25SEP26,put,240000.0,2026-09-25T08:00:00+00:00,0.05146797422918726,1.988,2.0075,1.99823768,1.99775,80044.29,BTC-25SEP26,1.156,-0.99997,0.01959,0.0,0.0,0.01949999999999985,BTC,79946.87,0.0
2026-09-06T12:49:54.256465+00:00,BTC-7SEP26-77000-P,79914.57,BTC-7SEP26,put,77000.0,2026-09-07T08:00:00+00:00,0.0021866600608094404,,0.0002,5.593e-05,,79914.57,BTC-7SEP26,0.34369999999999995,-0.00986,0.9844,30.2,4.1,,BTC,79946.87,58.29
2026-09-06T12:49:54.256465+00:00,BTC-26MAR27-90000-C,81936.13,BTC-26MAR27,call,90000.0,2027-03-26T08:00:00+00:00,0.5497568174872297,0.081,0.083,0.08195783,0.082,81936.13,BTC-26MAR27,0.4046,0.43564,239.34069,555.2,0.2,0.0020000000000000018,BTC,79946.87,1294.36
2026-09-06T12:49:54.256465+00:00,BTC-9SEP26-77500-P,79932.44,BTC-9SEP26,put,77500.0,2026-09-09T08:00:00+00:00,0.0076623616350736425,0.0019,0.0023,0.00211929,0.0021,79932.44,BTC-9SEP26,0.33240000000000003,-0.14001,15.58092,50.8,50.8,0.00039999999999999996,BTC,79946.87,9362.13
2026-09-06T12:49:54.256465+00:00,BTC-25SEP26-79000-P,80044.29,BTC-25SEP26,put,79000.0,2026-09-25T08:00:00+00:00,0.05146797422918726,0.0265,0.027,0.02701264,0.02675,80044.29,BTC-25SEP26,0.3686,-0.42014,71.02906,1036.0,2.2,0.0005000000000000004,BTC,79946.87,4828.44
2026-09-06T12:49:54.256465+00:00,BTC-9SEP26-80500-P,79931.71,BTC-9SEP26,put,80500.0,2026-09-09T08:00:00+00:00,0.0076623616350736425,0.0145,0.016,0.01541669,0.01525,79931.71,BTC-9SEP26,0.3287,-0.5899,27.21384,0.0,0.0,0.0014999999999999996,BTC,79946.87,0.0
2026-09-06T12:49:54.256465+00:00,BTC-25DEC26-86000-C,81015.59,BTC-25DEC26,call,86000.0,2026-12-25T08:00:00+00:00,0.3006123958582085,0.06,0.0615,0.0609349,0.06075,81015.59,BTC-25DEC26,0.3924,0.43297,174.79897,324.3,0.0,0.0015000000000000013,BTC,79946.87,0.0
2026-09-06T12:49:54.256465+00:00,BTC-25SEP26-95000-P,80044.29,BTC-25SEP26,put,95000.0,2026-09-25T08:00:00+00:00,0.05146797422918726,0.185,0.1915,0.18902238,0.18825,80044.29,BTC-25SEP26,0.45289999999999997,-0.94659,19.74994,147.6,0.0,0.006500000000000006,BTC,79948.0,0.0
2026-09-06T12:49:54.256465+00:00,BTC-27NOV26-84000-C,80700.22,BTC-27NOV26,call,84000.0,2026-11-27T08:00:00+00:00,0.22395257381850964,0.0555,0.0565,0.05615184,0.056,80700.22,BTC-27NOV26,0.38880000000000003,0.45047,151.26597,24.8,0.0,0.0010000000000000009,BTC,79948.0,0.0
2026-09-06T12:49:54.256465+00:00,BTC-25JUN27-90000-P,82885.56,BTC-25JUN27,put,90000.0,2027-06-25T08:00:00+00:00,0.798901239116251,0.1985,0.2035,0.20068179,0.201,82885.56,BTC-25JUN27,0.4165,-0.51365,295.55297,0.5,0.0,0.004999999999999977,BTC,79948.0,0.0
2026-09-06T12:49:54.256465+00:00,BTC-30OCT26-68000-P,80381.31,BTC-30OCT26,put,68000.0,2026-10-30T08:00:00+00:00,0.1472927517788108,0.01,0.011,0.01054765,0.0105,80381.31,BTC-30OCT26,0.40850000000000003,-0.12579,63.82062,1514.0,1.7,0.0009999999999999992,BTC,79948.0,1493.92
2026-09-06T12:49:54.256465+00:00,BTC-26MAR27-160000-P,81938.89,BTC-26MAR27,put,160000.0,2027-03-26T08:00:00+00:00,0.5497568174872297,0.9455,0.975,0.95936459,0.96025,81938.89,BTC-26MAR27,0.49340000000000006,-0.95001,62.68579,0.1,0.0,0.02949999999999997,BTC,79948.0,0.0
2026-09-06T12:49:54.256465+00:00,BTC-7SEP26-71000-P,79911.72,BTC-7SEP26,put,71000.0,2026-09-07T08:00:00+00:00,0.0021866600608094404,,0.0001,2e-08,,79911.72,BTC-7SEP26,0.5644,0.0,0.00059,4.5,0.0,,BTC,79946.76,0.0
2026-09-06T12:49:54.256465+00:00,BTC-7SEP26-81500-C,79911.72,BTC-7SEP26,call,81500.0,2026-09-07T08:00:00+00:00,0.0021866600608094404,0.0005,0.0007,0.0005857,0.0006,79911.72,BTC-7SEP26,0.3091,0.09061,6.10202,66.5,43.7,0.00019999999999999998,BTC,79946.76,3000.95
2026-09-06T12:49:54.256465+00:00,BTC-25DEC26-74000-C,81015.59,BTC-25DEC26,call,74000.0,2026-12-25T08:00:00+00:00,0.3006123958582085,0.133,0.135,0.1336625,0.134,81015.59,BTC-25DEC26,0.39899999999999997,0.69998,154.53428,138.9,0.0,0.0020000000000000018,BTC,79948.0,0.0
2026-09-06T12:49:54.256465+00:00,BTC-8SEP26-90000-P,79918.77,BTC-8SEP26,put,90000.0,2026-09-08T08:00:00+00:00,0.004924510847941542,0.123,0.1285,0.12614284,0.12575,79918.77,BTC-8SEP26,0.5407,-0.99905,0.18054,0.0,0.0,0.005500000000000005,BTC,79946.76,0.0
2026-09-06T12:49:54.256465+00:00,BTC-25SEP26-58000-P,80044.29,BTC-25SEP26,put,58000.0,2026-09-25T08:00:00+00:00,0.05146797422918726,0.0003,0.0004,0.0003494,0.00035,80044.29,BTC-25SEP26,0.6002000000000001,-0.00744,3.73822,1315.7,0.0,0.00010000000000000005,BTC,79946.76,0.0
2026-09-06T12:49:54.256465+00:00,BTC-18SEP26-76000-P,79990.9,BTC-18SEP26,put,76000.0,2026-09-18T08:00:00+00:00,0.032303018719262555,0.008,0.009,0.00857815,0.0085,79990.9,BTC-18SEP26,0.377,-0.21397,41.91538,172.5,8.3,0.0009999999999999992,BTC,79946.76,5878.69
2026-09-06T12:49:54.256465+00:00,BTC-25DEC26-54000-C,81016.32,BTC-25DEC26,call,54000.0,2026-12-25T08:00:00+00:00,0.3006123958582085,0.336,0.3435,0.33998046,0.33975,81016.32,BTC-25DEC26,0.4946,0.94866,46.81187,33.1,0.0,0.007500000000000007,BTC,79946.76,0.0
2026-09-06T12:49:54.256465+00:00,BTC-25DEC26-200000-C,81016.32,BTC-25DEC26,call,200000.0,2026-12-25T08:00:00+00:00,0.3006123958582085,0.0006,0.0009,0.00067903,0.00075,81016.32,BTC-25DEC26,0.6236,0.00675,8.3858,969.4,0.0,0.00030000000000000003,BTC,79946.76,0.0
2026-09-06T12:49:54.256465+00:00,BTC-27NOV26-71000-P,80700.95,BTC-27NOV26,put,71000.0,2026-11-27T08:00:00+00:00,0.22395257381850964,0.026,0.027,0.02659481,0.0265,80700.95,BTC-27NOV26,0.4018,-0.22078,113.37088,20.3,0.0,0.0010000000000000009,BTC,79946.76,0.0
2026-09-06T12:49:54.256465+00:00,BTC-7SEP26-76000-P,79911.72,BTC-7SEP26,put,76000.0,2026-09-07T08:00:00+00:00,0.0021866600608094404,,0.0001,3.45e-05,,79911.72,BTC-7SEP26,0.4233,-0.00526,0.56585,42.5,5.8,,BTC,79947.65,46.27
2026-09-06T12:49:54.256465+00:00,BTC-25SEP26-320000-C,80044.29,BTC-25SEP26,call,320000.0,2026-09-25T08:00:00+00:00,0.05146797422918726,,0.0001,8.7e-07,,80044.29,BTC-25SEP26,1.4015,1e-05,0.01084,304.6,0.0,,BTC,79946.76,0.0
2026-09-06T12:49:54.256465+00:00,BTC-10SEP26-88000-P,79928.26,BTC-10SEP26,put,88000.0,2026-09-10T08:00:00+00:00,0.010400212422205745,0.098,0.1045,0.10125984,0.10125,79928.26,BTC-10SEP26,0.4424,-0.98232,3.55469,0.0,0.0,0.006499999999999992,BTC,79946.76,0.0
2026-09-06T12:49:54.256465+00:00,BTC-25JUN27-72000-P,82885.56,BTC-25JUN27,put,72000.0,2027-06-25T08:00:00+00:00,0.798901239116251,0.0835,0.086,0.08479601,0.08475,82885.56,BTC-25JUN27,0.42579999999999996,-0.28747,252.6945,47.6,0.3,0.0024999999999999883,BTC,79946.76,2018.27
2026-09-06T12:49:54.256465+00:00,BTC-11SEP26-86000-P,79930.46,BTC-11SEP26,put,86000.0,2026-09-11T08:00:00+00:00,0.013138063209337846,0.074,0.0805,0.07733293,0.07725,79930.46,BTC-11SEP26,0.4199,-0.93206,12.02734,1.4,0.0,0.006500000000000006,BTC,79947.65,0.0
2026-09-06T12:49:54.256465+00:00,BTC-25DEC26-45000-C,81015.59,BTC-25DEC26,call,45000.0,2026-12-25T08:00:00+00:00,0.3006123958582085,0.4445,0.4495,0.4477422,0.447,81015.59,BTC-25DEC26,0.5874,0.97653,24.63191,54.3,0.0,0.0050000000000000044,BTC,79947.65,0.0
2026-09-06T12:49:54.256465+00:00,BTC-25JUN27-70000-C,82886.29,BTC-25JUN27,call,70000.0,2027-06-25T08:00:00+00:00,0.798901239116251,0.2295,0.2325,0.23084638,0.231,82886.29,BTC-25JUN27,0.4278,0.73683,241.94143,195.5,0.0,0.0030000000000000027,BTC,79947.65,0.0
2026-09-06T12:49:54.256465+00:00,BTC-7SEP26-83500-C,79911.72,BTC-7SEP26,call,83500.0,2026-09-07T08:00:00+00:00,0.0021866600608094404,,0.0001,5.404e-05,,79911.72,BTC-7SEP26,0.39390000000000003,0.00912,0.91906,41.4,4.8,,BTC,79947.65,47.98
2026-09-06T12:49:54.256465+00:00,BTC-11SEP26-64000-C,79930.46,BTC-11SEP26,call,64000.0,2026-09-11T08:00:00+00:00,0.013138063209337846,0.1975,0.202,0.19935534,0.19975,79930.46,BTC-11SEP26,0.6890000000000001,0.99785,0.61939,0.0,0.0,0.004500000000000004,BTC,79947.51,0.0
2026-09-06T12:49:54.256465+00:00,BTC-7SEP26-81000-P,79911.72,BTC-7SEP26,put,81000.0,2026-09-07T08:00:00+00:00,0.0021866600608094404,0.0125,0.016,0.01477297,0.01425,79911.72,BTC-7SEP26,0.29350000000000004,-0.83132,9.41418,99.2,0.0,0.0034999999999999996,BTC,79947.51,0.0
2026-09-06T12:49:54.256465+00:00,BTC-25DEC26-68000-P,81015.59,BTC-25DEC26,put,68000.0,2026-12-25T08:00:00+00:00,0.3006123958582085,0.0255,0.027,0.02636585,0.02625,81015.59,BTC-25DEC26,0.41509999999999997,-0.18832,119.951,552.3,1.2,0.0015000000000000013,BTC,79947.65,2534.0
2026-09-06T12:49:54.256465+00:00,BTC-25DEC26-115000-P,81015.59,BTC-25DEC26,put,115000.0,2026-12-25T08:00:00+00:00,0.3006123958582085,0.422,0.4375,0.42856507,0.42975,81015.59,BTC-25DEC26,0.4371,-0.90992,72.22234,5.0,0.0,0.015500000000000014,BTC,79947.65,0.0
2026-09-06T12:49:54.256465+00:00,BTC-26MAR27-98000-P,81936.13,BTC-26MAR27,put,98000.0,2027-03-26T08:00:00+00:00,0.5497568174872297,0.2435,0.2615,0.25240478,0.2525,81936.13,BTC-26MAR27,0.40850000000000003,-0.66948,220.2801,0.2,0.0,0.018000000000000016,BTC,79947.51,0.0
2026-09-06T12:49:54.256465+00:00,BTC-9SEP26-79500-P,79931.71,BTC-9SEP26,put,79500.0,2026-09-09T08:00:00+00:00,0.0076623616350736425,0.008,0.009,0.00862633,0.0085,79931.71,BTC-9SEP26,0.3194,-0.41567,27.30036,0.7,0.6,0.0009999999999999992,BTC,79947.51,513.73
2026-09-06T12:49:54.256465+00:00,BTC-7SEP26-82000-C,79914.57,BTC-7SEP26,call,82000.0,2026-09-07T08:00:00+00:00,0.0021866600608094404,0.0002,0.0003,0.0002437,0.00025,79914.57,BTC-7SEP26,0.3153,0.04227,3.36959,117.5,44.1,9.999999999999996e-05,BTC,79947.51,1427.8
2026-09-06T12:49:54.256465+00:00,BTC-25JUN27-78000-P,82886.29,BTC-25JUN27,put,78000.0,2027-06-25T08:00:00+00:00,0.798901239116251,0.1155,0.1185,0.11680298,0.117,82886.29,BTC-25JUN27,0.41960000000000003,-0.36311,278.1402,104.6,0.0,0.002999999999999989,BTC,79947.51,0.0
2026-09-06T12:49:54.256465+00:00,BTC-8SEP26-82500-C,79918.77,BTC-8SEP26,call,82500.0,2026-09-08T08:00:00+00:00,0.004924510847941542,0.001,0.0012,0.00103205,0.0011,79918.77,BTC-8SEP26,0.34,0.0951,9.49129,71.2,25.2,0.00019999999999999987,BTC,79947.51,2083.62
2026-09-06T12:49:54.256465+00:00,BTC-30OCT26-48000-P,80381.31,BTC-30OCT26,put,48000.0,2026-10-30T08:00:00+00:00,0.1472927517788108,0.0009,0.0012,0.00099973,0.00105,80381.31,BTC-30OCT26,0.6214,-0.01126,9.12397,194.3,0.0,0.0002999999999999999,BTC,79947.51,0.0
2026-09-06T12:49:54.256465+00:00,BTC-25SEP26-84000-C,80046.99,BTC-25SEP26,call,84000.0,2026-09-25T08:00:00+00:00,0.05146797422918726,0.0155,0.0165,0.01606337,0.016,80046.99,BTC-25SEP26,0.38189999999999996,0.30482,63.62807,5079.9,1.0,0.0010000000000000009,BTC,79947.51,1220.54
2026-09-06T12:49:54.256465+00:00,BTC-8SEP26-87000-P,79918.77,BTC-8SEP26,put,87000.0,2026-09-08T08:00:00+00:00,0.004924510847941542,0.0855,0.0915,0.0886698,0.0885,79918.77,BTC-8SEP26,0.4863,-0.99312,1.07742,0.0,0.0,0.0059999999999999915,BTC,79947.51,0.0
2026-09-06T12:49:54.256465+00:00,BTC-25DEC26-102000-P,81015.59,BTC-25DEC26,put,102000.0,2026-12-25T08:00:00+00:00,0.3006123958582085,0.273,0.287,0.27899215,0.28,81015.59,BTC-25DEC26,0.41,-0.81882,117.10185,7.8,0.0,0.013999999999999957,BTC,79947.51,0.0
2026-09-06T12:49:54.256465+00:00,BTC-25JUN27-120000-C,82886.29,BTC-25JUN27,call,120000.0,2027-06-25T08:00:00+00:00,0.798901239116251,0.041,0.043,0.04192563,0.042,82886.29,BTC-25JUN27,0.4338,0.22382,221.65501,292.9,0.0,0.001999999999999995,BTC,79947.51,0.0
2026-09-06T12:49:54.256465+00:00,BTC-25SEP26-165000-C,80044.29,BTC-25SEP26,call,165000.0,2026-09-25T08:00:00+00:00,0.05146797422918726,,0.0001,5.25e-06,,80044.29,BTC-25SEP26,0.8449,0.00012,0.08456,266.6,0.0,,BTC,79947.51,0.0
2026-09-06T12:49:54.256465+00:00,BTC-25SEP26-65000-P,80044.29,BTC-25SEP26,put,65000.0,2026-09-25T08:00:00+00:00,0.05146797422918726,0.001,0.0011,0.00106198,0.00105,80044.29,BTC-25SEP26,0.4808,-0.0247,10.5139,980.2,3.9,0.00010000000000000005,BTC,79947.51,360.27
2026-09-06T12:49:54.256465+00:00,BTC-11SEP26-74000-C,79930.46,BTC-11SEP26,call,74000.0,2026-09-11T08:00:00+00:00,0.013138063209337846,0.0725,0.078,0.07516866,0.07525,79930.46,BTC-11SEP26,0.4115,0.95181,9.17943,17.9,0.0,0.005500000000000005,BTC,79947.51,0.0
2026-09-06T12:49:54.256465+00:00,BTC-8SEP26-70000-P,79918.77,BTC-8SEP26,put,70000.0,2026-09-08T08:00:00+00:00,0.004924510847941542,,0.0001,1.621e-05,,79918.77,BTC-8SEP26,0.6307,-0.00126,0.23401,25.5,25.5,,BTC,79947.51,204.23
2026-09-06T12:49:54.256465+00:00,BTC-9SEP26-82500-C,79931.71,BTC-9SEP26,call,82500.0,2026-09-09T08:00:00+00:00,0.0076623616350736425,0.0023,0.0027,0.00244158,0.0025,79931.71,BTC-9SEP26,0.35,0.15581,16.73816,6.7,6.6,0.0004000000000000002,BTC,79947.51,1506.39
2026-09-06T12:49:54.256465+00:00,BTC-25JUN27-106000-P,82886.29,BTC-25JUN27,put,106000.0,2027-06-25T08:00:00+00:00,0.798901239116251,0.3365,0.356,0.34443346,0.34625,82886.29,BTC-25JUN27,0.4224,-0.67791,265.80797,0.0,0.0,0.019499999999999962,BTC,79947.51,0.0
2026-09-06T12:49:54.256465+00:00,BTC-26MAR27-170000-P,81936.13,BTC-26MAR27,put,170000.0,2027-03-26T08:00:00+00:00,0.5497568174872297,1.065,1.097,1.08015911,1.081,81936.13,BTC-26MAR27,0.5094,-0.95927,53.16189,0.2,0.0,0.03200000000000003,BTC,79948.45,0.0
2026-09-06T12:49:54.256465+00:00,BTC-25SEP26-160000-P,80044.29,BTC-25SEP26,put,160000.0,2026-09-25T08:00:00+00:00,0.05146797422918726,0.9925,1.005,0.99883025,0.99875,80044.29,BTC-25SEP26,0.8188,-0.99986,0.09862,0.6,0.0,0.012499999999999845,BTC,79948.45,0.0
2026-09-06T12:49:54.256465+00:00,BTC-30OCT26-104000-P,80381.31,BTC-30OCT26,put,104000.0,2026-10-30T08:00:00+00:00,0.1472927517788108,0.2945,0.3045,0.29895302,0.2995,80381.31,BTC-30OCT26,0.4374,-0.92625,43.13611,0.0,0.0,0.010000000000000009,BTC,79948.45,0.0
2026-09-06T12:49:54.256465+00:00,BTC-25SEP26-80000-P,80044.29,BTC-25SEP26,put,80000.0,2026-09-25T08:00:00+00:00,0.05146797422918726,0.0325,0.0335,0.03318754,0.033,80044.29,BTC-25SEP26,0.37,-0.47944,72.39165,1519.6,0.8,0.0010000000000000009,BTC,79948.45,2117.45
2026-09-06T12:49:54.256465+00:00,BTC-7SEP26-76000-C,79911.72,BTC-7SEP26,call,76000.0,2026-09-07T08:00:00+00:00,0.0021866600608094404,0.0465,0.0525,0.04901893,0.0495,79911.72,BTC-7SEP26,0.4233,0.99474,0.56512,0.8,0.0,0.005999999999999998,BTC,79948.45,0.0
2026-09-06T12:49:54.256465+00:00,BTC-30OCT26-91000-P,80381.31,BTC-30OCT26,put,91000.0,2026-10-30T08:00:00+00:00,0.1472927517788108,0.1465,0.1555,0.15047576,0.151,80381.31,BTC-30OCT26,0.392,-0.77258,93.13826,0.2,0.0,0.009000000000000008,BTC,79948.45,0.0
2026-09-06T12:49:54.256465+00:00,BTC-10SEP26-89000-P,79928.99,BTC-10SEP26,put,89000.0,2026-09-10T08:00:00+00:00,0.010400212422205745,0.11,0.117,0.11366826,0.1135,79928.99,BTC-10SEP26,0.4572,-0.98858,2.43933,0.0,0.0,0.007000000000000006,BTC,79948.45,0.0
2026-09-06T12:49:54.256465+00:00,BTC-25SEP26-180000-C,80044.29,BTC-25SEP26,call,180000.0,2026-09-25T08:00:00+00:00,0.05146797422918726,,0.0001,3.63e-06,,80044.29,BTC-25SEP26,0.9184,8e-05,0.05665,792.3,0.0,,BTC,79948.45,0.0
2026-09-06T12:49:54.256465+00:00,BTC-8SEP26-79000-C,79918.77,BTC-8SEP26,call,79000.0,2026-09-08T08:00:00+00:00,0.004924510847941542,0.014,0.0165,0.01522386,0.01525,79918.77,BTC-8SEP26,0.2953,0.71887,18.92625,5.7,0.0,0.0025000000000000005,BTC,79949.3,0.0
2026-09-06T12:49:54.256465+00:00,BTC-26MAR27-90000-P,81938.89,BTC-26MAR27,put,90000.0,2027-03-26T08:00:00+00:00,0.5497568174872297,0.1785,0.182,0.18032758,0.18025,81938.89,BTC-26MAR27,0.4046,-0.56433,239.35026,14.1,0.0,0.003500000000000003,BTC,79949.3,0.0
2026-09-06T12:49:54.256465+00:00,BTC-18SEP26-68000-C,79993.8,BTC-18SEP26,call,68000.0,2026-09-18T08:00:00+00:00,0.032303018719262555,0.1485,0.1535,0.15072215,0.151,79993.8,BTC-18SEP26,0.4669,0.9761,8.09698,2.0,0.0,0.0050000000000000044,BTC,79948.45,0.0
2026-09-06T12:49:54.256465+00:00,BTC-30OCT26-80000-P,80381.31,BTC-30OCT26,put,80000.0,2026-10-30T08:00:00+00:00,0.1472927517788108,0.054,0.0555,0.05482266,0.05475,80381.31,BTC-30OCT26,0.3746,-0.45747,122.44536,951.0,1.0,0.0015000000000000013,BTC,79949.3,4399.61
2026-09-06T12:49:54.256465+00:00,BTC-26MAR27-54000-P,81936.13,BTC-26MAR27,put,54000.0,2027-03-26T08:00:00+00:00,0.5497568174872297,0.0155,0.0165,0.01579499,0.016,81936.13,BTC-26MAR27,0.4696,-0.08503,94.62084,92.0,8.0,0.0010000000000000009,BTC,79949.3,9918.09
2026-09-06T12:49:54.256465+00:00,BTC-27NOV26-93000-C,80700.95,BTC-27NOV26,call,93000.0,2026-11-27T08:00:00+00:00,0.22395257381850964,0.026,0.027,0.02643832,0.0265,80700.95,BTC-27NOV26,0.3987,0.25592,122.93488,28.2,0.0,0.0010000000000000009,BTC,79949.3,0.0
2026-09-06T12:49:54.256465+00:00,BTC-18SEP26-82000-C,79990.9,BTC-18SEP26,call,82000.0,2026-09-18T08:00:00+00:00,0.032303018719262555,0.0165,0.0175,0.01690566,0.017,79990.9,BTC-18SEP26,0.38079999999999997,0.37301,54.45797,1329.8,72.4,0.0010000000000000009,BTC,79949.3,98850.13
2026-09-06T12:49:54.256465+00:00,BTC-26MAR27-60000-P,81936.13,BTC-26MAR27,put,60000.0,2027-03-26T08:00:00+00:00,0.5497568174872297,0.025,0.0265,0.02581013,0.02575,81936.13,BTC-26MAR27,0.4443,-0.13326,130.81024,805.2,0.0,0.0014999999999999979,BTC,79949.3,0.0
2026-09-06T12:49:54.256465+00:00,BTC-8SEP26-73000-P,79918.77,BTC-8SEP26,put,73000.0,2026-09-08T08:00:00+00:00,0.004924510847941542,,0.0003,7.801e-05,,79918.77,BTC-8SEP26,0.5231,-0.00637,1.00634,11.8,3.4,,BTC,79949.3,30.38
2026-09-06T12:49:54.256465+00:00,BTC-25DEC26-65000-C,81015.59,BTC-25DEC26,call,65000.0,2026-12-25T08:00:00+00:00,0.3006123958582085,0.212,0.2215,0.21721381,0.21675,81015.59,BTC-25DEC26,0.4274,0.85492,101.33787,920.8,0.0,0.009500000000000008,BTC,79949.3,0.0
2026-09-06T12:49:54.256465+00:00,BTC-10SEP26-82500-C,79928.26,BTC-10SEP26,call,82500.0,2026-09-10T08:00:00+00:00,0.010400212422205745,0.0037,0.0042,0.00389442,0.00395,79928.26,BTC-10SEP26,0.3558,0.19835,22.71988,0.1,0.1,0.0004999999999999996,BTC,79949.3,29.52
2026-09-06T12:49:54.256465+00:00,BTC-10SEP26-79000-C,79928.26,BTC-10SEP26,call,79000.0,2026-09-10T08:00:00+00:00,0.010400212422205745,0.019,0.021,0.01984504,0.02,79928.26,BTC-10SEP26,0.327,0.64563,30.34443,0.0,0.0,0.0020000000000000018,BTC,79949.3,0.0
2026-09-06T12:49:54.256465+00:00,BTC-30OCT26-110000-P,80381.31,BTC-30OCT26,put,110000.0,2026-10-30T08:00:00+00:00,0.1472927517788108,0.3665,0.3765,0.37154745,0.3715,80381.31,BTC-30OCT26,0.45990000000000003,-0.95416,29.69583,0.0,0.0,0.010000000000000009,BTC,79949.22,0.0
2026-09-06T12:49:54.256465+00:00,BTC-9SEP26-78000-C,79932.44,BTC-9SEP26,call,78000.0,2026-09-09T08:00:00+00:00,0.0076623616350736425,0.0245,0.03,0.02724595,0.02725,79932.44,BTC-9SEP26,0.3262,0.80964,19.01822,0.0,0.0,0.005499999999999998,BTC,79949.22,0.0
2026-09-06T12:49:54.256465+00:00,BTC-9SEP26-80000-C,79932.44,BTC-9SEP26,call,80000.0,2026-09-09T08:00:00+00:00,0.0076623616350736425,0.0105,0.0115,0.01091698,0.011,79932.44,BTC-9SEP26,0.3243,0.49599,27.92569,0.6,0.6,0.0009999999999999992,BTC,79949.22,523.51
2026-09-06T12:49:54.256465+00:00,BTC-10SEP26-73000-P,79928.26,BTC-10SEP26,put,73000.0,2026-09-10T08:00:00+00:00,0.010400212422205745,0.0002,0.0003,0.00030161,0.00025,79928.26,BTC-10SEP26,0.4311,-0.01833,3.66698,0.0,0.0,9.999999999999996e-05,BTC,79949.22,0.0
2026-09-06T12:49:54.256465+00:00,BTC-25DEC26-190000-C,81015.59,BTC-25DEC26,call,190000.0,2026-12-25T08:00:00+00:00,0.3006123958582085,0.0007,0.001,0.00078147,0.00085,81015.59,BTC-25DEC26,0.6025,0.0079,9.63425,1026.7,0.0,0.00030000000000000003,BTC,79949.22,0.0
2026-09-06T12:49:54.256465+00:00,BTC-25SEP26-105000-P,80046.99,BTC-25SEP26,put,105000.0,2026-09-25T08:00:00+00:00,0.05146797422918726,0.308,0.3155,0.31233528,0.31175,80046.99,BTC-25SEP26,0.5341,-0.98522,6.7956,105.4,0.0,0.007500000000000007,BTC,79949.22,0.0
2026-09-06T12:49:54.256465+00:00,BTC-8SEP26-78500-C,79918.77,BTC-8SEP26,call,78500.0,2026-09-08T08:00:00+00:00,0.004924510847941542,0.0175,0.023,0.02015336,0.02025,79918.77,BTC-8SEP26,0.30519999999999997,0.80462,15.48981,0.2,0.0,0.005499999999999998,BTC,79949.22,0.0
2026-09-06T12:49:54.256465+00:00,BTC-25DEC26-230000-P,81015.59,BTC-25DEC26,put,230000.0,2026-12-25T08:00:00+00:00,0.3006123958582085,1.824,1.8585,1.83929463,1.84125,81015.59,BTC-25DEC26,0.662,-0.99644,4.74031,0.0,0.0,0.034499999999999975,BTC,79949.22,0.0
2026-09-06T12:49:54.256465+00:00,BTC-25SEP26-72000-C,80044.29,BTC-25SEP26,call,72000.0,2026-09-25T08:00:00+00:00,0.05146797422918726,0.1025,0.1085,0.10557409,0.1055,80044.29,BTC-25SEP26,0.3973,0.88925,34.33258,3314.4,4.0,0.006000000000000005,BTC,79949.22,33641.31
2026-09-06T12:49:54.256465+00:00,BTC-25SEP26-130000-P,80044.29,BTC-25SEP26,put,130000.0,2026-09-25T08:00:00+00:00,0.05146797422918726,0.619,0.6285,0.62411217,0.62375,80044.29,BTC-25SEP26,0.7031000000000001,-0.99845,0.91357,21.4,0.0,0.009499999999999953,BTC,79949.22,0.0
2026-09-06T12:49:54.256465+00:00,BTC-25SEP26-70000-P,80046.99,BTC-25SEP26,put,70000.0,2026-09-25T08:00:00+00:00,0.05146797422918726,0.0028,0.0029,0.00295761,0.00285,80046.99,BTC-25SEP26,0.41159999999999997,-0.06877,24.06573,8722.2,1.2,9.999999999999983e-05,BTC,79949.22,303.84
2026-09-06T12:49:54.256465+00:00,BTC-26MAR27-150000-C,81936.13,BTC-26MAR27,call,150000.0,2027-03-26T08:00:00+00:00,0.5497568174872297,0.008,0.009,0.00831343,0.0085,81936.13,BTC-26MAR27,0.4754,0.06203,74.31858,1901.8,0.0,0.0009999999999999992,BTC,79949.22,0.0
2026-09-06T12:49:54.256465+00:00,BTC-9SEP26-87000-P,79932.44,BTC-9SEP26,put,87000.0,2026-09-09T08:00:00+00:00,0.0076623616350736425,0.0855,0.0915,0.08865967,0.0885,79932.44,BTC-9SEP26,0.45439999999999997,-0.98251,3.02386,0.0,0.0,0.0059999999999999915,BTC,79949.22,0.0
2026-09-06T12:49:54.256465+00:00,BTC-25DEC26-45000-P,81015.59,BTC-25DEC26,put,45000.0,2026-12-25T08:00:00+00:00,0.3006123958582085,0.003,0.0033,0.00318639,0.00315,81015.59,BTC-25DEC26,0.5874,-0.02346,24.62883,2844.7,0.1,0.0002999999999999999,BTC,79949.22,25.6
2026-09-06T12:49:54.256465+00:00,BTC-30OCT26-67000-P,80381.31,BTC-30OCT26,put,67000.0,2026-10-30T08:00:00+00:00,0.1472927517788108,0.0085,0.0095,0.00903974,0.009,80381.31,BTC-30OCT26,0.41359999999999997,-0.10975,57.94899,411.7,1.2,0.0009999999999999992,BTC,79949.22,957.71
2026-09-06T12:49:54.256465+00:00,BTC-25JUN27-125000-C,82886.29,BTC-25JUN27,call,125000.0,2027-06-25T08:00:00+00:00,0.798901239116251,0.035,0.037,0.03595787,0.036,82886.29,BTC-25JUN27,0.4378,0.19675,205.48976,115.6,0.0,0.001999999999999995,BTC,79949.22,0.0
2026-09-06T12:49:54.256465+00:00,BTC-25JUN27-60000-C,82886.29,BTC-25JUN27,call,60000.0,2027-06-25T08:00:00+00:00,0.798901239116251,0.311,0.319,0.31618363,0.315,82886.29,BTC-25JUN27,0.4483,0.84308,178.07454,961.3,0.0,0.008000000000000007,BTC,79949.22,0.0
2026-09-06T12:49:54.256465+00:00,BTC-8SEP26-74000-C,79918.77,BTC-8SEP26,call,74000.0,2026-09-08T08:00:00+00:00,0.004924510847941542,0.072,0.077,0.07420754,0.0745,79918.77,BTC-8SEP26,0.48719999999999997,0.98852,1.68647,0.0,0.0,0.0050000000000000044,BTC,79949.18,0.0
2026-09-06T12:49:54.256465+00:00,BTC-8SEP26-83000-C,79918.77,BTC-8SEP26,call,83000.0,2026-09-08T08:00:00+00:00,0.004924510847941542,0.0006,0.0008,0.00065705,0.0007,79918.77,BTC-8SEP26,0.34850000000000003,0.06377,7.01035,44.7,35.8,0.0002000000000000001,BTC,79949.18,2258.38
2026-09-06T12:49:54.256465+00:00,BTC-8SEP26-88000-P,79918.77,BTC-8SEP26,put,88000.0,2026-09-08T08:00:00+00:00,0.004924510847941542,0.098,0.104,0.10117462,0.101,79918.77,BTC-8SEP26,0.5368999999999999,-0.99431,0.91094,0.0,0.0,0.0059999999999999915,BTC,79949.18,0.0
2026-09-06T12:49:54.256465+00:00,BTC-27NOV26-79000-P,80700.95,BTC-27NOV26,put,79000.0,2026-11-27T08:00:00+00:00,0.22395257381850964,0.0615,0.063,0.06237775,0.06225,80700.95,BTC-27NOV26,0.3881,-0.4172,149.15051,75.7,1.0,0.0015000000000000013,BTC,79949.18,5098.34
2026-09-06T12:49:54.256465+00:00,BTC-30OCT26-59000-C,80381.31,BTC-30OCT26,call,59000.0,2026-10-30T08:00:00+00:00,0.1472927517788108,0.2665,0.272,0.26928398,0.26925,80381.31,BTC-30OCT26,0.4869,0.95988,26.66661,1.0,0.0,0.005500000000000005,BTC,79949.18,0.0
2026-09-06T12:49:54.256465+00:00,BTC-10SEP26-81000-P,79928.26,BTC-10SEP26,put,81000.0,2026-09-10T08:00:00+00:00,0.010400212422205745,0.0205,0.0225,0.02173511,0.0215,79928.26,BTC-10SEP26,0.34240000000000004,-0.63937,30.53077,0.0,0.0,0.0019999999999999983,BTC,79949.18,0.0
2026-09-06T12:49:54.256465+00:00,BTC-25JUN27-115000-C,82886.29,BTC-25JUN27,call,115000.0,2027-06-25T08:00:00+00:00,0.798901239116251,0.048,0.05,0.04891647,0.049,82886.29,BTC-25JUN27,0.4294,0.2545,237.78691,38.2,0.0,0.0020000000000000018,BTC,79949.18,0.0
2026-09-06T12:49:54.256465+00:00,BTC-25SEP26-220000-C,80046.99,BTC-25SEP26,call,220000.0,2026-09-25T08:00:00+00:00,0.05146797422918726,,0.0001,1.46e-06,,80046.99,BTC-25SEP26,1.0735999999999999,3e-05,0.02185,241.9,0.0,,BTC,79949.18,0.0
2026-09-06T12:49:54.256465+00:00,BTC-26MAR27-106000-C,81936.13,BTC-26MAR27,call,106000.0,2027-03-26T08:00:00+00:00,0.5497568174872297,0.0385,0.0405,0.03940657,0.0395,81936.13,BTC-26MAR27,0.41600000000000004,0.24845,192.53596,79.2,0.0,0.0020000000000000018,BTC,79949.18,0.0
2026-09-06T12:49:54.256465+00:00,BTC-10SEP26-82000-P,79928.26,BTC-10SEP26,put,82000.0,2026-09-10T08:00:00+00:00,0.010400212422205745,0.028,0.034,0.03098529,0.031,79928.26,BTC-10SEP26,0.3515,-0.75448,25.66857,0.0,0.0,0.006000000000000002,BTC,79949.18,0.0
2026-09-06T12:49:54.256465+00:00,BTC-30OCT26-48000-C,80381.31,BTC-30OCT26,call,48000.0,2026-10-30T08:00:00+00:00,0.1472927517788108,0.4015,0.406,0.40386782,0.40375,80381.31,BTC-30OCT26,0.6214,0.98874,9.1224,0.1,0.0,0.004500000000000004,BTC,79949.18,0.0
2026-09-06T12:49:54.256465+00:00,BTC-8SEP26-89000-C,79918.77,BTC-8SEP26,call,89000.0,2026-09-08T08:00:00+00:00,0.004924510847941542,,0.0001,2.706e-05,,79918.77,BTC-8SEP26,0.5407,0.00248,0.43175,25.3,24.0,,BTC,79949.18,383.79
2026-09-06T12:49:54.256465+00:00,BTC-11SEP26-80000-P,79927.58,BTC-11SEP26,put,80000.0,2026-09-11T08:00:00+00:00,0.013138063209337846,0.016,0.017,0.01663905,0.0165,79927.58,BTC-11SEP26,0.354,-0.49806,36.57076,281.7,6.1,0.0010000000000000009,BTC,79949.18,8375.88
2026-09-06T12:49:54.256465+00:00,BTC-25SEP26-100000-C,80044.29,BTC-25SEP26,call,100000.0,2026-09-25T08:00:00+00:00,0.05146797422918726,0.0011,0.0013,0.00120245,0.0012,80044.29,BTC-25SEP26,0.5007,0.02874,11.9314,7278.5,1.1,0.00019999999999999987,BTC,79949.18,103.68
2026-09-06T12:49:54.256465+00:00,BTC-26MAR27-98000-C,81936.13,BTC-26MAR27,call,98000.0,2027-03-26T08:00:00+00:00,0.5497568174872297,0.0555,0.0575,0.05640216,0.0565,81936.13,BTC-26MAR27,0.40850000000000003,0.33055,220.29313,115.0,0.0,0.0020000000000000018,BTC,79949.18,0.0
2026-09-06T12:49:54.256465+00:00,BTC-7SEP26-75500-C,79911.72,BTC-7SEP26,call,75500.0,2026-09-07T08:00:00+00:00,0.0021866600608094404,0.053,0.058,0.05527566,0.0555,79911.72,BTC-7SEP26,0.47259999999999996,0.99524,0.51767,0.0,0.0,0.0050000000000000044,BTC,79949.18,0.0
2026-09-06T12:49:54.256465+00:00,BTC-30OCT26-88000-P,80381.31,BTC-30OCT26,put,88000.0,2026-10-30T08:00:00+00:00,0.1472927517788108,0.1165,0.125,0.1201687,0.12075,80381.31,BTC-30OCT26,0.3843,-0.7048,106.53784,8.1,0.0,0.008499999999999994,BTC,79949.18,0.0
2026-09-06T12:49:54.256465+00:00,BTC-7SEP26-75000-P,79914.57,BTC-7SEP26,put,75000.0,2026-09-07T08:00:00+00:00,0.0021866600608094404,,0.0002,3.384e-05,,79914.57,BTC-7SEP26,0.5206000000000001,-0.00429,0.47129,117.9,8.3,,BTC,79949.18,66.3
2026-09-06T12:49:54.256465+00:00,BTC-9SEP26-84000-C,79932.44,BTC-9SEP26,call,84000.0,2026-09-09T08:00:00+00:00,0.0076623616350736425,0.0009,0.0012,0.00102077,0.00105,79932.44,BTC-9SEP26,0.3801,0.07086,9.48817,13.1,13.5,0.0002999999999999999,BTC,79949.18,1061.48
2026-09-06T12:49:54.256465+00:00,BTC-30OCT26-102000-P,80384.25,BTC-30OCT26,put,102000.0,2026-10-30T08:00:00+00:00,0.1472927517788108,0.2695,0.281,0.27486261,0.27525,80384.25,BTC-30OCT26,0.42619999999999997,-0.91502,48.02456,0.0,0.0,0.01150000000000001,BTC,79949.18,0.0
2026-09-06T12:49:54.256465+00:00,BTC-8SEP26-72000-C,79915.86,BTC-8SEP26,call,72000.0,2026-09-08T08:00:00+00:00,0.004924510847941542,0.097,0.1015,0.09913755,0.09925,79915.86,BTC-8SEP26,0.5577000000000001,0.99644,0.5993,0.0,0.0,0.004500000000000004,BTC,79949.18,0.0
2026-09-06T12:49:54.256465+00:00,BTC-11SEP26-78000-C,79930.46,BTC-11SEP26,call,78000.0,2026-09-11T08:00:00+00:00,0.013138063209337846,0.0295,0.032,0.03074421,0.03075,79930.46,BTC-11SEP26,0.3502,0.73737,29.889,943.1,0.7,0.0025000000000000022,BTC,79949.18,1742.46
2026-09-06T12:49:54.256465+00:00,BTC-25SEP26-60000-P,80046.99,BTC-25SEP26,put,60000.0,2026-09-25T08:00:00+00:00,0.05146797422918726,0.0003,0.0005,0.00039932,0.0004,80046.99,BTC-25SEP26,0.5527000000000001,-0.00907,4.44484,5321.2,1.6,0.00020000000000000004,BTC,79949.18,50.4
2026-09-06T12:49:54.256465+00:00,BTC-27NOV26-88000-P,80700.22,BTC-27NOV26,put,88000.0,2026-11-27T08:00:00+00:00,0.22395257381850964,0.1295,0.132,0.13070789,0.13075,80700.22,BTC-27NOV26,0.39189999999999997,-0.64533,142.21519,0.0,0.0,0.0025000000000000022,BTC,79949.18,0.0
2026-09-06T12:49:54.256465+00:00,BTC-25DEC26-72000-P,81016.32,BTC-25DEC26,put,72000.0,2026-12-25T08:00:00+00:00,0.3006123958582085,0.0385,0.0395,0.03893662,0.039,81016.32,BTC-25DEC26,0.4029,-0.25928,143.96123,782.7,3.2,0.0010000000000000009,BTC,79949.18,9973.87
2026-09-06T12:49:54.256465+00:00,BTC-7SEP26-72000-P,79914.57,BTC-7SEP26,put,72000.0,2026-09-07T08:00:00+00:00,0.0021866600608094404,,0.0001,1.7e-07,,79914.57,BTC-7SEP26,0.557,-3e-05,0.00452,11.4,0.0,,BTC,79949.18,0.0
2026-09-06T12:49:54.256465+00:00,BTC-26MAR27-56000-C,81936.13,BTC-26MAR27,call,56000.0,2027-03-26T08:00:00+00:00,0.5497568174872297,0.3295,0.34,0.33530009,0.33475,81936.13,BTC-26MAR27,0.4611,0.90052,106.27495,16.9,0.0,0.01050000000000001,BTC,79949.18,0.0
2026-09-06T12:49:54.256465+00:00,BTC-27NOV26-105000-P,80700.95,BTC-27NOV26,put,105000.0,2026-11-27T08:00:00+00:00,0.22395257381850964,0.306,0.318,0.31155361,0.312,80700.95,BTC-27NOV26,0.4274,-0.88463,74.34081,0.0,0.0,0.01200000000000001,BTC,79949.18,0.0
2026-09-06T12:49:54.256465+00:00,BTC-8SEP26-81500-C,79918.77,BTC-8SEP26,call,81500.0,2026-09-08T08:00:00+00:00,0.004924510847941542,0.0023,0.0026,0.00238455,0.00245,79918.77,BTC-8SEP26,0.3193,0.19722,15.57771,41.7,33.9,0.0002999999999999999,BTC,79949.18,7104.42
2026-09-06T12:49:54.256465+00:00,BTC-9SEP26-76000-C,79932.44,BTC-9SEP26,call,76000.0,2026-09-09T08:00:00+00:00,0.0076623616350736425,0.047,0.053,0.04996029,0.05,79932.44,BTC-9SEP26,0.36460000000000004,0.94537,7.7457,0.0,0.0,0.005999999999999998,BTC,79949.18,0.0
2026-09-06T12:49:54.256465+00:00,BTC-10SEP26-75000-P,79928.26,BTC-10SEP26,put,75000.0,2026-09-10T08:00:00+00:00,0.010400212422205745,0.0006,0.001,0.00079198,0.0008,79928.26,BTC-10SEP26,0.38020000000000004,-0.04782,8.11674,0.0,0.0,0.0004000000000000001,BTC,79949.18,0.0
2026-09-06T12:49:54.256465+00:00,BTC-25JUN27-55000-C,82886.29,BTC-25JUN27,call,55000.0,2027-06-25T08:00:00+00:00,0.798901239116251,0.361,0.3675,0.36490396,0.36425,82886.29,BTC-25JUN27,0.4645,0.88411,144.67401,2.9,0.0,0.006500000000000006,BTC,79949.18,0.0
2026-09-06T12:49:54.256465+00:00,BTC-10SEP26-71000-C,79928.26,BTC-10SEP26,call,71000.0,2026-09-10T08:00:00+00:00,0.010400212422205745,0.1095,0.1145,0.11188374,0.112,79928.26,BTC-10SEP26,0.5035000000000001,0.99027,2.1232,0.0,0.0,0.0050000000000000044,BTC,79949.18,0.0
2026-09-06T12:49:54.256465+00:00,BTC-27NOV26-93000-P,80700.22,BTC-27NOV26,put,93000.0,2026-11-27T08:00:00+00:00,0.22395257381850964,0.174,0.1855,0.17884268,0.17975,80700.22,BTC-27NOV26,0.3987,-0.74406,122.94051,2.0,0.0,0.01150000000000001,BTC,79949.18,0.0
2026-09-06T12:49:54.256465+00:00,BTC-27NOV26-108000-P,80700.22,BTC-27NOV26,put,108000.0,2026-11-27T08:00:00+00:00,0.22395257381850964,0.3415,0.353,0.34673349,0.34725,80700.22,BTC-27NOV26,0.4355,-0.90476,64.70694,0.0,0.0,0.011499999999999955,BTC,79949.18,0.0
2026-09-06T12:49:54.256465+00:00,BTC-25DEC26-56000-C,81015.59,BTC-25DEC26,call,56000.0,2026-12-25T08:00:00+00:00,0.3006123958582085,0.3125,0.3205,0.3168016,0.3165,81015.59,BTC-25DEC26,0.4814,0.93721,54.86045,41.5,0.0,0.008000000000000007,BTC,79949.18,0.0
2026-09-06T12:49:54.256465+00:00,BTC-25SEP26-52000-P,80046.99,BTC-25SEP26,put,52000.0,2026-09-25T08:00:00+00:00,0.05146797422918726,0.0001,0.0002,0.00015128,0.00015,80046.99,BTC-25SEP26,0.7117,-0.00296,1.64073,1210.3,0.2,0.0001,BTC,79949.18,2.39
2026-09-06T12:49:54.256465+00:00,BTC-26MAR27-86000-P,81936.13,BTC-26MAR27,put,86000.0,2027-03-26T08:00:00+00:00,0.5497568174872297,0.147,0.15,0.14835414,0.1485,81936.13,BTC-26MAR27,0.40380000000000005,-0.50437,242.49826,3.1,0.0,0.0030000000000000027,BTC,79949.38,0.0
2026-09-06T12:49:54.256465+00:00,BTC-18SEP26-80000-C,79993.8,BTC-18SEP26,call,80000.0,2026-09-18T08:00:00+00:00,0.032303018719262555,0.0265,0.0275,0.02682355,0.027,79993.8,BTC-18SEP26,0.37450000000000006,0.5144,57.35144,510.0,146.3,0.0010000000000000009,BTC,79949.38,297524.8
2026-09-06T12:49:54.256465+00:00,BTC-26MAR27-40000-P,81936.13,BTC-26MAR27,put,40000.0,2027-03-26T08:00:00+00:00,0.5497568174872297,0.0044,0.005,0.00470661,0.0047,81936.13,BTC-26MAR27,0.5558,-0.02582,36.50266,1883.9,0.2,0.0005999999999999998,BTC,79949.38,75.04
2026-09-06T12:49:54.256465+00:00,BTC-26MAR27-120000-C,81936.13,BTC-26MAR27,call,120000.0,2027-03-26T08:00:00+00:00,0.5497568174872297,0.021,0.023,0.02211468,0.022,81936.13,BTC-26MAR27,0.4328,0.15214,143.07439,791.2,0.0,0.0019999999999999983,BTC,79949.38,0.0
2026-09-06T12:49:54.256465+00:00,BTC-10SEP26-75000-C,79928.26,BTC-10SEP26,call,75000.0,2026-09-10T08:00:00+00:00,0.010400212422205745,0.06,0.0655,0.06245721,0.06275,79928.26,BTC-10SEP26,0.38020000000000004,0.9522,8.11393,0.0,0.0,0.005500000000000005,BTC,79949.38,0.0
2026-09-06T12:49:54.256465+00:00,BTC-7SEP26-73000-C,79914.57,BTC-7SEP26,call,73000.0,2026-09-07T08:00:00+00:00,0.0021866600608094404,0.0845,0.089,0.08652614,0.08675,79914.57,BTC-7SEP26,0.557,0.99977,0.03288,0.0,0.0,0.00449999999999999,BTC,79949.38,0.0
2026-09-06T12:49:54.256465+00:00,BTC-30OCT26-80000-C,80381.31,BTC-30OCT26,call,80000.0,2026-10-30T08:00:00+00:00,0.1472927517788108,0.059,0.0605,0.05960283,0.05975,80381.31,BTC-30OCT26,0.3746,0.54252,122.44449,1298.6,10.4,0.0015000000000000013,BTC,79949.38,49455.4
2026-09-06T12:49:54.256465+00:00,BTC-25JUN27-140000-C,82885.56,BTC-25JUN27,call,140000.0,2027-06-25T08:00:00+00:00,0.798901239116251,0.0235,0.025,0.02415855,0.02425,82885.56,BTC-25JUN27,0.4542,0.1385,163.78565,387.6,0.0,0.0015000000000000013,BTC,79949.38,0.0
2026-09-06T12:49:54.256465+00:00,BTC-8SEP26-79500-C,79918.77,BTC-8SEP26,call,79500.0,2026-09-08T08:00:00+00:00,0.004924510847941542,0.0105,0.0115,0.01096512,0.011,79918.77,BTC-8SEP26,0.2889,0.61079,21.51345,14.2,5.1,0.0009999999999999992,BTC,79949.92,4675.5
2026-09-06T12:49:54.256465+00:00,BTC-27NOV26-67000-C,80700.22,BTC-27NOV26,call,67000.0,2026-11-27T08:00:00+00:00,0.22395257381850964,0.182,0.191,0.18633574,0.1865,80700.22,BTC-27NOV26,0.41619999999999996,0.85177,88.39045,0.0,0.0,0.009000000000000008,BTC,79949.38,0.0
2026-09-06T12:49:54.256465+00:00,BTC-30OCT26-96000-P,80381.31,BTC-30OCT26,put,96000.0,2026-10-30T08:00:00+00:00,0.1472927517788108,0.2,0.2105,0.20520418,0.20525,80381.31,BTC-30OCT26,0.4077,-0.85416,70.62831,0.1,0.0,0.010499999999999982,BTC,79949.92,0.0
2026-09-06T12:49:54.256465+00:00,BTC-7SEP26-73000-P,79911.72,BTC-7SEP26,put,73000.0,2026-09-07T08:00:00+00:00,0.0021866600608094404,,0.0001,1.62e-06,,79911.72,BTC-7SEP26,0.557,-0.00023,0.03283,16.0,15.0,,BTC,79949.92,119.67
2026-09-06T12:49:54.256465+00:00,BTC-11SEP26-77000-P,79927.58,BTC-11SEP26,put,77000.0,2026-09-11T08:00:00+00:00,0.013138063209337846,0.0036,0.004,0.00382555,0.0038,79927.58,BTC-11SEP26,0.353,-0.17134,23.31254,549.3,7.6,0.0004000000000000002,BTC,79949.38,2475.85
2026-09-06T12:49:54.256465+00:00,BTC-25SEP26-190000-C,80046.99,BTC-25SEP26,call,190000.0,2026-09-25T08:00:00+00:00,0.05146797422918726,,0.0001,1.8e-06,,80046.99,BTC-25SEP26,0.9386,4e-05,0.02959,762.1,0.0,,BTC,79949.92,0.0
2026-09-06T12:49:54.256465+00:00,BTC-26MAR27-56000-P,81936.13,BTC-26MAR27,put,56000.0,2027-03-26T08:00:00+00:00,0.5497568174872297,0.018,0.0195,0.01873016,0.01875,81936.13,BTC-26MAR27,0.4611,-0.09947,106.27236,122.9,0.0,0.0015000000000000013,BTC,79949.92,0.0
2026-09-06T12:49:54.256465+00:00,BTC-11SEP26-84000-C,79930.46,BTC-11SEP26,call,84000.0,2026-09-11T08:00:00+00:00,0.013138063209337846,0.0032,0.0033,0.00322172,0.00325,79930.46,BTC-11SEP26,0.39549999999999996,0.14304,20.70138,1400.0,4.1,9.999999999999983e-05,BTC,79949.38,1014.31
2026-09-06T12:49:54.256465+00:00,BTC-25JUN27-56000-C,82886.29,BTC-25JUN27,call,56000.0,2027-06-25T08:00:00+00:00,0.798901239116251,0.351,0.3575,0.35492378,0.35425,82886.29,BTC-25JUN27,0.4611,0.87654,151.27497,3.0,0.0,0.006500000000000006,BTC,79949.92,0.0
2026-09-06T12:49:54.256465+00:00,BTC-25SEP26-64000-C,80044.29,BTC-25SEP26,call,64000.0,2026-09-25T08:00:00+00:00,0.05146797422918726,0.199,0.204,0.20139357,0.2015,80044.29,BTC-25SEP26,0.4996,0.97896,9.18402,663.4,0.0,0.004999999999999977,BTC,79949.92,0.0
2026-09-06T12:49:54.256465+00:00,BTC-25JUN27-94000-C,82885.56,BTC-25JUN27,call,94000.0,2027-06-25T08:00:00+00:00,0.798901239116251,0.098,0.101,0.09950898,0.0995,82885.56,BTC-25JUN27,0.4169,0.44017,292.39504,17.7,0.0,0.0030000000000000027,BTC,79949.92,0.0
2026-09-06T12:49:54.256465+00:00,BTC-25JUN27-200000-P,82886.29,BTC-25JUN27,put,200000.0,2027-06-25T08:00:00+00:00,0.798901239116251,1.399,1.445,1.42058457,1.422,82886.29,BTC-25JUN27,0.5166,-0.95306,72.69014,2.1,0.0,0.04600000000000004,BTC,79949.92,0.0
2026-09-06T12:49:54.256465+00:00,BTC-27NOV26-78000-C,80700.22,BTC-27NOV26,call,78000.0,2026-11-27T08:00:00+00:00,0.22395257381850964,0.0895,0.0915,0.09007345,0.0905,80700.22,BTC-27NOV26,0.3889,0.6096,146.65715,34.9,0.0,0.0020000000000000018,BTC,79951.18,0.0
2026-09-06T12:49:54.256465+00:00,BTC-25SEP26-220000-P,80046.99,BTC-25SEP26,put,220000.0,2026-09-25T08:00:00+00:00,0.05146797422918726,1.7385,1.757,1.74838473,1.74775,80046.99,BTC-25SEP26,1.0735999999999999,-0.99997,0.02185,27.7,0.0,0.01849999999999996,BTC,79951.18,0.0
2026-09-06T12:49:54.256465+00:00,BTC-27NOV26-62000-P,80700.22,BTC-27NOV26,put,62000.0,2026-11-27T08:00:00+00:00,0.22395257381850964,0.009,0.0095,0.00924856,0.00925,80700.22,BTC-27NOV26,0.4446,-0.0871,60.55604,107.3,0.0,0.0005000000000000004,BTC,79951.18,0.0
2026-09-06T12:49:54.256465+00:00,BTC-7SEP26-88000-P,79911.72,BTC-7SEP26,put,88000.0,2026-09-07T08:00:00+00:00,0.0021866600608094404,0.098,0.104,0.10117596,0.101,79911.72,BTC-7SEP26,0.4808,-0.99999,0.00168,0.0,0.0,0.0059999999999999915,BTC,79951.18,0.0
2026-09-06T12:49:54.256465+00:00,BTC-25DEC26-50000-C,81015.59,BTC-25DEC26,call,50000.0,2026-12-25T08:00:00+00:00,0.3006123958582085,0.384,0.3905,0.38757338,0.38725,81015.59,BTC-25DEC26,0.534,0.9637,35.38675,260.7,0.0,0.006500000000000006,BTC,79951.18,0.0
2026-09-06T12:49:54.256465+00:00,BTC-18SEP26-82000-P,79993.8,BTC-18SEP26,put,82000.0,2026-09-18T08:00:00+00:00,0.032303018719262555,0.039,0.0445,0.04197575,0.04175,79993.8,BTC-18SEP26,0.38079999999999997,-0.62696,54.45817,26.8,0.0,0.005499999999999998,BTC,79951.18,0.0
2026-09-06T12:49:54.256465+00:00,BTC-30OCT26-45000-P,80381.31,BTC-30OCT26,put,45000.0,2026-10-30T08:00:00+00:00,0.1472927517788108,0.0008,0.001,0.00079809,0.0009,80381.31,BTC-30OCT26,0.6701,-0.00855,7.17099,220.2,1.0,0.00019999999999999998,BTC,79951.18,63.98
2026-09-06T12:49:54.256465+00:00,BTC-30OCT26-69000-C,80381.31,BTC-30OCT26,call,69000.0,2026-10-30T08:00:00+00:00,0.1472927517788108,0.15,0.1575,0.15367837,0.15375,80381.31,BTC-30OCT26,0.4011,0.85777,69.4477,685.1,0.0,0.007500000000000007,BTC,79951.08,0.0
2026-09-06T12:49:54.256465+00:00,BTC-7SEP26-81500-P,79911.72,BTC-7SEP26,put,81500.0,2026-09-07T08:00:00+00:00,0.0021866600608094404,0.0175,0.023,0.02042477,0.02025,79911.72,BTC-7SEP26,0.3091,-0.90888,6.12527,0.1,0.0,0.005499999999999998,BTC,79951.08,0.0
2026-09-06T12:49:54.256465+00:00,BTC-8SEP26-86000-C,79918.77,BTC-8SEP26,call,86000.0,2026-09-08T08:00:00+00:00,0.004924510847941542,,0.0002,7.871e-05,,79918.77,BTC-8SEP26,0.4305,0.00812,1.24666,77.1,75.3,,BTC,79951.08,884.52
2026-09-06T12:49:54.256465+00:00,BTC-25JUN27-84000-C,82885.56,BTC-25JUN27,call,84000.0,2027-06-25T08:00:00+00:00,0.798901239116251,0.1405,0.144,0.14229692,0.14225,82885.56,BTC-25JUN27,0.4171,0.56015,292.36306,18.9,0.0,0.0034999999999999754,BTC,79951.08,0.0
2026-09-06T12:49:54.256465+00:00,BTC-25SEP26-40000-P,80044.29,BTC-25SEP26,put,40000.0,2026-09-25T08:00:00+00:00,0.05146797422918726,,0.0002,8.688e-05,,80044.29,BTC-25SEP26,1.0495999999999999,-0.00121,0.72997,2816.8,5.0,,BTC,79951.08,39.91
2026-09-06T12:49:54.256465+00:00,BTC-25SEP26-280000-P,80044.29,BTC-25SEP26,put,280000.0,2026-09-25T08:00:00+00:00,0.05146797422918726,2.4845,2.5095,2.49794359,2.497,80044.29,BTC-25SEP26,1.2987,-0.99998,0.01618,0.0,0.0,0.02499999999999991,BTC,79951.08,0.0
2026-09-06T12:49:54.256465+00:00,BTC-30OCT26-69000-P,80381.31,BTC-30OCT26,put,69000.0,2026-10-30T08:00:00+00:00,0.1472927517788108,0.0115,0.0125,0.01205548,0.012,80381.31,BTC-30OCT26,0.4011,-0.14223,69.4477,295.4,0.0,0.0010000000000000009,BTC,79951.08,0.0
2026-09-06T12:49:54.256465+00:00,BTC-9SEP26-85000-P,79932.44,BTC-9SEP26,put,85000.0,2026-09-09T08:00:00+00:00,0.0076623616350736425,0.061,0.067,0.06403626,0.064,79932.44,BTC-9SEP26,0.40850000000000003,-0.95509,6.62404,0.0,0.0,0.006000000000000005,BTC,79951.08,0.0
2026-09-06T12:49:54.256465+00:00,BTC-7SEP26-79500-P,79911.72,BTC-7SEP26,put,79500.0,2026-09-07T08:00:00+00:00,0.0021866600608094404,0.0024,0.0026,0.0025146,0.0025,79911.72,BTC-7SEP26,0.2502,-0.31759,13.32308,77.6,34.5,0.0002000000000000001,BTC,79950.66,7940.02
2026-09-06T12:49:54.256465+00:00,BTC-27NOV26-82000-P,80700.22,BTC-27NOV26,put,82000.0,2026-11-27T08:00:00+00:00,0.22395257381850964,0.0815,0.0825,0.08213297,0.082,80700.22,BTC-27NOV26,0.3882,-0.49743,152.44652,26.0,0.8,0.0010000000000000009,BTC,79951.08,5354.58
2026-09-06T12:49:54.256465+00:00,BTC-30OCT26-62000-P,80381.31,BTC-30OCT26,put,62000.0,2026-10-30T08:00:00+00:00,0.1472927517788108,0.0044,0.0049,0.00470857,0.00465,80381.31,BTC-30OCT26,0.4569,-0.05827,35.93592,1201.0,8.0,0.0004999999999999996,BTC,79950.66,2879.49
2026-09-06T12:49:54.256465+00:00,BTC-18SEP26-81000-C,79990.9,BTC-18SEP26,call,81000.0,2026-09-18T08:00:00+00:00,0.032303018719262555,0.021,0.022,0.02140379,0.0215,79990.9,BTC-18SEP26,0.37729999999999997,0.44179,56.77812,584.2,11.9,0.0009999999999999974,BTC,79950.66,19624.49
2026-09-06T12:49:54.256465+00:00,BTC-8SEP26-75000-C,79918.77,BTC-8SEP26,call,75000.0,2026-09-08T08:00:00+00:00,0.004924510847941542,0.0595,0.0645,0.06175573,0.062,79918.77,BTC-8SEP26,0.43439999999999995,0.9824,2.436,0.0,0.0,0.0050000000000000044,BTC,79950.66,0.0
2026-09-06T12:49:54.256465+00:00,BTC-25JUN27-88000-P,82886.29,BTC-25JUN27,put,88000.0,2027-06-25T08:00:00+00:00,0.798901239116251,0.1815,0.188,0.18504768,0.18475,82886.29,BTC-25JUN27,0.4165,-0.48959,295.62994,4.7,0.0,0.006500000000000006,BTC,79950.66,0.0
2026-09-06T12:49:54.256465+00:00,BTC-30OCT26-40000-C,80381.31,BTC-30OCT26,call,40000.0,2026-10-30T08:00:00+00:00,0.1472927517788108,0.502,0.5045,0.50275302,0.50325,80381.31,BTC-30OCT26,0.7209,0.9961,3.57145,0.1,0.0,0.0024999999999999467,BTC,79950.66,0.0
2026-09-06T12:49:54.256465+00:00,BTC-30OCT26-86000-P,80381.31,BTC-30OCT26,put,86000.0,2026-10-30T08:00:00+00:00,0.1472927517788108,0.0975,0.105,0.10172831,0.10125,80381.31,BTC-30OCT26,0.3821,-0.64999,114.33734,98.5,0.0,0.007499999999999993,BTC,79950.66,0.0
2026-09-06T12:49:54.256465+00:00,BTC-10SEP26-83000-C,79928.26,BTC-10SEP26,call,83000.0,2026-09-10T08:00:00+00:00,0.010400212422205745,0.0028,0.0033,0.00302038,0.00305,79928.26,BTC-10SEP26,0.36229999999999996,0.15992,19.83642,0.1,0.1,0.0005,BTC,79950.66,23.15
2026-09-06T12:49:54.256465+00:00,BTC-26MAR27-82000-P,81936.13,BTC-26MAR27,put,82000.0,2027-03-26T08:00:00+00:00,0.5497568174872297,0.1175,0.121,0.11933465,0.11925,81936.13,BTC-26MAR27,0.40340000000000004,-0.44119,239.87698,6.9,0.0,0.003500000000000003,BTC,79950.74,0.0
2026-09-06T12:49:54.256465+00:00,BTC-25DEC26-64000-C,81015.59,BTC-25DEC26,call,64000.0,2026-12-25T08:00:00+00:00,0.3006123958582085,0.223,0.232,0.22759389,0.2275,81015.59,BTC-25DEC26,0.4314,0.86778,95.13056,405.0,0.0,0.009000000000000008,BTC,79950.66,0.0
2026-09-06T12:49:54.256465+00:00,BTC-26MAR27-95000-P,81938.89,BTC-26MAR27,put,95000.0,2027-03-26T08:00:00+00:00,0.5497568174872297,0.2155,0.233,0.22427141,0.22425,81938.89,BTC-26MAR27,0.4068,-0.63249,229.01715,0.4,0.0,0.017500000000000016,BTC,79950.74,0.0
2026-09-06T12:49:54.256465+00:00,BTC-25DEC26-95000-C,81015.59,BTC-25DEC26,call,95000.0,2026-12-25T08:00:00+00:00,0.3006123958582085,0.0315,0.0325,0.03216355,0.032,81015.59,BTC-25DEC26,0.39880000000000004,0.26849,146.5464,1480.9,0.0,0.0010000000000000009,BTC,79950.66,0.0
2026-09-06T12:49:54.256465+00:00,BTC-11SEP26-82000-C,79927.58,BTC-11SEP26,call,82000.0,2026-09-11T08:00:00+00:00,0.013138063209337846,0.007,0.0075,0.00722364,0.00725,79927.58,BTC-11SEP26,0.37020000000000003,0.28267,30.99854,1840.5,16.6,0.0004999999999999996,BTC,79950.66,10170.38
2026-09-06T12:49:54.256465+00:00,BTC-25SEP26-95000-C,80044.29,BTC-25SEP26,call,95000.0,2026-09-25T08:00:00+00:00,0.05146797422918726,0.0021,0.0023,0.00222052,0.0022,80044.29,BTC-25SEP26,0.45289999999999997,0.05346,19.7647,5581.2,0.2,0.0002000000000000001,BTC,79950.74,35.99
2026-09-06T12:49:54.256465+00:00,BTC-27NOV26-105000-C,80700.95,BTC-27NOV26,call,105000.0,2026-11-27T08:00:00+00:00,0.22395257381850964,0.01,0.011,0.01045192,0.0105,80700.95,BTC-27NOV26,0.4274,0.11539,74.35345,7.7,0.2,0.0009999999999999992,BTC,79950.74,168.1
2026-09-06T12:49:54.256465+00:00,BTC-27NOV26-94000-C,80700.95,BTC-27NOV26,call,94000.0,2026-11-27T08:00:00+00:00,0.22395257381850964,0.024,0.025,0.02440889,0.0245,80700.95,BTC-27NOV26,0.401,0.23971,118.71727,48.3,0.0,0.0010000000000000009,BTC,79950.74,0.0
2026-09-06T12:49:54.256465+00:00,BTC-11SEP26-74000-P,79927.58,BTC-11SEP26,put,74000.0,2026-09-11T08:00:00+00:00,0.013138063209337846,0.0008,0.0011,0.00097341,0.00095,79927.58,BTC-11SEP26,0.4115,-0.04807,9.16081,825.5,76.0,0.00030000000000000003,BTC,79950.74,7248.26
2026-09-06T12:49:54.256465+00:00,BTC-25SEP26-35000-C,80044.29,BTC-25SEP26,call,35000.0,2026-09-25T08:00:00+00:00,0.05146797422918726,0.562,0.564,0.56277369,0.563,80044.29,BTC-25SEP26,1.0855,0.99975,0.16855,29.3,0.0,0.0019999999999998908,BTC,79950.74,0.0
2026-09-06T12:49:54.256465+00:00,BTC-10SEP26-71000-P,79928.26,BTC-10SEP26,put,71000.0,2026-09-10T08:00:00+00:00,0.010400212422205745,,0.0002,0.00017399,,79928.26,BTC-10SEP26,0.5035000000000001,-0.00972,2.12023,0.0,0.0,,BTC,79950.74,0.0
2026-09-06T12:49:54.256465+00:00,BTC-25DEC26-240000-P,81015.59,BTC-25DEC26,put,240000.0,2026-12-25T08:00:00+00:00,0.3006123958582085,1.9465,1.983,1.96269165,1.96475,81015.59,BTC-25DEC26,0.6788,-0.99683,4.26962,0.0,0.0,0.0365000000000002,BTC,79950.74,0.0
2026-09-06T12:49:54.256465+00:00,BTC-18SEP26-88000-P,79993.8,BTC-18SEP26,put,88000.0,2026-09-18T08:00:00+00:00,0.032303018719262555,0.1005,0.107,0.10402057,0.10375,79993.8,BTC-18SEP26,0.4214,-0.88829,27.35106,0.0,0.0,0.006499999999999992,BTC,79950.99,0.0
2026-09-06T12:49:54.256465+00:00,BTC-10SEP26-77000-C,79928.26,BTC-10SEP26,call,77000.0,2026-09-10T08:00:00+00:00,0.010400212422205745,0.0365,0.042,0.03915251,0.03925,79928.26,BTC-10SEP26,0.3428,0.86273,17.91007,0.0,0.0,0.005500000000000005,BTC,79950.99,0.0
2026-09-06T12:49:54.256465+00:00,BTC-25JUN27-105000-C,82885.56,BTC-25JUN27,call,105000.0,2027-06-25T08:00:00+00:00,0.798901239116251,0.067,0.069,0.06785509,0.068,82885.56,BTC-25JUN27,0.4219,0.3308,268.71426,152.5,0.0,0.0020000000000000018,BTC,79950.99,0.0
2026-09-06T12:49:54.256465+00:00,BTC-25DEC26-86000-P,81015.59,BTC-25DEC26,put,86000.0,2026-12-25T08:00:00+00:00,0.3006123958582085,0.1215,0.123,0.12245047,0.12225,81015.59,BTC-25DEC26,0.3924,-0.56696,174.81219,57.9,0.0,0.0015000000000000013,BTC,79950.99,0.0
2026-09-06T12:49:54.256465+00:00,BTC-25SEP26-200000-C,80044.29,BTC-25SEP26,call,200000.0,2026-09-25T08:00:00+00:00,0.05146797422918726,,0.0001,1.55e-06,,80044.29,BTC-25SEP26,0.9823999999999999,3e-05,0.02484,1018.5,0.0,,BTC,79950.99,0.0
2026-09-06T12:49:54.256465+00:00,BTC-26MAR27-150000-P,81938.89,BTC-26MAR27,put,150000.0,2027-03-26T08:00:00+00:00,0.5497568174872297,0.826,0.8535,0.83892968,0.83975,81938.89,BTC-26MAR27,0.4754,-0.93797,74.32688,0.6,0.0,0.02750000000000008,BTC,79950.99,0.0
2026-09-06T12:49:54.256465+00:00,BTC-7SEP26-83500-P,79914.57,BTC-7SEP26,put,83500.0,2026-09-07T08:00:00+00:00,0.0021866600608094404,0.042,0.0475,0.04491982,0.04475,79914.57,BTC-7SEP26,0.39390000000000003,-0.99085,0.92182,0.0,0.0,0.005499999999999998,BTC,79950.99,0.0
2026-09-06T12:49:54.256465+00:00,BTC-9SEP26-89000-P,79932.44,BTC-9SEP26,put,89000.0,2026-09-09T08:00:00+00:00,0.0076623616350736425,0.1105,0.1165,0.11356534,0.1135,79932.44,BTC-9SEP26,0.513,-0.99101,1.69929,0.0,0.0,0.006000000000000005,BTC,79950.99,0.0
2026-09-06T12:49:54.256465+00:00,BTC-27NOV26-84000-P,80700.95,BTC-27NOV26,put,84000.0,2026-11-27T08:00:00+00:00,0.22395257381850964,0.0965,0.0975,0.0970332,0.097,80700.95,BTC-27NOV26,0.38880000000000003,-0.54943,151.27722,3.2,1.6,0.0010000000000000009,BTC,79950.99,12622.68
2026-09-06T12:49:54.256465+00:00,BTC-8SEP26-72000-P,79918.77,BTC-8SEP26,put,72000.0,2026-09-08T08:00:00+00:00,0.004924510847941542,,0.0002,4.409e-05,,79918.77,BTC-8SEP26,0.5577000000000001,-0.00355,0.59739,5.8,0.4,,BTC,79950.99,6.39
2026-09-06T12:49:54.256465+00:00,BTC-25SEP26-45000-P,80044.29,BTC-25SEP26,put,45000.0,2026-09-25T08:00:00+00:00,0.05146797422918726,,0.0002,9.252e-05,,80044.29,BTC-25SEP26,0.8865999999999999,-0.00152,0.89537,2177.1,5.0,,BTC,79950.99,39.9
2026-09-06T12:49:54.256465+00:00,BTC-7SEP26-84000-P,79911.72,BTC-7SEP26,put,84000.0,2026-09-07T08:00:00+00:00,0.0021866600608094404,0.048,0.0535,0.05117059,0.05075,79911.72,BTC-7SEP26,0.43439999999999995,-0.99248,0.77603,0.0,0.0,0.005499999999999998,BTC,79950.99,0.0
2026-09-06T12:49:54.256465+00:00,BTC-25DEC26-20000-C,81015.59,BTC-25DEC26,call,20000.0,2026-12-25T08:00:00+00:00,0.3006123958582085,0.7525,0.7545,0.75352765,0.7535,81015.59,BTC-25DEC26,0.9843000000000001,0.99789,2.95505,4.2,0.0,0.0020000000000000018,BTC,79950.99,0.0
2026-09-06T12:49:54.256465+00:00,BTC-26MAR27-110000-C,81936.13,BTC-26MAR27,call,110000.0,2027-03-26T08:00:00+00:00,0.5497568174872297,0.032,0.034,0.03314527,0.033,81936.13,BTC-26MAR27,0.4203,0.21534,177.78564,1157.6,0.0,0.0020000000000000018,BTC,79950.99,0.0
2026-09-06T12:49:54.256465+00:00,BTC-25SEP26-145000-C,80046.99,BTC-25SEP26,call,145000.0,2026-09-25T08:00:00+00:00,0.05146797422918726,,0.0002,2.33e-05,,80046.99,BTC-25SEP26,0.7775,0.00052,0.337,490.3,0.0,,BTC,79950.99,0.0
2026-09-06T12:49:54.256465+00:00,BTC-26MAR27-125000-C,81936.13,BTC-26MAR27,call,125000.0,2027-03-26T08:00:00+00:00,0.5497568174872297,0.0175,0.019,0.01819748,0.01825,81936.13,BTC-26MAR27,0.4386,0.12825,127.39263,302.8,0.0,0.0014999999999999979,BTC,79950.87,0.0
2026-09-06T12:49:54.256465+00:00,BTC-11SEP26-83000-C,79930.46,BTC-11SEP26,call,83000.0,2026-09-11T08:00:00+00:00,0.013138063209337846,0.0048,0.005,0.00491894,0.0049,79930.46,BTC-11SEP26,0.38520000000000004,0.20453,26.00899,415.9,4.1,0.00020000000000000052,BTC,79950.99,1441.69
2026-09-06T12:49:54.256465+00:00,BTC-25DEC26-150000-P,81016.32,BTC-25DEC26,put,150000.0,2026-12-25T08:00:00+00:00,0.3006123958582085,0.845,0.8655,0.85365752,0.85525,81016.32,BTC-25DEC26,0.5224,-0.97757,23.71497,4.4,0.0,0.020500000000000074,BTC,79950.99,0.0
2026-09-06T12:49:54.256465+00:00,BTC-25JUN27-120000-P,82886.29,BTC-25JUN27,put,120000.0,2027-06-25T08:00:00+00:00,0.798901239116251,0.4775,0.503,0.48969692,0.49025,82886.29,BTC-25JUN27,0.4338,-0.77616,221.66778,0.1,0.0,0.025500000000000023,BTC,79950.99,0.0
2026-09-06T12:49:54.256465+00:00,BTC-30OCT26-87000-P,80384.25,BTC-30OCT26,put,87000.0,2026-10-30T08:00:00+00:00,0.1472927517788108,0.107,0.114,0.11069706,0.1105,80384.25,BTC-30OCT26,0.3825,-0.67848,110.60694,29.0,0.0,0.007000000000000006,BTC,79950.87,0.0
2026-09-06T12:49:54.256465+00:00,BTC-30OCT26-63000-P,80381.31,BTC-30OCT26,put,63000.0,2026-10-30T08:00:00+00:00,0.1472927517788108,0.005,0.0055,0.005275,0.00525,80381.31,BTC-30OCT26,0.4462,-0.06554,39.39341,515.0,0.0,0.0004999999999999996,BTC,79950.87,0.0
2026-09-06T12:49:54.256465+00:00,BTC-11SEP26-60000-P,79930.46,BTC-11SEP26,put,60000.0,2026-09-11T08:00:00+00:00,0.013138063209337846,,0.0001,8.67e-06,,79930.46,BTC-11SEP26,0.7525,-0.00038,0.12479,98.1,0.0,,BTC,79950.99,0.0
2026-09-06T12:49:54.256465+00:00,BTC-25SEP26-160000-C,80044.29,BTC-25SEP26,call,160000.0,2026-09-25T08:00:00+00:00,0.05146797422918726,,0.0001,6.06e-06,,80044.29,BTC-25SEP26,0.8188,0.00014,0.09867,1498.4,0.0,,BTC,79950.87,0.0
2026-09-06T12:49:54.256465+00:00,BTC-9SEP26-72000-C,79932.44,BTC-9SEP26,call,72000.0,2026-09-09T08:00:00+00:00,0.0076623616350736425,0.097,0.102,0.09943261,0.0995,79932.44,BTC-9SEP26,0.5309,0.98858,2.09406,0.0,0.0,0.0049999999999999906,BTC,79950.87,0.0
2026-09-06T12:49:54.256465+00:00,BTC-25JUN27-64000-P,82885.56,BTC-25JUN27,put,64000.0,2027-06-25T08:00:00+00:00,0.798901239116251,0.051,0.053,0.05210326,0.052,82885.56,BTC-25JUN27,0.4384,-0.19591,204.95851,62.4,0.0,0.0020000000000000018,BTC,79950.87,0.0
2026-09-06T12:49:54.256465+00:00,BTC-8SEP26-76000-C,79918.77,BTC-8SEP26,call,76000.0,2026-09-08T08:00:00+00:00,0.004924510847941542,0.047,0.052,0.04943788,0.0495,79918.77,BTC-8SEP26,0.39909999999999995,0.96559,4.27565,0.0,0.0,0.0049999999999999975,BTC,79950.99,0.0
2026-09-06T12:49:54.256465+00:00,BTC-25JUN27-65000-C,82886.29,BTC-25JUN27,call,65000.0,2027-06-25T08:00:00+00:00,0.798901239116251,0.2695,0.2735,0.27135609,0.2715,82886.29,BTC-25JUN27,0.4364,0.79351,211.52671,1.6,0.0,0.0040000000000000036,BTC,79950.87,0.0
2026-09-06T12:49:54.256465+00:00,BTC-25JUN27-95000-C,82886.29,BTC-25JUN27,call,95000.0,2027-06-25T08:00:00+00:00,0.798901239116251,0.0945,0.0975,0.09605289,0.096,82886.29,BTC-25JUN27,0.4172,0.42917,291.05689,56.9,0.0,0.0030000000000000027,BTC,79950.87,0.0
2026-09-06T12:49:54.256465+00:00,BTC-25DEC26-98000-C,81016.32,BTC-25DEC26,call,98000.0,2026-12-25T08:00:00+00:00,0.3006123958582085,0.0255,0.0265,0.02609206,0.026,81016.32,BTC-25DEC26,0.4029,0.22676,133.88768,342.1,0.0,0.0010000000000000009,BTC,79950.99,0.0
2026-09-06T12:49:54.256465+00:00,BTC-30OCT26-79000-P,80381.31,BTC-30OCT26,put,79000.0,2026-10-30T08:00:00+00:00,0.1472927517788108,0.048,0.049,0.04849384,0.0485,80381.31,BTC-30OCT26,0.3737,-0.42289,120.83918,483.4,11.0,0.0010000000000000009,BTC,79950.99,42950.54
2026-09-06T12:49:54.256465+00:00,BTC-30OCT26-98000-C,80381.31,BTC-30OCT26,call,98000.0,2026-10-30T08:00:00+00:00,0.1472927517788108,0.0085,0.0095,0.00894763,0.009,80381.31,BTC-30OCT26,0.4144,0.12212,62.51611,282.2,0.0,0.0009999999999999992,BTC,79950.99,0.0
2026-09-06T12:49:54.256465+00:00,BTC-25DEC26-108000-P,81016.32,BTC-25DEC26,put,108000.0,2026-12-25T08:00:00+00:00,0.3006123958582085,0.3405,0.355,0.3466605,0.34775,81016.32,BTC-25DEC26,0.42119999999999996,-0.87025,93.90125,0.1,0.0,0.014499999999999957,BTC,79950.99,0.0
2026-09-06T12:49:54.256465+00:00,BTC-25JUN27-74000-P,82885.56,BTC-25JUN27,put,74000.0,2027-06-25T08:00:00+00:00,0.798901239116251,0.0935,0.096,0.0946994,0.09475,82885.56,BTC-25JUN27,0.4233,-0.31224,262.33745,12.2,0.1,0.0025000000000000022,BTC,79950.99,761.11
2026-09-06T12:49:54.256465+00:00,BTC-7SEP26-79000-C,79911.72,BTC-7SEP26,call,79000.0,2026-09-07T08:00:00+00:00,0.0021866600608094404,0.0105,0.0155,0.01255621,0.013,79911.72,BTC-7SEP26,0.25980000000000003,0.83577,9.24955,4.0,0.0,0.004999999999999999,BTC,79950.99,0.0
2026-09-06T12:49:54.256465+00:00,BTC-27NOV26-66000-C,80700.95,BTC-27NOV26,call,66000.0,2026-11-27T08:00:00+00:00,0.22395257381850964,0.193,0.2015,0.19679812,0.19725,80700.95,BTC-27NOV26,0.4202,0.86686,82.18056,0.0,0.0,0.008500000000000008,BTC,79950.99,0.0
2026-09-06T12:49:54.256465+00:00,BTC-25SEP26-86000-C,80046.99,BTC-25SEP26,call,86000.0,2026-09-25T08:00:00+00:00,0.05146797422918726,0.0105,0.0115,0.01091572,0.011,80046.99,BTC-25SEP26,0.3914,0.22359,54.30045,1847.4,7.0,0.0009999999999999992,BTC,79950.99,6356.7
2026-09-06T12:49:54.256465+00:00,BTC-8SEP26-87000-C,79918.77,BTC-8SEP26,call,87000.0,2026-09-08T08:00:00+00:00,0.004924510847941542,,0.0001,7.44e-05,,79918.77,BTC-8SEP26,0.4863,0.0069,1.07969,8.0,8.0,,BTC,79950.99,192.13
2026-09-06T12:49:54.256465+00:00,BTC-25DEC26-115000-C,81015.59,BTC-25DEC26,call,115000.0,2026-12-25T08:00:00+00:00,0.3006123958582085,0.0085,0.0095,0.00909658,0.009,81015.59,BTC-25DEC26,0.4371,0.09011,72.24336,2332.6,1.0,0.0009999999999999992,BTC,79950.99,798.41
2026-09-06T12:49:54.256465+00:00,BTC-26MAR27-140000-P,81936.13,BTC-26MAR27,put,140000.0,2027-03-26T08:00:00+00:00,0.5497568174872297,0.7075,0.733,0.71978259,0.72025,81936.13,BTC-26MAR27,0.4618,-0.918,92.07466,1.7,0.0,0.025499999999999967,BTC,79950.99,0.0
2026-09-06T12:49:54.256465+00:00,BTC-25DEC26-80000-P,81015.59,BTC-25DEC26,put,80000.0,2026-12-25T08:00:00+00:00,0.3006123958582085,0.0785,0.0795,0.07939613,0.079,81015.59,BTC-25DEC26,0.39409999999999995,-0.43341,174.83996,1262.9,0.0,0.0010000000000000009,BTC,79950.99,0.0
2026-09-06T12:49:54.256465+00:00,BTC-25SEP26-56000-P,80044.29,BTC-25SEP26,put,56000.0,2026-09-25T08:00:00+00:00,0.05146797422918726,0.0001,0.0004,0.00023062,0.00025,80044.29,BTC-25SEP26,0.6271,-0.00487,2.56519,1664.0,0.1,0.00030000000000000003,BTC,79950.99,1.6
2026-09-06T12:49:54.256465+00:00,BTC-11SEP26-69000-P,79927.58,BTC-11SEP26,put,69000.0,2026-09-11T08:00:00+00:00,0.013138063209337846,0.0001,0.0003,0.00019482,0.0002,79927.58,BTC-11SEP26,0.5498,-0.00894,2.21589,609.7,1.1,0.00019999999999999998,BTC,79950.99,17.56
2026-09-06T12:49:54.256465+00:00,BTC-26MAR27-70000-P,81938.89,BTC-26MAR27,put,70000.0,2027-03-26T08:00:00+00:00,0.5497568174872297,0.054,0.056,0.05512726,0.055,81938.89,BTC-26MAR27,0.41590000000000005,-0.25283,194.32768,772.8,0.0,0.0020000000000000018,BTC,79950.83,0.0
2026-09-06T12:49:54.256465+00:00,BTC-25JUN27-86000-C,82885.56,BTC-25JUN27,call,86000.0,2027-06-25T08:00:00+00:00,0.798901239116251,0.131,0.134,0.13234741,0.1325,82885.56,BTC-25JUN27,0.4163,0.53494,294.59419,26.8,0.0,0.0030000000000000027,BTC,79950.99,0.0
2026-09-06T12:49:54.256465+00:00,BTC-7SEP26-91000-P,79914.57,BTC-7SEP26,put,91000.0,2026-09-07T08:00:00+00:00,0.0021866600608094404,0.1355,0.1415,0.13871601,0.1385,79914.57,BTC-7SEP26,0.5595,-1.0,7e-05,0.0,0.0,0.005999999999999978,BTC,79950.83,0.0
2026-09-06T12:49:54.256465+00:00,BTC-8SEP26-70000-C,79918.77,BTC-8SEP26,call,70000.0,2026-09-08T08:00:00+00:00,0.004924510847941542,0.122,0.1265,0.12413486,0.12425,79918.77,BTC-8SEP26,0.6307,0.99874,0.23278,0.0,0.0,0.004500000000000004,BTC,79950.83,0.0
2026-09-06T12:49:54.256465+00:00,BTC-27NOV26-100000-C,80700.95,BTC-27NOV26,call,100000.0,2026-11-27T08:00:00+00:00,0.22395257381850964,0.0145,0.0155,0.01493841,0.015,80700.95,BTC-27NOV26,0.41259999999999997,0.15897,92.58539,96.2,30.1,0.0009999999999999992,BTC,79950.83,37254.76
2026-09-06T12:49:54.256465+00:00,BTC-7SEP26-78000-P,79911.72,BTC-7SEP26,put,78000.0,2026-09-07T08:00:00+00:00,0.0021866600608094404,0.0001,0.0002,0.00015547,0.00015,79911.72,BTC-7SEP26,0.278,-0.02908,2.47849,135.7,50.7,0.0001,BTC,79950.83,1274.62
2026-09-06T12:49:54.256465+00:00,BTC-26MAR27-64000-C,81936.13,BTC-26MAR27,call,64000.0,2027-03-26T08:00:00+00:00,0.5497568174872297,0.248,0.2585,0.25402168,0.25325,81936.13,BTC-26MAR27,0.4296,0.82525,156.56105,137.8,0.0,0.01050000000000001,BTC,79950.83,0.0
2026-09-06T12:49:54.256465+00:00,BTC-25DEC26-82000-P,81015.59,BTC-25DEC26,put,82000.0,2026-12-25T08:00:00+00:00,0.3006123958582085,0.0915,0.093,0.09230765,0.09225,81015.59,BTC-25DEC26,0.39189999999999997,-0.47905,177.07114,254.7,0.0,0.0015000000000000013,BTC,79950.83,0.0
2026-09-06T12:49:54.256465+00:00,BTC-9SEP26-82000-P,79932.44,BTC-9SEP26,put,82000.0,2026-09-09T08:00:00+00:00,0.0076623616350736425,0.0265,0.0325,0.02919039,0.0295,79932.44,BTC-9SEP26,0.34240000000000004,-0.79705,19.76867,0.0,0.0,0.006000000000000002,BTC,79950.83,0.0
2026-09-06T12:49:54.256465+00:00,BTC-25DEC26-90000-P,81016.32,BTC-25DEC26,put,90000.0,2026-12-25T08:00:00+00:00,0.3006123958582085,0.151,0.164,0.15681064,0.1575,81016.32,BTC-25DEC26,0.3943,-0.64689,165.1565,654.8,0.2,0.013000000000000012,BTC,79950.83,2521.28
2026-09-06T12:49:54.256465+00:00,BTC-26MAR27-50000-C,81936.13,BTC-26MAR27,call,50000.0,2027-03-26T08:00:00+00:00,0.5497568174872297,0.3975,0.404,0.40119086,0.40075,81936.13,BTC-26MAR27,0.4916,0.93795,74.34594,21.6,0.0,0.006500000000000006,BTC,79950.83,0.0
2026-09-06T12:49:54.256465+00:00,BTC-10SEP26-74000-C,79928.26,BTC-10SEP26,call,74000.0,2026-09-10T08:00:00+00:00,0.010400212422205745,0.072,0.0775,0.07461798,0.07475,79928.26,BTC-10SEP26,0.3992,0.97254,5.15563,0.0,0.0,0.005500000000000005,BTC,79950.83,0.0
2026-09-06T12:49:54.256465+00:00,BTC-30OCT26-74000-P,80381.31,BTC-30OCT26,put,74000.0,2026-10-30T08:00:00+00:00,0.1472927517788108,0.0245,0.0255,0.02500466,0.025,80381.31,BTC-30OCT26,0.3812,-0.261,100.3236,239.1,0.2,0.0009999999999999974,BTC,79950.83,410.98
2026-09-06T12:49:54.256465+00:00,BTC-25JUN27-140000-P,82885.56,BTC-25JUN27,put,140000.0,2027-06-25T08:00:00+00:00,0.798901239116251,0.6985,0.7295,0.71322505,0.714,82885.56,BTC-25JUN27,0.4542,-0.86149,163.79549,0.5,0.0,0.031000000000000028,BTC,79950.83,0.0
2026-09-06T12:49:54.256465+00:00,BTC-25DEC26-180000-P,81016.32,BTC-25DEC26,put,180000.0,2026-12-25T08:00:00+00:00,0.3006123958582085,1.2115,1.237,1.22274002,1.22425,81016.32,BTC-25DEC26,0.5836,-0.99019,11.6468,0.1,0.0,0.025500000000000078,BTC,79950.83,0.0
2026-09-06T12:49:54.256465+00:00,BTC-25SEP26-83000-C,80044.29,BTC-25SEP26,call,83000.0,2026-09-25T08:00:00+00:00,0.05146797422918726,0.019,0.02,0.01945913,0.0195,80044.29,BTC-25SEP26,0.37799999999999995,0.35328,67.52998,1215.9,2.7,0.0010000000000000009,BTC,79950.83,3870.54
2026-09-06T12:49:54.256465+00:00,BTC-9SEP26-89000-C,79932.44,BTC-9SEP26,call,89000.0,2026-09-09T08:00:00+00:00,0.0076623616350736425,,0.0002,0.00013215,,79932.44,BTC-9SEP26,0.513,0.00899,1.69929,8.0,8.0,,BTC,79950.83,127.94
2026-09-06T12:49:54.256465+00:00,BTC-27NOV26-110000-P,80700.95,BTC-27NOV26,put,110000.0,2026-11-27T08:00:00+00:00,0.22395257381850964,0.365,0.377,0.37051896,0.371,80700.95,BTC-27NOV26,0.442,-0.91531,59.29937,0.0,0.0,0.01200000000000001,BTC,79950.83,0.0
2026-09-06T12:49:54.256465+00:00,BTC-8SEP26-80500-P,79918.77,BTC-8SEP26,put,80500.0,2026-09-08T08:00:00+00:00,0.004924510847941542,0.0115,0.0135,0.01260561,0.0125,79918.77,BTC-8SEP26,0.3018,-0.62483,21.2779,1.4,0.0,0.002,BTC,79950.83,0.0
2026-09-06T12:49:54.256465+00:00,BTC-25JUN27-76000-C,82886.29,BTC-25JUN27,call,76000.0,2027-06-25T08:00:00+00:00,0.798901239116251,0.187,0.19,0.1884063,0.1885,82886.29,BTC-25JUN27,0.4211,0.66249,270.84581,22.4,0.0,0.0030000000000000027,BTC,79950.83,0.0
2026-09-06T12:49:54.256465+00:00,BTC-25DEC26-35000-P,81015.59,BTC-25DEC26,put,35000.0,2026-12-25T08:00:00+00:00,0.3006123958582085,0.0013,0.0018,0.00158152,0.00155,81015.59,BTC-25DEC26,0.7227,-0.01027,12.12937,2387.5,0.0,0.0005,BTC,79950.83,0.0
2026-09-06T12:49:54.256465+00:00,BTC-25SEP26-150000-P,80044.29,BTC-25SEP26,put,150000.0,2026-09-25T08:00:00+00:00,0.05146797422918726,0.8675,0.88,0.87391856,0.87375,80044.29,BTC-25SEP26,0.8114,-0.99955,0.29567,4.5,0.0,0.012499999999999956,BTC,79950.83,0.0
2026-09-06T12:49:54.256465+00:00,BTC-11SEP26-83000-P,79930.46,BTC-11SEP26,put,83000.0,2026-09-11T08:00:00+00:00,0.013138063209337846,0.04,0.046,0.04332157,0.043,79930.46,BTC-11SEP26,0.38520000000000004,-0.79546,26.0101,13.9,1.0,0.005999999999999998,BTC,79950.83,3513.86
2026-09-06T12:49:54.256465+00:00,BTC-9SEP26-81500-P,79932.44,BTC-9SEP26,put,81500.0,2026-09-09T08:00:00+00:00,0.0076623616350736425,0.023,0.0255,0.0241475,0.02425,79932.44,BTC-9SEP26,0.3361,-0.7388,22.75779,0.0,0.0,0.0024999999999999988,BTC,79950.83,0.0
2026-09-06T12:49:54.256465+00:00,BTC-30OCT26-61000-C,80381.31,BTC-30OCT26,call,61000.0,2026-10-30T08:00:00+00:00,0.1472927517788108,0.243,0.249,0.2452635,0.246,80381.31,BTC-30OCT26,0.4657,0.9489,32.39088,7.7,0.0,0.006000000000000005,BTC,79950.83,0.0
2026-09-06T12:49:54.256465+00:00,BTC-26MAR27-50000-P,81936.13,BTC-26MAR27,put,50000.0,2027-03-26T08:00:00+00:00,0.5497568174872297,0.011,0.012,0.01139628,0.0115,81936.13,BTC-26MAR27,0.4916,-0.06205,74.34594,2458.6,0.1,0.0010000000000000009,BTC,79950.83,91.66
2026-09-06T12:49:54.256465+00:00,BTC-30OCT26-92000-P,80381.31,BTC-30OCT26,put,92000.0,2026-10-30T08:00:00+00:00,0.1472927517788108,0.157,0.166,0.16092537,0.1615,80381.31,BTC-30OCT26,0.3937,-0.79266,88.29766,0.1,0.0,0.009000000000000008,BTC,79950.83,0.0
2026-09-06T12:49:54.256465+00:00,BTC-18SEP26-77000-P,79993.8,BTC-18SEP26,put,77000.0,2026-09-18T08:00:00+00:00,0.032303018719262555,0.011,0.012,0.0116056,0.0115,79993.8,BTC-18SEP26,0.37200000000000005,-0.27158,47.70488,457.8,12.0,0.0010000000000000009,BTC,79950.83,11110.82
2026-09-06T12:49:54.256465+00:00,BTC-26MAR27-190000-C,81936.13,BTC-26MAR27,call,190000.0,2027-03-26T08:00:00+00:00,0.5497568174872297,0.0037,0.004,0.00379133,0.00385,81936.13,BTC-26MAR27,0.5381,0.02825,39.34952,627.2,0.0,0.0002999999999999999,BTC,79950.83,0.0
2026-09-06T12:49:54.256465+00:00,BTC-9SEP26-79000-C,79931.71,BTC-9SEP26,call,79000.0,2026-09-09T08:00:00+00:00,0.0076623616350736425,0.017,0.0185,0.01781006,0.01775,79931.71,BTC-9SEP26,0.3169,0.67099,25.3178,0.0,0.0,0.0014999999999999979,BTC,79950.83,0.0
2026-09-06T12:49:54.256465+00:00,BTC-25DEC26-110000-C,81015.59,BTC-25DEC26,call,110000.0,2026-12-25T08:00:00+00:00,0.3006123958582085,0.0115,0.0125,0.01208286,0.012,81015.59,BTC-25DEC26,0.42579999999999996,0.11669,87.17238,2753.1,0.0,0.0010000000000000009,BTC,79950.83,0.0
2026-09-06T12:49:54.256465+00:00,BTC-8SEP26-77500-C,79918.77,BTC-8SEP26,call,77500.0,2026-09-08T08:00:00+00:00,0.004924510847941542,0.0285,0.034,0.03123664,0.03125,79918.77,BTC-8SEP26,0.3284,0.91256,8.91733,0.0,0.0,0.005500000000000001,BTC,79950.83,0.0
2026-09-06T12:49:54.256465+00:00,BTC-7SEP26-91000-C,79914.57,BTC-7SEP26,call,91000.0,2026-09-07T08:00:00+00:00,0.0021866600608094404,,0.0001,0.0,,79914.57,BTC-7SEP26,0.5595,0.0,7e-05,0.0,0.0,,BTC,79950.83,0.0
2026-09-06T12:49:54.256465+00:00,BTC-25JUN27-190000-P,82885.56,BTC-25JUN27,put,190000.0,2027-06-25T08:00:00+00:00,0.798901239116251,1.2805,1.3245,1.30116254,1.3025,82885.56,BTC-25JUN27,0.5065,-0.94568,81.65732,0.5,0.0,0.04400000000000004,BTC,79950.83,0.0
2026-09-06T12:49:54.256465+00:00,BTC-25SEP26-88000-P,80046.99,BTC-25SEP26,put,88000.0,2026-09-25T08:00:00+00:00,0.05146797422918726,0.1035,0.111,0.1067887,0.10725,80046.99,BTC-25SEP26,0.40259999999999996,-0.83843,44.49262,5.8,0.0,0.007500000000000007,BTC,79950.83,0.0
2026-09-06T12:49:54.256465+00:00,BTC-8SEP26-77000-P,79918.77,BTC-8SEP26,put,77000.0,2026-09-08T08:00:00+00:00,0.004924510847941542,0.0005,0.0007,0.0006182,0.0006,79918.77,BTC-8SEP26,0.3423,-0.05791,6.5001,28.8,20.2,0.00019999999999999998,BTC,79950.83,1191.94
2026-09-06T12:49:54.256465+00:00,BTC-25JUN27-102000-P,82886.29,BTC-25JUN27,put,102000.0,2027-06-25T08:00:00+00:00,0.798901239116251,0.298,0.317,0.30575438,0.3075,82886.29,BTC-25JUN27,0.42,-0.64211,276.76249,0.0,0.0,0.019000000000000017,BTC,79950.83,0.0
2026-09-06T12:49:54.256465+00:00,BTC-30OCT26-98000-P,80381.31,BTC-30OCT26,put,98000.0,2026-10-30T08:00:00+00:00,0.1472927517788108,0.2235,0.2335,0.22809193,0.2285,80381.31,BTC-30OCT26,0.4144,-0.87788,62.51475,0.0,0.0,0.010000000000000009,BTC,79950.83,0.0
2026-09-06T12:49:54.256465+00:00,BTC-26MAR27-76000-P,81936.13,BTC-26MAR27,put,76000.0,2027-03-26T08:00:00+00:00,0.5497568174872297,0.082,0.0835,0.08285406,0.08275,81936.13,BTC-26MAR27,0.4067,-0.34419,223.77564,223.7,0.1,0.0015000000000000013,BTC,79950.83,660.32
2026-09-06T12:49:54.256465+00:00,BTC-30OCT26-64000-C,80384.25,BTC-30OCT26,call,64000.0,2026-10-30T08:00:00+00:00,0.1472927517788108,0.207,0.213,0.20984492,0.21,80384.25,BTC-30OCT26,0.4375,0.92544,43.50095,416.8,0.0,0.006000000000000005,BTC,79950.83,0.0
2026-09-06T12:49:54.256465+00:00,BTC-25SEP26-76000-C,80046.99,BTC-25SEP26,call,76000.0,2026-09-25T08:00:00+00:00,0.05146797422918726,0.0605,0.065,0.0640966,0.06275,80046.99,BTC-25SEP26,0.37189999999999995,0.74533,58.30702,2856.3,0.0,0.004500000000000004,BTC,79950.83,0.0
2026-09-06T12:49:54.256465+00:00,BTC-25SEP26-110000-C,80044.29,BTC-25SEP26,call,110000.0,2026-09-25T08:00:00+00:00,0.05146797422918726,0.0003,0.0005,0.00037332,0.0004,80044.29,BTC-25SEP26,0.5751,0.00893,4.38481,1519.0,1.9,0.00020000000000000004,BTC,79950.83,60.9
2026-09-06T12:49:54.256465+00:00,BTC-25DEC26-82000-C,81016.32,BTC-25DEC26,call,82000.0,2026-12-25T08:00:00+00:00,0.3006123958582085,0.0795,0.081,0.0801649,0.08025,81016.32,BTC-25DEC26,0.39189999999999997,0.52095,177.07114,1255.1,2.0,0.0015000000000000013,BTC,79950.83,12950.94
2026-09-06T12:49:54.256465+00:00,BTC-27NOV26-115000-P,80700.95,BTC-27NOV26,put,115000.0,2026-11-27T08:00:00+00:00,0.22395257381850964,0.423,0.437,0.43048003,0.43,80700.95,BTC-27NOV26,0.4569,-0.93677,47.42271,0.0,0.0,0.014000000000000012,BTC,79950.83,0.0
2026-09-06T12:49:54.256465+00:00,BTC-18SEP26-72000-C,79993.8,BTC-18SEP26,call,72000.0,2026-09-18T08:00:00+00:00,0.032303018719262555,0.0995,0.105,0.10236681,0.10225,79993.8,BTC-18SEP26,0.41090000000000004,0.92869,19.5918,0.1,0.0,0.005499999999999991,BTC,79950.83,0.0
2026-09-06T12:49:54.256465+00:00,BTC-25JUN27-108000-P,82885.56,BTC-25JUN27,put,108000.0,2027-06-25T08:00:00+00:00,0.798901239116251,0.353,0.376,0.36437015,0.3645,82885.56,BTC-25JUN27,0.4239,-0.6943,259.9194,0.0,0.0,0.02300000000000002,BTC,79950.83,0.0
2026-09-06T12:49:54.256465+00:00,BTC-27NOV26-64000-C,80700.22,BTC-27NOV26,call,64000.0,2026-11-27T08:00:00+00:00,0.22395257381850964,0.2145,0.223,0.21849285,0.21875,80700.22,BTC-27NOV26,0.43090000000000006,0.89253,70.66221,0.0,0.0,0.008500000000000008,BTC,79950.83,0.0
2026-09-06T12:49:54.256465+00:00,BTC-25SEP26-55000-P,80044.29,BTC-25SEP26,put,55000.0,2026-09-25T08:00:00+00:00,0.05146797422918726,0.0001,0.0004,0.00021511,0.00025,80044.29,BTC-25SEP26,0.6507,-0.00443,2.36052,3073.6,0.0,0.00030000000000000003,BTC,79950.78,0.0
2026-09-06T12:49:54.256465+00:00,BTC-25DEC26-130000-P,81015.59,BTC-25DEC26,put,130000.0,2026-12-25T08:00:00+00:00,0.3006123958582085,0.6015,0.6175,0.60907372,0.6095,81015.59,BTC-25DEC26,0.47409999999999997,-0.95425,42.69339,54.0,0.0,0.016000000000000014,BTC,79950.83,0.0
2026-09-06T12:49:54.256465+00:00,BTC-25DEC26-106000-C,81016.32,BTC-25DEC26,call,106000.0,2026-12-25T08:00:00+00:00,0.3006123958582085,0.015,0.016,0.01544162,0.0155,81016.32,BTC-25DEC26,0.41759999999999997,0.14505,101.32735,778.8,150.0,0.0010000000000000009,BTC,79950.83,183408.12
2026-09-06T12:49:54.256465+00:00,BTC-25DEC26-30000-C,81015.59,BTC-25DEC26,call,30000.0,2026-12-25T08:00:00+00:00,0.3006123958582085,0.6295,0.6315,0.6306336,0.6305,81015.59,BTC-25DEC26,0.7859,0.99415,7.3937,300.6,0.0,0.0020000000000000018,BTC,79950.78,0.0
2026-09-06T12:49:54.256465+00:00,BTC-9SEP26-78500-C,79932.44,BTC-9SEP26,call,78500.0,2026-09-09T08:00:00+00:00,0.0076623616350736425,0.021,0.0235,0.02232857,0.02225,79932.44,BTC-9SEP26,0.322,0.74575,22.44117,0.0,0.0,0.0024999999999999988,BTC,79950.78,0.0
2026-09-06T12:49:54.256465+00:00,BTC-27NOV26-75000-P,80700.95,BTC-27NOV26,put,75000.0,2026-11-27T08:00:00+00:00,0.22395257381850964,0.041,0.042,0.04152808,0.0415,80700.95,BTC-27NOV26,0.3924,-0.31254,135.29298,282.1,0.1,0.0010000000000000009,BTC,79950.78,334.82
2026-09-06T12:49:54.256465+00:00,BTC-25DEC26-180000-C,81015.59,BTC-25DEC26,call,180000.0,2026-12-25T08:00:00+00:00,0.3006123958582085,0.0008,0.0012,0.00096325,0.001,81015.59,BTC-25DEC26,0.5836,0.00981,11.64688,934.5,0.0,0.00039999999999999986,BTC,79950.78,0.0
2026-09-06T12:49:54.256465+00:00,BTC-25SEP26-74000-P,80046.99,BTC-25SEP26,put,74000.0,2026-09-25T08:00:00+00:00,0.05146797422918726,0.0075,0.0085,0.00805513,0.008,80046.99,BTC-25SEP26,0.3782,-0.16823,45.67253,525.8,25.2,0.0010000000000000009,BTC,79950.78,17100.13
2026-09-06T12:49:54.256465+00:00,BTC-25DEC26-106000-P,81016.32,BTC-25DEC26,put,106000.0,2026-12-25T08:00:00+00:00,0.3006123958582085,0.3175,0.332,0.32382127,0.32475,81016.32,BTC-25DEC26,0.41759999999999997,-0.85495,101.32684,0.2,0.0,0.014500000000000013,BTC,79950.78,0.0
2026-09-06T12:49:54.256465+00:00,BTC-30OCT26-94000-C,80381.31,BTC-30OCT26,call,94000.0,2026-10-30T08:00:00+00:00,0.1472927517788108,0.013,0.014,0.01343116,0.0135,80381.31,BTC-30OCT26,0.4011,0.17428,79.36348,447.8,0.0,0.0010000000000000009,BTC,79950.78,0.0
2026-09-06T12:49:54.256465+00:00,BTC-26MAR27-88000-P,81938.89,BTC-26MAR27,put,88000.0,2027-03-26T08:00:00+00:00,0.5497568174872297,0.1625,0.1655,0.16394846,0.164,81938.89,BTC-26MAR27,0.40399999999999997,-0.53486,241.59008,4.7,0.0,0.0030000000000000027,BTC,79950.78,0.0
2026-09-06T12:49:54.256465+00:00,BTC-30OCT26-57000-P,80381.31,BTC-30OCT26,put,57000.0,2026-10-30T08:00:00+00:00,0.1472927517788108,0.0024,0.0028,0.00263877,0.0026,80381.31,BTC-30OCT26,0.5107,-0.03197,22.13594,207.7,1.0,0.0004000000000000002,BTC,79950.78,231.73
2026-09-06T12:49:54.256465+00:00,BTC-10SEP26-80000-P,79928.26,BTC-10SEP26,put,80000.0,2026-09-10T08:00:00+00:00,0.010400212422205745,0.0135,0.0145,0.01400716,0.014,79928.26,BTC-10SEP26,0.33299999999999996,-0.50078,32.53463,0.0,0.0,0.0010000000000000009,BTC,79950.78,0.0
2026-09-06T12:49:54.256465+00:00,BTC-25DEC26-62000-P,81015.59,BTC-25DEC26,put,62000.0,2026-12-25T08:00:00+00:00,0.3006123958582085,0.014,0.015,0.01447573,0.0145,81015.59,BTC-25DEC26,0.4429,-0.11053,83.86588,1540.0,0.0,0.0009999999999999992,BTC,79950.78,0.0
2026-09-06T12:49:54.256465+00:00,BTC-25JUN27-96000-C,82885.56,BTC-25JUN27,call,96000.0,2027-06-25T08:00:00+00:00,0.798901239116251,0.0915,0.094,0.09266109,0.09275,82885.56,BTC-25JUN27,0.4174,0.41825,289.49688,32.2,0.0,0.0025000000000000022,BTC,79950.78,0.0
2026-09-06T12:49:54.256465+00:00,BTC-25SEP26-45000-C,80044.29,BTC-25SEP26,call,45000.0,2026-09-25T08:00:00+00:00,0.05146797422918726,0.4365,0.4395,0.43792321,0.438,80044.29,BTC-25SEP26,0.8865999999999999,0.99848,0.8954,224.9,0.0,0.0030000000000000027,BTC,79950.78,0.0
2026-09-06T12:49:54.256465+00:00,BTC-26MAR27-200000-C,81936.13,BTC-26MAR27,call,200000.0,2027-03-26T08:00:00+00:00,0.5497568174872297,0.0027,0.0032,0.00300998,0.00295,81936.13,BTC-26MAR27,0.546,0.02272,32.78881,485.6,0.0,0.0005,BTC,79950.78,0.0
2026-09-06T12:49:54.256465+00:00,BTC-8SEP26-82000-P,79918.77,BTC-8SEP26,put,82000.0,2026-09-08T08:00:00+00:00,0.004924510847941542,0.0245,0.0305,0.02761398,0.0275,79918.77,BTC-8SEP26,0.3301,-0.86111,12.42025,0.0,0.0,0.005999999999999998,BTC,79950.78,0.0
2026-09-06T12:49:54.256465+00:00,BTC-10SEP26-85000-P,79928.26,BTC-10SEP26,put,85000.0,2026-09-10T08:00:00+00:00,0.010400212422205745,0.0615,0.0675,0.06455935,0.0645,79928.26,BTC-10SEP26,0.3925,-0.93443,10.41004,0.0,0.0,0.006000000000000005,BTC,79950.78,0.0
2026-09-06T12:49:54.256465+00:00,BTC-30OCT26-60000-P,80381.31,BTC-30OCT26,put,60000.0,2026-10-30T08:00:00+00:00,0.1472927517788108,0.0034,0.0039,0.00366397,0.00365,80381.31,BTC-30OCT26,0.4763,-0.04528,29.408,1544.2,1.0,0.0005,BTC,79950.78,303.67
2026-09-06T12:49:54.256465+00:00,BTC-30OCT26-52000-P,80381.31,BTC-30OCT26,put,52000.0,2026-10-30T08:00:00+00:00,0.1472927517788108,0.0014,0.0017,0.00157606,0.00155,80381.31,BTC-30OCT26,0.5729,-0.01826,13.83154,122.0,0.0,0.0002999999999999999,BTC,79950.78,0.0
2026-09-06T12:49:54.256465+00:00,BTC-9SEP26-74000-C,79932.44,BTC-9SEP26,call,74000.0,2026-09-09T08:00:00+00:00,0.0076623616350736425,0.072,0.077,0.07454454,0.0745,79932.44,BTC-9SEP26,0.4416,0.97827,3.63536,0.0,0.0,0.0050000000000000044,BTC,79950.78,0.0
2026-09-06T12:49:54.256465+00:00,BTC-25DEC26-140000-P,81015.59,BTC-25DEC26,put,140000.0,2026-12-25T08:00:00+00:00,0.3006123958582085,0.7225,0.742,0.73110838,0.73225,81015.59,BTC-25DEC26,0.49939999999999996,-0.96848,31.50273,0.4,0.0,0.019499999999999962,BTC,79950.78,0.0
2026-09-06T12:49:54.256465+00:00,BTC-9SEP26-73000-C,79932.44,BTC-9SEP26,call,73000.0,2026-09-09T08:00:00+00:00,0.0076623616350736425,0.0845,0.0895,0.08695757,0.087,79932.44,BTC-9SEP26,0.4807,0.98545,2.58271,0.0,0.0,0.0049999999999999906,BTC,79950.78,0.0
2026-09-06T12:49:54.256465+00:00,BTC-26MAR27-102000-P,81936.13,BTC-26MAR27,put,102000.0,2027-03-26T08:00:00+00:00,0.5497568174872297,0.283,0.3015,0.29175936,0.29225,81936.13,BTC-26MAR27,0.41159999999999997,-0.71359,206.86682,0.1,0.0,0.018500000000000016,BTC,79950.78,0.0
2026-09-06T12:49:54.256465+00:00,BTC-25JUN27-104000-P,82885.56,BTC-25JUN27,put,104000.0,2027-06-25T08:00:00+00:00,0.798901239116251,0.317,0.336,0.32491548,0.3265,82885.56,BTC-25JUN27,0.42119999999999996,-0.66043,271.48091,0.0,0.0,0.019000000000000017,BTC,79950.78,0.0
2026-09-06T12:49:54.256465+00:00,BTC-25SEP26-98000-P,80044.29,BTC-25SEP26,put,98000.0,2026-09-25T08:00:00+00:00,0.05146797422918726,0.222,0.2295,0.2257643,0.22575,80044.29,BTC-25SEP26,0.48,-0.96413,14.32569,0.1,0.0,0.007500000000000007,BTC,79950.78,0.0
2026-09-06T12:49:54.256465+00:00,BTC-25JUN27-98000-P,82885.56,BTC-25JUN27,put,98000.0,2027-06-25T08:00:00+00:00,0.798901239116251,0.2665,0.272,0.26884092,0.26925,82885.56,BTC-25JUN27,0.41850000000000004,-0.60254,285.90322,0.1,0.0,0.005500000000000005,BTC,79950.78,0.0
2026-09-06T12:49:54.256465+00:00,BTC-25SEP26-40000-C,80044.29,BTC-25SEP26,call,40000.0,2026-09-25T08:00:00+00:00,0.05146797422918726,0.499,0.5015,0.50038083,0.50025,80044.29,BTC-25SEP26,1.0495999999999999,0.99879,0.72999,34.4,0.0,0.0024999999999999467,BTC,79950.78,0.0
2026-09-06T12:49:54.256465+00:00,BTC-25SEP26-155000-C,80046.99,BTC-25SEP26,call,155000.0,2026-09-25T08:00:00+00:00,0.05146797422918726,,0.0002,1.084e-05,,80046.99,BTC-25SEP26,0.8133,0.00024,0.16605,378.0,0.0,,BTC,79950.78,0.0
2026-09-06T12:49:54.256465+00:00,BTC-25JUN27-100000-P,82885.56,BTC-25JUN27,put,100000.0,2027-06-25T08:00:00+00:00,0.798901239116251,0.285,0.2905,0.28707399,0.28775,82885.56,BTC-25JUN27,0.4192,-0.62276,281.61408,1.4,0.0,0.005500000000000005,BTC,79950.78,0.0
2026-09-06T12:49:54.256465+00:00,BTC-7SEP26-79000-P,79911.72,BTC-7SEP26,put,79000.0,2026-09-07T08:00:00+00:00,0.0021866600608094404,0.0009,0.0012,0.00111186,0.00105,79911.72,BTC-7SEP26,0.25980000000000003,-0.16422,9.24913,108.4,29.4,0.0002999999999999999,BTC,79950.78,3294.32
2026-09-06T12:49:54.256465+00:00,BTC-8SEP26-89000-P,79918.77,BTC-8SEP26,put,89000.0,2026-09-08T08:00:00+00:00,0.004924510847941542,0.1105,0.116,0.11364764,0.11325,79918.77,BTC-8SEP26,0.5407,-0.99752,0.43202,0.0,0.0,0.005500000000000005,BTC,79950.78,0.0
2026-09-06T12:49:54.256465+00:00,BTC-27NOV26-94000-P,80700.95,BTC-27NOV26,put,94000.0,2026-11-27T08:00:00+00:00,0.22395257381850964,0.184,0.196,0.1892047,0.19,80700.95,BTC-27NOV26,0.401,-0.76028,118.72043,0.0,0.0,0.01200000000000001,BTC,79950.78,0.0
2026-09-06T12:49:54.256465+00:00,BTC-25SEP26-68000-P,80044.29,BTC-25SEP26,put,68000.0,2026-09-25T08:00:00+00:00,0.05146797422918726,0.0019,0.0021,0.00192704,0.002,80044.29,BTC-25SEP26,0.4378,-0.04513,17.26253,1859.7,2.1,0.00019999999999999987,BTC,79950.78,367.05
2026-09-06T12:49:54.256465+00:00,BTC-18SEP26-75000-P,79990.9,BTC-18SEP26,put,75000.0,2026-09-18T08:00:00+00:00,0.032303018719262555,0.0055,0.0065,0.00605526,0.006,79990.9,BTC-18SEP26,0.3784,-0.16212,35.3035,354.2,17.3,0.001,BTC,79950.78,8659.97
2026-09-06T12:49:54.256465+00:00,BTC-26MAR27-95000-C,81938.89,BTC-26MAR27,call,95000.0,2027-03-26T08:00:00+00:00,0.5497568174872297,0.064,0.066,0.06488112,0.065,81938.89,BTC-26MAR27,0.4068,0.36751,229.01739,545.1,0.0,0.0020000000000000018,BTC,79950.78,0.0
2026-09-06T12:49:54.256465+00:00,BTC-30OCT26-56000-C,80381.31,BTC-30OCT26,call,56000.0,2026-10-30T08:00:00+00:00,0.1472927517788108,0.303,0.309,0.30573653,0.306,80381.31,BTC-30OCT26,0.5233,0.97134,20.22288,0.0,0.0,0.006000000000000005,BTC,79951.42,0.0
2026-09-06T12:49:54.256465+00:00,BTC-25DEC26-70000-C,81015.59,BTC-25DEC26,call,70000.0,2026-12-25T08:00:00+00:00,0.3006123958582085,0.163,0.1715,0.16809425,0.16725,81015.59,BTC-25DEC26,0.40850000000000003,0.77804,132.27265,1922.6,0.3,0.008500000000000008,BTC,79950.78,3971.75
2026-09-06T12:49:54.256465+00:00,BTC-25DEC26-30000-P,81016.32,BTC-25DEC26,put,30000.0,2026-12-25T08:00:00+00:00,0.3006123958582085,0.0007,0.0012,0.00092973,0.00095,81016.32,BTC-25DEC26,0.7859,-0.00585,7.39368,2122.5,0.0,0.0004999999999999999,BTC,79950.78,0.0
2026-09-06T12:49:54.256465+00:00,BTC-25JUN27-95000-P,82886.29,BTC-25JUN27,put,95000.0,2027-06-25T08:00:00+00:00,0.798901239116251,0.238,0.2455,0.24220516,0.24175,82886.29,BTC-25JUN27,0.4172,-0.57083,291.05347,20.2,0.0,0.007500000000000007,BTC,79951.42,0.0
2026-09-06T12:49:54.256465+00:00,BTC-30OCT26-70000-P,80384.25,BTC-30OCT26,put,70000.0,2026-10-30T08:00:00+00:00,0.1472927517788108,0.0135,0.014,0.01405296,0.01375,80384.25,BTC-30OCT26,0.3969,-0.16216,75.76457,878.5,0.2,0.0005000000000000004,BTC,79951.42,223.48
2026-09-06T12:49:54.256465+00:00,BTC-25JUN27-82000-P,82886.29,BTC-25JUN27,put,82000.0,2027-06-25T08:00:00+00:00,0.798901239116251,0.1405,0.144,0.14209205,0.14225,82886.29,BTC-25JUN27,0.4178,-0.41442,288.89673,23.5,0.8,0.0034999999999999754,BTC,79951.42,9069.55
2026-09-06T12:49:54.256465+00:00,BTC-25SEP26-180000-P,80044.29,BTC-25SEP26,put,180000.0,2026-09-25T08:00:00+00:00,0.05146797422918726,1.241,1.2565,1.24868085,1.24875,80044.29,BTC-25SEP26,0.9184,-0.99992,0.05668,10.5,0.0,0.015499999999999847,BTC,79951.42,0.0
2026-09-06T12:49:54.256465+00:00,BTC-25JUN27-200000-C,82885.56,BTC-25JUN27,call,200000.0,2027-06-25T08:00:00+00:00,0.798901239116251,0.0065,0.0085,0.00763242,0.0075,82885.56,BTC-25JUN27,0.5166,0.04696,72.71246,27.1,0.1,0.002000000000000001,BTC,79951.42,60.01
2026-09-06T12:49:54.256465+00:00,BTC-30OCT26-68000-C,80381.31,BTC-30OCT26,call,68000.0,2026-10-30T08:00:00+00:00,0.1472927517788108,0.1615,0.168,0.16461079,0.16475,80381.31,BTC-30OCT26,0.40850000000000003,0.87427,63.80339,518.8,0.0,0.006500000000000006,BTC,79951.42,0.0
2026-09-06T12:49:54.256465+00:00,BTC-27NOV26-75000-C,80700.22,BTC-27NOV26,call,75000.0,2026-11-27T08:00:00+00:00,0.22395257381850964,0.1115,0.1135,0.11216973,0.1125,80700.22,BTC-27NOV26,0.3924,0.68746,135.29299,260.6,0.2,0.0020000000000000018,BTC,79951.42,1799.19
2026-09-06T12:49:54.256465+00:00,BTC-30OCT26-100000-C,80381.31,BTC-30OCT26,call,100000.0,2026-10-30T08:00:00+00:00,0.1472927517788108,0.007,0.008,0.0074529,0.0075,80381.31,BTC-30OCT26,0.4226,0.1033,55.4704,1722.2,0.0,0.001,BTC,79951.42,0.0
2026-09-06T12:49:54.256465+00:00,BTC-10SEP26-86000-P,79928.26,BTC-10SEP26,put,86000.0,2026-09-10T08:00:00+00:00,0.010400212422205745,0.0735,0.08,0.07667662,0.07675,79928.26,BTC-10SEP26,0.41200000000000003,-0.95676,7.4849,0.0,0.0,0.006500000000000006,BTC,79951.42,0.0
2026-09-06T12:49:54.256465+00:00,BTC-25DEC26-105000-C,81015.59,BTC-25DEC26,call,105000.0,2026-12-25T08:00:00+00:00,0.3006123958582085,0.016,0.017,0.01644255,0.0165,81015.59,BTC-25DEC26,0.4155,0.15325,105.11977,914.2,0.0,0.0010000000000000009,BTC,79951.42,0.0
2026-09-06T12:49:54.256465+00:00,BTC-8SEP26-81000-P,79918.77,BTC-8SEP26,put,81000.0,2026-09-08T08:00:00+00:00,0.004924510847941542,0.016,0.018,0.01708765,0.017,79918.77,BTC-8SEP26,0.3089,-0.72441,18.74052,25.0,0.0,0.0019999999999999983,BTC,79951.42,0.0
2026-09-06T12:49:54.256465+00:00,BTC-8SEP26-78000-P,79915.86,BTC-8SEP26,put,78000.0,2026-09-08T08:00:00+00:00,0.004924510847941542,0.0013,0.0017,0.00149687,0.0015,79915.86,BTC-8SEP26,0.3148,-0.13049,11.89999,101.8,38.3,0.00039999999999999996,BTC,79951.42,5037.88
2026-09-06T12:49:54.256465+00:00,BTC-25DEC26-52000-C,81015.59,BTC-25DEC26,call,52000.0,2026-12-25T08:00:00+00:00,0.3006123958582085,0.36,0.367,0.36366078,0.3635,81015.59,BTC-25DEC26,0.5131,0.95705,40.57523,0.1,0.0,0.007000000000000006,BTC,79951.42,0.0
2026-09-06T12:49:54.256465+00:00,BTC-18SEP26-90000-P,79990.9,BTC-18SEP26,put,90000.0,2026-09-18T08:00:00+00:00,0.032303018719262555,0.124,0.131,0.12755803,0.1275,79990.9,BTC-18SEP26,0.4386,-0.92671,20.00858,0.0,0.0,0.007000000000000006,BTC,79951.42,0.0
2026-09-06T12:49:54.256465+00:00,BTC-7SEP26-82500-C,79911.72,BTC-7SEP26,call,82500.0,2026-09-07T08:00:00+00:00,0.0021866600608094404,0.0001,0.0002,0.0001629,0.00015,79911.72,BTC-7SEP26,0.34979999999999994,0.02743,2.36076,33.7,9.0,0.0001,BTC,79951.42,272.15
2026-09-06T12:49:54.256465+00:00,BTC-25SEP26-145000-P,80046.99,BTC-25SEP26,put,145000.0,2026-09-25T08:00:00+00:00,0.05146797422918726,0.805,0.8175,0.81145772,0.81125,80046.99,BTC-25SEP26,0.7775,-0.99948,0.33707,0.2,0.0,0.012499999999999956,BTC,79951.5,0.0
2026-09-06T12:49:54.256465+00:00,BTC-18SEP26-85000-P,79990.9,BTC-18SEP26,put,85000.0,2026-09-18T08:00:00+00:00,0.032303018719262555,0.0675,0.0745,0.07063034,0.071,79990.9,BTC-18SEP26,0.39649999999999996,-0.79159,41.27585,1.2,0.0,0.006999999999999992,BTC,79951.5,0.0
2026-09-06T12:49:54.256465+00:00,BTC-30OCT26-81000-C,80381.31,BTC-30OCT26,call,81000.0,2026-10-30T08:00:00+00:00,0.1472927517788108,0.0535,0.0545,0.05387933,0.054,80381.31,BTC-30OCT26,0.3751,0.50829,123.12071,323.0,0.2,0.0010000000000000009,BTC,79951.5,853.92
2026-09-06T12:49:54.256465+00:00,BTC-30OCT26-55000-C,80381.31,BTC-30OCT26,call,55000.0,2026-10-30T08:00:00+00:00,0.1472927517788108,0.3155,0.3205,0.31792977,0.318,80381.31,BTC-30OCT26,0.5351,0.97449,18.35162,0.1,0.0,0.0050000000000000044,BTC,79951.5,0.0
2026-09-06T12:49:54.256465+00:00,BTC-8SEP26-78500-P,79918.77,BTC-8SEP26,put,78500.0,2026-09-08T08:00:00+00:00,0.004924510847941542,0.0023,0.0026,0.00239174,0.00245,79918.77,BTC-8SEP26,0.30519999999999997,-0.19498,15.46787,79.9,49.3,0.0002999999999999999,BTC,79951.42,10319.72
2026-09-06T12:49:54.256465+00:00,BTC-25DEC26-94000-P,81015.59,BTC-25DEC26,put,94000.0,2026-12-25T08:00:00+00:00,0.3006123958582085,0.189,0.202,0.19480211,0.1955,81015.59,BTC-25DEC26,0.3978,-0.71596,150.65319,5.3,0.0,0.013000000000000012,BTC,79951.5,0.0
2026-09-06T12:49:54.256465+00:00,BTC-25JUN27-66000-C,82885.56,BTC-25JUN27,call,66000.0,2027-06-25T08:00:00+00:00,0.798901239116251,0.261,0.2645,0.26307417,0.26275,82885.56,BTC-25JUN27,0.4351,0.78252,218.04051,25.7,0.0,0.003500000000000003,BTC,79951.5,0.0
2026-09-06T12:49:54.256465+00:00,BTC-27NOV26-60000-C,80700.95,BTC-27NOV26,call,60000.0,2026-11-27T08:00:00+00:00,0.22395257381850964,0.2605,0.2675,0.26392566,0.264,80700.95,BTC-27NOV26,0.4592,0.9297,51.47618,0.1,0.0,0.007000000000000006,BTC,79951.5,0.0
2026-09-06T12:49:54.256465+00:00,BTC-25JUN27-66000-P,82885.56,BTC-25JUN27,put,66000.0,2027-06-25T08:00:00+00:00,0.798901239116251,0.058,0.0605,0.05934838,0.05925,82885.56,BTC-25JUN27,0.4351,-0.21748,218.04051,46.5,12.4,0.0024999999999999953,BTC,79951.5,58006.17
2026-09-06T12:49:54.256465+00:00,BTC-25DEC26-94000-C,81015.59,BTC-25DEC26,call,94000.0,2026-12-25T08:00:00+00:00,0.3006123958582085,0.034,0.035,0.03454091,0.0345,81015.59,BTC-25DEC26,0.3978,0.28404,150.65319,393.5,0.0,0.0010000000000000009,BTC,79951.5,0.0
2026-09-06T12:49:54.256465+00:00,BTC-27NOV26-68000-C,80700.22,BTC-27NOV26,call,68000.0,2026-11-27T08:00:00+00:00,0.22395257381850964,0.175,0.178,0.17597124,0.1765,80700.22,BTC-27NOV26,0.4114,0.83612,94.4499,0.0,0.0,0.0030000000000000027,BTC,79958.23,0.0
2026-09-06T12:49:54.256465+00:00,BTC-25SEP26-56000-C,80044.29,BTC-25SEP26,call,56000.0,2026-09-25T08:00:00+00:00,0.05146797422918726,0.2985,0.3025,0.30064215,0.3005,80044.29,BTC-25SEP26,0.6271,0.99515,2.55791,13.4,0.0,0.0040000000000000036,BTC,79958.23,0.0
2026-09-06T12:49:54.256465+00:00,BTC-25SEP26-62000-C,80046.99,BTC-25SEP26,call,62000.0,2026-09-25T08:00:00+00:00,0.05146797422918726,0.224,0.2285,0.22608838,0.22625,80046.99,BTC-25SEP26,0.5292,0.98572,6.59635,597.4,0.0,0.004500000000000004,BTC,79958.23,0.0
2026-09-06T12:49:54.256465+00:00,BTC-30OCT26-105000-C,80381.31,BTC-30OCT26,call,105000.0,2026-10-30T08:00:00+00:00,0.1472927517788108,0.0045,0.005,0.00472064,0.00475,80381.31,BTC-30OCT26,0.4409,0.06792,40.49909,1143.2,0.0,0.0005000000000000004,BTC,79958.23,0.0
2026-09-06T12:49:54.256465+00:00,BTC-8SEP26-77000-C,79918.77,BTC-8SEP26,call,77000.0,2026-09-08T08:00:00+00:00,0.004924510847941542,0.0345,0.04,0.03714871,0.03725,79918.77,BTC-8SEP26,0.3423,0.94214,6.49615,0.4,0.4,0.005499999999999998,BTC,79951.5,1117.34
2026-09-06T12:49:54.256465+00:00,BTC-30OCT26-55000-P,80381.31,BTC-30OCT26,put,55000.0,2026-10-30T08:00:00+00:00,0.1472927517788108,0.0019,0.0024,0.00214341,0.00215,80381.31,BTC-30OCT26,0.5351,-0.02549,18.338,311.1,0.0,0.0004999999999999998,BTC,79958.23,0.0
2026-09-06T12:49:54.256465+00:00,BTC-25JUN27-160000-P,82885.56,BTC-25JUN27,put,160000.0,2027-06-25T08:00:00+00:00,0.798901239116251,0.929,0.9645,0.94578419,0.94675,82885.56,BTC-25JUN27,0.4764,-0.90825,122.12127,0.2,0.0,0.035499999999999976,BTC,79958.23,0.0
2026-09-06T12:49:54.256465+00:00,BTC-25SEP26-70000-C,80044.29,BTC-25SEP26,call,70000.0,2026-09-25T08:00:00+00:00,0.05146797422918726,0.126,0.1315,0.12847203,0.12875,80044.29,BTC-25SEP26,0.41159999999999997,0.93142,24.0166,10965.4,0.0,0.005500000000000005,BTC,79958.23,0.0
2026-09-06T12:49:54.256465+00:00,BTC-10SEP26-84000-P,79928.99,BTC-10SEP26,put,84000.0,2026-09-10T08:00:00+00:00,0.010400212422205745,0.0495,0.056,0.05278395,0.05275,79928.99,BTC-10SEP26,0.3782,-0.89636,14.69029,0.0,0.0,0.006499999999999999,BTC,79958.23,0.0
2026-09-06T12:49:54.256465+00:00,BTC-27NOV26-85000-P,80700.95,BTC-27NOV26,put,85000.0,2026-11-27T08:00:00+00:00,0.22395257381850964,0.1045,0.1055,0.10496344,0.105,80700.95,BTC-27NOV26,0.3893,-0.5744,149.80507,11.0,1.6,0.0010000000000000009,BTC,79961.17,13643.65
2026-09-06T12:49:54.256465+00:00,BTC-25SEP26-260000-P,80044.29,BTC-25SEP26,put,260000.0,2026-09-25T08:00:00+00:00,0.05146797422918726,2.236,2.2585,2.24809064,2.24725,80044.29,BTC-25SEP26,1.2309,-0.99998,0.01786,0.0,0.0,0.022499999999999964,BTC,79961.17,0.0
2026-09-06T12:49:54.256465+00:00,BTC-10SEP26-88000-C,79928.26,BTC-10SEP26,call,88000.0,2026-09-10T08:00:00+00:00,0.010400212422205745,0.0002,0.0004,0.00028038,0.0003,79928.26,BTC-10SEP26,0.4424,0.01785,3.58509,1.1,1.1,0.0002,BTC,79961.17,18.39
2026-09-06T12:49:54.256465+00:00,BTC-7SEP26-85000-C,79914.57,BTC-7SEP26,call,85000.0,2026-09-07T08:00:00+00:00,0.0021866600608094404,,0.0001,7.49e-06,,79914.57,BTC-7SEP26,0.43670000000000003,0.00136,0.16685,28.2,0.4,,BTC,79958.23,3.2
2026-09-06T12:49:54.256465+00:00,BTC-26MAR27-85000-C,81936.13,BTC-26MAR27,call,85000.0,2027-03-26T08:00:00+00:00,0.5497568174872297,0.1025,0.105,0.10357535,0.10375,81936.13,BTC-26MAR27,0.40409999999999996,0.51143,242.43904,345.7,0.0,0.0025000000000000022,BTC,79958.23,0.0
2026-09-06T12:49:54.256465+00:00,BTC-25JUN27-102000-C,82886.29,BTC-25JUN27,call,102000.0,2027-06-25T08:00:00+00:00,0.798901239116251,0.074,0.0765,0.07514879,0.07525,82886.29,BTC-25JUN27,0.42,0.35798,276.80801,28.4,0.0,0.0025000000000000022,BTC,79961.17,0.0
2026-09-06T12:49:54.256465+00:00,BTC-25DEC26-110000-P,81016.32,BTC-25DEC26,put,110000.0,2026-12-25T08:00:00+00:00,0.3006123958582085,0.364,0.3785,0.36983533,0.37125,81016.32,BTC-25DEC26,0.42579999999999996,-0.88322,87.22686,55.6,0.0,0.014500000000000013,BTC,79961.17,0.0
2026-09-06T12:49:54.256465+00:00,BTC-26MAR27-52000-P,81936.13,BTC-26MAR27,put,52000.0,2027-03-26T08:00:00+00:00,0.5497568174872297,0.0125,0.014,0.01327478,0.01325,81936.13,BTC-26MAR27,0.4788,-0.07225,83.6389,123.8,0.0,0.0014999999999999996,BTC,79961.17,0.0
2026-09-06T12:49:54.256465+00:00,BTC-27NOV26-87000-P,80700.22,BTC-27NOV26,put,87000.0,2026-11-27T08:00:00+00:00,0.22395257381850964,0.1205,0.1235,0.12183391,0.122,80700.22,BTC-27NOV26,0.3909,-0.62229,145.24891,3.7,0.0,0.0030000000000000027,BTC,79961.17,0.0
2026-09-06T12:49:54.256465+00:00,BTC-30OCT26-89000-C,80381.31,BTC-30OCT26,call,89000.0,2026-10-30T08:00:00+00:00,0.1472927517788108,0.0225,0.0235,0.02289803,0.023,80381.31,BTC-30OCT26,0.3873,0.27163,102.38489,76.3,0.0,0.0010000000000000009,BTC,79961.01,0.0
2026-09-06T12:49:54.256465+00:00,BTC-30OCT26-61000-P,80381.31,BTC-30OCT26,put,61000.0,2026-10-30T08:00:00+00:00,0.1472927517788108,0.0039,0.0043,0.00411862,0.0041,80381.31,BTC-30OCT26,0.4657,-0.05102,32.35681,261.4,0.0,0.0004000000000000002,BTC,79961.01,0.0
2026-09-06T12:49:54.256465+00:00,BTC-10SEP26-76000-C,79928.26,BTC-10SEP26,call,76000.0,2026-09-10T08:00:00+00:00,0.010400212422205745,0.048,0.0535,0.05056339,0.05075,79928.26,BTC-10SEP26,0.36090000000000005,0.91889,12.25235,0.0,0.0,0.005499999999999998,BTC,79961.01,0.0
2026-09-06T12:49:54.256465+00:00,BTC-25JUN27-60000-P,82885.56,BTC-25JUN27,put,60000.0,2027-06-25T08:00:00+00:00,0.798901239116251,0.039,0.041,0.04006927,0.04,82885.56,BTC-25JUN27,0.4483,-0.15684,178.04048,196.2,0.2,0.0020000000000000018,BTC,79961.01,636.79
2026-09-06T12:49:54.256465+00:00,BTC-25DEC26-125000-P,81015.59,BTC-25DEC26,put,125000.0,2026-12-25T08:00:00+00:00,0.3006123958582085,0.541,0.5565,0.54839226,0.54875,81015.59,BTC-25DEC26,0.4608,-0.94382,50.28174,9.1,0.0,0.015499999999999958,BTC,79961.01,0.0
2026-09-06T12:49:54.256465+00:00,BTC-11SEP26-71000-C,79927.58,BTC-11SEP26,call,71000.0,2026-09-11T08:00:00+00:00,0.013138063209337846,0.1095,0.115,0.11208073,0.11225,79927.58,BTC-11SEP26,0.4939,0.98342,3.78298,26.0,0.0,0.005500000000000005,BTC,79961.01,0.0
2026-09-06T12:49:54.256465+00:00,BTC-27NOV26-58000-C,80700.22,BTC-27NOV26,call,58000.0,2026-11-27T08:00:00+00:00,0.22395257381850964,0.284,0.2905,0.28718883,0.28725,80700.22,BTC-27NOV26,0.4736,0.94376,43.26828,0.0,0.0,0.006500000000000006,BTC,79961.01,0.0
2026-09-06T12:49:54.256465+00:00,BTC-11SEP26-80000-C,79930.46,BTC-11SEP26,call,80000.0,2026-09-11T08:00:00+00:00,0.013138063209337846,0.0155,0.0165,0.01576905,0.016,79930.46,BTC-11SEP26,0.354,0.50348,36.57289,676.8,115.8,0.0010000000000000009,BTC,79961.01,135890.93
2026-09-06T12:49:54.256465+00:00,BTC-7SEP26-69000-P,79914.57,BTC-7SEP26,put,69000.0,2026-09-07T08:00:00+00:00,0.0021866600608094404,,0.0001,0.0,,79914.57,BTC-7SEP26,0.6355,0.0,6e-05,0.6,0.0,,BTC,79961.01,0.0
2026-09-06T12:49:54.256465+00:00,BTC-10SEP26-76000-P,79928.26,BTC-10SEP26,put,76000.0,2026-09-10T08:00:00+00:00,0.010400212422205745,0.0012,0.0016,0.00140929,0.0014,79928.26,BTC-10SEP26,0.36090000000000005,-0.08111,12.25242,0.0,0.0,0.0004000000000000002,BTC,79961.06,0.0
2026-09-06T12:49:54.256465+00:00,BTC-18SEP26-86000-C,79990.9,BTC-18SEP26,call,86000.0,2026-09-18T08:00:00+00:00,0.032303018719262555,0.006,0.007,0.00642379,0.0065,79990.9,BTC-18SEP26,0.4064,0.17148,36.61049,353.7,16.8,0.001,BTC,79961.06,8528.72
2026-09-06T12:49:54.256465+00:00,BTC-26MAR27-110000-P,81936.13,BTC-26MAR27,put,110000.0,2027-03-26T08:00:00+00:00,0.5497568174872297,0.366,0.386,0.37559719,0.376,81936.13,BTC-26MAR27,0.4203,-0.78454,177.86559,4.1,0.0,0.020000000000000018,BTC,79961.01,0.0
2026-09-06T12:49:54.256465+00:00,BTC-26MAR27-52000-C,81936.13,BTC-26MAR27,call,52000.0,2027-03-26T08:00:00+00:00,0.5497568174872297,0.3745,0.3815,0.37866114,0.378,81936.13,BTC-26MAR27,0.4788,0.92775,83.63942,5.3,0.0,0.007000000000000006,BTC,79961.01,0.0
2026-09-06T12:49:54.256465+00:00,BTC-25SEP26-90000-P,80044.29,BTC-25SEP26,put,90000.0,2026-09-25T08:00:00+00:00,0.05146797422918726,0.1255,0.1335,0.12951996,0.1295,80044.29,BTC-25SEP26,0.4167,-0.88258,35.7999,579.9,0.0,0.008000000000000007,BTC,79961.06,0.0
2026-09-06T12:49:54.256465+00:00,BTC-25JUN27-50000-P,82886.29,BTC-25JUN27,put,50000.0,2027-06-25T08:00:00+00:00,0.798901239116251,0.019,0.0205,0.019782,0.01975,82886.29,BTC-25JUN27,0.48369999999999996,-0.08291,113.23141,402.1,0.0,0.0015000000000000013,BTC,79961.06,0.0
2026-09-06T12:49:54.256465+00:00,BTC-25SEP26-320000-P,80044.29,BTC-25SEP26,put,320000.0,2026-09-25T08:00:00+00:00,0.05146797422918726,2.983,3.0135,2.99764925,2.99825,80044.29,BTC-25SEP26,1.4015,-0.99999,0.01086,25.1,0.0,0.03049999999999997,BTC,79961.06,0.0
2026-09-06T12:49:54.256465+00:00,BTC-30OCT26-105000-P,80381.31,BTC-30OCT26,put,105000.0,2026-10-30T08:00:00+00:00,0.1472927517788108,0.305,0.317,0.31094667,0.311,80381.31,BTC-30OCT26,0.4409,-0.93205,40.51282,0.0,0.0,0.01200000000000001,BTC,79961.06,0.0
2026-09-06T12:49:54.256465+00:00,BTC-26MAR27-68000-C,81936.13,BTC-26MAR27,call,68000.0,2027-03-26T08:00:00+00:00,0.5497568174872297,0.2165,0.2195,0.21773788,0.218,81936.13,BTC-26MAR27,0.41979999999999995,0.77512,182.28647,196.5,0.0,0.0030000000000000027,BTC,79961.06,0.0
2026-09-06T12:49:54.256465+00:00,BTC-25DEC26-52000-P,81015.59,BTC-25DEC26,put,52000.0,2026-12-25T08:00:00+00:00,0.3006123958582085,0.005,0.006,0.0055074,0.0055,81015.59,BTC-25DEC26,0.5131,-0.04291,40.54842,542.5,0.1,0.001,BTC,79961.06,43.98
2026-09-06T12:49:54.256465+00:00,BTC-25SEP26-94000-C,80044.29,BTC-25SEP26,call,94000.0,2026-09-25T08:00:00+00:00,0.05146797422918726,0.0025,0.0028,0.00260906,0.00265,80044.29,BTC-25SEP26,0.44549999999999995,0.06241,22.32511,877.3,2.0,0.0002999999999999999,BTC,79961.14,439.65
2026-09-06T12:49:54.256465+00:00,BTC-30OCT26-83000-P,80381.31,BTC-30OCT26,put,83000.0,2026-10-30T08:00:00+00:00,0.1472927517788108,0.0755,0.077,0.07636872,0.07625,80381.31,BTC-30OCT26,0.37729999999999997,-0.55806,121.85548,103.9,0.0,0.0015000000000000013,BTC,79961.14,0.0
2026-09-06T12:49:54.256465+00:00,BTC-10SEP26-78500-C,79928.26,BTC-10SEP26,call,78500.0,2026-09-10T08:00:00+00:00,0.010400212422205745,0.023,0.025,0.02404648,0.024,79928.26,BTC-10SEP26,0.3281,0.71433,27.72143,0.0,0.0,0.0020000000000000018,BTC,79961.14,0.0
2026-09-06T12:49:54.256465+00:00,BTC-25DEC26-96000-C,81015.59,BTC-25DEC26,call,96000.0,2026-12-25T08:00:00+00:00,0.3006123958582085,0.0295,0.0305,0.03002721,0.03,81015.59,BTC-25DEC26,0.4003,0.25423,142.51643,1494.7,0.6,0.0010000000000000009,BTC,79961.14,1435.2
2026-09-06T12:49:54.256465+00:00,BTC-18SEP26-74000-P,79993.8,BTC-18SEP26,put,74000.0,2026-09-18T08:00:00+00:00,0.032303018719262555,0.0042,0.0046,0.00446815,0.0044,79993.8,BTC-18SEP26,0.3884,-0.12378,29.41511,191.5,3.1,0.0004000000000000002,BTC,79961.14,1156.14
2026-09-06T12:49:54.256465+00:00,BTC-27NOV26-69000-P,80700.22,BTC-27NOV26,put,69000.0,2026-11-27T08:00:00+00:00,0.22395257381850964,0.0205,0.0215,0.02107718,0.021,80700.22,BTC-27NOV26,0.4086,-0.18179,100.90942,24.7,0.1,0.0009999999999999974,BTC,79961.14,167.33
2026-09-06T12:49:54.256465+00:00,BTC-11SEP26-70000-C,79930.46,BTC-11SEP26,call,70000.0,2026-09-11T08:00:00+00:00,0.013138063209337846,0.122,0.127,0.12453135,0.1245,79930.46,BTC-11SEP26,0.5303,0.98676,3.1175,286.9,0.0,0.0050000000000000044,BTC,79961.14,0.0
2026-09-06T12:49:54.256465+00:00,BTC-7SEP26-78500-C,79914.57,BTC-7SEP26,call,78500.0,2026-09-07T08:00:00+00:00,0.0021866600608094404,0.0155,0.021,0.01817802,0.01825,79914.57,BTC-7SEP26,0.2746,0.92394,5.34841,1.5,0.0,0.005500000000000001,BTC,79961.14,0.0
2026-09-06T12:49:54.256465+00:00,BTC-25JUN27-170000-C,82885.56,BTC-25JUN27,call,170000.0,2027-06-25T08:00:00+00:00,0.798901239116251,0.012,0.0135,0.01271288,0.01275,82885.56,BTC-25JUN27,0.4875,0.07645,106.48879,91.9,0.0,0.0014999999999999996,BTC,79961.14,0.0
2026-09-06T12:49:54.256465+00:00,BTC-25DEC26-68000-C,81015.59,BTC-25DEC26,call,68000.0,2026-12-25T08:00:00+00:00,0.3006123958582085,0.187,0.1915,0.18702796,0.18925,81015.59,BTC-25DEC26,0.41509999999999997,0.8119,119.88542,1033.6,0.0,0.004500000000000004,BTC,79961.14,0.0
2026-09-06T12:49:54.256465+00:00,BTC-27NOV26-102000-C,80700.95,BTC-27NOV26,call,102000.0,2026-11-27T08:00:00+00:00,0.22395257381850964,0.0125,0.0135,0.01294449,0.013,80700.95,BTC-27NOV26,0.4188,0.14001,85.0712,94.3,1.6,0.0009999999999999992,BTC,79960.93,1661.02
2026-09-06T12:49:54.256465+00:00,BTC-25JUN27-40000-C,82885.56,BTC-25JUN27,call,40000.0,2027-06-25T08:00:00+00:00,0.798901239116251,0.5255,0.5285,0.52692446,0.527,82885.56,BTC-25JUN27,0.5411,0.95982,64.11947,17.1,0.0,0.0030000000000000027,BTC,79960.93,0.0
2026-09-06T12:49:54.256465+00:00,BTC-27NOV26-100000-P,80700.22,BTC-27NOV26,put,100000.0,2026-11-27T08:00:00+00:00,0.22395257381850964,0.249,0.2605,0.25408288,0.25475,80700.22,BTC-27NOV26,0.41259999999999997,-0.84087,92.65869,0.0,0.0,0.01150000000000001,BTC,79960.93,0.0
2026-09-06T12:49:54.256465+00:00,BTC-25SEP26-94000-P,80046.99,BTC-25SEP26,put,94000.0,2026-09-25T08:00:00+00:00,0.05146797422918726,0.173,0.181,0.17691827,0.177,80046.99,BTC-25SEP26,0.44549999999999995,-0.93759,22.32537,1.9,0.0,0.008000000000000007,BTC,79960.93,0.0
2026-09-06T12:49:54.256465+00:00,BTC-26MAR27-100000-C,81936.13,BTC-26MAR27,call,100000.0,2027-03-26T08:00:00+00:00,0.5497568174872297,0.0505,0.0525,0.05142455,0.0515,81936.13,BTC-26MAR27,0.41,0.3079,213.85423,669.1,0.0,0.001999999999999995,BTC,79961.14,0.0
2026-09-06T12:49:54.256465+00:00,BTC-26MAR27-68000-P,81936.13,BTC-26MAR27,put,68000.0,2027-03-26T08:00:00+00:00,0.5497568174872297,0.0465,0.0485,0.04761725,0.0475,81936.13,BTC-26MAR27,0.41979999999999995,-0.22489,182.28701,290.8,0.0,0.0020000000000000018,BTC,79960.93,0.0
2026-09-06T12:49:54.256465+00:00,BTC-9SEP26-84000-P,79932.44,BTC-9SEP26,put,84000.0,2026-09-09T08:00:00+00:00,0.0076623616350736425,0.049,0.055,0.05190154,0.052,79932.44,BTC-9SEP26,0.3801,-0.92881,9.52151,0.0,0.0,0.005999999999999998,BTC,79960.93,0.0
2026-09-06T12:49:54.256465+00:00,BTC-27NOV26-87000-C,80700.95,BTC-27NOV26,call,87000.0,2026-11-27T08:00:00+00:00,0.22395257381850964,0.043,0.0445,0.04377822,0.04375,80700.95,BTC-27NOV26,0.3909,0.37771,145.24861,9.8,0.0,0.0015000000000000013,BTC,79960.93,0.0
2026-09-06T12:49:54.256465+00:00,BTC-7SEP26-86000-P,79914.57,BTC-7SEP26,put,86000.0,2026-09-07T08:00:00+00:00,0.0021866600608094404,0.073,0.079,0.07615005,0.076,79914.57,BTC-7SEP26,0.43670000000000003,-0.99982,0.02601,0.0,0.0,0.006000000000000005,BTC,79960.93,0.0
2026-09-06T12:49:54.256465+00:00,BTC-8SEP26-82000-C,79918.77,BTC-8SEP26,call,82000.0,2026-09-08T08:00:00+00:00,0.004924510847941542,0.0015,0.0018,0.00158153,0.00165,79918.77,BTC-8SEP26,0.3301,0.14011,12.49629,311.8,15.0,0.0002999999999999999,BTC,79960.93,2047.28
2026-09-06T12:49:54.256465+00:00,BTC-8SEP26-74000-P,79918.77,BTC-8SEP26,put,74000.0,2026-09-08T08:00:00+00:00,0.004924510847941542,,0.0003,0.00013926,,79918.77,BTC-8SEP26,0.48719999999999997,-0.01133,1.66678,2.4,0.6,,BTC,79960.93,11.19
2026-09-06T12:49:54.256465+00:00,BTC-25JUN27-52000-P,82885.56,BTC-25JUN27,put,52000.0,2027-06-25T08:00:00+00:00,0.798901239116251,0.022,0.024,0.02286893,0.023,82885.56,BTC-25JUN27,0.47509999999999997,-0.09503,125.32909,40.4,0.1,0.0020000000000000018,BTC,79960.21,179.28
2026-09-06T12:49:54.256465+00:00,BTC-11SEP26-85000-C,79930.46,BTC-11SEP26,call,85000.0,2026-09-11T08:00:00+00:00,0.013138063209337846,0.0021,0.0023,0.00215273,0.0022,79930.46,BTC-11SEP26,0.4092,0.10055,16.15355,711.2,12.6,0.0002000000000000001,BTC,79960.93,2508.53
2026-09-06T12:49:54.256465+00:00,BTC-25SEP26-78000-P,80044.29,BTC-25SEP26,put,78000.0,2026-09-25T08:00:00+00:00,0.05146797422918726,0.0215,0.022,0.02162015,0.02175,80044.29,BTC-25SEP26,0.3675,-0.3606,68.02585,2719.5,17.7,0.0005000000000000004,BTC,79960.21,31421.82
2026-09-06T12:49:54.256465+00:00,BTC-27NOV26-77000-P,80700.22,BTC-27NOV26,put,77000.0,2026-11-27T08:00:00+00:00,0.22395257381850964,0.0505,0.0515,0.05118506,0.051,80700.22,BTC-27NOV26,0.3897,-0.36364,143.47197,28.5,0.2,0.000999999999999994,BTC,79960.21,828.67
2026-09-06T12:49:54.256465+00:00,BTC-7SEP26-80500-P,79911.72,BTC-7SEP26,put,80500.0,2026-09-07T08:00:00+00:00,0.0021866600608094404,0.0085,0.0105,0.00970821,0.0095,79911.72,BTC-7SEP26,0.2805,-0.69855,13.02482,25.7,0.0,0.002,BTC,79960.21,0.0
2026-09-06T12:49:54.256465+00:00,BTC-27NOV26-77000-C,80700.95,BTC-27NOV26,call,77000.0,2026-11-27T08:00:00+00:00,0.22395257381850964,0.0945,0.1,0.09704381,0.09725,80700.95,BTC-27NOV26,0.3897,0.63638,143.47072,3.0,0.0,0.005500000000000005,BTC,79960.21,0.0
2026-09-06T12:49:54.256465+00:00,BTC-25SEP26-87000-C,80044.29,BTC-25SEP26,call,87000.0,2026-09-25T08:00:00+00:00,0.05146797422918726,0.0085,0.0095,0.00892896,0.009,80044.29,BTC-25SEP26,0.3957,0.18986,49.2916,10.4,2.0,0.0009999999999999992,BTC,79960.21,1437.21
2026-09-06T12:49:54.256465+00:00,BTC-26MAR27-125000-P,81936.13,BTC-26MAR27,put,125000.0,2027-03-26T08:00:00+00:00,0.5497568174872297,0.5325,0.5555,0.54371102,0.544,81936.13,BTC-26MAR27,0.4386,-0.87168,127.45903,0.1,0.0,0.02300000000000002,BTC,79960.21,0.0
2026-09-06T12:49:54.256465+00:00,BTC-26MAR27-115000-C,81936.13,BTC-26MAR27,call,115000.0,2027-03-26T08:00:00+00:00,0.5497568174872297,0.026,0.0275,0.02687723,0.02675,81936.13,BTC-26MAR27,0.426,0.18044,159.77417,808.0,0.0,0.0015000000000000013,BTC,79960.21,0.0
2026-09-06T12:49:54.256465+00:00,BTC-26MAR27-86000-C,81936.13,BTC-26MAR27,call,86000.0,2027-03-26T08:00:00+00:00,0.5497568174872297,0.0975,0.1,0.09880082,0.09875,81936.13,BTC-26MAR27,0.40380000000000005,0.4958,242.53086,141.7,0.0,0.0025000000000000022,BTC,79960.21,0.0
2026-09-06T12:49:54.256465+00:00,BTC-11SEP26-95000-C,79927.58,BTC-11SEP26,call,95000.0,2026-09-11T08:00:00+00:00,0.013138063209337846,,0.0002,0.00013919,,79927.58,BTC-11SEP26,0.5971,0.00651,1.67514,615.7,2.0,,BTC,79960.21,19.96
2026-09-06T12:49:54.256465+00:00,BTC-10SEP26-82500-P,79928.26,BTC-10SEP26,put,82500.0,2026-09-10T08:00:00+00:00,0.010400212422205745,0.033,0.0395,0.03606266,0.03625,79928.26,BTC-10SEP26,0.3558,-0.80067,22.78838,0.0,0.0,0.006499999999999999,BTC,79960.21,0.0
2026-09-06T12:49:54.256465+00:00,BTC-27NOV26-62000-C,80700.95,BTC-27NOV26,call,62000.0,2026-11-27T08:00:00+00:00,0.22395257381850964,0.237,0.245,0.24097899,0.241,80700.95,BTC-27NOV26,0.4446,0.91301,60.5118,0.0,0.0,0.008000000000000007,BTC,79960.21,0.0
2026-09-06T12:49:54.256465+00:00,BTC-11SEP26-67000-C,79927.58,BTC-11SEP26,call,67000.0,2026-09-11T08:00:00+00:00,0.013138063209337846,0.16,0.1645,0.16193441,0.16225,79927.58,BTC-11SEP26,0.6324000000000001,0.99326,1.72694,0.2,0.0,0.004500000000000004,BTC,79960.21,0.0
2026-09-06T12:49:54.256465+00:00,BTC-27NOV26-80000-P,80700.22,BTC-27NOV26,put,80000.0,2026-11-27T08:00:00+00:00,0.22395257381850964,0.068,0.069,0.06882591,0.0685,80700.22,BTC-27NOV26,0.3892,-0.44373,150.94843,51.6,0.0,0.0010000000000000009,BTC,79960.21,0.0
2026-09-06T12:49:54.256465+00:00,BTC-25JUN27-80000-P,82885.56,BTC-25JUN27,put,80000.0,2027-06-25T08:00:00+00:00,0.798901239116251,0.1275,0.131,0.12876127,0.12925,82885.56,BTC-25JUN27,0.41759999999999997,-0.38876,284.18553,44.1,0.2,0.003500000000000003,BTC,79960.21,2091.67
2026-09-06T12:49:54.256465+00:00,BTC-25DEC26-55000-P,81015.59,BTC-25DEC26,put,55000.0,2026-12-25T08:00:00+00:00,0.3006123958582085,0.007,0.008,0.00751724,0.0075,81015.59,BTC-25DEC26,0.4924,-0.05813,51.65608,2657.5,0.0,0.001,BTC,79960.21,0.0
2026-09-06T12:49:54.256465+00:00,BTC-25SEP26-98000-C,80046.99,BTC-25SEP26,call,98000.0,2026-09-25T08:00:00+00:00,0.05146797422918726,0.0014,0.0016,0.00148448,0.0015,80046.99,BTC-25SEP26,0.48,0.03596,14.35677,1128.1,5.9,0.0002000000000000001,BTC,79960.19,791.71
2026-09-06T12:49:54.256465+00:00,BTC-25JUN27-30000-P,82886.29,BTC-25JUN27,put,30000.0,2027-06-25T08:00:00+00:00,0.798901239116251,0.0036,0.0048,0.00418246,0.0042,82886.29,BTC-25JUN27,0.6182,-0.01719,31.55794,332.0,0.0,0.0011999999999999997,BTC,79960.19,0.0
2026-09-06T12:49:54.256465+00:00,BTC-25SEP26-100000-P,80046.99,BTC-25SEP26,put,100000.0,2026-09-25T08:00:00+00:00,0.05146797422918726,0.2465,0.253,0.25046757,0.24975,80046.99,BTC-25SEP26,0.5007,-0.97117,11.96408,336.1,0.0,0.006500000000000006,BTC,79960.19,0.0
2026-09-06T12:49:54.256465+00:00,BTC-27NOV26-72000-C,80700.22,BTC-27NOV26,call,72000.0,2026-11-27T08:00:00+00:00,0.22395257381850964,0.1345,0.141,0.13754062,0.13775,80700.22,BTC-27NOV26,0.3983,0.75846,119.22363,0.0,0.0,0.006499999999999978,BTC,79960.19,0.0
2026-09-06T12:49:54.256465+00:00,BTC-30OCT26-102000-C,80381.31,BTC-30OCT26,call,102000.0,2026-10-30T08:00:00+00:00,0.1472927517788108,0.0055,0.0065,0.00595732,0.006,80381.31,BTC-30OCT26,0.42619999999999997,0.08511,48.08448,198.3,0.0,0.001,BTC,79960.19,0.0
2026-09-06T12:49:54.256465+00:00,BTC-8SEP26-83500-C,79918.77,BTC-8SEP26,call,83500.0,2026-09-08T08:00:00+00:00,0.004924510847941542,0.0003,0.0006,0.00042196,0.00045,79918.77,BTC-8SEP26,0.358,0.04308,5.13537,7.1,4.9,0.0003,BTC,79960.19,367.85
2026-09-06T12:49:54.256465+00:00,BTC-8SEP26-86000-P,79918.77,BTC-8SEP26,put,86000.0,2026-09-08T08:00:00+00:00,0.004924510847941542,0.073,0.079,0.07616152,0.076,79918.77,BTC-8SEP26,0.4305,-0.99179,1.2589,0.0,0.0,0.006000000000000005,BTC,79960.19,0.0
2026-09-06T12:49:54.256465+00:00,BTC-27NOV26-83000-P,80700.22,BTC-27NOV26,put,83000.0,2026-11-27T08:00:00+00:00,0.22395257381850964,0.0885,0.09,0.08945813,0.08925,80700.22,BTC-27NOV26,0.3887,-0.52336,152.20562,43.6,0.3,0.0015000000000000013,BTC,79960.12,2191.66
2026-09-06T12:49:54.256465+00:00,BTC-27NOV26-79000-C,80700.22,BTC-27NOV26,call,79000.0,2026-11-27T08:00:00+00:00,0.22395257381850964,0.083,0.084,0.08345361,0.0835,80700.22,BTC-27NOV26,0.3881,0.58311,149.14687,50.1,0.0,0.0010000000000000009,BTC,79960.12,0.0
2026-09-06T12:49:54.256465+00:00,BTC-25SEP26-102000-C,80044.29,BTC-25SEP26,call,102000.0,2026-09-25T08:00:00+00:00,0.05146797422918726,0.0008,0.001,0.00088521,0.0009,80044.29,BTC-25SEP26,0.5124,0.02154,9.3699,199.1,1.0,0.00019999999999999998,BTC,79960.12,71.78
2026-09-06T12:49:54.256465+00:00,BTC-7SEP26-85000-P,79911.72,BTC-7SEP26,put,85000.0,2026-09-07T08:00:00+00:00,0.0021866600608094404,0.0605,0.066,0.06364332,0.06325,79911.72,BTC-7SEP26,0.43670000000000003,-0.99861,0.16971,0.0,0.0,0.005500000000000005,BTC,79960.19,0.0
2026-09-06T12:49:54.256465+00:00,BTC-26MAR27-102000-C,81936.13,BTC-26MAR27,call,102000.0,2027-03-26T08:00:00+00:00,0.5497568174872297,0.046,0.048,0.04694031,0.047,81936.13,BTC-26MAR27,0.41159999999999997,0.28654,206.93458,127.5,0.0,0.0020000000000000018,BTC,79960.19,0.0
2026-09-06T12:49:54.256465+00:00,BTC-25DEC26-78000-P,81016.32,BTC-25DEC26,put,78000.0,2026-12-25T08:00:00+00:00,0.3006123958582085,0.0665,0.0675,0.06703947,0.067,81016.32,BTC-25DEC26,0.3936,-0.38763,170.25605,1405.4,0.1,0.0010000000000000009,BTC,79960.12,543.72
2026-09-06T12:49:54.256465+00:00,BTC-25JUN27-76000-P,82886.29,BTC-25JUN27,put,76000.0,2027-06-25T08:00:00+00:00,0.798901239116251,0.104,0.107,0.10532812,0.1055,82886.29,BTC-25JUN27,0.4211,-0.33741,270.8427,74.6,0.2,0.0030000000000000027,BTC,79960.12,1680.41
2026-09-06T12:49:54.256465+00:00,BTC-11SEP26-79000-C,79930.46,BTC-11SEP26,call,79000.0,2026-09-11T08:00:00+00:00,0.013138063209337846,0.0215,0.023,0.02228355,0.02225,79930.46,BTC-11SEP26,0.3471,0.62701,34.70435,273.7,4.3,0.0015000000000000013,BTC,79960.12,7759.31
2026-09-06T12:49:54.256465+00:00,BTC-25SEP26-80000-C,80044.29,BTC-25SEP26,call,80000.0,2026-09-25T08:00:00+00:00,0.05146797422918726,0.033,0.034,0.03377544,0.0335,80044.29,BTC-25SEP26,0.37,0.52129,72.39453,6926.5,1.4,0.0010000000000000009,BTC,79960.11,3750.41
2026-09-06T12:49:54.256465+00:00,BTC-25JUN27-78000-C,82885.56,BTC-25JUN27,call,78000.0,2027-06-25T08:00:00+00:00,0.798901239116251,0.1745,0.1775,0.17575164,0.176,82885.56,BTC-25JUN27,0.41960000000000003,0.63701,278.14202,52.2,0.0,0.0030000000000000027,BTC,79960.12,0.0
2026-09-06T12:49:54.256465+00:00,BTC-27NOV26-81000-C,80700.22,BTC-27NOV26,call,81000.0,2026-11-27T08:00:00+00:00,0.22395257381850964,0.071,0.072,0.07149124,0.0715,80700.22,BTC-27NOV26,0.3881,0.5294,152.05296,112.0,0.0,0.0010000000000000009,BTC,79960.11,0.0
2026-09-06T12:49:54.256465+00:00,BTC-10SEP26-87000-P,79928.26,BTC-10SEP26,put,87000.0,2026-09-10T08:00:00+00:00,0.010400212422205745,0.0855,0.0915,0.08895007,0.0885,79928.26,BTC-10SEP26,0.4326,-0.97058,5.46015,0.0,0.0,0.0059999999999999915,BTC,79960.11,0.0
2026-09-06T12:49:54.256465+00:00,BTC-27NOV26-96000-P,80700.22,BTC-27NOV26,put,96000.0,2026-11-27T08:00:00+00:00,0.22395257381850964,0.205,0.2165,0.21015063,0.21075,80700.22,BTC-27NOV26,0.40380000000000005,-0.79119,109.77726,0.0,0.0,0.01150000000000001,BTC,79960.11,0.0
2026-09-06T12:49:54.256465+00:00,BTC-25JUN27-62000-C,82886.29,BTC-25JUN27,call,62000.0,2027-06-25T08:00:00+00:00,0.798901239116251,0.2925,0.3005,0.29781594,0.2965,82886.29,BTC-25JUN27,0.44329999999999997,0.82421,191.64791,117.0,0.0,0.008000000000000007,BTC,79960.11,0.0
2026-09-06T12:49:54.256465+00:00,BTC-25SEP26-92000-P,80044.29,BTC-25SEP26,put,92000.0,2026-09-25T08:00:00+00:00,0.05146797422918726,0.149,0.157,0.15293287,0.153,80044.29,BTC-25SEP26,0.42979999999999996,-0.91533,28.19679,7.7,0.0,0.008000000000000007,BTC,79960.11,0.0
2026-09-06T12:49:54.256465+00:00,BTC-27NOV26-104000-P,80700.95,BTC-27NOV26,put,104000.0,2026-11-27T08:00:00+00:00,0.22395257381850964,0.2945,0.3065,0.29966298,0.3005,80700.95,BTC-27NOV26,0.4218,-0.87869,77.03951,0.0,0.0,0.01200000000000001,BTC,79960.11,0.0
2026-09-06T12:49:54.256465+00:00,BTC-26MAR27-58000-C,81936.13,BTC-26MAR27,call,58000.0,2027-03-26T08:00:00+00:00,0.5497568174872297,0.308,0.319,0.31396176,0.3135,81936.13,BTC-26MAR27,0.4509,0.88523,117.84023,4.3,0.0,0.01100000000000001,BTC,79960.11,0.0
2026-09-06T12:49:54.256465+00:00,BTC-26MAR27-94000-C,81936.13,BTC-26MAR27,call,94000.0,2027-03-26T08:00:00+00:00,0.5497568174872297,0.067,0.069,0.06796371,0.068,81936.13,BTC-26MAR27,0.40619999999999995,0.38058,231.59504,166.3,0.0,0.0020000000000000018,BTC,79960.11,0.0
2026-09-06T12:49:54.256465+00:00,BTC-26MAR27-72000-C,81936.13,BTC-26MAR27,call,72000.0,2027-03-26T08:00:00+00:00,0.5497568174872297,0.181,0.188,0.18493017,0.1845,81936.13,BTC-26MAR27,0.4129,0.71787,205.40663,95.2,0.0,0.007000000000000006,BTC,79960.11,0.0
2026-09-06T12:49:54.256465+00:00,BTC-25JUN27-50000-C,82886.29,BTC-25JUN27,call,50000.0,2027-06-25T08:00:00+00:00,0.798901239116251,0.413,0.419,0.41654397,0.416,82886.29,BTC-25JUN27,0.48369999999999996,0.91708,113.23433,17.5,0.0,0.006000000000000005,BTC,79960.11,0.0
2026-09-06T12:49:54.256465+00:00,BTC-25DEC26-55000-C,81015.59,BTC-25DEC26,call,55000.0,2026-12-25T08:00:00+00:00,0.3006123958582085,0.3245,0.3315,0.328641,0.328,81015.59,BTC-25DEC26,0.4924,0.94187,51.65579,44.9,0.0,0.007000000000000006,BTC,79960.11,0.0
2026-09-06T12:49:54.256465+00:00,BTC-7SEP26-90000-C,79911.72,BTC-7SEP26,call,90000.0,2026-09-07T08:00:00+00:00,0.0021866600608094404,,0.0001,0.0,,79911.72,BTC-7SEP26,0.5233,0.0,0.00013,0.3,0.0,,BTC,79960.11,0.0
2026-09-06T12:49:54.256465+00:00,BTC-25SEP26-52000-C,80046.99,BTC-25SEP26,call,52000.0,2026-09-25T08:00:00+00:00,0.05146797422918726,0.3485,0.3525,0.35053342,0.3505,80046.99,BTC-25SEP26,0.7117,0.99705,1.63925,150.2,0.0,0.0040000000000000036,BTC,79960.11,0.0
2026-09-06T12:49:54.256465+00:00,BTC-25DEC26-240000-C,81015.59,BTC-25DEC26,call,240000.0,2026-12-25T08:00:00+00:00,0.3006123958582085,0.0002,0.0005,0.00032263,0.00035,81015.59,BTC-25DEC26,0.6788,0.00317,4.2746,785.2,0.0,0.00030000000000000003,BTC,79960.11,0.0
2026-09-06T12:49:54.256465+00:00,BTC-10SEP26-87000-C,79928.26,BTC-10SEP26,call,87000.0,2026-09-10T08:00:00+00:00,0.010400212422205745,0.0004,0.0005,0.00048174,0.00045,79928.26,BTC-10SEP26,0.4326,0.02942,5.46015,0.0,0.0,9.999999999999999e-05,BTC,79960.11,0.0
2026-09-06T12:49:54.256465+00:00,BTC-7SEP26-76500-C,79911.72,BTC-7SEP26,call,76500.0,2026-09-07T08:00:00+00:00,0.0021866600608094404,0.0405,0.0455,0.04276343,0.043,79911.72,BTC-7SEP26,0.37520000000000003,0.99415,0.6216,0.0,0.0,0.0049999999999999975,BTC,79960.11,0.0
2026-09-06T12:49:54.256465+00:00,BTC-11SEP26-86000-C,79927.58,BTC-11SEP26,call,86000.0,2026-09-11T08:00:00+00:00,0.013138063209337846,0.0013,0.0016,0.00139768,0.00145,79927.58,BTC-11SEP26,0.4199,0.06844,12.09689,1503.8,5.7,0.00030000000000000014,BTC,79960.11,782.2
2026-09-06T12:49:54.256465+00:00,BTC-26MAR27-66000-P,81936.13,BTC-26MAR27,put,66000.0,2027-03-26T08:00:00+00:00,0.5497568174872297,0.04,0.042,0.04109377,0.041,81936.13,BTC-26MAR27,0.4251,-0.19906,169.72718,110.2,0.0,0.0020000000000000018,BTC,79960.11,0.0
2026-09-06T12:49:54.256465+00:00,BTC-25DEC26-75000-C,81015.59,BTC-25DEC26,call,75000.0,2026-12-25T08:00:00+00:00,0.3006123958582085,0.125,0.127,0.12584388,0.126,81015.59,BTC-25DEC26,0.39740000000000003,0.67897,159.17949,1881.8,0.0,0.0020000000000000018,BTC,79960.11,0.0
2026-09-06T12:49:54.256465+00:00,BTC-10SEP26-81000-C,79928.26,BTC-10SEP26,call,81000.0,2026-09-10T08:00:00+00:00,0.010400212422205745,0.008,0.009,0.00833356,0.0085,79928.26,BTC-10SEP26,0.34240000000000004,0.36205,30.57328,0.0,0.0,0.0009999999999999992,BTC,79960.1,0.0
2026-09-06T12:49:54.256465+00:00,BTC-18SEP26-78000-C,79993.8,BTC-18SEP26,call,78000.0,2026-09-18T08:00:00+00:00,0.032303018719262555,0.04,0.0415,0.04057755,0.04075,79993.8,BTC-18SEP26,0.37070000000000003,0.66203,52.59549,97.9,0.0,0.0015000000000000013,BTC,79960.1,0.0
2026-09-06T12:49:54.256465+00:00,BTC-9SEP26-81000-P,79931.71,BTC-9SEP26,put,81000.0,2026-09-09T08:00:00+00:00,0.0076623616350736425,0.0185,0.0205,0.01954823,0.0195,79931.71,BTC-9SEP26,0.3322,-0.66895,25.38033,0.0,0.0,0.0020000000000000018,BTC,79960.1,0.0
2026-09-06T12:49:54.256465+00:00,BTC-11SEP26-88000-C,79930.46,BTC-11SEP26,call,88000.0,2026-09-11T08:00:00+00:00,0.013138063209337846,0.0005,0.0007,0.00061136,0.0006,79930.46,BTC-11SEP26,0.4445,0.03186,6.55602,1323.6,2.9,0.00019999999999999998,BTC,79960.1,182.94
2026-09-06T12:49:54.256465+00:00,BTC-25SEP26-77000-P,80046.99,BTC-25SEP26,put,77000.0,2026-09-25T08:00:00+00:00,0.05146797422918726,0.017,0.0175,0.01715595,0.01725,80046.99,BTC-25SEP26,0.3686,-0.30495,63.64962,1094.5,1.9,0.0005000000000000004,BTC,79960.1,2625.87
2026-09-06T12:49:54.256465+00:00,BTC-26MAR27-35000-P,81936.13,BTC-26MAR27,put,35000.0,2027-03-26T08:00:00+00:00,0.5497568174872297,0.0026,0.0035,0.00303897,0.00305,81936.13,BTC-26MAR27,0.5992999999999999,-0.0163,24.73123,623.4,0.2,0.0009000000000000002,BTC,79960.1,55.83
2026-09-06T12:49:54.256465+00:00,BTC-9SEP26-75000-P,79932.44,BTC-9SEP26,put,75000.0,2026-09-09T08:00:00+00:00,0.0076623616350736425,0.0003,0.0006,0.00044499,0.00045,79932.44,BTC-9SEP26,0.3973,-0.03193,5.01457,5.0,0.0,0.0003,BTC,79960.1,0.0
2026-09-06T12:49:54.256465+00:00,BTC-7SEP26-80000-P,79911.72,BTC-7SEP26,put,80000.0,2026-09-07T08:00:00+00:00,0.0021866600608094404,0.005,0.006,0.00554843,0.0055,79911.72,BTC-7SEP26,0.2676,-0.51881,14.89566,77.3,56.5,0.001,BTC,79960.1,25577.71
2026-09-06T12:49:54.256465+00:00,BTC-25JUN27-30000-C,82886.29,BTC-25JUN27,call,30000.0,2027-06-25T08:00:00+00:00,0.798901239116251,0.6415,0.6435,0.64223963,0.6425,82886.29,BTC-25JUN27,0.6182,0.98281,31.55794,69.5,0.0,0.0020000000000000018,BTC,79960.1,0.0
2026-09-06T12:49:54.256465+00:00,BTC-30OCT26-73000-C,80381.31,BTC-30OCT26,call,73000.0,2026-10-30T08:00:00+00:00,0.1472927517788108,0.1125,0.115,0.11346149,0.11375,80381.31,BTC-30OCT26,0.3834,0.76735,94.33516,634.0,0.1,0.0025000000000000022,BTC,79953.91,915.8
2026-09-06T12:49:54.256465+00:00,BTC-30OCT26-81000-P,80381.31,BTC-30OCT26,put,81000.0,2026-10-30T08:00:00+00:00,0.1472927517788108,0.061,0.062,0.06153941,0.0615,80381.31,BTC-30OCT26,0.3751,-0.49163,123.1239,167.0,0.0,0.0010000000000000009,BTC,79953.91,0.0
2026-09-06T12:49:54.256465+00:00,BTC-25SEP26-50000-P,80044.29,BTC-25SEP26,put,50000.0,2026-09-25T08:00:00+00:00,0.05146797422918726,0.0001,0.0002,0.0001444,0.00015,80044.29,BTC-25SEP26,0.7674,-0.00263,1.47485,3750.9,0.1,0.0001,BTC,79953.91,0.8
2026-09-06T12:49:54.256465+00:00,BTC-26MAR27-64000-P,81936.13,BTC-26MAR27,put,64000.0,2027-03-26T08:00:00+00:00,0.5497568174872297,0.034,0.036,0.03508461,0.035,81936.13,BTC-26MAR27,0.4296,-0.17466,156.52577,126.0,0.0,0.001999999999999995,BTC,79960.1,0.0
2026-09-06T12:49:54.256465+00:00,BTC-8SEP26-78000-C,79918.77,BTC-8SEP26,call,78000.0,2026-09-08T08:00:00+00:00,0.004924510847941542,0.0225,0.0285,0.02551479,0.0255,79918.77,BTC-8SEP26,0.3148,0.87057,11.83385,0.1,0.0,0.006000000000000002,BTC,79960.1,0.0
2026-09-06T12:49:54.256465+00:00,BTC-26MAR27-115000-P,81936.13,BTC-26MAR27,put,115000.0,2027-03-26T08:00:00+00:00,0.5497568174872297,0.4205,0.441,0.43034969,0.43075,81936.13,BTC-26MAR27,0.426,-0.81962,159.72813,2.2,0.0,0.020500000000000018,BTC,79953.91,0.0
2026-09-06T12:49:54.256465+00:00,BTC-26MAR27-35000-C,81938.89,BTC-26MAR27,call,35000.0,2027-03-26T08:00:00+00:00,0.5497568174872297,0.575,0.5775,0.57589518,0.57625,81938.89,BTC-26MAR27,0.5992999999999999,0.9837,24.7312,19.9,0.0,0.0025000000000000577,BTC,79953.91,0.0
2026-09-06T12:49:54.256465+00:00,BTC-9SEP26-77000-P,79932.44,BTC-9SEP26,put,77000.0,2026-09-09T08:00:00+00:00,0.0076623616350736425,0.0013,0.0016,0.00149096,0.00145,79932.44,BTC-9SEP26,0.3419,-0.10225,12.48428,10.7,9.3,0.00030000000000000014,BTC,79953.91,1038.22
2026-09-06T12:49:54.256465+00:00,BTC-25JUN27-54000-P,82885.56,BTC-25JUN27,put,54000.0,2027-06-25T08:00:00+00:00,0.798901239116251,0.0255,0.0275,0.02653155,0.0265,82885.56,BTC-25JUN27,0.4682,-0.10868,138.18403,50.1,0.0,0.0020000000000000018,BTC,79953.91,0.0
2026-09-06T12:49:54.256465+00:00,BTC-8SEP26-85000-C,79918.77,BTC-8SEP26,call,85000.0,2026-09-08T08:00:00+00:00,0.004924510847941542,0.0001,0.0002,0.00016545,0.00015,79918.77,BTC-8SEP26,0.408,0.01689,2.35247,1.8,1.4,0.0001,BTC,79953.91,27.96
2026-09-06T12:49:54.256465+00:00,BTC-30OCT26-77000-C,80381.31,BTC-30OCT26,call,77000.0,2026-10-30T08:00:00+00:00,0.1472927517788108,0.077,0.0825,0.07976568,0.07975,80381.31,BTC-30OCT26,0.3754,0.64511,114.90549,116.0,0.0,0.005500000000000005,BTC,79950.2,0.0
2026-09-06T12:49:54.256465+00:00,BTC-9SEP26-88000-P,79932.44,BTC-9SEP26,put,88000.0,2026-09-09T08:00:00+00:00,0.0076623616350736425,0.098,0.104,0.1010979,0.101,79932.44,BTC-9SEP26,0.4829,-0.98784,2.21166,0.0,0.0,0.0059999999999999915,BTC,79950.2,0.0
2026-09-06T12:49:54.256465+00:00,BTC-25SEP26-140000-P,80044.29,BTC-25SEP26,put,140000.0,2026-09-25T08:00:00+00:00,0.05146797422918726,0.7435,0.7545,0.74900723,0.749,80044.29,BTC-25SEP26,0.7598999999999999,-0.99919,0.50127,1.4,0.0,0.010999999999999899,BTC,79950.2,0.0
2026-09-06T12:49:54.256465+00:00,BTC-27NOV26-106000-P,80700.22,BTC-27NOV26,put,106000.0,2026-11-27T08:00:00+00:00,0.22395257381850964,0.318,0.3295,0.32299056,0.32375,80700.22,BTC-27NOV26,0.4274,-0.89347,70.21581,0.0,0.0,0.01150000000000001,BTC,79950.2,0.0
2026-09-06T12:49:54.256465+00:00,BTC-30OCT26-104000-C,80381.31,BTC-30OCT26,call,104000.0,2026-10-30T08:00:00+00:00,0.1472927517788108,0.0049,0.0055,0.00516724,0.0052,80381.31,BTC-30OCT26,0.4374,0.07376,43.14284,89.2,0.5,0.0005999999999999998,BTC,79950.2,219.74
2026-09-06T12:49:54.256465+00:00,BTC-27NOV26-91000-P,80700.95,BTC-27NOV26,put,91000.0,2026-11-27T08:00:00+00:00,0.22395257381850964,0.1545,0.1655,0.1589231,0.16,80700.95,BTC-27NOV26,0.3958,-0.70738,131.36148,0.0,0.0,0.01100000000000001,BTC,79950.2,0.0
2026-09-06T12:49:54.256465+00:00,BTC-11SEP26-84000-P,79930.46,BTC-11SEP26,put,84000.0,2026-09-11T08:00:00+00:00,0.013138063209337846,0.0505,0.057,0.05413523,0.05375,79930.46,BTC-11SEP26,0.39549999999999996,-0.85659,20.73863,2.9,0.1,0.006499999999999999,BTC,79950.2,453.2
2026-09-06T12:49:54.256465+00:00,BTC-26MAR27-108000-P,81936.13,BTC-26MAR27,put,108000.0,2027-03-26T08:00:00+00:00,0.5497568174872297,0.3445,0.364,0.35410433,0.35425,81936.13,BTC-26MAR27,0.4178,-0.7689,185.07955,0.1,0.0,0.019500000000000017,BTC,79950.2,0.0
2026-09-06T12:49:54.256465+00:00,BTC-10SEP26-78500-P,79928.26,BTC-10SEP26,put,78500.0,2026-09-10T08:00:00+00:00,0.010400212422205745,0.006,0.007,0.0061702,0.0065,79928.26,BTC-10SEP26,0.3281,-0.28713,27.78481,0.0,0.0,0.001,BTC,79950.24,0.0
2026-09-06T12:49:54.256465+00:00,BTC-26MAR27-180000-C,81936.13,BTC-26MAR27,call,180000.0,2027-03-26T08:00:00+00:00,0.5497568174872297,0.0039,0.0048,0.00430767,0.00435,81936.13,BTC-26MAR27,0.5203,0.03246,44.14396,503.3,0.0,0.0008999999999999998,BTC,79950.2,0.0
2026-09-06T12:49:54.256465+00:00,BTC-26MAR27-84000-P,81938.89,BTC-26MAR27,put,84000.0,2027-03-26T08:00:00+00:00,0.5497568174872297,0.132,0.135,0.13348794,0.1335,81938.89,BTC-26MAR27,0.40369999999999995,-0.47301,241.97041,55.2,0.0,0.0030000000000000027,BTC,79950.2,0.0
2026-09-06T12:49:54.256465+00:00,BTC-30OCT26-72000-P,80381.31,BTC-30OCT26,put,72000.0,2026-10-30T08:00:00+00:00,0.1472927517788108,0.018,0.019,0.01859711,0.0185,80381.31,BTC-30OCT26,0.3861,-0.20647,88.07564,408.2,0.5,0.0010000000000000009,BTC,79950.24,754.83
2026-09-06T12:49:54.256465+00:00,BTC-30OCT26-50000-P,80381.31,BTC-30OCT26,put,50000.0,2026-10-30T08:00:00+00:00,0.1472927517788108,0.0011,0.0015,0.0012874,0.0013,80381.31,BTC-30OCT26,0.5991,-0.01461,11.43048,329.1,0.7,0.00039999999999999996,BTC,79950.24,63.94
2026-09-06T12:49:54.256465+00:00,BTC-25SEP26-120000-C,80044.29,BTC-25SEP26,call,120000.0,2026-09-25T08:00:00+00:00,0.05146797422918726,0.0001,0.0002,0.00018104,0.00015,80044.29,BTC-25SEP26,0.6561,0.0041,2.20248,1331.6,0.0,0.0001,BTC,79950.24,0.0
2026-09-06T12:49:54.256465+00:00,BTC-30OCT26-78000-C,80381.31,BTC-30OCT26,call,78000.0,2026-10-30T08:00:00+00:00,0.1472927517788108,0.0715,0.0735,0.07250223,0.0725,80381.31,BTC-30OCT26,0.37439999999999996,0.61139,118.3129,462.5,0.1,0.0020000000000000018,BTC,79950.0,577.92
2026-09-06T12:49:54.256465+00:00,BTC-25SEP26-170000-P,80044.29,BTC-25SEP26,put,170000.0,2026-09-25T08:00:00+00:00,0.05146797422918726,1.1165,1.131,1.12375522,1.12375,80044.29,BTC-25SEP26,0.8693000000000001,-0.9999,0.07216,0.0,0.0,0.014499999999999957,BTC,79950.0,0.0
2026-09-06T12:49:54.256465+00:00,BTC-18SEP26-69000-C,79993.8,BTC-18SEP26,call,69000.0,2026-09-18T08:00:00+00:00,0.032303018719262555,0.136,0.141,0.13850653,0.1385,79993.8,BTC-18SEP26,0.4551,0.96795,10.33823,0.0,0.0,0.004999999999999977,BTC,79950.0,0.0
2026-09-06T12:49:54.256465+00:00,BTC-26MAR27-88000-C,81938.89,BTC-26MAR27,call,88000.0,2027-03-26T08:00:00+00:00,0.5497568174872297,0.089,0.091,0.08998692,0.09,81938.89,BTC-26MAR27,0.40399999999999997,0.46513,241.58778,77.0,0.0,0.0020000000000000018,BTC,79950.24,0.0
2026-09-06T12:49:54.256465+00:00,BTC-30OCT26-83000-C,80381.31,BTC-30OCT26,call,83000.0,2026-10-30T08:00:00+00:00,0.1472927517788108,0.0435,0.0445,0.04382815,0.044,80381.31,BTC-30OCT26,0.37729999999999997,0.44155,121.8204,225.3,4.0,0.0010000000000000009,BTC,79950.0,14061.33
2026-09-06T12:49:54.256465+00:00,BTC-26MAR27-74000-P,81936.13,BTC-26MAR27,put,74000.0,2027-03-26T08:00:00+00:00,0.5497568174872297,0.072,0.074,0.07280904,0.073,81936.13,BTC-26MAR27,0.4097,-0.31274,215.28114,197.2,0.0,0.0020000000000000018,BTC,79950.24,0.0
2026-09-06T12:49:54.256465+00:00,BTC-26MAR27-170000-C,81936.13,BTC-26MAR27,call,170000.0,2027-03-26T08:00:00+00:00,0.5497568174872297,0.005,0.006,0.0054607,0.0055,81936.13,BTC-26MAR27,0.5094,0.04074,53.17074,648.8,0.2,0.001,BTC,79950.24,79.92
2026-09-06T12:49:54.256465+00:00,BTC-27NOV26-85000-C,80700.22,BTC-27NOV26,call,85000.0,2026-11-27T08:00:00+00:00,0.22395257381850964,0.051,0.052,0.05169064,0.0515,80700.22,BTC-27NOV26,0.3893,0.42536,149.77186,528.9,0.0,0.0010000000000000009,BTC,79950.0,0.0
2026-09-06T12:49:54.256465+00:00,BTC-26MAR27-74000-C,81936.13,BTC-26MAR27,call,74000.0,2027-03-26T08:00:00+00:00,0.5497568174872297,0.1685,0.1715,0.16970503,0.17,81936.13,BTC-26MAR27,0.4097,0.68726,215.28136,76.8,0.0,0.0030000000000000027,BTC,79950.0,0.0
2026-09-06T12:49:54.256465+00:00,BTC-25SEP26-81000-C,80044.29,BTC-25SEP26,call,81000.0,2026-09-25T08:00:00+00:00,0.05146797422918726,0.0275,0.0285,0.02827803,0.028,80044.29,BTC-25SEP26,0.37229999999999996,0.46214,72.16113,2502.1,16.2,0.0010000000000000009,BTC,79949.83,35500.5
2026-09-06T12:49:54.256465+00:00,BTC-25DEC26-64000-P,81015.59,BTC-25DEC26,put,64000.0,2026-12-25T08:00:00+00:00,0.3006123958582085,0.017,0.018,0.01755896,0.0175,81015.59,BTC-25DEC26,0.4314,-0.13221,95.12741,361.1,0.0,0.0009999999999999974,BTC,79950.0,0.0
2026-09-06T12:49:54.256465+00:00,BTC-9SEP26-71000-P,79932.44,BTC-9SEP26,put,71000.0,2026-09-09T08:00:00+00:00,0.0076623616350736425,,0.0003,0.00016981,,79932.44,BTC-9SEP26,0.585,-0.00965,1.80804,12.4,12.6,,BTC,79949.83,222.14
2026-09-06T12:49:54.256465+00:00,BTC-26MAR27-54000-C,81938.89,BTC-26MAR27,call,54000.0,2027-03-26T08:00:00+00:00,0.5497568174872297,0.3525,0.3595,0.35677314,0.356,81938.89,BTC-26MAR27,0.4696,0.91497,94.61487,0.1,0.0,0.007000000000000006,BTC,79950.0,0.0
2026-09-06T12:49:54.256465+00:00,BTC-25JUN27-96000-P,82886.29,BTC-25JUN27,put,96000.0,2027-06-25T08:00:00+00:00,0.798901239116251,0.249,0.254,0.25087812,0.2515,82886.29,BTC-25JUN27,0.4174,-0.58177,289.48811,0.0,0.0,0.0050000000000000044,BTC,79949.83,0.0
2026-09-06T12:49:54.256465+00:00,BTC-27NOV26-91000-C,80700.95,BTC-27NOV26,call,91000.0,2026-11-27T08:00:00+00:00,0.22395257381850964,0.0305,0.032,0.03130162,0.03125,80700.95,BTC-27NOV26,0.3958,0.29254,131.33697,70.3,0.0,0.0015000000000000013,BTC,79949.83,0.0
2026-09-06T12:49:54.256465+00:00,BTC-9SEP26-71000-C,79931.71,BTC-9SEP26,call,71000.0,2026-09-09T08:00:00+00:00,0.0076623616350736425,0.1095,0.1145,0.11192535,0.112,79931.71,BTC-9SEP26,0.585,0.99035,1.80792,0.0,0.0,0.0050000000000000044,BTC,79949.83,0.0
2026-09-06T12:49:54.256465+00:00,BTC-18SEP26-83000-P,79990.9,BTC-18SEP26,put,83000.0,2026-09-18T08:00:00+00:00,0.032303018719262555,0.0495,0.052,0.0509453,0.05075,79990.9,BTC-18SEP26,0.3871,-0.68845,50.86109,0.0,0.0,0.0024999999999999953,BTC,79949.83,0.0
2026-09-06T12:49:54.256465+00:00,BTC-25SEP26-115000-C,80046.99,BTC-25SEP26,call,115000.0,2026-09-25T08:00:00+00:00,0.05146797422918726,0.0001,0.0004,0.00024913,0.00025,80046.99,BTC-25SEP26,0.6154,0.00571,2.9587,2159.9,0.0,0.00030000000000000003,BTC,79949.83,0.0
2026-09-06T12:49:54.256465+00:00,BTC-26MAR27-120000-P,81938.89,BTC-26MAR27,put,120000.0,2027-03-26T08:00:00+00:00,0.5497568174872297,0.476,0.498,0.48660768,0.487,81938.89,BTC-26MAR27,0.4328,-0.84783,143.09707,1.8,0.0,0.02200000000000002,BTC,79949.83,0.0
2026-09-06T12:49:54.256465+00:00,BTC-25JUN27-84000-P,82885.56,BTC-25JUN27,put,84000.0,2027-06-25T08:00:00+00:00,0.798901239116251,0.154,0.1575,0.15573682,0.15575,82885.56,BTC-25JUN27,0.4171,-0.43989,292.35788,6.5,0.8,0.003500000000000003,BTC,79949.83,10059.95
2026-09-06T12:49:54.256465+00:00,BTC-18SEP26-84000-C,79993.8,BTC-18SEP26,call,84000.0,2026-09-18T08:00:00+00:00,0.032303018719262555,0.01,0.011,0.01039539,0.0105,79993.8,BTC-18SEP26,0.39130000000000004,0.25606,46.29371,534.1,2.9,0.0009999999999999992,BTC,79949.83,2396.81
2026-09-06T12:49:54.256465+00:00,BTC-9SEP26-82500-P,79932.44,BTC-9SEP26,put,82500.0,2026-09-09T08:00:00+00:00,0.0076623616350736425,0.0315,0.0375,0.03455662,0.0345,79932.44,BTC-9SEP26,0.35,-0.84513,16.66719,0.0,0.0,0.005999999999999998,BTC,79949.83,0.0
2026-09-06T12:49:54.256465+00:00,BTC-11SEP26-81000-C,79930.46,BTC-11SEP26,call,81000.0,2026-09-11T08:00:00+00:00,0.013138063209337846,0.0105,0.011,0.01082559,0.01075,79930.46,BTC-11SEP26,0.36200000000000004,0.38472,35.03143,758.1,87.7,0.0004999999999999987,BTC,79949.83,76811.66
2026-09-06T12:49:54.256465+00:00,BTC-30OCT26-78000-P,80381.31,BTC-30OCT26,put,78000.0,2026-10-30T08:00:00+00:00,0.1472927517788108,0.0425,0.0435,0.04284157,0.043,80381.31,BTC-30OCT26,0.37439999999999996,-0.38862,118.31316,415.6,0.1,0.000999999999999994,BTC,79949.83,350.99
2026-09-06T12:49:54.256465+00:00,BTC-8SEP26-84000-P,79918.77,BTC-8SEP26,put,84000.0,2026-09-08T08:00:00+00:00,0.004924510847941542,0.0485,0.054,0.05135418,0.05125,79918.77,BTC-8SEP26,0.37329999999999997,-0.96957,3.86226,0.0,0.0,0.005499999999999998,BTC,79949.83,0.0
2026-09-06T12:49:54.256465+00:00,BTC-11SEP26-82000-P,79927.58,BTC-11SEP26,put,82000.0,2026-09-11T08:00:00+00:00,0.013138063209337846,0.032,0.034,0.0331154,0.033,79927.58,BTC-11SEP26,0.37020000000000003,-0.71746,30.99108,66.1,0.0,0.0020000000000000018,BTC,79949.83,0.0
2026-09-06T12:49:54.256465+00:00,BTC-7SEP26-77500-C,79911.72,BTC-7SEP26,call,77500.0,2026-09-07T08:00:00+00:00,0.0021866600608094404,0.029,0.032,0.03031049,0.0305,79911.72,BTC-7SEP26,0.31379999999999997,0.98284,1.58808,7.6,0.4,0.002999999999999999,BTC,79949.83,974.2
2026-09-06T12:49:54.256465+00:00,BTC-18SEP26-79000-C,79990.9,BTC-18SEP26,call,79000.0,2026-09-18T08:00:00+00:00,0.032303018719262555,0.0325,0.034,0.03313604,0.03325,79990.9,BTC-18SEP26,0.3712,0.58875,55.9634,330.8,2.1,0.0015000000000000013,BTC,79949.83,5525.9
2026-09-06T12:49:54.256465+00:00,BTC-26MAR27-104000-P,81936.13,BTC-26MAR27,put,104000.0,2027-03-26T08:00:00+00:00,0.5497568174872297,0.3025,0.322,0.31216293,0.31225,81936.13,BTC-26MAR27,0.41359999999999997,-0.73339,199.72355,0.1,0.0,0.019500000000000017,BTC,79949.83,0.0
2026-09-06T12:49:54.256465+00:00,BTC-18SEP26-77000-C,79990.9,BTC-18SEP26,call,77000.0,2026-09-18T08:00:00+00:00,0.032303018719262555,0.048,0.05,0.04903979,0.049,79990.9,BTC-18SEP26,0.37200000000000005,0.7283,47.71349,53.3,0.0,0.0020000000000000018,BTC,79949.75,0.0
2026-09-06T12:49:54.256465+00:00,BTC-8SEP26-80000-C,79918.77,BTC-8SEP26,call,80000.0,2026-09-08T08:00:00+00:00,0.004924510847941542,0.0075,0.0085,0.00781734,0.008,79918.77,BTC-8SEP26,0.2966,0.48949,22.37457,17.6,2.0,0.0010000000000000009,BTC,79949.83,1217.9
2026-09-06T12:49:54.256465+00:00,BTC-26MAR27-94000-P,81936.13,BTC-26MAR27,put,94000.0,2027-03-26T08:00:00+00:00,0.5497568174872297,0.2065,0.224,0.21514989,0.21525,81936.13,BTC-26MAR27,0.40619999999999995,-0.61957,231.53845,9.7,0.0,0.017500000000000016,BTC,79949.83,0.0
2026-09-06T12:49:54.256465+00:00,BTC-25DEC26-100000-P,81015.59,BTC-25DEC26,put,100000.0,2026-12-25T08:00:00+00:00,0.3006123958582085,0.2515,0.265,0.25722586,0.25825,81015.59,BTC-25DEC26,0.40700000000000003,-0.79683,125.61014,303.3,0.0,0.013500000000000012,BTC,79949.75,0.0
2026-09-06T12:49:54.256465+00:00,BTC-25DEC26-75000-P,81015.59,BTC-25DEC26,put,75000.0,2026-12-25T08:00:00+00:00,0.3006123958582085,0.051,0.052,0.0515842,0.0515,81015.59,BTC-25DEC26,0.39740000000000003,-0.32125,159.20309,1209.8,0.3,0.0010000000000000009,BTC,79949.75,1241.61
2026-09-06T12:49:54.256465+00:00,BTC-27NOV26-76000-P,80700.22,BTC-27NOV26,put,76000.0,2026-11-27T08:00:00+00:00,0.22395257381850964,0.0455,0.0465,0.04614738,0.046,80700.22,BTC-27NOV26,0.3908,-0.3379,139.68205,43.2,0.2,0.0010000000000000009,BTC,79949.75,745.31
2026-09-06T12:49:54.256465+00:00,BTC-9SEP26-77000-C,79932.44,BTC-9SEP26,call,77000.0,2026-09-09T08:00:00+00:00,0.0076623616350736425,0.0355,0.041,0.03818358,0.03825,79932.44,BTC-9SEP26,0.3419,0.89707,12.54291,0.0,0.0,0.005500000000000005,BTC,79949.75,0.0
2026-09-06T12:49:54.256465+00:00,BTC-27NOV26-120000-P,80700.95,BTC-27NOV26,put,120000.0,2026-11-27T08:00:00+00:00,0.22395257381850964,0.4835,0.4985,0.49097655,0.491,80700.95,BTC-27NOV26,0.4696,-0.95277,37.65816,0.0,0.0,0.015000000000000013,BTC,79949.75,0.0
2026-09-06T12:49:54.256465+00:00,BTC-25SEP26-130000-C,80044.29,BTC-25SEP26,call,130000.0,2026-09-25T08:00:00+00:00,0.05146797422918726,,0.0001,6.752e-05,,80044.29,BTC-25SEP26,0.7031000000000001,0.00155,0.91352,1452.2,0.0,,BTC,79949.83,0.0
2026-09-06T12:49:54.256465+00:00,BTC-26MAR27-76000-C,81936.13,BTC-26MAR27,call,76000.0,2027-03-26T08:00:00+00:00,0.5497568174872297,0.1515,0.159,0.15534182,0.15525,81936.13,BTC-26MAR27,0.4067,0.6558,223.77676,530.5,0.4,0.007500000000000007,BTC,79949.75,4976.97
2026-09-06T12:49:54.256465+00:00,BTC-11SEP26-90000-C,79930.46,BTC-11SEP26,call,90000.0,2026-09-11T08:00:00+00:00,0.013138063209337846,0.0003,0.0004,0.00035885,0.00035,79930.46,BTC-11SEP26,0.48719999999999997,0.01806,4.06929,1488.8,2.8,0.00010000000000000005,BTC,79949.75,115.82
2026-09-06T12:49:54.256465+00:00,BTC-25JUN27-92000-C,82886.29,BTC-25JUN27,call,92000.0,2027-06-25T08:00:00+00:00,0.798901239116251,0.1055,0.1085,0.10686229,0.107,82886.29,BTC-25JUN27,0.4165,0.46284,294.43656,15.7,0.0,0.0030000000000000027,BTC,79949.83,0.0
2026-09-06T12:49:54.256465+00:00,BTC-18SEP26-68000-P,79993.8,BTC-18SEP26,put,68000.0,2026-09-18T08:00:00+00:00,0.032303018719262555,0.0007,0.0009,0.00078028,0.0008,79993.8,BTC-18SEP26,0.4669,-0.02393,8.10418,86.3,16.0,0.00019999999999999998,BTC,79949.83,980.65
2026-09-06T12:49:54.256465+00:00,BTC-30OCT26-65000-P,80381.31,BTC-30OCT26,put,65000.0,2026-10-30T08:00:00+00:00,0.1472927517788108,0.0065,0.0075,0.00702735,0.007,80381.31,BTC-30OCT26,0.4315,-0.08589,48.4105,547.1,0.1,0.001,BTC,79949.83,55.92
2026-09-06T12:49:54.256465+00:00,BTC-30OCT26-59000-P,80381.31,BTC-30OCT26,put,59000.0,2026-10-30T08:00:00+00:00,0.1472927517788108,0.003,0.0035,0.00325861,0.00325,80381.31,BTC-30OCT26,0.4869,-0.04012,26.66605,84.7,0.0,0.0005,BTC,79949.83,0.0
2026-09-06T12:49:54.256465+00:00,BTC-25SEP26-92000-C,80046.99,BTC-25SEP26,call,92000.0,2026-09-25T08:00:00+00:00,0.05146797422918726,0.0035,0.0038,0.00360896,0.00365,80046.99,BTC-25SEP26,0.42979999999999996,0.08446,28.1381,1294.6,0.2,0.0002999999999999999,BTC,79949.83,51.04
2026-09-06T12:49:54.256465+00:00,BTC-25SEP26-83000-P,80046.99,BTC-25SEP26,put,83000.0,2026-09-25T08:00:00+00:00,0.05146797422918726,0.055,0.0575,0.05634918,0.05625,80046.99,BTC-25SEP26,0.37799999999999995,-0.64682,67.52138,20.3,0.0,0.0025000000000000022,BTC,79949.83,0.0
2026-09-06T12:49:54.256465+00:00,BTC-25SEP26-125000-C,80046.99,BTC-25SEP26,call,125000.0,2026-09-25T08:00:00+00:00,0.05146797422918726,0.0001,0.0002,0.00014222,0.00015,80046.99,BTC-25SEP26,0.6973999999999999,0.00312,1.72012,2322.3,2.0,0.0001,BTC,79950.9,15.96
2026-09-06T12:49:54.256465+00:00,BTC-30OCT26-82000-C,80381.31,BTC-30OCT26,call,82000.0,2026-10-30T08:00:00+00:00,0.1472927517788108,0.0485,0.0495,0.04863525,0.049,80381.31,BTC-30OCT26,0.3761,0.47448,122.89378,1110.7,0.0,0.0010000000000000009,BTC,79950.9,0.0
2026-09-06T12:49:54.256465+00:00,BTC-25DEC26-120000-P,81015.59,BTC-25DEC26,put,120000.0,2026-12-25T08:00:00+00:00,0.3006123958582085,0.481,0.4975,0.48814781,0.48925,81015.59,BTC-25DEC26,0.4484,-0.92964,59.91131,35.7,0.0,0.016500000000000015,BTC,79949.83,0.0
2026-09-06T12:49:54.256465+00:00,BTC-9SEP26-78500-P,79931.71,BTC-9SEP26,put,78500.0,2026-09-09T08:00:00+00:00,0.0076623616350736425,0.0042,0.0046,0.00440167,0.0044,79931.71,BTC-9SEP26,0.322,-0.25572,22.50591,1.4,1.4,0.0004000000000000002,BTC,79950.9,526.81
2026-09-06T12:49:54.256465+00:00,BTC-30OCT26-110000-C,80381.31,BTC-30OCT26,call,110000.0,2026-10-30T08:00:00+00:00,0.1472927517788108,0.0029,0.0032,0.00312018,0.00305,80381.31,BTC-30OCT26,0.45990000000000003,0.04585,29.70013,1039.7,1.3,0.00030000000000000035,BTC,79950.9,315.75
2026-09-06T12:49:54.256465+00:00,BTC-7SEP26-82500-P,79911.72,BTC-7SEP26,put,82500.0,2026-09-07T08:00:00+00:00,0.0021866600608094404,0.0295,0.035,0.03251532,0.03225,79911.72,BTC-7SEP26,0.34979999999999994,-0.97261,2.35754,3.6,0.0,0.005500000000000005,BTC,79949.83,0.0
2026-09-06T12:49:54.256465+00:00,BTC-25DEC26-220000-P,81015.59,BTC-25DEC26,put,220000.0,2026-12-25T08:00:00+00:00,0.3006123958582085,1.7015,1.734,1.71597154,1.71775,81015.59,BTC-25DEC26,0.654,-0.9954,5.96123,0.0,0.0,0.03249999999999997,BTC,79950.9,0.0
2026-09-06T12:49:54.256465+00:00,BTC-25JUN27-70000-P,82885.56,BTC-25JUN27,put,70000.0,2027-06-25T08:00:00+00:00,0.798901239116251,0.074,0.0765,0.07537963,0.07525,82885.56,BTC-25JUN27,0.4278,-0.26316,241.93959,20.4,0.0,0.0025000000000000022,BTC,79950.9,0.0
2026-09-06T12:49:54.256465+00:00,BTC-8SEP26-71000-P,79918.77,BTC-8SEP26,put,71000.0,2026-09-08T08:00:00+00:00,0.004924510847941542,,0.0001,3.628e-05,,79918.77,BTC-8SEP26,0.6127,-0.00273,0.47095,1.0,1.0,,BTC,79950.9,8.0
2026-09-06T12:49:54.256465+00:00,BTC-26MAR27-65000-C,81936.13,BTC-26MAR27,call,65000.0,2027-03-26T08:00:00+00:00,0.5497568174872297,0.2405,0.248,0.24482012,0.24425,81936.13,BTC-26MAR27,0.4277,0.81312,163.2883,366.9,0.0,0.007500000000000007,BTC,79950.9,0.0
2026-09-06T12:49:54.256465+00:00,BTC-9SEP26-81000-C,79932.44,BTC-9SEP26,call,81000.0,2026-09-09T08:00:00+00:00,0.0076623616350736425,0.006,0.0065,0.00619891,0.00625,79932.44,BTC-9SEP26,0.3322,0.32983,25.34033,2.2,1.5,0.0004999999999999996,BTC,79952.63,759.09
2026-09-06T12:49:54.256465+00:00,BTC-7SEP26-69000-C,79911.72,BTC-7SEP26,call,69000.0,2026-09-07T08:00:00+00:00,0.0021866600608094404,0.1345,0.139,0.13657798,0.13675,79911.72,BTC-7SEP26,0.6355,1.0,7e-05,0.0,0.0,0.004500000000000004,BTC,79950.9,0.0
2026-09-06T12:49:54.256465+00:00,BTC-26MAR27-130000-C,81936.13,BTC-26MAR27,call,130000.0,2027-03-26T08:00:00+00:00,0.5497568174872297,0.0145,0.016,0.01520221,0.01525,81936.13,BTC-26MAR27,0.4454,0.10912,113.64692,1136.6,0.0,0.0014999999999999996,BTC,79950.9,0.0
2026-09-06T12:49:54.256465+00:00,BTC-25JUN27-180000-C,82885.56,BTC-25JUN27,call,180000.0,2027-06-25T08:00:00+00:00,0.798901239116251,0.0095,0.0115,0.01063585,0.0105,82885.56,BTC-25JUN27,0.498,0.0645,93.42793,47.0,0.0,0.002,BTC,79952.63,0.0
2026-09-06T12:49:54.256465+00:00,BTC-25SEP26-175000-C,80044.29,BTC-25SEP26,call,175000.0,2026-09-25T08:00:00+00:00,0.05146797422918726,,0.0001,3.71e-06,,80044.29,BTC-25SEP26,0.89,8e-05,0.05938,1904.8,0.0,,BTC,79952.63,0.0
2026-09-06T12:49:54.256465+00:00,BTC-9SEP26-80500-C,79931.71,BTC-9SEP26,call,80500.0,2026-09-09T08:00:00+00:00,0.0076623616350736425,0.008,0.0085,0.00832261,0.00825,79931.71,BTC-9SEP26,0.3287,0.40925,27.19501,1.3,1.3,0.0005000000000000004,BTC,79952.63,875.1
2026-09-06T12:49:54.256465+00:00,BTC-30OCT26-77000-P,80381.31,BTC-30OCT26,put,77000.0,2026-10-30T08:00:00+00:00,0.1472927517788108,0.037,0.038,0.03766478,0.0375,80381.31,BTC-30OCT26,0.3754,-0.35481,114.90012,127.9,0.0,0.0010000000000000009,BTC,79952.63,0.0
2026-09-06T12:49:54.256465+00:00,BTC-27NOV26-60000-P,80700.22,BTC-27NOV26,put,60000.0,2026-11-27T08:00:00+00:00,0.22395257381850964,0.007,0.0075,0.00741234,0.00725,80700.22,BTC-27NOV26,0.4592,-0.07029,51.47301,38.4,5.1,0.0004999999999999996,BTC,79952.63,3049.98
2026-09-06T12:49:54.256465+00:00,BTC-8SEP26-83500-P,79918.77,BTC-8SEP26,put,83500.0,2026-09-08T08:00:00+00:00,0.004924510847941542,0.042,0.0475,0.04522329,0.04475,79918.77,BTC-8SEP26,0.358,-0.95737,5.09095,0.0,0.0,0.005499999999999998,BTC,79952.63,0.0
2026-09-06T12:49:54.256465+00:00,BTC-18SEP26-70000-P,79993.8,BTC-18SEP26,put,70000.0,2026-09-18T08:00:00+00:00,0.032303018719262555,0.0013,0.0014,0.00136502,0.00135,79993.8,BTC-18SEP26,0.43810000000000004,-0.04114,12.68371,87.1,1.6,0.00010000000000000005,BTC,79953.09,190.08
2026-09-06T12:49:54.256465+00:00,BTC-11SEP26-76000-P,79930.46,BTC-11SEP26,put,76000.0,2026-09-11T08:00:00+00:00,0.013138063209337846,0.0021,0.0024,0.00221666,0.00225,79930.46,BTC-11SEP26,0.3627,-0.10769,16.97578,983.5,25.1,0.0002999999999999999,BTC,79952.63,5318.19
2026-09-06T12:49:54.256465+00:00,BTC-26MAR27-84000-C,81936.13,BTC-26MAR27,call,84000.0,2027-03-26T08:00:00+00:00,0.5497568174872297,0.107,0.1095,0.10834284,0.10825,81936.13,BTC-26MAR27,0.40369999999999995,0.52699,241.96968,263.2,0.0,0.0025000000000000022,BTC,79952.63,0.0
2026-09-06T12:49:54.256465+00:00,BTC-8SEP26-71000-C,79918.77,BTC-8SEP26,call,71000.0,2026-09-08T08:00:00+00:00,0.004924510847941542,0.1095,0.114,0.11164234,0.11175,79918.77,BTC-8SEP26,0.6127,0.99728,0.47052,0.0,0.0,0.004500000000000004,BTC,79952.63,0.0
2026-09-06T12:49:54.256465+00:00,BTC-25JUN27-160000-C,82885.56,BTC-25JUN27,call,160000.0,2027-06-25T08:00:00+00:00,0.798901239116251,0.0145,0.0165,0.01542247,0.0155,82885.56,BTC-25JUN27,0.4764,0.09173,122.0908,553.6,0.0,0.002,BTC,79953.09,0.0
2026-09-06T12:49:54.256465+00:00,BTC-25JUN27-170000-P,82885.56,BTC-25JUN27,put,170000.0,2027-06-25T08:00:00+00:00,0.798901239116251,1.0455,1.084,1.0637222,1.06475,82885.56,BTC-25JUN27,0.4875,-0.92358,106.44197,14.7,0.0,0.03849999999999998,BTC,79953.09,0.0
2026-09-06T12:49:54.256465+00:00,BTC-9SEP26-77500-C,79931.71,BTC-9SEP26,call,77500.0,2026-09-09T08:00:00+00:00,0.0076623616350736425,0.0295,0.0355,0.03255667,0.0325,79931.71,BTC-9SEP26,0.33240000000000003,0.85975,15.59701,0.0,0.0,0.005999999999999998,BTC,79953.09,0.0
2026-09-06T12:49:54.256465+00:00,BTC-10SEP26-81500-C,79928.26,BTC-10SEP26,call,81500.0,2026-09-10T08:00:00+00:00,0.010400212422205745,0.006,0.007,0.00638588,0.0065,79928.26,BTC-10SEP26,0.3428,0.2977,28.25683,0.0,0.0,0.001,BTC,79953.09,0.0
2026-09-06T12:49:54.256465+00:00,BTC-25SEP26-86000-P,80046.99,BTC-25SEP26,put,86000.0,2026-09-25T08:00:00+00:00,0.05146797422918726,0.082,0.0885,0.08528372,0.08525,80046.99,BTC-25SEP26,0.3914,-0.77633,54.31349,11.7,0.0,0.006499999999999992,BTC,79953.12,0.0
2026-09-06T12:49:54.256465+00:00,BTC-7SEP26-87000-C,79914.57,BTC-7SEP26,call,87000.0,2026-09-07T08:00:00+00:00,0.0021866600608094404,,0.0001,1e-07,,79914.57,BTC-7SEP26,0.4443,2e-05,0.00386,12.1,0.0,,BTC,79953.09,0.0
2026-09-06T12:49:54.256465+00:00,BTC-8SEP26-76000-P,79918.77,BTC-8SEP26,put,76000.0,2026-09-08T08:00:00+00:00,0.004924510847941542,0.0003,0.0004,0.00039478,0.00035,79918.77,BTC-8SEP26,0.39909999999999995,-0.03436,4.27034,11.6,6.8,0.00010000000000000005,BTC,79953.09,242.16
2026-09-06T12:49:54.256465+00:00,BTC-25SEP26-68000-C,80046.99,BTC-25SEP26,call,68000.0,2026-09-25T08:00:00+00:00,0.05146797422918726,0.1495,0.155,0.15242675,0.15225,80046.99,BTC-25SEP26,0.4378,0.9549,17.25361,890.0,0.2,0.005500000000000005,BTC,79953.12,2470.55
2026-09-06T12:49:54.256465+00:00,BTC-11SEP26-73000-P,79927.58,BTC-11SEP26,put,73000.0,2026-09-11T08:00:00+00:00,0.013138063209337846,0.0006,0.0007,0.00069511,0.00065,79927.58,BTC-11SEP26,0.4404,-0.03381,6.88546,1129.6,2.1,0.00010000000000000005,BTC,79953.09,140.49
2026-09-06T12:49:54.256465+00:00,BTC-7SEP26-88000-C,79914.57,BTC-7SEP26,call,88000.0,2026-09-07T08:00:00+00:00,0.0021866600608094404,,0.0001,5e-08,,79914.57,BTC-7SEP26,0.4808,1e-05,0.00169,9.7,0.0,,BTC,79953.09,0.0
2026-09-06T12:49:54.256465+00:00,BTC-27NOV26-74000-P,80700.22,BTC-27NOV26,put,74000.0,2026-11-27T08:00:00+00:00,0.22395257381850964,0.0365,0.0375,0.03723366,0.037,80700.22,BTC-27NOV26,0.39399999999999996,-0.2879,130.36233,31.0,0.0,0.0010000000000000009,BTC,79953.12,0.0
2026-09-06T12:49:54.256465+00:00,BTC-25SEP26-280000-C,80046.99,BTC-25SEP26,call,280000.0,2026-09-25T08:00:00+00:00,0.05146797422918726,,0.0001,1.26e-06,,80046.99,BTC-25SEP26,1.2987,2e-05,0.01619,76.1,0.0,,BTC,79953.12,0.0
2026-09-06T12:49:54.256465+00:00,BTC-25DEC26-230000-C,81015.59,BTC-25DEC26,call,230000.0,2026-12-25T08:00:00+00:00,0.3006123958582085,0.0002,0.0006,0.00035764,0.0004,81015.59,BTC-25DEC26,0.662,0.00356,4.74273,190.5,0.0,0.00039999999999999996,BTC,79953.12,0.0
2026-09-06T12:49:54.256465+00:00,BTC-9SEP26-87000-C,79932.44,BTC-9SEP26,call,87000.0,2026-09-09T08:00:00+00:00,0.0076623616350736425,0.0001,0.0004,0.00024745,0.00025,79932.44,BTC-9SEP26,0.45439999999999997,0.01722,2.9839,0.1,0.1,0.00030000000000000003,BTC,79953.12,2.4
2026-09-06T12:49:54.256465+00:00,BTC-27NOV26-95000-P,80700.22,BTC-27NOV26,put,95000.0,2026-11-27T08:00:00+00:00,0.22395257381850964,0.1945,0.2065,0.19960408,0.2005,80700.22,BTC-27NOV26,0.40240000000000004,-0.77619,114.26605,0.0,0.0,0.011999999999999983,BTC,79953.12,0.0
2026-09-06T12:49:54.256465+00:00,BTC-18SEP26-79000-P,79990.9,BTC-18SEP26,put,79000.0,2026-09-18T08:00:00+00:00,0.032303018719262555,0.0205,0.0215,0.02070356,0.021,79990.9,BTC-18SEP26,0.3712,-0.41102,55.95825,179.9,2.3,0.0009999999999999974,BTC,79953.12,3929.99
2026-09-06T12:49:54.256465+00:00,BTC-9SEP26-80000-P,79932.44,BTC-9SEP26,put,80000.0,2026-09-09T08:00:00+00:00,0.0076623616350736425,0.011,0.012,0.01175581,0.0115,79932.44,BTC-9SEP26,0.3243,-0.50508,27.91927,0.4,0.4,0.0010000000000000009,BTC,79953.12,419.06
2026-09-06T12:49:54.256465+00:00,BTC-18SEP26-95000-C,79993.8,BTC-18SEP26,call,95000.0,2026-09-18T08:00:00+00:00,0.032303018719262555,0.0008,0.0009,0.00083782,0.00085,79993.8,BTC-18SEP26,0.48210000000000003,0.0264,8.80137,146.1,11.3,9.999999999999994e-05,BTC,79953.12,843.04
2026-09-06T12:49:54.256465+00:00,BTC-25JUN27-98000-C,82886.29,BTC-25JUN27,call,98000.0,2027-06-25T08:00:00+00:00,0.798901239116251,0.085,0.088,0.08649436,0.0865,82886.29,BTC-25JUN27,0.41850000000000004,0.39748,285.91242,42.6,0.0,0.002999999999999989,BTC,79953.12,0.0
2026-09-06T12:49:54.256465+00:00,BTC-7SEP26-87000-P,79914.57,BTC-7SEP26,put,87000.0,2026-09-07T08:00:00+00:00,0.0021866600608094404,0.0855,0.0915,0.08866266,0.0885,79914.57,BTC-7SEP26,0.4443,-0.99998,0.00386,0.0,0.0,0.0059999999999999915,BTC,79953.12,0.0
2026-09-06T12:49:54.256465+00:00,BTC-25DEC26-50000-P,81015.59,BTC-25DEC26,put,50000.0,2026-12-25T08:00:00+00:00,0.3006123958582085,0.0046,0.005,0.00473359,0.0048,81015.59,BTC-25DEC26,0.534,-0.03629,35.38111,2146.3,34.0,0.0004000000000000002,BTC,79953.12,13187.29
2026-09-06T12:49:54.256465+00:00,BTC-7SEP26-79500-C,79911.72,BTC-7SEP26,call,79500.0,2026-09-07T08:00:00+00:00,0.0021866600608094404,0.0075,0.0085,0.00770226,0.008,79911.72,BTC-7SEP26,0.2502,0.68372,13.30021,37.0,2.5,0.0010000000000000009,BTC,79953.12,1406.65
2026-09-06T12:49:54.256465+00:00,BTC-25DEC26-54000-P,81016.32,BTC-25DEC26,put,54000.0,2026-12-25T08:00:00+00:00,0.3006123958582085,0.006,0.007,0.00651349,0.0065,81016.32,BTC-25DEC26,0.4946,-0.05131,46.79349,1856.4,2.0,0.001,BTC,79953.12,956.39
2026-09-06T12:49:54.256465+00:00,BTC-11SEP26-75000-C,79927.58,BTC-11SEP26,call,75000.0,2026-09-11T08:00:00+00:00,0.013138063209337846,0.0605,0.066,0.06311929,0.06325,79927.58,BTC-11SEP26,0.38549999999999995,0.92927,12.40736,96.4,0.7,0.005500000000000005,BTC,79953.12,3550.15
2026-09-06T12:49:54.256465+00:00,BTC-25DEC26-92000-P,81015.59,BTC-25DEC26,put,92000.0,2026-12-25T08:00:00+00:00,0.3006123958582085,0.1695,0.1825,0.17539007,0.176,81015.59,BTC-25DEC26,0.3958,-0.6829,158.34332,6.6,0.0,0.012999999999999984,BTC,79953.12,0.0
2026-09-06T12:49:54.256465+00:00,BTC-26MAR27-78000-P,81936.13,BTC-26MAR27,put,78000.0,2027-03-26T08:00:00+00:00,0.5497568174872297,0.093,0.0945,0.09396591,0.09375,81936.13,BTC-26MAR27,0.4048,-0.37631,230.77528,262.3,3.0,0.0015000000000000013,BTC,79953.12,22624.26
2026-09-06T12:49:54.256465+00:00,BTC-25SEP26-54000-C,80046.99,BTC-25SEP26,call,54000.0,2026-09-25T08:00:00+00:00,0.05146797422918726,0.3235,0.3275,0.3255915,0.3255,80046.99,BTC-25SEP26,0.6722,0.99603,2.1385,7.4,0.0,0.0040000000000000036,BTC,79953.12,0.0
2026-09-06T12:49:54.256465+00:00,BTC-27NOV26-90000-C,80700.95,BTC-27NOV26,call,90000.0,2026-11-27T08:00:00+00:00,0.22395257381850964,0.0335,0.0345,0.03405296,0.034,80700.95,BTC-27NOV26,0.3944,0.31238,135.2651,28.1,0.1,0.0010000000000000009,BTC,79953.12,279.96
2026-09-06T12:49:54.256465+00:00,BTC-9SEP26-72000-P,79932.44,BTC-9SEP26,put,72000.0,2026-09-09T08:00:00+00:00,0.0076623616350736425,0.0001,0.0004,0.00018756,0.00025,79932.44,BTC-9SEP26,0.5309,-0.01146,2.10053,1.6,1.6,0.00030000000000000003,BTC,79953.12,46.31
2026-09-06T12:49:54.256465+00:00,BTC-25DEC26-108000-C,81015.59,BTC-25DEC26,call,108000.0,2026-12-25T08:00:00+00:00,0.3006123958582085,0.013,0.014,0.01359444,0.0135,81015.59,BTC-25DEC26,0.42119999999999996,0.12979,93.92276,152.1,0.0,0.0010000000000000009,BTC,79953.12,0.0
2026-09-06T12:49:54.256465+00:00,BTC-25DEC26-60000-P,81015.59,BTC-25DEC26,put,60000.0,2026-12-25T08:00:00+00:00,0.3006123958582085,0.011,0.012,0.01176358,0.0115,81015.59,BTC-25DEC26,0.4535,-0.09126,72.92536,6246.0,4.2,0.0010000000000000009,BTC,79953.12,3990.1
2026-09-06T12:49:54.256465+00:00,BTC-25JUN27-58000-C,82886.29,BTC-25JUN27,call,58000.0,2027-06-25T08:00:00+00:00,0.798901239116251,0.33,0.338,0.33530399,0.334,82886.29,BTC-25JUN27,0.4545,0.86047,164.62017,13.8,0.0,0.008000000000000007,BTC,79953.12,0.0
2026-09-06T12:49:54.256465+00:00,BTC-25DEC26-250000-P,81015.59,BTC-25DEC26,put,250000.0,2026-12-25T08:00:00+00:00,0.3006123958582085,2.069,2.1075,2.08604041,2.08825,81015.59,BTC-25DEC26,0.6826000000000001,-0.99761,3.31217,10.0,0.0,0.03849999999999998,BTC,79953.12,0.0
2026-09-06T12:49:54.256465+00:00,BTC-11SEP26-69000-C,79927.58,BTC-11SEP26,call,69000.0,2026-09-11T08:00:00+00:00,0.013138063209337846,0.1345,0.1395,0.13694444,0.137,79927.58,BTC-11SEP26,0.5498,0.99105,2.21633,3.8,0.0,0.0050000000000000044,BTC,79953.12,0.0
2026-09-06T12:49:54.256465+00:00,BTC-25SEP26-85000-C,80046.99,BTC-25SEP26,call,85000.0,2026-09-25T08:00:00+00:00,0.05146797422918726,0.013,0.0135,0.01326439,0.01325,80046.99,BTC-25SEP26,0.38670000000000004,0.26209,59.18221,9074.6,0.6,0.0005000000000000004,BTC,79953.12,651.42
2026-09-06T12:49:54.256465+00:00,BTC-26MAR27-190000-P,81936.13,BTC-26MAR27,put,190000.0,2027-03-26T08:00:00+00:00,0.5497568174872297,1.3055,1.3415,1.32257191,1.3235,81936.13,BTC-26MAR27,0.5381,-0.97174,39.36033,0.9,0.0,0.03599999999999981,BTC,79953.12,0.0
2026-09-06T12:49:54.256465+00:00,BTC-11SEP26-78000-P,79930.46,BTC-11SEP26,put,78000.0,2026-09-11T08:00:00+00:00,0.013138063209337846,0.006,0.007,0.00659247,0.0065,79930.46,BTC-11SEP26,0.3502,-0.26216,29.86074,371.3,107.1,0.001,BTC,79953.12,63854.35
2026-09-06T12:49:54.256465+00:00,BTC-25DEC26-160000-C,81015.59,BTC-25DEC26,call,160000.0,2026-12-25T08:00:00+00:00,0.3006123958582085,0.0014,0.0018,0.00162597,0.0016,81015.59,BTC-25DEC26,0.5447,0.0167,18.45626,1291.9,0.0,0.00039999999999999996,BTC,79953.12,0.0
2026-09-06T12:49:54.256465+00:00,BTC-11SEP26-77000-C,79927.58,BTC-11SEP26,call,77000.0,2026-09-11T08:00:00+00:00,0.013138063209337846,0.038,0.0435,0.04048817,0.04075,79927.58,BTC-11SEP26,0.353,0.82886,23.29616,128.1,0.0,0.005499999999999998,BTC,79953.12,0.0
2026-09-06T12:49:54.256465+00:00,BTC-27NOV26-82000-C,80700.95,BTC-27NOV26,call,82000.0,2026-11-27T08:00:00+00:00,0.22395257381850964,0.0655,0.0665,0.0660345,0.066,80700.95,BTC-27NOV26,0.3882,0.50262,152.4501,53.0,0.0,0.0010000000000000009,BTC,79953.12,0.0
2026-09-06T12:49:54.256465+00:00,BTC-25DEC26-88000-P,81015.59,BTC-25DEC26,put,88000.0,2026-12-25T08:00:00+00:00,0.3006123958582085,0.1375,0.1405,0.13907386,0.139,81015.59,BTC-25DEC26,0.39289999999999997,-0.60821,170.75819,7.5,0.0,0.0030000000000000027,BTC,79953.12,0.0
2026-09-06T12:49:54.256465+00:00,BTC-9SEP26-85000-C,79932.44,BTC-9SEP26,call,85000.0,2026-09-09T08:00:00+00:00,0.0076623616350736425,0.0005,0.0008,0.000645,0.00065,79932.44,BTC-9SEP26,0.40850000000000003,0.04464,6.59093,3.0,3.0,0.00030000000000000003,BTC,79953.12,263.24
2026-09-06T12:49:54.256465+00:00,BTC-25DEC26-96000-P,81016.32,BTC-25DEC26,put,96000.0,2026-12-25T08:00:00+00:00,0.3006123958582085,0.2095,0.2225,0.21497482,0.216,81016.32,BTC-25DEC26,0.4003,-0.74592,142.45679,23.9,0.0,0.013000000000000012,BTC,79953.12,0.0
2026-09-06T12:49:54.256465+00:00,BTC-25SEP26-96000-P,80046.99,BTC-25SEP26,put,96000.0,2026-09-25T08:00:00+00:00,0.05146797422918726,0.1975,0.205,0.20126367,0.20125,80046.99,BTC-25SEP26,0.4636,-0.95271,17.92419,1.0,0.0,0.007499999999999979,BTC,79953.12,0.0
2026-09-06T12:49:54.256465+00:00,BTC-7SEP26-77500-P,79911.72,BTC-7SEP26,put,77500.0,2026-09-07T08:00:00+00:00,0.0021866600608094404,,0.0002,9.61e-05,,79911.72,BTC-7SEP26,0.31379999999999997,-0.01704,1.57902,79.7,46.2,,BTC,79953.12,477.06
2026-09-06T12:49:54.256465+00:00,BTC-25DEC26-90000-C,81015.59,BTC-25DEC26,call,90000.0,2026-12-25T08:00:00+00:00,0.3006123958582085,0.045,0.0465,0.04592226,0.04575,81015.59,BTC-25DEC26,0.3943,0.35317,165.17092,3688.0,0.0,0.0015000000000000013,BTC,79953.12,0.0
2026-09-06T12:49:54.256465+00:00,BTC-26MAR27-66000-C,81936.13,BTC-26MAR27,call,66000.0,2027-03-26T08:00:00+00:00,0.5497568174872297,0.2315,0.239,0.23562262,0.23525,81936.13,BTC-26MAR27,0.4251,0.80088,169.74698,23.8,0.0,0.007499999999999979,BTC,79953.12,0.0
2026-09-06T12:49:54.256465+00:00,BTC-25JUN27-62000-P,82885.56,BTC-25JUN27,put,62000.0,2027-06-25T08:00:00+00:00,0.798901239116251,0.0445,0.047,0.04583111,0.04575,82885.56,BTC-25JUN27,0.44329999999999997,-0.17585,191.67105,115.3,0.0,0.0025000000000000022,BTC,79953.12,0.0
2026-09-06T12:49:54.256465+00:00,BTC-7SEP26-78000-C,79914.57,BTC-7SEP26,call,78000.0,2026-09-07T08:00:00+00:00,0.0021866600608094404,0.023,0.026,0.02411317,0.0245,79914.57,BTC-7SEP26,0.278,0.97107,2.46784,87.5,0.0,0.002999999999999999,BTC,79953.12,0.0
2026-09-06T12:49:54.256465+00:00,BTC-27NOV26-89000-C,80700.95,BTC-27NOV26,call,89000.0,2026-11-27T08:00:00+00:00,0.22395257381850964,0.0365,0.0375,0.03704635,0.037,80700.95,BTC-27NOV26,0.3932,0.33316,138.91849,180.0,0.1,0.0010000000000000009,BTC,79953.12,291.16
2026-09-06T12:49:54.256465+00:00,BTC-26MAR27-200000-P,81936.13,BTC-26MAR27,put,200000.0,2027-03-26T08:00:00+00:00,0.5497568174872297,1.426,1.4645,1.44383165,1.44525,81936.13,BTC-26MAR27,0.546,-0.97727,32.79824,1.0,0.0,0.03849999999999998,BTC,79953.12,0.0
2026-09-06T12:49:54.256465+00:00,BTC-26MAR27-45000-C,81936.13,BTC-26MAR27,call,45000.0,2027-03-26T08:00:00+00:00,0.5497568174872297,0.455,0.461,0.45835451,0.458,81936.13,BTC-26MAR27,0.5236999999999999,0.95889,53.55934,3.3,0.0,0.006000000000000005,BTC,79953.12,0.0
2026-09-06T12:49:54.256465+00:00,BTC-25SEP26-30000-P,80046.99,BTC-25SEP26,put,30000.0,2026-09-25T08:00:00+00:00,0.05146797422918726,,0.0001,1.024e-05,,80046.99,BTC-25SEP26,1.238,-0.00014,0.09805,2959.5,0.0,,BTC,79953.12,0.0
2026-09-06T12:49:54.256465+00:00,BTC-11SEP26-70000-P,79930.46,BTC-11SEP26,put,70000.0,2026-09-11T08:00:00+00:00,0.013138063209337846,0.0002,0.0004,0.0002926,0.0003,79930.46,BTC-11SEP26,0.5303,-0.01329,3.1287,722.2,1.1,0.0002,BTC,79953.12,33.54
2026-09-06T12:49:54.256465+00:00,BTC-7SEP26-83000-C,79911.72,BTC-7SEP26,call,83000.0,2026-09-07T08:00:00+00:00,0.0021866600608094404,,0.0002,0.00012985,,79911.72,BTC-7SEP26,0.3907,0.02029,1.83171,88.2,18.1,,BTC,79953.12,208.59
2026-09-06T12:49:54.256465+00:00,BTC-30OCT26-95000-C,80381.31,BTC-30OCT26,call,95000.0,2026-10-30T08:00:00+00:00,0.1472927517788108,0.0115,0.0125,0.01193664,0.012,80381.31,BTC-30OCT26,0.40240000000000004,0.15814,74.53523,2092.9,0.0,0.0010000000000000009,BTC,79953.12,0.0
2026-09-06T12:49:54.256465+00:00,BTC-25SEP26-260000-C,80044.29,BTC-25SEP26,call,260000.0,2026-09-25T08:00:00+00:00,0.05146797422918726,,0.0001,1.33e-06,,80044.29,BTC-25SEP26,1.2309,2e-05,0.01783,293.3,0.0,,BTC,79953.12,0.0
2026-09-06T12:49:54.256465+00:00,BTC-26MAR27-160000-C,81936.13,BTC-26MAR27,call,160000.0,2027-03-26T08:00:00+00:00,0.5497568174872297,0.006,0.0075,0.00670726,0.00675,81936.13,BTC-26MAR27,0.49340000000000006,0.05002,62.72245,1034.1,0.0,0.0014999999999999996,BTC,79953.12,0.0
2026-09-06T12:49:54.256465+00:00,BTC-30OCT26-50000-C,80381.31,BTC-30OCT26,call,50000.0,2026-10-30T08:00:00+00:00,0.1472927517788108,0.377,0.3815,0.37927501,0.37925,80381.31,BTC-30OCT26,0.5991,0.98539,11.4268,0.1,0.0,0.004500000000000004,BTC,79953.12,0.0
2026-09-06T12:49:54.256465+00:00,BTC-25DEC26-66000-P,81015.59,BTC-25DEC26,put,66000.0,2026-12-25T08:00:00+00:00,0.3006123958582085,0.021,0.022,0.02156301,0.0215,81015.59,BTC-25DEC26,0.4229,-0.15837,107.42406,423.2,0.2,0.0009999999999999974,BTC,79953.12,339.34
2026-09-06T12:49:54.256465+00:00,BTC-25SEP26-82000-C,80046.99,BTC-25SEP26,call,82000.0,2026-09-25T08:00:00+00:00,0.05146797422918726,0.023,0.024,0.02351628,0.0235,80046.99,BTC-25SEP26,0.3749,0.40606,70.47165,7083.9,18.2,0.0010000000000000009,BTC,79953.12,34697.49
2026-09-06T12:49:54.256465+00:00,BTC-30OCT26-96000-C,80381.31,BTC-30OCT26,call,96000.0,2026-10-30T08:00:00+00:00,0.1472927517788108,0.0105,0.0115,0.01094038,0.011,80381.31,BTC-30OCT26,0.4077,0.1459,70.64955,194.4,0.5,0.0009999999999999992,BTC,79953.12,419.5
2026-09-06T12:49:54.256465+00:00,BTC-26MAR27-92000-P,81936.13,BTC-26MAR27,put,92000.0,2027-03-26T08:00:00+00:00,0.5497568174872297,0.191,0.206,0.19749208,0.1985,81936.13,BTC-26MAR27,0.4056,-0.59237,235.99584,1.4,0.0,0.014999999999999986,BTC,79953.12,0.0
2026-09-06T12:49:54.256465+00:00,BTC-25DEC26-190000-P,81015.59,BTC-25DEC26,put,190000.0,2026-12-25T08:00:00+00:00,0.3006123958582085,1.334,1.3615,1.34599028,1.34775,81015.59,BTC-25DEC26,0.6025,-0.9921,9.63911,0.0,0.0,0.027499999999999858,BTC,79953.12,0.0
2026-09-06T12:49:54.256465+00:00,BTC-27NOV26-64000-P,80700.95,BTC-27NOV26,put,64000.0,2026-11-27T08:00:00+00:00,0.22395257381850964,0.011,0.012,0.01154532,0.0115,80700.95,BTC-27NOV26,0.43090000000000006,-0.10744,70.65036,23.3,0.9,0.0010000000000000009,BTC,79953.12,897.96
2026-09-06T12:49:54.256465+00:00,BTC-18SEP26-80000-P,79993.8,BTC-18SEP26,put,80000.0,2026-09-18T08:00:00+00:00,0.032303018719262555,0.0265,0.0275,0.02689193,0.027,79993.8,BTC-18SEP26,0.37450000000000006,-0.48529,57.3528,122.1,8.5,0.0010000000000000009,BTC,79953.12,18944.47
2026-09-06T12:49:54.256465+00:00,BTC-25DEC26-35000-C,81015.59,BTC-25DEC26,call,35000.0,2026-12-25T08:00:00+00:00,0.3006123958582085,0.568,0.5705,0.56956937,0.56925,81015.59,BTC-25DEC26,0.7227,0.98973,12.12784,87.8,0.0,0.0025000000000000577,BTC,79953.12,0.0
2026-09-06T12:49:54.256465+00:00,BTC-25DEC26-160000-P,81015.59,BTC-25DEC26,put,160000.0,2026-12-25T08:00:00+00:00,0.3006123958582085,0.967,0.989,0.97653865,0.978,81015.59,BTC-25DEC26,0.5447,-0.9833,18.45626,0.1,0.0,0.02200000000000002,BTC,79953.12,0.0
2026-09-06T12:49:54.256465+00:00,BTC-27NOV26-89000-P,80700.22,BTC-27NOV26,put,89000.0,2026-11-27T08:00:00+00:00,0.22395257381850964,0.1385,0.1415,0.13988493,0.14,80700.22,BTC-27NOV26,0.3932,-0.66684,138.91806,0.0,0.0,0.002999999999999975,BTC,79953.12,0.0
2026-09-06T12:49:54.256465+00:00,BTC-25DEC26-120000-C,81015.59,BTC-25DEC26,call,120000.0,2026-12-25T08:00:00+00:00,0.3006123958582085,0.0065,0.0075,0.0069633,0.007,81015.59,BTC-25DEC26,0.4484,0.07038,59.92829,5827.6,0.0,0.001,BTC,79953.12,0.0
2026-09-06T12:49:54.256465+00:00,BTC-9SEP26-88000-C,79932.44,BTC-9SEP26,call,88000.0,2026-09-09T08:00:00+00:00,0.0076623616350736425,0.0001,0.0003,0.00017519,0.0002,79932.44,BTC-9SEP26,0.4829,0.01218,2.21484,1.0,1.1,0.00019999999999999998,BTC,79953.12,19.97
2026-09-06T12:49:54.256465+00:00,BTC-26MAR27-72000-P,81938.89,BTC-26MAR27,put,72000.0,2027-03-26T08:00:00+00:00,0.5497568174872297,0.0625,0.0645,0.06362597,0.0635,81938.89,BTC-26MAR27,0.4129,-0.28221,205.41933,159.3,0.0,0.0020000000000000018,BTC,79953.12,0.0
2026-09-06T12:49:54.256465+00:00,BTC-10SEP26-84000-C,79928.26,BTC-10SEP26,call,84000.0,2026-09-10T08:00:00+00:00,0.010400212422205745,0.0017,0.0021,0.00184901,0.0019,79928.26,BTC-10SEP26,0.3782,0.10376,14.7022,0.6,0.6,0.00039999999999999996,BTC,79953.12,100.61
2026-09-06T12:49:54.256465+00:00,BTC-25DEC26-150000-C,81015.59,BTC-25DEC26,call,150000.0,2026-12-25T08:00:00+00:00,0.3006123958582085,0.0019,0.0024,0.00217688,0.00215,81015.59,BTC-25DEC26,0.5224,0.02243,23.71415,1694.2,1.8,0.0004999999999999998,BTC,79953.12,382.14
2026-09-06T12:49:54.256465+00:00,BTC-18SEP26-83000-C,79990.9,BTC-18SEP26,call,83000.0,2026-09-18T08:00:00+00:00,0.032303018719262555,0.013,0.014,0.01337436,0.0135,79990.9,BTC-18SEP26,0.3871,0.31176,50.87807,556.0,0.1,0.0010000000000000009,BTC,79953.12,103.94
2026-09-06T12:49:54.256465+00:00,BTC-30OCT26-58000-P,80381.31,BTC-30OCT26,put,58000.0,2026-10-30T08:00:00+00:00,0.1472927517788108,0.0027,0.0032,0.00296205,0.00295,80381.31,BTC-30OCT26,0.4997,-0.03605,24.43729,329.8,0.0,0.0005,BTC,79953.12,0.0
2026-09-06T12:49:54.256465+00:00,BTC-25JUN27-190000-C,82886.29,BTC-25JUN27,call,190000.0,2027-06-25T08:00:00+00:00,0.798901239116251,0.008,0.01,0.008858,0.009,82886.29,BTC-25JUN27,0.5065,0.05435,81.69474,48.7,0.0,0.002,BTC,79953.12,0.0
2026-09-06T12:49:54.256465+00:00,BTC-26MAR27-58000-P,81936.13,BTC-26MAR27,put,58000.0,2027-03-26T08:00:00+00:00,0.5497568174872297,0.021,0.0225,0.02180004,0.02175,81936.13,BTC-26MAR27,0.4509,-0.11481,117.86105,137.1,0.0,0.0014999999999999979,BTC,79953.12,0.0
2026-09-06T12:49:54.256465+00:00,BTC-27NOV26-96000-C,80700.22,BTC-27NOV26,call,96000.0,2026-11-27T08:00:00+00:00,0.22395257381850964,0.02,0.021,0.02057193,0.0205,80700.22,BTC-27NOV26,0.40380000000000005,0.20868,109.72601,34.0,0.0,0.0010000000000000009,BTC,79953.12,0.0
2026-09-06T12:49:54.256465+00:00,BTC-25JUN27-100000-C,82886.29,BTC-25JUN27,call,100000.0,2027-06-25T08:00:00+00:00,0.798901239116251,0.079,0.082,0.08059791,0.0805,82886.29,BTC-25JUN27,0.4192,0.37726,281.62321,203.8,0.1,0.0030000000000000027,BTC,79953.12,626.01
2026-09-06T12:49:54.256465+00:00,BTC-27NOV26-72000-P,80700.22,BTC-27NOV26,put,72000.0,2026-11-27T08:00:00+00:00,0.22395257381850964,0.029,0.03,0.02972464,0.0295,80700.22,BTC-27NOV26,0.3983,-0.24169,119.25291,28.7,0.0,0.0009999999999999974,BTC,79953.12,0.0
2026-09-06T12:49:54.256465+00:00,BTC-25SEP26-88000-C,80044.29,BTC-25SEP26,call,88000.0,2026-09-25T08:00:00+00:00,0.05146797422918726,0.007,0.008,0.00743539,0.0075,80044.29,BTC-25SEP26,0.40259999999999996,0.16164,44.50649,1526.1,2.9,0.001,BTC,79953.12,1556.47
2026-09-06T12:49:54.256465+00:00,BTC-25DEC26-66000-C,81015.59,BTC-25DEC26,call,66000.0,2026-12-25T08:00:00+00:00,0.3006123958582085,0.207,0.2115,0.20691153,0.20925,81015.59,BTC-25DEC26,0.4229,0.84163,107.42402,280.4,0.0,0.004500000000000004,BTC,79953.12,0.0
2026-09-06T12:49:54.256465+00:00,BTC-25DEC26-102000-C,81015.59,BTC-25DEC26,call,102000.0,2026-12-25T08:00:00+00:00,0.3006123958582085,0.0195,0.0205,0.01998532,0.02,81015.59,BTC-25DEC26,0.41,0.18124,117.13647,384.4,0.0,0.0010000000000000009,BTC,79953.12,0.0
2026-09-06T12:49:54.256465+00:00,BTC-26MAR27-104000-C,81936.13,BTC-26MAR27,call,104000.0,2027-03-26T08:00:00+00:00,0.5497568174872297,0.042,0.044,0.04293566,0.043,81936.13,BTC-26MAR27,0.41359999999999997,0.26667,199.75786,115.2,0.0,0.001999999999999995,BTC,79953.12,0.0
2026-09-06T12:49:54.256465+00:00,BTC-27NOV26-66000-P,80700.95,BTC-27NOV26,put,66000.0,2026-11-27T08:00:00+00:00,0.22395257381850964,0.014,0.015,0.01463347,0.0145,80700.95,BTC-27NOV26,0.4202,-0.13312,82.17333,184.8,10.1,0.0009999999999999992,BTC,79953.12,12275.29
2026-09-06T12:49:54.256465+00:00,BTC-7SEP26-72000-C,79914.57,BTC-7SEP26,call,72000.0,2026-09-07T08:00:00+00:00,0.0021866600608094404,0.097,0.1015,0.09903806,0.09925,79914.57,BTC-7SEP26,0.557,0.99997,0.00444,0.0,0.0,0.004500000000000004,BTC,79953.12,0.0
2026-09-06T12:49:54.256465+00:00,BTC-30OCT26-84000-C,80381.31,BTC-30OCT26,call,84000.0,2026-10-30T08:00:00+00:00,0.1472927517788108,0.039,0.04,0.03935699,0.0395,80381.31,BTC-30OCT26,0.37810000000000005,0.40959,119.97423,1103.0,0.4,0.0010000000000000009,BTC,79953.12,1253.66
2026-09-06T12:49:54.256465+00:00,BTC-25DEC26-170000-C,81016.32,BTC-25DEC26,call,170000.0,2026-12-25T08:00:00+00:00,0.3006123958582085,0.001,0.0014,0.00122305,0.0012,81016.32,BTC-25DEC26,0.5640999999999999,0.01255,14.43017,2394.2,0.0,0.00039999999999999996,BTC,79953.12,0.0
2026-09-06T12:49:54.256465+00:00,BTC-25SEP26-65000-C,80044.29,BTC-25SEP26,call,65000.0,2026-09-25T08:00:00+00:00,0.05146797422918726,0.1865,0.1915,0.18903965,0.189,80044.29,BTC-25SEP26,0.4808,0.97535,10.49568,1275.9,0.0,0.0050000000000000044,BTC,79953.12,0.0
2026-09-06T12:49:54.256465+00:00,BTC-30OCT26-85000-P,80381.31,BTC-30OCT26,put,85000.0,2026-10-30T08:00:00+00:00,0.1472927517788108,0.089,0.096,0.09275612,0.0925,80381.31,BTC-30OCT26,0.37939999999999996,-0.62118,117.42485,105.5,0.0,0.007000000000000006,BTC,79953.12,0.0
2026-09-06T12:49:54.256465+00:00,BTC-26MAR27-130000-P,81936.13,BTC-26MAR27,put,130000.0,2027-03-26T08:00:00+00:00,0.5497568174872297,0.5905,0.614,0.60173629,0.60225,81936.13,BTC-26MAR27,0.4454,-0.89086,113.66827,0.4,0.0,0.023499999999999965,BTC,79953.12,0.0
2026-09-06T12:49:54.256465+00:00,BTC-27NOV26-58000-P,80700.22,BTC-27NOV26,put,58000.0,2026-11-27T08:00:00+00:00,0.22395257381850964,0.0055,0.006,0.00589263,0.00575,80700.22,BTC-27NOV26,0.4736,-0.05626,43.28205,12.2,4.1,0.0005000000000000004,BTC,79956.75,1963.09
2026-09-06T12:49:54.256465+00:00,BTC-26MAR27-80000-P,81936.13,BTC-26MAR27,put,80000.0,2027-03-26T08:00:00+00:00,0.5497568174872297,0.1045,0.108,0.10646089,0.10625,81936.13,BTC-26MAR27,0.4048,-0.40871,236.14951,214.5,0.0,0.003500000000000003,BTC,79953.12,0.0
2026-09-06T12:49:54.256465+00:00,BTC-8SEP26-88000-C,79915.86,BTC-8SEP26,call,88000.0,2026-09-08T08:00:00+00:00,0.004924510847941542,,0.0001,6.663e-05,,79915.86,BTC-8SEP26,0.5368999999999999,0.00573,0.91557,18.3,10.0,,BTC,79956.75,144.1
2026-09-06T12:49:54.256465+00:00,BTC-27NOV26-86000-P,80700.22,BTC-27NOV26,put,86000.0,2026-11-27T08:00:00+00:00,0.22395257381850964,0.1125,0.114,0.11326074,0.11325,80700.22,BTC-27NOV26,0.3901,-0.59891,147.74443,30.2,0.8,0.0015000000000000013,BTC,79956.75,7176.87
2026-09-06T12:49:54.256465+00:00,BTC-7SEP26-89000-C,79914.57,BTC-7SEP26,call,89000.0,2026-09-07T08:00:00+00:00,0.0021866600608094404,,0.0001,2e-08,,79914.57,BTC-7SEP26,0.5085999999999999,0.0,0.00059,8.1,0.0,,BTC,79956.75,0.0
2026-09-06T12:49:54.256465+00:00,BTC-8SEP26-85000-P,79918.77,BTC-8SEP26,put,85000.0,2026-09-08T08:00:00+00:00,0.004924510847941542,0.0605,0.0665,0.06373567,0.0635,79918.77,BTC-8SEP26,0.408,-0.98322,2.33893,0.0,0.0,0.006000000000000005,BTC,79956.75,0.0
2026-09-06T12:49:54.256465+00:00,BTC-30OCT26-52000-C,80381.31,BTC-30OCT26,call,52000.0,2026-10-30T08:00:00+00:00,0.1472927517788108,0.352,0.357,0.35468317,0.3545,80381.31,BTC-30OCT26,0.5729,0.98175,13.82755,0.1,0.0,0.0050000000000000044,BTC,79956.75,0.0
2026-09-06T12:49:54.256465+00:00,BTC-25SEP26-300000-C,80046.99,BTC-25SEP26,call,300000.0,2026-09-25T08:00:00+00:00,0.05146797422918726,,0.0001,1.23e-06,,80046.99,BTC-25SEP26,1.3629,2e-05,0.01518,196.3,0.0,,BTC,79956.75,0.0
2026-09-06T12:49:54.256465+00:00,BTC-10SEP26-81500-P,79928.26,BTC-10SEP26,put,81500.0,2026-09-10T08:00:00+00:00,0.010400212422205745,0.025,0.027,0.02604299,0.026,79928.26,BTC-10SEP26,0.3428,-0.7018,28.2777,0.0,0.0,0.0019999999999999983,BTC,79956.63,0.0
2026-09-06T12:49:54.256465+00:00,BTC-11SEP26-68000-C,79930.46,BTC-11SEP26,call,68000.0,2026-09-11T08:00:00+00:00,0.013138063209337846,0.147,0.152,0.14944399,0.1495,79930.46,BTC-11SEP26,0.5934,0.99212,1.98241,3.1,0.0,0.0050000000000000044,BTC,79956.75,0.0
2026-09-06T12:49:54.256465+00:00,BTC-26MAR27-40000-C,81936.13,BTC-26MAR27,call,40000.0,2027-03-26T08:00:00+00:00,0.5497568174872297,0.516,0.5185,0.51654227,0.51725,81936.13,BTC-26MAR27,0.5558,0.9742,36.48658,82.1,0.0,0.0024999999999999467,BTC,79956.75,0.0
2026-09-06T12:49:54.256465+00:00,BTC-11SEP26-71000-P,79930.46,BTC-11SEP26,put,71000.0,2026-09-11T08:00:00+00:00,0.013138063209337846,0.0003,0.0004,0.00035286,0.00035,79930.46,BTC-11SEP26,0.4939,-0.01656,3.77974,465.9,0.0,0.00010000000000000005,BTC,79956.63,0.0
2026-09-06T12:49:54.256465+00:00,BTC-25JUN27-64000-C,82885.56,BTC-25JUN27,call,64000.0,2027-06-25T08:00:00+00:00,0.798901239116251,0.276,0.283,0.27995857,0.2795,82885.56,BTC-25JUN27,0.4384,0.80413,204.94227,33.5,0.0,0.006999999999999951,BTC,79956.63,0.0
2026-09-06T12:49:54.256465+00:00,BTC-25SEP26-135000-C,80044.29,BTC-25SEP26,call,135000.0,2026-09-25T08:00:00+00:00,0.05146797422918726,,0.0002,3.722e-05,,80044.29,BTC-25SEP26,0.7168000000000001,0.00088,0.5414,472.8,0.0,,BTC,79956.63,0.0
2026-09-06T12:49:54.256465+00:00,BTC-25SEP26-72000-P,80046.99,BTC-25SEP26,put,72000.0,2026-09-25T08:00:00+00:00,0.05146797422918726,0.0046,0.0055,0.00504498,0.00505,80046.99,BTC-25SEP26,0.3973,-0.11056,34.29253,2175.2,0.1,0.0008999999999999998,BTC,79956.63,39.94
2026-09-06T12:49:54.256465+00:00,BTC-26MAR27-85000-P,81936.13,BTC-26MAR27,put,85000.0,2027-03-26T08:00:00+00:00,0.5497568174872297,0.1395,0.1425,0.14092456,0.141,81936.13,BTC-26MAR27,0.40409999999999996,-0.48857,242.43888,3.9,0.0,0.002999999999999975,BTC,79956.63,0.0
2026-09-06T12:49:54.256465+00:00,BTC-25JUN27-180000-P,82885.56,BTC-25JUN27,put,180000.0,2027-06-25T08:00:00+00:00,0.798901239116251,1.163,1.204,1.18229279,1.1835,82885.56,BTC-25JUN27,0.498,-0.93547,93.46707,0.0,0.0,0.040999999999999925,BTC,79956.89,0.0
2026-09-06T12:49:54.256465+00:00,BTC-25SEP26-62000-P,80044.29,BTC-25SEP26,put,62000.0,2026-09-25T08:00:00+00:00,0.05146797422918726,0.0006,0.0007,0.00063276,0.00065,80044.29,BTC-25SEP26,0.5292,-0.01427,6.591,1426.9,1.6,0.00010000000000000005,BTC,79956.63,101.6
2026-09-06T12:49:54.256465+00:00,BTC-11SEP26-65000-P,79930.46,BTC-11SEP26,put,65000.0,2026-09-11T08:00:00+00:00,0.013138063209337846,,0.0002,9.858e-05,,79930.46,BTC-11SEP26,0.6890000000000001,-0.00389,1.05864,47.3,0.0,,BTC,79956.89,0.0
2026-09-06T12:49:54.256465+00:00,BTC-25JUN27-65000-P,82885.56,BTC-25JUN27,put,65000.0,2027-06-25T08:00:00+00:00,0.798901239116251,0.0545,0.0565,0.05556554,0.0555,82885.56,BTC-25JUN27,0.4364,-0.20645,211.51411,24.7,0.0,0.0020000000000000018,BTC,79956.89,0.0
2026-09-06T12:49:54.256465+00:00,BTC-26MAR27-55000-C,81936.13,BTC-26MAR27,call,55000.0,2027-03-26T08:00:00+00:00,0.5497568174872297,0.3405,0.3505,0.34605894,0.3455,81936.13,BTC-26MAR27,0.46590000000000004,0.90781,100.50308,28.6,0.0,0.009999999999999953,BTC,79956.89,0.0
2026-09-06T12:49:54.256465+00:00,BTC-26MAR27-62000-C,81936.13,BTC-26MAR27,call,62000.0,2027-03-26T08:00:00+00:00,0.5497568174872297,0.267,0.2775,0.27341618,0.27225,81936.13,BTC-26MAR27,0.4363,0.84722,143.48884,59.7,0.0,0.01050000000000001,BTC,79956.89,0.0
2026-09-06T12:49:54.256465+00:00,BTC-30OCT26-75000-P,80381.31,BTC-30OCT26,put,75000.0,2026-10-30T08:00:00+00:00,0.1472927517788108,0.028,0.029,0.02865733,0.0285,80381.31,BTC-30OCT26,0.37799999999999995,-0.29026,105.71535,656.5,11.0,0.0010000000000000009,BTC,79956.89,26281.44
2026-09-06T12:49:54.256465+00:00,BTC-10SEP26-79000-P,79928.26,BTC-10SEP26,put,79000.0,2026-09-10T08:00:00+00:00,0.010400212422205745,0.008,0.009,0.00822433,0.0085,79928.26,BTC-10SEP26,0.327,-0.35366,30.32027,0.0,0.0,0.0009999999999999992,BTC,79956.89,0.0
2026-09-06T12:49:54.256465+00:00,BTC-25JUN27-150000-P,82886.29,BTC-25JUN27,put,150000.0,2027-06-25T08:00:00+00:00,0.798901239116251,0.813,0.846,0.82885685,0.8295,82886.29,BTC-25JUN27,0.4656,-0.88794,141.25983,0.1,0.0,0.03300000000000003,BTC,79956.89,0.0
2026-09-06T12:49:54.256465+00:00,BTC-25SEP26-120000-P,80044.29,BTC-25SEP26,put,120000.0,2026-09-25T08:00:00+00:00,0.05146797422918726,0.4945,0.504,0.49929918,0.49925,80044.29,BTC-25SEP26,0.6561,-0.99589,2.20435,174.5,0.0,0.009500000000000008,BTC,79956.89,0.0
2026-09-06T12:49:54.256465+00:00,BTC-25SEP26-87000-P,80046.99,BTC-25SEP26,put,87000.0,2026-09-25T08:00:00+00:00,0.05146797422918726,0.0925,0.1,0.09578962,0.09625,80046.99,BTC-25SEP26,0.3957,-0.8103,49.26204,0.0,0.0,0.007500000000000007,BTC,79956.89,0.0
2026-09-06T12:49:54.256465+00:00,BTC-30OCT26-92000-C,80381.31,BTC-30OCT26,call,92000.0,2026-10-30T08:00:00+00:00,0.1472927517788108,0.016,0.017,0.01642256,0.0165,80381.31,BTC-30OCT26,0.3937,0.2075,88.34344,1070.9,1.0,0.0010000000000000009,BTC,79956.89,1235.04
2026-09-06T12:49:54.256465+00:00,BTC-25JUN27-52000-C,82885.56,BTC-25JUN27,call,52000.0,2027-06-25T08:00:00+00:00,0.798901239116251,0.3905,0.398,0.39550137,0.39425,82885.56,BTC-25JUN27,0.47509999999999997,0.90494,125.35637,1.1,0.0,0.007500000000000007,BTC,79956.89,0.0
2026-09-06T12:49:54.256465+00:00,BTC-25JUN27-125000-P,82885.56,BTC-25JUN27,put,125000.0,2027-06-25T08:00:00+00:00,0.798901239116251,0.531,0.5585,0.54405296,0.54475,82885.56,BTC-25JUN27,0.4378,-0.80321,205.52752,0.0,0.0,0.02749999999999997,BTC,79956.89,0.0
2026-09-06T12:49:54.256465+00:00,BTC-8SEP26-84000-C,79918.77,BTC-8SEP26,call,84000.0,2026-09-08T08:00:00+00:00,0.004924510847941542,0.0002,0.0005,0.00029655,0.00035,79918.77,BTC-8SEP26,0.37329999999999997,0.03066,3.88623,2.0,3.2,0.00030000000000000003,BTC,79956.89,127.95
2026-09-06T12:49:54.256465+00:00,BTC-18SEP26-74000-C,79990.9,BTC-18SEP26,call,74000.0,2026-09-18T08:00:00+00:00,0.032303018719262555,0.0765,0.0825,0.07940489,0.0795,79990.9,BTC-18SEP26,0.3884,0.87603,29.44308,23.2,0.0,0.006000000000000005,BTC,79956.89,0.0
2026-09-06T12:49:54.256465+00:00,BTC-10SEP26-72000-P,79928.99,BTC-10SEP26,put,72000.0,2026-09-10T08:00:00+00:00,0.010400212422205745,0.0001,0.0003,0.00018572,0.0002,79928.99,BTC-10SEP26,0.4549,-0.01123,2.40475,0.1,0.1,0.00019999999999999998,BTC,79956.96,1.6
2026-09-06T12:49:54.256465+00:00,BTC-25SEP26-50000-C,80044.29,BTC-25SEP26,call,50000.0,2026-09-25T08:00:00+00:00,0.05146797422918726,0.3735,0.3775,0.37551184,0.3755,80044.29,BTC-25SEP26,0.7674,0.99738,1.47383,30.1,0.0,0.0040000000000000036,BTC,79956.89,0.0
2026-09-06T12:49:54.256465+00:00,BTC-25SEP26-96000-C,80046.99,BTC-25SEP26,call,96000.0,2026-09-25T08:00:00+00:00,0.05146797422918726,0.0018,0.0021,0.00196916,0.00195,80046.99,BTC-25SEP26,0.4636,0.04733,17.93793,1825.0,1.0,0.0002999999999999999,BTC,79956.89,175.86
2026-09-06T12:49:54.256465+00:00,BTC-26MAR27-112000-C,81936.13,BTC-26MAR27,call,112000.0,2027-03-26T08:00:00+00:00,0.5497568174872297,0.0295,0.0315,0.0304231,0.0305,81936.13,BTC-26MAR27,0.4224,0.20053,170.47348,67.4,0.0,0.0020000000000000018,BTC,79956.89,0.0
2026-09-06T12:49:54.256465+00:00,BTC-30OCT26-84000-P,80384.25,BTC-30OCT26,put,84000.0,2026-10-30T08:00:00+00:00,0.1472927517788108,0.0835,0.085,0.08433782,0.08425,80384.25,BTC-30OCT26,0.37810000000000005,-0.5903,119.98692,9.5,0.0,0.0015000000000000013,BTC,79956.89,0.0
2026-09-06T12:49:54.256465+00:00,BTC-26MAR27-82000-C,81936.13,BTC-26MAR27,call,82000.0,2027-03-26T08:00:00+00:00,0.5497568174872297,0.1175,0.1195,0.11859776,0.1185,81936.13,BTC-26MAR27,0.40340000000000004,0.55894,239.88785,1166.7,2.0,0.0020000000000000018,BTC,79956.89,18839.59
2026-09-06T12:49:54.256465+00:00,BTC-30OCT26-67000-C,80381.31,BTC-30OCT26,call,67000.0,2026-10-30T08:00:00+00:00,0.1472927517788108,0.172,0.179,0.17554313,0.1755,80381.31,BTC-30OCT26,0.41359999999999997,0.89037,57.90744,108.4,0.0,0.007000000000000006,BTC,79956.89,0.0
2026-09-06T12:49:54.256465+00:00,BTC-30OCT26-89000-P,80381.31,BTC-30OCT26,put,89000.0,2026-10-30T08:00:00+00:00,0.1472927517788108,0.126,0.135,0.1300801,0.1305,80381.31,BTC-30OCT26,0.3873,-0.72847,102.36003,5.0,0.0,0.009000000000000008,BTC,79956.89,0.0
2026-09-06T12:49:54.256465+00:00,BTC-25SEP26-55000-C,80046.99,BTC-25SEP26,call,55000.0,2026-09-25T08:00:00+00:00,0.05146797422918726,0.311,0.315,0.3131193,0.313,80046.99,BTC-25SEP26,0.6507,0.99557,2.35742,143.7,0.0,0.0040000000000000036,BTC,79956.96,0.0
2026-09-06T12:49:54.256465+00:00,BTC-10SEP26-79500-P,79928.26,BTC-10SEP26,put,79500.0,2026-09-10T08:00:00+00:00,0.010400212422205745,0.0105,0.0115,0.01088505,0.011,79928.26,BTC-10SEP26,0.3301,-0.42614,31.97539,0.0,0.0,0.0009999999999999992,BTC,79956.96,0.0
2026-09-06T12:49:54.256465+00:00,BTC-11SEP26-60000-C,79927.58,BTC-11SEP26,call,60000.0,2026-09-11T08:00:00+00:00,0.013138063209337846,0.2475,0.252,0.24935617,0.24975,79927.58,BTC-11SEP26,0.7525,0.99963,0.12427,0.0,0.0,0.004500000000000004,BTC,79956.96,0.0
2026-09-06T12:49:54.256465+00:00,BTC-10SEP26-89000-C,79928.26,BTC-10SEP26,call,89000.0,2026-09-10T08:00:00+00:00,0.010400212422205745,0.0001,0.0003,0.00017767,0.0002,79928.26,BTC-10SEP26,0.4572,0.01151,2.45619,0.1,0.1,0.00019999999999999998,BTC,79956.96,1.6
2026-09-06T12:49:54.256465+00:00,BTC-25JUN27-88000-C,82886.29,BTC-25JUN27,call,88000.0,2027-06-25T08:00:00+00:00,0.798901239116251,0.122,0.125,0.12334873,0.1235,82886.29,BTC-25JUN27,0.4165,0.51047,295.6439,21.3,0.0,0.0030000000000000027,BTC,79956.96,0.0
2026-09-06T12:49:54.256465+00:00,BTC-25DEC26-74000-P,81016.32,BTC-25DEC26,put,74000.0,2026-12-25T08:00:00+00:00,0.3006123958582085,0.0465,0.0475,0.04705962,0.047,81016.32,BTC-25DEC26,0.39899999999999997,-0.2998,154.50281,162.0,0.0,0.0010000000000000009,BTC,79956.96,0.0
2026-09-06T12:49:54.256465+00:00,BTC-25JUN27-45000-C,82886.29,BTC-25JUN27,call,45000.0,2027-06-25T08:00:00+00:00,0.798901239116251,0.4695,0.4725,0.47073045,0.471,82886.29,BTC-25JUN27,0.5085000000000001,0.94197,86.02244,0.5,0.0,0.0030000000000000027,BTC,79956.96,0.0
2026-09-06T12:49:54.256465+00:00,BTC-11SEP26-73000-C,79930.46,BTC-11SEP26,call,73000.0,2026-09-11T08:00:00+00:00,0.013138063209337846,0.085,0.09,0.08740122,0.0875,79930.46,BTC-11SEP26,0.4404,0.96627,6.87108,17.0,0.0,0.0049999999999999906,BTC,79956.96,0.0
2026-09-06T12:49:54.256465+00:00,BTC-10SEP26-78000-C,79928.99,BTC-10SEP26,call,78000.0,2026-09-10T08:00:00+00:00,0.010400212422205745,0.026,0.0315,0.02877908,0.02875,79928.99,BTC-10SEP26,0.3332,0.77182,24.65285,0.0,0.0,0.005500000000000001,BTC,79956.96,0.0
2026-09-06T12:49:54.256465+00:00,BTC-25SEP26-74000-C,80044.29,BTC-25SEP26,call,74000.0,2026-09-25T08:00:00+00:00,0.05146797422918726,0.0805,0.0855,0.08359894,0.083,80044.29,BTC-25SEP26,0.3782,0.83199,45.63658,1467.5,0.1,0.0050000000000000044,BTC,79956.96,670.65
2026-09-06T12:49:54.256465+00:00,BTC-27NOV26-88000-C,80700.95,BTC-27NOV26,call,88000.0,2026-11-27T08:00:00+00:00,0.22395257381850964,0.0395,0.041,0.04026075,0.04025,80700.95,BTC-27NOV26,0.39189999999999997,0.35487,142.25753,78.7,0.0,0.0015000000000000013,BTC,79956.96,0.0
2026-09-06T12:49:54.256465+00:00,BTC-25JUN27-54000-C,82885.56,BTC-25JUN27,call,54000.0,2027-06-25T08:00:00+00:00,0.798901239116251,0.371,0.3775,0.37503447,0.37425,82885.56,BTC-25JUN27,0.4682,0.89134,138.1756,0.9,0.0,0.006500000000000006,BTC,79956.96,0.0
2026-09-06T12:49:54.256465+00:00,BTC-9SEP26-86000-C,79932.44,BTC-9SEP26,call,86000.0,2026-09-09T08:00:00+00:00,0.0076623616350736425,0.0002,0.0006,0.00035763,0.0004,79932.44,BTC-9SEP26,0.42479999999999996,0.02562,4.17533,0.4,0.4,0.00039999999999999996,BTC,79956.96,23.98
2026-09-06T12:49:54.256465+00:00,BTC-25DEC26-84000-C,81015.59,BTC-25DEC26,call,84000.0,2026-12-25T08:00:00+00:00,0.3006123958582085,0.069,0.0705,0.07001727,0.06975,81015.59,BTC-25DEC26,0.3921,0.47646,177.0209,1345.6,0.0,0.0014999999999999875,BTC,79956.96,0.0
2026-09-06T12:49:54.256465+00:00,BTC-30OCT26-65000-C,80381.31,BTC-30OCT26,call,65000.0,2026-10-30T08:00:00+00:00,0.1472927517788108,0.195,0.2015,0.19841123,0.19825,80381.31,BTC-30OCT26,0.4315,0.9142,48.37422,434.5,0.0,0.006500000000000006,BTC,79956.96,0.0
2026-09-06T12:49:54.256465+00:00,BTC-10SEP26-72000-C,79928.26,BTC-10SEP26,call,72000.0,2026-09-10T08:00:00+00:00,0.010400212422205745,0.097,0.102,0.09938435,0.0995,79928.26,BTC-10SEP26,0.4549,0.98877,2.40445,0.0,0.0,0.0049999999999999906,BTC,79956.96,0.0
2026-09-06T12:49:54.256465+00:00,BTC-7SEP26-84000-C,79911.72,BTC-7SEP26,call,84000.0,2026-09-07T08:00:00+00:00,0.0021866600608094404,,0.0001,4.812e-05,,79911.72,BTC-7SEP26,0.43439999999999995,0.00759,0.78207,98.9,7.4,,BTC,79956.96,59.11
2026-09-06T12:49:54.256465+00:00,BTC-25SEP26-76000-P,80046.99,BTC-25SEP26,put,76000.0,2026-09-25T08:00:00+00:00,0.05146797422918726,0.013,0.014,0.01353809,0.0135,80046.99,BTC-25SEP26,0.37189999999999995,-0.25442,58.28042,947.1,0.4,0.0010000000000000009,BTC,79956.96,422.62
2026-09-06T12:49:54.256465+00:00,BTC-25SEP26-54000-P,80044.29,BTC-25SEP26,put,54000.0,2026-09-25T08:00:00+00:00,0.05146797422918726,0.0001,0.0003,0.00019466,0.0002,80044.29,BTC-25SEP26,0.6722,-0.00397,2.13954,768.9,0.2,0.00019999999999999998,BTC,79956.96,3.2
2026-09-06T12:49:54.256465+00:00,BTC-25DEC26-76000-C,81015.59,BTC-25DEC26,call,76000.0,2026-12-25T08:00:00+00:00,0.3006123958582085,0.1175,0.1195,0.11834711,0.1185,81015.59,BTC-25DEC26,0.396,0.65708,163.3998,410.0,0.0,0.0020000000000000018,BTC,79956.96,0.0
2026-09-06T12:49:54.256465+00:00,BTC-27NOV26-73000-P,80700.22,BTC-27NOV26,put,73000.0,2026-11-27T08:00:00+00:00,0.22395257381850964,0.0325,0.034,0.03328051,0.03325,80700.22,BTC-27NOV26,0.3958,-0.26409,124.95648,17.5,0.0,0.0015000000000000013,BTC,79956.96,0.0
2026-09-06T12:49:54.256465+00:00,BTC-25JUN27-86000-P,82885.56,BTC-25JUN27,put,86000.0,2027-06-25T08:00:00+00:00,0.798901239116251,0.168,0.1725,0.16991683,0.17025,82885.56,BTC-25JUN27,0.4163,-0.465,294.60661,1.4,0.0,0.004499999999999976,BTC,79956.96,0.0
2026-09-06T12:49:54.256465+00:00,BTC-10SEP26-77500-P,79928.26,BTC-10SEP26,put,77500.0,2026-09-10T08:00:00+00:00,0.010400212422205745,0.0032,0.0037,0.00342608,0.00345,79928.26,BTC-10SEP26,0.33740000000000003,-0.17794,21.24515,0.0,0.0,0.0005,BTC,79956.96,0.0
2026-09-06T12:49:54.256465+00:00,BTC-25JUN27-92000-P,82885.56,BTC-25JUN27,put,92000.0,2027-06-25T08:00:00+00:00,0.798901239116251,0.215,0.2195,0.21682028,0.21725,82885.56,BTC-25JUN27,0.4165,-0.53707,294.46797,0.2,0.0,0.004500000000000004,BTC,79956.96,0.0
2026-09-06T12:49:54.256465+00:00,BTC-25DEC26-104000-C,81015.59,BTC-25DEC26,call,104000.0,2026-12-25T08:00:00+00:00,0.3006123958582085,0.017,0.018,0.01755729,0.0175,81015.59,BTC-25DEC26,0.4138,0.16212,109.08588,90.7,0.0,0.0009999999999999974,BTC,79956.96,0.0
2026-09-06T12:49:54.256465+00:00,BTC-25SEP26-66000-C,80044.29,BTC-25SEP26,call,66000.0,2026-09-25T08:00:00+00:00,0.05146797422918726,0.174,0.1795,0.17676174,0.17675,80044.29,BTC-25SEP26,0.4653,0.97022,12.28983,970.0,0.0,0.005500000000000005,BTC,79956.96,0.0
2026-09-06T12:49:54.256465+00:00,BTC-27NOV26-70000-P,80700.95,BTC-27NOV26,put,70000.0,2026-11-27T08:00:00+00:00,0.22395257381850964,0.023,0.024,0.02360592,0.0235,80700.95,BTC-27NOV26,0.4044,-0.20027,107.07699,47.4,0.5,0.0010000000000000009,BTC,79956.96,967.26
2026-09-06T12:49:54.256465+00:00,BTC-7SEP26-80000-C,79911.72,BTC-7SEP26,call,80000.0,2026-09-07T08:00:00+00:00,0.0021866600608094404,0.0042,0.0047,0.00447941,0.00445,79911.72,BTC-7SEP26,0.2676,0.47993,14.8863,34.3,20.2,0.0005000000000000004,BTC,79956.96,8071.88
2026-09-06T12:49:54.256465+00:00,BTC-27NOV26-76000-C,80700.95,BTC-27NOV26,call,76000.0,2026-11-27T08:00:00+00:00,0.22395257381850964,0.102,0.1075,0.10439758,0.10475,80700.95,BTC-27NOV26,0.3908,0.66229,139.66446,10.6,0.0,0.005500000000000005,BTC,79956.96,0.0
2026-09-06T12:49:54.256465+00:00,BTC-11SEP26-79000-P,79927.58,BTC-11SEP26,put,79000.0,2026-09-11T08:00:00+00:00,0.013138063209337846,0.01,0.011,0.01064268,0.0105,79927.58,BTC-11SEP26,0.3471,-0.3733,34.70966,345.4,55.9,0.0009999999999999992,BTC,79956.96,52948.36
2026-09-06T12:49:54.256465+00:00,BTC-11SEP26-66000-C,79930.46,BTC-11SEP26,call,66000.0,2026-09-11T08:00:00+00:00,0.013138063209337846,0.1725,0.177,0.17444341,0.17475,79930.46,BTC-11SEP26,0.6794,0.99383,1.59804,0.1,0.0,0.004500000000000004,BTC,79956.96,0.0
2026-09-06T12:49:54.256465+00:00,BTC-25DEC26-88000-C,81015.59,BTC-25DEC26,call,88000.0,2026-12-25T08:00:00+00:00,0.3006123958582085,0.052,0.0535,0.05287188,0.05275,81015.59,BTC-25DEC26,0.39289999999999997,0.39188,170.77651,3442.5,9.0,0.0015000000000000013,BTC,79956.96,37906.11
2026-09-06T12:49:54.256465+00:00,BTC-9SEP26-78000-P,79932.44,BTC-9SEP26,put,78000.0,2026-09-09T08:00:00+00:00,0.0076623616350736425,0.0028,0.0033,0.0030638,0.00305,79932.44,BTC-9SEP26,0.3262,-0.19021,19.00488,2.6,2.6,0.0005,BTC,79956.96,708.01
2026-09-06T12:49:54.256465+00:00,BTC-30OCT26-72000-C,80381.31,BTC-30OCT26,call,72000.0,2026-10-30T08:00:00+00:00,0.1472927517788108,0.12,0.1275,0.12289926,0.12375,80381.31,BTC-30OCT26,0.3861,0.79372,88.03632,468.4,0.1,0.007500000000000007,BTC,79956.96,986.99
2026-09-06T12:49:54.256465+00:00,BTC-25JUN27-56000-P,82885.56,BTC-25JUN27,put,56000.0,2027-06-25T08:00:00+00:00,0.798901239116251,0.0295,0.0315,0.03055038,0.0305,82885.56,BTC-25JUN27,0.4611,-0.12342,151.25342,84.6,0.0,0.0020000000000000018,BTC,79956.96,0.0
2026-09-06T12:49:54.256465+00:00,BTC-8SEP26-83000-P,79918.77,BTC-8SEP26,put,83000.0,2026-09-08T08:00:00+00:00,0.004924510847941542,0.036,0.042,0.03920208,0.039,79918.77,BTC-8SEP26,0.34850000000000003,-0.93578,7.04627,0.0,0.0,0.006000000000000005,BTC,79956.96,0.0
2026-09-06T12:49:54.256465+00:00,BTC-26MAR27-105000-P,81936.13,BTC-26MAR27,put,105000.0,2027-03-26T08:00:00+00:00,0.5497568174872297,0.313,0.3325,0.32257398,0.32275,81936.13,BTC-26MAR27,0.41479999999999995,-0.74249,196.22198,0.5,0.0,0.019500000000000017,BTC,79956.96,0.0
2026-09-06T12:49:54.256465+00:00,BTC-18SEP26-65000-P,79990.9,BTC-18SEP26,put,65000.0,2026-09-18T08:00:00+00:00,0.032303018719262555,0.0003,0.0005,0.00039351,0.0004,79990.9,BTC-18SEP26,0.5209,-0.01184,4.44237,90.1,1.7,0.00020000000000000004,BTC,79956.96,49.6
2026-09-06T12:49:54.256465+00:00,BTC-30OCT26-63000-C,80384.25,BTC-30OCT26,call,63000.0,2026-10-30T08:00:00+00:00,0.1472927517788108,0.2185,0.2255,0.22153938,0.222,80384.25,BTC-30OCT26,0.4462,0.93452,39.36681,153.2,0.0,0.007000000000000006,BTC,79956.96,0.0
2026-09-06T12:49:54.256465+00:00,BTC-8SEP26-73000-C,79918.77,BTC-8SEP26,call,73000.0,2026-09-08T08:00:00+00:00,0.004924510847941542,0.0845,0.09,0.08665888,0.08725,79918.77,BTC-8SEP26,0.5231,0.9937,0.99634,0.0,0.0,0.005499999999999991,BTC,79956.96,0.0
2026-09-06T12:49:54.256465+00:00,BTC-30OCT26-73000-P,80381.31,BTC-30OCT26,put,73000.0,2026-10-30T08:00:00+00:00,0.1472927517788108,0.021,0.022,0.02159959,0.0215,80381.31,BTC-30OCT26,0.3834,-0.23255,94.3167,95.9,1.5,0.0009999999999999974,BTC,79956.96,2632.86
2026-09-06T12:49:54.256465+00:00,BTC-30OCT26-56000-P,80381.31,BTC-30OCT26,put,56000.0,2026-10-30T08:00:00+00:00,0.1472927517788108,0.0021,0.0026,0.00239041,0.00235,80381.31,BTC-30OCT26,0.5233,-0.02864,20.21009,463.9,0.0,0.0005,BTC,79956.96,0.0
2026-09-06T12:49:54.256465+00:00,BTC-18SEP26-88000-C,79990.9,BTC-18SEP26,call,88000.0,2026-09-18T08:00:00+00:00,0.032303018719262555,0.0038,0.0041,0.00394535,0.00395,79990.9,BTC-18SEP26,0.4214,0.11188,27.38142,396.1,5.3,0.00030000000000000035,BTC,79956.96,1818.74
2026-09-06T12:49:54.256465+00:00,BTC-27NOV26-69000-C,80700.95,BTC-27NOV26,call,69000.0,2026-11-27T08:00:00+00:00,0.22395257381850964,0.1615,0.1705,0.16606749,0.166,80700.95,BTC-27NOV26,0.4086,0.81814,100.92797,0.0,0.0,0.009000000000000008,BTC,79956.96,0.0
2026-09-06T12:49:54.256465+00:00,BTC-25DEC26-85000-C,81016.32,BTC-25DEC26,call,85000.0,2026-12-25T08:00:00+00:00,0.3006123958582085,0.0645,0.066,0.06526858,0.06525,81016.32,BTC-25DEC26,0.39189999999999997,0.45448,176.17408,2213.7,0.0,0.0015000000000000013,BTC,79956.96,0.0
2026-09-06T12:49:54.256465+00:00,BTC-25DEC26-98000-P,81015.59,BTC-25DEC26,put,98000.0,2026-12-25T08:00:00+00:00,0.3006123958582085,0.23,0.2435,0.23572608,0.23675,81015.59,BTC-25DEC26,0.4029,-0.77313,133.93635,1.2,0.0,0.013499999999999984,BTC,79956.96,0.0
2026-09-06T12:49:54.256465+00:00,BTC-25SEP26-200000-P,80044.29,BTC-25SEP26,put,200000.0,2026-09-25T08:00:00+00:00,0.05146797422918726,1.49,1.506,1.49853179,1.498,80044.29,BTC-25SEP26,0.9823999999999999,-0.99997,0.02486,3.2,0.0,0.016000000000000014,BTC,79956.96,0.0
2026-09-06T12:49:54.256465+00:00,BTC-10SEP26-74000-P,79928.26,BTC-10SEP26,put,74000.0,2026-09-10T08:00:00+00:00,0.010400212422205745,0.0003,0.0005,0.00044162,0.0004,79928.26,BTC-10SEP26,0.3992,-0.02732,5.13302,8.0,8.0,0.00020000000000000004,BTC,79956.96,255.73
2026-09-06T12:49:54.256465+00:00,BTC-25DEC26-78000-C,81015.59,BTC-25DEC26,call,78000.0,2026-12-25T08:00:00+00:00,0.3006123958582085,0.103,0.106,0.10426954,0.1045,81015.59,BTC-25DEC26,0.3936,0.61229,170.25769,1046.4,0.0,0.0030000000000000027,BTC,79956.96,0.0
2026-09-06T12:49:54.256465+00:00,BTC-8SEP26-79500-P,79918.77,BTC-8SEP26,put,79500.0,2026-09-08T08:00:00+00:00,0.004924510847941542,0.0055,0.0065,0.00571609,0.006,79918.77,BTC-8SEP26,0.2889,-0.3872,21.47939,6.1,2.7,0.001,BTC,79956.96,1234.89
2026-09-06T12:49:54.256465+00:00,BTC-11SEP26-66000-P,79930.46,BTC-11SEP26,put,66000.0,2026-09-11T08:00:00+00:00,0.013138063209337846,,0.0003,0.00016117,,79930.46,BTC-11SEP26,0.6794,-0.00617,1.59796,363.6,2.0,,BTC,79956.96,15.99
2026-09-06T12:49:54.256465+00:00,BTC-27NOV26-115000-C,80700.95,BTC-27NOV26,call,115000.0,2026-11-27T08:00:00+00:00,0.22395257381850964,0.005,0.006,0.00546388,0.0055,80700.95,BTC-27NOV26,0.4569,0.06328,47.45359,26.1,0.0,0.001,BTC,79956.96,0.0
2026-09-06T12:49:54.256465+00:00,BTC-7SEP26-82000-P,79911.72,BTC-7SEP26,put,82000.0,2026-09-07T08:00:00+00:00,0.0021866600608094404,0.0245,0.028,0.02633944,0.02625,79911.72,BTC-7SEP26,0.3153,-0.95716,3.40356,11.6,0.0,0.0034999999999999996,BTC,79956.96,0.0
2026-09-06T12:49:54.256465+00:00,ETH-26MAR27-4200-P,2551.75,ETH-26MAR27,put,4200.0,2027-03-26T08:00:00+00:00,0.5497568174872297,0.6645,0.692,0.678475,0.67825,2551.75,ETH-26MAR27,0.5765,-0.82936,4.80102,1.0,0.0,0.02749999999999997,ETH,2500.4,0.0
2026-09-06T12:49:54.256465+00:00,ETH-25SEP26-5800-C,2506.45,ETH-25SEP26,call,5800.0,2026-09-25T08:00:00+00:00,0.05146797422918726,,0.0001,9e-06,,2506.45,ETH-25SEP26,0.9994,0.00017,0.00366,5889.0,0.0,,ETH,2500.4,0.0
2026-09-06T12:49:54.256465+00:00,ETH-26MAR27-1000-P,2551.75,ETH-26MAR27,put,1000.0,2027-03-26T08:00:00+00:00,0.5497568174872297,0.0055,0.007,0.006084,0.00625,2551.75,ETH-26MAR27,0.7418,-0.02398,1.06821,7311.0,1.0,0.0015000000000000005,ETH,2500.4,14.76
2026-09-06T12:49:54.256465+00:00,ETH-25JUN27-3500-P,2580.52,ETH-25JUN27,put,3500.0,2027-06-25T08:00:00+00:00,0.798901239116251,0.4395,0.4665,0.452576,0.453,2580.52,ETH-25JUN27,0.5627,-0.63833,8.64664,323.0,0.0,0.027000000000000024,ETH,2500.67,0.0
2026-09-06T12:49:54.256465+00:00,ETH-30OCT26-1750-C,2512.18,ETH-30OCT26,call,1750.0,2026-10-30T08:00:00+00:00,0.1472927517788108,0.307,0.311,0.308551,0.309,2512.18,ETH-30OCT26,0.6102000000000001,0.9516,0.96927,102.0,0.0,0.0040000000000000036,ETH,2500.4,0.0
2026-09-06T12:49:54.256465+00:00,ETH-8SEP26-2800-P,2500.93,ETH-8SEP26,put,2800.0,2026-09-08T08:00:00+00:00,0.004924510847941542,0.117,0.124,0.119774,0.1205,2500.93,ETH-8SEP26,0.6978,-0.98875,0.05181,0.0,0.0,0.006999999999999992,ETH,2500.67,0.0
2026-09-06T12:49:54.256465+00:00,ETH-25SEP26-2850-C,2506.45,ETH-25SEP26,call,2850.0,2026-09-25T08:00:00+00:00,0.05146797422918726,0.01,0.011,0.010405,0.0105,2506.45,ETH-25SEP26,0.5488000000000001,0.16628,1.41902,275.0,0.0,0.0009999999999999992,ETH,2500.67,0.0
2026-09-06T12:49:54.256465+00:00,ETH-10SEP26-2460-P,2501.55,ETH-10SEP26,put,2460.0,2026-09-10T08:00:00+00:00,0.010400212422205745,0.009,0.01,0.009531,0.0095,2501.55,ETH-10SEP26,0.4094,-0.33547,0.93017,100.0,100.0,0.0010000000000000009,ETH,2500.67,2493.81
2026-09-06T12:49:54.256465+00:00,ETH-9SEP26-2600-C,2501.25,ETH-9SEP26,call,2600.0,2026-09-09T08:00:00+00:00,0.0076623616350736425,0.0033,0.0036,0.003436,0.00345,2501.25,ETH-9SEP26,0.44920000000000004,0.16818,0.55037,78.0,122.0,0.0002999999999999999,ETH,2500.74,668.32
2026-09-06T12:49:54.256465+00:00,ETH-8SEP26-2420-C,2500.92,ETH-8SEP26,call,2420.0,2026-09-08T08:00:00+00:00,0.004924510847941542,0.0315,0.0365,0.033724,0.034,2500.92,ETH-8SEP26,0.38,0.8939,0.32153,0.0,0.0,0.0049999999999999975,ETH,2500.67,0.0
2026-09-06T12:49:54.256465+00:00,ETH-9SEP26-2340-C,2501.25,ETH-9SEP26,call,2340.0,2026-09-09T08:00:00+00:00,0.0076623616350736425,0.0635,0.068,0.065305,0.06575,2501.25,ETH-9SEP26,0.46619999999999995,0.95123,0.22141,0.0,0.0,0.004500000000000004,ETH,2500.74,0.0
2026-09-06T12:49:54.256465+00:00,ETH-25JUN27-3400-C,2580.52,ETH-25JUN27,call,3400.0,2027-06-25T08:00:00+00:00,0.798901239116251,0.102,0.1055,0.103715,0.10375,2580.52,ETH-25JUN27,0.5614,0.3828,8.80557,481.0,0.0,0.003500000000000003,ETH,2500.67,0.0
2026-09-06T12:49:54.256465+00:00,ETH-26MAR27-2800-P,2551.73,ETH-26MAR27,put,2800.0,2027-03-26T08:00:00+00:00,0.5497568174872297,0.2185,0.2235,0.221356,0.221,2551.73,ETH-26MAR27,0.5463,-0.51046,7.54885,15.0,0.0,0.0050000000000000044,ETH,2500.74,0.0
2026-09-06T12:49:54.256465+00:00,ETH-25DEC26-2400-C,2525.59,ETH-25DEC26,call,2400.0,2026-12-25T08:00:00+00:00,0.3006123958582085,0.137,0.1395,0.138529,0.13825,2525.59,ETH-25DEC26,0.5265,0.62607,5.24853,12436.0,0.0,0.0025000000000000022,ETH,2500.67,0.0
2026-09-06T12:49:54.256465+00:00,ETH-25SEP26-8500-P,2506.45,ETH-25SEP26,put,8500.0,2026-09-25T08:00:00+00:00,0.05146797422918726,2.3795,2.407,2.39128,2.39325,2506.45,ETH-25SEP26,1.3075,-0.99996,0.00087,0.0,0.0,0.027499999999999858,ETH,2500.74,0.0
2026-09-06T12:49:54.256465+00:00,ETH-11SEP26-2900-P,2501.83,ETH-11SEP26,put,2900.0,2026-09-11T08:00:00+00:00,0.013138063209337846,0.157,0.165,0.160002,0.161,2501.83,ETH-11SEP26,0.6679999999999999,-0.97051,0.19243,0.0,0.0,0.008000000000000007,ETH,2500.67,0.0
2026-09-06T12:49:54.256465+00:00,ETH-8SEP26-2350-C,2500.92,ETH-8SEP26,call,2350.0,2026-09-08T08:00:00+00:00,0.004924510847941542,0.057,0.0635,0.060745,0.06025,2500.92,ETH-8SEP26,0.47859999999999997,0.96957,0.12085,0.0,0.0,0.006499999999999999,ETH,2500.74,0.0
2026-09-06T12:49:54.256465+00:00,ETH-7SEP26-2380-C,2500.67,ETH-7SEP26,call,2380.0,2026-09-07T08:00:00+00:00,0.0021866600608094404,0.045,0.0515,0.048396,0.04825,2500.67,ETH-7SEP26,0.5058,0.98256,0.05036,50.0,11.0,0.006499999999999999,ETH,2500.74,1276.51
2026-09-06T12:49:54.256465+00:00,ETH-27NOV26-2300-C,2519.45,ETH-27NOV26,call,2300.0,2026-11-27T08:00:00+00:00,0.22395257381850964,0.143,0.1455,0.144318,0.14425,2519.45,ETH-27NOV26,0.5246,0.68851,4.21704,50.0,0.0,0.0025000000000000022,ETH,2500.74,0.0
2026-09-06T12:49:54.256465+00:00,ETH-25SEP26-2400-C,2506.45,ETH-25SEP26,call,2400.0,2026-09-25T08:00:00+00:00,0.05146797422918726,0.0665,0.069,0.067951,0.06775,2506.45,ETH-25SEP26,0.49079999999999996,0.67237,2.05419,15746.0,34.0,0.0025000000000000022,ETH,2500.74,4904.89
2026-09-06T12:49:54.256465+00:00,ETH-26MAR27-2900-C,2551.73,ETH-26MAR27,call,2900.0,2027-03-26T08:00:00+00:00,0.5497568174872297,0.1105,0.1135,0.111859,0.112,2551.73,ETH-26MAR27,0.5471,0.45539,7.50419,2285.0,0.0,0.0030000000000000027,ETH,2500.74,0.0
2026-09-06T12:49:54.256465+00:00,ETH-7SEP26-2640-P,2500.65,ETH-7SEP26,put,2640.0,2026-09-07T08:00:00+00:00,0.0021866600608094404,0.0535,0.0605,0.055991,0.057,2500.65,ETH-7SEP26,0.5893999999999999,-0.97437,0.06974,0.0,0.0,0.006999999999999999,ETH,2500.73,0.0
2026-09-06T12:49:54.256465+00:00,ETH-25JUN27-2200-P,2580.52,ETH-25JUN27,put,2200.0,2027-06-25T08:00:00+00:00,0.798901239116251,0.117,0.1205,0.118414,0.11875,2580.52,ETH-25JUN27,0.5600999999999999,-0.28459,7.82905,387.0,0.0,0.0034999999999999892,ETH,2500.74,0.0
2026-09-06T12:49:54.256465+00:00,ETH-7SEP26-2800-P,2500.67,ETH-7SEP26,put,2800.0,2026-09-07T08:00:00+00:00,0.0021866600608094404,0.1165,0.123,0.119721,0.11975,2500.67,ETH-7SEP26,0.7606,-0.99921,0.00318,0.0,0.0,0.006499999999999992,ETH,2500.73,0.0
2026-09-06T12:49:54.256465+00:00,ETH-18SEP26-3200-C,2504.08,ETH-18SEP26,call,3200.0,2026-09-18T08:00:00+00:00,0.032303018719262555,0.0013,0.0014,0.001423,0.00135,2504.08,ETH-18SEP26,0.7033,0.03039,0.30967,3568.0,41.0,0.00010000000000000005,ETH,2500.73,122.07
2026-09-06T12:49:54.256465+00:00,ETH-11SEP26-2450-C,2501.83,ETH-11SEP26,call,2450.0,2026-09-11T08:00:00+00:00,0.013138063209337846,0.03,0.032,0.031049,0.031,2501.83,ETH-11SEP26,0.4179,0.67868,1.02761,2368.0,0.0,0.0020000000000000018,ETH,2500.73,0.0
2026-09-06T12:49:54.256465+00:00,ETH-25DEC26-8000-P,2525.59,ETH-25DEC26,put,8000.0,2026-12-25T08:00:00+00:00,0.3006123958582085,2.1445,2.1945,2.168237,2.1695,2525.59,ETH-25DEC26,0.7631,-0.99454,0.21675,0.0,0.0,0.050000000000000266,ETH,2500.73,0.0
2026-09-06T12:49:54.256465+00:00,ETH-30OCT26-2500-C,2512.18,ETH-30OCT26,call,2500.0,2026-10-30T08:00:00+00:00,0.1472927517788108,0.0795,0.081,0.080322,0.08025,2512.18,ETH-30OCT26,0.5105,0.5492,3.81897,2829.0,17.0,0.0015000000000000013,ETH,2500.73,3065.85
2026-09-06T12:49:54.256465+00:00,ETH-27NOV26-2400-C,2519.45,ETH-27NOV26,call,2400.0,2026-11-27T08:00:00+00:00,0.22395257381850964,0.12,0.1225,0.121614,0.12125,2519.45,ETH-27NOV26,0.5224,0.62577,4.52038,307.0,0.0,0.0025000000000000022,ETH,2500.73,0.0
2026-09-06T12:49:54.256465+00:00,ETH-26MAR27-3300-P,2551.75,ETH-26MAR27,put,3300.0,2027-03-26T08:00:00+00:00,0.5497568174872297,0.3565,0.3825,0.367878,0.3695,2551.75,ETH-26MAR27,0.5537,-0.6629,6.91299,101.0,0.0,0.026000000000000023,ETH,2500.73,0.0
2026-09-06T12:49:54.256465+00:00,ETH-8SEP26-2680-P,2500.92,ETH-8SEP26,put,2680.0,2026-09-08T08:00:00+00:00,0.004924510847941542,0.0695,0.0765,0.07218,0.073,2500.92,ETH-8SEP26,0.5471,-0.9623,0.14414,0.0,0.0,0.006999999999999992,ETH,2500.73,0.0
2026-09-06T12:49:54.256465+00:00,ETH-25DEC26-1400-C,2525.59,ETH-25DEC26,call,1400.0,2026-12-25T08:00:00+00:00,0.3006123958582085,0.45,0.4535,0.451677,0.45175,2525.59,ETH-25DEC26,0.6656,0.964,1.09542,939.0,0.0,0.003500000000000003,ETH,2500.73,0.0
2026-09-06T12:49:54.256465+00:00,ETH-26MAR27-2600-P,2551.75,ETH-26MAR27,put,2600.0,2027-03-26T08:00:00+00:00,0.5497568174872297,0.17,0.173,0.17146,0.1715,2551.75,ETH-26MAR27,0.5455,-0.43789,7.45991,645.0,19.0,0.002999999999999975,ETH,2500.73,8184.27
2026-09-06T12:49:54.256465+00:00,ETH-11SEP26-2550-P,2501.83,ETH-11SEP26,put,2550.0,2026-09-11T08:00:00+00:00,0.013138063209337846,0.031,0.033,0.031767,0.032,2501.83,ETH-11SEP26,0.449,-0.63376,1.07947,475.0,1.0,0.0020000000000000018,ETH,2500.73,80.12
2026-09-06T12:49:54.256465+00:00,ETH-25SEP26-4600-C,2506.46,ETH-25SEP26,call,4600.0,2026-09-25T08:00:00+00:00,0.05146797422918726,,0.0003,0.000141,,2506.46,ETH-25SEP26,0.9159,0.00243,0.04297,4397.0,3.0,,ETH,2500.73,0.74
2026-09-06T12:49:54.256465+00:00,ETH-26MAR27-2800-C,2551.75,ETH-26MAR27,call,2800.0,2027-03-26T08:00:00+00:00,0.5497568174872297,0.1225,0.1255,0.124052,0.124,2551.75,ETH-26MAR27,0.5463,0.48956,7.54903,5034.0,0.0,0.0030000000000000027,ETH,2500.73,0.0
2026-09-06T12:49:54.256465+00:00,ETH-7SEP26-2650-C,2500.65,ETH-7SEP26,call,2650.0,2026-09-07T08:00:00+00:00,0.0021866600608094404,0.0001,0.0004,0.000207,0.00025,2500.65,ETH-7SEP26,0.6015,0.02048,0.05773,421.0,237.0,0.00030000000000000003,ETH,2500.73,116.8
2026-09-06T12:49:54.256465+00:00,ETH-25SEP26-3800-P,2506.45,ETH-25SEP26,put,3800.0,2026-09-25T08:00:00+00:00,0.05146797422918726,0.512,0.5235,0.516821,0.51775,2506.45,ETH-25SEP26,0.785,-0.98765,0.18221,943.0,0.0,0.011499999999999955,ETH,2500.73,0.0
2026-09-06T12:49:54.256465+00:00,ETH-18SEP26-2450-C,2504.08,ETH-18SEP26,call,2450.0,2026-09-18T08:00:00+00:00,0.032303018719262555,0.045,0.047,0.045998,0.046,2504.08,ETH-18SEP26,0.48109999999999997,0.61693,1.71854,932.0,0.0,0.0020000000000000018,ETH,2500.73,0.0
2026-09-06T12:49:54.256465+00:00,ETH-25SEP26-3200-C,2506.45,ETH-25SEP26,call,3200.0,2026-09-25T08:00:00+00:00,0.05146797422918726,0.0029,0.0032,0.003009,0.00305,2506.45,ETH-25SEP26,0.6351,0.05242,0.60924,13423.0,0.0,0.00030000000000000035,ETH,2500.73,0.0
2026-09-06T12:49:54.256465+00:00,ETH-25SEP26-1000-P,2506.45,ETH-25SEP26,put,1000.0,2026-09-25T08:00:00+00:00,0.05146797422918726,,0.0001,4.3e-05,,2506.45,ETH-25SEP26,1.2915,-0.00051,0.01039,10805.0,0.0,,ETH,2500.73,0.0
2026-09-06T12:49:54.256465+00:00,ETH-8SEP26-2340-C,2500.92,ETH-8SEP26,call,2340.0,2026-09-08T08:00:00+00:00,0.004924510847941542,0.061,0.0675,0.064673,0.06425,2500.92,ETH-8SEP26,0.4899,0.97481,0.10324,0.0,0.0,0.006500000000000006,ETH,2500.73,0.0
2026-09-06T12:49:54.256465+00:00,ETH-25SEP26-1000-C,2506.46,ETH-25SEP26,call,1000.0,2026-09-25T08:00:00+00:00,0.05146797422918726,0.6,0.6025,0.601069,0.60125,2506.46,ETH-25SEP26,1.2915,0.99949,0.01039,5785.0,0.0,0.0025000000000000577,ETH,2500.73,0.0
2026-09-06T12:49:54.256465+00:00,ETH-27NOV26-2000-C,2519.45,ETH-27NOV26,call,2000.0,2026-11-27T08:00:00+00:00,0.22395257381850964,0.228,0.232,0.22988,0.23,2519.45,ETH-27NOV26,0.5497,0.84566,2.83454,9.0,0.0,0.0040000000000000036,ETH,2500.73,0.0
2026-09-06T12:49:54.256465+00:00,ETH-25DEC26-1800-C,2525.59,ETH-25DEC26,call,1800.0,2026-12-25T08:00:00+00:00,0.3006123958582085,0.3045,0.3085,0.306571,0.3065,2525.59,ETH-25DEC26,0.5770000000000001,0.89046,2.59718,2434.0,0.0,0.0040000000000000036,ETH,2500.73,0.0
2026-09-06T12:49:54.256465+00:00,ETH-25SEP26-2420-C,2506.45,ETH-25SEP26,call,2420.0,2026-09-25T08:00:00+00:00,0.05146797422918726,0.062,0.064,0.062982,0.063,2506.45,ETH-25SEP26,0.4902,0.64524,2.1174,122.0,0.0,0.0020000000000000018,ETH,2500.73,0.0
2026-09-06T12:49:54.256465+00:00,ETH-30OCT26-2250-P,2512.18,ETH-30OCT26,put,2250.0,2026-10-30T08:00:00+00:00,0.1472927517788108,0.033,0.0345,0.033797,0.03375,2512.18,ETH-30OCT26,0.5157,-0.25573,3.10209,1345.0,0.0,0.0015000000000000013,ETH,2500.73,0.0
2026-09-06T12:49:54.256465+00:00,ETH-26MAR27-4800-P,2551.75,ETH-26MAR27,put,4800.0,2027-03-26T08:00:00+00:00,0.5497568174872297,0.883,0.916,0.901442,0.8995,2551.75,ETH-26MAR27,0.5951,-0.88693,3.63011,0.0,0.0,0.03300000000000003,ETH,2500.73,0.0
2026-09-06T12:49:54.256465+00:00,ETH-25SEP26-5200-C,2506.45,ETH-25SEP26,call,5200.0,2026-09-25T08:00:00+00:00,0.05146797422918726,,0.0002,1.9e-05,,2506.45,ETH-25SEP26,0.9251,0.00038,0.00774,2392.0,0.0,,ETH,2500.73,0.0
2026-09-06T12:49:54.256465+00:00,ETH-30OCT26-2900-C,2512.18,ETH-30OCT26,call,2900.0,2026-10-30T08:00:00+00:00,0.1472927517788108,0.031,0.032,0.031396,0.0315,2512.18,ETH-30OCT26,0.5343,0.2754,3.22096,2730.0,36.0,0.0010000000000000009,ETH,2500.73,2626.68
2026-09-06T12:49:54.256465+00:00,ETH-27NOV26-3800-C,2519.45,ETH-27NOV26,call,3800.0,2026-11-27T08:00:00+00:00,0.22395257381850964,0.0105,0.0115,0.01102,0.011,2519.45,ETH-27NOV26,0.5947,0.09367,1.99531,319.0,209.0,0.0009999999999999992,ETH,2500.72,5215.56
2026-09-06T12:49:54.256465+00:00,ETH-25JUN27-4400-P,2580.52,ETH-25JUN27,put,4400.0,2027-06-25T08:00:00+00:00,0.798901239116251,0.741,0.777,0.757015,0.759,2580.52,ETH-25JUN27,0.5788,-0.77998,6.83298,1.0,0.0,0.03600000000000003,ETH,2500.73,0.0
2026-09-06T12:49:54.256465+00:00,ETH-9SEP26-2320-P,2501.25,ETH-9SEP26,put,2320.0,2026-09-09T08:00:00+00:00,0.0076623616350736425,0.0005,0.0009,0.000666,0.0007,2501.25,ETH-9SEP26,0.4905,-0.03784,0.18037,2.0,2.0,0.00039999999999999996,ETH,2500.73,6.9
2026-09-06T12:49:54.256465+00:00,ETH-25DEC26-1500-P,2525.59,ETH-25DEC26,put,1500.0,2026-12-25T08:00:00+00:00,0.3006123958582085,0.0075,0.0085,0.008014,0.008,2525.59,ETH-25DEC26,0.638,-0.04802,1.38336,16259.0,0.0,0.0010000000000000009,ETH,2500.73,0.0
2026-09-06T12:49:54.256465+00:00,ETH-10SEP26-2600-P,2501.54,ETH-10SEP26,put,2600.0,2026-09-10T08:00:00+00:00,0.010400212422205745,0.0425,0.047,0.044889,0.04475,2501.54,ETH-10SEP26,0.45990000000000003,-0.78709,0.74141,0.0,0.0,0.004499999999999997,ETH,2500.72,0.0
2026-09-06T12:49:54.256465+00:00,ETH-26MAR27-4200-C,2551.75,ETH-26MAR27,call,4200.0,2027-03-26T08:00:00+00:00,0.5497568174872297,0.0315,0.0335,0.03252,0.0325,2551.75,ETH-26MAR27,0.5765,0.17072,4.80307,2903.0,0.0,0.0020000000000000018,ETH,2500.72,0.0
2026-09-06T12:49:54.256465+00:00,ETH-9SEP26-2560-C,2501.23,ETH-9SEP26,call,2560.0,2026-09-09T08:00:00+00:00,0.0076623616350736425,0.0055,0.0065,0.005836,0.006,2501.23,ETH-9SEP26,0.41590000000000005,0.2691,0.7229,42.0,25.0,0.001,ETH,2500.73,375.47
2026-09-06T12:49:54.256465+00:00,ETH-30OCT26-1000-C,2512.2,ETH-30OCT26,call,1000.0,2026-10-30T08:00:00+00:00,0.1472927517788108,0.601,0.604,0.602185,0.6025,2512.2,ETH-30OCT26,0.8959,0.99782,0.06619,0.0,0.0,0.0030000000000000027,ETH,2500.72,0.0
2026-09-06T12:49:54.256465+00:00,ETH-25JUN27-3100-P,2580.5,ETH-25JUN27,put,3100.0,2027-06-25T08:00:00+00:00,0.798901239116251,0.3265,0.3355,0.331743,0.331,2580.5,ETH-25JUN27,0.5583,-0.54678,9.14263,0.0,0.0,0.009000000000000008,ETH,2500.72,0.0
2026-09-06T12:49:54.256465+00:00,ETH-25SEP26-9000-P,2506.45,ETH-25SEP26,put,9000.0,2026-09-25T08:00:00+00:00,0.05146797422918726,2.58,2.606,2.590767,2.593,2506.45,ETH-25SEP26,1.3633000000000002,-0.99997,0.00084,0.0,0.0,0.0259999999999998,ETH,2500.72,0.0
2026-09-06T12:49:54.256465+00:00,ETH-9SEP26-2420-P,2501.25,ETH-9SEP26,put,2420.0,2026-09-09T08:00:00+00:00,0.0076623616350736425,0.003,0.0033,0.003154,0.00315,2501.25,ETH-9SEP26,0.3981,-0.16629,0.54636,77.0,76.0,0.0002999999999999999,ETH,2500.72,704.38
2026-09-06T12:49:54.256465+00:00,ETH-27NOV26-2700-C,2519.45,ETH-27NOV26,call,2700.0,2026-11-27T08:00:00+00:00,0.22395257381850964,0.07,0.071,0.070651,0.0705,2519.45,ETH-27NOV26,0.5257000000000001,0.43915,4.7034,346.0,1.0,0.000999999999999987,ETH,2500.72,176.4
2026-09-06T12:49:54.256465+00:00,ETH-18SEP26-2200-P,2504.08,ETH-18SEP26,put,2200.0,2026-09-18T08:00:00+00:00,0.032303018719262555,0.0031,0.0034,0.003273,0.00325,2504.08,ETH-18SEP26,0.5182,-0.07524,0.63889,3956.0,143.0,0.0002999999999999999,ETH,2500.72,1401.15
2026-09-06T12:49:54.256465+00:00,ETH-25SEP26-2300-P,2506.45,ETH-25SEP26,put,2300.0,2026-09-25T08:00:00+00:00,0.05146797422918726,0.0135,0.0145,0.013968,0.014,2506.45,ETH-25SEP26,0.4986,-0.20679,1.62472,5624.0,37.0,0.0010000000000000009,ETH,2500.72,1232.67
2026-09-06T12:49:54.256465+00:00,ETH-25JUN27-2100-P,2580.52,ETH-25JUN27,put,2100.0,2027-06-25T08:00:00+00:00,0.798901239116251,0.1,0.1035,0.101599,0.10175,2580.52,ETH-25JUN27,0.5629,-0.2542,7.39775,589.0,0.0,0.0034999999999999892,ETH,2500.72,0.0
2026-09-06T12:49:54.256465+00:00,ETH-9SEP26-2540-P,2501.23,ETH-9SEP26,put,2540.0,2026-09-09T08:00:00+00:00,0.0076623616350736425,0.0225,0.0245,0.023276,0.0235,2501.23,ETH-9SEP26,0.40340000000000004,-0.66047,0.802,0.0,0.0,0.0020000000000000018,ETH,2500.72,0.0
2026-09-06T12:49:54.256465+00:00,ETH-25DEC26-1000-C,2525.59,ETH-25DEC26,call,1000.0,2026-12-25T08:00:00+00:00,0.3006123958582085,0.6045,0.607,0.605812,0.60575,2525.59,ETH-25DEC26,0.8043,0.98986,0.37374,73.0,0.0,0.0024999999999999467,ETH,2500.72,0.0
2026-09-06T12:49:54.256465+00:00,ETH-25DEC26-2800-P,2525.59,ETH-25DEC26,put,2800.0,2026-12-25T08:00:00+00:00,0.3006123958582085,0.1835,0.185,0.183682,0.18425,2525.59,ETH-25DEC26,0.5299,-0.58278,5.40755,2545.0,0.0,0.0015000000000000013,ETH,2500.72,0.0
2026-09-06T12:49:54.256465+00:00,ETH-25SEP26-2450-P,2506.45,ETH-25SEP26,put,2450.0,2026-09-25T08:00:00+00:00,0.05146797422918726,0.033,0.034,0.03354,0.0335,2506.45,ETH-25SEP26,0.4905,-0.3968,2.19316,62.0,1.0,0.0010000000000000009,ETH,2500.72,92.75
2026-09-06T12:49:54.256465+00:00,ETH-30OCT26-1800-P,2512.18,ETH-30OCT26,put,1800.0,2026-10-30T08:00:00+00:00,0.1472927517788108,0.0055,0.0065,0.006014,0.006,2512.18,ETH-30OCT26,0.5911,-0.0567,1.09918,1273.0,0.0,0.001,ETH,2500.72,0.0
2026-09-06T12:49:54.256465+00:00,ETH-27NOV26-3100-C,2519.45,ETH-27NOV26,call,3100.0,2026-11-27T08:00:00+00:00,0.22395257381850964,0.0335,0.0345,0.034032,0.034,2519.45,ETH-27NOV26,0.5452,0.2502,3.79223,12.0,5.0,0.0010000000000000009,ETH,2500.72,375.29
2026-09-06T12:49:54.256465+00:00,ETH-25DEC26-4400-P,2525.58,ETH-25DEC26,put,4400.0,2026-12-25T08:00:00+00:00,0.3006123958582085,0.738,0.7615,0.751109,0.74975,2525.58,ETH-25DEC26,0.6115999999999999,-0.93146,1.83019,20.0,0.0,0.023499999999999965,ETH,2500.72,0.0
2026-09-06T12:49:54.256465+00:00,ETH-25SEP26-3400-C,2506.45,ETH-25SEP26,call,3400.0,2026-09-25T08:00:00+00:00,0.05146797422918726,0.0016,0.0019,0.001738,0.00175,2506.45,ETH-25SEP26,0.6875,0.03037,0.39105,9690.0,216.0,0.0002999999999999999,ETH,2500.72,623.8
2026-09-06T12:49:54.256465+00:00,ETH-10SEP26-2620-P,2501.54,ETH-10SEP26,put,2620.0,2026-09-10T08:00:00+00:00,0.010400212422205745,0.0495,0.054,0.051852,0.05175,2501.54,ETH-10SEP26,0.4746,-0.82342,0.66157,0.0,0.0,0.004499999999999997,ETH,2500.72,0.0
2026-09-06T12:49:54.256465+00:00,ETH-25SEP26-4400-P,2506.46,ETH-25SEP26,put,4400.0,2026-09-25T08:00:00+00:00,0.05146797422918726,0.7495,0.7635,0.755682,0.7565,2506.46,ETH-25SEP26,0.8835,-0.99659,0.05839,281.0,0.0,0.013999999999999901,ETH,2500.72,0.0
2026-09-06T12:49:54.256465+00:00,ETH-11SEP26-1800-C,2501.83,ETH-11SEP26,call,1800.0,2026-09-11T08:00:00+00:00,0.013138063209337846,0.279,0.2825,0.280558,0.28075,2501.83,ETH-11SEP26,0.9538,0.99892,0.01038,0.0,0.0,0.0034999999999999476,ETH,2500.72,0.0
2026-09-06T12:49:54.256465+00:00,ETH-25DEC26-7000-P,2525.59,ETH-25DEC26,put,7000.0,2026-12-25T08:00:00+00:00,0.3006123958582085,1.7525,1.795,1.772901,1.77375,2525.59,ETH-25DEC26,0.7384999999999999,-0.98967,0.37987,0.0,0.0,0.04249999999999998,ETH,2500.72,0.0
2026-09-06T12:49:54.256465+00:00,ETH-7SEP26-2650-P,2500.67,ETH-7SEP26,put,2650.0,2026-09-07T08:00:00+00:00,0.0021866600608094404,0.0565,0.064,0.059936,0.06025,2500.67,ETH-7SEP26,0.6015,-0.97953,0.05771,0.0,0.0,0.0075,ETH,2500.71,0.0
2026-09-06T12:49:54.256465+00:00,ETH-25JUN27-4000-C,2580.5,ETH-25JUN27,call,4000.0,2027-06-25T08:00:00+00:00,0.798901239116251,0.066,0.0695,0.067582,0.06775,2580.5,ETH-25JUN27,0.5713,0.27345,7.67834,4555.0,0.0,0.003500000000000003,ETH,2500.72,0.0
2026-09-06T12:49:54.256465+00:00,ETH-7SEP26-2480-P,2500.67,ETH-7SEP26,put,2480.0,2026-09-07T08:00:00+00:00,0.0021866600608094404,0.0027,0.0031,0.002845,0.0029,2500.67,ETH-7SEP26,0.32880000000000004,-0.28892,0.3994,324.0,120.0,0.00039999999999999975,ETH,2500.71,1489.37
2026-09-06T12:49:54.256465+00:00,ETH-18SEP26-2900-P,2504.08,ETH-18SEP26,put,2900.0,2026-09-18T08:00:00+00:00,0.032303018719262555,0.159,0.167,0.1626,0.163,2504.08,ETH-18SEP26,0.595,-0.90616,0.75417,0.0,0.0,0.008000000000000007,ETH,2500.71,0.0
2026-09-06T12:49:54.256465+00:00,ETH-26MAR27-1800-C,2551.75,ETH-26MAR27,call,1800.0,2027-03-26T08:00:00+00:00,0.5497568174872297,0.334,0.338,0.33605,0.336,2551.75,ETH-26MAR27,0.5769,0.84846,4.44351,3427.0,0.0,0.0040000000000000036,ETH,2500.71,0.0
2026-09-06T12:49:54.256465+00:00,ETH-8SEP26-2350-P,2500.92,ETH-8SEP26,put,2350.0,2026-09-08T08:00:00+00:00,0.004924510847941542,0.0002,0.0006,0.000406,0.0004,2500.92,ETH-8SEP26,0.47859999999999997,-0.03037,0.12064,0.0,0.0,0.00039999999999999996,ETH,2500.71,0.0
2026-09-06T12:49:54.256465+00:00,ETH-9SEP26-2250-C,2501.23,ETH-9SEP26,call,2250.0,2026-09-09T08:00:00+00:00,0.0076623616350736425,0.099,0.102,0.100868,0.1005,2501.23,ETH-9SEP26,0.6052000000000001,0.97867,0.11196,0.0,0.0,0.002999999999999989,ETH,2500.71,0.0
2026-09-06T12:49:54.256465+00:00,ETH-7SEP26-2400-C,2500.65,ETH-7SEP26,call,2400.0,2026-09-07T08:00:00+00:00,0.0021866600608094404,0.037,0.043,0.04051,0.04,2500.65,ETH-7SEP26,0.47240000000000004,0.96992,0.07972,1338.0,66.0,0.005999999999999998,ETH,2500.71,5793.32
2026-09-06T12:49:54.256465+00:00,ETH-11SEP26-2100-C,2501.82,ETH-11SEP26,call,2100.0,2026-09-11T08:00:00+00:00,0.013138063209337846,0.159,0.162,0.161041,0.1605,2501.82,ETH-11SEP26,0.7127,0.98558,0.10504,19.0,0.0,0.0030000000000000027,ETH,2500.71,0.0
2026-09-06T12:49:54.256465+00:00,ETH-25JUN27-1900-C,2580.52,ETH-25JUN27,call,1900.0,2027-06-25T08:00:00+00:00,0.798901239116251,0.334,0.3395,0.336574,0.33675,2580.52,ETH-25JUN27,0.5719,0.80363,6.38944,115.0,0.0,0.005500000000000005,ETH,2500.71,0.0
2026-09-06T12:49:54.256465+00:00,ETH-26MAR27-2000-P,2551.75,ETH-26MAR27,put,2000.0,2027-03-26T08:00:00+00:00,0.5497568174872297,0.0615,0.064,0.062744,0.06275,2551.75,ETH-26MAR27,0.5603,-0.2135,5.50845,1916.0,0.0,0.0025000000000000022,ETH,2500.71,0.0
2026-09-06T12:49:54.256465+00:00,ETH-25JUN27-3900-C,2580.52,ETH-25JUN27,call,3900.0,2027-06-25T08:00:00+00:00,0.798901239116251,0.0705,0.074,0.072371,0.07225,2580.52,ETH-25JUN27,0.5694,0.289,7.88619,160.0,0.0,0.003500000000000003,ETH,2500.71,0.0
2026-09-06T12:49:54.256465+00:00,ETH-25SEP26-2100-P,2506.46,ETH-25SEP26,put,2100.0,2026-09-25T08:00:00+00:00,0.05146797422918726,0.0037,0.0041,0.003915,0.0039,2506.46,ETH-25SEP26,0.5464,-0.06809,0.74773,37103.0,2.0,0.0004000000000000002,ETH,2500.71,21.42
2026-09-06T12:49:54.256465+00:00,ETH-27NOV26-2150-C,2519.45,ETH-27NOV26,call,2150.0,2026-11-27T08:00:00+00:00,0.22395257381850964,0.1825,0.186,0.184106,0.18425,2519.45,ETH-27NOV26,0.5338,0.77472,3.5801,0.0,0.0,0.003500000000000003,ETH,2500.71,0.0
2026-09-06T12:49:54.256465+00:00,ETH-7SEP26-2280-C,2500.67,ETH-7SEP26,call,2280.0,2026-09-07T08:00:00+00:00,0.0021866600608094404,0.085,0.0905,0.088243,0.08775,2500.67,ETH-7SEP26,0.6515000000000001,0.99887,0.0044,0.0,0.0,0.005499999999999991,ETH,2500.71,0.0
2026-09-06T12:49:54.256465+00:00,ETH-27NOV26-3400-C,2519.45,ETH-27NOV26,call,3400.0,2026-11-27T08:00:00+00:00,0.22395257381850964,0.02,0.021,0.020422,0.0205,2519.45,ETH-27NOV26,0.5657,0.16235,2.93015,314.0,0.0,0.0010000000000000009,ETH,2500.71,0.0
2026-09-06T12:49:54.256465+00:00,ETH-11SEP26-2400-P,2501.82,ETH-11SEP26,put,2400.0,2026-09-11T08:00:00+00:00,0.013138063209337846,0.005,0.0055,0.005269,0.00525,2501.82,ETH-11SEP26,0.4265,-0.19015,0.77882,5720.0,78.0,0.0004999999999999996,ETH,2500.71,1170.93
2026-09-06T12:49:54.256465+00:00,ETH-27NOV26-3000-C,2519.45,ETH-27NOV26,call,3000.0,2026-11-27T08:00:00+00:00,0.22395257381850964,0.04,0.0415,0.040739,0.04075,2519.45,ETH-27NOV26,0.5394,0.28932,4.07873,352.0,0.0,0.0015000000000000013,ETH,2500.71,0.0
2026-09-06T12:49:54.256465+00:00,ETH-25SEP26-16000-P,2506.45,ETH-25SEP26,put,16000.0,2026-09-25T08:00:00+00:00,0.05146797422918726,5.357,5.4155,5.383583,5.38625,2506.45,ETH-25SEP26,1.8954,-0.99998,0.00052,30.0,0.0,0.05849999999999955,ETH,2500.71,0.0
2026-09-06T12:49:54.256465+00:00,ETH-25SEP26-2050-P,2506.45,ETH-25SEP26,put,2050.0,2026-09-25T08:00:00+00:00,0.05146797422918726,0.0027,0.0031,0.00292,0.0029,2506.45,ETH-25SEP26,0.5658,-0.05143,0.60007,4004.0,62.0,0.00039999999999999975,ETH,2500.71,460.7
2026-09-06T12:49:54.256465+00:00,ETH-7SEP26-2560-P,2500.65,ETH-7SEP26,put,2560.0,2026-09-07T08:00:00+00:00,0.0021866600608094404,0.022,0.029,0.024959,0.0255,2500.65,ETH-7SEP26,0.4302,-0.87478,0.2409,1.0,0.0,0.007000000000000003,ETH,2500.71,0.0
2026-09-06T12:49:54.256465+00:00,ETH-10SEP26-2500-P,2501.54,ETH-10SEP26,put,2500.0,2026-09-10T08:00:00+00:00,0.010400212422205745,0.016,0.017,0.01656,0.0165,2501.54,ETH-10SEP26,0.41450000000000004,-0.48444,1.01727,0.0,0.0,0.0010000000000000009,ETH,2500.71,0.0
2026-09-06T12:49:54.256465+00:00,ETH-25JUN27-6000-C,2580.52,ETH-25JUN27,call,6000.0,2027-06-25T08:00:00+00:00,0.798901239116251,0.02,0.0225,0.021196,0.02125,2580.52,ETH-25JUN27,0.6093999999999999,0.10101,4.07946,1393.0,0.0,0.0024999999999999988,ETH,2500.71,0.0
2026-09-06T12:49:54.256465+00:00,ETH-11SEP26-3000-P,2501.84,ETH-11SEP26,put,3000.0,2026-09-11T08:00:00+00:00,0.013138063209337846,0.1965,0.204,0.19965,0.20025,2501.84,ETH-11SEP26,0.7383,-0.98219,0.12584,0.0,0.0,0.007499999999999979,ETH,2500.71,0.0
2026-09-06T12:49:54.256465+00:00,ETH-7SEP26-2620-P,2500.65,ETH-7SEP26,put,2620.0,2026-09-07T08:00:00+00:00,0.0021866600608094404,0.0455,0.052,0.048141,0.04875,2500.65,ETH-7SEP26,0.5623,-0.96038,0.09994,0.0,0.0,0.006499999999999999,ETH,2500.71,0.0
2026-09-06T12:49:54.256465+00:00,ETH-7SEP26-2500-C,2500.67,ETH-7SEP26,call,2500.0,2026-09-07T08:00:00+00:00,0.0021866600608094404,0.006,0.007,0.006332,0.0065,2500.67,ETH-7SEP26,0.33270000000000005,0.51346,0.46604,755.0,72.0,0.001,ETH,2500.71,887.25
2026-09-06T12:49:54.256465+00:00,ETH-26MAR27-4500-P,2551.75,ETH-26MAR27,put,4500.0,2027-03-26T08:00:00+00:00,0.5497568174872297,0.774,0.8035,0.788967,0.78875,2551.75,ETH-26MAR27,0.5853,-0.86204,4.17133,0.0,0.0,0.02949999999999997,ETH,2500.71,0.0
2026-09-06T12:49:54.256465+00:00,ETH-9SEP26-2800-P,2501.25,ETH-9SEP26,put,2800.0,2026-09-09T08:00:00+00:00,0.0076623616350736425,0.1165,0.124,0.119986,0.12025,2501.25,ETH-9SEP26,0.6495000000000001,-0.97462,0.12961,0.0,0.0,0.007499999999999993,ETH,2500.71,0.0
2026-09-06T12:49:54.256465+00:00,ETH-25SEP26-1600-C,2506.45,ETH-25SEP26,call,1600.0,2026-09-25T08:00:00+00:00,0.05146797422918726,0.3605,0.3635,0.362101,0.362,2506.45,ETH-25SEP26,0.8370000000000001,0.99303,0.11037,3418.0,0.0,0.0030000000000000027,ETH,2500.72,0.0
2026-09-06T12:49:54.256465+00:00,ETH-27NOV26-4200-P,2519.45,ETH-27NOV26,put,4200.0,2026-11-27T08:00:00+00:00,0.22395257381850964,0.6635,0.6845,0.673582,0.674,2519.45,ETH-27NOV26,0.6259,-0.9425,1.37433,0.0,0.0,0.02100000000000002,ETH,2500.72,0.0
2026-09-06T12:49:54.256465+00:00,ETH-27NOV26-1600-P,2519.45,ETH-27NOV26,put,1600.0,2026-11-27T08:00:00+00:00,0.22395257381850964,0.0065,0.007,0.006767,0.00675,2519.45,ETH-27NOV26,0.6343,-0.04819,1.19449,15.0,1.0,0.0005000000000000004,ETH,2500.72,16.12
2026-09-06T12:49:54.256465+00:00,ETH-27NOV26-2300-P,2519.45,ETH-27NOV26,put,2300.0,2026-11-27T08:00:00+00:00,0.22395257381850964,0.0565,0.058,0.057226,0.05725,2519.45,ETH-27NOV26,0.5246,-0.31147,4.21699,302.0,0.0,0.0015000000000000013,ETH,2500.72,0.0
2026-09-06T12:49:54.256465+00:00,ETH-26MAR27-3000-P,2551.75,ETH-26MAR27,put,3000.0,2027-03-26T08:00:00+00:00,0.5497568174872297,0.2745,0.2795,0.276631,0.277,2551.75,ETH-26MAR27,0.5484,-0.57697,7.41067,370.0,18.0,0.0050000000000000044,ETH,2500.72,12327.13
2026-09-06T12:49:54.256465+00:00,ETH-8SEP26-2250-C,2500.93,ETH-8SEP26,call,2250.0,2026-09-08T08:00:00+00:00,0.004924510847941542,0.0985,0.1025,0.10053,0.1005,2500.93,ETH-8SEP26,0.6743000000000001,0.98813,0.05432,0.0,0.0,0.00399999999999999,ETH,2500.72,0.0
2026-09-06T12:49:54.256465+00:00,ETH-25JUN27-3900-P,2580.5,ETH-25JUN27,put,3900.0,2027-06-25T08:00:00+00:00,0.798901239116251,0.569,0.602,0.583712,0.5855,2580.5,ETH-25JUN27,0.5694,-0.711,7.88617,0.0,0.0,0.03300000000000003,ETH,2500.72,0.0
2026-09-06T12:49:54.256465+00:00,ETH-25DEC26-5200-P,2525.58,ETH-25DEC26,put,5200.0,2026-12-25T08:00:00+00:00,0.3006123958582085,1.048,1.0765,1.06322,1.06225,2525.58,ETH-25DEC26,0.657,-0.96589,1.04817,0.0,0.0,0.02849999999999997,ETH,2500.72,0.0
2026-09-06T12:49:54.256465+00:00,ETH-25DEC26-4800-C,2525.59,ETH-25DEC26,call,4800.0,2026-12-25T08:00:00+00:00,0.3006123958582085,0.0055,0.0065,0.005968,0.006,2525.59,ETH-25DEC26,0.6332,0.04699,1.35958,2708.0,0.0,0.001,ETH,2500.72,0.0
2026-09-06T12:49:54.256465+00:00,ETH-25JUN27-4400-C,2580.5,ETH-25JUN27,call,4400.0,2027-06-25T08:00:00+00:00,0.798901239116251,0.0505,0.0535,0.051913,0.052,2580.5,ETH-25JUN27,0.5788,0.22002,6.83301,173.0,0.0,0.0029999999999999957,ETH,2500.72,0.0
2026-09-06T12:49:54.256465+00:00,ETH-9SEP26-2400-P,2501.25,ETH-9SEP26,put,2400.0,2026-09-09T08:00:00+00:00,0.0076623616350736425,0.0021,0.0023,0.002221,0.0022,2501.25,ETH-9SEP26,0.41229999999999994,-0.12172,0.44248,6.0,6.0,0.0002000000000000001,ETH,2500.72,64.79
2026-09-06T12:49:54.256465+00:00,ETH-25JUN27-2000-P,2580.52,ETH-25JUN27,put,2000.0,2027-06-25T08:00:00+00:00,0.798901239116251,0.085,0.088,0.086357,0.0865,2580.52,ETH-25JUN27,0.5665,-0.22463,6.91434,1802.0,1.0,0.002999999999999989,ETH,2500.72,224.88
2026-09-06T12:49:54.256465+00:00,ETH-25SEP26-2050-C,2506.45,ETH-25SEP26,call,2050.0,2026-09-25T08:00:00+00:00,0.05146797422918726,0.183,0.187,0.185024,0.185,2506.45,ETH-25SEP26,0.5658,0.94857,0.60009,19.0,0.0,0.0040000000000000036,ETH,2500.74,0.0
2026-09-06T12:49:54.256465+00:00,ETH-8SEP26-2300-C,2500.93,ETH-8SEP26,call,2300.0,2026-09-08T08:00:00+00:00,0.004924510847941542,0.077,0.083,0.080558,0.08,2500.93,ETH-8SEP26,0.5585,0.98463,0.06789,0.0,0.0,0.006000000000000005,ETH,2500.74,0.0
2026-09-06T12:49:54.256465+00:00,ETH-25DEC26-2700-P,2525.61,ETH-25DEC26,put,2700.0,2026-12-25T08:00:00+00:00,0.3006123958582085,0.1565,0.158,0.15666,0.15725,2525.61,ETH-25DEC26,0.5275,-0.5341,5.50682,788.0,0.0,0.0015000000000000013,ETH,2500.74,0.0
2026-09-06T12:49:54.256465+00:00,ETH-25SEP26-7500-C,2506.45,ETH-25SEP26,call,7500.0,2026-09-25T08:00:00+00:00,0.05146797422918726,,0.0001,3e-06,,2506.45,ETH-25SEP26,1.1895,4e-05,0.00103,2159.0,0.0,,ETH,2500.74,0.0
2026-09-06T12:49:54.256465+00:00,ETH-25SEP26-6800-P,2506.46,ETH-25SEP26,put,6800.0,2026-09-25T08:00:00+00:00,0.05146797422918726,1.704,1.725,1.713025,1.7145,2506.46,ETH-25SEP26,1.1040999999999999,-0.99994,0.00133,0.0,0.0,0.02100000000000013,ETH,2500.74,0.0
2026-09-06T12:49:54.256465+00:00,ETH-27NOV26-2650-P,2519.45,ETH-27NOV26,put,2650.0,2026-11-27T08:00:00+00:00,0.22395257381850964,0.129,0.1305,0.129234,0.12975,2519.45,ETH-27NOV26,0.5238,-0.53154,4.74395,100.0,0.0,0.0015000000000000013,ETH,2500.74,0.0
2026-09-06T12:49:54.256465+00:00,ETH-10SEP26-2660-C,2501.54,ETH-10SEP26,call,2660.0,2026-09-10T08:00:00+00:00,0.010400212422205745,0.0028,0.0033,0.002991,0.00305,2501.54,ETH-10SEP26,0.5034000000000001,0.12143,0.51475,0.0,0.0,0.0005,ETH,2500.74,0.0
2026-09-06T12:49:54.256465+00:00,ETH-7SEP26-2620-C,2500.67,ETH-7SEP26,call,2620.0,2026-09-07T08:00:00+00:00,0.0021866600608094404,0.0003,0.0006,0.00041,0.00045,2500.67,ETH-7SEP26,0.5623,0.03965,0.10001,852.0,889.0,0.0003,ETH,2500.74,1261.46
2026-09-06T12:49:54.256465+00:00,ETH-25DEC26-7000-C,2525.59,ETH-25DEC26,call,7000.0,2026-12-25T08:00:00+00:00,0.3006123958582085,0.001,0.0016,0.00126,0.0013,2525.59,ETH-25DEC26,0.7384999999999999,0.01033,0.37987,3002.0,0.0,0.0006000000000000001,ETH,2500.74,0.0
2026-09-06T12:49:54.256465+00:00,ETH-25SEP26-2250-P,2506.46,ETH-25SEP26,put,2250.0,2026-09-25T08:00:00+00:00,0.05146797422918726,0.0095,0.0105,0.010064,0.01,2506.46,ETH-25SEP26,0.5046,-0.15838,1.37494,4453.0,1.0,0.0010000000000000009,ETH,2500.74,26.22
2026-09-06T12:49:54.256465+00:00,ETH-8SEP26-2400-P,2500.92,ETH-8SEP26,put,2400.0,2026-09-08T08:00:00+00:00,0.004924510847941542,0.0008,0.0011,0.000937,0.00095,2500.92,ETH-8SEP26,0.4072,-0.07201,0.24084,480.0,378.0,0.00030000000000000003,ETH,2500.74,1197.98
2026-09-06T12:49:54.256465+00:00,ETH-11SEP26-2350-C,2501.82,ETH-11SEP26,call,2350.0,2026-09-11T08:00:00+00:00,0.013138063209337846,0.0615,0.0655,0.063334,0.0635,2501.82,ETH-11SEP26,0.44630000000000003,0.8947,0.52269,186.0,0.0,0.0040000000000000036,ETH,2500.74,0.0
2026-09-06T12:49:54.256465+00:00,ETH-25DEC26-1800-P,2525.59,ETH-25DEC26,put,1800.0,2026-12-25T08:00:00+00:00,0.3006123958582085,0.0185,0.02,0.019278,0.01925,2525.59,ETH-25DEC26,0.5770000000000001,-0.10953,2.59714,5257.0,0.0,0.0015000000000000013,ETH,2500.74,0.0
2026-09-06T12:49:54.256465+00:00,ETH-18SEP26-3000-C,2504.09,ETH-18SEP26,call,3000.0,2026-09-18T08:00:00+00:00,0.032303018719262555,0.0027,0.0031,0.00293,0.0029,2504.09,ETH-18SEP26,0.631,0.06231,0.55244,724.0,40.0,0.00039999999999999975,ETH,2500.73,299.64
2026-09-06T12:49:54.256465+00:00,ETH-27NOV26-3600-C,2519.45,ETH-27NOV26,call,3600.0,2026-11-27T08:00:00+00:00,0.22395257381850964,0.0145,0.015,0.014933,0.01475,2519.45,ETH-27NOV26,0.5809000000000001,0.12306,2.42881,1721.0,8.0,0.0004999999999999987,ETH,2500.73,274.97
2026-09-06T12:49:54.256465+00:00,ETH-25JUN27-1400-P,2580.52,ETH-25JUN27,put,1400.0,2027-06-25T08:00:00+00:00,0.798901239116251,0.0265,0.029,0.027641,0.02775,2580.52,ETH-25JUN27,0.6235,-0.08442,3.57253,1801.0,0.0,0.0025000000000000022,ETH,2500.74,0.0
2026-09-06T12:49:54.256465+00:00,ETH-10SEP26-2560-C,2501.54,ETH-10SEP26,call,2560.0,2026-09-10T08:00:00+00:00,0.010400212422205745,0.0085,0.0095,0.008716,0.009,2501.54,ETH-10SEP26,0.4385,0.31185,0.90262,100.0,100.0,0.0009999999999999992,ETH,2500.73,1996.67
2026-09-06T12:49:54.256465+00:00,ETH-8SEP26-2680-C,2500.93,ETH-8SEP26,call,2680.0,2026-09-08T08:00:00+00:00,0.004924510847941542,0.0004,0.0008,0.000565,0.0006,2500.93,ETH-8SEP26,0.5471,0.0377,0.14413,122.0,125.0,0.0004,ETH,2500.73,245.53
2026-09-06T12:49:54.256465+00:00,ETH-25JUN27-1600-C,2580.5,ETH-25JUN27,call,1600.0,2027-06-25T08:00:00+00:00,0.798901239116251,0.4195,0.425,0.421765,0.42225,2580.5,ETH-25JUN27,0.5978,0.87733,4.68813,379.0,0.0,0.005500000000000005,ETH,2500.74,0.0
2026-09-06T12:49:54.256465+00:00,ETH-27NOV26-2950-C,2519.45,ETH-27NOV26,call,2950.0,2026-11-27T08:00:00+00:00,0.22395257381850964,0.044,0.0455,0.044615,0.04475,2519.45,ETH-27NOV26,0.5367000000000001,0.3109,4.21371,150.0,0.0,0.0015000000000000013,ETH,2500.73,0.0
2026-09-06T12:49:54.256465+00:00,ETH-27NOV26-2750-C,2519.45,ETH-27NOV26,call,2750.0,2026-11-27T08:00:00+00:00,0.22395257381850964,0.0635,0.065,0.06437,0.06425,2519.45,ETH-27NOV26,0.5271,0.41079,4.6394,533.0,0.0,0.0015000000000000013,ETH,2500.73,0.0
2026-09-06T12:49:54.256465+00:00,ETH-25DEC26-5000-C,2525.58,ETH-25DEC26,call,5000.0,2026-12-25T08:00:00+00:00,0.3006123958582085,0.0048,0.0055,0.005099,0.00515,2525.58,ETH-25DEC26,0.6467,0.04026,1.20013,4228.0,0.0,0.0007000000000000001,ETH,2500.73,0.0
2026-09-06T12:49:54.256465+00:00,ETH-26MAR27-2900-P,2551.73,ETH-26MAR27,put,2900.0,2027-03-26T08:00:00+00:00,0.5497568174872297,0.245,0.2515,0.248352,0.24825,2551.73,ETH-26MAR27,0.5471,-0.54457,7.50453,258.0,0.0,0.006500000000000006,ETH,2500.73,0.0
2026-09-06T12:49:54.256465+00:00,ETH-7SEP26-2480-C,2500.67,ETH-7SEP26,call,2480.0,2026-09-07T08:00:00+00:00,0.0021866600608094404,0.01,0.012,0.011099,0.011,2500.67,ETH-7SEP26,0.32880000000000004,0.71132,0.39925,280.0,14.0,0.002,ETH,2500.73,183.71
2026-09-06T12:49:54.256465+00:00,ETH-9SEP26-2280-C,2501.25,ETH-9SEP26,call,2280.0,2026-09-09T08:00:00+00:00,0.0076623616350736425,0.0865,0.091,0.08889,0.08875,2501.25,ETH-9SEP26,0.5435,0.97577,0.12466,0.0,0.0,0.004500000000000004,ETH,2500.73,0.0
2026-09-06T12:49:54.256465+00:00,ETH-25JUN27-4500-C,2580.52,ETH-25JUN27,call,4500.0,2027-06-25T08:00:00+00:00,0.798901239116251,0.0475,0.05,0.048671,0.04875,2580.52,ETH-25JUN27,0.5805,0.2085,6.62257,1489.0,0.0,0.0025000000000000022,ETH,2500.73,0.0
2026-09-06T12:49:54.256465+00:00,ETH-25SEP26-4500-C,2506.45,ETH-25SEP26,call,4500.0,2026-09-25T08:00:00+00:00,0.05146797422918726,,0.0002,0.000153,,2506.45,ETH-25SEP26,0.8931,0.00267,0.04689,8196.0,1.0,,ETH,2500.73,0.25
2026-09-06T12:49:54.256465+00:00,ETH-25SEP26-2750-P,2506.45,ETH-25SEP26,put,2750.0,2026-09-25T08:00:00+00:00,0.05146797422918726,0.1105,0.1155,0.112937,0.113,2506.45,ETH-25SEP26,0.5278,-0.76208,1.76011,0.0,0.0,0.0050000000000000044,ETH,2500.73,0.0
2026-09-06T12:49:54.256465+00:00,ETH-27NOV26-2900-C,2519.45,ETH-27NOV26,call,2900.0,2026-11-27T08:00:00+00:00,0.22395257381850964,0.048,0.0495,0.048877,0.04875,2519.45,ETH-27NOV26,0.5341,0.33382,4.33979,137.0,0.0,0.0015000000000000013,ETH,2500.73,0.0
2026-09-06T12:49:54.256465+00:00,ETH-26MAR27-4400-P,2551.75,ETH-26MAR27,put,4400.0,2027-03-26T08:00:00+00:00,0.5497568174872297,0.7375,0.766,0.751849,0.75175,2551.75,ETH-26MAR27,0.5820000000000001,-0.8522,4.3702,2.0,0.0,0.02849999999999997,ETH,2500.73,0.0
2026-09-06T12:49:54.256465+00:00,ETH-9SEP26-2580-C,2501.25,ETH-9SEP26,call,2580.0,2026-09-09T08:00:00+00:00,0.0076623616350736425,0.0043,0.0047,0.004455,0.0045,2501.25,ETH-9SEP26,0.43200000000000005,0.21267,0.63583,23.0,23.0,0.0004000000000000002,ETH,2500.73,176.71
2026-09-06T12:49:54.256465+00:00,ETH-30OCT26-1600-P,2512.18,ETH-30OCT26,put,1600.0,2026-10-30T08:00:00+00:00,0.1472927517788108,0.0026,0.0032,0.00291,0.0029,2512.18,ETH-30OCT26,0.6557999999999999,-0.02753,0.61105,2120.0,11.0,0.0006000000000000003,ETH,2500.73,82.91
2026-09-06T12:49:54.256465+00:00,ETH-25JUN27-4200-C,2580.52,ETH-25JUN27,call,4200.0,2027-06-25T08:00:00+00:00,0.798901239116251,0.0575,0.0605,0.05899,0.059,2580.52,ETH-25JUN27,0.5746,0.24479,7.25103,574.0,0.0,0.0029999999999999957,ETH,2500.73,0.0
2026-09-06T12:49:54.256465+00:00,ETH-25SEP26-7000-C,2506.45,ETH-25SEP26,call,7000.0,2026-09-25T08:00:00+00:00,0.05146797422918726,,0.0002,3e-06,,2506.45,ETH-25SEP26,1.1240999999999999,5e-05,0.00114,2135.0,0.0,,ETH,2500.74,0.0
2026-09-06T12:49:54.256465+00:00,ETH-7SEP26-2640-C,2500.65,ETH-7SEP26,call,2640.0,2026-09-07T08:00:00+00:00,0.0021866600608094404,0.0002,0.0004,0.000261,0.0003,2500.65,ETH-7SEP26,0.5893999999999999,0.02566,0.06982,619.0,626.0,0.0002,ETH,2500.74,237.95
2026-09-06T12:49:54.256465+00:00,ETH-27NOV26-2500-P,2519.45,ETH-27NOV26,put,2500.0,2026-11-27T08:00:00+00:00,0.22395257381850964,0.0935,0.095,0.094021,0.09425,2519.45,ETH-27NOV26,0.5213,-0.43825,4.70175,422.0,0.0,0.0015000000000000013,ETH,2500.74,0.0
2026-09-06T12:49:54.256465+00:00,ETH-25SEP26-11000-P,2506.45,ETH-25SEP26,put,11000.0,2026-09-25T08:00:00+00:00,0.05146797422918726,3.373,3.4075,3.388714,3.39025,2506.45,ETH-25SEP26,1.5529,-0.99997,0.0007,0.0,0.0,0.034499999999999975,ETH,2500.74,0.0
2026-09-06T12:49:54.256465+00:00,ETH-11SEP26-2250-C,2501.82,ETH-11SEP26,call,2250.0,2026-09-11T08:00:00+00:00,0.013138063209337846,0.1,0.103,0.101707,0.1015,2501.82,ETH-11SEP26,0.5414,0.95933,0.25057,279.0,0.0,0.002999999999999989,ETH,2500.74,0.0
2026-09-06T12:49:54.256465+00:00,ETH-18SEP26-2650-C,2504.08,ETH-18SEP26,call,2650.0,2026-09-18T08:00:00+00:00,0.032303018719262555,0.0155,0.0165,0.015835,0.016,2504.08,ETH-18SEP26,0.5164,0.28721,1.53423,1387.0,2.0,0.0010000000000000009,ETH,2500.74,67.17
2026-09-06T12:49:54.256465+00:00,ETH-25SEP26-3300-P,2506.46,ETH-25SEP26,put,3300.0,2026-09-25T08:00:00+00:00,0.05146797422918726,0.3145,0.3245,0.318904,0.3195,2506.46,ETH-25SEP26,0.6629999999999999,-0.9601,0.48922,3.0,0.0,0.010000000000000009,ETH,2500.74,0.0
2026-09-06T12:49:54.256465+00:00,ETH-26MAR27-1000-C,2551.75,ETH-26MAR27,call,1000.0,2027-03-26T08:00:00+00:00,0.5497568174872297,0.6125,0.6155,0.61419,0.614,2551.75,ETH-26MAR27,0.7418,0.97603,1.06805,269.0,0.0,0.0030000000000000027,ETH,2500.74,0.0
2026-09-06T12:49:54.256465+00:00,ETH-25JUN27-3300-C,2580.52,ETH-25JUN27,call,3300.0,2027-06-25T08:00:00+00:00,0.798901239116251,0.11,0.1135,0.111886,0.11175,2580.52,ETH-25JUN27,0.5604,0.40516,8.94476,2273.0,0.0,0.003500000000000003,ETH,2500.74,0.0
2026-09-06T12:49:54.256465+00:00,ETH-27NOV26-4000-C,2519.45,ETH-27NOV26,call,4000.0,2026-11-27T08:00:00+00:00,0.22395257381850964,0.008,0.009,0.00847,0.0085,2519.45,ETH-27NOV26,0.6114,0.07329,1.65901,77.0,0.0,0.0009999999999999992,ETH,2500.74,0.0
2026-09-06T12:49:54.256465+00:00,ETH-11SEP26-2420-P,2501.82,ETH-11SEP26,put,2420.0,2026-09-11T08:00:00+00:00,0.013138063209337846,0.0065,0.0075,0.006839,0.007,2501.82,ETH-11SEP26,0.419,-0.23595,0.8835,0.0,0.0,0.001,ETH,2500.74,0.0
2026-09-06T12:49:54.256465+00:00,ETH-9SEP26-2280-P,2501.25,ETH-9SEP26,put,2280.0,2026-09-09T08:00:00+00:00,0.0076623616350736425,0.0003,0.0006,0.000445,0.00045,2501.25,ETH-9SEP26,0.5435,-0.02422,0.12464,13.0,0.0,0.0003,ETH,2500.74,0.0
2026-09-06T12:49:54.256465+00:00,ETH-25JUN27-1500-C,2580.5,ETH-25JUN27,call,1500.0,2027-06-25T08:00:00+00:00,0.798901239116251,0.45,0.4565,0.452884,0.45325,2580.5,ETH-25JUN27,0.6099,0.89756,4.12156,50.0,0.0,0.006500000000000006,ETH,2500.74,0.0
2026-09-06T12:49:54.256465+00:00,ETH-25SEP26-8000-C,2506.45,ETH-25SEP26,call,8000.0,2026-09-25T08:00:00+00:00,0.05146797422918726,,0.0001,2e-06,,2506.45,ETH-25SEP26,1.2502,4e-05,0.00094,1654.0,0.0,,ETH,2500.74,0.0
2026-09-06T12:49:54.256465+00:00,ETH-9SEP26-2580-P,2501.25,ETH-9SEP26,put,2580.0,2026-09-09T08:00:00+00:00,0.0076623616350736425,0.0345,0.037,0.035952,0.03575,2501.25,ETH-9SEP26,0.43200000000000005,-0.7873,0.63589,0.0,0.0,0.0024999999999999953,ETH,2500.74,0.0
2026-09-06T12:49:54.256465+00:00,ETH-25DEC26-6500-P,2525.59,ETH-25DEC26,put,6500.0,2026-12-25T08:00:00+00:00,0.3006123958582085,1.556,1.5945,1.575375,1.57525,2525.59,ETH-25DEC26,0.7190000000000001,-0.98608,0.49187,0.0,0.0,0.03849999999999998,ETH,2500.74,0.0
2026-09-06T12:49:54.256465+00:00,ETH-25SEP26-4200-P,2506.46,ETH-25SEP26,put,4200.0,2026-09-25T08:00:00+00:00,0.05146797422918726,0.671,0.683,0.676,0.677,2506.46,ETH-25SEP26,0.8575,-0.99468,0.08693,551.0,0.0,0.01200000000000001,ETH,2500.74,0.0
2026-09-06T12:49:54.256465+00:00,ETH-26MAR27-3600-C,2551.75,ETH-26MAR27,call,3600.0,2027-03-26T08:00:00+00:00,0.5497568174872297,0.0545,0.057,0.055803,0.05575,2551.75,ETH-26MAR27,0.5606,0.26783,6.23359,2292.0,1.0,0.0025000000000000022,ETH,2500.74,142.56
2026-09-06T12:49:54.256465+00:00,ETH-26MAR27-3400-P,2551.75,ETH-26MAR27,put,3400.0,2027-03-26T08:00:00+00:00,0.5497568174872297,0.3885,0.4115,0.400067,0.4,2551.75,ETH-26MAR27,0.5559000000000001,-0.68779,6.6988,6.0,0.0,0.022999999999999965,ETH,2500.74,0.0
2026-09-06T12:49:54.256465+00:00,ETH-30OCT26-1400-C,2512.19,ETH-30OCT26,call,1400.0,2026-10-30T08:00:00+00:00,0.1472927517788108,0.443,0.4465,0.44412,0.44475,2512.19,ETH-30OCT26,0.7312000000000001,0.98692,0.32454,50.0,0.0,0.003500000000000003,ETH,2500.74,0.0
2026-09-06T12:49:54.256465+00:00,ETH-25DEC26-2600-C,2525.59,ETH-25DEC26,call,2600.0,2026-12-25T08:00:00+00:00,0.3006123958582085,0.101,0.1025,0.10207,0.10175,2525.59,ETH-25DEC26,0.5252,0.51748,5.52175,9741.0,11.0,0.0014999999999999875,ETH,2500.74,2725.67
2026-09-06T12:49:54.256465+00:00,ETH-10SEP26-2700-P,2501.54,ETH-10SEP26,put,2700.0,2026-09-10T08:00:00+00:00,0.010400212422205745,0.078,0.086,0.081414,0.082,2501.54,ETH-10SEP26,0.534,-0.91488,0.3975,0.0,0.0,0.007999999999999993,ETH,2500.74,0.0
2026-09-06T12:49:54.256465+00:00,ETH-25JUN27-2400-C,2580.52,ETH-25JUN27,call,2400.0,2027-06-25T08:00:00+00:00,0.798901239116251,0.2245,0.229,0.226577,0.22675,2580.52,ETH-25JUN27,0.5566,0.65353,8.5157,907.0,0.0,0.004500000000000004,ETH,2500.74,0.0
2026-09-06T12:49:54.256465+00:00,ETH-25JUN27-5000-C,2580.52,ETH-25JUN27,call,5000.0,2027-06-25T08:00:00+00:00,0.798901239116251,0.035,0.0375,0.036128,0.03625,2580.52,ETH-25JUN27,0.5907,0.16156,5.65048,2381.0,0.0,0.0024999999999999953,ETH,2500.74,0.0
2026-09-06T12:49:54.256465+00:00,ETH-25JUN27-2500-P,2580.52,ETH-25JUN27,put,2500.0,2027-06-25T08:00:00+00:00,0.798901239116251,0.1765,0.18,0.178118,0.17825,2580.52,ETH-25JUN27,0.5563,-0.37724,8.7668,1150.0,1.0,0.003500000000000003,ETH,2500.74,439.34
2026-09-06T12:49:54.256465+00:00,ETH-18SEP26-2100-C,2504.08,ETH-18SEP26,call,2100.0,2026-09-18T08:00:00+00:00,0.032303018719262555,0.161,0.1655,0.162921,0.16325,2504.08,ETH-18SEP26,0.5643,0.96312,0.36313,0.0,0.0,0.004500000000000004,ETH,2500.73,0.0
2026-09-06T12:49:54.256465+00:00,ETH-30OCT26-1850-P,2512.18,ETH-30OCT26,put,1850.0,2026-10-30T08:00:00+00:00,0.1472927517788108,0.007,0.008,0.007512,0.0075,2512.18,ETH-30OCT26,0.5825,-0.06934,1.28573,1324.0,1.0,0.001,ETH,2500.74,18.79
2026-09-06T12:49:54.256465+00:00,ETH-18SEP26-2400-C,2504.08,ETH-18SEP26,call,2400.0,2026-09-18T08:00:00+00:00,0.032303018719262555,0.057,0.0595,0.058512,0.05825,2504.08,ETH-18SEP26,0.4806,0.70401,1.55593,162.0,0.0,0.0024999999999999953,ETH,2500.73,0.0
2026-09-06T12:49:54.256465+00:00,ETH-25SEP26-2650-P,2506.45,ETH-25SEP26,put,2650.0,2026-09-25T08:00:00+00:00,0.05146797422918726,0.0805,0.0825,0.081426,0.0815,2506.45,ETH-25SEP26,0.5092,-0.6638,2.07545,0.0,0.0,0.0020000000000000018,ETH,2500.73,0.0
2026-09-06T12:49:54.256465+00:00,ETH-10SEP26-2360-C,2501.54,ETH-10SEP26,call,2360.0,2026-09-10T08:00:00+00:00,0.010400212422205745,0.057,0.0615,0.05862,0.05925,2501.54,ETH-10SEP26,0.44329999999999997,0.90566,0.42909,0.0,0.0,0.004499999999999997,ETH,2500.73,0.0
2026-09-06T12:49:54.256465+00:00,ETH-25DEC26-4200-C,2525.59,ETH-25DEC26,call,4200.0,2026-12-25T08:00:00+00:00,0.3006123958582085,0.0105,0.0115,0.01096,0.011,2525.59,ETH-25DEC26,0.5984,0.08304,2.11839,5295.0,0.0,0.0009999999999999992,ETH,2500.73,0.0
2026-09-06T12:49:54.256465+00:00,ETH-7SEP26-2580-P,2500.67,ETH-7SEP26,put,2580.0,2026-09-07T08:00:00+00:00,0.0021866600608094404,0.029,0.0365,0.032614,0.03275,2500.67,ETH-7SEP26,0.4841,-0.91344,0.18439,0.0,0.0,0.007499999999999996,ETH,2500.72,0.0
2026-09-06T12:49:54.256465+00:00,ETH-30OCT26-2550-C,2512.18,ETH-30OCT26,call,2550.0,2026-10-30T08:00:00+00:00,0.1472927517788108,0.071,0.072,0.071523,0.0715,2512.18,ETH-30OCT26,0.5115999999999999,0.50916,3.84725,1490.0,0.0,0.0010000000000000009,ETH,2500.73,0.0
2026-09-06T12:49:54.256465+00:00,ETH-25SEP26-8500-C,2506.46,ETH-25SEP26,call,8500.0,2026-09-25T08:00:00+00:00,0.05146797422918726,,0.0001,2e-06,,2506.46,ETH-25SEP26,1.3075,4e-05,0.00087,1699.0,0.0,,ETH,2500.72,0.0
2026-09-06T12:49:54.256465+00:00,ETH-27NOV26-2600-C,2519.45,ETH-27NOV26,call,2600.0,2026-11-27T08:00:00+00:00,0.22395257381850964,0.084,0.0855,0.084836,0.08475,2519.45,ETH-27NOV26,0.5226,0.49884,4.75885,197.0,0.0,0.0015000000000000013,ETH,2500.72,0.0
2026-09-06T12:49:54.256465+00:00,ETH-26MAR27-5000-P,2551.75,ETH-26MAR27,put,5000.0,2027-03-26T08:00:00+00:00,0.5497568174872297,0.9605,0.993,0.976919,0.97675,2551.75,ETH-26MAR27,0.5999,-0.90131,3.2903,0.0,0.0,0.03249999999999997,ETH,2500.72,0.0
2026-09-06T12:49:54.256465+00:00,ETH-25SEP26-4500-P,2506.45,ETH-25SEP26,put,4500.0,2026-09-25T08:00:00+00:00,0.05146797422918726,0.7905,0.8035,0.795535,0.797,2506.45,ETH-25SEP26,0.8931,-0.99733,0.04689,6.0,0.0,0.013000000000000012,ETH,2500.72,0.0
2026-09-06T12:49:54.256465+00:00,ETH-10SEP26-2750-P,2501.54,ETH-10SEP26,put,2750.0,2026-09-10T08:00:00+00:00,0.010400212422205745,0.097,0.105,0.10069,0.101,2501.54,ETH-10SEP26,0.5727,-0.94397,0.28806,0.0,0.0,0.007999999999999993,ETH,2500.72,0.0
2026-09-06T12:49:54.256465+00:00,ETH-30OCT26-3200-C,2512.18,ETH-30OCT26,call,3200.0,2026-10-30T08:00:00+00:00,0.1472927517788108,0.0155,0.0165,0.015967,0.016,2512.18,ETH-30OCT26,0.5622,0.15565,2.30495,5040.0,140.0,0.0010000000000000009,ETH,2500.72,5632.61
2026-09-06T12:49:54.256465+00:00,ETH-18SEP26-2000-C,2504.08,ETH-18SEP26,call,2000.0,2026-09-18T08:00:00+00:00,0.032303018719262555,0.2005,0.204,0.202199,0.20225,2504.08,ETH-18SEP26,0.6308,0.97937,0.2238,18.0,0.0,0.0034999999999999754,ETH,2500.72,0.0
2026-09-06T12:49:54.256465+00:00,ETH-26MAR27-800-C,2551.73,ETH-26MAR27,call,800.0,2027-03-26T08:00:00+00:00,0.5497568174872297,0.6885,0.6915,0.689862,0.69,2551.73,ETH-26MAR27,0.8126000000000001,0.987,0.63383,0.0,0.0,0.0030000000000000027,ETH,2500.72,0.0
2026-09-06T12:49:54.256465+00:00,ETH-26MAR27-4400-C,2551.75,ETH-26MAR27,call,4400.0,2027-03-26T08:00:00+00:00,0.5497568174872297,0.0265,0.0285,0.027515,0.0275,2551.75,ETH-26MAR27,0.5820000000000001,0.1478,4.37012,1063.0,0.0,0.0020000000000000018,ETH,2500.72,0.0
2026-09-06T12:49:54.256465+00:00,ETH-25DEC26-3000-P,2525.58,ETH-25DEC26,put,3000.0,2026-12-25T08:00:00+00:00,0.3006123958582085,0.2335,0.25,0.242952,0.24175,2525.58,ETH-25DEC26,0.5365,-0.66904,5.02312,781.0,0.0,0.016499999999999987,ETH,2500.72,0.0
2026-09-06T12:49:54.256465+00:00,ETH-8SEP26-2520-P,2500.93,ETH-8SEP26,put,2520.0,2026-09-08T08:00:00+00:00,0.004924510847941542,0.0135,0.015,0.014235,0.01425,2500.93,ETH-8SEP26,0.3544,-0.61289,0.67199,10.0,10.0,0.0014999999999999996,ETH,2500.72,307.77
2026-09-06T12:49:54.256465+00:00,ETH-25SEP26-2500-P,2506.45,ETH-25SEP26,put,2500.0,2026-09-25T08:00:00+00:00,0.05146797422918726,0.043,0.044,0.043163,0.0435,2506.45,ETH-25SEP26,0.4917,-0.46802,2.26223,4553.0,41.0,0.0010000000000000009,ETH,2500.72,4567.03
2026-09-06T12:49:54.256465+00:00,ETH-25SEP26-13000-C,2506.45,ETH-25SEP26,call,13000.0,2026-09-25T08:00:00+00:00,0.05146797422918726,,0.0001,2e-06,,2506.45,ETH-25SEP26,1.7075,3e-05,0.00061,3307.0,0.0,,ETH,2500.72,0.0
2026-09-06T12:49:54.256465+00:00,ETH-25SEP26-7200-P,2506.45,ETH-25SEP26,put,7200.0,2026-09-25T08:00:00+00:00,0.05146797422918726,1.864,1.8855,1.872614,1.87475,2506.45,ETH-25SEP26,1.1496,-0.99995,0.00107,0.0,0.0,0.021499999999999853,ETH,2500.72,0.0
2026-09-06T12:49:54.256465+00:00,ETH-25JUN27-1900-P,2580.52,ETH-25JUN27,put,1900.0,2027-06-25T08:00:00+00:00,0.798901239116251,0.072,0.0745,0.072868,0.07325,2580.52,ETH-25JUN27,0.5719,-0.19637,6.38946,3367.0,0.0,0.0025000000000000022,ETH,2500.72,0.0
2026-09-06T12:49:54.256465+00:00,ETH-27NOV26-3400-P,2519.45,ETH-27NOV26,put,3400.0,2026-11-27T08:00:00+00:00,0.22395257381850964,0.361,0.378,0.369939,0.3695,2519.45,ETH-27NOV26,0.5657,-0.83765,2.93019,0.0,0.0,0.017000000000000015,ETH,2500.74,0.0
2026-09-06T12:49:54.256465+00:00,ETH-7SEP26-2420-C,2500.67,ETH-7SEP26,call,2420.0,2026-09-07T08:00:00+00:00,0.0021866600608094404,0.029,0.0355,0.032681,0.03225,2500.67,ETH-7SEP26,0.4313,0.94995,0.12065,1.0,0.0,0.006499999999999995,ETH,2500.74,0.0
2026-09-06T12:49:54.256465+00:00,ETH-25DEC26-4500-C,2525.58,ETH-25DEC26,call,4500.0,2026-12-25T08:00:00+00:00,0.3006123958582085,0.0075,0.0085,0.007966,0.008,2525.58,ETH-25DEC26,0.6159,0.06174,1.6876,3051.0,0.0,0.0010000000000000009,ETH,2500.72,0.0
2026-09-06T12:49:54.256465+00:00,ETH-9SEP26-2660-P,2501.25,ETH-9SEP26,put,2660.0,2026-09-09T08:00:00+00:00,0.0076623616350736425,0.062,0.0695,0.06523,0.06575,2501.25,ETH-9SEP26,0.5085000000000001,-0.91259,0.34796,0.0,0.0,0.007500000000000007,ETH,2500.72,0.0
2026-09-06T12:49:54.256465+00:00,ETH-30OCT26-1000-P,2512.21,ETH-30OCT26,put,1000.0,2026-10-30T08:00:00+00:00,0.1472927517788108,0.0001,0.0005,0.000244,0.0003,2512.21,ETH-30OCT26,0.8959,-0.00218,0.06619,1893.0,0.0,0.0004,ETH,2500.72,0.0
2026-09-06T12:49:54.256465+00:00,ETH-25JUN27-1400-C,2580.52,ETH-25JUN27,call,1400.0,2027-06-25T08:00:00+00:00,0.798901239116251,0.4825,0.488,0.485108,0.48525,2580.52,ETH-25JUN27,0.6235,0.91558,3.57249,50.0,0.0,0.005500000000000005,ETH,2500.72,0.0
2026-09-06T12:49:54.256465+00:00,ETH-26MAR27-2300-C,2551.75,ETH-26MAR27,call,2300.0,2027-03-26T08:00:00+00:00,0.5497568174872297,0.2055,0.209,0.207436,0.20725,2551.75,ETH-26MAR27,0.5484,0.67692,6.79635,7621.0,0.0,0.003500000000000003,ETH,2500.74,0.0
2026-09-06T12:49:54.256465+00:00,ETH-25SEP26-6400-C,2506.45,ETH-25SEP26,call,6400.0,2026-09-25T08:00:00+00:00,0.05146797422918726,,0.0002,5e-06,,2506.45,ETH-25SEP26,1.0674,9e-05,0.00202,2860.0,0.0,,ETH,2500.74,0.0
2026-09-06T12:49:54.256465+00:00,ETH-26MAR27-6000-C,2551.75,ETH-26MAR27,call,6000.0,2027-03-26T08:00:00+00:00,0.5497568174872297,0.0085,0.01,0.009212,0.00925,2551.75,ETH-26MAR27,0.629,0.05493,2.10348,5140.0,5.0,0.0014999999999999996,ETH,2500.74,106.41
2026-09-06T12:49:54.256465+00:00,ETH-25DEC26-3500-P,2525.59,ETH-25DEC26,put,3500.0,2026-12-25T08:00:00+00:00,0.3006123958582085,0.4015,0.4205,0.412209,0.411,2525.59,ETH-25DEC26,0.5592,-0.81859,3.6532,62.0,0.0,0.01899999999999996,ETH,2500.74,0.0
2026-09-06T12:49:54.256465+00:00,ETH-10SEP26-2460-C,2501.54,ETH-10SEP26,call,2460.0,2026-09-10T08:00:00+00:00,0.010400212422205745,0.0245,0.027,0.026125,0.02575,2501.54,ETH-10SEP26,0.4094,0.66477,0.92994,0.0,0.0,0.0024999999999999988,ETH,2500.74,0.0
2026-09-06T12:49:54.256465+00:00,ETH-11SEP26-2700-P,2501.82,ETH-11SEP26,put,2700.0,2026-09-11T08:00:00+00:00,0.013138063209337846,0.0795,0.0865,0.082483,0.083,2501.82,ETH-11SEP26,0.5349,-0.88683,0.55048,1.0,0.0,0.006999999999999992,ETH,2500.74,0.0
2026-09-06T12:49:54.256465+00:00,ETH-8SEP26-2540-C,2500.93,ETH-8SEP26,call,2540.0,2026-09-08T08:00:00+00:00,0.004924510847941542,0.0042,0.0048,0.004562,0.0045,2500.93,ETH-8SEP26,0.37549999999999994,0.28456,0.59545,415.0,103.0,0.0005999999999999998,ETH,2500.74,972.92
2026-09-06T12:49:54.256465+00:00,ETH-30OCT26-3400-P,2512.19,ETH-30OCT26,put,3400.0,2026-10-30T08:00:00+00:00,0.1472927517788108,0.356,0.371,0.364176,0.3635,2512.19,ETH-30OCT26,0.5859000000000001,-0.89104,1.8015,0.0,0.0,0.015000000000000013,ETH,2500.74,0.0
2026-09-06T12:49:54.256465+00:00,ETH-26MAR27-3500-P,2551.75,ETH-26MAR27,put,3500.0,2027-03-26T08:00:00+00:00,0.5497568174872297,0.4215,0.448,0.432984,0.43475,2551.75,ETH-26MAR27,0.5581,-0.71093,6.46988,24.0,0.0,0.026500000000000024,ETH,2500.74,0.0
2026-09-06T12:49:54.256465+00:00,ETH-25SEP26-3500-P,2506.45,ETH-25SEP26,put,3500.0,2026-09-25T08:00:00+00:00,0.05146797422918726,0.393,0.4035,0.39775,0.39825,2506.45,ETH-25SEP26,0.7112999999999999,-0.97653,0.31532,1121.0,0.0,0.01050000000000001,ETH,2500.74,0.0
2026-09-06T12:49:54.256465+00:00,ETH-25DEC26-5200-C,2525.58,ETH-25DEC26,call,5200.0,2026-12-25T08:00:00+00:00,0.3006123958582085,0.004,0.0047,0.004287,0.00435,2525.58,ETH-25DEC26,0.657,0.03412,1.04827,9215.0,0.0,0.0007000000000000001,ETH,2500.74,0.0
2026-09-06T12:49:54.256465+00:00,ETH-27NOV26-4400-C,2519.45,ETH-27NOV26,call,4400.0,2026-11-27T08:00:00+00:00,0.22395257381850964,0.005,0.006,0.005466,0.0055,2519.45,ETH-27NOV26,0.6476000000000001,0.04796,1.19002,110.0,0.0,0.001,ETH,2500.74,0.0
2026-09-06T12:49:54.256465+00:00,ETH-25SEP26-6500-C,2506.45,ETH-25SEP26,call,6500.0,2026-09-25T08:00:00+00:00,0.05146797422918726,,0.0002,5e-06,,2506.45,ETH-25SEP26,1.0823,9e-05,0.00196,1922.0,0.0,,ETH,2500.74,0.0
2026-09-06T12:49:54.256465+00:00,ETH-30OCT26-2250-C,2512.19,ETH-30OCT26,call,2250.0,2026-10-30T08:00:00+00:00,0.1472927517788108,0.1365,0.139,0.138153,0.13775,2512.19,ETH-30OCT26,0.5157,0.74429,3.10198,787.0,0.0,0.0025000000000000022,ETH,2500.74,0.0
2026-09-06T12:49:54.256465+00:00,ETH-8SEP26-2660-C,2500.92,ETH-8SEP26,call,2660.0,2026-09-08T08:00:00+00:00,0.004924510847941542,0.0006,0.0009,0.000734,0.00075,2500.92,ETH-8SEP26,0.5241,0.04904,0.17825,101.0,101.0,0.00030000000000000003,ETH,2500.74,255.92
2026-09-06T12:49:54.256465+00:00,ETH-30OCT26-1900-P,2512.19,ETH-30OCT26,put,1900.0,2026-10-30T08:00:00+00:00,0.1472927517788108,0.0085,0.0095,0.009029,0.009,2512.19,ETH-30OCT26,0.5693,-0.08257,1.46869,1372.0,100.0,0.0009999999999999992,ETH,2500.74,2230.6
2026-09-06T12:49:54.256465+00:00,ETH-30OCT26-2900-P,2512.19,ETH-30OCT26,put,2900.0,2026-10-30T08:00:00+00:00,0.1472927517788108,0.1785,0.192,0.185781,0.18525,2512.19,ETH-30OCT26,0.5343,-0.72459,3.22104,0.0,0.0,0.013500000000000012,ETH,2500.74,0.0
2026-09-06T12:49:54.256465+00:00,ETH-11SEP26-3200-C,2501.83,ETH-11SEP26,call,3200.0,2026-09-11T08:00:00+00:00,0.013138063209337846,0.0001,0.0003,0.000205,0.0002,2501.83,ETH-11SEP26,0.8506,0.00667,0.05355,5860.0,556.0,0.00019999999999999998,ETH,2500.74,160.12
2026-09-06T12:49:54.256465+00:00,ETH-25SEP26-2750-C,2506.46,ETH-25SEP26,call,2750.0,2026-09-25T08:00:00+00:00,0.05146797422918726,0.0155,0.0165,0.015759,0.016,2506.46,ETH-25SEP26,0.5278,0.23794,1.7602,468.0,430.0,0.0010000000000000009,ETH,2500.74,17282.18
2026-09-06T12:49:54.256465+00:00,ETH-25SEP26-2450-C,2506.45,ETH-25SEP26,call,2450.0,2026-09-25T08:00:00+00:00,0.05146797422918726,0.055,0.057,0.056055,0.056,2506.45,ETH-25SEP26,0.4905,0.6032,2.19316,2.0,0.0,0.0020000000000000018,ETH,2500.74,0.0
2026-09-06T12:49:54.256465+00:00,ETH-8SEP26-2200-P,2500.92,ETH-8SEP26,put,2200.0,2026-09-08T08:00:00+00:00,0.004924510847941542,,0.0003,0.000119,,2500.92,ETH-8SEP26,0.7489,-0.00678,0.03325,293.0,117.0,,ETH,2500.74,86.83
2026-09-06T12:49:54.256465+00:00,ETH-25SEP26-8000-P,2506.45,ETH-25SEP26,put,8000.0,2026-09-25T08:00:00+00:00,0.05146797422918726,2.182,2.2055,2.191793,2.19375,2506.45,ETH-25SEP26,1.2502,-0.99996,0.00094,0.0,0.0,0.023499999999999854,ETH,2500.89,0.0
2026-09-06T12:49:54.256465+00:00,ETH-8SEP26-2900-P,2500.92,ETH-8SEP26,put,2900.0,2026-09-08T08:00:00+00:00,0.004924510847941542,0.157,0.1645,0.15964,0.16075,2500.92,ETH-8SEP26,0.7746999999999999,-0.99645,0.0187,0.0,0.0,0.007500000000000007,ETH,2500.89,0.0
2026-09-06T12:49:54.256465+00:00,ETH-25SEP26-6800-C,2506.46,ETH-25SEP26,call,6800.0,2026-09-25T08:00:00+00:00,0.05146797422918726,,0.0001,3e-06,,2506.46,ETH-25SEP26,1.1040999999999999,6e-05,0.00133,1995.0,0.0,,ETH,2500.89,0.0
2026-09-06T12:49:54.256465+00:00,ETH-26MAR27-900-C,2551.75,ETH-26MAR27,call,900.0,2027-03-26T08:00:00+00:00,0.5497568174872297,0.6505,0.653,0.651961,0.65175,2551.75,ETH-26MAR27,0.7779,0.98191,0.84164,68.0,0.0,0.0025000000000000577,ETH,2500.89,0.0
2026-09-06T12:49:54.256465+00:00,ETH-25DEC26-4600-P,2525.59,ETH-25DEC26,put,4600.0,2026-12-25T08:00:00+00:00,0.3006123958582085,0.815,0.8395,0.828642,0.82725,2525.59,ETH-25DEC26,0.6228,-0.94336,1.57737,0.0,0.0,0.024500000000000077,ETH,2500.89,0.0
2026-09-06T12:49:54.256465+00:00,ETH-25SEP26-3600-C,2506.45,ETH-25SEP26,call,3600.0,2026-09-25T08:00:00+00:00,0.05146797422918726,0.001,0.0012,0.001098,0.0011,2506.45,ETH-25SEP26,0.7389,0.01901,0.26383,3530.0,500.0,0.00019999999999999987,ETH,2500.89,1378.93
2026-09-06T12:49:54.256465+00:00,ETH-7SEP26-2700-P,2500.67,ETH-7SEP26,put,2700.0,2026-09-07T08:00:00+00:00,0.0021866600608094404,0.0765,0.084,0.079801,0.08025,2500.67,ETH-7SEP26,0.6713,-0.99226,0.0249,0.0,0.0,0.007500000000000007,ETH,2500.97,0.0
2026-09-06T12:49:54.256465+00:00,ETH-25SEP26-4600-P,2506.46,ETH-25SEP26,put,4600.0,2026-09-25T08:00:00+00:00,0.05146797422918726,0.829,0.8435,0.835421,0.83625,2506.46,ETH-25SEP26,0.9159,-0.99757,0.04301,38.0,0.0,0.014500000000000068,ETH,2500.89,0.0
2026-09-06T12:49:54.256465+00:00,ETH-18SEP26-2100-P,2504.08,ETH-18SEP26,put,2100.0,2026-09-18T08:00:00+00:00,0.032303018719262555,0.0014,0.0015,0.001559,0.00145,2504.08,ETH-18SEP26,0.5643,-0.03679,0.36248,1476.0,20.0,0.00010000000000000005,ETH,2500.97,79.17
2026-09-06T12:49:54.256465+00:00,ETH-27NOV26-1800-C,2519.45,ETH-27NOV26,call,1800.0,2026-11-27T08:00:00+00:00,0.22395257381850964,0.296,0.3005,0.298078,0.29825,2519.45,ETH-27NOV26,0.5831000000000001,0.91261,1.89522,0.0,0.0,0.004500000000000004,ETH,2500.97,0.0
2026-09-06T12:49:54.256465+00:00,ETH-26MAR27-900-P,2551.73,ETH-26MAR27,put,900.0,2027-03-26T08:00:00+00:00,0.5497568174872297,0.0041,0.0055,0.004666,0.0048,2551.73,ETH-26MAR27,0.7779,-0.01809,0.84165,828.0,0.0,0.0013999999999999993,ETH,2500.97,0.0
2026-09-06T12:49:54.256465+00:00,ETH-10SEP26-2680-P,2501.54,ETH-10SEP26,put,2680.0,2026-09-10T08:00:00+00:00,0.010400212422205745,0.0705,0.078,0.073777,0.07425,2501.54,ETH-10SEP26,0.5157,-0.89963,0.44909,0.0,0.0,0.007500000000000007,ETH,2500.97,0.0
2026-09-06T12:49:54.256465+00:00,ETH-10SEP26-2800-C,2501.54,ETH-10SEP26,call,2800.0,2026-09-10T08:00:00+00:00,0.010400212422205745,0.0008,0.0011,0.000956,0.00095,2501.54,ETH-10SEP26,0.6152000000000001,0.0391,0.21589,1.0,1.0,0.00030000000000000003,ETH,2500.97,1.75
2026-09-06T12:49:54.256465+00:00,ETH-25JUN27-2600-P,2580.52,ETH-25JUN27,put,2600.0,2027-06-25T08:00:00+00:00,0.798901239116251,0.199,0.203,0.200669,0.201,2580.52,ETH-25JUN27,0.5555,-0.40761,8.95898,75.0,0.0,0.0040000000000000036,ETH,2500.97,0.0
2026-09-06T12:49:54.256465+00:00,ETH-18SEP26-2500-P,2504.08,ETH-18SEP26,put,2500.0,2026-09-18T08:00:00+00:00,0.032303018719262555,0.0335,0.0345,0.03401,0.034,2504.08,ETH-18SEP26,0.486,-0.47414,1.7926,1876.0,2.0,0.0010000000000000009,ETH,2500.97,164.24
2026-09-06T12:49:54.256465+00:00,ETH-11SEP26-2520-P,2501.84,ETH-11SEP26,put,2520.0,2026-09-11T08:00:00+00:00,0.013138063209337846,0.023,0.0245,0.023849,0.02375,2501.84,ETH-11SEP26,0.43579999999999997,-0.54591,1.13691,0.0,0.0,0.0015000000000000013,ETH,2500.97,0.0
2026-09-06T12:49:54.256465+00:00,ETH-25SEP26-15000-P,2506.45,ETH-25SEP26,put,15000.0,2026-09-25T08:00:00+00:00,0.05146797422918726,4.964,5.015,4.984609,4.9895,2506.45,ETH-25SEP26,1.8378999999999999,-0.99998,0.00055,0.0,0.0,0.05099999999999927,ETH,2500.97,0.0
2026-09-06T12:49:54.256465+00:00,ETH-30OCT26-3100-P,2512.19,ETH-30OCT26,put,3100.0,2026-10-30T08:00:00+00:00,0.1472927517788108,0.2465,0.261,0.253904,0.25375,2512.19,ETH-30OCT26,0.5527000000000001,-0.81154,2.60482,0.0,0.0,0.014500000000000013,ETH,2500.97,0.0
2026-09-06T12:49:54.256465+00:00,ETH-7SEP26-2340-C,2500.67,ETH-7SEP26,call,2340.0,2026-09-07T08:00:00+00:00,0.0021866600608094404,0.061,0.067,0.064283,0.064,2500.67,ETH-7SEP26,0.5578,0.99492,0.01716,0.0,0.0,0.006000000000000005,ETH,2500.97,0.0
2026-09-06T12:49:54.256465+00:00,ETH-25SEP26-12000-P,2506.45,ETH-25SEP26,put,12000.0,2026-09-25T08:00:00+00:00,0.05146797422918726,3.7725,3.8085,3.787688,3.7905,2506.45,ETH-25SEP26,1.6338,-0.99997,0.00065,0.0,0.0,0.03600000000000003,ETH,2500.97,0.0
2026-09-06T12:49:54.256465+00:00,ETH-8SEP26-2750-P,2500.92,ETH-8SEP26,put,2750.0,2026-09-08T08:00:00+00:00,0.004924510847941542,0.0965,0.1045,0.099898,0.1005,2500.92,ETH-8SEP26,0.6401,-0.98153,0.07944,0.0,0.0,0.007999999999999993,ETH,2500.97,0.0
2026-09-06T12:49:54.256465+00:00,ETH-30OCT26-2300-P,2512.19,ETH-30OCT26,put,2300.0,2026-10-30T08:00:00+00:00,0.1472927517788108,0.0395,0.0405,0.040202,0.04,2512.19,ETH-30OCT26,0.5123,-0.29173,3.31143,8042.0,0.0,0.0010000000000000009,ETH,2500.97,0.0
2026-09-06T12:49:54.256465+00:00,ETH-30OCT26-3600-P,2512.21,ETH-30OCT26,put,3600.0,2026-10-30T08:00:00+00:00,0.1472927517788108,0.435,0.4475,0.440465,0.44125,2512.21,ETH-30OCT26,0.6089,-0.92237,1.40194,17.0,0.0,0.012500000000000011,ETH,2500.97,0.0
2026-09-06T12:49:54.256465+00:00,ETH-7SEP26-2420-P,2500.67,ETH-7SEP26,put,2420.0,2026-09-07T08:00:00+00:00,0.0021866600608094404,0.0003,0.0006,0.000433,0.00045,2500.67,ETH-7SEP26,0.4313,-0.04959,0.11977,288.0,431.0,0.0003,ETH,2500.97,843.62
2026-09-06T12:49:54.256465+00:00,ETH-10SEP26-2200-C,2501.55,ETH-10SEP26,call,2200.0,2026-09-10T08:00:00+00:00,0.010400212422205745,0.119,0.123,0.120857,0.121,2501.55,ETH-10SEP26,0.5885,0.98514,0.09585,0.0,0.0,0.0040000000000000036,ETH,2500.97,0.0
2026-09-06T12:49:54.256465+00:00,ETH-27NOV26-2100-P,2519.45,ETH-27NOV26,put,2100.0,2026-11-27T08:00:00+00:00,0.22395257381850964,0.0315,0.033,0.032251,0.03225,2519.45,ETH-27NOV26,0.5381,-0.19958,3.33564,519.0,0.0,0.0015000000000000013,ETH,2500.97,0.0
2026-09-06T12:49:54.256465+00:00,ETH-25DEC26-3000-C,2525.61,ETH-25DEC26,call,3000.0,2026-12-25T08:00:00+00:00,0.3006123958582085,0.0545,0.056,0.055108,0.05525,2525.61,ETH-25DEC26,0.5365,0.33104,5.02397,10284.0,1.0,0.0015000000000000013,ETH,2500.97,126.72
2026-09-06T12:49:54.256465+00:00,ETH-25DEC26-4200-P,2525.59,ETH-25DEC26,put,4200.0,2026-12-25T08:00:00+00:00,0.3006123958582085,0.6615,0.6845,0.673945,0.673,2525.59,ETH-25DEC26,0.5984,-0.91691,2.1195,61.0,0.0,0.02300000000000002,ETH,2500.97,0.0
2026-09-06T12:49:54.256465+00:00,ETH-10SEP26-2300-C,2501.54,ETH-10SEP26,call,2300.0,2026-09-10T08:00:00+00:00,0.010400212422205745,0.0795,0.0845,0.081522,0.082,2501.54,ETH-10SEP26,0.4949,0.95484,0.24261,0.0,0.0,0.0050000000000000044,ETH,2500.97,0.0
2026-09-06T12:49:54.256465+00:00,ETH-9SEP26-2380-P,2501.25,ETH-9SEP26,put,2380.0,2026-09-09T08:00:00+00:00,0.0076623616350736425,0.0015,0.0017,0.001584,0.0016,2501.25,ETH-9SEP26,0.42869999999999997,-0.08864,0.35165,39.0,39.0,0.00019999999999999987,ETH,2500.97,174.92
2026-09-06T12:49:54.256465+00:00,ETH-26MAR27-2100-C,2551.73,ETH-26MAR27,call,2100.0,2027-03-26T08:00:00+00:00,0.5497568174872297,0.2515,0.2555,0.253177,0.2535,2551.73,ETH-26MAR27,0.5549000000000001,0.75166,5.99446,897.0,0.0,0.0040000000000000036,ETH,2500.97,0.0
2026-09-06T12:49:54.256465+00:00,ETH-9SEP26-2200-C,2501.23,ETH-9SEP26,call,2200.0,2026-09-09T08:00:00+00:00,0.0076623616350736425,0.119,0.123,0.120733,0.121,2501.23,ETH-9SEP26,0.6781999999999999,0.98599,0.07821,0.0,0.0,0.0040000000000000036,ETH,2500.97,0.0
2026-09-06T12:49:54.256465+00:00,ETH-26MAR27-1300-C,2551.75,ETH-26MAR27,call,1300.0,2027-03-26T08:00:00+00:00,0.5497568174872297,0.5015,0.506,0.503577,0.50375,2551.75,ETH-26MAR27,0.6583,0.94802,2.01381,18.0,0.0,0.0045000000000000595,ETH,2500.97,0.0
2026-09-06T12:49:54.256465+00:00,ETH-25DEC26-2200-P,2525.58,ETH-25DEC26,put,2200.0,2026-12-25T08:00:00+00:00,0.3006123958582085,0.0555,0.057,0.056168,0.05625,2525.58,ETH-25DEC26,0.5336,-0.26806,4.56465,8898.0,0.0,0.0015000000000000013,ETH,2500.97,0.0
2026-09-06T12:49:54.256465+00:00,ETH-7SEP26-2300-P,2500.65,ETH-7SEP26,put,2300.0,2026-09-07T08:00:00+00:00,0.0021866600608094404,,0.0001,2.7e-05,,2500.65,ETH-7SEP26,0.6515000000000001,-0.00281,0.01008,2089.0,5.0,,ETH,2500.97,1.26
2026-09-06T12:49:54.256465+00:00,ETH-9SEP26-2320-C,2501.25,ETH-9SEP26,call,2320.0,2026-09-09T08:00:00+00:00,0.0076623616350736425,0.07,0.0755,0.073119,0.07275,2501.25,ETH-9SEP26,0.4905,0.96235,0.17967,0.0,0.0,0.005499999999999991,ETH,2500.97,0.0
2026-09-06T12:49:54.256465+00:00,ETH-27NOV26-2900-P,2519.45,ETH-27NOV26,put,2900.0,2026-11-27T08:00:00+00:00,0.22395257381850964,0.197,0.202,0.199935,0.1995,2519.45,ETH-27NOV26,0.5341,-0.66603,4.34097,0.0,0.0,0.0050000000000000044,ETH,2500.95,0.0
2026-09-06T12:49:54.256465+00:00,ETH-25SEP26-1500-C,2506.45,ETH-25SEP26,call,1500.0,2026-09-25T08:00:00+00:00,0.05146797422918726,0.4005,0.403,0.401872,0.40175,2506.45,ETH-25SEP26,0.9098999999999999,0.99522,0.07908,969.0,0.0,0.0025000000000000022,ETH,2500.95,0.0
2026-09-06T12:49:54.256465+00:00,ETH-30OCT26-2200-P,2512.19,ETH-30OCT26,put,2200.0,2026-10-30T08:00:00+00:00,0.1472927517788108,0.0275,0.0285,0.028163,0.028,2512.19,ETH-30OCT26,0.5192,-0.22163,2.86857,820.0,0.0,0.0010000000000000009,ETH,2500.97,0.0
2026-09-06T12:49:54.256465+00:00,ETH-27NOV26-2200-C,2519.45,ETH-27NOV26,call,2200.0,2026-11-27T08:00:00+00:00,0.22395257381850964,0.1685,0.171,0.170086,0.16975,2519.45,ETH-27NOV26,0.5297,0.74763,3.81,0.0,0.0,0.0025000000000000022,ETH,2500.95,0.0
2026-09-06T12:49:54.256465+00:00,ETH-10SEP26-2340-C,2501.54,ETH-10SEP26,call,2340.0,2026-09-10T08:00:00+00:00,0.010400212422205745,0.064,0.069,0.066162,0.0665,2501.54,ETH-10SEP26,0.461,0.92627,0.35659,0.0,0.0,0.0050000000000000044,ETH,2500.95,0.0
2026-09-06T12:49:54.256465+00:00,ETH-8SEP26-2660-P,2500.92,ETH-8SEP26,put,2660.0,2026-09-08T08:00:00+00:00,0.004924510847941542,0.061,0.0685,0.064351,0.06475,2500.92,ETH-8SEP26,0.5241,-0.95066,0.17914,0.0,0.0,0.007500000000000007,ETH,2500.95,0.0
2026-09-06T12:49:54.256465+00:00,ETH-25SEP26-2650-C,2506.45,ETH-25SEP26,call,2650.0,2026-09-25T08:00:00+00:00,0.05146797422918726,0.0235,0.0245,0.024145,0.024,2506.45,ETH-25SEP26,0.5092,0.33654,2.07646,299.0,19.0,0.0010000000000000009,ETH,2500.95,1141.81
2026-09-06T12:49:54.256465+00:00,ETH-11SEP26-3200-P,2501.84,ETH-11SEP26,put,3200.0,2026-09-11T08:00:00+00:00,0.013138063209337846,0.276,0.2845,0.279269,0.28025,2501.84,ETH-11SEP26,0.8506,-0.99332,0.05364,0.0,0.0,0.008499999999999952,ETH,2500.95,0.0
2026-09-06T12:49:54.256465+00:00,ETH-25DEC26-2100-C,2525.58,ETH-25DEC26,call,2100.0,2026-12-25T08:00:00+00:00,0.3006123958582085,0.21,0.2155,0.212186,0.21275,2525.58,ETH-25DEC26,0.5404,0.77985,4.10425,1480.0,0.0,0.005500000000000005,ETH,2500.95,0.0
2026-09-06T12:49:54.256465+00:00,ETH-30OCT26-2500-P,2512.18,ETH-30OCT26,put,2500.0,2026-10-30T08:00:00+00:00,0.1472927517788108,0.075,0.076,0.075481,0.0755,2512.18,ETH-30OCT26,0.5105,-0.4506,3.81911,501.0,2.0,0.0010000000000000009,ETH,2500.95,391.91
2026-09-06T12:49:54.256465+00:00,ETH-10SEP26-2700-C,2501.55,ETH-10SEP26,call,2700.0,2026-09-10T08:00:00+00:00,0.010400212422205745,0.0019,0.0024,0.002066,0.00215,2501.55,ETH-10SEP26,0.534,0.08545,0.3987,0.0,0.0,0.0004999999999999998,ETH,2500.97,0.0
2026-09-06T12:49:54.256465+00:00,ETH-11SEP26-2470-C,2501.82,ETH-11SEP26,call,2470.0,2026-09-11T08:00:00+00:00,0.013138063209337846,0.0255,0.027,0.026114,0.02625,2501.82,ETH-11SEP26,0.42,0.6161,1.09571,118.0,0.0,0.0015000000000000013,ETH,2500.97,0.0
2026-09-06T12:49:54.256465+00:00,ETH-27NOV26-1800-P,2519.45,ETH-27NOV26,put,1800.0,2026-11-27T08:00:00+00:00,0.22395257381850964,0.012,0.013,0.012528,0.0125,2519.45,ETH-27NOV26,0.5831000000000001,-0.08737,1.89501,400.0,165.0,0.0009999999999999992,ETH,2500.97,5319.42
2026-09-06T12:49:54.256465+00:00,ETH-18SEP26-2550-P,2504.08,ETH-18SEP26,put,2550.0,2026-09-18T08:00:00+00:00,0.032303018719262555,0.045,0.046,0.045652,0.0455,2504.08,ETH-18SEP26,0.4938,-0.56244,1.77439,698.0,21.0,0.0010000000000000009,ETH,2500.97,2463.11
2026-09-06T12:49:54.256465+00:00,ETH-7SEP26-2540-C,2500.67,ETH-7SEP26,call,2540.0,2026-09-07T08:00:00+00:00,0.0021866600608094404,0.0018,0.0022,0.001976,0.002,2500.67,ETH-7SEP26,0.3885,0.20157,0.32881,1025.0,423.0,0.0004000000000000002,ETH,2500.97,2813.62
2026-09-06T12:49:54.256465+00:00,ETH-7SEP26-2280-P,2500.67,ETH-7SEP26,put,2280.0,2026-09-07T08:00:00+00:00,0.0021866600608094404,,0.0001,1e-05,,2500.67,ETH-7SEP26,0.6515000000000001,-0.00112,0.00435,167.0,0.0,,ETH,2500.97,0.0
2026-09-06T12:49:54.256465+00:00,ETH-11SEP26-2650-P,2501.83,ETH-11SEP26,put,2650.0,2026-09-11T08:00:00+00:00,0.013138063209337846,0.061,0.0655,0.064279,0.06325,2501.83,ETH-11SEP26,0.506,-0.83099,0.72329,105.0,0.0,0.004500000000000004,ETH,2500.97,0.0
2026-09-06T12:49:54.256465+00:00,ETH-7SEP26-2440-P,2500.67,ETH-7SEP26,put,2440.0,2026-09-07T08:00:00+00:00,0.0021866600608094404,0.0007,0.0009,0.000775,0.0008,2500.67,ETH-7SEP26,0.3945,-0.0877,0.18621,903.0,509.0,0.00019999999999999998,ETH,2500.97,1099.55
2026-09-06T12:49:54.256465+00:00,ETH-26MAR27-4800-C,2551.75,ETH-26MAR27,call,4800.0,2027-03-26T08:00:00+00:00,0.5497568174872297,0.0195,0.0215,0.02035,0.0205,2551.75,ETH-26MAR27,0.5951,0.11314,3.63212,2953.0,0.0,0.0019999999999999983,ETH,2500.98,0.0
2026-09-06T12:49:54.256465+00:00,ETH-18SEP26-2250-P,2504.09,ETH-18SEP26,put,2250.0,2026-09-18T08:00:00+00:00,0.032303018719262555,0.0048,0.0055,0.005096,0.00515,2504.09,ETH-18SEP26,0.5065999999999999,-0.11088,0.85158,138.0,31.0,0.0007000000000000001,ETH,2500.98,413.39
2026-09-06T12:49:54.256465+00:00,ETH-25SEP26-3100-C,2506.45,ETH-25SEP26,call,3100.0,2026-09-25T08:00:00+00:00,0.05146797422918726,0.004,0.0044,0.004167,0.0042,2506.45,ETH-25SEP26,0.6104999999999999,0.07174,0.77846,14955.0,83.0,0.0004000000000000002,ETH,2500.98,872.65
2026-09-06T12:49:54.256465+00:00,ETH-11SEP26-2100-P,2501.84,ETH-11SEP26,put,2100.0,2026-09-11T08:00:00+00:00,0.013138063209337846,0.0003,0.0006,0.000429,0.00045,2501.84,ETH-11SEP26,0.7127,-0.01437,0.10474,2960.0,1.0,0.0003,ETH,2500.98,1.23
2026-09-06T12:49:54.256465+00:00,ETH-30OCT26-2850-C,2512.2,ETH-30OCT26,call,2850.0,2026-10-30T08:00:00+00:00,0.1472927517788108,0.035,0.036,0.035346,0.0355,2512.2,ETH-30OCT26,0.5305,0.30282,3.36843,1149.0,0.0,0.000999999999999994,ETH,2500.98,0.0
2026-09-06T12:49:54.256465+00:00,ETH-25SEP26-1600-P,2506.45,ETH-25SEP26,put,1600.0,2026-09-25T08:00:00+00:00,0.05146797422918726,0.0003,0.0006,0.000459,0.00045,2506.45,ETH-25SEP26,0.8370000000000001,-0.00695,0.11012,11734.0,0.0,0.0003,ETH,2500.98,0.0
2026-09-06T12:49:54.256465+00:00,ETH-25DEC26-3300-C,2525.6,ETH-25DEC26,call,3300.0,2026-12-25T08:00:00+00:00,0.3006123958582085,0.0345,0.036,0.035159,0.03525,2525.6,ETH-25DEC26,0.5495,0.23093,4.21681,2940.0,0.0,0.0014999999999999944,ETH,2500.98,0.0
2026-09-06T12:49:54.256465+00:00,ETH-10SEP26-2400-P,2501.54,ETH-10SEP26,put,2400.0,2026-09-10T08:00:00+00:00,0.010400212422205745,0.0035,0.004,0.003764,0.00375,2501.54,ETH-10SEP26,0.4217,-0.16087,0.62316,0.0,0.0,0.0005,ETH,2500.97,0.0
2026-09-06T12:49:54.256465+00:00,ETH-9SEP26-2680-C,2501.25,ETH-9SEP26,call,2680.0,2026-09-09T08:00:00+00:00,0.0076623616350736425,0.0014,0.0016,0.00149,0.0015,2501.25,ETH-9SEP26,0.5336,0.07373,0.30602,11.0,11.0,0.0002000000000000001,ETH,2500.98,46.56
2026-09-06T12:49:54.256465+00:00,ETH-30OCT26-2150-P,2512.19,ETH-30OCT26,put,2150.0,2026-10-30T08:00:00+00:00,0.1472927517788108,0.023,0.024,0.023463,0.0235,2512.19,ETH-30OCT26,0.5251,-0.19095,2.62593,1099.0,1.0,0.0010000000000000009,ETH,2500.98,57.44
2026-09-06T12:49:54.256465+00:00,ETH-27NOV26-2500-C,2519.45,ETH-27NOV26,call,2500.0,2026-11-27T08:00:00+00:00,0.22395257381850964,0.1005,0.102,0.101729,0.10125,2519.45,ETH-27NOV26,0.5213,0.56192,4.70193,420.0,0.0,0.0014999999999999875,ETH,2500.97,0.0
2026-09-06T12:49:54.256465+00:00,ETH-10SEP26-2300-P,2501.54,ETH-10SEP26,put,2300.0,2026-09-10T08:00:00+00:00,0.010400212422205745,0.0008,0.0011,0.000966,0.00095,2501.54,ETH-10SEP26,0.4949,-0.04507,0.24222,0.0,0.0,0.00030000000000000003,ETH,2500.97,0.0
2026-09-06T12:49:54.256465+00:00,ETH-25DEC26-1200-C,2525.59,ETH-25DEC26,call,1200.0,2026-12-25T08:00:00+00:00,0.3006123958582085,0.527,0.5295,0.528159,0.52825,2525.59,ETH-25DEC26,0.7283,0.98046,0.65765,341.0,0.0,0.0024999999999999467,ETH,2500.97,0.0
2026-09-06T12:49:54.256465+00:00,ETH-27NOV26-2450-P,2519.45,ETH-27NOV26,put,2450.0,2026-11-27T08:00:00+00:00,0.22395257381850964,0.083,0.0845,0.083758,0.08375,2519.45,ETH-27NOV26,0.5217,-0.40605,4.6268,354.0,0.0,0.0015000000000000013,ETH,2500.97,0.0
2026-09-06T12:49:54.256465+00:00,ETH-8SEP26-2320-P,2500.92,ETH-8SEP26,put,2320.0,2026-09-08T08:00:00+00:00,0.004924510847941542,0.0001,0.0005,0.000294,0.0003,2500.92,ETH-8SEP26,0.5313,-0.02056,0.08701,97.0,73.0,0.0004,ETH,2500.97,104.74
2026-09-06T12:49:54.256465+00:00,ETH-7SEP26-2220-P,2500.65,ETH-7SEP26,put,2220.0,2026-09-07T08:00:00+00:00,0.0021866600608094404,,0.0001,0.0,,2500.65,ETH-7SEP26,0.6516,-4e-05,0.0002,20.0,0.0,,ETH,2500.97,0.0
2026-09-06T12:49:54.256465+00:00,ETH-25DEC26-3500-C,2525.59,ETH-25DEC26,call,3500.0,2026-12-25T08:00:00+00:00,0.3006123958582085,0.026,0.027,0.026389,0.0265,2525.59,ETH-25DEC26,0.5592,0.1815,3.65472,29314.0,0.0,0.0010000000000000009,ETH,2500.97,0.0
2026-09-06T12:49:54.256465+00:00,ETH-9SEP26-2360-C,2501.25,ETH-9SEP26,call,2360.0,2026-09-09T08:00:00+00:00,0.0076623616350736425,0.0555,0.0605,0.057629,0.058,2501.25,ETH-9SEP26,0.4485,0.93402,0.28095,0.0,0.0,0.0049999999999999975,ETH,2500.97,0.0
2026-09-06T12:49:54.256465+00:00,ETH-9SEP26-2640-P,2501.25,ETH-9SEP26,put,2640.0,2026-09-09T08:00:00+00:00,0.0076623616350736425,0.054,0.062,0.057631,0.058,2501.25,ETH-9SEP26,0.4874,-0.8921,0.40616,0.0,0.0,0.008,ETH,2500.97,0.0
2026-09-06T12:49:54.256465+00:00,ETH-8SEP26-2100-C,2500.92,ETH-8SEP26,call,2100.0,2026-09-08T08:00:00+00:00,0.004924510847941542,0.1585,0.162,0.160352,0.16025,2500.92,ETH-8SEP26,0.9014,0.99743,0.01396,1.0,0.0,0.003500000000000003,ETH,2500.92,0.0
2026-09-06T12:49:54.256465+00:00,ETH-26MAR27-2500-P,2551.75,ETH-26MAR27,put,2500.0,2027-03-26T08:00:00+00:00,0.5497568174872297,0.1475,0.1505,0.148818,0.149,2551.75,ETH-26MAR27,0.5457,-0.39991,7.31343,589.0,0.0,0.0030000000000000027,ETH,2500.92,0.0
2026-09-06T12:49:54.256465+00:00,ETH-25DEC26-1200-P,2525.59,ETH-25DEC26,put,1200.0,2026-12-25T08:00:00+00:00,0.3006123958582085,0.0031,0.0035,0.003298,0.0033,2525.59,ETH-25DEC26,0.7283,-0.01954,0.6577,6766.0,15.0,0.0004000000000000002,ETH,2500.92,130.38
2026-09-06T12:49:54.256465+00:00,ETH-25SEP26-4400-C,2506.45,ETH-25SEP26,call,4400.0,2026-09-25T08:00:00+00:00,0.05146797422918726,0.0001,0.0004,0.000197,0.00025,2506.45,ETH-25SEP26,0.8835,0.00342,0.05858,4349.0,0.0,0.00030000000000000003,ETH,2500.92,0.0
2026-09-06T12:49:54.256465+00:00,ETH-30OCT26-4000-C,2512.19,ETH-30OCT26,call,4000.0,2026-10-30T08:00:00+00:00,0.1472927517788108,0.0038,0.0043,0.004014,0.00405,2512.19,ETH-30OCT26,0.6563,0.0428,0.87823,778.0,0.0,0.0005,ETH,2500.92,0.0
2026-09-06T12:49:54.256465+00:00,ETH-25JUN27-5500-C,2580.52,ETH-25JUN27,call,5500.0,2027-06-25T08:00:00+00:00,0.798901239116251,0.026,0.0285,0.027212,0.02725,2580.52,ETH-25JUN27,0.5992999999999999,0.12632,4.7857,644.0,0.0,0.0025000000000000022,ETH,2500.92,0.0
2026-09-06T12:49:54.256465+00:00,ETH-25JUN27-4600-C,2580.52,ETH-25JUN27,call,4600.0,2027-06-25T08:00:00+00:00,0.798901239116251,0.0445,0.047,0.045677,0.04575,2580.52,ETH-25JUN27,0.5821999999999999,0.19772,6.41655,54.0,0.0,0.0025000000000000022,ETH,2500.92,0.0
2026-09-06T12:49:54.256465+00:00,ETH-11SEP26-2300-P,2501.82,ETH-11SEP26,put,2300.0,2026-09-11T08:00:00+00:00,0.013138063209337846,0.0014,0.0018,0.001561,0.0016,2501.82,ETH-11SEP26,0.48810000000000003,-0.0623,0.35197,3813.0,333.0,0.00039999999999999996,ETH,2500.92,1481.46
2026-09-06T12:49:54.256465+00:00,ETH-18SEP26-2550-C,2504.08,ETH-18SEP26,call,2550.0,2026-09-18T08:00:00+00:00,0.032303018719262555,0.0265,0.028,0.027306,0.02725,2504.08,ETH-18SEP26,0.4938,0.43754,1.77437,1963.0,237.0,0.0015000000000000013,ETH,2500.91,15604.74
2026-09-06T12:49:54.256465+00:00,ETH-30OCT26-2400-C,2512.18,ETH-30OCT26,call,2400.0,2026-10-30T08:00:00+00:00,0.1472927517788108,0.0995,0.1015,0.100556,0.1005,2512.18,ETH-30OCT26,0.5095000000000001,0.63032,3.64143,2534.0,1.0,0.0020000000000000018,ETH,2500.92,249.88
2026-09-06T12:49:54.256465+00:00,ETH-8SEP26-2360-P,2500.93,ETH-8SEP26,put,2360.0,2026-09-08T08:00:00+00:00,0.004924510847941542,0.0003,0.0007,0.000463,0.0005,2500.93,ETH-8SEP26,0.4622,-0.035,0.13563,190.0,277.0,0.0004,ETH,2500.91,581.63
2026-09-06T12:49:54.256465+00:00,ETH-26MAR27-1300-P,2551.75,ETH-26MAR27,put,1300.0,2027-03-26T08:00:00+00:00,0.5497568174872297,0.012,0.014,0.01304,0.013,2551.75,ETH-26MAR27,0.6583,-0.05198,2.01386,1574.0,0.0,0.002,ETH,2500.91,0.0
2026-09-06T12:49:54.256465+00:00,ETH-27NOV26-2350-C,2519.45,ETH-27NOV26,call,2350.0,2026-11-27T08:00:00+00:00,0.22395257381850964,0.131,0.1335,0.132528,0.13225,2519.45,ETH-27NOV26,0.5229,0.65762,4.38278,50.0,0.0,0.0025000000000000022,ETH,2500.92,0.0
2026-09-06T12:49:54.256465+00:00,ETH-25JUN27-4500-P,2580.5,ETH-25JUN27,put,4500.0,2027-06-25T08:00:00+00:00,0.798901239116251,0.7765,0.8135,0.792526,0.795,2580.5,ETH-25JUN27,0.5805,-0.79145,6.62412,1.0,0.0,0.03700000000000003,ETH,2500.91,0.0
2026-09-06T12:49:54.256465+00:00,ETH-30OCT26-2100-C,2512.18,ETH-30OCT26,call,2100.0,2026-10-30T08:00:00+00:00,0.1472927517788108,0.1815,0.186,0.18351,0.18375,2512.18,ETH-30OCT26,0.5316,0.83678,2.37793,1550.0,0.0,0.004500000000000004,ETH,2500.91,0.0
2026-09-06T12:49:54.256465+00:00,ETH-25DEC26-2700-C,2525.61,ETH-25DEC26,call,2700.0,2026-12-25T08:00:00+00:00,0.3006123958582085,0.087,0.088,0.087603,0.0875,2525.61,ETH-25DEC26,0.5275,0.46602,5.50744,6995.0,8.0,0.0010000000000000009,ETH,2500.91,1700.14
2026-09-06T12:49:54.256465+00:00,ETH-30OCT26-2000-P,2512.19,ETH-30OCT26,put,2000.0,2026-10-30T08:00:00+00:00,0.1472927517788108,0.0125,0.0135,0.013072,0.013,2512.19,ETH-30OCT26,0.5456,-0.11615,1.88577,1064.0,10.0,0.0009999999999999992,ETH,2500.91,325.19
2026-09-06T12:49:54.256465+00:00,ETH-7SEP26-2520-C,2500.67,ETH-7SEP26,call,2520.0,2026-09-07T08:00:00+00:00,0.0021866600608094404,0.0033,0.0037,0.003457,0.0035,2500.67,ETH-7SEP26,0.35369999999999996,0.32882,0.42273,1052.0,593.0,0.0004000000000000002,ETH,2500.91,6331.05
2026-09-06T12:49:54.256465+00:00,ETH-25JUN27-1800-C,2580.5,ETH-25JUN27,call,1800.0,2027-06-25T08:00:00+00:00,0.798901239116251,0.3615,0.3675,0.363447,0.3645,2580.5,ETH-25JUN27,0.5787,0.83029,5.83363,1618.0,0.0,0.006000000000000005,ETH,2500.91,0.0
2026-09-06T12:49:54.256465+00:00,ETH-30OCT26-3000-C,2512.19,ETH-30OCT26,call,3000.0,2026-10-30T08:00:00+00:00,0.1472927517788108,0.0245,0.0255,0.024918,0.025,2512.19,ETH-30OCT26,0.5431,0.22791,2.91429,1984.0,53.0,0.0009999999999999974,ETH,2500.92,3240.33
2026-09-06T12:49:54.256465+00:00,ETH-25SEP26-2000-C,2506.46,ETH-25SEP26,call,2000.0,2026-09-25T08:00:00+00:00,0.05146797422918726,0.202,0.2065,0.204265,0.20425,2506.46,ETH-25SEP26,0.5876,0.96091,0.48114,29108.0,15.0,0.004499999999999976,ETH,2500.92,6979.68
2026-09-06T12:49:54.256465+00:00,ETH-25SEP26-2250-C,2506.45,ETH-25SEP26,call,2250.0,2026-09-25T08:00:00+00:00,0.05146797422918726,0.1115,0.1135,0.112373,0.1125,2506.45,ETH-25SEP26,0.5046,0.84182,1.37398,360.0,0.0,0.0020000000000000018,ETH,2500.92,0.0
2026-09-06T12:49:54.256465+00:00,ETH-25DEC26-4500-P,2525.59,ETH-25DEC26,put,4500.0,2026-12-25T08:00:00+00:00,0.3006123958582085,0.7775,0.8,0.789735,0.78875,2525.59,ETH-25DEC26,0.6159,-0.93823,1.6884,2.0,0.0,0.022500000000000075,ETH,2500.92,0.0
2026-09-06T12:49:54.256465+00:00,ETH-8SEP26-2540-P,2500.92,ETH-8SEP26,put,2540.0,2026-09-08T08:00:00+00:00,0.004924510847941542,0.019,0.021,0.020198,0.02,2500.92,ETH-8SEP26,0.37549999999999994,-0.71424,0.5967,4.0,3.0,0.0020000000000000018,ETH,2500.92,153.69
2026-09-06T12:49:54.256465+00:00,ETH-30OCT26-2600-P,2512.21,ETH-30OCT26,put,2600.0,2026-10-30T08:00:00+00:00,0.1472927517788108,0.098,0.0995,0.098656,0.09875,2512.21,ETH-30OCT26,0.514,-0.52959,3.83797,1240.0,0.0,0.0015000000000000013,ETH,2500.92,0.0
2026-09-06T12:49:54.256465+00:00,ETH-25DEC26-2900-P,2525.59,ETH-25DEC26,put,2900.0,2026-12-25T08:00:00+00:00,0.3006123958582085,0.2095,0.2145,0.212499,0.212,2525.59,ETH-25DEC26,0.5329,-0.6278,5.24142,844.0,18.0,0.0050000000000000044,ETH,2500.92,9667.14
2026-09-06T12:49:54.256465+00:00,ETH-25JUN27-2000-C,2580.5,ETH-25JUN27,call,2000.0,2027-06-25T08:00:00+00:00,0.798901239116251,0.309,0.3155,0.31131,0.31225,2580.5,ETH-25JUN27,0.5665,0.77542,6.91407,1759.0,0.0,0.006500000000000006,ETH,2500.92,0.0
2026-09-06T12:49:54.256465+00:00,ETH-8SEP26-2700-P,2500.94,ETH-8SEP26,put,2700.0,2026-09-08T08:00:00+00:00,0.004924510847941542,0.077,0.084,0.080041,0.0805,2500.94,ETH-8SEP26,0.5692,-0.97071,0.11708,0.0,0.0,0.007000000000000006,ETH,2500.78,0.0
2026-09-06T12:49:54.256465+00:00,ETH-25DEC26-4800-P,2525.59,ETH-25DEC26,put,4800.0,2026-12-25T08:00:00+00:00,0.3006123958582085,0.8915,0.9195,0.906522,0.9055,2525.59,ETH-25DEC26,0.6332,-0.953,1.35996,77.0,0.0,0.028000000000000025,ETH,2500.78,0.0
2026-09-06T12:49:54.256465+00:00,ETH-9SEP26-2640-C,2501.25,ETH-9SEP26,call,2640.0,2026-09-09T08:00:00+00:00,0.0076623616350736425,0.002,0.0023,0.002146,0.00215,2501.25,ETH-9SEP26,0.4874,0.10753,0.40514,6.0,8.0,0.0002999999999999999,ETH,2500.78,42.85
2026-09-06T12:49:54.256465+00:00,ETH-30OCT26-4000-P,2512.21,ETH-30OCT26,put,4000.0,2026-10-30T08:00:00+00:00,0.1472927517788108,0.59,0.604,0.596244,0.597,2512.21,ETH-30OCT26,0.6563,-0.95722,0.87786,0.0,0.0,0.014000000000000012,ETH,2500.78,0.0
2026-09-06T12:49:54.256465+00:00,ETH-25SEP26-2150-P,2506.46,ETH-25SEP26,put,2150.0,2026-09-25T08:00:00+00:00,0.05146797422918726,0.005,0.0055,0.005333,0.00525,2506.46,ETH-25SEP26,0.5299,-0.09057,0.92818,17196.0,1.0,0.0004999999999999996,ETH,2500.72,17.24
2026-09-06T12:49:54.256465+00:00,ETH-10SEP26-2750-C,2501.54,ETH-10SEP26,call,2750.0,2026-09-10T08:00:00+00:00,0.010400212422205745,0.0012,0.0016,0.001353,0.0014,2501.54,ETH-10SEP26,0.5727,0.0561,0.28837,0.0,0.0,0.0004000000000000002,ETH,2500.72,0.0
2026-09-06T12:49:54.256465+00:00,ETH-10SEP26-2520-C,2501.54,ETH-10SEP26,call,2520.0,2026-09-10T08:00:00+00:00,0.010400212422205745,0.013,0.0145,0.013761,0.01375,2501.54,ETH-10SEP26,0.4213,0.44225,1.0074,0.0,0.0,0.0015000000000000013,ETH,2500.72,0.0
2026-09-06T12:49:54.256465+00:00,ETH-25JUN27-3000-C,2580.52,ETH-25JUN27,call,3000.0,2027-06-25T08:00:00+00:00,0.798901239116251,0.139,0.143,0.140938,0.141,2580.52,ETH-25JUN27,0.5574,0.47902,9.19368,1316.0,0.0,0.003999999999999976,ETH,2500.78,0.0
2026-09-06T12:49:54.256465+00:00,ETH-25DEC26-5000-P,2525.59,ETH-25DEC26,put,5000.0,2026-12-25T08:00:00+00:00,0.3006123958582085,0.97,0.9985,0.984842,0.98425,2525.59,ETH-25DEC26,0.6467,-0.95974,1.20025,0.0,0.0,0.02850000000000008,ETH,2500.72,0.0
2026-09-06T12:49:54.256465+00:00,ETH-30OCT26-2600-C,2512.2,ETH-30OCT26,call,2600.0,2026-10-30T08:00:00+00:00,0.1472927517788108,0.063,0.0645,0.063704,0.06375,2512.2,ETH-30OCT26,0.514,0.47031,3.8377,3566.0,33.0,0.0015000000000000013,ETH,2500.72,4749.75
2026-09-06T12:49:54.256465+00:00,ETH-26MAR27-3800-P,2551.75,ETH-26MAR27,put,3800.0,2027-03-26T08:00:00+00:00,0.5497568174872297,0.523,0.5515,0.535517,0.53725,2551.75,ETH-26MAR27,0.5657,-0.77002,5.74756,1.0,0.0,0.02849999999999997,ETH,2500.72,0.0
2026-09-06T12:49:54.256465+00:00,ETH-25DEC26-2300-P,2525.59,ETH-25DEC26,put,2300.0,2026-12-25T08:00:00+00:00,0.3006123958582085,0.0705,0.072,0.071202,0.07125,2525.59,ETH-25DEC26,0.5292,-0.31986,4.95359,6036.0,0.0,0.0015000000000000013,ETH,2500.72,0.0
2026-09-06T12:49:54.256465+00:00,ETH-25SEP26-6000-P,2506.45,ETH-25SEP26,put,6000.0,2026-09-25T08:00:00+00:00,0.05146797422918726,1.3855,1.4035,1.39385,1.3945,2506.45,ETH-25SEP26,1.0195999999999998,-0.99987,0.00284,0.0,0.0,0.018000000000000016,ETH,2500.72,0.0
2026-09-06T12:49:54.256465+00:00,ETH-25DEC26-2100-P,2525.59,ETH-25DEC26,put,2100.0,2026-12-25T08:00:00+00:00,0.3006123958582085,0.043,0.0445,0.043678,0.04375,2525.59,ETH-25DEC26,0.5404,-0.22026,4.10492,3268.0,0.0,0.0015000000000000013,ETH,2500.72,0.0
2026-09-06T12:49:54.256465+00:00,ETH-7SEP26-2260-C,2500.67,ETH-7SEP26,call,2260.0,2026-09-07T08:00:00+00:00,0.0021866600608094404,0.093,0.0985,0.096235,0.09575,2500.67,ETH-7SEP26,0.6515000000000001,0.99959,0.00174,0.0,0.0,0.005500000000000005,ETH,2500.72,0.0
2026-09-06T12:49:54.256465+00:00,ETH-26MAR27-2200-C,2551.75,ETH-26MAR27,call,2200.0,2027-03-26T08:00:00+00:00,0.5497568174872297,0.2275,0.2305,0.22934,0.229,2551.75,ETH-26MAR27,0.551,0.71486,6.42803,4061.0,0.0,0.0030000000000000027,ETH,2500.73,0.0
2026-09-06T12:49:54.256465+00:00,ETH-30OCT26-2050-C,2512.19,ETH-30OCT26,call,2050.0,2026-10-30T08:00:00+00:00,0.1472927517788108,0.198,0.2025,0.200011,0.20025,2512.19,ETH-30OCT26,0.5389,0.86145,2.13183,479.0,0.0,0.004500000000000004,ETH,2500.72,0.0
2026-09-06T12:49:54.256465+00:00,ETH-25DEC26-3100-C,2525.59,ETH-25DEC26,call,3100.0,2026-12-25T08:00:00+00:00,0.3006123958582085,0.0465,0.048,0.04731,0.04725,2525.59,ETH-25DEC26,0.5404,0.29368,4.7703,2517.0,8.0,0.0015000000000000013,ETH,2500.73,939.44
2026-09-06T12:49:54.256465+00:00,ETH-26MAR27-1600-C,2551.75,ETH-26MAR27,call,1600.0,2027-03-26T08:00:00+00:00,0.5497568174872297,0.398,0.4025,0.399613,0.40025,2551.75,ETH-26MAR27,0.6025,0.89764,3.37914,879.0,0.0,0.004500000000000004,ETH,2500.73,0.0
2026-09-06T12:49:54.256465+00:00,ETH-25DEC26-3200-C,2525.59,ETH-25DEC26,call,3200.0,2026-12-25T08:00:00+00:00,0.3006123958582085,0.04,0.0415,0.040707,0.04075,2525.59,ETH-25DEC26,0.5447,0.26033,4.49683,68127.0,3.0,0.0015000000000000013,ETH,2500.73,286.34
2026-09-06T12:49:54.256465+00:00,ETH-25DEC26-4400-C,2525.58,ETH-25DEC26,call,4400.0,2026-12-25T08:00:00+00:00,0.3006123958582085,0.0085,0.0095,0.008934,0.009,2525.58,ETH-25DEC26,0.6115999999999999,0.06855,1.83051,3718.0,0.0,0.0009999999999999992,ETH,2500.73,0.0
2026-09-06T12:49:54.256465+00:00,ETH-26MAR27-4000-C,2551.75,ETH-26MAR27,call,4000.0,2027-03-26T08:00:00+00:00,0.5497568174872297,0.0375,0.04,0.038735,0.03875,2551.75,ETH-26MAR27,0.5713,0.19802,5.26791,2561.0,9.0,0.0025000000000000022,ETH,2500.73,847.45
2026-09-06T12:49:54.256465+00:00,ETH-25SEP26-7400-P,2506.45,ETH-25SEP26,put,7400.0,2026-09-25T08:00:00+00:00,0.05146797422918726,1.942,1.9645,1.952409,1.95325,2506.45,ETH-25SEP26,1.1765,-0.99996,0.00104,0.0,0.0,0.022499999999999964,ETH,2500.78,0.0
2026-09-06T12:49:54.256465+00:00,ETH-8SEP26-2200-C,2500.92,ETH-8SEP26,call,2200.0,2026-09-08T08:00:00+00:00,0.004924510847941542,0.1185,0.1215,0.120436,0.12,2500.92,ETH-8SEP26,0.7489,0.99323,0.03323,0.0,0.0,0.0030000000000000027,ETH,2500.73,0.0
2026-09-06T12:49:54.256465+00:00,ETH-30OCT26-2100-P,2512.19,ETH-30OCT26,put,2100.0,2026-10-30T08:00:00+00:00,0.1472927517788108,0.019,0.0195,0.019444,0.01925,2512.19,ETH-30OCT26,0.5316,-0.16333,2.3787,3448.0,9.0,0.0005000000000000004,ETH,2500.73,434.42
2026-09-06T12:49:54.256465+00:00,ETH-7SEP26-2540-P,2500.65,ETH-7SEP26,put,2540.0,2026-09-07T08:00:00+00:00,0.0021866600608094404,0.016,0.0195,0.017716,0.01775,2500.65,ETH-7SEP26,0.3885,-0.80009,0.32715,3.0,0.0,0.0034999999999999996,ETH,2500.73,0.0
2026-09-06T12:49:54.256465+00:00,ETH-10SEP26-2580-P,2501.55,ETH-10SEP26,put,2580.0,2026-09-10T08:00:00+00:00,0.010400212422205745,0.0375,0.04,0.038298,0.03875,2501.55,ETH-10SEP26,0.4486,-0.74154,0.82522,0.0,0.0,0.0025000000000000022,ETH,2500.78,0.0
2026-09-06T12:49:54.256465+00:00,ETH-10SEP26-2250-C,2501.54,ETH-10SEP26,call,2250.0,2026-09-10T08:00:00+00:00,0.010400212422205745,0.099,0.1025,0.101088,0.10075,2501.54,ETH-10SEP26,0.5404,0.97461,0.15109,0.0,0.0,0.0034999999999999892,ETH,2500.78,0.0
2026-09-06T12:49:54.256465+00:00,ETH-27NOV26-3200-C,2519.45,ETH-27NOV26,call,3200.0,2026-11-27T08:00:00+00:00,0.22395257381850964,0.028,0.029,0.028533,0.0285,2519.45,ETH-27NOV26,0.5514,0.21624,3.49705,123.0,0.0,0.0010000000000000009,ETH,2500.73,0.0
2026-09-06T12:49:54.256465+00:00,ETH-25SEP26-2800-P,2506.45,ETH-25SEP26,put,2800.0,2026-09-25T08:00:00+00:00,0.05146797422918726,0.1265,0.1345,0.129891,0.1305,2506.45,ETH-25SEP26,0.5378000000000001,-0.80091,1.58832,1340.0,0.0,0.008000000000000007,ETH,2500.78,0.0
2026-09-06T12:49:54.256465+00:00,ETH-9SEP26-2440-C,2501.23,ETH-9SEP26,call,2440.0,2026-09-09T08:00:00+00:00,0.0076623616350736425,0.0275,0.03,0.029075,0.02875,2501.23,ETH-9SEP26,0.3896,0.77292,0.66022,46.0,46.0,0.0024999999999999988,ETH,2500.78,2693.68
2026-09-06T12:49:54.256465+00:00,ETH-25SEP26-6200-C,2506.46,ETH-25SEP26,call,6200.0,2026-09-25T08:00:00+00:00,0.05146797422918726,,0.0001,5e-06,,2506.46,ETH-25SEP26,1.0378,0.0001,0.00218,2798.0,0.0,,ETH,2500.81,0.0
2026-09-06T12:49:54.256465+00:00,ETH-11SEP26-2150-P,2501.82,ETH-11SEP26,put,2150.0,2026-09-11T08:00:00+00:00,0.013138063209337846,0.0004,0.0007,0.000544,0.00055,2501.82,ETH-11SEP26,0.6516,-0.0193,0.13473,4825.0,70.0,0.0003,ETH,2500.78,84.89
2026-09-06T12:49:54.256465+00:00,ETH-11SEP26-2150-C,2501.83,ETH-11SEP26,call,2150.0,2026-09-11T08:00:00+00:00,0.013138063209337846,0.1395,0.143,0.14117,0.14125,2501.83,ETH-11SEP26,0.6516,0.98072,0.13466,0.0,0.0,0.0034999999999999754,ETH,2500.78,0.0
2026-09-06T12:49:54.256465+00:00,ETH-11SEP26-2570-C,2501.85,ETH-11SEP26,call,2570.0,2026-09-11T08:00:00+00:00,0.013138063209337846,0.01,0.011,0.010352,0.0105,2501.85,ETH-11SEP26,0.4586,0.31518,1.01933,30.0,11.0,0.0009999999999999992,ETH,2500.81,313.6
2026-09-06T12:49:54.256465+00:00,ETH-27NOV26-3600-P,2519.45,ETH-27NOV26,put,3600.0,2026-11-27T08:00:00+00:00,0.22395257381850964,0.435,0.4525,0.443834,0.44375,2519.45,ETH-27NOV26,0.5809000000000001,-0.87694,2.42886,0.0,0.0,0.017500000000000016,ETH,2500.78,0.0
2026-09-06T12:49:54.256465+00:00,ETH-26MAR27-4600-C,2551.75,ETH-26MAR27,call,4600.0,2027-03-26T08:00:00+00:00,0.5497568174872297,0.0225,0.0245,0.023447,0.0235,2551.75,ETH-26MAR27,0.5877,0.12852,3.97287,1405.0,0.0,0.0020000000000000018,ETH,2500.81,0.0
2026-09-06T12:49:54.256465+00:00,ETH-25SEP26-1700-P,2506.46,ETH-25SEP26,put,1700.0,2026-09-25T08:00:00+00:00,0.05146797422918726,0.0004,0.0007,0.000564,0.00055,2506.46,ETH-25SEP26,0.754,-0.00923,0.14144,10021.0,0.0,0.0003,ETH,2500.81,0.0
2026-09-06T12:49:54.256465+00:00,ETH-27NOV26-4400-P,2519.45,ETH-27NOV26,put,4400.0,2026-11-27T08:00:00+00:00,0.22395257381850964,0.741,0.763,0.7519,0.752,2519.45,ETH-27NOV26,0.6476000000000001,-0.95203,1.19023,0.0,0.0,0.02200000000000002,ETH,2500.81,0.0
2026-09-06T12:49:54.256465+00:00,ETH-30OCT26-3600-C,2512.2,ETH-30OCT26,call,3600.0,2026-10-30T08:00:00+00:00,0.1472927517788108,0.007,0.008,0.007458,0.0075,2512.2,ETH-30OCT26,0.6089,0.07759,1.40129,4569.0,1.0,0.001,ETH,2500.81,14.87
2026-09-06T12:49:54.256465+00:00,ETH-18SEP26-2700-C,2504.08,ETH-18SEP26,call,2700.0,2026-09-18T08:00:00+00:00,0.032303018719262555,0.0115,0.0125,0.011945,0.012,2504.08,ETH-18SEP26,0.5275,0.22817,1.3611,4009.0,0.0,0.0010000000000000009,ETH,2500.81,0.0
2026-09-06T12:49:54.256465+00:00,ETH-26MAR27-2000-C,2551.75,ETH-26MAR27,call,2000.0,2027-03-26T08:00:00+00:00,0.5497568174872297,0.2775,0.282,0.278956,0.27975,2551.75,ETH-26MAR27,0.5603,0.78653,5.5082,1843.0,0.0,0.0044999999999999485,ETH,2500.81,0.0
2026-09-06T12:49:54.256465+00:00,ETH-25SEP26-5600-P,2506.45,ETH-25SEP26,put,5600.0,2026-09-25T08:00:00+00:00,0.05146797422918726,1.2265,1.244,1.234263,1.23525,2506.45,ETH-25SEP26,0.9643,-0.99982,0.00397,0.0,0.0,0.01750000000000007,ETH,2500.81,0.0
2026-09-06T12:49:54.256465+00:00,ETH-7SEP26-2360-C,2500.67,ETH-7SEP26,call,2360.0,2026-09-07T08:00:00+00:00,0.0021866600608094404,0.053,0.0595,0.056322,0.05625,2500.67,ETH-7SEP26,0.531,0.99068,0.02929,0.0,0.0,0.006499999999999999,ETH,2500.81,0.0
2026-09-06T12:49:54.256465+00:00,ETH-25SEP26-5500-C,2506.46,ETH-25SEP26,call,5500.0,2026-09-25T08:00:00+00:00,0.05146797422918726,,0.0002,1e-05,,2506.46,ETH-25SEP26,0.9501999999999999,0.0002,0.00438,2169.0,0.0,,ETH,2500.81,0.0
2026-09-06T12:49:54.256465+00:00,ETH-7SEP26-2100-C,2500.67,ETH-7SEP26,call,2100.0,2026-09-07T08:00:00+00:00,0.0021866600608094404,0.1585,0.1615,0.160215,0.16,2500.67,ETH-7SEP26,0.7444,1.0,0.0,0.0,0.0,0.0030000000000000027,ETH,2500.81,0.0
2026-09-06T12:49:54.256465+00:00,ETH-25JUN27-5000-P,2580.52,ETH-25JUN27,put,5000.0,2027-06-25T08:00:00+00:00,0.798901239116251,0.9555,0.997,0.973744,0.97625,2580.52,ETH-25JUN27,0.5907,-0.83842,5.65111,0.0,0.0,0.04149999999999998,ETH,2500.81,0.0
2026-09-06T12:49:54.256465+00:00,ETH-30OCT26-3100-C,2512.18,ETH-30OCT26,call,3100.0,2026-10-30T08:00:00+00:00,0.1472927517788108,0.0195,0.02,0.019906,0.01975,2512.18,ETH-30OCT26,0.5527000000000001,0.18836,2.60377,1121.0,24.0,0.0005000000000000004,ETH,2500.81,1111.26
2026-09-06T12:49:54.256465+00:00,ETH-27NOV26-3300-P,2519.45,ETH-27NOV26,put,3300.0,2026-11-27T08:00:00+00:00,0.22395257381850964,0.325,0.342,0.333866,0.3335,2519.45,ETH-27NOV26,0.5581,-0.81293,3.20622,0.0,0.0,0.017000000000000015,ETH,2500.81,0.0
2026-09-06T12:49:54.256465+00:00,ETH-18SEP26-2250-C,2504.08,ETH-18SEP26,call,2250.0,2026-09-18T08:00:00+00:00,0.032303018719262555,0.1045,0.1095,0.106555,0.107,2504.08,ETH-18SEP26,0.5065999999999999,0.88893,0.85254,0.0,0.0,0.0050000000000000044,ETH,2500.81,0.0
2026-09-06T12:49:54.256465+00:00,ETH-27NOV26-2250-P,2519.45,ETH-27NOV26,put,2250.0,2026-11-27T08:00:00+00:00,0.22395257381850964,0.049,0.0505,0.049897,0.04975,2519.45,ETH-27NOV26,0.5268,-0.28132,4.02469,821.0,0.0,0.0015000000000000013,ETH,2500.81,0.0
2026-09-06T12:49:54.256465+00:00,ETH-25JUN27-3500-C,2580.5,ETH-25JUN27,call,3500.0,2027-06-25T08:00:00+00:00,0.798901239116251,0.0945,0.098,0.096244,0.09625,2580.5,ETH-25JUN27,0.5627,0.36171,8.64753,2813.0,0.0,0.003500000000000003,ETH,2500.81,0.0
2026-09-06T12:49:54.256465+00:00,ETH-25JUN27-3600-P,2580.52,ETH-25JUN27,put,3600.0,2027-06-25T08:00:00+00:00,0.798901239116251,0.471,0.499,0.484692,0.485,2580.52,ETH-25JUN27,0.5647,-0.65786,8.47591,0.0,0.0,0.028000000000000025,ETH,2500.81,0.0
2026-09-06T12:49:54.256465+00:00,ETH-25SEP26-1700-C,2506.45,ETH-25SEP26,call,1700.0,2026-09-25T08:00:00+00:00,0.05146797422918726,0.3205,0.324,0.322308,0.32225,2506.45,ETH-25SEP26,0.754,0.99077,0.14143,2190.0,1.0,0.003500000000000003,ETH,2500.86,806.3
2026-09-06T12:49:54.256465+00:00,ETH-26MAR27-1400-P,2551.75,ETH-26MAR27,put,1400.0,2027-03-26T08:00:00+00:00,0.5497568174872297,0.016,0.0175,0.016767,0.01675,2551.75,ETH-26MAR27,0.6384000000000001,-0.06616,2.43333,1850.0,0.0,0.0015000000000000013,ETH,2500.86,0.0
2026-09-06T12:49:54.256465+00:00,ETH-25SEP26-7500-P,2506.45,ETH-25SEP26,put,7500.0,2026-09-25T08:00:00+00:00,0.05146797422918726,1.9835,2.0055,1.992306,1.9945,2506.45,ETH-25SEP26,1.1895,-0.99996,0.00103,0.0,0.0,0.02200000000000002,ETH,2500.86,0.0
2026-09-06T12:49:54.256465+00:00,ETH-25SEP26-2360-P,2506.46,ETH-25SEP26,put,2360.0,2026-09-25T08:00:00+00:00,0.05146797422918726,0.0195,0.0205,0.020086,0.02,2506.46,ETH-25SEP26,0.4914,-0.27507,1.89856,264.0,0.0,0.0010000000000000009,ETH,2500.86,0.0
2026-09-06T12:49:54.256465+00:00,ETH-26MAR27-1800-P,2551.75,ETH-26MAR27,put,1800.0,2027-03-26T08:00:00+00:00,0.5497568174872297,0.0405,0.0425,0.04146,0.0415,2551.75,ETH-26MAR27,0.5769,-0.15149,4.44306,3700.0,1.0,0.0020000000000000018,ETH,2500.87,106.29
2026-09-06T12:49:54.256465+00:00,ETH-25SEP26-2200-C,2506.45,ETH-25SEP26,call,2200.0,2026-09-25T08:00:00+00:00,0.05146797422918726,0.127,0.132,0.129633,0.1295,2506.45,ETH-25SEP26,0.5172,0.87934,1.14247,7962.0,0.0,0.0050000000000000044,ETH,2500.87,0.0
2026-09-06T12:49:54.256465+00:00,ETH-10SEP26-2380-P,2501.54,ETH-10SEP26,put,2380.0,2026-09-10T08:00:00+00:00,0.010400212422205745,0.0025,0.003,0.002785,0.00275,2501.54,ETH-10SEP26,0.43229999999999996,-0.12385,0.52196,0.0,0.0,0.0005,ETH,2500.86,0.0
2026-09-06T12:49:54.256465+00:00,ETH-26MAR27-3500-C,2551.75,ETH-26MAR27,call,3500.0,2027-03-26T08:00:00+00:00,0.5497568174872297,0.06,0.0625,0.061355,0.06125,2551.75,ETH-26MAR27,0.5581,0.28912,6.47076,4190.0,0.0,0.0025000000000000022,ETH,2500.87,0.0
2026-09-06T12:49:54.256465+00:00,ETH-30OCT26-3800-P,2512.18,ETH-30OCT26,put,3800.0,2026-10-30T08:00:00+00:00,0.1472927517788108,0.5125,0.5255,0.518104,0.519,2512.18,ETH-30OCT26,0.6345000000000001,-0.94253,1.11094,0.0,0.0,0.013000000000000012,ETH,2500.86,0.0
2026-09-06T12:49:54.256465+00:00,ETH-27NOV26-2100-C,2519.45,ETH-27NOV26,call,2100.0,2026-11-27T08:00:00+00:00,0.22395257381850964,0.197,0.201,0.198726,0.199,2519.45,ETH-27NOV26,0.5381,0.80037,3.33593,1.0,0.0,0.0040000000000000036,ETH,2500.86,0.0
2026-09-06T12:49:54.256465+00:00,ETH-25SEP26-5500-P,2506.46,ETH-25SEP26,put,5500.0,2026-09-25T08:00:00+00:00,0.05146797422918726,1.1865,1.204,1.194366,1.19525,2506.46,ETH-25SEP26,0.9501999999999999,-0.9998,0.00438,1.0,0.0,0.01749999999999985,ETH,2500.87,0.0
2026-09-06T12:49:54.256465+00:00,ETH-30OCT26-2200-C,2512.18,ETH-30OCT26,call,2200.0,2026-10-30T08:00:00+00:00,0.1472927517788108,0.1505,0.155,0.152422,0.15275,2512.18,ETH-30OCT26,0.5192,0.7783,2.86893,1295.0,0.0,0.004500000000000004,ETH,2500.87,0.0
2026-09-06T12:49:54.256465+00:00,ETH-25JUN27-1500-P,2580.52,ETH-25JUN27,put,1500.0,2027-06-25T08:00:00+00:00,0.798901239116251,0.033,0.0355,0.034169,0.03425,2580.52,ETH-25JUN27,0.6099,-0.10242,4.12119,502.0,0.0,0.0024999999999999953,ETH,2500.87,0.0
2026-09-06T12:49:54.256465+00:00,ETH-26MAR27-3600-P,2551.75,ETH-26MAR27,put,3600.0,2027-03-26T08:00:00+00:00,0.5497568174872297,0.4545,0.478,0.466622,0.46625,2551.75,ETH-26MAR27,0.5606,-0.73213,6.23449,1.0,0.0,0.023499999999999965,ETH,2500.87,0.0
2026-09-06T12:49:54.256465+00:00,ETH-7SEP26-2320-C,2500.67,ETH-7SEP26,call,2320.0,2026-09-07T08:00:00+00:00,0.0021866600608094404,0.069,0.075,0.072283,0.072,2500.67,ETH-7SEP26,0.6254,0.99517,0.0164,18.0,0.0,0.0059999999999999915,ETH,2500.87,0.0
2026-09-06T12:49:54.256465+00:00,ETH-25SEP26-2900-C,2506.45,ETH-25SEP26,call,2900.0,2026-09-25T08:00:00+00:00,0.05146797422918726,0.008,0.009,0.008433,0.0085,2506.45,ETH-25SEP26,0.5583,0.13873,1.25845,16766.0,12.0,0.0009999999999999992,ETH,2500.87,263.14
2026-09-06T12:49:54.256465+00:00,ETH-26MAR27-1900-C,2551.73,ETH-26MAR27,call,1900.0,2027-03-26T08:00:00+00:00,0.5497568174872297,0.3045,0.3095,0.306614,0.307,2551.73,ETH-26MAR27,0.5676,0.81899,4.98475,2451.0,0.0,0.0050000000000000044,ETH,2500.87,0.0
2026-09-06T12:49:54.256465+00:00,ETH-18SEP26-2650-P,2504.09,ETH-18SEP26,put,2650.0,2026-09-18T08:00:00+00:00,0.032303018719262555,0.073,0.075,0.074116,0.074,2504.09,ETH-18SEP26,0.5164,-0.71244,1.53523,0.0,0.0,0.0020000000000000018,ETH,2500.87,0.0
2026-09-06T12:49:54.256465+00:00,ETH-25SEP26-5400-P,2506.46,ETH-25SEP26,put,5400.0,2026-09-25T08:00:00+00:00,0.05146797422918726,1.148,1.1635,1.15447,1.15575,2506.46,ETH-25SEP26,0.9338,-0.99978,0.00471,4.0,0.0,0.01550000000000007,ETH,2500.87,0.0
2026-09-06T12:49:54.256465+00:00,ETH-25SEP26-1900-P,2506.45,ETH-25SEP26,put,1900.0,2026-09-25T08:00:00+00:00,0.05146797422918726,0.0011,0.0013,0.001269,0.0012,2506.45,ETH-25SEP26,0.632,-0.02249,0.30418,20819.0,2.0,0.00019999999999999987,ETH,2500.87,5.99
2026-09-06T12:49:54.256465+00:00,ETH-25SEP26-3400-P,2506.45,ETH-25SEP26,put,3400.0,2026-09-25T08:00:00+00:00,0.05146797422918726,0.3535,0.364,0.358249,0.35875,2506.45,ETH-25SEP26,0.6875,-0.9696,0.39139,870.0,0.0,0.01050000000000001,ETH,2500.87,0.0
2026-09-06T12:49:54.256465+00:00,ETH-26MAR27-1900-P,2551.75,ETH-26MAR27,put,1900.0,2027-03-26T08:00:00+00:00,0.5497568174872297,0.05,0.0525,0.051213,0.05125,2551.75,ETH-26MAR27,0.5676,-0.181,4.98473,3282.0,0.0,0.0024999999999999953,ETH,2500.87,0.0
2026-09-06T12:49:54.256465+00:00,ETH-8SEP26-2280-P,2500.92,ETH-8SEP26,put,2280.0,2026-09-08T08:00:00+00:00,0.004924510847941542,,0.0004,0.000226,,2500.92,ETH-8SEP26,0.611,-0.01449,0.06452,103.0,130.0,,ETH,2500.87,47.76
2026-09-06T12:49:54.256465+00:00,ETH-27NOV26-2250-C,2519.45,ETH-27NOV26,call,2250.0,2026-11-27T08:00:00+00:00,0.22395257381850964,0.1555,0.158,0.156835,0.15675,2519.45,ETH-27NOV26,0.5268,0.71873,4.02452,51.0,0.0,0.0025000000000000022,ETH,2500.87,0.0
2026-09-06T12:49:54.256465+00:00,ETH-30OCT26-2700-C,2512.18,ETH-30OCT26,call,2700.0,2026-10-30T08:00:00+00:00,0.1472927517788108,0.05,0.051,0.050389,0.0505,2512.18,ETH-30OCT26,0.5199,0.39731,3.72025,1346.0,10.0,0.000999999999999994,ETH,2500.87,1266.39
2026-09-06T12:49:54.256465+00:00,ETH-10SEP26-2580-C,2501.54,ETH-10SEP26,call,2580.0,2026-09-10T08:00:00+00:00,0.010400212422205745,0.0065,0.0075,0.006921,0.007,2501.54,ETH-10SEP26,0.4486,0.25868,0.82562,0.0,0.0,0.001,ETH,2500.87,0.0
2026-09-06T12:49:54.256465+00:00,ETH-25SEP26-7400-C,2506.46,ETH-25SEP26,call,7400.0,2026-09-25T08:00:00+00:00,0.05146797422918726,,0.0002,3e-06,,2506.46,ETH-25SEP26,1.1765,4e-05,0.00104,1322.0,0.0,,ETH,2500.89,0.0
2026-09-06T12:49:54.256465+00:00,ETH-25SEP26-5200-P,2506.45,ETH-25SEP26,put,5200.0,2026-09-25T08:00:00+00:00,0.05146797422918726,1.0685,1.0835,1.074683,1.076,2506.45,ETH-25SEP26,0.9251,-0.99962,0.00775,3.0,0.0,0.014999999999999902,ETH,2500.89,0.0
2026-09-06T12:49:54.256465+00:00,ETH-25SEP26-14000-P,2506.45,ETH-25SEP26,put,14000.0,2026-09-25T08:00:00+00:00,0.05146797422918726,4.5635,4.612,4.585636,4.58775,2506.45,ETH-25SEP26,1.7753,-0.99998,0.00058,0.0,0.0,0.048499999999999766,ETH,2500.89,0.0
2026-09-06T12:49:54.256465+00:00,ETH-8SEP26-2440-C,2500.93,ETH-8SEP26,call,2440.0,2026-09-08T08:00:00+00:00,0.004924510847941542,0.0245,0.0295,0.026463,0.027,2500.93,ETH-8SEP26,0.35619999999999996,0.84353,0.42088,18.0,19.0,0.0049999999999999975,ETH,2500.89,1078.88
2026-09-06T12:49:54.256465+00:00,ETH-18SEP26-2700-P,2504.08,ETH-18SEP26,put,2700.0,2026-09-18T08:00:00+00:00,0.032303018719262555,0.0875,0.0925,0.090194,0.09,2504.08,ETH-18SEP26,0.5275,-0.77172,1.36154,7.0,0.0,0.0050000000000000044,ETH,2500.89,0.0
2026-09-06T12:49:54.256465+00:00,ETH-25DEC26-2600-P,2525.58,ETH-25DEC26,put,2600.0,2026-12-25T08:00:00+00:00,0.3006123958582085,0.1315,0.1325,0.131537,0.132,2525.58,ETH-25DEC26,0.5252,-0.48242,5.52202,1195.0,0.0,0.0010000000000000009,ETH,2500.89,0.0
2026-09-06T12:49:54.256465+00:00,ETH-25SEP26-6400-P,2506.45,ETH-25SEP26,put,6400.0,2026-09-25T08:00:00+00:00,0.05146797422918726,1.5445,1.5645,1.553437,1.5545,2506.45,ETH-25SEP26,1.0674,-0.99991,0.00202,0.0,0.0,0.020000000000000018,ETH,2500.9,0.0
2026-09-06T12:49:54.256465+00:00,ETH-11SEP26-2350-P,2501.82,ETH-11SEP26,put,2350.0,2026-09-11T08:00:00+00:00,0.013138063209337846,0.0025,0.0029,0.002651,0.0027,2501.82,ETH-11SEP26,0.44630000000000003,-0.10506,0.52186,3181.0,375.0,0.00039999999999999975,ETH,2500.89,3142.56
2026-09-06T12:49:54.256465+00:00,ETH-25SEP26-6600-P,2506.45,ETH-25SEP26,put,6600.0,2026-09-25T08:00:00+00:00,0.05146797422918726,1.624,1.644,1.633232,1.634,2506.45,ETH-25SEP26,1.0931,-0.99992,0.0018,0.0,0.0,0.019999999999999796,ETH,2500.9,0.0
2026-09-06T12:49:54.256465+00:00,ETH-25SEP26-2800-C,2506.45,ETH-25SEP26,call,2800.0,2026-09-25T08:00:00+00:00,0.05146797422918726,0.0125,0.013,0.012765,0.01275,2506.45,ETH-25SEP26,0.5378000000000001,0.19925,1.58917,17080.0,69.0,0.0004999999999999987,ETH,2500.9,1987.79
2026-09-06T12:49:54.256465+00:00,ETH-25DEC26-2900-C,2525.59,ETH-25DEC26,call,2900.0,2026-12-25T08:00:00+00:00,0.3006123958582085,0.0635,0.065,0.064247,0.06425,2525.59,ETH-25DEC26,0.5329,0.37219,5.24133,3740.0,0.0,0.0015000000000000013,ETH,2500.9,0.0
2026-09-06T12:49:54.256465+00:00,ETH-7SEP26-2460-C,2500.67,ETH-7SEP26,call,2460.0,2026-09-07T08:00:00+00:00,0.0021866600608094404,0.0155,0.0205,0.017618,0.018,2500.67,ETH-7SEP26,0.3517,0.84587,0.27751,494.0,114.0,0.005000000000000001,ETH,2500.89,2252.16
2026-09-06T12:49:54.256465+00:00,ETH-27NOV26-4000-P,2519.45,ETH-27NOV26,put,4000.0,2026-11-27T08:00:00+00:00,0.22395257381850964,0.586,0.6055,0.596137,0.59575,2519.45,ETH-27NOV26,0.6114,-0.92668,1.65967,0.0,0.0,0.019500000000000073,ETH,2500.9,0.0
2026-09-06T12:49:54.256465+00:00,ETH-18SEP26-2450-P,2504.08,ETH-18SEP26,put,2450.0,2026-09-18T08:00:00+00:00,0.032303018719262555,0.024,0.025,0.024409,0.0245,2504.08,ETH-18SEP26,0.48109999999999997,-0.38288,1.71841,1546.0,15.0,0.0010000000000000009,ETH,2500.9,917.66
2026-09-06T12:49:54.256465+00:00,ETH-9SEP26-2100-P,2501.25,ETH-9SEP26,put,2100.0,2026-09-09T08:00:00+00:00,0.0076623616350736425,0.0001,0.0003,0.00018,0.0002,2501.25,ETH-9SEP26,0.8316,-0.00732,0.04439,402.0,382.0,0.00019999999999999998,ETH,2500.9,279.59
2026-09-06T12:49:54.256465+00:00,ETH-7SEP26-2100-P,2500.67,ETH-7SEP26,put,2100.0,2026-09-07T08:00:00+00:00,0.0021866600608094404,,0.0001,0.0,,2500.67,ETH-7SEP26,0.7444,0.0,0.0,398.0,0.0,,ETH,2500.9,0.0
2026-09-06T12:49:54.256465+00:00,ETH-26MAR27-2700-P,2551.75,ETH-26MAR27,put,2700.0,2027-03-26T08:00:00+00:00,0.5497568174872297,0.1935,0.1975,0.195674,0.1955,2551.75,ETH-26MAR27,0.5457,-0.47475,7.53702,191.0,40.0,0.0040000000000000036,ETH,2500.85,19547.06
2026-09-06T12:49:54.256465+00:00,ETH-11SEP26-2520-C,2501.82,ETH-11SEP26,call,2520.0,2026-09-11T08:00:00+00:00,0.013138063209337846,0.016,0.017,0.016582,0.0165,2501.82,ETH-11SEP26,0.43579999999999997,0.45415,1.13694,122.0,21.0,0.0010000000000000009,ETH,2500.85,519.9
2026-09-06T12:49:54.256465+00:00,ETH-8SEP26-2750-C,2500.92,ETH-8SEP26,call,2750.0,2026-09-08T08:00:00+00:00,0.004924510847941542,0.0002,0.0004,0.000293,0.0003,2500.92,ETH-8SEP26,0.6401,0.01848,0.07947,15.0,14.0,0.0002,ETH,2500.85,12.89
2026-09-06T12:49:54.256465+00:00,ETH-11SEP26-2500-P,2501.84,ETH-11SEP26,put,2500.0,2026-09-11T08:00:00+00:00,0.013138063209337846,0.0185,0.02,0.019236,0.01925,2501.84,ETH-11SEP26,0.42869999999999997,-0.48254,1.14338,1055.0,66.0,0.0015000000000000013,ETH,2500.85,3075.24
2026-09-06T12:49:54.256465+00:00,ETH-25SEP26-3500-C,2506.45,ETH-25SEP26,call,3500.0,2026-09-25T08:00:00+00:00,0.05146797422918726,0.0012,0.0015,0.001342,0.00135,2506.45,ETH-25SEP26,0.7112999999999999,0.0235,0.31565,20856.0,282.0,0.00030000000000000014,ETH,2500.85,840.59
2026-09-06T12:49:54.256465+00:00,ETH-25SEP26-1800-C,2506.45,ETH-25SEP26,call,1800.0,2026-09-25T08:00:00+00:00,0.05146797422918726,0.281,0.2845,0.282662,0.28275,2506.45,ETH-25SEP26,0.6890999999999999,0.986,0.20302,6238.0,0.0,0.0034999999999999476,ETH,2500.85,0.0
2026-09-06T12:49:54.256465+00:00,ETH-26MAR27-3400-C,2551.75,ETH-26MAR27,call,3400.0,2027-03-26T08:00:00+00:00,0.5497568174872297,0.0665,0.069,0.067627,0.06775,2551.75,ETH-26MAR27,0.5559000000000001,0.31227,6.69982,1881.0,0.0,0.0025000000000000022,ETH,2500.88,0.0
2026-09-06T12:49:54.256465+00:00,ETH-25JUN27-900-P,2580.52,ETH-25JUN27,put,900.0,2027-06-25T08:00:00+00:00,0.798901239116251,0.0075,0.0095,0.008482,0.0085,2580.52,ETH-25JUN27,0.7326999999999999,-0.02644,1.41371,848.0,0.0,0.002,ETH,2500.85,0.0
2026-09-06T12:49:54.256465+00:00,ETH-7SEP26-2580-C,2500.67,ETH-7SEP26,call,2580.0,2026-09-07T08:00:00+00:00,0.0021866600608094404,0.0008,0.001,0.000878,0.0009,2500.67,ETH-7SEP26,0.4841,0.08702,0.18512,1419.0,597.0,0.00019999999999999998,ETH,2500.85,1089.95
2026-09-06T12:49:54.256465+00:00,ETH-25JUN27-1300-C,2580.5,ETH-25JUN27,call,1300.0,2027-06-25T08:00:00+00:00,0.798901239116251,0.5165,0.5215,0.518404,0.519,2580.5,ETH-25JUN27,0.6394,0.93129,3.0546,108.0,0.0,0.0050000000000000044,ETH,2500.85,0.0
2026-09-06T12:49:54.256465+00:00,ETH-25SEP26-1850-P,2506.46,ETH-25SEP26,put,1850.0,2026-09-25T08:00:00+00:00,0.05146797422918726,0.0008,0.0012,0.001016,0.001,2506.46,ETH-25SEP26,0.6604000000000001,-0.01772,0.24854,5691.0,0.0,0.00039999999999999986,ETH,2500.88,0.0
2026-09-06T12:49:54.256465+00:00,ETH-25DEC26-1500-C,2525.59,ETH-25DEC26,call,1500.0,2026-12-25T08:00:00+00:00,0.3006123958582085,0.4125,0.416,0.414091,0.41425,2525.59,ETH-25DEC26,0.638,0.95201,1.38293,749.0,0.0,0.003500000000000003,ETH,2500.88,0.0
2026-09-06T12:49:54.256465+00:00,ETH-8SEP26-2420-P,2500.92,ETH-8SEP26,put,2420.0,2026-09-08T08:00:00+00:00,0.004924510847941542,0.0012,0.0015,0.001375,0.00135,2500.92,ETH-8SEP26,0.38,-0.10472,0.31856,179.0,242.0,0.00030000000000000014,ETH,2500.88,907.55
2026-09-06T12:49:54.256465+00:00,ETH-30OCT26-3400-C,2512.19,ETH-30OCT26,call,3400.0,2026-10-30T08:00:00+00:00,0.1472927517788108,0.0105,0.011,0.010759,0.01075,2512.19,ETH-30OCT26,0.5859000000000001,0.10904,1.80256,3393.0,47.0,0.0004999999999999987,ETH,2500.88,1185.45
2026-09-06T12:49:54.256465+00:00,ETH-27NOV26-2750-P,2519.45,ETH-27NOV26,put,2750.0,2026-11-27T08:00:00+00:00,0.22395257381850964,0.1555,0.157,0.155891,0.15625,2519.45,ETH-27NOV26,0.5271,-0.58913,4.6398,52.0,0.0,0.0015000000000000013,ETH,2500.88,0.0
2026-09-06T12:49:54.256465+00:00,ETH-25SEP26-5000-P,2506.46,ETH-25SEP26,put,5000.0,2026-09-25T08:00:00+00:00,0.05146797422918726,0.9885,1.003,0.994908,0.99575,2506.46,ETH-25SEP26,0.9238,-0.99928,0.01408,2.0,0.0,0.014499999999999846,ETH,2500.9,0.0
2026-09-06T12:49:54.256465+00:00,ETH-18SEP26-2800-P,2504.08,ETH-18SEP26,put,2800.0,2026-09-18T08:00:00+00:00,0.032303018719262555,0.122,0.1295,0.125237,0.12575,2504.08,ETH-18SEP26,0.5573,-0.85638,1.01972,0.0,0.0,0.007500000000000007,ETH,2500.88,0.0
2026-09-06T12:49:54.256465+00:00,ETH-25DEC26-11000-P,2525.58,ETH-25DEC26,put,11000.0,2026-12-25T08:00:00+00:00,0.3006123958582085,3.3175,3.3875,3.355643,3.3525,2525.58,ETH-25DEC26,0.8503000000000001,-0.99826,0.07744,699.0,0.0,0.07000000000000028,ETH,2500.88,0.0
2026-09-06T12:49:54.256465+00:00,ETH-9SEP26-2800-C,2501.25,ETH-9SEP26,call,2800.0,2026-09-09T08:00:00+00:00,0.0076623616350736425,0.0004,0.0007,0.000532,0.00055,2501.25,ETH-9SEP26,0.6495000000000001,0.02546,0.12996,0.0,0.0,0.0003,ETH,2500.88,0.0
2026-09-06T12:49:54.256465+00:00,ETH-25DEC26-2800-C,2525.58,ETH-25DEC26,call,2800.0,2026-12-25T08:00:00+00:00,0.3006123958582085,0.074,0.0755,0.075026,0.07475,2525.58,ETH-25DEC26,0.5299,0.41733,5.40831,6830.0,0.0,0.0015000000000000013,ETH,2500.9,0.0
2026-09-06T12:49:54.256465+00:00,ETH-27NOV26-4200-C,2519.45,ETH-27NOV26,call,4200.0,2026-11-27T08:00:00+00:00,0.22395257381850964,0.006,0.007,0.006532,0.0065,2519.45,ETH-27NOV26,0.6259,0.05751,1.37458,40.0,0.0,0.001,ETH,2500.88,0.0
2026-09-06T12:49:54.256465+00:00,ETH-30OCT26-1800-C,2512.18,ETH-30OCT26,call,1800.0,2026-10-30T08:00:00+00:00,0.1472927517788108,0.288,0.2915,0.289499,0.28975,2512.18,ETH-30OCT26,0.5911,0.94333,1.09867,105.0,1.0,0.003500000000000003,ETH,2500.9,723.8
2026-09-06T12:49:54.256465+00:00,ETH-25JUN27-1800-P,2580.52,ETH-25JUN27,put,1800.0,2027-06-25T08:00:00+00:00,0.798901239116251,0.0595,0.0625,0.060989,0.061,2580.52,ETH-25JUN27,0.5787,-0.16971,5.83367,769.0,0.0,0.0030000000000000027,ETH,2500.9,0.0
2026-09-06T12:49:54.256465+00:00,ETH-9SEP26-2200-P,2501.23,ETH-9SEP26,put,2200.0,2026-09-09T08:00:00+00:00,0.0076623616350736425,0.0003,0.0004,0.000304,0.00035,2501.23,ETH-9SEP26,0.6781999999999999,-0.01394,0.07786,10.0,10.0,0.00010000000000000005,ETH,2500.9,9.91
2026-09-06T12:49:54.256465+00:00,ETH-25DEC26-3400-P,2525.59,ETH-25DEC26,put,3400.0,2026-12-25T08:00:00+00:00,0.3006123958582085,0.367,0.386,0.376613,0.3765,2525.59,ETH-25DEC26,0.5540999999999999,-0.79546,3.93137,89.0,0.0,0.019000000000000017,ETH,2500.9,0.0
2026-09-06T12:49:54.256465+00:00,ETH-9SEP26-2460-P,2501.25,ETH-9SEP26,put,2460.0,2026-09-09T08:00:00+00:00,0.0076623616350736425,0.006,0.007,0.006658,0.0065,2501.25,ETH-9SEP26,0.38420000000000004,-0.30225,0.76396,288.0,287.0,0.001,ETH,2500.9,5215.75
2026-09-06T12:49:54.256465+00:00,ETH-25DEC26-1000-P,2525.59,ETH-25DEC26,put,1000.0,2026-12-25T08:00:00+00:00,0.3006123958582085,0.0015,0.0018,0.00176,0.00165,2525.59,ETH-25DEC26,0.8043,-0.01013,0.37353,18446.0,41.0,0.0002999999999999999,ETH,2500.9,171.33
2026-09-06T12:49:54.256465+00:00,ETH-8SEP26-2620-C,2500.92,ETH-8SEP26,call,2620.0,2026-09-08T08:00:00+00:00,0.004924510847941542,0.0011,0.0014,0.001246,0.00125,2500.92,ETH-8SEP26,0.47340000000000004,0.08418,0.27112,771.0,24.0,0.0002999999999999999,ETH,2501.03,77.93
2026-09-06T12:49:54.256465+00:00,ETH-27NOV26-2200-P,2519.45,ETH-27NOV26,put,2200.0,2026-11-27T08:00:00+00:00,0.22395257381850964,0.0425,0.044,0.043303,0.04325,2519.45,ETH-27NOV26,0.5297,-0.25242,3.81023,18.0,0.0,0.0014999999999999944,ETH,2500.9,0.0
2026-09-06T12:49:54.256465+00:00,ETH-25SEP26-14000-C,2506.45,ETH-25SEP26,call,14000.0,2026-09-25T08:00:00+00:00,0.05146797422918726,,0.0001,2e-06,,2506.45,ETH-25SEP26,1.7753,2e-05,0.00058,2121.0,0.0,,ETH,2501.03,0.0
2026-09-06T12:49:54.256465+00:00,ETH-25JUN27-3700-P,2580.5,ETH-25JUN27,put,3700.0,2027-06-25T08:00:00+00:00,0.798901239116251,0.503,0.5345,0.517147,0.51875,2580.5,ETH-25JUN27,0.5660000000000001,-0.67672,8.28809,0.0,0.0,0.03149999999999997,ETH,2501.03,0.0
2026-09-06T12:49:54.256465+00:00,ETH-7SEP26-2600-C,2500.67,ETH-7SEP26,call,2600.0,2026-09-07T08:00:00+00:00,0.0021866600608094404,0.0006,0.0008,0.000636,0.0007,2500.67,ETH-7SEP26,0.5318999999999999,0.06146,0.14184,1017.0,796.0,0.0002000000000000001,ETH,2501.03,586.77
2026-09-06T12:49:54.256465+00:00,ETH-25SEP26-2440-C,2506.45,ETH-25SEP26,call,2440.0,2026-09-25T08:00:00+00:00,0.05146797422918726,0.0575,0.059,0.05838,0.05825,2506.45,ETH-25SEP26,0.49119999999999997,0.61747,2.17054,5076.0,0.0,0.0014999999999999944,ETH,2501.03,0.0
2026-09-06T12:49:54.256465+00:00,ETH-8SEP26-2480-P,2500.93,ETH-8SEP26,put,2480.0,2026-09-08T08:00:00+00:00,0.004924510847941542,0.0055,0.006,0.005744,0.00575,2500.93,ETH-8SEP26,0.33490000000000003,-0.35109,0.65082,187.0,117.0,0.0005000000000000004,ETH,2501.03,2027.74
2026-09-06T12:49:54.256465+00:00,ETH-11SEP26-2420-C,2501.83,ETH-11SEP26,call,2420.0,2026-09-11T08:00:00+00:00,0.013138063209337846,0.0385,0.0405,0.039543,0.0395,2501.83,ETH-11SEP26,0.419,0.76487,0.88185,0.0,0.0,0.0020000000000000018,ETH,2501.03,0.0
2026-09-06T12:49:54.256465+00:00,ETH-25SEP26-1850-C,2506.45,ETH-25SEP26,call,1850.0,2026-09-25T08:00:00+00:00,0.05146797422918726,0.261,0.265,0.262914,0.263,2506.45,ETH-25SEP26,0.6604000000000001,0.9823,0.24829,2242.0,0.0,0.0040000000000000036,ETH,2501.06,0.0
2026-09-06T12:49:54.256465+00:00,ETH-25SEP26-10000-C,2506.45,ETH-25SEP26,call,10000.0,2026-09-25T08:00:00+00:00,0.05146797422918726,,0.0001,2e-06,,2506.45,ETH-25SEP26,1.4631999999999998,3e-05,0.00076,1965.0,0.0,,ETH,2501.06,0.0
2026-09-06T12:49:54.256465+00:00,ETH-25JUN27-2300-C,2580.52,ETH-25JUN27,call,2300.0,2027-06-25T08:00:00+00:00,0.798901239116251,0.2435,0.248,0.245458,0.24575,2580.52,ETH-25JUN27,0.5579999999999999,0.68463,8.20275,234.0,0.0,0.004500000000000004,ETH,2501.03,0.0
2026-09-06T12:49:54.256465+00:00,ETH-25JUN27-2700-C,2580.52,ETH-25JUN27,call,2700.0,2027-06-25T08:00:00+00:00,0.798901239116251,0.1765,0.1805,0.178465,0.1785,2580.52,ETH-25JUN27,0.5559000000000001,0.56279,9.0932,444.0,10.0,0.0040000000000000036,ETH,2501.06,4439.43
2026-09-06T12:49:54.256465+00:00,ETH-9SEP26-2700-P,2501.23,ETH-9SEP26,put,2700.0,2026-09-09T08:00:00+00:00,0.0076623616350736425,0.077,0.085,0.080661,0.081,2501.23,ETH-9SEP26,0.5493,-0.94069,0.25854,0.0,0.0,0.008000000000000007,ETH,2501.06,0.0
2026-09-06T12:49:54.256465+00:00,ETH-25SEP26-16000-C,2506.45,ETH-25SEP26,call,16000.0,2026-09-25T08:00:00+00:00,0.05146797422918726,,0.0001,2e-06,,2506.45,ETH-25SEP26,1.8954,2e-05,0.00052,9830.0,0.0,,ETH,2501.06,0.0
2026-09-06T12:49:54.256465+00:00,ETH-8SEP26-2400-C,2500.93,ETH-8SEP26,call,2400.0,2026-09-08T08:00:00+00:00,0.004924510847941542,0.0375,0.0445,0.041289,0.041,2500.93,ETH-8SEP26,0.4072,0.9287,0.23902,18.0,0.0,0.006999999999999999,ETH,2501.06,0.0
2026-09-06T12:49:54.256465+00:00,ETH-25DEC26-3300-P,2525.58,ETH-25DEC26,put,3300.0,2026-12-25T08:00:00+00:00,0.3006123958582085,0.331,0.349,0.341789,0.34,2525.58,ETH-25DEC26,0.5495,-0.76905,4.2171,10.0,0.0,0.01799999999999996,ETH,2501.06,0.0
2026-09-06T12:49:54.256465+00:00,ETH-7SEP26-2680-C,2500.65,ETH-7SEP26,call,2680.0,2026-09-07T08:00:00+00:00,0.0021866600608094404,,0.0003,0.000115,,2500.65,ETH-7SEP26,0.6448999999999999,0.01147,0.03509,96.0,1.0,,ETH,2501.06,0.75
2026-09-06T12:49:54.256465+00:00,ETH-25DEC26-3400-C,2525.59,ETH-25DEC26,call,3400.0,2026-12-25T08:00:00+00:00,0.3006123958582085,0.03,0.031,0.030388,0.0305,2525.59,ETH-25DEC26,0.5540999999999999,0.2046,3.93236,14533.0,8.0,0.0010000000000000009,ETH,2501.06,611.06
2026-09-06T12:49:54.256465+00:00,ETH-27NOV26-2800-P,2519.45,ETH-27NOV26,put,2800.0,2026-11-27T08:00:00+00:00,0.22395257381850964,0.1675,0.172,0.170127,0.16975,2519.45,ETH-27NOV26,0.5295000000000001,-0.61591,4.55712,34.0,0.0,0.004499999999999976,ETH,2501.06,0.0
2026-09-06T12:49:54.256465+00:00,ETH-25SEP26-6200-P,2506.46,ETH-25SEP26,put,6200.0,2026-09-25T08:00:00+00:00,0.05146797422918726,1.4655,1.4835,1.473643,1.4745,2506.46,ETH-25SEP26,1.0378,-0.9999,0.00219,0.0,0.0,0.018000000000000016,ETH,2501.05,0.0
2026-09-06T12:49:54.256465+00:00,ETH-25DEC26-2000-C,2525.58,ETH-25DEC26,call,2000.0,2026-12-25T08:00:00+00:00,0.3006123958582085,0.2395,0.244,0.241665,0.24175,2525.58,ETH-25DEC26,0.5499,0.82265,3.6021,10828.0,0.0,0.004500000000000004,ETH,2501.05,0.0
2026-09-06T12:49:54.256465+00:00,ETH-25JUN27-5500-P,2580.52,ETH-25JUN27,put,5500.0,2027-06-25T08:00:00+00:00,0.798901239116251,1.138,1.1855,1.15859,1.16175,2580.52,ETH-25JUN27,0.5992999999999999,-0.87366,4.78656,0.0,0.0,0.0475000000000001,ETH,2501.05,0.0
2026-09-06T12:49:54.256465+00:00,ETH-30OCT26-1850-C,2512.18,ETH-30OCT26,call,1850.0,2026-10-30T08:00:00+00:00,0.1472927517788108,0.2695,0.2735,0.271094,0.2715,2512.18,ETH-30OCT26,0.5825,0.93075,1.28464,1008.0,18.0,0.0040000000000000036,ETH,2501.05,11599.93
2026-09-06T12:49:54.256465+00:00,ETH-27NOV26-2000-P,2519.45,ETH-27NOV26,put,2000.0,2026-11-27T08:00:00+00:00,0.22395257381850964,0.023,0.0245,0.023713,0.02375,2519.45,ETH-27NOV26,0.5497,-0.15423,2.8335,480.0,1.0,0.0015000000000000013,ETH,2501.05,61.75
2026-09-06T12:49:54.256465+00:00,ETH-25JUN27-3800-P,2580.52,ETH-25JUN27,put,3800.0,2027-06-25T08:00:00+00:00,0.798901239116251,0.536,0.568,0.550214,0.552,2580.52,ETH-25JUN27,0.5678,-0.69425,8.09312,2.0,0.0,0.03199999999999992,ETH,2501.05,0.0
2026-09-06T12:49:54.256465+00:00,ETH-27NOV26-2950-P,2519.45,ETH-27NOV26,put,2950.0,2026-11-27T08:00:00+00:00,0.22395257381850964,0.2075,0.222,0.215519,0.21475,2519.45,ETH-27NOV26,0.5367000000000001,-0.6889,4.21545,0.0,0.0,0.014500000000000013,ETH,2501.05,0.0
2026-09-06T12:49:54.256465+00:00,ETH-25DEC26-800-P,2525.59,ETH-25DEC26,put,800.0,2026-12-25T08:00:00+00:00,0.3006123958582085,0.0006,0.0011,0.00081,0.00085,2525.59,ETH-25DEC26,0.8868,-0.00456,0.18469,7348.0,0.0,0.0005000000000000001,ETH,2501.05,0.0
2026-09-06T12:49:54.256465+00:00,ETH-9SEP26-2700-C,2501.23,ETH-9SEP26,call,2700.0,2026-09-09T08:00:00+00:00,0.0076623616350736425,0.001,0.0013,0.001187,0.00115,2501.23,ETH-9SEP26,0.5493,0.05935,0.25868,37.0,37.0,0.0002999999999999999,ETH,2501.05,144.74
2026-09-06T12:49:54.256465+00:00,ETH-18SEP26-3000-P,2504.08,ETH-18SEP26,put,3000.0,2026-09-18T08:00:00+00:00,0.032303018719262555,0.1975,0.206,0.200985,0.20175,2504.08,ETH-18SEP26,0.631,-0.93768,0.55255,0.0,0.0,0.00849999999999998,ETH,2501.05,0.0
2026-09-06T12:49:54.256465+00:00,ETH-9SEP26-2420-C,2501.23,ETH-9SEP26,call,2420.0,2026-09-09T08:00:00+00:00,0.0076623616350736425,0.034,0.0365,0.035626,0.03525,2501.23,ETH-9SEP26,0.3981,0.83476,0.54414,0.0,0.0,0.0024999999999999953,ETH,2501.06,0.0
2026-09-06T12:49:54.256465+00:00,ETH-25JUN27-3000-P,2580.52,ETH-25JUN27,put,3000.0,2027-06-25T08:00:00+00:00,0.798901239116251,0.299,0.307,0.303508,0.303,2580.52,ETH-25JUN27,0.5574,-0.52089,9.19489,220.0,0.0,0.008000000000000007,ETH,2501.06,0.0
2026-09-06T12:49:54.256465+00:00,ETH-26MAR27-800-P,2551.75,ETH-26MAR27,put,800.0,2027-03-26T08:00:00+00:00,0.5497568174872297,0.003,0.0039,0.003377,0.00345,2551.75,ETH-26MAR27,0.8126000000000001,-0.013,0.63378,2706.0,0.0,0.0008999999999999998,ETH,2501.06,0.0
2026-09-06T12:49:54.256465+00:00,ETH-30OCT26-2300-C,2512.18,ETH-30OCT26,call,2300.0,2026-10-30T08:00:00+00:00,0.1472927517788108,0.1235,0.126,0.124655,0.12475,2512.18,ETH-30OCT26,0.5123,0.70835,3.31114,1216.0,0.0,0.0025000000000000022,ETH,2501.06,0.0
2026-09-06T12:49:54.256465+00:00,ETH-25DEC26-2000-P,2525.58,ETH-25DEC26,put,2000.0,2026-12-25T08:00:00+00:00,0.3006123958582085,0.033,0.034,0.033562,0.0335,2525.58,ETH-25DEC26,0.5499,-0.17735,3.60212,8741.0,3.0,0.0010000000000000009,ETH,2501.06,276.65
2026-09-06T12:49:54.256465+00:00,ETH-9SEP26-2540-C,2501.25,ETH-9SEP26,call,2540.0,2026-09-09T08:00:00+00:00,0.0076623616350736425,0.0075,0.0085,0.007772,0.008,2501.25,ETH-9SEP26,0.40340000000000004,0.34123,0.80355,40.0,0.0,0.0010000000000000009,ETH,2501.06,0.0
2026-09-06T12:49:54.256465+00:00,ETH-25DEC26-800-C,2525.59,ETH-25DEC26,call,800.0,2026-12-25T08:00:00+00:00,0.3006123958582085,0.683,0.685,0.684051,0.684,2525.59,ETH-25DEC26,0.8868,0.99544,0.18469,171.0,0.0,0.0020000000000000018,ETH,2501.06,0.0
2026-09-06T12:49:54.256465+00:00,ETH-30OCT26-2750-P,2512.18,ETH-30OCT26,put,2750.0,2026-10-30T08:00:00+00:00,0.1472927517788108,0.1365,0.141,0.139434,0.13875,2512.18,ETH-30OCT26,0.5231,-0.63622,3.62218,0.0,0.0,0.004499999999999976,ETH,2501.06,0.0
2026-09-06T12:49:54.256465+00:00,ETH-25DEC26-5500-C,2525.58,ETH-25DEC26,call,5500.0,2026-12-25T08:00:00+00:00,0.3006123958582085,0.0031,0.0038,0.003385,0.00345,2525.58,ETH-25DEC26,0.6727,0.02717,0.86827,2173.0,0.0,0.0007000000000000001,ETH,2501.06,0.0
2026-09-06T12:49:54.256465+00:00,ETH-26MAR27-4500-C,2551.73,ETH-26MAR27,call,4500.0,2027-03-26T08:00:00+00:00,0.5497568174872297,0.0245,0.0265,0.025444,0.0255,2551.73,ETH-26MAR27,0.5853,0.13805,4.1738,2106.0,0.0,0.0019999999999999983,ETH,2501.06,0.0
2026-09-06T12:49:54.256465+00:00,ETH-25DEC26-4000-C,2525.58,ETH-25DEC26,call,4000.0,2026-12-25T08:00:00+00:00,0.3006123958582085,0.0135,0.0145,0.013885,0.014,2525.58,ETH-25DEC26,0.5876,0.10301,2.48477,14639.0,0.0,0.0010000000000000009,ETH,2501.06,0.0
2026-09-06T12:49:54.256465+00:00,ETH-9SEP26-2300-P,2501.25,ETH-9SEP26,put,2300.0,2026-09-09T08:00:00+00:00,0.0076623616350736425,0.0004,0.0007,0.000543,0.00055,2501.25,ETH-9SEP26,0.5173,-0.02995,0.14881,0.0,0.0,0.0003,ETH,2501.06,0.0
2026-09-06T12:49:54.256465+00:00,ETH-25SEP26-1200-C,2506.46,ETH-25SEP26,call,1200.0,2026-09-25T08:00:00+00:00,0.05146797422918726,0.52,0.523,0.52132,0.5215,2506.46,ETH-25SEP26,1.1127,0.99883,0.02206,138.0,0.0,0.0030000000000000027,ETH,2501.05,0.0
2026-09-06T12:49:54.256465+00:00,ETH-9SEP26-2560-P,2501.25,ETH-9SEP26,put,2560.0,2026-09-09T08:00:00+00:00,0.0076623616350736425,0.0285,0.0305,0.029337,0.0295,2501.25,ETH-9SEP26,0.41590000000000005,-0.72948,0.72481,0.0,0.0,0.0019999999999999983,ETH,2501.06,0.0
2026-09-06T12:49:54.256465+00:00,ETH-9SEP26-2500-C,2501.25,ETH-9SEP26,call,2500.0,2026-09-09T08:00:00+00:00,0.0076623616350736425,0.013,0.0145,0.013818,0.01375,2501.25,ETH-9SEP26,0.3887,0.51606,0.87298,446.0,446.0,0.0015000000000000013,ETH,2501.06,13170.19
2026-09-06T12:49:54.256465+00:00,ETH-7SEP26-2520-P,2500.67,ETH-7SEP26,put,2520.0,2026-09-07T08:00:00+00:00,0.0021866600608094404,0.0105,0.012,0.011199,0.01125,2500.67,ETH-7SEP26,0.35369999999999996,-0.66993,0.42322,11.0,0.0,0.0014999999999999996,ETH,2501.06,0.0
2026-09-06T12:49:54.256465+00:00,ETH-11SEP26-1800-P,2501.82,ETH-11SEP26,put,1800.0,2026-09-11T08:00:00+00:00,0.013138063209337846,,0.0001,3.4e-05,,2501.82,ETH-11SEP26,0.9538,-0.00108,0.01032,4345.0,40.0,,ETH,2501.05,10.22
2026-09-06T12:49:54.256465+00:00,ETH-25SEP26-3000-C,2506.45,ETH-25SEP26,call,3000.0,2026-09-25T08:00:00+00:00,0.05146797422918726,0.0055,0.0065,0.005861,0.006,2506.45,ETH-25SEP26,0.5845,0.09921,0.99274,41782.0,818.0,0.001,ETH,2501.05,8920.31
2026-09-06T12:49:54.256465+00:00,ETH-25SEP26-4000-P,2506.45,ETH-25SEP26,put,4000.0,2026-09-25T08:00:00+00:00,0.05146797422918726,0.592,0.6035,0.59633,0.59775,2506.45,ETH-25SEP26,0.8162999999999999,-0.99243,0.11877,138.0,0.0,0.011500000000000066,ETH,2501.05,0.0
2026-09-06T12:49:54.256465+00:00,ETH-10SEP26-2480-P,2501.54,ETH-10SEP26,put,2480.0,2026-09-10T08:00:00+00:00,0.010400212422205745,0.012,0.013,0.01278,0.0125,2501.54,ETH-10SEP26,0.4129,-0.40772,0.99074,1.0,1.0,0.0009999999999999992,ETH,2501.06,30.06
2026-09-06T12:49:54.256465+00:00,ETH-25SEP26-2150-C,2506.45,ETH-25SEP26,call,2150.0,2026-09-25T08:00:00+00:00,0.05146797422918726,0.145,0.1495,0.14754,0.14725,2506.45,ETH-25SEP26,0.5299,0.90964,0.9267,149.0,0.0,0.004500000000000004,ETH,2501.05,0.0
2026-09-06T12:49:54.256465+00:00,ETH-25SEP26-6500-P,2506.46,ETH-25SEP26,put,6500.0,2026-09-25T08:00:00+00:00,0.05146797422918726,1.584,1.605,1.593335,1.5945,2506.46,ETH-25SEP26,1.0823,-0.99991,0.00196,0.0,0.0,0.020999999999999908,ETH,2501.06,0.0
2026-09-06T12:49:54.256465+00:00,ETH-25JUN27-4600-P,2580.52,ETH-25JUN27,put,4600.0,2027-06-25T08:00:00+00:00,0.798901239116251,0.812,0.85,0.828284,0.831,2580.52,ETH-25JUN27,0.5821999999999999,-0.80225,6.41762,0.0,0.0,0.03799999999999992,ETH,2501.05,0.0
2026-09-06T12:49:54.256465+00:00,ETH-25SEP26-5800-P,2506.46,ETH-25SEP26,put,5800.0,2026-09-25T08:00:00+00:00,0.05146797422918726,1.305,1.324,1.314057,1.3145,2506.46,ETH-25SEP26,0.9994,-0.99983,0.00368,0.0,0.0,0.019000000000000128,ETH,2501.06,0.0
2026-09-06T12:49:54.256465+00:00,ETH-10SEP26-2420-P,2501.54,ETH-10SEP26,put,2420.0,2026-09-10T08:00:00+00:00,0.010400212422205745,0.0049,0.0055,0.005245,0.0052,2501.54,ETH-10SEP26,0.4179,-0.21013,0.73577,0.0,0.0,0.0005999999999999998,ETH,2501.05,0.0
2026-09-06T12:49:54.256465+00:00,ETH-25JUN27-1200-C,2580.52,ETH-25JUN27,call,1200.0,2027-06-25T08:00:00+00:00,0.798901239116251,0.551,0.556,0.552543,0.5535,2580.52,ETH-25JUN27,0.657,0.94495,2.56918,55.0,0.0,0.0050000000000000044,ETH,2501.05,0.0
2026-09-06T12:49:54.256465+00:00,ETH-30OCT26-1200-C,2512.19,ETH-30OCT26,call,1200.0,2026-10-30T08:00:00+00:00,0.1472927517788108,0.522,0.525,0.523046,0.5235,2512.19,ETH-30OCT26,0.8253,0.99363,0.17285,0.0,0.0,0.0030000000000000027,ETH,2501.06,0.0
2026-09-06T12:49:54.256465+00:00,ETH-25SEP26-2440-P,2506.46,ETH-25SEP26,put,2440.0,2026-09-25T08:00:00+00:00,0.05146797422918726,0.0315,0.0325,0.031876,0.032,2506.46,ETH-25SEP26,0.49119999999999997,-0.38228,2.17028,75.0,1.0,0.0010000000000000009,ETH,2501.06,84.55
2026-09-06T12:49:54.256465+00:00,ETH-30OCT26-1700-C,2512.18,ETH-30OCT26,call,1700.0,2026-10-30T08:00:00+00:00,0.1472927517788108,0.326,0.33,0.327523,0.328,2512.18,ETH-30OCT26,0.6236999999999999,0.96014,0.82899,74.0,0.0,0.0040000000000000036,ETH,2501.06,0.0
2026-09-06T12:49:54.256465+00:00,ETH-25DEC26-1300-P,2525.58,ETH-25DEC26,put,1300.0,2026-12-25T08:00:00+00:00,0.3006123958582085,0.0042,0.0047,0.004464,0.00445,2525.58,ETH-25DEC26,0.6955,-0.02664,0.8541,2064.0,0.0,0.0005000000000000004,ETH,2501.06,0.0
2026-09-06T12:49:54.256465+00:00,ETH-25SEP26-2600-C,2506.45,ETH-25SEP26,call,2600.0,2026-09-25T08:00:00+00:00,0.05146797422918726,0.0295,0.0305,0.030017,0.03,2506.45,ETH-25SEP26,0.5025,0.39677,2.19342,21236.0,96.0,0.0010000000000000009,ETH,2501.05,7305.74
2026-09-06T12:49:54.256465+00:00,ETH-26MAR27-1200-P,2551.75,ETH-26MAR27,put,1200.0,2027-03-26T08:00:00+00:00,0.5497568174872297,0.0095,0.011,0.010256,0.01025,2551.75,ETH-26MAR27,0.684,-0.0408,1.65792,1661.0,0.0,0.0014999999999999996,ETH,2501.05,0.0
2026-09-06T12:49:54.256465+00:00,ETH-10SEP26-2680-C,2501.55,ETH-10SEP26,call,2680.0,2026-09-10T08:00:00+00:00,0.010400212422205745,0.0023,0.0027,0.002424,0.0025,2501.55,ETH-10SEP26,0.5157,0.10068,0.4501,1.0,1.0,0.0004000000000000002,ETH,2501.06,6.5
2026-09-06T12:49:54.256465+00:00,ETH-25SEP26-7000-P,2506.45,ETH-25SEP26,put,7000.0,2026-09-25T08:00:00+00:00,0.05146797422918726,1.783,1.8045,1.79282,1.79375,2506.45,ETH-25SEP26,1.1240999999999999,-0.99995,0.00114,0.0,0.0,0.021500000000000075,ETH,2501.05,0.0
2026-09-06T12:49:54.256465+00:00,ETH-25SEP26-1900-C,2506.45,ETH-25SEP26,call,1900.0,2026-09-25T08:00:00+00:00,0.05146797422918726,0.2415,0.2455,0.243219,0.2435,2506.45,ETH-25SEP26,0.632,0.97755,0.30372,10557.0,0.0,0.0040000000000000036,ETH,2501.05,0.0
2026-09-06T12:49:54.256465+00:00,ETH-25DEC26-2300-C,2525.59,ETH-25DEC26,call,2300.0,2026-12-25T08:00:00+00:00,0.3006123958582085,0.159,0.1615,0.16052,0.16025,2525.59,ETH-25DEC26,0.5292,0.68031,4.95314,7409.0,0.0,0.0025000000000000022,ETH,2501.05,0.0
2026-09-06T12:49:54.256465+00:00,ETH-30OCT26-3000-P,2512.21,ETH-30OCT26,put,3000.0,2026-10-30T08:00:00+00:00,0.1472927517788108,0.2145,0.225,0.219098,0.21975,2512.21,ETH-30OCT26,0.5431,-0.772,2.91513,72.0,0.0,0.01050000000000001,ETH,2501.05,0.0
2026-09-06T12:49:54.256465+00:00,ETH-8SEP26-2800-C,2500.92,ETH-8SEP26,call,2800.0,2026-09-08T08:00:00+00:00,0.004924510847941542,0.0001,0.0003,0.000186,0.0002,2500.92,ETH-8SEP26,0.6978,0.0114,0.05242,221.0,200.0,0.00019999999999999998,ETH,2501.05,200.4
2026-09-06T12:49:54.256465+00:00,ETH-30OCT26-2650-C,2512.19,ETH-30OCT26,call,2650.0,2026-10-30T08:00:00+00:00,0.1472927517788108,0.056,0.0575,0.056635,0.05675,2512.19,ETH-30OCT26,0.5165,0.43306,3.7945,868.0,13.0,0.0015000000000000013,ETH,2501.05,1598.28
2026-09-06T12:49:54.256465+00:00,ETH-11SEP26-2200-C,2501.83,ETH-11SEP26,call,2200.0,2026-09-11T08:00:00+00:00,0.013138063209337846,0.1195,0.1225,0.121387,0.121,2501.83,ETH-11SEP26,0.5965,0.9725,0.18155,201.0,0.0,0.0030000000000000027,ETH,2501.05,0.0
2026-09-06T12:49:54.256465+00:00,ETH-30OCT26-4200-C,2512.19,ETH-30OCT26,call,4200.0,2026-10-30T08:00:00+00:00,0.1472927517788108,0.0027,0.0033,0.002982,0.003,2512.19,ETH-30OCT26,0.6759999999999999,0.0322,0.69595,478.0,0.0,0.0005999999999999998,ETH,2501.05,0.0
2026-09-06T12:49:54.256465+00:00,ETH-18SEP26-2900-C,2504.08,ETH-18SEP26,call,2900.0,2026-09-18T08:00:00+00:00,0.032303018719262555,0.0043,0.0047,0.00448,0.0045,2504.08,ETH-18SEP26,0.595,0.09405,0.75548,579.0,2.0,0.0004000000000000002,ETH,2501.05,18.95
2026-09-06T12:49:54.256465+00:00,ETH-8SEP26-2560-P,2500.92,ETH-8SEP26,put,2560.0,2026-09-08T08:00:00+00:00,0.004924510847941542,0.025,0.0285,0.02676,0.02675,2500.92,ETH-8SEP26,0.3951,-0.79308,0.50144,5.0,0.0,0.0034999999999999996,ETH,2501.05,0.0
2026-09-06T12:49:54.256465+00:00,ETH-26MAR27-3700-C,2551.75,ETH-26MAR27,call,3700.0,2027-03-26T08:00:00+00:00,0.5497568174872297,0.0495,0.052,0.05077,0.05075,2551.75,ETH-26MAR27,0.563,0.24815,5.99251,1531.0,0.0,0.0024999999999999953,ETH,2501.05,0.0
2026-09-06T12:49:54.256465+00:00,ETH-26MAR27-5000-C,2551.75,ETH-26MAR27,call,5000.0,2027-03-26T08:00:00+00:00,0.5497568174872297,0.0165,0.0185,0.017449,0.0175,2551.75,ETH-26MAR27,0.5999,0.09876,3.2923,2449.0,0.0,0.0019999999999999983,ETH,2501.05,0.0
2026-09-06T12:49:54.256465+00:00,ETH-9SEP26-2520-C,2501.25,ETH-9SEP26,call,2520.0,2026-09-09T08:00:00+00:00,0.0076623616350736425,0.01,0.011,0.010416,0.0105,2501.25,ETH-9SEP26,0.395,0.42456,0.85802,56.0,54.0,0.0009999999999999992,ETH,2501.05,1098.47
2026-09-06T12:49:54.256465+00:00,ETH-10SEP26-2440-C,2501.54,ETH-10SEP26,call,2440.0,2026-09-10T08:00:00+00:00,0.010400212422205745,0.03,0.0325,0.031642,0.03125,2501.54,ETH-10SEP26,0.41100000000000003,0.73316,0.83883,0.0,0.0,0.0025000000000000022,ETH,2501.05,0.0
2026-09-06T12:49:54.256465+00:00,ETH-26MAR27-1200-C,2551.75,ETH-26MAR27,call,1200.0,2027-03-26T08:00:00+00:00,0.5497568174872297,0.538,0.542,0.539984,0.54,2551.75,ETH-26MAR27,0.684,0.9592,1.65792,68.0,0.0,0.0040000000000000036,ETH,2501.05,0.0
2026-09-06T12:49:54.256465+00:00,ETH-25SEP26-2700-P,2506.45,ETH-25SEP26,put,2700.0,2026-09-25T08:00:00+00:00,0.05146797422918726,0.096,0.098,0.096735,0.097,2506.45,ETH-25SEP26,0.5183,-0.71603,1.9283,557.0,0.0,0.0020000000000000018,ETH,2501.05,0.0
2026-09-06T12:49:54.256465+00:00,ETH-11SEP26-2450-P,2501.84,ETH-11SEP26,put,2450.0,2026-09-11T08:00:00+00:00,0.013138063209337846,0.01,0.011,0.010336,0.0105,2501.84,ETH-11SEP26,0.4179,-0.32011,1.02609,2265.0,49.0,0.0009999999999999992,ETH,2501.05,1295.26
2026-09-06T12:49:54.256465+00:00,ETH-26MAR27-2500-C,2551.75,ETH-26MAR27,call,2500.0,2027-03-26T08:00:00+00:00,0.5497568174872297,0.1675,0.1705,0.169082,0.169,2551.75,ETH-26MAR27,0.5457,0.60015,7.31358,9835.0,3.0,0.0030000000000000027,ETH,2501.05,1220.05
2026-09-06T12:49:54.256465+00:00,ETH-7SEP26-2350-P,2500.67,ETH-7SEP26,put,2350.0,2026-09-07T08:00:00+00:00,0.0021866600608094404,,0.0002,5.3e-05,,2500.67,ETH-7SEP26,0.5377000000000001,-0.00623,0.02055,20.0,20.0,,ETH,2501.05,7.52
2026-09-06T12:49:54.256465+00:00,ETH-25SEP26-2300-C,2506.45,ETH-25SEP26,call,2300.0,2026-09-25T08:00:00+00:00,0.05146797422918726,0.095,0.097,0.096328,0.096,2506.45,ETH-25SEP26,0.4986,0.79359,1.62317,14119.0,0.0,0.0020000000000000018,ETH,2501.05,0.0
2026-09-06T12:49:54.256465+00:00,ETH-8SEP26-2250-P,2500.92,ETH-8SEP26,put,2250.0,2026-09-08T08:00:00+00:00,0.004924510847941542,,0.0003,0.000199,,2500.92,ETH-8SEP26,0.6743000000000001,-0.01175,0.05382,235.0,240.0,,ETH,2501.05,86.88
2026-09-06T12:49:54.256465+00:00,ETH-25SEP26-1400-P,2506.45,ETH-25SEP26,put,1400.0,2026-09-25T08:00:00+00:00,0.05146797422918726,0.0002,0.0003,0.000211,0.00025,2506.45,ETH-25SEP26,0.9721,-0.00295,0.05121,11566.0,30.0,9.999999999999996e-05,ETH,2501.05,22.52
2026-09-06T12:49:54.256465+00:00,ETH-26MAR27-1500-P,2551.75,ETH-26MAR27,put,1500.0,2027-03-26T08:00:00+00:00,0.5497568174872297,0.0205,0.022,0.021187,0.02125,2551.75,ETH-26MAR27,0.6191,-0.08269,2.88571,4076.0,0.0,0.0014999999999999979,ETH,2501.05,0.0
2026-09-06T12:49:54.256465+00:00,ETH-27NOV26-2850-C,2519.45,ETH-27NOV26,call,2850.0,2026-11-27T08:00:00+00:00,0.22395257381850964,0.053,0.054,0.053573,0.0535,2519.45,ETH-27NOV26,0.5317000000000001,0.3584,4.45651,11.0,0.0,0.0010000000000000009,ETH,2501.05,0.0
2026-09-06T12:49:54.256465+00:00,ETH-9SEP26-2250-P,2501.23,ETH-9SEP26,put,2250.0,2026-09-09T08:00:00+00:00,0.0076623616350736425,0.0002,0.0006,0.000429,0.0004,2501.23,ETH-9SEP26,0.6052000000000001,-0.02114,0.11116,251.0,1.0,0.00039999999999999996,ETH,2501.05,1.0
2026-09-06T12:49:54.256465+00:00,ETH-25SEP26-2550-P,2506.45,ETH-25SEP26,put,2550.0,2026-09-25T08:00:00+00:00,0.05146797422918726,0.054,0.0555,0.054609,0.05475,2506.45,ETH-25SEP26,0.49729999999999996,-0.53727,2.25993,45.0,15.0,0.0015000000000000013,ETH,2501.08,2158.21
2026-09-06T12:49:54.256465+00:00,ETH-25JUN27-2700-P,2580.52,ETH-25JUN27,put,2700.0,2027-06-25T08:00:00+00:00,0.798901239116251,0.221,0.227,0.224778,0.224,2580.52,ETH-25JUN27,0.5559000000000001,-0.43721,9.09322,7.0,0.0,0.006000000000000005,ETH,2501.05,0.0
2026-09-06T12:49:54.256465+00:00,ETH-25JUN27-2900-C,2580.52,ETH-25JUN27,call,2900.0,2027-06-25T08:00:00+00:00,0.798901239116251,0.1505,0.1545,0.152363,0.1525,2580.52,ETH-25JUN27,0.5566,0.50596,9.20648,283.0,0.0,0.0040000000000000036,ETH,2501.05,0.0
2026-09-06T12:49:54.256465+00:00,ETH-7SEP26-2360-P,2500.67,ETH-7SEP26,put,2360.0,2026-09-07T08:00:00+00:00,0.0021866600608094404,,0.0001,8e-05,,2500.67,ETH-7SEP26,0.531,-0.00918,0.02889,251.0,159.0,,ETH,2501.05,119.64
2026-09-06T12:49:54.256465+00:00,ETH-25JUN27-1700-P,2580.52,ETH-25JUN27,put,1700.0,2027-06-25T08:00:00+00:00,0.798901239116251,0.049,0.052,0.050569,0.0505,2580.52,ETH-25JUN27,0.5868,-0.14493,5.2588,3041.0,0.0,0.0029999999999999957,ETH,2501.08,0.0
2026-09-06T12:49:54.256465+00:00,ETH-30OCT26-1200-P,2512.21,ETH-30OCT26,put,1200.0,2026-10-30T08:00:00+00:00,0.1472927517788108,0.0005,0.001,0.000723,0.00075,2512.21,ETH-30OCT26,0.8253,-0.00637,0.17285,2674.0,0.0,0.0005,ETH,2501.08,0.0
2026-09-06T12:49:54.256465+00:00,ETH-10SEP26-2640-P,2501.54,ETH-10SEP26,put,2640.0,2026-09-10T08:00:00+00:00,0.010400212422205745,0.056,0.063,0.058997,0.0595,2501.54,ETH-10SEP26,0.48810000000000003,-0.85328,0.58628,0.0,0.0,0.006999999999999999,ETH,2501.08,0.0
2026-09-06T12:49:54.256465+00:00,ETH-18SEP26-2400-P,2504.08,ETH-18SEP26,put,2400.0,2026-09-18T08:00:00+00:00,0.032303018719262555,0.0165,0.0175,0.016956,0.017,2504.08,ETH-18SEP26,0.4806,-0.2955,1.55494,1159.0,3.0,0.0010000000000000009,ETH,2501.08,139.01
2026-09-06T12:49:54.256465+00:00,ETH-26MAR27-1500-C,2551.75,ETH-26MAR27,call,1500.0,2027-03-26T08:00:00+00:00,0.5497568174872297,0.4315,0.4355,0.433345,0.4335,2551.75,ETH-26MAR27,0.6191,0.91732,2.88559,242.0,0.0,0.0040000000000000036,ETH,2501.09,0.0
2026-09-06T12:49:54.256465+00:00,ETH-10SEP26-2340-P,2501.54,ETH-10SEP26,put,2340.0,2026-09-10T08:00:00+00:00,0.010400212422205745,0.0014,0.0018,0.001597,0.0016,2501.54,ETH-10SEP26,0.461,-0.07352,0.35582,0.0,0.0,0.00039999999999999996,ETH,2501.08,0.0
2026-09-06T12:49:54.256465+00:00,ETH-11SEP26-2400-C,2501.83,ETH-11SEP26,call,2400.0,2026-09-11T08:00:00+00:00,0.013138063209337846,0.045,0.047,0.045967,0.046,2501.83,ETH-11SEP26,0.4265,0.81084,0.7764,1300.0,13.0,0.0020000000000000018,ETH,2501.08,1403.2
2026-09-06T12:49:54.256465+00:00,ETH-30OCT26-2450-P,2512.21,ETH-30OCT26,put,2450.0,2026-10-30T08:00:00+00:00,0.1472927517788108,0.0645,0.066,0.065281,0.06525,2512.21,ETH-30OCT26,0.5101,-0.41002,3.7505,290.0,1.0,0.0015000000000000013,ETH,2501.08,180.65
2026-09-06T12:49:54.256465+00:00,ETH-25SEP26-3800-C,2506.46,ETH-25SEP26,call,3800.0,2026-09-25T08:00:00+00:00,0.05146797422918726,0.0006,0.0009,0.00072,0.00075,2506.46,ETH-25SEP26,0.785,0.0124,0.18278,4277.0,2501.0,0.00030000000000000003,ETH,2501.09,4390.37
2026-09-06T12:49:54.256465+00:00,ETH-27NOV26-2600-P,2519.45,ETH-27NOV26,put,2600.0,2026-11-27T08:00:00+00:00,0.22395257381850964,0.1165,0.118,0.11682,0.11725,2519.45,ETH-27NOV26,0.5226,-0.50092,4.75954,131.0,0.0,0.0014999999999999875,ETH,2501.08,0.0
2026-09-06T12:49:54.256465+00:00,ETH-27NOV26-3000-P,2519.45,ETH-27NOV26,put,3000.0,2026-11-27T08:00:00+00:00,0.22395257381850964,0.2235,0.238,0.23149,0.23075,2519.45,ETH-27NOV26,0.5394,-0.71047,4.08074,10.0,0.0,0.014499999999999985,ETH,2501.08,0.0
2026-09-06T12:49:54.256465+00:00,ETH-10SEP26-2200-P,2501.54,ETH-10SEP26,put,2200.0,2026-09-10T08:00:00+00:00,0.010400212422205745,0.0002,0.0004,0.000326,0.0003,2501.54,ETH-10SEP26,0.5885,-0.01478,0.09545,200.0,200.0,0.0002,ETH,2501.09,150.14
2026-09-06T12:49:54.256465+00:00,ETH-10SEP26-2480-C,2501.54,ETH-10SEP26,call,2480.0,2026-09-10T08:00:00+00:00,0.010400212422205745,0.021,0.022,0.021378,0.0215,2501.54,ETH-10SEP26,0.4129,0.59247,0.99065,0.0,0.0,0.0009999999999999974,ETH,2501.09,0.0
2026-09-06T12:49:54.256465+00:00,ETH-9SEP26-2520-P,2501.25,ETH-9SEP26,put,2520.0,2026-09-09T08:00:00+00:00,0.0076623616350736425,0.0175,0.0185,0.017924,0.018,2501.25,ETH-9SEP26,0.395,-0.57522,0.85813,0.0,0.0,0.0009999999999999974,ETH,2501.09,0.0
2026-09-06T12:49:54.256465+00:00,ETH-9SEP26-2500-P,2501.23,ETH-9SEP26,put,2500.0,2026-09-09T08:00:00+00:00,0.0076623616350736425,0.0125,0.014,0.01333,0.01325,2501.23,ETH-9SEP26,0.3887,-0.4838,0.87298,220.0,219.0,0.0014999999999999996,ETH,2501.09,6191.36
2026-09-06T12:49:54.256465+00:00,ETH-25SEP26-3300-C,2506.46,ETH-25SEP26,call,3300.0,2026-09-25T08:00:00+00:00,0.05146797422918726,0.0021,0.0025,0.00229,0.0023,2506.46,ETH-25SEP26,0.6629999999999999,0.03999,0.4902,20567.0,0.0,0.0004000000000000002,ETH,2501.09,0.0
2026-09-06T12:49:54.256465+00:00,ETH-30OCT26-1950-P,2512.18,ETH-30OCT26,put,1950.0,2026-10-30T08:00:00+00:00,0.1472927517788108,0.0105,0.0115,0.010971,0.011,2512.18,ETH-30OCT26,0.5586,-0.09854,1.67499,900.0,13.0,0.0009999999999999992,ETH,2501.09,383.67
2026-09-06T12:49:54.256465+00:00,ETH-18SEP26-2600-C,2504.08,ETH-18SEP26,call,2600.0,2026-09-18T08:00:00+00:00,0.032303018719262555,0.0205,0.0215,0.020804,0.021,2504.08,ETH-18SEP26,0.5041,0.35749,1.68063,1079.0,7.0,0.0009999999999999974,ETH,2501.09,365.85
2026-09-06T12:49:54.256465+00:00,ETH-9SEP26-2660-C,2501.23,ETH-9SEP26,call,2660.0,2026-09-09T08:00:00+00:00,0.0076623616350736425,0.0016,0.0019,0.001748,0.00175,2501.23,ETH-9SEP26,0.5085000000000001,0.088,0.34975,109.0,109.0,0.0002999999999999999,ETH,2501.09,345.37
2026-09-06T12:49:54.256465+00:00,ETH-26MAR27-3300-C,2551.75,ETH-26MAR27,call,3300.0,2027-03-26T08:00:00+00:00,0.5497568174872297,0.0735,0.076,0.074628,0.07475,2551.75,ETH-26MAR27,0.5537,0.33727,6.9156,2246.0,0.0,0.0025000000000000022,ETH,2501.09,0.0
2026-09-06T12:49:54.256465+00:00,ETH-18SEP26-2500-C,2504.08,ETH-18SEP26,call,2500.0,2026-09-18T08:00:00+00:00,0.032303018719262555,0.035,0.0365,0.035632,0.03575,2504.08,ETH-18SEP26,0.486,0.52632,1.79259,1342.0,9.0,0.0014999999999999944,ETH,2501.09,683.4
2026-09-06T12:49:54.256465+00:00,ETH-25JUN27-4200-P,2580.52,ETH-25JUN27,put,4200.0,2027-06-25T08:00:00+00:00,0.798901239116251,0.6715,0.706,0.686588,0.68875,2580.52,ETH-25JUN27,0.5746,-0.75511,7.25391,3.0,0.0,0.034499999999999975,ETH,2501.09,0.0
2026-09-06T12:49:54.256465+00:00,ETH-25SEP26-2200-P,2506.45,ETH-25SEP26,put,2200.0,2026-09-25T08:00:00+00:00,0.05146797422918726,0.007,0.0075,0.007376,0.00725,2506.45,ETH-25SEP26,0.5172,-0.12044,1.14114,9932.0,8.0,0.0004999999999999996,ETH,2501.08,174.15
2026-09-06T12:49:54.256465+00:00,ETH-25DEC26-1300-C,2525.59,ETH-25DEC26,call,1300.0,2026-12-25T08:00:00+00:00,0.3006123958582085,0.4885,0.492,0.489731,0.49025,2525.59,ETH-25DEC26,0.6955,0.97336,0.85403,50.0,0.0,0.003500000000000003,ETH,2501.09,0.0
2026-09-06T12:49:54.256465+00:00,ETH-27NOV26-2550-C,2519.45,ETH-27NOV26,call,2550.0,2026-11-27T08:00:00+00:00,0.22395257381850964,0.092,0.0935,0.092925,0.09275,2519.45,ETH-27NOV26,0.5217,0.53027,4.74592,124.0,0.0,0.0015000000000000013,ETH,2501.09,0.0
2026-09-06T12:49:54.256465+00:00,ETH-25SEP26-3200-P,2506.45,ETH-25SEP26,put,3200.0,2026-09-25T08:00:00+00:00,0.05146797422918726,0.276,0.285,0.279725,0.2805,2506.45,ETH-25SEP26,0.6351,-0.94743,0.61067,1323.0,0.0,0.008999999999999952,ETH,2501.08,0.0
2026-09-06T12:49:54.256465+00:00,ETH-8SEP26-2460-P,2500.94,ETH-8SEP26,put,2460.0,2026-09-08T08:00:00+00:00,0.004924510847941542,0.0032,0.0037,0.003456,0.00345,2500.94,ETH-8SEP26,0.34119999999999995,-0.23721,0.54215,647.0,26.0,0.0005,ETH,2501.08,323.55
2026-09-06T12:49:54.256465+00:00,ETH-26MAR27-3000-C,2551.75,ETH-26MAR27,call,3000.0,2027-03-26T08:00:00+00:00,0.5497568174872297,0.0995,0.102,0.100949,0.10075,2551.75,ETH-26MAR27,0.5484,0.4232,7.41262,6743.0,0.0,0.0024999999999999883,ETH,2501.08,0.0
2026-09-06T12:49:54.256465+00:00,ETH-25SEP26-1200-P,2506.45,ETH-25SEP26,put,1200.0,2026-09-25T08:00:00+00:00,0.05146797422918726,0.0001,0.0002,8.9e-05,0.00015,2506.45,ETH-25SEP26,1.1127,-0.00117,0.02205,12309.0,60.0,0.0001,ETH,2501.08,29.74
2026-09-06T12:49:54.256465+00:00,ETH-18SEP26-2200-C,2504.09,ETH-18SEP26,call,2200.0,2026-09-18T08:00:00+00:00,0.032303018719262555,0.123,0.1275,0.1247,0.12525,2504.09,ETH-18SEP26,0.5182,0.9251,0.63682,0.0,0.0,0.004500000000000004,ETH,2501.08,0.0
2026-09-06T12:49:54.256465+00:00,ETH-30OCT26-1700-P,2512.18,ETH-30OCT26,put,1700.0,2026-10-30T08:00:00+00:00,0.1472927517788108,0.0039,0.0045,0.004232,0.0042,2512.18,ETH-30OCT26,0.6236999999999999,-0.03985,0.82881,1484.0,0.0,0.0005999999999999998,ETH,2501.08,0.0
2026-09-06T12:49:54.256465+00:00,ETH-25DEC26-1900-P,2525.59,ETH-25DEC26,put,1900.0,2026-12-25T08:00:00+00:00,0.3006123958582085,0.025,0.026,0.025538,0.0255,2525.59,ETH-25DEC26,0.5621,-0.1404,3.09016,5176.0,0.0,0.0009999999999999974,ETH,2501.08,0.0
2026-09-06T12:49:54.256465+00:00,ETH-25SEP26-7200-C,2506.46,ETH-25SEP26,call,7200.0,2026-09-25T08:00:00+00:00,0.05146797422918726,,0.0002,3e-06,,2506.46,ETH-25SEP26,1.1496,5e-05,0.00107,1772.0,0.0,,ETH,2501.07,0.0
2026-09-06T12:49:54.256465+00:00,ETH-11SEP26-2800-C,2501.83,ETH-11SEP26,call,2800.0,2026-09-11T08:00:00+00:00,0.013138063209337846,0.0015,0.0018,0.001609,0.00165,2501.83,ETH-11SEP26,0.6047,0.05656,0.32624,6216.0,145.0,0.0002999999999999999,ETH,2501.07,429.05
2026-09-06T12:49:54.256465+00:00,ETH-8SEP26-2500-P,2500.92,ETH-8SEP26,put,2500.0,2026-09-08T08:00:00+00:00,0.004924510847941542,0.009,0.01,0.009402,0.0095,2500.92,ETH-8SEP26,0.3423,-0.48352,0.69961,75.0,72.0,0.0010000000000000009,ETH,2501.07,1638.28
2026-09-06T12:49:54.256465+00:00,ETH-25JUN27-3200-C,2580.52,ETH-25JUN27,call,3200.0,2027-06-25T08:00:00+00:00,0.798901239116251,0.119,0.1225,0.120616,0.12075,2580.52,ETH-25JUN27,0.5589,0.42856,9.05966,1379.0,0.0,0.003500000000000003,ETH,2501.07,0.0
2026-09-06T12:49:54.256465+00:00,ETH-27NOV26-3800-P,2519.45,ETH-27NOV26,put,3800.0,2026-11-27T08:00:00+00:00,0.22395257381850964,0.513,0.529,0.519303,0.521,2519.45,ETH-27NOV26,0.5947,-0.90624,1.99701,0.0,0.0,0.016000000000000014,ETH,2501.08,0.0
2026-09-06T12:49:54.256465+00:00,ETH-11SEP26-2500-C,2501.82,ETH-11SEP26,call,2500.0,2026-09-11T08:00:00+00:00,0.013138063209337846,0.0195,0.0205,0.019966,0.02,2501.82,ETH-11SEP26,0.42869999999999997,0.51843,1.14331,5033.0,9.0,0.0010000000000000009,ETH,2501.07,449.05
2026-09-06T12:49:54.256465+00:00,ETH-25SEP26-6600-C,2506.45,ETH-25SEP26,call,6600.0,2026-09-25T08:00:00+00:00,0.05146797422918726,,0.0001,4e-06,,2506.45,ETH-25SEP26,1.0931,8e-05,0.00181,1986.0,0.0,,ETH,2501.07,0.0
2026-09-06T12:49:54.256465+00:00,ETH-7SEP26-2350-C,2500.67,ETH-7SEP26,call,2350.0,2026-09-07T08:00:00+00:00,0.0021866600608094404,0.057,0.063,0.060294,0.06,2500.67,ETH-7SEP26,0.5377000000000001,0.99378,0.02052,0.0,0.0,0.005999999999999998,ETH,2501.07,0.0
2026-09-06T12:49:54.256465+00:00,ETH-7SEP26-2320-P,2500.67,ETH-7SEP26,put,2320.0,2026-09-07T08:00:00+00:00,0.0021866600608094404,,0.0001,4.6e-05,,2500.67,ETH-7SEP26,0.6254,-0.00477,0.01619,501.0,186.0,,ETH,2501.07,71.2
2026-09-06T12:49:54.256465+00:00,ETH-30OCT26-1600-C,2512.19,ETH-30OCT26,call,1600.0,2026-10-30T08:00:00+00:00,0.1472927517788108,0.3645,0.368,0.366008,0.36625,2512.19,ETH-30OCT26,0.6557999999999999,0.97252,0.61029,68.0,0.0,0.003500000000000003,ETH,2501.07,0.0
2026-09-06T12:49:54.256465+00:00,ETH-7SEP26-2660-C,2500.67,ETH-7SEP26,call,2660.0,2026-09-07T08:00:00+00:00,0.0021866600608094404,0.0001,0.0004,0.000198,0.00025,2500.67,ETH-7SEP26,0.6304,0.01909,0.05438,262.0,125.0,0.00030000000000000003,ETH,2501.07,44.34
2026-09-06T12:49:54.256465+00:00,ETH-25SEP26-2350-P,2506.45,ETH-25SEP26,put,2350.0,2026-09-25T08:00:00+00:00,0.05146797422918726,0.0185,0.0195,0.019018,0.019,2506.45,ETH-25SEP26,0.4935,-0.26293,1.85621,46.0,38.0,0.0010000000000000009,ETH,2501.07,1975.62
2026-09-06T12:49:54.256465+00:00,ETH-8SEP26-2600-P,2500.92,ETH-8SEP26,put,2600.0,2026-09-08T08:00:00+00:00,0.004924510847941542,0.0375,0.046,0.041287,0.04175,2500.92,ETH-8SEP26,0.4474,-0.88726,0.33591,2.0,0.0,0.0085,ETH,2501.07,0.0
2026-09-06T12:49:54.256465+00:00,ETH-7SEP26-2400-P,2500.67,ETH-7SEP26,put,2400.0,2026-09-07T08:00:00+00:00,0.0021866600608094404,0.0001,0.0003,0.000265,0.0002,2500.67,ETH-7SEP26,0.47240000000000004,-0.02911,0.07756,1290.0,762.0,0.00019999999999999998,ETH,2501.07,1635.31
2026-09-06T12:49:54.256465+00:00,ETH-8SEP26-2280-C,2500.93,ETH-8SEP26,call,2280.0,2026-09-08T08:00:00+00:00,0.004924510847941542,0.085,0.0915,0.088554,0.08825,2500.93,ETH-8SEP26,0.611,0.98562,0.06409,0.0,0.0,0.006499999999999992,ETH,2501.07,0.0
2026-09-06T12:49:54.256465+00:00,ETH-26MAR27-3100-C,2551.75,ETH-26MAR27,call,3100.0,2027-03-26T08:00:00+00:00,0.5497568174872297,0.0895,0.0925,0.091169,0.091,2551.75,ETH-26MAR27,0.5499,0.39261,7.27766,2006.0,0.0,0.0030000000000000027,ETH,2501.07,0.0
2026-09-06T12:49:54.256465+00:00,ETH-11SEP26-2300-C,2501.83,ETH-11SEP26,call,2300.0,2026-09-11T08:00:00+00:00,0.013138063209337846,0.0805,0.085,0.08223,0.08275,2501.83,ETH-11SEP26,0.48810000000000003,0.93783,0.35137,112.0,0.0,0.004500000000000004,ETH,2501.07,0.0
2026-09-06T12:49:54.256465+00:00,ETH-9SEP26-2620-C,2501.25,ETH-9SEP26,call,2620.0,2026-09-09T08:00:00+00:00,0.0076623616350736425,0.0025,0.0029,0.002688,0.0027,2501.25,ETH-9SEP26,0.4675,0.13453,0.47437,63.0,63.0,0.00039999999999999975,ETH,2501.07,376.63
2026-09-06T12:49:54.256465+00:00,ETH-11SEP26-3000-C,2501.83,ETH-11SEP26,call,3000.0,2026-09-11T08:00:00+00:00,0.013138063209337846,0.0004,0.0007,0.000528,0.00055,2501.83,ETH-11SEP26,0.7383,0.0179,0.12642,5204.0,79.0,0.0003,ETH,2501.07,58.82
2026-09-06T12:49:54.256465+00:00,ETH-25SEP26-2400-P,2506.46,ETH-25SEP26,put,2400.0,2026-09-25T08:00:00+00:00,0.05146797422918726,0.025,0.026,0.025488,0.0255,2506.46,ETH-25SEP26,0.49079999999999996,-0.32701,2.05298,7644.0,72.0,0.0009999999999999974,ETH,2501.07,5194.77
2026-09-06T12:49:54.256465+00:00,ETH-25SEP26-2900-P,2506.45,ETH-25SEP26,put,2900.0,2026-09-25T08:00:00+00:00,0.05146797422918726,0.162,0.17,0.165457,0.166,2506.45,ETH-25SEP26,0.5583,-0.86107,1.25982,799.0,0.0,0.008000000000000007,ETH,2501.07,0.0
2026-09-06T12:49:54.256465+00:00,ETH-25JUN27-6000-P,2580.52,ETH-25JUN27,put,6000.0,2027-06-25T08:00:00+00:00,0.798901239116251,1.3235,1.376,1.346336,1.34975,2580.52,ETH-25JUN27,0.6093999999999999,-0.89893,4.08207,1.0,1.0,0.05249999999999999,ETH,2501.07,3378.63
2026-09-06T12:49:54.256465+00:00,ETH-25SEP26-15000-C,2506.45,ETH-25SEP26,call,15000.0,2026-09-25T08:00:00+00:00,0.05146797422918726,,0.0001,2e-06,,2506.45,ETH-25SEP26,1.8378999999999999,2e-05,0.00055,2390.0,0.0,,ETH,2501.07,0.0
2026-09-06T12:49:54.256465+00:00,ETH-25SEP26-5600-C,2506.45,ETH-25SEP26,call,5600.0,2026-09-25T08:00:00+00:00,0.05146797422918726,,0.0001,9e-06,,2506.45,ETH-25SEP26,0.9643,0.00018,0.00398,8185.0,0.0,,ETH,2501.07,0.0
2026-09-06T12:49:54.256465+00:00,ETH-25JUN27-3100-C,2580.52,ETH-25JUN27,call,3100.0,2027-06-25T08:00:00+00:00,0.798901239116251,0.1285,0.1325,0.130421,0.1305,2580.52,ETH-25JUN27,0.5583,0.45337,9.14472,209.0,0.0,0.0040000000000000036,ETH,2501.07,0.0
2026-09-06T12:49:54.256465+00:00,ETH-26MAR27-2700-C,2551.75,ETH-26MAR27,call,2700.0,2027-03-26T08:00:00+00:00,0.5497568174872297,0.136,0.139,0.13756,0.1375,2551.75,ETH-26MAR27,0.5457,0.52536,7.5377,3034.0,0.0,0.0030000000000000027,ETH,2501.07,0.0
2026-09-06T12:49:54.256465+00:00,ETH-7SEP26-2680-P,2500.65,ETH-7SEP26,put,2680.0,2026-09-07T08:00:00+00:00,0.0021866600608094404,0.069,0.076,0.07184,0.0725,2500.65,ETH-7SEP26,0.6448999999999999,-0.9885,0.03518,0.0,0.0,0.006999999999999992,ETH,2501.07,0.0
2026-09-06T12:49:54.256465+00:00,ETH-25SEP26-3000-P,2506.45,ETH-25SEP26,put,3000.0,2026-09-25T08:00:00+00:00,0.05146797422918726,0.199,0.2075,0.202782,0.20325,2506.45,ETH-25SEP26,0.5845,-0.90075,0.99303,7499.0,0.0,0.00849999999999998,ETH,2501.07,0.0
2026-09-06T12:49:54.256465+00:00,ETH-25DEC26-3600-P,2525.58,ETH-25DEC26,put,3600.0,2026-12-25T08:00:00+00:00,0.3006123958582085,0.4375,0.457,0.448366,0.44725,2525.58,ETH-25DEC26,0.5640999999999999,-0.83891,3.3865,93.0,0.0,0.019500000000000017,ETH,2501.07,0.0
2026-09-06T12:49:54.256465+00:00,ETH-25SEP26-5000-C,2506.46,ETH-25SEP26,call,5000.0,2026-09-25T08:00:00+00:00,0.05146797422918726,,0.0002,3.8e-05,,2506.46,ETH-25SEP26,0.9238,0.00072,0.0141,4611.0,0.0,,ETH,2501.07,0.0
2026-09-06T12:49:54.256465+00:00,ETH-10SEP26-2640-C,2501.54,ETH-10SEP26,call,2640.0,2026-09-10T08:00:00+00:00,0.010400212422205745,0.0034,0.004,0.003634,0.0037,2501.54,ETH-10SEP26,0.48810000000000003,0.1468,0.58651,0.0,0.0,0.0006000000000000003,ETH,2501.07,0.0
2026-09-06T12:49:54.256465+00:00,ETH-25JUN27-2200-C,2580.5,ETH-25JUN27,call,2200.0,2027-06-25T08:00:00+00:00,0.798901239116251,0.264,0.2685,0.265862,0.26625,2580.5,ETH-25JUN27,0.5600999999999999,0.71552,7.82887,1055.0,0.0,0.004500000000000004,ETH,2501.07,0.0
2026-09-06T12:49:54.256465+00:00,ETH-25DEC26-3600-C,2525.59,ETH-25DEC26,call,3600.0,2026-12-25T08:00:00+00:00,0.3006123958582085,0.0225,0.0235,0.022951,0.023,2525.59,ETH-25DEC26,0.5640999999999999,0.16109,3.38645,2545.0,0.0,0.0010000000000000009,ETH,2501.07,0.0
2026-09-06T12:49:54.256465+00:00,ETH-18SEP26-2000-P,2504.08,ETH-18SEP26,put,2000.0,2026-09-18T08:00:00+00:00,0.032303018719262555,0.0008,0.0011,0.000902,0.00095,2504.08,ETH-18SEP26,0.6308,-0.02053,0.22296,2122.0,10.0,0.00030000000000000003,ETH,2501.07,24.57
2026-09-06T12:49:54.256465+00:00,ETH-25DEC26-9000-C,2525.59,ETH-25DEC26,call,9000.0,2026-12-25T08:00:00+00:00,0.3006123958582085,0.0002,0.0007,0.00039,0.00045,2525.59,ETH-25DEC26,0.7905,0.00333,0.13925,2069.0,0.0,0.0005,ETH,2501.07,0.0
2026-09-06T12:49:54.256465+00:00,ETH-25JUN27-900-C,2580.52,ETH-25JUN27,call,900.0,2027-06-25T08:00:00+00:00,0.798901239116251,0.6585,0.662,0.659711,0.66025,2580.52,ETH-25JUN27,0.7326999999999999,0.97357,1.41338,0.0,0.0,0.0035000000000000586,ETH,2501.07,0.0
2026-09-06T12:49:54.256465+00:00,ETH-30OCT26-2350-C,2512.18,ETH-30OCT26,call,2350.0,2026-10-30T08:00:00+00:00,0.1472927517788108,0.111,0.113,0.112119,0.112,2512.18,ETH-30OCT26,0.5103,0.67012,3.4934,246.0,0.0,0.0020000000000000018,ETH,2501.07,0.0
2026-09-06T12:49:54.256465+00:00,ETH-25SEP26-2700-C,2506.45,ETH-25SEP26,call,2700.0,2026-09-25T08:00:00+00:00,0.05146797422918726,0.019,0.02,0.019505,0.0195,2506.45,ETH-25SEP26,0.5183,0.28401,1.92847,11111.0,53.0,0.0010000000000000009,ETH,2501.07,2393.44
2026-09-06T12:49:54.256465+00:00,ETH-25SEP26-11000-C,2506.46,ETH-25SEP26,call,11000.0,2026-09-25T08:00:00+00:00,0.05146797422918726,,0.0001,2e-06,,2506.46,ETH-25SEP26,1.5529,3e-05,0.0007,3423.0,0.0,,ETH,2501.07,0.0
2026-09-06T12:49:54.256465+00:00,ETH-30OCT26-2750-C,2512.18,ETH-30OCT26,call,2750.0,2026-10-30T08:00:00+00:00,0.1472927517788108,0.0445,0.0455,0.044758,0.045,2512.18,ETH-30OCT26,0.5231,0.36383,3.62243,652.0,0.0,0.0010000000000000009,ETH,2501.07,0.0
2026-09-06T12:49:54.256465+00:00,ETH-25JUN27-3700-C,2580.5,ETH-25JUN27,call,3700.0,2027-06-25T08:00:00+00:00,0.798901239116251,0.0815,0.085,0.083311,0.08325,2580.5,ETH-25JUN27,0.5660000000000001,0.32335,8.28952,10.0,0.0,0.003500000000000003,ETH,2501.07,0.0
2026-09-06T12:49:54.256465+00:00,ETH-25SEP26-10000-P,2506.45,ETH-25SEP26,put,10000.0,2026-09-25T08:00:00+00:00,0.05146797422918726,2.9755,3.0085,2.989741,2.992,2506.45,ETH-25SEP26,1.4631999999999998,-0.99997,0.00076,759.0,0.0,0.03300000000000036,ETH,2501.07,0.0
2026-09-06T12:49:54.256465+00:00,ETH-25DEC26-2200-C,2525.59,ETH-25DEC26,call,2200.0,2026-12-25T08:00:00+00:00,0.3006123958582085,0.1835,0.186,0.185081,0.18475,2525.59,ETH-25DEC26,0.5336,0.73205,4.56415,52403.0,2.0,0.0025000000000000022,ETH,2501.07,917.64
2026-09-06T12:49:54.256465+00:00,ETH-26MAR27-2100-P,2551.75,ETH-26MAR27,put,2100.0,2027-03-26T08:00:00+00:00,0.5497568174872297,0.075,0.0775,0.076155,0.07625,2551.75,ETH-26MAR27,0.5549000000000001,-0.24827,5.9941,709.0,0.0,0.0025000000000000022,ETH,2501.07,0.0
2026-09-06T12:49:54.256465+00:00,ETH-11SEP26-2700-C,2501.84,ETH-11SEP26,call,2700.0,2026-09-11T08:00:00+00:00,0.013138063209337846,0.0031,0.0035,0.003268,0.0033,2501.84,ETH-11SEP26,0.5349,0.1137,0.55239,2839.0,991.0,0.0004000000000000002,ETH,2501.07,5220.79
2026-09-06T12:49:54.256465+00:00,ETH-8SEP26-2340-P,2500.93,ETH-8SEP26,put,2340.0,2026-09-08T08:00:00+00:00,0.004924510847941542,0.0002,0.0005,0.000336,0.00035,2500.93,ETH-8SEP26,0.4899,-0.02488,0.10217,128.0,1.0,0.00030000000000000003,ETH,2501.07,1.26
2026-09-06T12:49:54.256465+00:00,ETH-18SEP26-2800-C,2504.08,ETH-18SEP26,call,2800.0,2026-09-18T08:00:00+00:00,0.032303018719262555,0.0065,0.0075,0.007053,0.007,2504.08,ETH-18SEP26,0.5573,0.14378,1.02056,19598.0,50.0,0.001,ETH,2501.07,744.63
2026-09-06T12:49:54.256465+00:00,ETH-27NOV26-2850-P,2519.45,ETH-27NOV26,put,2850.0,2026-11-27T08:00:00+00:00,0.22395257381850964,0.182,0.187,0.184786,0.1845,2519.45,ETH-27NOV26,0.5317000000000001,-0.64158,4.45669,0.0,0.0,0.0050000000000000044,ETH,2501.07,0.0
2026-09-06T12:49:54.256465+00:00,ETH-25SEP26-2380-C,2506.45,ETH-25SEP26,call,2380.0,2026-09-25T08:00:00+00:00,0.05146797422918726,0.072,0.074,0.073073,0.073,2506.45,ETH-25SEP26,0.4905,0.69975,1.97901,78.0,0.0,0.0020000000000000018,ETH,2501.07,0.0
2026-09-06T12:49:54.256465+00:00,ETH-25JUN27-2500-C,2580.5,ETH-25JUN27,call,2500.0,2027-06-25T08:00:00+00:00,0.798901239116251,0.2075,0.2115,0.20931,0.2095,2580.5,ETH-25JUN27,0.5563,0.62289,8.76733,3193.0,0.0,0.0040000000000000036,ETH,2501.07,0.0
2026-09-06T12:49:54.256465+00:00,ETH-7SEP26-2200-C,2500.67,ETH-7SEP26,call,2200.0,2026-09-07T08:00:00+00:00,0.0021866600608094404,0.1185,0.1225,0.120225,0.1205,2500.67,ETH-7SEP26,0.6516,0.99999,6e-05,18.0,18.0,0.0040000000000000036,ETH,2501.07,5319.32
2026-09-06T12:49:54.256465+00:00,ETH-25DEC26-4000-P,2525.59,ETH-25DEC26,put,4000.0,2026-12-25T08:00:00+00:00,0.3006123958582085,0.585,0.6075,0.59768,0.59625,2525.59,ETH-25DEC26,0.5876,-0.89697,2.48519,223.0,0.0,0.022500000000000075,ETH,2501.07,0.0
2026-09-06T12:49:54.256465+00:00,ETH-25JUN27-800-P,2580.52,ETH-25JUN27,put,800.0,2027-06-25T08:00:00+00:00,0.798901239116251,0.0055,0.007,0.006238,0.00625,2580.52,ETH-25JUN27,0.7595999999999999,-0.01949,1.09308,689.0,0.0,0.0015000000000000005,ETH,2501.07,0.0
2026-09-06T12:49:54.256465+00:00,ETH-26MAR27-6000-P,2551.75,ETH-26MAR27,put,6000.0,2027-03-26T08:00:00+00:00,0.5497568174872297,1.341,1.3805,1.360577,1.36075,2551.75,ETH-26MAR27,0.629,-0.94503,2.10504,1.0,0.0,0.03950000000000009,ETH,2501.07,0.0
2026-09-06T12:49:54.256465+00:00,ETH-18SEP26-2600-P,2504.09,ETH-18SEP26,put,2600.0,2026-09-18T08:00:00+00:00,0.032303018719262555,0.058,0.06,0.059118,0.059,2504.09,ETH-18SEP26,0.5041,-0.6425,1.68063,88.0,0.0,0.001999999999999995,ETH,2501.07,0.0
2026-09-06T12:49:54.256465+00:00,ETH-25SEP26-3100-P,2506.45,ETH-25SEP26,put,3100.0,2026-09-25T08:00:00+00:00,0.05146797422918726,0.237,0.246,0.240986,0.2415,2506.45,ETH-25SEP26,0.6104999999999999,-0.9282,0.77899,1.0,0.0,0.009000000000000008,ETH,2501.07,0.0
2026-09-06T12:49:54.256465+00:00,ETH-25DEC26-1600-C,2525.59,ETH-25DEC26,call,1600.0,2026-12-25T08:00:00+00:00,0.3006123958582085,0.376,0.3795,0.377425,0.37775,2525.59,ETH-25DEC26,0.6172,0.93561,1.74407,620.0,0.0,0.003500000000000003,ETH,2501.07,0.0
2026-09-06T12:49:54.256465+00:00,ETH-8SEP26-2480-C,2500.92,ETH-8SEP26,call,2480.0,2026-09-08T08:00:00+00:00,0.004924510847941542,0.013,0.015,0.014105,0.014,2500.92,ETH-8SEP26,0.33490000000000003,0.64951,0.65044,561.0,0.0,0.002,ETH,2501.07,0.0
2026-09-06T12:49:54.256465+00:00,ETH-9SEP26-2650-P,2501.25,ETH-9SEP26,put,2650.0,2026-09-09T08:00:00+00:00,0.0076623616350736425,0.0585,0.0655,0.061419,0.062,2501.25,ETH-9SEP26,0.49810000000000004,-0.90248,0.37735,0.0,0.0,0.006999999999999999,ETH,2501.07,0.0
2026-09-06T12:49:54.256465+00:00,ETH-26MAR27-3100-P,2551.75,ETH-26MAR27,put,3100.0,2027-03-26T08:00:00+00:00,0.5497568174872297,0.2955,0.3195,0.30604,0.3075,2551.75,ETH-26MAR27,0.5499,-0.60739,7.27766,99.0,0.0,0.02400000000000002,ETH,2501.07,0.0
2026-09-06T12:49:54.256465+00:00,ETH-30OCT26-4400-C,2512.18,ETH-30OCT26,call,4400.0,2026-10-30T08:00:00+00:00,0.1472927517788108,0.0021,0.0027,0.002376,0.0024,2512.18,ETH-30OCT26,0.7,0.02559,0.57496,689.0,3.0,0.0006000000000000003,ETH,2501.07,14.94
2026-09-06T12:49:54.256465+00:00,ETH-9SEP26-2340-P,2501.25,ETH-9SEP26,put,2340.0,2026-09-09T08:00:00+00:00,0.0076623616350736425,0.0007,0.001,0.000849,0.00085,2501.25,ETH-9SEP26,0.46619999999999995,-0.04838,0.22,603.0,833.0,0.00030000000000000003,ETH,2501.07,2661.74
2026-09-06T12:49:54.256465+00:00,ETH-25JUN27-3400-P,2580.5,ETH-25JUN27,put,3400.0,2027-06-25T08:00:00+00:00,0.798901239116251,0.408,0.435,0.421295,0.4215,2580.5,ETH-25JUN27,0.5614,-0.61705,8.80848,5.0,0.0,0.027000000000000024,ETH,2501.07,0.0
2026-09-06T12:49:54.256465+00:00,ETH-8SEP26-2500-C,2500.92,ETH-8SEP26,call,2500.0,2026-09-08T08:00:00+00:00,0.004924510847941542,0.009,0.0105,0.009762,0.00975,2500.92,ETH-8SEP26,0.3423,0.51648,0.69961,1195.0,20.0,0.0015000000000000013,ETH,2501.07,278.7
2026-09-06T12:49:54.256465+00:00,ETH-25SEP26-13000-P,2506.45,ETH-25SEP26,put,13000.0,2026-09-25T08:00:00+00:00,0.05146797422918726,4.1695,4.2125,4.186662,4.191,2506.45,ETH-25SEP26,1.7075,-0.99997,0.00061,0.0,0.0,0.04300000000000015,ETH,2501.07,0.0
2026-09-06T12:49:54.256465+00:00,ETH-9SEP26-2440-P,2501.25,ETH-9SEP26,put,2440.0,2026-09-09T08:00:00+00:00,0.0076623616350736425,0.0044,0.0048,0.004599,0.0046,2501.25,ETH-9SEP26,0.3896,-0.22562,0.65784,20.0,20.0,0.0003999999999999993,ETH,2501.07,437.24
2026-09-06T12:49:54.256465+00:00,ETH-25DEC26-3800-P,2525.59,ETH-25DEC26,put,3800.0,2026-12-25T08:00:00+00:00,0.3006123958582085,0.51,0.5325,0.522254,0.52125,2525.59,ETH-25DEC26,0.5751,-0.8721,2.8984,26.0,0.0,0.022499999999999964,ETH,2501.07,0.0
2026-09-06T12:49:54.256465+00:00,ETH-25JUN27-1200-P,2580.5,ETH-25JUN27,put,1200.0,2027-06-25T08:00:00+00:00,0.798901239116251,0.0165,0.0185,0.017571,0.0175,2580.5,ETH-25JUN27,0.657,-0.05504,2.56904,531.0,6.0,0.0019999999999999983,ETH,2501.07,263.55
2026-09-06T12:49:54.256465+00:00,ETH-25SEP26-1300-P,2506.46,ETH-25SEP26,put,1300.0,2026-09-25T08:00:00+00:00,0.05146797422918726,0.0001,0.0003,0.000181,0.0002,2506.46,ETH-25SEP26,1.0691,-0.00234,0.04156,4963.0,22.0,0.00019999999999999998,ETH,2501.07,16.36
2026-09-06T12:49:54.256465+00:00,ETH-27NOV26-2150-P,2519.45,ETH-27NOV26,put,2150.0,2026-11-27T08:00:00+00:00,0.22395257381850964,0.037,0.038,0.037477,0.0375,2519.45,ETH-27NOV26,0.5338,-0.22508,3.57884,10.0,0.0,0.0010000000000000009,ETH,2501.07,0.0
2026-09-06T12:49:54.256465+00:00,ETH-25SEP26-1400-C,2506.45,ETH-25SEP26,call,1400.0,2026-09-25T08:00:00+00:00,0.05146797422918726,0.4405,0.443,0.441648,0.44175,2506.45,ETH-25SEP26,0.9721,0.99706,0.05117,1553.0,0.0,0.0025000000000000022,ETH,2501.07,0.0
2026-09-06T12:49:54.256465+00:00,ETH-7SEP26-2750-P,2500.67,ETH-7SEP26,put,2750.0,2026-09-07T08:00:00+00:00,0.0021866600608094404,0.0965,0.103,0.099761,0.09975,2500.67,ETH-7SEP26,0.7606,-0.99596,0.01398,0.0,0.0,0.006499999999999992,ETH,2501.07,0.0
2026-09-06T12:49:54.256465+00:00,ETH-10SEP26-2900-P,2501.54,ETH-10SEP26,put,2900.0,2026-09-10T08:00:00+00:00,0.010400212422205745,0.157,0.164,0.159785,0.1605,2501.54,ETH-10SEP26,0.6892,-0.98037,0.12162,0.0,0.0,0.007000000000000006,ETH,2501.07,0.0
2026-09-06T12:49:54.256465+00:00,ETH-27NOV26-3300-C,2519.45,ETH-27NOV26,call,3300.0,2026-11-27T08:00:00+00:00,0.22395257381850964,0.0235,0.0245,0.024041,0.024,2519.45,ETH-27NOV26,0.5581,0.18723,3.20844,13.0,0.0,0.0010000000000000009,ETH,2501.07,0.0
2026-09-06T12:49:54.256465+00:00,ETH-9SEP26-2600-P,2501.25,ETH-9SEP26,put,2600.0,2026-09-09T08:00:00+00:00,0.0076623616350736425,0.04,0.045,0.042929,0.0425,2501.25,ETH-9SEP26,0.44920000000000004,-0.83074,0.55266,0.0,0.0,0.0049999999999999975,ETH,2501.07,0.0
2026-09-06T12:49:54.256465+00:00,ETH-26MAR27-5500-C,2551.73,ETH-26MAR27,call,5500.0,2027-03-26T08:00:00+00:00,0.5497568174872297,0.0115,0.0135,0.012451,0.0125,2551.73,ETH-26MAR27,0.6145,0.07266,2.61596,2976.0,0.0,0.002,ETH,2501.07,0.0
2026-09-06T12:49:54.256465+00:00,ETH-25SEP26-3600-P,2506.45,ETH-25SEP26,put,3600.0,2026-09-25T08:00:00+00:00,0.05146797422918726,0.4325,0.4435,0.437404,0.438,2506.45,ETH-25SEP26,0.7389,-0.98095,0.26436,907.0,0.0,0.01100000000000001,ETH,2501.07,0.0
2026-09-06T12:49:54.256465+00:00,ETH-10SEP26-2360-P,2501.54,ETH-10SEP26,put,2360.0,2026-09-10T08:00:00+00:00,0.010400212422205745,0.0018,0.0022,0.00205,0.002,2501.54,ETH-10SEP26,0.44329999999999997,-0.09364,0.42678,1.0,1.0,0.0004000000000000002,ETH,2501.08,5.25
2026-09-06T12:49:54.256465+00:00,ETH-25SEP26-1300-C,2506.46,ETH-25SEP26,call,1300.0,2026-09-25T08:00:00+00:00,0.05146797422918726,0.48,0.4825,0.481515,0.48125,2506.46,ETH-25SEP26,1.0691,0.99766,0.04155,68.0,0.0,0.0025000000000000022,ETH,2501.08,0.0
2026-09-06T12:49:54.256465+00:00,ETH-8SEP26-2650-C,2500.92,ETH-8SEP26,call,2650.0,2026-09-08T08:00:00+00:00,0.004924510847941542,0.0008,0.0009,0.000856,0.00085,2500.92,ETH-8SEP26,0.5145000000000001,0.05746,0.2021,2.0,4.0,9.999999999999994e-05,ETH,2501.08,10.95
2026-09-06T12:49:54.256465+00:00,ETH-25DEC26-1600-P,2525.58,ETH-25DEC26,put,1600.0,2026-12-25T08:00:00+00:00,0.3006123958582085,0.0105,0.0115,0.010943,0.011,2525.58,ETH-25DEC26,0.6172,-0.06438,1.74392,8358.0,0.0,0.0009999999999999992,ETH,2501.08,0.0
2026-09-06T12:49:54.256465+00:00,ETH-30OCT26-2050-P,2512.19,ETH-30OCT26,put,2050.0,2026-10-30T08:00:00+00:00,0.1472927517788108,0.0155,0.0165,0.016042,0.016,2512.19,ETH-30OCT26,0.5389,-0.13835,2.13015,397.0,1.0,0.0010000000000000009,ETH,2501.08,42.16
2026-09-06T12:49:54.256465+00:00,ETH-11SEP26-2650-C,2501.82,ETH-11SEP26,call,2650.0,2026-09-11T08:00:00+00:00,0.013138063209337846,0.0048,0.0055,0.00505,0.00515,2501.82,ETH-11SEP26,0.506,0.16937,0.72426,4385.0,105.0,0.0007000000000000001,ETH,2501.08,722.97
2026-09-06T12:49:54.256465+00:00,ETH-8SEP26-2460-C,2500.92,ETH-8SEP26,call,2460.0,2026-09-08T08:00:00+00:00,0.004924510847941542,0.0185,0.0205,0.019814,0.0195,2500.92,ETH-8SEP26,0.34119999999999995,0.76274,0.54221,539.0,18.0,0.0020000000000000018,ETH,2501.08,811.54
2026-09-06T12:49:54.256465+00:00,ETH-9SEP26-2360-P,2501.25,ETH-9SEP26,put,2360.0,2026-09-09T08:00:00+00:00,0.0076623616350736425,0.0011,0.0013,0.001169,0.0012,2501.25,ETH-9SEP26,0.4485,-0.06581,0.28038,19.0,21.0,0.00019999999999999987,ETH,2501.08,71.17
2026-09-06T12:49:54.256465+00:00,ETH-25DEC26-11000-C,2525.59,ETH-25DEC26,call,11000.0,2026-12-25T08:00:00+00:00,0.3006123958582085,0.0001,0.0003,0.000208,0.0002,2525.59,ETH-25DEC26,0.8503000000000001,0.00174,0.07751,2175.0,0.0,0.00019999999999999998,ETH,2501.08,0.0
2026-09-06T12:49:54.256465+00:00,ETH-25JUN27-1000-C,2580.52,ETH-25JUN27,call,1000.0,2027-06-25T08:00:00+00:00,0.798901239116251,0.622,0.6265,0.623472,0.62425,2580.52,ETH-25JUN27,0.705,0.96559,1.75853,96.0,0.0,0.0044999999999999485,ETH,2501.08,0.0
2026-09-06T12:49:54.256465+00:00,ETH-10SEP26-2620-C,2501.54,ETH-10SEP26,call,2620.0,2026-09-10T08:00:00+00:00,0.010400212422205745,0.0043,0.0048,0.004484,0.00455,2501.54,ETH-10SEP26,0.4746,0.17757,0.66397,0.0,0.0,0.0004999999999999996,ETH,2501.08,0.0
2026-09-06T12:49:54.256465+00:00,ETH-25JUN27-2300-P,2580.52,ETH-25JUN27,put,2300.0,2027-06-25T08:00:00+00:00,0.798901239116251,0.135,0.1385,0.136761,0.13675,2580.52,ETH-25JUN27,0.5579999999999999,-0.31534,8.20276,756.0,0.0,0.003500000000000003,ETH,2501.08,0.0
2026-09-06T12:49:54.256465+00:00,ETH-25SEP26-2380-P,2506.45,ETH-25SEP26,put,2380.0,2026-09-25T08:00:00+00:00,0.05146797422918726,0.022,0.023,0.02263,0.0225,2506.45,ETH-25SEP26,0.4905,-0.30025,1.97901,131.0,3.0,0.0010000000000000009,ETH,2501.08,210.2
2026-09-06T12:49:54.256465+00:00,ETH-30OCT26-2400-P,2512.2,ETH-30OCT26,put,2400.0,2026-10-30T08:00:00+00:00,0.1472927517788108,0.0555,0.0565,0.055904,0.056,2512.2,ETH-30OCT26,0.5095000000000001,-0.36953,3.64121,4426.0,7.0,0.0010000000000000009,ETH,2501.08,1024.38
2026-09-06T12:49:54.256465+00:00,ETH-27NOV26-3200-P,2519.45,ETH-27NOV26,put,3200.0,2026-11-27T08:00:00+00:00,0.22395257381850964,0.291,0.306,0.298666,0.2985,2519.45,ETH-27NOV26,0.5514,-0.78356,3.49956,0.0,0.0,0.015000000000000013,ETH,2501.08,0.0
2026-09-06T12:49:54.256465+00:00,ETH-10SEP26-2560-P,2501.55,ETH-10SEP26,put,2560.0,2026-09-10T08:00:00+00:00,0.010400212422205745,0.031,0.033,0.032098,0.032,2501.55,ETH-10SEP26,0.4385,-0.6866,0.90462,0.0,0.0,0.0020000000000000018,ETH,2501.08,0.0
2026-09-06T12:49:54.256465+00:00,ETH-11SEP26-2900-C,2501.83,ETH-11SEP26,call,2900.0,2026-09-11T08:00:00+00:00,0.013138063209337846,0.0007,0.0011,0.000846,0.0009,2501.83,ETH-11SEP26,0.6679999999999999,0.02973,0.19377,1353.0,17.0,0.0004000000000000001,ETH,2501.09,21.07
2026-09-06T12:49:54.256465+00:00,ETH-8SEP26-2900-C,2500.92,ETH-8SEP26,call,2900.0,2026-09-08T08:00:00+00:00,0.004924510847941542,,0.0001,5.8e-05,,2500.92,ETH-8SEP26,0.7746999999999999,0.00357,0.01877,310.0,60.0,,ETH,2501.09,15.0
2026-09-06T12:49:54.256465+00:00,ETH-18SEP26-2350-C,2504.08,ETH-18SEP26,call,2350.0,2026-09-18T08:00:00+00:00,0.032303018719262555,0.0715,0.074,0.072956,0.07275,2504.08,ETH-18SEP26,0.4838,0.78118,1.32925,172.0,0.0,0.0025000000000000022,ETH,2501.09,0.0
2026-09-06T12:49:54.256465+00:00,ETH-8SEP26-2300-P,2500.92,ETH-8SEP26,put,2300.0,2026-09-08T08:00:00+00:00,0.004924510847941542,0.0001,0.0004,0.00022,0.00025,2500.92,ETH-8SEP26,0.5585,-0.01517,0.06712,226.0,55.0,0.00030000000000000003,ETH,2501.09,42.32
2026-09-06T12:49:54.256465+00:00,ETH-9SEP26-2680-P,2501.25,ETH-9SEP26,put,2680.0,2026-09-09T08:00:00+00:00,0.0076623616350736425,0.07,0.077,0.072967,0.0735,2501.25,ETH-9SEP26,0.5336,-0.92604,0.30674,0.0,0.0,0.006999999999999992,ETH,2501.09,0.0
2026-09-06T12:49:54.256465+00:00,ETH-7SEP26-2260-P,2500.67,ETH-7SEP26,put,2260.0,2026-09-07T08:00:00+00:00,0.0021866600608094404,,0.0001,3e-06,,2500.67,ETH-7SEP26,0.6515000000000001,-0.0004,0.0017,5.0,0.0,,ETH,2501.09,0.0
2026-09-06T12:49:54.256465+00:00,ETH-25JUN27-3200-P,2580.52,ETH-25JUN27,put,3200.0,2027-06-25T08:00:00+00:00,0.798901239116251,0.352,0.3665,0.360691,0.35925,2580.52,ETH-25JUN27,0.5589,-0.57143,9.0598,0.0,0.0,0.014500000000000013,ETH,2501.09,0.0
2026-09-06T12:49:54.256465+00:00,ETH-27NOV26-4600-C,2519.45,ETH-27NOV26,call,4600.0,2026-11-27T08:00:00+00:00,0.22395257381850964,0.0041,0.0045,0.004305,0.0043,2519.45,ETH-27NOV26,0.6598999999999999,0.03838,0.99419,364.0,3.0,0.0003999999999999993,ETH,2501.09,27.84
2026-09-06T12:49:54.256465+00:00,ETH-25SEP26-9000-C,2506.45,ETH-25SEP26,call,9000.0,2026-09-25T08:00:00+00:00,0.05146797422918726,,0.0001,2e-06,,2506.45,ETH-25SEP26,1.3633000000000002,4e-05,0.00084,2096.0,0.0,,ETH,2501.09,0.0
2026-09-06T12:49:54.256465+00:00,ETH-11SEP26-2000-P,2501.83,ETH-11SEP26,put,2000.0,2026-09-11T08:00:00+00:00,0.013138063209337846,0.0001,0.0004,0.000216,0.00025,2501.83,ETH-11SEP26,0.8088,-0.00686,0.0549,6193.0,326.0,0.00030000000000000003,ETH,2501.08,165.23
2026-09-06T12:49:54.256465+00:00,ETH-25JUN27-2100-C,2580.52,ETH-25JUN27,call,2100.0,2027-06-25T08:00:00+00:00,0.798901239116251,0.286,0.2905,0.2878,0.28825,2580.52,ETH-25JUN27,0.5629,0.74592,7.39736,142.0,0.0,0.004500000000000004,ETH,2501.08,0.0
2026-09-06T12:49:54.256465+00:00,ETH-10SEP26-2660-P,2501.54,ETH-10SEP26,put,2660.0,2026-09-10T08:00:00+00:00,0.010400212422205745,0.063,0.0705,0.066348,0.06675,2501.54,ETH-10SEP26,0.5034000000000001,-0.87778,0.51714,0.0,0.0,0.007499999999999993,ETH,2501.08,0.0
2026-09-06T12:49:54.256465+00:00,ETH-30OCT26-1950-C,2512.18,ETH-30OCT26,call,1950.0,2026-10-30T08:00:00+00:00,0.1472927517788108,0.233,0.237,0.234747,0.235,2512.18,ETH-30OCT26,0.5586,0.90148,1.67484,744.0,0.0,0.003999999999999976,ETH,2501.08,0.0
2026-09-06T12:49:54.256465+00:00,ETH-30OCT26-2650-P,2512.18,ETH-30OCT26,put,2650.0,2026-10-30T08:00:00+00:00,0.1472927517788108,0.111,0.112,0.1115,0.1115,2512.18,ETH-30OCT26,0.5165,-0.56686,3.79476,302.0,18.0,0.0010000000000000009,ETH,2501.08,4863.68
2026-09-06T12:49:54.256465+00:00,ETH-26MAR27-3200-C,2551.75,ETH-26MAR27,call,3200.0,2027-03-26T08:00:00+00:00,0.5497568174872297,0.081,0.0835,0.082366,0.08225,2551.75,ETH-26MAR27,0.5515,0.36387,7.10894,4838.0,0.0,0.0025000000000000022,ETH,2501.08,0.0
2026-09-06T12:49:54.256465+00:00,ETH-30OCT26-4200-P,2512.19,ETH-30OCT26,put,4200.0,2026-10-30T08:00:00+00:00,0.1472927517788108,0.6655,0.683,0.67485,0.67425,2512.19,ETH-30OCT26,0.6759999999999999,-0.96779,0.69617,0.0,0.0,0.01750000000000007,ETH,2501.08,0.0
2026-09-06T12:49:54.256465+00:00,ETH-25DEC26-3800-C,2525.59,ETH-25DEC26,call,3800.0,2026-12-25T08:00:00+00:00,0.3006123958582085,0.017,0.018,0.017649,0.0175,2525.59,ETH-25DEC26,0.5751,0.12792,2.89876,3134.0,0.0,0.0009999999999999974,ETH,2501.08,0.0
2026-09-06T12:49:54.256465+00:00,ETH-25SEP26-4800-C,2506.46,ETH-25SEP26,call,4800.0,2026-09-25T08:00:00+00:00,0.05146797422918726,,0.0001,7e-05,,2506.46,ETH-25SEP26,0.9163,0.00127,0.02381,1700.0,0.0,,ETH,2501.08,0.0
2026-09-06T12:49:54.256465+00:00,ETH-9SEP26-2300-C,2501.25,ETH-9SEP26,call,2300.0,2026-09-09T08:00:00+00:00,0.0076623616350736425,0.079,0.0835,0.080992,0.08125,2501.25,ETH-9SEP26,0.5173,0.97009,0.14863,18.0,18.0,0.004500000000000004,ETH,2501.08,4037.62
2026-09-06T12:49:54.256465+00:00,ETH-26MAR27-2400-C,2551.75,ETH-26MAR27,call,2400.0,2027-03-26T08:00:00+00:00,0.5497568174872297,0.1855,0.189,0.187358,0.18725,2551.75,ETH-26MAR27,0.5467,0.63861,7.09243,2363.0,0.0,0.003500000000000003,ETH,2501.08,0.0
2026-09-06T12:49:54.256465+00:00,ETH-26MAR27-4000-P,2551.75,ETH-26MAR27,put,4000.0,2027-03-26T08:00:00+00:00,0.5497568174872297,0.5935,0.623,0.606312,0.60825,2551.75,ETH-26MAR27,0.5713,-0.80187,5.27055,0.0,0.0,0.02949999999999997,ETH,2501.08,0.0
2026-09-06T12:49:54.256465+00:00,ETH-10SEP26-2100-P,2501.54,ETH-10SEP26,put,2100.0,2026-09-10T08:00:00+00:00,0.010400212422205745,,0.0002,0.000175,,2501.54,ETH-10SEP26,0.7115,-0.0071,0.05035,0.0,0.0,,ETH,2501.08,0.0
2026-09-06T12:49:54.256465+00:00,ETH-11SEP26-2550-C,2501.82,ETH-11SEP26,call,2550.0,2026-09-11T08:00:00+00:00,0.013138063209337846,0.012,0.013,0.012509,0.0125,2501.82,ETH-11SEP26,0.449,0.36761,1.08094,2143.0,348.0,0.0009999999999999992,ETH,2501.08,10215.46
2026-09-06T12:49:54.256465+00:00,ETH-27NOV26-2550-P,2519.45,ETH-27NOV26,put,2550.0,2026-11-27T08:00:00+00:00,0.22395257381850964,0.1045,0.106,0.105063,0.10525,2519.45,ETH-27NOV26,0.5217,-0.4697,4.746,43.0,0.0,0.0015000000000000013,ETH,2501.08,0.0
2026-09-06T12:49:54.256465+00:00,ETH-8SEP26-2620-P,2500.92,ETH-8SEP26,put,2620.0,2026-09-08T08:00:00+00:00,0.004924510847941542,0.0455,0.053,0.048868,0.04925,2500.92,ETH-8SEP26,0.47340000000000004,-0.91534,0.2723,0.0,0.0,0.0075,ETH,2501.07,0.0
2026-09-06T12:49:54.256465+00:00,ETH-8SEP26-2580-P,2500.93,ETH-8SEP26,put,2580.0,2026-09-08T08:00:00+00:00,0.004924510847941542,0.0305,0.0375,0.033841,0.034,2500.93,ETH-8SEP26,0.41840000000000005,-0.84957,0.41001,0.0,0.0,0.006999999999999999,ETH,2501.07,0.0
2026-09-06T12:49:54.256465+00:00,ETH-25SEP26-4000-C,2506.45,ETH-25SEP26,call,4000.0,2026-09-25T08:00:00+00:00,0.05146797422918726,0.0003,0.0006,0.000435,0.00045,2506.45,ETH-25SEP26,0.8162999999999999,0.00758,0.11889,21302.0,500.0,0.0003,ETH,2501.08,498.98
2026-09-06T12:49:54.256465+00:00,ETH-25SEP26-2100-C,2506.45,ETH-25SEP26,call,2100.0,2026-09-25T08:00:00+00:00,0.05146797422918726,0.1635,0.1675,0.16607,0.1655,2506.45,ETH-25SEP26,0.5464,0.93214,0.74587,5723.0,15.0,0.0040000000000000036,ETH,2501.08,6145.01
2026-09-06T12:49:54.256465+00:00,ETH-25DEC26-2500-P,2525.59,ETH-25DEC26,put,2500.0,2026-12-25T08:00:00+00:00,0.3006123958582085,0.1085,0.11,0.1088,0.10925,2525.59,ETH-25DEC26,0.5245000000000001,-0.4284,5.4388,1501.0,0.0,0.0015000000000000013,ETH,2501.07,0.0
2026-09-06T12:49:54.256465+00:00,ETH-11SEP26-2570-P,2501.82,ETH-11SEP26,put,2570.0,2026-09-11T08:00:00+00:00,0.013138063209337846,0.0365,0.039,0.037604,0.03775,2501.82,ETH-11SEP26,0.4586,-0.68382,1.02079,0.0,0.0,0.0025000000000000022,ETH,2501.07,0.0
2026-09-06T12:49:54.256465+00:00,ETH-26MAR27-4600-P,2551.75,ETH-26MAR27,put,4600.0,2027-03-26T08:00:00+00:00,0.5497568174872297,0.811,0.8405,0.82616,0.82575,2551.75,ETH-26MAR27,0.5877,-0.87141,3.97485,0.0,0.0,0.02949999999999997,ETH,2501.07,0.0
2026-09-06T12:49:54.256465+00:00,ETH-26MAR27-3700-P,2551.75,ETH-26MAR27,put,3700.0,2027-03-26T08:00:00+00:00,0.5497568174872297,0.4885,0.5125,0.500778,0.5005,2551.75,ETH-26MAR27,0.563,-0.75183,5.99288,0.0,0.0,0.023999999999999966,ETH,2501.07,0.0
2026-09-06T12:49:54.256465+00:00,ETH-25DEC26-1700-C,2525.59,ETH-25DEC26,call,1700.0,2026-12-25T08:00:00+00:00,0.3006123958582085,0.34,0.343,0.34142,0.3415,2525.59,ETH-25DEC26,0.5954999999999999,0.91566,2.14363,365.0,0.0,0.0030000000000000027,ETH,2501.07,0.0
2026-09-06T12:49:54.256465+00:00,ETH-26MAR27-2200-P,2551.75,ETH-26MAR27,put,2200.0,2027-03-26T08:00:00+00:00,0.5497568174872297,0.09,0.0925,0.091507,0.09125,2551.75,ETH-26MAR27,0.551,-0.28499,6.42758,1732.0,0.0,0.0025000000000000022,ETH,2501.07,0.0
2026-09-06T12:49:54.256465+00:00,ETH-30OCT26-2850-P,2512.18,ETH-30OCT26,put,2850.0,2026-10-30T08:00:00+00:00,0.1472927517788108,0.166,0.172,0.169825,0.169,2512.18,ETH-30OCT26,0.5305,-0.69703,3.36941,0.0,0.0,0.005999999999999978,ETH,2501.07,0.0
2026-09-06T12:49:54.256465+00:00,ETH-7SEP26-2900-P,2500.67,ETH-7SEP26,put,2900.0,2026-09-07T08:00:00+00:00,0.0021866600608094404,0.1565,0.1645,0.159703,0.1605,2500.67,ETH-7SEP26,0.7617,-0.99998,9e-05,0.0,0.0,0.008000000000000007,ETH,2501.07,0.0
2026-09-06T12:49:54.256465+00:00,ETH-25SEP26-6000-C,2506.46,ETH-25SEP26,call,6000.0,2026-09-25T08:00:00+00:00,0.05146797422918726,,0.0001,7e-06,,2506.46,ETH-25SEP26,1.0195999999999998,0.00013,0.00285,3711.0,0.0,,ETH,2501.07,0.0
2026-09-06T12:49:54.256465+00:00,ETH-8SEP26-2640-C,2500.92,ETH-8SEP26,call,2640.0,2026-09-08T08:00:00+00:00,0.004924510847941542,0.0009,0.0011,0.000975,0.001,2500.92,ETH-8SEP26,0.5019,0.06563,0.22421,435.0,164.0,0.0002000000000000001,ETH,2501.07,526.41
2026-09-06T12:49:54.256465+00:00,ETH-30OCT26-4400-P,2512.2,ETH-30OCT26,put,4400.0,2026-10-30T08:00:00+00:00,0.1472927517788108,0.7475,0.764,0.753836,0.75575,2512.2,ETH-30OCT26,0.7,-0.97441,0.57504,0.0,0.0,0.01649999999999996,ETH,2501.07,0.0
2026-09-06T12:49:54.256465+00:00,ETH-25DEC26-3200-P,2525.58,ETH-25DEC26,put,3200.0,2026-12-25T08:00:00+00:00,0.3006123958582085,0.2985,0.317,0.307743,0.30775,2525.58,ETH-25DEC26,0.5447,-0.73947,4.49942,261.0,0.0,0.018500000000000016,ETH,2501.07,0.0
2026-09-06T12:49:54.256465+00:00,ETH-25SEP26-5400-C,2506.45,ETH-25SEP26,call,5400.0,2026-09-25T08:00:00+00:00,0.05146797422918726,,0.0001,1.1e-05,,2506.45,ETH-25SEP26,0.9338,0.00022,0.00472,1738.0,0.0,,ETH,2501.07,0.0
2026-09-06T12:49:54.256465+00:00,ETH-25DEC26-10000-C,2525.59,ETH-25DEC26,call,10000.0,2026-12-25T08:00:00+00:00,0.3006123958582085,0.0002,0.0005,0.000246,0.00035,2525.59,ETH-25DEC26,0.8134,0.00211,0.0924,1743.0,0.0,0.00030000000000000003,ETH,2501.07,0.0
2026-09-06T12:49:54.256465+00:00,ETH-8SEP26-2440-P,2500.93,ETH-8SEP26,put,2440.0,2026-09-08T08:00:00+00:00,0.004924510847941542,0.0019,0.0022,0.00211,0.00205,2500.93,ETH-8SEP26,0.35619999999999996,-0.15537,0.41889,128.0,8.0,0.00030000000000000014,ETH,2501.07,106.4
2026-09-06T12:49:54.256465+00:00,ETH-25SEP26-4800-P,2506.45,ETH-25SEP26,put,4800.0,2026-09-25T08:00:00+00:00,0.05146797422918726,0.9095,0.9235,0.915144,0.9165,2506.45,ETH-25SEP26,0.9163,-0.99873,0.02381,110.0,0.0,0.014000000000000012,ETH,2501.07,0.0
2026-09-06T12:49:54.256465+00:00,ETH-25JUN27-2800-C,2580.52,ETH-25JUN27,call,2800.0,2027-06-25T08:00:00+00:00,0.798901239116251,0.163,0.167,0.164925,0.165,2580.52,ETH-25JUN27,0.5563,0.53397,9.17433,1231.0,0.0,0.0040000000000000036,ETH,2501.07,0.0
2026-09-06T12:49:54.256465+00:00,ETH-18SEP26-2350-P,2504.08,ETH-18SEP26,put,2350.0,2026-09-18T08:00:00+00:00,0.032303018719262555,0.011,0.012,0.011432,0.0115,2504.08,ETH-18SEP26,0.4838,-0.21881,1.32922,1472.0,20.0,0.0010000000000000009,ETH,2501.07,691.63
2026-09-06T12:49:54.256465+00:00,ETH-25DEC26-5500-P,2525.59,ETH-25DEC26,put,5500.0,2026-12-25T08:00:00+00:00,0.3006123958582085,1.1645,1.195,1.181103,1.17975,2525.59,ETH-25DEC26,0.6727,-0.97282,0.86851,0.0,0.0,0.03049999999999997,ETH,2501.07,0.0
2026-09-06T12:49:54.256465+00:00,ETH-30OCT26-2350-P,2512.19,ETH-30OCT26,put,2350.0,2026-10-30T08:00:00+00:00,0.1472927517788108,0.047,0.048,0.047569,0.0475,2512.19,ETH-30OCT26,0.5103,-0.32985,3.49333,656.0,11.0,0.0010000000000000009,ETH,2501.07,1291.72
2026-09-06T12:49:54.256465+00:00,ETH-25SEP26-4200-C,2506.46,ETH-25SEP26,call,4200.0,2026-09-25T08:00:00+00:00,0.05146797422918726,0.0002,0.0005,0.00031,0.00035,2506.46,ETH-25SEP26,0.8575,0.00534,0.08722,2651.0,1.0,0.00030000000000000003,ETH,2501.07,0.5
2026-09-06T12:49:54.256465+00:00,ETH-7SEP26-2340-P,2500.65,ETH-7SEP26,put,2340.0,2026-09-07T08:00:00+00:00,0.0021866600608094404,,0.0002,4.4e-05,,2500.65,ETH-7SEP26,0.5578,-0.00503,0.01697,1237.0,266.0,,ETH,2501.07,85.94
2026-09-06T12:49:54.256465+00:00,ETH-30OCT26-2700-P,2512.18,ETH-30OCT26,put,2700.0,2026-10-30T08:00:00+00:00,0.1472927517788108,0.124,0.1265,0.125161,0.12525,2512.18,ETH-30OCT26,0.5199,-0.60244,3.72135,126.0,17.0,0.0025000000000000022,ETH,2501.07,5118.95
2026-09-06T12:49:54.256465+00:00,ETH-11SEP26-2470-P,2501.83,ETH-11SEP26,put,2470.0,2026-09-11T08:00:00+00:00,0.013138063209337846,0.013,0.014,0.013395,0.0135,2501.83,ETH-11SEP26,0.42,-0.38325,1.09518,772.0,452.0,0.0010000000000000009,ETH,2501.07,17485.96
2026-09-06T12:49:54.256465+00:00,ETH-25JUN27-2800-P,2580.52,ETH-25JUN27,put,2800.0,2027-06-25T08:00:00+00:00,0.798901239116251,0.246,0.2525,0.24999,0.24925,2580.52,ETH-25JUN27,0.5563,-0.46603,9.17433,667.0,0.0,0.006500000000000006,ETH,2501.07,0.0
2026-09-06T12:49:54.256465+00:00,ETH-8SEP26-2580-C,2500.94,ETH-8SEP26,call,2580.0,2026-09-08T08:00:00+00:00,0.004924510847941542,0.002,0.0023,0.002212,0.00215,2500.94,ETH-8SEP26,0.41840000000000005,0.15042,0.41,94.0,83.0,0.0002999999999999999,ETH,2501.07,362.9
2026-09-06T12:49:54.256465+00:00,ETH-27NOV26-2650-C,2519.45,ETH-27NOV26,call,2650.0,2026-11-27T08:00:00+00:00,0.22395257381850964,0.0765,0.078,0.077405,0.07725,2519.45,ETH-27NOV26,0.5238,0.46877,4.74513,314.0,2.0,0.0015000000000000013,ETH,2501.07,364.5
2026-09-06T12:49:54.256465+00:00,ETH-25JUN27-2600-C,2580.52,ETH-25JUN27,call,2600.0,2027-06-25T08:00:00+00:00,0.798901239116251,0.191,0.1955,0.193108,0.19325,2580.52,ETH-25JUN27,0.5555,0.59246,8.9593,346.0,0.0,0.004500000000000004,ETH,2501.07,0.0
2026-09-06T12:49:54.256465+00:00,ETH-25JUN27-1300-P,2580.52,ETH-25JUN27,put,1300.0,2027-06-25T08:00:00+00:00,0.798901239116251,0.021,0.0235,0.022184,0.02225,2580.52,ETH-25JUN27,0.6394,-0.06869,3.05425,1679.0,0.0,0.0024999999999999988,ETH,2501.07,0.0
2026-09-06T12:49:54.256465+00:00,ETH-26MAR27-5500-P,2551.75,ETH-26MAR27,put,5500.0,2027-03-26T08:00:00+00:00,0.5497568174872297,1.15,1.185,1.167868,1.1675,2551.75,ETH-26MAR27,0.6145,-0.92733,2.61602,0.0,0.0,0.03500000000000014,ETH,2501.07,0.0
2026-09-06T12:49:54.256465+00:00,ETH-26MAR27-1400-C,2551.75,ETH-26MAR27,call,1400.0,2027-03-26T08:00:00+00:00,0.5497568174872297,0.4665,0.47,0.468115,0.46825,2551.75,ETH-26MAR27,0.6384000000000001,0.93387,2.43272,31.0,0.0,0.0034999999999999476,ETH,2501.07,0.0
2026-09-06T12:49:54.256465+00:00,ETH-8SEP26-2650-P,2500.92,ETH-8SEP26,put,2650.0,2026-09-08T08:00:00+00:00,0.004924510847941542,0.057,0.0645,0.060475,0.06075,2500.92,ETH-8SEP26,0.5145000000000001,-0.94247,0.2023,0.0,0.0,0.0075,ETH,2501.07,0.0
2026-09-06T12:49:54.256465+00:00,ETH-8SEP26-2600-C,2500.92,ETH-8SEP26,call,2600.0,2026-09-08T08:00:00+00:00,0.004924510847941542,0.0015,0.0018,0.00166,0.00165,2500.92,ETH-8SEP26,0.4474,0.11279,0.33601,234.0,217.0,0.0002999999999999999,ETH,2501.07,838.34
2026-09-06T12:49:54.256465+00:00,ETH-25JUN27-2400-P,2580.5,ETH-25JUN27,put,2400.0,2027-06-25T08:00:00+00:00,0.798901239116251,0.155,0.1585,0.156633,0.15675,2580.5,ETH-25JUN27,0.5566,-0.34634,8.51597,38.0,0.0,0.003500000000000003,ETH,2501.07,0.0
2026-09-06T12:49:54.256465+00:00,ETH-10SEP26-2320-C,2501.54,ETH-10SEP26,call,2320.0,2026-09-10T08:00:00+00:00,0.010400212422205745,0.072,0.0765,0.073782,0.07425,2501.54,ETH-10SEP26,0.4764,0.94317,0.29131,0.0,0.0,0.004500000000000004,ETH,2501.07,0.0
2026-09-06T12:49:54.256465+00:00,ETH-9SEP26-2100-C,2501.25,ETH-9SEP26,call,2100.0,2026-09-09T08:00:00+00:00,0.0076623616350736425,0.1585,0.1615,0.16059,0.16,2501.25,ETH-9SEP26,0.8316,0.99272,0.04421,0.0,0.0,0.0030000000000000027,ETH,2501.07,0.0
2026-09-06T12:49:54.256465+00:00,ETH-25SEP26-1950-C,2506.45,ETH-25SEP26,call,1950.0,2026-09-25T08:00:00+00:00,0.05146797422918726,0.2215,0.226,0.223646,0.22375,2506.45,ETH-25SEP26,0.6075,0.97079,0.37869,3696.0,0.0,0.004500000000000004,ETH,2501.07,0.0
2026-09-06T12:49:54.256465+00:00,ETH-10SEP26-2800-P,2501.54,ETH-10SEP26,put,2800.0,2026-09-10T08:00:00+00:00,0.010400212422205745,0.1165,0.125,0.12028,0.12075,2501.54,ETH-10SEP26,0.6152000000000001,-0.96073,0.21666,0.0,0.0,0.008499999999999994,ETH,2501.07,0.0
2026-09-06T12:49:54.256465+00:00,ETH-9SEP26-2380-C,2501.25,ETH-9SEP26,call,2380.0,2026-09-09T08:00:00+00:00,0.0076623616350736425,0.048,0.053,0.050048,0.0505,2501.25,ETH-9SEP26,0.42869999999999997,0.91167,0.35071,0.0,0.0,0.0049999999999999975,ETH,2501.07,0.0
2026-09-06T12:49:54.256465+00:00,ETH-27NOV26-1600-C,2519.45,ETH-27NOV26,call,1600.0,2026-11-27T08:00:00+00:00,0.22395257381850964,0.3695,0.3735,0.3717,0.3715,2519.45,ETH-27NOV26,0.6343,0.95188,1.19339,0.0,0.0,0.0040000000000000036,ETH,2501.07,0.0
2026-09-06T12:49:54.256465+00:00,ETH-10SEP26-2500-C,2501.54,ETH-10SEP26,call,2500.0,2026-09-10T08:00:00+00:00,0.010400212422205745,0.0165,0.018,0.017164,0.01725,2501.54,ETH-10SEP26,0.41450000000000004,0.51733,1.01718,0.0,0.0,0.0014999999999999979,ETH,2501.07,0.0
2026-09-06T12:49:54.256465+00:00,ETH-26MAR27-1600-P,2551.75,ETH-26MAR27,put,1600.0,2027-03-26T08:00:00+00:00,0.5497568174872297,0.026,0.0275,0.026643,0.02675,2551.75,ETH-26MAR27,0.6025,-0.1023,3.37813,1520.0,0.0,0.0015000000000000013,ETH,2501.07,0.0
2026-09-06T12:49:54.256465+00:00,ETH-8SEP26-2520-C,2500.94,ETH-8SEP26,call,2520.0,2026-09-08T08:00:00+00:00,0.004924510847941542,0.006,0.007,0.006606,0.0065,2500.94,ETH-8SEP26,0.3544,0.38989,0.67337,988.0,35.0,0.001,ETH,2501.05,642.01
2026-09-06T12:49:54.256465+00:00,ETH-25JUN27-3800-C,2580.52,ETH-25JUN27,call,3800.0,2027-06-25T08:00:00+00:00,0.798901239116251,0.076,0.0795,0.077625,0.07775,2580.52,ETH-25JUN27,0.5678,0.30577,8.09353,436.0,0.0,0.003500000000000003,ETH,2501.05,0.0
2026-09-06T12:49:54.256465+00:00,ETH-27NOV26-2800-C,2519.45,ETH-27NOV26,call,2800.0,2026-11-27T08:00:00+00:00,0.22395257381850964,0.058,0.0595,0.05876,0.05875,2519.45,ETH-27NOV26,0.5295000000000001,0.38416,4.55761,237.0,0.0,0.0014999999999999944,ETH,2501.05,0.0
2026-09-06T12:49:54.256465+00:00,ETH-30OCT26-1500-C,2512.19,ETH-30OCT26,call,1500.0,2026-10-30T08:00:00+00:00,0.1472927517788108,0.4035,0.4065,0.404948,0.405,2512.19,ETH-30OCT26,0.6931,0.98089,0.44949,50.0,0.0,0.002999999999999947,ETH,2501.05,0.0
2026-09-06T12:49:54.256465+00:00,ETH-25DEC26-2500-C,2525.59,ETH-25DEC26,call,2500.0,2026-12-25T08:00:00+00:00,0.3006123958582085,0.118,0.1195,0.118929,0.11875,2525.59,ETH-25DEC26,0.5245000000000001,0.5716,5.4388,28617.0,17.0,0.0015000000000000013,ETH,2501.05,4686.79
2026-09-06T12:49:54.256465+00:00,ETH-10SEP26-2540-P,2501.54,ETH-10SEP26,put,2540.0,2026-09-10T08:00:00+00:00,0.010400212422205745,0.0255,0.0275,0.02636,0.0265,2501.54,ETH-10SEP26,0.42950000000000005,-0.62517,0.96761,0.0,0.0,0.0020000000000000018,ETH,2501.05,0.0
2026-09-06T12:49:54.256465+00:00,ETH-30OCT26-2800-C,2512.21,ETH-30OCT26,call,2800.0,2026-10-30T08:00:00+00:00,0.1472927517788108,0.0395,0.0405,0.039794,0.04,2512.21,ETH-30OCT26,0.5268999999999999,0.33239,3.50404,4041.0,37.0,0.0010000000000000009,ETH,2501.05,3423.51
2026-09-06T12:49:54.256465+00:00,ETH-10SEP26-2320-P,2501.54,ETH-10SEP26,put,2320.0,2026-09-10T08:00:00+00:00,0.010400212422205745,0.001,0.0014,0.001222,0.0012,2501.54,ETH-10SEP26,0.4764,-0.05683,0.29134,0.0,0.0,0.00039999999999999996,ETH,2501.05,0.0
2026-09-06T12:49:54.256465+00:00,ETH-26MAR27-2400-P,2551.75,ETH-26MAR27,put,2400.0,2027-03-26T08:00:00+00:00,0.5497568174872297,0.1265,0.1295,0.127904,0.128,2551.75,ETH-26MAR27,0.5467,-0.36139,7.09242,523.0,0.0,0.0030000000000000027,ETH,2501.05,0.0
2026-09-06T12:49:54.256465+00:00,ETH-7SEP26-2750-C,2500.65,ETH-7SEP26,call,2750.0,2026-09-07T08:00:00+00:00,0.0021866600608094404,,0.0001,4.3e-05,,2500.65,ETH-7SEP26,0.7606,0.00405,0.01399,49.0,48.0,,ETH,2501.05,14.5
2026-09-06T12:49:54.256465+00:00,ETH-7SEP26-2240-P,2500.67,ETH-7SEP26,put,2240.0,2026-09-07T08:00:00+00:00,0.0021866600608094404,,0.0001,1e-06,,2500.67,ETH-7SEP26,0.6515000000000001,-0.00014,0.00061,87.0,0.0,,ETH,2501.05,0.0
2026-09-06T12:49:54.256465+00:00,ETH-7SEP26-2660-P,2500.67,ETH-7SEP26,put,2660.0,2026-09-07T08:00:00+00:00,0.0021866600608094404,0.0605,0.0685,0.063926,0.0645,2500.67,ETH-7SEP26,0.6304,-0.98094,0.05431,0.0,0.0,0.008000000000000007,ETH,2501.05,0.0
2026-09-06T12:49:54.256465+00:00,ETH-27NOV26-2350-P,2519.45,ETH-27NOV26,put,2350.0,2026-11-27T08:00:00+00:00,0.22395257381850964,0.0645,0.066,0.065283,0.06525,2519.45,ETH-27NOV26,0.5229,-0.34223,4.38248,150.0,0.0,0.0015000000000000013,ETH,2501.05,0.0
2026-09-06T12:49:54.256465+00:00,ETH-25DEC26-6000-P,2525.59,ETH-25DEC26,put,6000.0,2026-12-25T08:00:00+00:00,0.3006123958582085,1.361,1.3935,1.377939,1.37725,2525.59,ETH-25DEC26,0.6923,-0.9816,0.62493,0.0,0.0,0.03249999999999997,ETH,2501.05,0.0
2026-09-06T12:49:54.256465+00:00,ETH-26MAR27-1700-C,2551.75,ETH-26MAR27,call,1700.0,2027-03-26T08:00:00+00:00,0.5497568174872297,0.3655,0.3695,0.367188,0.3675,2551.75,ETH-26MAR27,0.589,0.87468,3.90432,1256.0,0.0,0.0040000000000000036,ETH,2501.05,0.0
2026-09-06T12:49:54.256465+00:00,ETH-10SEP26-2100-C,2501.54,ETH-10SEP26,call,2100.0,2026-09-10T08:00:00+00:00,0.010400212422205745,0.159,0.163,0.160682,0.161,2501.54,ETH-10SEP26,0.7115,0.9929,0.05036,0.0,0.0,0.0040000000000000036,ETH,2501.05,0.0
2026-09-06T12:49:54.256465+00:00,ETH-25JUN27-1000-P,2580.52,ETH-25JUN27,put,1000.0,2027-06-25T08:00:00+00:00,0.798901239116251,0.01,0.012,0.010995,0.011,2580.52,ETH-25JUN27,0.705,-0.03441,1.75857,4810.0,0.0,0.002,ETH,2501.05,0.0
2026-09-06T12:49:54.256465+00:00,ETH-8SEP26-2700-C,2500.92,ETH-8SEP26,call,2700.0,2026-09-08T08:00:00+00:00,0.004924510847941542,0.0003,0.0006,0.000438,0.00045,2500.92,ETH-8SEP26,0.5692,0.02946,0.11764,7.0,7.0,0.0003,ETH,2501.06,5.68
2026-09-06T12:49:54.256465+00:00,ETH-27NOV26-2400-P,2519.45,ETH-27NOV26,put,2400.0,2026-11-27T08:00:00+00:00,0.22395257381850964,0.0735,0.075,0.074215,0.07425,2519.45,ETH-27NOV26,0.5224,-0.37396,4.52012,270.0,0.0,0.0015000000000000013,ETH,2501.05,0.0
2026-09-06T12:49:54.256465+00:00,ETH-25SEP26-2000-P,2506.45,ETH-25SEP26,put,2000.0,2026-09-25T08:00:00+00:00,0.05146797422918726,0.002,0.0024,0.002213,0.0022,2506.45,ETH-25SEP26,0.5876,-0.03903,0.48057,21043.0,26.0,0.00039999999999999975,ETH,2501.05,165.88
2026-09-06T12:49:54.256465+00:00,ETH-9SEP26-2460-C,2501.25,ETH-9SEP26,call,2460.0,2026-09-09T08:00:00+00:00,0.0076623616350736425,0.022,0.024,0.023138,0.023,2501.25,ETH-9SEP26,0.38420000000000004,0.6989,0.76274,0.0,0.0,0.0020000000000000018,ETH,2501.06,0.0
2026-09-06T12:49:54.256465+00:00,ETH-30OCT26-2550-P,2512.19,ETH-30OCT26,put,2550.0,2026-10-30T08:00:00+00:00,0.1472927517788108,0.086,0.087,0.086585,0.0865,2512.19,ETH-30OCT26,0.5115999999999999,-0.49046,3.84785,725.0,0.0,0.0010000000000000009,ETH,2501.06,0.0
2026-09-06T12:49:54.256465+00:00,ETH-25DEC26-1400-P,2525.59,ETH-25DEC26,put,1400.0,2026-12-25T08:00:00+00:00,0.3006123958582085,0.0055,0.0065,0.006005,0.006,2525.59,ETH-25DEC26,0.6656,-0.03595,1.0945,13611.0,0.0,0.001,ETH,2501.06,0.0
2026-09-06T12:49:54.256465+00:00,ETH-7SEP26-2560-C,2500.65,ETH-7SEP26,call,2560.0,2026-09-07T08:00:00+00:00,0.0021866600608094404,0.0011,0.0014,0.001221,0.00125,2500.65,ETH-7SEP26,0.4302,0.12707,0.24333,331.0,96.0,0.0002999999999999999,ETH,2501.06,190.49
2026-09-06T12:49:54.256465+00:00,ETH-30OCT26-2000-C,2512.19,ETH-30OCT26,call,2000.0,2026-10-30T08:00:00+00:00,0.1472927517788108,0.215,0.219,0.216945,0.217,2512.19,ETH-30OCT26,0.5456,0.88396,1.88469,753.0,0.0,0.0040000000000000036,ETH,2501.06,0.0
2026-09-06T12:49:54.256465+00:00,ETH-10SEP26-2420-C,2501.54,ETH-10SEP26,call,2420.0,2026-09-10T08:00:00+00:00,0.010400212422205745,0.036,0.0385,0.037829,0.03725,2501.54,ETH-10SEP26,0.4179,0.78999,0.73554,0.0,0.0,0.0025000000000000022,ETH,2501.06,0.0
2026-09-06T12:49:54.256465+00:00,ETH-7SEP26-2500-P,2500.65,ETH-7SEP26,put,2500.0,2026-09-07T08:00:00+00:00,0.0021866600608094404,0.0055,0.0065,0.006076,0.006,2500.65,ETH-7SEP26,0.33270000000000005,-0.48193,0.46571,473.0,65.0,0.001,ETH,2501.06,1086.92
2026-09-06T12:49:54.256465+00:00,ETH-25SEP26-1800-P,2506.45,ETH-25SEP26,put,1800.0,2026-09-25T08:00:00+00:00,0.05146797422918726,0.0007,0.001,0.000815,0.00085,2506.45,ETH-25SEP26,0.6890999999999999,-0.01398,0.20274,12901.0,1.0,0.00030000000000000003,ETH,2501.06,2.48
2026-09-06T12:49:54.256465+00:00,ETH-27NOV26-2700-P,2519.45,ETH-27NOV26,put,2700.0,2026-11-27T08:00:00+00:00,0.22395257381850964,0.142,0.1435,0.142327,0.14275,2519.45,ETH-27NOV26,0.5257000000000001,-0.56056,4.70476,94.0,0.0,0.0015000000000000013,ETH,2501.06,0.0
2026-09-06T12:49:54.256465+00:00,ETH-10SEP26-2520-P,2501.55,ETH-10SEP26,put,2520.0,2026-09-10T08:00:00+00:00,0.010400212422205745,0.0205,0.0215,0.021152,0.021,2501.55,ETH-10SEP26,0.4213,-0.55642,1.00794,2.0,2.0,0.0009999999999999974,ETH,2501.06,103.79
2026-09-06T12:49:54.256465+00:00,ETH-25DEC26-9000-P,2525.59,ETH-25DEC26,put,9000.0,2026-12-25T08:00:00+00:00,0.3006123958582085,2.535,2.5935,2.563928,2.56425,2525.59,ETH-25DEC26,0.7905,-0.99667,0.13928,0.0,0.0,0.058499999999999996,ETH,2501.06,0.0
2026-09-06T12:49:54.256465+00:00,ETH-7SEP26-2600-P,2500.67,ETH-7SEP26,put,2600.0,2026-09-07T08:00:00+00:00,0.0021866600608094404,0.037,0.0445,0.04037,0.04075,2500.67,ETH-7SEP26,0.5318999999999999,-0.93826,0.14235,5.0,0.0,0.0075,ETH,2501.06,0.0
2026-09-06T12:49:54.256465+00:00,ETH-25JUN27-3600-C,2580.5,ETH-25JUN27,call,3600.0,2027-06-25T08:00:00+00:00,0.798901239116251,0.088,0.0915,0.089608,0.08975,2580.5,ETH-25JUN27,0.5647,0.34224,8.47795,205.0,0.0,0.003500000000000003,ETH,2501.06,0.0
2026-09-06T12:49:54.256465+00:00,ETH-25JUN27-4800-C,2580.52,ETH-25JUN27,call,4800.0,2027-06-25T08:00:00+00:00,0.798901239116251,0.039,0.042,0.040609,0.0405,2580.52,ETH-25JUN27,0.5867,0.17872,6.02915,142.0,0.0,0.0030000000000000027,ETH,2501.06,0.0
2026-09-06T12:49:54.256465+00:00,ETH-25JUN27-4000-P,2580.52,ETH-25JUN27,put,4000.0,2027-06-25T08:00:00+00:00,0.798901239116251,0.603,0.636,0.617675,0.6195,2580.52,ETH-25JUN27,0.5713,-0.72641,7.68169,2.0,0.0,0.03300000000000003,ETH,2501.06,0.0
2026-09-06T12:49:54.256465+00:00,ETH-25DEC26-4600-C,2525.59,ETH-25DEC26,call,4600.0,2026-12-25T08:00:00+00:00,0.3006123958582085,0.007,0.008,0.007279,0.0075,2525.59,ETH-25DEC26,0.6228,0.0567,1.57905,11164.0,0.0,0.001,ETH,2501.07,0.0
2026-09-06T12:49:54.256465+00:00,ETH-8SEP26-2360-C,2500.92,ETH-8SEP26,call,2360.0,2026-09-08T08:00:00+00:00,0.004924510847941542,0.053,0.06,0.056804,0.0565,2500.92,ETH-8SEP26,0.4622,0.96518,0.13504,0.0,0.0,0.006999999999999999,ETH,2501.07,0.0
2026-09-06T12:49:54.256465+00:00,ETH-25DEC26-10000-P,2525.59,ETH-25DEC26,put,10000.0,2026-12-25T08:00:00+00:00,0.3006123958582085,2.927,2.9935,2.959732,2.96025,2525.59,ETH-25DEC26,0.8134,-0.99789,0.0924,0.0,0.0,0.0665,ETH,2501.07,0.0
2026-09-06T12:49:54.256465+00:00,ETH-7SEP26-2220-C,2500.67,ETH-7SEP26,call,2220.0,2026-09-07T08:00:00+00:00,0.0021866600608094404,0.1105,0.1135,0.112228,0.112,2500.67,ETH-7SEP26,0.6516,0.99996,0.0002,138.0,0.0,0.0030000000000000027,ETH,2501.07,0.0
2026-09-06T12:49:54.256465+00:00,ETH-26MAR27-3200-P,2551.75,ETH-26MAR27,put,3200.0,2027-03-26T08:00:00+00:00,0.5497568174872297,0.3255,0.3505,0.336427,0.338,2551.75,ETH-26MAR27,0.5515,-0.63614,7.10891,20.0,0.0,0.024999999999999967,ETH,2501.07,0.0
2026-09-06T12:49:54.256465+00:00,ETH-26MAR27-2600-C,2551.75,ETH-26MAR27,call,2600.0,2027-03-26T08:00:00+00:00,0.5497568174872297,0.151,0.154,0.152536,0.1525,2551.75,ETH-26MAR27,0.5455,0.56229,7.46079,3223.0,0.0,0.0030000000000000027,ETH,2501.07,0.0
2026-09-06T12:49:54.256465+00:00,ETH-25SEP26-2500-C,2506.46,ETH-25SEP26,call,2500.0,2026-09-25T08:00:00+00:00,0.05146797422918726,0.045,0.046,0.045729,0.0455,2506.46,ETH-25SEP26,0.4917,0.53264,2.2623,22893.0,4.0,0.0010000000000000009,ETH,2501.07,426.11
2026-09-06T12:49:54.256465+00:00,ETH-25JUN27-3300-P,2580.52,ETH-25JUN27,put,3300.0,2027-06-25T08:00:00+00:00,0.798901239116251,0.3815,0.396,0.390713,0.38875,2580.52,ETH-25JUN27,0.5604,-0.59473,8.94688,0.0,0.0,0.014500000000000013,ETH,2501.07,0.0
2026-09-06T12:49:54.256465+00:00,ETH-18SEP26-2300-P,2504.09,ETH-18SEP26,put,2300.0,2026-09-18T08:00:00+00:00,0.032303018719262555,0.007,0.008,0.007542,0.0075,2504.09,ETH-18SEP26,0.4907,-0.15578,1.07665,3541.0,66.0,0.001,ETH,2501.07,1256.71
2026-09-06T12:49:54.256465+00:00,ETH-25JUN27-1700-C,2580.5,ETH-25JUN27,call,1700.0,2027-06-25T08:00:00+00:00,0.798901239116251,0.389,0.3955,0.391779,0.39225,2580.5,ETH-25JUN27,0.5868,0.85507,5.25877,676.0,0.0,0.006500000000000006,ETH,2501.07,0.0
2026-09-06T12:49:54.256465+00:00,ETH-25SEP26-2360-C,2506.45,ETH-25SEP26,call,2360.0,2026-09-25T08:00:00+00:00,0.05146797422918726,0.0775,0.0795,0.078508,0.0785,2506.45,ETH-25SEP26,0.4914,0.72529,1.89753,240.0,96.0,0.0020000000000000018,ETH,2501.07,17374.16
2026-09-06T12:49:54.256465+00:00,ETH-25SEP26-2600-P,2506.45,ETH-25SEP26,put,2600.0,2026-09-25T08:00:00+00:00,0.05146797422918726,0.0665,0.0685,0.067349,0.0675,2506.45,ETH-25SEP26,0.5025,-0.60316,2.19357,9379.0,0.0,0.0020000000000000018,ETH,2501.07,0.0
2026-09-06T12:49:54.256465+00:00,ETH-10SEP26-2600-C,2501.54,ETH-10SEP26,call,2600.0,2026-09-10T08:00:00+00:00,0.010400212422205745,0.005,0.006,0.005517,0.0055,2501.54,ETH-10SEP26,0.45990000000000003,0.21392,0.74352,0.0,0.0,0.001,ETH,2501.08,0.0
2026-09-06T12:49:54.256465+00:00,ETH-27NOV26-2450-C,2519.45,ETH-27NOV26,call,2450.0,2026-11-27T08:00:00+00:00,0.22395257381850964,0.11,0.1115,0.111312,0.11075,2519.45,ETH-27NOV26,0.5217,0.59408,4.62679,132.0,0.0,0.0015000000000000013,ETH,2501.08,0.0
2026-09-06T12:49:54.256465+00:00,ETH-9SEP26-2480-P,2501.25,ETH-9SEP26,put,2480.0,2026-09-09T08:00:00+00:00,0.0076623616350736425,0.009,0.01,0.009464,0.0095,2501.25,ETH-9SEP26,0.3818,-0.38908,0.83973,167.0,167.0,0.0010000000000000009,ETH,2501.08,3976.86
2026-09-06T12:49:54.256465+00:00,ETH-7SEP26-2700-C,2500.67,ETH-7SEP26,call,2700.0,2026-09-07T08:00:00+00:00,0.0021866600608094404,,0.0002,7.7e-05,,2500.67,ETH-7SEP26,0.6713,0.00778,0.02499,203.0,187.0,,ETH,2501.08,83.58
2026-09-06T12:49:54.256465+00:00,ETH-11SEP26-2600-C,2501.82,ETH-11SEP26,call,2600.0,2026-09-11T08:00:00+00:00,0.013138063209337846,0.0075,0.0085,0.007799,0.008,2501.82,ETH-11SEP26,0.4739,0.25008,0.91185,2445.0,214.0,0.0010000000000000009,ETH,2501.08,2908.0
2026-09-06T12:49:54.256465+00:00,ETH-10SEP26-2380-C,2501.55,ETH-10SEP26,call,2380.0,2026-09-10T08:00:00+00:00,0.010400212422205745,0.049,0.0535,0.051359,0.05125,2501.55,ETH-10SEP26,0.43229999999999996,0.87683,0.51996,0.0,0.0,0.004499999999999997,ETH,2501.08,0.0
2026-09-06T12:49:54.256465+00:00,ETH-30OCT26-3800-C,2512.18,ETH-30OCT26,call,3800.0,2026-10-30T08:00:00+00:00,0.1472927517788108,0.005,0.006,0.005462,0.0055,2512.18,ETH-30OCT26,0.6345000000000001,0.05755,1.11234,814.0,70.0,0.001,ETH,2501.12,688.45
2026-09-06T12:49:54.256465+00:00,ETH-25DEC26-8000-C,2525.58,ETH-25DEC26,call,8000.0,2026-12-25T08:00:00+00:00,0.3006123958582085,0.0004,0.001,0.000647,0.0007,2525.58,ETH-25DEC26,0.7631,0.00547,0.21709,2942.0,0.0,0.0006000000000000001,ETH,2501.12,0.0
2026-09-06T12:49:54.256465+00:00,ETH-25SEP26-2420-P,2506.45,ETH-25SEP26,put,2420.0,2026-09-25T08:00:00+00:00,0.05146797422918726,0.028,0.029,0.028499,0.0285,2506.45,ETH-25SEP26,0.4902,-0.35416,2.11648,5115.0,0.0,0.0010000000000000009,ETH,2501.08,0.0
2026-09-06T12:49:54.256465+00:00,ETH-10SEP26-2900-C,2501.55,ETH-10SEP26,call,2900.0,2026-09-10T08:00:00+00:00,0.010400212422205745,0.0003,0.0007,0.000486,0.0005,2501.55,ETH-10SEP26,0.6892,0.01967,0.12184,20.0,20.0,0.0004,ETH,2501.12,20.01
2026-09-06T12:49:54.256465+00:00,ETH-25JUN27-1600-P,2580.52,ETH-25JUN27,put,1600.0,2027-06-25T08:00:00+00:00,0.798901239116251,0.0405,0.043,0.041802,0.04175,2580.52,ETH-25JUN27,0.5978,-0.12259,4.68694,1978.0,0.0,0.0024999999999999953,ETH,2501.12,0.0
2026-09-06T12:49:54.256465+00:00,ETH-10SEP26-2250-P,2501.55,ETH-10SEP26,put,2250.0,2026-09-10T08:00:00+00:00,0.010400212422205745,0.0004,0.0007,0.000545,0.00055,2501.55,ETH-10SEP26,0.5404,-0.02517,0.15001,50.0,50.0,0.0003,ETH,2501.12,62.56
2026-09-06T12:49:54.256465+00:00,ETH-18SEP26-2300-C,2504.08,ETH-18SEP26,call,2300.0,2026-09-18T08:00:00+00:00,0.032303018719262555,0.0875,0.09,0.089034,0.08875,2504.08,ETH-18SEP26,0.4907,0.84424,1.07656,50.0,0.0,0.0025000000000000022,ETH,2501.12,0.0
2026-09-06T12:49:54.256465+00:00,ETH-7SEP26-2460-P,2500.67,ETH-7SEP26,put,2460.0,2026-09-07T08:00:00+00:00,0.0021866600608094404,0.0012,0.0016,0.001367,0.0014,2500.67,ETH-7SEP26,0.3517,-0.15226,0.27519,928.0,368.0,0.0004000000000000002,ETH,2501.12,3314.69
2026-09-06T12:49:54.256465+00:00,ETH-25SEP26-2550-C,2506.45,ETH-25SEP26,call,2550.0,2026-09-25T08:00:00+00:00,0.05146797422918726,0.0365,0.0375,0.037226,0.037,2506.45,ETH-25SEP26,0.49729999999999996,0.46285,2.26006,277.0,0.0,0.0010000000000000009,ETH,2501.12,0.0
2026-09-06T12:49:54.256465+00:00,ETH-8SEP26-2100-P,2500.92,ETH-8SEP26,put,2100.0,2026-09-08T08:00:00+00:00,0.004924510847941542,,0.0001,5e-05,,2500.92,ETH-8SEP26,0.9014,-0.00255,0.01389,3151.0,312.0,,ETH,2501.12,103.47
2026-09-06T12:49:54.256465+00:00,ETH-30OCT26-1900-C,2512.18,ETH-30OCT26,call,1900.0,2026-10-30T08:00:00+00:00,0.1472927517788108,0.251,0.255,0.252709,0.253,2512.18,ETH-30OCT26,0.5693,0.91757,1.46703,275.0,0.0,0.0040000000000000036,ETH,2501.12,0.0
2026-09-06T12:49:54.256465+00:00,ETH-8SEP26-2640-P,2500.93,ETH-8SEP26,put,2640.0,2026-09-08T08:00:00+00:00,0.004924510847941542,0.053,0.061,0.056595,0.057,2500.93,ETH-8SEP26,0.5019,-0.93436,0.22425,0.0,0.0,0.008,ETH,2501.12,0.0
2026-09-06T12:49:54.256465+00:00,ETH-25DEC26-3100-P,2525.58,ETH-25DEC26,put,3100.0,2026-12-25T08:00:00+00:00,0.3006123958582085,0.2655,0.282,0.27475,0.27375,2525.58,ETH-25DEC26,0.5404,-0.70609,4.77302,0.0,0.0,0.01649999999999996,ETH,2501.12,0.0
2026-09-06T12:49:54.256465+00:00,ETH-9SEP26-2620-P,2501.25,ETH-9SEP26,put,2620.0,2026-09-09T08:00:00+00:00,0.0076623616350736425,0.0465,0.054,0.050177,0.05025,2501.25,ETH-9SEP26,0.4675,-0.86519,0.47505,0.0,0.0,0.0075,ETH,2501.12,0.0
2026-09-06T12:49:54.256465+00:00,ETH-10SEP26-2540-C,2501.55,ETH-10SEP26,call,2540.0,2026-09-10T08:00:00+00:00,0.010400212422205745,0.0105,0.0115,0.010974,0.011,2501.55,ETH-10SEP26,0.42950000000000005,0.37507,0.96783,0.0,0.0,0.0009999999999999992,ETH,2501.12,0.0
2026-09-06T12:49:54.256465+00:00,ETH-9SEP26-2480-C,2501.25,ETH-9SEP26,call,2480.0,2026-09-09T08:00:00+00:00,0.0076623616350736425,0.017,0.019,0.017948,0.018,2501.25,ETH-9SEP26,0.3818,0.61115,0.83961,0.0,0.0,0.0019999999999999983,ETH,2501.12,0.0
2026-09-06T12:49:54.256465+00:00,ETH-25DEC26-6500-C,2525.58,ETH-25DEC26,call,6500.0,2026-12-25T08:00:00+00:00,0.3006123958582085,0.0014,0.002,0.001708,0.0017,2525.58,ETH-25DEC26,0.7190000000000001,0.01395,0.49288,1846.0,0.0,0.0006000000000000001,ETH,2501.12,0.0
2026-09-06T12:49:54.256465+00:00,ETH-26MAR27-3800-C,2551.75,ETH-26MAR27,call,3800.0,2027-03-26T08:00:00+00:00,0.5497568174872297,0.045,0.0475,0.04632,0.04625,2551.75,ETH-26MAR27,0.5657,0.2301,5.7504,1401.0,0.0,0.0025000000000000022,ETH,2501.12,0.0
2026-09-06T12:49:54.256465+00:00,ETH-7SEP26-2200-P,2500.67,ETH-7SEP26,put,2200.0,2026-09-07T08:00:00+00:00,0.0021866600608094404,,0.0001,0.0,,2500.67,ETH-7SEP26,0.6516,-1e-05,6e-05,507.0,0.0,,ETH,2501.12,0.0
2026-09-06T12:49:54.256465+00:00,ETH-25SEP26-1500-P,2506.45,ETH-25SEP26,put,1500.0,2026-09-25T08:00:00+00:00,0.05146797422918726,0.0003,0.0004,0.000333,0.00035,2506.45,ETH-25SEP26,0.9098999999999999,-0.00477,0.07894,17058.0,1.0,0.00010000000000000005,ETH,2501.12,0.75
2026-09-06T12:49:54.256465+00:00,ETH-25DEC26-2400-P,2525.61,ETH-25DEC26,put,2400.0,2026-12-25T08:00:00+00:00,0.3006123958582085,0.088,0.0895,0.088804,0.08875,2525.61,ETH-25DEC26,0.5265,-0.37362,5.24838,4649.0,363.0,0.0015000000000000013,ETH,2501.12,80283.21
2026-09-06T12:49:54.256465+00:00,ETH-7SEP26-2300-C,2500.67,ETH-7SEP26,call,2300.0,2026-09-07T08:00:00+00:00,0.0021866600608094404,0.077,0.0825,0.080262,0.07975,2500.67,ETH-7SEP26,0.6515000000000001,0.99724,0.00992,0.0,0.0,0.005500000000000005,ETH,2501.12,0.0
2026-09-06T12:49:54.256465+00:00,ETH-25SEP26-1950-P,2506.46,ETH-25SEP26,put,1950.0,2026-09-25T08:00:00+00:00,0.05146797422918726,0.0015,0.0018,0.001645,0.00165,2506.46,ETH-25SEP26,0.6075,-0.0292,0.37857,4380.0,0.0,0.0002999999999999999,ETH,2501.12,0.0
2026-09-06T12:49:54.256465+00:00,ETH-7SEP26-2900-C,2500.67,ETH-7SEP26,call,2900.0,2026-09-07T08:00:00+00:00,0.0021866600608094404,,0.0001,0.0,,2500.67,ETH-7SEP26,0.7617,2e-05,9e-05,100.0,0.0,,ETH,2501.12,0.0
2026-09-06T12:49:54.256465+00:00,ETH-7SEP26-2380-P,2500.67,ETH-7SEP26,put,2380.0,2026-09-07T08:00:00+00:00,0.0021866600608094404,0.0001,0.0003,0.000153,0.0002,2500.67,ETH-7SEP26,0.5058,-0.01727,0.04995,415.0,355.0,0.00019999999999999998,ETH,2501.12,469.08
2026-09-06T12:49:54.256465+00:00,ETH-30OCT26-3200-P,2512.19,ETH-30OCT26,put,3200.0,2026-10-30T08:00:00+00:00,0.1472927517788108,0.2825,0.2965,0.289771,0.2895,2512.19,ETH-30OCT26,0.5622,-0.84411,2.3077,2.0,0.0,0.014000000000000012,ETH,2501.12,0.0
2026-09-06T12:49:54.256465+00:00,ETH-8SEP26-2380-C,2500.92,ETH-8SEP26,call,2380.0,2026-09-08T08:00:00+00:00,0.004924510847941542,0.0455,0.052,0.048974,0.04875,2500.92,ETH-8SEP26,0.4316,0.95178,0.17584,0.0,0.0,0.006499999999999999,ETH,2501.12,0.0
2026-09-06T12:49:54.256465+00:00,ETH-7SEP26-2800-C,2500.67,ETH-7SEP26,call,2800.0,2026-09-07T08:00:00+00:00,0.0021866600608094404,,0.0001,7e-06,,2500.67,ETH-7SEP26,0.7606,0.0008,0.00322,38.0,4.0,,ETH,2501.12,1.0
2026-09-06T12:49:54.256465+00:00,ETH-30OCT26-1400-P,2512.19,ETH-30OCT26,put,1400.0,2026-10-30T08:00:00+00:00,0.1472927517788108,0.0012,0.0016,0.00141,0.0014,2512.19,ETH-30OCT26,0.7312000000000001,-0.01304,0.3239,2801.0,20.0,0.0004000000000000002,ETH,2501.12,74.56
2026-09-06T12:49:54.256465+00:00,ETH-8SEP26-2560-C,2500.93,ETH-8SEP26,call,2560.0,2026-09-08T08:00:00+00:00,0.004924510847941542,0.0028,0.0034,0.003127,0.0031,2500.93,ETH-8SEP26,0.3951,0.20741,0.50217,140.0,131.0,0.0005999999999999998,ETH,2501.12,554.69
2026-09-06T12:49:54.256465+00:00,ETH-26MAR27-2300-P,2551.75,ETH-26MAR27,put,2300.0,2027-03-26T08:00:00+00:00,0.5497568174872297,0.1075,0.11,0.108792,0.10875,2551.75,ETH-26MAR27,0.5484,-0.3229,6.79617,1688.0,0.0,0.0025000000000000022,ETH,2501.12,0.0
2026-09-06T12:49:54.256465+00:00,ETH-26MAR27-1700-P,2551.75,ETH-26MAR27,put,1700.0,2027-03-26T08:00:00+00:00,0.5497568174872297,0.0325,0.0345,0.033408,0.0335,2551.75,ETH-26MAR27,0.589,-0.12531,3.90415,1637.0,0.0,0.0020000000000000018,ETH,2501.12,0.0
2026-09-06T12:49:54.256465+00:00,ETH-10SEP26-2400-C,2501.54,ETH-10SEP26,call,2400.0,2026-09-10T08:00:00+00:00,0.010400212422205745,0.0425,0.0455,0.044344,0.044,2501.54,ETH-10SEP26,0.4217,0.83952,0.62217,0.0,0.0,0.0029999999999999957,ETH,2501.12,0.0
2026-09-06T12:49:54.256465+00:00,ETH-27NOV26-3100-P,2519.45,ETH-27NOV26,put,3100.0,2026-11-27T08:00:00+00:00,0.22395257381850964,0.2565,0.2715,0.264473,0.264,2519.45,ETH-27NOV26,0.5452,-0.74953,3.79517,0.0,0.0,0.015000000000000013,ETH,2501.12,0.0
2026-09-06T12:49:54.256465+00:00,ETH-9SEP26-2400-C,2501.25,ETH-9SEP26,call,2400.0,2026-09-09T08:00:00+00:00,0.0076623616350736425,0.041,0.0455,0.042689,0.04325,2501.25,ETH-9SEP26,0.41229999999999994,0.87943,0.43958,0.0,0.0,0.004499999999999997,ETH,2501.12,0.0
2026-09-06T12:49:54.256465+00:00,ETH-25SEP26-12000-C,2506.45,ETH-25SEP26,call,12000.0,2026-09-25T08:00:00+00:00,0.05146797422918726,,0.0001,2e-06,,2506.45,ETH-25SEP26,1.6338,3e-05,0.00065,1953.0,0.0,,ETH,2501.12,0.0
2026-09-06T12:49:54.256465+00:00,ETH-25JUN27-2900-P,2580.5,ETH-25JUN27,put,2900.0,2027-06-25T08:00:00+00:00,0.798901239116251,0.2715,0.279,0.27618,0.27525,2580.5,ETH-25JUN27,0.5566,-0.494,9.20693,284.0,0.0,0.007500000000000007,ETH,2501.11,0.0
2026-09-06T12:49:54.256465+00:00,ETH-30OCT26-2150-C,2512.18,ETH-30OCT26,call,2150.0,2026-10-30T08:00:00+00:00,0.1472927517788108,0.166,0.17,0.167626,0.168,2512.18,ETH-30OCT26,0.5251,0.80918,2.62513,1035.0,0.0,0.0040000000000000036,ETH,2501.11,0.0
2026-09-06T12:49:54.256465+00:00,ETH-25JUN27-4800-P,2580.52,ETH-25JUN27,put,4800.0,2027-06-25T08:00:00+00:00,0.798901239116251,0.8835,0.923,0.900721,0.90325,2580.52,ETH-25JUN27,0.5867,-0.82127,6.02953,0.0,0.0,0.03950000000000009,ETH,2501.11,0.0
2026-09-06T12:49:54.256465+00:00,ETH-25SEP26-2350-C,2506.45,ETH-25SEP26,call,2350.0,2026-09-25T08:00:00+00:00,0.05146797422918726,0.08,0.0825,0.08143,0.08125,2506.45,ETH-25SEP26,0.4935,0.73714,1.856,0.0,0.0,0.0025000000000000022,ETH,2501.11,0.0
2026-09-06T12:49:54.256465+00:00,ETH-10SEP26-2440-P,2501.54,ETH-10SEP26,put,2440.0,2026-09-10T08:00:00+00:00,0.010400212422205745,0.0065,0.0075,0.007053,0.007,2501.54,ETH-10SEP26,0.41100000000000003,-0.26645,0.83826,101.0,101.0,0.001,ETH,2501.11,1765.51
2026-09-06T12:49:54.256465+00:00,ETH-8SEP26-2380-P,2500.94,ETH-8SEP26,put,2380.0,2026-09-08T08:00:00+00:00,0.004924510847941542,0.0005,0.0008,0.00063,0.00065,2500.94,ETH-8SEP26,0.4316,-0.04818,0.17575,234.0,221.0,0.00030000000000000003,ETH,2500.99,536.7
2026-09-06T12:49:54.256465+00:00,ETH-25DEC26-1900-C,2525.59,ETH-25DEC26,call,1900.0,2026-12-25T08:00:00+00:00,0.3006123958582085,0.2715,0.2755,0.273236,0.2735,2525.59,ETH-25DEC26,0.5621,0.85963,3.08979,3837.0,0.0,0.0040000000000000036,ETH,2501.11,0.0
2026-09-06T12:49:54.256465+00:00,ETH-11SEP26-2250-P,2501.84,ETH-11SEP26,put,2250.0,2026-09-11T08:00:00+00:00,0.013138063209337846,0.0009,0.0012,0.001052,0.00105,2501.84,ETH-11SEP26,0.5414,-0.04045,0.24946,5638.0,0.0,0.0002999999999999999,ETH,2500.99,0.0
2026-09-06T12:49:54.256465+00:00,ETH-30OCT26-2450-C,2512.21,ETH-30OCT26,call,2450.0,2026-10-30T08:00:00+00:00,0.1472927517788108,0.0895,0.0905,0.09004,0.09,2512.21,ETH-30OCT26,0.5101,0.58999,3.75049,420.0,0.0,0.0010000000000000009,ETH,2500.99,0.0
2026-09-06T12:49:54.256465+00:00,ETH-11SEP26-2800-P,2501.82,ETH-11SEP26,put,2800.0,2026-09-11T08:00:00+00:00,0.013138063209337846,0.118,0.1255,0.120795,0.12175,2501.82,ETH-11SEP26,0.6047,-0.94336,0.32666,67.0,0.0,0.007500000000000007,ETH,2500.99,0.0
2026-09-06T12:49:54.256465+00:00,ETH-7SEP26-2240-C,2500.65,ETH-7SEP26,call,2240.0,2026-09-07T08:00:00+00:00,0.0021866600608094404,0.1025,0.1055,0.10423,0.104,2500.65,ETH-7SEP26,0.6515000000000001,0.99987,0.00061,18.0,18.0,0.0030000000000000027,ETH,2500.99,4700.69
2026-09-06T12:49:54.256465+00:00,ETH-11SEP26-2200-P,2501.84,ETH-11SEP26,put,2200.0,2026-09-11T08:00:00+00:00,0.013138063209337846,0.0006,0.0009,0.000746,0.00075,2501.84,ETH-11SEP26,0.5965,-0.0275,0.18156,10294.0,101.0,0.00030000000000000003,ETH,2500.99,239.49
2026-09-06T12:49:54.256465+00:00,ETH-30OCT26-1750-P,2512.19,ETH-30OCT26,put,1750.0,2026-10-30T08:00:00+00:00,0.1472927517788108,0.0048,0.0055,0.005163,0.00515,2512.19,ETH-30OCT26,0.6102000000000001,-0.04827,0.96749,779.0,1.0,0.0007000000000000001,ETH,2500.99,12.55
2026-09-06T12:49:54.256465+00:00,ETH-9SEP26-2650-C,2501.25,ETH-9SEP26,call,2650.0,2026-09-09T08:00:00+00:00,0.0076623616350736425,0.0018,0.0021,0.001936,0.00195,2501.25,ETH-9SEP26,0.49810000000000004,0.09751,0.37731,10.0,8.0,0.0002999999999999999,ETH,2500.99,25.75
2026-09-06T12:49:54.256465+00:00,ETH-25DEC26-1700-P,2525.61,ETH-25DEC26,put,1700.0,2026-12-25T08:00:00+00:00,0.3006123958582085,0.014,0.015,0.014532,0.0145,2525.61,ETH-25DEC26,0.5954999999999999,-0.08432,2.14342,13364.0,0.0,0.0009999999999999992,ETH,2500.99,0.0
2026-09-06T12:49:54.256465+00:00,ETH-18SEP26-3200-P,2504.08,ETH-18SEP26,put,3200.0,2026-09-18T08:00:00+00:00,0.032303018719262555,0.2755,0.285,0.279347,0.28025,2504.08,ETH-18SEP26,0.7033,-0.97002,0.30622,0.0,0.0,0.009499999999999953,ETH,2500.99,0.0
2026-09-06T12:49:54.256465+00:00,ETH-30OCT26-1500-P,2512.19,ETH-30OCT26,put,1500.0,2026-10-30T08:00:00+00:00,0.1472927517788108,0.0018,0.0023,0.002043,0.00205,2512.19,ETH-30OCT26,0.6931,-0.01912,0.44951,2662.0,0.0,0.0005,ETH,2501.03,0.0
2026-09-06T12:49:54.256465+00:00,ETH-25SEP26-2850-P,2506.45,ETH-25SEP26,put,2850.0,2026-09-25T08:00:00+00:00,0.05146797422918726,0.144,0.152,0.14748,0.148,2506.45,ETH-25SEP26,0.5488000000000001,-0.83302,1.42332,0.0,0.0,0.008000000000000007,ETH,2500.99,0.0
2026-09-06T12:49:54.256465+00:00,ETH-11SEP26-2000-C,2501.83,ETH-11SEP26,call,2000.0,2026-09-11T08:00:00+00:00,0.013138063209337846,0.199,0.203,0.200798,0.201,2501.83,ETH-11SEP26,0.8088,0.99314,0.05492,19.0,0.0,0.0040000000000000036,ETH,2501.03,0.0
2026-09-06T12:49:54.256465+00:00,ETH-25DEC26-6000-C,2525.58,ETH-25DEC26,call,6000.0,2026-12-25T08:00:00+00:00,0.3006123958582085,0.0021,0.0025,0.002247,0.0023,2525.58,ETH-25DEC26,0.6923,0.01839,0.62483,10852.0,20.0,0.0004000000000000002,ETH,2501.03,109.38
2026-09-06T12:49:54.256465+00:00,ETH-30OCT26-2800-P,2512.19,ETH-30OCT26,put,2800.0,2026-10-30T08:00:00+00:00,0.1472927517788108,0.151,0.156,0.154367,0.1535,2512.19,ETH-30OCT26,0.5268999999999999,-0.66763,3.50392,20.0,0.0,0.0050000000000000044,ETH,2501.03,0.0
2026-09-06T12:49:54.256465+00:00,ETH-8SEP26-2320-C,2500.94,ETH-8SEP26,call,2320.0,2026-09-08T08:00:00+00:00,0.004924510847941542,0.069,0.075,0.072634,0.072,2500.94,ETH-8SEP26,0.5312,0.97953,0.08667,0.0,0.0,0.0059999999999999915,ETH,2501.03,0.0
2026-09-06T12:49:54.256465+00:00,ETH-11SEP26-2600-P,2501.82,ETH-11SEP26,put,2600.0,2026-09-11T08:00:00+00:00,0.013138063209337846,0.046,0.0485,0.047043,0.04725,2501.82,ETH-11SEP26,0.4739,-0.75014,0.91138,287.0,1.0,0.0025000000000000022,ETH,2501.03,118.84
2026-09-06T12:49:54.256465+00:00,ETH-7SEP26-2440-C,2500.67,ETH-7SEP26,call,2440.0,2026-09-07T08:00:00+00:00,0.0021866600608094404,0.021,0.028,0.025025,0.0245,2500.67,ETH-7SEP26,0.3945,0.91259,0.18568,156.0,18.0,0.006999999999999999,ETH,2501.03,688.86
2026-09-06T12:49:54.256465+00:00,ETH-25JUN27-800-C,2580.52,ETH-25JUN27,call,800.0,2027-06-25T08:00:00+00:00,0.798901239116251,0.695,0.698,0.696219,0.6965,2580.52,ETH-25JUN27,0.7595999999999999,0.98051,1.09309,118.0,0.0,0.0030000000000000027,ETH,2501.03,0.0
2026-09-06T12:49:54.256465+00:00,ETH-27NOV26-4600-P,2519.48,ETH-27NOV26,put,4600.0,2026-11-27T08:00:00+00:00,0.22395257381850964,0.8185,0.841,0.830122,0.82975,2519.48,ETH-27NOV26,0.6598999999999999,-0.96161,0.99423,0.0,0.0,0.022499999999999964,ETH,2501.03,0.0
