timestamp,instrument_name,underlying,underlying_name,option_type,strike,expiry_datetime,time_to_maturity,bid_price,ask_price,mark_price,mid_price,futures_price,futures_instrument_name,implied_volatility,delta,vega,open_interest,volume,bid_ask_spread,currency,index_price,volume_usd
2026-09-07T08:12:03.711653+00:00,BTC-8SEP26-90000-C,79453.31,BTC-8SEP26,call,90000.0,2026-09-08T08:00:00+00:00,0.0027149177487198013,,0.0001,3e-08,,79453.31,BTC-8SEP26,0.5407,1e-05,0.001,8.2,0.0,,BTC,79482.1,0.0
2026-09-07T08:12:03.711653+00:00,BTC-25SEP26-155000-P,79583.08,BTC-25SEP26,put,155000.0,2026-09-25T08:00:00+00:00,0.04925838112996552,0.942,0.956,0.94769875,0.949,79583.08,BTC-25SEP26,0.8133,-0.99984,0.10745,0.1,0.0,0.014000000000000012,BTC,79482.1,0.0
2026-09-07T08:12:03.711653+00:00,BTC-25SEP26-105000-C,79583.08,BTC-25SEP26,call,105000.0,2026-09-25T08:00:00+00:00,0.04925838112996552,0.0004,0.0005,0.00047364,0.00045,79583.08,BTC-25SEP26,0.5382,0.01192,5.48602,1538.2,4.0,9.999999999999999e-05,BTC,79482.1,159.55
2026-09-07T08:12:03.711653+00:00,BTC-18SEP26-90000-C,79535.2,BTC-18SEP26,call,90000.0,2026-09-18T08:00:00+00:00,0.030093425620040814,0.0016,0.0017,0.00171372,0.00165,79535.2,BTC-18SEP26,0.43579999999999997,0.05515,15.38716,410.2,1.1,9.999999999999983e-05,BTC,79482.1,187.47
2026-09-07T08:12:03.711653+00:00,BTC-27NOV26-70000-C,80241.44,BTC-27NOV26,call,70000.0,2026-11-27T08:00:00+00:00,0.2217429807192879,0.1515,0.1535,0.15208726,0.1525,80241.44,BTC-27NOV26,0.4031,0.79218,108.26758,4.2,0.0,0.0020000000000000018,BTC,79482.1,0.0
2026-09-07T08:12:03.711653+00:00,BTC-9SEP26-73000-P,79465.37,BTC-9SEP26,put,73000.0,2026-09-09T08:00:00+00:00,0.005452768535851902,0.0001,0.0003,0.00017361,0.0002,79465.37,BTC-9SEP26,0.5186999999999999,-0.01281,1.93988,2.7,0.1,0.00019999999999999998,BTC,79482.1,2.4
2026-09-07T08:12:03.711653+00:00,BTC-30OCT26-90000-P,79928.55,BTC-30OCT26,put,90000.0,2026-10-30T08:00:00+00:00,0.14508315867958907,0.1405,0.1495,0.14465727,0.145,79928.55,BTC-30OCT26,0.3871,-0.76758,93.01767,5.9,0.3,0.00899999999999998,BTC,79482.1,3528.48
2026-09-07T08:12:03.711653+00:00,BTC-25JUN27-105000-P,82445.87,BTC-25JUN27,put,105000.0,2027-06-25T08:00:00+00:00,0.7966916460170291,0.3315,0.349,0.33932109,0.34025,82445.87,BTC-25JUN27,0.4199,-0.67636,264.49602,0.1,0.0,0.01749999999999996,BTC,79482.1,0.0
2026-09-07T08:12:03.711653+00:00,BTC-25SEP26-82000-P,79583.18,BTC-25SEP26,put,82000.0,2026-09-25T08:00:00+00:00,0.04925838112996552,0.0495,0.0515,0.05087407,0.0505,79583.18,BTC-25SEP26,0.373,-0.62546,66.97409,458.9,185.0,0.001999999999999995,BTC,79482.12,719762.87
2026-09-07T08:12:03.711653+00:00,BTC-26MAR27-112000-P,81484.95,BTC-26MAR27,put,112000.0,2027-03-26T08:00:00+00:00,0.547547224388008,0.3965,0.4125,0.4034708,0.4045,81484.95,BTC-26MAR27,0.42,-0.80724,165.13113,0.1,0.0,0.01599999999999996,BTC,79482.1,0.0
2026-09-07T08:12:03.711653+00:00,BTC-25DEC26-58000-C,80571.06,BTC-25DEC26,call,58000.0,2026-12-25T08:00:00+00:00,0.29840280275898673,0.286,0.2925,0.29001184,0.28925,80571.06,BTC-25DEC26,0.4657,0.92206,64.17801,40.3,0.0,0.006500000000000006,BTC,79482.1,0.0
2026-09-07T08:12:03.711653+00:00,BTC-30OCT26-79000-C,79926.62,BTC-30OCT26,call,79000.0,2026-10-30T08:00:00+00:00,0.14508315867958907,0.0615,0.0625,0.06210962,0.062,79926.62,BTC-30OCT26,0.37170000000000003,0.56096,120.07824,186.0,0.9,0.0010000000000000009,BTC,79482.12,4590.3
2026-09-07T08:12:03.711653+00:00,BTC-9SEP26-83000-C,79463.71,BTC-9SEP26,call,83000.0,2026-09-09T08:00:00+00:00,0.005452768535851902,0.0006,0.0008,0.00071501,0.0007,79463.71,BTC-9SEP26,0.377,0.06057,7.04451,61.8,25.5,0.0002000000000000001,BTC,79482.12,2597.24
2026-09-07T08:12:03.711653+00:00,BTC-25SEP26-66000-P,79583.18,BTC-25SEP26,put,66000.0,2026-09-25T08:00:00+00:00,0.04925838112996552,0.0013,0.0015,0.00138156,0.0014,79583.18,BTC-25SEP26,0.4702,-0.03254,12.85739,1602.8,4.2,0.0002000000000000001,BTC,79482.12,469.11
2026-09-07T08:12:03.711653+00:00,BTC-25JUN27-90000-C,82445.87,BTC-25JUN27,call,90000.0,2027-06-25T08:00:00+00:00,0.7966916460170291,0.1105,0.113,0.11188999,0.11175,82445.87,BTC-25JUN27,0.4143,0.47927,293.28608,715.0,0.0,0.0025000000000000022,BTC,79482.12,0.0
2026-09-07T08:12:03.711653+00:00,BTC-25SEP26-79000-C,79583.18,BTC-25SEP26,call,79000.0,2026-09-25T08:00:00+00:00,0.04925838112996552,0.0355,0.0365,0.03611553,0.036,79583.18,BTC-25SEP26,0.3663,0.55215,69.88574,2289.8,0.1,0.0010000000000000009,BTC,79481.83,319.77
2026-09-07T08:12:03.711653+00:00,BTC-10SEP26-78000-P,79468.76,BTC-10SEP26,put,78000.0,2026-09-10T08:00:00+00:00,0.008190619322984004,0.0047,0.0055,0.00513085,0.0051,79468.76,BTC-10SEP26,0.34130000000000005,-0.26774,23.68868,0.6,0.6,0.0007999999999999995,BTC,79481.83,285.22
2026-09-07T08:12:03.711653+00:00,BTC-26MAR27-78000-C,81484.95,BTC-26MAR27,call,78000.0,2027-03-26T08:00:00+00:00,0.547547224388008,0.138,0.14,0.13887781,0.139,81484.95,BTC-26MAR27,0.40380000000000005,0.61626,230.33603,583.9,0.1,0.0020000000000000018,BTC,79482.12,1139.45
2026-09-07T08:12:03.711653+00:00,BTC-25SEP26-85000-P,79583.08,BTC-25SEP26,put,85000.0,2026-09-25T08:00:00+00:00,0.04925838112996552,0.076,0.083,0.07920282,0.0795,79583.08,BTC-25SEP26,0.38409999999999994,-0.76717,54.01829,454.8,0.0,0.007000000000000006,BTC,79481.83,0.0
2026-09-07T08:12:03.711653+00:00,BTC-27NOV26-68000-P,80239.89,BTC-27NOV26,put,68000.0,2026-11-27T08:00:00+00:00,0.2217429807192879,0.019,0.02,0.01941648,0.0195,80239.89,BTC-27NOV26,0.4114,-0.17076,95.92321,39.8,6.3,0.0010000000000000009,BTC,79481.83,9333.25
2026-09-07T08:12:03.711653+00:00,BTC-25DEC26-95000-P,80571.06,BTC-25DEC26,put,95000.0,2026-12-25T08:00:00+00:00,0.29840280275898673,0.206,0.216,0.20931584,0.211,80571.06,BTC-25DEC26,0.396,-0.74313,141.92114,110.8,0.2,0.010000000000000009,BTC,79481.83,3251.24
2026-09-07T08:12:03.711653+00:00,BTC-27NOV26-81000-P,80241.56,BTC-27NOV26,put,81000.0,2026-11-27T08:00:00+00:00,0.2217429807192879,0.0765,0.078,0.0774885,0.07725,80241.56,BTC-27NOV26,0.38539999999999996,-0.48445,150.68016,21.3,0.0,0.0015000000000000013,BTC,79481.83,0.0
2026-09-07T08:12:03.711653+00:00,BTC-11SEP26-72000-C,79472.75,BTC-11SEP26,call,72000.0,2026-09-11T08:00:00+00:00,0.010928470110116106,0.091,0.097,0.09447817,0.094,79472.75,BTC-11SEP26,0.4951,0.97341,5.11471,147.8,0.0,0.006000000000000005,BTC,79481.83,0.0
2026-09-07T08:12:03.711653+00:00,BTC-25SEP26-125000-P,79583.08,BTC-25SEP26,put,125000.0,2026-09-25T08:00:00+00:00,0.04925838112996552,0.5665,0.5775,0.57086446,0.572,79583.08,BTC-25SEP26,0.7225,-0.99688,1.67557,21.7,0.0,0.01100000000000001,BTC,79481.83,0.0
2026-09-07T08:12:03.711653+00:00,BTC-11SEP26-65000-C,79472.75,BTC-11SEP26,call,65000.0,2026-09-11T08:00:00+00:00,0.010928470110116106,0.179,0.1845,0.18208757,0.18175,79472.75,BTC-11SEP26,0.6964,0.99742,0.66315,0.0,0.0,0.005500000000000005,BTC,79481.83,0.0
2026-09-07T08:12:03.711653+00:00,BTC-25JUN27-55000-P,82444.32,BTC-25JUN27,put,55000.0,2027-06-25T08:00:00+00:00,0.7966916460170291,0.0275,0.0295,0.02845831,0.0285,82444.32,BTC-25JUN27,0.4606,-0.11702,144.66237,35.6,0.0,0.0019999999999999983,BTC,79481.83,0.0
2026-09-07T08:12:03.711653+00:00,BTC-26MAR27-96000-C,81484.95,BTC-26MAR27,call,96000.0,2027-03-26T08:00:00+00:00,0.547547224388008,0.0585,0.0605,0.05950035,0.0595,81484.95,BTC-26MAR27,0.4054,0.34593,222.45087,141.6,0.0,0.001999999999999995,BTC,79481.83,0.0
2026-09-07T08:12:03.711653+00:00,BTC-30OCT26-60000-C,79928.55,BTC-30OCT26,call,60000.0,2026-10-30T08:00:00+00:00,0.14508315867958907,0.2495,0.2555,0.25318807,0.2525,79928.55,BTC-30OCT26,0.4779,0.95217,30.3173,16.5,0.0,0.006000000000000005,BTC,79481.75,0.0
2026-09-07T08:12:03.711653+00:00,BTC-30OCT26-76000-P,79928.69,BTC-30OCT26,put,76000.0,2026-10-30T08:00:00+00:00,0.14508315867958907,0.0335,0.0345,0.03429677,0.034,79928.69,BTC-30OCT26,0.3743,-0.3355,111.01734,105.2,3.8,0.0010000000000000009,BTC,79481.75,10252.73
2026-09-07T08:12:03.711653+00:00,BTC-30OCT26-45000-C,79928.55,BTC-30OCT26,call,45000.0,2026-10-30T08:00:00+00:00,0.14508315867958907,0.435,0.4405,0.43781607,0.43775,79928.55,BTC-30OCT26,0.6729999999999999,0.99107,7.35083,0.1,0.0,0.005500000000000005,BTC,79481.75,0.0
2026-09-07T08:12:03.711653+00:00,BTC-30OCT26-66000-C,79928.55,BTC-30OCT26,call,66000.0,2026-10-30T08:00:00+00:00,0.14508315867958907,0.179,0.1855,0.18259344,0.18225,79928.55,BTC-30OCT26,0.42219999999999996,0.89811,54.18432,89.5,0.0,0.006500000000000006,BTC,79481.75,0.0
2026-09-07T08:12:03.711653+00:00,BTC-10SEP26-80500-C,79468.76,BTC-10SEP26,call,80500.0,2026-09-10T08:00:00+00:00,0.008190619322984004,0.0065,0.0075,0.00720589,0.007,79468.76,BTC-10SEP26,0.348,0.34708,26.56729,3.9,3.9,0.001,BTC,79481.75,3147.34
2026-09-07T08:12:03.711653+00:00,BTC-25DEC26-70000-P,80571.06,BTC-25DEC26,put,70000.0,2026-12-25T08:00:00+00:00,0.29840280275898673,0.0325,0.0335,0.03304666,0.033,80571.06,BTC-25DEC26,0.4068,-0.22846,133.19039,1487.2,14.1,0.0010000000000000009,BTC,79481.75,37253.67
2026-09-07T08:12:03.711653+00:00,BTC-30OCT26-58000-C,79928.55,BTC-30OCT26,call,58000.0,2026-10-30T08:00:00+00:00,0.14508315867958907,0.274,0.2805,0.27739893,0.27725,79928.55,BTC-30OCT26,0.49950000000000006,0.96249,24.90502,0.0,0.0,0.006500000000000006,BTC,79481.75,0.0
2026-09-07T08:12:03.711653+00:00,BTC-30OCT26-90000-C,79928.69,BTC-30OCT26,call,90000.0,2026-10-30T08:00:00+00:00,0.14508315867958907,0.018,0.019,0.0186288,0.0185,79928.69,BTC-30OCT26,0.3871,0.23243,93.01996,2734.3,61.7,0.0010000000000000009,BTC,79481.75,93210.21
2026-09-07T08:12:03.711653+00:00,BTC-27NOV26-98000-C,80239.89,BTC-27NOV26,call,98000.0,2026-11-27T08:00:00+00:00,0.2217429807192879,0.0155,0.0165,0.01609227,0.016,80239.89,BTC-27NOV26,0.406,0.17114,96.06192,52.3,2.0,0.0010000000000000009,BTC,79481.75,2821.73
2026-09-07T08:12:03.711653+00:00,BTC-25DEC26-125000-C,80571.06,BTC-25DEC26,call,125000.0,2026-12-25T08:00:00+00:00,0.29840280275898673,0.0049,0.0055,0.0052177,0.0052,80571.06,BTC-25DEC26,0.46259999999999996,0.0536,47.99217,573.1,26.3,0.0005999999999999998,BTC,79481.75,10573.26
2026-09-07T08:12:03.711653+00:00,BTC-25JUN27-40000-P,82444.32,BTC-25JUN27,put,40000.0,2027-06-25T08:00:00+00:00,0.7966916460170291,0.0085,0.01,0.00920342,0.00925,82444.32,BTC-25JUN27,0.5343,-0.03967,63.01145,1213.1,0.1,0.0014999999999999996,BTC,79481.75,79.91
2026-09-07T08:12:03.711653+00:00,BTC-8SEP26-75000-P,79454.95,BTC-8SEP26,put,75000.0,2026-09-08T08:00:00+00:00,0.0027149177487198013,,0.0002,0.00010965,,79454.95,BTC-8SEP26,0.49369999999999997,-0.01205,1.29849,42.0,62.2,,BTC,79481.75,910.19
2026-09-07T08:12:03.711653+00:00,BTC-25SEP26-140000-C,79583.08,BTC-25SEP26,call,140000.0,2026-09-25T08:00:00+00:00,0.04925838112996552,,0.0001,2.363e-05,,79583.08,BTC-25SEP26,0.7598999999999999,0.00055,0.34298,1210.3,0.0,,BTC,79481.75,0.0
2026-09-07T08:12:03.711653+00:00,BTC-30OCT26-94000-P,79928.55,BTC-30OCT26,put,94000.0,2026-10-30T08:00:00+00:00,0.14508315867958907,0.184,0.1935,0.18815939,0.18875,79928.55,BTC-30OCT26,0.3993,-0.83886,74.44635,0.0,0.0,0.009500000000000008,BTC,79481.75,0.0
2026-09-07T08:12:03.711653+00:00,BTC-18SEP26-95000-P,79535.2,BTC-18SEP26,put,95000.0,2026-09-18T08:00:00+00:00,0.030093425620040814,0.192,0.2,0.19521305,0.196,79535.2,BTC-18SEP26,0.489,-0.9799,6.71202,0.0,0.0,0.008000000000000007,BTC,79481.75,0.0
2026-09-07T08:12:03.711653+00:00,BTC-25DEC26-100000-C,80569.51,BTC-25DEC26,call,100000.0,2026-12-25T08:00:00+00:00,0.29840280275898673,0.021,0.0215,0.02130474,0.02125,80569.51,BTC-25DEC26,0.4044,0.19299,120.62796,6018.3,150.4,0.000499999999999997,BTC,79481.75,275238.58
2026-09-07T08:12:03.711653+00:00,BTC-8SEP26-81000-C,79455.19,BTC-8SEP26,call,81000.0,2026-09-08T08:00:00+00:00,0.0027149177487198013,0.001,0.0012,0.00115862,0.0011,79455.19,BTC-8SEP26,0.33140000000000003,0.13435,8.96209,144.7,61.8,0.00019999999999999987,BTC,79481.75,13780.46
2026-09-07T08:12:03.711653+00:00,BTC-26MAR27-62000-P,81484.95,BTC-26MAR27,put,62000.0,2027-03-26T08:00:00+00:00,0.547547224388008,0.03,0.0315,0.03077451,0.03075,81484.95,BTC-26MAR27,0.43520000000000003,-0.15639,144.5749,260.1,0.0,0.0015000000000000013,BTC,79481.75,0.0
2026-09-07T08:12:03.711653+00:00,BTC-25SEP26-102000-P,79583.08,BTC-25SEP26,put,102000.0,2026-09-25T08:00:00+00:00,0.04925838112996552,0.2785,0.2875,0.28235516,0.283,79583.08,BTC-25SEP26,0.5109,-0.98347,7.27265,0.4,0.0,0.008999999999999952,BTC,79481.75,0.0
2026-09-07T08:12:03.711653+00:00,BTC-9SEP26-86000-P,79463.71,BTC-9SEP26,put,86000.0,2026-09-09T08:00:00+00:00,0.005452768535851902,0.0795,0.0855,0.08248679,0.0825,79463.71,BTC-9SEP26,0.46520000000000006,-0.98876,1.73251,0.0,0.0,0.006000000000000005,BTC,79481.75,0.0
2026-09-07T08:12:03.711653+00:00,BTC-27NOV26-80000-C,80239.89,BTC-27NOV26,call,80000.0,2026-11-27T08:00:00+00:00,0.2217429807192879,0.0735,0.0745,0.07395778,0.074,80239.89,BTC-27NOV26,0.38670000000000004,0.54287,149.92329,832.3,17.1,0.0010000000000000009,BTC,79481.75,103093.79
2026-09-07T08:12:03.711653+00:00,BTC-9SEP26-75000-C,79463.71,BTC-9SEP26,call,75000.0,2026-09-09T08:00:00+00:00,0.005452768535851902,0.054,0.0595,0.05647849,0.05675,79463.71,BTC-9SEP26,0.4249,0.96887,4.11783,0.0,0.0,0.005499999999999998,BTC,79481.75,0.0
2026-09-07T08:12:03.711653+00:00,BTC-11SEP26-76000-C,79472.75,BTC-11SEP26,call,76000.0,2026-09-11T08:00:00+00:00,0.010928470110116106,0.0425,0.0485,0.04599862,0.0455,79472.75,BTC-11SEP26,0.3726,0.87835,16.78592,103.8,0.0,0.005999999999999998,BTC,79481.75,0.0
2026-09-07T08:12:03.711653+00:00,BTC-25JUN27-94000-P,82445.87,BTC-25JUN27,put,94000.0,2027-06-25T08:00:00+00:00,0.7966916460170291,0.2345,0.24,0.23688606,0.23725,82445.87,BTC-25JUN27,0.41450000000000004,-0.56723,289.50178,0.1,0.0,0.005500000000000005,BTC,79481.75,0.0
2026-09-07T08:12:03.711653+00:00,BTC-27NOV26-92000-C,80241.56,BTC-27NOV26,call,92000.0,2026-11-27T08:00:00+00:00,0.2217429807192879,0.026,0.027,0.02663929,0.0265,80241.56,BTC-27NOV26,0.3943,0.25996,122.59658,52.1,0.3,0.0010000000000000009,BTC,79481.75,669.04
2026-09-07T08:12:03.711653+00:00,BTC-25DEC26-58000-P,80571.06,BTC-25DEC26,put,58000.0,2026-12-25T08:00:00+00:00,0.29840280275898673,0.0095,0.0105,0.00995711,0.01,80571.06,BTC-25DEC26,0.4657,-0.07794,64.17821,1834.3,0.0,0.0010000000000000009,BTC,79481.75,0.0
2026-09-07T08:12:03.711653+00:00,BTC-10SEP26-73000-C,79468.64,BTC-10SEP26,call,73000.0,2026-09-10T08:00:00+00:00,0.008190619322984004,0.078,0.0845,0.08171925,0.08125,79468.64,BTC-10SEP26,0.4678,0.97878,3.66217,0.0,0.0,0.006500000000000006,BTC,79481.58,0.0
2026-09-07T08:12:03.711653+00:00,BTC-11SEP26-81000-P,79472.75,BTC-11SEP26,put,81000.0,2026-09-11T08:00:00+00:00,0.010928470110116106,0.0255,0.027,0.02690769,0.02625,79472.75,BTC-11SEP26,0.36460000000000004,-0.6843,29.55226,163.7,3.4,0.0015000000000000013,BTC,79481.75,6737.6
2026-09-07T08:12:03.711653+00:00,BTC-18SEP26-86000-P,79533.65,BTC-18SEP26,put,86000.0,2026-09-18T08:00:00+00:00,0.030093425620040814,0.083,0.09,0.08619438,0.0865,79533.65,BTC-18SEP26,0.402,-0.86112,30.55274,0.0,0.0,0.006999999999999992,BTC,79481.75,0.0
2026-09-07T08:12:03.711653+00:00,BTC-30OCT26-100000-P,79928.55,BTC-30OCT26,put,100000.0,2026-10-30T08:00:00+00:00,0.14508315867958907,0.253,0.2635,0.25769209,0.25825,79928.55,BTC-30OCT26,0.42,-0.9066,50.83456,0.3,0.0,0.01050000000000001,BTC,79481.58,0.0
2026-09-07T08:12:03.711653+00:00,BTC-11SEP26-85000-P,79474.3,BTC-11SEP26,put,85000.0,2026-09-11T08:00:00+00:00,0.010928470110116106,0.0675,0.0745,0.070811,0.071,79474.3,BTC-11SEP26,0.4142,-0.93707,10.27633,32.4,0.0,0.006999999999999992,BTC,79481.58,0.0
2026-09-07T08:12:03.711653+00:00,BTC-25DEC26-220000-C,80569.51,BTC-25DEC26,call,220000.0,2026-12-25T08:00:00+00:00,0.29840280275898673,0.0002,0.0006,0.00039614,0.0004,80569.51,BTC-25DEC26,0.6493000000000001,0.00397,5.18593,254.0,0.0,0.00039999999999999996,BTC,79481.58,0.0
2026-09-07T08:12:03.711653+00:00,BTC-26MAR27-80000-C,81484.95,BTC-26MAR27,call,80000.0,2027-03-26T08:00:00+00:00,0.547547224388008,0.1255,0.128,0.12691856,0.12675,81484.95,BTC-26MAR27,0.4035,0.5835,235.33394,1062.6,0.0,0.0025000000000000022,BTC,79481.58,0.0
2026-09-07T08:12:03.711653+00:00,BTC-25SEP26-175000-P,79583.08,BTC-25SEP26,put,175000.0,2026-09-25T08:00:00+00:00,0.04925838112996552,1.192,1.208,1.19900933,1.2,79583.08,BTC-25SEP26,0.89,-0.99995,0.03664,3.3,0.0,0.016000000000000014,BTC,79481.58,0.0
2026-09-07T08:12:03.711653+00:00,BTC-25SEP26-77000-C,79583.08,BTC-25SEP26,call,77000.0,2026-09-25T08:00:00+00:00,0.04925838112996552,0.05,0.052,0.05087839,0.051,79583.08,BTC-25SEP26,0.36840000000000006,0.67163,63.86035,290.3,0.0,0.001999999999999995,BTC,79481.58,0.0
2026-09-07T08:12:03.711653+00:00,BTC-25DEC26-56000-P,80571.06,BTC-25DEC26,put,56000.0,2026-12-25T08:00:00+00:00,0.29840280275898673,0.008,0.0085,0.0082636,0.00825,80571.06,BTC-25DEC26,0.4808,-0.06474,55.65018,513.4,6.0,0.0005000000000000004,BTC,79481.58,3824.7
2026-09-07T08:12:03.711653+00:00,BTC-11SEP26-78500-C,79472.75,BTC-11SEP26,call,78500.0,2026-09-11T08:00:00+00:00,0.010928470110116106,0.0205,0.0225,0.02148819,0.0215,79472.75,BTC-11SEP26,0.35259999999999997,0.63835,31.14225,0.0,0.0,0.0019999999999999983,BTC,79481.58,0.0
2026-09-07T08:12:03.711653+00:00,BTC-25SEP26-75000-P,79583.08,BTC-25SEP26,put,75000.0,2026-09-25T08:00:00+00:00,0.04925838112996552,0.0105,0.0115,0.01127734,0.011,79583.08,BTC-25SEP26,0.3746,-0.22511,53.00663,4592.1,4.7,0.0009999999999999992,BTC,79481.58,4174.38
2026-09-07T08:12:03.711653+00:00,BTC-25DEC26-140000-C,80569.51,BTC-25DEC26,call,140000.0,2026-12-25T08:00:00+00:00,0.29840280275898673,0.0026,0.003,0.00284264,0.0028,80569.51,BTC-25DEC26,0.4996,0.02956,29.59395,1434.9,0.6,0.0004000000000000002,BTC,79481.58,162.82
2026-09-07T08:12:03.711653+00:00,BTC-30OCT26-71000-C,79928.55,BTC-30OCT26,call,71000.0,2026-10-30T08:00:00+00:00,0.14508315867958907,0.125,0.131,0.12863097,0.128,79928.55,BTC-30OCT26,0.39049999999999996,0.80806,83.16305,977.5,0.0,0.006000000000000005,BTC,79481.58,0.0
2026-09-07T08:12:03.711653+00:00,BTC-25SEP26-90000-C,79583.18,BTC-25SEP26,call,90000.0,2026-09-25T08:00:00+00:00,0.04925838112996552,0.0038,0.0042,0.00403406,0.004,79583.18,BTC-25SEP26,0.41240000000000004,0.09716,30.3616,8871.6,57.9,0.00039999999999999975,BTC,79481.58,19276.29
2026-09-07T08:12:03.711653+00:00,BTC-25SEP26-73000-C,79581.53,BTC-25SEP26,call,73000.0,2026-09-25T08:00:00+00:00,0.04925838112996552,0.086,0.092,0.08945456,0.089,79581.53,BTC-25SEP26,0.38630000000000003,0.85315,40.61683,41.0,0.0,0.006000000000000005,BTC,79481.58,0.0
2026-09-07T08:12:03.711653+00:00,BTC-25DEC26-76000-P,80571.7,BTC-25DEC26,put,76000.0,2026-12-25T08:00:00+00:00,0.29840280275898673,0.0575,0.0585,0.05815346,0.058,80571.7,BTC-25DEC26,0.39490000000000003,-0.35248,163.49937,387.3,0.0,0.0010000000000000009,BTC,79481.58,0.0
2026-09-07T08:12:03.711653+00:00,BTC-25DEC26-250000-C,80571.06,BTC-25DEC26,call,250000.0,2026-12-25T08:00:00+00:00,0.29840280275898673,0.0001,0.0005,0.00024106,0.0003,80571.06,BTC-25DEC26,0.6886,0.00239,3.2835,1280.3,0.0,0.0004,BTC,79481.58,0.0
2026-09-07T08:12:03.711653+00:00,BTC-25JUN27-85000-C,82445.87,BTC-25JUN27,call,85000.0,2027-06-25T08:00:00+00:00,0.7966916460170291,0.1325,0.135,0.13387369,0.13375,82445.87,BTC-25JUN27,0.4139,0.54072,292.15109,152.8,0.0,0.0025000000000000022,BTC,79481.58,0.0
2026-09-07T08:12:03.711653+00:00,BTC-25JUN27-45000-P,82444.32,BTC-25JUN27,put,45000.0,2027-06-25T08:00:00+00:00,0.7966916460170291,0.0125,0.014,0.01335088,0.01325,82444.32,BTC-25JUN27,0.5025999999999999,-0.05777,85.13033,121.8,1.0,0.0014999999999999996,BTC,79481.58,1045.29
2026-09-07T08:12:03.711653+00:00,BTC-25JUN27-106000-C,82444.32,BTC-25JUN27,call,106000.0,2027-06-25T08:00:00+00:00,0.7966916460170291,0.0625,0.0645,0.06351585,0.0635,82444.32,BTC-25JUN27,0.42090000000000005,0.31533,261.62415,0.0,0.0,0.0020000000000000018,BTC,79481.58,0.0
2026-09-07T08:12:03.711653+00:00,BTC-26MAR27-70000-C,81484.95,BTC-26MAR27,call,70000.0,2027-03-26T08:00:00+00:00,0.547547224388008,0.196,0.1985,0.19735359,0.19725,81484.95,BTC-26MAR27,0.41479999999999995,0.74158,195.02726,797.8,0.0,0.0025000000000000022,BTC,79481.58,0.0
2026-09-07T08:12:03.711653+00:00,BTC-9SEP26-79500-C,79465.37,BTC-9SEP26,call,79500.0,2026-09-09T08:00:00+00:00,0.005452768535851902,0.009,0.01,0.00962782,0.0095,79465.37,BTC-9SEP26,0.33399999999999996,0.4981,23.41817,2.9,2.5,0.0010000000000000009,BTC,79481.45,2092.76
2026-09-07T08:12:03.711653+00:00,BTC-27NOV26-92000-P,80241.44,BTC-27NOV26,put,92000.0,2026-11-27T08:00:00+00:00,0.2217429807192879,0.17,0.179,0.17320213,0.1745,80241.44,BTC-27NOV26,0.3943,-0.74004,122.59622,2.1,0.0,0.00899999999999998,BTC,79481.45,0.0
2026-09-07T08:12:03.711653+00:00,BTC-30OCT26-40000-P,79928.55,BTC-30OCT26,put,40000.0,2026-10-30T08:00:00+00:00,0.14508315867958907,0.0004,0.0006,0.00044417,0.0005,79928.55,BTC-30OCT26,0.7378,-0.00462,4.10365,77.8,0.5,0.00019999999999999993,BTC,79481.45,23.91
2026-09-07T08:12:03.711653+00:00,BTC-11SEP26-95000-P,79472.75,BTC-11SEP26,put,95000.0,2026-09-11T08:00:00+00:00,0.010928470110116106,0.1925,0.2,0.19557311,0.19625,79472.75,BTC-11SEP26,0.6341,-0.99607,0.96989,0.1,0.0,0.007500000000000007,BTC,79481.45,0.0
2026-09-07T08:12:03.711653+00:00,BTC-25JUN27-108000-C,82445.87,BTC-25JUN27,call,108000.0,2027-06-25T08:00:00+00:00,0.7966916460170291,0.058,0.0605,0.05936523,0.05925,82445.87,BTC-25JUN27,0.42219999999999996,0.29885,255.51098,12.7,0.0,0.0024999999999999953,BTC,79481.45,0.0
2026-09-07T08:12:03.711653+00:00,BTC-11SEP26-67000-P,79474.3,BTC-11SEP26,put,67000.0,2026-09-11T08:00:00+00:00,0.010928470110116106,0.0001,0.0002,0.00014481,0.00015,79474.3,BTC-11SEP26,0.6635,-0.00629,1.47369,410.4,1.7,0.0001,BTC,79481.45,19.1
2026-09-07T08:12:03.711653+00:00,BTC-25JUN27-115000-P,82445.87,BTC-25JUN27,put,115000.0,2027-06-25T08:00:00+00:00,0.7966916460170291,0.4335,0.453,0.44241681,0.44325,82445.87,BTC-25JUN27,0.4285,-0.75123,233.31895,0.0,0.0,0.019500000000000017,BTC,79481.45,0.0
2026-09-07T08:12:03.711653+00:00,BTC-26MAR27-45000-P,81484.95,BTC-26MAR27,put,45000.0,2027-03-26T08:00:00+00:00,0.547547224388008,0.0065,0.008,0.00728951,0.00725,81484.95,BTC-26MAR27,0.5167,-0.0406,52.60787,259.3,0.0,0.0015000000000000005,BTC,79481.45,0.0
2026-09-07T08:12:03.711653+00:00,BTC-30OCT26-95000-P,79928.55,BTC-30OCT26,put,95000.0,2026-10-30T08:00:00+00:00,0.14508315867958907,0.196,0.2045,0.1993801,0.20025,79928.55,BTC-30OCT26,0.4017,-0.85363,69.85398,0.4,0.0,0.00849999999999998,BTC,79481.49,0.0
2026-09-07T08:12:03.711653+00:00,BTC-27NOV26-108000-C,80239.89,BTC-27NOV26,call,108000.0,2026-11-27T08:00:00+00:00,0.2217429807192879,0.007,0.008,0.00754742,0.0075,80239.89,BTC-27NOV26,0.43200000000000005,0.08721,59.95766,12.0,0.0,0.001,BTC,79481.49,0.0
2026-09-07T08:12:03.711653+00:00,BTC-27NOV26-83000-C,80241.44,BTC-27NOV26,call,83000.0,2026-11-27T08:00:00+00:00,0.2217429807192879,0.057,0.058,0.05760778,0.0575,80241.44,BTC-27NOV26,0.38520000000000004,0.46197,150.10951,16.5,0.0,0.0010000000000000009,BTC,79481.49,0.0
2026-09-07T08:12:03.711653+00:00,BTC-27NOV26-98000-P,80241.44,BTC-27NOV26,put,98000.0,2026-11-27T08:00:00+00:00,0.2217429807192879,0.234,0.2435,0.23743648,0.23875,80241.44,BTC-27NOV26,0.406,-0.82886,96.06155,0.0,0.0,0.00949999999999998,BTC,79481.49,0.0
2026-09-07T08:12:03.711653+00:00,BTC-18SEP26-72000-P,79535.47,BTC-18SEP26,put,72000.0,2026-09-18T08:00:00+00:00,0.030093425620040814,0.0023,0.0027,0.00255196,0.0025,79535.47,BTC-18SEP26,0.41259999999999997,-0.07688,19.90982,1318.9,12.4,0.0004000000000000002,BTC,79481.49,2283.96
2026-09-07T08:12:03.711653+00:00,BTC-27NOV26-78000-P,80241.78,BTC-27NOV26,put,78000.0,2026-11-27T08:00:00+00:00,0.2217429807192879,0.0575,0.059,0.05842074,0.05825,80241.78,BTC-27NOV26,0.3865,-0.40257,146.27531,57.4,0.0,0.0014999999999999944,BTC,79481.55,0.0
2026-09-07T08:12:03.711653+00:00,BTC-25DEC26-65000-P,80571.7,BTC-25DEC26,put,65000.0,2026-12-25T08:00:00+00:00,0.29840280275898673,0.0195,0.0205,0.02001061,0.02,80571.7,BTC-25DEC26,0.42560000000000003,-0.14922,102.30116,792.4,17.5,0.0010000000000000009,BTC,79481.49,27837.77
2026-09-07T08:12:03.711653+00:00,BTC-8SEP26-77500-P,79454.95,BTC-8SEP26,put,77500.0,2026-09-08T08:00:00+00:00,0.0027149177487198013,0.0005,0.0007,0.00064739,0.0006,79454.95,BTC-8SEP26,0.3406,-0.07874,6.08377,92.1,30.6,0.00019999999999999998,BTC,79481.49,2535.02
2026-09-07T08:12:03.711653+00:00,BTC-11SEP26-90000-P,79474.3,BTC-11SEP26,put,90000.0,2026-09-11T08:00:00+00:00,0.010928470110116106,0.1295,0.137,0.13272871,0.13325,79474.3,BTC-11SEP26,0.498,-0.99093,2.03444,0.1,0.0,0.007500000000000007,BTC,79481.49,0.0
2026-09-07T08:12:03.711653+00:00,BTC-18SEP26-70000-C,79535.2,BTC-18SEP26,call,70000.0,2026-09-18T08:00:00+00:00,0.030093425620040814,0.1175,0.124,0.12118737,0.12075,79535.2,BTC-18SEP26,0.4411,0.95604,12.83781,0.0,0.0,0.006500000000000006,BTC,79481.49,0.0
2026-09-07T08:12:03.711653+00:00,BTC-27NOV26-104000-C,80239.89,BTC-27NOV26,call,104000.0,2026-11-27T08:00:00+00:00,0.2217429807192879,0.0095,0.0105,0.01006337,0.01,80239.89,BTC-27NOV26,0.42090000000000005,0.11333,72.60786,10.2,1.9,0.0010000000000000009,BTC,79481.55,1653.33
2026-09-07T08:12:03.711653+00:00,BTC-11SEP26-75000-P,79474.43,BTC-11SEP26,put,75000.0,2026-09-11T08:00:00+00:00,0.010928470110116106,0.0013,0.0016,0.00143048,0.00145,79474.43,BTC-11SEP26,0.39289999999999997,-0.07625,11.91339,912.0,15.5,0.00030000000000000014,BTC,79481.55,1839.65
2026-09-07T08:12:03.711653+00:00,BTC-25JUN27-130000-C,82444.32,BTC-25JUN27,call,130000.0,2027-06-25T08:00:00+00:00,0.7966916460170291,0.03,0.031,0.03046623,0.0305,82444.32,BTC-25JUN27,0.4435,0.17056,186.67788,762.0,0.1,0.0010000000000000009,BTC,79481.49,246.87
2026-09-07T08:12:03.711653+00:00,BTC-27NOV26-90000-P,80239.89,BTC-27NOV26,put,90000.0,2026-11-27T08:00:00+00:00,0.2217429807192879,0.1505,0.1585,0.15329087,0.1545,80239.89,BTC-27NOV26,0.39130000000000004,-0.70212,131.0014,0.3,0.0,0.008000000000000007,BTC,79481.55,0.0
2026-09-07T08:12:03.711653+00:00,BTC-11SEP26-64000-P,79474.3,BTC-11SEP26,put,64000.0,2026-09-11T08:00:00+00:00,0.010928470110116106,,0.0001,2.774e-05,,79474.3,BTC-11SEP26,0.6968000000000001,-0.00131,0.35928,77.4,0.0,,BTC,79481.55,0.0
2026-09-07T08:12:03.711653+00:00,BTC-25DEC26-40000-C,80571.06,BTC-25DEC26,call,40000.0,2026-12-25T08:00:00+00:00,0.29840280275898673,0.503,0.507,0.50582241,0.505,80571.06,BTC-25DEC26,0.6531999999999999,0.98384,17.77662,250.9,0.0,0.0040000000000000036,BTC,79481.55,0.0
2026-09-07T08:12:03.711653+00:00,BTC-27NOV26-86000-C,80239.89,BTC-27NOV26,call,86000.0,2026-11-27T08:00:00+00:00,0.2217429807192879,0.044,0.045,0.04466416,0.0445,80239.89,BTC-27NOV26,0.3868,0.38621,144.61878,130.2,2.0,0.0010000000000000009,BTC,79481.55,7957.73
2026-09-07T08:12:03.711653+00:00,BTC-25DEC26-135000-P,80571.06,BTC-25DEC26,put,135000.0,2026-12-25T08:00:00+00:00,0.29840280275898673,0.673,0.689,0.67925771,0.681,80571.06,BTC-25DEC26,0.48969999999999997,-0.96367,35.07371,0.7,0.0,0.015999999999999903,BTC,79481.55,0.0
2026-09-07T08:12:03.711653+00:00,BTC-8SEP26-82500-P,79453.31,BTC-8SEP26,put,82500.0,2026-09-08T08:00:00+00:00,0.0027149177487198013,0.036,0.0415,0.03866346,0.03875,79453.31,BTC-8SEP26,0.37189999999999995,-0.97323,2.56302,0.0,0.0,0.005500000000000005,BTC,79481.55,0.0
2026-09-07T08:12:03.711653+00:00,BTC-26MAR27-105000-C,81484.95,BTC-26MAR27,call,105000.0,2027-03-26T08:00:00+00:00,0.547547224388008,0.0385,0.0395,0.03926128,0.039,81484.95,BTC-26MAR27,0.4127,0.24915,191.31984,162.4,0.0,0.0010000000000000009,BTC,79481.41,0.0
2026-09-07T08:12:03.711653+00:00,BTC-26MAR27-100000-P,81483.4,BTC-26MAR27,put,100000.0,2027-03-26T08:00:00+00:00,0.547547224388008,0.271,0.284,0.27666835,0.2775,81483.4,BTC-26MAR27,0.4081,-0.70085,209.44261,12.3,0.0,0.012999999999999956,BTC,79481.41,0.0
2026-09-07T08:12:03.711653+00:00,BTC-8SEP26-80500-C,79455.19,BTC-8SEP26,call,80500.0,2026-09-08T08:00:00+00:00,0.0027149177487198013,0.0018,0.0021,0.00203563,0.00195,79455.19,BTC-8SEP26,0.3175,0.21748,12.18191,72.5,71.3,0.0002999999999999999,BTC,79481.41,13317.86
2026-09-07T08:12:03.711653+00:00,BTC-25JUN27-130000-P,82444.32,BTC-25JUN27,put,130000.0,2027-06-25T08:00:00+00:00,0.7966916460170291,0.597,0.62,0.60743415,0.6085,82444.32,BTC-25JUN27,0.4435,-0.82944,186.68033,1.4,0.0,0.02300000000000002,BTC,79481.41,0.0
2026-09-07T08:12:03.711653+00:00,BTC-25DEC26-20000-P,80569.51,BTC-25DEC26,put,20000.0,2026-12-25T08:00:00+00:00,0.29840280275898673,0.0003,0.0006,0.00042803,0.00045,80569.51,BTC-25DEC26,0.9937,-0.00227,3.13561,640.4,0.0,0.0003,BTC,79481.41,0.0
2026-09-07T08:12:03.711653+00:00,BTC-30OCT26-74000-C,79928.55,BTC-30OCT26,call,74000.0,2026-10-30T08:00:00+00:00,0.14508315867958907,0.0995,0.1015,0.10015951,0.1005,79928.55,BTC-30OCT26,0.3788,0.72784,101.10081,252.5,0.1,0.0020000000000000018,BTC,79481.41,843.92
2026-09-07T08:12:03.711653+00:00,BTC-9SEP26-74000-P,79463.71,BTC-9SEP26,put,74000.0,2026-09-09T08:00:00+00:00,0.005452768535851902,0.0001,0.0004,0.00022146,0.00025,79463.71,BTC-9SEP26,0.4618,-0.01743,2.52868,5.2,0.0,0.00030000000000000003,BTC,79481.41,0.0
2026-09-07T08:12:03.711653+00:00,BTC-11SEP26-72000-P,79474.43,BTC-11SEP26,put,72000.0,2026-09-11T08:00:00+00:00,0.010928470110116106,0.0005,0.0006,0.00053402,0.00055,79474.43,BTC-11SEP26,0.4951,-0.0266,5.11663,501.5,4.2,9.999999999999994e-05,BTC,79481.41,204.57
2026-09-07T08:12:03.711653+00:00,BTC-9SEP26-79000-P,79465.37,BTC-9SEP26,put,79000.0,2026-09-09T08:00:00+00:00,0.005452768535851902,0.0065,0.0075,0.00715041,0.007,79465.37,BTC-9SEP26,0.3336,-0.40046,22.68576,13.8,13.8,0.001,BTC,79481.41,5710.5
2026-09-07T08:12:03.711653+00:00,BTC-25JUN27-80000-C,82445.87,BTC-25JUN27,call,80000.0,2027-06-25T08:00:00+00:00,0.7966916460170291,0.159,0.162,0.16066659,0.1605,82445.87,BTC-25JUN27,0.41659999999999997,0.60526,283.40021,112.7,13.5,0.0030000000000000027,BTC,79481.41,178864.95
2026-09-07T08:12:03.711653+00:00,BTC-26MAR27-140000-C,81484.95,BTC-26MAR27,call,140000.0,2027-03-26T08:00:00+00:00,0.547547224388008,0.01,0.011,0.01053868,0.0105,81484.95,BTC-26MAR27,0.4603,0.07804,87.99588,909.8,0.3,0.0009999999999999992,BTC,79481.41,259.09
2026-09-07T08:12:03.711653+00:00,BTC-27NOV26-73000-C,80241.78,BTC-27NOV26,call,73000.0,2026-11-27T08:00:00+00:00,0.2217429807192879,0.124,0.126,0.12470059,0.125,80241.78,BTC-27NOV26,0.3942,0.72649,125.78734,0.0,0.0,0.0020000000000000018,BTC,79481.41,0.0
2026-09-07T08:12:03.711653+00:00,BTC-10SEP26-80500-P,79468.76,BTC-10SEP26,put,80500.0,2026-09-10T08:00:00+00:00,0.008190619322984004,0.0185,0.021,0.02018368,0.01975,79468.76,BTC-10SEP26,0.348,-0.65312,26.5619,0.0,0.0,0.0025000000000000022,BTC,79481.41,0.0
2026-09-07T08:12:03.711653+00:00,BTC-25DEC26-62000-C,80571.06,BTC-25DEC26,call,62000.0,2026-12-25T08:00:00+00:00,0.29840280275898673,0.241,0.248,0.24514348,0.2445,80571.06,BTC-25DEC26,0.44020000000000004,0.8868,84.50874,247.1,0.0,0.007000000000000006,BTC,79481.41,0.0
2026-09-07T08:12:03.711653+00:00,BTC-25JUN27-82000-C,82445.87,BTC-25JUN27,call,82000.0,2027-06-25T08:00:00+00:00,0.7966916460170291,0.148,0.1505,0.14941382,0.14925,82445.87,BTC-25JUN27,0.4153,0.57929,287.86378,80.9,0.2,0.0025000000000000022,BTC,79481.41,2445.52
2026-09-07T08:12:03.711653+00:00,BTC-30OCT26-71000-P,79928.55,BTC-30OCT26,put,71000.0,2026-10-30T08:00:00+00:00,0.14508315867958907,0.0165,0.017,0.01694578,0.01675,79928.55,BTC-30OCT26,0.39049999999999996,-0.19239,83.26122,112.7,0.0,0.0005000000000000004,BTC,79460.78,0.0
2026-09-07T08:12:03.711653+00:00,BTC-25JUN27-110000-C,82444.32,BTC-25JUN27,call,110000.0,2027-06-25T08:00:00+00:00,0.7966916460170291,0.0545,0.0565,0.05554019,0.0555,82444.32,BTC-25JUN27,0.4238,0.28339,249.2479,269.7,0.3,0.0020000000000000018,BTC,79481.41,1351.27
2026-09-07T08:12:03.711653+00:00,BTC-25SEP26-30000-C,79583.08,BTC-25SEP26,call,30000.0,2026-09-25T08:00:00+00:00,0.04925838112996552,0.6215,0.624,0.62303538,0.62275,79583.08,BTC-25SEP26,1.238,0.99989,0.079,136.0,0.0,0.0024999999999999467,BTC,79460.78,0.0
2026-09-07T08:12:03.711653+00:00,BTC-25JUN27-85000-P,82445.87,BTC-25JUN27,put,85000.0,2027-06-25T08:00:00+00:00,0.7966916460170291,0.164,0.1665,0.16493114,0.16525,82445.87,BTC-25JUN27,0.4139,-0.45927,292.15249,10.7,0.0,0.0025000000000000022,BTC,79481.41,0.0
2026-09-07T08:12:03.711653+00:00,BTC-26MAR27-108000-C,81484.95,BTC-26MAR27,call,108000.0,2027-03-26T08:00:00+00:00,0.547547224388008,0.0335,0.035,0.03432899,0.03425,81484.95,BTC-26MAR27,0.4157,0.22286,179.86514,68.6,0.0,0.0015000000000000013,BTC,79460.78,0.0
2026-09-07T08:12:03.711653+00:00,BTC-27NOV26-74000-C,80241.44,BTC-27NOV26,call,74000.0,2026-11-27T08:00:00+00:00,0.2217429807192879,0.1155,0.118,0.1162244,0.11675,80241.44,BTC-27NOV26,0.39189999999999997,0.7023,130.96427,0.0,0.0,0.0024999999999999883,BTC,79481.41,0.0
2026-09-07T08:12:03.711653+00:00,BTC-10SEP26-83000-P,79466.9,BTC-10SEP26,put,83000.0,2026-09-10T08:00:00+00:00,0.008190619322984004,0.0435,0.05,0.04614178,0.04675,79466.9,BTC-10SEP26,0.3774,-0.89545,13.04185,0.0,0.0,0.006500000000000006,BTC,79460.78,0.0
2026-09-07T08:12:03.711653+00:00,BTC-25JUN27-104000-C,82445.87,BTC-25JUN27,call,104000.0,2027-06-25T08:00:00+00:00,0.7966916460170291,0.067,0.069,0.06791271,0.068,82445.87,BTC-25JUN27,0.4193,0.3322,267.23822,13.1,0.0,0.0020000000000000018,BTC,79460.78,0.0
2026-09-07T08:12:03.711653+00:00,BTC-18SEP26-85000-C,79533.65,BTC-18SEP26,call,85000.0,2026-09-18T08:00:00+00:00,0.030093425620040814,0.006,0.0065,0.00625102,0.00625,79533.65,BTC-18SEP26,0.39549999999999996,0.17518,35.60228,402.0,74.9,0.0004999999999999996,BTC,79460.78,46728.27
2026-09-07T08:12:03.711653+00:00,BTC-25SEP26-170000-C,79581.53,BTC-25SEP26,call,170000.0,2026-09-25T08:00:00+00:00,0.04925838112996552,,0.0001,2.7e-06,,79581.53,BTC-25SEP26,0.8693000000000001,6e-05,0.04468,444.9,0.0,,BTC,79458.18,0.0
2026-09-07T08:12:03.711653+00:00,BTC-25DEC26-60000-C,80571.06,BTC-25DEC26,call,60000.0,2026-12-25T08:00:00+00:00,0.29840280275898673,0.263,0.27,0.26730087,0.2665,80571.06,BTC-25DEC26,0.452,0.90593,73.86375,787.4,0.0,0.007000000000000006,BTC,79460.78,0.0
2026-09-07T08:12:03.711653+00:00,BTC-25SEP26-190000-P,79581.53,BTC-25SEP26,put,190000.0,2026-09-25T08:00:00+00:00,0.04925838112996552,1.3805,1.3975,1.38749449,1.389,79581.53,BTC-25SEP26,0.9386,-0.99998,0.0176,0.0,0.0,0.016999999999999904,BTC,79458.18,0.0
2026-09-07T08:12:03.711653+00:00,BTC-18SEP26-76000-C,79535.2,BTC-18SEP26,call,76000.0,2026-09-18T08:00:00+00:00,0.030093425620040814,0.0525,0.055,0.05368125,0.05375,79535.2,BTC-18SEP26,0.37920000000000004,0.76417,42.48473,19.0,0.0,0.0025000000000000022,BTC,79458.18,0.0
2026-09-07T08:12:03.711653+00:00,BTC-8SEP26-80000-P,79453.31,BTC-8SEP26,put,80000.0,2026-09-08T08:00:00+00:00,0.0027149177487198013,0.0095,0.011,0.01053227,0.01025,79453.31,BTC-8SEP26,0.3084,-0.66738,15.04207,9.5,6.3,0.0014999999999999996,BTC,79458.18,2807.11
2026-09-07T08:12:03.711653+00:00,BTC-26MAR27-55000-P,81484.95,BTC-26MAR27,put,55000.0,2027-03-26T08:00:00+00:00,0.547547224388008,0.0165,0.018,0.01738124,0.01725,81484.95,BTC-26MAR27,0.4625,-0.09368,100.86811,1258.1,0.0,0.0014999999999999979,BTC,79458.18,0.0
2026-09-07T08:12:03.711653+00:00,BTC-25JUN27-150000-C,82445.87,BTC-25JUN27,call,150000.0,2027-06-25T08:00:00+00:00,0.7966916460170291,0.018,0.019,0.01847435,0.0185,82445.87,BTC-25JUN27,0.46520000000000006,0.10867,137.17701,217.9,0.2,0.0010000000000000009,BTC,79458.18,302.72
2026-09-07T08:12:03.711653+00:00,BTC-18SEP26-78000-P,79535.54,BTC-18SEP26,put,78000.0,2026-09-18T08:00:00+00:00,0.030093425620040814,0.0165,0.0175,0.01719467,0.017,79535.54,BTC-18SEP26,0.37479999999999997,-0.37131,52.15899,275.7,18.0,0.0010000000000000009,BTC,79458.18,23902.86
2026-09-07T08:12:03.711653+00:00,BTC-25SEP26-58000-C,79583.08,BTC-25SEP26,call,58000.0,2026-09-25T08:00:00+00:00,0.04925838112996552,0.2685,0.274,0.27157386,0.27125,79583.08,BTC-25SEP26,0.6114999999999999,0.99172,3.99125,460.7,0.0,0.005500000000000005,BTC,79462.08,0.0
2026-09-07T08:12:03.711653+00:00,BTC-30OCT26-54000-C,79928.55,BTC-30OCT26,call,54000.0,2026-10-30T08:00:00+00:00,0.14508315867958907,0.323,0.3285,0.32634618,0.32575,79928.55,BTC-30OCT26,0.5464,0.97653,16.87537,0.1,0.0,0.005500000000000005,BTC,79462.08,0.0
2026-09-07T08:12:03.711653+00:00,BTC-10SEP26-85000-C,79468.64,BTC-10SEP26,call,85000.0,2026-09-10T08:00:00+00:00,0.008190619322984004,0.0004,0.0006,0.00051694,0.0005,79468.64,BTC-10SEP26,0.4082,0.03512,5.57366,0.1,0.1,0.00019999999999999993,BTC,79462.08,9.63
2026-09-07T08:12:03.711653+00:00,BTC-30OCT26-91000-C,79928.55,BTC-30OCT26,call,91000.0,2026-10-30T08:00:00+00:00,0.14508315867958907,0.016,0.017,0.01661551,0.0165,79928.55,BTC-30OCT26,0.3893,0.21129,88.07048,34.1,0.0,0.0010000000000000009,BTC,79462.08,0.0
2026-09-07T08:12:03.711653+00:00,BTC-30OCT26-82000-P,79928.55,BTC-30OCT26,put,82000.0,2026-10-30T08:00:00+00:00,0.14508315867958907,0.0705,0.0715,0.07132241,0.071,79928.55,BTC-30OCT26,0.37329999999999997,-0.54391,120.73655,45.0,0.0,0.0010000000000000009,BTC,79462.08,0.0
2026-09-07T08:12:03.711653+00:00,BTC-26MAR27-106000-P,81484.95,BTC-26MAR27,put,106000.0,2027-03-26T08:00:00+00:00,0.547547224388008,0.332,0.347,0.33847049,0.3395,81484.95,BTC-26MAR27,0.41340000000000005,-0.76031,187.32378,0.1,0.0,0.014999999999999958,BTC,79462.08,0.0
2026-09-07T08:12:03.711653+00:00,BTC-25SEP26-300000-P,79583.08,BTC-25SEP26,put,300000.0,2026-09-25T08:00:00+00:00,0.04925838112996552,2.7575,2.7865,2.76972721,2.772,79583.08,BTC-25SEP26,1.3629,-0.99999,0.00898,0.0,0.0,0.02900000000000036,BTC,79462.08,0.0
2026-09-07T08:12:03.711653+00:00,BTC-8SEP26-79000-P,79455.19,BTC-8SEP26,put,79000.0,2026-09-08T08:00:00+00:00,0.0027149177487198013,0.0034,0.0038,0.00372643,0.0036,79455.19,BTC-8SEP26,0.2973,-0.35774,15.45683,146.5,40.5,0.0004000000000000002,BTC,79462.08,14680.23
2026-09-07T08:12:03.711653+00:00,BTC-25DEC26-210000-P,80569.51,BTC-25DEC26,put,210000.0,2026-12-25T08:00:00+00:00,0.29840280275898673,1.597,1.623,1.60718592,1.61,80569.51,BTC-25DEC26,0.6361,-0.99512,6.23309,0.0,0.0,0.026000000000000023,BTC,79462.08,0.0
2026-09-07T08:12:03.711653+00:00,BTC-30OCT26-54000-P,79928.55,BTC-30OCT26,put,54000.0,2026-10-30T08:00:00+00:00,0.14508315867958907,0.0018,0.0021,0.00196589,0.00195,79928.55,BTC-30OCT26,0.5464,-0.02346,16.87112,190.7,1.0,0.0002999999999999999,BTC,79464.2,151.85
2026-09-07T08:12:03.711653+00:00,BTC-25SEP26-35000-P,79581.53,BTC-25SEP26,put,35000.0,2026-09-25T08:00:00+00:00,0.04925838112996552,,0.0001,1.331e-05,,79581.53,BTC-25SEP26,1.0855,-0.00021,0.13964,1200.7,0.0,,BTC,79464.2,0.0
2026-09-07T08:12:03.711653+00:00,BTC-11SEP26-88000-P,79472.75,BTC-11SEP26,put,88000.0,2026-09-11T08:00:00+00:00,0.010928470110116106,0.104,0.112,0.10770671,0.108,79472.75,BTC-11SEP26,0.4583,-0.98249,3.59194,0.0,0.0,0.008000000000000007,BTC,79462.08,0.0
2026-09-07T08:12:03.711653+00:00,BTC-9SEP26-82000-C,79465.37,BTC-9SEP26,call,82000.0,2026-09-09T08:00:00+00:00,0.005452768535851902,0.0013,0.0016,0.00151326,0.00145,79465.37,BTC-9SEP26,0.3557,0.11617,11.47293,0.7,0.5,0.00030000000000000014,BTC,79462.08,85.96
2026-09-07T08:12:03.711653+00:00,BTC-25SEP26-64000-P,79583.08,BTC-25SEP26,put,64000.0,2026-09-25T08:00:00+00:00,0.04925838112996552,0.0009,0.0011,0.00099628,0.001,79583.08,BTC-25SEP26,0.5054,-0.02296,9.6117,1201.9,0.7,0.0002000000000000001,BTC,79464.2,55.82
2026-09-07T08:12:03.711653+00:00,BTC-25SEP26-135000-P,79581.53,BTC-25SEP26,put,135000.0,2026-09-25T08:00:00+00:00,0.04925838112996552,0.6915,0.7035,0.69640502,0.6975,79581.53,BTC-25SEP26,0.7245,-0.99933,0.41261,11.5,0.0,0.01200000000000001,BTC,79464.2,0.0
2026-09-07T08:12:03.711653+00:00,BTC-25DEC26-80000-C,80571.49,BTC-25DEC26,call,80000.0,2026-12-25T08:00:00+00:00,0.29840280275898673,0.088,0.089,0.08854974,0.0885,80571.49,BTC-25DEC26,0.39189999999999997,0.55545,173.91543,8792.2,16.8,0.0010000000000000009,BTC,79464.2,119708.02
2026-09-07T08:12:03.711653+00:00,BTC-25SEP26-81000-P,79583.08,BTC-25SEP26,put,81000.0,2026-09-25T08:00:00+00:00,0.04925838112996552,0.042,0.043,0.04278915,0.0425,79583.08,BTC-25SEP26,0.37070000000000003,-0.5698,69.39251,486.4,0.3,0.000999999999999994,BTC,79464.2,1017.65
2026-09-07T08:12:03.711653+00:00,BTC-25DEC26-105000-P,80571.06,BTC-25DEC26,put,105000.0,2026-12-25T08:00:00+00:00,0.29840280275898673,0.3145,0.326,0.31862855,0.32025,80571.06,BTC-25DEC26,0.4138,-0.85518,100.2464,109.4,0.0,0.01150000000000001,BTC,79464.2,0.0
2026-09-07T08:12:03.711653+00:00,BTC-25SEP26-73000-P,79583.18,BTC-25SEP26,put,73000.0,2026-09-25T08:00:00+00:00,0.04925838112996552,0.006,0.007,0.00674982,0.0065,79583.18,BTC-25SEP26,0.3862,-0.14737,40.70372,770.0,6.1,0.001,BTC,79464.2,2933.68
2026-09-07T08:12:03.711653+00:00,BTC-25DEC26-200000-P,80569.51,BTC-25DEC26,put,200000.0,2026-12-25T08:00:00+00:00,0.29840280275898673,1.4735,1.4985,1.48325219,1.486,80569.51,BTC-25DEC26,0.6295000000000001,-0.99329,8.26763,0.0,0.0,0.02499999999999991,BTC,79464.2,0.0
2026-09-07T08:12:03.711653+00:00,BTC-27NOV26-106000-C,80241.44,BTC-27NOV26,call,106000.0,2026-11-27T08:00:00+00:00,0.2217429807192879,0.0085,0.009,0.00877172,0.00875,80241.44,BTC-27NOV26,0.42729999999999996,0.09967,66.16444,15.4,0.0,0.0004999999999999987,BTC,79464.2,0.0
2026-09-07T08:12:03.711653+00:00,BTC-27NOV26-102000-P,80239.89,BTC-27NOV26,put,102000.0,2026-11-27T08:00:00+00:00,0.2217429807192879,0.279,0.2895,0.28295747,0.28425,80239.89,BTC-27NOV26,0.41619999999999996,-0.87014,79.88214,0.0,0.0,0.010499999999999954,BTC,79464.2,0.0
2026-09-07T08:12:03.711653+00:00,BTC-27NOV26-67000-P,80239.89,BTC-27NOV26,put,67000.0,2026-11-27T08:00:00+00:00,0.2217429807192879,0.017,0.018,0.01739501,0.0175,80239.89,BTC-27NOV26,0.4171,-0.15504,90.06605,19.6,0.0,0.0009999999999999974,BTC,79464.2,0.0
2026-09-07T08:12:03.711653+00:00,BTC-30OCT26-64000-P,79928.55,BTC-30OCT26,put,64000.0,2026-10-30T08:00:00+00:00,0.14508315867958907,0.006,0.007,0.00643772,0.0065,79928.55,BTC-30OCT26,0.4397,-0.07941,45.01597,614.1,12.5,0.001,BTC,79464.45,6093.98
2026-09-07T08:12:03.711653+00:00,BTC-30OCT26-75000-C,79928.69,BTC-30OCT26,call,75000.0,2026-10-30T08:00:00+00:00,0.14508315867958907,0.091,0.0925,0.09159373,0.09175,79928.69,BTC-30OCT26,0.3764,0.69646,106.43198,1172.1,0.2,0.0015000000000000013,BTC,79464.45,1608.55
2026-09-07T08:12:03.711653+00:00,BTC-26MAR27-60000-C,81484.95,BTC-26MAR27,call,60000.0,2027-03-26T08:00:00+00:00,0.547547224388008,0.2845,0.2935,0.28976393,0.289,81484.95,BTC-26MAR27,0.44189999999999996,0.86402,131.58115,649.0,0.0,0.009000000000000008,BTC,79464.45,0.0
2026-09-07T08:12:03.711653+00:00,BTC-25DEC26-170000-P,80571.06,BTC-25DEC26,put,170000.0,2026-12-25T08:00:00+00:00,0.29840280275898673,1.1035,1.124,1.11137306,1.11375,80571.06,BTC-25DEC26,0.5678,-0.98784,13.90665,0.1,0.0,0.020500000000000185,BTC,79464.45,0.0
2026-09-07T08:12:03.711653+00:00,BTC-30OCT26-85000-C,79928.55,BTC-30OCT26,call,85000.0,2026-10-30T08:00:00+00:00,0.14508315867958907,0.032,0.033,0.03263949,0.0325,79928.55,BTC-30OCT26,0.3768,0.36019,113.93856,2048.5,15.8,0.0010000000000000009,BTC,79464.45,41588.14
2026-09-07T08:12:03.711653+00:00,BTC-30OCT26-66000-P,79928.55,BTC-30OCT26,put,66000.0,2026-10-30T08:00:00+00:00,0.14508315867958907,0.008,0.0085,0.00835087,0.00825,79928.55,BTC-30OCT26,0.42219999999999996,-0.10205,54.23477,163.2,1.0,0.0005000000000000004,BTC,79466.52,599.36
2026-09-07T08:12:03.711653+00:00,BTC-25DEC26-72000-C,80571.7,BTC-25DEC26,call,72000.0,2026-12-25T08:00:00+00:00,0.29840280275898673,0.1455,0.1475,0.14654103,0.1465,80571.7,BTC-25DEC26,0.4019,0.73276,144.80011,1271.4,2.0,0.0020000000000000018,BTC,79464.45,24109.89
2026-09-07T08:12:03.711653+00:00,BTC-25SEP26-78000-C,79583.08,BTC-25SEP26,call,78000.0,2026-09-25T08:00:00+00:00,0.04925838112996552,0.042,0.044,0.04304602,0.043,79583.08,BTC-25SEP26,0.3666,0.6122,67.66819,5366.3,0.2,0.001999999999999995,BTC,79464.45,729.39
2026-09-07T08:12:03.711653+00:00,BTC-25DEC26-40000-P,80571.06,BTC-25DEC26,put,40000.0,2026-12-25T08:00:00+00:00,0.29840280275898673,0.0022,0.0025,0.00233639,0.00235,80571.06,BTC-25DEC26,0.6531999999999999,-0.01619,17.79577,4513.2,0.1,0.0002999999999999999,BTC,79464.45,18.38
2026-09-07T08:12:03.711653+00:00,BTC-10SEP26-77500-C,79468.76,BTC-10SEP26,call,77500.0,2026-09-10T08:00:00+00:00,0.008190619322984004,0.0275,0.0295,0.02843974,0.0285,79468.76,BTC-10SEP26,0.3442,0.79317,20.54626,0.0,0.0,0.0019999999999999983,BTC,79466.52,0.0
2026-09-07T08:12:03.711653+00:00,BTC-25DEC26-135000-C,80571.06,BTC-25DEC26,call,135000.0,2026-12-25T08:00:00+00:00,0.29840280275898673,0.0034,0.0036,0.00352304,0.0035,80571.06,BTC-25DEC26,0.48969999999999997,0.03627,35.02274,1375.0,3.4,0.0002000000000000001,BTC,79466.52,982.73
2026-09-07T08:12:03.711653+00:00,BTC-10SEP26-79500-C,79468.76,BTC-10SEP26,call,79500.0,2026-09-10T08:00:00+00:00,0.008190619322984004,0.0115,0.0125,0.01218959,0.012,79468.76,BTC-10SEP26,0.3429,0.49907,28.69769,0.0,0.0,0.0010000000000000009,BTC,79466.52,0.0
2026-09-07T08:12:03.711653+00:00,BTC-9SEP26-81500-C,79465.37,BTC-9SEP26,call,81500.0,2026-09-09T08:00:00+00:00,0.005452768535851902,0.002,0.0024,0.00225462,0.0022,79465.37,BTC-9SEP26,0.3489,0.16433,14.53053,0.5,0.4,0.00039999999999999975,BTC,79466.52,75.52
2026-09-07T08:12:03.711653+00:00,BTC-25DEC26-104000-P,80571.06,BTC-25DEC26,put,104000.0,2026-12-25T08:00:00+00:00,0.29840280275898673,0.303,0.3145,0.30722988,0.30875,80571.06,BTC-25DEC26,0.4117,-0.84677,104.10309,0.1,0.0,0.01150000000000001,BTC,79466.52,0.0
2026-09-07T08:12:03.711653+00:00,BTC-30OCT26-76000-C,79928.55,BTC-30OCT26,call,76000.0,2026-10-30T08:00:00+00:00,0.14508315867958907,0.0825,0.0845,0.0834353,0.0835,79928.55,BTC-30OCT26,0.3743,0.66408,111.05258,356.1,0.1,0.0020000000000000018,BTC,79465.36,694.34
2026-09-07T08:12:03.711653+00:00,BTC-25JUN27-68000-P,82445.87,BTC-25JUN27,put,68000.0,2027-06-25T08:00:00+00:00,0.7966916460170291,0.0665,0.069,0.0679392,0.06775,82445.87,BTC-25JUN27,0.4292,-0.24387,230.80539,13.6,0.0,0.0025000000000000022,BTC,79466.52,0.0
2026-09-07T08:12:03.711653+00:00,BTC-25DEC26-85000-P,80571.06,BTC-25DEC26,put,85000.0,2026-12-25T08:00:00+00:00,0.29840280275898673,0.1165,0.1175,0.11719493,0.117,80571.06,BTC-25DEC26,0.3887,-0.55823,173.74544,580.6,14.0,0.000999999999999987,BTC,79466.52,126772.18
2026-09-07T08:12:03.711653+00:00,BTC-27NOV26-95000-C,80241.56,BTC-27NOV26,call,95000.0,2026-11-27T08:00:00+00:00,0.2217429807192879,0.02,0.021,0.02061611,0.0205,80241.56,BTC-27NOV26,0.3995,0.21066,109.11569,35.1,7.3,0.0010000000000000009,BTC,79466.52,13251.68
2026-09-07T08:12:03.711653+00:00,BTC-25DEC26-84000-P,80571.06,BTC-25DEC26,put,84000.0,2026-12-25T08:00:00+00:00,0.29840280275898673,0.1085,0.1095,0.10937625,0.109,80571.06,BTC-25DEC26,0.3887,-0.5362,174.89365,85.7,1.2,0.0010000000000000009,BTC,79465.36,10242.84
2026-09-07T08:12:03.711653+00:00,BTC-30OCT26-70000-C,79928.55,BTC-30OCT26,call,70000.0,2026-10-30T08:00:00+00:00,0.14508315867958907,0.135,0.141,0.13879552,0.138,79928.55,BTC-30OCT26,0.3948,0.83045,76.92396,1099.6,0.0,0.005999999999999978,BTC,79465.36,0.0
2026-09-07T08:12:03.711653+00:00,BTC-18SEP26-81000-P,79535.2,BTC-18SEP26,put,81000.0,2026-09-18T08:00:00+00:00,0.030093425620040814,0.036,0.037,0.0367542,0.0365,79535.2,BTC-18SEP26,0.3786,-0.59789,53.38644,32.8,0.4,0.0010000000000000009,BTC,79465.36,1127.3
2026-09-07T08:12:03.711653+00:00,BTC-30OCT26-86000-C,79928.69,BTC-30OCT26,call,86000.0,2026-10-30T08:00:00+00:00,0.14508315867958907,0.0285,0.0295,0.02917335,0.029,79928.69,BTC-30OCT26,0.37829999999999997,0.33104,110.41421,755.9,31.8,0.0009999999999999974,BTC,79465.36,74670.07
2026-09-07T08:12:03.711653+00:00,BTC-9SEP26-76000-P,79463.71,BTC-9SEP26,put,76000.0,2026-09-09T08:00:00+00:00,0.005452768535851902,0.0005,0.0008,0.00069344,0.00065,79463.71,BTC-9SEP26,0.38380000000000003,-0.05618,6.63941,12.1,11.6,0.00030000000000000003,BTC,79465.36,664.09
2026-09-07T08:12:03.711653+00:00,BTC-25SEP26-84000-P,79583.08,BTC-25SEP26,put,84000.0,2026-09-25T08:00:00+00:00,0.04925838112996552,0.067,0.0725,0.06917858,0.06975,79583.08,BTC-25SEP26,0.3797,-0.7261,58.82831,47.4,0.0,0.005499999999999991,BTC,79465.36,0.0
2026-09-07T08:12:03.711653+00:00,BTC-27NOV26-120000-C,80239.89,BTC-27NOV26,call,120000.0,2026-11-27T08:00:00+00:00,0.2217429807192879,0.0034,0.0039,0.00367231,0.00365,80239.89,BTC-27NOV26,0.46990000000000004,0.04378,35.03907,86.2,6.7,0.0005,BTC,79465.36,2059.96
2026-09-07T08:12:03.711653+00:00,BTC-26MAR27-180000-P,81484.95,BTC-26MAR27,put,180000.0,2027-03-26T08:00:00+00:00,0.547547224388008,1.201,1.23,1.21352975,1.2155,81484.95,BTC-26MAR27,0.5232,-0.96808,43.1946,0.1,0.0,0.028999999999999915,BTC,79465.36,0.0
2026-09-07T08:12:03.711653+00:00,BTC-18SEP26-65000-C,79533.65,BTC-18SEP26,call,65000.0,2026-09-18T08:00:00+00:00,0.030093425620040814,0.181,0.186,0.18304564,0.1835,79533.65,BTC-18SEP26,0.5288,0.98757,4.44432,0.0,0.0,0.0050000000000000044,BTC,79465.36,0.0
2026-09-07T08:12:03.711653+00:00,BTC-25JUN27-72000-C,82445.87,BTC-25JUN27,call,72000.0,2027-06-25T08:00:00+00:00,0.7966916460170291,0.211,0.214,0.21260201,0.2125,82445.87,BTC-25JUN27,0.4235,0.70778,252.84286,90.1,0.2,0.0030000000000000027,BTC,79465.36,3387.11
2026-09-07T08:12:03.711653+00:00,BTC-25JUN27-110000-P,82445.87,BTC-25JUN27,put,110000.0,2027-06-25T08:00:00+00:00,0.7966916460170291,0.3815,0.4,0.38989767,0.39075,82445.87,BTC-25JUN27,0.4238,-0.71679,249.12839,4.3,2.0,0.018500000000000016,BTC,79465.36,60830.05
2026-09-07T08:12:03.711653+00:00,BTC-25SEP26-150000-C,79581.53,BTC-25SEP26,call,150000.0,2026-09-25T08:00:00+00:00,0.04925838112996552,,0.0001,1.338e-05,,79581.53,BTC-25SEP26,0.8114,0.0003,0.19685,768.8,0.0,,BTC,79465.36,0.0
2026-09-07T08:12:03.711653+00:00,BTC-10SEP26-82000-C,79468.76,BTC-10SEP26,call,82000.0,2026-09-10T08:00:00+00:00,0.008190619322984004,0.0027,0.0031,0.00303922,0.0029,79468.76,BTC-10SEP26,0.36329999999999996,0.17241,18.36746,0.7,0.7,0.00039999999999999975,BTC,79465.03,242.08
2026-09-07T08:12:03.711653+00:00,BTC-25SEP26-165000-P,79583.08,BTC-25SEP26,put,165000.0,2026-09-25T08:00:00+00:00,0.04925838112996552,1.0675,1.082,1.07335273,1.07475,79583.08,BTC-25SEP26,0.8449,-0.99993,0.05274,0.0,0.0,0.01450000000000018,BTC,79465.03,0.0
2026-09-07T08:12:03.711653+00:00,BTC-18SEP26-69000-P,79533.65,BTC-18SEP26,put,69000.0,2026-09-18T08:00:00+00:00,0.030093425620040814,0.001,0.0012,0.00107584,0.0011,79533.65,BTC-18SEP26,0.45659999999999995,-0.03359,10.30742,31.2,0.4,0.00019999999999999987,BTC,79465.03,35.06
2026-09-07T08:12:03.711653+00:00,BTC-25SEP26-60000-C,79583.08,BTC-25SEP26,call,60000.0,2026-09-25T08:00:00+00:00,0.04925838112996552,0.2435,0.249,0.24664031,0.24625,79583.08,BTC-25SEP26,0.5842,0.98748,5.72452,837.0,0.0,0.005500000000000005,BTC,79465.03,0.0
2026-09-07T08:12:03.711653+00:00,BTC-25SEP26-110000-P,79583.08,BTC-25SEP26,put,110000.0,2026-09-25T08:00:00+00:00,0.04925838112996552,0.3785,0.388,0.3825023,0.38325,79583.08,BTC-25SEP26,0.5751,-0.99332,3.30383,215.7,0.0,0.009500000000000008,BTC,79465.03,0.0
2026-09-07T08:12:03.711653+00:00,BTC-27NOV26-110000-C,80239.89,BTC-27NOV26,call,110000.0,2026-11-27T08:00:00+00:00,0.2217429807192879,0.006,0.007,0.00653712,0.0065,80239.89,BTC-27NOV26,0.4371,0.07634,54.22135,69.6,0.6,0.001,BTC,79465.03,367.26
2026-09-07T08:12:03.711653+00:00,BTC-25DEC26-130000-C,80571.06,BTC-25DEC26,call,130000.0,2026-12-25T08:00:00+00:00,0.29840280275898673,0.004,0.0043,0.00416907,0.00415,80571.06,BTC-25DEC26,0.4746,0.04311,40.31016,1566.8,1.4,0.0002999999999999999,BTC,79465.03,528.11
2026-09-07T08:12:03.711653+00:00,BTC-25SEP26-240000-C,79583.08,BTC-25SEP26,call,240000.0,2026-09-25T08:00:00+00:00,0.04925838112996552,,0.0001,8e-07,,79583.08,BTC-25SEP26,1.156,1e-05,0.01163,211.9,0.0,,BTC,79465.03,0.0
2026-09-07T08:12:03.711653+00:00,BTC-26MAR27-92000-C,81484.95,BTC-26MAR27,call,92000.0,2027-03-26T08:00:00+00:00,0.547547224388008,0.071,0.0725,0.07183306,0.07175,81484.95,BTC-26MAR27,0.4029,0.39789,232.64095,261.2,0.0,0.0015000000000000013,BTC,79461.07,0.0
2026-09-07T08:12:03.711653+00:00,BTC-30OCT26-87000-C,79928.55,BTC-30OCT26,call,87000.0,2026-10-30T08:00:00+00:00,0.14508315867958907,0.0255,0.0265,0.02612782,0.026,79928.55,BTC-30OCT26,0.38060000000000005,0.30377,106.46208,104.7,10.0,0.0010000000000000009,BTC,79461.07,24102.74
2026-09-07T08:12:03.711653+00:00,BTC-25JUN27-58000-P,82444.32,BTC-25JUN27,put,58000.0,2027-06-25T08:00:00+00:00,0.7966916460170291,0.0345,0.036,0.03519025,0.03525,82444.32,BTC-25JUN27,0.451,-0.14135,164.89067,91.9,0.0,0.0014999999999999944,BTC,79461.07,0.0
2026-09-07T08:12:03.711653+00:00,BTC-27NOV26-71000-C,80239.89,BTC-27NOV26,call,71000.0,2026-11-27T08:00:00+00:00,0.2217429807192879,0.142,0.144,0.14262422,0.143,80239.89,BTC-27NOV26,0.3998,0.77123,114.40736,0.1,0.0,0.0020000000000000018,BTC,79461.07,0.0
2026-09-07T08:12:03.711653+00:00,BTC-11SEP26-68000-P,79474.43,BTC-11SEP26,put,68000.0,2026-09-11T08:00:00+00:00,0.010928470110116106,0.0001,0.0003,0.00017639,0.0002,79474.43,BTC-11SEP26,0.6271,-0.00804,1.82969,883.5,0.0,0.00019999999999999998,BTC,79461.07,0.0
2026-09-07T08:12:03.711653+00:00,BTC-10SEP26-77000-P,79468.76,BTC-10SEP26,put,77000.0,2026-09-10T08:00:00+00:00,0.008190619322984004,0.0022,0.0027,0.00263532,0.00245,79468.76,BTC-10SEP26,0.3508,-0.15703,17.28784,2.8,2.8,0.0005,BTC,79461.01,591.12
2026-09-07T08:12:03.711653+00:00,BTC-26MAR27-96000-P,81484.95,BTC-26MAR27,put,96000.0,2027-03-26T08:00:00+00:00,0.547547224388008,0.2325,0.245,0.23778515,0.23875,81484.95,BTC-26MAR27,0.4054,-0.65439,222.31688,1.6,0.0,0.012499999999999983,BTC,79461.07,0.0
2026-09-07T08:12:03.711653+00:00,BTC-18SEP26-84000-P,79533.65,BTC-18SEP26,put,84000.0,2026-09-18T08:00:00+00:00,0.030093425620040814,0.0615,0.0685,0.06449487,0.065,79533.65,BTC-18SEP26,0.3897,-0.78156,40.68996,0.1,0.0,0.007000000000000006,BTC,79461.01,0.0
2026-09-07T08:12:03.711653+00:00,BTC-30OCT26-88000-C,79928.69,BTC-30OCT26,call,88000.0,2026-10-30T08:00:00+00:00,0.14508315867958907,0.023,0.0235,0.02333522,0.02325,79928.69,BTC-30OCT26,0.3825,0.278,102.13974,553.8,0.2,0.0005000000000000004,BTC,79461.01,390.57
2026-09-07T08:12:03.711653+00:00,BTC-18SEP26-75000-C,79535.2,BTC-18SEP26,call,75000.0,2026-09-18T08:00:00+00:00,0.030093425620040814,0.0605,0.066,0.06362682,0.06325,79535.2,BTC-18SEP26,0.3837,0.81913,36.317,35.1,0.0,0.005500000000000005,BTC,79461.01,0.0
2026-09-07T08:12:03.711653+00:00,BTC-30OCT26-62000-C,79928.55,BTC-30OCT26,call,62000.0,2026-10-30T08:00:00+00:00,0.14508315867958907,0.2255,0.2325,0.22935247,0.229,79928.55,BTC-30OCT26,0.46,0.93765,37.3756,13.5,0.0,0.007000000000000006,BTC,79461.01,0.0
2026-09-07T08:12:03.711653+00:00,BTC-25SEP26-115000-P,79583.08,BTC-25SEP26,put,115000.0,2026-09-25T08:00:00+00:00,0.04925838112996552,0.441,0.451,0.44522785,0.446,79583.08,BTC-25SEP26,0.6114,-0.99593,2.12589,93.7,0.0,0.010000000000000009,BTC,79461.07,0.0
2026-09-07T08:12:03.711653+00:00,BTC-25JUN27-74000-C,82445.87,BTC-25JUN27,call,74000.0,2027-06-25T08:00:00+00:00,0.7966916460170291,0.197,0.2,0.19856602,0.1985,82445.87,BTC-25JUN27,0.4215,0.68251,262.32306,20.7,0.0,0.0030000000000000027,BTC,79461.01,0.0
2026-09-07T08:12:03.711653+00:00,BTC-25JUN27-68000-C,82445.87,BTC-25JUN27,call,68000.0,2027-06-25T08:00:00+00:00,0.7966916460170291,0.2415,0.2445,0.24311057,0.243,82445.87,BTC-25JUN27,0.4292,0.75607,230.81873,10.8,0.0,0.0030000000000000027,BTC,79461.01,0.0
2026-09-07T08:12:03.711653+00:00,BTC-8SEP26-81500-P,79453.31,BTC-8SEP26,put,81500.0,2026-09-08T08:00:00+00:00,0.0027149177487198013,0.0235,0.03,0.02651159,0.02675,79453.31,BTC-8SEP26,0.34380000000000005,-0.92263,6.00145,0.0,0.0,0.006499999999999999,BTC,79461.01,0.0
2026-09-07T08:12:03.711653+00:00,BTC-9SEP26-83000-P,79463.71,BTC-9SEP26,put,83000.0,2026-09-09T08:00:00+00:00,0.005452768535851902,0.0425,0.049,0.04531542,0.04575,79463.71,BTC-9SEP26,0.377,-0.94069,6.92832,0.0,0.0,0.006499999999999999,BTC,79461.01,0.0
2026-09-07T08:12:03.711653+00:00,BTC-25SEP26-75000-C,79583.08,BTC-25SEP26,call,75000.0,2026-09-25T08:00:00+00:00,0.04925838112996552,0.068,0.07,0.06884571,0.069,79583.08,BTC-25SEP26,0.3746,0.774,53.11093,3352.8,3.5,0.0020000000000000018,BTC,79461.01,19439.55
2026-09-07T08:12:03.711653+00:00,BTC-10SEP26-80000-C,79468.76,BTC-10SEP26,call,80000.0,2026-09-10T08:00:00+00:00,0.008190619322984004,0.009,0.01,0.00952073,0.0095,79468.76,BTC-10SEP26,0.3472,0.4195,28.10993,4.5,4.5,0.0010000000000000009,BTC,79462.3,3675.6
2026-09-07T08:12:03.711653+00:00,BTC-26MAR27-65000-P,81484.95,BTC-26MAR27,put,65000.0,2027-03-26T08:00:00+00:00,0.547547224388008,0.038,0.0395,0.03893713,0.03875,81484.95,BTC-26MAR27,0.4264,-0.19127,164.30644,879.5,0.0,0.0015000000000000013,BTC,79462.3,0.0
2026-09-07T08:12:03.711653+00:00,BTC-30OCT26-57000-C,79928.55,BTC-30OCT26,call,57000.0,2026-10-30T08:00:00+00:00,0.14508315867958907,0.286,0.2925,0.28958738,0.28925,79928.55,BTC-30OCT26,0.511,0.96657,22.65488,0.1,0.0,0.006500000000000006,BTC,79462.3,0.0
2026-09-07T08:12:03.711653+00:00,BTC-11SEP26-80500-P,79472.75,BTC-11SEP26,put,80500.0,2026-09-11T08:00:00+00:00,0.010928470110116106,0.02,0.0255,0.0225477,0.02275,79472.75,BTC-11SEP26,0.36090000000000005,-0.62858,31.41093,0.0,0.0,0.005499999999999998,BTC,79462.3,0.0
2026-09-07T08:12:03.711653+00:00,BTC-10SEP26-86000-C,79468.76,BTC-10SEP26,call,86000.0,2026-09-10T08:00:00+00:00,0.008190619322984004,0.0002,0.0004,0.00030056,0.0003,79468.76,BTC-10SEP26,0.4263,0.02094,3.6216,12.1,12.2,0.0002,BTC,79462.3,779.69
2026-09-07T08:12:03.711653+00:00,BTC-25DEC26-210000-C,80571.06,BTC-25DEC26,call,210000.0,2026-12-25T08:00:00+00:00,0.29840280275898673,0.0003,0.0007,0.00048755,0.0005,80571.06,BTC-25DEC26,0.6361,0.00488,6.23017,162.3,0.0,0.0004,BTC,79462.3,0.0
2026-09-07T08:12:03.711653+00:00,BTC-25DEC26-92000-C,80571.06,BTC-25DEC26,call,92000.0,2026-12-25T08:00:00+00:00,0.29840280275898673,0.037,0.038,0.03741655,0.0375,80571.06,BTC-25DEC26,0.39280000000000004,0.30445,154.06523,376.5,0.6,0.0010000000000000009,BTC,79462.3,1949.42
2026-09-07T08:12:03.711653+00:00,BTC-25SEP26-240000-P,79583.08,BTC-25SEP26,put,240000.0,2026-09-25T08:00:00+00:00,0.04925838112996552,2.0065,2.029,2.015782,2.01775,79583.08,BTC-25SEP26,1.156,-0.99999,0.01163,0.0,0.0,0.022499999999999964,BTC,79462.3,0.0
2026-09-07T08:12:03.711653+00:00,BTC-11SEP26-80500-C,79472.75,BTC-11SEP26,call,80500.0,2026-09-11T08:00:00+00:00,0.010928470110116106,0.009,0.01,0.00952348,0.0095,79472.75,BTC-11SEP26,0.36090000000000005,0.37142,31.41093,0.0,0.0,0.0010000000000000009,BTC,79462.3,0.0
2026-09-07T08:12:03.711653+00:00,BTC-26MAR27-90000-C,81484.95,BTC-26MAR27,call,90000.0,2027-03-26T08:00:00+00:00,0.547547224388008,0.078,0.08,0.07902899,0.079,81484.95,BTC-26MAR27,0.4022,0.42631,236.46139,555.2,0.0,0.0020000000000000018,BTC,79465.16,0.0
2026-09-07T08:12:03.711653+00:00,BTC-9SEP26-77500-P,79465.37,BTC-9SEP26,put,77500.0,2026-09-09T08:00:00+00:00,0.005452768535851902,0.0019,0.0022,0.00213993,0.00205,79465.37,BTC-9SEP26,0.3435,-0.15915,14.23059,134.1,115.4,0.00030000000000000014,BTC,79465.16,16704.79
2026-09-07T08:12:03.711653+00:00,BTC-25SEP26-79000-P,79583.18,BTC-25SEP26,put,79000.0,2026-09-25T08:00:00+00:00,0.04925838112996552,0.028,0.029,0.02878885,0.0285,79583.18,BTC-25SEP26,0.3663,-0.44903,69.89583,1048.2,12.3,0.0010000000000000009,BTC,79462.3,25145.01
2026-09-07T08:12:03.711653+00:00,BTC-9SEP26-80500-P,79463.71,BTC-9SEP26,put,80500.0,2026-09-09T08:00:00+00:00,0.005452768535851902,0.0165,0.0185,0.01799217,0.0175,79463.71,BTC-9SEP26,0.3403,-0.69589,20.53039,0.0,0.0,0.0019999999999999983,BTC,79465.16,0.0
2026-09-07T08:12:03.711653+00:00,BTC-25SEP26-95000-P,79583.08,BTC-25SEP26,put,95000.0,2026-09-25T08:00:00+00:00,0.04925838112996552,0.1915,0.2005,0.19546531,0.196,79583.08,BTC-25SEP26,0.4525,-0.95682,16.19484,147.6,0.0,0.009000000000000008,BTC,79462.3,0.0
2026-09-07T08:12:03.711653+00:00,BTC-25DEC26-86000-C,80571.06,BTC-25DEC26,call,86000.0,2026-12-25T08:00:00+00:00,0.29840280275898673,0.057,0.0585,0.05778844,0.05775,80571.06,BTC-25DEC26,0.38880000000000003,0.42013,172.08457,324.3,0.0,0.0015000000000000013,BTC,79465.16,0.0
2026-09-07T08:12:03.711653+00:00,BTC-27NOV26-84000-C,80241.44,BTC-27NOV26,call,84000.0,2026-11-27T08:00:00+00:00,0.2217429807192879,0.0525,0.0535,0.05304986,0.053,80241.44,BTC-27NOV26,0.3861,0.43574,148.80561,24.8,0.0,0.0010000000000000009,BTC,79465.16,0.0
2026-09-07T08:12:03.711653+00:00,BTC-25JUN27-90000-P,82445.87,BTC-25JUN27,put,90000.0,2027-06-25T08:00:00+00:00,0.7966916460170291,0.202,0.205,0.20360382,0.2035,82445.87,BTC-25JUN27,0.4143,-0.52094,293.22215,0.5,0.0,0.002999999999999975,BTC,79465.16,0.0
2026-09-07T08:12:03.711653+00:00,BTC-30OCT26-68000-P,79928.69,BTC-30OCT26,put,68000.0,2026-10-30T08:00:00+00:00,0.14508315867958907,0.0105,0.0115,0.01100311,0.011,79928.69,BTC-30OCT26,0.40740000000000004,-0.13177,65.02277,1514.0,0.8,0.0009999999999999992,BTC,79470.13,687.72
2026-09-07T08:12:03.711653+00:00,BTC-26MAR27-160000-P,81483.4,BTC-26MAR27,put,160000.0,2027-03-26T08:00:00+00:00,0.547547224388008,0.9595,0.9845,0.96992328,0.972,81483.4,BTC-26MAR27,0.48960000000000004,-0.95367,58.51645,0.1,0.0,0.025000000000000022,BTC,79470.13,0.0
2026-09-07T08:12:03.711653+00:00,BTC-25DEC26-74000-C,80569.51,BTC-25DEC26,call,74000.0,2026-12-25T08:00:00+00:00,0.29840280275898673,0.129,0.131,0.13003085,0.13,80569.51,BTC-25DEC26,0.39799999999999996,0.69114,155.05053,138.9,0.0,0.0020000000000000018,BTC,79470.13,0.0
2026-09-07T08:12:03.711653+00:00,BTC-8SEP26-90000-P,79453.31,BTC-8SEP26,put,90000.0,2026-09-08T08:00:00+00:00,0.0027149177487198013,0.13,0.137,0.13287707,0.1335,79453.31,BTC-8SEP26,0.5407,-0.99999,0.00097,0.0,0.0,0.007000000000000006,BTC,79470.13,0.0
2026-09-07T08:12:03.711653+00:00,BTC-25SEP26-58000-P,79583.08,BTC-25SEP26,put,58000.0,2026-09-25T08:00:00+00:00,0.04925838112996552,0.0003,0.0005,0.00038765,0.0004,79583.08,BTC-25SEP26,0.6114999999999999,-0.00828,3.98975,1334.2,25.0,0.00020000000000000004,BTC,79465.16,994.2
2026-09-07T08:12:03.711653+00:00,BTC-18SEP26-76000-P,79535.47,BTC-18SEP26,put,76000.0,2026-09-18T08:00:00+00:00,0.030093425620040814,0.009,0.0095,0.0093354,0.00925,79535.47,BTC-18SEP26,0.37920000000000004,-0.23503,42.41192,172.9,4.8,0.0005000000000000004,BTC,79470.13,3857.04
2026-09-07T08:12:03.711653+00:00,BTC-25DEC26-54000-C,80569.51,BTC-25DEC26,call,54000.0,2026-12-25T08:00:00+00:00,0.29840280275898673,0.3325,0.339,0.33666449,0.33575,80569.51,BTC-25DEC26,0.49829999999999997,0.94576,48.43236,33.1,0.0,0.006500000000000006,BTC,79470.13,0.0
2026-09-07T08:12:03.711653+00:00,BTC-25DEC26-200000-C,80569.51,BTC-25DEC26,call,200000.0,2026-12-25T08:00:00+00:00,0.29840280275898673,0.0006,0.0008,0.00068231,0.0007,80569.51,BTC-25DEC26,0.6295000000000001,0.00671,8.26356,969.4,0.0,0.0002000000000000001,BTC,79470.13,0.0
2026-09-07T08:12:03.711653+00:00,BTC-27NOV26-71000-P,80241.78,BTC-27NOV26,put,71000.0,2026-11-27T08:00:00+00:00,0.2217429807192879,0.027,0.028,0.0274695,0.0275,80241.78,BTC-27NOV26,0.3998,-0.22867,114.387,20.3,0.1,0.0010000000000000009,BTC,79470.13,215.45
2026-09-07T08:12:03.711653+00:00,BTC-25SEP26-320000-C,79583.08,BTC-25SEP26,call,320000.0,2026-09-25T08:00:00+00:00,0.04925838112996552,,0.0001,4.9e-07,,79583.08,BTC-25SEP26,1.4015,1e-05,0.00633,304.6,0.0,,BTC,79470.13,0.0
2026-09-07T08:12:03.711653+00:00,BTC-10SEP26-88000-P,79468.64,BTC-10SEP26,put,88000.0,2026-09-10T08:00:00+00:00,0.008190619322984004,0.104,0.112,0.10751278,0.108,79468.64,BTC-10SEP26,0.47479999999999994,-0.99072,1.79548,0.0,0.0,0.008000000000000007,BTC,79466.96,0.0
2026-09-07T08:12:03.711653+00:00,BTC-25JUN27-72000-P,82445.87,BTC-25JUN27,put,72000.0,2027-06-25T08:00:00+00:00,0.7966916460170291,0.0845,0.087,0.08595475,0.08575,82445.87,BTC-25JUN27,0.4235,-0.29218,252.83885,47.6,0.0,0.0024999999999999883,BTC,79470.13,0.0
2026-09-07T08:12:03.711653+00:00,BTC-11SEP26-86000-P,79472.75,BTC-11SEP26,put,86000.0,2026-09-11T08:00:00+00:00,0.010928470110116106,0.08,0.086,0.08296354,0.083,79472.75,BTC-11SEP26,0.42829999999999996,-0.95929,7.26427,1.4,0.0,0.0059999999999999915,BTC,79466.96,0.0
2026-09-07T08:12:03.711653+00:00,BTC-25DEC26-45000-C,80571.06,BTC-25DEC26,call,45000.0,2026-12-25T08:00:00+00:00,0.29840280275898673,0.4415,0.447,0.44466356,0.44425,80571.06,BTC-25DEC26,0.5865,0.976,24.86377,54.3,0.0,0.005500000000000005,BTC,79466.96,0.0
2026-09-07T08:12:03.711653+00:00,BTC-25JUN27-70000-C,82444.32,BTC-25JUN27,call,70000.0,2027-06-25T08:00:00+00:00,0.7966916460170291,0.226,0.229,0.22745838,0.2275,82444.32,BTC-25JUN27,0.42619999999999997,0.73237,242.29852,195.5,0.0,0.0030000000000000027,BTC,79466.96,0.0
2026-09-07T08:12:03.711653+00:00,BTC-11SEP26-64000-C,79472.75,BTC-11SEP26,call,64000.0,2026-09-11T08:00:00+00:00,0.010928470110116106,0.1915,0.1975,0.19464202,0.1945,79472.75,BTC-11SEP26,0.6968000000000001,0.99868,0.36131,0.0,0.0,0.006000000000000005,BTC,79466.96,0.0
2026-09-07T08:12:03.711653+00:00,BTC-25DEC26-68000-P,80571.7,BTC-25DEC26,put,68000.0,2026-12-25T08:00:00+00:00,0.29840280275898673,0.0265,0.0275,0.02704578,0.027,80571.7,BTC-25DEC26,0.4132,-0.19391,120.95886,551.3,2.0,0.0010000000000000009,BTC,79466.96,4270.65
2026-09-07T08:12:03.711653+00:00,BTC-26MAR27-98000-P,81484.95,BTC-26MAR27,put,98000.0,2027-03-26T08:00:00+00:00,0.547547224388008,0.2515,0.264,0.256958,0.25775,81484.95,BTC-26MAR27,0.40659999999999996,-0.67842,216.10151,0.2,0.0,0.012500000000000011,BTC,79466.96,0.0
2026-09-07T08:12:03.711653+00:00,BTC-25DEC26-115000-P,80571.06,BTC-25DEC26,put,115000.0,2026-12-25T08:00:00+00:00,0.29840280275898673,0.4295,0.444,0.43600108,0.43675,80571.06,BTC-25DEC26,0.43729999999999997,-0.91471,68.67665,5.0,0.0,0.014500000000000013,BTC,79466.96,0.0
2026-09-07T08:12:03.711653+00:00,BTC-9SEP26-79500-P,79465.37,BTC-9SEP26,put,79500.0,2026-09-09T08:00:00+00:00,0.005452768535851902,0.0095,0.01,0.0100574,0.00975,79465.37,BTC-9SEP26,0.33380000000000004,-0.5039,23.41444,101.6,100.9,0.0005000000000000004,BTC,79466.96,60232.91
2026-09-07T08:12:03.711653+00:00,BTC-25JUN27-78000-P,82444.32,BTC-25JUN27,put,78000.0,2027-06-25T08:00:00+00:00,0.7966916460170291,0.1175,0.12,0.11868321,0.11875,82444.32,BTC-25JUN27,0.4179,-0.36888,277.63796,104.6,0.0,0.0025000000000000022,BTC,79466.96,0.0
2026-09-07T08:12:03.711653+00:00,BTC-8SEP26-82500-C,79453.31,BTC-8SEP26,call,82500.0,2026-09-08T08:00:00+00:00,0.0027149177487198013,0.0001,0.0003,0.00019284,0.0002,79453.31,BTC-8SEP26,0.37189999999999995,0.02622,2.51869,90.5,44.2,0.00019999999999999998,BTC,79459.87,3358.88
2026-09-07T08:12:03.711653+00:00,BTC-30OCT26-48000-P,79928.55,BTC-30OCT26,put,48000.0,2026-10-30T08:00:00+00:00,0.14508315867958907,0.001,0.0014,0.00114744,0.0012,79928.55,BTC-30OCT26,0.6323,-0.01268,9.97333,194.3,0.0,0.00039999999999999996,BTC,79459.87,0.0
2026-09-07T08:12:03.711653+00:00,BTC-25SEP26-84000-C,79583.18,BTC-25SEP26,call,84000.0,2026-09-25T08:00:00+00:00,0.04925838112996552,0.013,0.014,0.01365979,0.0135,79583.18,BTC-25SEP26,0.3797,0.2741,58.85274,5079.0,1.7,0.0010000000000000009,BTC,79466.96,2064.81
2026-09-07T08:12:03.711653+00:00,BTC-8SEP26-87000-P,79453.31,BTC-8SEP26,put,87000.0,2026-09-08T08:00:00+00:00,0.0027149177487198013,0.0925,0.098,0.09511557,0.09525,79453.31,BTC-8SEP26,0.4863,-0.99982,0.02801,0.0,0.0,0.005500000000000005,BTC,79459.87,0.0
2026-09-07T08:12:03.711653+00:00,BTC-25DEC26-102000-P,80571.06,BTC-25DEC26,put,102000.0,2026-12-25T08:00:00+00:00,0.29840280275898673,0.281,0.2915,0.28465042,0.28625,80571.06,BTC-25DEC26,0.4075,-0.82865,111.95195,7.8,0.0,0.010499999999999954,BTC,79459.87,0.0
2026-09-07T08:12:03.711653+00:00,BTC-25JUN27-120000-C,82444.32,BTC-25JUN27,call,120000.0,2027-06-25T08:00:00+00:00,0.7966916460170291,0.04,0.0415,0.04069307,0.04075,82444.32,BTC-25JUN27,0.4335,0.21869,217.18528,292.9,0.1,0.0015000000000000013,BTC,79459.87,331.2
2026-09-07T08:12:03.711653+00:00,BTC-25SEP26-165000-C,79583.08,BTC-25SEP26,call,165000.0,2026-09-25T08:00:00+00:00,0.04925838112996552,,0.0001,3.15e-06,,79583.08,BTC-25SEP26,0.8449,7e-05,0.05266,266.6,0.0,,BTC,79459.87,0.0
2026-09-07T08:12:03.711653+00:00,BTC-25SEP26-65000-P,79583.32,BTC-25SEP26,put,65000.0,2026-09-25T08:00:00+00:00,0.04925838112996552,0.0011,0.0013,0.0011461,0.0012,79583.32,BTC-25SEP26,0.486,-0.02698,11.00338,980.2,3.7,0.00019999999999999987,BTC,79459.87,342.62
2026-09-07T08:12:03.711653+00:00,BTC-11SEP26-74000-C,79472.75,BTC-11SEP26,call,74000.0,2026-09-11T08:00:00+00:00,0.010928470110116106,0.066,0.0725,0.06973445,0.06925,79472.75,BTC-11SEP26,0.4225,0.94867,8.74988,15.3,4.0,0.006499999999999992,BTC,79460.32,22568.42
2026-09-07T08:12:03.711653+00:00,BTC-8SEP26-70000-P,79453.31,BTC-8SEP26,put,70000.0,2026-09-08T08:00:00+00:00,0.0027149177487198013,,0.0001,4.3e-07,,79453.31,BTC-8SEP26,0.6307,-6e-05,0.00945,25.5,0.0,,BTC,79460.32,0.0
2026-09-07T08:12:03.711653+00:00,BTC-9SEP26-82500-C,79465.37,BTC-9SEP26,call,82500.0,2026-09-09T08:00:00+00:00,0.005452768535851902,0.0009,0.0011,0.00104597,0.001,79465.37,BTC-9SEP26,0.36729999999999996,0.08342,9.00302,107.3,102.1,0.0002000000000000001,BTC,79460.32,16752.22
2026-09-07T08:12:03.711653+00:00,BTC-25JUN27-106000-P,82444.32,BTC-25JUN27,put,106000.0,2027-06-25T08:00:00+00:00,0.7966916460170291,0.3415,0.359,0.34935123,0.35025,82444.32,BTC-25JUN27,0.42090000000000005,-0.68491,261.47352,0.0,0.0,0.01749999999999996,BTC,79460.32,0.0
2026-09-07T08:12:03.711653+00:00,BTC-26MAR27-170000-P,81484.95,BTC-26MAR27,put,170000.0,2027-03-26T08:00:00+00:00,0.547547224388008,1.08,1.107,1.09183227,1.0935,81484.95,BTC-26MAR27,0.5108,-0.96054,51.38814,0.2,0.0,0.026999999999999913,BTC,79460.32,0.0
2026-09-07T08:12:03.711653+00:00,BTC-25SEP26-160000-P,79583.08,BTC-25SEP26,put,160000.0,2026-09-25T08:00:00+00:00,0.04925838112996552,1.0045,1.019,1.01052446,1.01175,79583.08,BTC-25SEP26,0.8188,-0.99991,0.06169,0.6,0.0,0.014499999999999957,BTC,79460.32,0.0
2026-09-07T08:12:03.711653+00:00,BTC-25SEP26-80000-P,79583.08,BTC-25SEP26,put,80000.0,2026-09-25T08:00:00+00:00,0.04925838112996552,0.0345,0.0355,0.03530958,0.035,79583.08,BTC-25SEP26,0.36729999999999996,-0.51061,70.44348,1420.0,190.4,0.000999999999999994,BTC,79460.32,557127.76
2026-09-07T08:12:03.711653+00:00,BTC-30OCT26-104000-P,79928.55,BTC-30OCT26,put,104000.0,2026-10-30T08:00:00+00:00,0.14508315867958907,0.301,0.3115,0.30571982,0.30625,79928.55,BTC-30OCT26,0.4355,-0.93387,39.12645,0.0,0.0,0.01050000000000001,BTC,79460.31,0.0
2026-09-07T08:12:03.711653+00:00,BTC-30OCT26-91000-P,79928.55,BTC-30OCT26,put,91000.0,2026-10-30T08:00:00+00:00,0.14508315867958907,0.1525,0.16,0.15515984,0.15625,79928.55,BTC-30OCT26,0.3893,-0.78878,88.05048,0.2,0.0,0.007500000000000007,BTC,79460.31,0.0
2026-09-07T08:12:03.711653+00:00,BTC-10SEP26-89000-P,79466.9,BTC-10SEP26,put,89000.0,2026-09-10T08:00:00+00:00,0.008190619322984004,0.1175,0.1245,0.1200539,0.121,79466.9,BTC-10SEP26,0.49729999999999996,-0.99377,1.26383,0.0,0.0,0.007000000000000006,BTC,79460.31,0.0
2026-09-07T08:12:03.711653+00:00,BTC-25SEP26-180000-C,79583.08,BTC-25SEP26,call,180000.0,2026-09-25T08:00:00+00:00,0.04925838112996552,,0.0001,2.15e-06,,79583.08,BTC-25SEP26,0.9184,5e-05,0.0348,792.3,0.0,,BTC,79460.32,0.0
2026-09-07T08:12:03.711653+00:00,BTC-8SEP26-79000-C,79453.31,BTC-8SEP26,call,79000.0,2026-09-08T08:00:00+00:00,0.0027149177487198013,0.009,0.01,0.00935609,0.0095,79453.31,BTC-8SEP26,0.2973,0.64189,15.45673,7.7,3.4,0.0010000000000000009,BTC,79460.31,2284.21
2026-09-07T08:12:03.711653+00:00,BTC-26MAR27-90000-P,81484.95,BTC-26MAR27,put,90000.0,2027-03-26T08:00:00+00:00,0.547547224388008,0.182,0.185,0.18358664,0.1835,81484.95,BTC-26MAR27,0.4022,-0.57376,236.43911,14.1,0.0,0.0030000000000000027,BTC,79460.31,0.0
2026-09-07T08:12:03.711653+00:00,BTC-18SEP26-68000-C,79533.65,BTC-18SEP26,call,68000.0,2026-09-18T08:00:00+00:00,0.030093425620040814,0.1435,0.1485,0.14569062,0.146,79533.65,BTC-18SEP26,0.4685,0.97526,7.99302,2.0,0.0,0.0050000000000000044,BTC,79460.31,0.0
2026-09-07T08:12:03.711653+00:00,BTC-30OCT26-80000-P,79928.55,BTC-30OCT26,put,80000.0,2026-10-30T08:00:00+00:00,0.14508315867958907,0.056,0.057,0.05691369,0.0565,79928.55,BTC-30OCT26,0.3715,-0.47496,121.22964,955.0,8.1,0.0010000000000000009,BTC,79460.31,36045.49
2026-09-07T08:12:03.711653+00:00,BTC-26MAR27-54000-P,81484.95,BTC-26MAR27,put,54000.0,2027-03-26T08:00:00+00:00,0.547547224388008,0.015,0.0165,0.01600396,0.01575,81484.95,BTC-26MAR27,0.46740000000000004,-0.08663,95.17884,92.0,8.1,0.0015000000000000013,BTC,79460.31,10042.82
2026-09-07T08:12:03.711653+00:00,BTC-27NOV26-93000-C,80239.89,BTC-27NOV26,call,93000.0,2026-11-27T08:00:00+00:00,0.2217429807192879,0.024,0.025,0.02453257,0.0245,80239.89,BTC-27NOV26,0.39649999999999996,0.2426,118.16407,28.4,0.2,0.0010000000000000009,BTC,79460.31,406.76
2026-09-07T08:12:03.711653+00:00,BTC-18SEP26-82000-C,79535.2,BTC-18SEP26,call,82000.0,2026-09-18T08:00:00+00:00,0.030093425620040814,0.0135,0.0145,0.01406892,0.014,79535.2,BTC-18SEP26,0.3814,0.33291,50.14547,1311.6,75.2,0.0010000000000000009,BTC,79460.31,98497.55
2026-09-07T08:12:03.711653+00:00,BTC-26MAR27-60000-P,81484.95,BTC-26MAR27,put,60000.0,2027-03-26T08:00:00+00:00,0.547547224388008,0.0255,0.027,0.02619193,0.02625,81484.95,BTC-26MAR27,0.44189999999999996,-0.13602,131.59715,815.2,10.0,0.0015000000000000013,BTC,79459.2,20130.96
2026-09-07T08:12:03.711653+00:00,BTC-8SEP26-73000-P,79453.31,BTC-8SEP26,put,73000.0,2026-09-08T08:00:00+00:00,0.0027149177487198013,,0.0001,2.993e-05,,79453.31,BTC-8SEP26,0.5972999999999999,-0.00316,0.39732,13.4,2.6,,BTC,79459.2,23.94
2026-09-07T08:12:03.711653+00:00,BTC-25DEC26-65000-C,80571.06,BTC-25DEC26,call,65000.0,2026-12-25T08:00:00+00:00,0.29840280275898673,0.209,0.216,0.2131952,0.2125,80571.06,BTC-25DEC26,0.42560000000000003,0.85051,102.39661,920.8,0.0,0.007000000000000006,BTC,79459.2,0.0
2026-09-07T08:12:03.711653+00:00,BTC-10SEP26-82500-C,79468.76,BTC-10SEP26,call,82500.0,2026-09-10T08:00:00+00:00,0.008190619322984004,0.002,0.0024,0.00225113,0.0022,79468.76,BTC-10SEP26,0.36950000000000005,0.13304,15.45906,0.2,0.2,0.00039999999999999975,BTC,79459.2,57.46
2026-09-07T08:12:03.711653+00:00,BTC-10SEP26-79000-C,79468.76,BTC-10SEP26,call,79000.0,2026-09-10T08:00:00+00:00,0.008190619322984004,0.015,0.016,0.01542695,0.0155,79468.76,BTC-10SEP26,0.3403,0.57903,28.12667,0.0,0.0,0.0010000000000000009,BTC,79459.2,0.0
2026-09-07T08:12:03.711653+00:00,BTC-30OCT26-110000-P,79928.55,BTC-30OCT26,put,110000.0,2026-10-30T08:00:00+00:00,0.14508315867958907,0.3735,0.3855,0.37906146,0.3795,79928.55,BTC-30OCT26,0.46090000000000003,-0.95836,27.1082,0.0,0.0,0.01200000000000001,BTC,79459.2,0.0
2026-09-07T08:12:03.711653+00:00,BTC-9SEP26-78000-C,79463.71,BTC-9SEP26,call,78000.0,2026-09-09T08:00:00+00:00,0.005452768535851902,0.0205,0.023,0.02161881,0.02175,79463.71,BTC-9SEP26,0.3378,0.77428,17.62953,0.0,0.0,0.0024999999999999988,BTC,79459.2,0.0
2026-09-07T08:12:03.711653+00:00,BTC-9SEP26-80000-C,79463.71,BTC-9SEP26,call,80000.0,2026-09-09T08:00:00+00:00,0.005452768535851902,0.0065,0.007,0.00694668,0.00675,79463.71,BTC-9SEP26,0.3381,0.39444,22.58402,11.4,11.4,0.0005000000000000004,BTC,79459.2,7923.11
2026-09-07T08:12:03.711653+00:00,BTC-10SEP26-73000-P,79468.64,BTC-10SEP26,put,73000.0,2026-09-10T08:00:00+00:00,0.008190619322984004,0.0002,0.0004,0.00034071,0.0003,79468.64,BTC-10SEP26,0.4678,-0.0213,3.67327,0.1,0.1,0.0002,BTC,79458.64,2.4
2026-09-07T08:12:03.711653+00:00,BTC-25DEC26-190000-C,80571.06,BTC-25DEC26,call,190000.0,2026-12-25T08:00:00+00:00,0.29840280275898673,0.0006,0.001,0.00081549,0.0008,80571.06,BTC-25DEC26,0.6109,0.0081,9.75279,1026.7,1.0,0.0004000000000000001,BTC,79459.2,55.78
2026-09-07T08:12:03.711653+00:00,BTC-25SEP26-105000-P,79581.53,BTC-25SEP26,put,105000.0,2026-09-25T08:00:00+00:00,0.04925838112996552,0.316,0.3255,0.31987792,0.32075,79581.53,BTC-25SEP26,0.5382,-0.98819,5.44223,105.3,0.6,0.009500000000000008,BTC,79459.2,14938.91
2026-09-07T08:12:03.711653+00:00,BTC-8SEP26-78500-C,79453.31,BTC-8SEP26,call,78500.0,2026-09-08T08:00:00+00:00,0.0027149177487198013,0.013,0.015,0.01400505,0.014,79453.31,BTC-8SEP26,0.30879999999999996,0.77176,12.51381,0.2,0.0,0.002,BTC,79458.64,0.0
2026-09-07T08:12:03.711653+00:00,BTC-25DEC26-230000-P,80571.06,BTC-25DEC26,put,230000.0,2026-12-25T08:00:00+00:00,0.29840280275898673,1.8435,1.873,1.85532345,1.85825,80571.06,BTC-25DEC26,0.6693000000000001,-0.99639,4.76121,0.0,0.0,0.02950000000000008,BTC,79458.64,0.0
2026-09-07T08:12:03.711653+00:00,BTC-25SEP26-72000-C,79583.08,BTC-25SEP26,call,72000.0,2026-09-25T08:00:00+00:00,0.04925838112996552,0.0995,0.103,0.10052176,0.10125,79583.08,BTC-25SEP26,0.3948,0.88164,34.99285,3314.4,0.1,0.0034999999999999892,BTC,79459.2,851.34
2026-09-07T08:12:03.711653+00:00,BTC-25SEP26-130000-P,79583.08,BTC-25SEP26,put,130000.0,2026-09-25T08:00:00+00:00,0.04925838112996552,0.629,0.6405,0.63361354,0.63475,79583.08,BTC-25SEP26,0.7245,-0.99852,0.85075,21.4,0.0,0.011499999999999955,BTC,79459.2,0.0
2026-09-07T08:12:03.711653+00:00,BTC-25SEP26-70000-P,79583.18,BTC-25SEP26,put,70000.0,2026-09-25T08:00:00+00:00,0.04925838112996552,0.0031,0.0033,0.0031249,0.0032,79583.18,BTC-25SEP26,0.41200000000000003,-0.0742,24.80024,8722.4,3.7,0.0002000000000000001,BTC,79458.64,922.76
2026-09-07T08:12:03.711653+00:00,BTC-26MAR27-150000-C,81484.95,BTC-26MAR27,call,150000.0,2027-03-26T08:00:00+00:00,0.547547224388008,0.008,0.0085,0.00812035,0.00825,81484.95,BTC-26MAR27,0.4775,0.06051,72.30866,1901.9,0.2,0.0005000000000000004,BTC,79458.64,139.65
2026-09-07T08:12:03.711653+00:00,BTC-9SEP26-87000-P,79463.71,BTC-9SEP26,put,87000.0,2026-09-09T08:00:00+00:00,0.005452768535851902,0.092,0.098,0.09500851,0.095,79463.71,BTC-9SEP26,0.4833,-0.99425,0.96034,0.0,0.0,0.006000000000000005,BTC,79458.64,0.0
2026-09-07T08:12:03.711653+00:00,BTC-25DEC26-45000-P,80571.06,BTC-25DEC26,put,45000.0,2026-12-25T08:00:00+00:00,0.29840280275898673,0.0031,0.0034,0.00324178,0.00325,80571.06,BTC-25DEC26,0.5865,-0.02402,24.87761,2844.7,0.1,0.0002999999999999999,BTC,79458.64,25.6
2026-09-07T08:12:03.711653+00:00,BTC-30OCT26-67000-P,79928.55,BTC-30OCT26,put,67000.0,2026-10-30T08:00:00+00:00,0.14508315867958907,0.009,0.01,0.00954854,0.0095,79928.55,BTC-30OCT26,0.4142,-0.11595,59.44431,411.7,0.0,0.0010000000000000009,BTC,79458.64,0.0
2026-09-07T08:12:03.711653+00:00,BTC-25JUN27-125000-C,82444.32,BTC-25JUN27,call,125000.0,2027-06-25T08:00:00+00:00,0.7966916460170291,0.0345,0.036,0.0351943,0.03525,82444.32,BTC-25JUN27,0.4388,0.19299,201.63297,115.6,0.0,0.0014999999999999944,BTC,79458.64,0.0
2026-09-07T08:12:03.711653+00:00,BTC-25JUN27-60000-C,82444.32,BTC-25JUN27,call,60000.0,2027-06-25T08:00:00+00:00,0.7966916460170291,0.311,0.3145,0.31264266,0.31275,82444.32,BTC-25JUN27,0.4458,0.84057,178.64827,961.9,0.6,0.003500000000000003,BTC,79458.64,14988.84
2026-09-07T08:12:03.711653+00:00,BTC-8SEP26-74000-C,79453.31,BTC-8SEP26,call,74000.0,2026-09-08T08:00:00+00:00,0.0027149177487198013,0.065,0.0715,0.06861335,0.06825,79453.31,BTC-8SEP26,0.5779,0.99107,0.99946,0.0,0.0,0.006499999999999992,BTC,79460.95,0.0
2026-09-07T08:12:03.711653+00:00,BTC-8SEP26-83000-C,79453.31,BTC-8SEP26,call,83000.0,2026-09-08T08:00:00+00:00,0.0027149177487198013,,0.0002,0.00013658,,79453.31,BTC-8SEP26,0.3995,0.01796,1.82891,54.7,50.6,,BTC,79460.95,1683.42
2026-09-07T08:12:03.711653+00:00,BTC-8SEP26-88000-P,79453.31,BTC-8SEP26,put,88000.0,2026-09-08T08:00:00+00:00,0.0027149177487198013,0.105,0.1105,0.10770291,0.10775,79453.31,BTC-8SEP26,0.5368999999999999,-0.99987,0.02137,0.0,0.0,0.005500000000000005,BTC,79460.95,0.0
2026-09-07T08:12:03.711653+00:00,BTC-27NOV26-79000-P,80239.89,BTC-27NOV26,put,79000.0,2026-11-27T08:00:00+00:00,0.2217429807192879,0.0635,0.0645,0.0643369,0.064,80239.89,BTC-27NOV26,0.3856,-0.43048,148.45678,75.7,0.0,0.0010000000000000009,BTC,79460.95,0.0
2026-09-07T08:12:03.711653+00:00,BTC-30OCT26-59000-C,79928.55,BTC-30OCT26,call,59000.0,2026-10-30T08:00:00+00:00,0.14508315867958907,0.2615,0.2675,0.26525611,0.2645,79928.55,BTC-30OCT26,0.4882,0.95765,27.48171,1.0,0.0,0.006000000000000005,BTC,79460.95,0.0
2026-09-07T08:12:03.711653+00:00,BTC-10SEP26-81000-P,79468.64,BTC-10SEP26,put,81000.0,2026-09-10T08:00:00+00:00,0.008190619322984004,0.023,0.0255,0.02485004,0.02425,79468.64,BTC-10SEP26,0.35619999999999996,-0.72041,24.1931,0.0,0.0,0.0024999999999999988,BTC,79461.29,0.0
2026-09-07T08:12:03.711653+00:00,BTC-25JUN27-115000-C,82444.32,BTC-25JUN27,call,115000.0,2027-06-25T08:00:00+00:00,0.7966916460170291,0.0465,0.0485,0.04740672,0.0475,82444.32,BTC-25JUN27,0.4285,0.24856,233.14981,38.2,0.0,0.0020000000000000018,BTC,79460.95,0.0
2026-09-07T08:12:03.711653+00:00,BTC-25SEP26-220000-C,79581.53,BTC-25SEP26,call,220000.0,2026-09-25T08:00:00+00:00,0.04925838112996552,,0.0001,8.4e-07,,79581.53,BTC-25SEP26,1.0735999999999999,2e-05,0.01294,241.9,0.0,,BTC,79460.95,0.0
2026-09-07T08:12:03.711653+00:00,BTC-26MAR27-106000-C,81484.95,BTC-26MAR27,call,106000.0,2027-03-26T08:00:00+00:00,0.547547224388008,0.0365,0.038,0.03744769,0.03725,81484.95,BTC-26MAR27,0.41340000000000005,0.2397,187.33218,79.2,0.0,0.0015000000000000013,BTC,79461.29,0.0
2026-09-07T08:12:03.711653+00:00,BTC-10SEP26-82000-P,79468.64,BTC-10SEP26,put,82000.0,2026-09-10T08:00:00+00:00,0.008190619322984004,0.0325,0.0385,0.03491221,0.0355,79468.64,BTC-10SEP26,0.36329999999999996,-0.82811,18.32927,0.0,0.0,0.005999999999999998,BTC,79461.29,0.0
2026-09-07T08:12:03.711653+00:00,BTC-30OCT26-48000-C,79928.55,BTC-30OCT26,call,48000.0,2026-10-30T08:00:00+00:00,0.14508315867958907,0.3975,0.4025,0.40059658,0.4,79928.55,BTC-30OCT26,0.6323,0.98732,9.97206,0.1,0.0,0.0050000000000000044,BTC,79460.95,0.0
2026-09-07T08:12:03.711653+00:00,BTC-8SEP26-89000-C,79453.31,BTC-8SEP26,call,89000.0,2026-09-08T08:00:00+00:00,0.0027149177487198013,,0.0001,1.9e-07,,79453.31,BTC-8SEP26,0.5407,3e-05,0.00509,25.3,0.0,,BTC,79461.29,0.0
2026-09-07T08:12:03.711653+00:00,BTC-11SEP26-80000-P,79474.3,BTC-11SEP26,put,80000.0,2026-09-11T08:00:00+00:00,0.010928470110116106,0.0175,0.019,0.01861968,0.01825,79474.3,BTC-11SEP26,0.35869999999999996,-0.56523,32.70121,284.5,12.1,0.0014999999999999979,BTC,79461.29,18172.87
2026-09-07T08:12:03.711653+00:00,BTC-25SEP26-100000-C,79583.08,BTC-25SEP26,call,100000.0,2026-09-25T08:00:00+00:00,0.04925838112996552,0.0008,0.001,0.00087815,0.0009,79583.08,BTC-25SEP26,0.4978,0.02203,9.28,7280.5,2.0,0.00019999999999999998,BTC,79461.29,142.58
2026-09-07T08:12:03.711653+00:00,BTC-26MAR27-98000-C,81484.95,BTC-26MAR27,call,98000.0,2027-03-26T08:00:00+00:00,0.547547224388008,0.0535,0.055,0.0541256,0.05425,81484.95,BTC-26MAR27,0.40659999999999996,0.3215,216.06639,115.0,0.0,0.0015000000000000013,BTC,79461.29,0.0
2026-09-07T08:12:03.711653+00:00,BTC-30OCT26-88000-P,79928.55,BTC-30OCT26,put,88000.0,2026-10-30T08:00:00+00:00,0.14508315867958907,0.1215,0.129,0.12433947,0.12525,79928.55,BTC-30OCT26,0.3825,-0.72203,102.13351,8.1,0.0,0.007500000000000007,BTC,79461.29,0.0
2026-09-07T08:12:03.711653+00:00,BTC-9SEP26-84000-C,79463.71,BTC-9SEP26,call,84000.0,2026-09-09T08:00:00+00:00,0.005452768535851902,0.0003,0.0005,0.00037573,0.0004,79463.71,BTC-9SEP26,0.4046,0.0323,4.24394,24.3,24.2,0.00020000000000000004,BTC,79462.41,1775.6
2026-09-07T08:12:03.711653+00:00,BTC-30OCT26-102000-P,79926.62,BTC-30OCT26,put,102000.0,2026-10-30T08:00:00+00:00,0.14508315867958907,0.2775,0.2875,0.28165704,0.2825,79926.62,BTC-30OCT26,0.4288,-0.92106,44.81267,0.0,0.0,0.009999999999999953,BTC,79461.29,0.0
2026-09-07T08:12:03.711653+00:00,BTC-8SEP26-72000-C,79454.86,BTC-8SEP26,call,72000.0,2026-09-08T08:00:00+00:00,0.0027149177487198013,0.0915,0.0965,0.09370474,0.094,79454.86,BTC-8SEP26,0.5972999999999999,0.99925,0.10715,0.0,0.0,0.0050000000000000044,BTC,79462.41,0.0
2026-09-07T08:12:03.711653+00:00,BTC-11SEP26-78000-C,79474.43,BTC-11SEP26,call,78000.0,2026-09-11T08:00:00+00:00,0.010928470110116106,0.0245,0.0265,0.02572262,0.0255,79474.43,BTC-11SEP26,0.35359999999999997,0.69848,28.95327,943.1,0.0,0.0019999999999999983,BTC,79462.41,0.0
2026-09-07T08:12:03.711653+00:00,BTC-25SEP26-60000-P,79581.53,BTC-25SEP26,put,60000.0,2026-09-25T08:00:00+00:00,0.04925838112996552,0.0005,0.0007,0.00058561,0.0006,79581.53,BTC-25SEP26,0.5842,-0.01254,5.73081,5324.3,3.8,0.00019999999999999998,BTC,79461.29,150.27
2026-09-07T08:12:03.711653+00:00,BTC-27NOV26-88000-P,80241.56,BTC-27NOV26,put,88000.0,2026-11-27T08:00:00+00:00,0.2217429807192879,0.1325,0.1355,0.13432807,0.134,80241.56,BTC-27NOV26,0.3889,-0.66039,138.40477,0.0,0.0,0.0030000000000000027,BTC,79462.41,0.0
2026-09-07T08:12:03.711653+00:00,BTC-25DEC26-72000-P,80571.7,BTC-25DEC26,put,72000.0,2026-12-25T08:00:00+00:00,0.29840280275898673,0.0395,0.0405,0.04016214,0.04,80571.7,BTC-25DEC26,0.4019,-0.2673,144.80905,785.7,3.0,0.0010000000000000009,BTC,79462.41,9036.2
2026-09-07T08:12:03.711653+00:00,BTC-26MAR27-56000-C,81484.95,BTC-26MAR27,call,56000.0,2027-03-26T08:00:00+00:00,0.547547224388008,0.327,0.3355,0.33154918,0.33125,81484.95,BTC-26MAR27,0.45799999999999996,0.8989,106.6767,16.9,0.0,0.008500000000000008,BTC,79462.41,0.0
2026-09-07T08:12:03.711653+00:00,BTC-8SEP26-81500-C,79454.95,BTC-8SEP26,call,81500.0,2026-09-08T08:00:00+00:00,0.0027149177487198013,0.0005,0.0007,0.00063052,0.0006,79454.95,BTC-8SEP26,0.34380000000000005,0.07723,5.99122,58.2,49.2,0.00019999999999999998,BTC,79462.41,9002.79
2026-09-07T08:12:03.711653+00:00,BTC-27NOV26-105000-P,80239.89,BTC-27NOV26,put,105000.0,2026-11-27T08:00:00+00:00,0.2217429807192879,0.3125,0.3245,0.3180823,0.3185,80239.89,BTC-27NOV26,0.4254,-0.89309,69.6167,0.0,0.0,0.01200000000000001,BTC,79462.41,0.0
2026-09-07T08:12:03.711653+00:00,BTC-9SEP26-76000-C,79463.71,BTC-9SEP26,call,76000.0,2026-09-09T08:00:00+00:00,0.005452768535851902,0.0405,0.047,0.04419186,0.04375,79463.71,BTC-9SEP26,0.38380000000000003,0.94365,6.65316,0.0,0.0,0.006499999999999999,BTC,79463.1,0.0
2026-09-07T08:12:03.711653+00:00,BTC-10SEP26-75000-P,79468.76,BTC-10SEP26,put,75000.0,2026-09-10T08:00:00+00:00,0.008190619322984004,0.0006,0.0008,0.00076924,0.0007,79468.76,BTC-10SEP26,0.3946,-0.05071,7.50216,10.0,10.0,0.0002000000000000001,BTC,79463.1,773.11
2026-09-07T08:12:03.711653+00:00,BTC-25JUN27-55000-C,82444.32,BTC-25JUN27,call,55000.0,2027-06-25T08:00:00+00:00,0.7966916460170291,0.3595,0.363,0.36127957,0.36125,82444.32,BTC-25JUN27,0.4606,0.88288,144.72445,2.9,0.0,0.003500000000000003,BTC,79463.1,0.0
2026-09-07T08:12:03.711653+00:00,BTC-10SEP26-71000-C,79468.64,BTC-10SEP26,call,71000.0,2026-09-10T08:00:00+00:00,0.008190619322984004,0.1045,0.1095,0.10672925,0.107,79468.64,BTC-10SEP26,0.5465,0.98924,2.04269,0.0,0.0,0.0050000000000000044,BTC,79463.1,0.0
2026-09-07T08:12:03.711653+00:00,BTC-27NOV26-93000-P,80241.44,BTC-27NOV26,put,93000.0,2026-11-27T08:00:00+00:00,0.2217429807192879,0.1805,0.1895,0.1835633,0.185,80241.44,BTC-27NOV26,0.39649999999999996,-0.75734,118.18428,2.0,0.0,0.009000000000000008,BTC,79463.1,0.0
2026-09-07T08:12:03.711653+00:00,BTC-27NOV26-108000-P,80241.44,BTC-27NOV26,put,108000.0,2026-11-27T08:00:00+00:00,0.2217429807192879,0.348,0.3605,0.35351859,0.35425,80241.44,BTC-27NOV26,0.43200000000000005,-0.91298,59.84521,0.0,0.0,0.012500000000000011,BTC,79463.1,0.0
2026-09-07T08:12:03.711653+00:00,BTC-25DEC26-56000-C,80571.06,BTC-25DEC26,call,56000.0,2026-12-25T08:00:00+00:00,0.29840280275898673,0.309,0.316,0.31314403,0.3125,80571.06,BTC-25DEC26,0.4808,0.93517,55.70291,41.5,0.0,0.007000000000000006,BTC,79463.1,0.0
2026-09-07T08:12:03.711653+00:00,BTC-25SEP26-52000-P,79583.27,BTC-25SEP26,put,52000.0,2026-09-25T08:00:00+00:00,0.04925838112996552,0.0001,0.0003,0.00017441,0.0002,79583.27,BTC-25SEP26,0.7292000000000001,-0.00339,1.80432,1201.5,17.1,0.00019999999999999998,BTC,79463.1,401.69
2026-09-07T08:12:03.711653+00:00,BTC-26MAR27-86000-P,81484.95,BTC-26MAR27,put,86000.0,2027-03-26T08:00:00+00:00,0.547547224388008,0.15,0.1525,0.15110954,0.15125,81484.95,BTC-26MAR27,0.40149999999999997,-0.51339,240.44198,3.1,0.0,0.0025000000000000022,BTC,79464.49,0.0
2026-09-07T08:12:03.711653+00:00,BTC-18SEP26-80000-C,79533.65,BTC-18SEP26,call,80000.0,2026-09-18T08:00:00+00:00,0.030093425620040814,0.023,0.0235,0.02322484,0.02325,79533.65,BTC-18SEP26,0.3761,0.47615,54.95112,520.1,10.5,0.0005000000000000004,BTC,79464.49,19929.22
2026-09-07T08:12:03.711653+00:00,BTC-26MAR27-40000-P,81484.95,BTC-26MAR27,put,40000.0,2027-03-26T08:00:00+00:00,0.547547224388008,0.0044,0.005,0.00469034,0.0047,81484.95,BTC-26MAR27,0.5527000000000001,-0.02599,36.41258,1884.0,0.3,0.0005999999999999998,BTC,79464.49,111.19
2026-09-07T08:12:03.711653+00:00,BTC-26MAR27-120000-C,81484.95,BTC-26MAR27,call,120000.0,2027-03-26T08:00:00+00:00,0.547547224388008,0.02,0.0215,0.0207988,0.02075,81484.95,BTC-26MAR27,0.4301,0.14517,137.55497,791.1,0.1,0.0014999999999999979,BTC,79464.49,175.16
2026-09-07T08:12:03.711653+00:00,BTC-10SEP26-75000-C,79468.64,BTC-10SEP26,call,75000.0,2026-09-10T08:00:00+00:00,0.008190619322984004,0.053,0.06,0.05698165,0.0565,79468.64,BTC-10SEP26,0.3946,0.94934,7.49532,0.0,0.0,0.006999999999999999,BTC,79464.49,0.0
2026-09-07T08:12:03.711653+00:00,BTC-30OCT26-80000-C,79928.55,BTC-30OCT26,call,80000.0,2026-10-30T08:00:00+00:00,0.14508315867958907,0.0555,0.0565,0.0559956,0.056,79928.55,BTC-30OCT26,0.3715,0.52514,121.23204,1298.4,15.7,0.0010000000000000009,BTC,79463.1,73116.64
2026-09-07T08:12:03.711653+00:00,BTC-8SEP26-79500-C,79453.31,BTC-8SEP26,call,79500.0,2026-09-08T08:00:00+00:00,0.0027149177487198013,0.0055,0.0065,0.00591387,0.006,79453.31,BTC-8SEP26,0.301,0.48353,16.49894,14.5,5.3,0.001,BTC,79464.49,4775.11
2026-09-07T08:12:03.711653+00:00,BTC-25JUN27-140000-C,82445.87,BTC-25JUN27,call,140000.0,2027-06-25T08:00:00+00:00,0.7966916460170291,0.0225,0.024,0.02328333,0.02325,82445.87,BTC-25JUN27,0.4535,0.13441,159.31975,387.6,0.1,0.0015000000000000013,BTC,79464.49,191.13
2026-09-07T08:12:03.711653+00:00,BTC-27NOV26-67000-C,80241.44,BTC-27NOV26,call,67000.0,2026-11-27T08:00:00+00:00,0.2217429807192879,0.1815,0.184,0.18239437,0.18275,80241.44,BTC-27NOV26,0.4171,0.84497,90.06269,0.0,0.0,0.0025000000000000022,BTC,79464.49,0.0
2026-09-07T08:12:03.711653+00:00,BTC-30OCT26-96000-P,79928.55,BTC-30OCT26,put,96000.0,2026-10-30T08:00:00+00:00,0.14508315867958907,0.2075,0.216,0.21068895,0.21175,79928.55,BTC-30OCT26,0.40340000000000004,-0.86789,65.13442,0.1,0.0,0.008500000000000008,BTC,79464.49,0.0
2026-09-07T08:12:03.711653+00:00,BTC-11SEP26-77000-P,79474.43,BTC-11SEP26,put,77000.0,2026-09-11T08:00:00+00:00,0.010928470110116106,0.004,0.0042,0.00415266,0.0041,79474.43,BTC-11SEP26,0.3602,-0.19567,22.95577,550.9,3.2,0.00019999999999999966,BTC,79464.41,960.07
2026-09-07T08:12:03.711653+00:00,BTC-25SEP26-190000-C,79581.53,BTC-25SEP26,call,190000.0,2026-09-25T08:00:00+00:00,0.04925838112996552,,0.0001,1.03e-06,,79581.53,BTC-25SEP26,0.9386,2e-05,0.0176,762.1,0.0,,BTC,79464.49,0.0
2026-09-07T08:12:03.711653+00:00,BTC-26MAR27-56000-P,81484.95,BTC-26MAR27,put,56000.0,2027-03-26T08:00:00+00:00,0.547547224388008,0.018,0.0195,0.01888198,0.01875,81484.95,BTC-26MAR27,0.45799999999999996,-0.10108,106.66727,122.9,0.0,0.0015000000000000013,BTC,79464.41,0.0
2026-09-07T08:12:03.711653+00:00,BTC-11SEP26-84000-C,79474.43,BTC-11SEP26,call,84000.0,2026-09-11T08:00:00+00:00,0.010928470110116106,0.0016,0.0019,0.00180376,0.00175,79474.43,BTC-11SEP26,0.3968,0.09331,13.85874,1371.0,36.9,0.0002999999999999999,BTC,79464.41,8738.75
2026-09-07T08:12:03.711653+00:00,BTC-25JUN27-56000-C,82444.32,BTC-25JUN27,call,56000.0,2027-06-25T08:00:00+00:00,0.7966916460170291,0.3495,0.353,0.35129264,0.35125,82444.32,BTC-25JUN27,0.45740000000000003,0.87512,151.40938,3.0,0.0,0.003500000000000003,BTC,79464.41,0.0
2026-09-07T08:12:03.711653+00:00,BTC-25SEP26-64000-C,79583.08,BTC-25SEP26,call,64000.0,2026-09-25T08:00:00+00:00,0.04925838112996552,0.1955,0.1995,0.19678796,0.1975,79583.08,BTC-25SEP26,0.5054,0.97704,9.61134,663.4,0.0,0.0040000000000000036,BTC,79464.41,0.0
2026-09-07T08:12:03.711653+00:00,BTC-25JUN27-94000-C,82445.87,BTC-25JUN27,call,94000.0,2027-06-25T08:00:00+00:00,0.7966916460170291,0.0955,0.0975,0.09661695,0.0965,82445.87,BTC-25JUN27,0.41450000000000004,0.43256,289.41978,17.7,0.0,0.0020000000000000018,BTC,79464.41,0.0
2026-09-07T08:12:03.711653+00:00,BTC-25JUN27-200000-P,82444.32,BTC-25JUN27,put,200000.0,2027-06-25T08:00:00+00:00,0.7966916460170291,1.417,1.456,1.4333697,1.4365,82444.32,BTC-25JUN27,0.5155,-0.95502,69.73819,2.1,0.0,0.038999999999999924,BTC,79464.41,0.0
2026-09-07T08:12:03.711653+00:00,BTC-27NOV26-78000-C,80241.78,BTC-27NOV26,call,78000.0,2026-11-27T08:00:00+00:00,0.2217429807192879,0.0855,0.087,0.08635444,0.08625,80241.78,BTC-27NOV26,0.3865,0.59699,146.28551,34.9,0.0,0.0014999999999999875,BTC,79464.41,0.0
2026-09-07T08:12:03.711653+00:00,BTC-25SEP26-220000-P,79581.53,BTC-25SEP26,put,220000.0,2026-09-25T08:00:00+00:00,0.04925838112996552,1.756,1.7765,1.76446694,1.76625,79581.53,BTC-25SEP26,1.0735999999999999,-0.99998,0.01296,27.7,0.0,0.020499999999999963,BTC,79464.41,0.0
2026-09-07T08:12:03.711653+00:00,BTC-27NOV26-62000-P,80239.89,BTC-27NOV26,put,62000.0,2026-11-27T08:00:00+00:00,0.2217429807192879,0.0095,0.0105,0.00992103,0.01,80239.89,BTC-27NOV26,0.4482,-0.0924,62.57669,107.3,0.0,0.0010000000000000009,BTC,79464.41,0.0
2026-09-07T08:12:03.711653+00:00,BTC-25DEC26-50000-C,80571.06,BTC-25DEC26,call,50000.0,2026-12-25T08:00:00+00:00,0.29840280275898673,0.3805,0.3865,0.38442532,0.3835,80571.06,BTC-25DEC26,0.5381,0.96154,36.73829,260.7,0.0,0.006000000000000005,BTC,79464.43,0.0
2026-09-07T08:12:03.711653+00:00,BTC-18SEP26-82000-P,79533.65,BTC-18SEP26,put,82000.0,2026-09-18T08:00:00+00:00,0.030093425620040814,0.044,0.046,0.04520275,0.045,79533.65,BTC-18SEP26,0.3814,-0.66675,50.16884,26.8,0.0,0.0020000000000000018,BTC,79464.43,0.0
2026-09-07T08:12:03.711653+00:00,BTC-30OCT26-45000-P,79928.55,BTC-30OCT26,put,45000.0,2026-10-30T08:00:00+00:00,0.14508315867958907,0.0008,0.001,0.0008325,0.0009,79928.55,BTC-30OCT26,0.6729999999999999,-0.00894,7.36053,220.0,0.2,0.00019999999999999998,BTC,79464.41,14.34
2026-09-07T08:12:03.711653+00:00,BTC-30OCT26-69000-C,79928.55,BTC-30OCT26,call,69000.0,2026-10-30T08:00:00+00:00,0.14508315867958907,0.1455,0.1515,0.14932865,0.1485,79928.55,BTC-30OCT26,0.4003,0.85068,70.78042,685.1,0.0,0.006000000000000005,BTC,79464.43,0.0
2026-09-07T08:12:03.711653+00:00,BTC-8SEP26-86000-C,79453.31,BTC-8SEP26,call,86000.0,2026-09-08T08:00:00+00:00,0.0027149177487198013,,0.0001,3.3e-06,,79453.31,BTC-8SEP26,0.4623,0.00052,0.07571,77.1,0.0,,BTC,79464.43,0.0
2026-09-07T08:12:03.711653+00:00,BTC-25JUN27-84000-C,82445.87,BTC-25JUN27,call,84000.0,2027-06-25T08:00:00+00:00,0.7966916460170291,0.1375,0.14,0.13889095,0.13875,82445.87,BTC-25JUN27,0.4143,0.5533,291.00155,18.9,0.0,0.0025000000000000022,BTC,79464.43,0.0
2026-09-07T08:12:03.711653+00:00,BTC-25SEP26-40000-P,79583.08,BTC-25SEP26,put,40000.0,2026-09-25T08:00:00+00:00,0.04925838112996552,,0.0001,7.432e-05,,79583.08,BTC-25SEP26,1.0495999999999999,-0.00108,0.63769,2816.8,0.0,,BTC,79464.43,0.0
2026-09-07T08:12:03.711653+00:00,BTC-25SEP26-280000-P,79583.08,BTC-25SEP26,put,280000.0,2026-09-25T08:00:00+00:00,0.04925838112996552,2.507,2.534,2.51841213,2.5205,79583.08,BTC-25SEP26,1.2987,-0.99999,0.00958,0.0,0.0,0.02699999999999969,BTC,79464.43,0.0
2026-09-07T08:12:03.711653+00:00,BTC-30OCT26-69000-P,79928.55,BTC-30OCT26,put,69000.0,2026-10-30T08:00:00+00:00,0.14508315867958907,0.012,0.013,0.0126205,0.0125,79928.55,BTC-30OCT26,0.4003,-0.14932,70.78042,295.6,0.2,0.0009999999999999992,BTC,79464.43,195.08
2026-09-07T08:12:03.711653+00:00,BTC-9SEP26-85000-P,79463.71,BTC-9SEP26,put,85000.0,2026-09-09T08:00:00+00:00,0.005452768535851902,0.067,0.073,0.06993061,0.07,79463.71,BTC-9SEP26,0.4165,-0.98567,2.13689,0.0,0.0,0.0059999999999999915,BTC,79469.17,0.0
2026-09-07T08:12:03.711653+00:00,BTC-27NOV26-82000-P,80241.78,BTC-27NOV26,put,82000.0,2026-11-27T08:00:00+00:00,0.2217429807192879,0.084,0.085,0.08453113,0.0845,80241.78,BTC-27NOV26,0.3851,-0.51195,150.69508,26.0,0.0,0.0010000000000000009,BTC,79464.43,0.0
2026-09-07T08:12:03.711653+00:00,BTC-30OCT26-62000-P,79928.69,BTC-30OCT26,put,62000.0,2026-10-30T08:00:00+00:00,0.14508315867958907,0.0047,0.0055,0.00506255,0.0051,79928.69,BTC-30OCT26,0.46,-0.06232,37.36445,1201.1,8.3,0.0007999999999999995,BTC,79464.43,2999.16
2026-09-07T08:12:03.711653+00:00,BTC-18SEP26-81000-C,79535.31,BTC-18SEP26,call,81000.0,2026-09-18T08:00:00+00:00,0.030093425620040814,0.018,0.0185,0.01824091,0.01825,79535.31,BTC-18SEP26,0.3785,0.40248,53.40067,584.3,13.3,0.0005000000000000004,BTC,79469.17,20851.19
2026-09-07T08:12:03.711653+00:00,BTC-8SEP26-75000-C,79453.31,BTC-8SEP26,call,75000.0,2026-09-08T08:00:00+00:00,0.0027149177487198013,0.0525,0.059,0.0560458,0.05575,79453.31,BTC-8SEP26,0.49369999999999997,0.98776,1.31495,0.0,0.0,0.006499999999999999,BTC,79469.17,0.0
2026-09-07T08:12:03.711653+00:00,BTC-25JUN27-88000-P,82444.32,BTC-25JUN27,put,88000.0,2027-06-25T08:00:00+00:00,0.7966916460170291,0.1865,0.1895,0.18752758,0.188,82444.32,BTC-25JUN27,0.41359999999999997,-0.49693,293.61738,4.7,0.0,0.0030000000000000027,BTC,79469.17,0.0
2026-09-07T08:12:03.711653+00:00,BTC-30OCT26-40000-C,79928.55,BTC-30OCT26,call,40000.0,2026-10-30T08:00:00+00:00,0.14508315867958907,0.498,0.501,0.49998512,0.4995,79928.55,BTC-30OCT26,0.7378,0.99538,4.10401,0.1,0.0,0.0030000000000000027,BTC,79469.17,0.0
2026-09-07T08:12:03.711653+00:00,BTC-30OCT26-86000-P,79928.69,BTC-30OCT26,put,86000.0,2026-10-30T08:00:00+00:00,0.14508315867958907,0.104,0.1065,0.10513466,0.10525,79928.69,BTC-30OCT26,0.37829999999999997,-0.66886,110.43142,98.5,0.0,0.0025000000000000022,BTC,79469.17,0.0
2026-09-07T08:12:03.711653+00:00,BTC-10SEP26-83000-C,79468.64,BTC-10SEP26,call,83000.0,2026-09-10T08:00:00+00:00,0.008190619322984004,0.0015,0.0018,0.00168176,0.00165,79468.64,BTC-10SEP26,0.3774,0.10353,12.94581,0.2,0.2,0.0002999999999999999,BTC,79469.17,35.07
2026-09-07T08:12:03.711653+00:00,BTC-26MAR27-82000-P,81484.95,BTC-26MAR27,put,82000.0,2027-03-26T08:00:00+00:00,0.547547224388008,0.121,0.123,0.12160237,0.122,81484.95,BTC-26MAR27,0.40090000000000003,-0.44959,238.67182,6.9,0.0,0.0020000000000000018,BTC,79470.02,0.0
2026-09-07T08:12:03.711653+00:00,BTC-25DEC26-64000-C,80571.06,BTC-25DEC26,call,64000.0,2026-12-25T08:00:00+00:00,0.29840280275898673,0.2195,0.2265,0.22364836,0.223,80571.06,BTC-25DEC26,0.4301,0.86366,96.23029,405.0,0.0,0.007000000000000006,BTC,79470.02,0.0
2026-09-07T08:12:03.711653+00:00,BTC-26MAR27-95000-P,81483.4,BTC-26MAR27,put,95000.0,2027-03-26T08:00:00+00:00,0.547547224388008,0.223,0.2355,0.22819725,0.22925,81483.4,BTC-26MAR27,0.40409999999999996,-0.64207,225.17025,0.4,0.0,0.012499999999999983,BTC,79470.02,0.0
2026-09-07T08:12:03.711653+00:00,BTC-25DEC26-95000-C,80571.06,BTC-25DEC26,call,95000.0,2026-12-25T08:00:00+00:00,0.29840280275898673,0.0295,0.0305,0.03009515,0.03,80571.06,BTC-25DEC26,0.396,0.25666,141.83981,1480.9,0.0,0.0010000000000000009,BTC,79470.02,0.0
2026-09-07T08:12:03.711653+00:00,BTC-11SEP26-82000-C,79474.43,BTC-11SEP26,call,82000.0,2026-09-11T08:00:00+00:00,0.010928470110116106,0.0044,0.0048,0.00471885,0.0046,79474.43,BTC-11SEP26,0.3721,0.21425,24.22961,1847.1,22.5,0.0003999999999999993,BTC,79470.02,9975.97
2026-09-07T08:12:03.711653+00:00,BTC-27NOV26-105000-C,80239.89,BTC-27NOV26,call,105000.0,2026-11-27T08:00:00+00:00,0.2217429807192879,0.009,0.01,0.00949921,0.0095,80239.89,BTC-27NOV26,0.4254,0.107,69.66474,18.3,15.6,0.0010000000000000009,BTC,79470.02,13793.31
2026-09-07T08:12:03.711653+00:00,BTC-25SEP26-95000-C,79583.08,BTC-25SEP26,call,95000.0,2026-09-25T08:00:00+00:00,0.04925838112996552,0.0015,0.0019,0.00171858,0.0017,79583.08,BTC-25SEP26,0.4525,0.04325,16.21939,5581.2,0.3,0.00039999999999999996,BTC,79470.02,54.55
2026-09-07T08:12:03.711653+00:00,BTC-27NOV26-94000-C,80239.89,BTC-27NOV26,call,94000.0,2026-11-27T08:00:00+00:00,0.2217429807192879,0.022,0.023,0.02254682,0.0225,80239.89,BTC-27NOV26,0.39840000000000003,0.22657,113.79145,48.9,0.6,0.0010000000000000009,BTC,79470.02,1091.04
2026-09-07T08:12:03.711653+00:00,BTC-11SEP26-74000-P,79474.43,BTC-11SEP26,put,74000.0,2026-09-11T08:00:00+00:00,0.010928470110116106,0.0008,0.0011,0.00095554,0.00095,79474.43,BTC-11SEP26,0.4225,-0.05083,8.68307,934.5,130.5,0.00030000000000000003,BTC,79470.02,12568.99
2026-09-07T08:12:03.711653+00:00,BTC-25SEP26-35000-C,79583.08,BTC-25SEP26,call,35000.0,2026-09-25T08:00:00+00:00,0.04925838112996552,0.5585,0.561,0.56021189,0.55975,79583.08,BTC-25SEP26,1.0855,0.99979,0.13943,29.3,0.0,0.0025000000000000577,BTC,79470.02,0.0
2026-09-07T08:12:03.711653+00:00,BTC-10SEP26-71000-P,79468.64,BTC-10SEP26,put,71000.0,2026-09-10T08:00:00+00:00,0.008190619322984004,0.0001,0.0003,0.000183,0.0002,79468.64,BTC-10SEP26,0.5465,-0.0107,2.03359,0.2,0.2,0.00019999999999999998,BTC,79470.02,3.99
2026-09-07T08:12:03.711653+00:00,BTC-25DEC26-240000-P,80571.06,BTC-25DEC26,put,240000.0,2026-12-25T08:00:00+00:00,0.29840280275898673,1.967,1.998,1.97940017,1.9825,80571.06,BTC-25DEC26,0.6831999999999999,-0.9969,4.14719,0.0,0.0,0.030999999999999917,BTC,79470.02,0.0
2026-09-07T08:12:03.711653+00:00,BTC-18SEP26-88000-P,79533.65,BTC-18SEP26,put,88000.0,2026-09-18T08:00:00+00:00,0.030093425620040814,0.1065,0.1135,0.10938723,0.11,79533.65,BTC-18SEP26,0.4174,-0.91345,21.76603,0.0,0.0,0.007000000000000006,BTC,79470.02,0.0
2026-09-07T08:12:03.711653+00:00,BTC-10SEP26-77000-C,79468.64,BTC-10SEP26,call,77000.0,2026-09-10T08:00:00+00:00,0.008190619322984004,0.0305,0.036,0.03368287,0.03325,79468.64,BTC-10SEP26,0.3508,0.84405,17.20887,0.0,0.0,0.005499999999999998,BTC,79470.02,0.0
2026-09-07T08:12:03.711653+00:00,BTC-25JUN27-105000-C,82445.87,BTC-25JUN27,call,105000.0,2027-06-25T08:00:00+00:00,0.7966916460170291,0.0645,0.067,0.06561623,0.06575,82445.87,BTC-25JUN27,0.4199,0.32352,264.4231,152.5,0.0,0.0025000000000000022,BTC,79470.02,0.0
2026-09-07T08:12:03.711653+00:00,BTC-25DEC26-86000-P,80571.06,BTC-25DEC26,put,86000.0,2026-12-25T08:00:00+00:00,0.29840280275898673,0.1245,0.1255,0.12529349,0.125,80571.06,BTC-25DEC26,0.38880000000000003,-0.57977,172.10212,59.3,2.0,0.0010000000000000009,BTC,79470.02,19772.27
2026-09-07T08:12:03.711653+00:00,BTC-25SEP26-200000-C,79583.08,BTC-25SEP26,call,200000.0,2026-09-25T08:00:00+00:00,0.04925838112996552,,0.0001,8.9e-07,,79583.08,BTC-25SEP26,0.9823999999999999,2e-05,0.01472,1018.5,0.0,,BTC,79470.02,0.0
2026-09-07T08:12:03.711653+00:00,BTC-26MAR27-150000-P,81483.4,BTC-26MAR27,put,150000.0,2027-03-26T08:00:00+00:00,0.547547224388008,0.839,0.8625,0.84919035,0.85075,81483.4,BTC-26MAR27,0.4775,-0.93944,72.36672,0.6,0.0,0.023500000000000076,BTC,79469.77,0.0
2026-09-07T08:12:03.711653+00:00,BTC-9SEP26-89000-P,79463.71,BTC-9SEP26,put,89000.0,2026-09-09T08:00:00+00:00,0.005452768535851902,0.1175,0.1245,0.12017017,0.121,79463.71,BTC-9SEP26,0.5794,-0.99572,0.73885,0.0,0.0,0.007000000000000006,BTC,79469.77,0.0
2026-09-07T08:12:03.711653+00:00,BTC-27NOV26-84000-P,80239.89,BTC-27NOV26,put,84000.0,2026-11-27T08:00:00+00:00,0.2217429807192879,0.099,0.1,0.09991633,0.0995,80239.89,BTC-27NOV26,0.3861,-0.56416,148.81834,3.2,0.0,0.0010000000000000009,BTC,79470.02,0.0
2026-09-07T08:12:03.711653+00:00,BTC-8SEP26-72000-P,79453.31,BTC-8SEP26,put,72000.0,2026-09-08T08:00:00+00:00,0.0027149177487198013,,0.0001,6.37e-06,,79453.31,BTC-8SEP26,0.5972999999999999,-0.00074,0.106,10.8,5.4,,BTC,79469.77,46.0
2026-09-07T08:12:03.711653+00:00,BTC-25SEP26-45000-P,79583.08,BTC-25SEP26,put,45000.0,2026-09-25T08:00:00+00:00,0.04925838112996552,,0.0001,8.085e-05,,79583.08,BTC-25SEP26,0.8865999999999999,-0.00138,0.79661,2177.0,0.1,,BTC,79469.77,0.8
2026-09-07T08:12:03.711653+00:00,BTC-25DEC26-20000-C,80571.06,BTC-25DEC26,call,20000.0,2026-12-25T08:00:00+00:00,0.29840280275898673,0.751,0.753,0.75217104,0.752,80571.06,BTC-25DEC26,0.9937,0.99772,3.13855,4.2,0.0,0.0020000000000000018,BTC,79469.77,0.0
2026-09-07T08:12:03.711653+00:00,BTC-26MAR27-110000-C,81484.95,BTC-26MAR27,call,110000.0,2027-03-26T08:00:00+00:00,0.547547224388008,0.0305,0.032,0.03131512,0.03125,81484.95,BTC-26MAR27,0.41729999999999995,0.20685,172.26901,1157.6,0.0,0.0015000000000000013,BTC,79469.77,0.0
2026-09-07T08:12:03.711653+00:00,BTC-25SEP26-145000-C,79581.53,BTC-25SEP26,call,145000.0,2026-09-25T08:00:00+00:00,0.04925838112996552,,0.0001,1.496e-05,,79581.53,BTC-25SEP26,0.7775,0.00035,0.22516,490.3,0.0,,BTC,79469.77,0.0
2026-09-07T08:12:03.711653+00:00,BTC-26MAR27-125000-C,81484.95,BTC-26MAR27,call,125000.0,2027-03-26T08:00:00+00:00,0.547547224388008,0.0165,0.018,0.01727346,0.01725,81484.95,BTC-26MAR27,0.4375,0.12303,122.77516,302.6,0.2,0.0014999999999999979,BTC,79469.77,295.0
2026-09-07T08:12:03.711653+00:00,BTC-11SEP26-83000-C,79474.43,BTC-11SEP26,call,83000.0,2026-09-11T08:00:00+00:00,0.010928470110116106,0.0026,0.003,0.00292172,0.0028,79474.43,BTC-11SEP26,0.3839,0.14234,18.70399,432.7,74.1,0.0004000000000000002,BTC,79469.06,20993.37
2026-09-07T08:12:03.711653+00:00,BTC-25DEC26-150000-P,80569.51,BTC-25DEC26,put,150000.0,2026-12-25T08:00:00+00:00,0.29840280275898673,0.857,0.875,0.86396292,0.866,80569.51,BTC-25DEC26,0.5232,-0.97891,22.29595,4.4,0.0,0.018000000000000016,BTC,79469.06,0.0
2026-09-07T08:12:03.711653+00:00,BTC-25JUN27-120000-P,82444.32,BTC-25JUN27,put,120000.0,2027-06-25T08:00:00+00:00,0.7966916460170291,0.487,0.5075,0.49635577,0.49725,82444.32,BTC-25JUN27,0.4335,-0.78127,217.22076,0.1,0.0,0.020499999999999963,BTC,79469.77,0.0
2026-09-07T08:12:03.711653+00:00,BTC-30OCT26-87000-P,79926.62,BTC-30OCT26,put,87000.0,2026-10-30T08:00:00+00:00,0.14508315867958907,0.112,0.1195,0.11462624,0.11575,79926.62,BTC-30OCT26,0.38060000000000005,-0.69597,106.51506,29.0,0.0,0.007499999999999993,BTC,79469.77,0.0
2026-09-07T08:12:03.711653+00:00,BTC-30OCT26-63000-P,79928.55,BTC-30OCT26,put,63000.0,2026-10-30T08:00:00+00:00,0.14508315867958907,0.005,0.006,0.00558422,0.0055,79928.55,BTC-30OCT26,0.4474,-0.06926,40.55389,515.0,12.5,0.001,BTC,79469.77,5194.87
2026-09-07T08:12:03.711653+00:00,BTC-25SEP26-160000-C,79583.08,BTC-25SEP26,call,160000.0,2026-09-25T08:00:00+00:00,0.04925838112996552,,0.0001,3.65e-06,,79583.08,BTC-25SEP26,0.8188,9e-05,0.06185,1498.4,0.0,,BTC,79469.06,0.0
2026-09-07T08:12:03.711653+00:00,BTC-11SEP26-60000-P,79472.75,BTC-11SEP26,put,60000.0,2026-09-11T08:00:00+00:00,0.010928470110116106,,0.0001,3.01e-06,,79472.75,BTC-11SEP26,0.7525,-0.00015,0.04906,98.1,0.0,,BTC,79469.06,0.0
2026-09-07T08:12:03.711653+00:00,BTC-9SEP26-72000-C,79463.71,BTC-9SEP26,call,72000.0,2026-09-09T08:00:00+00:00,0.005452768535851902,0.0905,0.0965,0.09399813,0.0935,79463.71,BTC-9SEP26,0.584,0.98945,1.63917,0.0,0.0,0.006000000000000005,BTC,79469.06,0.0
2026-09-07T08:12:03.711653+00:00,BTC-25JUN27-64000-P,82445.87,BTC-25JUN27,put,64000.0,2027-06-25T08:00:00+00:00,0.7966916460170291,0.0515,0.054,0.05285367,0.05275,82445.87,BTC-25JUN27,0.4365,-0.19923,205.59032,62.4,0.0,0.0025000000000000022,BTC,79469.06,0.0
2026-09-07T08:12:03.711653+00:00,BTC-8SEP26-76000-C,79453.31,BTC-8SEP26,call,76000.0,2026-09-08T08:00:00+00:00,0.0027149177487198013,0.04,0.0465,0.04351079,0.04325,79453.31,BTC-8SEP26,0.41700000000000004,0.97987,2.01506,0.0,0.0,0.006499999999999999,BTC,79469.06,0.0
2026-09-07T08:12:03.711653+00:00,BTC-25JUN27-95000-C,82444.32,BTC-25JUN27,call,95000.0,2027-06-25T08:00:00+00:00,0.7966916460170291,0.092,0.0945,0.09325041,0.09325,82444.32,BTC-25JUN27,0.41490000000000005,0.42166,287.9667,56.9,0.0,0.0025000000000000022,BTC,79469.06,0.0
2026-09-07T08:12:03.711653+00:00,BTC-25JUN27-65000-C,82444.32,BTC-25JUN27,call,65000.0,2027-06-25T08:00:00+00:00,0.7966916460170291,0.2665,0.2695,0.2678624,0.268,82444.32,BTC-25JUN27,0.43450000000000005,0.79005,212.10434,1.6,0.0,0.0030000000000000027,BTC,79469.06,0.0
2026-09-07T08:12:03.711653+00:00,BTC-25DEC26-98000-C,80569.51,BTC-25DEC26,call,98000.0,2026-12-25T08:00:00+00:00,0.29840280275898673,0.024,0.025,0.02441758,0.0245,80569.51,BTC-25DEC26,0.40090000000000003,0.21623,129.05555,342.1,0.0,0.0010000000000000009,BTC,79468.98,0.0
2026-09-07T08:12:03.711653+00:00,BTC-30OCT26-79000-P,79928.55,BTC-30OCT26,put,79000.0,2026-10-30T08:00:00+00:00,0.14508315867958907,0.05,0.051,0.05051623,0.0505,79928.55,BTC-30OCT26,0.37170000000000003,-0.43939,120.07866,485.4,15.0,0.000999999999999994,BTC,79469.06,59640.5
2026-09-07T08:12:03.711653+00:00,BTC-30OCT26-98000-C,79928.55,BTC-30OCT26,call,98000.0,2026-10-30T08:00:00+00:00,0.14508315867958907,0.0075,0.0085,0.00800846,0.008,79928.55,BTC-30OCT26,0.4132,0.11186,57.9511,282.3,0.1,0.0010000000000000009,BTC,79468.98,76.4
2026-09-07T08:12:03.711653+00:00,BTC-25DEC26-108000-P,80569.51,BTC-25DEC26,put,108000.0,2026-12-25T08:00:00+00:00,0.29840280275898673,0.349,0.3605,0.35314104,0.35475,80569.51,BTC-25DEC26,0.4192,-0.87804,89.06985,0.1,0.0,0.01150000000000001,BTC,79468.98,0.0
2026-09-07T08:12:03.711653+00:00,BTC-25JUN27-74000-P,82445.87,BTC-25JUN27,put,74000.0,2027-06-25T08:00:00+00:00,0.7966916460170291,0.095,0.0975,0.09617917,0.09625,82445.87,BTC-25JUN27,0.4215,-0.31739,262.3154,12.2,0.1,0.0025000000000000022,BTC,79468.98,774.9
2026-09-07T08:12:03.711653+00:00,BTC-27NOV26-66000-C,80239.89,BTC-27NOV26,call,66000.0,2026-11-27T08:00:00+00:00,0.2217429807192879,0.189,0.1955,0.1928736,0.19225,80239.89,BTC-27NOV26,0.4214,0.8605,83.91182,0.0,0.0,0.006500000000000006,BTC,79468.98,0.0
2026-09-07T08:12:03.711653+00:00,BTC-25SEP26-86000-C,79581.53,BTC-25SEP26,call,86000.0,2026-09-25T08:00:00+00:00,0.04925838112996552,0.0085,0.0095,0.00907687,0.009,79581.53,BTC-25SEP26,0.3896,0.19617,48.88405,1893.9,138.0,0.0009999999999999992,BTC,79468.98,110213.92
2026-09-07T08:12:03.711653+00:00,BTC-8SEP26-87000-C,79453.31,BTC-8SEP26,call,87000.0,2026-09-08T08:00:00+00:00,0.0027149177487198013,,0.0001,1.11e-06,,79453.31,BTC-8SEP26,0.4863,0.00018,0.028,8.0,0.0,,BTC,79469.15,0.0
2026-09-07T08:12:03.711653+00:00,BTC-25DEC26-115000-C,80571.06,BTC-25DEC26,call,115000.0,2026-12-25T08:00:00+00:00,0.29840280275898673,0.008,0.009,0.00852341,0.0085,80571.06,BTC-25DEC26,0.43729999999999997,0.0853,68.68045,2332.4,0.2,0.0009999999999999992,BTC,79469.15,143.61
2026-09-07T08:12:03.711653+00:00,BTC-26MAR27-140000-P,81484.95,BTC-26MAR27,put,140000.0,2027-03-26T08:00:00+00:00,0.547547224388008,0.72,0.7405,0.72887069,0.73025,81484.95,BTC-26MAR27,0.4603,-0.92203,87.9281,1.9,0.2,0.020500000000000074,BTC,79469.15,11610.56
2026-09-07T08:12:03.711653+00:00,BTC-25DEC26-80000-P,80571.7,BTC-25DEC26,put,80000.0,2026-12-25T08:00:00+00:00,0.29840280275898673,0.0805,0.0815,0.08147194,0.081,80571.7,BTC-25DEC26,0.39189999999999997,-0.44446,173.91781,1262.9,0.0,0.0010000000000000009,BTC,79469.15,0.0
2026-09-07T08:12:03.711653+00:00,BTC-25SEP26-56000-P,79583.08,BTC-25SEP26,put,56000.0,2026-09-25T08:00:00+00:00,0.04925838112996552,0.0002,0.0004,0.00028224,0.0003,79583.08,BTC-25SEP26,0.6465000000000001,-0.0059,2.95898,1689.0,25.0,0.0002,BTC,79469.15,798.33
2026-09-07T08:12:03.711653+00:00,BTC-11SEP26-69000-P,79474.43,BTC-11SEP26,put,69000.0,2026-09-11T08:00:00+00:00,0.010928470110116106,0.0001,0.0003,0.00018859,0.0002,79474.43,BTC-11SEP26,0.5797,-0.00903,2.02541,616.1,8.6,0.00019999999999999998,BTC,79469.15,137.27
2026-09-07T08:12:03.711653+00:00,BTC-26MAR27-70000-P,81484.95,BTC-26MAR27,put,70000.0,2027-03-26T08:00:00+00:00,0.547547224388008,0.0555,0.0575,0.05642442,0.0565,81484.95,BTC-26MAR27,0.41479999999999995,-0.25856,195.05625,772.8,0.0,0.0020000000000000018,BTC,79469.15,0.0
2026-09-07T08:12:03.711653+00:00,BTC-25JUN27-86000-C,82444.32,BTC-25JUN27,call,86000.0,2027-06-25T08:00:00+00:00,0.7966916460170291,0.128,0.1305,0.12906994,0.12925,82444.32,BTC-25JUN27,0.41369999999999996,0.52796,292.92194,26.8,0.0,0.0025000000000000022,BTC,79469.15,0.0
2026-09-07T08:12:03.711653+00:00,BTC-8SEP26-70000-C,79453.31,BTC-8SEP26,call,70000.0,2026-09-08T08:00:00+00:00,0.0027149177487198013,0.1155,0.1215,0.11887384,0.1185,79453.31,BTC-8SEP26,0.6307,0.99995,0.00931,0.0,0.0,0.0059999999999999915,BTC,79469.15,0.0
2026-09-07T08:12:03.711653+00:00,BTC-27NOV26-100000-C,80241.56,BTC-27NOV26,call,100000.0,2026-11-27T08:00:00+00:00,0.2217429807192879,0.013,0.014,0.01360028,0.0135,80241.56,BTC-27NOV26,0.40979999999999994,0.14802,87.3366,101.2,5.0,0.0010000000000000009,BTC,79469.15,5970.28
2026-09-07T08:12:03.711653+00:00,BTC-26MAR27-64000-C,81484.95,BTC-26MAR27,call,64000.0,2027-03-26T08:00:00+00:00,0.547547224388008,0.245,0.2545,0.25055848,0.24975,81484.95,BTC-26MAR27,0.4294,0.82082,157.7952,137.8,0.0,0.009500000000000008,BTC,79468.9,0.0
2026-09-07T08:12:03.711653+00:00,BTC-25DEC26-82000-P,80571.7,BTC-25DEC26,put,82000.0,2026-12-25T08:00:00+00:00,0.29840280275898673,0.094,0.095,0.09464243,0.0945,80571.7,BTC-25DEC26,0.38939999999999997,-0.49078,175.57536,254.7,0.0,0.0010000000000000009,BTC,79468.9,0.0
2026-09-07T08:12:03.711653+00:00,BTC-9SEP26-82000-P,79463.71,BTC-9SEP26,put,82000.0,2026-09-09T08:00:00+00:00,0.005452768535851902,0.032,0.037,0.03351877,0.0345,79463.71,BTC-9SEP26,0.35600000000000004,-0.88303,11.52843,2.0,2.0,0.0049999999999999975,BTC,79468.9,5552.27
2026-09-07T08:12:03.711653+00:00,BTC-25DEC26-90000-P,80569.51,BTC-25DEC26,put,90000.0,2026-12-25T08:00:00+00:00,0.29840280275898673,0.157,0.166,0.16032413,0.1615,80569.51,BTC-25DEC26,0.39049999999999996,-0.66006,161.2899,654.8,0.0,0.009000000000000008,BTC,79468.9,0.0
2026-09-07T08:12:03.711653+00:00,BTC-26MAR27-50000-C,81484.95,BTC-26MAR27,call,50000.0,2027-03-26T08:00:00+00:00,0.547547224388008,0.3935,0.401,0.39762713,0.39725,81484.95,BTC-26MAR27,0.48710000000000003,0.93757,74.10783,21.6,0.0,0.007500000000000007,BTC,79468.9,0.0
2026-09-07T08:12:03.711653+00:00,BTC-10SEP26-74000-C,79468.64,BTC-10SEP26,call,74000.0,2026-09-10T08:00:00+00:00,0.008190619322984004,0.0655,0.072,0.06930602,0.06875,79468.64,BTC-10SEP26,0.43229999999999996,0.96789,5.17772,0.0,0.0,0.006499999999999992,BTC,79468.9,0.0
2026-09-07T08:12:03.711653+00:00,BTC-30OCT26-74000-P,79928.55,BTC-30OCT26,put,74000.0,2026-10-30T08:00:00+00:00,0.14508315867958907,0.0255,0.0265,0.02600874,0.026,79928.55,BTC-30OCT26,0.3788,-0.27246,101.14147,240.2,1.1,0.0010000000000000009,BTC,79468.9,2193.28
2026-09-07T08:12:03.711653+00:00,BTC-25JUN27-140000-P,82445.87,BTC-25JUN27,put,140000.0,2027-06-25T08:00:00+00:00,0.7966916460170291,0.7105,0.7355,0.72155648,0.723,82445.87,BTC-25JUN27,0.4535,-0.86556,159.35178,0.5,0.0,0.025000000000000022,BTC,79468.9,0.0
2026-09-07T08:12:03.711653+00:00,BTC-25DEC26-180000-P,80569.51,BTC-25DEC26,put,180000.0,2026-12-25T08:00:00+00:00,0.29840280275898673,1.2265,1.2485,1.23523671,1.2375,80569.51,BTC-25DEC26,0.5864,-0.99062,11.09238,0.1,0.0,0.02200000000000002,BTC,79469.23,0.0
2026-09-07T08:12:03.711653+00:00,BTC-25SEP26-83000-C,79583.08,BTC-25SEP26,call,83000.0,2026-09-25T08:00:00+00:00,0.04925838112996552,0.016,0.017,0.01670719,0.0165,79583.08,BTC-25SEP26,0.3754,0.321,63.25732,1217.0,3.9,0.0010000000000000009,BTC,79468.9,5328.29
2026-09-07T08:12:03.711653+00:00,BTC-9SEP26-89000-C,79463.71,BTC-9SEP26,call,89000.0,2026-09-09T08:00:00+00:00,0.005452768535851902,,0.0001,5.647e-05,,79463.71,BTC-9SEP26,0.5794,0.00428,0.73824,40.7,32.7,,BTC,79469.23,522.59
2026-09-07T08:12:03.711653+00:00,BTC-27NOV26-110000-P,80239.89,BTC-27NOV26,put,110000.0,2026-11-27T08:00:00+00:00,0.2217429807192879,0.372,0.3845,0.37743368,0.37825,80239.89,BTC-27NOV26,0.4371,-0.92366,54.2247,0.0,0.0,0.012500000000000011,BTC,79468.9,0.0
2026-09-07T08:12:03.711653+00:00,BTC-8SEP26-80500-P,79453.31,BTC-8SEP26,put,80500.0,2026-09-08T08:00:00+00:00,0.0027149177487198013,0.013,0.0185,0.01530613,0.01575,79453.31,BTC-8SEP26,0.3176,-0.7853,12.08553,1.9,0.5,0.0055,BTC,79469.23,321.72
2026-09-07T08:12:03.711653+00:00,BTC-25JUN27-76000-C,82445.87,BTC-25JUN27,call,76000.0,2027-06-25T08:00:00+00:00,0.7966916460170291,0.1835,0.1865,0.1851309,0.185,82445.87,BTC-25JUN27,0.4194,0.65701,270.59766,22.4,0.1,0.0030000000000000027,BTC,79469.23,1509.82
2026-09-07T08:12:03.711653+00:00,BTC-25DEC26-35000-P,80571.7,BTC-25DEC26,put,35000.0,2026-12-25T08:00:00+00:00,0.29840280275898673,0.0013,0.0018,0.00152933,0.00155,80571.7,BTC-25DEC26,0.7175,-0.01011,11.84832,2387.8,0.3,0.0005,BTC,79469.23,34.26
2026-09-07T08:12:03.711653+00:00,BTC-25SEP26-150000-P,79583.08,BTC-25SEP26,put,150000.0,2026-09-25T08:00:00+00:00,0.04925838112996552,0.8795,0.8925,0.88487663,0.886,79583.08,BTC-25SEP26,0.8114,-0.9997,0.19693,4.5,0.0,0.013000000000000012,BTC,79469.23,0.0
2026-09-07T08:12:03.711653+00:00,BTC-11SEP26-83000-P,79472.75,BTC-11SEP26,put,83000.0,2026-09-11T08:00:00+00:00,0.010928470110116106,0.045,0.051,0.04739086,0.048,79472.75,BTC-11SEP26,0.384,-0.85784,18.68715,13.9,0.0,0.005999999999999998,BTC,79469.23,0.0
2026-09-07T08:12:03.711653+00:00,BTC-9SEP26-81500-P,79463.71,BTC-9SEP26,put,81500.0,2026-09-09T08:00:00+00:00,0.005452768535851902,0.0255,0.0315,0.02796136,0.0285,79463.71,BTC-9SEP26,0.34909999999999997,-0.83568,14.52812,0.0,0.0,0.006000000000000002,BTC,79469.23,0.0
2026-09-07T08:12:03.711653+00:00,BTC-30OCT26-61000-C,79928.55,BTC-30OCT26,call,61000.0,2026-10-30T08:00:00+00:00,0.14508315867958907,0.2375,0.2435,0.24117859,0.2405,79928.55,BTC-30OCT26,0.46759999999999996,0.94577,33.49693,7.7,0.0,0.006000000000000005,BTC,79469.23,0.0
2026-09-07T08:12:03.711653+00:00,BTC-26MAR27-50000-P,81484.95,BTC-26MAR27,put,50000.0,2027-03-26T08:00:00+00:00,0.547547224388008,0.0105,0.012,0.01131713,0.01125,81484.95,BTC-26MAR27,0.48710000000000003,-0.06243,74.10618,2458.7,1.1,0.0014999999999999996,BTC,79469.23,974.11
2026-09-07T08:12:03.711653+00:00,BTC-30OCT26-92000-P,79928.55,BTC-30OCT26,put,92000.0,2026-10-30T08:00:00+00:00,0.14508315867958907,0.162,0.171,0.16609303,0.1665,79928.55,BTC-30OCT26,0.3936,-0.80613,83.66078,0.1,0.0,0.009000000000000008,BTC,79469.23,0.0
2026-09-07T08:12:03.711653+00:00,BTC-18SEP26-77000-P,79535.47,BTC-18SEP26,put,77000.0,2026-09-18T08:00:00+00:00,0.030093425620040814,0.0125,0.013,0.01275145,0.01275,79535.47,BTC-18SEP26,0.3757,-0.2987,47.88728,462.9,20.9,0.0004999999999999987,BTC,79469.23,19966.22
2026-09-07T08:12:03.711653+00:00,BTC-26MAR27-190000-C,81484.95,BTC-26MAR27,call,190000.0,2027-03-26T08:00:00+00:00,0.547547224388008,0.0035,0.0038,0.00369326,0.00365,81484.95,BTC-26MAR27,0.54,0.0275,38.1649,627.2,2.2,0.0002999999999999999,BTC,79469.23,646.88
2026-09-07T08:12:03.711653+00:00,BTC-9SEP26-79000-C,79465.37,BTC-9SEP26,call,79000.0,2026-09-09T08:00:00+00:00,0.005452768535851902,0.012,0.0135,0.01300667,0.01275,79465.37,BTC-9SEP26,0.3336,0.5975,22.70827,0.1,0.1,0.0014999999999999996,BTC,79469.23,95.2
2026-09-07T08:12:03.711653+00:00,BTC-25DEC26-110000-C,80571.06,BTC-25DEC26,call,110000.0,2026-12-25T08:00:00+00:00,0.29840280275898673,0.011,0.0115,0.01123445,0.01125,80571.06,BTC-25DEC26,0.42469999999999997,0.11012,82.84139,2753.1,0.1,0.0005000000000000004,BTC,79469.23,95.74
2026-09-07T08:12:03.711653+00:00,BTC-8SEP26-77500-C,79453.31,BTC-8SEP26,call,77500.0,2026-09-08T08:00:00+00:00,0.0027149177487198013,0.022,0.0275,0.02511667,0.02475,79453.31,BTC-8SEP26,0.3406,0.92056,6.1217,0.0,0.0,0.005500000000000001,BTC,79469.23,0.0
2026-09-07T08:12:03.711653+00:00,BTC-25JUN27-190000-P,82445.87,BTC-25JUN27,put,190000.0,2027-06-25T08:00:00+00:00,0.7966916460170291,1.2975,1.3345,1.31331397,1.316,82445.87,BTC-25JUN27,0.5062,-0.94756,78.84733,0.5,0.0,0.03699999999999992,BTC,79469.23,0.0
2026-09-07T08:12:03.711653+00:00,BTC-25SEP26-88000-P,79581.53,BTC-25SEP26,put,88000.0,2026-09-25T08:00:00+00:00,0.04925838112996552,0.1085,0.116,0.11181033,0.11225,79581.53,BTC-25SEP26,0.4004,-0.8618,38.97594,5.8,0.0,0.007500000000000007,BTC,79469.23,0.0
2026-09-07T08:12:03.711653+00:00,BTC-8SEP26-77000-P,79454.95,BTC-8SEP26,put,77000.0,2026-09-08T08:00:00+00:00,0.0027149177487198013,0.0003,0.0004,0.00036416,0.00035,79454.95,BTC-8SEP26,0.3604,-0.04636,4.0191,30.5,17.0,0.00010000000000000005,BTC,79468.9,774.73
2026-09-07T08:12:03.711653+00:00,BTC-25JUN27-102000-P,82444.32,BTC-25JUN27,put,102000.0,2027-06-25T08:00:00+00:00,0.7966916460170291,0.3025,0.3195,0.31013827,0.311,82444.32,BTC-25JUN27,0.4182,-0.64939,272.80767,0.0,0.0,0.017000000000000015,BTC,79468.9,0.0
2026-09-07T08:12:03.711653+00:00,BTC-26MAR27-76000-P,81484.95,BTC-26MAR27,put,76000.0,2027-03-26T08:00:00+00:00,0.547547224388008,0.084,0.0855,0.08478431,0.08475,81484.95,BTC-26MAR27,0.4056,-0.35133,223.68677,229.2,6.0,0.0015000000000000013,BTC,79468.9,40352.42
2026-09-07T08:12:03.711653+00:00,BTC-30OCT26-98000-P,79928.55,BTC-30OCT26,put,98000.0,2026-10-30T08:00:00+00:00,0.14508315867958907,0.2295,0.2395,0.23413312,0.2345,79928.55,BTC-30OCT26,0.4132,-0.88814,57.95005,0.0,0.0,0.009999999999999981,BTC,79468.9,0.0
2026-09-07T08:12:03.711653+00:00,BTC-25SEP26-76000-C,79581.53,BTC-25SEP26,call,76000.0,2026-09-25T08:00:00+00:00,0.04925838112996552,0.0585,0.0605,0.0594917,0.0595,79581.53,BTC-25SEP26,0.3709,0.72537,58.90746,2855.7,13.6,0.001999999999999995,BTC,79468.9,66889.16
2026-09-07T08:12:03.711653+00:00,BTC-30OCT26-64000-C,79926.62,BTC-30OCT26,call,64000.0,2026-10-30T08:00:00+00:00,0.14508315867958907,0.202,0.2085,0.20570325,0.20525,79926.62,BTC-30OCT26,0.4397,0.92063,45.00288,416.8,0.0,0.006499999999999978,BTC,79468.9,0.0
2026-09-07T08:12:03.711653+00:00,BTC-25SEP26-110000-C,79583.08,BTC-25SEP26,call,110000.0,2026-09-25T08:00:00+00:00,0.04925838112996552,0.0002,0.0003,0.00026925,0.00025,79583.08,BTC-25SEP26,0.5751,0.00666,3.29595,1523.7,4.8,9.999999999999996e-05,BTC,79468.9,114.69
2026-09-07T08:12:03.711653+00:00,BTC-25DEC26-82000-C,80569.51,BTC-25DEC26,call,82000.0,2026-12-25T08:00:00+00:00,0.29840280275898673,0.076,0.0775,0.0768578,0.07675,80569.51,BTC-25DEC26,0.38939999999999997,0.50922,175.57532,1255.1,2.0,0.0015000000000000013,BTC,79468.9,12239.03
2026-09-07T08:12:03.711653+00:00,BTC-27NOV26-115000-P,80239.89,BTC-27NOV26,put,115000.0,2026-11-27T08:00:00+00:00,0.2217429807192879,0.4335,0.4455,0.43827303,0.4395,80239.89,BTC-27NOV26,0.45770000000000005,-0.94089,44.49638,0.0,0.0,0.01200000000000001,BTC,79468.9,0.0
2026-09-07T08:12:03.711653+00:00,BTC-18SEP26-72000-C,79533.65,BTC-18SEP26,call,72000.0,2026-09-18T08:00:00+00:00,0.030093425620040814,0.094,0.0995,0.09717606,0.09675,79533.65,BTC-18SEP26,0.41259999999999997,0.92296,19.93795,0.1,0.0,0.005500000000000005,BTC,79468.81,0.0
2026-09-07T08:12:03.711653+00:00,BTC-25JUN27-108000-P,82445.87,BTC-25JUN27,put,108000.0,2027-06-25T08:00:00+00:00,0.7966916460170291,0.3615,0.379,0.36944018,0.37025,82445.87,BTC-25JUN27,0.42219999999999996,-0.70129,255.42138,0.0,0.0,0.017500000000000016,BTC,79468.9,0.0
2026-09-07T08:12:03.711653+00:00,BTC-27NOV26-64000-C,80241.44,BTC-27NOV26,call,64000.0,2026-11-27T08:00:00+00:00,0.2217429807192879,0.211,0.2175,0.21479568,0.21425,80241.44,BTC-27NOV26,0.43479999999999996,0.88602,72.89236,0.0,0.0,0.006500000000000006,BTC,79468.9,0.0
2026-09-07T08:12:03.711653+00:00,BTC-25SEP26-55000-P,79583.08,BTC-25SEP26,put,55000.0,2026-09-25T08:00:00+00:00,0.04925838112996552,0.0001,0.0004,0.00024249,0.00025,79583.08,BTC-25SEP26,0.6646,-0.00494,2.52573,3073.7,0.1,0.00030000000000000003,BTC,79468.81,1.59
2026-09-07T08:12:03.711653+00:00,BTC-25DEC26-130000-P,80571.06,BTC-25DEC26,put,130000.0,2026-12-25T08:00:00+00:00,0.29840280275898673,0.612,0.6275,0.61783949,0.61975,80571.06,BTC-25DEC26,0.4746,-0.95688,40.31366,54.0,0.0,0.015499999999999958,BTC,79468.81,0.0
2026-09-07T08:12:03.711653+00:00,BTC-25DEC26-106000-C,80569.51,BTC-25DEC26,call,106000.0,2026-12-25T08:00:00+00:00,0.29840280275898673,0.014,0.015,0.01443577,0.0145,80569.51,BTC-25DEC26,0.4167,0.13758,96.82727,778.8,159.1,0.0009999999999999992,BTC,79468.81,195106.3
2026-09-07T08:12:03.711653+00:00,BTC-9SEP26-78500-C,79463.71,BTC-9SEP26,call,78500.0,2026-09-09T08:00:00+00:00,0.005452768535851902,0.016,0.018,0.01702577,0.017,79463.71,BTC-9SEP26,0.3367,0.69268,20.62439,0.0,0.0,0.0019999999999999983,BTC,79468.81,0.0
2026-09-07T08:12:03.711653+00:00,BTC-25DEC26-30000-C,80571.06,BTC-25DEC26,call,30000.0,2026-12-25T08:00:00+00:00,0.29840280275898673,0.6265,0.6295,0.62849645,0.628,80571.06,BTC-25DEC26,0.7793000000000001,0.99434,7.11282,300.6,0.0,0.0030000000000000027,BTC,79468.81,0.0
2026-09-07T08:12:03.711653+00:00,BTC-27NOV26-75000-P,80241.56,BTC-27NOV26,put,75000.0,2026-11-27T08:00:00+00:00,0.2217429807192879,0.0425,0.0435,0.04286184,0.043,80241.56,BTC-27NOV26,0.39,-0.32325,135.71818,282.1,0.0,0.000999999999999994,BTC,79468.81,0.0
2026-09-07T08:12:03.711653+00:00,BTC-25DEC26-180000-C,80571.06,BTC-25DEC26,call,180000.0,2026-12-25T08:00:00+00:00,0.29840280275898673,0.0008,0.0011,0.00092382,0.00095,80571.06,BTC-25DEC26,0.5864,0.00938,11.08981,934.5,0.5,0.00030000000000000003,BTC,79468.81,47.87
2026-09-07T08:12:03.711653+00:00,BTC-25SEP26-74000-P,79583.18,BTC-25SEP26,put,74000.0,2026-09-25T08:00:00+00:00,0.04925838112996552,0.008,0.009,0.00868804,0.0085,79583.18,BTC-25SEP26,0.379,-0.18259,46.77163,525.8,1.0,0.0009999999999999992,BTC,79468.81,677.6
2026-09-07T08:12:03.711653+00:00,BTC-25DEC26-106000-P,80569.51,BTC-25DEC26,put,106000.0,2026-12-25T08:00:00+00:00,0.29840280275898673,0.326,0.3375,0.33019781,0.33175,80569.51,BTC-25DEC26,0.4167,-0.86242,96.82727,0.2,0.0,0.01150000000000001,BTC,79468.81,0.0
2026-09-07T08:12:03.711653+00:00,BTC-30OCT26-94000-C,79928.55,BTC-30OCT26,call,94000.0,2026-10-30T08:00:00+00:00,0.14508315867958907,0.0115,0.0125,0.01208063,0.012,79928.55,BTC-30OCT26,0.3993,0.16089,74.35904,448.2,0.5,0.0010000000000000009,BTC,79468.81,518.11
2026-09-07T08:12:03.711653+00:00,BTC-26MAR27-88000-P,81483.4,BTC-26MAR27,put,88000.0,2027-03-26T08:00:00+00:00,0.547547224388008,0.1655,0.1685,0.16708777,0.167,81483.4,BTC-26MAR27,0.4019,-0.54393,239.13321,4.7,0.0,0.0030000000000000027,BTC,79468.81,0.0
2026-09-07T08:12:03.711653+00:00,BTC-30OCT26-57000-P,79928.55,BTC-30OCT26,put,57000.0,2026-10-30T08:00:00+00:00,0.14508315867958907,0.0025,0.003,0.00274152,0.00275,79928.55,BTC-30OCT26,0.511,-0.03339,22.63703,207.6,1.1,0.0005,BTC,79468.81,251.68
2026-09-07T08:12:03.711653+00:00,BTC-10SEP26-80000-P,79468.76,BTC-10SEP26,put,80000.0,2026-09-10T08:00:00+00:00,0.008190619322984004,0.0155,0.0165,0.01620714,0.016,79468.76,BTC-10SEP26,0.3472,-0.57962,28.12206,1.3,1.3,0.0010000000000000009,BTC,79468.81,1242.66
2026-09-07T08:12:03.711653+00:00,BTC-25DEC26-62000-P,80571.06,BTC-25DEC26,put,62000.0,2026-12-25T08:00:00+00:00,0.29840280275898673,0.014,0.015,0.01474014,0.0145,80571.06,BTC-25DEC26,0.44020000000000004,-0.11327,84.5302,1540.0,0.0,0.0009999999999999992,BTC,79468.81,0.0
2026-09-07T08:12:03.711653+00:00,BTC-25SEP26-45000-C,79583.08,BTC-25SEP26,call,45000.0,2026-09-25T08:00:00+00:00,0.04925838112996552,0.432,0.4365,0.43462187,0.43425,79583.08,BTC-25SEP26,0.8865999999999999,0.99862,0.79675,224.9,0.0,0.004500000000000004,BTC,79468.81,0.0
2026-09-07T08:12:03.711653+00:00,BTC-25JUN27-96000-C,82445.87,BTC-25JUN27,call,96000.0,2027-06-25T08:00:00+00:00,0.7966916460170291,0.089,0.091,0.08994545,0.09,82445.87,BTC-25JUN27,0.4152,0.41078,286.26774,32.2,0.0,0.0020000000000000018,BTC,79468.81,0.0
2026-09-07T08:12:03.711653+00:00,BTC-26MAR27-200000-C,81484.95,BTC-26MAR27,call,200000.0,2027-03-26T08:00:00+00:00,0.547547224388008,0.0028,0.0032,0.00304086,0.003,81484.95,BTC-26MAR27,0.5506,0.02274,32.54853,485.6,0.1,0.0004000000000000002,BTC,79468.81,24.67
2026-09-07T08:12:03.711653+00:00,BTC-8SEP26-82000-P,79453.31,BTC-8SEP26,put,82000.0,2026-09-08T08:00:00+00:00,0.0027149177487198013,0.0295,0.0365,0.03256978,0.033,79453.31,BTC-8SEP26,0.3665,-0.95039,4.24286,0.0,0.0,0.006999999999999999,BTC,79468.81,0.0
2026-09-07T08:12:03.711653+00:00,BTC-10SEP26-85000-P,79468.64,BTC-10SEP26,put,85000.0,2026-09-10T08:00:00+00:00,0.008190619322984004,0.0675,0.0745,0.07014467,0.071,79468.64,BTC-10SEP26,0.4082,-0.96478,5.586,0.0,0.0,0.006999999999999992,BTC,79468.81,0.0
2026-09-07T08:12:03.711653+00:00,BTC-30OCT26-60000-P,79928.55,BTC-30OCT26,put,60000.0,2026-10-30T08:00:00+00:00,0.14508315867958907,0.0036,0.0041,0.00387664,0.00385,79928.55,BTC-30OCT26,0.4779,-0.04791,30.35104,1541.7,7.6,0.0005000000000000004,BTC,79468.81,2295.21
2026-09-07T08:12:03.711653+00:00,BTC-9SEP26-74000-C,79463.71,BTC-9SEP26,call,74000.0,2026-09-09T08:00:00+00:00,0.005452768535851902,0.0665,0.0715,0.06889098,0.069,79463.71,BTC-9SEP26,0.4618,0.9825,2.53646,0.0,0.0,0.0049999999999999906,BTC,79468.81,0.0
2026-09-07T08:12:03.711653+00:00,BTC-30OCT26-52000-P,79928.55,BTC-30OCT26,put,52000.0,2026-10-30T08:00:00+00:00,0.14508315867958907,0.0014,0.0018,0.00161037,0.0016,79928.55,BTC-30OCT26,0.5726,-0.0188,13.98674,122.5,1.0,0.00039999999999999996,BTC,79468.81,123.4
2026-09-07T08:12:03.711653+00:00,BTC-25DEC26-140000-P,80571.06,BTC-25DEC26,put,140000.0,2026-12-25T08:00:00+00:00,0.29840280275898673,0.7345,0.751,0.74064156,0.74275,80571.06,BTC-25DEC26,0.4996,-0.97051,29.531,0.4,0.0,0.01649999999999996,BTC,79468.81,0.0
2026-09-07T08:12:03.711653+00:00,BTC-9SEP26-73000-C,79463.71,BTC-9SEP26,call,73000.0,2026-09-09T08:00:00+00:00,0.005452768535851902,0.079,0.084,0.08142867,0.0815,79463.71,BTC-9SEP26,0.5186999999999999,0.98699,1.96559,0.0,0.0,0.0050000000000000044,BTC,79468.81,0.0
2026-09-07T08:12:03.711653+00:00,BTC-26MAR27-102000-P,81484.95,BTC-26MAR27,put,102000.0,2027-03-26T08:00:00+00:00,0.547547224388008,0.291,0.3045,0.29680607,0.29775,81484.95,BTC-26MAR27,0.40950000000000003,-0.72229,202.19887,0.1,0.0,0.013500000000000012,BTC,79468.81,0.0
2026-09-07T08:12:03.711653+00:00,BTC-25JUN27-104000-P,82445.87,BTC-25JUN27,put,104000.0,2027-06-25T08:00:00+00:00,0.7966916460170291,0.322,0.339,0.32948705,0.3305,82445.87,BTC-25JUN27,0.4193,-0.66768,267.30581,0.0,0.0,0.017000000000000015,BTC,79468.81,0.0
2026-09-07T08:12:03.711653+00:00,BTC-25SEP26-98000-P,79583.08,BTC-25SEP26,put,98000.0,2026-09-25T08:00:00+00:00,0.04925838112996552,0.2285,0.2375,0.2325672,0.233,79583.08,BTC-25SEP26,0.4792,-0.97165,11.46697,0.1,0.0,0.00899999999999998,BTC,79468.81,0.0
2026-09-07T08:12:03.711653+00:00,BTC-25JUN27-98000-P,82445.87,BTC-25JUN27,put,98000.0,2027-06-25T08:00:00+00:00,0.7966916460170291,0.27,0.2755,0.27252971,0.27275,82445.87,BTC-25JUN27,0.41590000000000005,-0.61027,282.35247,0.1,0.0,0.005500000000000005,BTC,79468.81,0.0
2026-09-07T08:12:03.711653+00:00,BTC-25SEP26-40000-C,79583.08,BTC-25SEP26,call,40000.0,2026-09-25T08:00:00+00:00,0.04925838112996552,0.496,0.499,0.49744412,0.4975,79583.08,BTC-25SEP26,1.0495999999999999,0.99892,0.6372,34.4,0.0,0.0030000000000000027,BTC,79468.81,0.0
2026-09-07T08:12:03.711653+00:00,BTC-25JUN27-100000-P,82444.32,BTC-25JUN27,put,100000.0,2027-06-25T08:00:00+00:00,0.7966916460170291,0.2885,0.294,0.29110877,0.29125,82444.32,BTC-25JUN27,0.41700000000000004,-0.63031,277.83394,1.4,0.0,0.005500000000000005,BTC,79468.81,0.0
2026-09-07T08:12:03.711653+00:00,BTC-25SEP26-155000-C,79581.53,BTC-25SEP26,call,155000.0,2026-09-25T08:00:00+00:00,0.04925838112996552,,0.0001,6.72e-06,,79581.53,BTC-25SEP26,0.8133,0.00016,0.10707,378.0,0.0,,BTC,79468.81,0.0
2026-09-07T08:12:03.711653+00:00,BTC-8SEP26-89000-P,79453.31,BTC-8SEP26,put,89000.0,2026-09-08T08:00:00+00:00,0.0027149177487198013,0.1175,0.1245,0.1202897,0.121,79453.31,BTC-8SEP26,0.5407,-0.99997,0.00518,0.0,0.0,0.007000000000000006,BTC,79468.81,0.0
2026-09-07T08:12:03.711653+00:00,BTC-27NOV26-94000-P,80239.89,BTC-27NOV26,put,94000.0,2026-11-27T08:00:00+00:00,0.2217429807192879,0.1895,0.2,0.19404025,0.19475,80239.89,BTC-27NOV26,0.39840000000000003,-0.77346,113.7799,0.0,0.0,0.01050000000000001,BTC,79468.81,0.0
2026-09-07T08:12:03.711653+00:00,BTC-25SEP26-68000-P,79583.27,BTC-25SEP26,put,68000.0,2026-09-25T08:00:00+00:00,0.04925838112996552,0.0019,0.0022,0.00202741,0.00205,79583.27,BTC-25SEP26,0.4391,-0.04838,17.74603,1859.7,1.5,0.00030000000000000014,BTC,79468.81,241.67
2026-09-07T08:12:03.711653+00:00,BTC-18SEP26-75000-P,79535.47,BTC-18SEP26,put,75000.0,2026-09-18T08:00:00+00:00,0.030093425620040814,0.006,0.007,0.00671323,0.0065,79535.47,BTC-18SEP26,0.3837,-0.18023,36.23996,443.2,114.5,0.001,BTC,79468.81,56832.78
2026-09-07T08:12:03.711653+00:00,BTC-26MAR27-95000-C,81483.4,BTC-26MAR27,call,95000.0,2027-03-26T08:00:00+00:00,0.547547224388008,0.0615,0.063,0.06218625,0.06225,81483.4,BTC-26MAR27,0.40409999999999996,0.35794,225.17227,545.1,0.0,0.0015000000000000013,BTC,79468.81,0.0
2026-09-07T08:12:03.711653+00:00,BTC-30OCT26-56000-C,79928.55,BTC-30OCT26,call,56000.0,2026-10-30T08:00:00+00:00,0.14508315867958907,0.2985,0.304,0.30180055,0.30125,79928.55,BTC-30OCT26,0.5223,0.97045,20.46171,0.0,0.0,0.005500000000000005,BTC,79468.81,0.0
2026-09-07T08:12:03.711653+00:00,BTC-25DEC26-70000-C,80571.7,BTC-25DEC26,call,70000.0,2026-12-25T08:00:00+00:00,0.29840280275898673,0.163,0.1655,0.16421779,0.16425,80571.7,BTC-25DEC26,0.4068,0.77133,133.23601,1922.6,0.0,0.0025000000000000022,BTC,79468.81,0.0
2026-09-07T08:12:03.711653+00:00,BTC-25DEC26-30000-P,80569.51,BTC-25DEC26,put,30000.0,2026-12-25T08:00:00+00:00,0.29840280275898673,0.0007,0.0011,0.00088193,0.0009,80569.51,BTC-25DEC26,0.7793000000000001,-0.00566,7.11277,2122.5,0.0,0.0004000000000000001,BTC,79468.81,0.0
2026-09-07T08:12:03.711653+00:00,BTC-25JUN27-95000-P,82444.32,BTC-25JUN27,put,95000.0,2027-06-25T08:00:00+00:00,0.7966916460170291,0.243,0.2485,0.24565005,0.24575,82444.32,BTC-25JUN27,0.41490000000000005,-0.57835,287.96055,20.2,0.0,0.005500000000000005,BTC,79468.81,0.0
2026-09-07T08:12:03.711653+00:00,BTC-30OCT26-70000-P,79926.62,BTC-30OCT26,put,70000.0,2026-10-30T08:00:00+00:00,0.14508315867958907,0.014,0.015,0.01459885,0.0145,79926.62,BTC-30OCT26,0.3948,-0.16944,76.89381,883.3,5.6,0.0009999999999999992,BTC,79468.81,6766.69
2026-09-07T08:12:03.711653+00:00,BTC-25JUN27-82000-P,82444.32,BTC-25JUN27,put,82000.0,2027-06-25T08:00:00+00:00,0.7966916460170291,0.143,0.1455,0.14407749,0.14425,82444.32,BTC-25JUN27,0.4153,-0.42085,287.84411,23.5,0.1,0.0025000000000000022,BTC,79468.81,1148.95
2026-09-07T08:12:03.711653+00:00,BTC-25SEP26-180000-P,79583.08,BTC-25SEP26,put,180000.0,2026-09-25T08:00:00+00:00,0.04925838112996552,1.255,1.2715,1.26183806,1.26325,79583.08,BTC-25SEP26,0.9184,-0.99995,0.03488,10.5,0.0,0.01650000000000018,BTC,79468.81,0.0
2026-09-07T08:12:03.711653+00:00,BTC-25JUN27-200000-C,82445.87,BTC-25JUN27,call,200000.0,2027-06-25T08:00:00+00:00,0.7966916460170291,0.0065,0.008,0.00726521,0.00725,82445.87,BTC-25JUN27,0.5155,0.04499,69.75075,27.1,0.0,0.0015000000000000005,BTC,79468.81,0.0
2026-09-07T08:12:03.711653+00:00,BTC-30OCT26-68000-C,79928.55,BTC-30OCT26,call,68000.0,2026-10-30T08:00:00+00:00,0.14508315867958907,0.1565,0.1625,0.1602262,0.1595,79928.55,BTC-30OCT26,0.40740000000000004,0.86823,65.02364,518.8,0.0,0.006000000000000005,BTC,79468.81,0.0
2026-09-07T08:12:03.711653+00:00,BTC-27NOV26-75000-C,80241.56,BTC-27NOV26,call,75000.0,2026-11-27T08:00:00+00:00,0.2217429807192879,0.1075,0.1095,0.10818245,0.1085,80241.56,BTC-27NOV26,0.39,0.67675,135.71818,260.6,0.0,0.0020000000000000018,BTC,79468.81,0.0
2026-09-07T08:12:03.711653+00:00,BTC-30OCT26-100000-C,79928.55,BTC-30OCT26,call,100000.0,2026-10-30T08:00:00+00:00,0.14508315867958907,0.006,0.007,0.00654447,0.0065,79928.55,BTC-30OCT26,0.42,0.09323,50.75839,1722.2,10.0,0.001,BTC,79468.81,5576.74
2026-09-07T08:12:03.711653+00:00,BTC-10SEP26-86000-P,79468.64,BTC-10SEP26,put,86000.0,2026-09-10T08:00:00+00:00,0.008190619322984004,0.08,0.087,0.08251176,0.0835,79468.64,BTC-10SEP26,0.4263,-0.97899,3.63083,0.0,0.0,0.006999999999999992,BTC,79468.81,0.0
2026-09-07T08:12:03.711653+00:00,BTC-25DEC26-105000-C,80571.06,BTC-25DEC26,call,105000.0,2026-12-25T08:00:00+00:00,0.29840280275898673,0.015,0.0155,0.01527936,0.01525,80571.06,BTC-25DEC26,0.4138,0.14486,100.26978,914.3,1.4,0.0005000000000000004,BTC,79468.81,1747.57
2026-09-07T08:12:03.711653+00:00,BTC-8SEP26-81000-P,79453.31,BTC-8SEP26,put,81000.0,2026-09-08T08:00:00+00:00,0.0027149177487198013,0.019,0.0225,0.02073243,0.02075,79453.31,BTC-8SEP26,0.33140000000000003,-0.86753,8.87152,25.0,0.0,0.0034999999999999996,BTC,79468.81,0.0
2026-09-07T08:12:03.711653+00:00,BTC-8SEP26-78000-P,79455.19,BTC-8SEP26,put,78000.0,2026-09-08T08:00:00+00:00,0.0027149177487198013,0.0011,0.0012,0.0011724,0.00115,79455.19,BTC-8SEP26,0.3248,-0.13609,9.03745,111.1,55.0,9.999999999999983e-05,BTC,79468.81,6469.12
2026-09-07T08:12:03.711653+00:00,BTC-25DEC26-52000-C,80571.06,BTC-25DEC26,call,52000.0,2026-12-25T08:00:00+00:00,0.29840280275898673,0.3565,0.363,0.36030136,0.35975,80571.06,BTC-25DEC26,0.5146000000000001,0.9552,41.57651,0.1,0.0,0.006500000000000006,BTC,79468.81,0.0
2026-09-07T08:12:03.711653+00:00,BTC-18SEP26-90000-P,79535.2,BTC-18SEP26,put,90000.0,2026-09-18T08:00:00+00:00,0.030093425620040814,0.1305,0.138,0.13344597,0.13425,79535.2,BTC-18SEP26,0.43579999999999997,-0.94512,15.32471,0.0,0.0,0.007500000000000007,BTC,79468.81,0.0
2026-09-07T08:12:03.711653+00:00,BTC-25SEP26-145000-P,79581.53,BTC-25SEP26,put,145000.0,2026-09-25T08:00:00+00:00,0.04925838112996552,0.8165,0.8295,0.82204944,0.823,79581.53,BTC-25SEP26,0.7775,-0.99965,0.2251,0.2,0.0,0.013000000000000012,BTC,79468.81,0.0
2026-09-07T08:12:03.711653+00:00,BTC-18SEP26-85000-P,79535.2,BTC-18SEP26,put,85000.0,2026-09-18T08:00:00+00:00,0.030093425620040814,0.072,0.079,0.07510925,0.0755,79535.2,BTC-18SEP26,0.39549999999999996,-0.82541,35.5205,1.2,0.0,0.007000000000000006,BTC,79468.81,0.0
2026-09-07T08:12:03.711653+00:00,BTC-30OCT26-81000-C,79928.69,BTC-30OCT26,call,81000.0,2026-10-30T08:00:00+00:00,0.14508315867958907,0.05,0.051,0.05048607,0.0505,79928.69,BTC-30OCT26,0.3724,0.49049,121.44835,328.0,6.2,0.000999999999999994,BTC,79468.81,26485.97
2026-09-07T08:12:03.711653+00:00,BTC-30OCT26-55000-C,79928.55,BTC-30OCT26,call,55000.0,2026-10-30T08:00:00+00:00,0.14508315867958907,0.311,0.317,0.31405578,0.314,79928.55,BTC-30OCT26,0.5341,0.97369,18.57665,0.1,0.0,0.006000000000000005,BTC,79468.81,0.0
2026-09-07T08:12:03.711653+00:00,BTC-8SEP26-78500-P,79455.19,BTC-8SEP26,put,78500.0,2026-09-08T08:00:00+00:00,0.0027149177487198013,0.0018,0.0021,0.00209696,0.00195,79455.19,BTC-8SEP26,0.30870000000000003,-0.22515,12.41989,93.6,69.1,0.0002999999999999999,BTC,79468.81,13590.9
2026-09-07T08:12:03.711653+00:00,BTC-25DEC26-94000-P,80571.06,BTC-25DEC26,put,94000.0,2026-12-25T08:00:00+00:00,0.29840280275898673,0.1955,0.2055,0.1992422,0.2005,80571.06,BTC-25DEC26,0.3953,-0.72782,146.13946,5.3,0.0,0.009999999999999981,BTC,79468.81,0.0
2026-09-07T08:12:03.711653+00:00,BTC-27NOV26-60000-C,80239.89,BTC-27NOV26,call,60000.0,2026-11-27T08:00:00+00:00,0.2217429807192879,0.2565,0.263,0.26017108,0.25975,80239.89,BTC-27NOV26,0.46240000000000003,0.92542,53.2654,0.1,0.0,0.006500000000000006,BTC,79468.81,0.0
2026-09-07T08:12:03.711653+00:00,BTC-25JUN27-66000-C,82445.87,BTC-25JUN27,call,66000.0,2027-06-25T08:00:00+00:00,0.7966916460170291,0.2575,0.261,0.25944336,0.25925,82445.87,BTC-25JUN27,0.4325,0.77902,218.49416,25.6,0.1,0.003500000000000003,BTC,79468.81,2072.57
2026-09-07T08:12:03.711653+00:00,BTC-25JUN27-66000-P,82445.87,BTC-25JUN27,put,66000.0,2027-06-25T08:00:00+00:00,0.7966916460170291,0.059,0.061,0.06000962,0.06,82445.87,BTC-25JUN27,0.4325,-0.22098,218.49416,46.5,0.0,0.0020000000000000018,BTC,79468.81,0.0
2026-09-07T08:12:03.711653+00:00,BTC-25DEC26-94000-C,80571.7,BTC-25DEC26,call,94000.0,2026-12-25T08:00:00+00:00,0.29840280275898673,0.032,0.033,0.03246251,0.0325,80571.7,BTC-25DEC26,0.3953,0.27218,146.13944,393.5,0.0,0.0010000000000000009,BTC,79468.81,0.0
2026-09-07T08:12:03.711653+00:00,BTC-27NOV26-68000-C,80241.44,BTC-27NOV26,call,68000.0,2026-11-27T08:00:00+00:00,0.2217429807192879,0.171,0.1735,0.17195315,0.17225,80241.44,BTC-27NOV26,0.4114,0.829,95.99473,0.0,0.0,0.0024999999999999745,BTC,79468.81,0.0
2026-09-07T08:12:03.711653+00:00,BTC-25SEP26-56000-C,79583.08,BTC-25SEP26,call,56000.0,2026-09-25T08:00:00+00:00,0.04925838112996552,0.2945,0.299,0.29659996,0.29675,79583.08,BTC-25SEP26,0.6465000000000001,0.9941,2.95981,13.4,0.0,0.004500000000000004,BTC,79468.81,0.0
2026-09-07T08:12:03.711653+00:00,BTC-25SEP26-62000-C,79581.53,BTC-25SEP26,call,62000.0,2026-09-25T08:00:00+00:00,0.04925838112996552,0.2185,0.2245,0.2216239,0.2215,79581.53,BTC-25SEP26,0.5381,0.98417,7.00623,597.4,0.0,0.006000000000000005,BTC,79468.81,0.0
2026-09-07T08:12:03.711653+00:00,BTC-30OCT26-105000-C,79928.55,BTC-30OCT26,call,105000.0,2026-10-30T08:00:00+00:00,0.14508315867958907,0.0039,0.0043,0.00415127,0.0041,79928.55,BTC-30OCT26,0.4395,0.06098,36.73575,1143.2,0.0,0.0004000000000000002,BTC,79468.81,0.0
2026-09-07T08:12:03.711653+00:00,BTC-8SEP26-77000-C,79453.31,BTC-8SEP26,call,77000.0,2026-09-08T08:00:00+00:00,0.0027149177487198013,0.0275,0.034,0.03113103,0.03075,79453.31,BTC-8SEP26,0.3605,0.95363,4.01952,0.4,0.4,0.006500000000000002,BTC,79468.81,919.31
2026-09-07T08:12:03.711653+00:00,BTC-30OCT26-55000-P,79928.55,BTC-30OCT26,put,55000.0,2026-10-30T08:00:00+00:00,0.14508315867958907,0.002,0.0024,0.00218697,0.0022,79928.55,BTC-30OCT26,0.5341,-0.02631,18.57665,311.1,0.5,0.00039999999999999975,BTC,79468.81,84.68
2026-09-07T08:12:03.711653+00:00,BTC-25JUN27-160000-P,82445.87,BTC-25JUN27,put,160000.0,2027-06-25T08:00:00+00:00,0.7966916460170291,0.943,0.972,0.95565913,0.9575,82445.87,BTC-25JUN27,0.4754,-0.91149,118.05059,0.2,0.0,0.029000000000000026,BTC,79468.81,0.0
2026-09-07T08:12:03.711653+00:00,BTC-25SEP26-70000-C,79583.08,BTC-25SEP26,call,70000.0,2026-09-25T08:00:00+00:00,0.04925838112996552,0.1205,0.126,0.12352359,0.12325,79583.08,BTC-25SEP26,0.41200000000000003,0.92599,24.7542,10962.4,3.0,0.005500000000000005,BTC,79468.81,30391.15
2026-09-07T08:12:03.711653+00:00,BTC-10SEP26-84000-P,79466.9,BTC-10SEP26,put,84000.0,2026-09-10T08:00:00+00:00,0.008190619322984004,0.055,0.0605,0.05797849,0.05775,79466.9,BTC-10SEP26,0.39289999999999997,-0.93937,8.63823,0.0,0.0,0.005499999999999998,BTC,79468.81,0.0
2026-09-07T08:12:03.711653+00:00,BTC-27NOV26-85000-P,80241.78,BTC-27NOV26,put,85000.0,2026-11-27T08:00:00+00:00,0.2217429807192879,0.107,0.1085,0.10793531,0.10775,80241.78,BTC-27NOV26,0.386,-0.58975,146.93724,11.0,0.0,0.0015000000000000013,BTC,79468.81,0.0
2026-09-07T08:12:03.711653+00:00,BTC-25SEP26-260000-P,79583.08,BTC-25SEP26,put,260000.0,2026-09-25T08:00:00+00:00,0.04925838112996552,2.257,2.2815,2.26709707,2.26925,79583.08,BTC-25SEP26,1.2309,-0.99999,0.01058,0.0,0.0,0.024499999999999744,BTC,79468.81,0.0
2026-09-07T08:12:03.711653+00:00,BTC-10SEP26-88000-C,79468.64,BTC-10SEP26,call,88000.0,2026-09-10T08:00:00+00:00,0.008190619322984004,0.0001,0.0002,0.00013348,0.00015,79468.64,BTC-10SEP26,0.47479999999999994,0.00929,1.79696,1.2,1.2,0.0001,BTC,79468.81,19.99
2026-09-07T08:12:03.711653+00:00,BTC-11SEP26-78500-P,79474.38,BTC-11SEP26,put,78500.0,2026-09-11T08:00:00+00:00,0.010928470110116106,0.0085,0.0095,0.00930077,0.009,79474.38,BTC-11SEP26,0.35259999999999997,-0.36219,31.15081,0.0,0.0,0.0009999999999999992,BTC,79468.81,0.0
2026-09-07T08:12:03.711653+00:00,BTC-26MAR27-85000-C,81484.95,BTC-26MAR27,call,85000.0,2027-03-26T08:00:00+00:00,0.547547224388008,0.099,0.1015,0.1003184,0.10025,81484.95,BTC-26MAR27,0.4017,0.50244,240.58855,345.7,0.0,0.0025000000000000022,BTC,79468.81,0.0
2026-09-07T08:12:03.711653+00:00,BTC-25JUN27-102000-C,82444.32,BTC-25JUN27,call,102000.0,2027-06-25T08:00:00+00:00,0.7966916460170291,0.0715,0.074,0.07282498,0.07275,82444.32,BTC-25JUN27,0.4182,0.35061,272.80511,28.5,0.1,0.0025000000000000022,BTC,79468.81,591.32
2026-09-07T08:12:03.711653+00:00,BTC-25DEC26-110000-P,80569.51,BTC-25DEC26,put,110000.0,2026-12-25T08:00:00+00:00,0.29840280275898673,0.3705,0.384,0.37664788,0.37725,80569.51,BTC-25DEC26,0.42469999999999997,-0.88989,82.8382,55.6,0.0,0.013500000000000012,BTC,79468.81,0.0
2026-09-07T08:12:03.711653+00:00,BTC-26MAR27-52000-P,81484.95,BTC-26MAR27,put,52000.0,2027-03-26T08:00:00+00:00,0.547547224388008,0.013,0.014,0.01360063,0.0135,81484.95,BTC-26MAR27,0.4781,-0.074,84.501,123.8,0.0,0.0010000000000000009,BTC,79468.81,0.0
2026-09-07T08:12:03.711653+00:00,BTC-27NOV26-87000-P,80241.78,BTC-27NOV26,put,87000.0,2026-11-27T08:00:00+00:00,0.2217429807192879,0.124,0.1265,0.12528676,0.12525,80241.78,BTC-27NOV26,0.3881,-0.63754,141.71718,3.7,0.0,0.0025000000000000022,BTC,79468.81,0.0
2026-09-07T08:12:03.711653+00:00,BTC-30OCT26-89000-C,79928.69,BTC-30OCT26,call,89000.0,2026-10-30T08:00:00+00:00,0.14508315867958907,0.0205,0.021,0.02084598,0.02075,79928.69,BTC-30OCT26,0.3847,0.25429,97.64009,119.0,66.2,0.0005000000000000004,BTC,79468.81,110515.16
2026-09-07T08:12:03.711653+00:00,BTC-30OCT26-61000-P,79928.55,BTC-30OCT26,put,61000.0,2026-10-30T08:00:00+00:00,0.14508315867958907,0.0042,0.0044,0.00437864,0.0043,79928.55,BTC-30OCT26,0.46759999999999996,-0.05423,33.49865,261.8,1.0,0.00020000000000000052,BTC,79468.81,324.78
2026-09-07T08:12:03.711653+00:00,BTC-10SEP26-76000-C,79468.64,BTC-10SEP26,call,76000.0,2026-09-10T08:00:00+00:00,0.008190619322984004,0.0415,0.0475,0.04501125,0.0445,79468.64,BTC-10SEP26,0.36939999999999995,0.91251,11.4366,0.0,0.0,0.005999999999999998,BTC,79468.81,0.0
2026-09-07T08:12:03.711653+00:00,BTC-25JUN27-60000-P,82445.87,BTC-25JUN27,put,60000.0,2027-06-25T08:00:00+00:00,0.7966916460170291,0.0395,0.0415,0.04047401,0.0405,82445.87,BTC-25JUN27,0.4458,-0.15935,178.61282,196.2,0.0,0.0020000000000000018,BTC,79468.81,0.0
2026-09-07T08:12:03.711653+00:00,BTC-25DEC26-125000-P,80571.06,BTC-25DEC26,put,125000.0,2026-12-25T08:00:00+00:00,0.29840280275898673,0.551,0.566,0.55682387,0.5585,80571.06,BTC-25DEC26,0.46259999999999996,-0.94648,47.92389,9.1,0.0,0.014999999999999902,BTC,79468.81,0.0
2026-09-07T08:12:03.711653+00:00,BTC-11SEP26-71000-C,79474.3,BTC-11SEP26,call,71000.0,2026-09-11T08:00:00+00:00,0.010928470110116106,0.1035,0.1095,0.10690676,0.1065,79474.3,BTC-11SEP26,0.5246999999999999,0.98112,3.83083,26.0,0.0,0.006000000000000005,BTC,79468.81,0.0
2026-09-07T08:12:03.711653+00:00,BTC-27NOV26-58000-C,80241.44,BTC-27NOV26,call,58000.0,2026-11-27T08:00:00+00:00,0.2217429807192879,0.2795,0.286,0.28360312,0.28275,80241.44,BTC-27NOV26,0.4792,0.93943,45.35525,0.0,0.0,0.00649999999999995,BTC,79468.81,0.0
2026-09-07T08:12:03.711653+00:00,BTC-11SEP26-80000-C,79474.43,BTC-11SEP26,call,80000.0,2026-09-11T08:00:00+00:00,0.010928470110116106,0.0115,0.0125,0.01193764,0.012,79474.43,BTC-11SEP26,0.35869999999999996,0.43555,32.71555,679.6,8.0,0.0010000000000000009,BTC,79468.21,8955.88
2026-09-07T08:12:03.711653+00:00,BTC-11SEP26-79500-C,79474.3,BTC-11SEP26,call,79500.0,2026-09-11T08:00:00+00:00,0.010928470110116106,0.014,0.015,0.01473898,0.0145,79474.3,BTC-11SEP26,0.35850000000000004,0.50236,33.14846,0.0,0.0,0.0009999999999999992,BTC,79468.21,0.0
2026-09-07T08:12:03.711653+00:00,BTC-10SEP26-76000-P,79468.76,BTC-10SEP26,put,76000.0,2026-09-10T08:00:00+00:00,0.008190619322984004,0.0012,0.0014,0.00138163,0.0013,79468.76,BTC-10SEP26,0.3693,-0.08749,11.4366,14.9,14.9,0.0002000000000000001,BTC,79468.81,1778.7
2026-09-07T08:12:03.711653+00:00,BTC-18SEP26-86000-C,79535.47,BTC-18SEP26,call,86000.0,2026-09-18T08:00:00+00:00,0.030093425620040814,0.0045,0.0049,0.00477695,0.0047,79535.47,BTC-18SEP26,0.402,0.13828,30.45726,353.9,0.4,0.0004000000000000002,BTC,79468.21,204.77
2026-09-07T08:12:03.711653+00:00,BTC-26MAR27-110000-P,81484.95,BTC-26MAR27,put,110000.0,2027-03-26T08:00:00+00:00,0.547547224388008,0.375,0.3905,0.38143312,0.38275,81484.95,BTC-26MAR27,0.41729999999999995,-0.79316,172.25947,4.1,0.0,0.015500000000000014,BTC,79468.21,0.0
2026-09-07T08:12:03.711653+00:00,BTC-26MAR27-52000-C,81484.95,BTC-26MAR27,call,52000.0,2027-03-26T08:00:00+00:00,0.547547224388008,0.371,0.3785,0.37536303,0.37475,81484.95,BTC-26MAR27,0.4781,0.92601,84.4938,5.3,0.0,0.007500000000000007,BTC,79468.21,0.0
2026-09-07T08:12:03.711653+00:00,BTC-25SEP26-90000-P,79583.08,BTC-25SEP26,put,90000.0,2026-09-25T08:00:00+00:00,0.04925838112996552,0.1315,0.1395,0.13495016,0.1355,79583.08,BTC-25SEP26,0.41240000000000004,-0.90318,30.2784,579.9,0.0,0.008000000000000007,BTC,79468.21,0.0
2026-09-07T08:12:03.711653+00:00,BTC-25JUN27-50000-P,82444.32,BTC-25JUN27,put,50000.0,2027-06-25T08:00:00+00:00,0.7966916460170291,0.019,0.0205,0.01970443,0.01975,82444.32,BTC-25JUN27,0.47979999999999995,-0.08359,113.10394,402.3,0.2,0.0015000000000000013,BTC,79468.21,300.69
2026-09-07T08:12:03.711653+00:00,BTC-25SEP26-320000-P,79583.08,BTC-25SEP26,put,320000.0,2026-09-25T08:00:00+00:00,0.04925838112996552,3.008,3.039,3.0210421,3.0235,79583.08,BTC-25SEP26,1.4015,-0.99999,0.00632,25.1,0.0,0.03100000000000014,BTC,79468.21,0.0
2026-09-07T08:12:03.711653+00:00,BTC-30OCT26-105000-P,79928.55,BTC-30OCT26,put,105000.0,2026-10-30T08:00:00+00:00,0.14508315867958907,0.313,0.324,0.31785627,0.3185,79928.55,BTC-30OCT26,0.4395,-0.93903,36.73217,0.6,0.6,0.01100000000000001,BTC,79468.21,14833.27
2026-09-07T08:12:03.711653+00:00,BTC-26MAR27-68000-C,81484.95,BTC-26MAR27,call,68000.0,2027-03-26T08:00:00+00:00,0.547547224388008,0.213,0.2155,0.2142823,0.21425,81484.95,BTC-26MAR27,0.4191,0.7697,183.25524,196.5,0.0,0.0025000000000000022,BTC,79467.81,0.0
2026-09-07T08:12:03.711653+00:00,BTC-25DEC26-52000-P,80571.06,BTC-25DEC26,put,52000.0,2026-12-25T08:00:00+00:00,0.29840280275898673,0.0055,0.006,0.00576952,0.00575,80571.06,BTC-25DEC26,0.5146000000000001,-0.0448,41.57736,542.5,0.1,0.0005000000000000004,BTC,79467.81,43.98
2026-09-07T08:12:03.711653+00:00,BTC-25SEP26-94000-C,79583.08,BTC-25SEP26,call,94000.0,2026-09-25T08:00:00+00:00,0.04925838112996552,0.0018,0.0021,0.00198682,0.00195,79583.08,BTC-25SEP26,0.44299999999999995,0.04988,18.18581,877.3,0.0,0.0002999999999999999,BTC,79468.21,0.0
2026-09-07T08:12:03.711653+00:00,BTC-30OCT26-83000-P,79928.69,BTC-30OCT26,put,83000.0,2026-10-30T08:00:00+00:00,0.14508315867958907,0.078,0.0795,0.07911165,0.07875,79928.69,BTC-30OCT26,0.3739,-0.57706,119.20895,106.3,2.4,0.0015000000000000013,BTC,79468.21,14156.15
2026-09-07T08:12:03.711653+00:00,BTC-10SEP26-78500-C,79468.76,BTC-10SEP26,call,78500.0,2026-09-10T08:00:00+00:00,0.008190619322984004,0.0185,0.02,0.01917033,0.01925,79468.76,BTC-10SEP26,0.33740000000000003,0.66044,26.34219,0.0,0.0,0.0015000000000000013,BTC,79468.21,0.0
2026-09-07T08:12:03.711653+00:00,BTC-25DEC26-96000-C,80571.7,BTC-25DEC26,call,96000.0,2026-12-25T08:00:00+00:00,0.29840280275898673,0.028,0.0285,0.02819366,0.02825,80571.7,BTC-25DEC26,0.3982,0.24286,137.73218,1496.8,2.1,0.0005000000000000004,BTC,79467.81,5091.68
2026-09-07T08:12:03.711653+00:00,BTC-18SEP26-74000-P,79535.47,BTC-18SEP26,put,74000.0,2026-09-18T08:00:00+00:00,0.030093425620040814,0.0046,0.0049,0.0049399,0.00475,79535.47,BTC-18SEP26,0.39390000000000003,-0.138,30.4157,194.6,3.4,0.0002999999999999999,BTC,79467.81,1305.53
2026-09-07T08:12:03.711653+00:00,BTC-27NOV26-69000-P,80239.89,BTC-27NOV26,put,69000.0,2026-11-27T08:00:00+00:00,0.2217429807192879,0.0215,0.0225,0.02188885,0.022,80239.89,BTC-27NOV26,0.4077,-0.18917,102.27789,24.7,0.0,0.0010000000000000009,BTC,79467.81,0.0
2026-09-07T08:12:03.711653+00:00,BTC-11SEP26-70000-C,79472.75,BTC-11SEP26,call,70000.0,2026-09-11T08:00:00+00:00,0.010928470110116106,0.116,0.122,0.11943559,0.119,79472.75,BTC-11SEP26,0.5678,0.98454,3.22935,286.9,0.0,0.0059999999999999915,BTC,79468.06,0.0
2026-09-07T08:12:03.711653+00:00,BTC-25JUN27-170000-C,82446.39,BTC-25JUN27,call,170000.0,2027-06-25T08:00:00+00:00,0.7966916460170291,0.0115,0.0125,0.01202935,0.012,82446.39,BTC-25JUN27,0.4854,0.07303,102.09299,91.9,0.1,0.0010000000000000009,BTC,79467.81,95.74
2026-09-07T08:12:03.711653+00:00,BTC-25DEC26-68000-C,80571.06,BTC-25DEC26,call,68000.0,2026-12-25T08:00:00+00:00,0.29840280275898673,0.1785,0.186,0.18299803,0.18225,80571.06,BTC-25DEC26,0.4132,0.8061,120.95254,1031.5,2.1,0.007500000000000007,BTC,79468.06,31330.0
2026-09-07T08:12:03.711653+00:00,BTC-27NOV26-102000-C,80239.89,BTC-27NOV26,call,102000.0,2026-11-27T08:00:00+00:00,0.2217429807192879,0.0115,0.012,0.01176247,0.01175,80239.89,BTC-27NOV26,0.41619999999999996,0.12977,79.84914,95.0,0.9,0.0005000000000000004,BTC,79467.81,913.68
2026-09-07T08:12:03.711653+00:00,BTC-25JUN27-40000-C,82445.87,BTC-25JUN27,call,40000.0,2027-06-25T08:00:00+00:00,0.7966916460170291,0.5205,0.526,0.52398252,0.52325,82445.87,BTC-25JUN27,0.5343,0.9603,63.04607,17.1,0.0,0.00550000000000006,BTC,79468.06,0.0
2026-09-07T08:12:03.711653+00:00,BTC-27NOV26-100000-P,80241.44,BTC-27NOV26,put,100000.0,2026-11-27T08:00:00+00:00,0.2217429807192879,0.2565,0.266,0.25986677,0.26125,80241.44,BTC-27NOV26,0.40979999999999994,-0.852,87.32743,0.0,0.0,0.009500000000000008,BTC,79468.06,0.0
2026-09-07T08:12:03.711653+00:00,BTC-25SEP26-94000-P,79581.53,BTC-25SEP26,put,94000.0,2026-09-25T08:00:00+00:00,0.04925838112996552,0.18,0.188,0.18316779,0.184,79581.53,BTC-25SEP26,0.44299999999999995,-0.95012,18.18408,1.9,0.0,0.008000000000000007,BTC,79468.06,0.0
2026-09-07T08:12:03.711653+00:00,BTC-26MAR27-100000-C,81484.95,BTC-26MAR27,call,100000.0,2027-03-26T08:00:00+00:00,0.547547224388008,0.0485,0.05,0.04928835,0.04925,81484.95,BTC-26MAR27,0.4081,0.29899,209.36569,670.1,1.0,0.0015000000000000013,BTC,79468.06,4015.24
2026-09-07T08:12:03.711653+00:00,BTC-26MAR27-68000-P,81484.95,BTC-26MAR27,put,68000.0,2027-03-26T08:00:00+00:00,0.547547224388008,0.048,0.0495,0.04883947,0.04875,81484.95,BTC-26MAR27,0.4191,-0.2303,183.25424,290.8,0.0,0.0015000000000000013,BTC,79468.06,0.0
2026-09-07T08:12:03.711653+00:00,BTC-9SEP26-84000-P,79463.71,BTC-9SEP26,put,84000.0,2026-09-09T08:00:00+00:00,0.005452768535851902,0.054,0.0605,0.05756169,0.05725,79463.71,BTC-9SEP26,0.4046,-0.96737,4.2797,0.0,0.0,0.006499999999999999,BTC,79467.96,0.0
2026-09-07T08:12:03.711653+00:00,BTC-27NOV26-87000-C,80239.89,BTC-27NOV26,call,87000.0,2026-11-27T08:00:00+00:00,0.2217429807192879,0.0405,0.0415,0.04105138,0.041,80239.89,BTC-27NOV26,0.3881,0.36245,141.71494,59.8,50.0,0.0010000000000000009,BTC,79468.06,168919.73
2026-09-07T08:12:03.711653+00:00,BTC-8SEP26-82000-C,79454.95,BTC-8SEP26,call,82000.0,2026-09-08T08:00:00+00:00,0.0027149177487198013,0.0003,0.0005,0.00039888,0.0004,79454.95,BTC-8SEP26,0.3665,0.04952,4.23674,316.2,28.4,0.00020000000000000004,BTC,79467.96,2781.14
2026-09-07T08:12:03.711653+00:00,BTC-8SEP26-74000-P,79453.31,BTC-8SEP26,put,74000.0,2026-09-08T08:00:00+00:00,0.0027149177487198013,,0.0001,9.003e-05,,79453.31,BTC-8SEP26,0.5779,-0.00882,0.98834,7.2,5.2,,BTC,79467.96,118.93
2026-09-07T08:12:03.711653+00:00,BTC-25JUN27-52000-P,82445.87,BTC-25JUN27,put,52000.0,2027-06-25T08:00:00+00:00,0.7966916460170291,0.022,0.0235,0.02272974,0.02275,82445.87,BTC-25JUN27,0.4706,-0.09568,125.06119,40.4,0.0,0.0015000000000000013,BTC,79467.96,0.0
2026-09-07T08:12:03.711653+00:00,BTC-25SEP26-78000-P,79583.08,BTC-25SEP26,put,78000.0,2026-09-25T08:00:00+00:00,0.04925838112996552,0.0225,0.0235,0.02317491,0.023,79583.08,BTC-25SEP26,0.3666,-0.38753,67.65631,2624.0,298.5,0.0010000000000000009,BTC,79467.96,570945.15
2026-09-07T08:12:03.711653+00:00,BTC-11SEP26-85000-C,79474.43,BTC-11SEP26,call,85000.0,2026-09-11T08:00:00+00:00,0.010928470110116106,0.001,0.0012,0.00116474,0.0011,79474.43,BTC-11SEP26,0.4142,0.06178,10.1267,709.4,5.8,0.00019999999999999987,BTC,79467.96,858.78
2026-09-07T08:12:03.711653+00:00,BTC-27NOV26-77000-P,80241.44,BTC-27NOV26,put,77000.0,2026-11-27T08:00:00+00:00,0.2217429807192879,0.052,0.053,0.05275279,0.0525,80241.44,BTC-27NOV26,0.38689999999999997,-0.37581,143.40208,28.5,0.0,0.0010000000000000009,BTC,79467.96,0.0
2026-09-07T08:12:03.711653+00:00,BTC-27NOV26-77000-C,80241.56,BTC-27NOV26,call,77000.0,2026-11-27T08:00:00+00:00,0.2217429807192879,0.0925,0.0945,0.09313739,0.0935,80241.56,BTC-27NOV26,0.3868,0.6242,143.40195,3.0,0.0,0.0020000000000000018,BTC,79467.96,0.0
2026-09-07T08:12:03.711653+00:00,BTC-25SEP26-87000-C,79583.08,BTC-25SEP26,call,87000.0,2026-09-25T08:00:00+00:00,0.04925838112996552,0.007,0.0075,0.00730833,0.00725,79583.08,BTC-25SEP26,0.3933,0.16382,43.64895,10.4,0.0,0.0004999999999999996,BTC,79467.96,0.0
2026-09-07T08:12:03.711653+00:00,BTC-26MAR27-125000-P,81484.95,BTC-26MAR27,put,125000.0,2027-03-26T08:00:00+00:00,0.547547224388008,0.5435,0.562,0.55149846,0.55275,81484.95,BTC-26MAR27,0.4375,-0.87698,122.76547,0.1,0.0,0.018500000000000072,BTC,79467.96,0.0
2026-09-07T08:12:03.711653+00:00,BTC-26MAR27-115000-C,81484.95,BTC-26MAR27,call,115000.0,2027-03-26T08:00:00+00:00,0.547547224388008,0.025,0.026,0.0254894,0.0255,81484.95,BTC-26MAR27,0.4241,0.17335,154.52334,807.8,0.2,0.0009999999999999974,BTC,79467.96,421.97
2026-09-07T08:12:03.711653+00:00,BTC-26MAR27-86000-C,81484.95,BTC-26MAR27,call,86000.0,2027-03-26T08:00:00+00:00,0.547547224388008,0.0945,0.0965,0.09563746,0.0955,81484.95,BTC-26MAR27,0.40149999999999997,0.48669,240.4582,141.7,0.0,0.0020000000000000018,BTC,79467.96,0.0
2026-09-07T08:12:03.711653+00:00,BTC-11SEP26-95000-C,79474.3,BTC-11SEP26,call,95000.0,2026-09-11T08:00:00+00:00,0.010928470110116106,,0.0001,7.869e-05,,79474.3,BTC-11SEP26,0.6341,0.00391,0.96345,616.7,1.5,,BTC,79467.96,15.96
2026-09-07T08:12:03.711653+00:00,BTC-10SEP26-82500-P,79468.64,BTC-10SEP26,put,82500.0,2026-09-10T08:00:00+00:00,0.008190619322984004,0.038,0.044,0.04041642,0.041,79468.64,BTC-10SEP26,0.36950000000000005,-0.8667,15.48163,0.0,0.0,0.005999999999999998,BTC,79467.96,0.0
2026-09-07T08:12:03.711653+00:00,BTC-27NOV26-62000-C,80239.89,BTC-27NOV26,call,62000.0,2026-11-27T08:00:00+00:00,0.2217429807192879,0.2335,0.2395,0.23723388,0.2365,80239.89,BTC-27NOV26,0.4482,0.90762,62.57215,0.0,0.0,0.005999999999999978,BTC,79467.96,0.0
2026-09-07T08:12:03.711653+00:00,BTC-11SEP26-67000-C,79474.3,BTC-11SEP26,call,67000.0,2026-09-11T08:00:00+00:00,0.010928470110116106,0.155,0.1595,0.15700664,0.15725,79474.3,BTC-11SEP26,0.6635,0.99358,1.49914,0.2,0.0,0.004500000000000004,BTC,79467.96,0.0
2026-09-07T08:12:03.711653+00:00,BTC-27NOV26-80000-P,80241.44,BTC-27NOV26,put,80000.0,2026-11-27T08:00:00+00:00,0.2217429807192879,0.07,0.071,0.07097346,0.0705,80241.44,BTC-27NOV26,0.38670000000000004,-0.45751,149.91228,52.3,0.7,0.000999999999999987,BTC,79467.96,3955.92
2026-09-07T08:12:03.711653+00:00,BTC-25JUN27-80000-P,82445.87,BTC-25JUN27,put,80000.0,2027-06-25T08:00:00+00:00,0.7966916460170291,0.1295,0.132,0.13106881,0.13075,82445.87,BTC-25JUN27,0.41659999999999997,-0.39489,283.38884,44.0,0.1,0.0025000000000000022,BTC,79467.96,1040.7
2026-09-07T08:12:03.711653+00:00,BTC-25DEC26-55000-P,80571.06,BTC-25DEC26,put,55000.0,2026-12-25T08:00:00+00:00,0.29840280275898673,0.007,0.008,0.00750651,0.0075,80571.06,BTC-25DEC26,0.48829999999999996,-0.05892,51.69547,2657.5,0.0,0.001,BTC,79467.96,0.0
2026-09-07T08:12:03.711653+00:00,BTC-25SEP26-98000-C,79581.53,BTC-25SEP26,call,98000.0,2026-09-25T08:00:00+00:00,0.04925838112996552,0.001,0.0012,0.0011232,0.0011,79581.53,BTC-25SEP26,0.4792,0.02833,11.46285,1129.3,1.2,0.00019999999999999987,BTC,79467.96,154.56
2026-09-07T08:12:03.711653+00:00,BTC-25JUN27-30000-P,82444.32,BTC-25JUN27,put,30000.0,2027-06-25T08:00:00+00:00,0.7966916460170291,0.0035,0.0046,0.00407716,0.00405,82444.32,BTC-25JUN27,0.6133,-0.01699,31.02216,336.4,7.0,0.0010999999999999998,BTC,79467.96,2009.5
2026-09-07T08:12:03.711653+00:00,BTC-25SEP26-100000-P,79581.53,BTC-25SEP26,put,100000.0,2026-09-25T08:00:00+00:00,0.04925838112996552,0.2535,0.2625,0.25745365,0.258,79581.53,BTC-25SEP26,0.4978,-0.97794,9.29423,336.1,0.0,0.009000000000000008,BTC,79467.96,0.0
2026-09-07T08:12:03.711653+00:00,BTC-27NOV26-72000-C,80241.44,BTC-27NOV26,call,72000.0,2026-11-27T08:00:00+00:00,0.2217429807192879,0.133,0.135,0.13354147,0.134,80241.44,BTC-27NOV26,0.3972,0.74913,120.31529,0.0,0.0,0.0020000000000000018,BTC,79467.96,0.0
2026-09-07T08:12:03.711653+00:00,BTC-30OCT26-102000-C,79928.55,BTC-30OCT26,call,102000.0,2026-10-30T08:00:00+00:00,0.14508315867958907,0.005,0.006,0.00548647,0.0055,79928.55,BTC-30OCT26,0.4288,0.07904,44.85793,198.4,0.1,0.001,BTC,79467.96,52.29
2026-09-07T08:12:03.711653+00:00,BTC-8SEP26-83500-C,79455.19,BTC-8SEP26,call,83500.0,2026-09-08T08:00:00+00:00,0.0027149177487198013,,0.0001,7.08e-05,,79455.19,BTC-8SEP26,0.4073,0.00977,1.08083,7.7,1.2,,BTC,79467.96,38.34
2026-09-07T08:12:03.711653+00:00,BTC-8SEP26-86000-P,79453.31,BTC-8SEP26,put,86000.0,2026-09-08T08:00:00+00:00,0.0027149177487198013,0.0795,0.0865,0.08253025,0.083,79453.31,BTC-8SEP26,0.4623,-0.99948,0.07637,0.0,0.0,0.006999999999999992,BTC,79467.96,0.0
2026-09-07T08:12:03.711653+00:00,BTC-27NOV26-83000-P,80241.78,BTC-27NOV26,put,83000.0,2026-11-27T08:00:00+00:00,0.2217429807192879,0.091,0.0925,0.09199537,0.09175,80241.78,BTC-27NOV26,0.38520000000000004,-0.53842,150.06852,45.2,1.9,0.0015000000000000013,BTC,79467.96,13546.92
2026-09-07T08:12:03.711653+00:00,BTC-27NOV26-79000-C,80241.78,BTC-27NOV26,call,79000.0,2026-11-27T08:00:00+00:00,0.2217429807192879,0.079,0.0805,0.07979414,0.07975,80241.78,BTC-27NOV26,0.38549999999999995,0.56976,148.45733,50.1,0.0,0.0015000000000000013,BTC,79467.96,0.0
2026-09-07T08:12:03.711653+00:00,BTC-25SEP26-102000-C,79583.08,BTC-25SEP26,call,102000.0,2026-09-25T08:00:00+00:00,0.04925838112996552,0.0005,0.0008,0.00064815,0.00065,79583.08,BTC-25SEP26,0.5109,0.01645,7.2422,199.1,0.0,0.00030000000000000003,BTC,79467.96,0.0
2026-09-07T08:12:03.711653+00:00,BTC-26MAR27-102000-C,81484.95,BTC-26MAR27,call,102000.0,2027-03-26T08:00:00+00:00,0.547547224388008,0.044,0.046,0.04487847,0.045,81484.95,BTC-26MAR27,0.40950000000000003,0.27769,202.19334,127.5,0.0,0.0020000000000000018,BTC,79467.96,0.0
2026-09-07T08:12:03.711653+00:00,BTC-25DEC26-78000-P,80569.51,BTC-25DEC26,put,78000.0,2026-12-25T08:00:00+00:00,0.29840280275898673,0.0685,0.0695,0.06905614,0.069,80569.51,BTC-25DEC26,0.3923,-0.39829,169.88076,1405.4,0.0,0.0010000000000000009,BTC,79467.96,0.0
2026-09-07T08:12:03.711653+00:00,BTC-25JUN27-76000-P,82444.32,BTC-25JUN27,put,76000.0,2027-06-25T08:00:00+00:00,0.7966916460170291,0.1055,0.108,0.10700817,0.10675,82444.32,BTC-25JUN27,0.4194,-0.343,270.59765,74.6,0.0,0.0025000000000000022,BTC,79467.96,0.0
2026-09-07T08:12:03.711653+00:00,BTC-11SEP26-79000-C,79474.43,BTC-11SEP26,call,79000.0,2026-09-11T08:00:00+00:00,0.010928470110116106,0.017,0.0185,0.01794847,0.01775,79474.43,BTC-11SEP26,0.3552,0.5703,32.63271,271.6,5.3,0.0014999999999999979,BTC,79467.96,9253.26
2026-09-07T08:12:03.711653+00:00,BTC-25SEP26-80000-C,79583.18,BTC-25SEP26,call,80000.0,2026-09-25T08:00:00+00:00,0.04925838112996552,0.0295,0.0305,0.03005872,0.03,79583.18,BTC-25SEP26,0.36729999999999996,0.48991,70.45349,6924.5,18.8,0.0010000000000000009,BTC,79467.96,46895.49
2026-09-07T08:12:03.711653+00:00,BTC-27NOV26-81000-C,80241.44,BTC-27NOV26,call,81000.0,2026-11-27T08:00:00+00:00,0.2217429807192879,0.0675,0.0685,0.06802413,0.068,80241.44,BTC-27NOV26,0.38539999999999996,0.51517,150.65918,112.0,0.0,0.0010000000000000009,BTC,79467.96,0.0
2026-09-07T08:12:03.711653+00:00,BTC-25JUN27-78000-C,82445.87,BTC-25JUN27,call,78000.0,2027-06-25T08:00:00+00:00,0.7966916460170291,0.171,0.174,0.17254563,0.1725,82445.87,BTC-25JUN27,0.4179,0.63111,277.63718,52.2,0.2,0.002999999999999975,BTC,79467.96,2769.33
2026-09-07T08:12:03.711653+00:00,BTC-10SEP26-87000-P,79468.64,BTC-10SEP26,put,87000.0,2026-09-10T08:00:00+00:00,0.008190619322984004,0.0915,0.0995,0.09495519,0.0955,79468.64,BTC-10SEP26,0.4382,-0.98848,2.16789,0.0,0.0,0.008000000000000007,BTC,79467.96,0.0
2026-09-07T08:12:03.711653+00:00,BTC-27NOV26-96000-P,80241.44,BTC-27NOV26,put,96000.0,2026-11-27T08:00:00+00:00,0.2217429807192879,0.212,0.2215,0.21549742,0.21675,80241.44,BTC-27NOV26,0.4025,-0.80289,104.87724,0.0,0.0,0.009500000000000008,BTC,79467.96,0.0
2026-09-07T08:12:03.711653+00:00,BTC-25JUN27-62000-C,82444.32,BTC-25JUN27,call,62000.0,2027-06-25T08:00:00+00:00,0.7966916460170291,0.2925,0.296,0.29430271,0.29425,82444.32,BTC-25JUN27,0.4411,0.82124,192.29845,117.0,0.0,0.003500000000000003,BTC,79467.96,0.0
2026-09-07T08:12:03.711653+00:00,BTC-25SEP26-92000-P,79583.08,BTC-25SEP26,put,92000.0,2026-09-25T08:00:00+00:00,0.04925838112996552,0.1555,0.163,0.15884046,0.15925,79583.08,BTC-25SEP26,0.42710000000000004,-0.93112,23.42656,7.7,0.0,0.007500000000000007,BTC,79467.96,0.0
2026-09-07T08:12:03.711653+00:00,BTC-27NOV26-104000-P,80239.89,BTC-27NOV26,put,104000.0,2026-11-27T08:00:00+00:00,0.2217429807192879,0.3025,0.3125,0.30618376,0.3075,80239.89,BTC-27NOV26,0.42090000000000005,-0.88688,72.50022,0.0,0.0,0.010000000000000009,BTC,79467.96,0.0
2026-09-07T08:12:03.711653+00:00,BTC-26MAR27-58000-C,81484.95,BTC-26MAR27,call,58000.0,2027-03-26T08:00:00+00:00,0.547547224388008,0.3055,0.3145,0.31035635,0.31,81484.95,BTC-26MAR27,0.44939999999999997,0.88257,118.80767,4.3,0.0,0.009000000000000008,BTC,79468.57,0.0
2026-09-07T08:12:03.711653+00:00,BTC-26MAR27-94000-C,81484.95,BTC-26MAR27,call,94000.0,2027-03-26T08:00:00+00:00,0.547547224388008,0.0645,0.066,0.06535394,0.06525,81484.95,BTC-26MAR27,0.40399999999999997,0.37116,227.93518,166.3,0.0,0.0015000000000000013,BTC,79468.57,0.0
2026-09-07T08:12:03.711653+00:00,BTC-26MAR27-72000-C,81484.95,BTC-26MAR27,call,72000.0,2027-03-26T08:00:00+00:00,0.547547224388008,0.18,0.1825,0.18136543,0.18125,81484.95,BTC-26MAR27,0.4114,0.71164,205.88652,95.2,0.0,0.0025000000000000022,BTC,79468.57,0.0
2026-09-07T08:12:03.711653+00:00,BTC-25JUN27-50000-C,82444.32,BTC-25JUN27,call,50000.0,2027-06-25T08:00:00+00:00,0.7966916460170291,0.412,0.415,0.41317831,0.4135,82444.32,BTC-25JUN27,0.47979999999999995,0.91641,113.10761,17.5,0.0,0.0030000000000000027,BTC,79468.57,0.0
2026-09-07T08:12:03.711653+00:00,BTC-25DEC26-55000-C,80571.06,BTC-25DEC26,call,55000.0,2026-12-25T08:00:00+00:00,0.29840280275898673,0.3205,0.3275,0.32479979,0.324,80571.06,BTC-25DEC26,0.48829999999999996,0.94109,51.69323,44.9,0.0,0.007000000000000006,BTC,79468.57,0.0
2026-09-07T08:12:03.711653+00:00,BTC-25SEP26-52000-C,79581.53,BTC-25SEP26,call,52000.0,2026-09-25T08:00:00+00:00,0.04925838112996552,0.344,0.3485,0.34675518,0.34625,79581.53,BTC-25SEP26,0.7292000000000001,0.99661,1.80417,150.2,0.0,0.004500000000000004,BTC,79468.57,0.0
2026-09-07T08:12:03.711653+00:00,BTC-25DEC26-240000-C,80571.06,BTC-25DEC26,call,240000.0,2026-12-25T08:00:00+00:00,0.29840280275898673,0.0002,0.0005,0.00031632,0.00035,80571.06,BTC-25DEC26,0.6831999999999999,0.0031,4.14825,785.2,0.0,0.00030000000000000003,BTC,79468.45,0.0
2026-09-07T08:12:03.711653+00:00,BTC-10SEP26-87000-C,79468.64,BTC-10SEP26,call,87000.0,2026-09-10T08:00:00+00:00,0.008190619322984004,0.0001,0.0002,0.00015975,0.00015,79468.64,BTC-10SEP26,0.4382,0.01152,2.16814,1.5,1.6,0.0001,BTC,79468.57,59.07
2026-09-07T08:12:03.711653+00:00,BTC-11SEP26-86000-C,79474.43,BTC-11SEP26,call,86000.0,2026-09-11T08:00:00+00:00,0.010928470110116106,0.0007,0.0009,0.00073106,0.0008,79474.43,BTC-11SEP26,0.4282,0.04062,7.2498,1503.5,0.7,0.00019999999999999998,BTC,79468.45,73.53
2026-09-07T08:12:03.711653+00:00,BTC-26MAR27-66000-P,81484.95,BTC-26MAR27,put,66000.0,2027-03-26T08:00:00+00:00,0.547547224388008,0.041,0.0425,0.04198205,0.04175,81484.95,BTC-26MAR27,0.42369999999999997,-0.2037,170.703,110.2,0.0,0.0015000000000000013,BTC,79468.45,0.0
2026-09-07T08:12:03.711653+00:00,BTC-25DEC26-75000-C,80569.51,BTC-25DEC26,call,75000.0,2026-12-25T08:00:00+00:00,0.29840280275898673,0.1215,0.1235,0.12229329,0.1225,80569.51,BTC-25DEC26,0.39649999999999996,0.66946,159.52757,1881.8,0.0,0.0020000000000000018,BTC,79468.45,0.0
2026-09-07T08:12:03.711653+00:00,BTC-10SEP26-81000-C,79468.76,BTC-10SEP26,call,81000.0,2026-09-10T08:00:00+00:00,0.008190619322984004,0.005,0.006,0.00556338,0.0055,79468.76,BTC-10SEP26,0.35619999999999996,0.28001,24.21318,5.1,5.1,0.001,BTC,79468.45,2240.53
2026-09-07T08:12:03.711653+00:00,BTC-18SEP26-78000-C,79535.47,BTC-18SEP26,call,78000.0,2026-09-18T08:00:00+00:00,0.030093425620040814,0.0355,0.037,0.0364781,0.03625,79535.47,BTC-18SEP26,0.37479999999999997,0.62949,52.12735,96.8,10.0,0.0015000000000000013,BTC,79468.45,32005.34
2026-09-07T08:12:03.711653+00:00,BTC-9SEP26-81000-P,79465.37,BTC-9SEP26,put,81000.0,2026-09-09T08:00:00+00:00,0.005452768535851902,0.0205,0.026,0.02272785,0.02325,79465.37,BTC-9SEP26,0.3429,-0.77423,17.63373,0.2,0.2,0.005499999999999998,BTC,79468.16,330.66
2026-09-07T08:12:03.711653+00:00,BTC-11SEP26-88000-C,79474.43,BTC-11SEP26,call,88000.0,2026-09-11T08:00:00+00:00,0.010928470110116106,0.0003,0.0004,0.00030337,0.00035,79474.43,BTC-11SEP26,0.4583,0.01766,3.61891,1329.6,10.6,0.00010000000000000005,BTC,79468.16,481.72
2026-09-07T08:12:03.711653+00:00,BTC-25SEP26-77000-P,79581.53,BTC-25SEP26,put,77000.0,2026-09-25T08:00:00+00:00,0.04925838112996552,0.018,0.0185,0.01844153,0.01825,79581.53,BTC-25SEP26,0.36840000000000006,-0.32903,63.90156,1094.5,1.2,0.0005000000000000004,BTC,79468.45,1729.32
2026-09-07T08:12:03.711653+00:00,BTC-26MAR27-35000-P,81484.95,BTC-26MAR27,put,35000.0,2027-03-26T08:00:00+00:00,0.547547224388008,0.0028,0.0035,0.00312868,0.00315,81484.95,BTC-26MAR27,0.5997,-0.01679,25.15525,623.5,0.5,0.0007000000000000001,BTC,79468.16,101.01
2026-09-07T08:12:03.711653+00:00,BTC-9SEP26-75000-P,79463.71,BTC-9SEP26,put,75000.0,2026-09-09T08:00:00+00:00,0.005452768535851902,0.0003,0.0005,0.00039452,0.0004,79463.71,BTC-9SEP26,0.4249,-0.03099,4.10223,5.0,0.0,0.00020000000000000004,BTC,79468.16,0.0
2026-09-07T08:12:03.711653+00:00,BTC-25JUN27-30000-C,82444.32,BTC-25JUN27,call,30000.0,2027-06-25T08:00:00+00:00,0.7966916460170291,0.6375,0.642,0.64016149,0.63975,82444.32,BTC-25JUN27,0.6133,0.98301,31.01942,75.5,6.0,0.0045000000000000595,BTC,79468.16,307488.78
2026-09-07T08:12:03.711653+00:00,BTC-30OCT26-73000-C,79928.55,BTC-30OCT26,call,73000.0,2026-10-30T08:00:00+00:00,0.14508315867958907,0.1085,0.1105,0.1092085,0.1095,79928.55,BTC-30OCT26,0.3818,0.75657,95.39673,634.0,0.1,0.0020000000000000018,BTC,79468.16,915.8
2026-09-07T08:12:03.711653+00:00,BTC-30OCT26-81000-P,79928.69,BTC-30OCT26,put,81000.0,2026-10-30T08:00:00+00:00,0.14508315867958907,0.063,0.064,0.06389117,0.0635,79928.69,BTC-30OCT26,0.3724,-0.50955,121.44683,167.0,3.0,0.0010000000000000009,BTC,79468.16,15143.96
2026-09-07T08:12:03.711653+00:00,BTC-25SEP26-50000-P,79583.08,BTC-25SEP26,put,50000.0,2026-09-25T08:00:00+00:00,0.04925838112996552,,0.0002,0.00014072,,79583.08,BTC-25SEP26,0.7734000000000001,-0.00262,1.43076,3751.0,5.4,,BTC,79468.16,43.14
2026-09-07T08:12:03.711653+00:00,BTC-26MAR27-64000-P,81484.95,BTC-26MAR27,put,64000.0,2027-03-26T08:00:00+00:00,0.547547224388008,0.035,0.0365,0.03605739,0.03575,81484.95,BTC-26MAR27,0.4294,-0.17917,157.79078,126.0,0.0,0.0014999999999999944,BTC,79468.16,0.0
2026-09-07T08:12:03.711653+00:00,BTC-8SEP26-78000-C,79453.31,BTC-8SEP26,call,78000.0,2026-09-08T08:00:00+00:00,0.0027149177487198013,0.016,0.022,0.019363,0.019,79453.31,BTC-8SEP26,0.3248,0.8641,9.02884,0.1,0.0,0.005999999999999998,BTC,79468.16,0.0
2026-09-07T08:12:03.711653+00:00,BTC-26MAR27-115000-P,81484.95,BTC-26MAR27,put,115000.0,2027-03-26T08:00:00+00:00,0.547547224388008,0.43,0.4465,0.4369764,0.43825,81484.95,BTC-26MAR27,0.4241,-0.82665,154.52635,2.2,0.0,0.016500000000000015,BTC,79468.16,0.0
2026-09-07T08:12:03.711653+00:00,BTC-26MAR27-35000-C,81483.4,BTC-26MAR27,call,35000.0,2027-03-26T08:00:00+00:00,0.547547224388008,0.571,0.5755,0.57354568,0.57325,81483.4,BTC-26MAR27,0.5997,0.98321,25.15493,20.3,0.4,0.0045000000000000595,BTC,79468.16,18607.15
2026-09-07T08:12:03.711653+00:00,BTC-9SEP26-77000-P,79465.37,BTC-9SEP26,put,77000.0,2026-09-09T08:00:00+00:00,0.005452768535851902,0.0013,0.0015,0.0014471,0.0014,79465.37,BTC-9SEP26,0.3553,-0.11175,11.16016,13.6,11.0,0.0002000000000000001,BTC,79468.16,1221.06
2026-09-07T08:12:03.711653+00:00,BTC-25JUN27-54000-P,82445.87,BTC-25JUN27,put,54000.0,2027-06-25T08:00:00+00:00,0.7966916460170291,0.0255,0.0275,0.02647001,0.0265,82445.87,BTC-25JUN27,0.46399999999999997,-0.1097,138.12788,50.1,3.1,0.0020000000000000018,BTC,79468.16,6455.76
2026-09-07T08:12:03.711653+00:00,BTC-8SEP26-85000-C,79453.31,BTC-8SEP26,call,85000.0,2026-09-08T08:00:00+00:00,0.0027149177487198013,,0.0001,1.217e-05,,79453.31,BTC-8SEP26,0.44439999999999996,0.00182,0.24133,31.8,31.5,,BTC,79468.16,270.3
2026-09-07T08:12:03.711653+00:00,BTC-30OCT26-77000-C,79928.55,BTC-30OCT26,call,77000.0,2026-10-30T08:00:00+00:00,0.14508315867958907,0.075,0.077,0.07582694,0.076,79928.55,BTC-30OCT26,0.373,0.6304,114.9328,116.0,0.0,0.0020000000000000018,BTC,79468.16,0.0
2026-09-07T08:12:03.711653+00:00,BTC-9SEP26-88000-P,79463.71,BTC-9SEP26,put,88000.0,2026-09-09T08:00:00+00:00,0.005452768535851902,0.104,0.112,0.10759444,0.108,79463.71,BTC-9SEP26,0.5371,-0.99469,0.89479,0.0,0.0,0.008000000000000007,BTC,79468.16,0.0
2026-09-07T08:12:03.711653+00:00,BTC-25SEP26-140000-P,79583.08,BTC-25SEP26,put,140000.0,2026-09-25T08:00:00+00:00,0.04925838112996552,0.754,0.7665,0.75922933,0.76025,79583.08,BTC-25SEP26,0.7598999999999999,-0.99945,0.3418,1.4,0.0,0.012499999999999956,BTC,79468.16,0.0
2026-09-07T08:12:03.711653+00:00,BTC-27NOV26-106000-P,80241.44,BTC-27NOV26,put,106000.0,2026-11-27T08:00:00+00:00,0.2217429807192879,0.326,0.3365,0.3298175,0.33125,80241.44,BTC-27NOV26,0.42729999999999996,-0.90041,66.12506,0.0,0.0,0.01050000000000001,BTC,79468.16,0.0
2026-09-07T08:12:03.711653+00:00,BTC-30OCT26-104000-C,79928.55,BTC-30OCT26,call,104000.0,2026-10-30T08:00:00+00:00,0.14508315867958907,0.0043,0.0047,0.0045263,0.0045,79928.55,BTC-30OCT26,0.4355,0.0662,39.16044,89.2,0.5,0.0004000000000000002,BTC,79468.16,219.74
2026-09-07T08:12:03.711653+00:00,BTC-27NOV26-91000-P,80239.89,BTC-27NOV26,put,91000.0,2026-11-27T08:00:00+00:00,0.2217429807192879,0.16,0.1685,0.16320051,0.16425,80239.89,BTC-27NOV26,0.3931,-0.72167,126.84927,0.0,0.0,0.008500000000000008,BTC,79468.16,0.0
2026-09-07T08:12:03.711653+00:00,BTC-11SEP26-84000-P,79472.75,BTC-11SEP26,put,84000.0,2026-09-11T08:00:00+00:00,0.010928470110116106,0.056,0.0625,0.05886219,0.05925,79472.75,BTC-11SEP26,0.3969,-0.90661,13.86804,2.9,0.0,0.006499999999999999,BTC,79468.16,0.0
2026-09-07T08:12:03.711653+00:00,BTC-26MAR27-108000-P,81484.95,BTC-26MAR27,put,108000.0,2027-03-26T08:00:00+00:00,0.547547224388008,0.3535,0.3685,0.3598789,0.361,81484.95,BTC-26MAR27,0.4157,-0.77702,179.94844,0.1,0.0,0.015000000000000013,BTC,79468.16,0.0
2026-09-07T08:12:03.711653+00:00,BTC-10SEP26-78500-P,79468.76,BTC-10SEP26,put,78500.0,2026-09-10T08:00:00+00:00,0.008190619322984004,0.0065,0.007,0.00698154,0.00675,79468.76,BTC-10SEP26,0.33740000000000003,-0.33952,26.34114,0.1,0.1,0.0005000000000000004,BTC,79468.16,71.2
2026-09-07T08:12:03.711653+00:00,BTC-26MAR27-180000-C,81484.95,BTC-26MAR27,call,180000.0,2027-03-26T08:00:00+00:00,0.547547224388008,0.004,0.0045,0.00424575,0.00425,81484.95,BTC-26MAR27,0.5232,0.03194,43.21352,503.3,0.1,0.0004999999999999996,BTC,79468.16,35.01
2026-09-07T08:12:03.711653+00:00,BTC-26MAR27-84000-P,81483.4,BTC-26MAR27,put,84000.0,2027-03-26T08:00:00+00:00,0.547547224388008,0.135,0.1375,0.136108,0.13625,81483.4,BTC-26MAR27,0.40159999999999996,-0.48172,240.34059,55.2,0.0,0.0025000000000000022,BTC,79468.16,0.0
2026-09-07T08:12:03.711653+00:00,BTC-30OCT26-72000-P,79928.55,BTC-30OCT26,put,72000.0,2026-10-30T08:00:00+00:00,0.14508315867958907,0.019,0.02,0.01954264,0.0195,79928.55,BTC-30OCT26,0.3857,-0.21664,89.36838,408.4,0.3,0.0010000000000000009,BTC,79468.16,450.9
2026-09-07T08:12:03.711653+00:00,BTC-30OCT26-50000-P,79928.55,BTC-30OCT26,put,50000.0,2026-10-30T08:00:00+00:00,0.14508315867958907,0.0011,0.0015,0.00135546,0.0013,79928.55,BTC-30OCT26,0.6019,-0.01532,11.7429,329.1,1.5,0.00039999999999999996,BTC,79468.16,133.53
2026-09-07T08:12:03.711653+00:00,BTC-25SEP26-120000-C,79583.08,BTC-25SEP26,call,120000.0,2026-09-25T08:00:00+00:00,0.04925838112996552,0.0001,0.0002,0.00014526,0.00015,79583.08,BTC-25SEP26,0.6645,0.00335,1.78546,1331.6,23.5,0.0001,BTC,79468.16,374.45
2026-09-07T08:12:03.711653+00:00,BTC-30OCT26-78000-C,79928.55,BTC-30OCT26,call,78000.0,2026-10-30T08:00:00+00:00,0.14508315867958907,0.068,0.0695,0.06876878,0.06875,79928.55,BTC-30OCT26,0.3725,0.59568,117.97053,462.5,0.0,0.0015000000000000013,BTC,79468.16,0.0
2026-09-07T08:12:03.711653+00:00,BTC-25SEP26-170000-P,79583.08,BTC-25SEP26,put,170000.0,2026-09-25T08:00:00+00:00,0.04925838112996552,1.13,1.145,1.13618105,1.1375,79583.08,BTC-25SEP26,0.8693000000000001,-0.99994,0.04476,0.0,0.0,0.015000000000000124,BTC,79468.16,0.0
2026-09-07T08:12:03.711653+00:00,BTC-18SEP26-69000-C,79533.65,BTC-18SEP26,call,69000.0,2026-09-18T08:00:00+00:00,0.030093425620040814,0.13,0.1365,0.13341444,0.13325,79533.65,BTC-18SEP26,0.45659999999999995,0.96648,10.29223,0.0,0.0,0.006500000000000006,BTC,79467.87,0.0
2026-09-07T08:12:03.711653+00:00,BTC-26MAR27-88000-C,81484.95,BTC-26MAR27,call,88000.0,2027-03-26T08:00:00+00:00,0.547547224388008,0.086,0.088,0.08703419,0.087,81484.95,BTC-26MAR27,0.4019,0.45608,239.13345,77.0,1.0,0.0020000000000000018,BTC,79467.87,6953.81
2026-09-07T08:12:03.711653+00:00,BTC-30OCT26-83000-C,79928.55,BTC-30OCT26,call,83000.0,2026-10-30T08:00:00+00:00,0.14508315867958907,0.04,0.041,0.04067608,0.0405,79928.55,BTC-30OCT26,0.374,0.42291,119.2058,225.3,0.1,0.0010000000000000009,BTC,79467.87,329.96
2026-09-07T08:12:03.711653+00:00,BTC-26MAR27-74000-P,81484.95,BTC-26MAR27,put,74000.0,2027-03-26T08:00:00+00:00,0.547547224388008,0.0735,0.0755,0.07451295,0.0745,81484.95,BTC-26MAR27,0.40850000000000003,-0.31941,215.50117,197.2,0.0,0.0020000000000000018,BTC,79467.87,0.0
2026-09-07T08:12:03.711653+00:00,BTC-26MAR27-170000-C,81484.95,BTC-26MAR27,call,170000.0,2027-03-26T08:00:00+00:00,0.547547224388008,0.005,0.0055,0.00528627,0.00525,81484.95,BTC-26MAR27,0.5108,0.03946,51.39917,648.7,0.3,0.0004999999999999996,BTC,79467.87,123.81
2026-09-07T08:12:03.711653+00:00,BTC-27NOV26-85000-C,80239.89,BTC-27NOV26,call,85000.0,2026-11-27T08:00:00+00:00,0.2217429807192879,0.048,0.049,0.04862408,0.0485,80239.89,BTC-27NOV26,0.386,0.41026,146.9382,528.9,1.0,0.0010000000000000009,BTC,79467.87,3984.04
2026-09-07T08:12:03.711653+00:00,BTC-26MAR27-74000-C,81484.95,BTC-26MAR27,call,74000.0,2027-03-26T08:00:00+00:00,0.547547224388008,0.165,0.1675,0.16625175,0.16625,81484.95,BTC-26MAR27,0.40850000000000003,0.68059,215.50094,66.8,10.0,0.0025000000000000022,BTC,79467.99,138975.01
2026-09-07T08:12:03.711653+00:00,BTC-9SEP26-71000-P,79463.71,BTC-9SEP26,put,71000.0,2026-09-09T08:00:00+00:00,0.005452768535851902,,0.0002,0.00012147,,79463.71,BTC-9SEP26,0.6353,-0.00773,1.24821,15.0,5.2,,BTC,79467.99,44.68
2026-09-07T08:12:03.711653+00:00,BTC-25DEC26-64000-P,80571.7,BTC-25DEC26,put,64000.0,2026-12-25T08:00:00+00:00,0.29840280275898673,0.0175,0.0185,0.01805241,0.018,80571.7,BTC-25DEC26,0.43,-0.13636,96.2344,361.1,0.0,0.0009999999999999974,BTC,79467.99,0.0
2026-09-07T08:12:03.711653+00:00,BTC-25SEP26-81000-C,79583.18,BTC-25SEP26,call,81000.0,2026-09-25T08:00:00+00:00,0.04925838112996552,0.0245,0.0255,0.02497184,0.025,79583.18,BTC-25SEP26,0.37070000000000003,0.43032,69.39848,2522.1,25.7,0.0009999999999999974,BTC,79467.87,50713.81
2026-09-07T08:12:03.711653+00:00,BTC-26MAR27-54000-C,81483.4,BTC-26MAR27,call,54000.0,2027-03-26T08:00:00+00:00,0.547547224388008,0.349,0.3565,0.35321876,0.35275,81483.4,BTC-26MAR27,0.46740000000000004,0.91348,95.09364,0.1,0.0,0.007500000000000007,BTC,79467.99,0.0
2026-09-07T08:12:03.711653+00:00,BTC-25JUN27-96000-P,82445.87,BTC-25JUN27,put,96000.0,2027-06-25T08:00:00+00:00,0.7966916460170291,0.252,0.2575,0.25439758,0.25475,82445.87,BTC-25JUN27,0.4152,-0.58923,286.26452,0.0,0.0,0.005500000000000005,BTC,79467.99,0.0
2026-09-07T08:12:03.711653+00:00,BTC-27NOV26-91000-C,80239.89,BTC-27NOV26,call,91000.0,2026-11-27T08:00:00+00:00,0.2217429807192879,0.0285,0.0295,0.02909517,0.029,80239.89,BTC-27NOV26,0.3931,0.27832,126.84604,70.3,1.0,0.0009999999999999974,BTC,79467.99,2616.21
2026-09-07T08:12:03.711653+00:00,BTC-9SEP26-71000-C,79465.37,BTC-9SEP26,call,71000.0,2026-09-09T08:00:00+00:00,0.005452768535851902,0.103,0.109,0.10654763,0.106,79465.37,BTC-9SEP26,0.6353,0.99227,1.24809,0.0,0.0,0.006000000000000005,BTC,79467.99,0.0
2026-09-07T08:12:03.711653+00:00,BTC-18SEP26-83000-P,79535.2,BTC-18SEP26,put,83000.0,2026-09-18T08:00:00+00:00,0.030093425620040814,0.053,0.0555,0.05449778,0.05425,79535.2,BTC-18SEP26,0.38530000000000003,-0.72822,45.77819,0.0,0.0,0.0025000000000000022,BTC,79468.51,0.0
2026-09-07T08:12:03.711653+00:00,BTC-25SEP26-115000-C,79581.53,BTC-25SEP26,call,115000.0,2026-09-25T08:00:00+00:00,0.04925838112996552,0.0001,0.0002,0.00016602,0.00015,79581.53,BTC-25SEP26,0.6114,0.00407,2.12711,2159.9,0.0,0.0001,BTC,79467.99,0.0
2026-09-07T08:12:03.711653+00:00,BTC-25JUN27-84000-P,82444.32,BTC-25JUN27,put,84000.0,2027-06-25T08:00:00+00:00,0.7966916460170291,0.1565,0.159,0.15781698,0.15775,82444.32,BTC-25JUN27,0.4143,-0.44665,291.01055,6.5,0.0,0.0025000000000000022,BTC,79467.99,0.0
2026-09-07T08:12:03.711653+00:00,BTC-26MAR27-120000-P,81483.4,BTC-26MAR27,put,120000.0,2027-03-26T08:00:00+00:00,0.547547224388008,0.4865,0.5035,0.49364129,0.495,81483.4,BTC-26MAR27,0.4301,-0.85479,137.5863,1.8,0.0,0.01699999999999996,BTC,79468.51,0.0
2026-09-07T08:12:03.711653+00:00,BTC-18SEP26-84000-C,79535.47,BTC-18SEP26,call,84000.0,2026-09-18T08:00:00+00:00,0.030093425620040814,0.008,0.0085,0.00823685,0.00825,79535.47,BTC-18SEP26,0.3897,0.21859,40.70917,534.1,0.0,0.0005000000000000004,BTC,79468.51,0.0
2026-09-07T08:12:03.711653+00:00,BTC-9SEP26-82500-P,79463.71,BTC-9SEP26,put,82500.0,2026-09-09T08:00:00+00:00,0.005452768535851902,0.0365,0.043,0.0393536,0.03975,79463.71,BTC-9SEP26,0.36729999999999996,-0.91631,9.02605,0.0,0.0,0.006499999999999999,BTC,79468.51,0.0
2026-09-07T08:12:03.711653+00:00,BTC-11SEP26-81000-C,79474.43,BTC-11SEP26,call,81000.0,2026-09-11T08:00:00+00:00,0.010928470110116106,0.007,0.008,0.00762625,0.0075,79474.43,BTC-11SEP26,0.36450000000000005,0.31171,29.38445,756.9,41.6,0.001,BTC,79468.51,38399.14
2026-09-07T08:12:03.711653+00:00,BTC-8SEP26-84000-P,79453.31,BTC-8SEP26,put,84000.0,2026-09-08T08:00:00+00:00,0.0027149177487198013,0.0545,0.0615,0.05738454,0.058,79453.31,BTC-8SEP26,0.41200000000000003,-0.99515,0.58254,0.0,0.0,0.006999999999999999,BTC,79468.51,0.0
2026-09-07T08:12:03.711653+00:00,BTC-30OCT26-78000-P,79928.55,BTC-30OCT26,put,78000.0,2026-10-30T08:00:00+00:00,0.14508315867958907,0.044,0.045,0.04466392,0.0445,79928.55,BTC-30OCT26,0.3725,-0.4043,117.97011,515.6,100.1,0.0010000000000000009,BTC,79468.51,352476.37
2026-09-07T08:12:03.711653+00:00,BTC-11SEP26-82000-P,79474.3,BTC-11SEP26,put,82000.0,2026-09-11T08:00:00+00:00,0.010928470110116106,0.034,0.04,0.03659561,0.037,79474.3,BTC-11SEP26,0.3722,-0.78626,24.19573,66.1,0.0,0.005999999999999998,BTC,79468.67,0.0
2026-09-07T08:12:03.711653+00:00,BTC-18SEP26-79000-C,79535.2,BTC-18SEP26,call,79000.0,2026-09-18T08:00:00+00:00,0.030093425620040814,0.0285,0.0295,0.02930234,0.029,79535.2,BTC-18SEP26,0.375,0.55342,54.55888,319.0,19.4,0.0009999999999999974,BTC,79468.67,49485.39
2026-09-07T08:12:03.711653+00:00,BTC-26MAR27-104000-P,81484.95,BTC-26MAR27,put,104000.0,2027-03-26T08:00:00+00:00,0.547547224388008,0.311,0.3255,0.31747663,0.31825,81484.95,BTC-26MAR27,0.41159999999999997,-0.74182,194.91098,0.1,0.0,0.014500000000000013,BTC,79468.67,0.0
2026-09-07T08:12:03.711653+00:00,BTC-18SEP26-77000-C,79535.2,BTC-18SEP26,call,77000.0,2026-09-18T08:00:00+00:00,0.030093425620040814,0.0435,0.0455,0.04453042,0.0445,79535.2,BTC-18SEP26,0.3757,0.70134,47.88371,53.3,0.0,0.0020000000000000018,BTC,79468.67,0.0
2026-09-07T08:12:03.711653+00:00,BTC-8SEP26-80000-C,79455.19,BTC-8SEP26,call,80000.0,2026-09-08T08:00:00+00:00,0.0027149177487198013,0.0033,0.0037,0.00357,0.0035,79455.19,BTC-8SEP26,0.30829999999999996,0.33526,15.08554,41.7,28.1,0.0004000000000000002,BTC,79468.67,10850.25
2026-09-07T08:12:03.711653+00:00,BTC-26MAR27-94000-P,81484.95,BTC-26MAR27,put,94000.0,2027-03-26T08:00:00+00:00,0.547547224388008,0.2135,0.226,0.21909114,0.21975,81484.95,BTC-26MAR27,0.40399999999999997,-0.62884,227.93648,9.7,0.0,0.012500000000000011,BTC,79468.67,0.0
2026-09-07T08:12:03.711653+00:00,BTC-25DEC26-100000-P,80571.06,BTC-25DEC26,put,100000.0,2026-12-25T08:00:00+00:00,0.29840280275898673,0.259,0.2695,0.26258968,0.26425,80571.06,BTC-25DEC26,0.4044,-0.80722,120.52854,303.3,0.0,0.01050000000000001,BTC,79468.67,0.0
2026-09-07T08:12:03.711653+00:00,BTC-25DEC26-75000-P,80571.7,BTC-25DEC26,put,75000.0,2026-12-25T08:00:00+00:00,0.29840280275898673,0.0525,0.0535,0.05321104,0.053,80571.7,BTC-25DEC26,0.39649999999999996,-0.33054,159.52704,1209.8,0.0,0.0010000000000000009,BTC,79468.67,0.0
2026-09-07T08:12:03.711653+00:00,BTC-27NOV26-76000-P,80239.89,BTC-27NOV26,put,76000.0,2026-11-27T08:00:00+00:00,0.2217429807192879,0.047,0.048,0.04763995,0.0475,80239.89,BTC-27NOV26,0.3884,-0.34917,139.86209,43.2,0.0,0.0010000000000000009,BTC,79468.67,0.0
2026-09-07T08:12:03.711653+00:00,BTC-9SEP26-77000-C,79463.71,BTC-9SEP26,call,77000.0,2026-09-09T08:00:00+00:00,0.005452768535851902,0.029,0.035,0.03237853,0.032,79463.71,BTC-9SEP26,0.3557,0.88834,11.1537,0.9,0.9,0.006000000000000002,BTC,79468.2,2323.48
2026-09-07T08:12:03.711653+00:00,BTC-27NOV26-120000-P,80239.89,BTC-27NOV26,put,120000.0,2026-11-27T08:00:00+00:00,0.2217429807192879,0.4945,0.5075,0.49919584,0.501,80239.89,BTC-27NOV26,0.46990000000000004,-0.95623,35.0294,0.0,0.0,0.012999999999999956,BTC,79468.67,0.0
2026-09-07T08:12:03.711653+00:00,BTC-25SEP26-130000-C,79583.08,BTC-25SEP26,call,130000.0,2026-09-25T08:00:00+00:00,0.04925838112996552,,0.0001,6.539e-05,,79583.08,BTC-25SEP26,0.7245,0.00148,0.85303,1452.2,0.0,,BTC,79468.67,0.0
2026-09-07T08:12:03.711653+00:00,BTC-26MAR27-76000-C,81484.95,BTC-26MAR27,call,76000.0,2027-03-26T08:00:00+00:00,0.547547224388008,0.151,0.1535,0.15197551,0.15225,81484.95,BTC-26MAR27,0.4056,0.64868,223.68643,530.6,0.1,0.0025000000000000022,BTC,79468.2,1223.88
2026-09-07T08:12:03.711653+00:00,BTC-11SEP26-90000-C,79474.43,BTC-11SEP26,call,90000.0,2026-09-11T08:00:00+00:00,0.010928470110116106,0.0001,0.0002,0.00015623,0.00015,79474.43,BTC-11SEP26,0.498,0.00902,2.0235,1490.0,1.8,0.0001,BTC,79468.2,26.29
2026-09-07T08:12:03.711653+00:00,BTC-25JUN27-92000-C,82444.32,BTC-25JUN27,call,92000.0,2027-06-25T08:00:00+00:00,0.7966916460170291,0.1025,0.105,0.10385107,0.10375,82444.32,BTC-25JUN27,0.414,0.45536,291.80234,15.7,0.0,0.0025000000000000022,BTC,79468.2,0.0
2026-09-07T08:12:03.711653+00:00,BTC-18SEP26-68000-P,79533.65,BTC-18SEP26,put,68000.0,2026-09-18T08:00:00+00:00,0.030093425620040814,0.0007,0.0008,0.00077721,0.00075,79533.65,BTC-18SEP26,0.4685,-0.02468,7.97834,93.8,12.7,0.00010000000000000005,BTC,79468.2,802.81
2026-09-07T08:12:03.711653+00:00,BTC-30OCT26-65000-P,79928.69,BTC-30OCT26,put,65000.0,2026-10-30T08:00:00+00:00,0.14508315867958907,0.007,0.0075,0.00735674,0.00725,79928.69,BTC-30OCT26,0.4313,-0.0901,49.49065,547.1,5.0,0.0004999999999999996,BTC,79468.2,2977.09
2026-09-07T08:12:03.711653+00:00,BTC-30OCT26-59000-P,79928.69,BTC-30OCT26,put,59000.0,2026-10-30T08:00:00+00:00,0.14508315867958907,0.0032,0.0036,0.00343189,0.0034,79928.69,BTC-30OCT26,0.4882,-0.04228,27.44487,84.7,0.0,0.00039999999999999975,BTC,79468.2,0.0
2026-09-07T08:12:03.711653+00:00,BTC-25SEP26-92000-C,79581.53,BTC-25SEP26,call,92000.0,2026-09-25T08:00:00+00:00,0.04925838112996552,0.0026,0.0029,0.002791,0.00275,79581.53,BTC-25SEP26,0.42710000000000004,0.06889,23.42873,1295.2,0.7,0.0002999999999999999,BTC,79468.2,218.72
2026-09-07T08:12:03.711653+00:00,BTC-25SEP26-125000-C,79581.53,BTC-25SEP26,call,125000.0,2026-09-25T08:00:00+00:00,0.04925838112996552,0.0001,0.0002,0.00014508,0.00015,79581.53,BTC-25SEP26,0.7225,0.00311,1.66943,2325.5,4.0,0.0001,BTC,79468.2,31.85
2026-09-07T08:12:03.711653+00:00,BTC-25SEP26-83000-P,79583.18,BTC-25SEP26,put,83000.0,2026-09-25T08:00:00+00:00,0.04925838112996552,0.0585,0.0605,0.05964771,0.0595,79583.18,BTC-25SEP26,0.3754,-0.67903,63.25561,20.3,0.0,0.001999999999999995,BTC,79468.2,0.0
2026-09-07T08:12:03.711653+00:00,BTC-30OCT26-82000-C,79928.69,BTC-30OCT26,call,82000.0,2026-10-30T08:00:00+00:00,0.14508315867958907,0.0445,0.046,0.04539007,0.04525,79928.69,BTC-30OCT26,0.3732,0.45623,120.74957,1112.6,8.9,0.0015000000000000013,BTC,79468.2,36857.84
2026-09-07T08:12:03.711653+00:00,BTC-25DEC26-120000-P,80571.06,BTC-25DEC26,put,120000.0,2026-12-25T08:00:00+00:00,0.29840280275898673,0.491,0.5045,0.49606382,0.49775,80571.06,BTC-25DEC26,0.44880000000000003,-0.93354,56.78585,35.7,0.0,0.013499999999999956,BTC,79468.36,0.0
2026-09-07T08:12:03.711653+00:00,BTC-9SEP26-78500-P,79465.37,BTC-9SEP26,put,78500.0,2026-09-09T08:00:00+00:00,0.005452768535851902,0.0046,0.0049,0.00494084,0.00475,79465.37,BTC-9SEP26,0.3362,-0.30711,20.61805,2.7,1.5,0.0002999999999999999,BTC,79468.36,678.87
2026-09-07T08:12:03.711653+00:00,BTC-30OCT26-110000-C,79928.55,BTC-30OCT26,call,110000.0,2026-10-30T08:00:00+00:00,0.14508315867958907,0.0026,0.003,0.00279909,0.0028,79928.55,BTC-30OCT26,0.46090000000000003,0.0417,27.14394,1040.4,3.2,0.0004000000000000002,BTC,79468.36,801.49
2026-09-07T08:12:03.711653+00:00,BTC-25JUN27-70000-P,82445.87,BTC-25JUN27,put,70000.0,2027-06-25T08:00:00+00:00,0.7966916460170291,0.0755,0.0775,0.07659496,0.0765,82445.87,BTC-25JUN27,0.42619999999999997,-0.26763,242.29661,20.4,0.0,0.0020000000000000018,BTC,79468.36,0.0
2026-09-07T08:12:03.711653+00:00,BTC-25DEC26-220000-P,80571.06,BTC-25DEC26,put,220000.0,2026-12-25T08:00:00+00:00,0.29840280275898673,1.7205,1.748,1.731223,1.73425,80571.06,BTC-25DEC26,0.6493000000000001,-0.99607,5.12994,0.0,0.0,0.02750000000000008,BTC,79468.36,0.0
2026-09-07T08:12:03.711653+00:00,BTC-8SEP26-71000-P,79453.31,BTC-8SEP26,put,71000.0,2026-09-08T08:00:00+00:00,0.0027149177487198013,,0.0001,1.64e-06,,79453.31,BTC-8SEP26,0.6127,-0.0002,0.0318,1.0,0.0,,BTC,79468.36,0.0
2026-09-07T08:12:03.711653+00:00,BTC-26MAR27-65000-C,81484.95,BTC-26MAR27,call,65000.0,2027-03-26T08:00:00+00:00,0.547547224388008,0.2365,0.245,0.24114013,0.24075,81484.95,BTC-26MAR27,0.4264,0.80886,164.25673,366.9,0.0,0.008500000000000008,BTC,79467.86,0.0
2026-09-07T08:12:03.711653+00:00,BTC-9SEP26-81000-C,79465.37,BTC-9SEP26,call,81000.0,2026-09-09T08:00:00+00:00,0.005452768535851902,0.003,0.0034,0.00331715,0.0032,79465.37,BTC-9SEP26,0.34259999999999996,0.22572,17.63169,17.2,18.5,0.00039999999999999975,BTC,79467.86,8123.85
2026-09-07T08:12:03.711653+00:00,BTC-26MAR27-130000-C,81484.95,BTC-26MAR27,call,130000.0,2027-03-26T08:00:00+00:00,0.547547224388008,0.014,0.0145,0.01431922,0.01425,81484.95,BTC-26MAR27,0.4436,0.10406,108.9515,1136.2,0.6,0.0005000000000000004,BTC,79467.86,719.86
2026-09-07T08:12:03.711653+00:00,BTC-25JUN27-180000-C,82446.39,BTC-25JUN27,call,180000.0,2027-06-25T08:00:00+00:00,0.7966916460170291,0.0095,0.0105,0.01001431,0.01,82446.39,BTC-25JUN27,0.49560000000000004,0.06135,89.21721,47.1,0.1,0.0010000000000000009,BTC,79467.86,75.8
2026-09-07T08:12:03.711653+00:00,BTC-25SEP26-175000-C,79583.08,BTC-25SEP26,call,175000.0,2026-09-25T08:00:00+00:00,0.04925838112996552,,0.0001,2.2e-06,,79583.08,BTC-25SEP26,0.89,5e-05,0.03651,1904.8,0.0,,BTC,79467.86,0.0
2026-09-07T08:12:03.711653+00:00,BTC-9SEP26-80500-C,79465.37,BTC-9SEP26,call,80500.0,2026-09-09T08:00:00+00:00,0.005452768535851902,0.0045,0.005,0.00487964,0.00475,79465.37,BTC-9SEP26,0.33990000000000004,0.30464,20.54454,106.3,105.5,0.0005000000000000004,BTC,79467.86,63091.86
2026-09-07T08:12:03.711653+00:00,BTC-30OCT26-77000-P,79928.55,BTC-30OCT26,put,77000.0,2026-10-30T08:00:00+00:00,0.14508315867958907,0.0385,0.0395,0.03921061,0.039,79928.55,BTC-30OCT26,0.373,-0.36961,114.93331,130.9,3.0,0.0010000000000000009,BTC,79467.86,9301.02
2026-09-07T08:12:03.711653+00:00,BTC-27NOV26-60000-P,80241.44,BTC-27NOV26,put,60000.0,2026-11-27T08:00:00+00:00,0.2217429807192879,0.0075,0.0085,0.00793284,0.008,80241.44,BTC-27NOV26,0.46240000000000003,-0.07459,53.27189,42.0,4.9,0.0010000000000000009,BTC,79467.86,2919.71
2026-09-07T08:12:03.711653+00:00,BTC-8SEP26-83500-P,79453.31,BTC-8SEP26,put,83500.0,2026-09-08T08:00:00+00:00,0.0027149177487198013,0.0485,0.054,0.05112776,0.05125,79453.31,BTC-8SEP26,0.4073,-0.99023,1.08116,0.0,0.0,0.005499999999999998,BTC,79467.86,0.0
2026-09-07T08:12:03.711653+00:00,BTC-18SEP26-70000-P,79535.47,BTC-18SEP26,put,70000.0,2026-09-18T08:00:00+00:00,0.030093425620040814,0.0013,0.0016,0.00141827,0.00145,79535.47,BTC-18SEP26,0.4411,-0.0442,12.89228,88.6,2.8,0.00030000000000000014,BTC,79466.62,322.12
2026-09-07T08:12:03.711653+00:00,BTC-11SEP26-76000-P,79474.43,BTC-11SEP26,put,76000.0,2026-09-11T08:00:00+00:00,0.010928470110116106,0.0022,0.0025,0.00237939,0.00235,79474.43,BTC-11SEP26,0.3726,-0.12155,16.7722,1033.1,67.9,0.0002999999999999999,BTC,79466.62,12077.53
2026-09-07T08:12:03.711653+00:00,BTC-26MAR27-84000-C,81484.95,BTC-26MAR27,call,84000.0,2027-03-26T08:00:00+00:00,0.547547224388008,0.104,0.106,0.1051088,0.105,81484.95,BTC-26MAR27,0.40159999999999996,0.51825,240.33663,263.2,0.0,0.0020000000000000018,BTC,79466.62,0.0
2026-09-07T08:12:03.711653+00:00,BTC-8SEP26-71000-C,79453.31,BTC-8SEP26,call,71000.0,2026-09-08T08:00:00+00:00,0.0027149177487198013,0.103,0.109,0.10628753,0.106,79453.31,BTC-8SEP26,0.6127,0.9998,0.03183,0.0,0.0,0.006000000000000005,BTC,79466.62,0.0
2026-09-07T08:12:03.711653+00:00,BTC-25JUN27-160000-C,82445.87,BTC-25JUN27,call,160000.0,2027-06-25T08:00:00+00:00,0.7966916460170291,0.014,0.0155,0.01478212,0.01475,82445.87,BTC-25JUN27,0.4754,0.08849,118.02943,553.5,0.2,0.0014999999999999996,BTC,79466.62,239.39
2026-09-07T08:12:03.711653+00:00,BTC-25JUN27-170000-P,82445.87,BTC-25JUN27,put,170000.0,2027-06-25T08:00:00+00:00,0.7966916460170291,1.061,1.092,1.07421286,1.0765,82445.87,BTC-25JUN27,0.4854,-0.92698,102.08037,14.7,0.0,0.03100000000000014,BTC,79466.62,0.0
2026-09-07T08:12:03.711653+00:00,BTC-9SEP26-77500-C,79465.37,BTC-9SEP26,call,77500.0,2026-09-09T08:00:00+00:00,0.005452768535851902,0.0235,0.029,0.02678672,0.02625,79465.37,BTC-9SEP26,0.344,0.84181,14.17163,0.0,0.0,0.005500000000000001,BTC,79466.62,0.0
2026-09-07T08:12:03.711653+00:00,BTC-10SEP26-81500-C,79468.76,BTC-10SEP26,call,81500.0,2026-09-10T08:00:00+00:00,0.008190619322984004,0.0038,0.0042,0.0040948,0.004,79468.76,BTC-10SEP26,0.358,0.22013,21.30456,9.6,9.6,0.00039999999999999975,BTC,79466.62,4536.65
2026-09-07T08:12:03.711653+00:00,BTC-25SEP26-86000-P,79581.53,BTC-25SEP26,put,86000.0,2026-09-25T08:00:00+00:00,0.04925838112996552,0.0865,0.094,0.0897318,0.09025,79581.53,BTC-25SEP26,0.3896,-0.80389,48.87409,11.7,0.0,0.007500000000000007,BTC,79466.62,0.0
2026-09-07T08:12:03.711653+00:00,BTC-8SEP26-76000-P,79454.95,BTC-8SEP26,put,76000.0,2026-09-08T08:00:00+00:00,0.0027149177487198013,0.0001,0.0003,0.00016192,0.0002,79454.95,BTC-8SEP26,0.41700000000000004,-0.02005,2.00869,20.7,16.7,0.00019999999999999998,BTC,79466.62,394.32
2026-09-07T08:12:03.711653+00:00,BTC-25SEP26-68000-C,79581.53,BTC-25SEP26,call,68000.0,2026-09-25T08:00:00+00:00,0.04925838112996552,0.144,0.1505,0.14755736,0.14725,79581.53,BTC-25SEP26,0.4391,0.95165,17.73843,888.3,1.8,0.006500000000000006,BTC,79466.62,22409.74
2026-09-07T08:12:03.711653+00:00,BTC-11SEP26-73000-P,79474.43,BTC-11SEP26,put,73000.0,2026-09-11T08:00:00+00:00,0.010928470110116106,0.0006,0.0008,0.00068511,0.0007,79474.43,BTC-11SEP26,0.45630000000000004,-0.03593,6.56016,1129.6,0.4,0.0002000000000000001,BTC,79464.64,22.34
2026-09-07T08:12:03.711653+00:00,BTC-27NOV26-74000-P,80241.44,BTC-27NOV26,put,74000.0,2026-11-27T08:00:00+00:00,0.2217429807192879,0.038,0.039,0.0384639,0.0385,80241.44,BTC-27NOV26,0.39189999999999997,-0.29805,131.01025,31.0,0.0,0.0010000000000000009,BTC,79466.62,0.0
2026-09-07T08:12:03.711653+00:00,BTC-25SEP26-280000-C,79581.53,BTC-25SEP26,call,280000.0,2026-09-25T08:00:00+00:00,0.04925838112996552,,0.0001,7.2e-07,,79581.53,BTC-25SEP26,1.2987,1e-05,0.00959,76.1,0.0,,BTC,79466.62,0.0
2026-09-07T08:12:03.711653+00:00,BTC-25DEC26-230000-C,80571.06,BTC-25DEC26,call,230000.0,2026-12-25T08:00:00+00:00,0.29840280275898673,0.0002,0.0006,0.00036809,0.0004,80571.06,BTC-25DEC26,0.6693000000000001,0.00361,4.75576,190.5,0.0,0.00039999999999999996,BTC,79464.64,0.0
2026-09-07T08:12:03.711653+00:00,BTC-9SEP26-87000-C,79463.71,BTC-9SEP26,call,87000.0,2026-09-09T08:00:00+00:00,0.005452768535851902,,0.0001,6.591e-05,,79463.71,BTC-9SEP26,0.4833,0.00579,0.96727,0.2,0.1,,BTC,79464.64,0.8
2026-09-07T08:12:03.711653+00:00,BTC-27NOV26-95000-P,80241.44,BTC-27NOV26,put,95000.0,2026-11-27T08:00:00+00:00,0.2217429807192879,0.2015,0.2105,0.20456825,0.206,80241.44,BTC-27NOV26,0.3995,-0.78942,109.08841,0.0,0.0,0.00899999999999998,BTC,79464.64,0.0
2026-09-07T08:12:03.711653+00:00,BTC-18SEP26-79000-P,79535.39,BTC-18SEP26,put,79000.0,2026-09-18T08:00:00+00:00,0.030093425620040814,0.022,0.023,0.02265456,0.0225,79535.39,BTC-18SEP26,0.375,-0.44691,54.56204,185.9,7.1,0.0010000000000000009,BTC,79464.64,12828.85
2026-09-07T08:12:03.711653+00:00,BTC-9SEP26-80000-P,79465.37,BTC-9SEP26,put,80000.0,2026-09-09T08:00:00+00:00,0.005452768535851902,0.0125,0.014,0.01370561,0.01325,79465.37,BTC-9SEP26,0.33759999999999996,-0.60518,22.59132,6.0,5.6,0.0014999999999999996,BTC,79463.7,6324.4
2026-09-07T08:12:03.711653+00:00,BTC-18SEP26-95000-C,79533.65,BTC-18SEP26,call,95000.0,2026-09-18T08:00:00+00:00,0.030093425620040814,0.0005,0.0007,0.00060679,0.0006,79533.65,BTC-18SEP26,0.489,0.01995,6.66764,151.1,7.8,0.00019999999999999998,BTC,79463.7,542.19
2026-09-07T08:12:03.711653+00:00,BTC-25JUN27-98000-C,82444.32,BTC-25JUN27,call,98000.0,2027-06-25T08:00:00+00:00,0.7966916460170291,0.0825,0.085,0.0837385,0.08375,82444.32,BTC-25JUN27,0.41590000000000005,0.3897,282.33721,42.6,0.0,0.0025000000000000022,BTC,79464.64,0.0
2026-09-07T08:12:03.711653+00:00,BTC-25DEC26-50000-P,80571.7,BTC-25DEC26,put,50000.0,2026-12-25T08:00:00+00:00,0.29840280275898673,0.0047,0.0055,0.00506286,0.0051,80571.7,BTC-25DEC26,0.5381,-0.03847,36.74791,2146.2,56.0,0.0007999999999999995,BTC,79463.7,20871.56
2026-09-07T08:12:03.711653+00:00,BTC-25DEC26-54000-P,80569.51,BTC-25DEC26,put,54000.0,2026-12-25T08:00:00+00:00,0.29840280275898673,0.0065,0.0075,0.00695836,0.007,80569.51,BTC-25DEC26,0.49829999999999997,-0.05427,48.44938,1856.4,0.0,0.001,BTC,79463.7,0.0
2026-09-07T08:12:03.711653+00:00,BTC-11SEP26-75000-C,79474.3,BTC-11SEP26,call,75000.0,2026-09-11T08:00:00+00:00,0.010928470110116106,0.0545,0.06,0.05762809,0.05725,79474.3,BTC-11SEP26,0.39289999999999997,0.92305,11.99354,96.4,0.0,0.005499999999999998,BTC,79463.7,0.0
2026-09-07T08:12:03.711653+00:00,BTC-25DEC26-92000-P,80571.06,BTC-25DEC26,put,92000.0,2026-12-25T08:00:00+00:00,0.29840280275898673,0.176,0.1855,0.17939869,0.18075,80571.06,BTC-25DEC26,0.39280000000000004,-0.69552,154.06957,6.6,0.0,0.009500000000000008,BTC,79463.7,0.0
2026-09-07T08:12:03.711653+00:00,BTC-26MAR27-78000-P,81484.95,BTC-26MAR27,put,78000.0,2027-03-26T08:00:00+00:00,0.547547224388008,0.0955,0.0965,0.09618135,0.096,81484.95,BTC-26MAR27,0.40380000000000005,-0.384,230.33507,263.3,1.0,0.0010000000000000009,BTC,79463.7,7712.43
2026-09-07T08:12:03.711653+00:00,BTC-25SEP26-54000-C,79581.53,BTC-25SEP26,call,54000.0,2026-09-25T08:00:00+00:00,0.04925838112996552,0.319,0.324,0.32163609,0.3215,79581.53,BTC-25SEP26,0.6748000000000001,0.99613,2.03189,7.4,0.0,0.0050000000000000044,BTC,79463.7,0.0
2026-09-07T08:12:03.711653+00:00,BTC-27NOV26-90000-C,80239.89,BTC-27NOV26,call,90000.0,2026-11-27T08:00:00+00:00,0.2217429807192879,0.031,0.032,0.03164823,0.0315,80239.89,BTC-27NOV26,0.39130000000000004,0.29742,130.87996,28.1,0.0,0.0010000000000000009,BTC,79463.7,0.0
2026-09-07T08:12:03.711653+00:00,BTC-9SEP26-72000-P,79463.71,BTC-9SEP26,put,72000.0,2026-09-09T08:00:00+00:00,0.005452768535851902,,0.0002,0.00015752,,79463.71,BTC-9SEP26,0.584,-0.0106,1.64598,3.0,2.8,,BTC,79463.56,51.84
2026-09-07T08:12:03.711653+00:00,BTC-25DEC26-108000-C,80571.06,BTC-25DEC26,call,108000.0,2026-12-25T08:00:00+00:00,0.29840280275898673,0.012,0.013,0.01255331,0.0125,80571.06,BTC-25DEC26,0.4192,0.12186,89.01338,151.9,0.2,0.0009999999999999992,BTC,79463.56,215.47
2026-09-07T08:12:03.711653+00:00,BTC-25DEC26-60000-P,80571.7,BTC-25DEC26,put,60000.0,2026-12-25T08:00:00+00:00,0.29840280275898673,0.0115,0.0125,0.0120591,0.012,80571.7,BTC-25DEC26,0.452,-0.09402,73.83469,6246.0,1.8,0.0010000000000000009,BTC,79463.56,1644.34
2026-09-07T08:12:03.711653+00:00,BTC-25JUN27-58000-C,82444.32,BTC-25JUN27,call,58000.0,2027-06-25T08:00:00+00:00,0.7966916460170291,0.33,0.3335,0.33161995,0.33175,82444.32,BTC-25JUN27,0.451,0.85863,164.90183,13.8,0.0,0.003500000000000003,BTC,79463.56,0.0
2026-09-07T08:12:03.711653+00:00,BTC-25DEC26-250000-P,80571.06,BTC-25DEC26,put,250000.0,2026-12-25T08:00:00+00:00,0.29840280275898673,2.0905,2.123,2.10345341,2.10675,80571.06,BTC-25DEC26,0.6886,-0.99762,3.2728,10.0,0.0,0.032500000000000195,BTC,79463.56,0.0
2026-09-07T08:12:03.711653+00:00,BTC-11SEP26-69000-C,79474.3,BTC-11SEP26,call,69000.0,2026-09-11T08:00:00+00:00,0.010928470110116106,0.1285,0.1345,0.13188324,0.1315,79474.3,BTC-11SEP26,0.5797,0.99096,2.02757,3.8,0.0,0.006000000000000005,BTC,79463.56,0.0
2026-09-07T08:12:03.711653+00:00,BTC-25SEP26-85000-C,79581.53,BTC-25SEP26,call,85000.0,2026-09-25T08:00:00+00:00,0.04925838112996552,0.0105,0.0115,0.01111364,0.011,79581.53,BTC-25SEP26,0.38409999999999994,0.23192,53.88836,9075.3,42.1,0.0009999999999999992,BTC,79463.56,42161.07
2026-09-07T08:12:03.711653+00:00,BTC-26MAR27-190000-P,81484.95,BTC-26MAR27,put,190000.0,2027-03-26T08:00:00+00:00,0.547547224388008,1.3225,1.353,1.33571526,1.33775,81484.95,BTC-26MAR27,0.54,-0.97253,38.13212,0.9,0.0,0.03049999999999997,BTC,79463.56,0.0
2026-09-07T08:12:03.711653+00:00,BTC-11SEP26-78000-P,79474.43,BTC-11SEP26,put,78000.0,2026-09-11T08:00:00+00:00,0.010928470110116106,0.0065,0.0075,0.00717162,0.007,79474.43,BTC-11SEP26,0.35350000000000004,-0.30049,28.90991,392.8,33.2,0.001,BTC,79463.68,19066.53
2026-09-07T08:12:03.711653+00:00,BTC-25DEC26-160000-C,80571.7,BTC-25DEC26,call,160000.0,2026-12-25T08:00:00+00:00,0.29840280275898673,0.0013,0.0017,0.00151799,0.0015,80571.7,BTC-25DEC26,0.5455,0.01562,17.26231,1291.8,0.4,0.00039999999999999996,BTC,79463.68,51.01
2026-09-07T08:12:03.711653+00:00,BTC-11SEP26-77000-C,79474.3,BTC-11SEP26,call,77000.0,2026-09-11T08:00:00+00:00,0.010928470110116106,0.032,0.037,0.03519744,0.0345,79474.3,BTC-11SEP26,0.3602,0.80508,22.90222,128.1,0.0,0.0049999999999999975,BTC,79463.68,0.0
2026-09-07T08:12:03.711653+00:00,BTC-27NOV26-82000-C,80239.89,BTC-27NOV26,call,82000.0,2026-11-27T08:00:00+00:00,0.2217429807192879,0.062,0.063,0.06260538,0.0625,80239.89,BTC-27NOV26,0.3851,0.48801,150.69182,53.0,0.0,0.0010000000000000009,BTC,79463.56,0.0
2026-09-07T08:12:03.711653+00:00,BTC-25DEC26-88000-P,80571.7,BTC-25DEC26,put,88000.0,2026-12-25T08:00:00+00:00,0.29840280275898673,0.1405,0.1435,0.142229,0.142,80571.7,BTC-25DEC26,0.3895,-0.62133,167.42294,7.5,0.0,0.002999999999999975,BTC,79463.68,0.0
2026-09-07T08:12:03.711653+00:00,BTC-9SEP26-85000-C,79463.71,BTC-9SEP26,call,85000.0,2026-09-09T08:00:00+00:00,0.005452768535851902,0.0001,0.0002,0.0001591,0.00015,79463.71,BTC-9SEP26,0.4165,0.01424,2.12446,12.0,12.2,0.0001,BTC,79463.68,705.15
2026-09-07T08:12:03.711653+00:00,BTC-25SEP26-96000-P,79581.53,BTC-25SEP26,put,96000.0,2026-09-25T08:00:00+00:00,0.04925838112996552,0.204,0.213,0.20778129,0.2085,79581.53,BTC-25SEP26,0.4606,-0.96293,14.30623,1.0,0.0,0.009000000000000008,BTC,79463.68,0.0
2026-09-07T08:12:03.711653+00:00,BTC-25DEC26-96000-P,80569.51,BTC-25DEC26,put,96000.0,2026-12-25T08:00:00+00:00,0.29840280275898673,0.216,0.2265,0.2198022,0.22125,80569.51,BTC-25DEC26,0.3982,-0.75724,137.69458,23.9,0.0,0.01050000000000001,BTC,79463.68,0.0
2026-09-07T08:12:03.711653+00:00,BTC-25DEC26-90000-C,80571.7,BTC-25DEC26,call,90000.0,2026-12-25T08:00:00+00:00,0.29840280275898673,0.0425,0.0435,0.04320151,0.043,80571.7,BTC-25DEC26,0.39049999999999996,0.33978,161.24819,3688.0,0.0,0.000999999999999994,BTC,79463.68,0.0
2026-09-07T08:12:03.711653+00:00,BTC-26MAR27-66000-C,81484.95,BTC-26MAR27,call,66000.0,2027-03-26T08:00:00+00:00,0.547547224388008,0.2305,0.233,0.23200112,0.23175,81484.95,BTC-26MAR27,0.42369999999999997,0.79624,170.7214,23.8,0.0,0.0025000000000000022,BTC,79463.52,0.0
2026-09-07T08:12:03.711653+00:00,BTC-25JUN27-62000-P,82445.87,BTC-25JUN27,put,62000.0,2027-06-25T08:00:00+00:00,0.7966916460170291,0.0455,0.0475,0.04639511,0.0465,82445.87,BTC-25JUN27,0.4411,-0.17881,192.31895,115.3,0.0,0.0020000000000000018,BTC,79463.68,0.0
2026-09-07T08:12:03.711653+00:00,BTC-27NOV26-89000-C,80239.89,BTC-27NOV26,call,89000.0,2026-11-27T08:00:00+00:00,0.2217429807192879,0.034,0.035,0.03455699,0.0345,80239.89,BTC-27NOV26,0.39030000000000004,0.31817,134.81599,180.0,0.0,0.0010000000000000009,BTC,79463.68,0.0
2026-09-07T08:12:03.711653+00:00,BTC-26MAR27-200000-P,81484.95,BTC-26MAR27,put,200000.0,2027-03-26T08:00:00+00:00,0.547547224388008,1.444,1.476,1.45779867,1.46,81484.95,BTC-26MAR27,0.5506,-0.97728,32.51789,1.0,0.0,0.03200000000000003,BTC,79463.52,0.0
2026-09-07T08:12:03.711653+00:00,BTC-26MAR27-45000-C,81484.95,BTC-26MAR27,call,45000.0,2027-03-26T08:00:00+00:00,0.547547224388008,0.4515,0.4585,0.45496851,0.455,81484.95,BTC-26MAR27,0.5167,0.95939,52.6109,3.3,0.0,0.007000000000000006,BTC,79463.52,0.0
2026-09-07T08:12:03.711653+00:00,BTC-25SEP26-30000-P,79581.53,BTC-25SEP26,put,30000.0,2026-09-25T08:00:00+00:00,0.04925838112996552,,0.0001,8.03e-06,,79581.53,BTC-25SEP26,1.238,-0.00011,0.07894,2959.5,0.0,,BTC,79463.52,0.0
2026-09-07T08:12:03.711653+00:00,BTC-11SEP26-70000-P,79474.43,BTC-11SEP26,put,70000.0,2026-09-11T08:00:00+00:00,0.010928470110116106,0.0003,0.0004,0.00032455,0.00035,79474.43,BTC-11SEP26,0.5678,-0.01552,3.23926,782.2,72.0,0.00010000000000000005,BTC,79463.52,1714.73
2026-09-07T08:12:03.711653+00:00,BTC-30OCT26-95000-C,79928.55,BTC-30OCT26,call,95000.0,2026-10-30T08:00:00+00:00,0.14508315867958907,0.0105,0.011,0.01078987,0.01075,79928.55,BTC-30OCT26,0.4017,0.14601,69.7238,2093.6,1.4,0.0004999999999999987,BTC,79463.52,1375.93
2026-09-07T08:12:03.711653+00:00,BTC-26MAR27-160000-C,81484.95,BTC-26MAR27,call,160000.0,2027-03-26T08:00:00+00:00,0.547547224388008,0.0055,0.0065,0.00611528,0.006,81484.95,BTC-26MAR27,0.48960000000000004,0.04626,58.44147,1034.0,0.1,0.001,BTC,79463.52,55.82
2026-09-07T08:12:03.711653+00:00,BTC-25SEP26-260000-C,79583.08,BTC-25SEP26,call,260000.0,2026-09-25T08:00:00+00:00,0.04925838112996552,,0.0001,7.6e-07,,79583.08,BTC-25SEP26,1.2309,1e-05,0.01057,293.3,0.0,,BTC,79463.52,0.0
2026-09-07T08:12:03.711653+00:00,BTC-30OCT26-50000-C,79928.55,BTC-30OCT26,call,50000.0,2026-10-30T08:00:00+00:00,0.14508315867958907,0.3725,0.3785,0.37578166,0.3755,79928.55,BTC-30OCT26,0.6019,0.98468,11.74023,0.1,0.0,0.006000000000000005,BTC,79463.52,0.0
2026-09-07T08:12:03.711653+00:00,BTC-25DEC26-66000-P,80571.7,BTC-25DEC26,put,66000.0,2026-12-25T08:00:00+00:00,0.29840280275898673,0.0215,0.0225,0.02206909,0.022,80571.7,BTC-25DEC26,0.4207,-0.16306,108.43315,423.2,0.0,0.0010000000000000009,BTC,79462.65,0.0
2026-09-07T08:12:03.711653+00:00,BTC-25SEP26-82000-C,79583.18,BTC-25SEP26,call,82000.0,2026-09-25T08:00:00+00:00,0.04925838112996552,0.02,0.021,0.02050431,0.0205,79583.18,BTC-25SEP26,0.373,0.37354,66.90112,7083.9,3.6,0.0010000000000000009,BTC,79463.52,6244.49
2026-09-07T08:12:03.711653+00:00,BTC-30OCT26-96000-C,79928.55,BTC-30OCT26,call,96000.0,2026-10-30T08:00:00+00:00,0.14508315867958907,0.009,0.01,0.00958724,0.0095,79928.55,BTC-30OCT26,0.40340000000000004,0.13202,65.10111,194.4,0.5,0.0010000000000000009,BTC,79463.52,419.5
2026-09-07T08:12:03.711653+00:00,BTC-26MAR27-92000-P,81484.95,BTC-26MAR27,put,92000.0,2027-03-26T08:00:00+00:00,0.547547224388008,0.196,0.208,0.20102266,0.202,81484.95,BTC-26MAR27,0.4029,-0.60206,232.65971,1.4,0.0,0.011999999999999983,BTC,79462.65,0.0
2026-09-07T08:12:03.711653+00:00,BTC-25DEC26-190000-P,80571.06,BTC-25DEC26,put,190000.0,2026-12-25T08:00:00+00:00,0.29840280275898673,1.35,1.3735,1.35925687,1.36175,80571.06,BTC-25DEC26,0.6109,-0.99193,9.72558,0.0,0.0,0.023499999999999854,BTC,79462.65,0.0
2026-09-07T08:12:03.711653+00:00,BTC-18SEP26-80000-P,79535.47,BTC-18SEP26,put,80000.0,2026-09-18T08:00:00+00:00,0.030093425620040814,0.0285,0.0295,0.02914198,0.029,79535.47,BTC-18SEP26,0.376,-0.5239,54.95055,121.5,3.4,0.0009999999999999974,BTC,79462.65,6771.51
2026-09-07T08:12:03.711653+00:00,BTC-27NOV26-64000-P,80239.89,BTC-27NOV26,put,64000.0,2026-11-27T08:00:00+00:00,0.2217429807192879,0.012,0.013,0.01240823,0.0125,80239.89,BTC-27NOV26,0.43479999999999996,-0.11406,72.92479,23.3,0.0,0.0009999999999999992,BTC,79462.65,0.0
2026-09-07T08:12:03.711653+00:00,BTC-25DEC26-35000-C,80571.06,BTC-25DEC26,call,35000.0,2026-12-25T08:00:00+00:00,0.29840280275898673,0.565,0.568,0.56708092,0.5665,80571.06,BTC-25DEC26,0.7175,0.98988,11.85579,87.8,0.0,0.0030000000000000027,BTC,79462.65,0.0
2026-09-07T08:12:03.711653+00:00,BTC-25DEC26-160000-P,80571.06,BTC-25DEC26,put,160000.0,2026-12-25T08:00:00+00:00,0.29840280275898673,0.98,0.9995,0.98757238,0.98975,80571.06,BTC-25DEC26,0.5455,-0.98438,17.25448,0.1,0.0,0.019500000000000073,BTC,79459.81,0.0
2026-09-07T08:12:03.711653+00:00,BTC-27NOV26-89000-P,80239.89,BTC-27NOV26,put,89000.0,2026-11-27T08:00:00+00:00,0.2217429807192879,0.142,0.145,0.14373694,0.1435,80239.89,BTC-27NOV26,0.39030000000000004,-0.68183,134.81462,0.0,0.0,0.0030000000000000027,BTC,79462.65,0.0
2026-09-07T08:12:03.711653+00:00,BTC-25DEC26-120000-C,80571.06,BTC-25DEC26,call,120000.0,2026-12-25T08:00:00+00:00,0.29840280275898673,0.006,0.007,0.00652189,0.0065,80571.06,BTC-25DEC26,0.44880000000000003,0.0664,56.73815,5827.3,0.6,0.001,BTC,79459.81,355.18
2026-09-07T08:12:03.711653+00:00,BTC-9SEP26-88000-C,79463.71,BTC-9SEP26,call,88000.0,2026-09-09T08:00:00+00:00,0.005452768535851902,,0.0001,6.629e-05,,79463.71,BTC-9SEP26,0.5371,0.00527,0.88972,2.3,2.4,,BTC,79459.81,49.48
2026-09-07T08:12:03.711653+00:00,BTC-26MAR27-72000-P,81484.95,BTC-26MAR27,put,72000.0,2027-03-26T08:00:00+00:00,0.547547224388008,0.064,0.066,0.06498099,0.065,81484.95,BTC-26MAR27,0.4114,-0.28845,205.89981,159.3,0.0,0.0020000000000000018,BTC,79459.81,0.0
2026-09-07T08:12:03.711653+00:00,BTC-10SEP26-84000-C,79468.76,BTC-10SEP26,call,84000.0,2026-09-10T08:00:00+00:00,0.008190619322984004,0.0008,0.001,0.0009357,0.0009,79468.76,BTC-10SEP26,0.39289999999999997,0.06005,8.57283,1.3,1.5,0.00019999999999999998,BTC,79459.81,220.17
2026-09-07T08:12:03.711653+00:00,BTC-25DEC26-150000-C,80571.06,BTC-25DEC26,call,150000.0,2026-12-25T08:00:00+00:00,0.29840280275898673,0.0018,0.0022,0.00203551,0.002,80571.06,BTC-25DEC26,0.5232,0.02104,22.24753,1694.3,2.6,0.0004000000000000002,BTC,79459.81,455.74
2026-09-07T08:12:03.711653+00:00,BTC-18SEP26-83000-C,79535.2,BTC-18SEP26,call,83000.0,2026-09-18T08:00:00+00:00,0.030093425620040814,0.0105,0.011,0.01078915,0.01075,79535.2,BTC-18SEP26,0.38530000000000003,0.27115,45.72037,557.1,3.4,0.0004999999999999987,BTC,79459.81,3565.68
2026-09-07T08:12:03.711653+00:00,BTC-30OCT26-58000-P,79928.55,BTC-30OCT26,put,58000.0,2026-10-30T08:00:00+00:00,0.14508315867958907,0.0028,0.0033,0.00306455,0.00305,79928.55,BTC-30OCT26,0.49950000000000006,-0.03759,24.94214,329.8,0.0,0.0005,BTC,79459.81,0.0
2026-09-07T08:12:03.711653+00:00,BTC-25JUN27-190000-C,82444.32,BTC-25JUN27,call,190000.0,2027-06-25T08:00:00+00:00,0.7966916460170291,0.008,0.009,0.0085147,0.0085,82444.32,BTC-25JUN27,0.5062,0.05241,78.80475,48.9,0.3,0.0009999999999999992,BTC,79459.81,203.2
2026-09-07T08:12:03.711653+00:00,BTC-26MAR27-58000-P,81484.95,BTC-26MAR27,put,58000.0,2027-03-26T08:00:00+00:00,0.547547224388008,0.0215,0.023,0.02223675,0.02225,81484.95,BTC-26MAR27,0.44939999999999997,-0.11748,118.83317,137.1,0.0,0.0015000000000000013,BTC,79462.22,0.0
2026-09-07T08:12:03.711653+00:00,BTC-27NOV26-96000-C,80241.44,BTC-27NOV26,call,96000.0,2026-11-27T08:00:00+00:00,0.2217429807192879,0.0185,0.0195,0.0190786,0.019,80241.44,BTC-27NOV26,0.4025,0.19693,104.81051,34.0,0.0,0.0010000000000000009,BTC,79459.81,0.0
2026-09-07T08:12:03.711653+00:00,BTC-25JUN27-100000-C,82444.32,BTC-25JUN27,call,100000.0,2027-06-25T08:00:00+00:00,0.7966916460170291,0.077,0.079,0.07805652,0.078,82444.32,BTC-25JUN27,0.41700000000000004,0.36955,277.76663,203.8,0.0,0.0020000000000000018,BTC,79462.22,0.0
2026-09-07T08:12:03.711653+00:00,BTC-27NOV26-72000-P,80241.44,BTC-27NOV26,put,72000.0,2026-11-27T08:00:00+00:00,0.2217429807192879,0.0305,0.0315,0.03085558,0.031,80241.44,BTC-27NOV26,0.3972,-0.25101,120.34185,28.7,0.0,0.0010000000000000009,BTC,79462.22,0.0
2026-09-07T08:12:03.711653+00:00,BTC-25SEP26-88000-C,79583.08,BTC-25SEP26,call,88000.0,2026-09-25T08:00:00+00:00,0.04925838112996552,0.0055,0.0065,0.00602388,0.006,79583.08,BTC-25SEP26,0.4004,0.13799,38.93048,1523.6,8.9,0.001,BTC,79462.22,4421.87
2026-09-07T08:12:03.711653+00:00,BTC-25DEC26-66000-C,80571.06,BTC-25DEC26,call,66000.0,2026-12-25T08:00:00+00:00,0.29840280275898673,0.1985,0.2055,0.20284301,0.202,80571.06,BTC-25DEC26,0.4207,0.83693,108.43339,279.7,1.4,0.0069999999999999785,BTC,79462.22,23018.55
2026-09-07T08:12:03.711653+00:00,BTC-25DEC26-102000-C,80571.7,BTC-25DEC26,call,102000.0,2026-12-25T08:00:00+00:00,0.29840280275898673,0.018,0.019,0.01855725,0.0185,80571.7,BTC-25DEC26,0.4075,0.17134,111.94884,383.9,0.6,0.0010000000000000009,BTC,79462.22,920.43
2026-09-07T08:12:03.711653+00:00,BTC-26MAR27-104000-C,81484.95,BTC-26MAR27,call,104000.0,2027-03-26T08:00:00+00:00,0.547547224388008,0.04,0.042,0.04100143,0.041,81484.95,BTC-26MAR27,0.41159999999999997,0.25809,194.8569,115.2,0.0,0.0020000000000000018,BTC,79462.22,0.0
2026-09-07T08:12:03.711653+00:00,BTC-27NOV26-66000-P,80239.89,BTC-27NOV26,put,66000.0,2026-11-27T08:00:00+00:00,0.2217429807192879,0.015,0.016,0.01541154,0.0155,80239.89,BTC-27NOV26,0.4214,-0.13965,83.96335,185.8,1.0,0.0010000000000000009,BTC,79462.22,1235.42
2026-09-07T08:12:03.711653+00:00,BTC-30OCT26-84000-C,79928.55,BTC-30OCT26,call,84000.0,2026-10-30T08:00:00+00:00,0.14508315867958907,0.036,0.037,0.03654155,0.0365,79928.55,BTC-30OCT26,0.3759,0.39093,116.9013,1102.9,0.1,0.0010000000000000009,BTC,79462.22,298.16
2026-09-07T08:12:03.711653+00:00,BTC-25DEC26-170000-C,80569.51,BTC-25DEC26,call,170000.0,2026-12-25T08:00:00+00:00,0.29840280275898673,0.001,0.0014,0.00118867,0.0012,80569.51,BTC-25DEC26,0.5678,0.01215,13.90029,2393.8,0.6,0.00039999999999999996,BTC,79462.35,71.71
2026-09-07T08:12:03.711653+00:00,BTC-25SEP26-65000-C,79583.08,BTC-25SEP26,call,65000.0,2026-09-25T08:00:00+00:00,0.04925838112996552,0.181,0.187,0.18437248,0.184,79583.08,BTC-25SEP26,0.486,0.97303,11.00067,1275.9,0.0,0.006000000000000005,BTC,79462.22,0.0
2026-09-07T08:12:03.711653+00:00,BTC-30OCT26-85000-P,79928.69,BTC-30OCT26,put,85000.0,2026-10-30T08:00:00+00:00,0.14508315867958907,0.095,0.097,0.09609632,0.096,79928.69,BTC-30OCT26,0.3768,-0.63998,113.91281,105.5,0.0,0.0020000000000000018,BTC,79462.22,0.0
2026-09-07T08:12:03.711653+00:00,BTC-26MAR27-130000-P,81484.95,BTC-26MAR27,put,130000.0,2027-03-26T08:00:00+00:00,0.547547224388008,0.602,0.621,0.60991322,0.6115,81484.95,BTC-26MAR27,0.4436,-0.89598,108.9128,0.4,0.0,0.019000000000000017,BTC,79462.35,0.0
2026-09-07T08:12:03.711653+00:00,BTC-27NOV26-58000-P,80241.44,BTC-27NOV26,put,58000.0,2026-11-27T08:00:00+00:00,0.2217429807192879,0.006,0.007,0.00643949,0.0065,80241.44,BTC-27NOV26,0.4792,-0.06063,45.38478,14.2,3.0,0.001,BTC,79462.35,1435.75
2026-09-07T08:12:03.711653+00:00,BTC-26MAR27-80000-P,81484.95,BTC-26MAR27,put,80000.0,2027-03-26T08:00:00+00:00,0.547547224388008,0.1075,0.1095,0.10882256,0.1085,81484.95,BTC-26MAR27,0.4035,-0.41677,235.31949,214.5,0.0,0.0020000000000000018,BTC,79462.35,0.0
2026-09-07T08:12:03.711653+00:00,BTC-8SEP26-88000-C,79454.86,BTC-8SEP26,call,88000.0,2026-09-08T08:00:00+00:00,0.0027149177487198013,,0.0001,9.2e-07,,79454.86,BTC-8SEP26,0.5368999999999999,0.00013,0.02143,18.3,0.0,,BTC,79462.35,0.0
2026-09-07T08:12:03.711653+00:00,BTC-27NOV26-86000-P,80241.78,BTC-27NOV26,put,86000.0,2026-11-27T08:00:00+00:00,0.2217429807192879,0.115,0.1175,0.11643704,0.11625,80241.78,BTC-27NOV26,0.3868,-0.61436,144.51796,30.2,0.0,0.0024999999999999883,BTC,79462.35,0.0
2026-09-07T08:12:03.711653+00:00,BTC-8SEP26-85000-P,79453.31,BTC-8SEP26,put,85000.0,2026-09-08T08:00:00+00:00,0.0027149177487198013,0.067,0.074,0.06995159,0.0705,79453.31,BTC-8SEP26,0.44439999999999996,-0.99821,0.23778,0.0,0.0,0.006999999999999992,BTC,79461.79,0.0
2026-09-07T08:12:03.711653+00:00,BTC-30OCT26-52000-C,79928.55,BTC-30OCT26,call,52000.0,2026-10-30T08:00:00+00:00,0.14508315867958907,0.348,0.354,0.35101361,0.351,79928.55,BTC-30OCT26,0.5726,0.98119,13.99089,0.1,0.0,0.006000000000000005,BTC,79462.35,0.0
2026-09-07T08:12:03.711653+00:00,BTC-25SEP26-300000-C,79581.53,BTC-25SEP26,call,300000.0,2026-09-25T08:00:00+00:00,0.04925838112996552,,0.0001,7e-07,,79581.53,BTC-25SEP26,1.3629,1e-05,0.00898,196.3,0.0,,BTC,79462.35,0.0
2026-09-07T08:12:03.711653+00:00,BTC-10SEP26-81500-P,79468.64,BTC-10SEP26,put,81500.0,2026-09-10T08:00:00+00:00,0.008190619322984004,0.0275,0.032,0.02967463,0.02975,79468.64,BTC-10SEP26,0.358,-0.78048,21.26662,0.0,0.0,0.0045000000000000005,BTC,79462.35,0.0
2026-09-07T08:12:03.711653+00:00,BTC-11SEP26-68000-C,79472.75,BTC-11SEP26,call,68000.0,2026-09-11T08:00:00+00:00,0.010928470110116106,0.141,0.147,0.14445499,0.144,79472.75,BTC-11SEP26,0.6271,0.99192,1.83736,3.1,0.0,0.006000000000000005,BTC,79462.35,0.0
2026-09-07T08:12:03.711653+00:00,BTC-26MAR27-40000-C,81484.95,BTC-26MAR27,call,40000.0,2027-03-26T08:00:00+00:00,0.547547224388008,0.511,0.5165,0.51373834,0.51375,81484.95,BTC-26MAR27,0.5527000000000001,0.974,36.416,82.1,0.0,0.005499999999999949,BTC,79461.79,0.0
2026-09-07T08:12:03.711653+00:00,BTC-11SEP26-71000-P,79474.43,BTC-11SEP26,put,71000.0,2026-09-11T08:00:00+00:00,0.010928470110116106,0.0003,0.0005,0.00037939,0.0004,79474.43,BTC-11SEP26,0.5246999999999999,-0.01896,3.84333,383.3,100.8,0.00020000000000000004,BTC,79462.35,4807.75
2026-09-07T08:12:03.711653+00:00,BTC-25SEP26-135000-C,79583.08,BTC-25SEP26,call,135000.0,2026-09-25T08:00:00+00:00,0.04925838112996552,,0.0001,2.809e-05,,79583.08,BTC-25SEP26,0.7245,0.00067,0.4124,472.8,0.0,,BTC,79461.79,0.0
2026-09-07T08:12:03.711653+00:00,BTC-25JUN27-64000-C,82445.87,BTC-25JUN27,call,64000.0,2027-06-25T08:00:00+00:00,0.7966916460170291,0.2745,0.2785,0.27650023,0.2765,82445.87,BTC-25JUN27,0.4365,0.80071,205.60828,33.5,0.0,0.0040000000000000036,BTC,79461.79,0.0
2026-09-07T08:12:03.711653+00:00,BTC-25SEP26-72000-P,79583.18,BTC-25SEP26,put,72000.0,2026-09-25T08:00:00+00:00,0.04925838112996552,0.005,0.0055,0.00525317,0.00525,79583.18,BTC-25SEP26,0.3948,-0.11817,34.95322,2175.2,0.1,0.0004999999999999996,BTC,79461.79,40.05
2026-09-07T08:12:03.711653+00:00,BTC-26MAR27-85000-P,81484.95,BTC-26MAR27,put,85000.0,2027-03-26T08:00:00+00:00,0.547547224388008,0.1425,0.145,0.1435914,0.14375,81484.95,BTC-26MAR27,0.4017,-0.49767,240.5701,3.9,0.0,0.0025000000000000022,BTC,79462.14,0.0
2026-09-07T08:12:03.711653+00:00,BTC-25JUN27-180000-P,82445.87,BTC-25JUN27,put,180000.0,2027-06-25T08:00:00+00:00,0.7966916460170291,1.179,1.213,1.19350381,1.196,82445.87,BTC-25JUN27,0.49560000000000004,-0.93868,89.17712,0.0,0.0,0.03400000000000003,BTC,79461.79,0.0
2026-09-07T08:12:03.711653+00:00,BTC-25SEP26-62000-P,79583.18,BTC-25SEP26,put,62000.0,2026-09-25T08:00:00+00:00,0.04925838112996552,0.0006,0.0008,0.00070032,0.0007,79583.18,BTC-25SEP26,0.5381,-0.01585,7.01247,1426.9,0.0,0.0002000000000000001,BTC,79461.79,0.0
2026-09-07T08:12:03.711653+00:00,BTC-11SEP26-65000-P,79472.75,BTC-11SEP26,put,65000.0,2026-09-11T08:00:00+00:00,0.010928470110116106,,0.0002,5.744e-05,,79472.75,BTC-11SEP26,0.6964,-0.0026,0.66769,46.3,1.0,,BTC,79461.79,7.98
2026-09-07T08:12:03.711653+00:00,BTC-26MAR27-55000-C,81484.95,BTC-26MAR27,call,55000.0,2027-03-26T08:00:00+00:00,0.547547224388008,0.338,0.346,0.34232224,0.342,81484.95,BTC-26MAR27,0.4625,0.90643,100.79326,28.6,0.0,0.007999999999999952,BTC,79462.14,0.0
2026-09-07T08:12:03.711653+00:00,BTC-25JUN27-65000-P,82444.32,BTC-25JUN27,put,65000.0,2027-06-25T08:00:00+00:00,0.7966916460170291,0.055,0.0575,0.05634636,0.05625,82444.32,BTC-25JUN27,0.43450000000000005,-0.21002,212.12434,24.7,0.0,0.0025000000000000022,BTC,79462.14,0.0
2026-09-07T08:12:03.711653+00:00,BTC-30OCT26-75000-P,79928.69,BTC-30OCT26,put,75000.0,2026-10-30T08:00:00+00:00,0.14508315867958907,0.0295,0.0305,0.02993178,0.03,79928.69,BTC-30OCT26,0.3764,-0.30367,106.44505,656.6,0.1,0.0010000000000000009,BTC,79462.14,231.17
2026-09-07T08:12:03.711653+00:00,BTC-26MAR27-62000-C,81484.95,BTC-26MAR27,call,62000.0,2027-03-26T08:00:00+00:00,0.547547224388008,0.2645,0.2735,0.26979891,0.269,81484.95,BTC-26MAR27,0.43520000000000003,0.84346,144.63163,59.7,0.0,0.009000000000000008,BTC,79462.14,0.0
2026-09-07T08:12:03.711653+00:00,BTC-10SEP26-79000-P,79468.76,BTC-10SEP26,put,79000.0,2026-09-10T08:00:00+00:00,0.008190619322984004,0.009,0.0095,0.00952949,0.00925,79468.76,BTC-10SEP26,0.3403,-0.42012,28.11262,0.0,0.0,0.0005000000000000004,BTC,79462.14,0.0
2026-09-07T08:12:03.711653+00:00,BTC-25JUN27-150000-P,82444.32,BTC-25JUN27,put,150000.0,2027-06-25T08:00:00+00:00,0.7966916460170291,0.826,0.853,0.83805272,0.8395,82444.32,BTC-25JUN27,0.46520000000000006,-0.8913,137.21275,0.1,0.0,0.027000000000000024,BTC,79462.14,0.0
2026-09-07T08:12:03.711653+00:00,BTC-25SEP26-120000-P,79583.08,BTC-25SEP26,put,120000.0,2026-09-25T08:00:00+00:00,0.04925838112996552,0.5035,0.514,0.50803587,0.50875,79583.08,BTC-25SEP26,0.6645,-0.99666,1.78206,174.5,0.0,0.010500000000000065,BTC,79462.14,0.0
2026-09-07T08:12:03.711653+00:00,BTC-11SEP26-79500-P,79474.43,BTC-11SEP26,put,79500.0,2026-09-11T08:00:00+00:00,0.010928470110116106,0.014,0.0155,0.0151192,0.01475,79474.43,BTC-11SEP26,0.35850000000000004,-0.49864,33.1431,0.0,0.0,0.0014999999999999996,BTC,79462.14,0.0
2026-09-07T08:12:03.711653+00:00,BTC-25SEP26-87000-P,79581.53,BTC-25SEP26,put,87000.0,2026-09-25T08:00:00+00:00,0.04925838112996552,0.098,0.105,0.10052902,0.1015,79581.53,BTC-25SEP26,0.3933,-0.83642,43.60213,0.0,0.0,0.006999999999999992,BTC,79462.14,0.0
2026-09-07T08:12:03.711653+00:00,BTC-30OCT26-92000-C,79928.69,BTC-30OCT26,call,92000.0,2026-10-30T08:00:00+00:00,0.14508315867958907,0.0145,0.0155,0.01504137,0.015,79928.69,BTC-30OCT26,0.3936,0.19366,83.59483,1070.9,0.1,0.0009999999999999992,BTC,79462.14,123.4
2026-09-07T08:12:03.711653+00:00,BTC-25JUN27-52000-C,82445.87,BTC-25JUN27,call,52000.0,2027-06-25T08:00:00+00:00,0.7966916460170291,0.3905,0.394,0.39194257,0.39225,82445.87,BTC-25JUN27,0.4706,0.90428,125.08467,1.1,0.0,0.003500000000000003,BTC,79462.14,0.0
2026-09-07T08:12:03.711653+00:00,BTC-25JUN27-125000-P,82445.87,BTC-25JUN27,put,125000.0,2027-06-25T08:00:00+00:00,0.7966916460170291,0.5415,0.563,0.55150961,0.55225,82445.87,BTC-25JUN27,0.4388,-0.80697,201.66738,0.0,0.0,0.021499999999999964,BTC,79462.14,0.0
2026-09-07T08:12:03.711653+00:00,BTC-8SEP26-84000-C,79453.31,BTC-8SEP26,call,84000.0,2026-09-08T08:00:00+00:00,0.0027149177487198013,,0.0001,3.264e-05,,79453.31,BTC-8SEP26,0.41200000000000003,0.00478,0.57449,2.2,1.8,,BTC,79462.14,38.34
2026-09-07T08:12:03.711653+00:00,BTC-18SEP26-74000-C,79535.2,BTC-18SEP26,call,74000.0,2026-09-18T08:00:00+00:00,0.030093425620040814,0.071,0.0765,0.0744226,0.07375,79535.2,BTC-18SEP26,0.39390000000000003,0.86205,30.405,23.2,0.0,0.005500000000000005,BTC,79464.4,0.0
2026-09-07T08:12:03.711653+00:00,BTC-10SEP26-72000-P,79468.76,BTC-10SEP26,put,72000.0,2026-09-10T08:00:00+00:00,0.008190619322984004,0.0001,0.0003,0.00028003,0.0002,79468.76,BTC-10SEP26,0.5167,-0.01512,2.74275,7.3,7.4,0.00019999999999999998,BTC,79462.14,232.32
2026-09-07T08:12:03.711653+00:00,BTC-25SEP26-50000-C,79583.08,BTC-25SEP26,call,50000.0,2026-09-25T08:00:00+00:00,0.04925838112996552,0.37,0.3735,0.37185297,0.37175,79583.08,BTC-25SEP26,0.7734000000000001,0.99738,1.43225,30.1,0.0,0.003500000000000003,BTC,79462.14,0.0
2026-09-07T08:12:03.711653+00:00,BTC-25SEP26-96000-C,79583.32,BTC-25SEP26,call,96000.0,2026-09-25T08:00:00+00:00,0.04925838112996552,0.0013,0.0016,0.00146934,0.00145,79583.32,BTC-25SEP26,0.4606,0.03704,14.29843,1825.0,0.0,0.00030000000000000014,BTC,79462.14,0.0
2026-09-07T08:12:03.711653+00:00,BTC-26MAR27-112000-C,81484.95,BTC-26MAR27,call,112000.0,2027-03-26T08:00:00+00:00,0.547547224388008,0.028,0.0295,0.0288052,0.02875,81484.95,BTC-26MAR27,0.42,0.19257,164.9973,67.3,0.1,0.0014999999999999979,BTC,79464.4,238.85
2026-09-07T08:12:03.711653+00:00,BTC-30OCT26-84000-P,79926.62,BTC-30OCT26,put,84000.0,2026-10-30T08:00:00+00:00,0.14508315867958907,0.086,0.0885,0.08750555,0.08725,79926.62,BTC-30OCT26,0.3759,-0.60907,116.90052,9.5,0.0,0.0025000000000000022,BTC,79464.4,0.0
2026-09-07T08:12:03.711653+00:00,BTC-26MAR27-82000-C,81484.95,BTC-26MAR27,call,82000.0,2027-03-26T08:00:00+00:00,0.547547224388008,0.1145,0.116,0.11519985,0.11525,81484.95,BTC-26MAR27,0.401,0.55033,238.66464,1167.7,4.0,0.0015000000000000013,BTC,79464.4,36759.11
2026-09-07T08:12:03.711653+00:00,BTC-30OCT26-67000-C,79928.55,BTC-30OCT26,call,67000.0,2026-10-30T08:00:00+00:00,0.14508315867958907,0.1675,0.1735,0.17127964,0.1705,79928.55,BTC-30OCT26,0.4142,0.88419,59.39894,108.4,0.1,0.005999999999999978,BTC,79464.4,1397.22
2026-09-07T08:12:03.711653+00:00,BTC-30OCT26-89000-P,79928.55,BTC-30OCT26,put,89000.0,2026-10-30T08:00:00+00:00,0.14508315867958907,0.1315,0.139,0.1343621,0.13525,79928.55,BTC-30OCT26,0.3847,-0.74589,97.59456,5.0,0.0,0.007500000000000007,BTC,79464.4,0.0
2026-09-07T08:12:03.711653+00:00,BTC-25SEP26-55000-C,79581.53,BTC-25SEP26,call,55000.0,2026-09-25T08:00:00+00:00,0.04925838112996552,0.307,0.3115,0.30912597,0.30925,79581.53,BTC-25SEP26,0.6646,0.99509,2.51152,143.7,0.0,0.004500000000000004,BTC,79464.4,0.0
2026-09-07T08:12:03.711653+00:00,BTC-10SEP26-79500-P,79468.76,BTC-10SEP26,put,79500.0,2026-09-10T08:00:00+00:00,0.008190619322984004,0.012,0.0125,0.01258488,0.01225,79468.76,BTC-10SEP26,0.3429,-0.50122,28.69039,0.5,0.5,0.0005000000000000004,BTC,79464.4,380.43
2026-09-07T08:12:03.711653+00:00,BTC-11SEP26-60000-C,79474.3,BTC-11SEP26,call,60000.0,2026-09-11T08:00:00+00:00,0.010928470110116106,0.242,0.2475,0.24495391,0.24475,79474.3,BTC-11SEP26,0.7525,0.99985,0.04914,0.0,0.0,0.005500000000000005,BTC,79464.4,0.0
2026-09-07T08:12:03.711653+00:00,BTC-10SEP26-89000-C,79468.64,BTC-10SEP26,call,89000.0,2026-09-10T08:00:00+00:00,0.008190619322984004,,0.0001,9.075e-05,,79468.64,BTC-10SEP26,0.49729999999999996,0.00625,1.26735,0.2,0.2,,BTC,79464.4,2.4
2026-09-07T08:12:03.711653+00:00,BTC-25JUN27-88000-C,82444.32,BTC-25JUN27,call,88000.0,2027-06-25T08:00:00+00:00,0.7966916460170291,0.119,0.1215,0.12004161,0.12025,82444.32,BTC-25JUN27,0.41359999999999997,0.50307,293.61489,21.3,0.0,0.0025000000000000022,BTC,79464.98,0.0
2026-09-07T08:12:03.711653+00:00,BTC-25DEC26-74000-P,80571.7,BTC-25DEC26,put,74000.0,2026-12-25T08:00:00+00:00,0.29840280275898673,0.048,0.049,0.04853985,0.0485,80571.7,BTC-25DEC26,0.39799999999999996,-0.30888,155.05141,162.0,0.0,0.0010000000000000009,BTC,79464.98,0.0
2026-09-07T08:12:03.711653+00:00,BTC-25JUN27-45000-C,82444.32,BTC-25JUN27,call,45000.0,2027-06-25T08:00:00+00:00,0.7966916460170291,0.4665,0.469,0.46747737,0.46775,82444.32,BTC-25JUN27,0.5025999999999999,0.94222,85.11983,0.5,0.0,0.0024999999999999467,BTC,79464.98,0.0
2026-09-07T08:12:03.711653+00:00,BTC-11SEP26-73000-C,79472.75,BTC-11SEP26,call,73000.0,2026-09-11T08:00:00+00:00,0.010928470110116106,0.0785,0.085,0.08204618,0.08175,79472.75,BTC-11SEP26,0.45630000000000004,0.96402,6.56622,17.0,0.0,0.006500000000000006,BTC,79464.4,0.0
2026-09-07T08:12:03.711653+00:00,BTC-10SEP26-78000-C,79468.76,BTC-10SEP26,call,78000.0,2026-09-10T08:00:00+00:00,0.008190619322984004,0.0225,0.0245,0.0236116,0.0235,79468.76,BTC-10SEP26,0.34130000000000005,0.73062,23.75145,0.0,0.0,0.0020000000000000018,BTC,79464.98,0.0
2026-09-07T08:12:03.711653+00:00,BTC-25SEP26-74000-C,79583.08,BTC-25SEP26,call,74000.0,2026-09-25T08:00:00+00:00,0.04925838112996552,0.0775,0.081,0.07882744,0.07925,79583.08,BTC-25SEP26,0.379,0.81746,46.76142,1467.5,0.0,0.003500000000000003,BTC,79464.98,0.0
2026-09-07T08:12:03.711653+00:00,BTC-27NOV26-88000-C,80241.78,BTC-27NOV26,call,88000.0,2026-11-27T08:00:00+00:00,0.2217429807192879,0.037,0.038,0.0376376,0.0375,80241.78,BTC-27NOV26,0.3889,0.3396,138.40443,78.7,0.0,0.0010000000000000009,BTC,79464.98,0.0
2026-09-07T08:12:03.711653+00:00,BTC-25JUN27-54000-C,82444.32,BTC-25JUN27,call,54000.0,2027-06-25T08:00:00+00:00,0.7966916460170291,0.37,0.373,0.37142179,0.3715,82444.32,BTC-25JUN27,0.46399999999999997,0.89028,138.14424,0.9,0.0,0.0030000000000000027,BTC,79464.98,0.0
2026-09-07T08:12:03.711653+00:00,BTC-9SEP26-86000-C,79463.71,BTC-9SEP26,call,86000.0,2026-09-09T08:00:00+00:00,0.005452768535851902,,0.0002,0.00012974,,79463.71,BTC-9SEP26,0.46520000000000006,0.01105,1.706,250.4,250.2,,BTC,79465.06,9786.71
2026-09-07T08:12:03.711653+00:00,BTC-25DEC26-84000-C,80571.06,BTC-25DEC26,call,84000.0,2026-12-25T08:00:00+00:00,0.29840280275898673,0.066,0.0675,0.0666969,0.06675,80571.06,BTC-25DEC26,0.3887,0.46377,174.88663,1345.7,0.1,0.0015000000000000013,BTC,79465.06,545.68
2026-09-07T08:12:03.711653+00:00,BTC-30OCT26-65000-C,79928.55,BTC-30OCT26,call,65000.0,2026-10-30T08:00:00+00:00,0.14508315867958907,0.1905,0.1965,0.1941138,0.1935,79928.55,BTC-30OCT26,0.4313,0.90988,49.49695,434.5,0.0,0.006000000000000005,BTC,79465.06,0.0
2026-09-07T08:12:03.711653+00:00,BTC-10SEP26-72000-C,79468.64,BTC-10SEP26,call,72000.0,2026-09-10T08:00:00+00:00,0.008190619322984004,0.0905,0.097,0.09424293,0.09375,79468.64,BTC-10SEP26,0.5167,0.98494,2.73321,0.0,0.0,0.006500000000000006,BTC,79465.06,0.0
2026-09-07T08:12:03.711653+00:00,BTC-25SEP26-76000-P,79583.18,BTC-25SEP26,put,76000.0,2026-09-25T08:00:00+00:00,0.04925838112996552,0.014,0.015,0.014483,0.0145,79583.18,BTC-25SEP26,0.3709,-0.27479,58.92045,967.5,21.0,0.0009999999999999992,BTC,79465.06,22364.74
2026-09-07T08:12:03.711653+00:00,BTC-25SEP26-54000-P,79583.08,BTC-25SEP26,put,54000.0,2026-09-25T08:00:00+00:00,0.04925838112996552,0.0001,0.0003,0.00018687,0.0002,79583.08,BTC-25SEP26,0.6748000000000001,-0.00387,2.02993,768.9,1.7,0.00019999999999999998,BTC,79465.06,27.11
2026-09-07T08:12:03.711653+00:00,BTC-25DEC26-76000-C,80571.06,BTC-25DEC26,call,76000.0,2026-12-25T08:00:00+00:00,0.29840280275898673,0.114,0.116,0.11482567,0.115,80571.06,BTC-25DEC26,0.39490000000000003,0.64717,163.52172,410.0,0.0,0.0020000000000000018,BTC,79465.06,0.0
2026-09-07T08:12:03.711653+00:00,BTC-27NOV26-73000-P,80241.78,BTC-27NOV26,put,73000.0,2026-11-27T08:00:00+00:00,0.2217429807192879,0.034,0.035,0.03445495,0.0345,80241.78,BTC-27NOV26,0.3942,-0.2739,125.84619,17.5,0.0,0.0010000000000000009,BTC,79465.06,0.0
2026-09-07T08:12:03.711653+00:00,BTC-25JUN27-86000-P,82445.87,BTC-25JUN27,put,86000.0,2027-06-25T08:00:00+00:00,0.7966916460170291,0.171,0.174,0.17229487,0.1725,82445.87,BTC-25JUN27,0.41369999999999996,-0.4721,292.9082,1.4,0.0,0.002999999999999975,BTC,79465.06,0.0
2026-09-07T08:12:03.711653+00:00,BTC-10SEP26-77500-P,79468.76,BTC-10SEP26,put,77500.0,2026-09-10T08:00:00+00:00,0.008190619322984004,0.0033,0.0037,0.0036672,0.0035,79468.76,BTC-10SEP26,0.3442,-0.20584,20.48302,36.8,36.8,0.0004000000000000002,BTC,79465.06,9903.16
2026-09-07T08:12:03.711653+00:00,BTC-25JUN27-92000-P,82445.87,BTC-25JUN27,put,92000.0,2027-06-25T08:00:00+00:00,0.7966916460170291,0.2175,0.2225,0.21985914,0.22,82445.87,BTC-25JUN27,0.414,-0.5447,291.78225,0.2,0.0,0.0050000000000000044,BTC,79465.31,0.0
2026-09-07T08:12:03.711653+00:00,BTC-25DEC26-104000-C,80571.06,BTC-25DEC26,call,104000.0,2026-12-25T08:00:00+00:00,0.29840280275898673,0.016,0.0165,0.01629354,0.01625,80571.06,BTC-25DEC26,0.4117,0.15319,104.08139,90.6,0.4,0.0005000000000000004,BTC,79465.31,549.78
2026-09-07T08:12:03.711653+00:00,BTC-25SEP26-66000-C,79583.08,BTC-25SEP26,call,66000.0,2026-09-25T08:00:00+00:00,0.04925838112996552,0.1685,0.175,0.17204236,0.17175,79583.08,BTC-25SEP26,0.4702,0.96732,12.90093,970.0,0.0,0.006499999999999978,BTC,79465.31,0.0
2026-09-07T08:12:03.711653+00:00,BTC-27NOV26-70000-P,80241.78,BTC-27NOV26,put,70000.0,2026-11-27T08:00:00+00:00,0.2217429807192879,0.024,0.025,0.02447042,0.0245,80241.78,BTC-27NOV26,0.4031,-0.20812,108.33677,47.2,0.6,0.0010000000000000009,BTC,79465.31,1155.98
2026-09-07T08:12:03.711653+00:00,BTC-27NOV26-76000-C,80239.89,BTC-27NOV26,call,76000.0,2026-11-27T08:00:00+00:00,0.2217429807192879,0.1,0.102,0.10047505,0.101,80239.89,BTC-27NOV26,0.3884,0.65073,139.86853,10.6,0.0,0.001999999999999988,BTC,79465.31,0.0
2026-09-07T08:12:03.711653+00:00,BTC-11SEP26-79000-P,79474.43,BTC-11SEP26,put,79000.0,2026-09-11T08:00:00+00:00,0.010928470110116106,0.011,0.012,0.01197954,0.0115,79474.43,BTC-11SEP26,0.3552,-0.43003,32.63355,348.4,12.4,0.0010000000000000009,BTC,79465.31,10970.75
2026-09-07T08:12:03.711653+00:00,BTC-11SEP26-66000-C,79472.75,BTC-11SEP26,call,66000.0,2026-09-11T08:00:00+00:00,0.010928470110116106,0.1675,0.172,0.16955964,0.16975,79472.75,BTC-11SEP26,0.6962,0.99515,1.17002,0.1,0.1,0.004499999999999976,BTC,79465.31,1351.66
2026-09-07T08:12:03.711653+00:00,BTC-25DEC26-88000-C,80571.06,BTC-25DEC26,call,88000.0,2026-12-25T08:00:00+00:00,0.29840280275898673,0.0495,0.0505,0.04998727,0.05,80571.06,BTC-25DEC26,0.3895,0.37871,167.43096,3415.5,33.0,0.0010000000000000009,BTC,79464.85,135952.88
2026-09-07T08:12:03.711653+00:00,BTC-9SEP26-78000-P,79465.37,BTC-9SEP26,put,78000.0,2026-09-09T08:00:00+00:00,0.005452768535851902,0.003,0.0033,0.00325341,0.00315,79465.37,BTC-9SEP26,0.3373,-0.22432,17.56565,3.8,3.7,0.0002999999999999999,BTC,79464.85,1017.1
2026-09-07T08:12:03.711653+00:00,BTC-30OCT26-72000-C,79928.55,BTC-30OCT26,call,72000.0,2026-10-30T08:00:00+00:00,0.14508315867958907,0.118,0.12,0.11871636,0.119,79928.55,BTC-30OCT26,0.3857,0.78327,89.38409,468.4,0.1,0.0020000000000000018,BTC,79465.31,986.99
2026-09-07T08:12:03.711653+00:00,BTC-25JUN27-56000-P,82445.87,BTC-25JUN27,put,56000.0,2027-06-25T08:00:00+00:00,0.7966916460170291,0.0295,0.0315,0.0306019,0.0305,82445.87,BTC-25JUN27,0.45740000000000003,-0.12486,151.39118,84.6,0.0,0.0020000000000000018,BTC,79464.85,0.0
2026-09-07T08:12:03.711653+00:00,BTC-8SEP26-83000-P,79453.31,BTC-8SEP26,put,83000.0,2026-09-08T08:00:00+00:00,0.0027149177487198013,0.042,0.049,0.04490096,0.0455,79453.31,BTC-8SEP26,0.3995,-0.98193,1.83769,0.0,0.0,0.006999999999999999,BTC,79464.85,0.0
2026-09-07T08:12:03.711653+00:00,BTC-26MAR27-105000-P,81484.95,BTC-26MAR27,put,105000.0,2027-03-26T08:00:00+00:00,0.547547224388008,0.3215,0.3365,0.32798717,0.329,81484.95,BTC-26MAR27,0.4127,-0.75102,191.21956,0.5,0.0,0.015000000000000013,BTC,79464.85,0.0
2026-09-07T08:12:03.711653+00:00,BTC-18SEP26-65000-P,79535.2,BTC-18SEP26,put,65000.0,2026-09-18T08:00:00+00:00,0.030093425620040814,0.0003,0.0005,0.00040782,0.0004,79535.2,BTC-18SEP26,0.5288,-0.0124,4.43339,90.1,0.1,0.00020000000000000004,BTC,79464.85,3.2
2026-09-07T08:12:03.711653+00:00,BTC-30OCT26-63000-C,79926.62,BTC-30OCT26,call,63000.0,2026-10-30T08:00:00+00:00,0.14508315867958907,0.2135,0.2205,0.21736122,0.217,79926.62,BTC-30OCT26,0.4474,0.93076,40.54226,153.2,0.0,0.007000000000000006,BTC,79464.85,0.0
2026-09-07T08:12:03.711653+00:00,BTC-8SEP26-73000-C,79453.31,BTC-8SEP26,call,73000.0,2026-09-08T08:00:00+00:00,0.0027149177487198013,0.079,0.084,0.08114078,0.0815,79453.31,BTC-8SEP26,0.5972999999999999,0.99686,0.39396,0.0,0.0,0.0050000000000000044,BTC,79465.8,0.0
2026-09-07T08:12:03.711653+00:00,BTC-30OCT26-73000-P,79928.69,BTC-30OCT26,put,73000.0,2026-10-30T08:00:00+00:00,0.14508315867958907,0.022,0.023,0.0225396,0.0225,79928.69,BTC-30OCT26,0.3818,-0.24354,95.41344,95.9,0.0,0.0010000000000000009,BTC,79464.85,0.0
2026-09-07T08:12:03.711653+00:00,BTC-30OCT26-56000-P,79928.55,BTC-30OCT26,put,56000.0,2026-10-30T08:00:00+00:00,0.14508315867958907,0.0022,0.0026,0.00244322,0.0024,79928.55,BTC-30OCT26,0.5223,-0.02954,20.4522,463.9,0.0,0.00039999999999999975,BTC,79464.85,0.0
2026-09-07T08:12:03.711653+00:00,BTC-18SEP26-88000-C,79535.47,BTC-18SEP26,call,88000.0,2026-09-18T08:00:00+00:00,0.030093425620040814,0.0026,0.0029,0.00281427,0.00275,79535.47,BTC-18SEP26,0.4174,0.08632,21.72233,399.6,16.1,0.0002999999999999999,BTC,79465.8,3946.17
2026-09-07T08:12:03.711653+00:00,BTC-27NOV26-69000-C,80239.89,BTC-27NOV26,call,69000.0,2026-11-27T08:00:00+00:00,0.2217429807192879,0.161,0.1635,0.16196282,0.16225,80239.89,BTC-27NOV26,0.4077,0.81075,102.29872,0.0,0.0,0.0025000000000000022,BTC,79465.8,0.0
2026-09-07T08:12:03.711653+00:00,BTC-25DEC26-85000-C,80569.51,BTC-25DEC26,call,85000.0,2026-12-25T08:00:00+00:00,0.29840280275898673,0.0615,0.0625,0.06210273,0.062,80569.51,BTC-25DEC26,0.3887,0.44169,173.73167,2213.7,0.0,0.0010000000000000009,BTC,79465.8,0.0
2026-09-07T08:12:03.711653+00:00,BTC-25DEC26-98000-P,80571.06,BTC-25DEC26,put,98000.0,2026-12-25T08:00:00+00:00,0.29840280275898673,0.237,0.2475,0.24087682,0.24225,80571.06,BTC-25DEC26,0.40090000000000003,-0.78379,129.03865,1.2,0.0,0.01050000000000001,BTC,79465.8,0.0
2026-09-07T08:12:03.711653+00:00,BTC-25SEP26-200000-P,79583.08,BTC-25SEP26,put,200000.0,2026-09-25T08:00:00+00:00,0.04925838112996552,1.5055,1.524,1.51315189,1.51475,79583.08,BTC-25SEP26,0.9823999999999999,-0.99998,0.01471,3.2,0.0,0.01849999999999996,BTC,79465.8,0.0
2026-09-07T08:12:03.711653+00:00,BTC-10SEP26-74000-P,79468.64,BTC-10SEP26,put,74000.0,2026-09-10T08:00:00+00:00,0.008190619322984004,0.0003,0.0006,0.00051134,0.00045,79468.64,BTC-10SEP26,0.43229999999999996,-0.03188,5.14602,8.1,8.1,0.0003,BTC,79465.8,259.72
2026-09-07T08:12:03.711653+00:00,BTC-25DEC26-78000-C,80571.06,BTC-25DEC26,call,78000.0,2026-12-25T08:00:00+00:00,0.29840280275898673,0.1,0.102,0.10085388,0.101,80571.06,BTC-25DEC26,0.3923,0.60165,169.88114,1046.4,0.2,0.001999999999999988,BTC,79465.8,1628.92
2026-09-07T08:12:03.711653+00:00,BTC-8SEP26-79500-P,79454.95,BTC-8SEP26,put,79500.0,2026-09-08T08:00:00+00:00,0.0027149177487198013,0.006,0.007,0.00660803,0.0065,79454.95,BTC-8SEP26,0.301,-0.51541,16.49558,51.6,49.3,0.001,BTC,79465.77,25014.24
2026-09-07T08:12:03.711653+00:00,BTC-27NOV26-115000-C,80239.89,BTC-27NOV26,call,115000.0,2026-11-27T08:00:00+00:00,0.2217429807192879,0.0046,0.0055,0.00506298,0.00505,80239.89,BTC-27NOV26,0.45770000000000005,0.05907,44.47141,26.2,0.1,0.0008999999999999998,BTC,79465.8,39.7
2026-09-07T08:12:03.711653+00:00,BTC-11SEP26-66000-P,79472.75,BTC-11SEP26,put,66000.0,2026-09-11T08:00:00+00:00,0.010928470110116106,,0.0002,0.00011366,,79472.75,BTC-11SEP26,0.6962,-0.00485,1.17014,364.3,2.7,,BTC,79465.8,21.58
2026-09-07T08:12:03.711653+00:00,ETH-26MAR27-4200-P,2540.72,ETH-26MAR27,put,4200.0,2027-03-26T08:00:00+00:00,0.547547224388008,0.6745,0.6965,0.684938,0.6855,2540.72,ETH-26MAR27,0.5771999999999999,-0.83217,4.72005,1.0,0.0,0.02200000000000002,ETH,2489.48,0.0
2026-09-07T08:12:03.711653+00:00,ETH-25SEP26-5800-C,2494.47,ETH-25SEP26,call,5800.0,2026-09-25T08:00:00+00:00,0.04925838112996552,,0.0001,6e-06,,2494.47,ETH-25SEP26,0.9994,0.00011,0.00242,5889.0,0.0,,ETH,2489.48,0.0
2026-09-07T08:12:03.711653+00:00,ETH-26MAR27-1000-P,2540.72,ETH-26MAR27,put,1000.0,2027-03-26T08:00:00+00:00,0.547547224388008,0.0055,0.007,0.006147,0.00625,2540.72,ETH-26MAR27,0.7417,-0.02425,1.0715,7311.0,0.0,0.0015000000000000005,ETH,2489.48,0.0
2026-09-07T08:12:03.711653+00:00,ETH-25JUN27-3500-P,2569.3,ETH-25JUN27,put,3500.0,2027-06-25T08:00:00+00:00,0.7966916460170291,0.4475,0.468,0.45682,0.45775,2569.3,ETH-25JUN27,0.5619,-0.64255,8.56136,323.0,0.0,0.020500000000000018,ETH,2489.48,0.0
2026-09-07T08:12:03.711653+00:00,ETH-30OCT26-1750-C,2500.83,ETH-30OCT26,call,1750.0,2026-10-30T08:00:00+00:00,0.14508315867958907,0.3025,0.308,0.305399,0.30525,2500.83,ETH-30OCT26,0.6086,0.95109,0.96569,102.0,0.0,0.005500000000000005,ETH,2489.48,0.0
2026-09-07T08:12:03.711653+00:00,ETH-8SEP26-2800-P,2489.15,ETH-8SEP26,put,2800.0,2026-09-08T08:00:00+00:00,0.0027149177487198013,0.1215,0.1285,0.124909,0.125,2489.15,ETH-8SEP26,0.8009999999999999,-0.99744,0.01027,0.0,0.0,0.007000000000000006,ETH,2489.48,0.0
2026-09-07T08:12:03.711653+00:00,ETH-25SEP26-2850-C,2494.47,ETH-25SEP26,call,2850.0,2026-09-25T08:00:00+00:00,0.04925838112996552,0.0085,0.009,0.008931,0.00875,2494.47,ETH-25SEP26,0.5467,0.14984,1.29031,276.0,1.0,0.0004999999999999987,ETH,2489.48,26.39
2026-09-07T08:12:03.711653+00:00,ETH-10SEP26-2460-P,2489.78,ETH-10SEP26,put,2460.0,2026-09-10T08:00:00+00:00,0.008190619322984004,0.0095,0.0105,0.009998,0.01,2489.78,ETH-10SEP26,0.42450000000000004,-0.36981,0.85074,478.0,478.0,0.0010000000000000009,ETH,2489.48,9091.18
2026-09-07T08:12:03.711653+00:00,ETH-9SEP26-2600-C,2489.52,ETH-9SEP26,call,2600.0,2026-09-09T08:00:00+00:00,0.005452768535851902,0.0018,0.0022,0.001987,0.002,2489.52,ETH-9SEP26,0.484,0.11565,0.35826,225.0,219.0,0.0004000000000000002,ETH,2489.48,1566.25
2026-09-07T08:12:03.711653+00:00,ETH-8SEP26-2420-C,2489.15,ETH-8SEP26,call,2420.0,2026-09-08T08:00:00+00:00,0.0027149177487198013,0.026,0.0315,0.028573,0.02875,2489.15,ETH-8SEP26,0.39409999999999995,0.91662,0.19886,0.0,0.0,0.005500000000000001,ETH,2489.48,0.0
2026-09-07T08:12:03.711653+00:00,ETH-9SEP26-2340-C,2489.52,ETH-9SEP26,call,2340.0,2026-09-09T08:00:00+00:00,0.005452768535851902,0.058,0.064,0.06075,0.061,2489.52,ETH-9SEP26,0.5004,0.95492,0.1745,0.0,0.0,0.005999999999999998,ETH,2489.48,0.0
2026-09-07T08:12:03.711653+00:00,ETH-25JUN27-3400-C,2569.3,ETH-25JUN27,call,3400.0,2027-06-25T08:00:00+00:00,0.7966916460170291,0.1005,0.1025,0.101764,0.1015,2569.3,ETH-25JUN27,0.56,0.37823,8.72261,481.0,0.0,0.001999999999999988,ETH,2489.58,0.0
2026-09-07T08:12:03.711653+00:00,ETH-26MAR27-2800-P,2540.7,ETH-26MAR27,put,2800.0,2027-03-26T08:00:00+00:00,0.547547224388008,0.222,0.225,0.223721,0.2235,2540.7,ETH-26MAR27,0.5447,-0.51573,7.49705,15.0,0.0,0.0030000000000000027,ETH,2489.58,0.0
2026-09-07T08:12:03.711653+00:00,ETH-25DEC26-2400-C,2515.0,ETH-25DEC26,call,2400.0,2026-12-25T08:00:00+00:00,0.29840280275898673,0.135,0.137,0.136022,0.136,2515.0,ETH-25DEC26,0.5262,0.62046,5.23105,12436.0,0.0,0.0020000000000000018,ETH,2489.58,0.0
2026-09-07T08:12:03.711653+00:00,ETH-25SEP26-8500-P,2494.47,ETH-25SEP26,put,8500.0,2026-09-25T08:00:00+00:00,0.04925838112996552,2.3945,2.42,2.407525,2.40725,2494.47,ETH-25SEP26,1.3075,-0.99998,0.00054,0.0,0.0,0.025500000000000078,ETH,2489.48,0.0
2026-09-07T08:12:03.711653+00:00,ETH-11SEP26-2900-P,2489.96,ETH-11SEP26,put,2900.0,2026-09-11T08:00:00+00:00,0.010928470110116106,0.161,0.1685,0.165076,0.16475,2489.96,ETH-11SEP26,0.6697,-0.98388,0.1049,0.0,0.0,0.007500000000000007,ETH,2489.58,0.0
2026-09-07T08:12:03.711653+00:00,ETH-8SEP26-2350-C,2489.15,ETH-8SEP26,call,2350.0,2026-09-08T08:00:00+00:00,0.0027149177487198013,0.053,0.059,0.056024,0.056,2489.15,ETH-8SEP26,0.4985,0.98709,0.04313,0.0,0.0,0.005999999999999998,ETH,2489.58,0.0
2026-09-07T08:12:03.711653+00:00,ETH-27NOV26-2300-C,2508.36,ETH-27NOV26,call,2300.0,2026-11-27T08:00:00+00:00,0.2217429807192879,0.1405,0.1425,0.141548,0.1415,2508.36,ETH-27NOV26,0.5249,0.68237,4.21222,50.0,0.0,0.001999999999999974,ETH,2489.58,0.0
2026-09-07T08:12:03.711653+00:00,ETH-25SEP26-2400-C,2494.47,ETH-25SEP26,call,2400.0,2026-09-25T08:00:00+00:00,0.04925838112996552,0.0635,0.0655,0.06455,0.0645,2494.47,ETH-25SEP26,0.495,0.65773,2.03432,15746.0,2.0,0.0020000000000000018,ETH,2489.48,324.02
2026-09-07T08:12:03.711653+00:00,ETH-26MAR27-2900-C,2540.7,ETH-26MAR27,call,2900.0,2027-03-26T08:00:00+00:00,0.547547224388008,0.1085,0.11,0.109707,0.10925,2540.7,ETH-26MAR27,0.5459,0.45018,7.4443,2285.0,0.0,0.0015000000000000013,ETH,2489.58,0.0
2026-09-07T08:12:03.711653+00:00,ETH-25JUN27-2200-P,2569.3,ETH-25JUN27,put,2200.0,2027-06-25T08:00:00+00:00,0.7966916460170291,0.1185,0.1215,0.120192,0.12,2569.3,ETH-25JUN27,0.5609000000000001,-0.28763,7.8227,387.0,0.0,0.0030000000000000027,ETH,2489.58,0.0
2026-09-07T08:12:03.711653+00:00,ETH-18SEP26-3200-C,2492.28,ETH-18SEP26,call,3200.0,2026-09-18T08:00:00+00:00,0.030093425620040814,0.0008,0.0011,0.000942,0.00095,2492.28,ETH-18SEP26,0.6939,0.02193,0.22634,3571.0,143.0,0.00030000000000000003,ETH,2489.58,455.22
2026-09-07T08:12:03.711653+00:00,ETH-11SEP26-2450-C,2489.96,ETH-11SEP26,call,2450.0,2026-09-11T08:00:00+00:00,0.010928470110116106,0.0265,0.0285,0.027298,0.0275,2489.96,ETH-11SEP26,0.4389,0.64671,0.96761,2368.0,0.0,0.0020000000000000018,ETH,2489.58,0.0
2026-09-07T08:12:03.711653+00:00,ETH-25DEC26-8000-P,2515.0,ETH-25DEC26,put,8000.0,2026-12-25T08:00:00+00:00,0.29840280275898673,2.164,2.201,2.1815,2.1825,2515.0,ETH-25DEC26,0.7592,-0.99509,0.19555,23.0,23.0,0.03699999999999992,ETH,2489.34,125637.35
2026-09-07T08:12:03.711653+00:00,ETH-30OCT26-2500-C,2500.83,ETH-30OCT26,call,2500.0,2026-10-30T08:00:00+00:00,0.14508315867958907,0.077,0.078,0.077677,0.0775,2500.83,ETH-30OCT26,0.5108,0.5395,3.78289,2829.0,0.0,0.0010000000000000009,ETH,2489.34,0.0
2026-09-07T08:12:03.711653+00:00,ETH-27NOV26-2400-C,2508.36,ETH-27NOV26,call,2400.0,2026-11-27T08:00:00+00:00,0.2217429807192879,0.118,0.12,0.1189,0.119,2508.36,ETH-27NOV26,0.5222,0.61886,4.50295,307.0,0.0,0.0020000000000000018,ETH,2489.58,0.0
2026-09-07T08:12:03.711653+00:00,ETH-26MAR27-3300-P,2540.72,ETH-26MAR27,put,3300.0,2027-03-26T08:00:00+00:00,0.547547224388008,0.364,0.3815,0.371939,0.37275,2540.72,ETH-26MAR27,0.5533,-0.66775,6.82901,101.0,0.0,0.017500000000000016,ETH,2489.34,0.0
2026-09-07T08:12:03.711653+00:00,ETH-8SEP26-2680-P,2489.15,ETH-8SEP26,put,2680.0,2026-09-08T08:00:00+00:00,0.0027149177487198013,0.0735,0.08,0.076766,0.07675,2489.15,ETH-8SEP26,0.5995,-0.99058,0.0328,0.0,0.0,0.006500000000000006,ETH,2489.34,0.0
2026-09-07T08:12:03.711653+00:00,ETH-25DEC26-1400-C,2515.0,ETH-25DEC26,call,1400.0,2026-12-25T08:00:00+00:00,0.29840280275898673,0.4465,0.452,0.449336,0.44925,2515.0,ETH-25DEC26,0.6638,0.96377,1.09248,939.0,0.0,0.005500000000000005,ETH,2489.34,0.0
2026-09-07T08:12:03.711653+00:00,ETH-26MAR27-2600-P,2540.72,ETH-26MAR27,put,2600.0,2027-03-26T08:00:00+00:00,0.547547224388008,0.172,0.175,0.173123,0.1735,2540.72,ETH-26MAR27,0.5432,-0.44292,7.42558,645.0,0.0,0.0030000000000000027,ETH,2489.34,0.0
2026-09-07T08:12:03.711653+00:00,ETH-11SEP26-2550-P,2489.96,ETH-11SEP26,put,2550.0,2026-09-11T08:00:00+00:00,0.010928470110116106,0.0325,0.0345,0.034039,0.0335,2489.96,ETH-11SEP26,0.4661,-0.67932,0.93179,475.0,0.0,0.0020000000000000018,ETH,2489.34,0.0
2026-09-07T08:12:03.711653+00:00,ETH-25SEP26-4600-C,2494.48,ETH-25SEP26,call,4600.0,2026-09-25T08:00:00+00:00,0.04925838112996552,,0.0001,0.0001,,2494.48,ETH-25SEP26,0.9144,0.00179,0.0317,4397.0,0.0,,ETH,2489.34,0.0
2026-09-07T08:12:03.711653+00:00,ETH-26MAR27-2800-C,2540.72,ETH-26MAR27,call,2800.0,2027-03-26T08:00:00+00:00,0.547547224388008,0.1205,0.122,0.121662,0.12125,2540.72,ETH-26MAR27,0.5447,0.48416,7.49611,5034.0,0.0,0.0015000000000000013,ETH,2489.19,0.0
2026-09-07T08:12:03.711653+00:00,ETH-25SEP26-3800-P,2494.47,ETH-25SEP26,put,3800.0,2026-09-25T08:00:00+00:00,0.04925838112996552,0.5185,0.529,0.523751,0.52375,2494.47,ETH-25SEP26,0.7524,-0.99258,0.11363,943.0,0.0,0.010500000000000065,ETH,2489.34,0.0
2026-09-07T08:12:03.711653+00:00,ETH-18SEP26-2450-C,2492.28,ETH-18SEP26,call,2450.0,2026-09-18T08:00:00+00:00,0.030093425620040814,0.042,0.0435,0.042686,0.04275,2492.28,ETH-18SEP26,0.4885,0.59624,1.67477,932.0,0.0,0.0014999999999999944,ETH,2489.19,0.0
2026-09-07T08:12:03.711653+00:00,ETH-25SEP26-3200-C,2494.47,ETH-25SEP26,call,3200.0,2026-09-25T08:00:00+00:00,0.04925838112996552,0.0021,0.0024,0.002248,0.00225,2494.47,ETH-25SEP26,0.624,0.04191,0.49557,13423.0,60.0,0.0002999999999999999,ETH,2489.34,425.53
2026-09-07T08:12:03.711653+00:00,ETH-8SEP26-2340-C,2489.15,ETH-8SEP26,call,2340.0,2026-09-08T08:00:00+00:00,0.0027149177487198013,0.057,0.063,0.06003,0.06,2489.15,ETH-8SEP26,0.5231,0.98867,0.03852,0.0,0.0,0.005999999999999998,ETH,2489.19,0.0
2026-09-07T08:12:03.711653+00:00,ETH-25SEP26-1000-P,2494.47,ETH-25SEP26,put,1000.0,2026-09-25T08:00:00+00:00,0.04925838112996552,,0.0001,3.5e-05,,2494.47,ETH-25SEP26,1.2915,-0.00043,0.0086,10805.0,0.0,,ETH,2489.19,0.0
2026-09-07T08:12:03.711653+00:00,ETH-25SEP26-1000-C,2494.48,ETH-25SEP26,call,1000.0,2026-09-25T08:00:00+00:00,0.04925838112996552,0.598,0.6005,0.59915,0.59925,2494.48,ETH-25SEP26,1.2915,0.99957,0.00861,5785.0,0.0,0.0025000000000000577,ETH,2489.19,0.0
2026-09-07T08:12:03.711653+00:00,ETH-27NOV26-2000-C,2508.36,ETH-27NOV26,call,2000.0,2026-11-27T08:00:00+00:00,0.2217429807192879,0.2235,0.2305,0.227175,0.227,2508.36,ETH-27NOV26,0.5524,0.84139,2.85831,9.0,0.0,0.007000000000000006,ETH,2489.19,0.0
2026-09-07T08:12:03.711653+00:00,ETH-25DEC26-1800-C,2515.0,ETH-25DEC26,call,1800.0,2026-12-25T08:00:00+00:00,0.29840280275898673,0.3,0.3075,0.30382,0.30375,2515.0,ETH-25DEC26,0.5761999999999999,0.88865,2.60665,2434.0,0.0,0.007500000000000007,ETH,2489.2,0.0
2026-09-07T08:12:03.711653+00:00,ETH-25SEP26-2420-C,2494.47,ETH-25SEP26,call,2420.0,2026-09-25T08:00:00+00:00,0.04925838112996552,0.0585,0.0605,0.059584,0.0595,2494.47,ETH-25SEP26,0.49329999999999996,0.62966,2.09147,122.0,0.0,0.001999999999999995,ETH,2489.19,0.0
2026-09-07T08:12:03.711653+00:00,ETH-26MAR27-4800-P,2540.72,ETH-26MAR27,put,4800.0,2027-03-26T08:00:00+00:00,0.547547224388008,0.897,0.9225,0.909025,0.90975,2540.72,ETH-26MAR27,0.5951,-0.88955,3.54627,0.0,0.0,0.025499999999999967,ETH,2489.2,0.0
2026-09-07T08:12:03.711653+00:00,ETH-30OCT26-2250-P,2500.83,ETH-30OCT26,put,2250.0,2026-10-30T08:00:00+00:00,0.14508315867958907,0.034,0.035,0.03459,0.0345,2500.83,ETH-30OCT26,0.5153,-0.26244,3.10523,1345.0,0.0,0.0010000000000000009,ETH,2489.2,0.0
2026-09-07T08:12:03.711653+00:00,ETH-25SEP26-5200-C,2494.47,ETH-25SEP26,call,5200.0,2026-09-25T08:00:00+00:00,0.04925838112996552,,0.0001,1.4e-05,,2494.47,ETH-25SEP26,0.9314,0.00028,0.00576,2392.0,0.0,,ETH,2489.19,0.0
2026-09-07T08:12:03.711653+00:00,ETH-30OCT26-2900-C,2500.83,ETH-30OCT26,call,2900.0,2026-10-30T08:00:00+00:00,0.14508315867958907,0.029,0.03,0.029879,0.0295,2500.83,ETH-30OCT26,0.5349,0.26585,3.12577,2732.0,2.0,0.0009999999999999974,ETH,2489.2,143.81
2026-09-07T08:12:03.711653+00:00,ETH-27NOV26-3800-C,2508.36,ETH-27NOV26,call,3800.0,2026-11-27T08:00:00+00:00,0.2217429807192879,0.01,0.011,0.010505,0.0105,2508.36,ETH-27NOV26,0.5956,0.09,1.91854,319.0,0.0,0.0009999999999999992,ETH,2489.2,0.0
2026-09-07T08:12:03.711653+00:00,ETH-25JUN27-4400-P,2569.3,ETH-25JUN27,put,4400.0,2027-06-25T08:00:00+00:00,0.7966916460170291,0.7515,0.777,0.763121,0.76425,2569.3,ETH-25JUN27,0.5772999999999999,-0.78413,6.71802,1.0,0.0,0.025500000000000078,ETH,2489.2,0.0
2026-09-07T08:12:03.711653+00:00,ETH-9SEP26-2320-P,2489.52,ETH-9SEP26,put,2320.0,2026-09-09T08:00:00+00:00,0.005452768535851902,0.0004,0.0007,0.000528,0.00055,2489.52,ETH-9SEP26,0.5284,-0.03409,0.13899,127.0,125.0,0.0003,ETH,2489.2,312.05
2026-09-07T08:12:03.711653+00:00,ETH-25DEC26-1500-P,2515.0,ETH-25DEC26,put,1500.0,2026-12-25T08:00:00+00:00,0.29840280275898673,0.0075,0.0085,0.008005,0.008,2515.0,ETH-25DEC26,0.6358,-0.04838,1.38035,16254.0,5.0,0.0010000000000000009,ETH,2489.18,101.13
2026-09-07T08:12:03.711653+00:00,ETH-10SEP26-2600-P,2489.77,ETH-10SEP26,put,2600.0,2026-09-10T08:00:00+00:00,0.008190619322984004,0.045,0.0515,0.048014,0.04825,2489.77,ETH-10SEP26,0.48109999999999997,-0.83539,0.55849,0.0,0.0,0.006499999999999999,ETH,2489.18,0.0
2026-09-07T08:12:03.711653+00:00,ETH-26MAR27-4200-C,2540.72,ETH-26MAR27,call,4200.0,2027-03-26T08:00:00+00:00,0.547547224388008,0.031,0.0325,0.03185,0.03175,2540.72,ETH-26MAR27,0.5771999999999999,0.16776,4.71825,2903.0,0.0,0.0015000000000000013,ETH,2489.18,0.0
2026-09-07T08:12:03.711653+00:00,ETH-11SEP26-2460-P,2489.96,ETH-11SEP26,put,2460.0,2026-09-11T08:00:00+00:00,0.010928470110116106,0.012,0.013,0.012732,0.0125,2489.96,ETH-11SEP26,0.43689999999999996,-0.38782,0.99715,0.0,0.0,0.0009999999999999992,ETH,2489.18,0.0
2026-09-07T08:12:03.711653+00:00,ETH-9SEP26-2560-C,2489.51,ETH-9SEP26,call,2560.0,2026-09-09T08:00:00+00:00,0.005452768535851902,0.0036,0.0039,0.003771,0.00375,2489.51,ETH-9SEP26,0.45,0.20412,0.52092,109.0,92.0,0.0002999999999999999,ETH,2489.18,1269.69
2026-09-07T08:12:03.711653+00:00,ETH-30OCT26-1000-C,2500.84,ETH-30OCT26,call,1000.0,2026-10-30T08:00:00+00:00,0.14508315867958907,0.599,0.602,0.600453,0.6005,2500.84,ETH-30OCT26,0.9248000000000001,0.99726,0.08038,0.0,0.0,0.0030000000000000027,ETH,2489.18,0.0
2026-09-07T08:12:03.711653+00:00,ETH-25JUN27-3100-P,2569.29,ETH-25JUN27,put,3100.0,2027-06-25T08:00:00+00:00,0.7966916460170291,0.327,0.34,0.334744,0.3335,2569.29,ETH-25JUN27,0.5567,-0.55149,9.0746,0.0,0.0,0.013000000000000012,ETH,2489.18,0.0
2026-09-07T08:12:03.711653+00:00,ETH-25SEP26-9000-P,2494.47,ETH-25SEP26,put,9000.0,2026-09-25T08:00:00+00:00,0.04925838112996552,2.5935,2.6215,2.607968,2.6075,2494.47,ETH-25SEP26,1.3633000000000002,-0.99998,0.00052,0.0,0.0,0.028000000000000025,ETH,2489.18,0.0
2026-09-07T08:12:03.711653+00:00,ETH-9SEP26-2420-P,2489.52,ETH-9SEP26,put,2420.0,2026-09-09T08:00:00+00:00,0.005452768535851902,0.0028,0.0032,0.00306,0.003,2489.52,ETH-9SEP26,0.4232,-0.17933,0.4812,153.0,151.0,0.0004000000000000002,ETH,2489.18,1194.0
2026-09-07T08:12:03.711653+00:00,ETH-9SEP26-2350-P,2489.52,ETH-9SEP26,put,2350.0,2026-09-09T08:00:00+00:00,0.005452768535851902,0.0006,0.001,0.00086,0.0008,2489.52,ETH-9SEP26,0.4938,-0.05516,0.20494,0.0,0.0,0.0004000000000000001,ETH,2489.18,0.0
2026-09-07T08:12:03.711653+00:00,ETH-27NOV26-2700-C,2508.36,ETH-27NOV26,call,2700.0,2026-11-27T08:00:00+00:00,0.2217429807192879,0.0675,0.069,0.068611,0.06825,2508.36,ETH-27NOV26,0.5259,0.43099,4.6424,346.0,1.0,0.0015000000000000013,ETH,2489.18,176.4
2026-09-07T08:12:03.711653+00:00,ETH-18SEP26-2200-P,2492.28,ETH-18SEP26,put,2200.0,2026-09-18T08:00:00+00:00,0.030093425620040814,0.0034,0.0038,0.003591,0.0036,2492.28,ETH-18SEP26,0.5342,-0.08212,0.65569,5258.0,2011.0,0.0004000000000000002,ETH,2489.18,19498.82
2026-09-07T08:12:03.711653+00:00,ETH-25SEP26-2300-P,2494.47,ETH-25SEP26,put,2300.0,2026-09-25T08:00:00+00:00,0.04925838112996552,0.014,0.015,0.014661,0.0145,2494.47,ETH-25SEP26,0.5036,-0.21744,1.62854,5627.0,13.0,0.0009999999999999992,ETH,2489.18,439.44
2026-09-07T08:12:03.711653+00:00,ETH-25JUN27-2100-P,2569.3,ETH-25JUN27,put,2100.0,2027-06-25T08:00:00+00:00,0.7966916460170291,0.102,0.1045,0.103322,0.10325,2569.3,ETH-25JUN27,0.5642,-0.2572,7.39865,589.0,0.0,0.0025000000000000022,ETH,2489.18,0.0
2026-09-07T08:12:03.711653+00:00,ETH-9SEP26-2540-P,2489.51,ETH-9SEP26,put,2540.0,2026-09-09T08:00:00+00:00,0.005452768535851902,0.024,0.0265,0.025557,0.02525,2489.51,ETH-9SEP26,0.4359,-0.72952,0.6083,0.0,0.0,0.0024999999999999988,ETH,2489.18,0.0
2026-09-07T08:12:03.711653+00:00,ETH-25DEC26-1000-C,2515.0,ETH-25DEC26,call,1000.0,2026-12-25T08:00:00+00:00,0.29840280275898673,0.602,0.606,0.604209,0.604,2515.0,ETH-25DEC26,0.8081999999999999,0.98952,0.38146,73.0,0.0,0.0040000000000000036,ETH,2489.18,0.0
2026-09-07T08:12:03.711653+00:00,ETH-25DEC26-2800-P,2515.0,ETH-25DEC26,put,2800.0,2026-12-25T08:00:00+00:00,0.29840280275898673,0.186,0.1875,0.186691,0.18675,2515.0,ETH-25DEC26,0.5307999999999999,-0.58923,5.34428,2700.0,200.0,0.0015000000000000013,ETH,2489.18,91285.69
2026-09-07T08:12:03.711653+00:00,ETH-25SEP26-2450-P,2494.47,ETH-25SEP26,put,2450.0,2026-09-25T08:00:00+00:00,0.04925838112996552,0.0345,0.0355,0.034982,0.035,2494.47,ETH-25SEP26,0.49369999999999997,-0.41377,2.15727,103.0,52.0,0.000999999999999994,ETH,2489.18,4213.07
2026-09-07T08:12:03.711653+00:00,ETH-27NOV26-3100-C,2508.36,ETH-27NOV26,call,3100.0,2026-11-27T08:00:00+00:00,0.2217429807192879,0.032,0.033,0.032694,0.0325,2508.36,ETH-27NOV26,0.5452,0.24293,3.69693,40.0,30.0,0.0010000000000000009,ETH,2489.18,2539.63
2026-09-07T08:12:03.711653+00:00,ETH-30OCT26-1800-P,2500.83,ETH-30OCT26,put,1800.0,2026-10-30T08:00:00+00:00,0.14508315867958907,0.0055,0.0065,0.006071,0.006,2500.83,ETH-30OCT26,0.5904,-0.05778,1.1018,1273.0,0.0,0.001,ETH,2489.18,0.0
2026-09-07T08:12:03.711653+00:00,ETH-25DEC26-4400-P,2514.99,ETH-25DEC26,put,4400.0,2026-12-25T08:00:00+00:00,0.29840280275898673,0.7475,0.767,0.757749,0.75725,2514.99,ETH-25DEC26,0.6074,-0.93568,1.72816,20.0,0.0,0.019499999999999962,ETH,2489.18,0.0
2026-09-07T08:12:03.711653+00:00,ETH-25SEP26-3400-C,2494.47,ETH-25SEP26,call,3400.0,2026-09-25T08:00:00+00:00,0.04925838112996552,0.0011,0.0013,0.001197,0.0012,2494.47,ETH-25SEP26,0.6716,0.02257,0.29702,9690.0,39.0,0.00019999999999999987,ETH,2489.18,116.58
2026-09-07T08:12:03.711653+00:00,ETH-10SEP26-2620-P,2489.77,ETH-10SEP26,put,2620.0,2026-09-10T08:00:00+00:00,0.008190619322984004,0.0525,0.0585,0.055211,0.0555,2489.77,ETH-10SEP26,0.49420000000000003,-0.86864,0.48011,0.0,0.0,0.006000000000000005,ETH,2489.18,0.0
2026-09-07T08:12:03.711653+00:00,ETH-25SEP26-4400-P,2494.48,ETH-25SEP26,put,4400.0,2026-09-25T08:00:00+00:00,0.04925838112996552,0.7575,0.77,0.763995,0.76375,2494.48,ETH-25SEP26,0.8554,-0.9981,0.03353,281.0,0.0,0.012500000000000067,ETH,2489.18,0.0
2026-09-07T08:12:03.711653+00:00,ETH-11SEP26-1800-C,2489.96,ETH-11SEP26,call,1800.0,2026-09-11T08:00:00+00:00,0.010928470110116106,0.2755,0.279,0.277107,0.27725,2489.96,ETH-11SEP26,0.9538,0.99952,0.00445,0.0,0.0,0.003500000000000003,ETH,2489.18,0.0
2026-09-07T08:12:03.711653+00:00,ETH-25DEC26-7000-P,2515.0,ETH-25DEC26,put,7000.0,2026-12-25T08:00:00+00:00,0.29840280275898673,1.7695,1.801,1.784398,1.78525,2515.0,ETH-25DEC26,0.7315,-0.9909,0.33735,0.0,0.0,0.03149999999999986,ETH,2489.18,0.0
2026-09-07T08:12:03.711653+00:00,ETH-25JUN27-4000-C,2569.29,ETH-25JUN27,call,4000.0,2027-06-25T08:00:00+00:00,0.7966916460170291,0.065,0.0665,0.066099,0.06575,2569.29,ETH-25JUN27,0.5700999999999999,0.26913,7.57202,4555.0,0.0,0.0015000000000000013,ETH,2489.18,0.0
2026-09-07T08:12:03.711653+00:00,ETH-18SEP26-2900-P,2492.28,ETH-18SEP26,put,2900.0,2026-09-18T08:00:00+00:00,0.030093425620040814,0.1635,0.1705,0.167025,0.167,2492.28,ETH-18SEP26,0.5921,-0.92285,0.62544,0.0,0.0,0.007000000000000006,ETH,2489.18,0.0
2026-09-07T08:12:03.711653+00:00,ETH-26MAR27-1800-C,2540.72,ETH-26MAR27,call,1800.0,2027-03-26T08:00:00+00:00,0.547547224388008,0.3285,0.339,0.333803,0.33375,2540.72,ETH-26MAR27,0.5779,0.84598,4.46211,3427.0,0.0,0.01050000000000001,ETH,2489.19,0.0
2026-09-07T08:12:03.711653+00:00,ETH-8SEP26-2350-P,2489.15,ETH-8SEP26,put,2350.0,2026-09-08T08:00:00+00:00,0.0027149177487198013,,0.0002,0.000118,,2489.15,ETH-8SEP26,0.4985,-0.01307,0.04361,0.0,0.0,,ETH,2489.19,0.0
2026-09-07T08:12:03.711653+00:00,ETH-9SEP26-2250-C,2489.51,ETH-9SEP26,call,2250.0,2026-09-09T08:00:00+00:00,0.005452768535851902,0.094,0.099,0.096431,0.0965,2489.51,ETH-9SEP26,0.6267,0.98633,0.06428,18.0,18.0,0.0050000000000000044,ETH,2489.19,4367.86
2026-09-07T08:12:03.711653+00:00,ETH-11SEP26-2100-C,2489.95,ETH-11SEP26,call,2100.0,2026-09-11T08:00:00+00:00,0.010928470110116106,0.1545,0.1595,0.156913,0.157,2489.95,ETH-11SEP26,0.7269,0.98862,0.07766,19.0,18.0,0.0050000000000000044,ETH,2489.19,7809.71
2026-09-07T08:12:03.711653+00:00,ETH-25JUN27-1900-C,2569.3,ETH-25JUN27,call,1900.0,2027-06-25T08:00:00+00:00,0.7966916460170291,0.328,0.3405,0.334795,0.33425,2569.3,ETH-25JUN27,0.5737,0.80095,6.40331,115.0,0.0,0.012500000000000011,ETH,2489.19,0.0
2026-09-07T08:12:03.711653+00:00,ETH-26MAR27-2000-P,2540.72,ETH-26MAR27,put,2000.0,2027-03-26T08:00:00+00:00,0.547547224388008,0.063,0.065,0.063934,0.064,2540.72,ETH-26MAR27,0.5614,-0.21671,5.51985,1916.0,0.0,0.0020000000000000018,ETH,2489.19,0.0
2026-09-07T08:12:03.711653+00:00,ETH-25JUN27-3900-C,2569.3,ETH-25JUN27,call,3900.0,2027-06-25T08:00:00+00:00,0.7966916460170291,0.0695,0.0715,0.070785,0.0705,2569.3,ETH-25JUN27,0.5681,0.28453,7.7812,160.0,0.0,0.001999999999999988,ETH,2489.19,0.0
2026-09-07T08:12:03.711653+00:00,ETH-25SEP26-2100-P,2494.48,ETH-25SEP26,put,2100.0,2026-09-25T08:00:00+00:00,0.04925838112996552,0.004,0.0044,0.004186,0.0042,2494.48,ETH-25SEP26,0.5556,-0.07267,0.76519,37104.0,511.0,0.0004000000000000002,ETH,2489.19,5467.67
2026-09-07T08:12:03.711653+00:00,ETH-27NOV26-2150-C,2508.36,ETH-27NOV26,call,2150.0,2026-11-27T08:00:00+00:00,0.2217429807192879,0.1775,0.185,0.181167,0.18125,2508.36,ETH-27NOV26,0.534,0.76976,3.58936,0.0,0.0,0.007500000000000007,ETH,2489.19,0.0
2026-09-07T08:12:03.711653+00:00,ETH-27NOV26-3400-C,2508.36,ETH-27NOV26,call,3400.0,2026-11-27T08:00:00+00:00,0.2217429807192879,0.019,0.02,0.019502,0.0195,2508.36,ETH-27NOV26,0.5658,0.15661,2.83431,314.0,0.0,0.0010000000000000009,ETH,2489.19,0.0
2026-09-07T08:12:03.711653+00:00,ETH-11SEP26-2400-P,2489.95,ETH-11SEP26,put,2400.0,2026-09-11T08:00:00+00:00,0.010928470110116106,0.005,0.006,0.005707,0.0055,2489.95,ETH-11SEP26,0.44920000000000004,-0.21062,0.75151,6045.0,439.0,0.001,ETH,2489.19,5781.1
2026-09-07T08:12:03.711653+00:00,ETH-27NOV26-3000-C,2508.36,ETH-27NOV26,call,3000.0,2026-11-27T08:00:00+00:00,0.2217429807192879,0.0385,0.0395,0.039198,0.039,2508.36,ETH-27NOV26,0.5392,0.2815,3.9871,352.0,0.0,0.0010000000000000009,ETH,2489.19,0.0
2026-09-07T08:12:03.711653+00:00,ETH-25SEP26-16000-P,2494.47,ETH-25SEP26,put,16000.0,2026-09-25T08:00:00+00:00,0.04925838112996552,5.386,5.4405,5.414164,5.41325,2494.47,ETH-25SEP26,1.8954,-0.99999,0.00032,30.0,0.0,0.05449999999999999,ETH,2489.19,0.0
2026-09-07T08:12:03.711653+00:00,ETH-25SEP26-2050-P,2494.47,ETH-25SEP26,put,2050.0,2026-09-25T08:00:00+00:00,0.04925838112996552,0.0029,0.0033,0.003088,0.0031,2494.47,ETH-25SEP26,0.5742,-0.05455,0.612,4005.0,1.0,0.0004000000000000002,ETH,2489.19,7.79
2026-09-07T08:12:03.711653+00:00,ETH-10SEP26-2500-P,2489.77,ETH-10SEP26,put,2500.0,2026-09-10T08:00:00+00:00,0.008190619322984004,0.017,0.018,0.017805,0.0175,2489.77,ETH-10SEP26,0.433,-0.53507,0.89546,41.0,41.0,0.0009999999999999974,ETH,2489.18,1191.82
2026-09-07T08:12:03.711653+00:00,ETH-25JUN27-6000-C,2569.3,ETH-25JUN27,call,6000.0,2027-06-25T08:00:00+00:00,0.7966916460170291,0.02,0.021,0.020739,0.0205,2569.3,ETH-25JUN27,0.6095,0.09912,3.99969,1393.0,0.0,0.0010000000000000009,ETH,2489.18,0.0
2026-09-07T08:12:03.711653+00:00,ETH-11SEP26-3000-P,2489.96,ETH-11SEP26,put,3000.0,2026-09-11T08:00:00+00:00,0.010928470110116106,0.201,0.209,0.205026,0.205,2489.96,ETH-11SEP26,0.7217,-0.99252,0.05377,0.0,0.0,0.00799999999999998,ETH,2489.18,0.0
2026-09-07T08:12:03.711653+00:00,ETH-26MAR27-4500-P,2540.72,ETH-26MAR27,put,4500.0,2027-03-26T08:00:00+00:00,0.547547224388008,0.7845,0.8085,0.796015,0.7965,2540.72,ETH-26MAR27,0.5857,-0.86475,4.08802,0.0,0.0,0.02400000000000002,ETH,2489.21,0.0
2026-09-07T08:12:03.711653+00:00,ETH-9SEP26-2800-P,2489.52,ETH-9SEP26,put,2800.0,2026-09-09T08:00:00+00:00,0.005452768535851902,0.121,0.1285,0.124869,0.12475,2489.52,ETH-9SEP26,0.6677,-0.9909,0.0451,0.0,0.0,0.007500000000000007,ETH,2489.18,0.0
2026-09-07T08:12:03.711653+00:00,ETH-25SEP26-1600-C,2494.47,ETH-25SEP26,call,1600.0,2026-09-25T08:00:00+00:00,0.04925838112996552,0.357,0.361,0.358973,0.359,2494.47,ETH-25SEP26,0.8301999999999999,0.99381,0.09685,3418.0,0.0,0.0040000000000000036,ETH,2489.18,0.0
2026-09-07T08:12:03.711653+00:00,ETH-27NOV26-4200-P,2508.36,ETH-27NOV26,put,4200.0,2026-11-27T08:00:00+00:00,0.2217429807192879,0.6715,0.689,0.68065,0.68025,2508.36,ETH-27NOV26,0.6281,-0.94462,1.32145,0.0,0.0,0.01749999999999996,ETH,2489.18,0.0
2026-09-07T08:12:03.711653+00:00,ETH-27NOV26-1600-P,2508.36,ETH-27NOV26,put,1600.0,2026-11-27T08:00:00+00:00,0.2217429807192879,0.0065,0.0075,0.00698,0.007,2508.36,ETH-27NOV26,0.6368,-0.04964,1.21134,59.0,48.0,0.001,ETH,2489.18,834.64
2026-09-07T08:12:03.711653+00:00,ETH-27NOV26-2300-P,2508.36,ETH-27NOV26,put,2300.0,2026-11-27T08:00:00+00:00,0.2217429807192879,0.058,0.059,0.058474,0.0585,2508.36,ETH-27NOV26,0.5249,-0.31786,4.21283,302.0,0.0,0.000999999999999994,ETH,2489.21,0.0
2026-09-07T08:12:03.711653+00:00,ETH-8SEP26-2250-C,2489.15,ETH-8SEP26,call,2250.0,2026-09-08T08:00:00+00:00,0.0027149177487198013,0.0935,0.099,0.09613,0.09625,2489.15,ETH-8SEP26,0.7390000000000001,0.99586,0.01584,0.0,0.0,0.005500000000000005,ETH,2489.21,0.0
2026-09-07T08:12:03.711653+00:00,ETH-26MAR27-3000-P,2540.72,ETH-26MAR27,put,3000.0,2027-03-26T08:00:00+00:00,0.547547224388008,0.2775,0.284,0.27963,0.28075,2540.72,ETH-26MAR27,0.5471,-0.58245,7.34116,370.0,0.0,0.00649999999999995,ETH,2489.21,0.0
2026-09-07T08:12:03.711653+00:00,ETH-25DEC26-5200-P,2514.99,ETH-25DEC26,put,5200.0,2026-12-25T08:00:00+00:00,0.29840280275898673,1.061,1.0835,1.0715,1.07225,2514.99,ETH-25DEC26,0.6527,-0.96845,0.97477,0.0,0.0,0.022499999999999964,ETH,2489.21,0.0
2026-09-07T08:12:03.711653+00:00,ETH-25JUN27-3900-P,2569.29,ETH-25JUN27,put,3900.0,2027-06-25T08:00:00+00:00,0.7966916460170291,0.5785,0.601,0.588714,0.58975,2569.29,ETH-25JUN27,0.5681,-0.71547,7.78124,0.0,0.0,0.022499999999999964,ETH,2489.3,0.0
2026-09-07T08:12:03.711653+00:00,ETH-25DEC26-4800-C,2515.0,ETH-25DEC26,call,4800.0,2026-12-25T08:00:00+00:00,0.29840280275898673,0.005,0.006,0.005477,0.0055,2515.0,ETH-25DEC26,0.6294,0.04386,1.27598,2708.0,0.0,0.001,ETH,2489.3,0.0
2026-09-07T08:12:03.711653+00:00,ETH-25JUN27-4400-C,2569.29,ETH-25JUN27,call,4400.0,2027-06-25T08:00:00+00:00,0.7966916460170291,0.0495,0.051,0.050586,0.05025,2569.29,ETH-25JUN27,0.5772999999999999,0.21586,6.71779,173.0,0.0,0.0014999999999999944,ETH,2489.3,0.0
2026-09-07T08:12:03.711653+00:00,ETH-9SEP26-2400-P,2489.52,ETH-9SEP26,put,2400.0,2026-09-09T08:00:00+00:00,0.005452768535851902,0.0018,0.0021,0.002022,0.00195,2489.52,ETH-9SEP26,0.4365,-0.12509,0.37859,209.0,209.0,0.0002999999999999999,ETH,2489.3,1048.16
2026-09-07T08:12:03.711653+00:00,ETH-25JUN27-2000-P,2569.3,ETH-25JUN27,put,2000.0,2027-06-25T08:00:00+00:00,0.7966916460170291,0.0865,0.089,0.087923,0.08775,2569.3,ETH-25JUN27,0.5681,-0.22745,6.92177,1802.0,0.0,0.0025000000000000022,ETH,2489.3,0.0
2026-09-07T08:12:03.711653+00:00,ETH-11SEP26-2480-C,2489.96,ETH-11SEP26,call,2480.0,2026-09-11T08:00:00+00:00,0.010928470110116106,0.02,0.021,0.020417,0.0205,2489.96,ETH-11SEP26,0.44079999999999997,0.54307,1.03247,0.0,0.0,0.0010000000000000009,ETH,2489.3,0.0
2026-09-07T08:12:03.711653+00:00,ETH-25SEP26-2050-C,2494.47,ETH-25SEP26,call,2050.0,2026-09-25T08:00:00+00:00,0.04925838112996552,0.179,0.184,0.181274,0.1815,2494.47,ETH-25SEP26,0.5742,0.94546,0.61192,19.0,0.0,0.0050000000000000044,ETH,2489.3,0.0
2026-09-07T08:12:03.711653+00:00,ETH-8SEP26-2300-C,2489.15,ETH-8SEP26,call,2300.0,2026-09-08T08:00:00+00:00,0.0027149177487198013,0.073,0.079,0.076075,0.076,2489.15,ETH-8SEP26,0.6275999999999999,0.99247,0.02695,0.0,0.0,0.006000000000000005,ETH,2489.3,0.0
2026-09-07T08:12:03.711653+00:00,ETH-11SEP26-2540-P,2489.96,ETH-11SEP26,put,2540.0,2026-09-11T08:00:00+00:00,0.010928470110116106,0.0295,0.033,0.031048,0.03125,2489.96,ETH-11SEP26,0.4596,-0.65272,0.96148,0.0,0.0,0.003500000000000003,ETH,2489.3,0.0
2026-09-07T08:12:03.711653+00:00,ETH-25DEC26-2700-P,2515.0,ETH-25DEC26,put,2700.0,2026-12-25T08:00:00+00:00,0.29840280275898673,0.159,0.16,0.159005,0.1595,2515.0,ETH-25DEC26,0.5268,-0.54098,5.45319,1037.0,267.0,0.0010000000000000009,ETH,2489.26,105314.45
2026-09-07T08:12:03.711653+00:00,ETH-25SEP26-7500-C,2494.47,ETH-25SEP26,call,7500.0,2026-09-25T08:00:00+00:00,0.04925838112996552,,0.0001,2e-06,,2494.47,ETH-25SEP26,1.1895,3e-05,0.00064,2159.0,0.0,,ETH,2489.3,0.0
2026-09-07T08:12:03.711653+00:00,ETH-25SEP26-6800-P,2494.48,ETH-25SEP26,put,6800.0,2026-09-25T08:00:00+00:00,0.04925838112996552,1.716,1.7355,1.726021,1.72575,2494.48,ETH-25SEP26,1.1040999999999999,-0.99996,0.00084,0.0,0.0,0.019500000000000073,ETH,2489.3,0.0
2026-09-07T08:12:03.711653+00:00,ETH-27NOV26-2650-P,2508.36,ETH-27NOV26,put,2650.0,2026-11-27T08:00:00+00:00,0.2217429807192879,0.1315,0.1325,0.131787,0.132,2508.36,ETH-27NOV26,0.5245000000000001,-0.53962,4.68981,100.0,0.0,0.0010000000000000009,ETH,2489.3,0.0
2026-09-07T08:12:03.711653+00:00,ETH-10SEP26-2660-C,2489.77,ETH-10SEP26,call,2660.0,2026-09-10T08:00:00+00:00,0.008190619322984004,0.0015,0.0019,0.001734,0.0017,2489.77,ETH-10SEP26,0.5179,0.0824,0.34255,185.0,185.0,0.00039999999999999996,ETH,2489.26,1313.48
2026-09-07T08:12:03.711653+00:00,ETH-25DEC26-7000-C,2515.0,ETH-25DEC26,call,7000.0,2026-12-25T08:00:00+00:00,0.29840280275898673,0.0009,0.0013,0.001086,0.0011,2515.0,ETH-25DEC26,0.7315,0.00911,0.33745,3002.0,0.0,0.00039999999999999996,ETH,2489.26,0.0
2026-09-07T08:12:03.711653+00:00,ETH-25SEP26-2250-P,2494.48,ETH-25SEP26,put,2250.0,2026-09-25T08:00:00+00:00,0.04925838112996552,0.01,0.011,0.010678,0.0105,2494.48,ETH-25SEP26,0.5119,-0.1676,1.38855,4450.0,12.0,0.0009999999999999992,ETH,2489.26,297.74
2026-09-07T08:12:03.711653+00:00,ETH-8SEP26-2400-P,2489.15,ETH-8SEP26,put,2400.0,2026-09-08T08:00:00+00:00,0.0027149177487198013,0.0002,0.0005,0.000354,0.00035,2489.15,ETH-8SEP26,0.4052,-0.04131,0.11467,931.0,1058.0,0.00030000000000000003,ETH,2489.26,2268.2
2026-09-07T08:12:03.711653+00:00,ETH-11SEP26-2350-C,2489.95,ETH-11SEP26,call,2350.0,2026-09-11T08:00:00+00:00,0.010928470110116106,0.0565,0.062,0.059026,0.05925,2489.95,ETH-11SEP26,0.4707,0.88467,0.50633,275.0,118.0,0.005499999999999998,ETH,2489.26,18389.07
2026-09-07T08:12:03.711653+00:00,ETH-25DEC26-1800-P,2515.0,ETH-25DEC26,put,1800.0,2026-12-25T08:00:00+00:00,0.29840280275898673,0.019,0.02,0.019528,0.0195,2515.0,ETH-25DEC26,0.5761999999999999,-0.11133,2.60627,5256.0,1.0,0.0010000000000000009,ETH,2489.23,46.46
2026-09-07T08:12:03.711653+00:00,ETH-18SEP26-3000-C,2492.28,ETH-18SEP26,call,3000.0,2026-09-18T08:00:00+00:00,0.030093425620040814,0.002,0.0023,0.002166,0.00215,2492.28,ETH-18SEP26,0.6274000000000001,0.04952,0.44254,724.0,40.0,0.0002999999999999999,ETH,2489.23,299.64
2026-09-07T08:12:03.711653+00:00,ETH-27NOV26-3600-C,2508.36,ETH-27NOV26,call,3600.0,2026-11-27T08:00:00+00:00,0.2217429807192879,0.0135,0.0145,0.014045,0.014,2508.36,ETH-27NOV26,0.5793,0.11738,2.32682,1723.0,7.0,0.0010000000000000009,ETH,2489.26,257.83
2026-09-07T08:12:03.711653+00:00,ETH-25JUN27-1400-P,2569.3,ETH-25JUN27,put,1400.0,2027-06-25T08:00:00+00:00,0.7966916460170291,0.027,0.029,0.028013,0.028,2569.3,ETH-25JUN27,0.6235,-0.08554,3.58643,1801.0,1.0,0.0020000000000000018,ETH,2489.23,66.49
2026-09-07T08:12:03.711653+00:00,ETH-10SEP26-2560-C,2489.77,ETH-10SEP26,call,2560.0,2026-09-10T08:00:00+00:00,0.008190619322984004,0.006,0.0065,0.00632,0.00625,2489.77,ETH-10SEP26,0.45840000000000003,0.25724,0.72688,186.0,186.0,0.0004999999999999996,ETH,2489.23,3711.37
2026-09-07T08:12:03.711653+00:00,ETH-8SEP26-2680-C,2489.15,ETH-8SEP26,call,2680.0,2026-09-08T08:00:00+00:00,0.0027149177487198013,,0.0002,9.8e-05,,2489.15,ETH-8SEP26,0.5995,0.00932,0.03249,276.0,356.0,,ETH,2489.23,331.6
2026-09-07T08:12:03.711653+00:00,ETH-25JUN27-1600-C,2569.29,ETH-25JUN27,call,1600.0,2027-06-25T08:00:00+00:00,0.7966916460170291,0.414,0.425,0.419746,0.4195,2569.29,ETH-25JUN27,0.5985,0.87561,4.70578,379.0,0.0,0.01100000000000001,ETH,2489.23,0.0
2026-09-07T08:12:03.711653+00:00,ETH-27NOV26-2950-C,2508.36,ETH-27NOV26,call,2950.0,2026-11-27T08:00:00+00:00,0.2217429807192879,0.0425,0.0435,0.042982,0.043,2508.36,ETH-27NOV26,0.5365,0.30296,4.12588,150.0,0.0,0.000999999999999994,ETH,2489.23,0.0
2026-09-07T08:12:03.711653+00:00,ETH-27NOV26-2750-C,2508.36,ETH-27NOV26,call,2750.0,2026-11-27T08:00:00+00:00,0.2217429807192879,0.0615,0.063,0.062687,0.06225,2508.36,ETH-27NOV26,0.5288,0.40316,4.57361,533.0,0.0,0.0015000000000000013,ETH,2489.23,0.0
2026-09-07T08:12:03.711653+00:00,ETH-25DEC26-5000-C,2515.0,ETH-25DEC26,call,5000.0,2026-12-25T08:00:00+00:00,0.29840280275898673,0.0044,0.0049,0.004615,0.00465,2515.0,ETH-25DEC26,0.6416,0.03718,1.11573,4228.0,0.0,0.0004999999999999996,ETH,2489.24,0.0
2026-09-07T08:12:03.711653+00:00,ETH-26MAR27-2900-P,2540.7,ETH-26MAR27,put,2900.0,2027-03-26T08:00:00+00:00,0.547547224388008,0.245,0.2545,0.251124,0.24975,2540.7,ETH-26MAR27,0.5459,-0.54995,7.44313,258.0,0.0,0.009500000000000008,ETH,2489.24,0.0
2026-09-07T08:12:03.711653+00:00,ETH-9SEP26-2280-C,2489.52,ETH-9SEP26,call,2280.0,2026-09-09T08:00:00+00:00,0.005452768535851902,0.0815,0.0875,0.084498,0.0845,2489.52,ETH-9SEP26,0.5908,0.97906,0.09252,18.0,18.0,0.0059999999999999915,ETH,2489.24,3862.99
2026-09-07T08:12:03.711653+00:00,ETH-25JUN27-4500-C,2569.3,ETH-25JUN27,call,4500.0,2027-06-25T08:00:00+00:00,0.7966916460170291,0.0465,0.048,0.047396,0.04725,2569.3,ETH-25JUN27,0.579,0.20443,6.50635,1489.0,0.0,0.0015000000000000013,ETH,2489.24,0.0
2026-09-07T08:12:03.711653+00:00,ETH-25SEP26-4500-C,2494.47,ETH-25SEP26,call,4500.0,2026-09-25T08:00:00+00:00,0.04925838112996552,,0.0001,0.0001,,2494.47,ETH-25SEP26,0.8852,0.00184,0.03253,8196.0,10.0,,ETH,2489.23,5.03
2026-09-07T08:12:03.711653+00:00,ETH-25SEP26-2750-P,2494.47,ETH-25SEP26,put,2750.0,2026-09-25T08:00:00+00:00,0.04925838112996552,0.1125,0.12,0.116313,0.11625,2494.47,ETH-25SEP26,0.5267000000000001,-0.78127,1.63417,0.0,0.0,0.007499999999999993,ETH,2489.23,0.0
2026-09-07T08:12:03.711653+00:00,ETH-27NOV26-2900-C,2508.36,ETH-27NOV26,call,2900.0,2026-11-27T08:00:00+00:00,0.2217429807192879,0.0465,0.0475,0.047179,0.047,2508.36,ETH-27NOV26,0.534,0.32578,4.25619,147.0,10.0,0.0010000000000000009,ETH,2489.24,1243.57
2026-09-07T08:12:03.711653+00:00,ETH-26MAR27-4400-P,2540.72,ETH-26MAR27,put,4400.0,2027-03-26T08:00:00+00:00,0.547547224388008,0.7475,0.771,0.758718,0.75925,2540.72,ETH-26MAR27,0.5827,-0.85495,4.28704,2.0,0.0,0.023499999999999965,ETH,2489.24,0.0
2026-09-07T08:12:03.711653+00:00,ETH-9SEP26-2580-C,2489.52,ETH-9SEP26,call,2580.0,2026-09-09T08:00:00+00:00,0.005452768535851902,0.0026,0.0029,0.002723,0.00275,2489.52,ETH-9SEP26,0.4664,0.15336,0.43494,130.0,107.0,0.0002999999999999999,ETH,2489.24,1346.56
2026-09-07T08:12:03.711653+00:00,ETH-30OCT26-1600-P,2500.83,ETH-30OCT26,put,1600.0,2026-10-30T08:00:00+00:00,0.14508315867958907,0.0027,0.0032,0.002931,0.00295,2500.83,ETH-30OCT26,0.6559,-0.02797,0.61165,2120.0,0.0,0.0005,ETH,2489.22,0.0
2026-09-07T08:12:03.711653+00:00,ETH-25JUN27-4200-C,2569.3,ETH-25JUN27,call,4200.0,2027-06-25T08:00:00+00:00,0.7966916460170291,0.0565,0.058,0.057632,0.05725,2569.3,ETH-25JUN27,0.5734,0.24063,7.14086,576.0,2.0,0.0015000000000000013,ETH,2489.22,296.63
2026-09-07T08:12:03.711653+00:00,ETH-25SEP26-7000-C,2494.47,ETH-25SEP26,call,7000.0,2026-09-25T08:00:00+00:00,0.04925838112996552,,0.0001,2e-06,,2494.47,ETH-25SEP26,1.1240999999999999,3e-05,0.00071,2135.0,0.0,,ETH,2489.24,0.0
2026-09-07T08:12:03.711653+00:00,ETH-27NOV26-2500-P,2508.36,ETH-27NOV26,put,2500.0,2026-11-27T08:00:00+00:00,0.2217429807192879,0.0955,0.0965,0.095748,0.096,2508.36,ETH-27NOV26,0.5205,-0.44607,4.66996,422.0,0.0,0.0010000000000000009,ETH,2489.24,0.0
2026-09-07T08:12:03.711653+00:00,ETH-25SEP26-11000-P,2494.47,ETH-25SEP26,put,11000.0,2026-09-25T08:00:00+00:00,0.04925838112996552,3.392,3.4265,3.409738,3.40925,2494.47,ETH-25SEP26,1.5529,-0.99998,0.00043,0.0,0.0,0.034499999999999975,ETH,2489.24,0.0
2026-09-07T08:12:03.711653+00:00,ETH-11SEP26-2250-C,2489.95,ETH-11SEP26,call,2250.0,2026-09-11T08:00:00+00:00,0.010928470110116106,0.095,0.1,0.097365,0.0975,2489.95,ETH-11SEP26,0.5660000000000001,0.95911,0.22835,279.0,120.0,0.0050000000000000044,ETH,2489.22,28190.31
2026-09-07T08:12:03.711653+00:00,ETH-18SEP26-2650-C,2492.28,ETH-18SEP26,call,2650.0,2026-09-18T08:00:00+00:00,0.030093425620040814,0.013,0.014,0.013471,0.0135,2492.28,ETH-18SEP26,0.5152,0.26017,1.40309,1883.0,602.0,0.0010000000000000009,ETH,2489.22,22580.58
2026-09-07T08:12:03.711653+00:00,ETH-25SEP26-3300-P,2494.48,ETH-25SEP26,put,3300.0,2026-09-25T08:00:00+00:00,0.04925838112996552,0.32,0.3295,0.324528,0.32475,2494.48,ETH-25SEP26,0.647,-0.96975,0.3794,3.0,0.0,0.009500000000000008,ETH,2489.22,0.0
2026-09-07T08:12:03.711653+00:00,ETH-26MAR27-1000-C,2540.72,ETH-26MAR27,call,1000.0,2027-03-26T08:00:00+00:00,0.547547224388008,0.6095,0.6155,0.612555,0.6125,2540.72,ETH-26MAR27,0.7417,0.97573,1.07196,269.0,0.0,0.006000000000000005,ETH,2489.22,0.0
2026-09-07T08:12:03.711653+00:00,ETH-25JUN27-3300-C,2569.3,ETH-25JUN27,call,3300.0,2027-06-25T08:00:00+00:00,0.7966916460170291,0.1085,0.1105,0.109732,0.1095,2569.3,ETH-25JUN27,0.5586,0.40023,8.8631,2273.0,0.0,0.0020000000000000018,ETH,2489.22,0.0
2026-09-07T08:12:03.711653+00:00,ETH-27NOV26-4000-C,2508.36,ETH-27NOV26,call,4000.0,2026-11-27T08:00:00+00:00,0.2217429807192879,0.0075,0.0085,0.008004,0.008,2508.36,ETH-27NOV26,0.6115999999999999,0.06991,1.58471,78.0,1.0,0.0010000000000000009,ETH,2489.22,22.68
2026-09-07T08:12:03.711653+00:00,ETH-11SEP26-2420-P,2489.95,ETH-11SEP26,put,2420.0,2026-09-11T08:00:00+00:00,0.010928470110116106,0.007,0.008,0.007577,0.0075,2489.95,ETH-11SEP26,0.4449,-0.26315,0.84961,427.0,427.0,0.001,ETH,2489.22,6430.57
2026-09-07T08:12:03.711653+00:00,ETH-9SEP26-2280-P,2489.52,ETH-9SEP26,put,2280.0,2026-09-09T08:00:00+00:00,0.005452768535851902,0.0002,0.0005,0.00034,0.00035,2489.52,ETH-9SEP26,0.5908,-0.02095,0.09255,13.0,0.0,0.00030000000000000003,ETH,2489.22,0.0
2026-09-07T08:12:03.711653+00:00,ETH-25JUN27-1500-C,2569.29,ETH-25JUN27,call,1500.0,2027-06-25T08:00:00+00:00,0.7966916460170291,0.4455,0.456,0.450752,0.45075,2569.29,ETH-25JUN27,0.6095,0.8963,4.13346,50.0,0.0,0.01050000000000001,ETH,2489.22,0.0
2026-09-07T08:12:03.711653+00:00,ETH-25SEP26-8000-C,2494.47,ETH-25SEP26,call,8000.0,2026-09-25T08:00:00+00:00,0.04925838112996552,,0.0001,1e-06,,2494.47,ETH-25SEP26,1.2502,2e-05,0.00058,1654.0,0.0,,ETH,2489.22,0.0
2026-09-07T08:12:03.711653+00:00,ETH-9SEP26-2580-P,2489.52,ETH-9SEP26,put,2580.0,2026-09-09T08:00:00+00:00,0.005452768535851902,0.036,0.042,0.039071,0.039,2489.52,ETH-9SEP26,0.4664,-0.84669,0.43484,0.0,0.0,0.006000000000000005,ETH,2489.22,0.0
2026-09-07T08:12:03.711653+00:00,ETH-25DEC26-6500-P,2515.0,ETH-25DEC26,put,6500.0,2026-12-25T08:00:00+00:00,0.29840280275898673,1.5725,1.601,1.586023,1.58675,2515.0,ETH-25DEC26,0.7141,-0.98745,0.44621,0.0,0.0,0.02849999999999997,ETH,2489.22,0.0
2026-09-07T08:12:03.711653+00:00,ETH-25SEP26-4200-P,2494.48,ETH-25SEP26,put,4200.0,2026-09-25T08:00:00+00:00,0.04925838112996552,0.678,0.6895,0.683808,0.68375,2494.48,ETH-25SEP26,0.7854000000000001,-0.99814,0.03281,551.0,0.0,0.011499999999999955,ETH,2489.22,0.0
2026-09-07T08:12:03.711653+00:00,ETH-26MAR27-3600-C,2540.72,ETH-26MAR27,call,3600.0,2027-03-26T08:00:00+00:00,0.547547224388008,0.0535,0.0555,0.054569,0.0545,2540.72,ETH-26MAR27,0.5604,0.26346,6.1417,2292.0,1.0,0.0020000000000000018,ETH,2489.49,142.56
2026-09-07T08:12:03.711653+00:00,ETH-26MAR27-3400-P,2540.72,ETH-26MAR27,put,3400.0,2027-03-26T08:00:00+00:00,0.547547224388008,0.3965,0.414,0.404447,0.40525,2540.72,ETH-26MAR27,0.5557,-0.6924,6.61227,6.0,0.0,0.01749999999999996,ETH,2489.49,0.0
2026-09-07T08:12:03.711653+00:00,ETH-30OCT26-1400-C,2500.84,ETH-30OCT26,call,1400.0,2026-10-30T08:00:00+00:00,0.14508315867958907,0.4395,0.444,0.441615,0.44175,2500.84,ETH-30OCT26,0.7331,0.98668,0.32574,50.0,0.0,0.004500000000000004,ETH,2489.49,0.0
2026-09-07T08:12:03.711653+00:00,ETH-25DEC26-2600-C,2515.0,ETH-25DEC26,call,2600.0,2026-12-25T08:00:00+00:00,0.29840280275898673,0.099,0.1,0.099777,0.0995,2515.0,ETH-25DEC26,0.5246,0.51087,5.48059,9741.0,14.0,0.0010000000000000009,ETH,2489.49,3809.98
2026-09-07T08:12:03.711653+00:00,ETH-10SEP26-2700-P,2489.77,ETH-10SEP26,put,2700.0,2026-09-10T08:00:00+00:00,0.008190619322984004,0.0825,0.0885,0.085504,0.0855,2489.77,ETH-10SEP26,0.5444,-0.94769,0.2409,0.0,0.0,0.0059999999999999915,ETH,2489.49,0.0
2026-09-07T08:12:03.711653+00:00,ETH-25JUN27-2400-C,2569.3,ETH-25JUN27,call,2400.0,2027-06-25T08:00:00+00:00,0.7966916460170291,0.2225,0.227,0.22472,0.22475,2569.3,ETH-25JUN27,0.5574,0.65015,8.4956,907.0,0.0,0.004500000000000004,ETH,2489.49,0.0
2026-09-07T08:12:03.711653+00:00,ETH-25JUN27-5000-C,2569.3,ETH-25JUN27,call,5000.0,2027-06-25T08:00:00+00:00,0.7966916460170291,0.034,0.0355,0.034949,0.03475,2569.3,ETH-25JUN27,0.5885,0.1576,5.52653,2381.0,0.0,0.0014999999999999944,ETH,2489.49,0.0
2026-09-07T08:12:03.711653+00:00,ETH-25JUN27-2500-P,2569.3,ETH-25JUN27,put,2500.0,2027-06-25T08:00:00+00:00,0.7966916460170291,0.179,0.1815,0.180449,0.18025,2569.3,ETH-25JUN27,0.5567,-0.38076,8.73983,1154.0,6.0,0.0025000000000000022,ETH,2489.49,2651.89
2026-09-07T08:12:03.711653+00:00,ETH-18SEP26-2100-C,2492.28,ETH-18SEP26,call,2100.0,2026-09-18T08:00:00+00:00,0.030093425620040814,0.157,0.1615,0.15914,0.15925,2492.28,ETH-18SEP26,0.5839,0.95909,0.37953,0.0,0.0,0.004500000000000004,ETH,2489.49,0.0
2026-09-07T08:12:03.711653+00:00,ETH-30OCT26-1850-P,2500.83,ETH-30OCT26,put,1850.0,2026-10-30T08:00:00+00:00,0.14508315867958907,0.007,0.008,0.007493,0.0075,2500.83,ETH-30OCT26,0.5797,-0.07009,1.28071,1324.0,1.0,0.001,ETH,2489.55,17.67
2026-09-07T08:12:03.711653+00:00,ETH-18SEP26-2400-C,2492.28,ETH-18SEP26,call,2400.0,2026-09-18T08:00:00+00:00,0.030093425620040814,0.054,0.056,0.054973,0.055,2492.28,ETH-18SEP26,0.4892,0.68682,1.53247,202.0,40.0,0.0020000000000000018,ETH,2489.55,5304.31
2026-09-07T08:12:03.711653+00:00,ETH-25SEP26-2650-P,2494.47,ETH-25SEP26,put,2650.0,2026-09-25T08:00:00+00:00,0.04925838112996552,0.0825,0.085,0.084272,0.08375,2494.47,ETH-25SEP26,0.5109,-0.68316,1.97219,0.0,0.0,0.0025000000000000022,ETH,2489.49,0.0
2026-09-07T08:12:03.711653+00:00,ETH-10SEP26-2360-C,2489.77,ETH-10SEP26,call,2360.0,2026-09-10T08:00:00+00:00,0.008190619322984004,0.0515,0.057,0.054052,0.05425,2489.77,ETH-10SEP26,0.4617,0.9036,0.38503,0.0,0.0,0.005500000000000005,ETH,2489.55,0.0
2026-09-07T08:12:03.711653+00:00,ETH-25DEC26-4200-C,2515.0,ETH-25DEC26,call,4200.0,2026-12-25T08:00:00+00:00,0.29840280275898673,0.01,0.0105,0.010306,0.01025,2515.0,ETH-25DEC26,0.5963,0.07906,2.02499,5295.0,0.0,0.0005000000000000004,ETH,2489.55,0.0
2026-09-07T08:12:03.711653+00:00,ETH-30OCT26-2550-C,2500.83,ETH-30OCT26,call,2550.0,2026-10-30T08:00:00+00:00,0.14508315867958907,0.0685,0.0695,0.069059,0.069,2500.83,ETH-30OCT26,0.5122,0.4991,3.80135,1490.0,0.0,0.0010000000000000009,ETH,2489.55,0.0
2026-09-07T08:12:03.711653+00:00,ETH-25SEP26-8500-C,2494.48,ETH-25SEP26,call,8500.0,2026-09-25T08:00:00+00:00,0.04925838112996552,,0.0001,1e-06,,2494.48,ETH-25SEP26,1.3075,2e-05,0.00054,1699.0,0.0,,ETH,2489.55,0.0
2026-09-07T08:12:03.711653+00:00,ETH-27NOV26-2600-C,2508.36,ETH-27NOV26,call,2600.0,2026-11-27T08:00:00+00:00,0.2217429807192879,0.0815,0.083,0.08253,0.08225,2508.36,ETH-27NOV26,0.5226,0.49092,4.71241,197.0,0.0,0.0015000000000000013,ETH,2489.55,0.0
2026-09-07T08:12:03.711653+00:00,ETH-26MAR27-5000-P,2540.72,ETH-26MAR27,put,5000.0,2027-03-26T08:00:00+00:00,0.547547224388008,0.9725,0.999,0.985122,0.98575,2540.72,ETH-26MAR27,0.6015,-0.90282,3.23205,0.0,0.0,0.026499999999999968,ETH,2489.54,0.0
2026-09-07T08:12:03.711653+00:00,ETH-25SEP26-4500-P,2494.47,ETH-25SEP26,put,4500.0,2026-09-25T08:00:00+00:00,0.04925838112996552,0.7975,0.8105,0.804083,0.804,2494.47,ETH-25SEP26,0.8852,-0.99816,0.03258,6.0,0.0,0.013000000000000012,ETH,2489.55,0.0
2026-09-07T08:12:03.711653+00:00,ETH-10SEP26-2750-P,2489.77,ETH-10SEP26,put,2750.0,2026-09-10T08:00:00+00:00,0.008190619322984004,0.1015,0.109,0.105111,0.10525,2489.77,ETH-10SEP26,0.5760000000000001,-0.96994,0.15358,0.0,0.0,0.007499999999999993,ETH,2489.54,0.0
2026-09-07T08:12:03.711653+00:00,ETH-30OCT26-3200-C,2500.83,ETH-30OCT26,call,3200.0,2026-10-30T08:00:00+00:00,0.14508315867958907,0.0145,0.0155,0.015043,0.015,2500.83,ETH-30OCT26,0.5631,0.14876,2.20946,5040.0,24.0,0.0009999999999999992,ETH,2489.54,916.79
2026-09-07T08:12:03.711653+00:00,ETH-18SEP26-2000-C,2492.28,ETH-18SEP26,call,2000.0,2026-09-18T08:00:00+00:00,0.030093425620040814,0.1965,0.201,0.19847,0.19875,2492.28,ETH-18SEP26,0.6466,0.97818,0.22541,18.0,0.0,0.004500000000000004,ETH,2489.54,0.0
2026-09-07T08:12:03.711653+00:00,ETH-26MAR27-800-C,2540.7,ETH-26MAR27,call,800.0,2027-03-26T08:00:00+00:00,0.547547224388008,0.6855,0.691,0.688516,0.68825,2540.7,ETH-26MAR27,0.8118000000000001,0.98691,0.63341,0.0,0.0,0.005499999999999949,ETH,2489.54,0.0
2026-09-07T08:12:03.711653+00:00,ETH-26MAR27-4400-C,2540.72,ETH-26MAR27,call,4400.0,2027-03-26T08:00:00+00:00,0.547547224388008,0.026,0.0275,0.026912,0.02675,2540.72,ETH-26MAR27,0.5827,0.14511,4.28862,1063.0,0.0,0.0015000000000000013,ETH,2489.54,0.0
2026-09-07T08:12:03.711653+00:00,ETH-25DEC26-3000-P,2514.99,ETH-25DEC26,put,3000.0,2026-12-25T08:00:00+00:00,0.29840280275898673,0.241,0.2525,0.24586,0.24675,2514.99,ETH-25DEC26,0.5337,-0.67681,4.935,781.0,0.0,0.01150000000000001,ETH,2489.54,0.0
2026-09-07T08:12:03.711653+00:00,ETH-8SEP26-2520-P,2489.15,ETH-8SEP26,put,2520.0,2026-09-08T08:00:00+00:00,0.0027149177487198013,0.014,0.0165,0.015642,0.01525,2489.15,ETH-8SEP26,0.3807,-0.72893,0.42956,61.0,51.0,0.0025000000000000005,ETH,2489.54,1533.95
2026-09-07T08:12:03.711653+00:00,ETH-25SEP26-2500-P,2494.47,ETH-25SEP26,put,2500.0,2026-09-25T08:00:00+00:00,0.04925838112996552,0.0445,0.0455,0.044982,0.045,2494.47,ETH-25SEP26,0.495,-0.48604,2.20803,4599.0,46.0,0.0010000000000000009,ETH,2489.54,4833.3
2026-09-07T08:12:03.711653+00:00,ETH-25SEP26-13000-C,2494.47,ETH-25SEP26,call,13000.0,2026-09-25T08:00:00+00:00,0.04925838112996552,,0.0001,1e-06,,2494.47,ETH-25SEP26,1.7075,2e-05,0.00038,3307.0,0.0,,ETH,2489.54,0.0
2026-09-07T08:12:03.711653+00:00,ETH-25SEP26-7200-P,2494.47,ETH-25SEP26,put,7200.0,2026-09-25T08:00:00+00:00,0.04925838112996552,1.8755,1.8965,1.886375,1.886,2494.47,ETH-25SEP26,1.1496,-0.99997,0.00067,0.0,0.0,0.02100000000000013,ETH,2489.54,0.0
2026-09-07T08:12:03.711653+00:00,ETH-25JUN27-1900-P,2569.3,ETH-25JUN27,put,1900.0,2027-06-25T08:00:00+00:00,0.7966916460170291,0.073,0.0755,0.074299,0.07425,2569.3,ETH-25JUN27,0.5737,-0.19896,6.40258,3367.0,0.0,0.0025000000000000022,ETH,2489.69,0.0
2026-09-07T08:12:03.711653+00:00,ETH-27NOV26-3400-P,2508.36,ETH-27NOV26,put,3400.0,2026-11-27T08:00:00+00:00,0.2217429807192879,0.3685,0.3815,0.374959,0.375,2508.36,ETH-27NOV26,0.5658,-0.84328,2.83605,0.0,0.0,0.013000000000000012,ETH,2489.54,0.0
2026-09-07T08:12:03.711653+00:00,ETH-25DEC26-4500-C,2514.99,ETH-25DEC26,call,4500.0,2026-12-25T08:00:00+00:00,0.29840280275898673,0.007,0.008,0.007478,0.0075,2514.99,ETH-25DEC26,0.6141,0.05872,1.60961,3051.0,0.0,0.001,ETH,2489.69,0.0
2026-09-07T08:12:03.711653+00:00,ETH-9SEP26-2660-P,2489.52,ETH-9SEP26,put,2660.0,2026-09-09T08:00:00+00:00,0.005452768535851902,0.0655,0.073,0.069291,0.06925,2489.52,ETH-9SEP26,0.5374,-0.95023,0.18892,0.0,0.0,0.007499999999999993,ETH,2489.69,0.0
2026-09-07T08:12:03.711653+00:00,ETH-30OCT26-1000-P,2500.84,ETH-30OCT26,put,1000.0,2026-10-30T08:00:00+00:00,0.14508315867958907,0.0002,0.0005,0.000321,0.00035,2500.84,ETH-30OCT26,0.9248000000000001,-0.00274,0.08031,1893.0,0.0,0.00030000000000000003,ETH,2489.54,0.0
2026-09-07T08:12:03.711653+00:00,ETH-25JUN27-1400-C,2569.3,ETH-25JUN27,call,1400.0,2027-06-25T08:00:00+00:00,0.7966916460170291,0.4785,0.488,0.483116,0.48325,2569.3,ETH-25JUN27,0.6235,0.91452,3.5852,50.0,0.0,0.009500000000000008,ETH,2489.86,0.0
2026-09-07T08:12:03.711653+00:00,ETH-26MAR27-2300-C,2540.72,ETH-26MAR27,call,2300.0,2027-03-26T08:00:00+00:00,0.547547224388008,0.2035,0.2065,0.205087,0.205,2540.72,ETH-26MAR27,0.5483,0.6731,6.78581,7621.0,0.0,0.0030000000000000027,ETH,2489.86,0.0
2026-09-07T08:12:03.711653+00:00,ETH-25SEP26-6400-C,2494.47,ETH-25SEP26,call,6400.0,2026-09-25T08:00:00+00:00,0.04925838112996552,,0.0001,3e-06,,2494.47,ETH-25SEP26,1.0674,6e-05,0.0013,2860.0,0.0,,ETH,2489.69,0.0
2026-09-07T08:12:03.711653+00:00,ETH-25DEC26-3500-P,2515.0,ETH-25DEC26,put,3500.0,2026-12-25T08:00:00+00:00,0.29840280275898673,0.4105,0.4245,0.416695,0.4175,2515.0,ETH-25DEC26,0.5562,-0.82511,3.54172,62.0,0.0,0.014000000000000012,ETH,2489.86,0.0
2026-09-07T08:12:03.711653+00:00,ETH-26MAR27-6000-C,2540.72,ETH-26MAR27,call,6000.0,2027-03-26T08:00:00+00:00,0.547547224388008,0.0085,0.0095,0.009155,0.009,2540.72,ETH-26MAR27,0.632,0.05449,2.07708,5141.0,6.0,0.0009999999999999992,ETH,2489.86,127.58
2026-09-07T08:12:03.711653+00:00,ETH-10SEP26-2460-C,2489.77,ETH-10SEP26,call,2460.0,2026-09-10T08:00:00+00:00,0.008190619322984004,0.021,0.0225,0.021959,0.02175,2489.77,ETH-10SEP26,0.42450000000000004,0.63106,0.85016,0.0,0.0,0.0014999999999999979,ETH,2489.86,0.0
2026-09-07T08:12:03.711653+00:00,ETH-11SEP26-2700-P,2489.95,ETH-11SEP26,put,2700.0,2026-09-11T08:00:00+00:00,0.010928470110116106,0.083,0.0895,0.086532,0.08625,2489.95,ETH-11SEP26,0.5511,-0.91552,0.40328,1.0,0.0,0.006499999999999992,ETH,2489.86,0.0
2026-09-07T08:12:03.711653+00:00,ETH-8SEP26-2540-C,2489.15,ETH-8SEP26,call,2540.0,2026-09-08T08:00:00+00:00,0.0027149177487198013,0.0016,0.002,0.001859,0.0018,2489.15,ETH-8SEP26,0.4004,0.16992,0.32802,417.0,32.0,0.00039999999999999996,ETH,2489.86,349.83
2026-09-07T08:12:03.711653+00:00,ETH-26MAR27-3500-P,2540.72,ETH-26MAR27,put,3500.0,2027-03-26T08:00:00+00:00,0.547547224388008,0.435,0.4475,0.437638,0.44125,2540.72,ETH-26MAR27,0.5579,-0.71525,6.38311,24.0,0.0,0.012500000000000011,ETH,2489.86,0.0
2026-09-07T08:12:03.711653+00:00,ETH-30OCT26-3400-P,2500.84,ETH-30OCT26,put,3400.0,2026-10-30T08:00:00+00:00,0.14508315867958907,0.363,0.375,0.369511,0.369,2500.84,ETH-30OCT26,0.5851,-0.89723,1.70613,0.0,0.0,0.01200000000000001,ETH,2489.86,0.0
2026-09-07T08:12:03.711653+00:00,ETH-25SEP26-3500-P,2494.47,ETH-25SEP26,put,3500.0,2026-09-25T08:00:00+00:00,0.04925838112996552,0.399,0.409,0.403993,0.404,2494.47,ETH-25SEP26,0.6940999999999999,-0.98301,0.23336,1121.0,0.0,0.009999999999999953,ETH,2489.86,0.0
2026-09-07T08:12:03.711653+00:00,ETH-25DEC26-5200-C,2514.99,ETH-25DEC26,call,5200.0,2026-12-25T08:00:00+00:00,0.29840280275898673,0.0037,0.0041,0.003898,0.0039,2514.99,ETH-25DEC26,0.6527,0.0316,0.97646,9215.0,0.0,0.0004000000000000002,ETH,2489.85,0.0
2026-09-07T08:12:03.711653+00:00,ETH-27NOV26-4400-C,2508.36,ETH-27NOV26,call,4400.0,2026-11-27T08:00:00+00:00,0.2217429807192879,0.0048,0.0055,0.005103,0.00515,2508.36,ETH-27NOV26,0.6468,0.04534,1.12686,110.0,0.0,0.0007000000000000001,ETH,2489.86,0.0
2026-09-07T08:12:03.711653+00:00,ETH-25SEP26-6500-C,2494.47,ETH-25SEP26,call,6500.0,2026-09-25T08:00:00+00:00,0.04925838112996552,,0.0001,3e-06,,2494.47,ETH-25SEP26,1.0823,6e-05,0.00126,1922.0,0.0,,ETH,2489.86,0.0
2026-09-07T08:12:03.711653+00:00,ETH-30OCT26-2250-C,2500.84,ETH-30OCT26,call,2250.0,2026-10-30T08:00:00+00:00,0.14508315867958907,0.134,0.136,0.134889,0.135,2500.84,ETH-30OCT26,0.5153,0.73802,3.10331,787.0,0.0,0.0020000000000000018,ETH,2489.86,0.0
2026-09-07T08:12:03.711653+00:00,ETH-8SEP26-2660-C,2489.15,ETH-8SEP26,call,2660.0,2026-09-08T08:00:00+00:00,0.0027149177487198013,,0.0002,0.000116,,2489.15,ETH-8SEP26,0.5585,0.01188,0.04015,467.0,425.0,,ETH,2489.85,154.17
2026-09-07T08:12:03.711653+00:00,ETH-30OCT26-1900-P,2500.83,ETH-30OCT26,put,1900.0,2026-10-30T08:00:00+00:00,0.14508315867958907,0.0085,0.0095,0.009015,0.009,2500.83,ETH-30OCT26,0.5661999999999999,-0.0835,1.46319,1372.0,0.0,0.0009999999999999992,ETH,2489.86,0.0
2026-09-07T08:12:03.711653+00:00,ETH-30OCT26-2900-P,2500.84,ETH-30OCT26,put,2900.0,2026-10-30T08:00:00+00:00,0.14508315867958907,0.185,0.194,0.189494,0.1895,2500.84,ETH-30OCT26,0.5349,-0.73373,3.12909,0.0,0.0,0.009000000000000008,ETH,2489.86,0.0
2026-09-07T08:12:03.711653+00:00,ETH-11SEP26-3200-C,2489.96,ETH-11SEP26,call,3200.0,2026-09-11T08:00:00+00:00,0.010928470110116106,,0.0001,9.9e-05,,2489.96,ETH-11SEP26,0.8785,0.00364,0.02833,5870.0,12.0,,ETH,2489.85,8.52
2026-09-07T08:12:03.711653+00:00,ETH-25SEP26-2750-C,2494.48,ETH-25SEP26,call,2750.0,2026-09-25T08:00:00+00:00,0.04925838112996552,0.0135,0.014,0.013879,0.01375,2494.48,ETH-25SEP26,0.5267000000000001,0.21936,1.63729,547.0,82.0,0.0005000000000000004,ETH,2489.85,3014.69
2026-09-07T08:12:03.711653+00:00,ETH-25SEP26-2450-C,2494.47,ETH-25SEP26,call,2450.0,2026-09-25T08:00:00+00:00,0.04925838112996552,0.052,0.053,0.052813,0.0525,2494.47,ETH-25SEP26,0.49369999999999997,0.58721,2.15667,2.0,0.0,0.0010000000000000009,ETH,2489.85,0.0
2026-09-07T08:12:03.711653+00:00,ETH-8SEP26-2200-P,2489.15,ETH-8SEP26,put,2200.0,2026-09-08T08:00:00+00:00,0.0027149177487198013,,0.0001,1.4e-05,,2489.15,ETH-8SEP26,0.7872,-0.0012,0.00515,293.0,5.0,,ETH,2489.85,3.49
2026-09-07T08:12:03.711653+00:00,ETH-25SEP26-8000-P,2494.47,ETH-25SEP26,put,8000.0,2026-09-25T08:00:00+00:00,0.04925838112996552,2.195,2.2185,2.207083,2.20675,2494.47,ETH-25SEP26,1.2502,-0.99998,0.00058,0.0,0.0,0.0235000000000003,ETH,2489.85,0.0
2026-09-07T08:12:03.711653+00:00,ETH-8SEP26-2900-P,2489.15,ETH-8SEP26,put,2900.0,2026-09-08T08:00:00+00:00,0.0027149177487198013,0.161,0.1685,0.165066,0.16475,2489.15,ETH-8SEP26,0.9486,-0.99891,0.00474,0.0,0.0,0.007500000000000007,ETH,2489.85,0.0
2026-09-07T08:12:03.711653+00:00,ETH-25SEP26-6800-C,2494.48,ETH-25SEP26,call,6800.0,2026-09-25T08:00:00+00:00,0.04925838112996552,,0.0001,2e-06,,2494.48,ETH-25SEP26,1.1040999999999999,4e-05,0.00084,1995.0,0.0,,ETH,2489.85,0.0
2026-09-07T08:12:03.711653+00:00,ETH-25DEC26-4600-P,2515.0,ETH-25DEC26,put,4600.0,2026-12-25T08:00:00+00:00,0.29840280275898673,0.8265,0.846,0.835769,0.83625,2515.0,ETH-25DEC26,0.6195,-0.9467,1.49147,0.0,0.0,0.019499999999999962,ETH,2489.85,0.0
2026-09-07T08:12:03.711653+00:00,ETH-26MAR27-900-C,2540.72,ETH-26MAR27,call,900.0,2027-03-26T08:00:00+00:00,0.547547224388008,0.6475,0.653,0.650278,0.65025,2540.72,ETH-26MAR27,0.7718,0.98225,0.82267,68.0,0.0,0.00550000000000006,ETH,2489.85,0.0
2026-09-07T08:12:03.711653+00:00,ETH-25SEP26-3600-C,2494.47,ETH-25SEP26,call,3600.0,2026-09-25T08:00:00+00:00,0.04925838112996552,0.0006,0.0008,0.000689,0.0007,2494.47,ETH-25SEP26,0.7170000000000001,0.01307,0.18631,3530.0,0.0,0.0002000000000000001,ETH,2489.85,0.0
2026-09-07T08:12:03.711653+00:00,ETH-25SEP26-4600-P,2494.48,ETH-25SEP26,put,4600.0,2026-09-25T08:00:00+00:00,0.04925838112996552,0.8375,0.8505,0.844171,0.844,2494.48,ETH-25SEP26,0.9144,-0.99821,0.03181,38.0,0.0,0.013000000000000012,ETH,2489.85,0.0
2026-09-07T08:12:03.711653+00:00,ETH-18SEP26-2100-P,2492.28,ETH-18SEP26,put,2100.0,2026-09-18T08:00:00+00:00,0.030093425620040814,0.0015,0.0019,0.001739,0.0017,2492.28,ETH-18SEP26,0.5839,-0.04068,0.3779,1480.0,6.0,0.00039999999999999996,ETH,2489.85,22.7
2026-09-07T08:12:03.711653+00:00,ETH-27NOV26-1800-C,2508.36,ETH-27NOV26,call,1800.0,2026-11-27T08:00:00+00:00,0.2217429807192879,0.292,0.2985,0.295407,0.29525,2508.36,ETH-27NOV26,0.5863,0.90986,1.9211,0.0,0.0,0.006500000000000006,ETH,2489.85,0.0
2026-09-07T08:12:03.711653+00:00,ETH-26MAR27-900-P,2540.7,ETH-26MAR27,put,900.0,2027-03-26T08:00:00+00:00,0.547547224388008,0.0039,0.005,0.004511,0.00445,2540.7,ETH-26MAR27,0.7718,-0.01775,0.82266,828.0,0.0,0.0011000000000000003,ETH,2489.85,0.0
2026-09-07T08:12:03.711653+00:00,ETH-10SEP26-2680-P,2489.77,ETH-10SEP26,put,2680.0,2026-09-10T08:00:00+00:00,0.008190619322984004,0.0745,0.081,0.077759,0.07775,2489.77,ETH-10SEP26,0.531,-0.93378,0.28993,0.0,0.0,0.006500000000000006,ETH,2489.85,0.0
2026-09-07T08:12:03.711653+00:00,ETH-10SEP26-2800-C,2489.77,ETH-10SEP26,call,2800.0,2026-09-10T08:00:00+00:00,0.008190619322984004,0.0003,0.0004,0.000337,0.00035,2489.77,ETH-10SEP26,0.6063000000000001,0.01746,0.09722,2.0,2.0,0.00010000000000000005,ETH,2489.85,4.51
2026-09-07T08:12:03.711653+00:00,ETH-25JUN27-2600-P,2569.3,ETH-25JUN27,put,2600.0,2027-06-25T08:00:00+00:00,0.7966916460170291,0.2015,0.2045,0.202551,0.203,2569.3,ETH-25JUN27,0.5539999999999999,-0.41157,8.92715,75.0,0.0,0.002999999999999975,ETH,2489.85,0.0
2026-09-07T08:12:03.711653+00:00,ETH-18SEP26-2500-P,2492.28,ETH-18SEP26,put,2500.0,2026-09-18T08:00:00+00:00,0.030093425620040814,0.035,0.036,0.03551,0.0355,2492.28,ETH-18SEP26,0.48969999999999997,-0.49685,1.72551,1859.0,40.0,0.000999999999999994,ETH,2489.85,3832.04
2026-09-07T08:12:03.711653+00:00,ETH-11SEP26-2520-P,2489.95,ETH-11SEP26,put,2520.0,2026-09-11T08:00:00+00:00,0.010928470110116106,0.025,0.026,0.025555,0.0255,2489.95,ETH-11SEP26,0.4507,-0.59005,1.0122,35.0,35.0,0.0009999999999999974,ETH,2489.85,2059.07
2026-09-07T08:12:03.711653+00:00,ETH-25SEP26-15000-P,2494.47,ETH-25SEP26,put,15000.0,2026-09-25T08:00:00+00:00,0.04925838112996552,4.988,5.0375,5.013278,5.01275,2494.47,ETH-25SEP26,1.8378999999999999,-0.99999,0.00034,0.0,0.0,0.04949999999999921,ETH,2489.85,0.0
2026-09-07T08:12:03.711653+00:00,ETH-30OCT26-3100-P,2500.84,ETH-30OCT26,put,3100.0,2026-10-30T08:00:00+00:00,0.14508315867958907,0.253,0.2635,0.25836,0.25825,2500.84,ETH-30OCT26,0.5529999999999999,-0.8195,2.50507,0.0,0.0,0.01050000000000001,ETH,2489.85,0.0
2026-09-07T08:12:03.711653+00:00,ETH-25SEP26-12000-P,2494.47,ETH-25SEP26,put,12000.0,2026-09-25T08:00:00+00:00,0.04925838112996552,3.7905,3.8295,3.810623,3.81,2494.47,ETH-25SEP26,1.6338,-0.99998,0.0004,0.0,0.0,0.0389999999999997,ETH,2489.85,0.0
2026-09-07T08:12:03.711653+00:00,ETH-8SEP26-2750-P,2489.15,ETH-8SEP26,put,2750.0,2026-09-08T08:00:00+00:00,0.0027149177487198013,0.1015,0.108,0.104852,0.10475,2489.15,ETH-8SEP26,0.7394,-0.99482,0.01934,0.0,0.0,0.006499999999999992,ETH,2489.92,0.0
2026-09-07T08:12:03.711653+00:00,ETH-30OCT26-2300-P,2500.84,ETH-30OCT26,put,2300.0,2026-10-30T08:00:00+00:00,0.14508315867958907,0.0405,0.0415,0.041179,0.041,2500.84,ETH-30OCT26,0.5121,-0.29899,3.30846,8044.0,4.0,0.0010000000000000009,ETH,2489.85,399.94
2026-09-07T08:12:03.711653+00:00,ETH-30OCT26-3600-P,2500.84,ETH-30OCT26,put,3600.0,2026-10-30T08:00:00+00:00,0.14508315867958907,0.4395,0.452,0.44631,0.44575,2500.84,ETH-30OCT26,0.6067,-0.92783,1.30995,17.0,0.0,0.012500000000000011,ETH,2489.85,0.0
2026-09-07T08:12:03.711653+00:00,ETH-10SEP26-2200-C,2489.78,ETH-10SEP26,call,2200.0,2026-09-10T08:00:00+00:00,0.008190619322984004,0.1145,0.1195,0.116804,0.117,2489.78,ETH-10SEP26,0.6657,0.98157,0.10181,0.0,0.0,0.0049999999999999906,ETH,2489.92,0.0
2026-09-07T08:12:03.711653+00:00,ETH-27NOV26-2100-P,2508.36,ETH-27NOV26,put,2100.0,2026-11-27T08:00:00+00:00,0.2217429807192879,0.0325,0.0335,0.033055,0.033,2508.36,ETH-27NOV26,0.5390999999999999,-0.20409,3.34852,519.0,30.0,0.0010000000000000009,ETH,2489.92,2539.38
2026-09-07T08:12:03.711653+00:00,ETH-25DEC26-3000-C,2514.99,ETH-25DEC26,call,3000.0,2026-12-25T08:00:00+00:00,0.29840280275898673,0.0525,0.0535,0.053013,0.053,2514.99,ETH-25DEC26,0.5337,0.32334,4.93663,10287.0,23.0,0.0010000000000000009,ETH,2489.92,3160.99
2026-09-07T08:12:03.711653+00:00,ETH-25DEC26-4200-P,2515.0,ETH-25DEC26,put,4200.0,2026-12-25T08:00:00+00:00,0.29840280275898673,0.6705,0.689,0.680293,0.67975,2515.0,ETH-25DEC26,0.5963,-0.92075,2.02894,61.0,0.0,0.01849999999999996,ETH,2489.92,0.0
2026-09-07T08:12:03.711653+00:00,ETH-10SEP26-2300-C,2489.77,ETH-10SEP26,call,2300.0,2026-09-10T08:00:00+00:00,0.008190619322984004,0.0745,0.08,0.077141,0.07725,2489.77,ETH-10SEP26,0.5268999999999999,0.95453,0.21544,0.0,0.0,0.005500000000000005,ETH,2489.92,0.0
2026-09-07T08:12:03.711653+00:00,ETH-9SEP26-2380-P,2489.52,ETH-9SEP26,put,2380.0,2026-09-09T08:00:00+00:00,0.005452768535851902,0.0012,0.0015,0.001364,0.00135,2489.52,ETH-9SEP26,0.45399999999999996,-0.08624,0.28922,135.0,135.0,0.00030000000000000014,ETH,2489.92,508.69
2026-09-07T08:12:03.711653+00:00,ETH-9SEP26-2200-C,2489.51,ETH-9SEP26,call,2200.0,2026-09-09T08:00:00+00:00,0.005452768535851902,0.114,0.119,0.11646,0.1165,2489.51,ETH-9SEP26,0.7188,0.99083,0.04543,18.0,18.0,0.0049999999999999906,ETH,2489.92,5224.89
2026-09-07T08:12:03.711653+00:00,ETH-26MAR27-2100-C,2540.7,ETH-26MAR27,call,2100.0,2027-03-26T08:00:00+00:00,0.547547224388008,0.2455,0.257,0.250891,0.25125,2540.7,ETH-26MAR27,0.5555,0.74833,5.99819,897.0,0.0,0.01150000000000001,ETH,2489.92,0.0
2026-09-07T08:12:03.711653+00:00,ETH-26MAR27-1300-C,2540.72,ETH-26MAR27,call,1300.0,2027-03-26T08:00:00+00:00,0.547547224388008,0.498,0.5055,0.50159,0.50175,2540.72,ETH-26MAR27,0.6587999999999999,0.94719,2.02613,18.0,0.0,0.007499999999999951,ETH,2489.92,0.0
2026-09-07T08:12:03.711653+00:00,ETH-25DEC26-2200-P,2514.99,ETH-25DEC26,put,2200.0,2026-12-25T08:00:00+00:00,0.29840280275898673,0.056,0.0575,0.056873,0.05675,2514.99,ETH-25DEC26,0.5318999999999999,-0.27221,4.56327,9025.0,175.0,0.0015000000000000013,ETH,2489.92,24574.83
2026-09-07T08:12:03.711653+00:00,ETH-9SEP26-2320-C,2489.52,ETH-9SEP26,call,2320.0,2026-09-09T08:00:00+00:00,0.005452768535851902,0.0655,0.072,0.068618,0.06875,2489.52,ETH-9SEP26,0.5284,0.96647,0.13714,0.0,0.0,0.006499999999999992,ETH,2489.92,0.0
2026-09-07T08:12:03.711653+00:00,ETH-27NOV26-2900-P,2508.36,ETH-27NOV26,put,2900.0,2026-11-27T08:00:00+00:00,0.2217429807192879,0.1995,0.206,0.203303,0.20275,2508.36,ETH-27NOV26,0.534,-0.67389,4.25891,0.0,0.0,0.006499999999999978,ETH,2489.92,0.0
2026-09-07T08:12:03.711653+00:00,ETH-25SEP26-1500-C,2494.47,ETH-25SEP26,call,1500.0,2026-09-25T08:00:00+00:00,0.04925838112996552,0.397,0.401,0.398933,0.399,2494.47,ETH-25SEP26,0.8970999999999999,0.99603,0.06521,969.0,0.0,0.0040000000000000036,ETH,2489.92,0.0
2026-09-07T08:12:03.711653+00:00,ETH-30OCT26-2200-P,2500.84,ETH-30OCT26,put,2200.0,2026-10-30T08:00:00+00:00,0.14508315867958907,0.0285,0.0295,0.028905,0.029,2500.84,ETH-30OCT26,0.5196999999999999,-0.22751,2.87621,820.0,0.0,0.0009999999999999974,ETH,2489.92,0.0
2026-09-07T08:12:03.711653+00:00,ETH-27NOV26-2200-C,2508.36,ETH-27NOV26,call,2200.0,2026-11-27T08:00:00+00:00,0.2217429807192879,0.166,0.1685,0.167216,0.16725,2508.36,ETH-27NOV26,0.5301,0.74231,3.81524,0.0,0.0,0.0025000000000000022,ETH,2489.92,0.0
2026-09-07T08:12:03.711653+00:00,ETH-10SEP26-2340-C,2489.77,ETH-10SEP26,call,2340.0,2026-09-10T08:00:00+00:00,0.008190619322984004,0.059,0.0645,0.06162,0.06175,2489.77,ETH-10SEP26,0.48090000000000005,0.92669,0.31357,0.0,0.0,0.005500000000000005,ETH,2489.89,0.0
2026-09-07T08:12:03.711653+00:00,ETH-8SEP26-2660-P,2489.15,ETH-8SEP26,put,2660.0,2026-09-08T08:00:00+00:00,0.0027149177487198013,0.0655,0.072,0.06875,0.06875,2489.15,ETH-8SEP26,0.5585,-0.9881,0.04022,0.0,0.0,0.006499999999999992,ETH,2489.89,0.0
2026-09-07T08:12:03.711653+00:00,ETH-25SEP26-2650-C,2494.47,ETH-25SEP26,call,2650.0,2026-09-25T08:00:00+00:00,0.04925838112996552,0.0215,0.0225,0.021926,0.022,2494.47,ETH-25SEP26,0.5109,0.31732,1.97376,839.0,591.0,0.0010000000000000009,ETH,2489.92,34857.34
2026-09-07T08:12:03.711653+00:00,ETH-11SEP26-3200-P,2489.96,ETH-11SEP26,put,3200.0,2026-09-11T08:00:00+00:00,0.010928470110116106,0.281,0.289,0.285266,0.285,2489.96,ETH-11SEP26,0.8785,-0.99636,0.02834,0.0,0.0,0.007999999999999952,ETH,2489.89,0.0
2026-09-07T08:12:03.711653+00:00,ETH-25DEC26-2100-C,2514.99,ETH-25DEC26,call,2100.0,2026-12-25T08:00:00+00:00,0.29840280275898673,0.205,0.2135,0.209149,0.20925,2514.99,ETH-25DEC26,0.5384,0.77652,4.1066,1480.0,0.0,0.008500000000000008,ETH,2489.89,0.0
2026-09-07T08:12:03.711653+00:00,ETH-30OCT26-2500-P,2500.83,ETH-30OCT26,put,2500.0,2026-10-30T08:00:00+00:00,0.14508315867958907,0.0765,0.078,0.077345,0.07725,2500.83,ETH-30OCT26,0.5108,-0.46025,3.78312,501.0,0.0,0.0015000000000000013,ETH,2489.89,0.0
2026-09-07T08:12:03.711653+00:00,ETH-10SEP26-2700-C,2489.78,ETH-10SEP26,call,2700.0,2026-09-10T08:00:00+00:00,0.008190619322984004,0.0009,0.0012,0.001071,0.00105,2489.78,ETH-10SEP26,0.5444,0.05291,0.24316,47.0,57.0,0.0002999999999999999,ETH,2489.89,265.15
2026-09-07T08:12:03.711653+00:00,ETH-11SEP26-2470-C,2489.95,ETH-11SEP26,call,2470.0,2026-09-11T08:00:00+00:00,0.010928470110116106,0.022,0.023,0.022697,0.0225,2489.95,ETH-11SEP26,0.44329999999999997,0.57946,1.01812,116.0,18.0,0.0010000000000000009,ETH,2489.89,1190.86
2026-09-07T08:12:03.711653+00:00,ETH-27NOV26-1800-P,2508.36,ETH-27NOV26,put,1800.0,2026-11-27T08:00:00+00:00,0.2217429807192879,0.0125,0.0135,0.013002,0.013,2508.36,ETH-27NOV26,0.5863,-0.09013,1.92098,408.0,8.0,0.0009999999999999992,ETH,2489.89,247.66
2026-09-07T08:12:03.711653+00:00,ETH-18SEP26-2550-P,2492.28,ETH-18SEP26,put,2550.0,2026-09-18T08:00:00+00:00,0.030093425620040814,0.0465,0.048,0.047505,0.04725,2492.28,ETH-18SEP26,0.49579999999999996,-0.5875,1.68393,953.0,467.0,0.0015000000000000013,ETH,2489.89,51560.46
2026-09-07T08:12:03.711653+00:00,ETH-11SEP26-2650-P,2489.96,ETH-11SEP26,put,2650.0,2026-09-11T08:00:00+00:00,0.010928470110116106,0.0645,0.0705,0.067765,0.0675,2489.96,ETH-11SEP26,0.5188,-0.86833,0.55571,185.0,80.0,0.0059999999999999915,ETH,2489.89,13563.56
2026-09-07T08:12:03.711653+00:00,ETH-26MAR27-4800-C,2540.72,ETH-26MAR27,call,4800.0,2027-03-26T08:00:00+00:00,0.547547224388008,0.019,0.0205,0.019782,0.01975,2540.72,ETH-26MAR27,0.5951,0.11055,3.54942,2953.0,0.0,0.0015000000000000013,ETH,2489.89,0.0
2026-09-07T08:12:03.711653+00:00,ETH-18SEP26-2250-P,2492.29,ETH-18SEP26,put,2250.0,2026-09-18T08:00:00+00:00,0.030093425620040814,0.005,0.0055,0.005413,0.00525,2492.29,ETH-18SEP26,0.5174,-0.11783,0.85415,152.0,34.0,0.0004999999999999996,ETH,2489.89,444.64
2026-09-07T08:12:03.711653+00:00,ETH-25SEP26-3100-C,2494.48,ETH-25SEP26,call,3100.0,2026-09-25T08:00:00+00:00,0.04925838112996552,0.003,0.0034,0.003228,0.0032,2494.48,ETH-25SEP26,0.6012,0.05934,0.6541,14955.0,0.0,0.00039999999999999975,ETH,2489.89,0.0
2026-09-07T08:12:03.711653+00:00,ETH-11SEP26-2100-P,2489.95,ETH-11SEP26,put,2100.0,2026-09-11T08:00:00+00:00,0.010928470110116106,0.0002,0.0004,0.000303,0.0003,2489.95,ETH-11SEP26,0.7269,-0.01126,0.07693,2960.0,0.0,0.0002,ETH,2489.89,0.0
2026-09-07T08:12:03.711653+00:00,ETH-30OCT26-2850-C,2500.83,ETH-30OCT26,call,2850.0,2026-10-30T08:00:00+00:00,0.14508315867958907,0.033,0.034,0.033664,0.0335,2500.83,ETH-30OCT26,0.5307999999999999,0.2931,3.27845,1149.0,0.0,0.0010000000000000009,ETH,2489.89,0.0
2026-09-07T08:12:03.711653+00:00,ETH-25SEP26-1600-P,2494.47,ETH-25SEP26,put,1600.0,2026-09-25T08:00:00+00:00,0.04925838112996552,0.0003,0.0005,0.000389,0.0004,2494.47,ETH-25SEP26,0.8301999999999999,-0.00617,0.09649,11734.0,0.0,0.00020000000000000004,ETH,2489.89,0.0
2026-09-07T08:12:03.711653+00:00,ETH-25DEC26-3300-C,2515.0,ETH-25DEC26,call,3300.0,2026-12-25T08:00:00+00:00,0.29840280275898673,0.033,0.034,0.033531,0.0335,2515.0,ETH-25DEC26,0.5466,0.22362,4.10776,2941.0,16.0,0.0010000000000000009,ETH,2489.76,1465.82
2026-09-07T08:12:03.711653+00:00,ETH-10SEP26-2400-P,2489.77,ETH-10SEP26,put,2400.0,2026-09-10T08:00:00+00:00,0.008190619322984004,0.0034,0.0038,0.003686,0.0036,2489.77,ETH-10SEP26,0.4364,-0.17045,0.5713,126.0,126.0,0.0004000000000000002,ETH,2489.76,1296.24
2026-09-07T08:12:03.711653+00:00,ETH-9SEP26-2680-C,2489.52,ETH-9SEP26,call,2680.0,2026-09-09T08:00:00+00:00,0.005452768535851902,0.0005,0.0007,0.000603,0.0006,2489.52,ETH-9SEP26,0.5539999999999999,0.0376,0.15065,438.0,431.0,0.00019999999999999998,ETH,2489.76,1441.44
2026-09-07T08:12:03.711653+00:00,ETH-30OCT26-2150-P,2500.83,ETH-30OCT26,put,2150.0,2026-10-30T08:00:00+00:00,0.14508315867958907,0.0235,0.0245,0.023965,0.024,2500.83,ETH-30OCT26,0.5245000000000001,-0.19569,2.63325,1099.0,0.0,0.0010000000000000009,ETH,2489.89,0.0
2026-09-07T08:12:03.711653+00:00,ETH-27NOV26-2500-C,2508.36,ETH-27NOV26,call,2500.0,2026-11-27T08:00:00+00:00,0.2217429807192879,0.0985,0.0995,0.099089,0.099,2508.36,ETH-27NOV26,0.5205,0.55422,4.67032,420.0,0.0,0.0010000000000000009,ETH,2489.76,0.0
2026-09-07T08:12:03.711653+00:00,ETH-10SEP26-2300-P,2489.77,ETH-10SEP26,put,2300.0,2026-09-10T08:00:00+00:00,0.008190619322984004,0.0007,0.001,0.000917,0.00085,2489.77,ETH-10SEP26,0.5268999999999999,-0.04545,0.21535,34.0,34.0,0.00030000000000000003,ETH,2489.76,125.73
2026-09-07T08:12:03.711653+00:00,ETH-25DEC26-1200-C,2515.0,ETH-25DEC26,call,1200.0,2026-12-25T08:00:00+00:00,0.29840280275898673,0.5235,0.528,0.52611,0.52575,2515.0,ETH-25DEC26,0.7254,0.98056,0.64974,341.0,0.0,0.0045000000000000595,ETH,2489.76,0.0
2026-09-07T08:12:03.711653+00:00,ETH-8SEP26-2320-P,2489.15,ETH-8SEP26,put,2320.0,2026-09-08T08:00:00+00:00,0.0027149177487198013,,0.0001,0.000106,,2489.15,ETH-8SEP26,0.5857,-0.00995,0.0344,147.0,51.0,,ETH,2489.76,13.46
2026-09-07T08:12:03.711653+00:00,ETH-27NOV26-2450-P,2508.36,ETH-27NOV26,put,2450.0,2026-11-27T08:00:00+00:00,0.2217429807192879,0.085,0.086,0.08521,0.0855,2508.36,ETH-27NOV26,0.5203,-0.41335,4.60253,354.0,0.0,0.000999999999999987,ETH,2489.76,0.0
2026-09-07T08:12:03.711653+00:00,ETH-25DEC26-3500-C,2515.0,ETH-25DEC26,call,3500.0,2026-12-25T08:00:00+00:00,0.29840280275898673,0.0245,0.0255,0.02504,0.025,2515.0,ETH-25DEC26,0.5562,0.17483,3.54078,29314.0,0.0,0.0009999999999999974,ETH,2489.76,0.0
2026-09-07T08:12:03.711653+00:00,ETH-9SEP26-2360-C,2489.52,ETH-9SEP26,call,2360.0,2026-09-09T08:00:00+00:00,0.005452768535851902,0.0505,0.056,0.052989,0.05325,2489.52,ETH-9SEP26,0.4769,0.93781,0.22522,0.0,0.0,0.005499999999999998,ETH,2489.64,0.0
2026-09-07T08:12:03.711653+00:00,ETH-9SEP26-2640-P,2489.52,ETH-9SEP26,put,2640.0,2026-09-09T08:00:00+00:00,0.005452768535851902,0.0585,0.0645,0.061527,0.0615,2489.52,ETH-9SEP26,0.5192,-0.93443,0.23467,0.0,0.0,0.005999999999999998,ETH,2489.64,0.0
2026-09-07T08:12:03.711653+00:00,ETH-8SEP26-2100-C,2489.15,ETH-8SEP26,call,2100.0,2026-09-08T08:00:00+00:00,0.0027149177487198013,0.154,0.1585,0.156343,0.15625,2489.15,ETH-8SEP26,0.9014,0.99987,0.00067,1.0,0.0,0.004500000000000004,ETH,2489.64,0.0
2026-09-07T08:12:03.711653+00:00,ETH-26MAR27-2500-P,2540.72,ETH-26MAR27,put,2500.0,2027-03-26T08:00:00+00:00,0.547547224388008,0.1495,0.1515,0.150336,0.1505,2540.72,ETH-26MAR27,0.5438000000000001,-0.40459,7.28748,589.0,1.0,0.0020000000000000018,ETH,2489.64,364.09
2026-09-07T08:12:03.711653+00:00,ETH-25DEC26-1200-P,2515.0,ETH-25DEC26,put,1200.0,2026-12-25T08:00:00+00:00,0.29840280275898673,0.003,0.0035,0.003249,0.00325,2515.0,ETH-25DEC26,0.7254,-0.01944,0.64974,6766.0,0.0,0.0005,ETH,2489.76,0.0
2026-09-07T08:12:03.711653+00:00,ETH-25SEP26-4400-C,2494.47,ETH-25SEP26,call,4400.0,2026-09-25T08:00:00+00:00,0.04925838112996552,,0.0002,0.0001,,2494.47,ETH-25SEP26,0.8554,0.00191,0.03366,4349.0,0.0,,ETH,2489.64,0.0
2026-09-07T08:12:03.711653+00:00,ETH-30OCT26-4000-C,2500.84,ETH-30OCT26,call,4000.0,2026-10-30T08:00:00+00:00,0.14508315867958907,0.0034,0.0036,0.003526,0.0035,2500.84,ETH-30OCT26,0.6516,0.03857,0.79717,778.0,0.0,0.0002000000000000001,ETH,2489.64,0.0
2026-09-07T08:12:03.711653+00:00,ETH-25JUN27-5500-C,2569.3,ETH-25JUN27,call,5500.0,2027-06-25T08:00:00+00:00,0.7966916460170291,0.026,0.027,0.026592,0.0265,2569.3,ETH-25JUN27,0.5991,0.12394,4.69435,644.0,0.0,0.0010000000000000009,ETH,2489.64,0.0
2026-09-07T08:12:03.711653+00:00,ETH-25JUN27-4600-C,2569.3,ETH-25JUN27,call,4600.0,2027-06-25T08:00:00+00:00,0.7966916460170291,0.0435,0.045,0.044457,0.04425,2569.3,ETH-25JUN27,0.5807,0.19376,6.30055,54.0,0.0,0.0015000000000000013,ETH,2489.64,0.0
2026-09-07T08:12:03.711653+00:00,ETH-18SEP26-2550-C,2492.28,ETH-18SEP26,call,2550.0,2026-09-18T08:00:00+00:00,0.030093425620040814,0.024,0.0245,0.024349,0.02425,2492.28,ETH-18SEP26,0.49579999999999996,0.41194,1.68318,2391.0,528.0,0.0005000000000000004,ETH,2489.62,33020.76
2026-09-07T08:12:03.711653+00:00,ETH-11SEP26-2300-P,2489.95,ETH-11SEP26,put,2300.0,2026-09-11T08:00:00+00:00,0.010928470110116106,0.0013,0.0016,0.001564,0.00145,2489.95,ETH-11SEP26,0.5115999999999999,-0.06527,0.33119,3795.0,22.0,0.00030000000000000014,ETH,2489.62,72.81
2026-09-07T08:12:03.711653+00:00,ETH-30OCT26-2400-C,2500.83,ETH-30OCT26,call,2400.0,2026-10-30T08:00:00+00:00,0.14508315867958907,0.0965,0.0985,0.097618,0.0975,2500.83,ETH-30OCT26,0.5095000000000001,0.62153,3.62395,2534.0,1.0,0.0020000000000000018,ETH,2489.64,249.88
2026-09-07T08:12:03.711653+00:00,ETH-8SEP26-2360-P,2489.16,ETH-8SEP26,put,2360.0,2026-09-08T08:00:00+00:00,0.0027149177487198013,,0.0002,0.000129,,2489.16,ETH-8SEP26,0.4725,-0.01463,0.04805,196.0,138.0,,ETH,2489.62,101.84
2026-09-07T08:12:03.711653+00:00,ETH-26MAR27-1300-P,2540.72,ETH-26MAR27,put,1300.0,2027-03-26T08:00:00+00:00,0.547547224388008,0.0125,0.014,0.01326,0.01325,2540.72,ETH-26MAR27,0.6587999999999999,-0.05284,2.02672,1574.0,1.0,0.0014999999999999996,ETH,2489.62,34.96
2026-09-07T08:12:03.711653+00:00,ETH-27NOV26-2350-C,2508.36,ETH-27NOV26,call,2350.0,2026-11-27T08:00:00+00:00,0.2217429807192879,0.1285,0.131,0.1298,0.12975,2508.36,ETH-27NOV26,0.523,0.65091,4.37225,50.0,0.0,0.0025000000000000022,ETH,2489.62,0.0
2026-09-07T08:12:03.711653+00:00,ETH-25JUN27-4500-P,2569.29,ETH-25JUN27,put,4500.0,2027-06-25T08:00:00+00:00,0.7966916460170291,0.787,0.813,0.798852,0.8,2569.29,ETH-25JUN27,0.579,-0.79551,6.50846,1.0,0.0,0.025999999999999912,ETH,2489.62,0.0
2026-09-07T08:12:03.711653+00:00,ETH-30OCT26-2100-C,2500.83,ETH-30OCT26,call,2100.0,2026-10-30T08:00:00+00:00,0.14508315867958907,0.177,0.1835,0.180159,0.18025,2500.83,ETH-30OCT26,0.5314,0.8325,2.38849,1550.0,0.0,0.006500000000000006,ETH,2489.62,0.0
2026-09-07T08:12:03.711653+00:00,ETH-25DEC26-2700-C,2515.0,ETH-25DEC26,call,2700.0,2026-12-25T08:00:00+00:00,0.29840280275898673,0.0845,0.0855,0.085442,0.085,2515.0,ETH-25DEC26,0.5268,0.45928,5.45442,7009.0,14.0,0.0010000000000000009,ETH,2489.62,3127.42
2026-09-07T08:12:03.711653+00:00,ETH-30OCT26-2000-P,2500.84,ETH-30OCT26,put,2000.0,2026-10-30T08:00:00+00:00,0.14508315867958907,0.013,0.014,0.013482,0.0135,2500.84,ETH-30OCT26,0.5473,-0.11978,1.90377,1064.0,4.0,0.0010000000000000009,ETH,2489.62,129.68
2026-09-07T08:12:03.711653+00:00,ETH-25JUN27-1800-C,2569.29,ETH-25JUN27,call,1800.0,2027-06-25T08:00:00+00:00,0.7966916460170291,0.3555,0.367,0.361608,0.36125,2569.29,ETH-25JUN27,0.5803,0.82789,5.85132,1756.0,162.0,0.01150000000000001,ETH,2489.62,145889.09
2026-09-07T08:12:03.711653+00:00,ETH-30OCT26-3000-C,2500.84,ETH-30OCT26,call,3000.0,2026-10-30T08:00:00+00:00,0.14508315867958907,0.023,0.024,0.02356,0.0235,2500.84,ETH-30OCT26,0.5431,0.21893,2.81363,1984.0,38.0,0.0010000000000000009,ETH,2489.62,2334.07
2026-09-07T08:12:03.711653+00:00,ETH-25SEP26-2000-C,2494.48,ETH-25SEP26,call,2000.0,2026-09-25T08:00:00+00:00,0.04925838112996552,0.198,0.203,0.200563,0.2005,2494.48,ETH-25SEP26,0.5962,0.9587,0.48979,29085.0,41.0,0.0050000000000000044,ETH,2489.7,20479.23
2026-09-07T08:12:03.711653+00:00,ETH-25SEP26-2250-C,2494.47,ETH-25SEP26,call,2250.0,2026-09-25T08:00:00+00:00,0.04925838112996552,0.1075,0.11,0.108687,0.10875,2494.47,ETH-25SEP26,0.5119,0.83285,1.38637,360.0,0.0,0.0025000000000000022,ETH,2489.7,0.0
2026-09-07T08:12:03.711653+00:00,ETH-25DEC26-4500-P,2515.0,ETH-25DEC26,put,4500.0,2026-12-25T08:00:00+00:00,0.29840280275898673,0.788,0.806,0.79675,0.797,2515.0,ETH-25DEC26,0.6141,-0.94127,1.61001,2.0,0.0,0.018000000000000016,ETH,2489.62,0.0
2026-09-07T08:12:03.711653+00:00,ETH-8SEP26-2540-P,2489.15,ETH-8SEP26,put,2540.0,2026-09-08T08:00:00+00:00,0.0027149177487198013,0.0195,0.0255,0.022284,0.0225,2489.15,ETH-8SEP26,0.4004,-0.83047,0.32753,4.0,0.0,0.005999999999999998,ETH,2489.7,0.0
2026-09-07T08:12:03.711653+00:00,ETH-30OCT26-2600-P,2500.83,ETH-30OCT26,put,2600.0,2026-10-30T08:00:00+00:00,0.14508315867958907,0.1,0.1015,0.101051,0.10075,2500.83,ETH-30OCT26,0.5146999999999999,-0.53987,3.78253,1240.0,0.0,0.0015000000000000013,ETH,2489.7,0.0
2026-09-07T08:12:03.711653+00:00,ETH-25DEC26-2900-P,2515.0,ETH-25DEC26,put,2900.0,2026-12-25T08:00:00+00:00,0.29840280275898673,0.211,0.22,0.215367,0.2155,2515.0,ETH-25DEC26,0.5315,-0.63491,5.16657,880.0,36.0,0.009000000000000008,ETH,2489.7,19708.85
2026-09-07T08:12:03.711653+00:00,ETH-25JUN27-2000-C,2569.29,ETH-25JUN27,call,2000.0,2027-06-25T08:00:00+00:00,0.7966916460170291,0.303,0.3155,0.309497,0.30925,2569.29,ETH-25JUN27,0.5681,0.77263,6.92134,1759.0,0.0,0.012500000000000011,ETH,2489.7,0.0
2026-09-07T08:12:03.711653+00:00,ETH-8SEP26-2700-P,2489.15,ETH-8SEP26,put,2700.0,2026-09-08T08:00:00+00:00,0.0027149177487198013,0.0815,0.088,0.084798,0.08475,2489.15,ETH-8SEP26,0.649,-0.99147,0.03008,0.0,0.0,0.006499999999999992,ETH,2489.74,0.0
2026-09-07T08:12:03.711653+00:00,ETH-25DEC26-4800-P,2515.0,ETH-25DEC26,put,4800.0,2026-12-25T08:00:00+00:00,0.29840280275898673,0.9045,0.925,0.914033,0.91475,2515.0,ETH-25DEC26,0.6294,-0.95608,1.27747,77.0,0.0,0.020500000000000074,ETH,2489.7,0.0
2026-09-07T08:12:03.711653+00:00,ETH-9SEP26-2640-C,2489.52,ETH-9SEP26,call,2640.0,2026-09-09T08:00:00+00:00,0.005452768535851902,0.001,0.0013,0.001078,0.00115,2489.52,ETH-9SEP26,0.5192,0.06573,0.23515,71.0,67.0,0.0002999999999999999,ETH,2489.74,291.99
2026-09-07T08:12:03.711653+00:00,ETH-30OCT26-4000-P,2500.84,ETH-30OCT26,put,4000.0,2026-10-30T08:00:00+00:00,0.14508315867958907,0.5955,0.61,0.602995,0.60275,2500.84,ETH-30OCT26,0.6516,-0.96143,0.79728,0.0,0.0,0.014499999999999957,ETH,2489.7,0.0
2026-09-07T08:12:03.711653+00:00,ETH-25SEP26-2150-P,2494.48,ETH-25SEP26,put,2150.0,2026-09-25T08:00:00+00:00,0.04925838112996552,0.005,0.006,0.005634,0.0055,2494.48,ETH-25SEP26,0.537,-0.09557,0.94027,17194.0,14.0,0.001,ETH,2489.74,193.87
2026-09-07T08:12:03.711653+00:00,ETH-10SEP26-2750-C,2489.77,ETH-10SEP26,call,2750.0,2026-09-10T08:00:00+00:00,0.008190619322984004,0.0005,0.0007,0.000595,0.0006,2489.77,ETH-10SEP26,0.5760000000000001,0.03013,0.15389,0.0,0.0,0.00019999999999999998,ETH,2489.74,0.0
2026-09-07T08:12:03.711653+00:00,ETH-10SEP26-2520-C,2489.77,ETH-10SEP26,call,2520.0,2026-09-10T08:00:00+00:00,0.008190619322984004,0.01,0.011,0.010655,0.0105,2489.77,ETH-10SEP26,0.4404,0.38945,0.86437,100.0,100.0,0.0009999999999999992,ETH,2489.74,2990.63
2026-09-07T08:12:03.711653+00:00,ETH-25JUN27-3000-C,2569.3,ETH-25JUN27,call,3000.0,2027-06-25T08:00:00+00:00,0.7966916460170291,0.1375,0.1395,0.138657,0.1385,2569.3,ETH-25JUN27,0.5559000000000001,0.4745,9.13376,1316.0,2.0,0.0020000000000000018,ETH,2489.74,695.39
2026-09-07T08:12:03.711653+00:00,ETH-25DEC26-5000-P,2515.0,ETH-25DEC26,put,5000.0,2026-12-25T08:00:00+00:00,0.29840280275898673,0.9805,1.004,0.992695,0.99225,2515.0,ETH-25DEC26,0.6416,-0.96273,1.11801,0.0,0.0,0.023499999999999965,ETH,2489.74,0.0
2026-09-07T08:12:03.711653+00:00,ETH-30OCT26-2600-C,2500.83,ETH-30OCT26,call,2600.0,2026-10-30T08:00:00+00:00,0.14508315867958907,0.0605,0.062,0.061396,0.06125,2500.83,ETH-30OCT26,0.5146999999999999,0.46019,3.78271,3567.0,2.0,0.0015000000000000013,ETH,2489.74,315.72
2026-09-07T08:12:03.711653+00:00,ETH-26MAR27-3800-P,2540.72,ETH-26MAR27,put,3800.0,2027-03-26T08:00:00+00:00,0.547547224388008,0.532,0.5515,0.540907,0.54175,2540.72,ETH-26MAR27,0.5656,-0.77397,5.65554,1.0,0.0,0.019499999999999962,ETH,2489.8,0.0
2026-09-07T08:12:03.711653+00:00,ETH-25DEC26-2300-P,2515.0,ETH-25DEC26,put,2300.0,2026-12-25T08:00:00+00:00,0.29840280275898673,0.0715,0.073,0.072169,0.07225,2515.0,ETH-25DEC26,0.5276,-0.32477,4.94541,6049.0,13.0,0.0015000000000000013,ETH,2489.74,2296.04
2026-09-07T08:12:03.711653+00:00,ETH-25SEP26-6000-P,2494.47,ETH-25SEP26,put,6000.0,2026-09-25T08:00:00+00:00,0.04925838112996552,1.396,1.4135,1.405315,1.40475,2494.47,ETH-25SEP26,1.0195999999999998,-0.99992,0.00186,0.0,0.0,0.01750000000000007,ETH,2489.8,0.0
2026-09-07T08:12:03.711653+00:00,ETH-25DEC26-2100-P,2515.0,ETH-25DEC26,put,2100.0,2026-12-25T08:00:00+00:00,0.29840280275898673,0.0435,0.045,0.044143,0.04425,2515.0,ETH-25DEC26,0.5384,-0.22355,4.10709,3268.0,0.0,0.0015000000000000013,ETH,2489.74,0.0
2026-09-07T08:12:03.711653+00:00,ETH-11SEP26-2560-P,2489.96,ETH-11SEP26,put,2560.0,2026-09-11T08:00:00+00:00,0.010928470110116106,0.0355,0.039,0.036993,0.03725,2489.96,ETH-11SEP26,0.4689,-0.70588,0.89714,0.0,0.0,0.003500000000000003,ETH,2489.8,0.0
2026-09-07T08:12:03.711653+00:00,ETH-26MAR27-2200-C,2540.72,ETH-26MAR27,call,2200.0,2027-03-26T08:00:00+00:00,0.547547224388008,0.2255,0.2285,0.227023,0.227,2540.72,ETH-26MAR27,0.5513,0.71129,6.42485,4061.0,0.0,0.0030000000000000027,ETH,2489.8,0.0
2026-09-07T08:12:03.711653+00:00,ETH-25DEC26-3100-C,2515.0,ETH-25DEC26,call,3100.0,2026-12-25T08:00:00+00:00,0.29840280275898673,0.045,0.046,0.045514,0.0455,2515.0,ETH-25DEC26,0.5383,0.28652,4.67825,2517.0,0.0,0.0010000000000000009,ETH,2489.8,0.0
2026-09-07T08:12:03.711653+00:00,ETH-30OCT26-2050-C,2500.84,ETH-30OCT26,call,2050.0,2026-10-30T08:00:00+00:00,0.14508315867958907,0.1935,0.2,0.196689,0.19675,2500.84,ETH-30OCT26,0.5390999999999999,0.85789,2.14276,479.0,0.0,0.006500000000000006,ETH,2489.8,0.0
2026-09-07T08:12:03.711653+00:00,ETH-26MAR27-1600-C,2540.72,ETH-26MAR27,call,1600.0,2027-03-26T08:00:00+00:00,0.547547224388008,0.393,0.402,0.39746,0.3975,2540.72,ETH-26MAR27,0.6038,0.89588,3.39939,879.0,0.0,0.009000000000000008,ETH,2489.8,0.0
2026-09-07T08:12:03.711653+00:00,ETH-25DEC26-3200-C,2515.0,ETH-25DEC26,call,3200.0,2026-12-25T08:00:00+00:00,0.29840280275898673,0.0385,0.0395,0.039025,0.039,2515.0,ETH-25DEC26,0.5423,0.25323,4.39749,68127.0,0.0,0.0010000000000000009,ETH,2489.8,0.0
2026-09-07T08:12:03.711653+00:00,ETH-25DEC26-4400-C,2514.99,ETH-25DEC26,call,4400.0,2026-12-25T08:00:00+00:00,0.29840280275898673,0.008,0.0085,0.008239,0.00825,2514.99,ETH-25DEC26,0.6074,0.06442,1.73064,3718.0,0.0,0.0005000000000000004,ETH,2489.8,0.0
2026-09-07T08:12:03.711653+00:00,ETH-26MAR27-4000-C,2540.72,ETH-26MAR27,call,4000.0,2027-03-26T08:00:00+00:00,0.547547224388008,0.037,0.0385,0.037808,0.03775,2540.72,ETH-26MAR27,0.5711999999999999,0.19441,5.17616,2561.0,0.0,0.0015000000000000013,ETH,2489.8,0.0
2026-09-07T08:12:03.711653+00:00,ETH-25SEP26-7400-P,2494.47,ETH-25SEP26,put,7400.0,2026-09-25T08:00:00+00:00,0.04925838112996552,1.9555,1.977,1.966552,1.96625,2494.47,ETH-25SEP26,1.1765,-0.99997,0.00065,0.0,0.0,0.021500000000000075,ETH,2489.8,0.0
2026-09-07T08:12:03.711653+00:00,ETH-8SEP26-2200-C,2489.15,ETH-8SEP26,call,2200.0,2026-09-08T08:00:00+00:00,0.0027149177487198013,0.114,0.1185,0.116182,0.11625,2489.15,ETH-8SEP26,0.7872,0.9988,0.00517,8.0,8.0,0.00449999999999999,ETH,2489.8,2507.73
2026-09-07T08:12:03.711653+00:00,ETH-30OCT26-2100-P,2500.84,ETH-30OCT26,put,2100.0,2026-10-30T08:00:00+00:00,0.14508315867958907,0.0195,0.0205,0.01988,0.02,2500.84,ETH-30OCT26,0.5314,-0.16742,2.38793,3449.0,2.0,0.0010000000000000009,ETH,2489.8,98.52
2026-09-07T08:12:03.711653+00:00,ETH-10SEP26-2580-P,2489.78,ETH-10SEP26,put,2580.0,2026-09-10T08:00:00+00:00,0.008190619322984004,0.038,0.0445,0.041191,0.04125,2489.78,ETH-10SEP26,0.473,-0.79028,0.64905,0.0,0.0,0.006499999999999999,ETH,2489.78,0.0
2026-09-07T08:12:03.711653+00:00,ETH-10SEP26-2250-C,2489.77,ETH-10SEP26,call,2250.0,2026-09-10T08:00:00+00:00,0.008190619322984004,0.0945,0.0995,0.096891,0.097,2489.77,ETH-10SEP26,0.5932999999999999,0.97233,0.1434,0.0,0.0,0.0050000000000000044,ETH,2489.78,0.0
2026-09-07T08:12:03.711653+00:00,ETH-27NOV26-3200-C,2508.36,ETH-27NOV26,call,3200.0,2026-11-27T08:00:00+00:00,0.2217429807192879,0.027,0.028,0.027476,0.0275,2508.36,ETH-27NOV26,0.5523,0.21018,3.40709,123.0,0.0,0.0010000000000000009,ETH,2489.8,0.0
2026-09-07T08:12:03.711653+00:00,ETH-25SEP26-2800-P,2494.47,ETH-25SEP26,put,2800.0,2026-09-25T08:00:00+00:00,0.04925838112996552,0.1295,0.137,0.133446,0.13325,2494.47,ETH-25SEP26,0.534,-0.81973,1.45471,1340.0,0.0,0.007500000000000007,ETH,2489.8,0.0
2026-09-07T08:12:03.711653+00:00,ETH-9SEP26-2440-C,2489.51,ETH-9SEP26,call,2440.0,2026-09-09T08:00:00+00:00,0.005452768535851902,0.0235,0.0255,0.024535,0.0245,2489.51,ETH-9SEP26,0.414,0.75084,0.58321,46.0,0.0,0.0019999999999999983,ETH,2489.78,0.0
2026-09-07T08:12:03.711653+00:00,ETH-25SEP26-6200-C,2494.48,ETH-25SEP26,call,6200.0,2026-09-25T08:00:00+00:00,0.04925838112996552,,0.0001,3e-06,,2494.48,ETH-25SEP26,1.0378,6e-05,0.00141,2798.0,0.0,,ETH,2489.78,0.0
2026-09-07T08:12:03.711653+00:00,ETH-11SEP26-2150-P,2489.95,ETH-11SEP26,put,2150.0,2026-09-11T08:00:00+00:00,0.010928470110116106,0.0003,0.0006,0.000443,0.00045,2489.95,ETH-11SEP26,0.6738,-0.01697,0.10959,4825.0,244.0,0.0003,ETH,2489.78,360.53
2026-09-07T08:12:03.711653+00:00,ETH-11SEP26-2150-C,2489.96,ETH-11SEP26,call,2150.0,2026-09-11T08:00:00+00:00,0.010928470110116106,0.1345,0.1395,0.136972,0.137,2489.96,ETH-11SEP26,0.6738,0.98303,0.10962,0.0,0.0,0.0050000000000000044,ETH,2489.78,0.0
2026-09-07T08:12:03.711653+00:00,ETH-11SEP26-2570-C,2489.96,ETH-11SEP26,call,2570.0,2026-09-11T08:00:00+00:00,0.010928470110116106,0.0075,0.0085,0.007963,0.008,2489.96,ETH-11SEP26,0.47369999999999995,0.27029,0.86137,29.0,9.0,0.0010000000000000009,ETH,2489.78,264.06
2026-09-07T08:12:03.711653+00:00,ETH-27NOV26-3600-P,2508.36,ETH-27NOV26,put,3600.0,2026-11-27T08:00:00+00:00,0.2217429807192879,0.4425,0.4565,0.449235,0.4495,2508.36,ETH-27NOV26,0.5793,-0.88251,2.32863,0.0,0.0,0.014000000000000012,ETH,2489.78,0.0
2026-09-07T08:12:03.711653+00:00,ETH-26MAR27-4600-C,2540.72,ETH-26MAR27,call,4600.0,2027-03-26T08:00:00+00:00,0.547547224388008,0.022,0.0235,0.022931,0.02275,2540.72,ETH-26MAR27,0.5885,0.12611,3.89564,1405.0,0.0,0.0015000000000000013,ETH,2489.71,0.0
2026-09-07T08:12:03.711653+00:00,ETH-25SEP26-1700-P,2494.48,ETH-25SEP26,put,1700.0,2026-09-25T08:00:00+00:00,0.04925838112996552,0.0005,0.0006,0.000517,0.00055,2494.48,ETH-25SEP26,0.7537,-0.00876,0.13154,10021.0,0.0,9.999999999999994e-05,ETH,2489.78,0.0
2026-09-07T08:12:03.711653+00:00,ETH-27NOV26-4400-P,2508.36,ETH-27NOV26,put,4400.0,2026-11-27T08:00:00+00:00,0.2217429807192879,0.7495,0.768,0.759223,0.75875,2508.36,ETH-27NOV26,0.6468,-0.95466,1.1269,0.0,0.0,0.01849999999999996,ETH,2489.71,0.0
2026-09-07T08:12:03.711653+00:00,ETH-30OCT26-3600-C,2500.84,ETH-30OCT26,call,3600.0,2026-10-30T08:00:00+00:00,0.14508315867958907,0.0065,0.007,0.006788,0.00675,2500.84,ETH-30OCT26,0.6067,0.07215,1.30954,4569.0,0.0,0.0005000000000000004,ETH,2489.78,0.0
2026-09-07T08:12:03.711653+00:00,ETH-11SEP26-2560-C,2489.95,ETH-11SEP26,call,2560.0,2026-09-11T08:00:00+00:00,0.010928470110116106,0.0085,0.009,0.008859,0.00875,2489.95,ETH-11SEP26,0.4689,0.29408,0.89707,0.0,0.0,0.0004999999999999987,ETH,2489.71,0.0
2026-09-07T08:12:03.711653+00:00,ETH-18SEP26-2700-C,2492.28,ETH-18SEP26,call,2700.0,2026-09-18T08:00:00+00:00,0.030093425620040814,0.0095,0.0105,0.010002,0.01,2492.28,ETH-18SEP26,0.5272,0.2038,1.22461,4009.0,13.0,0.0010000000000000009,ETH,2489.71,422.81
2026-09-07T08:12:03.711653+00:00,ETH-26MAR27-2000-C,2540.72,ETH-26MAR27,call,2000.0,2027-03-26T08:00:00+00:00,0.547547224388008,0.271,0.2825,0.276749,0.27675,2540.72,ETH-26MAR27,0.5614,0.78341,5.51903,1843.0,0.0,0.011499999999999955,ETH,2489.71,0.0
2026-09-07T08:12:03.711653+00:00,ETH-25SEP26-5600-P,2494.47,ETH-25SEP26,put,5600.0,2026-09-25T08:00:00+00:00,0.04925838112996552,1.2365,1.253,1.244963,1.24475,2494.47,ETH-25SEP26,0.9643,-0.99988,0.00263,0.0,0.0,0.01649999999999996,ETH,2489.71,0.0
2026-09-07T08:12:03.711653+00:00,ETH-25SEP26-5500-C,2494.48,ETH-25SEP26,call,5500.0,2026-09-25T08:00:00+00:00,0.04925838112996552,,0.0001,7e-06,,2494.48,ETH-25SEP26,0.9501999999999999,0.00014,0.00291,2169.0,0.0,,ETH,2489.71,0.0
2026-09-07T08:12:03.711653+00:00,ETH-25JUN27-5000-P,2569.3,ETH-25JUN27,put,5000.0,2027-06-25T08:00:00+00:00,0.7966916460170291,0.9675,0.9975,0.981012,0.9825,2569.3,ETH-25JUN27,0.5885,-0.84238,5.52732,0.0,0.0,0.030000000000000027,ETH,2489.71,0.0
2026-09-07T08:12:03.711653+00:00,ETH-30OCT26-3100-C,2500.83,ETH-30OCT26,call,3100.0,2026-10-30T08:00:00+00:00,0.14508315867958907,0.018,0.019,0.018772,0.0185,2500.83,ETH-30OCT26,0.5529999999999999,0.18044,2.50439,1108.0,27.0,0.0010000000000000009,ETH,2489.71,1301.27
2026-09-07T08:12:03.711653+00:00,ETH-27NOV26-3300-P,2508.36,ETH-27NOV26,put,3300.0,2026-11-27T08:00:00+00:00,0.2217429807192879,0.3325,0.345,0.338594,0.33875,2508.36,ETH-27NOV26,0.5582,-0.81903,3.11095,0.0,0.0,0.012499999999999956,ETH,2489.79,0.0
2026-09-07T08:12:03.711653+00:00,ETH-18SEP26-2250-C,2492.28,ETH-18SEP26,call,2250.0,2026-09-18T08:00:00+00:00,0.030093425620040814,0.1,0.1055,0.102629,0.10275,2492.28,ETH-18SEP26,0.5174,0.88203,0.85481,0.0,0.0,0.005499999999999991,ETH,2489.79,0.0
2026-09-07T08:12:03.711653+00:00,ETH-27NOV26-2250-P,2508.36,ETH-27NOV26,put,2250.0,2026-11-27T08:00:00+00:00,0.2217429807192879,0.0505,0.0515,0.051031,0.051,2508.36,ETH-27NOV26,0.5273,-0.28712,4.02562,821.0,0.0,0.000999999999999994,ETH,2489.79,0.0
2026-09-07T08:12:03.711653+00:00,ETH-25JUN27-3500-C,2569.29,ETH-25JUN27,call,3500.0,2027-06-25T08:00:00+00:00,0.7966916460170291,0.0935,0.095,0.094576,0.09425,2569.29,ETH-25JUN27,0.5619,0.35745,8.56163,2813.0,0.0,0.0015000000000000013,ETH,2489.79,0.0
2026-09-07T08:12:03.711653+00:00,ETH-25JUN27-3600-P,2569.3,ETH-25JUN27,put,3600.0,2027-06-25T08:00:00+00:00,0.7966916460170291,0.4795,0.5005,0.488858,0.49,2569.3,ETH-25JUN27,0.5629,-0.66264,8.38103,0.0,0.0,0.020999999999999963,ETH,2489.79,0.0
2026-09-07T08:12:03.711653+00:00,ETH-25SEP26-1700-C,2494.47,ETH-25SEP26,call,1700.0,2026-09-25T08:00:00+00:00,0.04925838112996552,0.317,0.321,0.319012,0.319,2494.47,ETH-25SEP26,0.7537,0.99123,0.1316,2190.0,1.0,0.0040000000000000036,ETH,2489.79,806.3
2026-09-07T08:12:03.711653+00:00,ETH-26MAR27-1400-P,2540.72,ETH-26MAR27,put,1400.0,2027-03-26T08:00:00+00:00,0.547547224388008,0.016,0.0175,0.01704,0.01675,2540.72,ETH-26MAR27,0.6386999999999999,-0.06717,2.44613,1850.0,0.0,0.0015000000000000013,ETH,2489.79,0.0
2026-09-07T08:12:03.711653+00:00,ETH-25SEP26-7500-P,2494.47,ETH-25SEP26,put,7500.0,2026-09-25T08:00:00+00:00,0.04925838112996552,1.9955,2.0175,2.00664,2.0065,2494.47,ETH-25SEP26,1.1895,-0.99997,0.00064,0.0,0.0,0.02200000000000002,ETH,2489.79,0.0
2026-09-07T08:12:03.711653+00:00,ETH-25SEP26-2360-P,2494.47,ETH-25SEP26,put,2360.0,2026-09-25T08:00:00+00:00,0.04925838112996552,0.0205,0.0215,0.021147,0.021,2494.47,ETH-25SEP26,0.4971,-0.28821,1.89042,265.0,1.0,0.0009999999999999974,ETH,2489.79,46.5
2026-09-07T08:12:03.711653+00:00,ETH-26MAR27-1800-P,2540.72,ETH-26MAR27,put,1800.0,2027-03-26T08:00:00+00:00,0.547547224388008,0.0415,0.043,0.042269,0.04225,2540.72,ETH-26MAR27,0.5779,-0.1539,4.46084,3715.0,16.0,0.0014999999999999944,ETH,2489.79,1612.33
2026-09-07T08:12:03.711653+00:00,ETH-25SEP26-2200-C,2494.47,ETH-25SEP26,call,2200.0,2026-09-25T08:00:00+00:00,0.04925838112996552,0.1235,0.129,0.125815,0.12625,2494.47,ETH-25SEP26,0.5234000000000001,0.87295,1.15315,7962.0,0.0,0.005500000000000005,ETH,2489.8,0.0
2026-09-07T08:12:03.711653+00:00,ETH-10SEP26-2380-P,2489.78,ETH-10SEP26,put,2380.0,2026-09-10T08:00:00+00:00,0.008190619322984004,0.0024,0.0028,0.002646,0.0026,2489.78,ETH-10SEP26,0.4475,-0.12776,0.47108,338.0,366.0,0.0004000000000000002,ETH,2489.8,1920.21
2026-09-07T08:12:03.711653+00:00,ETH-26MAR27-3500-C,2540.72,ETH-26MAR27,call,3500.0,2027-03-26T08:00:00+00:00,0.547547224388008,0.059,0.061,0.060065,0.06,2540.72,ETH-26MAR27,0.5579,0.28471,6.38241,4190.0,1.0,0.0020000000000000018,ETH,2489.79,149.84
2026-09-07T08:12:03.711653+00:00,ETH-30OCT26-3800-P,2500.83,ETH-30OCT26,put,3800.0,2026-10-30T08:00:00+00:00,0.14508315867958907,0.517,0.531,0.524286,0.524,2500.83,ETH-30OCT26,0.6286999999999999,-0.9481,1.01253,0.0,0.0,0.014000000000000012,ETH,2489.8,0.0
2026-09-07T08:12:03.711653+00:00,ETH-27NOV26-2100-C,2508.36,ETH-27NOV26,call,2100.0,2026-11-27T08:00:00+00:00,0.2217429807192879,0.1925,0.1995,0.195862,0.196,2508.36,ETH-27NOV26,0.5390999999999999,0.79586,3.3489,1.0,0.0,0.007000000000000006,ETH,2489.8,0.0
2026-09-07T08:12:03.711653+00:00,ETH-25SEP26-5500-P,2494.48,ETH-25SEP26,put,5500.0,2026-09-25T08:00:00+00:00,0.04925838112996552,1.197,1.2125,1.204875,1.20475,2494.48,ETH-25SEP26,0.9501999999999999,-0.99986,0.00291,1.0,0.0,0.015499999999999847,ETH,2489.8,0.0
2026-09-07T08:12:03.711653+00:00,ETH-30OCT26-2200-C,2500.83,ETH-30OCT26,call,2200.0,2026-10-30T08:00:00+00:00,0.14508315867958907,0.146,0.1535,0.149197,0.14975,2500.83,ETH-30OCT26,0.5196999999999999,0.77239,2.87672,1295.0,0.0,0.007500000000000007,ETH,2489.8,0.0
2026-09-07T08:12:03.711653+00:00,ETH-25JUN27-1500-P,2569.3,ETH-25JUN27,put,1500.0,2027-06-25T08:00:00+00:00,0.7966916460170291,0.0335,0.0355,0.034571,0.0345,2569.3,ETH-25JUN27,0.6095,-0.10363,4.13234,502.0,0.0,0.001999999999999995,ETH,2489.8,0.0
2026-09-07T08:12:03.711653+00:00,ETH-26MAR27-3600-P,2540.72,ETH-26MAR27,put,3600.0,2027-03-26T08:00:00+00:00,0.547547224388008,0.463,0.4815,0.471501,0.47225,2540.72,ETH-26MAR27,0.5604,-0.73646,6.14329,1.0,0.0,0.01849999999999996,ETH,2489.8,0.0
2026-09-07T08:12:03.711653+00:00,ETH-25SEP26-2900-C,2494.47,ETH-25SEP26,call,2900.0,2026-09-25T08:00:00+00:00,0.04925838112996552,0.0065,0.0075,0.007037,0.007,2494.47,ETH-25SEP26,0.5534,0.12233,1.12306,16766.0,2.0,0.001,ETH,2489.81,42.66
2026-09-07T08:12:03.711653+00:00,ETH-26MAR27-1900-C,2540.7,ETH-26MAR27,call,1900.0,2027-03-26T08:00:00+00:00,0.547547224388008,0.299,0.31,0.304409,0.3045,2540.7,ETH-26MAR27,0.5688,0.8162,5.0003,2451.0,0.0,0.01100000000000001,ETH,2489.8,0.0
2026-09-07T08:12:03.711653+00:00,ETH-18SEP26-2650-P,2492.29,ETH-18SEP26,put,2650.0,2026-09-18T08:00:00+00:00,0.030093425620040814,0.075,0.0775,0.07675,0.07625,2492.29,ETH-18SEP26,0.5152,-0.739,1.40572,0.0,0.0,0.0025000000000000022,ETH,2489.81,0.0
2026-09-07T08:12:03.711653+00:00,ETH-25SEP26-5400-P,2494.48,ETH-25SEP26,put,5400.0,2026-09-25T08:00:00+00:00,0.04925838112996552,1.157,1.1725,1.164787,1.16475,2494.48,ETH-25SEP26,0.9344,-0.99985,0.00317,4.0,0.0,0.01550000000000007,ETH,2489.81,0.0
2026-09-07T08:12:03.711653+00:00,ETH-25SEP26-1900-P,2494.47,ETH-25SEP26,put,1900.0,2026-09-25T08:00:00+00:00,0.04925838112996552,0.0012,0.0015,0.001337,0.00135,2494.47,ETH-25SEP26,0.642,-0.02373,0.30986,20819.0,4.0,0.00030000000000000014,ETH,2489.81,14.8
2026-09-07T08:12:03.711653+00:00,ETH-25SEP26-3400-P,2494.47,ETH-25SEP26,put,3400.0,2026-09-25T08:00:00+00:00,0.04925838112996552,0.3595,0.369,0.364206,0.36425,2494.47,ETH-25SEP26,0.6716,-0.97733,0.29816,870.0,0.0,0.009500000000000008,ETH,2489.81,0.0
2026-09-07T08:12:03.711653+00:00,ETH-11SEP26-2540-C,2489.96,ETH-11SEP26,call,2540.0,2026-09-11T08:00:00+00:00,0.010928470110116106,0.0105,0.0115,0.010947,0.011,2489.96,ETH-11SEP26,0.4596,0.34853,0.96292,0.0,0.0,0.0009999999999999992,ETH,2489.74,0.0
2026-09-07T08:12:03.711653+00:00,ETH-26MAR27-1900-P,2540.72,ETH-26MAR27,put,1900.0,2027-03-26T08:00:00+00:00,0.547547224388008,0.051,0.053,0.052234,0.052,2540.72,ETH-26MAR27,0.5688,-0.1838,5.00028,3282.0,0.0,0.0020000000000000018,ETH,2489.81,0.0
2026-09-07T08:12:03.711653+00:00,ETH-8SEP26-2280-P,2489.15,ETH-8SEP26,put,2280.0,2026-09-08T08:00:00+00:00,0.0027149177487198013,,0.0001,6.5e-05,,2489.15,ETH-8SEP26,0.6718000000000001,-0.0057,0.02108,463.0,541.0,,ETH,2489.74,168.78
2026-09-07T08:12:03.711653+00:00,ETH-27NOV26-2250-C,2508.36,ETH-27NOV26,call,2250.0,2026-11-27T08:00:00+00:00,0.2217429807192879,0.153,0.155,0.154037,0.154,2508.36,ETH-27NOV26,0.5273,0.71295,4.02534,51.0,0.0,0.0020000000000000018,ETH,2489.74,0.0
2026-09-07T08:12:03.711653+00:00,ETH-30OCT26-2700-C,2500.83,ETH-30OCT26,call,2700.0,2026-10-30T08:00:00+00:00,0.14508315867958907,0.0475,0.0485,0.048294,0.048,2500.83,ETH-30OCT26,0.5201,0.38702,3.64833,1346.0,7.0,0.0010000000000000009,ETH,2489.81,900.69
2026-09-07T08:12:03.711653+00:00,ETH-10SEP26-2580-C,2489.77,ETH-10SEP26,call,2580.0,2026-09-10T08:00:00+00:00,0.008190619322984004,0.0046,0.005,0.004955,0.0048,2489.77,ETH-10SEP26,0.473,0.20957,0.64876,26.0,40.0,0.0004000000000000002,ETH,2489.74,557.01
2026-09-07T08:12:03.711653+00:00,ETH-25SEP26-7400-C,2494.48,ETH-25SEP26,call,7400.0,2026-09-25T08:00:00+00:00,0.04925838112996552,,0.0001,2e-06,,2494.48,ETH-25SEP26,1.1765,3e-05,0.00065,1322.0,0.0,,ETH,2489.74,0.0
2026-09-07T08:12:03.711653+00:00,ETH-25SEP26-5200-P,2494.47,ETH-25SEP26,put,5200.0,2026-09-25T08:00:00+00:00,0.04925838112996552,1.077,1.092,1.084617,1.0845,2494.47,ETH-25SEP26,0.9314,-0.99972,0.00578,3.0,0.0,0.015000000000000124,ETH,2489.74,0.0
2026-09-07T08:12:03.711653+00:00,ETH-25SEP26-14000-P,2494.47,ETH-25SEP26,put,14000.0,2026-09-25T08:00:00+00:00,0.04925838112996552,4.5885,4.635,4.612393,4.61175,2494.47,ETH-25SEP26,1.7753,-0.99999,0.00036,0.0,0.0,0.046499999999999986,ETH,2489.74,0.0
2026-09-07T08:12:03.711653+00:00,ETH-8SEP26-2440-C,2489.16,ETH-8SEP26,call,2440.0,2026-09-08T08:00:00+00:00,0.0027149177487198013,0.0185,0.0245,0.021234,0.0215,2489.16,ETH-8SEP26,0.36979999999999996,0.85348,0.29762,17.0,8.0,0.006000000000000002,ETH,2489.72,387.5
2026-09-07T08:12:03.711653+00:00,ETH-18SEP26-2700-P,2492.28,ETH-18SEP26,put,2700.0,2026-09-18T08:00:00+00:00,0.030093425620040814,0.09,0.097,0.093343,0.0935,2492.28,ETH-18SEP26,0.5272,-0.79625,1.2244,7.0,0.0,0.007000000000000006,ETH,2489.72,0.0
2026-09-07T08:12:03.711653+00:00,ETH-25DEC26-2600-P,2514.99,ETH-25DEC26,put,2600.0,2026-12-25T08:00:00+00:00,0.29840280275898673,0.1335,0.135,0.133578,0.13425,2514.99,ETH-25DEC26,0.5246,-0.48887,5.4813,1195.0,0.0,0.0015000000000000013,ETH,2489.74,0.0
2026-09-07T08:12:03.711653+00:00,ETH-25SEP26-6400-P,2494.47,ETH-25SEP26,put,6400.0,2026-09-25T08:00:00+00:00,0.04925838112996552,1.556,1.5745,1.565668,1.56525,2494.47,ETH-25SEP26,1.0674,-0.99994,0.0013,0.0,0.0,0.01849999999999996,ETH,2489.72,0.0
2026-09-07T08:12:03.711653+00:00,ETH-11SEP26-2350-P,2489.96,ETH-11SEP26,put,2350.0,2026-09-11T08:00:00+00:00,0.010928470110116106,0.0025,0.0029,0.00282,0.0027,2489.96,ETH-11SEP26,0.4707,-0.11454,0.50395,3339.0,174.0,0.00039999999999999975,ETH,2489.72,1193.21
2026-09-07T08:12:03.711653+00:00,ETH-25SEP26-6600-P,2494.47,ETH-25SEP26,put,6600.0,2026-09-25T08:00:00+00:00,0.04925838112996552,1.636,1.655,1.645845,1.6455,2494.47,ETH-25SEP26,1.0931,-0.99995,0.00115,0.0,0.0,0.019000000000000128,ETH,2489.72,0.0
2026-09-07T08:12:03.711653+00:00,ETH-25SEP26-2800-C,2494.47,ETH-25SEP26,call,2800.0,2026-09-25T08:00:00+00:00,0.04925838112996552,0.0105,0.0115,0.010968,0.011,2494.47,ETH-25SEP26,0.534,0.18028,1.45476,17077.0,72.0,0.0009999999999999992,ETH,2489.72,2222.43
2026-09-07T08:12:03.711653+00:00,ETH-25DEC26-2900-C,2515.0,ETH-25DEC26,call,2900.0,2026-12-25T08:00:00+00:00,0.29840280275898673,0.0615,0.0625,0.062281,0.062,2515.0,ETH-25DEC26,0.5315,0.36511,5.16671,3740.0,0.0,0.0010000000000000009,ETH,2489.72,0.0
2026-09-07T08:12:03.711653+00:00,ETH-27NOV26-4000-P,2508.36,ETH-27NOV26,put,4000.0,2026-11-27T08:00:00+00:00,0.2217429807192879,0.5945,0.6105,0.602659,0.6025,2508.36,ETH-27NOV26,0.6115999999999999,-0.93001,1.58638,0.0,0.0,0.016000000000000014,ETH,2489.72,0.0
2026-09-07T08:12:03.711653+00:00,ETH-18SEP26-2450-P,2492.28,ETH-18SEP26,put,2450.0,2026-09-18T08:00:00+00:00,0.030093425620040814,0.025,0.026,0.025718,0.0255,2492.28,ETH-18SEP26,0.4885,-0.40311,1.67431,1554.0,67.0,0.0009999999999999974,ETH,2489.75,3958.4
2026-09-07T08:12:03.711653+00:00,ETH-9SEP26-2100-P,2489.52,ETH-9SEP26,put,2100.0,2026-09-09T08:00:00+00:00,0.005452768535851902,,0.0001,9.1e-05,,2489.52,ETH-9SEP26,0.8898,-0.00434,0.02344,502.0,110.0,,ETH,2489.75,80.06
2026-09-07T08:12:03.711653+00:00,ETH-26MAR27-2700-P,2540.72,ETH-26MAR27,put,2700.0,2027-03-26T08:00:00+00:00,0.547547224388008,0.1965,0.199,0.197737,0.19775,2540.72,ETH-26MAR27,0.5439,-0.47991,7.49373,191.0,0.0,0.0025000000000000022,ETH,2489.72,0.0
2026-09-07T08:12:03.711653+00:00,ETH-11SEP26-2520-C,2489.95,ETH-11SEP26,call,2520.0,2026-09-11T08:00:00+00:00,0.010928470110116106,0.013,0.014,0.013486,0.0135,2489.95,ETH-11SEP26,0.4507,0.40942,1.01182,122.0,0.0,0.0010000000000000009,ETH,2489.75,0.0
2026-09-07T08:12:03.711653+00:00,ETH-8SEP26-2750-C,2489.15,ETH-8SEP26,call,2750.0,2026-09-08T08:00:00+00:00,0.0027149177487198013,,0.0001,6.2e-05,,2489.15,ETH-8SEP26,0.7394,0.00515,0.01926,110.0,105.0,,ETH,2489.75,102.94
2026-09-07T08:12:03.711653+00:00,ETH-11SEP26-2480-P,2489.96,ETH-11SEP26,put,2480.0,2026-09-11T08:00:00+00:00,0.010928470110116106,0.0155,0.017,0.016421,0.01625,2489.96,ETH-11SEP26,0.44079999999999997,-0.45533,1.03221,0.0,0.0,0.0015000000000000013,ETH,2489.75,0.0
2026-09-07T08:12:03.711653+00:00,ETH-11SEP26-2500-P,2489.96,ETH-11SEP26,put,2500.0,2026-09-11T08:00:00+00:00,0.010928470110116106,0.02,0.021,0.020766,0.0205,2489.96,ETH-11SEP26,0.44689999999999996,-0.52418,1.03682,1055.0,126.0,0.0010000000000000009,ETH,2489.75,5935.29
2026-09-07T08:12:03.711653+00:00,ETH-11SEP26-2440-C,2489.95,ETH-11SEP26,call,2440.0,2026-09-11T08:00:00+00:00,0.010928470110116106,0.029,0.0325,0.029819,0.03075,2489.95,ETH-11SEP26,0.43700000000000006,0.68042,0.93059,0.0,0.0,0.0034999999999999996,ETH,2489.75,0.0
2026-09-07T08:12:03.711653+00:00,ETH-25SEP26-3500-C,2494.47,ETH-25SEP26,call,3500.0,2026-09-25T08:00:00+00:00,0.04925838112996552,0.0008,0.001,0.000895,0.0009,2494.47,ETH-25SEP26,0.6940999999999999,0.01699,0.23344,20856.0,0.0,0.00019999999999999998,ETH,2489.75,0.0
2026-09-07T08:12:03.711653+00:00,ETH-25SEP26-1800-C,2494.47,ETH-25SEP26,call,1800.0,2026-09-25T08:00:00+00:00,0.04925838112996552,0.277,0.2815,0.279254,0.27925,2494.47,ETH-25SEP26,0.6994,0.98536,0.20536,6238.0,0.0,0.0044999999999999485,ETH,2489.75,0.0
2026-09-07T08:12:03.711653+00:00,ETH-26MAR27-3400-C,2540.72,ETH-26MAR27,call,3400.0,2027-03-26T08:00:00+00:00,0.547547224388008,0.0655,0.067,0.066234,0.06625,2540.72,ETH-26MAR27,0.5557,0.30767,6.61342,1881.0,0.0,0.0015000000000000013,ETH,2489.75,0.0
2026-09-07T08:12:03.711653+00:00,ETH-25JUN27-900-P,2569.3,ETH-25JUN27,put,900.0,2027-06-25T08:00:00+00:00,0.7966916460170291,0.0075,0.0095,0.008496,0.0085,2569.3,ETH-25JUN27,0.7311,-0.0266,1.41207,848.0,0.0,0.002,ETH,2489.75,0.0
2026-09-07T08:12:03.711653+00:00,ETH-25JUN27-1300-C,2569.29,ETH-25JUN27,call,1300.0,2027-06-25T08:00:00+00:00,0.7966916460170291,0.512,0.521,0.516525,0.5165,2569.29,ETH-25JUN27,0.6396000000000001,0.93036,3.06798,108.0,0.0,0.009000000000000008,ETH,2489.75,0.0
2026-09-07T08:12:03.711653+00:00,ETH-25SEP26-1850-P,2494.48,ETH-25SEP26,put,1850.0,2026-09-25T08:00:00+00:00,0.04925838112996552,0.0009,0.0012,0.001052,0.00105,2494.48,ETH-25SEP26,0.6693000000000001,-0.01846,0.25054,5691.0,4.0,0.0002999999999999999,ETH,2489.75,13.07
2026-09-07T08:12:03.711653+00:00,ETH-25DEC26-1500-C,2515.0,ETH-25DEC26,call,1500.0,2026-12-25T08:00:00+00:00,0.29840280275898673,0.4085,0.4145,0.411582,0.4115,2515.0,ETH-25DEC26,0.6358,0.95171,1.37873,749.0,0.0,0.006000000000000005,ETH,2489.75,0.0
2026-09-07T08:12:03.711653+00:00,ETH-8SEP26-2420-P,2489.16,ETH-8SEP26,put,2420.0,2026-09-08T08:00:00+00:00,0.0027149177487198013,0.0006,0.0009,0.000788,0.00075,2489.16,ETH-8SEP26,0.39409999999999995,-0.08256,0.19742,387.0,756.0,0.00030000000000000003,ETH,2489.74,1763.98
2026-09-07T08:12:03.711653+00:00,ETH-30OCT26-3400-C,2500.84,ETH-30OCT26,call,3400.0,2026-10-30T08:00:00+00:00,0.14508315867958907,0.0095,0.01,0.009962,0.00975,2500.84,ETH-30OCT26,0.5851,0.10269,1.7051,3353.0,88.0,0.0005000000000000004,ETH,2489.75,2437.0
2026-09-07T08:12:03.711653+00:00,ETH-27NOV26-2750-P,2508.36,ETH-27NOV26,put,2750.0,2026-11-27T08:00:00+00:00,0.2217429807192879,0.1585,0.16,0.159012,0.15925,2508.36,ETH-27NOV26,0.5288,-0.59658,4.57511,52.0,0.0,0.0015000000000000013,ETH,2489.75,0.0
2026-09-07T08:12:03.711653+00:00,ETH-25SEP26-5000-P,2494.48,ETH-25SEP26,put,5000.0,2026-09-25T08:00:00+00:00,0.04925838112996552,0.997,1.0115,1.004455,1.00425,2494.48,ETH-25SEP26,0.9312999999999999,-0.99944,0.01091,2.0,0.0,0.014500000000000068,ETH,2489.75,0.0
2026-09-07T08:12:03.711653+00:00,ETH-18SEP26-2800-P,2492.28,ETH-18SEP26,put,2800.0,2026-09-18T08:00:00+00:00,0.030093425620040814,0.1255,0.1325,0.129239,0.129,2492.28,ETH-18SEP26,0.5594,-0.87493,0.89071,0.0,0.0,0.007000000000000006,ETH,2489.74,0.0
2026-09-07T08:12:03.711653+00:00,ETH-25DEC26-11000-P,2514.99,ETH-25DEC26,put,11000.0,2026-12-25T08:00:00+00:00,0.29840280275898673,3.3475,3.38,3.373954,3.36375,2514.99,ETH-25DEC26,0.8454999999999999,-0.99848,0.06804,699.0,0.0,0.03249999999999975,ETH,2489.75,0.0
2026-09-07T08:12:03.711653+00:00,ETH-9SEP26-2800-C,2489.52,ETH-9SEP26,call,2800.0,2026-09-09T08:00:00+00:00,0.005452768535851902,0.0001,0.0002,0.000149,0.00015,2489.52,ETH-9SEP26,0.6677,0.00921,0.04561,15.0,15.0,0.0001,ETH,2489.74,14.99
2026-09-07T08:12:03.711653+00:00,ETH-25DEC26-2800-C,2514.99,ETH-25DEC26,call,2800.0,2026-12-25T08:00:00+00:00,0.29840280275898673,0.072,0.0735,0.073366,0.07275,2514.99,ETH-25DEC26,0.5307999999999999,0.41102,5.34627,6830.0,1.0,0.0015000000000000013,ETH,2489.75,194.87
2026-09-07T08:12:03.711653+00:00,ETH-27NOV26-4200-C,2508.36,ETH-27NOV26,call,4200.0,2026-11-27T08:00:00+00:00,0.2217429807192879,0.006,0.0065,0.006263,0.00625,2508.36,ETH-27NOV26,0.6281,0.05546,1.32314,40.0,0.0,0.0004999999999999996,ETH,2489.74,0.0
2026-09-07T08:12:03.711653+00:00,ETH-30OCT26-1800-C,2500.83,ETH-30OCT26,call,1800.0,2026-10-30T08:00:00+00:00,0.14508315867958907,0.2835,0.289,0.28631,0.28625,2500.83,ETH-30OCT26,0.5904,0.94235,1.10017,105.0,1.0,0.005500000000000005,ETH,2489.74,723.8
2026-09-07T08:12:03.711653+00:00,ETH-25JUN27-1800-P,2569.3,ETH-25JUN27,put,1800.0,2027-06-25T08:00:00+00:00,0.7966916460170291,0.061,0.063,0.06219,0.062,2569.3,ETH-25JUN27,0.5803,-0.1721,5.85115,769.0,0.0,0.0020000000000000018,ETH,2489.74,0.0
2026-09-07T08:12:03.711653+00:00,ETH-9SEP26-2200-P,2489.51,ETH-9SEP26,put,2200.0,2026-09-09T08:00:00+00:00,0.005452768535851902,,0.0002,0.000168,,2489.51,ETH-9SEP26,0.7188,-0.00919,0.04553,262.0,252.0,,ETH,2489.77,174.76
2026-09-07T08:12:03.711653+00:00,ETH-25DEC26-3400-P,2515.0,ETH-25DEC26,put,3400.0,2026-12-25T08:00:00+00:00,0.29840280275898673,0.375,0.388,0.380929,0.3815,2515.0,ETH-25DEC26,0.552,-0.80197,3.82507,89.0,0.0,0.013000000000000012,ETH,2489.74,0.0
2026-09-07T08:12:03.711653+00:00,ETH-9SEP26-2460-P,2489.52,ETH-9SEP26,put,2460.0,2026-09-09T08:00:00+00:00,0.005452768535851902,0.0065,0.0075,0.007014,0.007,2489.52,ETH-9SEP26,0.4106,-0.34,0.67366,299.0,22.0,0.001,ETH,2489.77,334.35
2026-09-07T08:12:03.711653+00:00,ETH-25DEC26-1000-P,2515.0,ETH-25DEC26,put,1000.0,2026-12-25T08:00:00+00:00,0.29840280275898673,0.0016,0.0018,0.001825,0.0017,2515.0,ETH-25DEC26,0.8081999999999999,-0.01046,0.38104,18446.0,0.0,0.00019999999999999987,ETH,2489.74,0.0
2026-09-07T08:12:03.711653+00:00,ETH-8SEP26-2620-C,2489.15,ETH-8SEP26,call,2620.0,2026-09-08T08:00:00+00:00,0.0027149177487198013,0.0001,0.0003,0.000192,0.0002,2489.15,ETH-8SEP26,0.4806,0.02144,0.06659,941.0,237.0,0.00019999999999999998,ETH,2489.77,718.76
2026-09-07T08:12:03.711653+00:00,ETH-27NOV26-2200-P,2508.37,ETH-27NOV26,put,2200.0,2026-11-27T08:00:00+00:00,0.2217429807192879,0.0435,0.045,0.044277,0.04425,2508.37,ETH-27NOV26,0.5301,-0.25772,3.8154,18.0,0.0,0.0015000000000000013,ETH,2489.77,0.0
2026-09-07T08:12:03.711653+00:00,ETH-25SEP26-14000-C,2494.47,ETH-25SEP26,call,14000.0,2026-09-25T08:00:00+00:00,0.04925838112996552,,0.0001,1e-06,,2494.47,ETH-25SEP26,1.7753,1e-05,0.00036,2121.0,0.0,,ETH,2489.77,0.0
2026-09-07T08:12:03.711653+00:00,ETH-25JUN27-3700-P,2569.29,ETH-25JUN27,put,3700.0,2027-06-25T08:00:00+00:00,0.7966916460170291,0.512,0.5335,0.521741,0.52275,2569.29,ETH-25JUN27,0.5649000000000001,-0.68113,8.19207,0.0,0.0,0.021499999999999964,ETH,2489.77,0.0
2026-09-07T08:12:03.711653+00:00,ETH-25SEP26-2440-C,2494.47,ETH-25SEP26,call,2440.0,2026-09-25T08:00:00+00:00,0.04925838112996552,0.054,0.056,0.055053,0.055,2494.47,ETH-25SEP26,0.4941,0.60151,2.13768,5076.0,0.0,0.0020000000000000018,ETH,2489.77,0.0
2026-09-07T08:12:03.711653+00:00,ETH-8SEP26-2480-P,2489.15,ETH-8SEP26,put,2480.0,2026-09-08T08:00:00+00:00,0.0027149177487198013,0.005,0.006,0.005818,0.0055,2489.15,ETH-8SEP26,0.36229999999999996,-0.41607,0.50582,259.0,106.0,0.001,ETH,2489.78,1474.45
2026-09-07T08:12:03.711653+00:00,ETH-11SEP26-2420-C,2489.96,ETH-11SEP26,call,2420.0,2026-09-11T08:00:00+00:00,0.010928470110116106,0.0345,0.0365,0.03567,0.0355,2489.96,ETH-11SEP26,0.4449,0.73842,0.8472,0.0,0.0,0.001999999999999995,ETH,2489.78,0.0
2026-09-07T08:12:03.711653+00:00,ETH-25SEP26-1850-C,2494.47,ETH-25SEP26,call,1850.0,2026-09-25T08:00:00+00:00,0.04925838112996552,0.257,0.2615,0.259414,0.25925,2494.47,ETH-25SEP26,0.6693000000000001,0.98154,0.25055,2242.0,0.0,0.004500000000000004,ETH,2489.77,0.0
2026-09-07T08:12:03.711653+00:00,ETH-25SEP26-10000-C,2494.47,ETH-25SEP26,call,10000.0,2026-09-25T08:00:00+00:00,0.04925838112996552,,0.0001,1e-06,,2494.47,ETH-25SEP26,1.4631999999999998,2e-05,0.00047,1965.0,0.0,,ETH,2489.78,0.0
2026-09-07T08:12:03.711653+00:00,ETH-25JUN27-2300-C,2569.3,ETH-25JUN27,call,2300.0,2027-06-25T08:00:00+00:00,0.7966916460170291,0.2415,0.246,0.243567,0.24375,2569.3,ETH-25JUN27,0.5588000000000001,0.68136,8.18969,234.0,0.0,0.004500000000000004,ETH,2489.77,0.0
2026-09-07T08:12:03.711653+00:00,ETH-25JUN27-2700-C,2569.3,ETH-25JUN27,call,2700.0,2027-06-25T08:00:00+00:00,0.7966916460170291,0.175,0.1765,0.175999,0.17575,2569.3,ETH-25JUN27,0.5544,0.55858,9.05376,444.0,0.0,0.0015000000000000013,ETH,2489.78,0.0
2026-09-07T08:12:03.711653+00:00,ETH-9SEP26-2700-P,2489.51,ETH-9SEP26,put,2700.0,2026-09-09T08:00:00+00:00,0.005452768535851902,0.0815,0.0885,0.084969,0.085,2489.51,ETH-9SEP26,0.5632,-0.97307,0.11437,0.0,0.0,0.006999999999999992,ETH,2489.78,0.0
2026-09-07T08:12:03.711653+00:00,ETH-8SEP26-2400-C,2489.15,ETH-8SEP26,call,2400.0,2026-09-08T08:00:00+00:00,0.0027149177487198013,0.033,0.0395,0.036173,0.03625,2489.15,ETH-8SEP26,0.4052,0.95974,0.11234,18.0,0.0,0.006499999999999999,ETH,2489.78,0.0
2026-09-07T08:12:03.711653+00:00,ETH-25SEP26-16000-C,2494.47,ETH-25SEP26,call,16000.0,2026-09-25T08:00:00+00:00,0.04925838112996552,,0.0001,1e-06,,2494.47,ETH-25SEP26,1.8954,1e-05,0.00032,9830.0,0.0,,ETH,2489.78,0.0
2026-09-07T08:12:03.711653+00:00,ETH-25DEC26-3300-P,2514.99,ETH-25DEC26,put,3300.0,2026-12-25T08:00:00+00:00,0.29840280275898673,0.34,0.353,0.345663,0.3465,2514.99,ETH-25DEC26,0.5466,-0.77639,4.10773,10.0,0.0,0.012999999999999956,ETH,2489.78,0.0
2026-09-07T08:12:03.711653+00:00,ETH-25DEC26-3400-C,2515.0,ETH-25DEC26,call,3400.0,2026-12-25T08:00:00+00:00,0.29840280275898673,0.0285,0.0295,0.029035,0.029,2515.0,ETH-25DEC26,0.552,0.19804,3.8253,14534.0,1.0,0.0009999999999999974,ETH,2489.78,74.94
2026-09-07T08:12:03.711653+00:00,ETH-27NOV26-2800-P,2508.36,ETH-27NOV26,put,2800.0,2026-11-27T08:00:00+00:00,0.2217429807192879,0.1695,0.1755,0.173159,0.1725,2508.36,ETH-27NOV26,0.5297,-0.62394,4.48468,34.0,0.0,0.005999999999999978,ETH,2489.78,0.0
2026-09-07T08:12:03.711653+00:00,ETH-25SEP26-6200-P,2494.48,ETH-25SEP26,put,6200.0,2026-09-25T08:00:00+00:00,0.04925838112996552,1.476,1.494,1.485491,1.485,2494.48,ETH-25SEP26,1.0378,-0.99994,0.00141,0.0,0.0,0.018000000000000016,ETH,2489.78,0.0
2026-09-07T08:12:03.711653+00:00,ETH-25DEC26-2000-C,2514.99,ETH-25DEC26,call,2000.0,2026-12-25T08:00:00+00:00,0.29840280275898673,0.2345,0.243,0.2388,0.23875,2514.99,ETH-25DEC26,0.5489,0.81973,3.61005,10828.0,1.0,0.008500000000000008,ETH,2489.78,584.94
2026-09-07T08:12:03.711653+00:00,ETH-25JUN27-5500-P,2569.3,ETH-25JUN27,put,5500.0,2027-06-25T08:00:00+00:00,0.7966916460170291,1.1515,1.1855,1.167261,1.1685,2569.3,ETH-25JUN27,0.5991,-0.87605,4.69502,0.0,0.0,0.03400000000000003,ETH,2489.78,0.0
2026-09-07T08:12:03.711653+00:00,ETH-30OCT26-1850-C,2500.83,ETH-30OCT26,call,1850.0,2026-10-30T08:00:00+00:00,0.14508315867958907,0.265,0.2705,0.267739,0.26775,2500.83,ETH-30OCT26,0.5797,0.92996,1.28003,1008.0,0.0,0.005500000000000005,ETH,2489.78,0.0
2026-09-07T08:12:03.711653+00:00,ETH-27NOV26-2000-P,2508.36,ETH-27NOV26,put,2000.0,2026-11-27T08:00:00+00:00,0.2217429807192879,0.024,0.025,0.024502,0.0245,2508.36,ETH-27NOV26,0.5524,-0.15848,2.8572,498.0,18.0,0.0010000000000000009,ETH,2489.78,1002.39
2026-09-07T08:12:03.711653+00:00,ETH-25JUN27-3800-P,2569.3,ETH-25JUN27,put,3800.0,2027-06-25T08:00:00+00:00,0.7966916460170291,0.545,0.567,0.555065,0.556,2569.3,ETH-25JUN27,0.5667,-0.69863,7.99328,2.0,0.0,0.02199999999999991,ETH,2489.78,0.0
2026-09-07T08:12:03.711653+00:00,ETH-27NOV26-2950-P,2508.36,ETH-27NOV26,put,2950.0,2026-11-27T08:00:00+00:00,0.2217429807192879,0.2145,0.2245,0.21904,0.2195,2508.36,ETH-27NOV26,0.5365,-0.69677,4.12829,0.0,0.0,0.010000000000000009,ETH,2489.78,0.0
2026-09-07T08:12:03.711653+00:00,ETH-25DEC26-800-P,2515.0,ETH-25DEC26,put,800.0,2026-12-25T08:00:00+00:00,0.29840280275898673,0.0008,0.0011,0.000944,0.00095,2515.0,ETH-25DEC26,0.9043000000000001,-0.00515,0.20402,7348.0,0.0,0.00030000000000000003,ETH,2489.78,0.0
2026-09-07T08:12:03.711653+00:00,ETH-9SEP26-2700-C,2489.51,ETH-9SEP26,call,2700.0,2026-09-09T08:00:00+00:00,0.005452768535851902,0.0003,0.0005,0.000418,0.0004,2489.51,ETH-9SEP26,0.5632,0.02693,0.11437,648.0,645.0,0.00020000000000000004,ETH,2489.78,1568.16
2026-09-07T08:12:03.711653+00:00,ETH-18SEP26-3000-P,2492.28,ETH-18SEP26,put,3000.0,2026-09-18T08:00:00+00:00,0.030093425620040814,0.2015,0.21,0.205878,0.20575,2492.28,ETH-18SEP26,0.6274000000000001,-0.9503,0.44392,0.0,0.0,0.00849999999999998,ETH,2489.78,0.0
2026-09-07T08:12:03.711653+00:00,ETH-9SEP26-2420-C,2489.51,ETH-9SEP26,call,2420.0,2026-09-09T08:00:00+00:00,0.005452768535851902,0.03,0.0325,0.030981,0.03125,2489.51,ETH-9SEP26,0.4232,0.82274,0.4778,21.0,21.0,0.0025000000000000022,ETH,2489.78,1620.82
2026-09-07T08:12:03.711653+00:00,ETH-25JUN27-3000-P,2569.3,ETH-25JUN27,put,3000.0,2027-06-25T08:00:00+00:00,0.7966916460170291,0.299,0.313,0.306294,0.306,2569.3,ETH-25JUN27,0.5559000000000001,-0.52549,9.13392,220.0,0.0,0.014000000000000012,ETH,2489.78,0.0
2026-09-07T08:12:03.711653+00:00,ETH-26MAR27-800-P,2540.72,ETH-26MAR27,put,800.0,2027-03-26T08:00:00+00:00,0.547547224388008,0.003,0.0038,0.00339,0.0034,2540.72,ETH-26MAR27,0.8118000000000001,-0.01309,0.63329,2706.0,0.0,0.0007999999999999999,ETH,2489.78,0.0
2026-09-07T08:12:03.711653+00:00,ETH-30OCT26-2300-C,2500.83,ETH-30OCT26,call,2300.0,2026-10-30T08:00:00+00:00,0.14508315867958907,0.1205,0.1225,0.121485,0.1215,2500.83,ETH-30OCT26,0.5121,0.70092,3.30872,1211.0,5.0,0.0020000000000000018,ETH,2489.78,1547.8
2026-09-07T08:12:03.711653+00:00,ETH-25DEC26-2000-P,2514.99,ETH-25DEC26,put,2000.0,2026-12-25T08:00:00+00:00,0.29840280275898673,0.0335,0.0345,0.034032,0.034,2514.99,ETH-25DEC26,0.5489,-0.18027,3.61002,8741.0,1.0,0.0010000000000000009,ETH,2489.78,83.47
2026-09-07T08:12:03.711653+00:00,ETH-9SEP26-2540-C,2489.52,ETH-9SEP26,call,2540.0,2026-09-09T08:00:00+00:00,0.005452768535851902,0.005,0.0055,0.005276,0.00525,2489.52,ETH-9SEP26,0.4359,0.27284,0.61098,41.0,1.0,0.0004999999999999996,ETH,2489.76,14.91
2026-09-07T08:12:03.711653+00:00,ETH-25DEC26-800-C,2515.0,ETH-25DEC26,call,800.0,2026-12-25T08:00:00+00:00,0.29840280275898673,0.681,0.6845,0.682851,0.68275,2515.0,ETH-25DEC26,0.9043000000000001,0.99485,0.20402,171.0,0.0,0.0034999999999999476,ETH,2489.78,0.0
2026-09-07T08:12:03.711653+00:00,ETH-26MAR27-4500-C,2540.7,ETH-26MAR27,call,4500.0,2027-03-26T08:00:00+00:00,0.547547224388008,0.024,0.0255,0.024849,0.02475,2540.7,ETH-26MAR27,0.5857,0.13533,4.09041,2106.0,0.0,0.0014999999999999979,ETH,2489.78,0.0
2026-09-07T08:12:03.711653+00:00,ETH-25DEC26-5500-C,2514.99,ETH-25DEC26,call,5500.0,2026-12-25T08:00:00+00:00,0.29840280275898673,0.0028,0.0033,0.003068,0.00305,2514.99,ETH-25DEC26,0.6685,0.02497,0.80253,2173.0,0.0,0.0005,ETH,2489.78,0.0
2026-09-07T08:12:03.711653+00:00,ETH-30OCT26-2750-P,2500.83,ETH-30OCT26,put,2750.0,2026-10-30T08:00:00+00:00,0.14508315867958907,0.138,0.1445,0.142469,0.14125,2500.83,ETH-30OCT26,0.5236,-0.64657,3.54216,0.0,0.0,0.006499999999999978,ETH,2489.78,0.0
2026-09-07T08:12:03.711653+00:00,ETH-25DEC26-4000-C,2514.99,ETH-25DEC26,call,4000.0,2026-12-25T08:00:00+00:00,0.29840280275898673,0.0125,0.0135,0.012975,0.013,2514.99,ETH-25DEC26,0.5841,0.0979,2.37498,14639.0,0.0,0.0009999999999999992,ETH,2489.78,0.0
2026-09-07T08:12:03.711653+00:00,ETH-9SEP26-2300-P,2489.52,ETH-9SEP26,put,2300.0,2026-09-09T08:00:00+00:00,0.005452768535851902,0.0003,0.0005,0.000433,0.0004,2489.52,ETH-9SEP26,0.5623,-0.02672,0.11359,0.0,0.0,0.00020000000000000004,ETH,2489.76,0.0
2026-09-07T08:12:03.711653+00:00,ETH-25SEP26-1200-C,2494.48,ETH-25SEP26,call,1200.0,2026-09-25T08:00:00+00:00,0.04925838112996552,0.5175,0.5205,0.519012,0.519,2494.48,ETH-25SEP26,1.1127,0.99899,0.01888,138.0,0.0,0.0030000000000000027,ETH,2489.76,0.0
2026-09-07T08:12:03.711653+00:00,ETH-9SEP26-2560-P,2489.52,ETH-9SEP26,put,2560.0,2026-09-09T08:00:00+00:00,0.005452768535851902,0.0295,0.035,0.032086,0.03225,2489.52,ETH-9SEP26,0.45,-0.79397,0.52384,18.0,18.0,0.005500000000000005,ETH,2489.78,1242.25
2026-09-07T08:12:03.711653+00:00,ETH-9SEP26-2500-C,2489.52,ETH-9SEP26,call,2500.0,2026-09-09T08:00:00+00:00,0.005452768535851902,0.0095,0.0105,0.010363,0.01,2489.52,ETH-9SEP26,0.41859999999999997,0.45354,0.72837,446.0,0.0,0.0010000000000000009,ETH,2489.78,0.0
2026-09-07T08:12:03.711653+00:00,ETH-11SEP26-1800-P,2489.95,ETH-11SEP26,put,1800.0,2026-09-11T08:00:00+00:00,0.010928470110116106,,0.0001,1.3e-05,,2489.95,ETH-11SEP26,0.9538,-0.00048,0.00441,4345.0,10.0,,ETH,2489.78,2.51
2026-09-07T08:12:03.711653+00:00,ETH-25SEP26-3000-C,2494.47,ETH-25SEP26,call,3000.0,2026-09-25T08:00:00+00:00,0.04925838112996552,0.0046,0.0049,0.004739,0.00475,2494.47,ETH-25SEP26,0.5781000000000001,0.08493,0.86133,41782.0,253.0,0.0002999999999999999,ETH,2489.76,3066.68
2026-09-07T08:12:03.711653+00:00,ETH-25SEP26-4000-P,2494.47,ETH-25SEP26,put,4000.0,2026-09-25T08:00:00+00:00,0.04925838112996552,0.598,0.6095,0.603721,0.60375,2494.47,ETH-25SEP26,0.7676000000000001,-0.99638,0.06005,138.0,0.0,0.011500000000000066,ETH,2489.76,0.0
2026-09-07T08:12:03.711653+00:00,ETH-10SEP26-2480-P,2489.77,ETH-10SEP26,put,2480.0,2026-09-10T08:00:00+00:00,0.008190619322984004,0.013,0.014,0.013584,0.0135,2489.77,ETH-10SEP26,0.4293,-0.4508,0.8922,1.0,1.0,0.0010000000000000009,ETH,2489.78,30.06
2026-09-07T08:12:03.711653+00:00,ETH-25SEP26-2150-C,2494.47,ETH-25SEP26,call,2150.0,2026-09-25T08:00:00+00:00,0.04925838112996552,0.141,0.1465,0.143731,0.14375,2494.47,ETH-25SEP26,0.537,0.90446,0.94002,167.0,18.0,0.005500000000000005,ETH,2489.78,6432.47
2026-09-07T08:12:03.711653+00:00,ETH-25SEP26-6500-P,2494.48,ETH-25SEP26,put,6500.0,2026-09-25T08:00:00+00:00,0.04925838112996552,1.596,1.615,1.605756,1.6055,2494.48,ETH-25SEP26,1.0823,-0.99994,0.00126,0.0,0.0,0.018999999999999906,ETH,2489.78,0.0
2026-09-07T08:12:03.711653+00:00,ETH-25JUN27-4600-P,2569.3,ETH-25JUN27,put,4600.0,2027-06-25T08:00:00+00:00,0.7966916460170291,0.823,0.8495,0.834835,0.83625,2569.3,ETH-25JUN27,0.5807,-0.80622,6.30122,0.0,0.0,0.02650000000000008,ETH,2489.78,0.0
2026-09-07T08:12:03.711653+00:00,ETH-25SEP26-5800-P,2494.48,ETH-25SEP26,put,5800.0,2026-09-25T08:00:00+00:00,0.04925838112996552,1.317,1.3335,1.32514,1.32525,2494.48,ETH-25SEP26,0.9994,-0.99989,0.00243,0.0,0.0,0.01649999999999996,ETH,2489.78,0.0
2026-09-07T08:12:03.711653+00:00,ETH-10SEP26-2420-P,2489.77,ETH-10SEP26,put,2420.0,2026-09-10T08:00:00+00:00,0.008190619322984004,0.005,0.0055,0.00526,0.00525,2489.77,ETH-10SEP26,0.43200000000000005,-0.22702,0.67928,57.0,57.0,0.0004999999999999996,ETH,2489.69,701.31
2026-09-07T08:12:03.711653+00:00,ETH-25JUN27-1200-C,2569.3,ETH-25JUN27,call,1200.0,2027-06-25T08:00:00+00:00,0.7966916460170291,0.547,0.555,0.550757,0.551,2569.3,ETH-25JUN27,0.6570999999999999,0.94421,2.5811,55.0,0.0,0.008000000000000007,ETH,2489.78,0.0
2026-09-07T08:12:03.711653+00:00,ETH-11SEP26-2440-P,2489.96,ETH-11SEP26,put,2440.0,2026-09-11T08:00:00+00:00,0.010928470110116106,0.009,0.01,0.009758,0.0095,2489.96,ETH-11SEP26,0.43700000000000006,-0.31968,0.93062,0.0,0.0,0.0010000000000000009,ETH,2489.69,0.0
2026-09-07T08:12:03.711653+00:00,ETH-25SEP26-2440-P,2494.48,ETH-25SEP26,put,2440.0,2026-09-25T08:00:00+00:00,0.04925838112996552,0.0325,0.0335,0.033213,0.033,2494.48,ETH-25SEP26,0.4941,-0.39859,2.13772,68.0,10.0,0.0010000000000000009,ETH,2489.69,765.6
2026-09-07T08:12:03.711653+00:00,ETH-30OCT26-1200-C,2500.84,ETH-30OCT26,call,1200.0,2026-10-30T08:00:00+00:00,0.14508315867958907,0.519,0.523,0.520903,0.521,2500.84,ETH-30OCT26,0.8298000000000001,0.99344,0.17525,0.0,0.0,0.0040000000000000036,ETH,2489.78,0.0
2026-09-07T08:12:03.711653+00:00,ETH-30OCT26-1700-C,2500.83,ETH-30OCT26,call,1700.0,2026-10-30T08:00:00+00:00,0.14508315867958907,0.322,0.327,0.324462,0.3245,2500.83,ETH-30OCT26,0.6225,0.95962,0.82754,74.0,0.0,0.0050000000000000044,ETH,2489.69,0.0
2026-09-07T08:12:03.711653+00:00,ETH-25DEC26-1300-P,2514.99,ETH-25DEC26,put,1300.0,2026-12-25T08:00:00+00:00,0.29840280275898673,0.0042,0.0047,0.004452,0.00445,2514.99,ETH-25DEC26,0.6938,-0.02676,0.85049,2064.0,0.0,0.0005000000000000004,ETH,2489.69,0.0
2026-09-07T08:12:03.711653+00:00,ETH-25SEP26-2600-C,2494.47,ETH-25SEP26,call,2600.0,2026-09-25T08:00:00+00:00,0.04925838112996552,0.027,0.028,0.027428,0.0275,2494.47,ETH-25SEP26,0.5032,0.3767,2.1031,21223.0,64.0,0.0010000000000000009,ETH,2489.69,4398.92
2026-09-07T08:12:03.711653+00:00,ETH-26MAR27-1200-P,2540.72,ETH-26MAR27,put,1200.0,2027-03-26T08:00:00+00:00,0.547547224388008,0.0095,0.011,0.010258,0.01025,2540.72,ETH-26MAR27,0.682,-0.04106,1.65552,1661.0,0.0,0.0014999999999999996,ETH,2489.69,0.0
2026-09-07T08:12:03.711653+00:00,ETH-10SEP26-2680-C,2489.78,ETH-10SEP26,call,2680.0,2026-09-10T08:00:00+00:00,0.008190619322984004,0.0012,0.0015,0.001358,0.00135,2489.78,ETH-10SEP26,0.531,0.06597,0.28904,207.0,207.0,0.00030000000000000014,ETH,2489.57,1102.3
2026-09-07T08:12:03.711653+00:00,ETH-25SEP26-7000-P,2494.47,ETH-25SEP26,put,7000.0,2026-09-25T08:00:00+00:00,0.04925838112996552,1.7955,1.816,1.806198,1.80575,2494.47,ETH-25SEP26,1.1240999999999999,-0.99997,0.00071,0.0,0.0,0.020499999999999963,ETH,2489.69,0.0
2026-09-07T08:12:03.711653+00:00,ETH-25SEP26-1900-C,2494.47,ETH-25SEP26,call,1900.0,2026-09-25T08:00:00+00:00,0.04925838112996552,0.2375,0.242,0.239655,0.23975,2494.47,ETH-25SEP26,0.642,0.97626,0.30993,10557.0,0.0,0.004500000000000004,ETH,2489.69,0.0
2026-09-07T08:12:03.711653+00:00,ETH-25DEC26-2300-C,2515.0,ETH-25DEC26,call,2300.0,2026-12-25T08:00:00+00:00,0.29840280275898673,0.1565,0.159,0.157652,0.15775,2515.0,ETH-25DEC26,0.5276,0.67521,4.94547,7409.0,0.0,0.0025000000000000022,ETH,2489.69,0.0
2026-09-07T08:12:03.711653+00:00,ETH-30OCT26-3000-P,2500.84,ETH-30OCT26,put,3000.0,2026-10-30T08:00:00+00:00,0.14508315867958907,0.218,0.228,0.223161,0.223,2500.84,ETH-30OCT26,0.5431,-0.7811,2.81333,72.0,0.0,0.010000000000000009,ETH,2489.69,0.0
2026-09-07T08:12:03.711653+00:00,ETH-8SEP26-2800-C,2489.15,ETH-8SEP26,call,2800.0,2026-09-08T08:00:00+00:00,0.0027149177487198013,,0.0001,3.1e-05,,2489.15,ETH-8SEP26,0.8009999999999999,0.00257,0.01032,2109.0,2157.0,,ETH,2489.57,544.06
2026-09-07T08:12:03.711653+00:00,ETH-30OCT26-2650-C,2500.83,ETH-30OCT26,call,2650.0,2026-10-30T08:00:00+00:00,0.14508315867958907,0.0535,0.055,0.054458,0.05425,2500.83,ETH-30OCT26,0.5172,0.42251,3.72952,868.0,0.0,0.0015000000000000013,ETH,2489.57,0.0
2026-09-07T08:12:03.711653+00:00,ETH-11SEP26-2200-C,2489.96,ETH-11SEP26,call,2200.0,2026-09-11T08:00:00+00:00,0.010928470110116106,0.1145,0.1195,0.117114,0.117,2489.96,ETH-11SEP26,0.6215999999999999,0.97374,0.15853,201.0,160.0,0.0049999999999999906,ETH,2489.57,44651.39
2026-09-07T08:12:03.711653+00:00,ETH-30OCT26-4200-C,2500.84,ETH-30OCT26,call,4200.0,2026-10-30T08:00:00+00:00,0.14508315867958907,0.0025,0.0027,0.002662,0.0026,2500.84,ETH-30OCT26,0.6737000000000001,0.02925,0.63485,478.0,0.0,0.0002000000000000001,ETH,2489.57,0.0
2026-09-07T08:12:03.711653+00:00,ETH-18SEP26-2900-C,2492.28,ETH-18SEP26,call,2900.0,2026-09-18T08:00:00+00:00,0.030093425620040814,0.0033,0.0035,0.003437,0.0034,2492.28,ETH-18SEP26,0.5921,0.07732,0.62655,580.0,1.0,0.0002000000000000001,ETH,2489.52,10.23
2026-09-07T08:12:03.711653+00:00,ETH-8SEP26-2560-P,2489.15,ETH-8SEP26,put,2560.0,2026-09-08T08:00:00+00:00,0.0027149177487198013,0.027,0.0325,0.029538,0.02975,2489.15,ETH-8SEP26,0.4233,-0.89533,0.23515,5.0,0.0,0.005500000000000001,ETH,2489.52,0.0
2026-09-07T08:12:03.711653+00:00,ETH-26MAR27-3700-C,2540.72,ETH-26MAR27,call,3700.0,2027-03-26T08:00:00+00:00,0.547547224388008,0.0485,0.0505,0.049604,0.0495,2540.72,ETH-26MAR27,0.5628,0.2438,5.89643,1531.0,0.0,0.0020000000000000018,ETH,2489.57,0.0
2026-09-07T08:12:03.711653+00:00,ETH-26MAR27-5000-C,2540.72,ETH-26MAR27,call,5000.0,2027-03-26T08:00:00+00:00,0.547547224388008,0.0165,0.0175,0.01716,0.017,2540.72,ETH-26MAR27,0.6015,0.09718,3.23213,2449.0,0.0,0.0010000000000000009,ETH,2489.57,0.0
2026-09-07T08:12:03.711653+00:00,ETH-9SEP26-2520-C,2489.52,ETH-9SEP26,call,2520.0,2026-09-09T08:00:00+00:00,0.005452768535851902,0.007,0.0075,0.007389,0.00725,2489.52,ETH-9SEP26,0.4243,0.35473,0.6841,137.0,81.0,0.0004999999999999996,ETH,2489.52,1514.6
2026-09-07T08:12:03.711653+00:00,ETH-10SEP26-2440-C,2489.77,ETH-10SEP26,call,2440.0,2026-09-10T08:00:00+00:00,0.008190619322984004,0.026,0.028,0.02722,0.027,2489.77,ETH-10SEP26,0.42450000000000004,0.70748,0.77447,0.0,0.0,0.0020000000000000018,ETH,2489.52,0.0
2026-09-07T08:12:03.711653+00:00,ETH-26MAR27-1200-C,2540.72,ETH-26MAR27,call,1200.0,2027-03-26T08:00:00+00:00,0.547547224388008,0.5345,0.5415,0.537948,0.538,2540.72,ETH-26MAR27,0.682,0.95893,1.6558,68.0,0.0,0.007000000000000006,ETH,2489.52,0.0
2026-09-07T08:12:03.711653+00:00,ETH-25SEP26-2700-P,2494.47,ETH-25SEP26,put,2700.0,2026-09-25T08:00:00+00:00,0.04925838112996552,0.0965,0.1015,0.0998,0.099,2494.47,ETH-25SEP26,0.5179,-0.73589,1.81087,557.0,0.0,0.0050000000000000044,ETH,2489.52,0.0
2026-09-07T08:12:03.711653+00:00,ETH-11SEP26-2450-P,2489.96,ETH-11SEP26,put,2450.0,2026-09-11T08:00:00+00:00,0.010928470110116106,0.0105,0.0115,0.011254,0.011,2489.96,ETH-11SEP26,0.4389,-0.35351,0.96771,2237.0,171.0,0.0009999999999999992,ETH,2489.52,4461.75
2026-09-07T08:12:03.711653+00:00,ETH-26MAR27-2500-C,2540.72,ETH-26MAR27,call,2500.0,2027-03-26T08:00:00+00:00,0.547547224388008,0.166,0.167,0.166355,0.1665,2540.72,ETH-26MAR27,0.5438000000000001,0.59535,7.28727,9835.0,0.0,0.0010000000000000009,ETH,2489.52,0.0
2026-09-07T08:12:03.711653+00:00,ETH-25SEP26-2300-C,2494.47,ETH-25SEP26,call,2300.0,2026-09-25T08:00:00+00:00,0.04925838112996552,0.0915,0.094,0.092625,0.09275,2494.47,ETH-25SEP26,0.5036,0.78302,1.62678,14119.0,0.0,0.0025000000000000022,ETH,2489.52,0.0
2026-09-07T08:12:03.711653+00:00,ETH-8SEP26-2250-P,2489.15,ETH-8SEP26,put,2250.0,2026-09-08T08:00:00+00:00,0.0027149177487198013,,0.0001,5e-05,,2489.15,ETH-8SEP26,0.7390000000000001,-0.00407,0.01561,235.0,170.0,,ETH,2489.52,51.8
2026-09-07T08:12:03.711653+00:00,ETH-25SEP26-1400-P,2494.47,ETH-25SEP26,put,1400.0,2026-09-25T08:00:00+00:00,0.04925838112996552,0.0002,0.0003,0.000186,0.00025,2494.47,ETH-25SEP26,0.9728,-0.0027,0.04602,11566.0,30.0,9.999999999999996e-05,ETH,2489.52,22.34
2026-09-07T08:12:03.711653+00:00,ETH-26MAR27-1500-P,2540.72,ETH-26MAR27,put,1500.0,2027-03-26T08:00:00+00:00,0.547547224388008,0.0205,0.0225,0.021618,0.0215,2540.72,ETH-26MAR27,0.6202000000000001,-0.08419,2.90539,4076.0,0.0,0.0019999999999999983,ETH,2489.52,0.0
2026-09-07T08:12:03.711653+00:00,ETH-27NOV26-2850-C,2508.36,ETH-27NOV26,call,2850.0,2026-11-27T08:00:00+00:00,0.2217429807192879,0.051,0.052,0.051723,0.0515,2508.36,ETH-27NOV26,0.5313,0.35001,4.37639,11.0,0.0,0.0010000000000000009,ETH,2489.52,0.0
2026-09-07T08:12:03.711653+00:00,ETH-9SEP26-2250-P,2489.51,ETH-9SEP26,put,2250.0,2026-09-09T08:00:00+00:00,0.005452768535851902,0.0001,0.0004,0.000224,0.00025,2489.51,ETH-9SEP26,0.6267,-0.01351,0.06362,251.0,3.0,0.00030000000000000003,ETH,2489.52,3.98
2026-09-07T08:12:03.711653+00:00,ETH-25SEP26-2550-P,2494.47,ETH-25SEP26,put,2550.0,2026-09-25T08:00:00+00:00,0.04925838112996552,0.056,0.0575,0.056765,0.05675,2494.47,ETH-25SEP26,0.5001,-0.55664,2.18707,45.0,0.0,0.0015000000000000013,ETH,2489.52,0.0
2026-09-07T08:12:03.711653+00:00,ETH-25JUN27-2700-P,2569.3,ETH-25JUN27,put,2700.0,2027-06-25T08:00:00+00:00,0.7966916460170291,0.2265,0.229,0.226873,0.22775,2569.3,ETH-25JUN27,0.5544,-0.44151,9.05309,7.0,0.0,0.0025000000000000022,ETH,2489.52,0.0
2026-09-07T08:12:03.711653+00:00,ETH-25JUN27-2900-C,2569.3,ETH-25JUN27,call,2900.0,2027-06-25T08:00:00+00:00,0.7966916460170291,0.149,0.151,0.150183,0.15,2569.3,ETH-25JUN27,0.5556,0.50153,9.15157,283.0,0.0,0.0020000000000000018,ETH,2489.52,0.0
2026-09-07T08:12:03.711653+00:00,ETH-25JUN27-1700-P,2569.3,ETH-25JUN27,put,1700.0,2027-06-25T08:00:00+00:00,0.7966916460170291,0.0505,0.0525,0.051585,0.0515,2569.3,ETH-25JUN27,0.5884,-0.14715,5.28034,3041.0,0.0,0.001999999999999995,ETH,2489.52,0.0
2026-09-07T08:12:03.711653+00:00,ETH-30OCT26-1200-P,2500.83,ETH-30OCT26,put,1200.0,2026-10-30T08:00:00+00:00,0.14508315867958907,0.0006,0.0009,0.000743,0.00075,2500.83,ETH-30OCT26,0.8298000000000001,-0.00656,0.17536,2674.0,0.0,0.00030000000000000003,ETH,2489.52,0.0
2026-09-07T08:12:03.711653+00:00,ETH-10SEP26-2640-P,2489.77,ETH-10SEP26,put,2640.0,2026-09-10T08:00:00+00:00,0.008190619322984004,0.0595,0.066,0.062594,0.06275,2489.77,ETH-10SEP26,0.5069,-0.89504,0.40961,0.0,0.0,0.006500000000000006,ETH,2489.51,0.0
2026-09-07T08:12:03.711653+00:00,ETH-18SEP26-2400-P,2492.28,ETH-18SEP26,put,2400.0,2026-09-18T08:00:00+00:00,0.030093425620040814,0.0175,0.0185,0.017943,0.018,2492.28,ETH-18SEP26,0.4892,-0.31313,1.53234,1159.0,7.0,0.0009999999999999974,ETH,2489.51,297.07
2026-09-07T08:12:03.711653+00:00,ETH-26MAR27-1500-C,2540.72,ETH-26MAR27,call,1500.0,2027-03-26T08:00:00+00:00,0.547547224388008,0.427,0.4355,0.431229,0.43125,2540.72,ETH-26MAR27,0.6202000000000001,0.91581,2.90539,242.0,0.0,0.008500000000000008,ETH,2489.52,0.0
2026-09-07T08:12:03.711653+00:00,ETH-10SEP26-2340-P,2489.77,ETH-10SEP26,put,2340.0,2026-09-10T08:00:00+00:00,0.008190619322984004,0.0013,0.0016,0.001462,0.00145,2489.77,ETH-10SEP26,0.48090000000000005,-0.07384,0.31519,156.0,268.0,0.00030000000000000014,ETH,2489.51,1179.04
2026-09-07T08:12:03.711653+00:00,ETH-30OCT26-2450-P,2500.83,ETH-30OCT26,put,2450.0,2026-10-30T08:00:00+00:00,0.14508315867958907,0.066,0.0675,0.066867,0.06675,2500.83,ETH-30OCT26,0.5099,-0.41973,3.724,340.0,50.0,0.0015000000000000013,ETH,2489.51,7903.73
2026-09-07T08:12:03.711653+00:00,ETH-11SEP26-2400-C,2489.96,ETH-11SEP26,call,2400.0,2026-09-11T08:00:00+00:00,0.010928470110116106,0.0405,0.043,0.041833,0.04175,2489.96,ETH-11SEP26,0.44920000000000004,0.79033,0.74955,1300.0,0.0,0.0024999999999999953,ETH,2489.52,0.0
2026-09-07T08:12:03.711653+00:00,ETH-25SEP26-3800-C,2494.48,ETH-25SEP26,call,3800.0,2026-09-25T08:00:00+00:00,0.04925838112996552,0.0003,0.0005,0.000387,0.0004,2494.48,ETH-25SEP26,0.7524,0.00742,0.11362,5277.0,1020.0,0.00020000000000000004,ETH,2489.51,1669.3
2026-09-07T08:12:03.711653+00:00,ETH-27NOV26-2600-P,2508.36,ETH-27NOV26,put,2600.0,2026-11-27T08:00:00+00:00,0.2217429807192879,0.1185,0.12,0.119056,0.11925,2508.36,ETH-27NOV26,0.5226,-0.50913,4.71225,131.0,0.0,0.0015000000000000013,ETH,2489.51,0.0
2026-09-07T08:12:03.711653+00:00,ETH-27NOV26-3000-P,2508.36,ETH-27NOV26,put,3000.0,2026-11-27T08:00:00+00:00,0.2217429807192879,0.23,0.241,0.235189,0.2355,2508.36,ETH-27NOV26,0.5392,-0.7184,3.98813,10.0,0.0,0.010999999999999982,ETH,2489.52,0.0
2026-09-07T08:12:03.711653+00:00,ETH-10SEP26-2200-P,2489.77,ETH-10SEP26,put,2200.0,2026-09-10T08:00:00+00:00,0.008190619322984004,0.0003,0.0005,0.000416,0.0004,2489.77,ETH-10SEP26,0.6657,-0.01853,0.10225,201.0,201.0,0.00020000000000000004,ETH,2489.52,151.14
2026-09-07T08:12:03.711653+00:00,ETH-10SEP26-2480-C,2489.77,ETH-10SEP26,call,2480.0,2026-09-10T08:00:00+00:00,0.008190619322984004,0.017,0.018,0.017513,0.0175,2489.77,ETH-10SEP26,0.4293,0.54809,0.8924,0.0,0.0,0.0009999999999999974,ETH,2489.52,0.0
2026-09-07T08:12:03.711653+00:00,ETH-9SEP26-2520-P,2489.52,ETH-9SEP26,put,2520.0,2026-09-09T08:00:00+00:00,0.005452768535851902,0.018,0.0205,0.019636,0.01925,2489.52,ETH-9SEP26,0.4243,-0.64527,0.6841,32.0,32.0,0.0025000000000000022,ETH,2489.52,1139.59
2026-09-07T08:12:03.711653+00:00,ETH-9SEP26-2500-P,2489.51,ETH-9SEP26,put,2500.0,2026-09-09T08:00:00+00:00,0.005452768535851902,0.014,0.015,0.014577,0.0145,2489.51,ETH-9SEP26,0.41859999999999997,-0.5479,0.72798,220.0,0.0,0.0009999999999999992,ETH,2489.52,0.0
2026-09-07T08:12:03.711653+00:00,ETH-25SEP26-3300-C,2494.48,ETH-25SEP26,call,3300.0,2026-09-25T08:00:00+00:00,0.04925838112996552,0.0015,0.0017,0.001607,0.0016,2494.48,ETH-25SEP26,0.647,0.03031,0.38,20567.0,0.0,0.00019999999999999987,ETH,2489.52,0.0
2026-09-07T08:12:03.711653+00:00,ETH-30OCT26-1950-P,2500.83,ETH-30OCT26,put,1950.0,2026-10-30T08:00:00+00:00,0.14508315867958907,0.0105,0.0115,0.011008,0.011,2500.83,ETH-30OCT26,0.5559000000000001,-0.10021,1.6747,899.0,1.0,0.0009999999999999992,ETH,2489.52,27.49
2026-09-07T08:12:03.711653+00:00,ETH-18SEP26-2600-C,2492.28,ETH-18SEP26,call,2600.0,2026-09-18T08:00:00+00:00,0.030093425620040814,0.0175,0.0185,0.018076,0.018,2492.28,ETH-18SEP26,0.5035000000000001,0.32972,1.56561,1100.0,175.0,0.0009999999999999974,ETH,2489.51,7927.06
2026-09-07T08:12:03.711653+00:00,ETH-9SEP26-2660-C,2489.51,ETH-9SEP26,call,2660.0,2026-09-09T08:00:00+00:00,0.005452768535851902,0.0007,0.001,0.000808,0.00085,2489.51,ETH-9SEP26,0.5374,0.04949,0.18802,126.0,19.0,0.00030000000000000003,ETH,2489.51,76.83
2026-09-07T08:12:03.711653+00:00,ETH-26MAR27-3300-C,2540.72,ETH-26MAR27,call,3300.0,2027-03-26T08:00:00+00:00,0.547547224388008,0.072,0.074,0.073084,0.073,2540.72,ETH-26MAR27,0.5533,0.33225,6.82908,2246.0,0.0,0.0020000000000000018,ETH,2489.52,0.0
2026-09-07T08:12:03.711653+00:00,ETH-18SEP26-2500-C,2492.28,ETH-18SEP26,call,2500.0,2026-09-18T08:00:00+00:00,0.030093425620040814,0.032,0.033,0.032417,0.0325,2492.28,ETH-18SEP26,0.48969999999999997,0.50247,1.72523,1542.0,285.0,0.0010000000000000009,ETH,2489.51,24800.51
2026-09-07T08:12:03.711653+00:00,ETH-25JUN27-4200-P,2569.3,ETH-25JUN27,put,4200.0,2027-06-25T08:00:00+00:00,0.7966916460170291,0.6815,0.7055,0.692324,0.6935,2569.3,ETH-25JUN27,0.5734,-0.75935,7.14175,3.0,0.0,0.02400000000000002,ETH,2489.52,0.0
2026-09-07T08:12:03.711653+00:00,ETH-25SEP26-2200-P,2494.47,ETH-25SEP26,put,2200.0,2026-09-25T08:00:00+00:00,0.04925838112996552,0.0075,0.008,0.007762,0.00775,2494.47,ETH-25SEP26,0.5234000000000001,-0.12727,1.15441,9922.0,49.0,0.0005000000000000004,ETH,2489.51,941.66
2026-09-07T08:12:03.711653+00:00,ETH-25DEC26-1300-C,2515.0,ETH-25DEC26,call,1300.0,2026-12-25T08:00:00+00:00,0.29840280275898673,0.4845,0.49,0.487552,0.48725,2515.0,ETH-25DEC26,0.6938,0.97322,0.85087,50.0,0.0,0.005500000000000005,ETH,2489.51,0.0
2026-09-07T08:12:03.711653+00:00,ETH-27NOV26-2550-C,2508.36,ETH-27NOV26,call,2550.0,2026-11-27T08:00:00+00:00,0.2217429807192879,0.0895,0.091,0.090365,0.09025,2508.36,ETH-27NOV26,0.5207999999999999,0.52207,4.70625,124.0,0.0,0.0015000000000000013,ETH,2489.51,0.0
2026-09-07T08:12:03.711653+00:00,ETH-8SEP26-2460-P,2489.15,ETH-8SEP26,put,2460.0,2026-09-08T08:00:00+00:00,0.0027149177487198013,0.0027,0.0032,0.003014,0.00295,2489.15,ETH-8SEP26,0.3607,-0.26094,0.42119,681.0,178.0,0.0005,ETH,2489.51,1386.12
2026-09-07T08:12:03.711653+00:00,ETH-25SEP26-3200-P,2494.47,ETH-25SEP26,put,3200.0,2026-09-25T08:00:00+00:00,0.04925838112996552,0.2805,0.2895,0.285081,0.285,2494.47,ETH-25SEP26,0.624,-0.95805,0.49604,1323.0,0.0,0.008999999999999952,ETH,2489.51,0.0
2026-09-07T08:12:03.711653+00:00,ETH-26MAR27-3000-C,2540.72,ETH-26MAR27,call,3000.0,2027-03-26T08:00:00+00:00,0.547547224388008,0.0975,0.0995,0.098853,0.0985,2540.72,ETH-26MAR27,0.5471,0.41759,7.34192,6743.0,0.0,0.0020000000000000018,ETH,2489.51,0.0
2026-09-07T08:12:03.711653+00:00,ETH-25SEP26-1200-P,2494.47,ETH-25SEP26,put,1200.0,2026-09-25T08:00:00+00:00,0.04925838112996552,0.0001,0.0002,7.4e-05,0.00015,2494.47,ETH-25SEP26,1.1127,-0.00102,0.01891,12309.0,0.0,0.0001,ETH,2489.51,0.0
2026-09-07T08:12:03.711653+00:00,ETH-18SEP26-2200-C,2492.29,ETH-18SEP26,call,2200.0,2026-09-18T08:00:00+00:00,0.030093425620040814,0.1185,0.1235,0.120869,0.121,2492.29,ETH-18SEP26,0.5342,0.91803,0.6548,0.0,0.0,0.0050000000000000044,ETH,2489.4,0.0
2026-09-07T08:12:03.711653+00:00,ETH-30OCT26-1700-P,2500.83,ETH-30OCT26,put,1700.0,2026-10-30T08:00:00+00:00,0.14508315867958907,0.004,0.0045,0.004236,0.00425,2500.83,ETH-30OCT26,0.6225,-0.04042,0.82805,1484.0,0.0,0.0004999999999999996,ETH,2489.51,0.0
2026-09-07T08:12:03.711653+00:00,ETH-25DEC26-1900-P,2515.0,ETH-25DEC26,put,1900.0,2026-12-25T08:00:00+00:00,0.29840280275898673,0.025,0.0265,0.025769,0.02575,2515.0,ETH-25DEC26,0.5603,-0.1425,3.09589,5476.0,300.0,0.0014999999999999979,ETH,2489.51,19407.8
2026-09-07T08:12:03.711653+00:00,ETH-25SEP26-7200-C,2494.48,ETH-25SEP26,call,7200.0,2026-09-25T08:00:00+00:00,0.04925838112996552,,0.0001,2e-06,,2494.48,ETH-25SEP26,1.1496,3e-05,0.00067,1772.0,0.0,,ETH,2489.4,0.0
2026-09-07T08:12:03.711653+00:00,ETH-8SEP26-2500-P,2489.15,ETH-8SEP26,put,2500.0,2026-09-08T08:00:00+00:00,0.0027149177487198013,0.009,0.0105,0.010029,0.00975,2489.15,ETH-8SEP26,0.3676,-0.58658,0.50484,714.0,639.0,0.0015000000000000013,ETH,2489.4,13416.05
2026-09-07T08:12:03.711653+00:00,ETH-11SEP26-2800-C,2489.96,ETH-11SEP26,call,2800.0,2026-09-11T08:00:00+00:00,0.010928470110116106,0.0007,0.001,0.000884,0.00085,2489.96,ETH-11SEP26,0.6114999999999999,0.03542,0.20309,6162.0,173.0,0.00030000000000000003,ETH,2489.25,547.26
2026-09-07T08:12:03.711653+00:00,ETH-25JUN27-3200-C,2569.3,ETH-25JUN27,call,3200.0,2027-06-25T08:00:00+00:00,0.7966916460170291,0.1175,0.1195,0.118638,0.1185,2569.3,ETH-25JUN27,0.5578,0.4239,8.9841,1379.0,0.0,0.0020000000000000018,ETH,2489.4,0.0
2026-09-07T08:12:03.711653+00:00,ETH-27NOV26-3800-P,2508.36,ETH-27NOV26,put,3800.0,2026-11-27T08:00:00+00:00,0.2217429807192879,0.518,0.533,0.525427,0.5255,2508.36,ETH-27NOV26,0.5956,-0.90996,1.91927,0.0,0.0,0.015000000000000013,ETH,2489.4,0.0
2026-09-07T08:12:03.711653+00:00,ETH-11SEP26-2500-C,2489.95,ETH-11SEP26,call,2500.0,2026-09-11T08:00:00+00:00,0.010928470110116106,0.016,0.017,0.01673,0.0165,2489.95,ETH-11SEP26,0.44689999999999996,0.47451,1.03636,5032.0,10.0,0.0010000000000000009,ETH,2489.25,508.23
2026-09-07T08:12:03.711653+00:00,ETH-25SEP26-6600-C,2494.47,ETH-25SEP26,call,6600.0,2026-09-25T08:00:00+00:00,0.04925838112996552,,0.0001,3e-06,,2494.47,ETH-25SEP26,1.0931,5e-05,0.00115,1986.0,0.0,,ETH,2489.25,0.0
2026-09-07T08:12:03.711653+00:00,ETH-30OCT26-1600-C,2500.84,ETH-30OCT26,call,1600.0,2026-10-30T08:00:00+00:00,0.14508315867958907,0.3605,0.3655,0.363143,0.363,2500.84,ETH-30OCT26,0.6559,0.97203,0.61158,68.0,0.0,0.0050000000000000044,ETH,2489.4,0.0
2026-09-07T08:12:03.711653+00:00,ETH-25SEP26-2350-P,2494.47,ETH-25SEP26,put,2350.0,2026-09-25T08:00:00+00:00,0.04925838112996552,0.0195,0.02,0.019944,0.01975,2494.47,ETH-25SEP26,0.4982,-0.27607,1.85129,59.0,14.0,0.0005000000000000004,ETH,2489.25,646.53
2026-09-07T08:12:03.711653+00:00,ETH-8SEP26-2600-P,2489.15,ETH-8SEP26,put,2600.0,2026-09-08T08:00:00+00:00,0.0027149177487198013,0.041,0.0485,0.044911,0.04475,2489.15,ETH-8SEP26,0.4714,-0.95987,0.11198,2.0,0.0,0.0075,ETH,2489.4,0.0
2026-09-07T08:12:03.711653+00:00,ETH-8SEP26-2280-C,2489.15,ETH-8SEP26,call,2280.0,2026-09-08T08:00:00+00:00,0.0027149177487198013,0.081,0.087,0.084094,0.084,2489.15,ETH-8SEP26,0.6718000000000001,0.99423,0.02129,0.0,0.0,0.0059999999999999915,ETH,2489.25,0.0
2026-09-07T08:12:03.711653+00:00,ETH-26MAR27-3100-C,2540.72,ETH-26MAR27,call,3100.0,2027-03-26T08:00:00+00:00,0.547547224388008,0.088,0.09,0.089313,0.089,2540.72,ETH-26MAR27,0.5489999999999999,0.38715,7.1996,2006.0,0.0,0.0020000000000000018,ETH,2489.25,0.0
2026-09-07T08:12:03.711653+00:00,ETH-11SEP26-2300-C,2489.96,ETH-11SEP26,call,2300.0,2026-09-11T08:00:00+00:00,0.010928470110116106,0.0755,0.0805,0.077851,0.078,2489.96,ETH-11SEP26,0.5115999999999999,0.93443,0.33228,112.0,0.0,0.0050000000000000044,ETH,2489.28,0.0
2026-09-07T08:12:03.711653+00:00,ETH-9SEP26-2620-C,2489.52,ETH-9SEP26,call,2620.0,2026-09-09T08:00:00+00:00,0.005452768535851902,0.0013,0.0017,0.001465,0.0015,2489.52,ETH-9SEP26,0.5022,0.08679,0.29047,216.0,159.0,0.00039999999999999996,ETH,2489.28,1059.7
2026-09-07T08:12:03.711653+00:00,ETH-11SEP26-3000-C,2489.96,ETH-11SEP26,call,3000.0,2026-09-11T08:00:00+00:00,0.010928470110116106,0.0001,0.0003,0.000182,0.0002,2489.96,ETH-11SEP26,0.7217,0.00748,0.05378,5204.0,50.0,0.00019999999999999998,ETH,2489.28,76.05
2026-09-07T08:12:03.711653+00:00,ETH-25SEP26-2400-P,2494.48,ETH-25SEP26,put,2400.0,2026-09-25T08:00:00+00:00,0.04925838112996552,0.026,0.027,0.026674,0.0265,2494.48,ETH-25SEP26,0.495,-0.3425,2.03464,7613.0,37.0,0.0010000000000000009,ETH,2489.28,2506.33
2026-09-07T08:12:03.711653+00:00,ETH-25SEP26-2900-P,2494.47,ETH-25SEP26,put,2900.0,2026-09-25T08:00:00+00:00,0.04925838112996552,0.166,0.1735,0.169604,0.16975,2494.47,ETH-25SEP26,0.5534,-0.87808,1.12015,799.0,0.0,0.007499999999999979,ETH,2489.28,0.0
2026-09-07T08:12:03.711653+00:00,ETH-25JUN27-6000-P,2569.3,ETH-25JUN27,put,6000.0,2027-06-25T08:00:00+00:00,0.7966916460170291,1.3385,1.376,1.356015,1.35725,2569.3,ETH-25JUN27,0.6095,-0.90092,3.9982,1.0,0.0,0.03749999999999987,ETH,2489.28,0.0
2026-09-07T08:12:03.711653+00:00,ETH-25SEP26-15000-C,2494.47,ETH-25SEP26,call,15000.0,2026-09-25T08:00:00+00:00,0.04925838112996552,,0.0001,1e-06,,2494.47,ETH-25SEP26,1.8378999999999999,1e-05,0.00034,2390.0,0.0,,ETH,2489.28,0.0
2026-09-07T08:12:03.711653+00:00,ETH-25SEP26-5600-C,2494.47,ETH-25SEP26,call,5600.0,2026-09-25T08:00:00+00:00,0.04925838112996552,,0.0001,6e-06,,2494.47,ETH-25SEP26,0.9643,0.00012,0.00262,8185.0,0.0,,ETH,2489.28,0.0
2026-09-07T08:12:03.711653+00:00,ETH-25JUN27-3100-C,2569.3,ETH-25JUN27,call,3100.0,2027-06-25T08:00:00+00:00,0.7966916460170291,0.127,0.129,0.128185,0.128,2569.3,ETH-25JUN27,0.5567,0.44847,9.07415,209.0,0.0,0.0020000000000000018,ETH,2489.28,0.0
2026-09-07T08:12:03.711653+00:00,ETH-26MAR27-2700-C,2540.72,ETH-26MAR27,call,2700.0,2027-03-26T08:00:00+00:00,0.547547224388008,0.134,0.1355,0.135037,0.13475,2540.72,ETH-26MAR27,0.5439,0.5199,7.49251,3034.0,0.0,0.0015000000000000013,ETH,2489.28,0.0
2026-09-07T08:12:03.711653+00:00,ETH-25SEP26-3000-P,2494.47,ETH-25SEP26,put,3000.0,2026-09-25T08:00:00+00:00,0.04925838112996552,0.2035,0.211,0.207395,0.20725,2494.47,ETH-25SEP26,0.5781000000000001,-0.91533,0.85919,7499.0,0.0,0.007500000000000007,ETH,2489.28,0.0
2026-09-07T08:12:03.711653+00:00,ETH-25DEC26-3600-P,2514.99,ETH-25DEC26,put,3600.0,2026-12-25T08:00:00+00:00,0.29840280275898673,0.445,0.461,0.453383,0.453,2514.99,ETH-25DEC26,0.563,-0.84424,3.28516,93.0,0.0,0.016000000000000014,ETH,2489.28,0.0
2026-09-07T08:12:03.711653+00:00,ETH-25SEP26-5000-C,2494.48,ETH-25SEP26,call,5000.0,2026-09-25T08:00:00+00:00,0.04925838112996552,,0.0001,2.9e-05,,2494.48,ETH-25SEP26,0.9312999999999999,0.00056,0.01087,4611.0,0.0,,ETH,2489.28,0.0
2026-09-07T08:12:03.711653+00:00,ETH-10SEP26-2640-C,2489.77,ETH-10SEP26,call,2640.0,2026-09-10T08:00:00+00:00,0.008190619322984004,0.002,0.0025,0.002259,0.00225,2489.77,ETH-10SEP26,0.5069,0.10451,0.4083,7.0,7.0,0.0005,ETH,2489.28,57.76
2026-09-07T08:12:03.711653+00:00,ETH-25JUN27-2200-C,2569.29,ETH-25JUN27,call,2200.0,2027-06-25T08:00:00+00:00,0.7966916460170291,0.262,0.2665,0.263925,0.26425,2569.29,ETH-25JUN27,0.5609000000000001,0.71223,7.82289,1073.0,18.0,0.004500000000000004,ETH,2489.28,11611.32
2026-09-07T08:12:03.711653+00:00,ETH-18SEP26-2000-P,2492.28,ETH-18SEP26,put,2000.0,2026-09-18T08:00:00+00:00,0.030093425620040814,0.0008,0.0011,0.000945,0.00095,2492.28,ETH-18SEP26,0.6466,-0.02187,0.22584,2122.0,0.0,0.00030000000000000003,ETH,2489.28,0.0
2026-09-07T08:12:03.711653+00:00,ETH-25DEC26-3600-C,2515.0,ETH-25DEC26,call,3600.0,2026-12-25T08:00:00+00:00,0.29840280275898673,0.0215,0.0225,0.021965,0.022,2515.0,ETH-25DEC26,0.563,0.15577,3.28533,2545.0,3.0,0.0010000000000000009,ETH,2489.28,172.38
2026-09-07T08:12:03.711653+00:00,ETH-25JUN27-900-C,2569.3,ETH-25JUN27,call,900.0,2027-06-25T08:00:00+00:00,0.7966916460170291,0.6545,0.6615,0.658204,0.658,2569.3,ETH-25JUN27,0.7311,0.97339,1.41258,0.0,0.0,0.007000000000000006,ETH,2489.28,0.0
2026-09-07T08:12:03.711653+00:00,ETH-25DEC26-9000-C,2515.0,ETH-25DEC26,call,9000.0,2026-12-25T08:00:00+00:00,0.29840280275898673,0.0002,0.0005,0.00033,0.00035,2515.0,ETH-25DEC26,0.7839,0.00286,0.12026,2069.0,0.0,0.00030000000000000003,ETH,2489.28,0.0
2026-09-07T08:12:03.711653+00:00,ETH-30OCT26-2350-C,2500.83,ETH-30OCT26,call,2350.0,2026-10-30T08:00:00+00:00,0.14508315867958907,0.108,0.11,0.109066,0.109,2500.83,ETH-30OCT26,0.5103,0.66145,3.48518,246.0,0.0,0.0020000000000000018,ETH,2489.28,0.0
2026-09-07T08:12:03.711653+00:00,ETH-25SEP26-2700-C,2494.47,ETH-25SEP26,call,2700.0,2026-09-25T08:00:00+00:00,0.04925838112996552,0.017,0.018,0.01741,0.0175,2494.47,ETH-25SEP26,0.5179,0.26375,1.80938,11111.0,104.0,0.0009999999999999974,ETH,2489.28,5166.22
2026-09-07T08:12:03.711653+00:00,ETH-25SEP26-11000-C,2494.48,ETH-25SEP26,call,11000.0,2026-09-25T08:00:00+00:00,0.04925838112996552,,0.0001,1e-06,,2494.48,ETH-25SEP26,1.5529,2e-05,0.00043,3423.0,0.0,,ETH,2489.28,0.0
2026-09-07T08:12:03.711653+00:00,ETH-30OCT26-2750-C,2500.83,ETH-30OCT26,call,2750.0,2026-10-30T08:00:00+00:00,0.14508315867958907,0.042,0.043,0.042835,0.0425,2500.83,ETH-30OCT26,0.5236,0.353,3.53979,652.0,0.0,0.000999999999999994,ETH,2489.28,0.0
2026-09-07T08:12:03.711653+00:00,ETH-25JUN27-3700-C,2569.29,ETH-25JUN27,call,3700.0,2027-06-25T08:00:00+00:00,0.7966916460170291,0.0805,0.0825,0.081654,0.0815,2569.29,ETH-25JUN27,0.5649000000000001,0.31872,8.18868,10.0,0.0,0.0020000000000000018,ETH,2489.28,0.0
2026-09-07T08:12:03.711653+00:00,ETH-25SEP26-10000-P,2494.47,ETH-25SEP26,put,10000.0,2026-09-25T08:00:00+00:00,0.04925838112996552,2.993,3.024,3.008853,3.0085,2494.47,ETH-25SEP26,1.4631999999999998,-0.99998,0.00047,759.0,0.0,0.03100000000000014,ETH,2489.28,0.0
2026-09-07T08:12:03.711653+00:00,ETH-25DEC26-2200-C,2515.0,ETH-25DEC26,call,2200.0,2026-12-25T08:00:00+00:00,0.29840280275898673,0.181,0.1835,0.182118,0.18225,2515.0,ETH-25DEC26,0.5318999999999999,0.72757,4.56407,52403.0,2.0,0.0025000000000000022,ETH,2489.28,917.64
2026-09-07T08:12:03.711653+00:00,ETH-26MAR27-2100-P,2540.72,ETH-26MAR27,put,2100.0,2027-03-26T08:00:00+00:00,0.547547224388008,0.076,0.0785,0.077435,0.07725,2540.72,ETH-26MAR27,0.5555,-0.25186,5.99911,709.0,0.0,0.0025000000000000022,ETH,2489.28,0.0
2026-09-07T08:12:03.711653+00:00,ETH-11SEP26-2700-C,2489.95,ETH-11SEP26,call,2700.0,2026-09-11T08:00:00+00:00,0.010928470110116106,0.0019,0.0023,0.002173,0.0021,2489.95,ETH-11SEP26,0.5511,0.0839,0.40109,2838.0,333.0,0.00039999999999999996,ETH,2489.25,2441.55
2026-09-07T08:12:03.711653+00:00,ETH-8SEP26-2340-P,2489.15,ETH-8SEP26,put,2340.0,2026-09-08T08:00:00+00:00,0.0027149177487198013,,0.0002,0.000106,,2489.15,ETH-8SEP26,0.5231,-0.01134,0.03854,138.0,117.0,,ETH,2489.28,47.81
2026-09-07T08:12:03.711653+00:00,ETH-18SEP26-2800-C,2492.28,ETH-18SEP26,call,2800.0,2026-09-18T08:00:00+00:00,0.030093425620040814,0.0055,0.006,0.005774,0.00575,2492.28,ETH-18SEP26,0.5594,0.12463,0.88827,19625.0,53.0,0.0005000000000000004,ETH,2489.28,926.06
2026-09-07T08:12:03.711653+00:00,ETH-27NOV26-2850-P,2508.36,ETH-27NOV26,put,2850.0,2026-11-27T08:00:00+00:00,0.2217429807192879,0.184,0.1905,0.187915,0.18725,2508.36,ETH-27NOV26,0.5313,-0.65019,4.37489,0.0,0.0,0.006500000000000006,ETH,2489.25,0.0
2026-09-07T08:12:03.711653+00:00,ETH-25SEP26-2380-C,2494.47,ETH-25SEP26,call,2380.0,2026-09-25T08:00:00+00:00,0.04925838112996552,0.0685,0.0705,0.069603,0.0695,2494.47,ETH-25SEP26,0.4949,0.68505,1.96696,78.0,0.0,0.001999999999999988,ETH,2489.25,0.0
2026-09-07T08:12:03.711653+00:00,ETH-25JUN27-2500-C,2569.29,ETH-25JUN27,call,2500.0,2027-06-25T08:00:00+00:00,0.7966916460170291,0.2055,0.209,0.207418,0.20725,2569.29,ETH-25JUN27,0.5567,0.61914,8.73942,3193.0,0.0,0.003500000000000003,ETH,2489.25,0.0
2026-09-07T08:12:03.711653+00:00,ETH-25DEC26-4000-P,2515.0,ETH-25DEC26,put,4000.0,2026-12-25T08:00:00+00:00,0.29840280275898673,0.594,0.612,0.603438,0.603,2515.0,ETH-25DEC26,0.5841,-0.90222,2.37246,223.0,0.0,0.018000000000000016,ETH,2489.25,0.0
2026-09-07T08:12:03.711653+00:00,ETH-25JUN27-800-P,2569.3,ETH-25JUN27,put,800.0,2027-06-25T08:00:00+00:00,0.7966916460170291,0.0055,0.007,0.006237,0.00625,2569.3,ETH-25JUN27,0.758,-0.01959,1.09143,689.0,0.0,0.0015000000000000005,ETH,2489.25,0.0
2026-09-07T08:12:03.711653+00:00,ETH-26MAR27-6000-P,2540.72,ETH-26MAR27,put,6000.0,2027-03-26T08:00:00+00:00,0.547547224388008,1.3545,1.3885,1.370709,1.3715,2540.72,ETH-26MAR27,0.632,-0.9456,2.07365,1.0,0.0,0.03400000000000003,ETH,2489.25,0.0
2026-09-07T08:12:03.711653+00:00,ETH-18SEP26-2600-P,2492.29,ETH-18SEP26,put,2600.0,2026-09-18T08:00:00+00:00,0.030093425620040814,0.06,0.0625,0.061294,0.06125,2492.29,ETH-18SEP26,0.5035000000000001,-0.67073,1.56458,88.0,0.0,0.0025000000000000022,ETH,2489.25,0.0
2026-09-07T08:12:03.711653+00:00,ETH-25SEP26-3100-P,2494.47,ETH-25SEP26,put,3100.0,2026-09-25T08:00:00+00:00,0.04925838112996552,0.242,0.25,0.245972,0.246,2494.47,ETH-25SEP26,0.6012,-0.94089,0.65192,1.0,0.0,0.008000000000000007,ETH,2489.25,0.0
2026-09-07T08:12:03.711653+00:00,ETH-11SEP26-2460-C,2489.95,ETH-11SEP26,call,2460.0,2026-09-11T08:00:00+00:00,0.010928470110116106,0.024,0.027,0.02476,0.0255,2489.95,ETH-11SEP26,0.43689999999999996,0.61244,0.9969,0.0,0.0,0.002999999999999999,ETH,2489.22,0.0
2026-09-07T08:12:03.711653+00:00,ETH-25DEC26-1600-C,2515.0,ETH-25DEC26,call,1600.0,2026-12-25T08:00:00+00:00,0.29840280275898673,0.3715,0.378,0.374827,0.37475,2515.0,ETH-25DEC26,0.6158,0.93476,1.74746,620.0,0.0,0.006500000000000006,ETH,2489.25,0.0
2026-09-07T08:12:03.711653+00:00,ETH-9SEP26-2650-P,2489.52,ETH-9SEP26,put,2650.0,2026-09-09T08:00:00+00:00,0.005452768535851902,0.0625,0.0685,0.065401,0.0655,2489.52,ETH-9SEP26,0.5286,-0.94333,0.20933,0.0,0.0,0.006000000000000005,ETH,2489.22,0.0
2026-09-07T08:12:03.711653+00:00,ETH-8SEP26-2480-C,2489.15,ETH-8SEP26,call,2480.0,2026-09-08T08:00:00+00:00,0.0027149177487198013,0.009,0.01,0.009498,0.0095,2489.15,ETH-8SEP26,0.36229999999999996,0.57946,0.50672,566.0,6.0,0.0010000000000000009,ETH,2489.25,153.33
2026-09-07T08:12:03.711653+00:00,ETH-26MAR27-3100-P,2540.72,ETH-26MAR27,put,3100.0,2027-03-26T08:00:00+00:00,0.547547224388008,0.302,0.319,0.309449,0.3105,2540.72,ETH-26MAR27,0.5489999999999999,-0.61287,7.19935,99.0,0.0,0.017000000000000015,ETH,2489.22,0.0
2026-09-07T08:12:03.711653+00:00,ETH-30OCT26-4400-C,2500.83,ETH-30OCT26,call,4400.0,2026-10-30T08:00:00+00:00,0.14508315867958907,0.0019,0.0021,0.002061,0.002,2500.83,ETH-30OCT26,0.6951999999999999,0.02267,0.51283,689.0,0.0,0.00019999999999999987,ETH,2489.22,0.0
2026-09-07T08:12:03.711653+00:00,ETH-9SEP26-2340-P,2489.52,ETH-9SEP26,put,2340.0,2026-09-09T08:00:00+00:00,0.005452768535851902,0.0005,0.0008,0.000694,0.00065,2489.52,ETH-9SEP26,0.5004,-0.04523,0.17493,612.0,11.0,0.00030000000000000003,ETH,2489.18,34.81
2026-09-07T08:12:03.711653+00:00,ETH-25JUN27-3400-P,2569.29,ETH-25JUN27,put,3400.0,2027-06-25T08:00:00+00:00,0.7966916460170291,0.416,0.4365,0.425087,0.42625,2569.29,ETH-25JUN27,0.56,-0.62196,8.71944,5.0,0.0,0.020500000000000018,ETH,2489.22,0.0
2026-09-07T08:12:03.711653+00:00,ETH-8SEP26-2500-C,2489.15,ETH-8SEP26,call,2500.0,2026-09-08T08:00:00+00:00,0.0027149177487198013,0.005,0.006,0.005674,0.0055,2489.15,ETH-8SEP26,0.3676,0.41094,0.50407,1226.0,79.0,0.001,ETH,2489.22,1186.69
2026-09-07T08:12:03.711653+00:00,ETH-25SEP26-13000-P,2494.47,ETH-25SEP26,put,13000.0,2026-09-25T08:00:00+00:00,0.04925838112996552,4.19,4.232,4.211508,4.211,2494.47,ETH-25SEP26,1.7075,-0.99998,0.00038,0.0,0.0,0.041999999999999815,ETH,2489.22,0.0
2026-09-07T08:12:03.711653+00:00,ETH-9SEP26-2440-P,2489.52,ETH-9SEP26,put,2440.0,2026-09-09T08:00:00+00:00,0.005452768535851902,0.0043,0.0047,0.004648,0.0045,2489.52,ETH-9SEP26,0.414,-0.2518,0.58622,149.0,144.0,0.0004000000000000002,ETH,2489.18,1555.22
2026-09-07T08:12:03.711653+00:00,ETH-25DEC26-3800-P,2515.0,ETH-25DEC26,put,3800.0,2026-12-25T08:00:00+00:00,0.29840280275898673,0.5205,0.5355,0.527877,0.528,2515.0,ETH-25DEC26,0.575,-0.87684,2.79961,26.0,0.0,0.015000000000000013,ETH,2489.22,0.0
2026-09-07T08:12:03.711653+00:00,ETH-25JUN27-1200-P,2569.29,ETH-25JUN27,put,1200.0,2027-06-25T08:00:00+00:00,0.7966916460170291,0.017,0.0185,0.017812,0.01775,2569.29,ETH-25JUN27,0.6570999999999999,-0.05584,2.58213,531.0,0.0,0.0014999999999999979,ETH,2489.18,0.0
2026-09-07T08:12:03.711653+00:00,ETH-25SEP26-1300-P,2494.48,ETH-25SEP26,put,1300.0,2026-09-25T08:00:00+00:00,0.04925838112996552,0.0001,0.0002,0.000144,0.00015,2494.48,ETH-25SEP26,1.0612000000000001,-0.00197,0.03456,4963.0,0.0,0.0001,ETH,2489.18,0.0
2026-09-07T08:12:03.711653+00:00,ETH-27NOV26-2150-P,2508.37,ETH-27NOV26,put,2150.0,2026-11-27T08:00:00+00:00,0.2217429807192879,0.0375,0.039,0.038294,0.03825,2508.37,ETH-27NOV26,0.534,-0.23028,3.58954,10.0,0.0,0.0015000000000000013,ETH,2489.18,0.0
2026-09-07T08:12:03.711653+00:00,ETH-25SEP26-1400-C,2494.47,ETH-25SEP26,call,1400.0,2026-09-25T08:00:00+00:00,0.04925838112996552,0.4375,0.4405,0.438946,0.439,2494.47,ETH-25SEP26,0.9728,0.9973,0.04609,1553.0,0.0,0.0030000000000000027,ETH,2489.18,0.0
2026-09-07T08:12:03.711653+00:00,ETH-10SEP26-2900-P,2489.77,ETH-10SEP26,put,2900.0,2026-09-10T08:00:00+00:00,0.008190619322984004,0.161,0.1685,0.164909,0.16475,2489.77,ETH-10SEP26,0.6826000000000001,-0.99266,0.04577,0.0,0.0,0.007500000000000007,ETH,2489.13,0.0
2026-09-07T08:12:03.711653+00:00,ETH-27NOV26-3300-C,2508.36,ETH-27NOV26,call,3300.0,2026-11-27T08:00:00+00:00,0.2217429807192879,0.0225,0.0235,0.023004,0.023,2508.36,ETH-27NOV26,0.5582,0.18078,3.10821,13.0,0.0,0.0010000000000000009,ETH,2489.18,0.0
2026-09-07T08:12:03.711653+00:00,ETH-9SEP26-2600-P,2489.52,ETH-9SEP26,put,2600.0,2026-09-09T08:00:00+00:00,0.005452768535851902,0.043,0.0495,0.046369,0.04625,2489.52,ETH-9SEP26,0.484,-0.88515,0.35638,0.0,0.0,0.006500000000000006,ETH,2489.13,0.0
2026-09-07T08:12:03.711653+00:00,ETH-26MAR27-5500-C,2540.7,ETH-26MAR27,call,5500.0,2027-03-26T08:00:00+00:00,0.547547224388008,0.0115,0.013,0.012331,0.01225,2540.7,ETH-26MAR27,0.6171,0.07177,2.57352,2976.0,0.0,0.0014999999999999996,ETH,2489.18,0.0
2026-09-07T08:12:03.711653+00:00,ETH-25SEP26-3600-P,2494.47,ETH-25SEP26,put,3600.0,2026-09-25T08:00:00+00:00,0.04925838112996552,0.439,0.449,0.443875,0.444,2494.47,ETH-25SEP26,0.7170000000000001,-0.98698,0.18559,907.0,0.0,0.010000000000000009,ETH,2489.13,0.0
2026-09-07T08:12:03.711653+00:00,ETH-10SEP26-2360-P,2489.77,ETH-10SEP26,put,2360.0,2026-09-10T08:00:00+00:00,0.008190619322984004,0.0017,0.002,0.001927,0.00185,2489.77,ETH-10SEP26,0.4617,-0.0965,0.38521,307.0,435.0,0.00030000000000000014,ETH,2489.13,1839.26
2026-09-07T08:12:03.711653+00:00,ETH-8SEP26-2650-C,2489.15,ETH-8SEP26,call,2650.0,2026-09-08T08:00:00+00:00,0.0027149177487198013,,0.0002,0.000182,,2489.15,ETH-8SEP26,0.5649000000000001,0.01711,0.05494,187.0,259.0,,ETH,2489.18,363.52
2026-09-07T08:12:03.711653+00:00,ETH-25SEP26-1300-C,2494.48,ETH-25SEP26,call,1300.0,2026-09-25T08:00:00+00:00,0.04925838112996552,0.4775,0.4805,0.478993,0.479,2494.48,ETH-25SEP26,1.0612000000000001,0.99803,0.03457,68.0,0.0,0.0030000000000000027,ETH,2489.13,0.0
2026-09-07T08:12:03.711653+00:00,ETH-25DEC26-1600-P,2514.99,ETH-25DEC26,put,1600.0,2026-12-25T08:00:00+00:00,0.29840280275898673,0.0105,0.0115,0.011013,0.011,2514.99,ETH-25DEC26,0.6158,-0.06525,1.74763,8358.0,2.0,0.0009999999999999992,ETH,2489.13,52.67
2026-09-07T08:12:03.711653+00:00,ETH-30OCT26-2050-P,2500.84,ETH-30OCT26,put,2050.0,2026-10-30T08:00:00+00:00,0.14508315867958907,0.016,0.017,0.016417,0.0165,2500.84,ETH-30OCT26,0.5390999999999999,-0.14243,2.14541,397.0,0.0,0.0010000000000000009,ETH,2489.13,0.0
2026-09-07T08:12:03.711653+00:00,ETH-11SEP26-2650-C,2489.96,ETH-11SEP26,call,2650.0,2026-09-11T08:00:00+00:00,0.010928470110116106,0.0032,0.0036,0.003486,0.0034,2489.96,ETH-11SEP26,0.5188,0.13031,0.55151,5098.0,748.0,0.00039999999999999975,ETH,2489.12,8711.61
2026-09-07T08:12:03.711653+00:00,ETH-8SEP26-2460-C,2489.15,ETH-8SEP26,call,2460.0,2026-09-08T08:00:00+00:00,0.0027149177487198013,0.0135,0.0155,0.014728,0.0145,2489.15,ETH-8SEP26,0.3607,0.73663,0.42314,539.0,0.0,0.002,ETH,2489.13,0.0
2026-09-07T08:12:03.711653+00:00,ETH-9SEP26-2360-P,2489.52,ETH-9SEP26,put,2360.0,2026-09-09T08:00:00+00:00,0.005452768535851902,0.0008,0.0011,0.000966,0.00095,2489.52,ETH-9SEP26,0.4769,-0.06289,0.2271,145.0,129.0,0.00030000000000000003,ETH,2489.12,452.02
2026-09-07T08:12:03.711653+00:00,ETH-25DEC26-11000-C,2515.0,ETH-25DEC26,call,11000.0,2026-12-25T08:00:00+00:00,0.29840280275898673,0.0001,0.0003,0.000179,0.0002,2515.0,ETH-25DEC26,0.8454999999999999,0.00152,0.06792,2175.0,0.0,0.00019999999999999998,ETH,2489.13,0.0
2026-09-07T08:12:03.711653+00:00,ETH-25JUN27-1000-C,2569.3,ETH-25JUN27,call,1000.0,2027-06-25T08:00:00+00:00,0.7966916460170291,0.618,0.6255,0.62195,0.62175,2569.3,ETH-25JUN27,0.7055,0.96505,1.77034,96.0,0.0,0.007499999999999951,ETH,2489.12,0.0
2026-09-07T08:12:03.711653+00:00,ETH-10SEP26-2620-C,2489.77,ETH-10SEP26,call,2620.0,2026-09-10T08:00:00+00:00,0.008190619322984004,0.0027,0.0031,0.002909,0.0029,2489.77,ETH-10SEP26,0.49420000000000003,0.13119,0.47961,21.0,21.0,0.00039999999999999975,ETH,2489.12,197.49
2026-09-07T08:12:03.711653+00:00,ETH-25JUN27-2300-P,2569.3,ETH-25JUN27,put,2300.0,2027-06-25T08:00:00+00:00,0.7966916460170291,0.137,0.14,0.138756,0.1385,2569.3,ETH-25JUN27,0.5588000000000001,-0.31885,8.18955,756.0,0.0,0.0030000000000000027,ETH,2489.12,0.0
2026-09-07T08:12:03.711653+00:00,ETH-25SEP26-2380-P,2494.47,ETH-25SEP26,put,2380.0,2026-09-25T08:00:00+00:00,0.04925838112996552,0.023,0.024,0.023709,0.0235,2494.47,ETH-25SEP26,0.4949,-0.31509,1.96724,131.0,0.0,0.0010000000000000009,ETH,2489.12,0.0
2026-09-07T08:12:03.711653+00:00,ETH-30OCT26-2400-P,2500.84,ETH-30OCT26,put,2400.0,2026-10-30T08:00:00+00:00,0.14508315867958907,0.0565,0.058,0.0573,0.05725,2500.84,ETH-30OCT26,0.5095000000000001,-0.379,3.62451,4426.0,2.0,0.0015000000000000013,ETH,2489.12,278.52
2026-09-07T08:12:03.711653+00:00,ETH-27NOV26-3200-P,2508.36,ETH-27NOV26,put,3200.0,2026-11-27T08:00:00+00:00,0.2217429807192879,0.297,0.3095,0.3032,0.30325,2508.36,ETH-27NOV26,0.5523,-0.79009,3.40359,0.0,0.0,0.012500000000000011,ETH,2489.12,0.0
2026-09-07T08:12:03.711653+00:00,ETH-10SEP26-2560-P,2489.78,ETH-10SEP26,put,2560.0,2026-09-10T08:00:00+00:00,0.008190619322984004,0.033,0.0355,0.034523,0.03425,2489.78,ETH-10SEP26,0.45840000000000003,-0.74341,0.72579,35.0,35.0,0.0024999999999999953,ETH,2489.12,2083.1
2026-09-07T08:12:03.711653+00:00,ETH-11SEP26-2900-C,2489.96,ETH-11SEP26,call,2900.0,2026-09-11T08:00:00+00:00,0.010928470110116106,0.0003,0.0005,0.000394,0.0004,2489.96,ETH-11SEP26,0.6697,0.01598,0.10409,1363.0,10.0,0.00020000000000000004,ETH,2489.09,7.47
2026-09-07T08:12:03.711653+00:00,ETH-8SEP26-2900-C,2489.15,ETH-8SEP26,call,2900.0,2026-09-08T08:00:00+00:00,0.0027149177487198013,,0.0001,1.5e-05,,2489.15,ETH-8SEP26,0.9486,0.00107,0.00463,492.0,484.0,,ETH,2489.12,145.96
2026-09-07T08:12:03.711653+00:00,ETH-18SEP26-2350-C,2492.28,ETH-18SEP26,call,2350.0,2026-09-18T08:00:00+00:00,0.030093425620040814,0.068,0.0705,0.069225,0.06925,2492.28,ETH-18SEP26,0.4932,0.76671,1.32337,172.0,0.0,0.0024999999999999883,ETH,2489.12,0.0
2026-09-07T08:12:03.711653+00:00,ETH-8SEP26-2300-P,2489.15,ETH-8SEP26,put,2300.0,2026-09-08T08:00:00+00:00,0.0027149177487198013,,0.0001,8.1e-05,,2489.15,ETH-8SEP26,0.6275999999999999,-0.00754,0.02696,316.0,94.0,,ETH,2489.12,26.32
2026-09-07T08:12:03.711653+00:00,ETH-9SEP26-2680-P,2489.52,ETH-9SEP26,put,2680.0,2026-09-09T08:00:00+00:00,0.005452768535851902,0.0735,0.0805,0.07712,0.077,2489.52,ETH-9SEP26,0.5539999999999999,-0.96298,0.14867,0.0,0.0,0.007000000000000006,ETH,2489.09,0.0
2026-09-07T08:12:03.711653+00:00,ETH-25JUN27-3200-P,2569.3,ETH-25JUN27,put,3200.0,2027-06-25T08:00:00+00:00,0.7966916460170291,0.356,0.373,0.364118,0.3645,2569.3,ETH-25JUN27,0.5578,-0.57621,8.98234,0.0,0.0,0.017000000000000015,ETH,2489.09,0.0
2026-09-07T08:12:03.711653+00:00,ETH-27NOV26-4600-C,2508.36,ETH-27NOV26,call,4600.0,2026-11-27T08:00:00+00:00,0.2217429807192879,0.0037,0.0042,0.00396,0.00395,2508.36,ETH-27NOV26,0.6579,0.03571,0.92789,365.0,1.0,0.0004999999999999996,ETH,2489.09,11.28
2026-09-07T08:12:03.711653+00:00,ETH-25SEP26-9000-C,2494.47,ETH-25SEP26,call,9000.0,2026-09-25T08:00:00+00:00,0.04925838112996552,,0.0001,1e-06,,2494.47,ETH-25SEP26,1.3633000000000002,2e-05,0.00052,2096.0,0.0,,ETH,2489.09,0.0
2026-09-07T08:12:03.711653+00:00,ETH-11SEP26-2000-P,2489.96,ETH-11SEP26,put,2000.0,2026-09-11T08:00:00+00:00,0.010928470110116106,0.0001,0.0003,0.000178,0.0002,2489.96,ETH-11SEP26,0.8504,-0.00609,0.04485,6193.0,9.0,0.00019999999999999998,ETH,2489.09,2.24
2026-09-07T08:12:03.711653+00:00,ETH-25JUN27-2100-C,2569.3,ETH-25JUN27,call,2100.0,2027-06-25T08:00:00+00:00,0.7966916460170291,0.284,0.2885,0.285975,0.28625,2569.3,ETH-25JUN27,0.5642,0.74273,7.39886,142.0,0.0,0.004500000000000004,ETH,2489.09,0.0
2026-09-07T08:12:03.711653+00:00,ETH-10SEP26-2660-P,2489.77,ETH-10SEP26,put,2660.0,2026-09-10T08:00:00+00:00,0.008190619322984004,0.067,0.0735,0.070102,0.07025,2489.77,ETH-10SEP26,0.5179,-0.9178,0.34185,0.0,0.0,0.006499999999999992,ETH,2489.09,0.0
2026-09-07T08:12:03.711653+00:00,ETH-30OCT26-1950-C,2500.83,ETH-30OCT26,call,1950.0,2026-10-30T08:00:00+00:00,0.14508315867958907,0.2285,0.235,0.231266,0.23175,2500.83,ETH-30OCT26,0.5559000000000001,0.89968,1.67583,744.0,0.0,0.006499999999999978,ETH,2489.09,0.0
2026-09-07T08:12:03.711653+00:00,ETH-30OCT26-2650-P,2500.83,ETH-30OCT26,put,2650.0,2026-10-30T08:00:00+00:00,0.14508315867958907,0.113,0.1145,0.114106,0.11375,2500.83,ETH-30OCT26,0.5172,-0.57789,3.72802,302.0,0.0,0.0015000000000000013,ETH,2489.09,0.0
2026-09-07T08:12:03.711653+00:00,ETH-26MAR27-3200-C,2540.72,ETH-26MAR27,call,3200.0,2027-03-26T08:00:00+00:00,0.547547224388008,0.0795,0.0815,0.080704,0.0805,2540.72,ETH-26MAR27,0.551,0.35854,7.02454,4838.0,0.0,0.0020000000000000018,ETH,2489.09,0.0
2026-09-07T08:12:03.711653+00:00,ETH-30OCT26-4200-P,2500.84,ETH-30OCT26,put,4200.0,2026-10-30T08:00:00+00:00,0.14508315867958907,0.674,0.6895,0.682104,0.68175,2500.84,ETH-30OCT26,0.6737000000000001,-0.9708,0.63386,0.0,0.0,0.015499999999999958,ETH,2489.09,0.0
2026-09-07T08:12:03.711653+00:00,ETH-25DEC26-3800-C,2515.0,ETH-25DEC26,call,3800.0,2026-12-25T08:00:00+00:00,0.29840280275898673,0.016,0.0175,0.016937,0.01675,2515.0,ETH-25DEC26,0.575,0.12313,2.79891,3134.0,0.0,0.0015000000000000013,ETH,2489.09,0.0
2026-09-07T08:12:03.711653+00:00,ETH-25SEP26-4800-C,2494.48,ETH-25SEP26,call,4800.0,2026-09-25T08:00:00+00:00,0.04925838112996552,,0.0001,6e-05,,2494.48,ETH-25SEP26,0.9312,0.00109,0.02024,1700.0,0.0,,ETH,2489.09,0.0
2026-09-07T08:12:03.711653+00:00,ETH-9SEP26-2300-C,2489.52,ETH-9SEP26,call,2300.0,2026-09-09T08:00:00+00:00,0.005452768535851902,0.0735,0.08,0.076557,0.07675,2489.52,ETH-9SEP26,0.5623,0.97286,0.11504,18.0,0.0,0.006500000000000006,ETH,2489.09,0.0
2026-09-07T08:12:03.711653+00:00,ETH-26MAR27-2400-C,2540.72,ETH-26MAR27,call,2400.0,2027-03-26T08:00:00+00:00,0.547547224388008,0.1835,0.1865,0.185012,0.185,2540.72,ETH-26MAR27,0.5463,0.63404,7.07374,2363.0,0.0,0.0030000000000000027,ETH,2489.09,0.0
2026-09-07T08:12:03.711653+00:00,ETH-26MAR27-4000-P,2540.72,ETH-26MAR27,put,4000.0,2027-03-26T08:00:00+00:00,0.547547224388008,0.6025,0.6235,0.612178,0.613,2540.72,ETH-26MAR27,0.5711999999999999,-0.8058,5.17115,0.0,0.0,0.02100000000000002,ETH,2489.09,0.0
2026-09-07T08:12:03.711653+00:00,ETH-10SEP26-2100-P,2489.77,ETH-10SEP26,put,2100.0,2026-09-10T08:00:00+00:00,0.008190619322984004,0.0002,0.0003,0.000236,0.00025,2489.77,ETH-10SEP26,0.8123999999999999,-0.00935,0.0566,189.0,189.0,9.999999999999996e-05,ETH,2489.09,142.12
2026-09-07T08:12:03.711653+00:00,ETH-11SEP26-2550-C,2489.96,ETH-11SEP26,call,2550.0,2026-09-11T08:00:00+00:00,0.010928470110116106,0.0095,0.01,0.009923,0.00975,2489.96,ETH-11SEP26,0.4661,0.31979,0.93053,2156.0,175.0,0.0005000000000000004,ETH,2489.09,5851.12
2026-09-07T08:12:03.711653+00:00,ETH-27NOV26-2550-P,2508.36,ETH-27NOV26,put,2550.0,2026-11-27T08:00:00+00:00,0.2217429807192879,0.1065,0.108,0.106958,0.10725,2508.36,ETH-27NOV26,0.5207999999999999,-0.47822,4.7056,43.0,0.0,0.0015000000000000013,ETH,2489.09,0.0
2026-09-07T08:12:03.711653+00:00,ETH-8SEP26-2620-P,2489.15,ETH-8SEP26,put,2620.0,2026-09-08T08:00:00+00:00,0.0027149177487198013,0.0495,0.056,0.052756,0.05275,2489.15,ETH-8SEP26,0.4806,-0.97876,0.06603,0.0,0.0,0.006499999999999999,ETH,2489.09,0.0
2026-09-07T08:12:03.711653+00:00,ETH-8SEP26-2580-P,2489.16,ETH-8SEP26,put,2580.0,2026-09-08T08:00:00+00:00,0.0027149177487198013,0.034,0.04,0.037171,0.037,2489.16,ETH-8SEP26,0.4534,-0.93366,0.16693,0.0,0.0,0.005999999999999998,ETH,2489.09,0.0
2026-09-07T08:12:03.711653+00:00,ETH-25SEP26-4000-C,2494.47,ETH-25SEP26,call,4000.0,2026-09-25T08:00:00+00:00,0.04925838112996552,0.0001,0.0003,0.00018,0.0002,2494.47,ETH-25SEP26,0.7676000000000001,0.00361,0.05979,21302.0,0.0,0.00019999999999999998,ETH,2489.09,0.0
2026-09-07T08:12:03.711653+00:00,ETH-25SEP26-2100-C,2494.47,ETH-25SEP26,call,2100.0,2026-09-25T08:00:00+00:00,0.04925838112996552,0.1595,0.165,0.162327,0.16225,2494.47,ETH-25SEP26,0.5556,0.92731,0.76527,5723.0,0.0,0.005500000000000005,ETH,2489.09,0.0
2026-09-07T08:12:03.711653+00:00,ETH-25DEC26-2500-P,2515.0,ETH-25DEC26,put,2500.0,2026-12-25T08:00:00+00:00,0.29840280275898673,0.1105,0.1115,0.110671,0.111,2515.0,ETH-25DEC26,0.5246,-0.43506,5.40908,1501.0,0.0,0.0010000000000000009,ETH,2489.09,0.0
2026-09-07T08:12:03.711653+00:00,ETH-11SEP26-2570-P,2489.95,ETH-11SEP26,put,2570.0,2026-09-11T08:00:00+00:00,0.010928470110116106,0.0385,0.041,0.040113,0.03975,2489.95,ETH-11SEP26,0.47369999999999995,-0.73157,0.85809,0.0,0.0,0.0025000000000000022,ETH,2489.09,0.0
2026-09-07T08:12:03.711653+00:00,ETH-26MAR27-4600-P,2540.72,ETH-26MAR27,put,4600.0,2027-03-26T08:00:00+00:00,0.547547224388008,0.822,0.8465,0.833455,0.83425,2540.72,ETH-26MAR27,0.5885,-0.87404,3.8914,0.0,0.0,0.024500000000000077,ETH,2489.09,0.0
2026-09-07T08:12:03.711653+00:00,ETH-26MAR27-3700-P,2540.72,ETH-26MAR27,put,3700.0,2027-03-26T08:00:00+00:00,0.547547224388008,0.497,0.5165,0.505896,0.50675,2540.72,ETH-26MAR27,0.5628,-0.75636,5.89323,0.0,0.0,0.019499999999999962,ETH,2489.09,0.0
2026-09-07T08:12:03.711653+00:00,ETH-26MAR27-2200-P,2540.72,ETH-26MAR27,put,2200.0,2027-03-26T08:00:00+00:00,0.547547224388008,0.0915,0.094,0.092926,0.09275,2540.72,ETH-26MAR27,0.5513,-0.28897,6.42555,1732.0,0.0,0.0025000000000000022,ETH,2489.09,0.0
2026-09-07T08:12:03.711653+00:00,ETH-25DEC26-1700-C,2515.0,ETH-25DEC26,call,1700.0,2026-12-25T08:00:00+00:00,0.29840280275898673,0.335,0.342,0.338573,0.3385,2515.0,ETH-25DEC26,0.5926,0.91483,2.14138,365.0,0.0,0.007000000000000006,ETH,2489.09,0.0
2026-09-07T08:12:03.711653+00:00,ETH-30OCT26-2850-P,2500.83,ETH-30OCT26,put,2850.0,2026-10-30T08:00:00+00:00,0.14508315867958907,0.1695,0.1755,0.173285,0.1725,2500.83,ETH-30OCT26,0.5307999999999999,-0.70751,3.27417,0.0,0.0,0.005999999999999978,ETH,2489.09,0.0
2026-09-07T08:12:03.711653+00:00,ETH-25SEP26-6000-C,2494.48,ETH-25SEP26,call,6000.0,2026-09-25T08:00:00+00:00,0.04925838112996552,,0.0001,4e-06,,2494.48,ETH-25SEP26,1.0195999999999998,8e-05,0.00185,3711.0,0.0,,ETH,2489.09,0.0
2026-09-07T08:12:03.711653+00:00,ETH-8SEP26-2640-C,2489.15,ETH-8SEP26,call,2640.0,2026-09-08T08:00:00+00:00,0.0027149177487198013,0.0001,0.0002,0.000149,0.00015,2489.15,ETH-8SEP26,0.5206000000000001,0.0153,0.04993,612.0,643.0,0.0001,ETH,2489.09,1724.65
2026-09-07T08:12:03.711653+00:00,ETH-30OCT26-4400-P,2500.84,ETH-30OCT26,put,4400.0,2026-10-30T08:00:00+00:00,0.14508315867958907,0.7535,0.769,0.761476,0.76125,2500.84,ETH-30OCT26,0.6951999999999999,-0.97735,0.51255,0.0,0.0,0.01550000000000007,ETH,2489.09,0.0
2026-09-07T08:12:03.711653+00:00,ETH-25DEC26-3200-P,2514.99,ETH-25DEC26,put,3200.0,2026-12-25T08:00:00+00:00,0.29840280275898673,0.306,0.3185,0.311396,0.31225,2514.99,ETH-25DEC26,0.5423,-0.74708,4.39348,261.0,0.0,0.012500000000000011,ETH,2489.09,0.0
2026-09-07T08:12:03.711653+00:00,ETH-25SEP26-5400-C,2494.47,ETH-25SEP26,call,5400.0,2026-09-25T08:00:00+00:00,0.04925838112996552,,0.0001,7e-06,,2494.47,ETH-25SEP26,0.9344,0.00015,0.00315,1738.0,0.0,,ETH,2489.09,0.0
2026-09-07T08:12:03.711653+00:00,ETH-25DEC26-10000-C,2515.0,ETH-25DEC26,call,10000.0,2026-12-25T08:00:00+00:00,0.29840280275898673,0.0002,0.0004,0.000216,0.0003,2515.0,ETH-25DEC26,0.8101999999999999,0.00188,0.08253,1743.0,0.0,0.0002,ETH,2489.09,0.0
2026-09-07T08:12:03.711653+00:00,ETH-8SEP26-2440-P,2489.16,ETH-8SEP26,put,2440.0,2026-09-08T08:00:00+00:00,0.0027149177487198013,0.0012,0.0015,0.001485,0.00135,2489.16,ETH-8SEP26,0.36979999999999996,-0.14918,0.30104,644.0,561.0,0.00030000000000000014,ETH,2489.09,2315.24
2026-09-07T08:12:03.711653+00:00,ETH-25JUN27-2800-C,2569.3,ETH-25JUN27,call,2800.0,2027-06-25T08:00:00+00:00,0.7966916460170291,0.161,0.163,0.162502,0.162,2569.3,ETH-25JUN27,0.5548,0.5293,9.12512,1231.0,0.0,0.0020000000000000018,ETH,2489.09,0.0
2026-09-07T08:12:03.711653+00:00,ETH-25SEP26-4800-P,2494.47,ETH-25SEP26,put,4800.0,2026-09-25T08:00:00+00:00,0.04925838112996552,0.917,0.931,0.924309,0.924,2494.47,ETH-25SEP26,0.9312,-0.99891,0.02024,110.0,0.0,0.014000000000000012,ETH,2489.09,0.0
2026-09-07T08:12:03.711653+00:00,ETH-18SEP26-2350-P,2492.28,ETH-18SEP26,put,2350.0,2026-09-18T08:00:00+00:00,0.030093425620040814,0.0115,0.0125,0.012133,0.012,2492.28,ETH-18SEP26,0.4932,-0.23329,1.32337,1471.0,16.0,0.0010000000000000009,ETH,2489.09,469.89
2026-09-07T08:12:03.711653+00:00,ETH-25DEC26-5500-P,2515.0,ETH-25DEC26,put,5500.0,2026-12-25T08:00:00+00:00,0.29840280275898673,1.1765,1.2025,1.189956,1.1895,2515.0,ETH-25DEC26,0.6685,-0.97508,0.80101,0.0,0.0,0.0259999999999998,ETH,2489.09,0.0
2026-09-07T08:12:03.711653+00:00,ETH-30OCT26-2350-P,2500.84,ETH-30OCT26,put,2350.0,2026-10-30T08:00:00+00:00,0.14508315867958907,0.048,0.0495,0.048754,0.04875,2500.84,ETH-30OCT26,0.5103,-0.33864,3.48537,657.0,1.0,0.0015000000000000013,ETH,2489.09,126.43
2026-09-07T08:12:03.711653+00:00,ETH-25SEP26-4200-C,2494.48,ETH-25SEP26,call,4200.0,2026-09-25T08:00:00+00:00,0.04925838112996552,0.0001,0.0002,9e-05,0.00015,2494.48,ETH-25SEP26,0.7854000000000001,0.00185,0.03277,2651.0,0.0,0.0001,ETH,2489.06,0.0
2026-09-07T08:12:03.711653+00:00,ETH-30OCT26-2700-P,2500.83,ETH-30OCT26,put,2700.0,2026-10-30T08:00:00+00:00,0.14508315867958907,0.1245,0.1295,0.127936,0.127,2500.83,ETH-30OCT26,0.5201,-0.61355,3.64571,126.0,0.0,0.0050000000000000044,ETH,2489.06,0.0
2026-09-07T08:12:03.711653+00:00,ETH-11SEP26-2470-P,2489.96,ETH-11SEP26,put,2470.0,2026-09-11T08:00:00+00:00,0.010928470110116106,0.014,0.015,0.014684,0.0145,2489.96,ETH-11SEP26,0.44329999999999997,-0.42357,1.01922,772.0,0.0,0.0009999999999999992,ETH,2489.06,0.0
2026-09-07T08:12:03.711653+00:00,ETH-25JUN27-2800-P,2569.3,ETH-25JUN27,put,2800.0,2027-06-25T08:00:00+00:00,0.7966916460170291,0.252,0.2545,0.252297,0.25325,2569.3,ETH-25JUN27,0.5548,-0.47071,9.12503,667.0,0.0,0.0025000000000000022,ETH,2489.06,0.0
2026-09-07T08:12:03.711653+00:00,ETH-8SEP26-2580-C,2489.15,ETH-8SEP26,call,2580.0,2026-09-08T08:00:00+00:00,0.0027149177487198013,0.0006,0.0008,0.000677,0.0007,2489.15,ETH-8SEP26,0.4534,0.06639,0.16703,1877.0,1920.0,0.0002000000000000001,ETH,2489.06,9934.15
2026-09-07T08:12:03.711653+00:00,ETH-27NOV26-2650-C,2508.36,ETH-27NOV26,call,2650.0,2026-11-27T08:00:00+00:00,0.2217429807192879,0.0745,0.0755,0.075328,0.075,2508.36,ETH-27NOV26,0.5245000000000001,0.46018,4.68903,320.0,6.0,0.0010000000000000009,ETH,2489.06,1146.77
2026-09-07T08:12:03.711653+00:00,ETH-25JUN27-2600-C,2569.3,ETH-25JUN27,call,2600.0,2027-06-25T08:00:00+00:00,0.7966916460170291,0.1895,0.191,0.190599,0.19025,2569.3,ETH-25JUN27,0.5539999999999999,0.58815,8.92545,346.0,0.0,0.0015000000000000013,ETH,2489.06,0.0
2026-09-07T08:12:03.711653+00:00,ETH-25JUN27-1300-P,2569.3,ETH-25JUN27,put,1300.0,2027-06-25T08:00:00+00:00,0.7966916460170291,0.0215,0.0235,0.022501,0.0225,2569.3,ETH-25JUN27,0.6396000000000001,-0.0697,3.06935,1679.0,1.0,0.0020000000000000018,ETH,2489.06,57.82
2026-09-07T08:12:03.711653+00:00,ETH-26MAR27-5500-P,2540.72,ETH-26MAR27,put,5500.0,2027-03-26T08:00:00+00:00,0.547547224388008,1.163,1.1925,1.177089,1.17775,2540.72,ETH-26MAR27,0.6171,-0.92826,2.5726,0.0,0.0,0.02949999999999986,ETH,2489.06,0.0
2026-09-07T08:12:03.711653+00:00,ETH-26MAR27-1400-C,2540.72,ETH-26MAR27,call,1400.0,2027-03-26T08:00:00+00:00,0.547547224388008,0.462,0.47,0.466011,0.466,2540.72,ETH-26MAR27,0.6386999999999999,0.93276,2.44732,31.0,0.0,0.007999999999999952,ETH,2489.06,0.0
2026-09-07T08:12:03.711653+00:00,ETH-8SEP26-2650-P,2489.15,ETH-8SEP26,put,2650.0,2026-09-08T08:00:00+00:00,0.0027149177487198013,0.0615,0.068,0.064798,0.06475,2489.15,ETH-8SEP26,0.5649000000000001,-0.98296,0.05475,0.0,0.0,0.006500000000000006,ETH,2489.06,0.0
2026-09-07T08:12:03.711653+00:00,ETH-8SEP26-2600-C,2489.15,ETH-8SEP26,call,2600.0,2026-09-08T08:00:00+00:00,0.0027149177487198013,0.0003,0.0005,0.000382,0.0004,2489.15,ETH-8SEP26,0.4714,0.03953,0.1106,672.0,629.0,0.00020000000000000004,ETH,2489.06,1925.69
2026-09-07T08:12:03.711653+00:00,ETH-25JUN27-2400-P,2569.29,ETH-25JUN27,put,2400.0,2027-06-25T08:00:00+00:00,0.7966916460170291,0.1575,0.16,0.15883,0.15875,2569.29,ETH-25JUN27,0.5574,-0.35001,8.49518,38.0,0.0,0.0025000000000000022,ETH,2489.03,0.0
2026-09-07T08:12:03.711653+00:00,ETH-10SEP26-2320-C,2489.77,ETH-10SEP26,call,2320.0,2026-09-10T08:00:00+00:00,0.008190619322984004,0.067,0.072,0.069325,0.0695,2489.77,ETH-10SEP26,0.502,0.94254,0.25942,0.0,0.0,0.0049999999999999906,ETH,2489.03,0.0
2026-09-07T08:12:03.711653+00:00,ETH-9SEP26-2100-C,2489.52,ETH-9SEP26,call,2100.0,2026-09-09T08:00:00+00:00,0.005452768535851902,0.1545,0.159,0.156552,0.15675,2489.52,ETH-9SEP26,0.8898,0.99561,0.02368,0.0,0.0,0.004500000000000004,ETH,2489.03,0.0
2026-09-07T08:12:03.711653+00:00,ETH-25SEP26-1950-C,2494.47,ETH-25SEP26,call,1950.0,2026-09-25T08:00:00+00:00,0.04925838112996552,0.2175,0.2225,0.220039,0.22,2494.47,ETH-25SEP26,0.6189,0.96853,0.39201,3696.0,0.0,0.0050000000000000044,ETH,2489.03,0.0
2026-09-07T08:12:03.711653+00:00,ETH-10SEP26-2800-P,2489.77,ETH-10SEP26,put,2800.0,2026-09-10T08:00:00+00:00,0.008190619322984004,0.121,0.1285,0.124934,0.12475,2489.77,ETH-10SEP26,0.6063000000000001,-0.98273,0.09628,0.0,0.0,0.007500000000000007,ETH,2489.03,0.0
2026-09-07T08:12:03.711653+00:00,ETH-9SEP26-2380-C,2489.52,ETH-9SEP26,call,2380.0,2026-09-09T08:00:00+00:00,0.005452768535851902,0.043,0.049,0.045353,0.046,2489.52,ETH-9SEP26,0.45399999999999996,0.9121,0.29322,0.0,0.0,0.006000000000000005,ETH,2489.03,0.0
2026-09-07T08:12:03.711653+00:00,ETH-27NOV26-1600-C,2508.36,ETH-27NOV26,call,1600.0,2026-11-27T08:00:00+00:00,0.2217429807192879,0.366,0.3715,0.369118,0.36875,2508.36,ETH-27NOV26,0.6368,0.95032,1.2121,0.0,0.0,0.005500000000000005,ETH,2489.04,0.0
2026-09-07T08:12:03.711653+00:00,ETH-10SEP26-2500-C,2489.77,ETH-10SEP26,call,2500.0,2026-09-10T08:00:00+00:00,0.008190619322984004,0.013,0.014,0.0137,0.0135,2489.77,ETH-10SEP26,0.433,0.4643,0.89518,10.0,10.0,0.0010000000000000009,ETH,2489.03,334.62
2026-09-07T08:12:03.711653+00:00,ETH-26MAR27-1600-P,2540.72,ETH-26MAR27,put,1600.0,2027-03-26T08:00:00+00:00,0.547547224388008,0.0265,0.028,0.027208,0.02725,2540.72,ETH-26MAR27,0.6038,-0.10427,3.40163,1520.0,0.0,0.0015000000000000013,ETH,2489.04,0.0
2026-09-07T08:12:03.711653+00:00,ETH-8SEP26-2520-C,2489.15,ETH-8SEP26,call,2520.0,2026-09-08T08:00:00+00:00,0.0027149177487198013,0.003,0.0034,0.003252,0.0032,2489.15,ETH-8SEP26,0.3807,0.26596,0.42523,1148.0,241.0,0.00039999999999999975,ETH,2489.04,2876.11
2026-09-07T08:12:03.711653+00:00,ETH-9SEP26-2350-C,2489.52,ETH-9SEP26,call,2350.0,2026-09-09T08:00:00+00:00,0.005452768535851902,0.054,0.06,0.056899,0.057,2489.52,ETH-9SEP26,0.4938,0.94492,0.20467,0.0,0.0,0.005999999999999998,ETH,2489.04,0.0
2026-09-07T08:12:03.711653+00:00,ETH-25JUN27-3800-C,2569.3,ETH-25JUN27,call,3800.0,2027-06-25T08:00:00+00:00,0.7966916460170291,0.075,0.0765,0.076057,0.07575,2569.3,ETH-25JUN27,0.5667,0.30113,7.98784,436.0,0.0,0.0015000000000000013,ETH,2489.04,0.0
2026-09-07T08:12:03.711653+00:00,ETH-27NOV26-2800-C,2508.36,ETH-27NOV26,call,2800.0,2026-11-27T08:00:00+00:00,0.2217429807192879,0.056,0.0575,0.056901,0.05675,2508.36,ETH-27NOV26,0.5297,0.37553,4.48112,237.0,0.0,0.0015000000000000013,ETH,2489.04,0.0
2026-09-07T08:12:03.711653+00:00,ETH-30OCT26-1500-C,2500.84,ETH-30OCT26,call,1500.0,2026-10-30T08:00:00+00:00,0.14508315867958907,0.4,0.4045,0.402239,0.40225,2500.84,ETH-30OCT26,0.6927,0.98067,0.44805,50.0,0.0,0.004500000000000004,ETH,2489.04,0.0
2026-09-07T08:12:03.711653+00:00,ETH-25DEC26-2500-C,2515.0,ETH-25DEC26,call,2500.0,2026-12-25T08:00:00+00:00,0.29840280275898673,0.1155,0.117,0.116631,0.11625,2515.0,ETH-25DEC26,0.5246,0.56492,5.40905,28646.0,73.0,0.0015000000000000013,ETH,2489.04,22641.02
2026-09-07T08:12:03.711653+00:00,ETH-10SEP26-2540-P,2489.77,ETH-10SEP26,put,2540.0,2026-09-10T08:00:00+00:00,0.008190619322984004,0.027,0.0295,0.028402,0.02825,2489.77,ETH-10SEP26,0.44909999999999994,-0.68325,0.8022,0.0,0.0,0.0024999999999999988,ETH,2489.04,0.0
2026-09-07T08:12:03.711653+00:00,ETH-30OCT26-2800-C,2500.83,ETH-30OCT26,call,2800.0,2026-10-30T08:00:00+00:00,0.14508315867958907,0.0375,0.0385,0.037991,0.038,2500.83,ETH-30OCT26,0.5272,0.32165,3.41423,4041.0,0.0,0.0010000000000000009,ETH,2489.08,0.0
2026-09-07T08:12:03.711653+00:00,ETH-10SEP26-2320-P,2489.77,ETH-10SEP26,put,2320.0,2026-09-10T08:00:00+00:00,0.008190619322984004,0.0009,0.0012,0.001134,0.00105,2489.77,ETH-10SEP26,0.502,-0.05749,0.25952,1.0,1.0,0.0002999999999999999,ETH,2489.04,3.47
2026-09-07T08:12:03.711653+00:00,ETH-26MAR27-2400-P,2540.72,ETH-26MAR27,put,2400.0,2027-03-26T08:00:00+00:00,0.547547224388008,0.1285,0.1305,0.129634,0.1295,2540.72,ETH-26MAR27,0.5463,-0.36599,7.07371,523.0,0.0,0.0020000000000000018,ETH,2489.08,0.0
2026-09-07T08:12:03.711653+00:00,ETH-27NOV26-2350-P,2508.36,ETH-27NOV26,put,2350.0,2026-11-27T08:00:00+00:00,0.2217429807192879,0.066,0.067,0.06666,0.0665,2508.36,ETH-27NOV26,0.523,-0.34948,4.37288,150.0,0.0,0.0010000000000000009,ETH,2489.08,0.0
2026-09-07T08:12:03.711653+00:00,ETH-25DEC26-6000-P,2515.0,ETH-25DEC26,put,6000.0,2026-12-25T08:00:00+00:00,0.29840280275898673,1.3755,1.4015,1.387862,1.3885,2515.0,ETH-25DEC26,0.6943,-0.98234,0.59833,50.0,50.0,0.026000000000000023,ETH,2489.08,173433.63
2026-09-07T08:12:03.711653+00:00,ETH-26MAR27-1700-C,2540.72,ETH-26MAR27,call,1700.0,2027-03-26T08:00:00+00:00,0.547547224388008,0.36,0.37,0.364961,0.365,2540.72,ETH-26MAR27,0.59,0.87243,3.92573,1256.0,0.0,0.010000000000000009,ETH,2489.08,0.0
2026-09-07T08:12:03.711653+00:00,ETH-10SEP26-2100-C,2489.77,ETH-10SEP26,call,2100.0,2026-09-10T08:00:00+00:00,0.008190619322984004,0.1545,0.159,0.156788,0.15675,2489.77,ETH-10SEP26,0.8123999999999999,0.99065,0.05662,0.0,0.0,0.004500000000000004,ETH,2489.08,0.0
2026-09-07T08:12:03.711653+00:00,ETH-25JUN27-1000-P,2569.3,ETH-25JUN27,put,1000.0,2027-06-25T08:00:00+00:00,0.7966916460170291,0.0105,0.012,0.011162,0.01125,2569.3,ETH-25JUN27,0.7055,-0.03496,1.77043,4810.0,0.0,0.0014999999999999996,ETH,2489.08,0.0
2026-09-07T08:12:03.711653+00:00,ETH-8SEP26-2700-C,2489.15,ETH-8SEP26,call,2700.0,2026-09-08T08:00:00+00:00,0.0027149177487198013,,0.0001,9.4e-05,,2489.15,ETH-8SEP26,0.649,0.00833,0.02943,309.0,303.0,,ETH,2489.08,343.77
2026-09-07T08:12:03.711653+00:00,ETH-27NOV26-2400-P,2508.36,ETH-27NOV26,put,2400.0,2026-11-27T08:00:00+00:00,0.2217429807192879,0.075,0.0765,0.075692,0.07575,2508.36,ETH-27NOV26,0.5222,-0.38157,4.50322,270.0,0.0,0.0015000000000000013,ETH,2489.08,0.0
2026-09-07T08:12:03.711653+00:00,ETH-25SEP26-2000-P,2494.47,ETH-25SEP26,put,2000.0,2026-09-25T08:00:00+00:00,0.04925838112996552,0.0022,0.0025,0.002333,0.00235,2494.47,ETH-25SEP26,0.5962,-0.04147,0.4913,21039.0,6.0,0.0002999999999999999,ETH,2489.08,36.69
2026-09-07T08:12:03.711653+00:00,ETH-9SEP26-2460-C,2489.52,ETH-9SEP26,call,2460.0,2026-09-09T08:00:00+00:00,0.005452768535851902,0.018,0.0195,0.018868,0.01875,2489.52,ETH-9SEP26,0.4106,0.65658,0.67592,0.0,0.0,0.0015000000000000013,ETH,2489.08,0.0
2026-09-07T08:12:03.711653+00:00,ETH-30OCT26-2550-P,2500.84,ETH-30OCT26,put,2550.0,2026-10-30T08:00:00+00:00,0.14508315867958907,0.088,0.089,0.088721,0.0885,2500.84,ETH-30OCT26,0.5122,-0.50125,3.80069,726.0,1.0,0.0010000000000000009,ETH,2489.08,216.24
2026-09-07T08:12:03.711653+00:00,ETH-25DEC26-1400-P,2515.0,ETH-25DEC26,put,1400.0,2026-12-25T08:00:00+00:00,0.29840280275898673,0.0055,0.0065,0.005999,0.006,2515.0,ETH-25DEC26,0.6638,-0.03624,1.09242,13607.0,4.0,0.001,ETH,2489.08,55.23
2026-09-07T08:12:03.711653+00:00,ETH-30OCT26-2000-C,2500.84,ETH-30OCT26,call,2000.0,2026-10-30T08:00:00+00:00,0.14508315867958907,0.2105,0.217,0.213748,0.21375,2500.84,ETH-30OCT26,0.5473,0.88001,1.90564,753.0,0.0,0.006500000000000006,ETH,2489.08,0.0
2026-09-07T08:12:03.711653+00:00,ETH-10SEP26-2420-C,2489.77,ETH-10SEP26,call,2420.0,2026-09-10T08:00:00+00:00,0.008190619322984004,0.032,0.034,0.033287,0.033,2489.77,ETH-10SEP26,0.43200000000000005,0.77107,0.6823,0.0,0.0,0.0020000000000000018,ETH,2489.08,0.0
2026-09-07T08:12:03.711653+00:00,ETH-27NOV26-2700-P,2508.36,ETH-27NOV26,put,2700.0,2026-11-27T08:00:00+00:00,0.2217429807192879,0.1445,0.146,0.145003,0.14525,2508.36,ETH-27NOV26,0.5259,-0.56919,4.64145,99.0,18.0,0.0015000000000000013,ETH,2489.06,6376.08
2026-09-07T08:12:03.711653+00:00,ETH-25SEP26-1800-P,2494.47,ETH-25SEP26,put,1800.0,2026-09-25T08:00:00+00:00,0.04925838112996552,0.0008,0.001,0.000848,0.0009,2494.47,ETH-25SEP26,0.6994,-0.01469,0.20599,12902.0,1.0,0.00019999999999999998,ETH,2489.06,2.76
2026-09-07T08:12:03.711653+00:00,ETH-10SEP26-2520-P,2489.78,ETH-10SEP26,put,2520.0,2026-09-10T08:00:00+00:00,0.008190619322984004,0.0215,0.0235,0.022793,0.0225,2489.78,ETH-10SEP26,0.4404,-0.61308,0.86244,44.0,44.0,0.0020000000000000018,ETH,2489.08,2236.66
2026-09-07T08:12:03.711653+00:00,ETH-25DEC26-9000-P,2515.0,ETH-25DEC26,put,9000.0,2026-12-25T08:00:00+00:00,0.29840280275898673,2.5585,2.6015,2.578873,2.58,2515.0,ETH-25DEC26,0.7839,-0.99714,0.12034,0.0,0.0,0.04300000000000015,ETH,2489.06,0.0
2026-09-07T08:12:03.711653+00:00,ETH-25JUN27-3600-C,2569.29,ETH-25JUN27,call,3600.0,2027-06-25T08:00:00+00:00,0.7966916460170291,0.0865,0.0885,0.087692,0.0875,2569.29,ETH-25JUN27,0.5629,0.33712,8.37617,206.0,1.0,0.0020000000000000018,ETH,2489.06,225.0
2026-09-07T08:12:03.711653+00:00,ETH-25JUN27-4800-C,2569.3,ETH-25JUN27,call,4800.0,2027-06-25T08:00:00+00:00,0.7966916460170291,0.0385,0.04,0.039386,0.03925,2569.3,ETH-25JUN27,0.5848,0.17454,5.90218,142.0,0.0,0.0015000000000000013,ETH,2489.06,0.0
2026-09-07T08:12:03.711653+00:00,ETH-25JUN27-4000-P,2569.3,ETH-25JUN27,put,4000.0,2027-06-25T08:00:00+00:00,0.7966916460170291,0.6125,0.6355,0.62295,0.624,2569.3,ETH-25JUN27,0.5700999999999999,-0.731,7.56924,2.0,0.0,0.02299999999999991,ETH,2489.06,0.0
2026-09-07T08:12:03.711653+00:00,ETH-25DEC26-4600-C,2515.0,ETH-25DEC26,call,4600.0,2026-12-25T08:00:00+00:00,0.29840280275898673,0.0065,0.007,0.006736,0.00675,2515.0,ETH-25DEC26,0.6195,0.05321,1.489,11164.0,0.0,0.0005000000000000004,ETH,2489.06,0.0
2026-09-07T08:12:03.711653+00:00,ETH-8SEP26-2360-C,2489.15,ETH-8SEP26,call,2360.0,2026-09-08T08:00:00+00:00,0.0027149177487198013,0.049,0.0555,0.052018,0.05225,2489.15,ETH-8SEP26,0.4725,0.98507,0.04889,0.0,0.0,0.006499999999999999,ETH,2489.06,0.0
2026-09-07T08:12:03.711653+00:00,ETH-25DEC26-10000-P,2515.0,ETH-25DEC26,put,10000.0,2026-12-25T08:00:00+00:00,0.29840280275898673,2.953,3.002,2.976375,2.9775,2515.0,ETH-25DEC26,0.8101999999999999,-0.99812,0.08253,0.0,0.0,0.04899999999999993,ETH,2489.06,0.0
2026-09-07T08:12:03.711653+00:00,ETH-26MAR27-3200-P,2540.72,ETH-26MAR27,put,3200.0,2027-03-26T08:00:00+00:00,0.547547224388008,0.3325,0.35,0.340199,0.34125,2540.72,ETH-26MAR27,0.551,-0.6415,7.02394,20.0,0.0,0.01749999999999996,ETH,2489.06,0.0
2026-09-07T08:12:03.711653+00:00,ETH-26MAR27-2600-C,2540.72,ETH-26MAR27,call,2600.0,2027-03-26T08:00:00+00:00,0.547547224388008,0.1485,0.1505,0.149783,0.1495,2540.72,ETH-26MAR27,0.5432,0.55685,7.42456,3223.0,0.0,0.0020000000000000018,ETH,2489.06,0.0
2026-09-07T08:12:03.711653+00:00,ETH-25SEP26-2500-C,2494.48,ETH-25SEP26,call,2500.0,2026-09-25T08:00:00+00:00,0.04925838112996552,0.042,0.0435,0.042769,0.04275,2494.48,ETH-25SEP26,0.495,0.5133,2.20772,22993.0,481.0,0.0014999999999999944,ETH,2489.03,52160.44
2026-09-07T08:12:03.711653+00:00,ETH-25JUN27-3300-P,2569.3,ETH-25JUN27,put,3300.0,2027-06-25T08:00:00+00:00,0.7966916460170291,0.3855,0.4015,0.394134,0.3935,2569.3,ETH-25JUN27,0.5586,-0.59989,8.86125,0.0,0.0,0.016000000000000014,ETH,2489.03,0.0
2026-09-07T08:12:03.711653+00:00,ETH-18SEP26-2300-P,2492.29,ETH-18SEP26,put,2300.0,2026-09-18T08:00:00+00:00,0.030093425620040814,0.0075,0.0085,0.008119,0.008,2492.29,ETH-18SEP26,0.5031,-0.16815,1.08647,3535.0,12.0,0.0010000000000000009,ETH,2489.03,218.62
2026-09-07T08:12:03.711653+00:00,ETH-25JUN27-1700-C,2569.29,ETH-25JUN27,call,1700.0,2027-06-25T08:00:00+00:00,0.7966916460170291,0.384,0.395,0.389924,0.3895,2569.29,ETH-25JUN27,0.5884,0.85276,5.28139,676.0,0.0,0.01100000000000001,ETH,2489.03,0.0
2026-09-07T08:12:03.711653+00:00,ETH-25SEP26-2360-C,2494.47,ETH-25SEP26,call,2360.0,2026-09-25T08:00:00+00:00,0.04925838112996552,0.074,0.076,0.075057,0.075,2494.47,ETH-25SEP26,0.4971,0.7109,1.89257,240.0,0.0,0.0020000000000000018,ETH,2489.03,0.0
2026-09-07T08:12:03.711653+00:00,ETH-25SEP26-2600-P,2494.48,ETH-25SEP26,put,2600.0,2026-09-25T08:00:00+00:00,0.04925838112996552,0.0685,0.0705,0.069729,0.0695,2494.48,ETH-25SEP26,0.5032,-0.62414,2.10112,9379.0,0.0,0.001999999999999988,ETH,2489.03,0.0
2026-09-07T08:12:03.711653+00:00,ETH-10SEP26-2600-C,2489.77,ETH-10SEP26,call,2600.0,2026-09-10T08:00:00+00:00,0.008190619322984004,0.0035,0.0039,0.003745,0.0037,2489.77,ETH-10SEP26,0.48109999999999997,0.16419,0.55746,45.0,45.0,0.00039999999999999975,ETH,2489.03,545.22
2026-09-07T08:12:03.711653+00:00,ETH-27NOV26-2450-C,2508.36,ETH-27NOV26,call,2450.0,2026-11-27T08:00:00+00:00,0.2217429807192879,0.1075,0.109,0.108484,0.10825,2508.36,ETH-27NOV26,0.5203,0.58607,4.60232,132.0,0.0,0.0015000000000000013,ETH,2489.05,0.0
2026-09-07T08:12:03.711653+00:00,ETH-9SEP26-2480-P,2489.52,ETH-9SEP26,put,2480.0,2026-09-09T08:00:00+00:00,0.005452768535851902,0.0095,0.0105,0.010313,0.01,2489.52,ETH-9SEP26,0.4125,-0.44627,0.72647,169.0,3.0,0.0010000000000000009,ETH,2489.03,69.9
2026-09-07T08:12:03.711653+00:00,ETH-11SEP26-2600-C,2489.96,ETH-11SEP26,call,2600.0,2026-09-11T08:00:00+00:00,0.010928470110116106,0.005,0.006,0.005913,0.0055,2489.96,ETH-11SEP26,0.4932,0.20665,0.74302,2688.0,461.0,0.001,ETH,2489.03,8728.42
2026-09-07T08:12:03.711653+00:00,ETH-10SEP26-2380-C,2489.78,ETH-10SEP26,call,2380.0,2026-09-10T08:00:00+00:00,0.008190619322984004,0.044,0.05,0.046738,0.047,2489.78,ETH-10SEP26,0.4475,0.87095,0.47418,0.0,0.0,0.006000000000000005,ETH,2489.05,0.0
2026-09-07T08:12:03.711653+00:00,ETH-30OCT26-3800-C,2500.83,ETH-30OCT26,call,3800.0,2026-10-30T08:00:00+00:00,0.14508315867958907,0.0045,0.0049,0.004791,0.0047,2500.83,ETH-30OCT26,0.6286999999999999,0.05174,1.00974,814.0,0.0,0.0004000000000000002,ETH,2489.05,0.0
2026-09-07T08:12:03.711653+00:00,ETH-25SEP26-2420-P,2494.47,ETH-25SEP26,put,2420.0,2026-09-25T08:00:00+00:00,0.04925838112996552,0.029,0.03,0.029727,0.0295,2494.47,ETH-25SEP26,0.49329999999999996,-0.37063,2.09176,5115.0,0.0,0.0009999999999999974,ETH,2489.05,0.0
2026-09-07T08:12:03.711653+00:00,ETH-25DEC26-8000-C,2514.99,ETH-25DEC26,call,8000.0,2026-12-25T08:00:00+00:00,0.29840280275898673,0.0004,0.0008,0.000573,0.0006,2514.99,ETH-25DEC26,0.7592,0.00491,0.19553,2942.0,0.0,0.0004,ETH,2489.05,0.0
2026-09-07T08:12:03.711653+00:00,ETH-10SEP26-2900-C,2489.78,ETH-10SEP26,call,2900.0,2026-09-10T08:00:00+00:00,0.008190619322984004,0.0001,0.0002,0.000147,0.00015,2489.78,ETH-10SEP26,0.6826000000000001,0.00732,0.04569,80.0,100.0,0.0001,ETH,2489.05,129.73
2026-09-07T08:12:03.711653+00:00,ETH-25JUN27-1600-P,2569.3,ETH-25JUN27,put,1600.0,2027-06-25T08:00:00+00:00,0.7966916460170291,0.0415,0.0435,0.042486,0.0425,2569.3,ETH-25JUN27,0.5985,-0.12445,4.70656,1978.0,0.0,0.001999999999999995,ETH,2489.05,0.0
2026-09-07T08:12:03.711653+00:00,ETH-10SEP26-2250-P,2489.78,ETH-10SEP26,put,2250.0,2026-09-10T08:00:00+00:00,0.008190619322984004,0.0004,0.0007,0.000585,0.00055,2489.78,ETH-10SEP26,0.5932999999999999,-0.02775,0.14367,192.0,218.0,0.0003,ETH,2489.05,429.6
2026-09-07T08:12:03.711653+00:00,ETH-18SEP26-2300-C,2492.28,ETH-18SEP26,call,2300.0,2026-09-18T08:00:00+00:00,0.030093425620040814,0.084,0.0865,0.085273,0.08525,2492.28,ETH-18SEP26,0.5031,0.83185,1.08647,50.0,0.0,0.0024999999999999883,ETH,2489.05,0.0
2026-09-07T08:12:03.711653+00:00,ETH-25SEP26-2550-C,2494.47,ETH-25SEP26,call,2550.0,2026-09-25T08:00:00+00:00,0.04925838112996552,0.034,0.035,0.034508,0.0345,2494.47,ETH-25SEP26,0.5001,0.44309,2.18669,277.0,0.0,0.0010000000000000009,ETH,2489.33,0.0
2026-09-07T08:12:03.711653+00:00,ETH-8SEP26-2100-P,2489.15,ETH-8SEP26,put,2100.0,2026-09-08T08:00:00+00:00,0.0027149177487198013,,0.0001,2e-06,,2489.15,ETH-8SEP26,0.9014,-0.00014,0.00068,3151.0,0.0,,ETH,2489.33,0.0
2026-09-07T08:12:03.711653+00:00,ETH-30OCT26-1900-C,2500.83,ETH-30OCT26,call,1900.0,2026-10-30T08:00:00+00:00,0.14508315867958907,0.2465,0.253,0.249267,0.24975,2500.83,ETH-30OCT26,0.5661999999999999,0.91632,1.4651,275.0,0.0,0.006500000000000006,ETH,2489.33,0.0
2026-09-07T08:12:03.711653+00:00,ETH-8SEP26-2640-P,2489.15,ETH-8SEP26,put,2640.0,2026-09-08T08:00:00+00:00,0.0027149177487198013,0.057,0.064,0.060747,0.0605,2489.15,ETH-8SEP26,0.5206000000000001,-0.9847,0.04991,0.0,0.0,0.006999999999999999,ETH,2489.33,0.0
2026-09-07T08:12:03.711653+00:00,ETH-25DEC26-3100-P,2514.99,ETH-25DEC26,put,3100.0,2026-12-25T08:00:00+00:00,0.29840280275898673,0.273,0.285,0.278124,0.279,2514.99,ETH-25DEC26,0.5383,-0.71382,4.67425,0.0,0.0,0.011999999999999955,ETH,2489.33,0.0
2026-09-07T08:12:03.711653+00:00,ETH-9SEP26-2620-P,2489.52,ETH-9SEP26,put,2620.0,2026-09-09T08:00:00+00:00,0.005452768535851902,0.051,0.057,0.053881,0.054,2489.52,ETH-9SEP26,0.5022,-0.91302,0.29096,0.0,0.0,0.006000000000000005,ETH,2489.33,0.0
2026-09-07T08:12:03.711653+00:00,ETH-10SEP26-2540-C,2489.78,ETH-10SEP26,call,2540.0,2026-09-10T08:00:00+00:00,0.008190619322984004,0.0075,0.0085,0.008232,0.008,2489.78,ETH-10SEP26,0.44909999999999994,0.3179,0.80354,100.0,100.0,0.0010000000000000009,ETH,2489.33,2368.07
2026-09-07T08:12:03.711653+00:00,ETH-9SEP26-2480-C,2489.52,ETH-9SEP26,call,2480.0,2026-09-09T08:00:00+00:00,0.005452768535851902,0.0135,0.0145,0.014133,0.014,2489.52,ETH-9SEP26,0.4125,0.5554,0.72614,60.0,60.0,0.0010000000000000009,ETH,2489.33,2089.82
2026-09-07T08:12:03.711653+00:00,ETH-25DEC26-6500-C,2514.99,ETH-25DEC26,call,6500.0,2026-12-25T08:00:00+00:00,0.29840280275898673,0.0013,0.0017,0.001519,0.0015,2514.99,ETH-25DEC26,0.7141,0.01249,0.44448,1846.0,0.0,0.00039999999999999996,ETH,2489.6,0.0
2026-09-07T08:12:03.711653+00:00,ETH-26MAR27-3800-C,2540.72,ETH-26MAR27,call,3800.0,2027-03-26T08:00:00+00:00,0.547547224388008,0.044,0.046,0.045256,0.045,2540.72,ETH-26MAR27,0.5656,0.2259,5.65289,1401.0,0.0,0.0020000000000000018,ETH,2489.6,0.0
2026-09-07T08:12:03.711653+00:00,ETH-25SEP26-1500-P,2494.47,ETH-25SEP26,put,1500.0,2026-09-25T08:00:00+00:00,0.04925838112996552,0.0001,0.0003,0.000261,0.0002,2494.47,ETH-25SEP26,0.8970999999999999,-0.00397,0.06521,17057.0,8.0,0.00019999999999999998,ETH,2489.6,6.08
2026-09-07T08:12:03.711653+00:00,ETH-25DEC26-2400-P,2514.99,ETH-25DEC26,put,2400.0,2026-12-25T08:00:00+00:00,0.29840280275898673,0.0895,0.091,0.0903,0.09025,2514.99,ETH-25DEC26,0.5262,-0.37964,5.23106,4649.0,0.0,0.0015000000000000013,ETH,2489.6,0.0
2026-09-07T08:12:03.711653+00:00,ETH-25SEP26-1950-P,2494.48,ETH-25SEP26,put,1950.0,2026-09-25T08:00:00+00:00,0.04925838112996552,0.0016,0.002,0.001765,0.0018,2494.48,ETH-25SEP26,0.6189,-0.03136,0.39095,4381.0,8.0,0.00039999999999999996,ETH,2489.6,32.41
2026-09-07T08:12:03.711653+00:00,ETH-30OCT26-3200-P,2500.84,ETH-30OCT26,put,3200.0,2026-10-30T08:00:00+00:00,0.14508315867958907,0.289,0.2995,0.294618,0.29425,2500.84,ETH-30OCT26,0.5631,-0.85122,2.20969,2.0,0.0,0.01050000000000001,ETH,2489.6,0.0
2026-09-07T08:12:03.711653+00:00,ETH-8SEP26-2380-C,2489.15,ETH-8SEP26,call,2380.0,2026-09-08T08:00:00+00:00,0.0027149177487198013,0.041,0.048,0.044029,0.0445,2489.15,ETH-8SEP26,0.4263,0.97848,0.06676,0.0,0.0,0.006999999999999999,ETH,2489.6,0.0
2026-09-07T08:12:03.711653+00:00,ETH-30OCT26-1400-P,2500.84,ETH-30OCT26,put,1400.0,2026-10-30T08:00:00+00:00,0.14508315867958907,0.0012,0.0016,0.001429,0.0014,2500.84,ETH-30OCT26,0.7331,-0.0133,0.32525,2801.0,0.0,0.0004000000000000002,ETH,2489.6,0.0
2026-09-07T08:12:03.711653+00:00,ETH-8SEP26-2560-C,2489.16,ETH-8SEP26,call,2560.0,2026-09-08T08:00:00+00:00,0.0027149177487198013,0.001,0.0012,0.001078,0.0011,2489.16,ETH-8SEP26,0.4233,0.10512,0.23588,262.0,340.0,0.00019999999999999987,ETH,2489.6,1016.91
2026-09-07T08:12:03.711653+00:00,ETH-26MAR27-2300-P,2540.72,ETH-26MAR27,put,2300.0,2027-03-26T08:00:00+00:00,0.547547224388008,0.109,0.1115,0.11035,0.11025,2540.72,ETH-26MAR27,0.5483,-0.32697,6.78584,1688.0,0.0,0.0025000000000000022,ETH,2489.82,0.0
2026-09-07T08:12:03.711653+00:00,ETH-26MAR27-1700-P,2540.72,ETH-26MAR27,put,1700.0,2027-03-26T08:00:00+00:00,0.547547224388008,0.033,0.035,0.034068,0.034,2540.72,ETH-26MAR27,0.59,-0.12743,3.92384,1637.0,0.0,0.0020000000000000018,ETH,2489.82,0.0
2026-09-07T08:12:03.711653+00:00,ETH-10SEP26-2400-C,2489.77,ETH-10SEP26,call,2400.0,2026-09-10T08:00:00+00:00,0.008190619322984004,0.0385,0.0415,0.039746,0.04,2489.77,ETH-10SEP26,0.4364,0.82946,0.57141,0.0,0.0,0.0030000000000000027,ETH,2489.82,0.0
2026-09-07T08:12:03.711653+00:00,ETH-27NOV26-3100-P,2508.36,ETH-27NOV26,put,3100.0,2026-11-27T08:00:00+00:00,0.2217429807192879,0.2625,0.2745,0.268551,0.2685,2508.36,ETH-27NOV26,0.5452,-0.75701,3.69772,0.0,0.0,0.01200000000000001,ETH,2489.82,0.0
2026-09-07T08:12:03.711653+00:00,ETH-9SEP26-2400-C,2489.52,ETH-9SEP26,call,2400.0,2026-09-09T08:00:00+00:00,0.005452768535851902,0.0355,0.041,0.037977,0.03825,2489.52,ETH-9SEP26,0.4365,0.87644,0.37536,0.0,0.0,0.005500000000000005,ETH,2489.82,0.0
2026-09-07T08:12:03.711653+00:00,ETH-25SEP26-12000-C,2494.47,ETH-25SEP26,call,12000.0,2026-09-25T08:00:00+00:00,0.04925838112996552,,0.0001,1e-06,,2494.47,ETH-25SEP26,1.6338,2e-05,0.0004,1953.0,0.0,,ETH,2489.82,0.0
2026-09-07T08:12:03.711653+00:00,ETH-25JUN27-2900-P,2569.29,ETH-25JUN27,put,2900.0,2027-06-25T08:00:00+00:00,0.7966916460170291,0.278,0.281,0.278899,0.2795,2569.29,ETH-25JUN27,0.5556,-0.49846,9.15167,284.0,0.0,0.0030000000000000027,ETH,2489.82,0.0
2026-09-07T08:12:03.711653+00:00,ETH-30OCT26-2150-C,2500.83,ETH-30OCT26,call,2150.0,2026-10-30T08:00:00+00:00,0.14508315867958907,0.161,0.1685,0.164251,0.16475,2500.83,ETH-30OCT26,0.5245000000000001,0.80415,2.63419,1035.0,4.0,0.007500000000000007,ETH,2489.82,1723.54
2026-09-07T08:12:03.711653+00:00,ETH-25JUN27-4800-P,2569.3,ETH-25JUN27,put,4800.0,2027-06-25T08:00:00+00:00,0.7966916460170291,0.895,0.923,0.907607,0.909,2569.3,ETH-25JUN27,0.5848,-0.82532,5.90689,0.0,0.0,0.028000000000000025,ETH,2489.77,0.0
2026-09-07T08:12:03.711653+00:00,ETH-25SEP26-2350-C,2494.47,ETH-25SEP26,call,2350.0,2026-09-25T08:00:00+00:00,0.04925838112996552,0.0765,0.079,0.077864,0.07775,2494.47,ETH-25SEP26,0.4982,0.72453,1.84969,0.0,0.0,0.0025000000000000022,ETH,2489.77,0.0
2026-09-07T08:12:03.711653+00:00,ETH-10SEP26-2440-P,2489.77,ETH-10SEP26,put,2440.0,2026-09-10T08:00:00+00:00,0.008190619322984004,0.007,0.0075,0.007226,0.00725,2489.77,ETH-10SEP26,0.42450000000000004,-0.29142,0.7732,364.0,514.0,0.0004999999999999996,ETH,2489.77,9039.61
2026-09-07T08:12:03.711653+00:00,ETH-8SEP26-2380-P,2489.15,ETH-8SEP26,put,2380.0,2026-09-08T08:00:00+00:00,0.0027149177487198013,0.0001,0.0003,0.000175,0.0002,2489.15,ETH-8SEP26,0.4263,-0.02111,0.06569,373.0,322.0,0.00019999999999999998,ETH,2489.77,495.34
2026-09-07T08:12:03.711653+00:00,ETH-25DEC26-1900-C,2515.0,ETH-25DEC26,call,1900.0,2026-12-25T08:00:00+00:00,0.29840280275898673,0.2665,0.275,0.270299,0.27075,2515.0,ETH-25DEC26,0.5603,0.8576,3.09483,3837.0,0.0,0.008500000000000008,ETH,2489.77,0.0
2026-09-07T08:12:03.711653+00:00,ETH-11SEP26-2250-P,2489.96,ETH-11SEP26,put,2250.0,2026-09-11T08:00:00+00:00,0.010928470110116106,0.0008,0.0011,0.000998,0.00095,2489.96,ETH-11SEP26,0.5660000000000001,-0.04045,0.2264,5638.0,1.0,0.00030000000000000003,ETH,2489.77,2.26
2026-09-07T08:12:03.711653+00:00,ETH-30OCT26-2450-C,2500.84,ETH-30OCT26,call,2450.0,2026-10-30T08:00:00+00:00,0.14508315867958907,0.0865,0.088,0.087192,0.08725,2500.84,ETH-30OCT26,0.5099,0.5806,3.72398,420.0,0.0,0.0015000000000000013,ETH,2489.77,0.0
2026-09-07T08:12:03.711653+00:00,ETH-11SEP26-2800-P,2489.95,ETH-11SEP26,put,2800.0,2026-09-11T08:00:00+00:00,0.010928470110116106,0.1215,0.129,0.125405,0.12525,2489.95,ETH-11SEP26,0.6114999999999999,-0.96431,0.20441,67.0,0.0,0.007500000000000007,ETH,2489.77,0.0
2026-09-07T08:12:03.711653+00:00,ETH-11SEP26-2200-P,2489.96,ETH-11SEP26,put,2200.0,2026-09-11T08:00:00+00:00,0.010928470110116106,0.0005,0.0008,0.000666,0.00065,2489.96,ETH-11SEP26,0.6215999999999999,-0.02616,0.15804,10135.0,674.0,0.00030000000000000003,ETH,2489.77,1146.24
2026-09-07T08:12:03.711653+00:00,ETH-30OCT26-1750-P,2500.84,ETH-30OCT26,put,1750.0,2026-10-30T08:00:00+00:00,0.14508315867958907,0.0048,0.0055,0.005167,0.00515,2500.84,ETH-30OCT26,0.6086,-0.04885,0.96485,779.0,5.0,0.0007000000000000001,ETH,2489.81,68.51
2026-09-07T08:12:03.711653+00:00,ETH-9SEP26-2650-C,2489.52,ETH-9SEP26,call,2650.0,2026-09-09T08:00:00+00:00,0.005452768535851902,0.0008,0.0011,0.000935,0.00095,2489.52,ETH-9SEP26,0.5286,0.05744,0.2116,38.0,30.0,0.00030000000000000003,ETH,2489.77,133.24
2026-09-07T08:12:03.711653+00:00,ETH-25DEC26-1700-P,2514.99,ETH-25DEC26,put,1700.0,2026-12-25T08:00:00+00:00,0.29840280275898673,0.014,0.015,0.01452,0.0145,2514.99,ETH-25DEC26,0.5926,-0.08502,2.13921,13367.0,3.0,0.0009999999999999992,ETH,2489.81,101.86
2026-09-07T08:12:03.711653+00:00,ETH-18SEP26-3200-P,2492.28,ETH-18SEP26,put,3200.0,2026-09-18T08:00:00+00:00,0.030093425620040814,0.2805,0.289,0.284902,0.28475,2492.28,ETH-18SEP26,0.6939,-0.97803,0.22675,0.0,0.0,0.008499999999999952,ETH,2489.81,0.0
2026-09-07T08:12:03.711653+00:00,ETH-30OCT26-1500-P,2500.84,ETH-30OCT26,put,1500.0,2026-10-30T08:00:00+00:00,0.14508315867958907,0.0018,0.0023,0.00204,0.00205,2500.84,ETH-30OCT26,0.6927,-0.01927,0.44704,2662.0,0.0,0.0005,ETH,2489.81,0.0
2026-09-07T08:12:03.711653+00:00,ETH-25SEP26-2850-P,2494.47,ETH-25SEP26,put,2850.0,2026-09-25T08:00:00+00:00,0.04925838112996552,0.1475,0.155,0.151453,0.15125,2494.47,ETH-25SEP26,0.5467,-0.85001,1.29131,0.0,0.0,0.007500000000000007,ETH,2489.81,0.0
2026-09-07T08:12:03.711653+00:00,ETH-11SEP26-2000-C,2489.96,ETH-11SEP26,call,2000.0,2026-09-11T08:00:00+00:00,0.010928470110116106,0.195,0.1995,0.196949,0.19725,2489.96,ETH-11SEP26,0.8504,0.99397,0.04449,19.0,0.0,0.004500000000000004,ETH,2489.81,0.0
2026-09-07T08:12:03.711653+00:00,ETH-25DEC26-6000-C,2514.99,ETH-25DEC26,call,6000.0,2026-12-25T08:00:00+00:00,0.29840280275898673,0.0019,0.0024,0.002167,0.00215,2514.99,ETH-25DEC26,0.6943,0.01769,0.59939,10912.0,60.0,0.0004999999999999998,ETH,2489.81,345.57
2026-09-07T08:12:03.711653+00:00,ETH-30OCT26-2800-P,2500.84,ETH-30OCT26,put,2800.0,2026-10-30T08:00:00+00:00,0.14508315867958907,0.154,0.16,0.157619,0.157,2500.84,ETH-30OCT26,0.5272,-0.67776,3.41791,20.0,0.0,0.006000000000000005,ETH,2489.81,0.0
2026-09-07T08:12:03.711653+00:00,ETH-8SEP26-2320-C,2489.15,ETH-8SEP26,call,2320.0,2026-09-08T08:00:00+00:00,0.0027149177487198013,0.065,0.071,0.068064,0.068,2489.15,ETH-8SEP26,0.5857,0.99015,0.0341,0.0,0.0,0.0059999999999999915,ETH,2489.81,0.0
2026-09-07T08:12:03.711653+00:00,ETH-11SEP26-2600-P,2489.95,ETH-11SEP26,put,2600.0,2026-09-11T08:00:00+00:00,0.010928470110116106,0.0465,0.053,0.050111,0.04975,2489.95,ETH-11SEP26,0.4932,-0.79172,0.7467,288.0,1.0,0.006499999999999999,ETH,2489.81,96.13
2026-09-07T08:12:03.711653+00:00,ETH-25JUN27-800-C,2569.3,ETH-25JUN27,call,800.0,2027-06-25T08:00:00+00:00,0.7966916460170291,0.6915,0.698,0.694867,0.69475,2569.3,ETH-25JUN27,0.758,0.98042,1.09089,118.0,0.0,0.00649999999999995,ETH,2489.81,0.0
2026-09-07T08:12:03.711653+00:00,ETH-27NOV26-4600-P,2508.37,ETH-27NOV26,put,4600.0,2026-11-27T08:00:00+00:00,0.2217429807192879,0.828,0.847,0.837813,0.8375,2508.37,ETH-27NOV26,0.6579,-0.96422,0.92957,0.0,0.0,0.019000000000000017,ETH,2489.81,0.0
