timestamp,instrument_name,underlying,underlying_name,option_type,strike,expiry_datetime,time_to_maturity,bid_price,ask_price,mark_price,mid_price,futures_price,futures_instrument_name,implied_volatility,delta,vega,open_interest,volume,bid_ask_spread,currency,index_price,volume_usd
2026-09-07T23:25:55.061738+00:00,BTC-8SEP26-90000-C,79005.03,BTC-8SEP26,call,90000.0,2026-09-08T08:00:00+00:00,0.0009774171122645574,,0.0001,0.0,,79005.03,BTC-8SEP26,0.5407,0.0,0.0,8.2,0.0,,BTC,79019.78,0.0
2026-09-07T23:25:55.061738+00:00,BTC-25SEP26-155000-P,79116.1,BTC-25SEP26,put,155000.0,2026-09-25T08:00:00+00:00,0.047520880493510276,0.954,0.9645,0.95914279,0.95925,79116.1,BTC-25SEP26,0.8133,-0.99989,0.07236,0.1,0.0,0.010500000000000065,BTC,79019.78,0.0
2026-09-07T23:25:55.061738+00:00,BTC-25SEP26-105000-C,79116.1,BTC-25SEP26,call,105000.0,2026-09-25T08:00:00+00:00,0.047520880493510276,0.0002,0.0005,0.00032313,0.00035,79116.1,BTC-25SEP26,0.5323,0.00865,4.04935,1538.2,1.2,0.00030000000000000003,BTC,79020.79,46.14
2026-09-07T23:25:55.061738+00:00,BTC-18SEP26-90000-C,79072.62,BTC-18SEP26,call,90000.0,2026-09-18T08:00:00+00:00,0.028355924983585568,0.001,0.0012,0.00113486,0.0011,79072.62,BTC-18SEP26,0.42969999999999997,0.03991,11.45715,413.8,4.4,0.00019999999999999987,BTC,79020.79,479.61
2026-09-07T23:25:55.061738+00:00,BTC-27NOV26-70000-C,79749.22,BTC-27NOV26,call,70000.0,2026-11-27T08:00:00+00:00,0.22000548008283266,0.1465,0.1505,0.14819369,0.1485,79749.22,BTC-27NOV26,0.40490000000000004,0.78271,110.00939,4.2,0.0,0.0040000000000000036,BTC,79020.79,0.0
2026-09-07T23:25:55.061738+00:00,BTC-9SEP26-73000-P,79010.08,BTC-9SEP26,put,73000.0,2026-09-09T08:00:00+00:00,0.0037152678993966587,,0.0002,0.00016293,,79010.08,BTC-9SEP26,0.5869,-0.0129,1.60176,6.0,4.1,,BTC,79021.47,75.48
2026-09-07T23:25:55.061738+00:00,BTC-30OCT26-90000-P,79431.27,BTC-30OCT26,put,90000.0,2026-10-30T08:00:00+00:00,0.14334565804313382,0.1475,0.152,0.15049485,0.14975,79431.27,BTC-30OCT26,0.39020000000000005,-0.7797,89.14721,5.9,0.3,0.004500000000000004,BTC,79020.79,3528.48
2026-09-07T23:25:55.061738+00:00,BTC-25JUN27-105000-P,82002.72,BTC-25JUN27,put,105000.0,2027-06-25T08:00:00+00:00,0.794954145380574,0.3415,0.3485,0.34439364,0.345,82002.72,BTC-25JUN27,0.4193,-0.68227,260.77181,0.1,0.0,0.006999999999999951,BTC,79020.79,0.0
2026-09-07T23:25:55.061738+00:00,BTC-25SEP26-82000-P,79116.1,BTC-25SEP26,put,82000.0,2026-09-25T08:00:00+00:00,0.047520880493510276,0.0525,0.0555,0.05406682,0.054,79116.1,BTC-25SEP26,0.3686,-0.65725,63.41049,458.1,185.8,0.0030000000000000027,BTC,79021.47,723167.8
2026-09-07T23:25:55.061738+00:00,BTC-26MAR27-112000-P,81014.14,BTC-26MAR27,put,112000.0,2027-03-26T08:00:00+00:00,0.5458097237515528,0.406,0.415,0.41010087,0.4105,81014.14,BTC-26MAR27,0.4192,-0.8134,160.67887,0.1,0.0,0.008999999999999952,BTC,79021.47,0.0
2026-09-07T23:25:55.061738+00:00,BTC-25DEC26-58000-C,80065.74,BTC-25DEC26,call,58000.0,2026-12-25T08:00:00+00:00,0.2966653021225315,0.284,0.288,0.28610642,0.286,80065.74,BTC-25DEC26,0.4671,0.91836,65.85694,40.3,0.0,0.0040000000000000036,BTC,79021.47,0.0
2026-09-07T23:25:55.061738+00:00,BTC-30OCT26-79000-C,79431.53,BTC-30OCT26,call,79000.0,2026-10-30T08:00:00+00:00,0.14334565804313382,0.0585,0.0595,0.05885187,0.059,79431.53,BTC-30OCT26,0.3726,0.54349,119.30451,186.0,0.1,0.000999999999999994,BTC,79021.47,474.55
2026-09-07T23:25:55.061738+00:00,BTC-9SEP26-83000-C,79010.32,BTC-9SEP26,call,83000.0,2026-09-09T08:00:00+00:00,0.0037152678993966587,,0.0001,9.09e-05,,79010.32,BTC-9SEP26,0.35700000000000004,0.01217,1.5234,70.0,29.9,,BTC,79018.12,1266.66
2026-09-07T23:25:55.061738+00:00,BTC-25SEP26-66000-P,79116.1,BTC-25SEP26,put,66000.0,2026-09-25T08:00:00+00:00,0.047520880493510276,0.0015,0.0017,0.00153179,0.0016,79116.1,BTC-25SEP26,0.47509999999999997,-0.03585,13.59501,1598.3,9.4,0.00019999999999999987,BTC,79018.12,1118.49
2026-09-07T23:25:55.061738+00:00,BTC-25JUN27-90000-C,82002.72,BTC-25JUN27,call,90000.0,2027-06-25T08:00:00+00:00,0.794954145380574,0.108,0.111,0.10944542,0.1095,82002.72,BTC-25JUN27,0.41340000000000005,0.47288,291.10195,760.3,50.0,0.0030000000000000027,BTC,79018.12,442859.71
2026-09-07T23:25:55.061738+00:00,BTC-25SEP26-79000-C,79116.1,BTC-25SEP26,call,79000.0,2026-09-25T08:00:00+00:00,0.047520880493510276,0.032,0.033,0.03224716,0.0325,79116.1,BTC-25SEP26,0.3626,0.52304,68.71141,2289.9,21.6,0.0010000000000000009,BTC,79018.12,56497.87
2026-09-07T23:25:55.061738+00:00,BTC-10SEP26-78000-P,79016.05,BTC-10SEP26,put,78000.0,2026-09-10T08:00:00+00:00,0.006453118686528761,0.005,0.0055,0.00532395,0.00525,79016.05,BTC-10SEP26,0.33030000000000004,-0.30856,22.35477,16.2,16.8,0.0004999999999999996,BTC,79018.12,6589.94
2026-09-07T23:25:55.061738+00:00,BTC-26MAR27-78000-C,81014.14,BTC-26MAR27,call,78000.0,2027-03-26T08:00:00+00:00,0.5458097237515528,0.135,0.137,0.13577186,0.136,81014.14,BTC-26MAR27,0.4032,0.6088,229.91678,584.9,1.0,0.0020000000000000018,BTC,79019.66,10961.75
2026-09-07T23:25:55.061738+00:00,BTC-25SEP26-85000-P,79116.1,BTC-25SEP26,put,85000.0,2026-09-25T08:00:00+00:00,0.047520880493510276,0.0815,0.0855,0.08354754,0.0835,79116.1,BTC-25SEP26,0.37979999999999997,-0.79537,48.96496,454.8,0.0,0.0040000000000000036,BTC,79018.12,0.0
2026-09-07T23:25:55.061738+00:00,BTC-27NOV26-68000-P,79749.51,BTC-27NOV26,put,68000.0,2026-11-27T08:00:00+00:00,0.22000548008283266,0.02,0.021,0.02055753,0.0205,79749.51,BTC-27NOV26,0.4125,-0.1787,97.74239,39.8,0.0,0.0010000000000000009,BTC,79018.12,0.0
2026-09-07T23:25:55.061738+00:00,BTC-11SEP26-77500-P,79022.29,BTC-11SEP26,put,77500.0,2026-09-11T08:00:00+00:00,0.00919096947366086,0.005,0.006,0.00561464,0.0055,79022.29,BTC-11SEP26,0.3442,-0.27254,25.17408,0.1,0.1,0.001,BTC,79019.66,47.47
2026-09-07T23:25:55.061738+00:00,BTC-25DEC26-95000-P,80065.74,BTC-25DEC26,put,95000.0,2026-12-25T08:00:00+00:00,0.2966653021225315,0.213,0.2185,0.2153883,0.21575,80065.74,BTC-25DEC26,0.3979,-0.7519,138.0644,110.8,0.0,0.005500000000000005,BTC,79019.66,0.0
2026-09-07T23:25:55.061738+00:00,BTC-27NOV26-81000-P,79749.22,BTC-27NOV26,put,81000.0,2026-11-27T08:00:00+00:00,0.22000548008283266,0.0805,0.0815,0.08119249,0.081,79749.22,BTC-27NOV26,0.38789999999999997,-0.49785,149.27508,31.2,10.0,0.0010000000000000009,BTC,79019.66,61675.75
2026-09-07T23:25:55.061738+00:00,BTC-11SEP26-72000-C,79022.29,BTC-11SEP26,call,72000.0,2026-09-11T08:00:00+00:00,0.00919096947366086,0.0865,0.0915,0.0892417,0.089,79022.29,BTC-11SEP26,0.4888,0.97772,4.02009,147.8,0.0,0.0050000000000000044,BTC,79020.32,0.0
2026-09-07T23:25:55.061738+00:00,BTC-25SEP26-125000-P,79116.1,BTC-25SEP26,put,125000.0,2026-09-25T08:00:00+00:00,0.047520880493510276,0.576,0.584,0.58012467,0.58,79116.1,BTC-25SEP26,0.7426999999999999,-0.99696,1.59857,21.7,0.0,0.008000000000000007,BTC,79020.32,0.0
2026-09-07T23:25:55.061738+00:00,BTC-11SEP26-65000-C,79022.29,BTC-11SEP26,call,65000.0,2026-09-11T08:00:00+00:00,0.00919096947366086,0.1755,0.1795,0.17748795,0.1775,79022.29,BTC-11SEP26,0.7398,0.99736,0.61888,0.0,0.0,0.0040000000000000036,BTC,79020.32,0.0
2026-09-07T23:25:55.061738+00:00,BTC-25JUN27-55000-P,82003.08,BTC-25JUN27,put,55000.0,2027-06-25T08:00:00+00:00,0.794954145380574,0.0285,0.0305,0.02947991,0.0295,82003.08,BTC-25JUN27,0.46240000000000003,-0.12006,146.36098,35.9,0.3,0.0019999999999999983,BTC,79020.32,665.44
2026-09-07T23:25:55.061738+00:00,BTC-26MAR27-96000-C,81014.14,BTC-26MAR27,call,96000.0,2027-03-26T08:00:00+00:00,0.5458097237515528,0.0565,0.0585,0.05754181,0.0575,81014.14,BTC-26MAR27,0.4047,0.33802,218.88906,141.6,0.0,0.0020000000000000018,BTC,79020.23,0.0
2026-09-07T23:25:55.061738+00:00,BTC-30OCT26-60000-C,79431.27,BTC-30OCT26,call,60000.0,2026-10-30T08:00:00+00:00,0.14334565804313382,0.246,0.251,0.24879709,0.2485,79431.27,BTC-30OCT26,0.48,0.94889,31.57561,16.5,0.0,0.0050000000000000044,BTC,79020.32,0.0
2026-09-07T23:25:55.061738+00:00,BTC-30OCT26-76000-P,79431.53,BTC-30OCT26,put,76000.0,2026-10-30T08:00:00+00:00,0.14334565804313382,0.036,0.037,0.03637518,0.0365,79431.53,BTC-30OCT26,0.37450000000000006,-0.35116,111.56273,105.5,3.9,0.0010000000000000009,BTC,79020.32,10545.71
2026-09-07T23:25:55.061738+00:00,BTC-30OCT26-45000-C,79431.27,BTC-30OCT26,call,45000.0,2026-10-30T08:00:00+00:00,0.14334565804313382,0.433,0.436,0.43445189,0.4345,79431.27,BTC-30OCT26,0.6864,0.98971,8.21802,0.1,0.0,0.0030000000000000027,BTC,79020.32,0.0
2026-09-07T23:25:55.061738+00:00,BTC-30OCT26-66000-C,79431.27,BTC-30OCT26,call,66000.0,2026-10-30T08:00:00+00:00,0.14334565804313382,0.1765,0.18,0.17810725,0.17825,79431.27,BTC-30OCT26,0.4243,0.89123,56.11296,89.5,0.0,0.003500000000000003,BTC,79020.23,0.0
2026-09-07T23:25:55.061738+00:00,BTC-10SEP26-80500-C,79016.05,BTC-10SEP26,call,80500.0,2026-09-10T08:00:00+00:00,0.006453118686528761,0.0036,0.0041,0.00385751,0.00385,79016.05,BTC-10SEP26,0.3319,0.24694,20.04542,4.2,0.3,0.0005000000000000004,BTC,79020.23,138.13
2026-09-07T23:25:55.061738+00:00,BTC-25DEC26-70000-P,80065.74,BTC-25DEC26,put,70000.0,2026-12-25T08:00:00+00:00,0.2966653021225315,0.034,0.035,0.03460776,0.0345,80065.74,BTC-25DEC26,0.4075,-0.23694,134.66721,1487.2,1.2,0.0010000000000000009,BTC,79020.16,3172.9
2026-09-07T23:25:55.061738+00:00,BTC-30OCT26-58000-C,79431.27,BTC-30OCT26,call,58000.0,2026-10-30T08:00:00+00:00,0.14334565804313382,0.271,0.275,0.27310669,0.273,79431.27,BTC-30OCT26,0.502,0.95986,25.99965,0.0,0.0,0.0040000000000000036,BTC,79020.23,0.0
2026-09-07T23:25:55.061738+00:00,BTC-30OCT26-90000-C,79431.27,BTC-30OCT26,call,90000.0,2026-10-30T08:00:00+00:00,0.14334565804313382,0.017,0.018,0.01742014,0.0175,79431.27,BTC-30OCT26,0.39020000000000005,0.22027,89.13705,2734.5,61.8,0.0009999999999999974,BTC,79020.16,93307.86
2026-09-07T23:25:55.061738+00:00,BTC-27NOV26-98000-C,79749.51,BTC-27NOV26,call,98000.0,2026-11-27T08:00:00+00:00,0.22000548008283266,0.015,0.016,0.01551382,0.0155,79749.51,BTC-27NOV26,0.4107,0.1652,92.95893,52.3,1.2,0.0010000000000000009,BTC,79020.16,1533.65
2026-09-07T23:25:55.061738+00:00,BTC-25DEC26-125000-C,80065.74,BTC-25DEC26,call,125000.0,2026-12-25T08:00:00+00:00,0.2966653021225315,0.0046,0.0055,0.00503568,0.00505,80065.74,BTC-25DEC26,0.46590000000000004,0.05176,46.24548,573.1,25.5,0.0008999999999999998,BTC,79020.16,10182.58
2026-09-07T23:25:55.061738+00:00,BTC-25JUN27-40000-P,82003.08,BTC-25JUN27,put,40000.0,2027-06-25T08:00:00+00:00,0.794954145380574,0.009,0.0105,0.00973308,0.00975,82003.08,BTC-25JUN27,0.5383,-0.04135,64.74561,1213.2,0.2,0.0015000000000000013,BTC,79020.16,159.15
2026-09-07T23:25:55.061738+00:00,BTC-8SEP26-75000-P,79005.03,BTC-8SEP26,put,75000.0,2026-09-08T08:00:00+00:00,0.0009774171122645574,,0.0001,1.32e-06,,79005.03,BTC-8SEP26,0.48979999999999996,-0.00033,0.03005,42.0,61.0,,BTC,79020.16,890.23
2026-09-07T23:25:55.061738+00:00,BTC-25SEP26-140000-C,79116.1,BTC-25SEP26,call,140000.0,2026-09-25T08:00:00+00:00,0.047520880493510276,,0.0001,1.602e-05,,79116.1,BTC-25SEP26,0.7598999999999999,0.00039,0.24228,1210.3,0.0,,BTC,79019.7,0.0
2026-09-07T23:25:55.061738+00:00,BTC-30OCT26-94000-P,79431.27,BTC-30OCT26,put,94000.0,2026-10-30T08:00:00+00:00,0.14334565804313382,0.1915,0.1965,0.19442714,0.194,79431.27,BTC-30OCT26,0.3996,-0.85016,70.09111,0.0,0.0,0.0050000000000000044,BTC,79019.7,0.0
2026-09-07T23:25:55.061738+00:00,BTC-18SEP26-95000-P,79072.62,BTC-18SEP26,put,95000.0,2026-09-18T08:00:00+00:00,0.028355924983585568,0.199,0.2055,0.20188536,0.20225,79072.62,BTC-18SEP26,0.4947,-0.98463,5.15119,0.0,0.0,0.006499999999999978,BTC,79019.7,0.0
2026-09-07T23:25:55.061738+00:00,BTC-25DEC26-100000-C,80066.12,BTC-25DEC26,call,100000.0,2026-12-25T08:00:00+00:00,0.2966653021225315,0.02,0.021,0.02032709,0.0205,80066.12,BTC-25DEC26,0.4061,0.1856,116.67803,6018.3,0.0,0.0010000000000000009,BTC,79019.7,0.0
2026-09-07T23:25:55.061738+00:00,BTC-8SEP26-81000-C,79005.03,BTC-8SEP26,call,81000.0,2026-09-08T08:00:00+00:00,0.0009774171122645574,,0.0001,1.319e-05,,79005.03,BTC-8SEP26,0.3046,0.00448,0.32371,221.4,129.1,,BTC,79019.7,7803.24
2026-09-07T23:25:55.061738+00:00,BTC-26MAR27-62000-P,81014.14,BTC-26MAR27,put,62000.0,2027-03-26T08:00:00+00:00,0.5458097237515528,0.0305,0.0325,0.03162835,0.0315,81014.14,BTC-26MAR27,0.4346,-0.16026,145.83224,263.1,3.0,0.0020000000000000018,BTC,79019.7,7266.12
2026-09-07T23:25:55.061738+00:00,BTC-25SEP26-102000-P,79116.1,BTC-25SEP26,put,102000.0,2026-09-25T08:00:00+00:00,0.047520880493510276,0.2865,0.293,0.2897552,0.28975,79116.1,BTC-25SEP26,0.5109,-0.98695,5.7945,0.4,0.0,0.006500000000000006,BTC,79019.7,0.0
2026-09-07T23:25:55.061738+00:00,BTC-9SEP26-86000-P,79010.32,BTC-9SEP26,put,86000.0,2026-09-09T08:00:00+00:00,0.0037152678993966587,0.086,0.0915,0.08848424,0.08875,79010.32,BTC-9SEP26,0.4949,-0.9974,0.38777,0.0,0.0,0.005500000000000005,BTC,79019.7,0.0
2026-09-07T23:25:55.061738+00:00,BTC-27NOV26-80000-C,79749.51,BTC-27NOV26,call,80000.0,2026-11-27T08:00:00+00:00,0.22000548008283266,0.071,0.072,0.07111276,0.0715,79749.51,BTC-27NOV26,0.3882,0.52938,148.87188,837.8,27.6,0.0010000000000000009,BTC,79019.7,164607.12
2026-09-07T23:25:55.061738+00:00,BTC-9SEP26-75000-C,79010.32,BTC-9SEP26,call,75000.0,2026-09-09T08:00:00+00:00,0.0037152678993966587,0.049,0.0535,0.0510559,0.05125,79010.32,BTC-9SEP26,0.4496,0.9722,3.07693,0.0,0.0,0.004499999999999997,BTC,79019.7,0.0
2026-09-07T23:25:55.061738+00:00,BTC-11SEP26-76000-C,79022.29,BTC-11SEP26,call,76000.0,2026-09-11T08:00:00+00:00,0.00919096947366086,0.0385,0.0425,0.04043981,0.0405,79022.29,BTC-11SEP26,0.361,0.87362,15.72022,103.8,0.0,0.0040000000000000036,BTC,79019.99,0.0
2026-09-07T23:25:55.061738+00:00,BTC-25JUN27-94000-P,82002.72,BTC-25JUN27,put,94000.0,2027-06-25T08:00:00+00:00,0.794954145380574,0.2385,0.2445,0.2408658,0.2415,82002.72,BTC-25JUN27,0.41409999999999997,-0.57339,286.83681,0.1,0.0,0.006000000000000005,BTC,79019.99,0.0
2026-09-07T23:25:55.061738+00:00,BTC-27NOV26-92000-C,79749.51,BTC-27NOV26,call,92000.0,2026-11-27T08:00:00+00:00,0.22000548008283266,0.025,0.026,0.02569287,0.0255,79749.51,BTC-27NOV26,0.39890000000000003,0.2513,119.23279,52.1,0.3,0.0009999999999999974,BTC,79019.99,669.04
2026-09-07T23:25:55.061738+00:00,BTC-25DEC26-58000-P,80065.74,BTC-25DEC26,put,58000.0,2026-12-25T08:00:00+00:00,0.2966653021225315,0.01,0.011,0.01052136,0.0105,80065.74,BTC-25DEC26,0.4671,-0.08165,65.86332,1834.3,0.0,0.0009999999999999992,BTC,79019.99,0.0
2026-09-07T23:25:55.061738+00:00,BTC-10SEP26-73000-C,79016.05,BTC-10SEP26,call,73000.0,2026-09-10T08:00:00+00:00,0.006453118686528761,0.0745,0.078,0.07642698,0.07625,79016.05,BTC-10SEP26,0.4885,0.9792,3.17773,0.0,0.0,0.003500000000000003,BTC,79019.99,0.0
2026-09-07T23:25:55.061738+00:00,BTC-11SEP26-81000-P,79022.29,BTC-11SEP26,put,81000.0,2026-09-11T08:00:00+00:00,0.00919096947366086,0.0275,0.0315,0.02961653,0.0295,79022.29,BTC-11SEP26,0.3504,-0.76389,23.34923,163.7,0.7,0.004,BTC,79021.27,1409.82
2026-09-07T23:25:55.061738+00:00,BTC-18SEP26-86000-P,79072.86,BTC-18SEP26,put,86000.0,2026-09-18T08:00:00+00:00,0.028355924983585568,0.0895,0.0935,0.09113097,0.0915,79072.86,BTC-18SEP26,0.3978,-0.8887,25.25789,0.0,0.0,0.0040000000000000036,BTC,79021.27,0.0
2026-09-07T23:25:55.061738+00:00,BTC-30OCT26-100000-P,79431.27,BTC-30OCT26,put,100000.0,2026-10-30T08:00:00+00:00,0.14334565804313382,0.2615,0.267,0.26493351,0.26425,79431.27,BTC-30OCT26,0.4215,-0.91352,47.42159,0.3,0.0,0.005500000000000005,BTC,79019.99,0.0
2026-09-07T23:25:55.061738+00:00,BTC-11SEP26-85000-P,79022.03,BTC-11SEP26,put,85000.0,2026-09-11T08:00:00+00:00,0.00919096947366086,0.075,0.078,0.07615739,0.0765,79022.03,BTC-11SEP26,0.4077,-0.96746,5.51518,32.4,0.0,0.0030000000000000027,BTC,79021.27,0.0
2026-09-07T23:25:55.061738+00:00,BTC-25DEC26-220000-C,80066.12,BTC-25DEC26,call,220000.0,2026-12-25T08:00:00+00:00,0.2966653021225315,0.0002,0.0007,0.0003968,0.00045,80066.12,BTC-25DEC26,0.6548,0.00397,5.1277,254.0,0.0,0.0005,BTC,79021.27,0.0
2026-09-07T23:25:55.061738+00:00,BTC-26MAR27-80000-C,81014.14,BTC-26MAR27,call,80000.0,2027-03-26T08:00:00+00:00,0.5458097237515528,0.123,0.1255,0.12395956,0.12425,81014.14,BTC-26MAR27,0.4029,0.57585,234.53464,1062.6,0.0,0.0025000000000000022,BTC,79022.02,0.0
2026-09-07T23:25:55.061738+00:00,BTC-25SEP26-175000-P,79116.1,BTC-25SEP26,put,175000.0,2026-09-25T08:00:00+00:00,0.047520880493510276,1.2065,1.2175,1.2119766,1.212,79116.1,BTC-25SEP26,0.89,-0.99997,0.02372,3.3,0.0,0.01100000000000012,BTC,79021.27,0.0
2026-09-07T23:25:55.061738+00:00,BTC-25SEP26-77000-C,79116.1,BTC-25SEP26,call,77000.0,2026-09-25T08:00:00+00:00,0.047520880493510276,0.0455,0.048,0.04649738,0.04675,79116.1,BTC-25SEP26,0.3652,0.64826,64.01978,290.1,0.4,0.0025000000000000022,BTC,79022.02,1493.61
2026-09-07T23:25:55.061738+00:00,BTC-25DEC26-56000-P,80065.74,BTC-25DEC26,put,56000.0,2026-12-25T08:00:00+00:00,0.2966653021225315,0.008,0.009,0.00856301,0.0085,80065.74,BTC-25DEC26,0.4799,-0.06705,56.65913,514.5,15.0,0.0009999999999999992,BTC,79022.02,9889.31
2026-09-07T23:25:55.061738+00:00,BTC-11SEP26-78500-C,79022.29,BTC-11SEP26,call,78500.0,2026-09-11T08:00:00+00:00,0.00919096947366086,0.016,0.017,0.01659085,0.0165,79022.29,BTC-11SEP26,0.3418,0.58681,29.51531,0.0,0.0,0.0010000000000000009,BTC,79022.02,0.0
2026-09-07T23:25:55.061738+00:00,BTC-25SEP26-75000-P,79116.1,BTC-25SEP26,put,75000.0,2026-09-25T08:00:00+00:00,0.047520880493510276,0.0115,0.0125,0.01217594,0.012,79116.1,BTC-25SEP26,0.3732,-0.2427,53.96188,4593.0,17.3,0.0010000000000000009,BTC,79022.02,16623.33
2026-09-07T23:25:55.061738+00:00,BTC-25DEC26-140000-C,80066.12,BTC-25DEC26,call,140000.0,2026-12-25T08:00:00+00:00,0.2966653021225315,0.0024,0.0029,0.00264787,0.00265,80066.12,BTC-25DEC26,0.5001,0.02777,27.8349,1434.9,0.1,0.0005,BTC,79018.02,26.37
2026-09-07T23:25:55.061738+00:00,BTC-30OCT26-71000-C,79431.27,BTC-30OCT26,call,71000.0,2026-10-30T08:00:00+00:00,0.14334565804313382,0.123,0.1265,0.12424484,0.12475,79431.27,BTC-30OCT26,0.3912,0.79718,84.93465,977.5,0.0,0.003500000000000003,BTC,79022.02,0.0
2026-09-07T23:25:55.061738+00:00,BTC-25SEP26-90000-C,79116.1,BTC-25SEP26,call,90000.0,2026-09-25T08:00:00+00:00,0.047520880493510276,0.003,0.0034,0.00315869,0.0032,79116.1,BTC-25SEP26,0.4092,0.08075,25.83002,8793.0,83.9,0.00039999999999999975,BTC,79018.02,27219.54
2026-09-07T23:25:55.061738+00:00,BTC-25SEP26-73000-C,79116.1,BTC-25SEP26,call,73000.0,2026-09-25T08:00:00+00:00,0.047520880493510276,0.083,0.0865,0.08464826,0.08475,79116.1,BTC-25SEP26,0.3864,0.84067,41.86264,41.0,0.0,0.0034999999999999892,BTC,79018.02,0.0
2026-09-07T23:25:55.061738+00:00,BTC-25DEC26-76000-P,80065.74,BTC-25DEC26,put,76000.0,2026-12-25T08:00:00+00:00,0.2966653021225315,0.06,0.061,0.06067311,0.0605,80065.74,BTC-25DEC26,0.39549999999999996,-0.3634,163.72427,387.3,0.0,0.0010000000000000009,BTC,79018.02,0.0
2026-09-07T23:25:55.061738+00:00,BTC-25DEC26-250000-C,80065.74,BTC-25DEC26,call,250000.0,2026-12-25T08:00:00+00:00,0.2966653021225315,0.0001,0.0004,0.00021212,0.00025,80065.74,BTC-25DEC26,0.6862999999999999,0.00213,2.93075,1281.3,1.0,0.00030000000000000003,BTC,79018.02,15.82
2026-09-07T23:25:55.061738+00:00,BTC-25JUN27-85000-C,82002.72,BTC-25JUN27,call,85000.0,2027-06-25T08:00:00+00:00,0.794954145380574,0.13,0.133,0.13155867,0.1315,82002.72,BTC-25JUN27,0.414,0.53483,290.67172,152.8,0.0,0.0030000000000000027,BTC,79018.02,0.0
2026-09-07T23:25:55.061738+00:00,BTC-25JUN27-45000-P,82003.08,BTC-25JUN27,put,45000.0,2027-06-25T08:00:00+00:00,0.794954145380574,0.013,0.015,0.01392066,0.014,82003.08,BTC-25JUN27,0.5049,-0.05965,86.73132,121.8,1.0,0.002,BTC,79015.34,1045.29
2026-09-07T23:25:55.061738+00:00,BTC-25JUN27-106000-C,82003.08,BTC-25JUN27,call,106000.0,2027-06-25T08:00:00+00:00,0.794954145380574,0.0605,0.063,0.06164429,0.06175,82003.08,BTC-25JUN27,0.41960000000000003,0.30898,257.66128,0.0,0.0,0.0025000000000000022,BTC,79015.34,0.0
2026-09-07T23:25:55.061738+00:00,BTC-26MAR27-70000-C,81014.14,BTC-26MAR27,call,70000.0,2027-03-26T08:00:00+00:00,0.5458097237515528,0.1915,0.1965,0.19404904,0.194,81014.14,BTC-26MAR27,0.41479999999999995,0.73557,195.88464,797.8,0.0,0.0050000000000000044,BTC,79015.34,0.0
2026-09-07T23:25:55.061738+00:00,BTC-9SEP26-79500-C,79010.32,BTC-9SEP26,call,79500.0,2026-09-09T08:00:00+00:00,0.0037152678993966587,0.0044,0.0048,0.00473398,0.0046,79010.32,BTC-9SEP26,0.3042,0.37251,18.22851,33.6,32.2,0.0003999999999999993,BTC,79015.34,22819.99
2026-09-07T23:25:55.061738+00:00,BTC-27NOV26-92000-P,79749.22,BTC-27NOV26,put,92000.0,2026-11-27T08:00:00+00:00,0.22000548008283266,0.1765,0.181,0.1793287,0.17875,79749.22,BTC-27NOV26,0.39890000000000003,-0.74882,119.19256,2.1,0.0,0.004500000000000004,BTC,79015.34,0.0
2026-09-07T23:25:55.061738+00:00,BTC-30OCT26-40000-P,79431.27,BTC-30OCT26,put,40000.0,2026-10-30T08:00:00+00:00,0.14334565804313382,0.0004,0.0008,0.00058314,0.0006,79431.27,BTC-30OCT26,0.7606,-0.00578,4.94795,77.8,0.0,0.0004,BTC,79015.34,0.0
2026-09-07T23:25:55.061738+00:00,BTC-11SEP26-95000-P,79022.29,BTC-11SEP26,put,95000.0,2026-09-11T08:00:00+00:00,0.00919096947366086,0.1995,0.2055,0.20223966,0.2025,79022.29,BTC-11SEP26,0.6341,-0.99864,0.33719,0.1,0.0,0.005999999999999978,BTC,79015.51,0.0
2026-09-07T23:25:55.061738+00:00,BTC-25JUN27-108000-C,82002.72,BTC-25JUN27,call,108000.0,2027-06-25T08:00:00+00:00,0.794954145380574,0.0565,0.059,0.05763635,0.05775,82002.72,BTC-25JUN27,0.42119999999999996,0.29281,251.48028,12.7,0.0,0.0024999999999999953,BTC,79015.51,0.0
2026-09-07T23:25:55.061738+00:00,BTC-11SEP26-67000-P,79022.03,BTC-11SEP26,put,67000.0,2026-09-11T08:00:00+00:00,0.00919096947366086,,0.0002,9.439e-05,,79022.03,BTC-11SEP26,0.6689,-0.00461,1.01935,410.9,4.5,,BTC,79015.51,35.72
2026-09-07T23:25:55.061738+00:00,BTC-25JUN27-115000-P,82002.72,BTC-25JUN27,put,115000.0,2027-06-25T08:00:00+00:00,0.794954145380574,0.4445,0.455,0.44812841,0.44975,82002.72,BTC-25JUN27,0.4267,-0.75751,228.64213,0.0,0.0,0.01050000000000001,BTC,79015.51,0.0
2026-09-07T23:25:55.061738+00:00,BTC-26MAR27-45000-P,81014.14,BTC-26MAR27,put,45000.0,2027-03-26T08:00:00+00:00,0.5458097237515528,0.007,0.0085,0.00776016,0.00775,81014.14,BTC-26MAR27,0.5204,-0.04263,54.32531,259.3,0.0,0.0015000000000000005,BTC,79014.25,0.0
2026-09-07T23:25:55.061738+00:00,BTC-30OCT26-95000-P,79431.27,BTC-30OCT26,put,95000.0,2026-10-30T08:00:00+00:00,0.14334565804313382,0.203,0.208,0.20597641,0.2055,79431.27,BTC-30OCT26,0.4039,-0.86304,65.95942,0.4,0.0,0.004999999999999977,BTC,79015.51,0.0
2026-09-07T23:25:55.061738+00:00,BTC-27NOV26-108000-C,79749.51,BTC-27NOV26,call,108000.0,2026-11-27T08:00:00+00:00,0.22000548008283266,0.007,0.0075,0.00710727,0.00725,79749.51,BTC-27NOV26,0.43420000000000003,0.08282,57.09646,12.0,0.0,0.0004999999999999996,BTC,79014.25,0.0
2026-09-07T23:25:55.061738+00:00,BTC-27NOV26-83000-C,79749.22,BTC-27NOV26,call,83000.0,2026-11-27T08:00:00+00:00,0.22000548008283266,0.0555,0.0565,0.05544745,0.056,79749.22,BTC-27NOV26,0.3883,0.44882,148.03183,26.5,10.0,0.0010000000000000009,BTC,79014.25,46973.91
2026-09-07T23:25:55.061738+00:00,BTC-27NOV26-98000-P,79749.22,BTC-27NOV26,put,98000.0,2026-11-27T08:00:00+00:00,0.22000548008283266,0.241,0.2465,0.24438676,0.24375,79749.22,BTC-27NOV26,0.4107,-0.83493,92.89951,0.0,0.0,0.005500000000000005,BTC,79014.25,0.0
2026-09-07T23:25:55.061738+00:00,BTC-18SEP26-72000-P,79072.62,BTC-18SEP26,put,72000.0,2026-09-18T08:00:00+00:00,0.028355924983585568,0.0026,0.003,0.00277441,0.0028,79072.62,BTC-18SEP26,0.4146,-0.08448,20.63079,1780.9,483.4,0.0004000000000000002,BTC,79014.25,87780.49
2026-09-07T23:25:55.061738+00:00,BTC-27NOV26-78000-P,79749.51,BTC-27NOV26,put,78000.0,2026-11-27T08:00:00+00:00,0.22000548008283266,0.0605,0.0615,0.06150525,0.061,79749.51,BTC-27NOV26,0.38909999999999995,-0.41598,145.9418,65.9,10.0,0.0010000000000000009,BTC,79014.25,46501.48
2026-09-07T23:25:55.061738+00:00,BTC-25DEC26-65000-P,80066.12,BTC-25DEC26,put,65000.0,2026-12-25T08:00:00+00:00,0.2966653021225315,0.0205,0.0215,0.02100893,0.021,80066.12,BTC-25DEC26,0.4261,-0.15538,104.11273,792.4,0.5,0.0009999999999999974,BTC,79014.25,811.31
2026-09-07T23:25:55.061738+00:00,BTC-8SEP26-77500-P,79004.72,BTC-8SEP26,put,77500.0,2026-09-08T08:00:00+00:00,0.0009774171122645574,0.0001,0.0003,0.00020808,0.0002,79004.72,BTC-8SEP26,0.3625,-0.04479,2.33282,119.7,65.4,0.00019999999999999998,BTC,79014.25,2637.28
2026-09-07T23:25:55.061738+00:00,BTC-11SEP26-90000-P,79022.03,BTC-11SEP26,put,90000.0,2026-09-11T08:00:00+00:00,0.00919096947366086,0.1365,0.142,0.13900709,0.13925,79022.03,BTC-11SEP26,0.5117,-0.9957,0.9569,0.1,0.0,0.005499999999999977,BTC,79014.25,0.0
2026-09-07T23:25:55.061738+00:00,BTC-18SEP26-70000-C,79072.62,BTC-18SEP26,call,70000.0,2026-09-18T08:00:00+00:00,0.028355924983585568,0.1135,0.1185,0.11635223,0.116,79072.62,BTC-18SEP26,0.4499,0.95003,13.73043,0.0,0.0,0.0049999999999999906,BTC,79014.25,0.0
2026-09-07T23:25:55.061738+00:00,BTC-27NOV26-104000-C,79749.51,BTC-27NOV26,call,104000.0,2026-11-27T08:00:00+00:00,0.22000548008283266,0.0095,0.01,0.00953258,0.00975,79749.51,BTC-27NOV26,0.4236,0.10799,69.42801,10.3,0.6,0.0005000000000000004,BTC,79014.25,497.86
2026-09-07T23:25:55.061738+00:00,BTC-11SEP26-75000-P,79022.29,BTC-11SEP26,put,75000.0,2026-09-11T08:00:00+00:00,0.00919096947366086,0.0011,0.0014,0.00128431,0.00125,79022.29,BTC-11SEP26,0.38549999999999995,-0.0763,10.86865,907.4,29.3,0.0002999999999999999,BTC,79014.25,3068.88
2026-09-07T23:25:55.061738+00:00,BTC-25JUN27-130000-C,82003.08,BTC-25JUN27,call,130000.0,2027-06-25T08:00:00+00:00,0.794954145380574,0.028,0.03,0.02910767,0.029,82003.08,BTC-25JUN27,0.4412,0.16494,181.50851,761.9,0.3,0.0019999999999999983,BTC,79014.25,709.56
2026-09-07T23:25:55.061738+00:00,BTC-27NOV26-90000-P,79749.51,BTC-27NOV26,put,90000.0,2026-11-27T08:00:00+00:00,0.22000548008283266,0.1565,0.1605,0.15912429,0.1585,79749.51,BTC-27NOV26,0.3961,-0.71171,127.7181,0.3,0.0,0.0040000000000000036,BTC,79014.25,0.0
2026-09-07T23:25:55.061738+00:00,BTC-11SEP26-64000-P,79022.03,BTC-11SEP26,put,64000.0,2026-09-11T08:00:00+00:00,0.00919096947366086,,0.0001,2.702e-05,,79022.03,BTC-11SEP26,0.74,-0.00133,0.33022,77.9,0.5,,BTC,79014.25,3.95
2026-09-07T23:25:55.061738+00:00,BTC-25DEC26-40000-C,80065.74,BTC-25DEC26,call,40000.0,2026-12-25T08:00:00+00:00,0.2966653021225315,0.5015,0.5035,0.5028029,0.5025,80065.74,BTC-25DEC26,0.6527,0.98337,18.04598,250.9,0.0,0.0020000000000000018,BTC,79014.25,0.0
2026-09-07T23:25:55.061738+00:00,BTC-27NOV26-86000-C,79749.51,BTC-27NOV26,call,86000.0,2026-11-27T08:00:00+00:00,0.22000548008283266,0.0425,0.0435,0.04319992,0.043,79749.51,BTC-27NOV26,0.3917,0.37469,141.8396,153.2,27.0,0.000999999999999994,BTC,79014.25,98065.31
2026-09-07T23:25:55.061738+00:00,BTC-25DEC26-135000-P,80065.74,BTC-25DEC26,put,135000.0,2026-12-25T08:00:00+00:00,0.2966653021225315,0.681,0.6955,0.68933763,0.68825,80065.74,BTC-25DEC26,0.48810000000000003,-0.96654,32.48532,0.7,0.0,0.014499999999999957,BTC,79014.25,0.0
2026-09-07T23:25:55.061738+00:00,BTC-8SEP26-82500-P,79005.03,BTC-8SEP26,put,82500.0,2026-09-08T08:00:00+00:00,0.0009774171122645574,0.042,0.047,0.04426906,0.0445,79005.03,BTC-8SEP26,0.4227,-0.99947,0.04645,0.0,0.0,0.0049999999999999975,BTC,79014.25,0.0
2026-09-07T23:25:55.061738+00:00,BTC-26MAR27-105000-C,81014.14,BTC-26MAR27,call,105000.0,2027-03-26T08:00:00+00:00,0.5458097237515528,0.0365,0.039,0.03778989,0.03775,81014.14,BTC-26MAR27,0.4122,0.24223,187.05147,162.5,0.1,0.0025000000000000022,BTC,79014.25,314.35
2026-09-07T23:25:55.061738+00:00,BTC-26MAR27-100000-P,81014.52,BTC-26MAR27,put,100000.0,2027-03-26T08:00:00+00:00,0.5458097237515528,0.279,0.286,0.28200092,0.2825,81014.52,BTC-26MAR27,0.4077,-0.70827,205.50694,12.3,0.0,0.006999999999999951,BTC,79014.25,0.0
2026-09-07T23:25:55.061738+00:00,BTC-8SEP26-80500-C,79005.03,BTC-8SEP26,call,80500.0,2026-09-08T08:00:00+00:00,0.0009774171122645574,,0.0001,7.89e-05,,79005.03,BTC-8SEP26,0.2993,0.02246,1.31962,206.4,204.2,,BTC,79014.25,20318.32
2026-09-07T23:25:55.061738+00:00,BTC-25JUN27-130000-P,82003.08,BTC-25JUN27,put,130000.0,2027-06-25T08:00:00+00:00,0.794954145380574,0.612,0.619,0.61445458,0.6155,82003.08,BTC-25JUN27,0.4412,-0.83506,181.50851,3.9,2.6,0.007000000000000006,BTC,79014.25,127087.74
2026-09-07T23:25:55.061738+00:00,BTC-25DEC26-20000-P,80066.12,BTC-25DEC26,put,20000.0,2026-12-25T08:00:00+00:00,0.2966653021225315,0.0003,0.0006,0.00044499,0.00045,80066.12,BTC-25DEC26,0.9965999999999999,-0.00236,3.20791,641.1,0.7,0.0003,BTC,79014.29,16.56
2026-09-07T23:25:55.061738+00:00,BTC-30OCT26-74000-C,79431.27,BTC-30OCT26,call,74000.0,2026-10-30T08:00:00+00:00,0.14334565804313382,0.095,0.098,0.09608335,0.0965,79431.27,BTC-30OCT26,0.3795,0.71365,102.35541,252.5,0.0,0.0030000000000000027,BTC,79014.29,0.0
2026-09-07T23:25:55.061738+00:00,BTC-9SEP26-74000-P,79010.32,BTC-9SEP26,put,74000.0,2026-09-09T08:00:00+00:00,0.0037152678993966587,0.0001,0.0002,0.0001836,0.00015,79010.32,BTC-9SEP26,0.5071,-0.01648,1.97756,9.6,4.4,0.0001,BTC,79014.29,101.11
2026-09-07T23:25:55.061738+00:00,BTC-11SEP26-72000-P,79022.29,BTC-11SEP26,put,72000.0,2026-09-11T08:00:00+00:00,0.00919096947366086,0.0003,0.0005,0.00039535,0.0004,79022.29,BTC-11SEP26,0.4888,-0.02236,4.03159,557.2,485.6,0.00020000000000000004,BTC,79014.29,8256.43
2026-09-07T23:25:55.061738+00:00,BTC-9SEP26-79000-P,79010.32,BTC-9SEP26,put,79000.0,2026-09-09T08:00:00+00:00,0.0037152678993966587,0.0065,0.0075,0.0073598,0.007,79010.32,BTC-9SEP26,0.3054,-0.49515,19.21599,24.1,26.0,0.001,BTC,79014.29,13556.24
2026-09-07T23:25:55.061738+00:00,BTC-25JUN27-80000-C,82002.72,BTC-25JUN27,call,80000.0,2027-06-25T08:00:00+00:00,0.794954145380574,0.1565,0.1595,0.15794573,0.158,82002.72,BTC-25JUN27,0.41609999999999997,0.59954,282.64746,112.7,7.7,0.0030000000000000027,BTC,79014.29,102114.37
2026-09-07T23:25:55.061738+00:00,BTC-26MAR27-140000-C,81014.14,BTC-26MAR27,call,140000.0,2027-03-26T08:00:00+00:00,0.5458097237515528,0.009,0.011,0.00999785,0.01,81014.14,BTC-26MAR27,0.4594,0.07472,84.50162,910.0,0.5,0.002,BTC,79014.72,371.11
2026-09-07T23:25:55.061738+00:00,BTC-27NOV26-73000-C,79749.51,BTC-27NOV26,call,73000.0,2026-11-27T08:00:00+00:00,0.22000548008283266,0.12,0.123,0.12102061,0.1215,79749.51,BTC-27NOV26,0.39590000000000003,0.71504,127.01395,0.0,0.0,0.0030000000000000027,BTC,79014.72,0.0
2026-09-07T23:25:55.061738+00:00,BTC-10SEP26-80500-P,79016.05,BTC-10SEP26,put,80500.0,2026-09-10T08:00:00+00:00,0.006453118686528761,0.021,0.0245,0.02265554,0.02275,79016.05,BTC-10SEP26,0.3319,-0.75401,20.00261,0.0,0.0,0.0034999999999999996,BTC,79014.72,0.0
2026-09-07T23:25:55.061738+00:00,BTC-25DEC26-62000-C,80065.74,BTC-25DEC26,call,62000.0,2026-12-25T08:00:00+00:00,0.2966653021225315,0.2395,0.243,0.24117276,0.24125,80065.74,BTC-25DEC26,0.4414,0.88165,86.41271,247.1,0.0,0.003500000000000003,BTC,79014.74,0.0
2026-09-07T23:25:55.061738+00:00,BTC-25JUN27-82000-C,82002.72,BTC-25JUN27,call,82000.0,2027-06-25T08:00:00+00:00,0.794954145380574,0.1455,0.1485,0.14678663,0.147,82002.72,BTC-25JUN27,0.41490000000000005,0.57343,286.82442,80.9,0.0,0.0030000000000000027,BTC,79014.72,0.0
2026-09-07T23:25:55.061738+00:00,BTC-30OCT26-71000-P,79431.27,BTC-30OCT26,put,71000.0,2026-10-30T08:00:00+00:00,0.14334565804313382,0.0175,0.0185,0.0181149,0.018,79431.27,BTC-30OCT26,0.3912,-0.20299,84.96865,109.4,4.0,0.0009999999999999974,BTC,79014.72,5677.78
2026-09-07T23:25:55.061738+00:00,BTC-25JUN27-110000-C,82003.08,BTC-25JUN27,call,110000.0,2027-06-25T08:00:00+00:00,0.794954145380574,0.0525,0.055,0.05398535,0.05375,82003.08,BTC-25JUN27,0.423,0.27763,245.1831,269.7,0.3,0.0025000000000000022,BTC,79014.74,1351.27
2026-09-07T23:25:55.061738+00:00,BTC-25SEP26-30000-C,79116.1,BTC-25SEP26,call,30000.0,2026-09-25T08:00:00+00:00,0.047520880493510276,0.62,0.622,0.62081091,0.621,79116.1,BTC-25SEP26,1.238,0.9999,0.06634,136.0,0.0,0.0020000000000000018,BTC,79014.74,0.0
2026-09-07T23:25:55.061738+00:00,BTC-25JUN27-85000-P,82002.72,BTC-25JUN27,put,85000.0,2027-06-25T08:00:00+00:00,0.794954145380574,0.1665,0.17,0.16813165,0.16825,82002.72,BTC-25JUN27,0.414,-0.46518,290.6697,10.7,0.0,0.003500000000000003,BTC,79014.74,0.0
2026-09-07T23:25:55.061738+00:00,BTC-26MAR27-108000-C,81014.52,BTC-26MAR27,call,108000.0,2027-03-26T08:00:00+00:00,0.5458097237515528,0.032,0.034,0.03291851,0.033,81014.52,BTC-26MAR27,0.41490000000000005,0.21635,175.56708,68.6,0.0,0.0020000000000000018,BTC,79014.34,0.0
2026-09-07T23:25:55.061738+00:00,BTC-27NOV26-74000-C,79749.22,BTC-27NOV26,call,74000.0,2026-11-27T08:00:00+00:00,0.22000548008283266,0.1115,0.1145,0.11262755,0.113,79749.22,BTC-27NOV26,0.3933,0.69046,131.91054,0.0,0.0,0.0030000000000000027,BTC,79014.74,0.0
2026-09-07T23:25:55.061738+00:00,BTC-10SEP26-83000-P,79016.31,BTC-10SEP26,put,83000.0,2026-09-10T08:00:00+00:00,0.006453118686528761,0.049,0.054,0.05101048,0.0515,79016.31,BTC-10SEP26,0.3641,-0.95241,6.2945,0.0,0.0,0.0049999999999999975,BTC,79014.74,0.0
2026-09-07T23:25:55.061738+00:00,BTC-25JUN27-104000-C,82002.72,BTC-25JUN27,call,104000.0,2027-06-25T08:00:00+00:00,0.794954145380574,0.065,0.0675,0.06610024,0.06625,82002.72,BTC-25JUN27,0.41840000000000005,0.32629,263.66433,13.1,0.0,0.0025000000000000022,BTC,79014.34,0.0
2026-09-07T23:25:55.061738+00:00,BTC-18SEP26-85000-C,79072.62,BTC-18SEP26,call,85000.0,2026-09-18T08:00:00+00:00,0.028355924983585568,0.0045,0.0049,0.00472684,0.0047,79072.62,BTC-18SEP26,0.39159999999999995,0.14366,30.16667,907.2,531.4,0.0004000000000000002,BTC,79014.34,238972.67
2026-09-07T23:25:55.061738+00:00,BTC-25SEP26-170000-C,79116.4,BTC-25SEP26,call,170000.0,2026-09-25T08:00:00+00:00,0.047520880493510276,,0.0001,1.69e-06,,79116.4,BTC-25SEP26,0.8693000000000001,4e-05,0.02922,444.9,0.0,,BTC,79014.34,0.0
2026-09-07T23:25:55.061738+00:00,BTC-25DEC26-60000-C,80065.74,BTC-25DEC26,call,60000.0,2026-12-25T08:00:00+00:00,0.2966653021225315,0.2615,0.2655,0.26319505,0.2635,80065.74,BTC-25DEC26,0.4517,0.90234,75.23849,787.4,0.0,0.0040000000000000036,BTC,79014.29,0.0
2026-09-07T23:25:55.061738+00:00,BTC-25SEP26-190000-P,79116.4,BTC-25SEP26,put,190000.0,2026-09-25T08:00:00+00:00,0.047520880493510276,1.3965,1.408,1.40157373,1.40225,79116.4,BTC-25SEP26,0.9386,-0.99999,0.01113,0.0,0.0,0.011499999999999844,BTC,79014.34,0.0
2026-09-07T23:25:55.061738+00:00,BTC-18SEP26-76000-C,79072.62,BTC-18SEP26,call,76000.0,2026-09-18T08:00:00+00:00,0.028355924983585568,0.0465,0.051,0.04895336,0.04875,79072.62,BTC-18SEP26,0.3772,0.74364,42.88694,19.0,0.0,0.004499999999999997,BTC,79014.29,0.0
2026-09-07T23:25:55.061738+00:00,BTC-8SEP26-80000-P,79005.03,BTC-8SEP26,put,80000.0,2026-09-08T08:00:00+00:00,0.0009774171122645574,0.0115,0.0145,0.01283003,0.013,79005.03,BTC-8SEP26,0.25730000000000003,-0.94096,2.90594,9.4,6.5,0.003000000000000001,BTC,79014.29,3469.85
2026-09-07T23:25:55.061738+00:00,BTC-26MAR27-55000-P,81014.14,BTC-26MAR27,put,55000.0,2027-03-26T08:00:00+00:00,0.5458097237515528,0.017,0.019,0.01796999,0.018,81014.14,BTC-26MAR27,0.4629,-0.09629,102.19968,1257.7,3.0,0.0019999999999999983,BTC,79014.29,4288.09
2026-09-07T23:25:55.061738+00:00,BTC-25JUN27-150000-C,82002.72,BTC-25JUN27,call,150000.0,2027-06-25T08:00:00+00:00,0.794954145380574,0.0165,0.0185,0.01763404,0.0175,82002.72,BTC-25JUN27,0.4635,0.10487,132.87626,217.7,0.4,0.0019999999999999983,BTC,79014.29,595.8
2026-09-07T23:25:55.061738+00:00,BTC-18SEP26-78000-P,79072.86,BTC-18SEP26,put,78000.0,2026-09-18T08:00:00+00:00,0.028355924983585568,0.018,0.019,0.01848113,0.0185,79072.86,BTC-18SEP26,0.3696,-0.40154,51.50782,276.2,14.2,0.0010000000000000009,BTC,79008.93,19600.25
2026-09-07T23:25:55.061738+00:00,BTC-25SEP26-58000-C,79116.1,BTC-25SEP26,call,58000.0,2026-09-25T08:00:00+00:00,0.047520880493510276,0.2655,0.269,0.26731726,0.26725,79116.1,BTC-25SEP26,0.6202000000000001,0.99091,4.22932,460.7,0.0,0.003500000000000003,BTC,79008.93,0.0
2026-09-07T23:25:55.061738+00:00,BTC-30OCT26-54000-C,79431.27,BTC-30OCT26,call,54000.0,2026-10-30T08:00:00+00:00,0.14334565804313382,0.3205,0.324,0.32234255,0.32225,79431.27,BTC-30OCT26,0.5522,0.97434,17.96617,0.1,0.0,0.003500000000000003,BTC,79008.93,0.0
2026-09-07T23:25:55.061738+00:00,BTC-10SEP26-85000-C,79016.05,BTC-10SEP26,call,85000.0,2026-09-10T08:00:00+00:00,0.006453118686528761,0.0001,0.0003,0.0001726,0.0002,79016.05,BTC-10SEP26,0.41450000000000004,0.01466,2.35769,0.8,0.7,0.00019999999999999998,BTC,79008.93,16.69
2026-09-07T23:25:55.061738+00:00,BTC-30OCT26-91000-C,79431.27,BTC-30OCT26,call,91000.0,2026-10-30T08:00:00+00:00,0.14334565804313382,0.015,0.016,0.0154654,0.0155,79431.27,BTC-30OCT26,0.39189999999999997,0.19968,84.12816,34.1,0.0,0.0010000000000000009,BTC,79008.93,0.0
2026-09-07T23:25:55.061738+00:00,BTC-30OCT26-82000-P,79431.27,BTC-30OCT26,put,82000.0,2026-10-30T08:00:00+00:00,0.14334565804313382,0.074,0.0755,0.07513513,0.07475,79431.27,BTC-30OCT26,0.3749,-0.56126,118.58019,45.3,0.8,0.0015000000000000013,BTC,79008.93,4670.7
2026-09-07T23:25:55.061738+00:00,BTC-26MAR27-106000-P,81014.14,BTC-26MAR27,put,106000.0,2027-03-26T08:00:00+00:00,0.5458097237515528,0.3405,0.3485,0.34447268,0.3445,81014.14,BTC-26MAR27,0.4129,-0.76702,183.07766,0.1,0.0,0.007999999999999952,BTC,79005.75,0.0
2026-09-07T23:25:55.061738+00:00,BTC-25SEP26-300000-P,79116.1,BTC-25SEP26,put,300000.0,2026-09-25T08:00:00+00:00,0.047520880493510276,2.7835,2.8025,2.79195796,2.793,79116.1,BTC-25SEP26,1.3629,-0.99999,0.00567,0.0,0.0,0.019000000000000128,BTC,79005.75,0.0
2026-09-07T23:25:55.061738+00:00,BTC-8SEP26-79000-P,79005.03,BTC-8SEP26,put,79000.0,2026-09-08T08:00:00+00:00,0.0009774171122645574,0.0026,0.0031,0.00298676,0.00285,79005.03,BTC-8SEP26,0.2408,-0.50533,9.85363,171.8,137.4,0.0005,BTC,79005.75,40522.06
2026-09-07T23:25:55.061738+00:00,BTC-25DEC26-210000-P,80066.12,BTC-25DEC26,put,210000.0,2026-12-25T08:00:00+00:00,0.2966653021225315,1.614,1.6365,1.62339329,1.62525,80066.12,BTC-25DEC26,0.6445000000000001,-0.99493,6.38636,0.0,0.0,0.022499999999999964,BTC,79005.75,0.0
2026-09-07T23:25:55.061738+00:00,BTC-30OCT26-54000-P,79431.27,BTC-30OCT26,put,54000.0,2026-10-30T08:00:00+00:00,0.14334565804313382,0.002,0.0024,0.00218738,0.0022,79431.27,BTC-30OCT26,0.5522,-0.02567,17.97231,190.7,0.0,0.00039999999999999975,BTC,79005.75,0.0
2026-09-07T23:25:55.061738+00:00,BTC-25SEP26-35000-P,79116.4,BTC-25SEP26,put,35000.0,2026-09-25T08:00:00+00:00,0.047520880493510276,,0.0001,1.135e-05,,79116.4,BTC-25SEP26,1.0855,-0.00018,0.12042,1200.7,0.0,,BTC,79005.75,0.0
2026-09-07T23:25:55.061738+00:00,BTC-11SEP26-88000-P,79022.29,BTC-11SEP26,put,88000.0,2026-09-11T08:00:00+00:00,0.00919096947366086,0.1115,0.117,0.11377237,0.11425,79022.29,BTC-11SEP26,0.4725,-0.99076,1.88474,0.0,0.0,0.005500000000000005,BTC,79005.73,0.0
2026-09-07T23:25:55.061738+00:00,BTC-9SEP26-82000-C,79010.32,BTC-9SEP26,call,82000.0,2026-09-09T08:00:00+00:00,0.0037152678993966587,0.0002,0.0004,0.00027802,0.0003,79010.32,BTC-9SEP26,0.33380000000000004,0.03428,3.65881,7.1,7.1,0.0002,BTC,79005.75,328.7
2026-09-07T23:25:55.061738+00:00,BTC-25SEP26-64000-P,79116.1,BTC-25SEP26,put,64000.0,2026-09-25T08:00:00+00:00,0.047520880493510276,0.0011,0.0012,0.00110651,0.00115,79116.1,BTC-25SEP26,0.5115999999999999,-0.02531,10.18574,1200.7,2.0,9.999999999999983e-05,BTC,79005.73,169.49
2026-09-07T23:25:55.061738+00:00,BTC-25SEP26-135000-P,79116.4,BTC-25SEP26,put,135000.0,2026-09-25T08:00:00+00:00,0.047520880493510276,0.7025,0.7105,0.70640869,0.7065,79116.4,BTC-25SEP26,0.7445,-0.99934,0.39647,11.5,0.0,0.008000000000000007,BTC,79005.73,0.0
2026-09-07T23:25:55.061738+00:00,BTC-25DEC26-80000-C,80065.74,BTC-25DEC26,call,80000.0,2026-12-25T08:00:00+00:00,0.2966653021225315,0.0855,0.0865,0.08566525,0.086,80065.74,BTC-25DEC26,0.3932,0.5438,172.95234,8797.7,35.0,0.000999999999999987,BTC,79006.04,241969.15
2026-09-07T23:25:55.061738+00:00,BTC-25SEP26-81000-P,79116.1,BTC-25SEP26,put,81000.0,2026-09-25T08:00:00+00:00,0.047520880493510276,0.0445,0.0455,0.04547499,0.045,79116.1,BTC-25SEP26,0.3655,-0.60181,66.561,560.3,76.3,0.0010000000000000009,BTC,79005.73,255043.62
2026-09-07T23:25:55.061738+00:00,BTC-25DEC26-105000-P,80065.74,BTC-25DEC26,put,105000.0,2026-12-25T08:00:00+00:00,0.2966653021225315,0.3225,0.3295,0.3260797,0.326,80065.74,BTC-25DEC26,0.41619999999999996,-0.86064,96.77689,109.4,0.0,0.007000000000000006,BTC,79006.04,0.0
2026-09-07T23:25:55.061738+00:00,BTC-25SEP26-73000-P,79116.1,BTC-25SEP26,put,73000.0,2026-09-25T08:00:00+00:00,0.047520880493510276,0.007,0.0075,0.00733927,0.00725,79116.1,BTC-25SEP26,0.3864,-0.15997,41.96475,770.2,1.6,0.0004999999999999996,BTC,79006.04,840.92
2026-09-07T23:25:55.061738+00:00,BTC-25DEC26-200000-P,80066.12,BTC-25DEC26,put,200000.0,2026-12-25T08:00:00+00:00,0.2966653021225315,1.484,1.508,1.49866558,1.496,80066.12,BTC-25DEC26,0.6351,-0.99331,8.16882,0.0,0.0,0.02400000000000002,BTC,79006.04,0.0
2026-09-07T23:25:55.061738+00:00,BTC-27NOV26-106000-C,79749.22,BTC-27NOV26,call,106000.0,2026-11-27T08:00:00+00:00,0.22000548008283266,0.008,0.0085,0.00831018,0.00825,79749.22,BTC-27NOV26,0.4301,0.0949,63.18092,15.4,0.0,0.0005000000000000004,BTC,79006.04,0.0
2026-09-07T23:25:55.061738+00:00,BTC-27NOV26-102000-P,79749.22,BTC-27NOV26,put,102000.0,2026-11-27T08:00:00+00:00,0.22000548008283266,0.287,0.2925,0.29020631,0.28975,79749.22,BTC-27NOV26,0.4191,-0.87566,76.72451,0.0,0.0,0.005500000000000005,BTC,79006.04,0.0
2026-09-07T23:25:55.061738+00:00,BTC-27NOV26-67000-P,79749.51,BTC-27NOV26,put,67000.0,2026-11-27T08:00:00+00:00,0.22000548008283266,0.018,0.019,0.01845115,0.0185,79749.51,BTC-27NOV26,0.41850000000000004,-0.16256,91.97134,19.6,0.0,0.0010000000000000009,BTC,79006.04,0.0
2026-09-07T23:25:55.061738+00:00,BTC-30OCT26-64000-P,79431.27,BTC-30OCT26,put,64000.0,2026-10-30T08:00:00+00:00,0.14334565804313382,0.0065,0.0075,0.00693212,0.007,79431.27,BTC-30OCT26,0.4414,-0.08466,46.66383,640.8,100.1,0.001,BTC,79006.04,52385.0
2026-09-07T23:25:55.061738+00:00,BTC-30OCT26-75000-C,79431.27,BTC-30OCT26,call,75000.0,2026-10-30T08:00:00+00:00,0.14334565804313382,0.0865,0.0895,0.08755961,0.088,79431.27,BTC-30OCT26,0.3766,0.6817,107.32205,1172.1,200.4,0.0030000000000000027,BTC,79006.19,1467255.51
2026-09-07T23:25:55.061738+00:00,BTC-26MAR27-60000-C,81014.14,BTC-26MAR27,call,60000.0,2027-03-26T08:00:00+00:00,0.5458097237515528,0.283,0.29,0.28641699,0.2865,81014.14,BTC-26MAR27,0.4421,0.86035,133.01027,649.0,0.0,0.007000000000000006,BTC,79006.19,0.0
2026-09-07T23:25:55.061738+00:00,BTC-25DEC26-170000-P,80065.74,BTC-25DEC26,put,170000.0,2026-12-25T08:00:00+00:00,0.2966653021225315,1.114,1.135,1.12436885,1.1245,80065.74,BTC-25DEC26,0.5670000000000001,-0.98879,12.84094,0.1,0.0,0.020999999999999908,BTC,79006.19,0.0
2026-09-07T23:25:55.061738+00:00,BTC-30OCT26-85000-C,79431.27,BTC-30OCT26,call,85000.0,2026-10-30T08:00:00+00:00,0.14334565804313382,0.0305,0.0315,0.0307346,0.031,79431.27,BTC-30OCT26,0.37979999999999997,0.34445,110.75326,2166.7,198.8,0.0010000000000000009,BTC,79006.19,511178.57
2026-09-07T23:25:55.061738+00:00,BTC-30OCT26-66000-P,79431.27,BTC-30OCT26,put,66000.0,2026-10-30T08:00:00+00:00,0.14334565804313382,0.0085,0.0095,0.0090287,0.009,79431.27,BTC-30OCT26,0.4243,-0.10897,56.17761,161.3,3.5,0.0009999999999999992,BTC,79006.19,2293.93
2026-09-07T23:25:55.061738+00:00,BTC-25DEC26-72000-C,80065.74,BTC-25DEC26,call,72000.0,2026-12-25T08:00:00+00:00,0.2966653021225315,0.141,0.1445,0.14266302,0.14275,80065.74,BTC-25DEC26,0.402,0.72358,145.90432,1271.4,0.4,0.003500000000000003,BTC,79006.44,4928.56
2026-09-07T23:25:55.061738+00:00,BTC-25SEP26-78000-C,79116.1,BTC-25SEP26,call,78000.0,2026-09-25T08:00:00+00:00,0.047520880493510276,0.0385,0.0395,0.03899527,0.039,79116.1,BTC-25SEP26,0.3642,0.58562,67.2239,5365.9,55.9,0.0010000000000000009,BTC,79006.44,185824.79
2026-09-07T23:25:55.061738+00:00,BTC-25DEC26-40000-P,80065.74,BTC-25DEC26,put,40000.0,2026-12-25T08:00:00+00:00,0.2966653021225315,0.0022,0.0025,0.00239941,0.00235,80065.74,BTC-25DEC26,0.6527,-0.01664,18.0537,4513.2,0.0,0.0002999999999999999,BTC,79006.44,0.0
2026-09-07T23:25:55.061738+00:00,BTC-10SEP26-77500-C,79016.05,BTC-10SEP26,call,77500.0,2026-09-10T08:00:00+00:00,0.006453118686528761,0.021,0.0245,0.0227826,0.02275,79016.05,BTC-10SEP26,0.3319,0.76808,19.36655,0.0,0.0,0.0034999999999999996,BTC,79006.44,0.0
2026-09-07T23:25:55.061738+00:00,BTC-25DEC26-135000-C,80065.74,BTC-25DEC26,call,135000.0,2026-12-25T08:00:00+00:00,0.2966653021225315,0.0029,0.0034,0.0031994,0.00315,80065.74,BTC-25DEC26,0.48810000000000003,0.03343,32.45287,1376.9,5.1,0.0005,BTC,79007.05,1430.67
2026-09-07T23:25:55.061738+00:00,BTC-10SEP26-79500-C,79016.05,BTC-10SEP26,call,79500.0,2026-09-10T08:00:00+00:00,0.006453118686528761,0.0075,0.008,0.00774078,0.00775,79016.05,BTC-10SEP26,0.3271,0.41055,24.68727,25.8,25.8,0.0005000000000000004,BTC,79007.05,23404.55
2026-09-07T23:25:55.061738+00:00,BTC-9SEP26-81500-C,79010.32,BTC-9SEP26,call,81500.0,2026-09-09T08:00:00+00:00,0.0037152678993966587,0.0004,0.0006,0.0004924,0.0005,79010.32,BTC-9SEP26,0.32289999999999996,0.05765,5.56018,4.9,5.2,0.00019999999999999993,BTC,79007.05,608.78
2026-09-07T23:25:55.061738+00:00,BTC-25DEC26-104000-P,80065.74,BTC-25DEC26,put,104000.0,2026-12-25T08:00:00+00:00,0.2966653021225315,0.3115,0.318,0.3145587,0.31475,80065.74,BTC-25DEC26,0.41409999999999997,-0.85253,100.54516,0.1,0.0,0.006500000000000006,BTC,79007.05,0.0
2026-09-07T23:25:55.061738+00:00,BTC-30OCT26-76000-C,79431.27,BTC-30OCT26,call,76000.0,2026-10-30T08:00:00+00:00,0.14334565804313382,0.0785,0.0815,0.07955653,0.08,79431.27,BTC-30OCT26,0.37450000000000006,0.64839,111.59548,356.1,0.0,0.0030000000000000027,BTC,79007.05,0.0
2026-09-07T23:25:55.061738+00:00,BTC-25JUN27-68000-P,82002.72,BTC-25JUN27,put,68000.0,2027-06-25T08:00:00+00:00,0.794954145380574,0.068,0.0705,0.069493,0.06925,82002.72,BTC-25JUN27,0.4292,-0.24817,231.4844,13.6,0.0,0.0024999999999999883,BTC,79007.05,0.0
2026-09-07T23:25:55.061738+00:00,BTC-25DEC26-85000-P,80065.74,BTC-25DEC26,put,85000.0,2026-12-25T08:00:00+00:00,0.2966653021225315,0.121,0.122,0.12176137,0.1215,80065.74,BTC-25DEC26,0.3914,-0.56935,171.3677,580.6,9.2,0.0010000000000000009,BTC,79006.44,83225.9
2026-09-07T23:25:55.061738+00:00,BTC-27NOV26-95000-C,79749.51,BTC-27NOV26,call,95000.0,2026-11-27T08:00:00+00:00,0.22000548008283266,0.0195,0.0205,0.02001924,0.02,79749.51,BTC-27NOV26,0.4052,0.20428,106.07193,35.1,6.9,0.0010000000000000009,BTC,79006.44,12544.31
2026-09-07T23:25:55.061738+00:00,BTC-25DEC26-84000-P,80065.74,BTC-25DEC26,put,84000.0,2026-12-25T08:00:00+00:00,0.2966653021225315,0.113,0.114,0.11375633,0.1135,80065.74,BTC-25DEC26,0.3914,-0.54748,172.76931,85.7,0.0,0.0010000000000000009,BTC,79006.44,0.0
2026-09-07T23:25:55.061738+00:00,BTC-30OCT26-70000-C,79431.27,BTC-30OCT26,call,70000.0,2026-10-30T08:00:00+00:00,0.14334565804313382,0.133,0.137,0.13438536,0.135,79431.27,BTC-30OCT26,0.396,0.82035,78.82888,1099.6,0.0,0.0040000000000000036,BTC,79006.44,0.0
2026-09-07T23:25:55.061738+00:00,BTC-18SEP26-81000-P,79072.62,BTC-18SEP26,put,81000.0,2026-09-18T08:00:00+00:00,0.028355924983585568,0.0385,0.0405,0.03944837,0.0395,79072.62,BTC-18SEP26,0.3737,-0.63819,49.90949,32.8,0.4,0.0020000000000000018,BTC,79006.44,1127.3
2026-09-07T23:25:55.061738+00:00,BTC-30OCT26-86000-C,79431.27,BTC-30OCT26,call,86000.0,2026-10-30T08:00:00+00:00,0.14334565804313382,0.027,0.028,0.02743031,0.0275,79431.27,BTC-30OCT26,0.3814,0.31595,106.98636,724.8,31.7,0.0010000000000000009,BTC,79006.44,74418.73
2026-09-07T23:25:55.061738+00:00,BTC-9SEP26-76000-P,79010.32,BTC-9SEP26,put,76000.0,2026-09-09T08:00:00+00:00,0.0037152678993966587,0.0004,0.0006,0.00052697,0.0005,79010.32,BTC-9SEP26,0.3942,-0.05235,5.15278,34.2,40.8,0.00019999999999999993,BTC,79006.44,2480.79
2026-09-07T23:25:55.061738+00:00,BTC-25SEP26-84000-P,79116.1,BTC-25SEP26,put,84000.0,2026-09-25T08:00:00+00:00,0.047520880493510276,0.071,0.075,0.07314077,0.073,79116.1,BTC-25SEP26,0.37520000000000003,-0.75596,54.11104,47.4,0.0,0.0040000000000000036,BTC,79006.44,0.0
2026-09-07T23:25:55.061738+00:00,BTC-27NOV26-120000-C,79749.51,BTC-27NOV26,call,120000.0,2026-11-27T08:00:00+00:00,0.22000548008283266,0.0032,0.0036,0.00333448,0.0034,79749.51,BTC-27NOV26,0.4694,0.04043,32.5174,86.2,0.7,0.00039999999999999975,BTC,79006.44,216.8
2026-09-07T23:25:55.061738+00:00,BTC-26MAR27-180000-P,81014.14,BTC-26MAR27,put,180000.0,2027-03-26T08:00:00+00:00,0.5458097237515528,1.211,1.2385,1.22590571,1.22475,81014.14,BTC-26MAR27,0.5227,-0.96952,41.26504,0.1,0.0,0.027499999999999858,BTC,79006.02,0.0
2026-09-07T23:25:55.061738+00:00,BTC-18SEP26-65000-C,79072.86,BTC-18SEP26,call,65000.0,2026-09-18T08:00:00+00:00,0.028355924983585568,0.176,0.1805,0.17835558,0.17825,79072.86,BTC-18SEP26,0.5289,0.98754,4.29684,0.0,0.0,0.004500000000000004,BTC,79006.02,0.0
2026-09-07T23:25:55.061738+00:00,BTC-25JUN27-72000-C,82003.08,BTC-25JUN27,call,72000.0,2027-06-25T08:00:00+00:00,0.794954145380574,0.2075,0.211,0.2097972,0.20925,82003.08,BTC-25JUN27,0.4235,0.70296,253.12298,90.1,0.6,0.003500000000000003,BTC,79006.02,10052.54
2026-09-07T23:25:55.061738+00:00,BTC-25JUN27-110000-P,82002.72,BTC-25JUN27,put,110000.0,2027-06-25T08:00:00+00:00,0.794954145380574,0.392,0.4,0.39543273,0.396,82002.72,BTC-25JUN27,0.423,-0.7225,245.09576,4.3,0.0,0.008000000000000007,BTC,79006.02,0.0
2026-09-07T23:25:55.061738+00:00,BTC-25SEP26-150000-C,79116.4,BTC-25SEP26,call,150000.0,2026-09-25T08:00:00+00:00,0.047520880493510276,,0.0001,8.91e-06,,79116.4,BTC-25SEP26,0.8114,0.00021,0.13636,768.8,0.0,,BTC,79006.02,0.0
2026-09-07T23:25:55.061738+00:00,BTC-10SEP26-82000-C,79016.05,BTC-10SEP26,call,82000.0,2026-09-10T08:00:00+00:00,0.006453118686528761,0.0011,0.0013,0.00120623,0.0012,79016.05,BTC-10SEP26,0.3465,0.0927,10.53745,27.0,27.5,0.00019999999999999987,BTC,79006.02,5868.67
2026-09-07T23:25:55.061738+00:00,BTC-25SEP26-165000-P,79116.1,BTC-25SEP26,put,165000.0,2026-09-25T08:00:00+00:00,0.047520880493510276,1.08,1.0925,1.08557863,1.08625,79116.1,BTC-25SEP26,0.8449,-0.99995,0.03452,0.0,0.0,0.012499999999999956,BTC,79006.02,0.0
2026-09-07T23:25:55.061738+00:00,BTC-18SEP26-69000-P,79072.86,BTC-18SEP26,put,69000.0,2026-09-18T08:00:00+00:00,0.028355924983585568,0.0011,0.0013,0.00116357,0.0012,79072.86,BTC-18SEP26,0.46130000000000004,-0.03668,10.69382,31.2,1.0,0.00019999999999999987,BTC,79006.02,94.81
2026-09-07T23:25:55.061738+00:00,BTC-25SEP26-60000-C,79116.1,BTC-25SEP26,call,60000.0,2026-09-25T08:00:00+00:00,0.047520880493510276,0.2405,0.244,0.24217451,0.24225,79116.1,BTC-25SEP26,0.5811,0.98758,5.55039,837.0,0.1,0.003500000000000003,BTC,79006.02,1916.48
2026-09-07T23:25:55.061738+00:00,BTC-25SEP26-110000-P,79116.1,BTC-25SEP26,put,110000.0,2026-09-25T08:00:00+00:00,0.047520880493510276,0.387,0.3945,0.39056734,0.39075,79116.1,BTC-25SEP26,0.5704,-0.99518,2.41326,215.7,0.0,0.007500000000000007,BTC,79006.02,0.0
2026-09-07T23:25:55.061738+00:00,BTC-27NOV26-110000-C,79749.51,BTC-27NOV26,call,110000.0,2026-11-27T08:00:00+00:00,0.22000548008283266,0.006,0.0065,0.0062736,0.00625,79749.51,BTC-27NOV26,0.4412,0.07332,52.04733,69.7,0.1,0.0004999999999999996,BTC,79006.02,51.72
2026-09-07T23:25:55.061738+00:00,BTC-25DEC26-130000-C,80065.74,BTC-25DEC26,call,130000.0,2026-12-25T08:00:00+00:00,0.2966653021225315,0.0036,0.0041,0.00389468,0.00385,80065.74,BTC-25DEC26,0.4752,0.04061,38.05412,1566.9,0.5,0.0005000000000000004,BTC,79006.02,171.87
2026-09-07T23:25:55.061738+00:00,BTC-25SEP26-240000-C,79116.1,BTC-25SEP26,call,240000.0,2026-09-25T08:00:00+00:00,0.047520880493510276,,0.0001,4.9e-07,,79116.1,BTC-25SEP26,1.156,1e-05,0.00733,211.9,0.0,,BTC,79006.02,0.0
2026-09-07T23:25:55.061738+00:00,BTC-26MAR27-92000-C,81014.14,BTC-26MAR27,call,92000.0,2027-03-26T08:00:00+00:00,0.5458097237515528,0.0685,0.071,0.06991081,0.06975,81014.14,BTC-26MAR27,0.4032,0.39036,229.73852,261.2,0.0,0.0024999999999999883,BTC,79006.48,0.0
2026-09-07T23:25:55.061738+00:00,BTC-30OCT26-87000-C,79431.27,BTC-30OCT26,call,87000.0,2026-10-30T08:00:00+00:00,0.14334565804313382,0.024,0.025,0.02445517,0.0245,79431.27,BTC-30OCT26,0.3831,0.28911,102.80986,111.2,18.0,0.0010000000000000009,BTC,79006.02,40218.76
2026-09-07T23:25:55.061738+00:00,BTC-25JUN27-58000-P,82003.08,BTC-25JUN27,put,58000.0,2027-06-25T08:00:00+00:00,0.794954145380574,0.035,0.037,0.03609211,0.036,82003.08,BTC-25JUN27,0.45130000000000003,-0.14426,166.10115,91.9,0.0,0.001999999999999995,BTC,79006.48,0.0
2026-09-07T23:25:55.061738+00:00,BTC-27NOV26-71000-C,79749.51,BTC-27NOV26,call,71000.0,2026-11-27T08:00:00+00:00,0.22000548008283266,0.137,0.141,0.13875634,0.139,79749.51,BTC-27NOV26,0.4012,0.76128,115.95908,0.1,0.0,0.003999999999999976,BTC,79006.48,0.0
2026-09-07T23:25:55.061738+00:00,BTC-11SEP26-68000-P,79022.29,BTC-11SEP26,put,68000.0,2026-09-11T08:00:00+00:00,0.00919096947366086,0.0001,0.0002,0.00014906,0.00015,79022.29,BTC-11SEP26,0.6481,-0.00723,1.51837,884.6,1.9,0.0001,BTC,79006.48,27.82
2026-09-07T23:25:55.061738+00:00,BTC-10SEP26-77000-P,79016.05,BTC-10SEP26,put,77000.0,2026-09-10T08:00:00+00:00,0.006453118686528761,0.0023,0.0027,0.00249557,0.0025,79016.05,BTC-10SEP26,0.3404,-0.17056,16.09862,15.3,14.6,0.0004000000000000002,BTC,79006.48,2692.23
2026-09-07T23:25:55.061738+00:00,BTC-26MAR27-96000-P,81014.14,BTC-26MAR27,put,96000.0,2027-03-26T08:00:00+00:00,0.5458097237515528,0.2395,0.2455,0.24254647,0.2425,81014.14,BTC-26MAR27,0.4047,-0.66221,218.79041,1.6,0.0,0.006000000000000005,BTC,79006.06,0.0
2026-09-07T23:25:55.061738+00:00,BTC-18SEP26-84000-P,79072.86,BTC-18SEP26,put,84000.0,2026-09-18T08:00:00+00:00,0.028355924983585568,0.0665,0.071,0.06868627,0.06875,79072.86,BTC-18SEP26,0.3858,-0.81578,35.45409,0.1,0.0,0.00449999999999999,BTC,79006.06,0.0
2026-09-07T23:25:55.061738+00:00,BTC-30OCT26-88000-C,79431.27,BTC-30OCT26,call,88000.0,2026-10-30T08:00:00+00:00,0.14334565804313382,0.0215,0.0225,0.02186095,0.022,79431.27,BTC-30OCT26,0.38549999999999995,0.26444,98.41169,556.4,3.1,0.0010000000000000009,BTC,79006.06,5526.94
2026-09-07T23:25:55.061738+00:00,BTC-18SEP26-75000-C,79072.62,BTC-18SEP26,call,75000.0,2026-09-18T08:00:00+00:00,0.028355924983585568,0.0565,0.0605,0.05872175,0.0585,79072.62,BTC-18SEP26,0.38130000000000003,0.80323,36.91943,35.1,0.0,0.003999999999999997,BTC,79006.64,0.0
2026-09-07T23:25:55.061738+00:00,BTC-30OCT26-62000-C,79431.27,BTC-30OCT26,call,62000.0,2026-10-30T08:00:00+00:00,0.14334565804313382,0.222,0.227,0.22478003,0.2245,79431.27,BTC-30OCT26,0.4596,0.93437,38.42558,13.5,0.0,0.0050000000000000044,BTC,79006.06,0.0
2026-09-07T23:25:55.061738+00:00,BTC-25SEP26-115000-P,79116.1,BTC-25SEP26,put,115000.0,2026-09-25T08:00:00+00:00,0.047520880493510276,0.4505,0.457,0.45374293,0.45375,79116.1,BTC-25SEP26,0.6286,-0.99611,1.99481,93.7,0.0,0.006500000000000006,BTC,79006.06,0.0
2026-09-07T23:25:55.061738+00:00,BTC-25JUN27-74000-C,82002.72,BTC-25JUN27,call,74000.0,2027-06-25T08:00:00+00:00,0.794954145380574,0.1935,0.197,0.19570446,0.19525,82002.72,BTC-25JUN27,0.42119999999999996,0.67754,262.35289,20.7,0.0,0.003500000000000003,BTC,79006.64,0.0
2026-09-07T23:25:55.061738+00:00,BTC-25JUN27-68000-C,82002.72,BTC-25JUN27,call,68000.0,2027-06-25T08:00:00+00:00,0.794954145380574,0.2365,0.2435,0.24023462,0.24,82002.72,BTC-25JUN27,0.4292,0.75182,231.48617,10.8,0.0,0.007000000000000006,BTC,79006.64,0.0
2026-09-07T23:25:55.061738+00:00,BTC-8SEP26-81500-P,79005.03,BTC-8SEP26,put,81500.0,2026-09-08T08:00:00+00:00,0.0009774171122645574,0.0295,0.034,0.03161633,0.03175,79005.03,BTC-8SEP26,0.3483,-0.99795,0.16022,0.0,0.0,0.004500000000000004,BTC,79006.64,0.0
2026-09-07T23:25:55.061738+00:00,BTC-9SEP26-83000-P,79010.32,BTC-9SEP26,put,83000.0,2026-09-09T08:00:00+00:00,0.0037152678993966587,0.0485,0.0535,0.05058233,0.051,79010.32,BTC-9SEP26,0.35700000000000004,-0.98815,1.48795,0.0,0.0,0.0049999999999999975,BTC,79006.64,0.0
2026-09-07T23:25:55.061738+00:00,BTC-25SEP26-75000-C,79116.1,BTC-25SEP26,call,75000.0,2026-09-25T08:00:00+00:00,0.047520880493510276,0.0625,0.066,0.06418655,0.06425,79116.1,BTC-25SEP26,0.3732,0.75656,54.03899,3307.7,159.2,0.003500000000000003,BTC,79006.64,867485.79
2026-09-07T23:25:55.061738+00:00,BTC-10SEP26-80000-C,79016.05,BTC-10SEP26,call,80000.0,2026-09-10T08:00:00+00:00,0.006453118686528761,0.005,0.006,0.00552605,0.0055,79016.05,BTC-10SEP26,0.32909999999999995,0.3221,22.76102,5.2,3.5,0.001,BTC,79006.64,2708.24
2026-09-07T23:25:55.061738+00:00,BTC-26MAR27-65000-P,81014.14,BTC-26MAR27,put,65000.0,2027-03-26T08:00:00+00:00,0.5458097237515528,0.039,0.041,0.0400828,0.04,81014.14,BTC-26MAR27,0.42619999999999997,-0.19594,165.52806,879.5,0.0,0.0020000000000000018,BTC,79006.35,0.0
2026-09-07T23:25:55.061738+00:00,BTC-30OCT26-57000-C,79431.27,BTC-30OCT26,call,57000.0,2026-10-30T08:00:00+00:00,0.14334565804313382,0.2835,0.2875,0.28537069,0.2855,79431.27,BTC-30OCT26,0.5144,0.96404,23.76328,0.1,0.0,0.0040000000000000036,BTC,79006.35,0.0
2026-09-07T23:25:55.061738+00:00,BTC-11SEP26-80500-P,79022.29,BTC-11SEP26,put,80500.0,2026-09-11T08:00:00+00:00,0.00919096947366086,0.023,0.0265,0.02475027,0.02475,79022.29,BTC-11SEP26,0.3458,-0.70805,26.01513,0.0,0.0,0.0034999999999999996,BTC,79006.35,0.0
2026-09-07T23:25:55.061738+00:00,BTC-10SEP26-86000-C,79016.05,BTC-10SEP26,call,86000.0,2026-09-10T08:00:00+00:00,0.006453118686528761,,0.0002,9.947e-05,,79016.05,BTC-10SEP26,0.4389,0.00843,1.45716,12.8,12.9,,BTC,79006.35,790.81
2026-09-07T23:25:55.061738+00:00,BTC-25DEC26-210000-C,80065.74,BTC-25DEC26,call,210000.0,2026-12-25T08:00:00+00:00,0.2966653021225315,0.0003,0.0008,0.00051159,0.00055,80065.74,BTC-25DEC26,0.6445000000000001,0.00507,6.38299,162.3,0.0,0.0005,BTC,79005.92,0.0
2026-09-07T23:25:55.061738+00:00,BTC-25DEC26-92000-C,80065.74,BTC-25DEC26,call,92000.0,2026-12-25T08:00:00+00:00,0.2966653021225315,0.0355,0.0365,0.03585942,0.036,80065.74,BTC-25DEC26,0.3943,0.29458,150.39072,379.3,4.7,0.0010000000000000009,BTC,79005.92,14213.28
2026-09-07T23:25:55.061738+00:00,BTC-25SEP26-240000-P,79116.1,BTC-25SEP26,put,240000.0,2026-09-25T08:00:00+00:00,0.047520880493510276,2.0265,2.0425,2.03356651,2.0345,79116.1,BTC-25SEP26,1.156,-0.99999,0.00733,0.0,0.0,0.016000000000000014,BTC,79005.92,0.0
2026-09-07T23:25:55.061738+00:00,BTC-11SEP26-80500-C,79022.03,BTC-11SEP26,call,80500.0,2026-09-11T08:00:00+00:00,0.00919096947366086,0.0055,0.0065,0.00603558,0.006,79022.03,BTC-11SEP26,0.3458,0.29191,26.01313,6.1,6.1,0.001,BTC,79005.92,4280.19
2026-09-07T23:25:55.061738+00:00,BTC-26MAR27-90000-C,81014.14,BTC-26MAR27,call,90000.0,2027-03-26T08:00:00+00:00,0.5458097237515528,0.0755,0.078,0.07678626,0.07675,81014.14,BTC-26MAR27,0.4018,0.41825,233.78073,555.2,0.0,0.0025000000000000022,BTC,79005.84,0.0
2026-09-07T23:25:55.061738+00:00,BTC-9SEP26-77500-P,79010.32,BTC-9SEP26,put,77500.0,2026-09-09T08:00:00+00:00,0.0037152678993966587,0.0015,0.002,0.00172374,0.00175,79010.32,BTC-9SEP26,0.32539999999999997,-0.1652,11.96269,139.2,105.2,0.0005,BTC,79005.92,14794.75
2026-09-07T23:25:55.061738+00:00,BTC-25SEP26-79000-P,79116.1,BTC-25SEP26,put,79000.0,2026-09-25T08:00:00+00:00,0.047520880493510276,0.03,0.031,0.03079597,0.0305,79116.1,BTC-25SEP26,0.3626,-0.47781,68.70681,1097.0,62.3,0.0010000000000000009,BTC,79005.92,146201.22
2026-09-07T23:25:55.061738+00:00,BTC-9SEP26-80500-P,79010.32,BTC-9SEP26,put,80500.0,2026-09-09T08:00:00+00:00,0.0037152678993966587,0.0185,0.0225,0.02041427,0.0205,79010.32,BTC-9SEP26,0.3059,-0.84207,11.61654,0.0,0.0,0.004,BTC,79005.92,0.0
2026-09-07T23:25:55.061738+00:00,BTC-25SEP26-95000-P,79116.1,BTC-25SEP26,put,95000.0,2026-09-25T08:00:00+00:00,0.047520880493510276,0.199,0.2055,0.20208172,0.20225,79116.1,BTC-25SEP26,0.4496,-0.96546,13.18471,147.6,0.0,0.006499999999999978,BTC,79005.84,0.0
2026-09-07T23:25:55.061738+00:00,BTC-25DEC26-86000-C,80065.74,BTC-25DEC26,call,86000.0,2026-12-25T08:00:00+00:00,0.2966653021225315,0.0555,0.0565,0.05571457,0.056,80065.74,BTC-25DEC26,0.3906,0.40892,169.44665,324.3,0.0,0.0010000000000000009,BTC,79005.84,0.0
2026-09-07T23:25:55.061738+00:00,BTC-27NOV26-84000-C,79749.22,BTC-27NOV26,call,84000.0,2026-11-27T08:00:00+00:00,0.22000548008283266,0.0505,0.052,0.05093981,0.05125,79749.22,BTC-27NOV26,0.3887,0.42289,146.44597,26.7,1.9,0.0014999999999999944,BTC,79005.84,8166.37
2026-09-07T23:25:55.061738+00:00,BTC-25JUN27-90000-P,82002.72,BTC-25JUN27,put,90000.0,2027-06-25T08:00:00+00:00,0.794954145380574,0.2055,0.2095,0.20699328,0.2075,82002.72,BTC-25JUN27,0.41340000000000005,-0.52724,291.06177,50.5,50.0,0.0040000000000000036,BTC,79005.84,805885.52
2026-09-07T23:25:55.061738+00:00,BTC-30OCT26-68000-P,79431.27,BTC-30OCT26,put,68000.0,2026-10-30T08:00:00+00:00,0.14334565804313382,0.0115,0.0125,0.01179551,0.012,79431.27,BTC-30OCT26,0.4083,-0.13999,66.94407,1517.1,3.1,0.0010000000000000009,BTC,79005.84,2716.89
2026-09-07T23:25:55.061738+00:00,BTC-26MAR27-160000-P,81014.52,BTC-26MAR27,put,160000.0,2027-03-26T08:00:00+00:00,0.5458097237515528,0.968,0.992,0.98109173,0.98,81014.52,BTC-26MAR27,0.4932,-0.95398,57.76914,0.1,0.0,0.02400000000000002,BTC,79006.06,0.0
2026-09-07T23:25:55.061738+00:00,BTC-25DEC26-74000-C,80066.12,BTC-25DEC26,call,74000.0,2026-12-25T08:00:00+00:00,0.2966653021225315,0.125,0.128,0.12643739,0.1265,80066.12,BTC-25DEC26,0.3985,0.68102,155.76552,138.9,0.0,0.0030000000000000027,BTC,79006.06,0.0
2026-09-07T23:25:55.061738+00:00,BTC-8SEP26-90000-P,79005.03,BTC-8SEP26,put,90000.0,2026-09-08T08:00:00+00:00,0.0009774171122645574,0.137,0.142,0.13920056,0.1395,79005.03,BTC-8SEP26,0.5407,-1.0,0.0,0.0,0.0,0.004999999999999977,BTC,79006.06,0.0
2026-09-07T23:25:55.061738+00:00,BTC-25SEP26-58000-P,79116.1,BTC-25SEP26,put,58000.0,2026-09-25T08:00:00+00:00,0.047520880493510276,0.0003,0.0004,0.00042905,0.00035,79116.1,BTC-25SEP26,0.6202000000000001,-0.00909,4.23048,1334.2,25.0,0.00010000000000000005,BTC,79006.06,994.2
2026-09-07T23:25:55.061738+00:00,BTC-18SEP26-76000-P,79072.62,BTC-18SEP26,put,76000.0,2026-09-18T08:00:00+00:00,0.028355924983585568,0.0095,0.0105,0.01010707,0.01,79072.62,BTC-18SEP26,0.3772,-0.25671,42.91273,176.1,8.1,0.0010000000000000009,BTC,79006.06,6505.96
2026-09-07T23:25:55.061738+00:00,BTC-25DEC26-54000-C,80066.12,BTC-25DEC26,call,54000.0,2026-12-25T08:00:00+00:00,0.2966653021225315,0.33,0.336,0.33272223,0.333,80066.12,BTC-25DEC26,0.49700000000000005,0.94398,49.2312,33.1,0.0,0.006000000000000005,BTC,79007.04,0.0
2026-09-07T23:25:55.061738+00:00,BTC-25DEC26-200000-C,80066.12,BTC-25DEC26,call,200000.0,2026-12-25T08:00:00+00:00,0.2966653021225315,0.0006,0.0009,0.00068301,0.00075,80066.12,BTC-25DEC26,0.6351,0.00669,8.16761,969.4,0.0,0.00030000000000000003,BTC,79007.04,0.0
2026-09-07T23:25:55.061738+00:00,BTC-27NOV26-71000-P,79749.51,BTC-27NOV26,put,71000.0,2026-11-27T08:00:00+00:00,0.22000548008283266,0.0285,0.0295,0.02906225,0.029,79749.51,BTC-27NOV26,0.4012,-0.23874,115.96346,20.3,0.0,0.0009999999999999974,BTC,79007.04,0.0
2026-09-07T23:25:55.061738+00:00,BTC-25SEP26-320000-C,79116.1,BTC-25SEP26,call,320000.0,2026-09-25T08:00:00+00:00,0.047520880493510276,,0.0001,3e-07,,79116.1,BTC-25SEP26,1.4015,0.0,0.00393,304.6,0.0,,BTC,79007.04,0.0
2026-09-07T23:25:55.061738+00:00,BTC-10SEP26-88000-P,79016.05,BTC-10SEP26,put,88000.0,2026-09-10T08:00:00+00:00,0.006453118686528761,0.1115,0.117,0.11377095,0.11425,79016.05,BTC-10SEP26,0.5061,-0.99576,0.79267,0.0,0.0,0.005500000000000005,BTC,79007.04,0.0
2026-09-07T23:25:55.061738+00:00,BTC-25JUN27-72000-P,82002.72,BTC-25JUN27,put,72000.0,2027-06-25T08:00:00+00:00,0.794954145380574,0.0865,0.089,0.08783548,0.08775,82002.72,BTC-25JUN27,0.4235,-0.29703,253.12082,47.6,0.0,0.0025000000000000022,BTC,79007.04,0.0
2026-09-07T23:25:55.061738+00:00,BTC-11SEP26-86000-P,79022.29,BTC-11SEP26,put,86000.0,2026-09-11T08:00:00+00:00,0.00919096947366086,0.0875,0.0905,0.08863891,0.089,79022.29,BTC-11SEP26,0.4299,-0.979,3.82352,1.4,0.0,0.0030000000000000027,BTC,79008.46,0.0
2026-09-07T23:25:55.061738+00:00,BTC-25DEC26-45000-C,80065.74,BTC-25DEC26,call,45000.0,2026-12-25T08:00:00+00:00,0.2966653021225315,0.4395,0.4435,0.44140583,0.4415,80065.74,BTC-25DEC26,0.5893,0.97468,25.76483,54.3,0.0,0.0040000000000000036,BTC,79008.46,0.0
2026-09-07T23:25:55.061738+00:00,BTC-25JUN27-70000-C,82003.08,BTC-25JUN27,call,70000.0,2027-06-25T08:00:00+00:00,0.794954145380574,0.221,0.2275,0.22466205,0.22425,82003.08,BTC-25JUN27,0.4263,0.72777,242.79722,195.5,0.0,0.006500000000000006,BTC,79008.46,0.0
2026-09-07T23:25:55.061738+00:00,BTC-11SEP26-64000-C,79022.29,BTC-11SEP26,call,64000.0,2026-09-11T08:00:00+00:00,0.00919096947366086,0.188,0.192,0.19011266,0.19,79022.29,BTC-11SEP26,0.74,0.99867,0.33127,0.0,0.0,0.0040000000000000036,BTC,79008.46,0.0
2026-09-07T23:25:55.061738+00:00,BTC-25DEC26-68000-P,80065.74,BTC-25DEC26,put,68000.0,2026-12-25T08:00:00+00:00,0.2966653021225315,0.028,0.029,0.02843571,0.0285,80065.74,BTC-25DEC26,0.4142,-0.2016,122.69808,551.3,0.0,0.0010000000000000009,BTC,79008.92,0.0
2026-09-07T23:25:55.061738+00:00,BTC-26MAR27-98000-P,81014.14,BTC-26MAR27,put,98000.0,2027-03-26T08:00:00+00:00,0.5458097237515528,0.259,0.265,0.26200899,0.262,81014.14,BTC-26MAR27,0.4061,-0.68602,212.36265,0.2,0.0,0.006000000000000005,BTC,79008.92,0.0
2026-09-07T23:25:55.061738+00:00,BTC-25DEC26-115000-P,80065.74,BTC-25DEC26,put,115000.0,2026-12-25T08:00:00+00:00,0.2966653021225315,0.4405,0.4475,0.4443443,0.444,80065.74,BTC-25DEC26,0.4379,-0.91911,65.3896,5.0,0.0,0.007000000000000006,BTC,79008.92,0.0
2026-09-07T23:25:55.061738+00:00,BTC-9SEP26-79500-P,79010.32,BTC-9SEP26,put,79500.0,2026-09-09T08:00:00+00:00,0.0037152678993966587,0.01,0.0115,0.01092757,0.01075,79010.32,BTC-9SEP26,0.3042,-0.63037,18.17584,102.3,100.9,0.0014999999999999996,BTC,79008.92,60463.76
2026-09-07T23:25:55.061738+00:00,BTC-25JUN27-78000-P,82003.08,BTC-25JUN27,put,78000.0,2027-06-25T08:00:00+00:00,0.794954145380574,0.1195,0.1225,0.12095949,0.121,82003.08,BTC-25JUN27,0.4174,-0.37436,277.1649,104.6,0.0,0.0030000000000000027,BTC,79008.92,0.0
2026-09-07T23:25:55.061738+00:00,BTC-8SEP26-82500-C,79005.03,BTC-8SEP26,call,82500.0,2026-09-08T08:00:00+00:00,0.0009774171122645574,,0.0001,1.87e-06,,79005.03,BTC-8SEP26,0.4227,0.00051,0.04486,93.0,19.1,,BTC,79008.92,998.14
2026-09-07T23:25:55.061738+00:00,BTC-30OCT26-48000-P,79431.27,BTC-30OCT26,put,48000.0,2026-10-30T08:00:00+00:00,0.14334565804313382,0.0012,0.0015,0.00127083,0.00135,79431.27,BTC-30OCT26,0.6386999999999999,-0.01381,10.60835,194.4,0.3,0.00030000000000000014,BTC,79008.92,31.67
2026-09-07T23:25:55.061738+00:00,BTC-25SEP26-84000-C,79116.4,BTC-25SEP26,call,84000.0,2026-09-25T08:00:00+00:00,0.047520880493510276,0.011,0.012,0.01139266,0.0115,79116.4,BTC-25SEP26,0.37520000000000003,0.24421,54.13183,5077.8,4.0,0.0010000000000000009,BTC,79008.92,4402.32
2026-09-07T23:25:55.061738+00:00,BTC-8SEP26-87000-P,79005.03,BTC-8SEP26,put,87000.0,2026-09-08T08:00:00+00:00,0.0009774171122645574,0.099,0.104,0.10122721,0.1015,79005.03,BTC-8SEP26,0.4863,-1.0,0.0,0.0,0.0,0.0049999999999999906,BTC,79009.55,0.0
2026-09-07T23:25:55.061738+00:00,BTC-25DEC26-102000-P,80065.74,BTC-25DEC26,put,102000.0,2026-12-25T08:00:00+00:00,0.2966653021225315,0.2885,0.2955,0.2917548,0.292,80065.74,BTC-25DEC26,0.41,-0.83472,108.39441,7.8,0.0,0.007000000000000006,BTC,79009.55,0.0
2026-09-07T23:25:55.061738+00:00,BTC-25JUN27-120000-C,82003.08,BTC-25JUN27,call,120000.0,2027-06-25T08:00:00+00:00,0.794954145380574,0.038,0.0405,0.03915753,0.03925,82003.08,BTC-25JUN27,0.4316,0.21284,212.43544,292.9,0.2,0.0025000000000000022,BTC,79009.55,652.28
2026-09-07T23:25:55.061738+00:00,BTC-25SEP26-165000-C,79116.1,BTC-25SEP26,call,165000.0,2026-09-25T08:00:00+00:00,0.047520880493510276,,0.0001,1.99e-06,,79116.1,BTC-25SEP26,0.8449,5e-05,0.03455,266.6,0.0,,BTC,79009.55,0.0
2026-09-07T23:25:55.061738+00:00,BTC-25SEP26-65000-P,79116.1,BTC-25SEP26,put,65000.0,2026-09-25T08:00:00+00:00,0.047520880493510276,0.0012,0.0013,0.00122292,0.00125,79116.1,BTC-25SEP26,0.48810000000000003,-0.02881,11.3484,980.2,2.3,0.00010000000000000005,BTC,79009.55,223.94
2026-09-07T23:25:55.061738+00:00,BTC-11SEP26-74000-C,79022.29,BTC-11SEP26,call,74000.0,2026-09-11T08:00:00+00:00,0.00919096947366086,0.0625,0.0655,0.06435538,0.064,79022.29,BTC-11SEP26,0.4174,0.9512,7.66393,15.3,4.0,0.0030000000000000027,BTC,79010.14,22568.42
2026-09-07T23:25:55.061738+00:00,BTC-8SEP26-70000-P,79005.03,BTC-8SEP26,put,70000.0,2026-09-08T08:00:00+00:00,0.0009774171122645574,,0.0001,0.0,,79005.03,BTC-8SEP26,0.6307,0.0,0.0,25.5,0.0,,BTC,79010.14,0.0
2026-09-07T23:25:55.061738+00:00,BTC-9SEP26-82500-C,79010.08,BTC-9SEP26,call,82500.0,2026-09-09T08:00:00+00:00,0.0037152678993966587,0.0001,0.0003,0.00017413,0.0002,79010.08,BTC-9SEP26,0.3503,0.02171,2.49943,111.0,109.6,0.00019999999999999998,BTC,79010.14,16806.1
2026-09-07T23:25:55.061738+00:00,BTC-25JUN27-106000-P,82003.08,BTC-25JUN27,put,106000.0,2027-06-25T08:00:00+00:00,0.794954145380574,0.3515,0.359,0.35431177,0.35525,82003.08,BTC-25JUN27,0.41960000000000003,-0.69107,257.62286,0.0,0.0,0.007500000000000007,BTC,79010.14,0.0
2026-09-07T23:25:55.061738+00:00,BTC-26MAR27-170000-P,81014.14,BTC-26MAR27,put,170000.0,2027-03-26T08:00:00+00:00,0.5458097237515528,1.091,1.115,1.1034921,1.103,81014.14,BTC-26MAR27,0.5108,-0.96203,49.44348,0.2,0.0,0.02400000000000002,BTC,79009.72,0.0
2026-09-07T23:25:55.061738+00:00,BTC-25SEP26-160000-P,79116.1,BTC-25SEP26,put,160000.0,2026-09-25T08:00:00+00:00,0.047520880493510276,1.018,1.0275,1.02237966,1.02275,79116.1,BTC-25SEP26,0.8188,-0.99994,0.04065,0.6,0.0,0.009500000000000064,BTC,79010.14,0.0
2026-09-07T23:25:55.061738+00:00,BTC-25SEP26-80000-P,79116.1,BTC-25SEP26,put,80000.0,2026-09-25T08:00:00+00:00,0.047520880493510276,0.037,0.038,0.03770769,0.0375,79116.1,BTC-25SEP26,0.3636,-0.5407,68.45878,1500.0,289.1,0.0010000000000000009,BTC,79009.72,830962.46
2026-09-07T23:25:55.061738+00:00,BTC-30OCT26-104000-P,79431.27,BTC-30OCT26,put,104000.0,2026-10-30T08:00:00+00:00,0.14334565804313382,0.3095,0.3155,0.31348658,0.3125,79431.27,BTC-30OCT26,0.43810000000000004,-0.93849,36.53468,0.0,0.0,0.006000000000000005,BTC,79009.72,0.0
2026-09-07T23:25:55.061738+00:00,BTC-30OCT26-91000-P,79431.27,BTC-30OCT26,put,91000.0,2026-10-30T08:00:00+00:00,0.14334565804313382,0.158,0.163,0.16112984,0.1605,79431.27,BTC-30OCT26,0.39189999999999997,-0.80031,84.13177,0.2,0.0,0.0050000000000000044,BTC,79009.72,0.0
2026-09-07T23:25:55.061738+00:00,BTC-10SEP26-89000-P,79016.31,BTC-10SEP26,put,89000.0,2026-09-10T08:00:00+00:00,0.006453118686528761,0.124,0.1295,0.12639847,0.12675,79016.31,BTC-10SEP26,0.5143,-0.9979,0.42149,0.0,0.0,0.005500000000000005,BTC,79009.72,0.0
2026-09-07T23:25:55.061738+00:00,BTC-25SEP26-180000-C,79116.1,BTC-25SEP26,call,180000.0,2026-09-25T08:00:00+00:00,0.047520880493510276,,0.0001,1.34e-06,,79116.1,BTC-25SEP26,0.9184,3e-05,0.02261,792.3,0.0,,BTC,79009.72,0.0
2026-09-07T23:25:55.061738+00:00,BTC-8SEP26-79000-C,79005.03,BTC-8SEP26,call,79000.0,2026-09-08T08:00:00+00:00,0.0009774171122645574,0.0028,0.0034,0.00302182,0.0031,79005.03,BTC-8SEP26,0.2408,0.49766,9.8453,11.3,8.0,0.0005999999999999998,BTC,79009.72,4479.8
2026-09-07T23:25:55.061738+00:00,BTC-26MAR27-90000-P,81014.52,BTC-26MAR27,put,90000.0,2027-03-26T08:00:00+00:00,0.5458097237515528,0.185,0.19,0.18772812,0.1875,81014.52,BTC-26MAR27,0.4018,-0.58168,233.80259,14.1,0.0,0.0050000000000000044,BTC,79009.72,0.0
2026-09-07T23:25:55.061738+00:00,BTC-18SEP26-68000-C,79072.86,BTC-18SEP26,call,68000.0,2026-09-18T08:00:00+00:00,0.028355924983585568,0.1385,0.1425,0.14085088,0.1405,79072.86,BTC-18SEP26,0.473,0.97329,8.22601,2.0,2.0,0.003999999999999976,BTC,79009.72,23393.33
2026-09-07T23:25:55.061738+00:00,BTC-30OCT26-80000-P,79431.27,BTC-30OCT26,put,80000.0,2026-10-30T08:00:00+00:00,0.14334565804313382,0.0595,0.0605,0.060221,0.06,79431.27,BTC-30OCT26,0.37329999999999997,-0.49238,119.97525,959.1,12.2,0.0010000000000000009,BTC,79009.72,55338.76
2026-09-07T23:25:55.061738+00:00,BTC-26MAR27-54000-P,81014.14,BTC-26MAR27,put,54000.0,2027-03-26T08:00:00+00:00,0.5458097237515528,0.0155,0.0175,0.01652504,0.0165,81014.14,BTC-26MAR27,0.4675,-0.08908,96.47671,91.7,0.4,0.0020000000000000018,BTC,79009.09,517.6
2026-09-07T23:25:55.061738+00:00,BTC-27NOV26-93000-C,79749.51,BTC-27NOV26,call,93000.0,2026-11-27T08:00:00+00:00,0.22000548008283266,0.023,0.024,0.02356186,0.0235,79749.51,BTC-27NOV26,0.40049999999999997,0.23409,114.71624,28.5,0.1,0.0010000000000000009,BTC,79009.72,181.26
2026-09-07T23:25:55.061738+00:00,BTC-18SEP26-82000-C,79072.62,BTC-18SEP26,call,82000.0,2026-09-18T08:00:00+00:00,0.028355924983585568,0.011,0.012,0.01139251,0.0115,79072.62,BTC-18SEP26,0.37689999999999996,0.29386,45.8691,1303.6,101.1,0.0010000000000000009,BTC,79009.72,105626.9
2026-09-07T23:25:55.061738+00:00,BTC-26MAR27-60000-P,81014.14,BTC-26MAR27,put,60000.0,2027-03-26T08:00:00+00:00,0.5458097237515528,0.026,0.028,0.0270449,0.027,81014.14,BTC-26MAR27,0.4421,-0.13962,132.99481,816.2,11.0,0.0020000000000000018,BTC,79009.09,22238.0
2026-09-07T23:25:55.061738+00:00,BTC-8SEP26-73000-P,79005.03,BTC-8SEP26,put,73000.0,2026-09-08T08:00:00+00:00,0.0009774171122645574,,0.0001,5e-08,,79005.03,BTC-8SEP26,0.5972999999999999,-1e-05,0.00124,13.4,1.5,,BTC,79009.09,11.95
2026-09-07T23:25:55.061738+00:00,BTC-25DEC26-65000-C,80065.74,BTC-25DEC26,call,65000.0,2026-12-25T08:00:00+00:00,0.2966653021225315,0.2075,0.211,0.20916459,0.20925,80065.74,BTC-25DEC26,0.4261,0.84454,104.13683,920.8,0.0,0.003500000000000003,BTC,79009.09,0.0
2026-09-07T23:25:55.061738+00:00,BTC-10SEP26-82500-C,79016.05,BTC-10SEP26,call,82500.0,2026-09-10T08:00:00+00:00,0.006453118686528761,0.0007,0.0009,0.00082149,0.0008,79016.05,BTC-10SEP26,0.3543,0.06599,8.14332,3.1,3.0,0.00019999999999999998,BTC,79009.09,393.23
2026-09-07T23:25:55.061738+00:00,BTC-10SEP26-79000-C,79016.05,BTC-10SEP26,call,79000.0,2026-09-10T08:00:00+00:00,0.006453118686528761,0.01,0.011,0.01057275,0.0105,79016.05,BTC-10SEP26,0.32689999999999997,0.50598,25.3206,1.6,1.6,0.0009999999999999992,BTC,79009.09,1309.64
2026-09-07T23:25:55.061738+00:00,BTC-30OCT26-110000-P,79431.27,BTC-30OCT26,put,110000.0,2026-10-30T08:00:00+00:00,0.14334565804313382,0.3835,0.392,0.38739819,0.38775,79431.27,BTC-30OCT26,0.46259999999999996,-0.96178,24.97687,0.0,0.0,0.008500000000000008,BTC,79009.09,0.0
2026-09-07T23:25:55.061738+00:00,BTC-9SEP26-78000-C,79010.32,BTC-9SEP26,call,78000.0,2026-09-09T08:00:00+00:00,0.0037152678993966587,0.0135,0.0175,0.01560552,0.0155,79010.32,BTC-9SEP26,0.3123,0.75115,15.26525,0.0,0.0,0.004000000000000002,BTC,79009.09,0.0
2026-09-07T23:25:55.061738+00:00,BTC-9SEP26-80000-C,79010.32,BTC-9SEP26,call,80000.0,2026-09-09T08:00:00+00:00,0.0037152678993966587,0.0025,0.0029,0.00276418,0.0027,79010.32,BTC-9SEP26,0.3023,0.24995,15.30087,22.2,16.9,0.00039999999999999975,BTC,79009.09,7339.61
2026-09-07T23:25:55.061738+00:00,BTC-10SEP26-73000-P,79016.05,BTC-10SEP26,put,73000.0,2026-09-10T08:00:00+00:00,0.006453118686528761,0.0002,0.0004,0.00030594,0.0003,79016.05,BTC-10SEP26,0.4885,-0.0209,3.19069,21.1,21.0,0.0002,BTC,79009.09,494.55
2026-09-07T23:25:55.061738+00:00,BTC-25DEC26-190000-C,80065.74,BTC-25DEC26,call,190000.0,2026-12-25T08:00:00+00:00,0.2966653021225315,0.0006,0.001,0.00078787,0.0008,80065.74,BTC-25DEC26,0.6141,0.00784,9.39763,1026.7,0.0,0.0004000000000000001,BTC,79009.09,0.0
2026-09-07T23:25:55.061738+00:00,BTC-25SEP26-105000-P,79116.4,BTC-25SEP26,put,105000.0,2026-09-25T08:00:00+00:00,0.047520880493510276,0.3245,0.3315,0.32750827,0.328,79116.4,BTC-25SEP26,0.5323,-0.99138,4.03905,105.3,0.0,0.007000000000000006,BTC,79009.09,0.0
2026-09-07T23:25:55.061738+00:00,BTC-8SEP26-78500-C,79005.03,BTC-8SEP26,call,78500.0,2026-09-08T08:00:00+00:00,0.0009774171122645574,0.0065,0.009,0.00736017,0.00775,79005.03,BTC-8SEP26,0.2596,0.78165,7.27561,5.2,5.2,0.0024999999999999996,BTC,79009.09,3509.92
2026-09-07T23:25:55.061738+00:00,BTC-25DEC26-230000-P,80065.74,BTC-25DEC26,put,230000.0,2026-12-25T08:00:00+00:00,0.2966653021225315,1.8575,1.8875,1.87300908,1.8725,80065.74,BTC-25DEC26,0.6678000000000001,-0.99673,4.31663,0.0,0.0,0.030000000000000027,BTC,79009.09,0.0
2026-09-07T23:25:55.061738+00:00,BTC-25SEP26-72000-C,79116.1,BTC-25SEP26,call,72000.0,2026-09-25T08:00:00+00:00,0.047520880493510276,0.094,0.0975,0.09555506,0.09575,79116.1,BTC-25SEP26,0.3933,0.87275,35.95383,3314.2,0.5,0.003500000000000003,BTC,79009.09,3806.68
2026-09-07T23:25:55.061738+00:00,BTC-25SEP26-130000-P,79116.1,BTC-25SEP26,put,130000.0,2026-09-25T08:00:00+00:00,0.047520880493510276,0.64,0.648,0.64324589,0.644,79116.1,BTC-25SEP26,0.7445,-0.99855,0.81484,21.4,0.0,0.008000000000000007,BTC,79009.09,0.0
2026-09-07T23:25:55.061738+00:00,BTC-25SEP26-70000-P,79116.4,BTC-25SEP26,put,70000.0,2026-09-25T08:00:00+00:00,0.047520880493510276,0.0033,0.0037,0.00352764,0.0035,79116.4,BTC-25SEP26,0.4171,-0.08221,26.17686,8724.5,5.5,0.0004000000000000002,BTC,79009.09,1407.61
2026-09-07T23:25:55.061738+00:00,BTC-26MAR27-150000-C,81014.14,BTC-26MAR27,call,150000.0,2027-03-26T08:00:00+00:00,0.5458097237515528,0.007,0.0085,0.00769913,0.00775,81014.14,BTC-26MAR27,0.4768,0.05795,69.395,1903.1,1.4,0.0015000000000000005,BTC,79009.13,893.16
2026-09-07T23:25:55.061738+00:00,BTC-9SEP26-87000-P,79010.32,BTC-9SEP26,put,87000.0,2026-09-09T08:00:00+00:00,0.0037152678993966587,0.099,0.104,0.10112362,0.1015,79010.32,BTC-9SEP26,0.4953,-0.99926,0.1223,0.0,0.0,0.0049999999999999906,BTC,79009.09,0.0
2026-09-07T23:25:55.061738+00:00,BTC-25DEC26-45000-P,80065.74,BTC-25DEC26,put,45000.0,2026-12-25T08:00:00+00:00,0.2966653021225315,0.0032,0.0036,0.00345191,0.0034,80065.74,BTC-25DEC26,0.5893,-0.02532,25.76329,2844.5,1.0,0.00039999999999999975,BTC,79009.13,283.38
2026-09-07T23:25:55.061738+00:00,BTC-30OCT26-67000-P,79431.27,BTC-30OCT26,put,67000.0,2026-10-30T08:00:00+00:00,0.14334565804313382,0.01,0.011,0.01020782,0.0105,79431.27,BTC-30OCT26,0.4147,-0.12301,61.22614,411.7,0.5,0.0009999999999999992,BTC,79009.13,396.93
2026-09-07T23:25:55.061738+00:00,BTC-25JUN27-125000-C,82003.08,BTC-25JUN27,call,125000.0,2027-06-25T08:00:00+00:00,0.794954145380574,0.0325,0.035,0.03366396,0.03375,82003.08,BTC-25JUN27,0.4364,0.1871,196.58887,115.6,0.0,0.0025000000000000022,BTC,79009.13,0.0
2026-09-07T23:25:55.061738+00:00,BTC-25JUN27-60000-C,82003.08,BTC-25JUN27,call,60000.0,2027-06-25T08:00:00+00:00,0.794954145380574,0.306,0.313,0.30985788,0.3095,82003.08,BTC-25JUN27,0.44630000000000003,0.83738,179.84128,961.8,0.1,0.007000000000000006,BTC,79009.13,2457.67
2026-09-07T23:25:55.061738+00:00,BTC-8SEP26-74000-C,79005.03,BTC-8SEP26,call,74000.0,2026-09-08T08:00:00+00:00,0.0009774171122645574,0.061,0.065,0.06332461,0.063,79005.03,BTC-8SEP26,0.5779,0.99986,0.01376,0.0,0.0,0.0040000000000000036,BTC,79009.13,0.0
2026-09-07T23:25:55.061738+00:00,BTC-8SEP26-83000-C,79005.03,BTC-8SEP26,call,83000.0,2026-09-08T08:00:00+00:00,0.0009774171122645574,,0.0001,5.2e-07,,79005.03,BTC-8SEP26,0.4368,0.00015,0.0141,47.9,33.7,,BTC,79009.13,538.02
2026-09-07T23:25:55.061738+00:00,BTC-8SEP26-88000-P,79005.03,BTC-8SEP26,put,88000.0,2026-09-08T08:00:00+00:00,0.0009774171122645574,0.1115,0.117,0.11388499,0.11425,79005.03,BTC-8SEP26,0.5368999999999999,-1.0,0.0,0.0,0.0,0.005500000000000005,BTC,79009.13,0.0
2026-09-07T23:25:55.061738+00:00,BTC-27NOV26-79000-P,79749.51,BTC-27NOV26,put,79000.0,2026-11-27T08:00:00+00:00,0.22000548008283266,0.067,0.068,0.06763182,0.0675,79749.51,BTC-27NOV26,0.3882,-0.44371,147.75524,93.8,18.1,0.0010000000000000009,BTC,79009.13,92890.06
2026-09-07T23:25:55.061738+00:00,BTC-30OCT26-59000-C,79431.27,BTC-30OCT26,call,59000.0,2026-10-30T08:00:00+00:00,0.14334565804313382,0.2585,0.263,0.26089063,0.26075,79431.27,BTC-30OCT26,0.4899,0.95492,28.55296,1.0,0.0,0.004500000000000004,BTC,79009.13,0.0
2026-09-07T23:25:55.061738+00:00,BTC-10SEP26-81000-P,79016.05,BTC-10SEP26,put,81000.0,2026-09-10T08:00:00+00:00,0.006453118686528761,0.026,0.03,0.02776434,0.028,79016.05,BTC-10SEP26,0.3354,-0.81927,16.69827,0.0,0.0,0.004,BTC,79009.13,0.0
2026-09-07T23:25:55.061738+00:00,BTC-25JUN27-115000-C,82003.08,BTC-25JUN27,call,115000.0,2027-06-25T08:00:00+00:00,0.794954145380574,0.0445,0.047,0.04570615,0.04575,82003.08,BTC-25JUN27,0.4267,0.24246,228.62222,38.2,0.0,0.0025000000000000022,BTC,79009.13,0.0
2026-09-07T23:25:55.061738+00:00,BTC-25SEP26-220000-C,79116.4,BTC-25SEP26,call,220000.0,2026-09-25T08:00:00+00:00,0.047520880493510276,,0.0001,5.1e-07,,79116.4,BTC-25SEP26,1.0735999999999999,1e-05,0.00817,241.9,0.0,,BTC,79009.13,0.0
2026-09-07T23:25:55.061738+00:00,BTC-26MAR27-106000-C,81014.14,BTC-26MAR27,call,106000.0,2027-03-26T08:00:00+00:00,0.5458097237515528,0.035,0.037,0.03603004,0.036,81014.14,BTC-26MAR27,0.4129,0.23302,183.1003,79.2,0.0,0.001999999999999995,BTC,79009.13,0.0
2026-09-07T23:25:55.061738+00:00,BTC-10SEP26-82000-P,79016.05,BTC-10SEP26,put,82000.0,2026-09-10T08:00:00+00:00,0.006453118686528761,0.037,0.0415,0.03898807,0.03925,79016.05,BTC-10SEP26,0.3465,-0.90714,10.54982,0.0,0.0,0.004500000000000004,BTC,79009.13,0.0
2026-09-07T23:25:55.061738+00:00,BTC-30OCT26-48000-C,79431.27,BTC-30OCT26,call,48000.0,2026-10-30T08:00:00+00:00,0.14334565804313382,0.3955,0.3985,0.39696432,0.397,79431.27,BTC-30OCT26,0.6386999999999999,0.98619,10.60801,0.1,0.0,0.0030000000000000027,BTC,79009.13,0.0
2026-09-07T23:25:55.061738+00:00,BTC-8SEP26-89000-C,79005.03,BTC-8SEP26,call,89000.0,2026-09-08T08:00:00+00:00,0.0009774171122645574,,0.0001,0.0,,79005.03,BTC-8SEP26,0.5407,0.0,0.0,25.3,0.0,,BTC,79009.13,0.0
2026-09-07T23:25:55.061738+00:00,BTC-11SEP26-80000-P,79022.03,BTC-11SEP26,put,80000.0,2026-09-11T08:00:00+00:00,0.00919096947366086,0.0195,0.0215,0.02032696,0.0205,79022.03,BTC-11SEP26,0.3433,-0.64107,28.31559,284.4,6.1,0.0019999999999999983,BTC,79009.13,9992.47
2026-09-07T23:25:55.061738+00:00,BTC-25SEP26-100000-C,79116.1,BTC-25SEP26,call,100000.0,2026-09-25T08:00:00+00:00,0.047520880493510276,0.0005,0.0008,0.00063207,0.00065,79116.1,BTC-25SEP26,0.49369999999999997,0.01687,7.22461,7229.4,102.2,0.00030000000000000003,BTC,79009.13,4902.04
2026-09-07T23:25:55.061738+00:00,BTC-26MAR27-98000-C,81014.14,BTC-26MAR27,call,98000.0,2027-03-26T08:00:00+00:00,0.5458097237515528,0.051,0.0535,0.05231673,0.05225,81014.14,BTC-26MAR27,0.4061,0.31398,212.36221,115.0,0.0,0.0025000000000000022,BTC,79009.13,0.0
2026-09-07T23:25:55.061738+00:00,BTC-30OCT26-88000-P,79431.27,BTC-30OCT26,put,88000.0,2026-10-30T08:00:00+00:00,0.14334565804313382,0.1275,0.131,0.12975623,0.12925,79431.27,BTC-30OCT26,0.38549999999999995,-0.7355,98.42598,8.1,0.0,0.003500000000000003,BTC,79009.13,0.0
2026-09-07T23:25:55.061738+00:00,BTC-9SEP26-84000-C,79010.32,BTC-9SEP26,call,84000.0,2026-09-09T08:00:00+00:00,0.0037152678993966587,,0.0001,4.078e-05,,79010.32,BTC-9SEP26,0.3921,0.00529,0.73173,29.6,10.3,,BTC,79009.13,386.77
2026-09-07T23:25:55.061738+00:00,BTC-30OCT26-102000-P,79431.53,BTC-30OCT26,put,102000.0,2026-10-30T08:00:00+00:00,0.14334565804313382,0.2855,0.291,0.28925506,0.28825,79431.53,BTC-30OCT26,0.4325,-0.9259,42.18882,0.0,0.0,0.005500000000000005,BTC,79009.13,0.0
2026-09-07T23:25:55.061738+00:00,BTC-8SEP26-72000-C,79004.72,BTC-8SEP26,call,72000.0,2026-09-08T08:00:00+00:00,0.0009774171122645574,0.0865,0.0905,0.08863955,0.0885,79004.72,BTC-8SEP26,0.5972999999999999,1.0,4e-05,0.0,0.0,0.0040000000000000036,BTC,79009.13,0.0
2026-09-07T23:25:55.061738+00:00,BTC-11SEP26-78000-C,79022.29,BTC-11SEP26,call,78000.0,2026-09-11T08:00:00+00:00,0.00919096947366086,0.019,0.022,0.02042529,0.0205,79022.29,BTC-11SEP26,0.3408,0.65919,27.78618,943.1,0.0,0.002999999999999999,BTC,79009.13,0.0
2026-09-07T23:25:55.061738+00:00,BTC-25SEP26-60000-P,79116.4,BTC-25SEP26,put,60000.0,2026-09-25T08:00:00+00:00,0.047520880493510276,0.0005,0.0006,0.00056602,0.00055,79116.4,BTC-25SEP26,0.5811,-0.01241,5.54742,5324.4,4.2,9.999999999999994e-05,BTC,79009.13,170.94
2026-09-07T23:25:55.061738+00:00,BTC-27NOV26-88000-P,79749.22,BTC-27NOV26,put,88000.0,2026-11-27T08:00:00+00:00,0.22000548008283266,0.137,0.141,0.13990004,0.139,79749.22,BTC-27NOV26,0.39409999999999995,-0.6704,135.4128,0.0,0.0,0.003999999999999976,BTC,79009.13,0.0
2026-09-07T23:25:55.061738+00:00,BTC-25DEC26-72000-P,80066.12,BTC-25DEC26,put,72000.0,2026-12-25T08:00:00+00:00,0.2966653021225315,0.0415,0.042,0.04193674,0.04175,80066.12,BTC-25DEC26,0.402,-0.27637,145.89437,787.7,8.0,0.0005000000000000004,BTC,79009.13,25221.39
2026-09-07T23:25:55.061738+00:00,BTC-26MAR27-56000-C,81014.14,BTC-26MAR27,call,56000.0,2027-03-26T08:00:00+00:00,0.5458097237515528,0.325,0.332,0.32801607,0.3285,81014.14,BTC-26MAR27,0.45640000000000003,0.89671,107.56746,16.9,0.0,0.007000000000000006,BTC,79009.13,0.0
2026-09-07T23:25:55.061738+00:00,BTC-8SEP26-81500-C,79005.03,BTC-8SEP26,call,81500.0,2026-09-08T08:00:00+00:00,0.0009774171122645574,,0.0001,6.93e-06,,79005.03,BTC-8SEP26,0.3483,0.00208,0.16191,123.3,80.4,,BTC,79009.13,4961.32
2026-09-07T23:25:55.061738+00:00,BTC-27NOV26-105000-P,79749.22,BTC-27NOV26,put,105000.0,2026-11-27T08:00:00+00:00,0.22000548008283266,0.322,0.328,0.32562887,0.325,79749.22,BTC-27NOV26,0.42810000000000004,-0.89799,66.61231,0.0,0.0,0.006000000000000005,BTC,79009.13,0.0
2026-09-07T23:25:55.061738+00:00,BTC-9SEP26-76000-C,79010.32,BTC-9SEP26,call,76000.0,2026-09-09T08:00:00+00:00,0.0037152678993966587,0.0365,0.041,0.0386312,0.03875,79010.32,BTC-9SEP26,0.3942,0.94788,5.13331,0.0,0.0,0.004500000000000004,BTC,79009.13,0.0
2026-09-07T23:25:55.061738+00:00,BTC-10SEP26-75000-P,79016.05,BTC-10SEP26,put,75000.0,2026-09-10T08:00:00+00:00,0.006453118686528761,0.0006,0.0008,0.00070995,0.0007,79016.05,BTC-10SEP26,0.4023,-0.05197,6.75147,18.3,16.3,0.0002000000000000001,BTC,79009.13,1027.72
2026-09-07T23:25:55.061738+00:00,BTC-25JUN27-55000-C,82003.08,BTC-25JUN27,call,55000.0,2027-06-25T08:00:00+00:00,0.794954145380574,0.355,0.3615,0.35875622,0.35825,82003.08,BTC-25JUN27,0.46240000000000003,0.8799,146.37992,2.9,0.0,0.006500000000000006,BTC,79009.13,0.0
2026-09-07T23:25:55.061738+00:00,BTC-10SEP26-71000-C,79016.05,BTC-10SEP26,call,71000.0,2026-09-10T08:00:00+00:00,0.006453118686528761,0.099,0.103,0.10161624,0.101,79016.05,BTC-10SEP26,0.5885,0.98879,1.86849,0.0,0.0,0.00399999999999999,BTC,79009.13,0.0
2026-09-07T23:25:55.061738+00:00,BTC-27NOV26-93000-P,79749.22,BTC-27NOV26,put,93000.0,2026-11-27T08:00:00+00:00,0.22000548008283266,0.1865,0.1915,0.1897372,0.189,79749.22,BTC-27NOV26,0.40049999999999997,-0.76596,114.70109,2.0,0.0,0.0050000000000000044,BTC,79009.13,0.0
2026-09-07T23:25:55.061738+00:00,BTC-27NOV26-108000-P,79749.22,BTC-27NOV26,put,108000.0,2026-11-27T08:00:00+00:00,0.22000548008283266,0.3575,0.364,0.36135186,0.36075,79749.22,BTC-27NOV26,0.4343,-0.91749,56.92877,0.0,0.0,0.006500000000000006,BTC,79009.13,0.0
2026-09-07T23:25:55.061738+00:00,BTC-25DEC26-56000-C,80065.74,BTC-25DEC26,call,56000.0,2026-12-25T08:00:00+00:00,0.2966653021225315,0.3065,0.3115,0.30912789,0.309,80065.74,BTC-25DEC26,0.4799,0.9329,56.6837,41.5,0.0,0.0050000000000000044,BTC,79008.75,0.0
2026-09-07T23:25:55.061738+00:00,BTC-25SEP26-52000-P,79116.4,BTC-25SEP26,put,52000.0,2026-09-25T08:00:00+00:00,0.047520880493510276,0.0001,0.0002,0.00017748,0.00015,79116.4,BTC-25SEP26,0.7343999999999999,-0.00347,1.79731,1201.5,0.8,0.0001,BTC,79008.75,12.76
2026-09-07T23:25:55.061738+00:00,BTC-26MAR27-86000-P,81014.14,BTC-26MAR27,put,86000.0,2027-03-26T08:00:00+00:00,0.5458097237515528,0.153,0.157,0.15476945,0.155,81014.14,BTC-26MAR27,0.4014,-0.52133,238.4782,3.1,0.0,0.0040000000000000036,BTC,79008.75,0.0
2026-09-07T23:25:55.061738+00:00,BTC-18SEP26-80000-C,79072.62,BTC-18SEP26,call,80000.0,2026-09-18T08:00:00+00:00,0.028355924983585568,0.019,0.02,0.01968876,0.0195,79072.62,BTC-18SEP26,0.3716,0.4376,52.47829,528.1,19.0,0.0010000000000000009,BTC,79008.75,34526.22
2026-09-07T23:25:55.061738+00:00,BTC-26MAR27-40000-P,81014.14,BTC-26MAR27,put,40000.0,2027-03-26T08:00:00+00:00,0.5458097237515528,0.0049,0.005,0.00502648,0.00495,81014.14,BTC-26MAR27,0.557,-0.02744,37.81452,1885.9,2.7,0.00010000000000000026,BTC,79008.56,1050.01
2026-09-07T23:25:55.061738+00:00,BTC-26MAR27-120000-C,81014.14,BTC-26MAR27,call,120000.0,2027-03-26T08:00:00+00:00,0.5458097237515528,0.019,0.021,0.01992002,0.02,81014.14,BTC-26MAR27,0.42979999999999996,0.14042,133.50984,790.9,0.2,0.0020000000000000018,BTC,79008.56,334.03
2026-09-07T23:25:55.061738+00:00,BTC-10SEP26-75000-C,79016.05,BTC-10SEP26,call,75000.0,2026-09-10T08:00:00+00:00,0.006453118686528761,0.049,0.0535,0.05151924,0.05125,79016.05,BTC-10SEP26,0.4023,0.948,6.7544,0.0,0.0,0.004499999999999997,BTC,79008.56,0.0
2026-09-07T23:25:55.061738+00:00,BTC-30OCT26-80000-C,79431.27,BTC-30OCT26,call,80000.0,2026-10-30T08:00:00+00:00,0.14334565804313382,0.053,0.054,0.05304348,0.0535,79431.27,BTC-30OCT26,0.37329999999999997,0.50753,119.97241,1298.5,48.0,0.0010000000000000009,BTC,79008.56,207327.98
2026-09-07T23:25:55.061738+00:00,BTC-8SEP26-79500-C,79004.72,BTC-8SEP26,call,79500.0,2026-09-08T08:00:00+00:00,0.0009774171122645574,0.0008,0.0011,0.00090814,0.00095,79004.72,BTC-8SEP26,0.2465,0.20376,6.9864,28.8,21.8,0.00030000000000000003,BTC,79008.56,4081.17
2026-09-07T23:25:55.061738+00:00,BTC-25JUN27-140000-C,82002.72,BTC-25JUN27,call,140000.0,2027-06-25T08:00:00+00:00,0.794954145380574,0.0215,0.0235,0.02244514,0.0225,82002.72,BTC-25JUN27,0.4526,0.13069,155.2816,387.7,0.3,0.0020000000000000018,BTC,79008.56,556.0
2026-09-07T23:25:55.061738+00:00,BTC-27NOV26-67000-C,79749.22,BTC-27NOV26,call,67000.0,2026-11-27T08:00:00+00:00,0.22000548008283266,0.1765,0.1805,0.17830332,0.1785,79749.22,BTC-27NOV26,0.41850000000000004,0.8374,91.98088,0.0,0.0,0.0040000000000000036,BTC,79008.56,0.0
2026-09-07T23:25:55.061738+00:00,BTC-30OCT26-96000-P,79431.27,BTC-30OCT26,put,96000.0,2026-10-30T08:00:00+00:00,0.14334565804313382,0.2145,0.2195,0.21756791,0.217,79431.27,BTC-30OCT26,0.4073,-0.87536,61.79177,0.1,0.0,0.0050000000000000044,BTC,79008.56,0.0
2026-09-07T23:25:55.061738+00:00,BTC-11SEP26-77000-P,79022.03,BTC-11SEP26,put,77000.0,2026-09-11T08:00:00+00:00,0.00919096947366086,0.0039,0.0043,0.0041178,0.0041,79022.03,BTC-11SEP26,0.34759999999999996,-0.21473,22.12095,551.2,9.4,0.0004000000000000002,BTC,79008.83,2705.47
2026-09-07T23:25:55.061738+00:00,BTC-25SEP26-190000-C,79116.4,BTC-25SEP26,call,190000.0,2026-09-25T08:00:00+00:00,0.047520880493510276,,0.0001,6.3e-07,,79116.4,BTC-25SEP26,0.9386,1e-05,0.0111,762.1,0.0,,BTC,79008.83,0.0
2026-09-07T23:25:55.061738+00:00,BTC-26MAR27-56000-P,81014.14,BTC-26MAR27,put,56000.0,2027-03-26T08:00:00+00:00,0.5458097237515528,0.0185,0.0195,0.01926879,0.019,81014.14,BTC-26MAR27,0.45640000000000003,-0.10329,107.56838,122.9,0.0,0.0010000000000000009,BTC,79008.83,0.0
2026-09-07T23:25:55.061738+00:00,BTC-11SEP26-84000-C,79022.03,BTC-11SEP26,call,84000.0,2026-09-11T08:00:00+00:00,0.00919096947366086,0.0008,0.001,0.00084325,0.0009,79022.03,BTC-11SEP26,0.3914,0.05337,8.23025,1371.0,6.2,0.00019999999999999998,BTC,79008.42,886.1
2026-09-07T23:25:55.061738+00:00,BTC-25JUN27-56000-C,82003.08,BTC-25JUN27,call,56000.0,2027-06-25T08:00:00+00:00,0.794954145380574,0.3445,0.3515,0.34852719,0.348,82003.08,BTC-25JUN27,0.45799999999999996,0.87241,152.71908,3.0,0.0,0.007000000000000006,BTC,79008.83,0.0
2026-09-07T23:25:55.061738+00:00,BTC-25SEP26-64000-C,79116.1,BTC-25SEP26,call,64000.0,2026-09-25T08:00:00+00:00,0.047520880493510276,0.19,0.1945,0.19215557,0.19225,79116.1,BTC-25SEP26,0.5115999999999999,0.97473,10.17356,662.5,0.9,0.004500000000000004,BTC,79008.42,13807.06
2026-09-07T23:25:55.061738+00:00,BTC-25JUN27-94000-C,82002.72,BTC-25JUN27,call,94000.0,2027-06-25T08:00:00+00:00,0.794954145380574,0.093,0.096,0.09453804,0.0945,82002.72,BTC-25JUN27,0.41409999999999997,0.42653,286.80759,17.7,0.0,0.0030000000000000027,BTC,79008.42,0.0
2026-09-07T23:25:55.061738+00:00,BTC-25JUN27-200000-P,82003.08,BTC-25JUN27,put,200000.0,2027-06-25T08:00:00+00:00,0.794954145380574,1.4255,1.467,1.44618297,1.44625,82003.08,BTC-25JUN27,0.5175,-0.95549,68.71676,2.1,0.0,0.04150000000000009,BTC,79008.42,0.0
2026-09-07T23:25:55.061738+00:00,BTC-27NOV26-78000-C,79749.51,BTC-27NOV26,call,78000.0,2026-11-27T08:00:00+00:00,0.22000548008283266,0.0835,0.0845,0.0834227,0.084,79749.51,BTC-27NOV26,0.38909999999999995,0.58368,145.94521,34.9,1.0,0.0010000000000000009,BTC,79008.42,6785.77
2026-09-07T23:25:55.061738+00:00,BTC-25SEP26-220000-P,79116.4,BTC-25SEP26,put,220000.0,2026-09-25T08:00:00+00:00,0.047520880493510276,1.7735,1.79,1.78076937,1.78175,79116.4,BTC-25SEP26,1.0735999999999999,-0.99999,0.00816,27.7,0.0,0.01649999999999996,BTC,79008.42,0.0
2026-09-07T23:25:55.061738+00:00,BTC-27NOV26-62000-P,79749.51,BTC-27NOV26,put,62000.0,2026-11-27T08:00:00+00:00,0.22000548008283266,0.01,0.011,0.01045747,0.0105,79749.51,BTC-27NOV26,0.4486,-0.09683,64.12271,107.3,0.0,0.0009999999999999992,BTC,79008.42,0.0
2026-09-07T23:25:55.061738+00:00,BTC-25DEC26-50000-C,80065.74,BTC-25DEC26,call,50000.0,2026-12-25T08:00:00+00:00,0.2966653021225315,0.3785,0.3835,0.38070458,0.381,80065.74,BTC-25DEC26,0.5366,0.96046,37.23403,260.7,0.0,0.0050000000000000044,BTC,79008.62,0.0
2026-09-07T23:25:55.061738+00:00,BTC-18SEP26-82000-P,79072.86,BTC-18SEP26,put,82000.0,2026-09-18T08:00:00+00:00,0.028355924983585568,0.0465,0.05,0.04842678,0.04825,79072.86,BTC-18SEP26,0.37689999999999996,-0.70628,45.85777,26.8,0.0,0.003500000000000003,BTC,79008.42,0.0
2026-09-07T23:25:55.061738+00:00,BTC-30OCT26-45000-P,79431.27,BTC-30OCT26,put,45000.0,2026-10-30T08:00:00+00:00,0.14334565804313382,0.0008,0.0012,0.00098924,0.001,79431.27,BTC-30OCT26,0.6864,-0.0103,8.22548,220.0,0.0,0.00039999999999999986,BTC,79008.62,0.0
2026-09-07T23:25:55.061738+00:00,BTC-30OCT26-69000-C,79431.27,BTC-30OCT26,call,69000.0,2026-10-30T08:00:00+00:00,0.14334565804313382,0.1435,0.1475,0.14490301,0.1455,79431.27,BTC-30OCT26,0.402,0.84134,72.78058,685.1,0.0,0.0040000000000000036,BTC,79008.62,0.0
2026-09-07T23:25:55.061738+00:00,BTC-8SEP26-86000-C,79005.03,BTC-8SEP26,call,86000.0,2026-09-08T08:00:00+00:00,0.0009774171122645574,,0.0001,0.0,,79005.03,BTC-8SEP26,0.4625,0.0,0.0,77.1,0.0,,BTC,79008.62,0.0
2026-09-07T23:25:55.061738+00:00,BTC-25JUN27-84000-C,82002.72,BTC-25JUN27,call,84000.0,2027-06-25T08:00:00+00:00,0.794954145380574,0.135,0.138,0.1364324,0.1365,82002.72,BTC-25JUN27,0.41409999999999997,0.54754,289.69634,18.9,0.0,0.0030000000000000027,BTC,79008.62,0.0
2026-09-07T23:25:55.061738+00:00,BTC-25SEP26-40000-P,79116.1,BTC-25SEP26,put,40000.0,2026-09-25T08:00:00+00:00,0.047520880493510276,,0.0001,6.643e-05,,79116.1,BTC-25SEP26,1.0495999999999999,-0.00099,0.57483,2816.8,0.0,,BTC,79008.62,0.0
2026-09-07T23:25:55.061738+00:00,BTC-25SEP26-280000-P,79116.1,BTC-25SEP26,put,280000.0,2026-09-25T08:00:00+00:00,0.047520880493510276,2.531,2.551,2.53916081,2.541,79116.1,BTC-25SEP26,1.2987,-0.99999,0.00605,0.0,0.0,0.020000000000000018,BTC,79008.62,0.0
2026-09-07T23:25:55.061738+00:00,BTC-30OCT26-69000-P,79431.27,BTC-30OCT26,put,69000.0,2026-10-30T08:00:00+00:00,0.14334565804313382,0.013,0.014,0.01359363,0.0135,79431.27,BTC-30OCT26,0.402,-0.15866,72.78058,295.6,2.4,0.0010000000000000009,BTC,79008.62,2317.91
2026-09-07T23:25:55.061738+00:00,BTC-9SEP26-85000-P,79010.32,BTC-9SEP26,put,85000.0,2026-09-09T08:00:00+00:00,0.0037152678993966587,0.0735,0.0785,0.07583937,0.076,79010.32,BTC-9SEP26,0.4512,-0.99597,0.57457,0.0,0.0,0.0050000000000000044,BTC,79008.62,0.0
2026-09-07T23:25:55.061738+00:00,BTC-27NOV26-82000-P,79749.51,BTC-27NOV26,put,82000.0,2026-11-27T08:00:00+00:00,0.22000548008283266,0.0875,0.0885,0.08855338,0.088,79749.51,BTC-27NOV26,0.3881,-0.52534,148.93775,26.0,0.0,0.0010000000000000009,BTC,79008.62,0.0
2026-09-07T23:25:55.061738+00:00,BTC-30OCT26-62000-P,79431.27,BTC-30OCT26,put,62000.0,2026-10-30T08:00:00+00:00,0.14334565804313382,0.005,0.0055,0.00534261,0.00525,79431.27,BTC-30OCT26,0.4596,-0.06568,38.44813,1201.1,0.3,0.0004999999999999996,BTC,79008.62,119.67
2026-09-07T23:25:55.061738+00:00,BTC-18SEP26-81000-C,79072.62,BTC-18SEP26,call,81000.0,2026-09-18T08:00:00+00:00,0.028355924983585568,0.0145,0.0155,0.01506087,0.015,79072.62,BTC-18SEP26,0.3737,0.36191,49.9133,588.6,11.3,0.0009999999999999992,BTC,79008.62,15804.03
2026-09-07T23:25:55.061738+00:00,BTC-8SEP26-75000-C,79005.03,BTC-8SEP26,call,75000.0,2026-09-08T08:00:00+00:00,0.0009774171122645574,0.0485,0.053,0.05066752,0.05075,79005.03,BTC-8SEP26,0.48979999999999996,0.99966,0.03079,0.0,0.0,0.004499999999999997,BTC,79008.97,0.0
2026-09-07T23:25:55.061738+00:00,BTC-25JUN27-88000-P,82003.08,BTC-25JUN27,put,88000.0,2027-06-25T08:00:00+00:00,0.794954145380574,0.1895,0.1945,0.19095225,0.192,82003.08,BTC-25JUN27,0.41340000000000005,-0.50285,291.76313,4.7,0.0,0.0050000000000000044,BTC,79008.97,0.0
2026-09-07T23:25:55.061738+00:00,BTC-30OCT26-40000-C,79431.27,BTC-30OCT26,call,40000.0,2026-10-30T08:00:00+00:00,0.14334565804313382,0.496,0.498,0.49699437,0.497,79431.27,BTC-30OCT26,0.7606,0.99422,4.94724,0.1,0.0,0.0020000000000000018,BTC,79008.97,0.0
2026-09-07T23:25:55.061738+00:00,BTC-30OCT26-86000-P,79431.27,BTC-30OCT26,put,86000.0,2026-10-30T08:00:00+00:00,0.14334565804313382,0.108,0.1115,0.11014615,0.10975,79431.27,BTC-30OCT26,0.3814,-0.68402,106.99038,98.5,0.0,0.003500000000000003,BTC,79008.97,0.0
2026-09-07T23:25:55.061738+00:00,BTC-10SEP26-83000-C,79016.05,BTC-10SEP26,call,83000.0,2026-09-10T08:00:00+00:00,0.006453118686528761,0.0005,0.0007,0.00057378,0.0006,79016.05,BTC-10SEP26,0.3641,0.04712,6.24309,0.8,0.7,0.00019999999999999998,BTC,79008.67,44.36
2026-09-07T23:25:55.061738+00:00,BTC-26MAR27-82000-P,81014.14,BTC-26MAR27,put,82000.0,2027-03-26T08:00:00+00:00,0.5458097237515528,0.124,0.1265,0.12454359,0.12525,81014.14,BTC-26MAR27,0.4004,-0.45757,237.46845,6.9,0.0,0.0025000000000000022,BTC,79008.97,0.0
2026-09-07T23:25:55.061738+00:00,BTC-25DEC26-64000-C,80065.74,BTC-25DEC26,call,64000.0,2026-12-25T08:00:00+00:00,0.2966653021225315,0.218,0.2215,0.21965136,0.21975,80065.74,BTC-25DEC26,0.431,0.85781,98.10649,405.0,0.0,0.003500000000000003,BTC,79008.67,0.0
2026-09-07T23:25:55.061738+00:00,BTC-26MAR27-95000-P,81014.52,BTC-26MAR27,put,95000.0,2027-03-26T08:00:00+00:00,0.5458097237515528,0.23,0.236,0.23299989,0.233,81014.52,BTC-26MAR27,0.40399999999999997,-0.64966,221.81148,0.4,0.0,0.005999999999999978,BTC,79008.67,0.0
2026-09-07T23:25:55.061738+00:00,BTC-25DEC26-95000-C,80065.74,BTC-25DEC26,call,95000.0,2026-12-25T08:00:00+00:00,0.2966653021225315,0.0285,0.0295,0.02884658,0.029,80065.74,BTC-25DEC26,0.3979,0.24796,138.00079,1480.9,0.0,0.0009999999999999974,BTC,79008.54,0.0
2026-09-07T23:25:55.061738+00:00,BTC-11SEP26-82000-C,79022.03,BTC-11SEP26,call,82000.0,2026-09-11T08:00:00+00:00,0.00919096947366086,0.0023,0.0026,0.00251314,0.00245,79022.03,BTC-11SEP26,0.3583,0.14357,17.15282,1809.2,183.1,0.0002999999999999999,BTC,79008.54,63587.73
2026-09-07T23:25:55.061738+00:00,BTC-27NOV26-105000-C,79749.51,BTC-27NOV26,call,105000.0,2026-11-27T08:00:00+00:00,0.22000548008283266,0.0085,0.0095,0.0090047,0.009,79749.51,BTC-27NOV26,0.42810000000000004,0.10198,66.59765,18.3,15.6,0.0009999999999999992,BTC,79008.54,13793.31
2026-09-07T23:25:55.061738+00:00,BTC-25SEP26-95000-C,79116.1,BTC-25SEP26,call,95000.0,2026-09-25T08:00:00+00:00,0.047520880493510276,0.0012,0.0015,0.00129516,0.00135,79116.1,BTC-25SEP26,0.4496,0.03461,13.20662,5508.9,100.2,0.00030000000000000014,BTC,79008.54,11905.94
2026-09-07T23:25:55.061738+00:00,BTC-27NOV26-94000-C,79749.51,BTC-27NOV26,call,94000.0,2026-11-27T08:00:00+00:00,0.22000548008283266,0.021,0.022,0.0215984,0.0215,79749.51,BTC-27NOV26,0.402,0.21792,110.16016,49.1,1.8,0.0009999999999999974,BTC,79008.54,3171.41
2026-09-07T23:25:55.061738+00:00,BTC-11SEP26-74000-P,79022.03,BTC-11SEP26,put,74000.0,2026-09-11T08:00:00+00:00,0.00919096947366086,0.0007,0.0009,0.00081887,0.0008,79022.03,BTC-11SEP26,0.4174,-0.04888,7.67411,994.1,501.3,0.00019999999999999998,BTC,79008.54,19944.04
2026-09-07T23:25:55.061738+00:00,BTC-25SEP26-35000-C,79116.1,BTC-25SEP26,call,35000.0,2026-09-25T08:00:00+00:00,0.047520880493510276,0.5565,0.5585,0.55761631,0.5575,79116.1,BTC-25SEP26,1.0855,0.99982,0.12039,29.3,0.0,0.0020000000000000018,BTC,79008.54,0.0
2026-09-07T23:25:55.061738+00:00,BTC-10SEP26-71000-P,79016.05,BTC-10SEP26,put,71000.0,2026-09-10T08:00:00+00:00,0.006453118686528761,0.0001,0.0003,0.00018344,0.0002,79016.05,BTC-10SEP26,0.5885,-0.01121,1.8692,1.7,1.6,0.00019999999999999998,BTC,79008.54,33.37
2026-09-07T23:25:55.061738+00:00,BTC-25DEC26-240000-P,80065.74,BTC-25DEC26,put,240000.0,2026-12-25T08:00:00+00:00,0.2966653021225315,1.98,2.013,1.99788253,1.9965,80065.74,BTC-25DEC26,0.6859999999999999,-0.99703,3.95485,0.0,0.0,0.03299999999999992,BTC,79008.54,0.0
2026-09-07T23:25:55.061738+00:00,BTC-18SEP26-88000-P,79072.86,BTC-18SEP26,put,88000.0,2026-09-18T08:00:00+00:00,0.028355924983585568,0.1125,0.1175,0.11491957,0.115,79072.86,BTC-18SEP26,0.41450000000000004,-0.93301,17.28434,0.0,0.0,0.0049999999999999906,BTC,79008.54,0.0
2026-09-07T23:25:55.061738+00:00,BTC-10SEP26-77000-C,79016.05,BTC-10SEP26,call,77000.0,2026-09-10T08:00:00+00:00,0.006453118686528761,0.026,0.03,0.02799664,0.028,79016.05,BTC-10SEP26,0.3404,0.82975,16.07794,0.0,0.0,0.004,BTC,79008.54,0.0
2026-09-07T23:25:55.061738+00:00,BTC-25JUN27-105000-C,82002.72,BTC-25JUN27,call,105000.0,2027-06-25T08:00:00+00:00,0.794954145380574,0.0625,0.065,0.06392113,0.06375,82002.72,BTC-25JUN27,0.4193,0.31764,260.73243,152.5,0.0,0.0025000000000000022,BTC,79008.54,0.0
2026-09-07T23:25:55.061738+00:00,BTC-25DEC26-86000-P,80065.74,BTC-25DEC26,put,86000.0,2026-12-25T08:00:00+00:00,0.2966653021225315,0.129,0.1305,0.12984708,0.12975,80065.74,BTC-25DEC26,0.3906,-0.591,169.45963,59.3,1.4,0.0015000000000000013,BTC,79008.71,14040.53
2026-09-07T23:25:55.061738+00:00,BTC-25SEP26-200000-C,79116.1,BTC-25SEP26,call,200000.0,2026-09-25T08:00:00+00:00,0.047520880493510276,,0.0001,5.4e-07,,79116.1,BTC-25SEP26,0.9823999999999999,1e-05,0.00924,1018.5,0.0,,BTC,79008.71,0.0
2026-09-07T23:25:55.061738+00:00,BTC-26MAR27-150000-P,81014.52,BTC-26MAR27,put,150000.0,2027-03-26T08:00:00+00:00,0.5458097237515528,0.8465,0.8675,0.8592689,0.857,81014.52,BTC-26MAR27,0.4768,-0.94205,69.39617,0.6,0.0,0.02100000000000002,BTC,79008.54,0.0
2026-09-07T23:25:55.061738+00:00,BTC-9SEP26-89000-P,79010.32,BTC-9SEP26,put,89000.0,2026-09-09T08:00:00+00:00,0.0037152678993966587,0.124,0.129,0.12643422,0.1265,79010.32,BTC-9SEP26,0.5794,-0.99961,0.06842,0.0,0.0,0.0050000000000000044,BTC,79008.71,0.0
2026-09-07T23:25:55.061738+00:00,BTC-27NOV26-84000-P,79749.51,BTC-27NOV26,put,84000.0,2026-11-27T08:00:00+00:00,0.22000548008283266,0.103,0.1045,0.10425948,0.10375,79749.51,BTC-27NOV26,0.3887,-0.57717,146.43757,2.6,3.2,0.0015000000000000013,BTC,79008.71,26440.18
2026-09-07T23:25:55.061738+00:00,BTC-8SEP26-72000-P,79005.03,BTC-8SEP26,put,72000.0,2026-09-08T08:00:00+00:00,0.0009774171122645574,,0.0001,0.0,,79005.03,BTC-8SEP26,0.5972999999999999,0.0,4e-05,10.8,5.0,,BTC,79008.71,39.61
2026-09-07T23:25:55.061738+00:00,BTC-25SEP26-45000-P,79116.1,BTC-25SEP26,put,45000.0,2026-09-25T08:00:00+00:00,0.047520880493510276,,0.0002,7.381e-05,,79116.1,BTC-25SEP26,0.8865999999999999,-0.00129,0.73199,2175.4,1.6,,BTC,79008.71,12.66
2026-09-07T23:25:55.061738+00:00,BTC-25DEC26-20000-C,80065.74,BTC-25DEC26,call,20000.0,2026-12-25T08:00:00+00:00,0.2966653021225315,0.75,0.7515,0.75064673,0.75075,80065.74,BTC-25DEC26,0.9965999999999999,0.99765,3.2022,4.9,0.7,0.0014999999999999458,BTC,79008.71,41462.47
2026-09-07T23:25:55.061738+00:00,BTC-26MAR27-110000-C,81014.14,BTC-26MAR27,call,110000.0,2027-03-26T08:00:00+00:00,0.5458097237515528,0.029,0.031,0.0301115,0.03,81014.14,BTC-26MAR27,0.41700000000000004,0.20068,167.93886,1157.6,0.0,0.0019999999999999983,BTC,79008.71,0.0
2026-09-07T23:25:55.061738+00:00,BTC-25SEP26-145000-C,79116.4,BTC-25SEP26,call,145000.0,2026-09-25T08:00:00+00:00,0.047520880493510276,,0.0001,9.97e-06,,79116.4,BTC-25SEP26,0.7775,0.00024,0.15622,490.3,0.0,,BTC,79008.71,0.0
2026-09-07T23:25:55.061738+00:00,BTC-26MAR27-125000-C,81014.14,BTC-26MAR27,call,125000.0,2027-03-26T08:00:00+00:00,0.5458097237515528,0.0155,0.0175,0.01643214,0.0165,81014.14,BTC-26MAR27,0.4365,0.11831,118.55892,302.6,0.0,0.0020000000000000018,BTC,79008.71,0.0
2026-09-07T23:25:55.061738+00:00,BTC-11SEP26-83000-C,79022.29,BTC-11SEP26,call,83000.0,2026-09-11T08:00:00+00:00,0.00919096947366086,0.0013,0.0016,0.00143993,0.00145,79022.29,BTC-11SEP26,0.374,0.08758,12.05635,431.0,87.9,0.00030000000000000014,BTC,79007.74,22968.67
2026-09-07T23:25:55.061738+00:00,BTC-25DEC26-150000-P,80066.12,BTC-25DEC26,put,150000.0,2026-12-25T08:00:00+00:00,0.2966653021225315,0.8665,0.8825,0.87541296,0.8745,80066.12,BTC-25DEC26,0.525,-0.97992,21.19025,4.4,0.0,0.015999999999999903,BTC,79007.74,0.0
2026-09-07T23:25:55.061738+00:00,BTC-25JUN27-120000-P,82003.08,BTC-25JUN27,put,120000.0,2027-06-25T08:00:00+00:00,0.794954145380574,0.5,0.5065,0.50255467,0.50325,82003.08,BTC-25JUN27,0.4316,-0.7871,212.48,0.9,0.8,0.00649999999999995,BTC,79007.74,32066.49
2026-09-07T23:25:55.061738+00:00,BTC-30OCT26-87000-P,79431.53,BTC-30OCT26,put,87000.0,2026-10-30T08:00:00+00:00,0.14334565804313382,0.1175,0.121,0.11976073,0.11925,79431.53,BTC-30OCT26,0.3831,-0.71087,102.81331,29.0,0.0,0.003500000000000003,BTC,79007.74,0.0
2026-09-07T23:25:55.061738+00:00,BTC-30OCT26-63000-P,79431.27,BTC-30OCT26,put,63000.0,2026-10-30T08:00:00+00:00,0.14334565804313382,0.0055,0.0065,0.00601532,0.006,79431.27,BTC-30OCT26,0.44909999999999994,-0.074,42.14151,597.5,97.0,0.001,BTC,79007.74,43072.02
2026-09-07T23:25:55.061738+00:00,BTC-25SEP26-160000-C,79116.1,BTC-25SEP26,call,160000.0,2026-09-25T08:00:00+00:00,0.047520880493510276,,0.0001,2.31e-06,,79116.1,BTC-25SEP26,0.8188,6e-05,0.04061,1498.4,0.0,,BTC,79007.74,0.0
2026-09-07T23:25:55.061738+00:00,BTC-11SEP26-60000-P,79022.29,BTC-11SEP26,put,60000.0,2026-09-11T08:00:00+00:00,0.00919096947366086,,0.0001,1.1e-06,,79022.29,BTC-11SEP26,0.7565999999999999,-6e-05,0.01977,98.1,0.0,,BTC,79005.84,0.0
2026-09-07T23:25:55.061738+00:00,BTC-9SEP26-72000-C,79010.32,BTC-9SEP26,call,72000.0,2026-09-09T08:00:00+00:00,0.0037152678993966587,0.0865,0.091,0.08884375,0.08875,79010.32,BTC-9SEP26,0.6444,0.99135,1.13025,0.0,0.0,0.004500000000000004,BTC,79005.84,0.0
2026-09-07T23:25:55.061738+00:00,BTC-25JUN27-64000-P,82002.72,BTC-25JUN27,put,64000.0,2027-06-25T08:00:00+00:00,0.794954145380574,0.053,0.055,0.05404634,0.054,82002.72,BTC-25JUN27,0.4364,-0.20289,206.52025,62.4,0.0,0.0020000000000000018,BTC,79005.84,0.0
2026-09-07T23:25:55.061738+00:00,BTC-8SEP26-76000-C,79004.72,BTC-8SEP26,call,76000.0,2026-09-08T08:00:00+00:00,0.0009774171122645574,0.036,0.04,0.03802442,0.038,79004.72,BTC-8SEP26,0.436,0.99775,0.1742,0.0,0.0,0.0040000000000000036,BTC,79005.84,0.0
2026-09-07T23:25:55.061738+00:00,BTC-25JUN27-95000-C,82003.08,BTC-25JUN27,call,95000.0,2027-06-25T08:00:00+00:00,0.794954145380574,0.09,0.0925,0.09113362,0.09125,82003.08,BTC-25JUN27,0.4143,0.41548,285.19875,56.9,0.0,0.0025000000000000022,BTC,79005.84,0.0
2026-09-07T23:25:55.061738+00:00,BTC-25JUN27-65000-C,82003.08,BTC-25JUN27,call,65000.0,2027-06-25T08:00:00+00:00,0.794954145380574,0.261,0.2685,0.26495769,0.26475,82003.08,BTC-25JUN27,0.43439999999999995,0.78619,213.00573,1.7,0.1,0.007500000000000007,BTC,79004.82,2134.99
2026-09-07T23:25:55.061738+00:00,BTC-25DEC26-98000-C,80066.12,BTC-25DEC26,call,98000.0,2026-12-25T08:00:00+00:00,0.2966653021225315,0.023,0.024,0.0233276,0.0235,80066.12,BTC-25DEC26,0.4025,0.20827,125.08897,342.1,0.0,0.0010000000000000009,BTC,79004.82,0.0
2026-09-07T23:25:55.061738+00:00,BTC-30OCT26-79000-P,79431.27,BTC-30OCT26,put,79000.0,2026-10-30T08:00:00+00:00,0.14334565804313382,0.053,0.054,0.05343967,0.0535,79431.27,BTC-30OCT26,0.3726,-0.45722,119.29671,485.5,13.1,0.0010000000000000009,BTC,79004.82,51870.15
2026-09-07T23:25:55.061738+00:00,BTC-30OCT26-98000-C,79431.27,BTC-30OCT26,call,98000.0,2026-10-30T08:00:00+00:00,0.14334565804313382,0.007,0.008,0.00742113,0.0075,79431.27,BTC-30OCT26,0.4163,0.10482,54.62206,282.4,0.2,0.001,BTC,79004.82,131.77
2026-09-07T23:25:55.061738+00:00,BTC-25DEC26-108000-P,80066.12,BTC-25DEC26,put,108000.0,2026-12-25T08:00:00+00:00,0.2966653021225315,0.3575,0.3645,0.36102421,0.361,80066.12,BTC-25DEC26,0.4225,-0.88226,86.08247,0.1,0.0,0.007000000000000006,BTC,79003.89,0.0
2026-09-07T23:25:55.061738+00:00,BTC-25JUN27-74000-P,82002.72,BTC-25JUN27,put,74000.0,2027-06-25T08:00:00+00:00,0.794954145380574,0.097,0.0995,0.0981327,0.09825,82002.72,BTC-25JUN27,0.42119999999999996,-0.32239,262.34803,12.2,0.1,0.0025000000000000022,BTC,79004.82,774.9
2026-09-07T23:25:55.061738+00:00,BTC-27NOV26-66000-C,79749.51,BTC-27NOV26,call,66000.0,2026-11-27T08:00:00+00:00,0.22000548008283266,0.187,0.191,0.18884466,0.189,79749.51,BTC-27NOV26,0.42369999999999997,0.85302,86.03971,0.0,0.0,0.0040000000000000036,BTC,79004.82,0.0
2026-09-07T23:25:55.061738+00:00,BTC-25SEP26-86000-C,79116.4,BTC-25SEP26,call,86000.0,2026-09-25T08:00:00+00:00,0.047520880493510276,0.007,0.0075,0.00735742,0.00725,79116.4,BTC-25SEP26,0.3847,0.1696,43.5816,1894.9,139.5,0.0004999999999999996,BTC,79003.89,111063.51
2026-09-07T23:25:55.061738+00:00,BTC-8SEP26-87000-C,79005.03,BTC-8SEP26,call,87000.0,2026-09-08T08:00:00+00:00,0.0009774171122645574,,0.0001,0.0,,79005.03,BTC-8SEP26,0.4863,0.0,0.0,8.0,0.0,,BTC,79003.89,0.0
2026-09-07T23:25:55.061738+00:00,BTC-25DEC26-115000-C,80065.74,BTC-25DEC26,call,115000.0,2026-12-25T08:00:00+00:00,0.2966653021225315,0.0075,0.0085,0.00800432,0.008,80065.74,BTC-25DEC26,0.4379,0.08085,65.35736,2332.4,0.2,0.0010000000000000009,BTC,79003.89,143.61
2026-09-07T23:25:55.061738+00:00,BTC-26MAR27-140000-P,81014.14,BTC-26MAR27,put,140000.0,2027-03-26T08:00:00+00:00,0.5458097237515528,0.7355,0.742,0.73812964,0.73875,81014.14,BTC-26MAR27,0.4594,-0.92536,84.42829,5.3,3.4,0.00649999999999995,BTC,79003.89,199610.65
2026-09-07T23:25:55.061738+00:00,BTC-25DEC26-80000-P,80065.74,BTC-25DEC26,put,80000.0,2026-12-25T08:00:00+00:00,0.2966653021225315,0.084,0.085,0.08485828,0.0845,80065.74,BTC-25DEC26,0.3932,-0.45627,172.94944,1262.9,0.0,0.0010000000000000009,BTC,79003.58,0.0
2026-09-07T23:25:55.061738+00:00,BTC-25SEP26-56000-P,79116.1,BTC-25SEP26,put,56000.0,2026-09-25T08:00:00+00:00,0.047520880493510276,0.0002,0.0003,0.00028623,0.00025,79116.1,BTC-25SEP26,0.6493000000000001,-0.00604,2.9499,1689.0,25.0,9.999999999999996e-05,BTC,79003.58,798.33
2026-09-07T23:25:55.061738+00:00,BTC-11SEP26-69000-P,79022.03,BTC-11SEP26,put,69000.0,2026-09-11T08:00:00+00:00,0.00919096947366086,0.0001,0.0003,0.00018261,0.0002,79022.03,BTC-11SEP26,0.607,-0.00925,1.88546,645.1,39.6,0.00019999999999999998,BTC,79003.58,621.14
2026-09-07T23:25:55.061738+00:00,BTC-26MAR27-70000-P,81014.52,BTC-26MAR27,put,70000.0,2027-03-26T08:00:00+00:00,0.5458097237515528,0.057,0.059,0.05811493,0.058,81014.52,BTC-26MAR27,0.41479999999999995,-0.26457,195.90753,772.8,0.0,0.001999999999999995,BTC,79003.89,0.0
2026-09-07T23:25:55.061738+00:00,BTC-25JUN27-86000-C,82003.08,BTC-25JUN27,call,86000.0,2027-06-25T08:00:00+00:00,0.794954145380574,0.1255,0.128,0.12671939,0.12675,82003.08,BTC-25JUN27,0.41350000000000003,0.522,291.31615,26.8,0.0,0.0025000000000000022,BTC,79003.58,0.0
2026-09-07T23:25:55.061738+00:00,BTC-8SEP26-70000-C,79005.03,BTC-8SEP26,call,70000.0,2026-09-08T08:00:00+00:00,0.0009774171122645574,0.1115,0.116,0.11395512,0.11375,79005.03,BTC-8SEP26,0.6307,1.0,0.0,0.0,0.0,0.004500000000000004,BTC,79003.58,0.0
2026-09-07T23:25:55.061738+00:00,BTC-27NOV26-100000-C,79749.51,BTC-27NOV26,call,100000.0,2026-11-27T08:00:00+00:00,0.22000548008283266,0.013,0.0135,0.01307536,0.01325,79749.51,BTC-27NOV26,0.41409999999999997,0.14235,84.20276,101.4,1.3,0.0005000000000000004,BTC,79003.58,1306.6
2026-09-07T23:25:55.061738+00:00,BTC-26MAR27-64000-C,81014.14,BTC-26MAR27,call,64000.0,2027-03-26T08:00:00+00:00,0.5458097237515528,0.244,0.2505,0.24707593,0.24725,81014.14,BTC-26MAR27,0.4288,0.81639,159.03359,137.8,0.0,0.006500000000000006,BTC,79003.58,0.0
2026-09-07T23:25:55.061738+00:00,BTC-25DEC26-82000-P,80066.12,BTC-25DEC26,put,82000.0,2026-12-25T08:00:00+00:00,0.2966653021225315,0.098,0.099,0.09867365,0.0985,80066.12,BTC-25DEC26,0.39189999999999997,-0.50243,173.9926,254.7,0.0,0.0010000000000000009,BTC,79003.2,0.0
2026-09-07T23:25:55.061738+00:00,BTC-9SEP26-82000-P,79010.32,BTC-9SEP26,put,82000.0,2026-09-09T08:00:00+00:00,0.0037152678993966587,0.036,0.041,0.03811292,0.0385,79010.32,BTC-9SEP26,0.33380000000000004,-0.96591,3.64096,2.0,2.0,0.0050000000000000044,BTC,79003.2,5552.27
2026-09-07T23:25:55.061738+00:00,BTC-25DEC26-90000-P,80066.12,BTC-25DEC26,put,90000.0,2026-12-25T08:00:00+00:00,0.2966653021225315,0.1635,0.168,0.16570345,0.16575,80066.12,BTC-25DEC26,0.39289999999999997,-0.67018,157.9139,654.8,100.0,0.004500000000000004,BTC,79003.2,1279725.56
2026-09-07T23:25:55.061738+00:00,BTC-26MAR27-50000-C,81014.14,BTC-26MAR27,call,50000.0,2027-03-26T08:00:00+00:00,0.5458097237515528,0.3915,0.398,0.39457414,0.39475,81014.14,BTC-26MAR27,0.48810000000000003,0.93546,75.48019,21.6,0.0,0.006500000000000006,BTC,79003.2,0.0
2026-09-07T23:25:55.061738+00:00,BTC-10SEP26-74000-C,79016.05,BTC-10SEP26,call,74000.0,2026-09-10T08:00:00+00:00,0.006453118686528761,0.062,0.0655,0.06391612,0.06375,79016.05,BTC-10SEP26,0.4445,0.96771,4.58947,0.0,0.0,0.003500000000000003,BTC,79003.2,0.0
2026-09-07T23:25:55.061738+00:00,BTC-30OCT26-74000-P,79431.27,BTC-30OCT26,put,74000.0,2026-10-30T08:00:00+00:00,0.14334565804313382,0.027,0.028,0.02772256,0.0275,79431.27,BTC-30OCT26,0.3795,-0.28667,102.39142,243.5,3.7,0.0010000000000000009,BTC,79003.2,7713.56
2026-09-07T23:25:55.061738+00:00,BTC-25JUN27-140000-P,82002.72,BTC-25JUN27,put,140000.0,2027-06-25T08:00:00+00:00,0.794954145380574,0.727,0.7345,0.72974181,0.73075,82002.72,BTC-25JUN27,0.4526,-0.86933,155.26028,3.4,2.9,0.007500000000000062,BTC,79003.16,168113.77
2026-09-07T23:25:55.061738+00:00,BTC-25DEC26-180000-P,80066.12,BTC-25DEC26,put,180000.0,2026-12-25T08:00:00+00:00,0.2966653021225315,1.241,1.2595,1.24910281,1.25025,80066.12,BTC-25DEC26,0.5915,-0.9907,10.91345,0.1,0.0,0.01849999999999996,BTC,79003.16,0.0
2026-09-07T23:25:55.061738+00:00,BTC-25SEP26-83000-C,79116.1,BTC-25SEP26,call,83000.0,2026-09-25T08:00:00+00:00,0.047520880493510276,0.0135,0.0145,0.01418703,0.014,79116.1,BTC-25SEP26,0.3716,0.28969,59.01183,1350.9,232.9,0.0010000000000000009,BTC,79003.16,300306.76
2026-09-07T23:25:55.061738+00:00,BTC-9SEP26-89000-C,79010.32,BTC-9SEP26,call,89000.0,2026-09-09T08:00:00+00:00,0.0037152678993966587,,0.0001,3.65e-06,,79010.32,BTC-9SEP26,0.5794,0.00039,0.06798,40.7,0.0,,BTC,79003.16,0.0
2026-09-07T23:25:55.061738+00:00,BTC-27NOV26-110000-P,79749.51,BTC-27NOV26,put,110000.0,2026-11-27T08:00:00+00:00,0.22000548008283266,0.382,0.3885,0.38562079,0.38525,79749.51,BTC-27NOV26,0.4412,-0.92677,51.99518,0.0,0.0,0.006500000000000006,BTC,79003.16,0.0
2026-09-07T23:25:55.061738+00:00,BTC-8SEP26-80500-P,79005.03,BTC-8SEP26,put,80500.0,2026-09-08T08:00:00+00:00,0.0009774171122645574,0.017,0.0215,0.01903051,0.01925,79005.03,BTC-8SEP26,0.2993,-0.97859,1.26555,2.3,0.9,0.004499999999999997,BTC,79003.06,883.27
2026-09-07T23:25:55.061738+00:00,BTC-25JUN27-76000-C,82003.08,BTC-25JUN27,call,76000.0,2027-06-25T08:00:00+00:00,0.794954145380574,0.18,0.1835,0.18238918,0.18175,82003.08,BTC-25JUN27,0.4193,0.65174,270.38725,22.6,0.2,0.003500000000000003,BTC,79003.06,2929.26
2026-09-07T23:25:55.061738+00:00,BTC-25DEC26-35000-P,80065.74,BTC-25DEC26,put,35000.0,2026-12-25T08:00:00+00:00,0.2966653021225315,0.0014,0.0017,0.00160773,0.00155,80065.74,BTC-25DEC26,0.7198,-0.01056,12.1873,2387.8,0.0,0.0002999999999999999,BTC,79003.06,0.0
2026-09-07T23:25:55.061738+00:00,BTC-25SEP26-150000-P,79116.1,BTC-25SEP26,put,150000.0,2026-09-25T08:00:00+00:00,0.047520880493510276,0.891,0.9015,0.89598768,0.89625,79116.1,BTC-25SEP26,0.8114,-0.99979,0.1362,4.5,0.0,0.010499999999999954,BTC,79003.06,0.0
2026-09-07T23:25:55.061738+00:00,BTC-11SEP26-83000-P,79022.29,BTC-11SEP26,put,83000.0,2026-09-11T08:00:00+00:00,0.00919096947366086,0.0495,0.054,0.05179762,0.05175,79022.29,BTC-11SEP26,0.374,-0.91269,12.02793,13.9,0.0,0.004499999999999997,BTC,79003.35,0.0
2026-09-07T23:25:55.061738+00:00,BTC-9SEP26-81500-P,79010.32,BTC-9SEP26,put,81500.0,2026-09-09T08:00:00+00:00,0.0037152678993966587,0.03,0.0345,0.03199904,0.03225,79010.32,BTC-9SEP26,0.32289999999999996,-0.94268,5.53343,0.0,0.0,0.004500000000000004,BTC,79003.06,0.0
2026-09-07T23:25:55.061738+00:00,BTC-30OCT26-61000-C,79431.27,BTC-30OCT26,call,61000.0,2026-10-30T08:00:00+00:00,0.14334565804313382,0.234,0.239,0.23673578,0.2365,79431.27,BTC-30OCT26,0.4693,0.94213,34.82703,7.7,0.0,0.004999999999999977,BTC,79003.06,0.0
2026-09-07T23:25:55.061738+00:00,BTC-26MAR27-50000-P,81014.14,BTC-26MAR27,put,50000.0,2027-03-26T08:00:00+00:00,0.5458097237515528,0.011,0.0125,0.01176406,0.01175,81014.14,BTC-26MAR27,0.48810000000000003,-0.06454,75.48032,2458.8,1.0,0.0015000000000000013,BTC,79003.06,877.48
2026-09-07T23:25:55.061738+00:00,BTC-30OCT26-92000-P,79431.27,BTC-30OCT26,put,92000.0,2026-10-30T08:00:00+00:00,0.14334565804313382,0.169,0.174,0.17219011,0.1715,79431.27,BTC-30OCT26,0.3958,-0.81762,79.57227,0.1,0.0,0.004999999999999977,BTC,79003.35,0.0
2026-09-07T23:25:55.061738+00:00,BTC-18SEP26-77000-P,79072.86,BTC-18SEP26,put,77000.0,2026-09-18T08:00:00+00:00,0.028355924983585568,0.0135,0.014,0.01376479,0.01375,79072.86,BTC-18SEP26,0.37229999999999996,-0.32578,47.97472,472.1,10.8,0.0005000000000000004,BTC,79003.35,10822.89
2026-09-07T23:25:55.061738+00:00,BTC-26MAR27-190000-C,81014.14,BTC-26MAR27,call,190000.0,2027-03-26T08:00:00+00:00,0.5458097237515528,0.0036,0.0038,0.00364431,0.0037,81014.14,BTC-26MAR27,0.5427000000000001,0.02712,37.45161,629.2,4.2,0.0002000000000000001,BTC,79003.35,1198.71
2026-09-07T23:25:55.061738+00:00,BTC-9SEP26-79000-C,79010.32,BTC-9SEP26,call,79000.0,2026-09-09T08:00:00+00:00,0.0037152678993966587,0.007,0.008,0.00749447,0.0075,79010.32,BTC-9SEP26,0.3054,0.5014,19.20929,1.5,1.5,0.001,BTC,79003.35,1015.12
2026-09-07T23:25:55.061738+00:00,BTC-25DEC26-110000-C,80065.74,BTC-25DEC26,call,110000.0,2026-12-25T08:00:00+00:00,0.2966653021225315,0.0105,0.011,0.01075636,0.01075,80065.74,BTC-25DEC26,0.42719999999999997,0.10556,79.61398,2753.1,0.1,0.0004999999999999987,BTC,79003.35,95.74
2026-09-07T23:25:55.061738+00:00,BTC-8SEP26-77500-C,79005.03,BTC-8SEP26,call,77500.0,2026-09-08T08:00:00+00:00,0.0009774171122645574,0.0165,0.021,0.0192302,0.01875,79005.03,BTC-8SEP26,0.3626,0.95449,2.36028,0.0,0.0,0.0045000000000000005,BTC,79005.37,0.0
2026-09-07T23:25:55.061738+00:00,BTC-25JUN27-190000-P,82002.72,BTC-25JUN27,put,190000.0,2027-06-25T08:00:00+00:00,0.794954145380574,1.309,1.3445,1.32549621,1.32675,82002.72,BTC-25JUN27,0.5085000000000001,-0.94803,77.7875,0.5,0.0,0.03550000000000009,BTC,79005.37,0.0
2026-09-07T23:25:55.061738+00:00,BTC-25SEP26-88000-P,79116.4,BTC-25SEP26,put,88000.0,2026-09-25T08:00:00+00:00,0.047520880493510276,0.1145,0.1195,0.11713944,0.117,79116.4,BTC-25SEP26,0.3973,-0.88263,33.96797,5.8,0.0,0.0049999999999999906,BTC,79005.37,0.0
2026-09-07T23:25:55.061738+00:00,BTC-8SEP26-77000-P,79005.03,BTC-8SEP26,put,77000.0,2026-09-08T08:00:00+00:00,0.0009774171122645574,0.0001,0.0002,0.0001428,0.00015,79005.03,BTC-8SEP26,0.42979999999999996,-0.02848,1.60826,77.6,65.2,0.0001,BTC,79005.37,1573.74
2026-09-07T23:25:55.061738+00:00,BTC-25JUN27-102000-P,82003.08,BTC-25JUN27,put,102000.0,2027-06-25T08:00:00+00:00,0.794954145380574,0.312,0.319,0.31487275,0.3155,82003.08,BTC-25JUN27,0.4175,-0.65551,269.3036,0.0,0.0,0.007000000000000006,BTC,79006.12,0.0
2026-09-07T23:25:55.061738+00:00,BTC-26MAR27-76000-P,81014.14,BTC-26MAR27,put,76000.0,2027-03-26T08:00:00+00:00,0.5458097237515528,0.086,0.0875,0.08685291,0.08675,81014.14,BTC-26MAR27,0.4047,-0.35849,223.62382,230.2,2.0,0.0015000000000000013,BTC,79005.37,13496.96
2026-09-07T23:25:55.061738+00:00,BTC-30OCT26-98000-P,79431.27,BTC-30OCT26,put,98000.0,2026-10-30T08:00:00+00:00,0.14334565804313382,0.238,0.243,0.24119028,0.2405,79431.27,BTC-30OCT26,0.4163,-0.89514,54.63835,0.0,0.0,0.0050000000000000044,BTC,79006.12,0.0
2026-09-07T23:25:55.061738+00:00,BTC-25SEP26-76000-C,79116.4,BTC-25SEP26,call,76000.0,2026-09-25T08:00:00+00:00,0.047520880493510276,0.0535,0.0565,0.05499005,0.055,79116.4,BTC-25SEP26,0.3691,0.7045,59.56063,2855.5,0.2,0.0030000000000000027,BTC,79006.12,885.58
2026-09-07T23:25:55.061738+00:00,BTC-30OCT26-64000-C,79431.53,BTC-30OCT26,call,64000.0,2026-10-30T08:00:00+00:00,0.14334565804313382,0.1995,0.203,0.2011901,0.20125,79431.53,BTC-30OCT26,0.4414,0.91528,46.68594,416.8,0.0,0.003500000000000003,BTC,79006.12,0.0
2026-09-07T23:25:55.061738+00:00,BTC-25SEP26-110000-C,79116.1,BTC-25SEP26,call,110000.0,2026-09-25T08:00:00+00:00,0.047520880493510276,0.0002,0.0003,0.00018291,0.00025,79116.1,BTC-25SEP26,0.5704,0.00482,2.41455,1523.7,4.8,9.999999999999996e-05,BTC,79006.12,113.88
2026-09-07T23:25:55.061738+00:00,BTC-25DEC26-82000-C,80066.12,BTC-25DEC26,call,82000.0,2026-12-25T08:00:00+00:00,0.2966653021225315,0.074,0.075,0.0745008,0.0745,80066.12,BTC-25DEC26,0.39189999999999997,0.49763,173.99759,1255.1,2.0,0.0010000000000000009,BTC,79006.12,12239.03
2026-09-07T23:25:55.061738+00:00,BTC-27NOV26-115000-P,79749.51,BTC-27NOV26,put,115000.0,2026-11-27T08:00:00+00:00,0.22000548008283266,0.4425,0.4515,0.44656525,0.447,79749.51,BTC-27NOV26,0.45530000000000004,-0.94597,41.0305,0.0,0.0,0.009000000000000008,BTC,79006.11,0.0
2026-09-07T23:25:55.061738+00:00,BTC-18SEP26-72000-C,79072.86,BTC-18SEP26,call,72000.0,2026-09-18T08:00:00+00:00,0.028355924983585568,0.09,0.094,0.09220774,0.092,79072.86,BTC-18SEP26,0.4146,0.91524,20.67811,0.1,0.0,0.0040000000000000036,BTC,79006.12,0.0
2026-09-07T23:25:55.061738+00:00,BTC-25JUN27-108000-P,82002.72,BTC-25JUN27,put,108000.0,2027-06-25T08:00:00+00:00,0.794954145380574,0.372,0.3795,0.37469378,0.37575,82002.72,BTC-25JUN27,0.42119999999999996,-0.7072,251.46638,0.0,0.0,0.007500000000000007,BTC,79006.11,0.0
2026-09-07T23:25:55.061738+00:00,BTC-27NOV26-64000-C,79749.22,BTC-27NOV26,call,64000.0,2026-11-27T08:00:00+00:00,0.22000548008283266,0.209,0.2125,0.21046397,0.21075,79749.22,BTC-27NOV26,0.4341,0.88111,74.34098,0.0,0.0,0.003500000000000003,BTC,79006.11,0.0
2026-09-07T23:25:55.061738+00:00,BTC-25SEP26-55000-P,79116.1,BTC-25SEP26,put,55000.0,2026-09-25T08:00:00+00:00,0.047520880493510276,0.0002,0.0004,0.00024626,0.0003,79116.1,BTC-25SEP26,0.6681,-0.00512,2.54928,3073.7,0.1,0.0002,BTC,79006.11,1.59
2026-09-07T23:25:55.061738+00:00,BTC-25DEC26-130000-P,80065.74,BTC-25DEC26,put,130000.0,2026-12-25T08:00:00+00:00,0.2966653021225315,0.62,0.6335,0.62758335,0.62675,80065.74,BTC-25DEC26,0.4752,-0.9594,38.04203,54.0,0.0,0.013499999999999956,BTC,79006.11,0.0
2026-09-07T23:25:55.061738+00:00,BTC-25DEC26-106000-C,80066.12,BTC-25DEC26,call,106000.0,2026-12-25T08:00:00+00:00,0.2966653021225315,0.013,0.014,0.01374467,0.0135,80066.12,BTC-25DEC26,0.41840000000000005,0.13163,93.06423,778.7,9.1,0.0010000000000000009,BTC,79006.11,11693.56
2026-09-07T23:25:55.061738+00:00,BTC-9SEP26-78500-C,79010.32,BTC-9SEP26,call,78500.0,2026-09-09T08:00:00+00:00,0.0037152678993966587,0.01,0.012,0.01105206,0.011,79010.32,BTC-9SEP26,0.3042,0.63631,18.0777,0.4,0.4,0.002,BTC,79006.23,315.06
2026-09-07T23:25:55.061738+00:00,BTC-25DEC26-30000-C,80065.74,BTC-25DEC26,call,30000.0,2026-12-25T08:00:00+00:00,0.2966653021225315,0.6255,0.627,0.62629789,0.62625,80065.74,BTC-25DEC26,0.7893000000000001,0.9938,7.63797,300.6,0.0,0.0015000000000000568,BTC,79006.11,0.0
2026-09-07T23:25:55.061738+00:00,BTC-27NOV26-75000-P,79749.51,BTC-27NOV26,put,75000.0,2026-11-27T08:00:00+00:00,0.22000548008283266,0.0445,0.0455,0.04513808,0.045,79749.51,BTC-27NOV26,0.3914,-0.33552,136.36447,282.1,0.0,0.0010000000000000009,BTC,79006.23,0.0
2026-09-07T23:25:55.061738+00:00,BTC-25DEC26-180000-C,80065.74,BTC-25DEC26,call,180000.0,2026-12-25T08:00:00+00:00,0.2966653021225315,0.0008,0.0012,0.0009185,0.001,80065.74,BTC-25DEC26,0.5915,0.00931,10.91733,934.5,0.1,0.00039999999999999986,BTC,79006.23,9.61
2026-09-07T23:25:55.061738+00:00,BTC-25SEP26-74000-P,79116.4,BTC-25SEP26,put,74000.0,2026-09-25T08:00:00+00:00,0.047520880493510276,0.009,0.01,0.0094808,0.0095,79116.4,BTC-25SEP26,0.37939999999999996,-0.19846,48.066,526.0,10.2,0.0010000000000000009,BTC,79006.23,7095.57
2026-09-07T23:25:55.061738+00:00,BTC-25DEC26-106000-P,80066.12,BTC-25DEC26,put,106000.0,2026-12-25T08:00:00+00:00,0.2966653021225315,0.334,0.341,0.33767543,0.3375,80066.12,BTC-25DEC26,0.41840000000000005,-0.86838,93.06305,0.2,0.0,0.007000000000000006,BTC,79006.23,0.0
2026-09-07T23:25:55.061738+00:00,BTC-30OCT26-94000-C,79431.27,BTC-30OCT26,call,94000.0,2026-10-30T08:00:00+00:00,0.14334565804313382,0.0105,0.0115,0.01099354,0.011,79431.27,BTC-30OCT26,0.3996,0.14956,69.99,448.6,0.4,0.0009999999999999992,BTC,79006.23,360.75
2026-09-07T23:25:55.061738+00:00,BTC-26MAR27-88000-P,81014.52,BTC-26MAR27,put,88000.0,2027-03-26T08:00:00+00:00,0.5458097237515528,0.1685,0.1735,0.17092546,0.171,81014.52,BTC-26MAR27,0.4017,-0.55202,236.77965,4.7,0.0,0.004999999999999977,BTC,79006.23,0.0
2026-09-07T23:25:55.061738+00:00,BTC-30OCT26-57000-P,79431.27,BTC-30OCT26,put,57000.0,2026-10-30T08:00:00+00:00,0.14334565804313382,0.0028,0.0032,0.00298468,0.003,79431.27,BTC-30OCT26,0.5144,-0.03597,23.76738,208.6,1.0,0.0004000000000000002,BTC,79006.23,222.35
2026-09-07T23:25:55.061738+00:00,BTC-10SEP26-80000-P,79016.05,BTC-10SEP26,put,80000.0,2026-09-10T08:00:00+00:00,0.006453118686528761,0.0165,0.0195,0.01799613,0.018,79016.05,BTC-10SEP26,0.32909999999999995,-0.678,22.75791,1.3,1.3,0.002999999999999999,BTC,79006.23,1242.66
2026-09-07T23:25:55.061738+00:00,BTC-25DEC26-62000-P,80065.74,BTC-25DEC26,put,62000.0,2026-12-25T08:00:00+00:00,0.2966653021225315,0.015,0.016,0.01553535,0.0155,80065.74,BTC-25DEC26,0.4414,-0.11841,86.43367,1540.0,0.0,0.0010000000000000009,BTC,79006.23,0.0
2026-09-07T23:25:55.061738+00:00,BTC-25SEP26-45000-C,79116.1,BTC-25SEP26,call,45000.0,2026-09-25T08:00:00+00:00,0.047520880493510276,0.43,0.4325,0.43128018,0.43125,79116.1,BTC-25SEP26,0.8865999999999999,0.99871,0.73235,224.9,0.0,0.0025000000000000022,BTC,79006.23,0.0
2026-09-07T23:25:55.061738+00:00,BTC-25JUN27-96000-C,82002.72,BTC-25JUN27,call,96000.0,2027-06-25T08:00:00+00:00,0.794954145380574,0.0865,0.089,0.08792501,0.08775,82002.72,BTC-25JUN27,0.4147,0.4046,283.38098,32.2,0.0,0.0025000000000000022,BTC,79006.23,0.0
2026-09-07T23:25:55.061738+00:00,BTC-26MAR27-200000-C,81014.14,BTC-26MAR27,call,200000.0,2027-03-26T08:00:00+00:00,0.5458097237515528,0.0027,0.0032,0.002922,0.00295,81014.14,BTC-26MAR27,0.5513,0.02199,31.40251,485.6,0.1,0.0005,BTC,79006.23,24.67
2026-09-07T23:25:55.061738+00:00,BTC-8SEP26-82000-P,79005.03,BTC-8SEP26,put,82000.0,2026-09-08T08:00:00+00:00,0.0009774171122645574,0.036,0.0405,0.03794251,0.03825,79005.03,BTC-8SEP26,0.3924,-0.99884,0.09542,0.0,0.0,0.004500000000000004,BTC,79006.23,0.0
2026-09-07T23:25:55.061738+00:00,BTC-10SEP26-85000-P,79016.05,BTC-10SEP26,put,85000.0,2026-09-10T08:00:00+00:00,0.006453118686528761,0.0745,0.078,0.07592207,0.07625,79016.05,BTC-10SEP26,0.41450000000000004,-0.9854,2.34906,0.0,0.0,0.003500000000000003,BTC,79006.23,0.0
2026-09-07T23:25:55.061738+00:00,BTC-30OCT26-60000-P,79431.27,BTC-30OCT26,put,60000.0,2026-10-30T08:00:00+00:00,0.14334565804313382,0.004,0.0044,0.00418023,0.0042,79431.27,BTC-30OCT26,0.48,-0.05124,31.63074,1541.7,1.6,0.0004000000000000002,BTC,79006.23,506.11
2026-09-07T23:25:55.061738+00:00,BTC-9SEP26-74000-C,79010.32,BTC-9SEP26,call,74000.0,2026-09-09T08:00:00+00:00,0.0037152678993966587,0.0615,0.066,0.06360088,0.06375,79010.32,BTC-9SEP26,0.5071,0.98349,1.98024,0.0,0.0,0.004500000000000004,BTC,79006.23,0.0
2026-09-07T23:25:55.061738+00:00,BTC-30OCT26-52000-P,79431.27,BTC-30OCT26,put,52000.0,2026-10-30T08:00:00+00:00,0.14334565804313382,0.0016,0.002,0.00179978,0.0018,79431.27,BTC-30OCT26,0.5792,-0.02066,14.9667,122.5,0.5,0.00039999999999999996,BTC,79006.23,63.43
2026-09-07T23:25:55.061738+00:00,BTC-25DEC26-140000-P,80065.74,BTC-25DEC26,put,140000.0,2026-12-25T08:00:00+00:00,0.2966653021225315,0.7425,0.7585,0.75123567,0.7505,80065.74,BTC-25DEC26,0.5001,-0.97227,27.80042,0.4,0.0,0.015999999999999903,BTC,79006.23,0.0
2026-09-07T23:25:55.061738+00:00,BTC-9SEP26-73000-C,79010.32,BTC-9SEP26,call,73000.0,2026-09-09T08:00:00+00:00,0.0037152678993966587,0.0735,0.0785,0.07623674,0.076,79010.32,BTC-9SEP26,0.5869,0.98692,1.62052,0.0,0.0,0.0050000000000000044,BTC,79006.23,0.0
2026-09-07T23:25:55.061738+00:00,BTC-26MAR27-102000-P,81014.14,BTC-26MAR27,put,102000.0,2027-03-26T08:00:00+00:00,0.5458097237515528,0.299,0.306,0.30239762,0.3025,81014.14,BTC-26MAR27,0.4092,-0.72941,198.14523,0.1,0.0,0.007000000000000006,BTC,79006.23,0.0
2026-09-07T23:25:55.061738+00:00,BTC-25JUN27-104000-P,82002.72,BTC-25JUN27,put,104000.0,2027-06-25T08:00:00+00:00,0.794954145380574,0.332,0.339,0.33437777,0.3355,82002.72,BTC-25JUN27,0.41840000000000005,-0.67374,263.6355,0.0,0.0,0.007000000000000006,BTC,79005.94,0.0
2026-09-07T23:25:55.061738+00:00,BTC-25SEP26-98000-P,79116.1,BTC-25SEP26,put,98000.0,2026-09-25T08:00:00+00:00,0.047520880493510276,0.2365,0.2425,0.23953767,0.2395,79116.1,BTC-25SEP26,0.4763,-0.97778,9.12937,0.1,0.0,0.006000000000000005,BTC,79005.94,0.0
2026-09-07T23:25:55.061738+00:00,BTC-25JUN27-98000-P,82002.72,BTC-25JUN27,put,98000.0,2027-06-25T08:00:00+00:00,0.794954145380574,0.274,0.2805,0.27694862,0.27725,82002.72,BTC-25JUN27,0.4155,-0.61631,279.26958,0.1,0.0,0.006500000000000006,BTC,79005.94,0.0
2026-09-07T23:25:55.061738+00:00,BTC-25SEP26-40000-C,79116.1,BTC-25SEP26,call,40000.0,2026-09-25T08:00:00+00:00,0.047520880493510276,0.493,0.4955,0.4944721,0.49425,79116.1,BTC-25SEP26,1.0495999999999999,0.99901,0.57507,34.4,0.0,0.0025000000000000022,BTC,79005.94,0.0
2026-09-07T23:25:55.061738+00:00,BTC-25JUN27-100000-P,82003.08,BTC-25JUN27,put,100000.0,2027-06-25T08:00:00+00:00,0.794954145380574,0.293,0.2995,0.29563202,0.29625,82003.08,BTC-25JUN27,0.4163,-0.63641,274.53398,1.4,0.0,0.006500000000000006,BTC,79006.47,0.0
2026-09-07T23:25:55.061738+00:00,BTC-25SEP26-155000-C,79116.4,BTC-25SEP26,call,155000.0,2026-09-25T08:00:00+00:00,0.047520880493510276,,0.0001,4.35e-06,,79116.4,BTC-25SEP26,0.8133,0.00011,0.07204,378.0,0.0,,BTC,79006.47,0.0
2026-09-07T23:25:55.061738+00:00,BTC-8SEP26-89000-P,79005.03,BTC-8SEP26,put,89000.0,2026-09-08T08:00:00+00:00,0.0009774171122645574,0.124,0.1295,0.12654278,0.12675,79005.03,BTC-8SEP26,0.5407,-1.0,0.0,0.0,0.0,0.005500000000000005,BTC,79006.47,0.0
2026-09-07T23:25:55.061738+00:00,BTC-27NOV26-94000-P,79749.51,BTC-27NOV26,put,94000.0,2026-11-27T08:00:00+00:00,0.22000548008283266,0.1975,0.2025,0.20031327,0.2,79749.51,BTC-27NOV26,0.402,-0.78212,110.14689,0.0,0.0,0.0050000000000000044,BTC,79006.47,0.0
2026-09-07T23:25:55.061738+00:00,BTC-25SEP26-68000-P,79116.1,BTC-25SEP26,put,68000.0,2026-09-25T08:00:00+00:00,0.047520880493510276,0.0022,0.0024,0.00224473,0.0023,79116.1,BTC-25SEP26,0.4429,-0.05326,18.70647,1860.1,2.9,0.00019999999999999966,BTC,79006.47,457.66
2026-09-07T23:25:55.061738+00:00,BTC-18SEP26-75000-P,79072.86,BTC-18SEP26,put,75000.0,2026-09-18T08:00:00+00:00,0.028355924983585568,0.007,0.0075,0.00721402,0.00725,79072.86,BTC-18SEP26,0.38130000000000003,-0.197,36.94442,494.9,161.3,0.0004999999999999996,BTC,79006.47,80903.66
2026-09-07T23:25:55.061738+00:00,BTC-26MAR27-95000-C,81014.52,BTC-26MAR27,call,95000.0,2027-03-26T08:00:00+00:00,0.5458097237515528,0.0595,0.0615,0.06033903,0.0605,81014.52,BTC-26MAR27,0.40399999999999997,0.35032,221.80164,569.2,25.0,0.0020000000000000018,BTC,79006.47,122414.84
2026-09-07T23:25:55.061738+00:00,BTC-30OCT26-56000-C,79431.27,BTC-30OCT26,call,56000.0,2026-10-30T08:00:00+00:00,0.14334565804313382,0.296,0.2995,0.29765792,0.29775,79431.27,BTC-30OCT26,0.5266,0.96794,21.62133,0.0,0.0,0.003500000000000003,BTC,79007.07,0.0
2026-09-07T23:25:55.061738+00:00,BTC-25DEC26-70000-C,80065.74,BTC-25DEC26,call,70000.0,2026-12-25T08:00:00+00:00,0.2966653021225315,0.1585,0.1625,0.16031386,0.1605,80065.74,BTC-25DEC26,0.4075,0.76287,134.70257,1923.5,1.0,0.0040000000000000036,BTC,79006.47,12864.19
2026-09-07T23:25:55.061738+00:00,BTC-25DEC26-30000-P,80066.12,BTC-25DEC26,put,30000.0,2026-12-25T08:00:00+00:00,0.2966653021225315,0.0008,0.0012,0.00099527,0.001,80066.12,BTC-25DEC26,0.7893000000000001,-0.0062,7.63388,2122.5,0.0,0.00039999999999999986,BTC,79006.47,0.0
2026-09-07T23:25:55.061738+00:00,BTC-25JUN27-95000-P,82003.08,BTC-25JUN27,put,95000.0,2027-06-25T08:00:00+00:00,0.794954145380574,0.2475,0.2535,0.24965636,0.2505,82003.08,BTC-25JUN27,0.4143,-0.58455,285.18613,20.2,0.0,0.006000000000000005,BTC,79007.07,0.0
2026-09-07T23:25:55.061738+00:00,BTC-30OCT26-70000-P,79431.53,BTC-30OCT26,put,70000.0,2026-10-30T08:00:00+00:00,0.14334565804313382,0.015,0.016,0.0156657,0.0155,79431.53,BTC-30OCT26,0.396,-0.17958,78.80706,878.8,9.3,0.0010000000000000009,BTC,79007.07,11064.96
2026-09-07T23:25:55.061738+00:00,BTC-25JUN27-82000-P,82003.08,BTC-25JUN27,put,82000.0,2027-06-25T08:00:00+00:00,0.794954145380574,0.1455,0.1485,0.14677468,0.147,82003.08,BTC-25JUN27,0.41490000000000005,-0.42661,286.81503,23.5,0.1,0.0030000000000000027,BTC,79006.25,1148.95
2026-09-07T23:25:55.061738+00:00,BTC-25SEP26-180000-P,79116.1,BTC-25SEP26,put,180000.0,2026-09-25T08:00:00+00:00,0.047520880493510276,1.2695,1.2815,1.27517587,1.2755,79116.1,BTC-25SEP26,0.9184,-0.99997,0.02259,10.5,0.0,0.01200000000000001,BTC,79006.25,0.0
2026-09-07T23:25:55.061738+00:00,BTC-25JUN27-200000-C,82002.72,BTC-25JUN27,call,200000.0,2027-06-25T08:00:00+00:00,0.794954145380574,0.0065,0.008,0.00718773,0.00725,82002.72,BTC-25JUN27,0.5175,0.04452,68.71978,27.6,0.5,0.0015000000000000005,BTC,79006.25,258.16
2026-09-07T23:25:55.061738+00:00,BTC-30OCT26-68000-C,79431.27,BTC-30OCT26,call,68000.0,2026-10-30T08:00:00+00:00,0.14334565804313382,0.1545,0.158,0.15569461,0.15625,79431.27,BTC-30OCT26,0.4083,0.85991,66.9756,518.8,0.0,0.003500000000000003,BTC,79006.25,0.0
2026-09-07T23:25:55.061738+00:00,BTC-27NOV26-75000-C,79749.51,BTC-27NOV26,call,75000.0,2026-11-27T08:00:00+00:00,0.22000548008283266,0.104,0.1065,0.10467409,0.10525,79749.51,BTC-27NOV26,0.3914,0.66451,136.36142,260.6,100.0,0.0025000000000000022,BTC,79006.25,861680.06
2026-09-07T23:25:55.061738+00:00,BTC-30OCT26-100000-C,79431.27,BTC-30OCT26,call,100000.0,2026-10-30T08:00:00+00:00,0.14334565804313382,0.0055,0.0065,0.0059616,0.006,79431.27,BTC-30OCT26,0.4215,0.08635,47.35744,1722.2,10.0,0.001,BTC,79006.25,5576.74
2026-09-07T23:25:55.061738+00:00,BTC-10SEP26-86000-P,79016.05,BTC-10SEP26,put,86000.0,2026-09-10T08:00:00+00:00,0.006453118686528761,0.086,0.0915,0.08850482,0.08875,79016.05,BTC-10SEP26,0.4389,-0.99157,1.45758,0.0,0.0,0.005500000000000005,BTC,79006.5,0.0
2026-09-07T23:25:55.061738+00:00,BTC-25DEC26-105000-C,80065.74,BTC-25DEC26,call,105000.0,2026-12-25T08:00:00+00:00,0.2966653021225315,0.014,0.015,0.01463886,0.0145,80065.74,BTC-25DEC26,0.41619999999999996,0.1393,96.74831,914.3,0.3,0.0009999999999999992,BTC,79006.25,365.85
2026-09-07T23:25:55.061738+00:00,BTC-8SEP26-81000-P,79005.03,BTC-8SEP26,put,81000.0,2026-09-08T08:00:00+00:00,0.0009774171122645574,0.024,0.027,0.0252937,0.0255,79005.03,BTC-8SEP26,0.3046,-0.99579,0.30583,25.0,0.0,0.002999999999999999,BTC,79006.5,0.0
2026-09-07T23:25:55.061738+00:00,BTC-8SEP26-78000-P,79004.72,BTC-8SEP26,put,78000.0,2026-09-08T08:00:00+00:00,0.0009774171122645574,0.0003,0.0005,0.00039758,0.0004,79004.72,BTC-8SEP26,0.3053,-0.09204,4.07476,120.2,49.9,0.00020000000000000004,BTC,79006.5,4073.43
2026-09-07T23:25:55.061738+00:00,BTC-25DEC26-52000-C,80065.74,BTC-25DEC26,call,52000.0,2026-12-25T08:00:00+00:00,0.2966653021225315,0.354,0.3595,0.35652953,0.35675,80065.74,BTC-25DEC26,0.5145000000000001,0.95345,42.4837,0.1,0.0,0.005500000000000005,BTC,79006.5,0.0
2026-09-07T23:25:55.061738+00:00,BTC-18SEP26-90000-P,79072.62,BTC-18SEP26,put,90000.0,2026-09-18T08:00:00+00:00,0.028355924983585568,0.137,0.143,0.13934319,0.14,79072.62,BTC-18SEP26,0.42969999999999997,-0.96027,11.41187,0.0,0.0,0.005999999999999978,BTC,79006.5,0.0
2026-09-07T23:25:55.061738+00:00,BTC-25SEP26-145000-P,79116.4,BTC-25SEP26,put,145000.0,2026-09-25T08:00:00+00:00,0.047520880493510276,0.8285,0.838,0.83278945,0.83325,79116.4,BTC-25SEP26,0.7775,-0.99976,0.15615,0.2,0.0,0.009499999999999953,BTC,79006.59,0.0
2026-09-07T23:25:55.061738+00:00,BTC-18SEP26-85000-P,79072.62,BTC-18SEP26,put,85000.0,2026-09-18T08:00:00+00:00,0.028355924983585568,0.078,0.082,0.07970138,0.08,79072.62,BTC-18SEP26,0.39159999999999995,-0.85673,30.10816,1.2,0.0,0.0040000000000000036,BTC,79006.5,0.0
2026-09-07T23:25:55.061738+00:00,BTC-30OCT26-81000-C,79431.27,BTC-30OCT26,call,81000.0,2026-10-30T08:00:00+00:00,0.14334565804313382,0.0475,0.0485,0.04771344,0.048,79431.27,BTC-30OCT26,0.37420000000000003,0.47269,119.71057,328.0,0.0,0.0010000000000000009,BTC,79006.59,0.0
2026-09-07T23:25:55.061738+00:00,BTC-30OCT26-55000-C,79431.27,BTC-30OCT26,call,55000.0,2026-10-30T08:00:00+00:00,0.14334565804313382,0.3075,0.312,0.31001747,0.30975,79431.27,BTC-30OCT26,0.5406,0.97109,19.84887,0.1,0.0,0.004500000000000004,BTC,79006.59,0.0
2026-09-07T23:25:55.061738+00:00,BTC-8SEP26-78500-P,79005.03,BTC-8SEP26,put,78500.0,2026-09-08T08:00:00+00:00,0.0009774171122645574,0.0008,0.0012,0.00099622,0.001,79005.03,BTC-8SEP26,0.2596,-0.21941,7.29582,189.2,124.3,0.00039999999999999986,BTC,79006.59,16742.0
2026-09-07T23:25:55.061738+00:00,BTC-25DEC26-94000-P,80065.74,BTC-25DEC26,put,94000.0,2026-12-25T08:00:00+00:00,0.2966653021225315,0.2025,0.2075,0.20502105,0.205,80065.74,BTC-25DEC26,0.39640000000000003,-0.73747,142.18368,5.3,0.0,0.004999999999999977,BTC,79006.59,0.0
2026-09-07T23:25:55.061738+00:00,BTC-27NOV26-60000-C,79749.51,BTC-27NOV26,call,60000.0,2026-11-27T08:00:00+00:00,0.22000548008283266,0.2545,0.258,0.25590237,0.25625,79749.51,BTC-27NOV26,0.46159999999999995,0.92218,54.4621,0.1,0.0,0.003500000000000003,BTC,79007.04,0.0
2026-09-07T23:25:55.061738+00:00,BTC-25JUN27-66000-C,82002.72,BTC-25JUN27,call,66000.0,2027-06-25T08:00:00+00:00,0.794954145380574,0.253,0.26,0.25657608,0.2565,82002.72,BTC-25JUN27,0.43270000000000003,0.77502,219.33175,25.6,0.1,0.007000000000000006,BTC,79007.04,2038.41
2026-09-07T23:25:55.061738+00:00,BTC-25JUN27-66000-P,82002.72,BTC-25JUN27,put,66000.0,2027-06-25T08:00:00+00:00,0.794954145380574,0.06,0.0625,0.06144451,0.06125,82002.72,BTC-25JUN27,0.43270000000000003,-0.22498,219.33175,46.5,0.0,0.0025000000000000022,BTC,79007.04,0.0
2026-09-07T23:25:55.061738+00:00,BTC-25DEC26-94000-C,80065.74,BTC-25DEC26,call,94000.0,2026-12-25T08:00:00+00:00,0.2966653021225315,0.0305,0.0315,0.03096925,0.031,80065.74,BTC-25DEC26,0.39640000000000003,0.26254,142.18731,393.5,0.3,0.0010000000000000009,BTC,79007.04,709.55
2026-09-07T23:25:55.061738+00:00,BTC-27NOV26-68000-C,79749.22,BTC-27NOV26,call,68000.0,2026-11-27T08:00:00+00:00,0.22000548008283266,0.1665,0.17,0.16787018,0.16825,79749.22,BTC-27NOV26,0.4125,0.82103,97.80364,0.0,0.0,0.003500000000000003,BTC,79007.04,0.0
2026-09-07T23:25:55.061738+00:00,BTC-25SEP26-56000-C,79116.1,BTC-25SEP26,call,56000.0,2026-09-25T08:00:00+00:00,0.047520880493510276,0.291,0.294,0.29245415,0.2925,79116.1,BTC-25SEP26,0.6493000000000001,0.99397,2.94761,13.4,0.0,0.0030000000000000027,BTC,79006.03,0.0
2026-09-07T23:25:55.061738+00:00,BTC-25SEP26-62000-C,79116.4,BTC-25SEP26,call,62000.0,2026-09-25T08:00:00+00:00,0.047520880493510276,0.215,0.219,0.21713204,0.217,79116.4,BTC-25SEP26,0.5478000000000001,0.98212,7.59248,597.4,0.0,0.0040000000000000036,BTC,79006.03,0.0
2026-09-07T23:25:55.061738+00:00,BTC-30OCT26-105000-C,79431.27,BTC-30OCT26,call,105000.0,2026-10-30T08:00:00+00:00,0.14334565804313382,0.0036,0.004,0.00380256,0.0038,79431.27,BTC-30OCT26,0.442,0.05654,34.19557,1143.2,0.0,0.0004000000000000002,BTC,79006.03,0.0
2026-09-07T23:25:55.061738+00:00,BTC-8SEP26-77000-C,79005.03,BTC-8SEP26,call,77000.0,2026-09-08T08:00:00+00:00,0.0009774171122645574,0.023,0.027,0.02549343,0.025,79005.03,BTC-8SEP26,0.42979999999999996,0.97183,1.59366,0.4,0.4,0.004,BTC,79006.03,919.31
2026-09-07T23:25:55.061738+00:00,BTC-30OCT26-55000-P,79431.27,BTC-30OCT26,put,55000.0,2026-10-30T08:00:00+00:00,0.14334565804313382,0.0022,0.0027,0.00245201,0.00245,79431.27,BTC-30OCT26,0.5406,-0.02892,19.85002,311.1,0.3,0.0005,BTC,79006.03,52.94
2026-09-07T23:25:55.061738+00:00,BTC-25JUN27-160000-P,82002.72,BTC-25JUN27,put,160000.0,2027-06-25T08:00:00+00:00,0.794954145380574,0.962,0.971,0.96541155,0.9665,82002.72,BTC-25JUN27,0.4747,-0.91418,114.62216,0.2,0.0,0.009000000000000008,BTC,79005.44,0.0
2026-09-07T23:25:55.061738+00:00,BTC-25SEP26-70000-C,79116.1,BTC-25SEP26,call,70000.0,2026-09-25T08:00:00+00:00,0.047520880493510276,0.117,0.121,0.11873755,0.119,79116.1,BTC-25SEP26,0.4171,0.91774,26.18756,10961.4,3.0,0.00399999999999999,BTC,79005.44,28902.97
2026-09-07T23:25:55.061738+00:00,BTC-10SEP26-84000-P,79016.31,BTC-10SEP26,put,84000.0,2026-09-10T08:00:00+00:00,0.006453118686528761,0.061,0.0665,0.06337342,0.06375,79016.31,BTC-10SEP26,0.3833,-0.97582,3.60772,0.0,0.0,0.005500000000000005,BTC,79005.44,0.0
2026-09-07T23:25:55.061738+00:00,BTC-27NOV26-85000-P,79749.51,BTC-27NOV26,put,85000.0,2026-11-27T08:00:00+00:00,0.22000548008283266,0.1115,0.1125,0.11281235,0.112,79749.51,BTC-27NOV26,0.39039999999999997,-0.60198,144.33124,11.0,0.2,0.0010000000000000009,BTC,79005.44,1770.72
2026-09-07T23:25:55.061738+00:00,BTC-25SEP26-260000-P,79116.1,BTC-25SEP26,put,260000.0,2026-09-25T08:00:00+00:00,0.047520880493510276,2.2775,2.2955,2.28636366,2.2865,79116.1,BTC-25SEP26,1.2309,-0.99999,0.00667,0.0,0.0,0.018000000000000238,BTC,79005.44,0.0
2026-09-07T23:25:55.061738+00:00,BTC-10SEP26-88000-C,79016.05,BTC-10SEP26,call,88000.0,2026-09-10T08:00:00+00:00,0.006453118686528761,,0.0001,5.386e-05,,79016.05,BTC-10SEP26,0.5061,0.00424,0.79169,3.1,2.4,,BTC,79005.44,41.31
2026-09-07T23:25:55.061738+00:00,BTC-11SEP26-78500-P,79022.03,BTC-11SEP26,put,78500.0,2026-09-11T08:00:00+00:00,0.00919096947366086,0.0095,0.0105,0.01000144,0.01,79022.03,BTC-11SEP26,0.3418,-0.41579,29.54834,20.5,20.5,0.0010000000000000009,BTC,79005.44,13823.76
2026-09-07T23:25:55.061738+00:00,BTC-26MAR27-85000-C,81014.14,BTC-26MAR27,call,85000.0,2027-03-26T08:00:00+00:00,0.5458097237515528,0.0965,0.099,0.09788482,0.09775,81014.14,BTC-26MAR27,0.4018,0.49443,238.7897,345.7,0.0,0.0025000000000000022,BTC,79005.44,0.0
2026-09-07T23:25:55.061738+00:00,BTC-25JUN27-102000-C,82003.08,BTC-25JUN27,call,102000.0,2027-06-25T08:00:00+00:00,0.794954145380574,0.0695,0.072,0.07098517,0.07075,82003.08,BTC-25JUN27,0.4175,0.34449,269.30967,28.5,0.0,0.0024999999999999883,BTC,79005.44,0.0
2026-09-07T23:25:55.061738+00:00,BTC-25DEC26-110000-P,80066.12,BTC-25DEC26,put,110000.0,2026-12-25T08:00:00+00:00,0.2966653021225315,0.381,0.388,0.38464678,0.3845,80066.12,BTC-25DEC26,0.42719999999999997,-0.89444,79.61558,55.6,0.0,0.007000000000000006,BTC,79005.44,0.0
2026-09-07T23:25:55.061738+00:00,BTC-26MAR27-52000-P,81014.14,BTC-26MAR27,put,52000.0,2027-03-26T08:00:00+00:00,0.5458097237515528,0.0135,0.015,0.01405973,0.01425,81014.14,BTC-26MAR27,0.47840000000000005,-0.07629,85.84611,123.8,0.0,0.0014999999999999996,BTC,79005.44,0.0
2026-09-07T23:25:55.061738+00:00,BTC-27NOV26-87000-P,79749.22,BTC-27NOV26,put,87000.0,2026-11-27T08:00:00+00:00,0.22000548008283266,0.128,0.1315,0.13060312,0.12975,79749.22,BTC-27NOV26,0.39280000000000004,-0.64882,138.72551,3.7,0.0,0.003500000000000003,BTC,79005.44,0.0
2026-09-07T23:25:55.061738+00:00,BTC-30OCT26-89000-C,79431.27,BTC-30OCT26,call,89000.0,2026-10-30T08:00:00+00:00,0.14334565804313382,0.019,0.02,0.01945094,0.0195,79431.27,BTC-30OCT26,0.3873,0.24092,93.69644,119.0,66.2,0.0010000000000000009,BTC,79005.44,110515.16
2026-09-07T23:25:55.061738+00:00,BTC-30OCT26-61000-P,79431.27,BTC-30OCT26,put,61000.0,2026-10-30T08:00:00+00:00,0.14334565804313382,0.0045,0.0049,0.00470865,0.0047,79431.27,BTC-30OCT26,0.4693,-0.05783,34.80945,261.8,1.2,0.0004000000000000002,BTC,79006.49,398.12
2026-09-07T23:25:55.061738+00:00,BTC-10SEP26-76000-C,79016.05,BTC-10SEP26,call,76000.0,2026-09-10T08:00:00+00:00,0.006453118686528761,0.0375,0.0415,0.0394194,0.0395,79016.05,BTC-10SEP26,0.36579999999999996,0.9088,10.40776,0.0,0.0,0.0040000000000000036,BTC,79006.49,0.0
2026-09-07T23:25:55.061738+00:00,BTC-25JUN27-60000-P,82002.72,BTC-25JUN27,put,60000.0,2027-06-25T08:00:00+00:00,0.794954145380574,0.0405,0.0425,0.04155645,0.0415,82002.72,BTC-25JUN27,0.44630000000000003,-0.1626,179.82975,196.6,0.4,0.0020000000000000018,BTC,79006.49,1309.4
2026-09-07T23:25:55.061738+00:00,BTC-25DEC26-125000-P,80065.74,BTC-25DEC26,put,125000.0,2026-12-25T08:00:00+00:00,0.2966653021225315,0.558,0.573,0.56627478,0.5655,80065.74,BTC-25DEC26,0.46590000000000004,-0.94831,46.1875,9.1,0.0,0.014999999999999902,BTC,79006.49,0.0
2026-09-07T23:25:55.061738+00:00,BTC-11SEP26-71000-C,79022.03,BTC-11SEP26,call,71000.0,2026-09-11T08:00:00+00:00,0.00919096947366086,0.0995,0.104,0.10179217,0.10175,79022.03,BTC-11SEP26,0.5259,0.98403,3.02803,26.0,0.0,0.00449999999999999,BTC,79006.49,0.0
2026-09-07T23:25:55.061738+00:00,BTC-27NOV26-58000-C,79749.22,BTC-27NOV26,call,58000.0,2026-11-27T08:00:00+00:00,0.22000548008283266,0.277,0.2815,0.27925205,0.27925,79749.22,BTC-27NOV26,0.4756,0.93807,45.6753,0.0,0.0,0.0044999999999999485,BTC,79006.49,0.0
2026-09-07T23:25:55.061738+00:00,BTC-11SEP26-80000-C,79022.29,BTC-11SEP26,call,80000.0,2026-09-11T08:00:00+00:00,0.00919096947366086,0.0075,0.0085,0.00793401,0.008,79022.29,BTC-11SEP26,0.3433,0.35847,28.29879,682.4,30.8,0.0010000000000000009,BTC,79006.49,26020.66
2026-09-07T23:25:55.061738+00:00,BTC-11SEP26-79500-C,79022.29,BTC-11SEP26,call,79500.0,2026-09-11T08:00:00+00:00,0.00919096947366086,0.01,0.011,0.0103411,0.0105,79022.29,BTC-11SEP26,0.3427,0.43129,29.77164,7.1,8.1,0.0009999999999999992,BTC,79006.49,9217.7
2026-09-07T23:25:55.061738+00:00,BTC-10SEP26-76000-P,79016.05,BTC-10SEP26,put,76000.0,2026-09-10T08:00:00+00:00,0.006453118686528761,0.0011,0.0014,0.00124804,0.00125,79016.05,BTC-10SEP26,0.36579999999999996,-0.0911,10.39934,38.4,23.5,0.0002999999999999999,BTC,79007.82,2332.64
2026-09-07T23:25:55.061738+00:00,BTC-18SEP26-86000-C,79072.62,BTC-18SEP26,call,86000.0,2026-09-18T08:00:00+00:00,0.028355924983585568,0.0033,0.0037,0.00350966,0.0035,79072.62,BTC-18SEP26,0.3978,0.11085,25.17884,353.8,23.2,0.0004000000000000002,BTC,79007.82,7362.05
2026-09-07T23:25:55.061738+00:00,BTC-26MAR27-110000-P,81014.14,BTC-26MAR27,put,110000.0,2027-03-26T08:00:00+00:00,0.5458097237515528,0.384,0.3925,0.38792934,0.38825,81014.14,BTC-26MAR27,0.41700000000000004,-0.79933,167.92978,4.1,0.0,0.008500000000000008,BTC,79007.82,0.0
2026-09-07T23:25:55.061738+00:00,BTC-26MAR27-52000-C,81014.14,BTC-26MAR27,call,52000.0,2027-03-26T08:00:00+00:00,0.5458097237515528,0.369,0.3755,0.37218221,0.37225,81014.14,BTC-26MAR27,0.47840000000000005,0.92372,85.83755,5.3,0.0,0.006500000000000006,BTC,79007.82,0.0
2026-09-07T23:25:55.061738+00:00,BTC-25SEP26-90000-P,79116.1,BTC-25SEP26,put,90000.0,2026-09-25T08:00:00+00:00,0.047520880493510276,0.138,0.143,0.14074595,0.1405,79116.1,BTC-25SEP26,0.4092,-0.91935,25.80122,579.9,0.0,0.004999999999999977,BTC,79008.01,0.0
2026-09-07T23:25:55.061738+00:00,BTC-25JUN27-50000-P,82003.08,BTC-25JUN27,put,50000.0,2027-06-25T08:00:00+00:00,0.794954145380574,0.0195,0.021,0.020283,0.02025,82003.08,BTC-25JUN27,0.4805,-0.08553,114.33543,402.3,0.2,0.0015000000000000013,BTC,79008.01,300.69
2026-09-07T23:25:55.061738+00:00,BTC-25SEP26-320000-P,79116.1,BTC-25SEP26,put,320000.0,2026-09-25T08:00:00+00:00,0.047520880493510276,3.034,3.0585,3.044755,3.04625,79116.1,BTC-25SEP26,1.4015,-1.0,0.00393,25.1,0.0,0.02450000000000019,BTC,79008.01,0.0
2026-09-07T23:25:55.061738+00:00,BTC-30OCT26-105000-P,79431.27,BTC-30OCT26,put,105000.0,2026-10-30T08:00:00+00:00,0.14334565804313382,0.322,0.3305,0.32572306,0.32625,79431.27,BTC-30OCT26,0.442,-0.94345,34.20229,0.6,0.0,0.008500000000000008,BTC,79008.01,0.0
2026-09-07T23:25:55.061738+00:00,BTC-26MAR27-68000-C,81014.14,BTC-26MAR27,call,68000.0,2027-03-26T08:00:00+00:00,0.5458097237515528,0.208,0.214,0.21082817,0.211,81014.14,BTC-26MAR27,0.41869999999999996,0.7643,184.26196,196.5,0.0,0.006000000000000005,BTC,79008.01,0.0
2026-09-07T23:25:55.061738+00:00,BTC-25DEC26-52000-P,80065.74,BTC-25DEC26,put,52000.0,2026-12-25T08:00:00+00:00,0.2966653021225315,0.0055,0.0065,0.006005,0.006,80065.74,BTC-25DEC26,0.5145000000000001,-0.04654,42.47845,542.5,0.0,0.001,BTC,79008.01,0.0
2026-09-07T23:25:55.061738+00:00,BTC-25SEP26-94000-C,79116.1,BTC-25SEP26,call,94000.0,2026-09-25T08:00:00+00:00,0.047520880493510276,0.0014,0.0017,0.00153147,0.00155,79116.1,BTC-25SEP26,0.4414,0.04062,15.05131,877.4,0.1,0.0002999999999999999,BTC,79008.01,13.41
2026-09-07T23:25:55.061738+00:00,BTC-30OCT26-83000-P,79431.27,BTC-30OCT26,put,83000.0,2026-10-30T08:00:00+00:00,0.14334565804313382,0.0825,0.0835,0.08328891,0.083,79431.27,BTC-30OCT26,0.3763,-0.5942,116.63193,106.3,2.4,0.0010000000000000009,BTC,79008.01,14156.15
2026-09-07T23:25:55.061738+00:00,BTC-10SEP26-78500-C,79016.05,BTC-10SEP26,call,78500.0,2026-09-10T08:00:00+00:00,0.006453118686528761,0.013,0.015,0.01392879,0.014,79016.05,BTC-10SEP26,0.32380000000000003,0.60191,24.48877,0.1,0.1,0.002,BTC,79008.01,106.43
2026-09-07T23:25:55.061738+00:00,BTC-25DEC26-96000-C,80065.74,BTC-25DEC26,call,96000.0,2026-12-25T08:00:00+00:00,0.2966653021225315,0.0265,0.0275,0.02685435,0.027,80065.74,BTC-25DEC26,0.3993,0.23401,133.72407,1499.8,4.0,0.0010000000000000009,BTC,79008.01,9073.17
2026-09-07T23:25:55.061738+00:00,BTC-18SEP26-74000-P,79072.86,BTC-18SEP26,put,74000.0,2026-09-18T08:00:00+00:00,0.028355924983585568,0.005,0.0055,0.0052764,0.00525,79072.86,BTC-18SEP26,0.39189999999999997,-0.15018,31.07465,1285.5,1109.7,0.0004999999999999996,BTC,79008.01,423956.91
2026-09-07T23:25:55.061738+00:00,BTC-27NOV26-69000-P,79749.51,BTC-27NOV26,put,69000.0,2026-11-27T08:00:00+00:00,0.22000548008283266,0.0225,0.0235,0.023097,0.023,79749.51,BTC-27NOV26,0.40840000000000004,-0.19747,103.92815,24.7,0.1,0.0010000000000000009,BTC,79009.48,166.92
2026-09-07T23:25:55.061738+00:00,BTC-11SEP26-70000-C,79022.29,BTC-11SEP26,call,70000.0,2026-09-11T08:00:00+00:00,0.00919096947366086,0.112,0.1165,0.11440407,0.11425,79022.29,BTC-11SEP26,0.5728,0.98721,2.50125,286.9,0.0,0.004500000000000004,BTC,79008.01,0.0
2026-09-07T23:25:55.061738+00:00,BTC-25JUN27-170000-C,82002.72,BTC-25JUN27,call,170000.0,2027-06-25T08:00:00+00:00,0.794954145380574,0.011,0.0125,0.01171764,0.01175,82002.72,BTC-25JUN27,0.486,0.07145,99.76632,91.9,0.0,0.0015000000000000013,BTC,79009.48,0.0
2026-09-07T23:25:55.061738+00:00,BTC-25DEC26-68000-C,80065.74,BTC-25DEC26,call,68000.0,2026-12-25T08:00:00+00:00,0.2966653021225315,0.1775,0.181,0.17912164,0.17925,80065.74,BTC-25DEC26,0.4142,0.79841,122.69557,1031.5,0.0,0.003500000000000003,BTC,79009.48,0.0
2026-09-07T23:25:55.061738+00:00,BTC-27NOV26-102000-C,79749.51,BTC-27NOV26,call,102000.0,2026-11-27T08:00:00+00:00,0.22000548008283266,0.011,0.0115,0.01117529,0.01125,79749.51,BTC-27NOV26,0.4191,0.12441,76.75275,95.4,0.7,0.0005000000000000004,BTC,79009.48,665.05
2026-09-07T23:25:55.061738+00:00,BTC-25JUN27-40000-C,82002.72,BTC-25JUN27,call,40000.0,2027-06-25T08:00:00+00:00,0.794954145380574,0.52,0.523,0.52193403,0.5215,82002.72,BTC-25JUN27,0.5383,0.95866,64.7411,17.1,0.0,0.0030000000000000027,BTC,79012.67,0.0
2026-09-07T23:25:55.061738+00:00,BTC-27NOV26-100000-P,79749.22,BTC-27NOV26,put,100000.0,2026-11-27T08:00:00+00:00,0.22000548008283266,0.2635,0.2695,0.26702735,0.2665,79749.22,BTC-27NOV26,0.41409999999999997,-0.85753,84.26093,0.0,0.0,0.006000000000000005,BTC,79012.67,0.0
2026-09-07T23:25:55.061738+00:00,BTC-25SEP26-94000-P,79116.4,BTC-25SEP26,put,94000.0,2026-09-25T08:00:00+00:00,0.047520880493510276,0.1875,0.193,0.18967816,0.19025,79116.4,BTC-25SEP26,0.4414,-0.95936,15.05831,1.9,0.0,0.005500000000000005,BTC,79012.67,0.0
2026-09-07T23:25:55.061738+00:00,BTC-26MAR27-100000-C,81014.14,BTC-26MAR27,call,100000.0,2027-03-26T08:00:00+00:00,0.5458097237515528,0.0465,0.0485,0.04762107,0.0475,81014.14,BTC-26MAR27,0.4077,0.29165,205.47185,670.1,0.0,0.0020000000000000018,BTC,79012.67,0.0
2026-09-07T23:25:55.061738+00:00,BTC-26MAR27-68000-P,81014.14,BTC-26MAR27,put,68000.0,2027-03-26T08:00:00+00:00,0.5458097237515528,0.049,0.051,0.05020647,0.05,81014.14,BTC-26MAR27,0.41869999999999996,-0.23564,184.24727,290.8,0.0,0.001999999999999995,BTC,79012.67,0.0
2026-09-07T23:25:55.061738+00:00,BTC-9SEP26-84000-P,79010.32,BTC-9SEP26,put,84000.0,2026-09-09T08:00:00+00:00,0.0037152678993966587,0.061,0.066,0.06318873,0.0635,79010.32,BTC-9SEP26,0.3921,-0.99472,0.73078,0.0,0.0,0.0050000000000000044,BTC,79012.67,0.0
2026-09-07T23:25:55.061738+00:00,BTC-27NOV26-87000-C,79749.51,BTC-27NOV26,call,87000.0,2026-11-27T08:00:00+00:00,0.22000548008283266,0.039,0.04,0.0396649,0.0395,79749.51,BTC-27NOV26,0.39280000000000004,0.35133,138.75703,59.8,50.0,0.0010000000000000009,BTC,79013.97,168919.73
2026-09-07T23:25:55.061738+00:00,BTC-8SEP26-82000-C,79005.03,BTC-8SEP26,call,82000.0,2026-09-08T08:00:00+00:00,0.0009774171122645574,,0.0001,4.22e-06,,79005.03,BTC-8SEP26,0.3924,0.00119,0.09703,321.2,58.3,,BTC,79013.97,1288.87
2026-09-07T23:25:55.061738+00:00,BTC-8SEP26-74000-P,79005.03,BTC-8SEP26,put,74000.0,2026-09-08T08:00:00+00:00,0.0009774171122645574,,0.0001,6.3e-07,,79005.03,BTC-8SEP26,0.5779,-0.00014,0.01339,7.5,0.8,,BTC,79013.97,6.35
2026-09-07T23:25:55.061738+00:00,BTC-25JUN27-52000-P,82002.72,BTC-25JUN27,put,52000.0,2027-06-25T08:00:00+00:00,0.794954145380574,0.0225,0.0245,0.02354701,0.0235,82002.72,BTC-25JUN27,0.47229999999999994,-0.09815,126.62431,40.4,0.0,0.0020000000000000018,BTC,79013.97,0.0
2026-09-07T23:25:55.061738+00:00,BTC-25SEP26-78000-P,79116.1,BTC-25SEP26,put,78000.0,2026-09-25T08:00:00+00:00,0.047520880493510276,0.0245,0.025,0.02490423,0.02475,79116.1,BTC-25SEP26,0.3642,-0.41375,67.20492,2622.1,294.9,0.0005000000000000004,BTC,79013.97,564861.53
2026-09-07T23:25:55.061738+00:00,BTC-11SEP26-85000-C,79022.29,BTC-11SEP26,call,85000.0,2026-09-11T08:00:00+00:00,0.00919096947366086,0.0004,0.0006,0.00048987,0.0005,79022.29,BTC-11SEP26,0.4077,0.03236,5.4881,722.3,13.9,0.00019999999999999993,BTC,79013.97,797.11
2026-09-07T23:25:55.061738+00:00,BTC-27NOV26-77000-P,79749.22,BTC-27NOV26,put,77000.0,2026-11-27T08:00:00+00:00,0.22000548008283266,0.055,0.056,0.05547266,0.0555,79749.22,BTC-27NOV26,0.3886,-0.38884,143.41272,28.5,0.0,0.0010000000000000009,BTC,79013.43,0.0
2026-09-07T23:25:55.061738+00:00,BTC-27NOV26-77000-C,79749.51,BTC-27NOV26,call,77000.0,2026-11-27T08:00:00+00:00,0.22000548008283266,0.089,0.092,0.08992963,0.0905,79749.51,BTC-27NOV26,0.3886,0.61118,143.41186,23.0,20.0,0.0030000000000000027,BTC,79013.43,150849.06
2026-09-07T23:25:55.061738+00:00,BTC-25SEP26-87000-C,79116.1,BTC-25SEP26,call,87000.0,2026-09-25T08:00:00+00:00,0.047520880493510276,0.0055,0.0065,0.00592851,0.006,79116.1,BTC-25SEP26,0.39030000000000004,0.14152,38.67831,10.5,0.1,0.001,BTC,79013.43,47.26
2026-09-07T23:25:55.061738+00:00,BTC-26MAR27-125000-P,81014.14,BTC-26MAR27,put,125000.0,2027-03-26T08:00:00+00:00,0.5458097237515528,0.554,0.565,0.55940695,0.5595,81014.14,BTC-26MAR27,0.4365,-0.88162,118.61378,0.1,0.0,0.010999999999999899,BTC,79013.43,0.0
2026-09-07T23:25:55.061738+00:00,BTC-26MAR27-115000-C,81014.14,BTC-26MAR27,call,115000.0,2027-03-26T08:00:00+00:00,0.5458097237515528,0.0235,0.0255,0.02440122,0.0245,81014.14,BTC-26MAR27,0.42340000000000005,0.16774,150.20082,807.8,0.0,0.0019999999999999983,BTC,79013.43,0.0
2026-09-07T23:25:55.061738+00:00,BTC-26MAR27-86000-C,81014.14,BTC-26MAR27,call,86000.0,2027-03-26T08:00:00+00:00,0.5458097237515528,0.092,0.0945,0.09320278,0.09325,81014.14,BTC-26MAR27,0.4014,0.47878,238.49963,141.7,0.0,0.0025000000000000022,BTC,79013.43,0.0
2026-09-07T23:25:55.061738+00:00,BTC-11SEP26-95000-C,79022.03,BTC-11SEP26,call,95000.0,2026-09-11T08:00:00+00:00,0.00919096947366086,,0.0001,2.303e-05,,79022.03,BTC-11SEP26,0.6341,0.00135,0.33592,616.7,0.0,,BTC,79013.43,0.0
2026-09-07T23:25:55.061738+00:00,BTC-10SEP26-82500-P,79016.05,BTC-10SEP26,put,82500.0,2026-09-10T08:00:00+00:00,0.006453118686528761,0.043,0.0475,0.04493127,0.04525,79016.05,BTC-10SEP26,0.3543,-0.93354,8.18777,0.0,0.0,0.004500000000000004,BTC,79014.14,0.0
2026-09-07T23:25:55.061738+00:00,BTC-27NOV26-62000-C,79749.22,BTC-27NOV26,call,62000.0,2026-11-27T08:00:00+00:00,0.22000548008283266,0.2315,0.235,0.23302181,0.23325,79749.22,BTC-27NOV26,0.4486,0.9032,64.10966,0.0,0.0,0.0034999999999999754,BTC,79014.14,0.0
2026-09-07T23:25:55.061738+00:00,BTC-11SEP26-67000-C,79022.03,BTC-11SEP26,call,67000.0,2026-09-11T08:00:00+00:00,0.00919096947366086,0.15,0.154,0.15221529,0.152,79022.03,BTC-11SEP26,0.6689,0.99539,1.01869,0.2,0.0,0.0040000000000000036,BTC,79014.14,0.0
2026-09-07T23:25:55.061738+00:00,BTC-27NOV26-80000-P,79749.22,BTC-27NOV26,put,80000.0,2026-11-27T08:00:00+00:00,0.22000548008283266,0.0735,0.0745,0.07427434,0.074,79749.22,BTC-27NOV26,0.3882,-0.47105,148.85227,52.3,0.0,0.0010000000000000009,BTC,79014.14,0.0
2026-09-07T23:25:55.061738+00:00,BTC-25JUN27-80000-P,82002.72,BTC-25JUN27,put,80000.0,2027-06-25T08:00:00+00:00,0.794954145380574,0.132,0.135,0.13354383,0.1335,82002.72,BTC-25JUN27,0.41609999999999997,-0.40038,282.65269,44.0,0.1,0.0030000000000000027,BTC,79014.14,1056.72
2026-09-07T23:25:55.061738+00:00,BTC-25DEC26-55000-P,80065.74,BTC-25DEC26,put,55000.0,2026-12-25T08:00:00+00:00,0.2966653021225315,0.0075,0.0085,0.008011,0.008,80065.74,BTC-25DEC26,0.49090000000000006,-0.06209,53.36863,2677.5,20.0,0.0010000000000000009,BTC,79014.14,12685.09
2026-09-07T23:25:55.061738+00:00,BTC-25SEP26-98000-C,79116.4,BTC-25SEP26,call,98000.0,2026-09-25T08:00:00+00:00,0.047520880493510276,0.0007,0.001,0.00083154,0.00085,79116.4,BTC-25SEP26,0.4763,0.02228,9.15113,1129.3,1.4,0.00030000000000000003,BTC,79014.14,170.39
2026-09-07T23:25:55.061738+00:00,BTC-25JUN27-30000-P,82003.08,BTC-25JUN27,put,30000.0,2027-06-25T08:00:00+00:00,0.794954145380574,0.004,0.0048,0.00438437,0.0044,82003.08,BTC-25JUN27,0.6189,-0.01797,32.33061,341.5,5.1,0.0007999999999999995,BTC,79014.14,1619.48
2026-09-07T23:25:55.061738+00:00,BTC-25SEP26-100000-P,79116.4,BTC-25SEP26,put,100000.0,2026-09-25T08:00:00+00:00,0.047520880493510276,0.2615,0.2675,0.26461792,0.2645,79116.4,BTC-25SEP26,0.49369999999999997,-0.98309,7.23917,336.1,0.0,0.006000000000000005,BTC,79014.14,0.0
2026-09-07T23:25:55.061738+00:00,BTC-27NOV26-72000-C,79749.22,BTC-27NOV26,call,72000.0,2026-11-27T08:00:00+00:00,0.22000548008283266,0.128,0.132,0.12970874,0.13,79749.22,BTC-27NOV26,0.3983,0.73877,121.64132,0.0,0.0,0.0040000000000000036,BTC,79014.14,0.0
2026-09-07T23:25:55.061738+00:00,BTC-30OCT26-102000-C,79431.27,BTC-30OCT26,call,102000.0,2026-10-30T08:00:00+00:00,0.14334565804313382,0.0047,0.0055,0.00510372,0.0051,79431.27,BTC-30OCT26,0.4325,0.07415,42.21173,198.4,0.1,0.0007999999999999995,BTC,79015.53,52.29
2026-09-07T23:25:55.061738+00:00,BTC-8SEP26-83500-C,79005.03,BTC-8SEP26,call,83500.0,2026-09-08T08:00:00+00:00,0.0009774171122645574,,0.0001,8e-08,,79005.03,BTC-8SEP26,0.4372,3e-05,0.00266,7.7,0.5,,BTC,79015.53,9.61
2026-09-07T23:25:55.061738+00:00,BTC-8SEP26-86000-P,79005.03,BTC-8SEP26,put,86000.0,2026-09-08T08:00:00+00:00,0.0009774171122645574,0.0865,0.0915,0.08856943,0.089,79005.03,BTC-8SEP26,0.4625,-1.0,0.0,0.0,0.0,0.0050000000000000044,BTC,79015.53,0.0
2026-09-07T23:25:55.061738+00:00,BTC-27NOV26-83000-P,79749.22,BTC-27NOV26,put,83000.0,2026-11-27T08:00:00+00:00,0.22000548008283266,0.095,0.0965,0.0962276,0.09575,79749.22,BTC-27NOV26,0.3883,-0.55145,148.00384,43.3,2.2,0.0015000000000000013,BTC,79015.53,16717.11
2026-09-07T23:25:55.061738+00:00,BTC-27NOV26-79000-C,79749.22,BTC-27NOV26,call,79000.0,2026-11-27T08:00:00+00:00,0.22000548008283266,0.077,0.078,0.07700975,0.0775,79749.22,BTC-27NOV26,0.3882,0.55636,147.75519,102.5,67.8,0.0010000000000000009,BTC,79015.53,427888.62
2026-09-07T23:25:55.061738+00:00,BTC-25SEP26-102000-C,79116.1,BTC-25SEP26,call,102000.0,2026-09-25T08:00:00+00:00,0.047520880493510276,0.0004,0.0006,0.00048964,0.0005,79116.1,BTC-25SEP26,0.5109,0.01305,5.79545,199.1,0.2,0.00019999999999999993,BTC,79015.6,7.94
2026-09-07T23:25:55.061738+00:00,BTC-26MAR27-102000-C,81014.14,BTC-26MAR27,call,102000.0,2027-03-26T08:00:00+00:00,0.5458097237515528,0.0425,0.0445,0.04333017,0.0435,81014.14,BTC-26MAR27,0.4092,0.27073,198.22196,127.5,0.0,0.001999999999999995,BTC,79015.53,0.0
2026-09-07T23:25:55.061738+00:00,BTC-25DEC26-78000-P,80066.12,BTC-25DEC26,put,78000.0,2026-12-25T08:00:00+00:00,0.2966653021225315,0.0715,0.0725,0.07206831,0.072,80066.12,BTC-25DEC26,0.39380000000000004,-0.40954,169.5274,1405.3,3.1,0.0010000000000000009,BTC,79015.53,17295.22
2026-09-07T23:25:55.061738+00:00,BTC-25JUN27-76000-P,82003.08,BTC-25JUN27,put,76000.0,2027-06-25T08:00:00+00:00,0.794954145380574,0.108,0.1105,0.10920737,0.10925,82003.08,BTC-25JUN27,0.4193,-0.3481,270.38502,74.6,0.2,0.0025000000000000022,BTC,79015.6,1689.03
2026-09-07T23:25:55.061738+00:00,BTC-11SEP26-79000-C,79022.29,BTC-11SEP26,call,79000.0,2026-09-11T08:00:00+00:00,0.00919096947366086,0.013,0.014,0.01320456,0.0135,79022.29,BTC-11SEP26,0.3418,0.50925,30.21712,275.4,32.0,0.0010000000000000009,BTC,79015.6,40088.87
2026-09-07T23:25:55.061738+00:00,BTC-25SEP26-80000-C,79116.1,BTC-25SEP26,call,80000.0,2026-09-25T08:00:00+00:00,0.047520880493510276,0.026,0.027,0.02651901,0.0265,79116.1,BTC-25SEP26,0.3636,0.45975,68.47125,6779.1,148.7,0.0010000000000000009,BTC,79015.6,327562.92
2026-09-07T23:25:55.061738+00:00,BTC-27NOV26-81000-C,79749.22,BTC-27NOV26,call,81000.0,2026-11-27T08:00:00+00:00,0.22000548008283266,0.0655,0.0665,0.06549138,0.066,79749.22,BTC-27NOV26,0.38789999999999997,0.50176,149.24608,112.0,0.0,0.0010000000000000009,BTC,79015.6,0.0
2026-09-07T23:25:55.061738+00:00,BTC-25JUN27-78000-C,82002.72,BTC-25JUN27,call,78000.0,2027-06-25T08:00:00+00:00,0.794954145380574,0.168,0.171,0.16975134,0.1695,82002.72,BTC-25JUN27,0.4174,0.6258,277.17149,53.2,1.0,0.0030000000000000027,BTC,79015.67,13633.12
2026-09-07T23:25:55.061738+00:00,BTC-10SEP26-87000-P,79016.05,BTC-10SEP26,put,87000.0,2026-09-10T08:00:00+00:00,0.006453118686528761,0.099,0.104,0.10113771,0.1015,79016.05,BTC-10SEP26,0.47609999999999997,-0.99377,1.11575,0.0,0.0,0.0049999999999999906,BTC,79015.67,0.0
2026-09-07T23:25:55.061738+00:00,BTC-27NOV26-96000-P,79749.22,BTC-27NOV26,put,96000.0,2026-11-27T08:00:00+00:00,0.22000548008283266,0.219,0.224,0.22211661,0.2215,79749.22,BTC-27NOV26,0.4065,-0.81003,101.51083,0.0,0.0,0.0050000000000000044,BTC,79015.67,0.0
2026-09-07T23:25:55.061738+00:00,BTC-25JUN27-62000-C,82003.08,BTC-25JUN27,call,62000.0,2027-06-25T08:00:00+00:00,0.794954145380574,0.2875,0.2945,0.29138764,0.291,82003.08,BTC-25JUN27,0.4411,0.81796,193.28964,117.0,0.0,0.007000000000000006,BTC,79015.67,0.0
2026-09-07T23:25:55.061738+00:00,BTC-25SEP26-92000-P,79116.1,BTC-25SEP26,put,92000.0,2026-09-25T08:00:00+00:00,0.047520880493510276,0.162,0.1685,0.16503167,0.16525,79116.1,BTC-25SEP26,0.42469999999999997,-0.9432,19.68504,7.7,0.0,0.006500000000000006,BTC,79015.61,0.0
2026-09-07T23:25:55.061738+00:00,BTC-27NOV26-104000-P,79749.51,BTC-27NOV26,put,104000.0,2026-11-27T08:00:00+00:00,0.22000548008283266,0.31,0.3165,0.31364265,0.31325,79749.51,BTC-27NOV26,0.4236,-0.8921,69.37782,0.0,0.0,0.006500000000000006,BTC,79015.61,0.0
2026-09-07T23:25:55.061738+00:00,BTC-26MAR27-58000-C,81014.14,BTC-26MAR27,call,58000.0,2027-03-26T08:00:00+00:00,0.5458097237515528,0.304,0.3105,0.30709434,0.30725,81014.14,BTC-26MAR27,0.45,0.87921,120.31654,4.3,0.0,0.006500000000000006,BTC,79015.67,0.0
2026-09-07T23:25:55.061738+00:00,BTC-26MAR27-94000-C,81014.14,BTC-26MAR27,call,94000.0,2027-03-26T08:00:00+00:00,0.5458097237515528,0.062,0.0645,0.06347612,0.06325,81014.14,BTC-26MAR27,0.40409999999999996,0.36367,224.75934,166.3,0.0,0.0025000000000000022,BTC,79015.67,0.0
2026-09-07T23:25:55.061738+00:00,BTC-26MAR27-72000-C,81014.14,BTC-26MAR27,call,72000.0,2027-03-26T08:00:00+00:00,0.5458097237515528,0.176,0.1805,0.17814255,0.17825,81014.14,BTC-26MAR27,0.4114,0.70534,206.46037,95.2,0.0,0.004500000000000004,BTC,79015.61,0.0
2026-09-07T23:25:55.061738+00:00,BTC-25JUN27-50000-C,82003.08,BTC-25JUN27,call,50000.0,2027-06-25T08:00:00+00:00,0.794954145380574,0.4065,0.4135,0.41053419,0.41,82003.08,BTC-25JUN27,0.4805,0.91451,114.30973,17.5,0.0,0.007000000000000006,BTC,79015.61,0.0
2026-09-07T23:25:55.061738+00:00,BTC-25DEC26-55000-C,80065.74,BTC-25DEC26,call,55000.0,2026-12-25T08:00:00+00:00,0.2966653021225315,0.3185,0.324,0.32106579,0.32125,80065.74,BTC-25DEC26,0.49090000000000006,0.93792,53.36397,44.9,0.0,0.005500000000000005,BTC,79015.61,0.0
2026-09-07T23:25:55.061738+00:00,BTC-25SEP26-52000-C,79116.4,BTC-25SEP26,call,52000.0,2026-09-25T08:00:00+00:00,0.047520880493510276,0.341,0.3445,0.34290484,0.34275,79116.4,BTC-25SEP26,0.7343999999999999,0.99654,1.79335,150.2,0.0,0.0034999999999999476,BTC,79015.65,0.0
2026-09-07T23:25:55.061738+00:00,BTC-25DEC26-240000-C,80065.74,BTC-25DEC26,call,240000.0,2026-12-25T08:00:00+00:00,0.2966653021225315,0.0002,0.0005,0.00030345,0.00035,80065.74,BTC-25DEC26,0.6859999999999999,0.00297,3.95701,785.2,0.0,0.00030000000000000003,BTC,79015.61,0.0
2026-09-07T23:25:55.061738+00:00,BTC-10SEP26-87000-C,79016.05,BTC-10SEP26,call,87000.0,2026-09-10T08:00:00+00:00,0.006453118686528761,,0.0001,7.649e-05,,79016.05,BTC-10SEP26,0.47609999999999997,0.00623,1.116,1.6,0.6,,BTC,79015.65,15.94
2026-09-07T23:25:55.061738+00:00,BTC-11SEP26-86000-C,79022.03,BTC-11SEP26,call,86000.0,2026-09-11T08:00:00+00:00,0.00919096947366086,0.0003,0.0004,0.00031648,0.00035,79022.03,BTC-11SEP26,0.4299,0.02129,3.86717,1502.4,2.8,0.00010000000000000005,BTC,79015.61,125.45
2026-09-07T23:25:55.061738+00:00,BTC-26MAR27-66000-P,81014.14,BTC-26MAR27,put,66000.0,2027-03-26T08:00:00+00:00,0.5458097237515528,0.0425,0.044,0.04320185,0.04325,81014.14,BTC-26MAR27,0.4233,-0.20855,171.84253,110.2,0.0,0.0014999999999999944,BTC,79015.65,0.0
2026-09-07T23:25:55.061738+00:00,BTC-25DEC26-75000-C,80066.12,BTC-25DEC26,call,75000.0,2026-12-25T08:00:00+00:00,0.2966653021225315,0.117,0.12,0.11880903,0.1185,80066.12,BTC-25DEC26,0.3971,0.65911,159.99285,1881.8,0.0,0.002999999999999989,BTC,79015.65,0.0
2026-09-07T23:25:55.061738+00:00,BTC-10SEP26-81000-C,79016.05,BTC-10SEP26,call,81000.0,2026-09-10T08:00:00+00:00,0.006453118686528761,0.0024,0.0029,0.00263838,0.00265,79016.05,BTC-10SEP26,0.3354,0.18183,16.76166,7.1,7.2,0.0005,BTC,79016.81,2841.45
2026-09-07T23:25:55.061738+00:00,BTC-18SEP26-78000-C,79072.86,BTC-18SEP26,call,78000.0,2026-09-18T08:00:00+00:00,0.028355924983585568,0.0315,0.0325,0.03203391,0.032,79072.86,BTC-18SEP26,0.3696,0.59862,51.5004,96.8,0.0,0.0010000000000000009,BTC,79015.65,0.0
2026-09-07T23:25:55.061738+00:00,BTC-9SEP26-81000-P,79010.08,BTC-9SEP26,put,81000.0,2026-09-09T08:00:00+00:00,0.0037152678993966587,0.024,0.0285,0.02605005,0.02625,79010.08,BTC-9SEP26,0.3128,-0.90341,8.23822,0.2,0.2,0.0045000000000000005,BTC,79016.81,330.66
2026-09-07T23:25:55.061738+00:00,BTC-11SEP26-88000-C,79022.29,BTC-11SEP26,call,88000.0,2026-09-11T08:00:00+00:00,0.00919096947366086,0.0001,0.0002,0.00014012,0.00015,79022.29,BTC-11SEP26,0.4725,0.00935,1.90386,1329.7,9.7,0.0001,BTC,79016.81,302.66
2026-09-07T23:25:55.061738+00:00,BTC-25SEP26-77000-P,79116.4,BTC-25SEP26,put,77000.0,2026-09-25T08:00:00+00:00,0.047520880493510276,0.019,0.02,0.01976648,0.0195,79116.4,BTC-25SEP26,0.3652,-0.35191,64.02439,1094.4,1.4,0.0010000000000000009,BTC,79016.81,1984.69
2026-09-07T23:25:55.061738+00:00,BTC-26MAR27-35000-P,81014.14,BTC-26MAR27,put,35000.0,2027-03-26T08:00:00+00:00,0.5458097237515528,0.0028,0.0037,0.00320083,0.00325,81014.14,BTC-26MAR27,0.5992999999999999,-0.01718,25.47529,624.1,1.5,0.0009000000000000002,BTC,79016.81,325.29
2026-09-07T23:25:55.061738+00:00,BTC-9SEP26-75000-P,79010.32,BTC-9SEP26,put,75000.0,2026-09-09T08:00:00+00:00,0.0037152678993966587,0.0002,0.0003,0.00029514,0.00025,79010.32,BTC-9SEP26,0.4496,-0.0276,3.05709,122.6,118.6,9.999999999999996e-05,BTC,79016.81,2314.37
2026-09-07T23:25:55.061738+00:00,BTC-25JUN27-30000-C,82003.08,BTC-25JUN27,call,30000.0,2027-06-25T08:00:00+00:00,0.794954145380574,0.6375,0.6395,0.63853508,0.6385,82003.08,BTC-25JUN27,0.6189,0.98203,32.3277,76.0,3.5,0.0020000000000000018,BTC,79018.13,179295.0
2026-09-07T23:25:55.061738+00:00,BTC-30OCT26-73000-C,79431.27,BTC-30OCT26,call,73000.0,2026-10-30T08:00:00+00:00,0.14334565804313382,0.104,0.107,0.10502303,0.1055,79431.27,BTC-30OCT26,0.3826,0.74374,96.84385,634.0,0.0,0.0030000000000000027,BTC,79018.13,0.0
2026-09-07T23:25:55.061738+00:00,BTC-30OCT26-81000-P,79431.27,BTC-30OCT26,put,81000.0,2026-10-30T08:00:00+00:00,0.14334565804313382,0.0665,0.0675,0.06748068,0.067,79431.27,BTC-30OCT26,0.37420000000000003,-0.5269,119.7347,167.0,3.0,0.0010000000000000009,BTC,79018.13,15143.96
2026-09-07T23:25:55.061738+00:00,BTC-25SEP26-50000-P,79116.1,BTC-25SEP26,put,50000.0,2026-09-25T08:00:00+00:00,0.047520880493510276,,0.0002,0.00013592,,79116.1,BTC-25SEP26,0.7755,-0.00258,1.37714,3753.2,3.1,,BTC,79018.13,25.37
2026-09-07T23:25:55.061738+00:00,BTC-26MAR27-64000-P,81014.14,BTC-26MAR27,put,64000.0,2027-03-26T08:00:00+00:00,0.5458097237515528,0.036,0.038,0.03707903,0.037,81014.14,BTC-26MAR27,0.4288,-0.18342,158.96528,126.0,0.0,0.0020000000000000018,BTC,79018.13,0.0
2026-09-07T23:25:55.061738+00:00,BTC-8SEP26-78000-C,79005.03,BTC-8SEP26,call,78000.0,2026-09-08T08:00:00+00:00,0.0009774171122645574,0.011,0.015,0.01309111,0.013,79005.03,BTC-8SEP26,0.3053,0.91119,3.9649,0.1,0.0,0.004,BTC,79019.04,0.0
2026-09-07T23:25:55.061738+00:00,BTC-26MAR27-115000-P,81014.14,BTC-26MAR27,put,115000.0,2027-03-26T08:00:00+00:00,0.5458097237515528,0.4395,0.4485,0.44393805,0.444,81014.14,BTC-26MAR27,0.42340000000000005,-0.8322,150.24473,2.2,0.0,0.009000000000000008,BTC,79018.13,0.0
2026-09-07T23:25:55.061738+00:00,BTC-26MAR27-35000-C,81014.52,BTC-26MAR27,call,35000.0,2027-03-26T08:00:00+00:00,0.5458097237515528,0.57,0.5725,0.57116788,0.57125,81014.52,BTC-26MAR27,0.5992999999999999,0.98282,25.47418,21.1,1.2,0.0025000000000000577,BTC,79019.04,54994.17
2026-09-07T23:25:55.061738+00:00,BTC-9SEP26-77000-P,79010.32,BTC-9SEP26,put,77000.0,2026-09-09T08:00:00+00:00,0.0037152678993966587,0.001,0.0013,0.00110491,0.00115,79010.32,BTC-9SEP26,0.34490000000000004,-0.10823,8.94878,56.7,46.0,0.0002999999999999999,BTC,79019.04,4234.79
2026-09-07T23:25:55.061738+00:00,BTC-25JUN27-54000-P,82002.72,BTC-25JUN27,put,54000.0,2027-06-25T08:00:00+00:00,0.794954145380574,0.0265,0.028,0.02723121,0.02725,82002.72,BTC-25JUN27,0.4647,-0.1121,139.42102,50.1,3.1,0.0015000000000000013,BTC,79019.04,6455.76
2026-09-07T23:25:55.061738+00:00,BTC-8SEP26-85000-C,79005.03,BTC-8SEP26,call,85000.0,2026-09-08T08:00:00+00:00,0.0009774171122645574,,0.0001,0.0,,79005.03,BTC-8SEP26,0.44939999999999997,0.0,1e-05,31.8,30.0,,BTC,79017.89,241.54
2026-09-07T23:25:55.061738+00:00,BTC-30OCT26-77000-C,79431.27,BTC-30OCT26,call,77000.0,2026-10-30T08:00:00+00:00,0.14334565804313382,0.0715,0.074,0.0721057,0.07275,79431.27,BTC-30OCT26,0.37310000000000004,0.61418,115.05809,116.0,0.0,0.0025000000000000022,BTC,79017.89,0.0
2026-09-07T23:25:55.061738+00:00,BTC-9SEP26-88000-P,79010.32,BTC-9SEP26,put,88000.0,2026-09-09T08:00:00+00:00,0.0037152678993966587,0.1115,0.117,0.1137786,0.11425,79010.32,BTC-9SEP26,0.5371,-0.99947,0.08977,0.0,0.0,0.005500000000000005,BTC,79017.89,0.0
2026-09-07T23:25:55.061738+00:00,BTC-25SEP26-140000-P,79116.1,BTC-25SEP26,put,140000.0,2026-09-25T08:00:00+00:00,0.047520880493510276,0.7655,0.774,0.7695962,0.76975,79116.1,BTC-25SEP26,0.7598999999999999,-0.99961,0.24214,1.4,0.0,0.008500000000000063,BTC,79017.89,0.0
2026-09-07T23:25:55.061738+00:00,BTC-27NOV26-106000-P,79749.22,BTC-27NOV26,put,106000.0,2026-11-27T08:00:00+00:00,0.22000548008283266,0.334,0.34,0.33749929,0.337,79749.22,BTC-27NOV26,0.4301,-0.90507,63.20088,0.0,0.0,0.006000000000000005,BTC,79017.89,0.0
2026-09-07T23:25:55.061738+00:00,BTC-30OCT26-104000-C,79431.27,BTC-30OCT26,call,104000.0,2026-10-30T08:00:00+00:00,0.14334565804313382,0.0039,0.0044,0.0041558,0.00415,79431.27,BTC-30OCT26,0.43810000000000004,0.06158,36.56974,89.2,0.5,0.0005000000000000004,BTC,79017.89,178.68
2026-09-07T23:25:55.061738+00:00,BTC-27NOV26-91000-P,79749.51,BTC-27NOV26,put,91000.0,2026-11-27T08:00:00+00:00,0.22000548008283266,0.1665,0.1705,0.16914495,0.1685,79749.51,BTC-27NOV26,0.39759999999999995,-0.73069,123.54719,0.0,0.0,0.0040000000000000036,BTC,79017.89,0.0
2026-09-07T23:25:55.061738+00:00,BTC-11SEP26-84000-P,79022.29,BTC-11SEP26,put,84000.0,2026-09-11T08:00:00+00:00,0.00919096947366086,0.0615,0.067,0.06385479,0.06425,79022.29,BTC-11SEP26,0.3914,-0.94612,8.29293,2.9,0.0,0.005500000000000005,BTC,79017.89,0.0
2026-09-07T23:25:55.061738+00:00,BTC-26MAR27-108000-P,81014.14,BTC-26MAR27,put,108000.0,2027-03-26T08:00:00+00:00,0.5458097237515528,0.362,0.3705,0.36604875,0.36625,81014.14,BTC-26MAR27,0.41490000000000005,-0.78354,175.62536,0.1,0.0,0.008500000000000008,BTC,79017.89,0.0
2026-09-07T23:25:55.061738+00:00,BTC-10SEP26-78500-P,79016.05,BTC-10SEP26,put,78500.0,2026-09-10T08:00:00+00:00,0.006453118686528761,0.007,0.008,0.00741506,0.0075,79016.05,BTC-10SEP26,0.32380000000000003,-0.3959,24.45606,10.1,10.1,0.001,BTC,79017.89,6008.18
2026-09-07T23:25:55.061738+00:00,BTC-26MAR27-180000-C,81014.14,BTC-26MAR27,call,180000.0,2027-03-26T08:00:00+00:00,0.5458097237515528,0.0036,0.0045,0.00402198,0.00405,81014.14,BTC-26MAR27,0.5227,0.03052,41.3188,503.3,0.1,0.0008999999999999998,BTC,79017.89,35.01
2026-09-07T23:25:55.061738+00:00,BTC-26MAR27-84000-P,81014.52,BTC-26MAR27,put,84000.0,2027-03-26T08:00:00+00:00,0.5458097237515528,0.138,0.141,0.13943877,0.1395,81014.52,BTC-26MAR27,0.40149999999999997,-0.48946,238.76936,55.2,0.0,0.002999999999999975,BTC,79017.89,0.0
2026-09-07T23:25:55.061738+00:00,BTC-30OCT26-72000-P,79431.27,BTC-30OCT26,put,72000.0,2026-10-30T08:00:00+00:00,0.14334565804313382,0.0205,0.0215,0.02082583,0.021,79431.27,BTC-30OCT26,0.386,-0.22839,90.98356,408.6,1.7,0.0009999999999999974,BTC,79017.89,2633.28
2026-09-07T23:25:55.061738+00:00,BTC-30OCT26-50000-P,79431.27,BTC-30OCT26,put,50000.0,2026-10-30T08:00:00+00:00,0.14334565804313382,0.0013,0.0017,0.00149297,0.0015,79431.27,BTC-30OCT26,0.6074,-0.01667,12.4701,329.7,0.6,0.00039999999999999996,BTC,79018.14,57.89
2026-09-07T23:25:55.061738+00:00,BTC-25SEP26-120000-C,79116.1,BTC-25SEP26,call,120000.0,2026-09-25T08:00:00+00:00,0.047520880493510276,0.0001,0.0002,0.00014233,0.00015,79116.1,BTC-25SEP26,0.6838,0.00328,1.70895,1331.6,23.5,0.0001,BTC,79018.14,374.45
2026-09-07T23:25:55.061738+00:00,BTC-30OCT26-78000-C,79431.27,BTC-30OCT26,call,78000.0,2026-10-30T08:00:00+00:00,0.14334565804313382,0.065,0.066,0.06535716,0.0655,79431.27,BTC-30OCT26,0.3736,0.57881,117.65939,462.5,0.0,0.0010000000000000009,BTC,79018.14,0.0
2026-09-07T23:25:55.061738+00:00,BTC-25SEP26-170000-P,79116.1,BTC-25SEP26,put,170000.0,2026-09-25T08:00:00+00:00,0.047520880493510276,1.1435,1.155,1.14877763,1.14925,79116.1,BTC-25SEP26,0.8693000000000001,-0.99996,0.02925,0.0,0.0,0.011500000000000066,BTC,79018.14,0.0
2026-09-07T23:25:55.061738+00:00,BTC-18SEP26-69000-C,79072.86,BTC-18SEP26,call,69000.0,2026-09-18T08:00:00+00:00,0.028355924983585568,0.126,0.1305,0.12853718,0.12825,79072.86,BTC-18SEP26,0.46130000000000004,0.96353,10.6453,0.0,0.0,0.004500000000000004,BTC,79018.14,0.0
2026-09-07T23:25:55.061738+00:00,BTC-26MAR27-88000-C,81014.52,BTC-26MAR27,call,88000.0,2027-03-26T08:00:00+00:00,0.5458097237515528,0.0835,0.086,0.0846712,0.08475,81014.52,BTC-26MAR27,0.4017,0.44822,236.83772,77.0,1.0,0.0024999999999999883,BTC,79018.14,6953.81
2026-09-07T23:25:55.061738+00:00,BTC-30OCT26-83000-C,79431.27,BTC-30OCT26,call,83000.0,2026-10-30T08:00:00+00:00,0.14334565804313382,0.038,0.039,0.03834222,0.0385,79431.27,BTC-30OCT26,0.3763,0.40617,116.67351,226.3,1.0,0.0010000000000000009,BTC,79017.89,3082.52
2026-09-07T23:25:55.061738+00:00,BTC-26MAR27-74000-P,81014.14,BTC-26MAR27,put,74000.0,2027-03-26T08:00:00+00:00,0.5458097237515528,0.0755,0.0775,0.07641821,0.0765,81014.14,BTC-26MAR27,0.4078,-0.32596,215.74792,197.2,0.0,0.0020000000000000018,BTC,79018.14,0.0
2026-09-07T23:25:55.061738+00:00,BTC-26MAR27-170000-C,81014.14,BTC-26MAR27,call,170000.0,2027-03-26T08:00:00+00:00,0.5458097237515528,0.0048,0.0055,0.00504635,0.00515,81014.14,BTC-26MAR27,0.5108,0.03803,49.51142,650.6,2.0,0.0007000000000000001,BTC,79017.89,789.35
2026-09-07T23:25:55.061738+00:00,BTC-27NOV26-85000-C,79749.51,BTC-27NOV26,call,85000.0,2026-11-27T08:00:00+00:00,0.22000548008283266,0.0465,0.0475,0.04695316,0.047,79749.51,BTC-27NOV26,0.39039999999999997,0.39838,144.38698,528.9,1.5,0.0010000000000000009,BTC,79017.89,5889.16
2026-09-07T23:25:55.061738+00:00,BTC-26MAR27-74000-C,81014.14,BTC-26MAR27,call,74000.0,2027-03-26T08:00:00+00:00,0.5458097237515528,0.161,0.1655,0.16297713,0.16325,81014.14,BTC-26MAR27,0.4078,0.67403,215.74829,66.8,10.0,0.004500000000000004,BTC,79017.89,138975.01
2026-09-07T23:25:55.061738+00:00,BTC-9SEP26-71000-P,79010.32,BTC-9SEP26,put,71000.0,2026-09-09T08:00:00+00:00,0.0037152678993966587,,0.0001,3.906e-05,,79010.32,BTC-9SEP26,0.6481999999999999,-0.00321,0.46779,15.0,0.0,,BTC,79017.89,0.0
2026-09-07T23:25:55.061738+00:00,BTC-25DEC26-64000-P,80065.74,BTC-25DEC26,put,64000.0,2026-12-25T08:00:00+00:00,0.2966653021225315,0.0185,0.0195,0.01900578,0.019,80065.74,BTC-25DEC26,0.431,-0.14206,98.05956,360.9,0.2,0.0010000000000000009,BTC,79017.89,301.59
2026-09-07T23:25:55.061738+00:00,BTC-25SEP26-81000-C,79116.1,BTC-25SEP26,call,81000.0,2026-09-25T08:00:00+00:00,0.047520880493510276,0.021,0.022,0.02164645,0.0215,79116.1,BTC-25SEP26,0.3655,0.39906,66.60934,2666.6,173.5,0.0009999999999999974,BTC,79017.75,317674.18
2026-09-07T23:25:55.061738+00:00,BTC-26MAR27-54000-C,81014.52,BTC-26MAR27,call,54000.0,2027-03-26T08:00:00+00:00,0.5458097237515528,0.3465,0.3535,0.34995992,0.35,81014.52,BTC-26MAR27,0.4675,0.91099,96.42651,0.1,0.0,0.007000000000000006,BTC,79017.75,0.0
2026-09-07T23:25:55.061738+00:00,BTC-25JUN27-96000-P,82003.08,BTC-25JUN27,put,96000.0,2027-06-25T08:00:00+00:00,0.794954145380574,0.2565,0.2625,0.25864273,0.2595,82003.08,BTC-25JUN27,0.4147,-0.59525,283.4522,0.0,0.0,0.006000000000000005,BTC,79017.75,0.0
2026-09-07T23:25:55.061738+00:00,BTC-27NOV26-91000-C,79749.51,BTC-27NOV26,call,91000.0,2026-11-27T08:00:00+00:00,0.22000548008283266,0.0275,0.0285,0.02804864,0.028,79749.51,BTC-27NOV26,0.39759999999999995,0.26929,123.54171,77.1,20.8,0.0010000000000000009,BTC,79017.75,46505.64
2026-09-07T23:25:55.061738+00:00,BTC-9SEP26-71000-C,79010.08,BTC-9SEP26,call,71000.0,2026-09-09T08:00:00+00:00,0.0037152678993966587,0.099,0.1035,0.10142592,0.10125,79010.08,BTC-9SEP26,0.6481999999999999,0.99679,0.468,0.0,0.0,0.00449999999999999,BTC,79017.75,0.0
2026-09-07T23:25:55.061738+00:00,BTC-18SEP26-83000-P,79072.62,BTC-18SEP26,put,83000.0,2026-09-18T08:00:00+00:00,0.028355924983585568,0.056,0.0605,0.05814374,0.05825,79072.62,BTC-18SEP26,0.3795,-0.76607,40.82519,0.0,0.0,0.004499999999999997,BTC,79017.75,0.0
2026-09-07T23:25:55.061738+00:00,BTC-25SEP26-115000-C,79116.4,BTC-25SEP26,call,115000.0,2026-09-25T08:00:00+00:00,0.047520880493510276,0.0001,0.0002,0.00015921,0.00015,79116.4,BTC-25SEP26,0.6286,0.00391,2.00446,2159.9,0.0,0.0001,BTC,79017.85,0.0
2026-09-07T23:25:55.061738+00:00,BTC-25JUN27-84000-P,82003.08,BTC-25JUN27,put,84000.0,2027-06-25T08:00:00+00:00,0.794954145380574,0.1595,0.163,0.1608104,0.16125,82003.08,BTC-25JUN27,0.41409999999999997,-0.45232,289.72084,6.5,0.0,0.003500000000000003,BTC,79017.85,0.0
2026-09-07T23:25:55.061738+00:00,BTC-26MAR27-120000-P,81014.52,BTC-26MAR27,put,120000.0,2027-03-26T08:00:00+00:00,0.5458097237515528,0.499,0.504,0.50117584,0.5015,81014.52,BTC-26MAR27,0.42979999999999996,-0.85945,133.61542,5.8,4.0,0.0050000000000000044,BTC,79017.85,159364.1
2026-09-07T23:25:55.061738+00:00,BTC-18SEP26-84000-C,79072.86,BTC-18SEP26,call,84000.0,2026-09-18T08:00:00+00:00,0.028355924983585568,0.006,0.007,0.00635848,0.0065,79072.86,BTC-18SEP26,0.3858,0.18513,35.56702,534.2,0.7,0.001,BTC,79017.85,391.83
2026-09-07T23:25:55.061738+00:00,BTC-9SEP26-82500-P,79010.32,BTC-9SEP26,put,82500.0,2026-09-09T08:00:00+00:00,0.0037152678993966587,0.042,0.047,0.04433729,0.0445,79010.32,BTC-9SEP26,0.3503,-0.97805,2.52201,0.0,0.0,0.0049999999999999975,BTC,79017.93,0.0
2026-09-07T23:25:55.061738+00:00,BTC-11SEP26-81000-C,79022.29,BTC-11SEP26,call,81000.0,2026-09-11T08:00:00+00:00,0.00919096947366086,0.0043,0.0048,0.00456866,0.00455,79022.29,BTC-11SEP26,0.3504,0.23589,23.3316,4572.0,4227.8,0.0004999999999999996,BTC,79017.85,2173727.54
2026-09-07T23:25:55.061738+00:00,BTC-8SEP26-84000-P,79005.03,BTC-8SEP26,put,84000.0,2026-09-08T08:00:00+00:00,0.0009774171122645574,0.061,0.066,0.06325387,0.0635,79005.03,BTC-8SEP26,0.4376,-1.0,0.00043,0.0,0.0,0.0050000000000000044,BTC,79017.93,0.0
2026-09-07T23:25:55.061738+00:00,BTC-30OCT26-78000-P,79431.27,BTC-30OCT26,put,78000.0,2026-10-30T08:00:00+00:00,0.14334565804313382,0.0465,0.0475,0.04735524,0.047,79431.27,BTC-30OCT26,0.3736,-0.42119,117.65936,565.6,150.0,0.0010000000000000009,BTC,79017.93,537106.68
2026-09-07T23:25:55.061738+00:00,BTC-11SEP26-82000-P,79022.03,BTC-11SEP26,put,82000.0,2026-09-11T08:00:00+00:00,0.00919096947366086,0.038,0.0425,0.04021592,0.04025,79022.03,BTC-11SEP26,0.3583,-0.85554,17.22577,66.1,0.0,0.004500000000000004,BTC,79017.93,0.0
2026-09-07T23:25:55.061738+00:00,BTC-18SEP26-79000-C,79072.62,BTC-18SEP26,call,79000.0,2026-09-18T08:00:00+00:00,0.028355924983585568,0.0245,0.026,0.02523828,0.02525,79072.62,BTC-18SEP26,0.369,0.51828,53.07863,321.3,61.9,0.0014999999999999979,BTC,79017.93,134559.14
2026-09-07T23:25:55.061738+00:00,BTC-26MAR27-104000-P,81014.14,BTC-26MAR27,put,104000.0,2027-03-26T08:00:00+00:00,0.5458097237515528,0.3195,0.327,0.32320916,0.32325,81014.14,BTC-26MAR27,0.4108,-0.7488,190.73967,0.1,0.0,0.007500000000000007,BTC,79017.93,0.0
2026-09-07T23:25:55.061738+00:00,BTC-18SEP26-77000-C,79072.62,BTC-18SEP26,call,77000.0,2026-09-18T08:00:00+00:00,0.028355924983585568,0.0385,0.042,0.03996432,0.04025,79072.62,BTC-18SEP26,0.37229999999999996,0.67547,47.90792,53.3,0.0,0.003500000000000003,BTC,79017.69,0.0
2026-09-07T23:25:55.061738+00:00,BTC-8SEP26-80000-C,79005.03,BTC-8SEP26,call,80000.0,2026-09-08T08:00:00+00:00,0.0009774171122645574,0.0001,0.0003,0.00020731,0.0002,79005.03,BTC-8SEP26,0.25730000000000003,0.05926,2.90878,94.5,86.4,0.00019999999999999998,BTC,79017.69,21415.58
2026-09-07T23:25:55.061738+00:00,BTC-26MAR27-94000-P,81014.14,BTC-26MAR27,put,94000.0,2027-03-26T08:00:00+00:00,0.5458097237515528,0.221,0.2265,0.22379318,0.22375,81014.14,BTC-26MAR27,0.40409999999999996,-0.6363,224.77228,9.7,0.0,0.005500000000000005,BTC,79017.69,0.0
2026-09-07T23:25:55.061738+00:00,BTC-25DEC26-100000-P,80065.74,BTC-25DEC26,put,100000.0,2026-12-25T08:00:00+00:00,0.2966653021225315,0.2665,0.272,0.26931838,0.26925,80065.74,BTC-25DEC26,0.4061,-0.81428,116.72119,303.3,0.0,0.005500000000000005,BTC,79017.69,0.0
2026-09-07T23:25:55.061738+00:00,BTC-25DEC26-75000-P,80065.74,BTC-25DEC26,put,75000.0,2026-12-25T08:00:00+00:00,0.2966653021225315,0.055,0.056,0.05555249,0.0555,80065.74,BTC-25DEC26,0.3971,-0.34087,159.99068,1234.8,50.0,0.0010000000000000009,BTC,79017.69,211944.29
2026-09-07T23:25:55.061738+00:00,BTC-27NOV26-76000-P,79749.51,BTC-27NOV26,put,76000.0,2026-11-27T08:00:00+00:00,0.22000548008283266,0.0495,0.0505,0.05010746,0.05,79749.51,BTC-27NOV26,0.3899,-0.36164,140.18675,53.2,10.0,0.0010000000000000009,BTC,79017.81,37805.53
2026-09-07T23:25:55.061738+00:00,BTC-9SEP26-77000-C,79010.32,BTC-9SEP26,call,77000.0,2026-09-09T08:00:00+00:00,0.0037152678993966587,0.0245,0.0285,0.02655262,0.0265,79010.32,BTC-9SEP26,0.34490000000000004,0.89171,8.95218,0.9,0.9,0.004,BTC,79017.81,2323.48
2026-09-07T23:25:55.061738+00:00,BTC-27NOV26-120000-P,79749.51,BTC-27NOV26,put,120000.0,2026-11-27T08:00:00+00:00,0.22000548008283266,0.502,0.514,0.50807687,0.508,79749.51,BTC-27NOV26,0.4694,-0.9595,32.56772,0.0,0.0,0.01200000000000001,BTC,79017.81,0.0
2026-09-07T23:25:55.061738+00:00,BTC-25SEP26-130000-C,79116.1,BTC-25SEP26,call,130000.0,2026-09-25T08:00:00+00:00,0.047520880493510276,,0.0001,6.429e-05,,79116.1,BTC-25SEP26,0.7445,0.00145,0.81681,1453.2,1.0,,BTC,79017.81,7.94
2026-09-07T23:25:55.061738+00:00,BTC-26MAR27-76000-C,81014.14,BTC-26MAR27,call,76000.0,2027-03-26T08:00:00+00:00,0.5458097237515528,0.1475,0.151,0.14872423,0.14925,81014.14,BTC-26MAR27,0.4047,0.64173,223.61473,530.6,0.1,0.003500000000000003,BTC,79017.81,1223.88
2026-09-07T23:25:55.061738+00:00,BTC-11SEP26-90000-C,79022.29,BTC-11SEP26,call,90000.0,2026-09-11T08:00:00+00:00,0.00919096947366086,,0.0002,6.502e-05,,79022.29,BTC-11SEP26,0.5117,0.0043,0.95796,1485.4,12.2,,BTC,79017.81,106.96
2026-09-07T23:25:55.061738+00:00,BTC-25JUN27-92000-C,82003.08,BTC-25JUN27,call,92000.0,2027-06-25T08:00:00+00:00,0.794954145380574,0.1005,0.103,0.10176217,0.10175,82003.08,BTC-25JUN27,0.4138,0.44951,289.46614,15.7,0.0,0.0024999999999999883,BTC,79017.81,0.0
2026-09-07T23:25:55.061738+00:00,BTC-18SEP26-68000-P,79072.62,BTC-18SEP26,put,68000.0,2026-09-18T08:00:00+00:00,0.028355924983585568,0.0008,0.0009,0.00083002,0.00085,79072.62,BTC-18SEP26,0.473,-0.02668,8.21873,98.1,10.3,9.999999999999994e-05,BTC,79017.81,648.13
2026-09-07T23:25:55.061738+00:00,BTC-30OCT26-65000-P,79431.27,BTC-30OCT26,put,65000.0,2026-10-30T08:00:00+00:00,0.14334565804313382,0.0075,0.0085,0.0078636,0.008,79431.27,BTC-30OCT26,0.43200000000000005,-0.0958,51.15844,547.1,5.0,0.0010000000000000009,BTC,79017.81,2977.09
2026-09-07T23:25:55.061738+00:00,BTC-30OCT26-59000-P,79431.27,BTC-30OCT26,put,59000.0,2026-10-30T08:00:00+00:00,0.14334565804313382,0.0035,0.0038,0.00368406,0.00365,79431.27,BTC-30OCT26,0.4899,-0.04501,28.51622,84.7,0.0,0.0002999999999999999,BTC,79017.81,0.0
2026-09-07T23:25:55.061738+00:00,BTC-25SEP26-92000-C,79116.4,BTC-25SEP26,call,92000.0,2026-09-25T08:00:00+00:00,0.047520880493510276,0.002,0.0022,0.00216469,0.0021,79116.4,BTC-25SEP26,0.42469999999999997,0.05686,19.70059,1271.0,26.7,0.0002000000000000001,BTC,79018.15,5735.75
2026-09-07T23:25:55.061738+00:00,BTC-25SEP26-125000-C,79116.4,BTC-25SEP26,call,125000.0,2026-09-25T08:00:00+00:00,0.047520880493510276,0.0001,0.0002,0.00014237,0.00015,79116.4,BTC-25SEP26,0.7426999999999999,0.00305,1.60032,2326.5,4.0,0.0001,BTC,79018.15,31.78
2026-09-07T23:25:55.061738+00:00,BTC-25SEP26-83000-P,79116.4,BTC-25SEP26,put,83000.0,2026-09-25T08:00:00+00:00,0.047520880493510276,0.0615,0.065,0.06329528,0.06325,79116.4,BTC-25SEP26,0.3716,-0.70947,59.10424,20.3,0.0,0.003500000000000003,BTC,79018.15,0.0
2026-09-07T23:25:55.061738+00:00,BTC-30OCT26-82000-C,79431.27,BTC-30OCT26,call,82000.0,2026-10-30T08:00:00+00:00,0.14334565804313382,0.0425,0.0435,0.04277817,0.043,79431.27,BTC-30OCT26,0.3749,0.43913,118.60945,1116.5,19.0,0.000999999999999994,BTC,79018.15,72609.56
2026-09-07T23:25:55.061738+00:00,BTC-25DEC26-120000-P,80065.74,BTC-25DEC26,put,120000.0,2026-12-25T08:00:00+00:00,0.2966653021225315,0.501,0.5105,0.50491207,0.50575,80065.74,BTC-25DEC26,0.4495,-0.93718,53.86444,35.7,0.0,0.009499999999999953,BTC,79018.15,0.0
2026-09-07T23:25:55.061738+00:00,BTC-9SEP26-78500-P,79010.32,BTC-9SEP26,put,78500.0,2026-09-09T08:00:00+00:00,0.0037152678993966587,0.0043,0.0048,0.00458913,0.00455,79010.32,BTC-9SEP26,0.3042,-0.35997,18.01303,6.5,4.7,0.0004999999999999996,BTC,79018.15,1591.53
2026-09-07T23:25:55.061738+00:00,BTC-30OCT26-110000-C,79431.27,BTC-30OCT26,call,110000.0,2026-10-30T08:00:00+00:00,0.14334565804313382,0.0023,0.0026,0.0025291,0.00245,79431.27,BTC-30OCT26,0.46259999999999996,0.03829,25.01852,1041.6,8.2,0.0002999999999999999,BTC,79018.15,1809.73
2026-09-07T23:25:55.061738+00:00,BTC-25JUN27-70000-P,82002.72,BTC-25JUN27,put,70000.0,2027-06-25T08:00:00+00:00,0.794954145380574,0.077,0.0795,0.07831038,0.07825,82002.72,BTC-25JUN27,0.4263,-0.27205,242.7664,20.4,0.0,0.0025000000000000022,BTC,79017.81,0.0
2026-09-07T23:25:55.061738+00:00,BTC-25DEC26-220000-P,80065.74,BTC-25DEC26,put,220000.0,2026-12-25T08:00:00+00:00,0.2966653021225315,1.738,1.7625,1.74817762,1.75025,80065.74,BTC-25DEC26,0.6548,-0.99604,5.11801,0.0,0.0,0.024499999999999966,BTC,79018.15,0.0
2026-09-07T23:25:55.061738+00:00,BTC-8SEP26-71000-P,79005.03,BTC-8SEP26,put,71000.0,2026-09-08T08:00:00+00:00,0.0009774171122645574,,0.0001,0.0,,79005.03,BTC-8SEP26,0.6127,0.0,0.0,1.0,0.0,,BTC,79017.81,0.0
2026-09-07T23:25:55.061738+00:00,BTC-26MAR27-65000-C,81014.14,BTC-26MAR27,call,65000.0,2027-03-26T08:00:00+00:00,0.5458097237515528,0.235,0.241,0.2377359,0.238,81014.14,BTC-26MAR27,0.42619999999999997,0.80423,165.46715,366.9,0.0,0.006000000000000005,BTC,79017.81,0.0
2026-09-07T23:25:55.061738+00:00,BTC-9SEP26-81000-C,79010.32,BTC-9SEP26,call,81000.0,2026-09-09T08:00:00+00:00,0.0037152678993966587,0.0007,0.001,0.00087167,0.00085,79010.32,BTC-9SEP26,0.3128,0.09662,8.24006,4132.5,4188.7,0.00030000000000000003,BTC,79017.81,581103.58
2026-09-07T23:25:55.061738+00:00,BTC-26MAR27-130000-C,81014.14,BTC-26MAR27,call,130000.0,2027-03-26T08:00:00+00:00,0.5458097237515528,0.013,0.0145,0.01370969,0.01375,81014.14,BTC-26MAR27,0.4435,0.10049,105.44513,1136.2,0.3,0.0015000000000000013,BTC,79017.81,349.11
2026-09-07T23:25:55.061738+00:00,BTC-25JUN27-180000-C,82003.08,BTC-25JUN27,call,180000.0,2027-06-25T08:00:00+00:00,0.794954145380574,0.0085,0.0105,0.00953065,0.0095,82003.08,BTC-25JUN27,0.49420000000000003,0.05894,85.92115,47.1,0.0,0.002,BTC,79017.23,0.0
2026-09-07T23:25:55.061738+00:00,BTC-25SEP26-175000-C,79116.1,BTC-25SEP26,call,175000.0,2026-09-25T08:00:00+00:00,0.047520880493510276,,0.0001,1.37e-06,,79116.1,BTC-25SEP26,0.89,3e-05,0.02369,1904.8,0.0,,BTC,79017.23,0.0
2026-09-07T23:25:55.061738+00:00,BTC-9SEP26-80500-C,79010.32,BTC-9SEP26,call,80500.0,2026-09-09T08:00:00+00:00,0.0037152678993966587,0.0014,0.0017,0.00156415,0.00155,79010.32,BTC-9SEP26,0.3059,0.15977,11.70433,109.9,104.7,0.0002999999999999999,BTC,79017.23,61825.7
2026-09-07T23:25:55.061738+00:00,BTC-30OCT26-77000-P,79431.27,BTC-30OCT26,put,77000.0,2026-10-30T08:00:00+00:00,0.14334565804313382,0.041,0.042,0.04150286,0.0415,79431.27,BTC-30OCT26,0.37310000000000004,-0.38581,115.05778,130.9,3.0,0.0010000000000000009,BTC,79017.23,9301.02
2026-09-07T23:25:55.061738+00:00,BTC-27NOV26-60000-P,79749.22,BTC-27NOV26,put,60000.0,2026-11-27T08:00:00+00:00,0.22000548008283266,0.008,0.0085,0.00827356,0.00825,79749.22,BTC-27NOV26,0.46159999999999995,-0.07769,54.39613,42.0,4.0,0.0005000000000000004,BTC,79017.23,2382.96
2026-09-07T23:25:55.061738+00:00,BTC-8SEP26-83500-P,79005.03,BTC-8SEP26,put,83500.0,2026-09-08T08:00:00+00:00,0.0009774171122645574,0.055,0.0595,0.05692505,0.05725,79005.03,BTC-8SEP26,0.4372,-0.99997,0.0027,0.0,0.0,0.004499999999999997,BTC,79016.95,0.0
2026-09-07T23:25:55.061738+00:00,BTC-18SEP26-70000-P,79072.86,BTC-18SEP26,put,70000.0,2026-09-18T08:00:00+00:00,0.028355924983585568,0.0015,0.0017,0.00162539,0.0016,79072.86,BTC-18SEP26,0.4499,-0.04983,13.69938,88.1,2.1,0.00019999999999999987,BTC,79017.23,229.42
2026-09-07T23:25:55.061738+00:00,BTC-11SEP26-76000-P,79022.29,BTC-11SEP26,put,76000.0,2026-09-11T08:00:00+00:00,0.00919096947366086,0.002,0.0024,0.00221311,0.0022,79022.29,BTC-11SEP26,0.361,-0.12626,15.70656,1043.6,47.1,0.00039999999999999975,BTC,79017.23,8228.57
2026-09-07T23:25:55.061738+00:00,BTC-26MAR27-84000-C,81014.14,BTC-26MAR27,call,84000.0,2027-03-26T08:00:00+00:00,0.5458097237515528,0.1015,0.104,0.10255969,0.10275,81014.14,BTC-26MAR27,0.40149999999999997,0.51052,238.76608,263.2,0.0,0.0024999999999999883,BTC,79016.95,0.0
2026-09-07T23:25:55.061738+00:00,BTC-8SEP26-71000-C,79005.03,BTC-8SEP26,call,71000.0,2026-09-08T08:00:00+00:00,0.0009774171122645574,0.099,0.1035,0.10129733,0.10125,79005.03,BTC-8SEP26,0.6127,1.0,0.0,0.0,0.0,0.00449999999999999,BTC,79016.95,0.0
2026-09-07T23:25:55.061738+00:00,BTC-25JUN27-160000-C,82002.72,BTC-25JUN27,call,160000.0,2027-06-25T08:00:00+00:00,0.794954145380574,0.0135,0.015,0.01421535,0.01425,82002.72,BTC-25JUN27,0.4747,0.08587,114.69014,553.3,0.3,0.0014999999999999996,BTC,79016.95,352.94
2026-09-07T23:25:55.061738+00:00,BTC-25JUN27-170000-P,82002.72,BTC-25JUN27,put,170000.0,2027-06-25T08:00:00+00:00,0.794954145380574,1.0745,1.0955,1.08486359,1.085,82002.72,BTC-25JUN27,0.486,-0.92852,99.80006,14.7,0.0,0.020999999999999908,BTC,79016.95,0.0
2026-09-07T23:25:55.061738+00:00,BTC-9SEP26-77500-C,79010.08,BTC-9SEP26,call,77500.0,2026-09-09T08:00:00+00:00,0.0037152678993966587,0.0185,0.023,0.02084319,0.02075,79010.08,BTC-9SEP26,0.32539999999999997,0.83685,11.86486,0.0,0.0,0.0045000000000000005,BTC,79017.33,0.0
2026-09-07T23:25:55.061738+00:00,BTC-10SEP26-81500-C,79016.05,BTC-10SEP26,call,81500.0,2026-09-10T08:00:00+00:00,0.006453118686528761,0.0016,0.002,0.00179052,0.0018,79016.05,BTC-10SEP26,0.3404,0.13164,13.54486,9.8,1.0,0.00039999999999999996,BTC,79017.33,362.42
2026-09-07T23:25:55.061738+00:00,BTC-25SEP26-86000-P,79116.4,BTC-25SEP26,put,86000.0,2026-09-25T08:00:00+00:00,0.047520880493510276,0.0925,0.0965,0.09438525,0.0945,79116.4,BTC-25SEP26,0.3847,-0.8299,43.6714,11.7,0.0,0.0040000000000000036,BTC,79016.95,0.0
2026-09-07T23:25:55.061738+00:00,BTC-8SEP26-76000-P,79005.03,BTC-8SEP26,put,76000.0,2026-09-08T08:00:00+00:00,0.0009774171122645574,,0.0001,8.84e-06,,79005.03,BTC-8SEP26,0.436,-0.00216,0.16742,23.0,19.0,,BTC,79017.33,255.48
2026-09-07T23:25:55.061738+00:00,BTC-25SEP26-68000-C,79116.4,BTC-25SEP26,call,68000.0,2026-09-25T08:00:00+00:00,0.047520880493510276,0.1405,0.145,0.14273435,0.14275,79116.4,BTC-25SEP26,0.4429,0.94692,18.65965,888.3,1.7,0.004499999999999976,BTC,79017.33,21190.18
2026-09-07T23:25:55.061738+00:00,BTC-11SEP26-73000-P,79022.03,BTC-11SEP26,put,73000.0,2026-09-11T08:00:00+00:00,0.00919096947366086,0.0004,0.0006,0.00053594,0.0005,79022.03,BTC-11SEP26,0.44939999999999997,-0.03137,5.34978,1128.9,161.8,0.00019999999999999993,BTC,79017.33,5270.47
2026-09-07T23:25:55.061738+00:00,BTC-27NOV26-74000-P,79749.22,BTC-27NOV26,put,74000.0,2026-11-27T08:00:00+00:00,0.22000548008283266,0.04,0.041,0.04054417,0.0405,79749.22,BTC-27NOV26,0.3933,-0.30956,131.90623,41.0,10.0,0.0010000000000000009,BTC,79016.85,30652.63
2026-09-07T23:25:55.061738+00:00,BTC-25SEP26-280000-C,79116.4,BTC-25SEP26,call,280000.0,2026-09-25T08:00:00+00:00,0.047520880493510276,,0.0001,4.4e-07,,79116.4,BTC-25SEP26,1.2987,1e-05,0.00606,76.1,0.0,,BTC,79017.33,0.0
2026-09-07T23:25:55.061738+00:00,BTC-25DEC26-230000-C,80065.74,BTC-25DEC26,call,230000.0,2026-12-25T08:00:00+00:00,0.2966653021225315,0.0002,0.0005,0.00032913,0.00035,80065.74,BTC-25DEC26,0.6678000000000001,0.00327,4.3134,190.5,0.0,0.00030000000000000003,BTC,79016.85,0.0
2026-09-07T23:25:55.061738+00:00,BTC-9SEP26-87000-C,79010.32,BTC-9SEP26,call,87000.0,2026-09-09T08:00:00+00:00,0.0037152678993966587,,0.0001,6.1e-06,,79010.32,BTC-9SEP26,0.4953,0.00074,0.12341,0.2,0.1,,BTC,79016.85,0.8
2026-09-07T23:25:55.061738+00:00,BTC-27NOV26-95000-P,79749.22,BTC-27NOV26,put,95000.0,2026-11-27T08:00:00+00:00,0.22000548008283266,0.208,0.213,0.21127363,0.2105,79749.22,BTC-27NOV26,0.4052,-0.79561,106.10874,0.0,0.0,0.0050000000000000044,BTC,79016.85,0.0
2026-09-07T23:25:55.061738+00:00,BTC-18SEP26-79000-P,79072.62,BTC-18SEP26,put,79000.0,2026-09-18T08:00:00+00:00,0.028355924983585568,0.0235,0.0245,0.02433226,0.024,79072.62,BTC-18SEP26,0.369,-0.48181,53.07846,230.4,76.1,0.0010000000000000009,BTC,79016.85,135852.75
2026-09-07T23:25:55.061738+00:00,BTC-9SEP26-80000-P,79010.32,BTC-9SEP26,put,80000.0,2026-09-09T08:00:00+00:00,0.0037152678993966587,0.014,0.017,0.01528603,0.0155,79010.32,BTC-9SEP26,0.3023,-0.74812,15.36114,6.3,2.0,0.003000000000000001,BTC,79016.85,1759.33
2026-09-07T23:25:55.061738+00:00,BTC-18SEP26-95000-C,79072.86,BTC-18SEP26,call,95000.0,2026-09-18T08:00:00+00:00,0.028355924983585568,0.0004,0.0005,0.00044322,0.00045,79072.86,BTC-18SEP26,0.4947,0.0154,5.15895,151.1,3.9,9.999999999999999e-05,BTC,79016.85,206.08
2026-09-07T23:25:55.061738+00:00,BTC-25JUN27-98000-C,82003.08,BTC-25JUN27,call,98000.0,2027-06-25T08:00:00+00:00,0.794954145380574,0.0805,0.083,0.08184095,0.08175,82003.08,BTC-25JUN27,0.4155,0.38383,279.34321,42.6,0.0,0.0025000000000000022,BTC,79016.85,0.0
2026-09-07T23:25:55.061738+00:00,BTC-25DEC26-50000-P,80065.74,BTC-25DEC26,put,50000.0,2026-12-25T08:00:00+00:00,0.2966653021225315,0.0049,0.0055,0.00520022,0.0052,80065.74,BTC-25DEC26,0.5366,-0.03948,37.18875,2143.9,28.5,0.0005999999999999998,BTC,79016.85,10208.61
2026-09-07T23:25:55.061738+00:00,BTC-25DEC26-54000-P,80066.12,BTC-25DEC26,put,54000.0,2026-12-25T08:00:00+00:00,0.2966653021225315,0.007,0.0075,0.00717752,0.00725,80066.12,BTC-25DEC26,0.49700000000000005,-0.05587,49.1281,1856.4,0.0,0.0004999999999999996,BTC,79016.85,0.0
2026-09-07T23:25:55.061738+00:00,BTC-11SEP26-75000-C,79022.03,BTC-11SEP26,call,75000.0,2026-09-11T08:00:00+00:00,0.00919096947366086,0.0505,0.054,0.05216591,0.05225,79022.03,BTC-11SEP26,0.38549999999999995,0.92387,10.84773,96.4,0.0,0.003499999999999996,BTC,79016.85,0.0
2026-09-07T23:25:55.061738+00:00,BTC-25DEC26-92000-P,80065.74,BTC-25DEC26,put,92000.0,2026-12-25T08:00:00+00:00,0.2966653021225315,0.183,0.188,0.1849314,0.1855,80065.74,BTC-25DEC26,0.3943,-0.70513,150.47694,6.6,0.0,0.0050000000000000044,BTC,79016.85,0.0
2026-09-07T23:25:55.061738+00:00,BTC-26MAR27-78000-P,81014.14,BTC-26MAR27,put,78000.0,2027-03-26T08:00:00+00:00,0.5458097237515528,0.0975,0.0995,0.09858814,0.0985,81014.14,BTC-26MAR27,0.4032,-0.39124,229.91541,264.3,1.0,0.0020000000000000018,BTC,79016.84,7855.45
2026-09-07T23:25:55.061738+00:00,BTC-25SEP26-54000-C,79116.4,BTC-25SEP26,call,54000.0,2026-09-25T08:00:00+00:00,0.047520880493510276,0.316,0.3195,0.31767325,0.31775,79116.4,BTC-25SEP26,0.6917,0.99536,2.33237,7.4,0.0,0.003500000000000003,BTC,79016.85,0.0
2026-09-07T23:25:55.061738+00:00,BTC-27NOV26-90000-C,79749.51,BTC-27NOV26,call,90000.0,2026-11-27T08:00:00+00:00,0.22000548008283266,0.03,0.031,0.0305675,0.0305,79749.51,BTC-27NOV26,0.3961,0.28813,127.67494,28.1,0.0,0.0010000000000000009,BTC,79016.84,0.0
2026-09-07T23:25:55.061738+00:00,BTC-9SEP26-72000-P,79010.32,BTC-9SEP26,put,72000.0,2026-09-09T08:00:00+00:00,0.0037152678993966587,,0.0002,0.00011342,,79010.32,BTC-9SEP26,0.6444,-0.00855,1.1189,3.7,2.4,,BTC,79016.84,26.24
2026-09-07T23:25:55.061738+00:00,BTC-25DEC26-108000-C,80065.74,BTC-25DEC26,call,108000.0,2026-12-25T08:00:00+00:00,0.2966653021225315,0.0115,0.0125,0.01211362,0.012,80065.74,BTC-25DEC26,0.4225,0.1178,86.12518,151.9,0.2,0.0010000000000000009,BTC,79016.84,215.47
2026-09-07T23:25:55.061738+00:00,BTC-25DEC26-60000-P,80065.74,BTC-25DEC26,put,60000.0,2026-12-25T08:00:00+00:00,0.2966653021225315,0.012,0.013,0.01258982,0.0125,80065.74,BTC-25DEC26,0.4517,-0.09756,75.18368,6247.0,1.7,0.0009999999999999992,BTC,79016.84,1622.15
2026-09-07T23:25:55.061738+00:00,BTC-25JUN27-58000-C,82003.08,BTC-25JUN27,call,58000.0,2027-06-25T08:00:00+00:00,0.794954145380574,0.325,0.332,0.32878349,0.3285,82003.08,BTC-25JUN27,0.45130000000000003,0.85589,166.02476,13.8,0.0,0.007000000000000006,BTC,79016.84,0.0
2026-09-07T23:25:55.061738+00:00,BTC-25DEC26-250000-P,80065.74,BTC-25DEC26,put,250000.0,2026-12-25T08:00:00+00:00,0.2966653021225315,2.1065,2.1385,2.12269033,2.1225,80065.74,BTC-25DEC26,0.6862999999999999,-0.99787,2.92726,10.0,0.0,0.03200000000000003,BTC,79016.62,0.0
2026-09-07T23:25:55.061738+00:00,BTC-11SEP26-69000-C,79022.03,BTC-11SEP26,call,69000.0,2026-09-11T08:00:00+00:00,0.00919096947366086,0.1245,0.1285,0.12699369,0.1265,79022.03,BTC-11SEP26,0.607,0.99084,1.86965,3.8,0.0,0.0040000000000000036,BTC,79016.62,0.0
2026-09-07T23:25:55.061738+00:00,BTC-25SEP26-85000-C,79116.4,BTC-25SEP26,call,85000.0,2026-09-25T08:00:00+00:00,0.047520880493510276,0.0085,0.0095,0.00915958,0.009,79116.4,BTC-25SEP26,0.37979999999999997,0.20422,48.90491,9248.9,200.7,0.0009999999999999992,BTC,79016.62,169205.23
2026-09-07T23:25:55.061738+00:00,BTC-26MAR27-190000-P,81014.14,BTC-26MAR27,put,190000.0,2027-03-26T08:00:00+00:00,0.5458097237515528,1.3305,1.3615,1.34896603,1.346,81014.14,BTC-26MAR27,0.5427000000000001,-0.97283,37.5091,0.9,0.0,0.030999999999999917,BTC,79016.62,0.0
2026-09-07T23:25:55.061738+00:00,BTC-11SEP26-78000-P,79022.29,BTC-11SEP26,put,78000.0,2026-09-11T08:00:00+00:00,0.00919096947366086,0.007,0.008,0.00750842,0.0075,79022.29,BTC-11SEP26,0.3408,-0.33954,27.7466,402.5,41.4,0.001,BTC,79016.62,22779.95
2026-09-07T23:25:55.061738+00:00,BTC-25DEC26-160000-C,80065.74,BTC-25DEC26,call,160000.0,2026-12-25T08:00:00+00:00,0.2966653021225315,0.0012,0.0017,0.0014208,0.00145,80065.74,BTC-25DEC26,0.5466,0.01481,16.33882,1291.8,0.0,0.0005,BTC,79016.62,0.0
2026-09-07T23:25:55.061738+00:00,BTC-11SEP26-77000-C,79022.03,BTC-11SEP26,call,77000.0,2026-09-11T08:00:00+00:00,0.00919096947366086,0.028,0.0315,0.02968958,0.02975,79022.03,BTC-11SEP26,0.34759999999999996,0.78628,22.06095,125.1,4.5,0.0034999999999999996,BTC,79016.62,11324.6
2026-09-07T23:25:55.061738+00:00,BTC-27NOV26-82000-C,79749.51,BTC-27NOV26,call,82000.0,2026-11-27T08:00:00+00:00,0.22000548008283266,0.06,0.0615,0.06031275,0.06075,79749.51,BTC-27NOV26,0.3881,0.47511,148.9615,60.8,7.8,0.0015000000000000013,BTC,79016.62,39737.9
2026-09-07T23:25:55.061738+00:00,BTC-25DEC26-88000-P,80065.74,BTC-25DEC26,put,88000.0,2026-12-25T08:00:00+00:00,0.2966653021225315,0.145,0.1495,0.14715705,0.14725,80065.74,BTC-25DEC26,0.3909,-0.63197,164.41059,7.5,0.0,0.004500000000000004,BTC,79016.62,0.0
2026-09-07T23:25:55.061738+00:00,BTC-9SEP26-85000-C,79010.32,BTC-9SEP26,call,85000.0,2026-09-09T08:00:00+00:00,0.0037152678993966587,,0.0001,3.49e-05,,79010.32,BTC-9SEP26,0.4512,0.00408,0.5805,13.6,15.0,,BTC,79010.7,710.44
2026-09-07T23:25:55.061738+00:00,BTC-25SEP26-96000-P,79116.4,BTC-25SEP26,put,96000.0,2026-09-25T08:00:00+00:00,0.047520880493510276,0.2115,0.218,0.21451728,0.21475,79116.4,BTC-25SEP26,0.4571,-0.97053,11.56577,1.0,0.0,0.006500000000000006,BTC,79016.62,0.0
2026-09-07T23:25:55.061738+00:00,BTC-25DEC26-96000-P,80066.12,BTC-25DEC26,put,96000.0,2026-12-25T08:00:00+00:00,0.2966653021225315,0.223,0.229,0.22588599,0.226,80066.12,BTC-25DEC26,0.3993,-0.76583,133.78347,23.9,0.0,0.006000000000000005,BTC,79010.7,0.0
2026-09-07T23:25:55.061738+00:00,BTC-25DEC26-90000-C,80065.74,BTC-25DEC26,call,90000.0,2026-12-25T08:00:00+00:00,0.2966653021225315,0.041,0.042,0.0416113,0.0415,80065.74,BTC-25DEC26,0.39289999999999997,0.32997,157.95528,3788.0,110.9,0.0010000000000000009,BTC,79010.7,380046.49
2026-09-07T23:25:55.061738+00:00,BTC-26MAR27-66000-C,81014.14,BTC-26MAR27,call,66000.0,2027-03-26T08:00:00+00:00,0.5458097237515528,0.2255,0.232,0.22851115,0.22875,81014.14,BTC-26MAR27,0.4233,0.79138,171.86323,23.8,0.0,0.006500000000000006,BTC,79010.7,0.0
2026-09-07T23:25:55.061738+00:00,BTC-25JUN27-62000-P,82002.72,BTC-25JUN27,put,62000.0,2027-06-25T08:00:00+00:00,0.794954145380574,0.0465,0.0485,0.04747617,0.0475,82002.72,BTC-25JUN27,0.4411,-0.18209,193.31156,115.3,0.0,0.0020000000000000018,BTC,79010.7,0.0
2026-09-07T23:25:55.061738+00:00,BTC-27NOV26-89000-C,79749.51,BTC-27NOV26,call,89000.0,2026-11-27T08:00:00+00:00,0.22000548008283266,0.033,0.034,0.03340182,0.0335,79749.51,BTC-27NOV26,0.39520000000000005,0.30868,131.73063,180.0,0.0,0.0010000000000000009,BTC,79002.52,0.0
2026-09-07T23:25:55.061738+00:00,BTC-26MAR27-200000-P,81014.14,BTC-26MAR27,put,200000.0,2027-03-26T08:00:00+00:00,0.5458097237515528,1.452,1.49,1.4716817,1.471,81014.14,BTC-26MAR27,0.5513,-0.97801,31.40874,1.0,0.0,0.038000000000000034,BTC,79002.52,0.0
2026-09-07T23:25:55.061738+00:00,BTC-26MAR27-45000-C,81014.14,BTC-26MAR27,call,45000.0,2027-03-26T08:00:00+00:00,0.5458097237515528,0.4495,0.4555,0.45228923,0.4525,81014.14,BTC-26MAR27,0.5204,0.95736,54.32724,3.3,0.0,0.006000000000000005,BTC,79002.52,0.0
2026-09-07T23:25:55.061738+00:00,BTC-25SEP26-30000-P,79116.4,BTC-25SEP26,put,30000.0,2026-09-25T08:00:00+00:00,0.047520880493510276,,0.0001,6.66e-06,,79116.4,BTC-25SEP26,1.238,-0.0001,0.06627,2959.5,0.0,,BTC,79010.7,0.0
2026-09-07T23:25:55.061738+00:00,BTC-11SEP26-70000-P,79022.29,BTC-11SEP26,put,70000.0,2026-09-11T08:00:00+00:00,0.00919096947366086,0.0002,0.0003,0.0002479,0.00025,79022.29,BTC-11SEP26,0.5728,-0.01277,2.49711,797.7,85.9,9.999999999999996e-05,BTC,79002.52,1959.34
2026-09-07T23:25:55.061738+00:00,BTC-30OCT26-95000-C,79431.27,BTC-30OCT26,call,95000.0,2026-10-30T08:00:00+00:00,0.14334565804313382,0.0095,0.0105,0.00995309,0.01,79431.27,BTC-30OCT26,0.4039,0.1368,65.89513,2093.6,1.2,0.0010000000000000009,BTC,79002.8,1075.23
2026-09-07T23:25:55.061738+00:00,BTC-26MAR27-160000-C,81014.14,BTC-26MAR27,call,160000.0,2027-03-26T08:00:00+00:00,0.5458097237515528,0.0055,0.007,0.00608397,0.00625,81014.14,BTC-26MAR27,0.4932,0.04613,57.88449,1034.1,0.1,0.0015000000000000005,BTC,79002.52,47.66
2026-09-07T23:25:55.061738+00:00,BTC-25SEP26-260000-C,79116.1,BTC-25SEP26,call,260000.0,2026-09-25T08:00:00+00:00,0.047520880493510276,,0.0001,4.6e-07,,79116.1,BTC-25SEP26,1.2309,1e-05,0.00666,293.3,0.0,,BTC,79002.52,0.0
2026-09-07T23:25:55.061738+00:00,BTC-30OCT26-50000-C,79431.27,BTC-30OCT26,call,50000.0,2026-10-30T08:00:00+00:00,0.14334565804313382,0.3705,0.3735,0.37200702,0.372,79431.27,BTC-30OCT26,0.6074,0.98331,12.4797,0.1,0.0,0.0030000000000000027,BTC,79002.8,0.0
2026-09-07T23:25:55.061738+00:00,BTC-25DEC26-66000-P,80065.74,BTC-25DEC26,put,66000.0,2026-12-25T08:00:00+00:00,0.2966653021225315,0.0225,0.0235,0.0231872,0.023,80065.74,BTC-25DEC26,0.4214,-0.1696,110.19896,423.2,0.0,0.0010000000000000009,BTC,79002.8,0.0
2026-09-07T23:25:55.061738+00:00,BTC-25SEP26-82000-C,79116.4,BTC-25SEP26,call,82000.0,2026-09-25T08:00:00+00:00,0.047520880493510276,0.017,0.018,0.01759843,0.0175,79116.4,BTC-25SEP26,0.3686,0.34155,63.30818,7093.5,165.1,0.0009999999999999974,BTC,79002.8,255796.42
2026-09-07T23:25:55.061738+00:00,BTC-30OCT26-96000-C,79431.27,BTC-30OCT26,call,96000.0,2026-10-30T08:00:00+00:00,0.14334565804313382,0.0085,0.0095,0.00895488,0.009,79431.27,BTC-30OCT26,0.4073,0.1246,61.77509,195.6,1.2,0.0009999999999999992,BTC,79002.84,843.64
2026-09-07T23:25:55.061738+00:00,BTC-26MAR27-92000-P,81014.14,BTC-26MAR27,put,92000.0,2027-03-26T08:00:00+00:00,0.5458097237515528,0.2025,0.208,0.20554027,0.20525,81014.14,BTC-26MAR27,0.4032,-0.60973,229.71316,1.4,0.0,0.005499999999999977,BTC,79002.8,0.0
2026-09-07T23:25:55.061738+00:00,BTC-25DEC26-190000-P,80065.74,BTC-25DEC26,put,190000.0,2026-12-25T08:00:00+00:00,0.2966653021225315,1.365,1.383,1.37387131,1.374,80065.74,BTC-25DEC26,0.6141,-0.99217,9.38286,0.0,0.0,0.018000000000000016,BTC,79002.84,0.0
2026-09-07T23:25:55.061738+00:00,BTC-18SEP26-80000-P,79072.86,BTC-18SEP26,put,80000.0,2026-09-18T08:00:00+00:00,0.028355924983585568,0.0305,0.0315,0.03142167,0.031,79072.86,BTC-18SEP26,0.3716,-0.56293,52.46126,121.5,0.1,0.0010000000000000009,BTC,79002.84,207.9
2026-09-07T23:25:55.061738+00:00,BTC-27NOV26-64000-P,79749.51,BTC-27NOV26,put,64000.0,2026-11-27T08:00:00+00:00,0.22000548008283266,0.0125,0.0135,0.01297905,0.013,79749.51,BTC-27NOV26,0.4341,-0.11893,74.35587,23.3,0.0,0.0009999999999999992,BTC,79002.84,0.0
2026-09-07T23:25:55.061738+00:00,BTC-25DEC26-35000-C,80065.74,BTC-25DEC26,call,35000.0,2026-12-25T08:00:00+00:00,0.2966653021225315,0.5635,0.565,0.56446078,0.56425,80065.74,BTC-25DEC26,0.7198,0.98948,12.15098,87.8,0.0,0.0014999999999999458,BTC,79002.84,0.0
2026-09-07T23:25:55.061738+00:00,BTC-25DEC26-160000-P,80065.74,BTC-25DEC26,put,160000.0,2026-12-25T08:00:00+00:00,0.2966653021225315,0.99,1.007,0.99980686,0.9985,80065.74,BTC-25DEC26,0.5466,-0.98521,16.3155,0.1,0.0,0.016999999999999904,BTC,79002.84,0.0
2026-09-07T23:25:55.061738+00:00,BTC-27NOV26-89000-P,79749.51,BTC-27NOV26,put,89000.0,2026-11-27T08:00:00+00:00,0.22000548008283266,0.1465,0.1505,0.14941909,0.1485,79749.51,BTC-27NOV26,0.39520000000000005,-0.69149,131.68753,0.0,0.0,0.0040000000000000036,BTC,79002.84,0.0
2026-09-07T23:25:55.061738+00:00,BTC-25DEC26-120000-C,80065.74,BTC-25DEC26,call,120000.0,2026-12-25T08:00:00+00:00,0.2966653021225315,0.0055,0.0065,0.00612253,0.006,80065.74,BTC-25DEC26,0.4495,0.0627,53.77099,5827.2,0.2,0.001,BTC,79002.84,107.45
2026-09-07T23:25:55.061738+00:00,BTC-9SEP26-88000-C,79010.32,BTC-9SEP26,call,88000.0,2026-09-09T08:00:00+00:00,0.0037152678993966587,,0.0001,4.56e-06,,79010.32,BTC-9SEP26,0.5371,0.00051,0.08771,2.3,0.1,,BTC,79002.84,0.8
2026-09-07T23:25:55.061738+00:00,BTC-26MAR27-72000-P,81014.52,BTC-26MAR27,put,72000.0,2027-03-26T08:00:00+00:00,0.5458097237515528,0.0665,0.0675,0.06689604,0.067,81014.52,BTC-26MAR27,0.4114,-0.29485,206.48746,159.3,0.0,0.0010000000000000009,BTC,79002.84,0.0
2026-09-07T23:25:55.061738+00:00,BTC-10SEP26-84000-C,79016.05,BTC-10SEP26,call,84000.0,2026-09-10T08:00:00+00:00,0.006453118686528761,0.0002,0.0004,0.00027983,0.0003,79016.05,BTC-10SEP26,0.3833,0.02413,3.60039,6.2,5.7,0.0002,BTC,79002.84,326.51
2026-09-07T23:25:55.061738+00:00,BTC-11SEP26-77500-C,79022.03,BTC-11SEP26,call,77500.0,2026-09-11T08:00:00+00:00,0.00919096947366086,0.0235,0.0265,0.02485897,0.025,79022.03,BTC-11SEP26,0.3442,0.726,25.23039,0.0,0.0,0.002999999999999999,BTC,79002.84,0.0
2026-09-07T23:25:55.061738+00:00,BTC-25DEC26-150000-C,80065.74,BTC-25DEC26,call,150000.0,2026-12-25T08:00:00+00:00,0.2966653021225315,0.0017,0.0022,0.00192603,0.00195,80065.74,BTC-25DEC26,0.525,0.02007,21.18171,1691.6,15.0,0.0005000000000000002,BTC,79002.84,2252.04
2026-09-07T23:25:55.061738+00:00,BTC-18SEP26-83000-C,79072.62,BTC-18SEP26,call,83000.0,2026-09-18T08:00:00+00:00,0.028355924983585568,0.008,0.009,0.00846272,0.0085,79072.62,BTC-18SEP26,0.3795,0.23298,40.72588,550.4,10.0,0.0009999999999999992,BTC,79002.84,8113.89
2026-09-07T23:25:55.061738+00:00,BTC-30OCT26-58000-P,79431.27,BTC-30OCT26,put,58000.0,2026-10-30T08:00:00+00:00,0.14334565804313382,0.0031,0.0035,0.0033104,0.0033,79431.27,BTC-30OCT26,0.502,-0.04022,26.03245,329.8,0.0,0.0004000000000000002,BTC,79002.84,0.0
2026-09-07T23:25:55.061738+00:00,BTC-25JUN27-190000-C,82003.08,BTC-25JUN27,call,190000.0,2027-06-25T08:00:00+00:00,0.794954145380574,0.0075,0.0095,0.00845073,0.0085,82003.08,BTC-25JUN27,0.5085000000000001,0.05197,77.78235,48.9,0.3,0.002,BTC,79002.84,203.2
2026-09-07T23:25:55.061738+00:00,BTC-26MAR27-58000-P,81014.14,BTC-26MAR27,put,58000.0,2027-03-26T08:00:00+00:00,0.5458097237515528,0.022,0.024,0.02303465,0.023,81014.14,BTC-26MAR27,0.45,-0.12089,120.3653,138.1,1.0,0.0020000000000000018,BTC,79002.84,1828.65
2026-09-07T23:25:55.061738+00:00,BTC-27NOV26-96000-C,79749.22,BTC-27NOV26,call,96000.0,2026-11-27T08:00:00+00:00,0.22000548008283266,0.018,0.0185,0.0183227,0.01825,79749.22,BTC-27NOV26,0.4065,0.18969,101.40347,34.0,0.0,0.0005000000000000004,BTC,79002.84,0.0
2026-09-07T23:25:55.061738+00:00,BTC-25JUN27-100000-C,82003.08,BTC-25JUN27,call,100000.0,2027-06-25T08:00:00+00:00,0.794954145380574,0.075,0.0775,0.0761344,0.07625,82003.08,BTC-25JUN27,0.4163,0.36358,274.5243,204.0,0.2,0.0025000000000000022,BTC,79002.84,1229.42
2026-09-07T23:25:55.061738+00:00,BTC-27NOV26-72000-P,79749.22,BTC-27NOV26,put,72000.0,2026-11-27T08:00:00+00:00,0.22000548008283266,0.032,0.033,0.03255417,0.0325,79749.22,BTC-27NOV26,0.3983,-0.2614,121.66705,28.7,0.0,0.0010000000000000009,BTC,79002.84,0.0
2026-09-07T23:25:55.061738+00:00,BTC-25SEP26-88000-C,79116.1,BTC-25SEP26,call,88000.0,2026-09-25T08:00:00+00:00,0.047520880493510276,0.0046,0.005,0.0048319,0.0048,79116.1,BTC-25SEP26,0.3973,0.11735,33.96285,1523.3,8.3,0.0004000000000000002,BTC,79002.84,3985.29
2026-09-07T23:25:55.061738+00:00,BTC-25DEC26-66000-C,80065.74,BTC-25DEC26,call,66000.0,2026-12-25T08:00:00+00:00,0.2966653021225315,0.197,0.201,0.19885295,0.199,80065.74,BTC-25DEC26,0.4214,0.8304,110.19865,279.7,0.0,0.0040000000000000036,BTC,79002.84,0.0
2026-09-07T23:25:55.061738+00:00,BTC-25DEC26-102000-C,80065.74,BTC-25DEC26,call,102000.0,2026-12-25T08:00:00+00:00,0.2966653021225315,0.0175,0.018,0.01778369,0.01775,80065.74,BTC-25DEC26,0.41,0.16511,108.30877,383.9,0.2,0.000499999999999997,BTC,79002.84,310.89
2026-09-07T23:25:55.061738+00:00,BTC-26MAR27-104000-C,81014.14,BTC-26MAR27,call,104000.0,2027-03-26T08:00:00+00:00,0.5458097237515528,0.0385,0.0405,0.03945412,0.0395,81014.14,BTC-26MAR27,0.4108,0.25099,190.61843,115.2,0.0,0.0020000000000000018,BTC,79003.12,0.0
2026-09-07T23:25:55.061738+00:00,BTC-27NOV26-66000-P,79749.51,BTC-27NOV26,put,66000.0,2026-11-27T08:00:00+00:00,0.22000548008283266,0.016,0.017,0.01645297,0.0165,79749.51,BTC-27NOV26,0.42369999999999997,-0.14701,86.0479,185.8,0.0,0.0010000000000000009,BTC,79003.12,0.0
2026-09-07T23:25:55.061738+00:00,BTC-30OCT26-84000-C,79431.27,BTC-30OCT26,call,84000.0,2026-10-30T08:00:00+00:00,0.14334565804313382,0.034,0.035,0.03436771,0.0345,79431.27,BTC-30OCT26,0.37810000000000005,0.37435,113.9836,1102.9,0.2,0.0010000000000000009,BTC,79003.12,571.69
2026-09-07T23:25:55.061738+00:00,BTC-25DEC26-170000-C,80066.12,BTC-25DEC26,call,170000.0,2026-12-25T08:00:00+00:00,0.2966653021225315,0.0009,0.0013,0.00108367,0.0011,80066.12,BTC-25DEC26,0.5670000000000001,0.01121,12.84117,2393.8,0.0,0.00039999999999999996,BTC,79003.12,0.0
2026-09-07T23:25:55.061738+00:00,BTC-25SEP26-65000-C,79116.1,BTC-25SEP26,call,65000.0,2026-09-25T08:00:00+00:00,0.047520880493510276,0.1775,0.1815,0.17963275,0.1795,79116.1,BTC-25SEP26,0.48810000000000003,0.97118,11.35168,1275.9,0.0,0.0040000000000000036,BTC,79003.12,0.0
2026-09-07T23:25:55.061738+00:00,BTC-30OCT26-85000-P,79431.27,BTC-30OCT26,put,85000.0,2026-10-30T08:00:00+00:00,0.14334565804313382,0.099,0.102,0.10086072,0.1005,79431.27,BTC-30OCT26,0.37979999999999997,-0.65551,110.74891,105.5,0.0,0.002999999999999989,BTC,79002.94,0.0
2026-09-07T23:25:55.061738+00:00,BTC-26MAR27-130000-P,81014.14,BTC-26MAR27,put,130000.0,2027-03-26T08:00:00+00:00,0.5458097237515528,0.613,0.624,0.6184035,0.6185,81014.14,BTC-26MAR27,0.4435,-0.89962,105.34396,0.4,0.0,0.01100000000000001,BTC,79002.94,0.0
2026-09-07T23:25:55.061738+00:00,BTC-27NOV26-58000-P,79749.22,BTC-27NOV26,put,58000.0,2026-11-27T08:00:00+00:00,0.22000548008283266,0.006,0.007,0.00654421,0.0065,79749.22,BTC-27NOV26,0.4756,-0.06187,45.63924,14.2,1.1,0.001,BTC,79002.94,534.1
2026-09-07T23:25:55.061738+00:00,BTC-26MAR27-80000-P,81014.14,BTC-26MAR27,put,80000.0,2027-03-26T08:00:00+00:00,0.5458097237515528,0.1105,0.113,0.11146344,0.11175,81014.14,BTC-26MAR27,0.4029,-0.42446,234.50988,214.5,0.0,0.0025000000000000022,BTC,79002.94,0.0
2026-09-07T23:25:55.061738+00:00,BTC-8SEP26-88000-C,79004.72,BTC-8SEP26,call,88000.0,2026-09-08T08:00:00+00:00,0.0009774171122645574,,0.0001,0.0,,79004.72,BTC-8SEP26,0.5368999999999999,0.0,0.0,18.3,0.0,,BTC,79002.94,0.0
2026-09-07T23:25:55.061738+00:00,BTC-27NOV26-86000-P,79749.51,BTC-27NOV26,put,86000.0,2026-11-27T08:00:00+00:00,0.22000548008283266,0.1195,0.1225,0.12159863,0.121,79749.51,BTC-27NOV26,0.3917,-0.62569,141.75899,30.2,0.0,0.0030000000000000027,BTC,79002.94,0.0
2026-09-07T23:25:55.061738+00:00,BTC-8SEP26-85000-P,79005.03,BTC-8SEP26,put,85000.0,2026-09-08T08:00:00+00:00,0.0009774171122645574,0.0735,0.0785,0.07591164,0.076,79005.03,BTC-8SEP26,0.44939999999999997,-1.0,1e-05,0.0,0.0,0.0050000000000000044,BTC,79002.94,0.0
2026-09-07T23:25:55.061738+00:00,BTC-30OCT26-52000-C,79431.27,BTC-30OCT26,call,52000.0,2026-10-30T08:00:00+00:00,0.14334565804313382,0.345,0.349,0.34713439,0.347,79431.27,BTC-30OCT26,0.5792,0.97934,14.96751,0.1,0.0,0.0040000000000000036,BTC,79002.94,0.0
2026-09-07T23:25:55.061738+00:00,BTC-25SEP26-300000-C,79116.4,BTC-25SEP26,call,300000.0,2026-09-25T08:00:00+00:00,0.047520880493510276,,0.0001,4.3e-07,,79116.4,BTC-25SEP26,1.3629,1e-05,0.00566,196.3,0.0,,BTC,79002.94,0.0
2026-09-07T23:25:55.061738+00:00,BTC-10SEP26-81500-P,79016.05,BTC-10SEP26,put,81500.0,2026-09-10T08:00:00+00:00,0.006453118686528761,0.0315,0.0355,0.03324173,0.0335,79016.05,BTC-10SEP26,0.3404,-0.8699,13.43248,0.0,0.0,0.003999999999999997,BTC,79002.94,0.0
2026-09-07T23:25:55.061738+00:00,BTC-11SEP26-68000-C,79022.29,BTC-11SEP26,call,68000.0,2026-09-11T08:00:00+00:00,0.00919096947366086,0.1375,0.141,0.13961505,0.13925,79022.29,BTC-11SEP26,0.6481,0.99281,1.51113,3.1,0.0,0.0034999999999999754,BTC,79002.94,0.0
2026-09-07T23:25:55.061738+00:00,BTC-26MAR27-40000-C,81014.14,BTC-26MAR27,call,40000.0,2027-03-26T08:00:00+00:00,0.5458097237515528,0.51,0.5125,0.51127454,0.51125,81014.14,BTC-26MAR27,0.557,0.97256,37.81978,82.1,0.0,0.0024999999999999467,BTC,79002.94,0.0
2026-09-07T23:25:55.061738+00:00,BTC-11SEP26-71000-P,79022.29,BTC-11SEP26,put,71000.0,2026-09-11T08:00:00+00:00,0.00919096947366086,0.0002,0.0004,0.00029092,0.0003,79022.29,BTC-11SEP26,0.5259,-0.016,3.03231,384.2,116.4,0.0002,BTC,79002.94,5176.79
2026-09-07T23:25:55.061738+00:00,BTC-25SEP26-135000-C,79116.1,BTC-25SEP26,call,135000.0,2026-09-25T08:00:00+00:00,0.047520880493510276,,0.0001,2.78e-05,,79116.1,BTC-25SEP26,0.7445,0.00066,0.39612,474.7,33.0,,BTC,79002.94,262.17
2026-09-07T23:25:55.061738+00:00,BTC-25JUN27-64000-C,82002.72,BTC-25JUN27,call,64000.0,2027-06-25T08:00:00+00:00,0.794954145380574,0.27,0.277,0.27356787,0.2735,82002.72,BTC-25JUN27,0.4364,0.7971,206.52149,33.5,0.0,0.007000000000000006,BTC,79002.94,0.0
2026-09-07T23:25:55.061738+00:00,BTC-25SEP26-72000-P,79116.4,BTC-25SEP26,put,72000.0,2026-09-25T08:00:00+00:00,0.047520880493510276,0.0055,0.006,0.00562487,0.00575,79116.4,BTC-25SEP26,0.3933,-0.1272,35.93945,2175.2,0.4,0.0005000000000000004,BTC,79002.96,174.09
2026-09-07T23:25:55.061738+00:00,BTC-26MAR27-85000-P,81014.14,BTC-26MAR27,put,85000.0,2027-03-26T08:00:00+00:00,0.5458097237515528,0.1455,0.149,0.14710769,0.14725,81014.14,BTC-26MAR27,0.4018,-0.50563,238.77942,3.9,0.0,0.003500000000000003,BTC,79002.96,0.0
2026-09-07T23:25:55.061738+00:00,BTC-25JUN27-180000-P,82002.72,BTC-25JUN27,put,180000.0,2027-06-25T08:00:00+00:00,0.794954145380574,1.186,1.2265,1.20462636,1.20625,82002.72,BTC-25JUN27,0.49420000000000003,-0.94111,85.85181,0.0,0.0,0.04049999999999998,BTC,79002.96,0.0
2026-09-07T23:25:55.061738+00:00,BTC-25SEP26-62000-P,79116.1,BTC-25SEP26,put,62000.0,2026-09-25T08:00:00+00:00,0.047520880493510276,0.0008,0.0009,0.00080326,0.00085,79116.1,BTC-25SEP26,0.5478000000000001,-0.01789,7.59512,1427.3,1.2,9.999999999999994e-05,BTC,79002.96,75.04
2026-09-07T23:25:55.061738+00:00,BTC-11SEP26-65000-P,79022.29,BTC-11SEP26,put,65000.0,2026-09-11T08:00:00+00:00,0.00919096947366086,,0.0001,5.723e-05,,79022.29,BTC-11SEP26,0.7398,-0.00267,0.62322,46.8,0.5,,BTC,79002.96,3.96
2026-09-07T23:25:55.061738+00:00,BTC-26MAR27-55000-C,81014.14,BTC-26MAR27,call,55000.0,2027-03-26T08:00:00+00:00,0.5458097237515528,0.3355,0.3425,0.33906107,0.339,81014.14,BTC-26MAR27,0.4629,0.90363,102.24455,28.6,0.0,0.007000000000000006,BTC,79002.96,0.0
2026-09-07T23:25:55.061738+00:00,BTC-25JUN27-65000-P,82003.08,BTC-25JUN27,put,65000.0,2027-06-25T08:00:00+00:00,0.794954145380574,0.0565,0.059,0.05763114,0.05775,82003.08,BTC-25JUN27,0.43439999999999995,-0.21384,213.01914,24.7,0.0,0.0024999999999999953,BTC,79002.96,0.0
2026-09-07T23:25:55.061738+00:00,BTC-30OCT26-75000-P,79431.27,BTC-30OCT26,put,75000.0,2026-10-30T08:00:00+00:00,0.14334565804313382,0.0315,0.032,0.03178854,0.03175,79431.27,BTC-30OCT26,0.3766,-0.31848,107.33769,656.9,0.4,0.0005000000000000004,BTC,79002.19,967.01
2026-09-07T23:25:55.061738+00:00,BTC-26MAR27-62000-C,81014.14,BTC-26MAR27,call,62000.0,2027-03-26T08:00:00+00:00,0.5458097237515528,0.263,0.27,0.26631285,0.2665,81014.14,BTC-26MAR27,0.4346,0.83959,145.8893,59.7,0.0,0.007000000000000006,BTC,79002.96,0.0
2026-09-07T23:25:55.061738+00:00,BTC-10SEP26-79000-P,79016.05,BTC-10SEP26,put,79000.0,2026-09-10T08:00:00+00:00,0.006453118686528761,0.0095,0.0105,0.01038696,0.01,79016.05,BTC-10SEP26,0.32689999999999997,-0.49548,25.31569,1.7,1.7,0.0010000000000000009,BTC,79002.19,1419.16
2026-09-07T23:25:55.061738+00:00,BTC-25JUN27-150000-P,82003.08,BTC-25JUN27,put,150000.0,2027-06-25T08:00:00+00:00,0.794954145380574,0.8435,0.852,0.84688047,0.84775,82003.08,BTC-25JUN27,0.4635,-0.89528,132.72669,1.1,1.0,0.008499999999999952,BTC,79002.96,67273.6
2026-09-07T23:25:55.061738+00:00,BTC-25SEP26-120000-P,79116.1,BTC-25SEP26,put,120000.0,2026-09-25T08:00:00+00:00,0.047520880493510276,0.513,0.5205,0.51692534,0.51675,79116.1,BTC-25SEP26,0.6838,-0.99674,1.70211,174.5,0.0,0.007499999999999951,BTC,79002.19,0.0
2026-09-07T23:25:55.061738+00:00,BTC-11SEP26-79500-P,79022.03,BTC-11SEP26,put,79500.0,2026-09-11T08:00:00+00:00,0.00919096947366086,0.016,0.017,0.0164066,0.0165,79022.03,BTC-11SEP26,0.3427,-0.56923,29.76351,8.0,19.9,0.0010000000000000009,BTC,79002.19,27981.41
2026-09-07T23:25:55.061738+00:00,BTC-25SEP26-87000-P,79116.4,BTC-25SEP26,put,87000.0,2026-09-25T08:00:00+00:00,0.047520880493510276,0.103,0.108,0.10559619,0.1055,79116.4,BTC-25SEP26,0.39030000000000004,-0.85878,38.61747,0.0,0.0,0.0050000000000000044,BTC,79002.19,0.0
2026-09-07T23:25:55.061738+00:00,BTC-30OCT26-92000-C,79431.27,BTC-30OCT26,call,92000.0,2026-10-30T08:00:00+00:00,0.14334565804313382,0.0135,0.0145,0.01393596,0.014,79431.27,BTC-30OCT26,0.3958,0.18243,79.58431,1071.2,1.0,0.0010000000000000009,BTC,79002.62,1160.53
2026-09-07T23:25:55.061738+00:00,BTC-25JUN27-52000-C,82002.72,BTC-25JUN27,call,52000.0,2027-06-25T08:00:00+00:00,0.794954145380574,0.3855,0.3925,0.38940825,0.389,82002.72,BTC-25JUN27,0.47229999999999994,0.9018,126.6549,1.1,0.0,0.007000000000000006,BTC,79002.19,0.0
2026-09-07T23:25:55.061738+00:00,BTC-25JUN27-125000-P,82002.72,BTC-25JUN27,put,125000.0,2027-06-25T08:00:00+00:00,0.794954145380574,0.5555,0.562,0.55803599,0.55875,82002.72,BTC-25JUN27,0.4364,-0.81287,196.60095,0.0,0.0,0.006500000000000061,BTC,79002.19,0.0
2026-09-07T23:25:55.061738+00:00,BTC-8SEP26-84000-C,79005.03,BTC-8SEP26,call,84000.0,2026-09-08T08:00:00+00:00,0.0009774171122645574,,0.0001,1e-08,,79005.03,BTC-8SEP26,0.4376,0.0,0.0004,2.2,0.2,,BTC,79002.62,1.59
2026-09-07T23:25:55.061738+00:00,BTC-18SEP26-74000-C,79072.62,BTC-18SEP26,call,74000.0,2026-09-18T08:00:00+00:00,0.028355924983585568,0.0675,0.071,0.06941621,0.06925,79072.62,BTC-18SEP26,0.39189999999999997,0.84964,31.09625,23.2,0.0,0.0034999999999999892,BTC,79002.62,0.0
2026-09-07T23:25:55.061738+00:00,BTC-10SEP26-72000-P,79016.31,BTC-10SEP26,put,72000.0,2026-09-10T08:00:00+00:00,0.006453118686528761,0.0002,0.0003,0.00024806,0.00025,79016.31,BTC-10SEP26,0.5432,-0.01586,2.52069,21.2,21.3,9.999999999999996e-05,BTC,79002.94,450.49
2026-09-07T23:25:55.061738+00:00,BTC-25SEP26-50000-C,79116.1,BTC-25SEP26,call,50000.0,2026-09-25T08:00:00+00:00,0.047520880493510276,0.3665,0.3695,0.368143,0.368,79116.1,BTC-25SEP26,0.7755,0.9974,1.3853,30.1,0.0,0.0030000000000000027,BTC,79002.62,0.0
2026-09-07T23:25:55.061738+00:00,BTC-25SEP26-96000-C,79116.4,BTC-25SEP26,call,96000.0,2026-09-25T08:00:00+00:00,0.047520880493510276,0.001,0.0012,0.00109087,0.0011,79116.4,BTC-25SEP26,0.4571,0.02937,11.52988,1825.0,0.0,0.00019999999999999987,BTC,79002.62,0.0
2026-09-07T23:25:55.061738+00:00,BTC-26MAR27-112000-C,81014.14,BTC-26MAR27,call,112000.0,2027-03-26T08:00:00+00:00,0.5458097237515528,0.0265,0.0285,0.02759544,0.0275,81014.14,BTC-26MAR27,0.4192,0.1863,160.47886,67.3,0.0,0.0020000000000000018,BTC,79002.94,0.0
2026-09-07T23:25:55.061738+00:00,BTC-30OCT26-84000-P,79431.53,BTC-30OCT26,put,84000.0,2026-10-30T08:00:00+00:00,0.14334565804313382,0.0895,0.093,0.09190411,0.09125,79431.53,BTC-30OCT26,0.37810000000000005,-0.62566,113.98122,9.6,0.1,0.003500000000000003,BTC,79002.94,691.53
2026-09-07T23:25:55.061738+00:00,BTC-26MAR27-82000-C,81014.14,BTC-26MAR27,call,82000.0,2027-03-26T08:00:00+00:00,0.5458097237515528,0.1115,0.113,0.11235211,0.11225,81014.14,BTC-26MAR27,0.4004,0.54232,237.45715,1167.7,4.0,0.0015000000000000013,BTC,79002.94,36435.07
2026-09-07T23:25:55.061738+00:00,BTC-30OCT26-67000-C,79431.27,BTC-30OCT26,call,67000.0,2026-10-30T08:00:00+00:00,0.14334565804313382,0.1655,0.169,0.1667119,0.16725,79431.27,BTC-30OCT26,0.4147,0.87672,61.31318,108.4,0.0,0.003500000000000003,BTC,79002.92,0.0
2026-09-07T23:25:55.061738+00:00,BTC-30OCT26-89000-P,79431.27,BTC-30OCT26,put,89000.0,2026-10-30T08:00:00+00:00,0.14334565804313382,0.137,0.1415,0.13993594,0.13925,79431.27,BTC-30OCT26,0.3873,-0.75913,93.68215,5.0,0.0,0.004499999999999976,BTC,79002.92,0.0
2026-09-07T23:25:55.061738+00:00,BTC-25SEP26-55000-C,79116.4,BTC-25SEP26,call,55000.0,2026-09-25T08:00:00+00:00,0.047520880493510276,0.3035,0.307,0.30505404,0.30525,79116.4,BTC-25SEP26,0.6681,0.99487,2.55023,143.7,0.0,0.003500000000000003,BTC,79002.94,0.0
2026-09-07T23:25:55.061738+00:00,BTC-10SEP26-79500-P,79016.05,BTC-10SEP26,put,79500.0,2026-09-10T08:00:00+00:00,0.006453118686528761,0.013,0.014,0.01387505,0.0135,79016.05,BTC-10SEP26,0.3272,-0.59068,24.66061,0.5,0.5,0.0010000000000000009,BTC,79002.92,380.43
2026-09-07T23:25:55.061738+00:00,BTC-11SEP26-60000-C,79022.03,BTC-11SEP26,call,60000.0,2026-09-11T08:00:00+00:00,0.00919096947366086,0.239,0.2425,0.24070638,0.24075,79022.03,BTC-11SEP26,0.7565999999999999,0.99994,0.0198,0.0,0.0,0.003500000000000003,BTC,79002.92,0.0
2026-09-07T23:25:55.061738+00:00,BTC-10SEP26-89000-C,79016.05,BTC-10SEP26,call,89000.0,2026-09-10T08:00:00+00:00,0.006453118686528761,,0.0001,2.55e-05,,79016.05,BTC-10SEP26,0.5143,0.00208,0.41785,0.2,0.1,,BTC,79002.92,0.8
2026-09-07T23:25:55.061738+00:00,BTC-25JUN27-88000-C,82003.08,BTC-25JUN27,call,88000.0,2027-06-25T08:00:00+00:00,0.794954145380574,0.1165,0.119,0.11779434,0.11775,82003.08,BTC-25JUN27,0.41340000000000005,0.49711,291.74978,21.3,0.0,0.0024999999999999883,BTC,79002.92,0.0
2026-09-07T23:25:55.061738+00:00,BTC-25DEC26-74000-P,80066.12,BTC-25DEC26,put,74000.0,2026-12-25T08:00:00+00:00,0.2966653021225315,0.05,0.051,0.05069094,0.0505,80066.12,BTC-25DEC26,0.3985,-0.31906,155.77211,162.0,0.0,0.000999999999999994,BTC,79002.92,0.0
2026-09-07T23:25:55.061738+00:00,BTC-25JUN27-45000-C,82003.08,BTC-25JUN27,call,45000.0,2027-06-25T08:00:00+00:00,0.794954145380574,0.4635,0.4665,0.46514673,0.465,82003.08,BTC-25JUN27,0.5049,0.94029,86.79075,0.5,0.0,0.0030000000000000027,BTC,79002.92,0.0
2026-09-07T23:25:55.061738+00:00,BTC-11SEP26-73000-C,79022.29,BTC-11SEP26,call,73000.0,2026-09-11T08:00:00+00:00,0.00919096947366086,0.075,0.078,0.07672737,0.0765,79022.29,BTC-11SEP26,0.44939999999999997,0.9683,5.39489,17.0,0.0,0.0030000000000000027,BTC,79002.92,0.0
2026-09-07T23:25:55.061738+00:00,BTC-10SEP26-78000-C,79016.31,BTC-10SEP26,call,78000.0,2026-09-10T08:00:00+00:00,0.006453118686528761,0.0165,0.0195,0.01816561,0.018,79016.31,BTC-10SEP26,0.33030000000000004,0.68914,22.41578,0.0,0.0,0.002999999999999999,BTC,78998.28,0.0
2026-09-07T23:25:55.061738+00:00,BTC-25SEP26-74000-C,79116.1,BTC-25SEP26,call,74000.0,2026-09-25T08:00:00+00:00,0.047520880493510276,0.0725,0.076,0.07414604,0.07425,79116.1,BTC-25SEP26,0.37939999999999996,0.80144,48.0785,1467.4,0.4,0.003500000000000003,BTC,79002.92,2381.57
2026-09-07T23:25:55.061738+00:00,BTC-27NOV26-88000-C,79749.51,BTC-27NOV26,call,88000.0,2026-11-27T08:00:00+00:00,0.22000548008283266,0.036,0.037,0.03642229,0.0365,79749.51,BTC-27NOV26,0.39409999999999995,0.32964,135.40889,78.7,0.0,0.0010000000000000009,BTC,78998.28,0.0
2026-09-07T23:25:55.061738+00:00,BTC-25JUN27-54000-C,82003.08,BTC-25JUN27,call,54000.0,2027-06-25T08:00:00+00:00,0.794954145380574,0.365,0.372,0.3687025,0.3685,82003.08,BTC-25JUN27,0.4647,0.8878,139.47562,0.9,0.0,0.007000000000000006,BTC,79002.92,0.0
2026-09-07T23:25:55.061738+00:00,BTC-9SEP26-86000-C,79010.32,BTC-9SEP26,call,86000.0,2026-09-09T08:00:00+00:00,0.0037152678993966587,,0.0001,2.324e-05,,79010.32,BTC-9SEP26,0.4949,0.00253,0.3772,252.0,1.7,,BTC,78998.28,25.42
2026-09-07T23:25:55.061738+00:00,BTC-25DEC26-84000-C,80065.74,BTC-25DEC26,call,84000.0,2026-12-25T08:00:00+00:00,0.2966653021225315,0.064,0.065,0.06460365,0.0645,80065.74,BTC-25DEC26,0.3914,0.45223,172.73137,1345.7,0.1,0.0010000000000000009,BTC,78998.28,545.68
2026-09-07T23:25:55.061738+00:00,BTC-30OCT26-65000-C,79431.27,BTC-30OCT26,call,65000.0,2026-10-30T08:00:00+00:00,0.14334565804313382,0.188,0.1915,0.18953186,0.18975,79431.27,BTC-30OCT26,0.43200000000000005,0.90389,51.26518,434.5,0.0,0.003500000000000003,BTC,78998.28,0.0
2026-09-07T23:25:55.061738+00:00,BTC-10SEP26-72000-C,79016.05,BTC-10SEP26,call,72000.0,2026-09-10T08:00:00+00:00,0.006453118686528761,0.087,0.0905,0.08904344,0.08875,79016.05,BTC-10SEP26,0.5432,0.98404,2.53416,0.0,0.0,0.003500000000000003,BTC,78994.42,0.0
2026-09-07T23:25:55.061738+00:00,BTC-25SEP26-76000-P,79116.1,BTC-25SEP26,put,76000.0,2026-09-25T08:00:00+00:00,0.047520880493510276,0.015,0.016,0.01561279,0.0155,79116.1,BTC-25SEP26,0.3691,-0.2955,59.55843,965.7,3.5,0.0010000000000000009,BTC,78998.28,4063.09
2026-09-07T23:25:55.061738+00:00,BTC-25SEP26-54000-P,79116.1,BTC-25SEP26,put,54000.0,2026-09-25T08:00:00+00:00,0.047520880493510276,0.0002,0.0003,0.0002256,0.00025,79116.1,BTC-25SEP26,0.6917,-0.00467,2.34712,768.9,1.1,9.999999999999996e-05,BTC,78998.28,15.14
2026-09-07T23:25:55.061738+00:00,BTC-25DEC26-76000-C,80065.74,BTC-25DEC26,call,76000.0,2026-12-25T08:00:00+00:00,0.2966653021225315,0.11,0.113,0.11143973,0.1115,80065.74,BTC-25DEC26,0.39549999999999996,0.63605,163.75377,410.0,0.0,0.0030000000000000027,BTC,78994.42,0.0
2026-09-07T23:25:55.061738+00:00,BTC-27NOV26-73000-P,79749.22,BTC-27NOV26,put,73000.0,2026-11-27T08:00:00+00:00,0.22000548008283266,0.036,0.037,0.03640556,0.0365,79749.22,BTC-27NOV26,0.39590000000000003,-0.28551,127.09105,17.5,0.0,0.0010000000000000009,BTC,78994.42,0.0
2026-09-07T23:25:55.061738+00:00,BTC-25JUN27-86000-P,82002.72,BTC-25JUN27,put,86000.0,2027-06-25T08:00:00+00:00,0.794954145380574,0.1735,0.1785,0.17548734,0.176,82002.72,BTC-25JUN27,0.41350000000000003,-0.47813,291.2827,1.4,0.0,0.0050000000000000044,BTC,78994.42,0.0
2026-09-07T23:25:55.061738+00:00,BTC-10SEP26-77500-P,79016.05,BTC-10SEP26,put,77500.0,2026-09-10T08:00:00+00:00,0.006453118686528761,0.0034,0.0038,0.00360826,0.0036,79016.05,BTC-10SEP26,0.3319,-0.23375,19.44185,51.5,56.9,0.0004000000000000002,BTC,78994.42,15705.96
2026-09-07T23:25:55.061738+00:00,BTC-25JUN27-92000-P,82002.72,BTC-25JUN27,put,92000.0,2027-06-25T08:00:00+00:00,0.794954145380574,0.221,0.227,0.22369998,0.224,82002.72,BTC-25JUN27,0.4138,-0.55081,289.35226,0.2,0.0,0.006000000000000005,BTC,78994.42,0.0
2026-09-07T23:25:55.061738+00:00,BTC-25DEC26-104000-C,80065.74,BTC-25DEC26,call,104000.0,2026-12-25T08:00:00+00:00,0.2966653021225315,0.015,0.016,0.01560776,0.0155,80065.74,BTC-25DEC26,0.41409999999999997,0.14717,100.39143,90.6,0.1,0.0010000000000000009,BTC,78994.42,135.38
2026-09-07T23:25:55.061738+00:00,BTC-25SEP26-66000-C,79116.1,BTC-25SEP26,call,66000.0,2026-09-25T08:00:00+00:00,0.047520880493510276,0.165,0.169,0.16730113,0.167,79116.1,BTC-25SEP26,0.47509999999999997,0.96405,13.62254,970.0,0.0,0.0040000000000000036,BTC,78994.42,0.0
2026-09-07T23:25:55.061738+00:00,BTC-27NOV26-70000-P,79749.51,BTC-27NOV26,put,70000.0,2026-11-27T08:00:00+00:00,0.22000548008283266,0.0255,0.0265,0.02596008,0.026,79749.51,BTC-27NOV26,0.40490000000000004,-0.21785,110.1297,47.2,0.0,0.0010000000000000009,BTC,78994.42,0.0
2026-09-07T23:25:55.061738+00:00,BTC-27NOV26-76000-C,79749.51,BTC-27NOV26,call,76000.0,2026-11-27T08:00:00+00:00,0.22000548008283266,0.0965,0.099,0.09710395,0.09775,79749.51,BTC-27NOV26,0.3899,0.63794,140.21105,10.6,0.0,0.0025000000000000022,BTC,78994.42,0.0
2026-09-07T23:25:55.061738+00:00,BTC-11SEP26-79000-P,79022.03,BTC-11SEP26,put,79000.0,2026-09-11T08:00:00+00:00,0.00919096947366086,0.0125,0.0135,0.0129426,0.013,79022.03,BTC-11SEP26,0.3418,-0.4943,30.21335,349.7,37.1,0.0009999999999999992,BTC,78994.42,32765.93
2026-09-07T23:25:55.061738+00:00,BTC-11SEP26-66000-C,79022.29,BTC-11SEP26,call,66000.0,2026-09-11T08:00:00+00:00,0.00919096947366086,0.1625,0.167,0.16486585,0.16475,79022.29,BTC-11SEP26,0.7199,0.99584,0.92929,0.1,0.0,0.004500000000000004,BTC,78994.42,0.0
2026-09-07T23:25:55.061738+00:00,BTC-25DEC26-88000-C,80065.74,BTC-25DEC26,call,88000.0,2026-12-25T08:00:00+00:00,0.2966653021225315,0.048,0.0485,0.04804472,0.04825,80065.74,BTC-25DEC26,0.3909,0.36756,164.2947,3419.7,62.2,0.0005000000000000004,BTC,78994.98,252109.14
2026-09-07T23:25:55.061738+00:00,BTC-9SEP26-78000-P,79010.32,BTC-9SEP26,put,78000.0,2026-09-09T08:00:00+00:00,0.0037152678993966587,0.0026,0.0031,0.00281433,0.00285,79010.32,BTC-9SEP26,0.3123,-0.25238,15.37243,16.8,16.6,0.0005,BTC,78994.98,3640.21
2026-09-07T23:25:55.061738+00:00,BTC-30OCT26-72000-C,79431.27,BTC-30OCT26,call,72000.0,2026-10-30T08:00:00+00:00,0.14334565804313382,0.1135,0.117,0.11436606,0.11525,79431.27,BTC-30OCT26,0.386,0.77096,91.10117,468.4,0.0,0.003500000000000003,BTC,78994.98,0.0
2026-09-07T23:25:55.061738+00:00,BTC-25JUN27-56000-P,82002.72,BTC-25JUN27,put,56000.0,2027-06-25T08:00:00+00:00,0.794954145380574,0.0305,0.032,0.03144586,0.03125,82002.72,BTC-25JUN27,0.45799999999999996,-0.12768,152.77219,84.6,0.0,0.0015000000000000013,BTC,78994.98,0.0
2026-09-07T23:25:55.061738+00:00,BTC-8SEP26-83000-P,79005.03,BTC-8SEP26,put,83000.0,2026-09-08T08:00:00+00:00,0.0009774171122645574,0.0485,0.053,0.05059659,0.05075,79005.03,BTC-8SEP26,0.4368,-0.99986,0.01323,0.0,0.0,0.004499999999999997,BTC,78994.98,0.0
2026-09-07T23:25:55.061738+00:00,BTC-26MAR27-105000-P,81014.14,BTC-26MAR27,put,105000.0,2027-03-26T08:00:00+00:00,0.5458097237515528,0.33,0.338,0.33388873,0.334,81014.14,BTC-26MAR27,0.4122,-0.75804,186.89161,0.5,0.0,0.008000000000000007,BTC,78996.27,0.0
2026-09-07T23:25:55.061738+00:00,BTC-18SEP26-65000-P,79072.62,BTC-18SEP26,put,65000.0,2026-09-18T08:00:00+00:00,0.028355924983585568,0.0003,0.0005,0.00039493,0.0004,79072.62,BTC-18SEP26,0.5289,-0.01249,4.30389,91.0,0.9,0.00020000000000000004,BTC,78996.27,39.52
2026-09-07T23:25:55.061738+00:00,BTC-30OCT26-63000-C,79431.53,BTC-30OCT26,call,63000.0,2026-10-30T08:00:00+00:00,0.14334565804313382,0.2115,0.215,0.21286302,0.21325,79431.53,BTC-30OCT26,0.44909999999999994,0.92591,42.17281,153.2,0.0,0.003500000000000003,BTC,78996.27,0.0
2026-09-07T23:25:55.061738+00:00,BTC-8SEP26-73000-C,79004.72,BTC-8SEP26,call,73000.0,2026-09-08T08:00:00+00:00,0.0009774171122645574,0.074,0.0775,0.07598871,0.07575,79004.72,BTC-8SEP26,0.5972999999999999,0.99999,0.00125,0.0,0.0,0.003500000000000003,BTC,78996.27,0.0
2026-09-07T23:25:55.061738+00:00,BTC-30OCT26-73000-P,79431.27,BTC-30OCT26,put,73000.0,2026-10-30T08:00:00+00:00,0.14334565804313382,0.0235,0.0245,0.02407252,0.024,79431.27,BTC-30OCT26,0.3826,-0.25682,96.92709,95.9,0.0,0.0010000000000000009,BTC,78997.45,0.0
2026-09-07T23:25:55.061738+00:00,BTC-30OCT26-56000-P,79431.27,BTC-30OCT26,put,56000.0,2026-10-30T08:00:00+00:00,0.14334565804313382,0.0025,0.0029,0.00268219,0.0027,79431.27,BTC-30OCT26,0.5266,-0.03206,21.61829,463.9,0.0,0.00039999999999999975,BTC,78997.45,0.0
2026-09-07T23:25:55.061738+00:00,BTC-18SEP26-88000-C,79072.62,BTC-18SEP26,call,88000.0,2026-09-18T08:00:00+00:00,0.028355924983585568,0.0019,0.0022,0.00200475,0.00205,79072.62,BTC-18SEP26,0.41450000000000004,0.06673,17.22994,405.6,22.7,0.00030000000000000014,BTC,78997.45,4918.01
2026-09-07T23:25:55.061738+00:00,BTC-27NOV26-69000-C,79749.22,BTC-27NOV26,call,69000.0,2026-11-27T08:00:00+00:00,0.22000548008283266,0.1565,0.16,0.15788153,0.15825,79749.22,BTC-27NOV26,0.40840000000000004,0.8025,103.92508,0.0,0.0,0.003500000000000003,BTC,78996.27,0.0
2026-09-07T23:25:55.061738+00:00,BTC-25DEC26-85000-C,80066.12,BTC-25DEC26,call,85000.0,2026-12-25T08:00:00+00:00,0.2966653021225315,0.0595,0.0605,0.06011878,0.06,80066.12,BTC-25DEC26,0.3914,0.43035,171.31935,2213.7,0.0,0.0010000000000000009,BTC,78997.45,0.0
2026-09-07T23:25:55.061738+00:00,BTC-25DEC26-98000-P,80065.74,BTC-25DEC26,put,98000.0,2026-12-25T08:00:00+00:00,0.2966653021225315,0.2445,0.25,0.24733906,0.24725,80065.74,BTC-25DEC26,0.4025,-0.79177,125.05722,1.2,0.0,0.005500000000000005,BTC,78997.45,0.0
2026-09-07T23:25:55.061738+00:00,BTC-25SEP26-200000-P,79116.1,BTC-25SEP26,put,200000.0,2026-09-25T08:00:00+00:00,0.047520880493510276,1.5225,1.535,1.52797223,1.52875,79116.1,BTC-25SEP26,0.9823999999999999,-0.99999,0.0092,3.2,0.0,0.012499999999999956,BTC,78997.45,0.0
2026-09-07T23:25:55.061738+00:00,BTC-10SEP26-74000-P,79016.05,BTC-10SEP26,put,74000.0,2026-09-10T08:00:00+00:00,0.006453118686528761,0.0003,0.0005,0.00045095,0.0004,79016.05,BTC-10SEP26,0.4445,-0.03236,4.59634,8.1,0.0,0.00020000000000000004,BTC,78997.45,0.0
2026-09-07T23:25:55.061738+00:00,BTC-25DEC26-78000-C,80065.74,BTC-25DEC26,call,78000.0,2026-12-25T08:00:00+00:00,0.2966653021225315,0.0975,0.0985,0.09785511,0.098,80065.74,BTC-25DEC26,0.39380000000000004,0.59006,169.52921,1047.4,1.0,0.0010000000000000009,BTC,78999.14,7981.27
2026-09-07T23:25:55.061738+00:00,BTC-8SEP26-79500-P,79005.03,BTC-8SEP26,put,79500.0,2026-09-08T08:00:00+00:00,0.0009774171122645574,0.0065,0.008,0.00720045,0.00725,79005.03,BTC-8SEP26,0.2465,-0.80141,6.86521,72.5,68.6,0.0015000000000000005,BTC,78997.45,34822.13
2026-09-07T23:25:55.061738+00:00,BTC-27NOV26-115000-C,79749.51,BTC-27NOV26,call,115000.0,2026-11-27T08:00:00+00:00,0.22000548008283266,0.0043,0.0047,0.00452047,0.0045,79749.51,BTC-27NOV26,0.45530000000000004,0.05405,41.04168,26.2,0.0,0.0004000000000000002,BTC,78997.45,0.0
2026-09-07T23:25:55.061738+00:00,BTC-11SEP26-66000-P,79022.29,BTC-11SEP26,put,66000.0,2026-09-11T08:00:00+00:00,0.00919096947366086,,0.0001,9.003e-05,,79022.29,BTC-11SEP26,0.7199,-0.00416,0.92883,365.1,1.5,,BTC,78999.14,11.93
2026-09-07T23:25:55.061738+00:00,ETH-26MAR27-4200-P,2534.56,ETH-26MAR27,put,4200.0,2027-03-26T08:00:00+00:00,0.5458097237515528,0.68,0.6965,0.688635,0.68825,2534.56,ETH-26MAR27,0.5778,-0.83373,4.67325,1.0,0.0,0.01649999999999996,ETH,2484.54,0.0
2026-09-07T23:25:55.061738+00:00,ETH-25SEP26-5800-C,2489.08,ETH-25SEP26,call,5800.0,2026-09-25T08:00:00+00:00,0.047520880493510276,,0.0001,4e-06,,2489.08,ETH-25SEP26,0.9994,8e-05,0.00176,5889.0,0.0,,ETH,2484.54,0.0
2026-09-07T23:25:55.061738+00:00,ETH-26MAR27-1000-P,2534.56,ETH-26MAR27,put,1000.0,2027-03-26T08:00:00+00:00,0.5458097237515528,0.0055,0.0065,0.005998,0.006,2534.56,ETH-26MAR27,0.7375,-0.02391,1.05463,7311.0,20.0,0.001,ETH,2484.54,297.41
2026-09-07T23:25:55.061738+00:00,ETH-25JUN27-3500-P,2561.61,ETH-25JUN27,put,3500.0,2027-06-25T08:00:00+00:00,0.794954145380574,0.453,0.4655,0.460229,0.45925,2561.61,ETH-25JUN27,0.5627,-0.64462,8.50974,323.0,0.0,0.012500000000000011,ETH,2484.54,0.0
2026-09-07T23:25:55.061738+00:00,ETH-30OCT26-1750-C,2495.4,ETH-30OCT26,call,1750.0,2026-10-30T08:00:00+00:00,0.14334565804313382,0.3025,0.3065,0.303861,0.3045,2495.4,ETH-30OCT26,0.609,0.95093,0.96027,102.0,0.0,0.0040000000000000036,ETH,2484.54,0.0
2026-09-07T23:25:55.061738+00:00,ETH-8SEP26-2800-P,2483.97,ETH-8SEP26,put,2800.0,2026-09-08T08:00:00+00:00,0.0009774171122645574,0.124,0.131,0.127282,0.1275,2483.97,ETH-8SEP26,0.8009999999999999,-1.0,0.0,0.0,0.0,0.007000000000000006,ETH,2484.55,0.0
2026-09-07T23:25:55.061738+00:00,ETH-25SEP26-2850-C,2489.22,ETH-25SEP26,call,2850.0,2026-09-25T08:00:00+00:00,0.047520880493510276,0.008,0.009,0.00839,0.0085,2489.22,ETH-25SEP26,0.5518,0.14357,1.22892,276.0,0.0,0.0009999999999999992,ETH,2484.55,0.0
2026-09-07T23:25:55.061738+00:00,ETH-10SEP26-2460-P,2484.65,ETH-10SEP26,put,2460.0,2026-09-10T08:00:00+00:00,0.006453118686528761,0.0085,0.0095,0.009134,0.009,2484.65,ETH-10SEP26,0.4232,-0.37766,0.75847,480.0,369.0,0.0009999999999999992,ETH,2484.56,6413.91
2026-09-07T23:25:55.061738+00:00,ETH-9SEP26-2600-C,2484.42,ETH-9SEP26,call,2600.0,2026-09-09T08:00:00+00:00,0.0037152678993966587,0.0008,0.001,0.000861,0.0009,2484.42,ETH-9SEP26,0.4921,0.06675,0.19592,377.0,274.0,0.00019999999999999998,ETH,2484.55,1358.14
2026-09-07T23:25:55.061738+00:00,ETH-8SEP26-2420-C,2483.97,ETH-8SEP26,call,2420.0,2026-09-08T08:00:00+00:00,0.0009774171122645574,0.0225,0.029,0.025783,0.02575,2483.97,ETH-8SEP26,0.39590000000000003,0.98331,0.03215,0.0,0.0,0.006500000000000002,ETH,2484.56,0.0
2026-09-07T23:25:55.061738+00:00,ETH-9SEP26-2340-C,2484.42,ETH-9SEP26,call,2340.0,2026-09-09T08:00:00+00:00,0.0037152678993966587,0.055,0.0615,0.058471,0.05825,2484.42,ETH-9SEP26,0.5338,0.96848,0.1073,0.0,0.0,0.006499999999999999,ETH,2484.56,0.0
2026-09-07T23:25:55.061738+00:00,ETH-25JUN27-3400-C,2561.61,ETH-25JUN27,call,3400.0,2027-06-25T08:00:00+00:00,0.794954145380574,0.1,0.1025,0.101131,0.10125,2561.61,ETH-25JUN27,0.5613,0.37633,8.67396,481.0,0.0,0.0024999999999999883,ETH,2484.56,0.0
2026-09-07T23:25:55.061738+00:00,ETH-26MAR27-2800-P,2534.53,ETH-26MAR27,put,2800.0,2027-03-26T08:00:00+00:00,0.5458097237515528,0.224,0.2275,0.225817,0.22575,2534.53,ETH-26MAR27,0.5464,-0.51775,7.46602,15.0,0.0,0.003500000000000003,ETH,2484.56,0.0
2026-09-07T23:25:55.061738+00:00,ETH-25DEC26-2400-C,2509.76,ETH-25DEC26,call,2400.0,2026-12-25T08:00:00+00:00,0.2966653021225315,0.1325,0.136,0.134289,0.13425,2509.76,ETH-25DEC26,0.5243,0.61771,5.21624,12448.0,18.0,0.003500000000000003,ETH,2484.56,5879.65
2026-09-07T23:25:55.061738+00:00,ETH-25SEP26-8500-P,2489.08,ETH-25SEP26,put,8500.0,2026-09-25T08:00:00+00:00,0.047520880493510276,2.4035,2.428,2.414972,2.41575,2489.08,ETH-25SEP26,1.3075,-0.99998,0.00037,0.0,0.0,0.024499999999999744,ETH,2484.53,0.0
2026-09-07T23:25:55.061738+00:00,ETH-11SEP26-2900-P,2484.89,ETH-11SEP26,put,2900.0,2026-09-11T08:00:00+00:00,0.00919096947366086,0.164,0.171,0.167295,0.1675,2484.89,ETH-11SEP26,0.6657,-0.99153,0.05492,0.0,0.0,0.007000000000000006,ETH,2484.53,0.0
2026-09-07T23:25:55.061738+00:00,ETH-8SEP26-2350-C,2483.97,ETH-8SEP26,call,2350.0,2026-09-08T08:00:00+00:00,0.0009774171122645574,0.051,0.057,0.053893,0.054,2483.97,ETH-8SEP26,0.5735,0.99908,0.00241,0.0,0.0,0.006000000000000005,ETH,2484.53,0.0
2026-09-07T23:25:55.061738+00:00,ETH-27NOV26-2300-C,2503.06,ETH-27NOV26,call,2300.0,2026-11-27T08:00:00+00:00,0.22000548008283266,0.138,0.1415,0.139752,0.13975,2503.06,ETH-27NOV26,0.5232,0.68002,4.20021,50.0,0.0,0.0034999999999999754,ETH,2484.53,0.0
2026-09-07T23:25:55.061738+00:00,ETH-25SEP26-2400-C,2489.08,ETH-25SEP26,call,2400.0,2026-09-25T08:00:00+00:00,0.047520880493510276,0.061,0.0645,0.062461,0.06275,2489.08,ETH-25SEP26,0.494,0.65287,2.0045,15747.0,1.0,0.003500000000000003,ETH,2484.53,161.97
2026-09-07T23:25:55.061738+00:00,ETH-26MAR27-2900-C,2534.53,ETH-26MAR27,call,2900.0,2027-03-26T08:00:00+00:00,0.5458097237515528,0.108,0.1105,0.109035,0.10925,2534.53,ETH-26MAR27,0.5474,0.44811,7.41014,2291.0,6.0,0.0025000000000000022,ETH,2484.53,1602.82
2026-09-07T23:25:55.061738+00:00,ETH-25JUN27-2200-P,2561.61,ETH-25JUN27,put,2200.0,2027-06-25T08:00:00+00:00,0.794954145380574,0.12,0.1225,0.121419,0.12125,2561.61,ETH-25JUN27,0.5615,-0.28964,7.81674,387.0,0.0,0.0025000000000000022,ETH,2484.53,0.0
2026-09-07T23:25:55.061738+00:00,ETH-18SEP26-3200-C,2486.79,ETH-18SEP26,call,3200.0,2026-09-18T08:00:00+00:00,0.028355924983585568,0.0007,0.0009,0.000788,0.0008,2486.79,ETH-18SEP26,0.7016,0.01903,0.19447,3571.0,2.0,0.00019999999999999998,ETH,2484.52,7.04
2026-09-07T23:25:55.061738+00:00,ETH-11SEP26-2450-C,2484.89,ETH-11SEP26,call,2450.0,2026-09-11T08:00:00+00:00,0.00919096947366086,0.023,0.0265,0.0246,0.02475,2484.89,ETH-11SEP26,0.4393,0.63967,0.89157,2372.0,28.0,0.0034999999999999996,ETH,2484.52,1928.21
2026-09-07T23:25:55.061738+00:00,ETH-25DEC26-8000-P,2509.76,ETH-25DEC26,put,8000.0,2026-12-25T08:00:00+00:00,0.2966653021225315,2.1665,2.208,2.188398,2.18725,2509.76,ETH-25DEC26,0.7737,-0.99444,0.21717,23.0,23.0,0.04150000000000009,ETH,2484.52,125637.35
2026-09-07T23:25:55.061738+00:00,ETH-30OCT26-2500-C,2495.4,ETH-30OCT26,call,2500.0,2026-10-30T08:00:00+00:00,0.14334565804313382,0.076,0.077,0.076137,0.0765,2495.4,ETH-30OCT26,0.5103,0.53488,3.75624,2932.0,103.0,0.0010000000000000009,ETH,2484.52,20153.74
2026-09-07T23:25:55.061738+00:00,ETH-27NOV26-2400-C,2503.2,ETH-27NOV26,call,2400.0,2026-11-27T08:00:00+00:00,0.22000548008283266,0.1155,0.119,0.117044,0.11725,2503.2,ETH-27NOV26,0.5199,0.61588,4.48665,307.0,0.0,0.0034999999999999892,ETH,2484.52,0.0
2026-09-07T23:25:55.061738+00:00,ETH-26MAR27-3300-P,2534.56,ETH-26MAR27,put,3300.0,2027-03-26T08:00:00+00:00,0.5458097237515528,0.369,0.3795,0.374467,0.37425,2534.56,ETH-26MAR27,0.5539999999999999,-0.66989,6.78498,101.0,0.0,0.01050000000000001,ETH,2484.52,0.0
2026-09-07T23:25:55.061738+00:00,ETH-8SEP26-2680-P,2483.97,ETH-8SEP26,put,2680.0,2026-09-08T08:00:00+00:00,0.0009774171122645574,0.076,0.0825,0.07897,0.07925,2483.97,ETH-8SEP26,0.6151,-0.99996,0.00013,0.0,0.0,0.006500000000000006,ETH,2484.52,0.0
2026-09-07T23:25:55.061738+00:00,ETH-25DEC26-1400-C,2509.76,ETH-25DEC26,call,1400.0,2026-12-25T08:00:00+00:00,0.2966653021225315,0.447,0.45,0.448147,0.4485,2509.76,ETH-25DEC26,0.6637000000000001,0.96367,1.08938,939.0,0.0,0.0030000000000000027,ETH,2484.52,0.0
2026-09-07T23:25:55.061738+00:00,ETH-26MAR27-2600-P,2534.56,ETH-26MAR27,put,2600.0,2027-03-26T08:00:00+00:00,0.5458097237515528,0.1735,0.177,0.175045,0.17525,2534.56,ETH-26MAR27,0.5454,-0.44493,7.402,645.0,0.0,0.003500000000000003,ETH,2484.52,0.0
2026-09-07T23:25:55.061738+00:00,ETH-11SEP26-2550-P,2484.89,ETH-11SEP26,put,2550.0,2026-09-11T08:00:00+00:00,0.00919096947366086,0.0315,0.036,0.034069,0.03375,2484.89,ETH-11SEP26,0.46380000000000005,-0.71184,0.81306,475.0,0.0,0.004499999999999997,ETH,2484.52,0.0
2026-09-07T23:25:55.061738+00:00,ETH-25SEP26-4600-C,2489.22,ETH-25SEP26,call,4600.0,2026-09-25T08:00:00+00:00,0.047520880493510276,,0.0001,8.7e-05,,2489.22,ETH-25SEP26,0.9235,0.0016,0.02802,4397.0,0.0,,ETH,2484.53,0.0
2026-09-07T23:25:55.061738+00:00,ETH-26MAR27-2800-C,2534.56,ETH-26MAR27,call,2800.0,2027-03-26T08:00:00+00:00,0.5458097237515528,0.12,0.1225,0.121032,0.12125,2534.56,ETH-26MAR27,0.5464,0.48224,7.46592,5034.0,0.0,0.0025000000000000022,ETH,2484.52,0.0
2026-09-07T23:25:55.061738+00:00,ETH-25SEP26-3800-P,2489.08,ETH-25SEP26,put,3800.0,2026-09-25T08:00:00+00:00,0.047520880493510276,0.522,0.533,0.527082,0.5275,2489.08,ETH-25SEP26,0.7698,-0.99258,0.11136,943.0,0.0,0.01100000000000001,ETH,2484.53,0.0
2026-09-07T23:25:55.061738+00:00,ETH-18SEP26-2450-C,2486.79,ETH-18SEP26,call,2450.0,2026-09-18T08:00:00+00:00,0.028355924983585568,0.04,0.0415,0.040503,0.04075,2486.79,ETH-18SEP26,0.4886,0.58834,1.62999,932.0,0.0,0.0015000000000000013,ETH,2484.53,0.0
2026-09-07T23:25:55.061738+00:00,ETH-25SEP26-3200-C,2489.08,ETH-25SEP26,call,3200.0,2026-09-25T08:00:00+00:00,0.047520880493510276,0.002,0.0023,0.002135,0.00215,2489.08,ETH-25SEP26,0.6339,0.04023,0.46997,13422.0,61.0,0.0002999999999999999,ETH,2484.53,431.23
2026-09-07T23:25:55.061738+00:00,ETH-8SEP26-2340-C,2483.97,ETH-8SEP26,call,2340.0,2026-09-08T08:00:00+00:00,0.0009774171122645574,0.055,0.061,0.057916,0.058,2483.97,ETH-8SEP26,0.5740999999999999,0.99959,0.00113,0.0,0.0,0.005999999999999998,ETH,2484.53,0.0
2026-09-07T23:25:55.061738+00:00,ETH-25SEP26-1000-P,2489.08,ETH-25SEP26,put,1000.0,2026-09-25T08:00:00+00:00,0.047520880493510276,,0.0001,2.8e-05,,2489.08,ETH-25SEP26,1.2915,-0.00036,0.00718,10805.0,0.0,,ETH,2484.53,0.0
2026-09-07T23:25:55.061738+00:00,ETH-25SEP26-1000-C,2489.22,ETH-25SEP26,call,1000.0,2026-09-25T08:00:00+00:00,0.047520880493510276,0.597,0.5995,0.598267,0.59825,2489.22,ETH-25SEP26,1.2915,0.99964,0.00718,5785.0,0.0,0.0025000000000000577,ETH,2484.53,0.0
2026-09-07T23:25:55.061738+00:00,ETH-27NOV26-2000-C,2503.06,ETH-27NOV26,call,2000.0,2026-11-27T08:00:00+00:00,0.22000548008283266,0.224,0.2275,0.225396,0.22575,2503.06,ETH-27NOV26,0.5507,0.84082,2.84815,9.0,0.0,0.003500000000000003,ETH,2484.53,0.0
2026-09-07T23:25:55.061738+00:00,ETH-25DEC26-1800-C,2509.76,ETH-25DEC26,call,1800.0,2026-12-25T08:00:00+00:00,0.2966653021225315,0.3005,0.3045,0.302289,0.3025,2509.76,ETH-25DEC26,0.5752,0.88826,2.60037,2434.0,0.0,0.0040000000000000036,ETH,2484.53,0.0
2026-09-07T23:25:55.061738+00:00,ETH-25SEP26-2420-C,2489.22,ETH-25SEP26,call,2420.0,2026-09-25T08:00:00+00:00,0.047520880493510276,0.056,0.0595,0.057588,0.05775,2489.22,ETH-25SEP26,0.49310000000000004,0.6241,2.05982,122.0,0.0,0.003499999999999996,ETH,2484.53,0.0
2026-09-07T23:25:55.061738+00:00,ETH-26MAR27-4800-P,2534.56,ETH-26MAR27,put,4800.0,2027-03-26T08:00:00+00:00,0.5458097237515528,0.903,0.9225,0.913547,0.91275,2534.56,ETH-26MAR27,0.5966,-0.89024,3.51684,0.0,0.0,0.019499999999999962,ETH,2484.53,0.0
2026-09-07T23:25:55.061738+00:00,ETH-30OCT26-2250-P,2495.54,ETH-30OCT26,put,2250.0,2026-10-30T08:00:00+00:00,0.14334565804313382,0.0345,0.0355,0.034886,0.035,2495.54,ETH-30OCT26,0.5155,-0.26493,3.09537,1345.0,0.0,0.000999999999999994,ETH,2484.53,0.0
2026-09-07T23:25:55.061738+00:00,ETH-25SEP26-5200-C,2489.08,ETH-25SEP26,call,5200.0,2026-09-25T08:00:00+00:00,0.047520880493510276,,0.0001,1e-05,,2489.08,ETH-25SEP26,0.9314,0.00021,0.00433,2392.0,0.0,,ETH,2484.52,0.0
2026-09-07T23:25:55.061738+00:00,ETH-30OCT26-2900-C,2495.4,ETH-30OCT26,call,2900.0,2026-10-30T08:00:00+00:00,0.14334565804313382,0.029,0.03,0.029337,0.0295,2495.4,ETH-30OCT26,0.5379,0.26261,3.08156,2732.0,0.0,0.0009999999999999974,ETH,2484.52,0.0
2026-09-07T23:25:55.061738+00:00,ETH-27NOV26-3800-C,2503.06,ETH-27NOV26,call,3800.0,2026-11-27T08:00:00+00:00,0.22000548008283266,0.01,0.011,0.010672,0.0105,2503.06,ETH-27NOV26,0.6024,0.09086,1.92084,319.0,0.0,0.0009999999999999992,ETH,2484.52,0.0
2026-09-07T23:25:55.061738+00:00,ETH-25JUN27-4400-P,2561.61,ETH-25JUN27,put,4400.0,2027-06-25T08:00:00+00:00,0.794954145380574,0.7575,0.775,0.767759,0.76625,2561.61,ETH-25JUN27,0.5776,-0.78591,6.65983,1.0,0.0,0.01750000000000007,ETH,2484.52,0.0
2026-09-07T23:25:55.061738+00:00,ETH-9SEP26-2320-P,2484.42,ETH-9SEP26,put,2320.0,2026-09-09T08:00:00+00:00,0.0037152678993966587,0.0002,0.0004,0.000298,0.0003,2484.42,ETH-9SEP26,0.5666,-0.02266,0.08145,127.0,2.0,0.0002,ETH,2484.52,2.25
2026-09-07T23:25:55.061738+00:00,ETH-25DEC26-1500-P,2509.76,ETH-25DEC26,put,1500.0,2026-12-25T08:00:00+00:00,0.2966653021225315,0.0075,0.0085,0.008008,0.008,2509.76,ETH-25DEC26,0.6356,-0.0485,1.37643,16254.0,2.0,0.0010000000000000009,ETH,2484.52,37.67
2026-09-07T23:25:55.061738+00:00,ETH-10SEP26-2600-P,2484.51,ETH-10SEP26,put,2600.0,2026-09-10T08:00:00+00:00,0.006453118686528761,0.046,0.0525,0.048913,0.04925,2484.51,ETH-10SEP26,0.4864,-0.8731,0.41518,0.0,0.0,0.006499999999999999,ETH,2484.52,0.0
2026-09-07T23:25:55.061738+00:00,ETH-26MAR27-4200-C,2534.56,ETH-26MAR27,call,4200.0,2027-03-26T08:00:00+00:00,0.5458097237515528,0.0305,0.0325,0.031457,0.0315,2534.56,ETH-26MAR27,0.5778,0.16627,4.67314,2903.0,0.0,0.0020000000000000018,ETH,2484.52,0.0
2026-09-07T23:25:55.061738+00:00,ETH-11SEP26-2460-P,2484.89,ETH-11SEP26,put,2460.0,2026-09-11T08:00:00+00:00,0.00919096947366086,0.0115,0.0125,0.012168,0.012,2484.89,ETH-11SEP26,0.43829999999999997,-0.39697,0.91855,100.0,100.0,0.0010000000000000009,ETH,2484.52,2865.52
2026-09-07T23:25:55.061738+00:00,ETH-9SEP26-2560-C,2484.42,ETH-9SEP26,call,2560.0,2026-09-09T08:00:00+00:00,0.0037152678993966587,0.0018,0.0022,0.001961,0.002,2484.42,ETH-9SEP26,0.4524,0.14181,0.33986,125.0,37.0,0.0004000000000000002,ETH,2484.52,455.39
2026-09-07T23:25:55.061738+00:00,ETH-30OCT26-1000-C,2495.54,ETH-30OCT26,call,1000.0,2026-10-30T08:00:00+00:00,0.14334565804313382,0.5985,0.601,0.599501,0.59975,2495.54,ETH-30OCT26,0.9016,0.99781,0.06513,0.0,0.0,0.0024999999999999467,ETH,2484.52,0.0
2026-09-07T23:25:55.061738+00:00,ETH-25JUN27-3100-P,2561.58,ETH-25JUN27,put,3100.0,2027-06-25T08:00:00+00:00,0.794954145380574,0.3345,0.34,0.337719,0.33725,2561.58,ETH-25JUN27,0.5581,-0.55337,9.0337,18.0,18.0,0.005500000000000005,ETH,2484.52,15047.07
2026-09-07T23:25:55.061738+00:00,ETH-25SEP26-9000-P,2489.08,ETH-25SEP26,put,9000.0,2026-09-25T08:00:00+00:00,0.047520880493510276,2.6035,2.6295,2.615853,2.6165,2489.08,ETH-25SEP26,1.3633000000000002,-0.99999,0.00036,0.0,0.0,0.026000000000000245,ETH,2484.52,0.0
2026-09-07T23:25:55.061738+00:00,ETH-9SEP26-2420-P,2484.42,ETH-9SEP26,put,2420.0,2026-09-09T08:00:00+00:00,0.0037152678993966587,0.002,0.0024,0.002233,0.0022,2484.42,ETH-9SEP26,0.4353,-0.15745,0.36444,158.0,80.0,0.00039999999999999975,ETH,2484.52,525.41
2026-09-07T23:25:55.061738+00:00,ETH-9SEP26-2350-P,2484.42,ETH-9SEP26,put,2350.0,2026-09-09T08:00:00+00:00,0.0037152678993966587,0.0004,0.0006,0.00051,0.0005,2484.42,ETH-9SEP26,0.5229,-0.03897,0.1277,116.0,116.0,0.00019999999999999993,ETH,2484.52,190.94
2026-09-07T23:25:55.061738+00:00,ETH-27NOV26-2700-C,2503.06,ETH-27NOV26,call,2700.0,2026-11-27T08:00:00+00:00,0.22000548008283266,0.0665,0.0675,0.067118,0.067,2503.06,ETH-27NOV26,0.5241,0.42674,4.60648,346.0,0.0,0.0010000000000000009,ETH,2484.52,0.0
2026-09-07T23:25:55.061738+00:00,ETH-18SEP26-2200-P,2486.79,ETH-18SEP26,put,2200.0,2026-09-18T08:00:00+00:00,0.028355924983585568,0.0034,0.0038,0.003612,0.0036,2486.79,ETH-18SEP26,0.5437,-0.08304,0.64052,5263.0,2023.0,0.0004000000000000002,ETH,2484.52,19592.3
2026-09-07T23:25:55.061738+00:00,ETH-25SEP26-2300-P,2489.08,ETH-25SEP26,put,2300.0,2026-09-25T08:00:00+00:00,0.047520880493510276,0.014,0.015,0.014666,0.0145,2489.08,ETH-25SEP26,0.5049,-0.21963,1.60564,5632.0,18.0,0.0009999999999999992,ETH,2484.52,632.6
2026-09-07T23:25:55.061738+00:00,ETH-25JUN27-2100-P,2561.61,ETH-25JUN27,put,2100.0,2027-06-25T08:00:00+00:00,0.794954145380574,0.103,0.1055,0.104267,0.10425,2561.61,ETH-25JUN27,0.5643,-0.25895,7.39588,589.0,0.0,0.0025000000000000022,ETH,2484.52,0.0
2026-09-07T23:25:55.061738+00:00,ETH-9SEP26-2540-P,2484.28,ETH-9SEP26,put,2540.0,2026-09-09T08:00:00+00:00,0.0037152678993966587,0.023,0.027,0.025403,0.025,2484.28,ETH-9SEP26,0.43170000000000003,-0.79584,0.42903,0.0,0.0,0.004,ETH,2484.52,0.0
2026-09-07T23:25:55.061738+00:00,ETH-25DEC26-1000-C,2509.76,ETH-25DEC26,call,1000.0,2026-12-25T08:00:00+00:00,0.2966653021225315,0.6015,0.6045,0.603186,0.603,2509.76,ETH-25DEC26,0.7970999999999999,0.99025,0.35648,73.0,0.0,0.0030000000000000027,ETH,2484.52,0.0
2026-09-07T23:25:55.061738+00:00,ETH-25DEC26-2800-P,2509.76,ETH-25DEC26,put,2800.0,2026-12-25T08:00:00+00:00,0.2966653021225315,0.1865,0.188,0.187331,0.18725,2509.76,ETH-25DEC26,0.5275,-0.59368,5.30424,2887.0,363.0,0.0015000000000000013,ETH,2484.52,166747.58
2026-09-07T23:25:55.061738+00:00,ETH-25SEP26-2450-P,2489.22,ETH-25SEP26,put,2450.0,2026-09-25T08:00:00+00:00,0.047520880493510276,0.0345,0.0355,0.035221,0.035,2489.22,ETH-25SEP26,0.4939,-0.42012,2.12191,114.0,62.0,0.000999999999999994,ETH,2484.52,5065.1
2026-09-07T23:25:55.061738+00:00,ETH-27NOV26-3100-C,2503.06,ETH-27NOV26,call,3100.0,2026-11-27T08:00:00+00:00,0.22000548008283266,0.032,0.033,0.032328,0.0325,2503.06,ETH-27NOV26,0.5478999999999999,0.241,3.6596,40.0,0.0,0.0010000000000000009,ETH,2484.52,0.0
2026-09-07T23:25:55.061738+00:00,ETH-30OCT26-1800-P,2495.4,ETH-30OCT26,put,1800.0,2026-10-30T08:00:00+00:00,0.14334565804313382,0.0055,0.0065,0.006009,0.006,2495.4,ETH-30OCT26,0.5893,-0.05757,1.08999,1273.0,0.0,0.001,ETH,2484.52,0.0
2026-09-07T23:25:55.061738+00:00,ETH-25DEC26-4400-P,2509.62,ETH-25DEC26,put,4400.0,2026-12-25T08:00:00+00:00,0.2966653021225315,0.7535,0.77,0.761725,0.76175,2509.62,ETH-25DEC26,0.6143,-0.93447,1.74487,20.0,0.0,0.01650000000000007,ETH,2484.52,0.0
2026-09-07T23:25:55.061738+00:00,ETH-25SEP26-3400-C,2489.08,ETH-25SEP26,call,3400.0,2026-09-25T08:00:00+00:00,0.047520880493510276,0.0011,0.0013,0.001197,0.0012,2489.08,ETH-25SEP26,0.6878,0.02254,0.29083,9685.0,90.0,0.00019999999999999987,ETH,2484.52,280.39
2026-09-07T23:25:55.061738+00:00,ETH-10SEP26-2620-P,2484.51,ETH-10SEP26,put,2620.0,2026-09-10T08:00:00+00:00,0.006453118686528761,0.053,0.0595,0.056373,0.05625,2484.51,ETH-10SEP26,0.5025999999999999,-0.90197,0.34519,0.0,0.0,0.006499999999999999,ETH,2484.52,0.0
2026-09-07T23:25:55.061738+00:00,ETH-25SEP26-4400-P,2489.22,ETH-25SEP26,put,4400.0,2026-09-25T08:00:00+00:00,0.047520880493510276,0.762,0.7745,0.767878,0.76825,2489.22,ETH-25SEP26,0.8934000000000001,-0.99765,0.03989,281.0,0.0,0.012499999999999956,ETH,2484.52,0.0
2026-09-07T23:25:55.061738+00:00,ETH-11SEP26-1800-C,2484.89,ETH-11SEP26,call,1800.0,2026-09-11T08:00:00+00:00,0.00919096947366086,0.274,0.278,0.275653,0.276,2484.89,ETH-11SEP26,1.1963,0.99794,0.01552,0.0,0.0,0.0040000000000000036,ETH,2484.52,0.0
2026-09-07T23:25:55.061738+00:00,ETH-25DEC26-7000-P,2509.76,ETH-25DEC26,put,7000.0,2026-12-25T08:00:00+00:00,0.2966653021225315,1.7695,1.8085,1.790503,1.789,2509.76,ETH-25DEC26,0.7456,-0.98988,0.36835,0.0,0.0,0.038999999999999924,ETH,2484.52,0.0
2026-09-07T23:25:55.061738+00:00,ETH-25JUN27-4000-C,2561.58,ETH-25JUN27,call,4000.0,2027-06-25T08:00:00+00:00,0.794954145380574,0.0645,0.0665,0.065447,0.0655,2561.58,ETH-25JUN27,0.5706,0.26725,7.51614,4555.0,0.0,0.0020000000000000018,ETH,2484.52,0.0
2026-09-07T23:25:55.061738+00:00,ETH-18SEP26-2900-P,2486.79,ETH-18SEP26,put,2900.0,2026-09-18T08:00:00+00:00,0.028355924983585568,0.1655,0.172,0.169234,0.16875,2486.79,ETH-18SEP26,0.6006,-0.92896,0.56885,0.0,0.0,0.006499999999999978,ETH,2484.53,0.0
2026-09-07T23:25:55.061738+00:00,ETH-26MAR27-1800-C,2534.56,ETH-26MAR27,call,1800.0,2027-03-26T08:00:00+00:00,0.5458097237515528,0.3305,0.3345,0.332362,0.3325,2534.56,ETH-26MAR27,0.5778,0.84499,4.46408,3427.0,0.0,0.0040000000000000036,ETH,2484.52,0.0
2026-09-07T23:25:55.061738+00:00,ETH-8SEP26-2350-P,2483.97,ETH-8SEP26,put,2350.0,2026-09-08T08:00:00+00:00,0.0009774171122645574,,0.0001,5e-06,,2483.97,ETH-8SEP26,0.5735,-0.00092,0.00242,0.0,0.0,,ETH,2484.53,0.0
2026-09-07T23:25:55.061738+00:00,ETH-9SEP26-2250-C,2484.28,ETH-9SEP26,call,2250.0,2026-09-09T08:00:00+00:00,0.0037152678993966587,0.092,0.0965,0.094423,0.09425,2484.28,ETH-9SEP26,0.6953,0.9909,0.03715,18.0,0.0,0.004500000000000004,ETH,2484.53,0.0
2026-09-07T23:25:55.061738+00:00,ETH-11SEP26-2100-C,2484.75,ETH-11SEP26,call,2100.0,2026-09-11T08:00:00+00:00,0.00919096947366086,0.1535,0.1575,0.155163,0.1555,2484.75,ETH-11SEP26,0.7894,0.98814,0.07363,37.0,54.0,0.0040000000000000036,ETH,2484.53,21391.03
2026-09-07T23:25:55.061738+00:00,ETH-25JUN27-1900-C,2561.61,ETH-25JUN27,call,1900.0,2027-06-25T08:00:00+00:00,0.794954145380574,0.33,0.3355,0.333331,0.33275,2561.61,ETH-25JUN27,0.5740999999999999,0.79946,6.40724,115.0,0.0,0.005500000000000005,ETH,2484.53,0.0
2026-09-07T23:25:55.061738+00:00,ETH-26MAR27-2000-P,2534.56,ETH-26MAR27,put,2000.0,2027-03-26T08:00:00+00:00,0.5458097237515528,0.0635,0.0655,0.064643,0.0645,2534.56,ETH-26MAR27,0.5624,-0.2183,5.52203,1914.0,2.0,0.0020000000000000018,ETH,2484.53,322.71
2026-09-07T23:25:55.061738+00:00,ETH-25JUN27-3900-C,2561.61,ETH-25JUN27,call,3900.0,2027-06-25T08:00:00+00:00,0.794954145380574,0.069,0.0715,0.070159,0.07025,2561.61,ETH-25JUN27,0.5688,0.28272,7.72741,160.0,0.0,0.0024999999999999883,ETH,2484.53,0.0
2026-09-07T23:25:55.061738+00:00,ETH-25SEP26-2100-P,2489.22,ETH-25SEP26,put,2100.0,2026-09-25T08:00:00+00:00,0.047520880493510276,0.0038,0.0042,0.00409,0.004,2489.22,ETH-25SEP26,0.5569,-0.07199,0.74467,37194.0,620.0,0.00039999999999999975,ETH,2484.53,6572.61
2026-09-07T23:25:55.061738+00:00,ETH-27NOV26-2150-C,2503.06,ETH-27NOV26,call,2150.0,2026-11-27T08:00:00+00:00,0.22000548008283266,0.1775,0.1815,0.179497,0.1795,2503.06,ETH-27NOV26,0.5333,0.76822,3.58177,0.0,0.0,0.0040000000000000036,ETH,2484.53,0.0
2026-09-07T23:25:55.061738+00:00,ETH-27NOV26-3400-C,2503.06,ETH-27NOV26,call,3400.0,2026-11-27T08:00:00+00:00,0.22000548008283266,0.019,0.02,0.019449,0.0195,2503.06,ETH-27NOV26,0.5702,0.15608,2.81164,359.0,46.0,0.0010000000000000009,ETH,2484.53,2100.85
2026-09-07T23:25:55.061738+00:00,ETH-11SEP26-2400-P,2484.75,ETH-11SEP26,put,2400.0,2026-09-11T08:00:00+00:00,0.00919096947366086,0.0048,0.0055,0.005149,0.00515,2484.75,ETH-11SEP26,0.4534,-0.20554,0.67796,6059.0,486.0,0.0007000000000000001,ETH,2484.53,6539.68
2026-09-07T23:25:55.061738+00:00,ETH-27NOV26-3000-C,2503.06,ETH-27NOV26,call,3000.0,2026-11-27T08:00:00+00:00,0.22000548008283266,0.038,0.0395,0.038648,0.03875,2503.06,ETH-27NOV26,0.5412,0.27894,3.94646,352.0,0.0,0.0015000000000000013,ETH,2484.58,0.0
2026-09-07T23:25:55.061738+00:00,ETH-25SEP26-16000-P,2489.08,ETH-25SEP26,put,16000.0,2026-09-25T08:00:00+00:00,0.047520880493510276,5.402,5.457,5.428182,5.4295,2489.08,ETH-25SEP26,1.8954,-0.99999,0.00021,30.0,0.0,0.054999999999999716,ETH,2484.58,0.0
2026-09-07T23:25:55.061738+00:00,ETH-25SEP26-2050-P,2489.08,ETH-25SEP26,put,2050.0,2026-09-25T08:00:00+00:00,0.047520880493510276,0.0028,0.0032,0.003036,0.003,2489.08,ETH-25SEP26,0.5771999999999999,-0.05417,0.59658,4005.0,1.0,0.0004000000000000002,ETH,2484.58,7.79
2026-09-07T23:25:55.061738+00:00,ETH-10SEP26-2500-P,2484.51,ETH-10SEP26,put,2500.0,2026-09-10T08:00:00+00:00,0.006453118686528761,0.0165,0.0175,0.017108,0.017,2484.51,ETH-10SEP26,0.42810000000000004,-0.56398,0.78594,41.0,41.0,0.0010000000000000009,ETH,2484.58,1191.82
2026-09-07T23:25:55.061738+00:00,ETH-25JUN27-6000-C,2561.61,ETH-25JUN27,call,6000.0,2027-06-25T08:00:00+00:00,0.794954145380574,0.0195,0.0215,0.020516,0.0205,2561.61,ETH-25JUN27,0.6103000000000001,0.09829,3.95987,1394.0,1.0,0.0019999999999999983,ETH,2484.58,51.1
2026-09-07T23:25:55.061738+00:00,ETH-11SEP26-3000-P,2484.89,ETH-11SEP26,put,3000.0,2026-09-11T08:00:00+00:00,0.00919096947366086,0.204,0.2105,0.207477,0.20725,2484.89,ETH-11SEP26,0.7526,-0.99497,0.03461,0.0,0.0,0.006500000000000006,ETH,2484.58,0.0
2026-09-07T23:25:55.061738+00:00,ETH-26MAR27-4500-P,2534.56,ETH-26MAR27,put,4500.0,2027-03-26T08:00:00+00:00,0.5458097237515528,0.7905,0.8085,0.800205,0.7995,2534.56,ETH-26MAR27,0.5871999999999999,-0.86556,4.0557,0.0,0.0,0.018000000000000016,ETH,2484.58,0.0
2026-09-07T23:25:55.061738+00:00,ETH-9SEP26-2800-P,2484.42,ETH-9SEP26,put,2800.0,2026-09-09T08:00:00+00:00,0.0037152678993966587,0.124,0.131,0.127137,0.1275,2484.42,ETH-9SEP26,0.695,-0.99746,0.01192,0.0,0.0,0.007000000000000006,ETH,2484.58,0.0
2026-09-07T23:25:55.061738+00:00,ETH-25SEP26-1600-C,2489.08,ETH-25SEP26,call,1600.0,2026-09-25T08:00:00+00:00,0.047520880493510276,0.356,0.3595,0.357533,0.35775,2489.08,ETH-25SEP26,0.8311,0.99428,0.08848,3418.0,0.0,0.003500000000000003,ETH,2484.58,0.0
2026-09-07T23:25:55.061738+00:00,ETH-27NOV26-4200-P,2503.06,ETH-27NOV26,put,4200.0,2026-11-27T08:00:00+00:00,0.22000548008283266,0.6745,0.693,0.684499,0.68375,2503.06,ETH-27NOV26,0.6365999999999999,-0.94332,1.33803,0.0,0.0,0.01849999999999996,ETH,2484.58,0.0
2026-09-07T23:25:55.061738+00:00,ETH-27NOV26-1600-P,2503.06,ETH-27NOV26,put,1600.0,2026-11-27T08:00:00+00:00,0.22000548008283266,0.0065,0.0075,0.007002,0.007,2503.06,ETH-27NOV26,0.6372,-0.04983,1.20797,59.0,0.0,0.001,ETH,2484.58,0.0
2026-09-07T23:25:55.061738+00:00,ETH-27NOV26-2300-P,2503.2,ETH-27NOV26,put,2300.0,2026-11-27T08:00:00+00:00,0.22000548008283266,0.058,0.059,0.058671,0.0585,2503.2,ETH-27NOV26,0.5232,-0.32002,4.20031,302.0,0.0,0.000999999999999994,ETH,2484.58,0.0
2026-09-07T23:25:55.061738+00:00,ETH-8SEP26-2250-C,2483.97,ETH-8SEP26,call,2250.0,2026-09-08T08:00:00+00:00,0.0009774171122645574,0.091,0.097,0.094148,0.094,2483.97,ETH-8SEP26,0.7390000000000001,0.99999,3e-05,0.0,0.0,0.006000000000000005,ETH,2484.58,0.0
2026-09-07T23:25:55.061738+00:00,ETH-26MAR27-3000-P,2534.56,ETH-26MAR27,put,3000.0,2027-03-26T08:00:00+00:00,0.5458097237515528,0.28,0.284,0.281906,0.282,2534.56,ETH-26MAR27,0.5484,-0.58436,7.30577,370.0,0.0,0.003999999999999948,ETH,2484.58,0.0
2026-09-07T23:25:55.061738+00:00,ETH-25DEC26-5200-P,2509.62,ETH-25DEC26,put,5200.0,2026-12-25T08:00:00+00:00,0.2966653021225315,1.0625,1.088,1.076157,1.07525,2509.62,ETH-25DEC26,0.6620999999999999,-0.96704,1.00571,0.0,0.0,0.025500000000000078,ETH,2484.57,0.0
2026-09-07T23:25:55.061738+00:00,ETH-25JUN27-3900-P,2561.58,ETH-25JUN27,put,3900.0,2027-06-25T08:00:00+00:00,0.794954145380574,0.5845,0.599,0.592711,0.59175,2561.58,ETH-25JUN27,0.5688,-0.71728,7.72742,0.0,0.0,0.014499999999999957,ETH,2484.58,0.0
2026-09-07T23:25:55.061738+00:00,ETH-25DEC26-4800-C,2509.76,ETH-25DEC26,call,4800.0,2026-12-25T08:00:00+00:00,0.2966653021225315,0.0055,0.006,0.005733,0.00575,2509.76,ETH-25DEC26,0.6378,0.04532,1.30348,2708.0,17.0,0.0005000000000000004,ETH,2484.57,231.89
2026-09-07T23:25:55.061738+00:00,ETH-25JUN27-4400-C,2561.58,ETH-25JUN27,call,4400.0,2027-06-25T08:00:00+00:00,0.794954145380574,0.049,0.051,0.050009,0.05,2561.58,ETH-25JUN27,0.5776,0.21409,6.65982,173.0,0.0,0.001999999999999995,ETH,2484.58,0.0
2026-09-07T23:25:55.061738+00:00,ETH-9SEP26-2400-P,2484.42,ETH-9SEP26,put,2400.0,2026-09-09T08:00:00+00:00,0.0037152678993966587,0.0013,0.0016,0.001444,0.00145,2484.42,ETH-9SEP26,0.4596,-0.10559,0.27637,416.0,425.0,0.00030000000000000014,ETH,2484.57,1916.48
2026-09-07T23:25:55.061738+00:00,ETH-25JUN27-2000-P,2561.61,ETH-25JUN27,put,2000.0,2027-06-25T08:00:00+00:00,0.794954145380574,0.0875,0.09,0.088866,0.08875,2561.61,ETH-25JUN27,0.5686,-0.22912,6.92316,1802.0,0.0,0.0025000000000000022,ETH,2484.57,0.0
2026-09-07T23:25:55.061738+00:00,ETH-11SEP26-2480-C,2484.89,ETH-11SEP26,call,2480.0,2026-09-11T08:00:00+00:00,0.00919096947366086,0.0175,0.0185,0.017817,0.018,2484.89,ETH-11SEP26,0.4409,0.52746,0.9482,196.0,196.0,0.0009999999999999974,ETH,2484.57,11034.08
2026-09-07T23:25:55.061738+00:00,ETH-25SEP26-2050-C,2489.08,ETH-25SEP26,call,2050.0,2026-09-25T08:00:00+00:00,0.047520880493510276,0.1775,0.182,0.179425,0.17975,2489.08,ETH-25SEP26,0.5771999999999999,0.94585,0.59644,19.0,0.0,0.004500000000000004,ETH,2484.57,0.0
2026-09-07T23:25:55.061738+00:00,ETH-8SEP26-2300-C,2483.97,ETH-8SEP26,call,2300.0,2026-09-08T08:00:00+00:00,0.0009774171122645574,0.071,0.077,0.074018,0.074,2483.97,ETH-8SEP26,0.6275999999999999,0.99996,0.00013,0.0,0.0,0.006000000000000005,ETH,2484.61,0.0
2026-09-07T23:25:55.061738+00:00,ETH-11SEP26-2540-P,2484.89,ETH-11SEP26,put,2540.0,2026-09-11T08:00:00+00:00,0.00919096947366086,0.0285,0.0325,0.031027,0.0305,2484.89,ETH-11SEP26,0.4587,-0.68274,0.84891,0.0,0.0,0.004,ETH,2484.61,0.0
2026-09-07T23:25:55.061738+00:00,ETH-25DEC26-2700-P,2509.76,ETH-25DEC26,put,2700.0,2026-12-25T08:00:00+00:00,0.2966653021225315,0.159,0.1605,0.159743,0.15975,2509.76,ETH-25DEC26,0.5247999999999999,-0.54476,5.42107,1122.0,151.0,0.0015000000000000013,ETH,2484.61,59853.4
2026-09-07T23:25:55.061738+00:00,ETH-25SEP26-7500-C,2489.08,ETH-25SEP26,call,7500.0,2026-09-25T08:00:00+00:00,0.047520880493510276,,0.0001,1e-06,,2489.08,ETH-25SEP26,1.1895,2e-05,0.00044,2159.0,0.0,,ETH,2484.61,0.0
2026-09-07T23:25:55.061738+00:00,ETH-25SEP26-6800-P,2489.22,ETH-25SEP26,put,6800.0,2026-09-25T08:00:00+00:00,0.047520880493510276,1.7215,1.7425,1.731978,1.732,2489.22,ETH-25SEP26,1.1040999999999999,-0.99997,0.00059,0.0,0.0,0.020999999999999908,ETH,2484.61,0.0
2026-09-07T23:25:55.061738+00:00,ETH-27NOV26-2650-P,2503.2,ETH-27NOV26,put,2650.0,2026-11-27T08:00:00+00:00,0.22000548008283266,0.1315,0.133,0.132468,0.13225,2503.2,ETH-27NOV26,0.5223,-0.54374,4.65758,100.0,0.0,0.0015000000000000013,ETH,2484.61,0.0
2026-09-07T23:25:55.061738+00:00,ETH-10SEP26-2660-C,2484.65,ETH-10SEP26,call,2660.0,2026-09-10T08:00:00+00:00,0.006453118686528761,0.0009,0.0012,0.001034,0.00105,2484.65,ETH-10SEP26,0.532,0.05787,0.23111,191.0,102.0,0.0002999999999999999,ETH,2484.61,743.8
2026-09-07T23:25:55.061738+00:00,ETH-25DEC26-7000-C,2509.76,ETH-25DEC26,call,7000.0,2026-12-25T08:00:00+00:00,0.2966653021225315,0.001,0.0015,0.001237,0.00125,2509.76,ETH-25DEC26,0.7456,0.01012,0.3684,3002.0,0.0,0.0005,ETH,2484.62,0.0
2026-09-07T23:25:55.061738+00:00,ETH-25SEP26-2250-P,2489.22,ETH-25SEP26,put,2250.0,2026-09-25T08:00:00+00:00,0.047520880493510276,0.01,0.011,0.010666,0.0105,2489.22,ETH-25SEP26,0.5138,-0.16891,1.36795,4447.0,13.0,0.0009999999999999992,ETH,2484.62,320.31
2026-09-07T23:25:55.061738+00:00,ETH-8SEP26-2400-P,2483.97,ETH-8SEP26,put,2400.0,2026-09-08T08:00:00+00:00,0.0009774171122645574,,0.0002,7.4e-05,,2483.97,ETH-8SEP26,0.4988,-0.01299,0.0259,874.0,870.0,,ETH,2484.62,992.06
2026-09-07T23:25:55.061738+00:00,ETH-11SEP26-2350-C,2484.75,ETH-11SEP26,call,2350.0,2026-09-11T08:00:00+00:00,0.00919096947366086,0.055,0.059,0.056676,0.057,2484.75,ETH-11SEP26,0.4797,0.89217,0.44163,275.0,118.0,0.003999999999999997,ETH,2484.62,18389.07
2026-09-07T23:25:55.061738+00:00,ETH-25DEC26-1800-P,2509.76,ETH-25DEC26,put,1800.0,2026-12-25T08:00:00+00:00,0.2966653021225315,0.019,0.02,0.019529,0.0195,2509.76,ETH-25DEC26,0.5752,-0.11173,2.60023,5256.0,1.0,0.0010000000000000009,ETH,2484.62,46.46
2026-09-07T23:25:55.061738+00:00,ETH-18SEP26-3000-C,2486.79,ETH-18SEP26,call,3000.0,2026-09-18T08:00:00+00:00,0.028355924983585568,0.0017,0.0021,0.001875,0.0019,2486.79,ETH-18SEP26,0.6347999999999999,0.04456,0.39396,727.0,3.0,0.00039999999999999996,ETH,2484.62,15.71
2026-09-07T23:25:55.061738+00:00,ETH-27NOV26-3600-C,2503.06,ETH-27NOV26,call,3600.0,2026-11-27T08:00:00+00:00,0.22000548008283266,0.014,0.015,0.014335,0.0145,2503.06,ETH-27NOV26,0.5871,0.11878,2.33265,1723.0,0.0,0.0009999999999999992,ETH,2484.62,0.0
2026-09-07T23:25:55.061738+00:00,ETH-25JUN27-1400-P,2561.61,ETH-25JUN27,put,1400.0,2027-06-25T08:00:00+00:00,0.794954145380574,0.0275,0.029,0.028293,0.02825,2561.61,ETH-25JUN27,0.6236999999999999,-0.08622,3.59385,1801.0,1.0,0.0015000000000000013,ETH,2484.62,66.49
2026-09-07T23:25:55.061738+00:00,ETH-10SEP26-2560-C,2484.51,ETH-10SEP26,call,2560.0,2026-09-10T08:00:00+00:00,0.006453118686528761,0.0042,0.0046,0.004419,0.0044,2484.51,ETH-10SEP26,0.4597,0.21511,0.58335,247.0,112.0,0.0004000000000000002,ETH,2484.62,1953.72
2026-09-07T23:25:55.061738+00:00,ETH-8SEP26-2680-C,2483.97,ETH-8SEP26,call,2680.0,2026-09-08T08:00:00+00:00,0.0009774171122645574,,0.0001,0.0,,2483.97,ETH-8SEP26,0.6151,4e-05,0.00013,276.0,251.0,,ETH,2484.61,124.98
2026-09-07T23:25:55.061738+00:00,ETH-25JUN27-1600-C,2561.58,ETH-25JUN27,call,1600.0,2027-06-25T08:00:00+00:00,0.794954145380574,0.415,0.4205,0.418287,0.41775,2561.58,ETH-25JUN27,0.5987,0.87462,4.71356,379.0,0.0,0.005500000000000005,ETH,2484.62,0.0
2026-09-07T23:25:55.061738+00:00,ETH-27NOV26-2950-C,2503.06,ETH-27NOV26,call,2950.0,2026-11-27T08:00:00+00:00,0.22000548008283266,0.042,0.043,0.042281,0.0425,2503.06,ETH-27NOV26,0.5378000000000001,0.29994,4.08349,150.0,0.0,0.000999999999999994,ETH,2484.61,0.0
2026-09-07T23:25:55.061738+00:00,ETH-27NOV26-2750-C,2503.06,ETH-27NOV26,call,2750.0,2026-11-27T08:00:00+00:00,0.22000548008283266,0.0605,0.062,0.061106,0.06125,2503.06,ETH-27NOV26,0.5262,0.39851,4.53332,533.0,0.0,0.0015000000000000013,ETH,2484.61,0.0
2026-09-07T23:25:55.061738+00:00,ETH-25DEC26-5000-C,2509.62,ETH-25DEC26,call,5000.0,2026-12-25T08:00:00+00:00,0.2966653021225315,0.0046,0.0055,0.005024,0.00505,2509.62,ETH-25DEC26,0.6541,0.03957,1.16811,4228.0,0.0,0.0008999999999999998,ETH,2484.61,0.0
2026-09-07T23:25:55.061738+00:00,ETH-26MAR27-2900-P,2534.53,ETH-26MAR27,put,2900.0,2027-03-26T08:00:00+00:00,0.5458097237515528,0.251,0.255,0.253277,0.253,2534.53,ETH-26MAR27,0.5474,-0.55186,7.41042,258.0,0.0,0.0040000000000000036,ETH,2484.61,0.0
2026-09-07T23:25:55.061738+00:00,ETH-9SEP26-2280-C,2484.42,ETH-9SEP26,call,2280.0,2026-09-09T08:00:00+00:00,0.0037152678993966587,0.079,0.085,0.082365,0.082,2484.42,ETH-9SEP26,0.6235,0.98871,0.04484,18.0,18.0,0.006000000000000005,ETH,2484.61,3862.99
2026-09-07T23:25:55.061738+00:00,ETH-25JUN27-4500-C,2561.61,ETH-25JUN27,call,4500.0,2027-06-25T08:00:00+00:00,0.794954145380574,0.046,0.048,0.046937,0.047,2561.61,ETH-25JUN27,0.5797,0.20297,6.45371,1489.0,0.0,0.0020000000000000018,ETH,2484.61,0.0
2026-09-07T23:25:55.061738+00:00,ETH-25SEP26-4500-C,2489.08,ETH-25SEP26,call,4500.0,2026-09-25T08:00:00+00:00,0.047520880493510276,,0.0002,0.000116,,2489.08,ETH-25SEP26,0.9164,0.0021,0.03594,8196.0,0.0,,ETH,2484.6,0.0
2026-09-07T23:25:55.061738+00:00,ETH-25SEP26-2750-P,2489.08,ETH-25SEP26,put,2750.0,2026-09-25T08:00:00+00:00,0.047520880493510276,0.1145,0.1215,0.117867,0.118,2489.08,ETH-25SEP26,0.5297,-0.78941,1.567,0.0,0.0,0.006999999999999992,ETH,2484.6,0.0
2026-09-07T23:25:55.061738+00:00,ETH-27NOV26-2900-C,2503.06,ETH-27NOV26,call,2900.0,2026-11-27T08:00:00+00:00,0.22000548008283266,0.046,0.047,0.046304,0.0465,2503.06,ETH-27NOV26,0.5345,0.32236,4.21319,147.0,10.0,0.0010000000000000009,ETH,2484.6,1243.57
2026-09-07T23:25:55.061738+00:00,ETH-26MAR27-4400-P,2534.56,ETH-26MAR27,put,4400.0,2027-03-26T08:00:00+00:00,0.5458097237515528,0.753,0.771,0.762781,0.762,2534.56,ETH-26MAR27,0.584,-0.85586,4.25281,2.0,0.0,0.018000000000000016,ETH,2484.6,0.0
2026-09-07T23:25:55.061738+00:00,ETH-9SEP26-2580-C,2484.42,ETH-9SEP26,call,2580.0,2026-09-09T08:00:00+00:00,0.0037152678993966587,0.0012,0.0015,0.00131,0.00135,2484.42,ETH-9SEP26,0.4736,0.09825,0.26225,464.0,422.0,0.00030000000000000014,ETH,2484.6,3312.7
2026-09-07T23:25:55.061738+00:00,ETH-30OCT26-1600-P,2495.4,ETH-30OCT26,put,1600.0,2026-10-30T08:00:00+00:00,0.14334565804313382,0.0027,0.0032,0.00288,0.00295,2495.4,ETH-30OCT26,0.655,-0.02769,0.60162,2121.0,1.0,0.0005,ETH,2484.6,6.97
2026-09-07T23:25:55.061738+00:00,ETH-25JUN27-4200-C,2561.61,ETH-25JUN27,call,4200.0,2027-06-25T08:00:00+00:00,0.794954145380574,0.056,0.0585,0.0571,0.05725,2561.61,ETH-25JUN27,0.5740999999999999,0.23904,7.08775,576.0,0.0,0.0025000000000000022,ETH,2484.6,0.0
2026-09-07T23:25:55.061738+00:00,ETH-25SEP26-7000-C,2489.08,ETH-25SEP26,call,7000.0,2026-09-25T08:00:00+00:00,0.047520880493510276,,0.0001,1e-06,,2489.08,ETH-25SEP26,1.1240999999999999,2e-05,0.00049,2135.0,0.0,,ETH,2484.58,0.0
2026-09-07T23:25:55.061738+00:00,ETH-27NOV26-2500-P,2503.06,ETH-27NOV26,put,2500.0,2026-11-27T08:00:00+00:00,0.22000548008283266,0.0955,0.097,0.096272,0.09625,2503.06,ETH-27NOV26,0.519,-0.44942,4.64802,422.0,0.0,0.0015000000000000013,ETH,2484.58,0.0
2026-09-07T23:25:55.061738+00:00,ETH-25SEP26-11000-P,2489.08,ETH-25SEP26,put,11000.0,2026-09-25T08:00:00+00:00,0.047520880493510276,3.403,3.4365,3.419375,3.41975,2489.08,ETH-25SEP26,1.5529,-0.99999,0.0003,0.0,0.0,0.033500000000000085,ETH,2484.58,0.0
2026-09-07T23:25:55.061738+00:00,ETH-11SEP26-2250-C,2484.75,ETH-11SEP26,call,2250.0,2026-09-11T08:00:00+00:00,0.00919096947366086,0.0935,0.098,0.095384,0.09575,2484.75,ETH-11SEP26,0.596,0.96145,0.19924,279.0,0.0,0.004500000000000004,ETH,2484.58,0.0
2026-09-07T23:25:55.061738+00:00,ETH-18SEP26-2650-C,2486.79,ETH-18SEP26,call,2650.0,2026-09-18T08:00:00+00:00,0.028355924983585568,0.012,0.0125,0.012271,0.01225,2486.79,ETH-18SEP26,0.5184000000000001,0.24732,1.32357,1883.0,441.0,0.0005000000000000004,ETH,2484.58,16847.57
2026-09-07T23:25:55.061738+00:00,ETH-25SEP26-3300-P,2489.22,ETH-25SEP26,put,3300.0,2026-09-25T08:00:00+00:00,0.047520880493510276,0.3225,0.3325,0.327401,0.3275,2489.22,ETH-25SEP26,0.6617000000000001,-0.97006,0.36877,3.0,0.0,0.010000000000000009,ETH,2484.58,0.0
2026-09-07T23:25:55.061738+00:00,ETH-26MAR27-1000-C,2534.56,ETH-26MAR27,call,1000.0,2027-03-26T08:00:00+00:00,0.5458097237515528,0.61,0.613,0.611432,0.6115,2534.56,ETH-26MAR27,0.7375,0.97609,1.05455,269.0,0.0,0.0030000000000000027,ETH,2484.58,0.0
2026-09-07T23:25:55.061738+00:00,ETH-25JUN27-3300-C,2561.61,ETH-25JUN27,call,3300.0,2027-06-25T08:00:00+00:00,0.794954145380574,0.108,0.111,0.109284,0.1095,2561.61,ETH-25JUN27,0.5605,0.39877,8.82048,2273.0,0.0,0.0030000000000000027,ETH,2484.58,0.0
2026-09-07T23:25:55.061738+00:00,ETH-27NOV26-4000-C,2503.06,ETH-27NOV26,call,4000.0,2026-11-27T08:00:00+00:00,0.22000548008283266,0.008,0.0085,0.008176,0.00825,2503.06,ETH-27NOV26,0.6188,0.07091,1.59278,78.0,1.0,0.0005000000000000004,ETH,2484.56,22.68
2026-09-07T23:25:55.061738+00:00,ETH-11SEP26-2420-P,2484.75,ETH-11SEP26,put,2420.0,2026-09-11T08:00:00+00:00,0.00919096947366086,0.0065,0.0075,0.006916,0.007,2484.75,ETH-11SEP26,0.446,-0.26062,0.77373,529.0,575.0,0.001,ETH,2484.56,8901.39
2026-09-07T23:25:55.061738+00:00,ETH-9SEP26-2280-P,2484.42,ETH-9SEP26,put,2280.0,2026-09-09T08:00:00+00:00,0.0037152678993966587,0.0001,0.0002,0.000151,0.00015,2484.42,ETH-9SEP26,0.6235,-0.01131,0.04489,26.0,13.0,0.0001,ETH,2484.56,4.99
2026-09-07T23:25:55.061738+00:00,ETH-25JUN27-1500-C,2561.58,ETH-25JUN27,call,1500.0,2027-06-25T08:00:00+00:00,0.794954145380574,0.4465,0.4515,0.449346,0.449,2561.58,ETH-25JUN27,0.6099,0.89544,4.1422,50.0,0.0,0.0050000000000000044,ETH,2484.56,0.0
2026-09-07T23:25:55.061738+00:00,ETH-25SEP26-8000-C,2489.08,ETH-25SEP26,call,8000.0,2026-09-25T08:00:00+00:00,0.047520880493510276,,0.0001,1e-06,,2489.08,ETH-25SEP26,1.2502,2e-05,0.0004,1654.0,0.0,,ETH,2484.56,0.0
2026-09-07T23:25:55.061738+00:00,ETH-9SEP26-2580-P,2484.42,ETH-9SEP26,put,2580.0,2026-09-09T08:00:00+00:00,0.0037152678993966587,0.037,0.043,0.039857,0.04,2484.42,ETH-9SEP26,0.4736,-0.90184,0.26207,0.0,0.0,0.005999999999999998,ETH,2484.56,0.0
2026-09-07T23:25:55.061738+00:00,ETH-25DEC26-6500-P,2509.76,ETH-25DEC26,put,6500.0,2026-12-25T08:00:00+00:00,0.2966653021225315,1.5745,1.606,1.591757,1.59025,2509.76,ETH-25DEC26,0.7286,-0.98605,0.48652,0.0,0.0,0.031500000000000083,ETH,2484.56,0.0
2026-09-07T23:25:55.061738+00:00,ETH-25SEP26-4200-P,2489.22,ETH-25SEP26,put,4200.0,2026-09-25T08:00:00+00:00,0.047520880493510276,0.682,0.6935,0.68754,0.68775,2489.22,ETH-25SEP26,0.8362999999999999,-0.99726,0.04578,551.0,0.0,0.011499999999999955,ETH,2484.56,0.0
2026-09-07T23:25:55.061738+00:00,ETH-26MAR27-3600-C,2534.56,ETH-26MAR27,call,3600.0,2027-03-26T08:00:00+00:00,0.5458097237515528,0.053,0.055,0.054033,0.054,2534.56,ETH-26MAR27,0.5611999999999999,0.26159,6.09545,2292.0,0.0,0.0020000000000000018,ETH,2484.56,0.0
2026-09-07T23:25:55.061738+00:00,ETH-26MAR27-3400-P,2534.56,ETH-26MAR27,put,3400.0,2027-03-26T08:00:00+00:00,0.5458097237515528,0.401,0.413,0.407149,0.407,2534.56,ETH-26MAR27,0.5565,-0.69441,6.56752,6.0,0.0,0.011999999999999955,ETH,2484.56,0.0
2026-09-07T23:25:55.061738+00:00,ETH-30OCT26-1400-C,2495.54,ETH-30OCT26,call,1400.0,2026-10-30T08:00:00+00:00,0.14334565804313382,0.439,0.4425,0.440351,0.44075,2495.54,ETH-30OCT26,0.732,0.98692,0.31809,50.0,0.0,0.003500000000000003,ETH,2484.56,0.0
2026-09-07T23:25:55.061738+00:00,ETH-25DEC26-2600-C,2509.76,ETH-25DEC26,call,2600.0,2026-12-25T08:00:00+00:00,0.2966653021225315,0.098,0.099,0.098318,0.0985,2509.76,ETH-25DEC26,0.5235,0.5075,5.4544,9775.0,48.0,0.0010000000000000009,ETH,2484.56,12099.61
2026-09-07T23:25:55.061738+00:00,ETH-10SEP26-2700-P,2484.51,ETH-10SEP26,put,2700.0,2026-09-10T08:00:00+00:00,0.006453118686528761,0.084,0.091,0.087332,0.0875,2484.51,ETH-10SEP26,0.5590999999999999,-0.96615,0.15004,0.0,0.0,0.006999999999999992,ETH,2484.56,0.0
2026-09-07T23:25:55.061738+00:00,ETH-25JUN27-2400-C,2561.61,ETH-25JUN27,call,2400.0,2027-06-25T08:00:00+00:00,0.794954145380574,0.2205,0.2255,0.223334,0.223,2561.61,ETH-25JUN27,0.5577000000000001,0.64799,8.48088,907.0,0.0,0.0050000000000000044,ETH,2484.56,0.0
2026-09-07T23:25:55.061738+00:00,ETH-25JUN27-5000-C,2561.61,ETH-25JUN27,call,5000.0,2027-06-25T08:00:00+00:00,0.794954145380574,0.034,0.036,0.03482,0.035,2561.61,ETH-25JUN27,0.5903,0.15702,5.49124,2381.0,0.0,0.001999999999999995,ETH,2484.56,0.0
2026-09-07T23:25:55.061738+00:00,ETH-25JUN27-2500-P,2561.61,ETH-25JUN27,put,2500.0,2027-06-25T08:00:00+00:00,0.794954145380574,0.1805,0.1835,0.182033,0.182,2561.61,ETH-25JUN27,0.557,-0.38301,8.72071,1154.0,0.0,0.0030000000000000027,ETH,2484.56,0.0
2026-09-07T23:25:55.061738+00:00,ETH-18SEP26-2100-C,2486.79,ETH-18SEP26,call,2100.0,2026-09-18T08:00:00+00:00,0.028355924983585568,0.1555,0.1595,0.157297,0.1575,2486.79,ETH-18SEP26,0.5971,0.95837,0.37284,0.0,0.0,0.0040000000000000036,ETH,2484.56,0.0
2026-09-07T23:25:55.061738+00:00,ETH-30OCT26-1850-P,2495.4,ETH-30OCT26,put,1850.0,2026-10-30T08:00:00+00:00,0.14334565804313382,0.007,0.008,0.007515,0.0075,2495.4,ETH-30OCT26,0.5803,-0.07051,1.27618,1324.0,1.0,0.001,ETH,2484.56,17.67
2026-09-07T23:25:55.061738+00:00,ETH-10SEP26-2650-P,2484.51,ETH-10SEP26,put,2650.0,2026-09-10T08:00:00+00:00,0.006453118686528761,0.0645,0.071,0.067835,0.06775,2484.51,ETH-10SEP26,0.527,-0.93311,0.25874,0.0,0.0,0.006499999999999992,ETH,2484.56,0.0
2026-09-07T23:25:55.061738+00:00,ETH-18SEP26-2400-C,2486.79,ETH-18SEP26,call,2400.0,2026-09-18T08:00:00+00:00,0.028355924983585568,0.0515,0.055,0.052625,0.05325,2486.79,ETH-18SEP26,0.4882,0.68245,1.49321,202.0,0.0,0.003500000000000003,ETH,2484.56,0.0
2026-09-07T23:25:55.061738+00:00,ETH-25SEP26-2650-P,2489.22,ETH-25SEP26,put,2650.0,2026-09-25T08:00:00+00:00,0.047520880493510276,0.083,0.087,0.08535,0.085,2489.22,ETH-25SEP26,0.5122,-0.69298,1.90688,0.0,0.0,0.00399999999999999,ETH,2484.56,0.0
2026-09-07T23:25:55.061738+00:00,ETH-10SEP26-2360-C,2484.51,ETH-10SEP26,call,2360.0,2026-09-10T08:00:00+00:00,0.006453118686528761,0.05,0.0535,0.051718,0.05175,2484.51,ETH-10SEP26,0.4816,0.91169,0.31956,0.0,0.0,0.003499999999999996,ETH,2484.56,0.0
2026-09-07T23:25:55.061738+00:00,ETH-25DEC26-4200-C,2509.76,ETH-25DEC26,call,4200.0,2026-12-25T08:00:00+00:00,0.2966653021225315,0.01,0.011,0.010431,0.0105,2509.76,ETH-25DEC26,0.6014,0.07966,2.02645,5295.0,2.0,0.0009999999999999992,ETH,2484.59,53.68
2026-09-07T23:25:55.061738+00:00,ETH-30OCT26-2550-C,2495.4,ETH-30OCT26,call,2550.0,2026-10-30T08:00:00+00:00,0.14334565804313382,0.0675,0.0685,0.067643,0.068,2495.4,ETH-30OCT26,0.5121,0.49437,3.77033,1490.0,9.0,0.0010000000000000009,ETH,2484.56,1623.44
2026-09-07T23:25:55.061738+00:00,ETH-25SEP26-8500-C,2489.22,ETH-25SEP26,call,8500.0,2026-09-25T08:00:00+00:00,0.047520880493510276,,0.0001,1e-06,,2489.22,ETH-25SEP26,1.3075,2e-05,0.00037,1699.0,0.0,,ETH,2484.59,0.0
2026-09-07T23:25:55.061738+00:00,ETH-27NOV26-2600-C,2503.06,ETH-27NOV26,call,2600.0,2026-11-27T08:00:00+00:00,0.22000548008283266,0.0805,0.0815,0.080906,0.081,2503.06,ETH-27NOV26,0.5207,0.48679,4.68307,197.0,0.0,0.0010000000000000009,ETH,2484.59,0.0
2026-09-07T23:25:55.061738+00:00,ETH-26MAR27-5000-P,2534.56,ETH-26MAR27,put,5000.0,2027-03-26T08:00:00+00:00,0.5458097237515528,0.979,0.9995,0.98972,0.98925,2534.56,ETH-26MAR27,0.6019,-0.90398,3.19121,0.0,0.0,0.020500000000000074,ETH,2484.59,0.0
2026-09-07T23:25:55.061738+00:00,ETH-25SEP26-4500-P,2489.08,ETH-25SEP26,put,4500.0,2026-09-25T08:00:00+00:00,0.047520880493510276,0.802,0.8145,0.808042,0.80825,2489.08,ETH-25SEP26,0.9164,-0.9979,0.03593,6.0,0.0,0.012499999999999956,ETH,2484.59,0.0
2026-09-07T23:25:55.061738+00:00,ETH-10SEP26-2750-P,2484.51,ETH-10SEP26,put,2750.0,2026-09-10T08:00:00+00:00,0.006453118686528761,0.104,0.111,0.107154,0.1075,2484.51,ETH-10SEP26,0.5888,-0.98303,0.08402,0.0,0.0,0.007000000000000006,ETH,2484.59,0.0
2026-09-07T23:25:55.061738+00:00,ETH-30OCT26-3200-C,2495.4,ETH-30OCT26,call,3200.0,2026-10-30T08:00:00+00:00,0.14334565804313382,0.0145,0.015,0.014856,0.01475,2495.4,ETH-30OCT26,0.5677,0.14709,2.1751,5040.0,80.0,0.0004999999999999987,ETH,2484.59,2972.82
2026-09-07T23:25:55.061738+00:00,ETH-18SEP26-2000-C,2486.79,ETH-18SEP26,call,2000.0,2026-09-18T08:00:00+00:00,0.028355924983585568,0.195,0.199,0.196695,0.197,2486.79,ETH-18SEP26,0.6615000000000001,0.97789,0.22077,18.0,0.0,0.0040000000000000036,ETH,2484.47,0.0
2026-09-07T23:25:55.061738+00:00,ETH-26MAR27-800-C,2534.53,ETH-26MAR27,call,800.0,2027-03-26T08:00:00+00:00,0.5458097237515528,0.6865,0.689,0.687653,0.68775,2534.53,ETH-26MAR27,0.8081,0.98711,0.6223,0.0,0.0,0.0024999999999999467,ETH,2484.59,0.0
2026-09-07T23:25:55.061738+00:00,ETH-26MAR27-4400-C,2534.56,ETH-26MAR27,call,4400.0,2027-03-26T08:00:00+00:00,0.5458097237515528,0.026,0.0275,0.02669,0.02675,2534.56,ETH-26MAR27,0.584,0.14414,4.25271,1063.0,1.0,0.0015000000000000013,ETH,2484.59,68.68
2026-09-07T23:25:55.061738+00:00,ETH-25DEC26-3000-P,2509.62,ETH-25DEC26,put,3000.0,2026-12-25T08:00:00+00:00,0.2966653021225315,0.245,0.252,0.247693,0.2485,2509.62,ETH-25DEC26,0.5345,-0.67975,4.89188,781.0,0.0,0.007000000000000006,ETH,2484.47,0.0
2026-09-07T23:25:55.061738+00:00,ETH-8SEP26-2520-P,2483.97,ETH-8SEP26,put,2520.0,2026-09-08T08:00:00+00:00,0.0009774171122645574,0.012,0.018,0.015007,0.015,2483.97,ETH-8SEP26,0.3454,-0.90675,0.12913,116.0,116.0,0.005999999999999998,ETH,2484.47,3047.41
2026-09-07T23:25:55.061738+00:00,ETH-25SEP26-2500-P,2489.22,ETH-25SEP26,put,2500.0,2026-09-25T08:00:00+00:00,0.047520880493510276,0.0445,0.0455,0.045293,0.045,2489.22,ETH-25SEP26,0.4941,-0.49432,2.16529,4609.0,73.0,0.0010000000000000009,ETH,2484.47,7943.45
2026-09-07T23:25:55.061738+00:00,ETH-25SEP26-13000-C,2489.08,ETH-25SEP26,call,13000.0,2026-09-25T08:00:00+00:00,0.047520880493510276,,0.0001,1e-06,,2489.08,ETH-25SEP26,1.7075,1e-05,0.00026,3307.0,0.0,,ETH,2484.47,0.0
2026-09-07T23:25:55.061738+00:00,ETH-25SEP26-7200-P,2489.08,ETH-25SEP26,put,7200.0,2026-09-25T08:00:00+00:00,0.047520880493510276,1.883,1.9035,1.892683,1.89325,2489.08,ETH-25SEP26,1.1496,-0.99998,0.00046,0.0,0.0,0.020499999999999963,ETH,2484.45,0.0
2026-09-07T23:25:55.061738+00:00,ETH-25JUN27-1900-P,2561.61,ETH-25JUN27,put,1900.0,2027-06-25T08:00:00+00:00,0.794954145380574,0.074,0.076,0.075086,0.075,2561.61,ETH-25JUN27,0.5740999999999999,-0.20055,6.40729,3367.0,0.0,0.0020000000000000018,ETH,2484.47,0.0
2026-09-07T23:25:55.061738+00:00,ETH-27NOV26-3400-P,2503.06,ETH-27NOV26,put,3400.0,2026-11-27T08:00:00+00:00,0.22000548008283266,0.372,0.383,0.377851,0.3775,2503.06,ETH-27NOV26,0.5702,-0.84396,2.81097,0.0,0.0,0.01100000000000001,ETH,2484.45,0.0
2026-09-07T23:25:55.061738+00:00,ETH-25DEC26-4500-C,2509.62,ETH-25DEC26,call,4500.0,2026-12-25T08:00:00+00:00,0.2966653021225315,0.007,0.008,0.007611,0.0075,2509.62,ETH-25DEC26,0.6197,0.0593,1.61394,3051.0,0.0,0.001,ETH,2484.45,0.0
2026-09-07T23:25:55.061738+00:00,ETH-9SEP26-2660-P,2484.42,ETH-9SEP26,put,2660.0,2026-09-09T08:00:00+00:00,0.0037152678993966587,0.068,0.0735,0.070933,0.07075,2484.42,ETH-9SEP26,0.5207999999999999,-0.98363,0.06177,0.0,0.0,0.005499999999999991,ETH,2484.45,0.0
2026-09-07T23:25:55.061738+00:00,ETH-30OCT26-1000-P,2495.54,ETH-30OCT26,put,1000.0,2026-10-30T08:00:00+00:00,0.14334565804313382,,0.0005,0.000243,,2495.54,ETH-30OCT26,0.9016,-0.00219,0.06515,1893.0,0.0,,ETH,2484.45,0.0
2026-09-07T23:25:55.061738+00:00,ETH-25JUN27-1400-C,2561.61,ETH-25JUN27,call,1400.0,2027-06-25T08:00:00+00:00,0.794954145380574,0.4795,0.484,0.481737,0.48175,2561.61,ETH-25JUN27,0.6236999999999999,0.91376,3.59417,50.0,0.0,0.004500000000000004,ETH,2484.45,0.0
2026-09-07T23:25:55.061738+00:00,ETH-26MAR27-2300-C,2534.56,ETH-26MAR27,call,2300.0,2027-03-26T08:00:00+00:00,0.5458097237515528,0.2015,0.206,0.203969,0.20375,2534.56,ETH-26MAR27,0.5493,0.67087,6.77669,7621.0,0.0,0.004499999999999976,ETH,2484.45,0.0
2026-09-07T23:25:55.061738+00:00,ETH-25SEP26-6400-C,2489.08,ETH-25SEP26,call,6400.0,2026-09-25T08:00:00+00:00,0.047520880493510276,,0.0001,2e-06,,2489.08,ETH-25SEP26,1.0674,4e-05,0.00092,2860.0,0.0,,ETH,2484.49,0.0
2026-09-07T23:25:55.061738+00:00,ETH-25DEC26-3500-P,2509.76,ETH-25DEC26,put,3500.0,2026-12-25T08:00:00+00:00,0.2966653021225315,0.4145,0.426,0.419676,0.42025,2509.76,ETH-25DEC26,0.5602,-0.82566,3.51648,62.0,0.0,0.01150000000000001,ETH,2484.49,0.0
2026-09-07T23:25:55.061738+00:00,ETH-26MAR27-6000-C,2534.56,ETH-26MAR27,call,6000.0,2027-03-26T08:00:00+00:00,0.5458097237515528,0.0085,0.0095,0.008967,0.009,2534.56,ETH-26MAR27,0.6321,0.05358,2.04119,5146.0,8.0,0.0009999999999999992,ETH,2484.45,173.17
2026-09-07T23:25:55.061738+00:00,ETH-10SEP26-2460-C,2484.51,ETH-10SEP26,call,2460.0,2026-09-10T08:00:00+00:00,0.006453118686528761,0.0175,0.021,0.018987,0.01925,2484.51,ETH-10SEP26,0.4232,0.62187,0.75874,1.0,2.0,0.0034999999999999996,ETH,2484.45,99.38
2026-09-07T23:25:55.061738+00:00,ETH-11SEP26-2700-P,2484.75,ETH-11SEP26,put,2700.0,2026-09-11T08:00:00+00:00,0.00919096947366086,0.085,0.091,0.088061,0.088,2484.75,ETH-11SEP26,0.5568,-0.9368,0.29553,1.0,0.0,0.0059999999999999915,ETH,2484.49,0.0
2026-09-07T23:25:55.061738+00:00,ETH-8SEP26-2540-C,2483.97,ETH-8SEP26,call,2540.0,2026-09-08T08:00:00+00:00,0.0009774171122645574,,0.0002,8.5e-05,,2483.97,ETH-8SEP26,0.3517,0.0215,0.03987,742.0,700.0,,ETH,2484.49,1474.68
2026-09-07T23:25:55.061738+00:00,ETH-26MAR27-3500-P,2534.56,ETH-26MAR27,put,3500.0,2027-03-26T08:00:00+00:00,0.5458097237515528,0.4375,0.4465,0.440443,0.442,2534.56,ETH-26MAR27,0.5586,-0.7174,6.3341,24.0,0.0,0.009000000000000008,ETH,2484.49,0.0
2026-09-07T23:25:55.061738+00:00,ETH-30OCT26-3400-P,2495.54,ETH-30OCT26,put,3400.0,2026-10-30T08:00:00+00:00,0.14334565804313382,0.3665,0.377,0.372483,0.37175,2495.54,ETH-30OCT26,0.5915,-0.89767,1.68673,0.0,0.0,0.01050000000000001,ETH,2484.49,0.0
2026-09-07T23:25:55.061738+00:00,ETH-25SEP26-3500-P,2489.08,ETH-25SEP26,put,3500.0,2026-09-25T08:00:00+00:00,0.047520880493510276,0.402,0.4125,0.407057,0.40725,2489.08,ETH-25SEP26,0.7101000000000001,-0.98314,0.22728,1121.0,0.0,0.010499999999999954,ETH,2484.48,0.0
2026-09-07T23:25:55.061738+00:00,ETH-25DEC26-5200-C,2509.62,ETH-25DEC26,call,5200.0,2026-12-25T08:00:00+00:00,0.2966653021225315,0.0039,0.0044,0.00413,0.00415,2509.62,ETH-25DEC26,0.6620999999999999,0.03296,1.00559,9215.0,0.0,0.0005000000000000004,ETH,2484.48,0.0
2026-09-07T23:25:55.061738+00:00,ETH-27NOV26-4400-C,2503.06,ETH-27NOV26,call,4400.0,2026-11-27T08:00:00+00:00,0.22000548008283266,0.0049,0.0055,0.005183,0.0052,2503.06,ETH-27NOV26,0.6531,0.04576,1.12843,133.0,23.0,0.0005999999999999998,ETH,2484.48,278.36
2026-09-07T23:25:55.061738+00:00,ETH-25SEP26-6500-C,2489.08,ETH-25SEP26,call,6500.0,2026-09-25T08:00:00+00:00,0.047520880493510276,,0.0001,2e-06,,2489.08,ETH-25SEP26,1.0823,4e-05,0.00089,1922.0,0.0,,ETH,2484.48,0.0
2026-09-07T23:25:55.061738+00:00,ETH-30OCT26-2250-C,2495.54,ETH-30OCT26,call,2250.0,2026-10-30T08:00:00+00:00,0.14334565804313382,0.132,0.1355,0.133216,0.13375,2495.54,ETH-30OCT26,0.5155,0.73502,3.0956,787.0,0.0,0.003500000000000003,ETH,2484.48,0.0
2026-09-07T23:25:55.061738+00:00,ETH-8SEP26-2660-C,2483.97,ETH-8SEP26,call,2660.0,2026-09-08T08:00:00+00:00,0.0009774171122645574,,0.0001,1e-06,,2483.97,ETH-8SEP26,0.6104999999999999,0.00017,0.0005,467.0,420.0,,ETH,2484.48,146.68
2026-09-07T23:25:55.061738+00:00,ETH-30OCT26-1900-P,2495.4,ETH-30OCT26,put,1900.0,2026-10-30T08:00:00+00:00,0.14334565804313382,0.0085,0.0095,0.009021,0.009,2495.4,ETH-30OCT26,0.5661999999999999,-0.084,1.45777,1372.0,0.0,0.0009999999999999992,ETH,2484.48,0.0
2026-09-07T23:25:55.061738+00:00,ETH-30OCT26-2900-P,2495.54,ETH-30OCT26,put,2900.0,2026-10-30T08:00:00+00:00,0.14334565804313382,0.187,0.1945,0.19149,0.19075,2495.54,ETH-30OCT26,0.5379,-0.73744,3.08118,0.0,0.0,0.007500000000000007,ETH,2484.48,0.0
2026-09-07T23:25:55.061738+00:00,ETH-11SEP26-3200-C,2484.89,ETH-11SEP26,call,3200.0,2026-09-11T08:00:00+00:00,0.00919096947366086,,0.0001,6.1e-05,,2484.89,ETH-11SEP26,0.9203,0.00238,0.01772,5870.0,75.0,,ETH,2484.48,18.7
2026-09-07T23:25:55.061738+00:00,ETH-25SEP26-2750-C,2489.22,ETH-25SEP26,call,2750.0,2026-09-25T08:00:00+00:00,0.047520880493510276,0.0125,0.0135,0.013024,0.013,2489.22,ETH-25SEP26,0.5297,0.21047,1.56638,547.0,12.0,0.0009999999999999992,ETH,2484.48,488.54
2026-09-07T23:25:55.061738+00:00,ETH-25SEP26-2450-C,2489.08,ETH-25SEP26,call,2450.0,2026-09-25T08:00:00+00:00,0.047520880493510276,0.0505,0.0515,0.050906,0.051,2489.08,ETH-25SEP26,0.4939,0.57983,2.12193,2.0,0.0,0.000999999999999994,ETH,2484.48,0.0
2026-09-07T23:25:55.061738+00:00,ETH-8SEP26-2200-P,2483.97,ETH-8SEP26,put,2200.0,2026-09-08T08:00:00+00:00,0.0009774171122645574,,0.0001,0.0,,2483.97,ETH-8SEP26,0.7872,0.0,0.0,293.0,0.0,,ETH,2484.48,0.0
2026-09-07T23:25:55.061738+00:00,ETH-25SEP26-8000-P,2489.08,ETH-25SEP26,put,8000.0,2026-09-25T08:00:00+00:00,0.047520880493510276,2.2035,2.2265,2.214092,2.215,2489.08,ETH-25SEP26,1.2502,-0.99998,0.0004,0.0,0.0,0.02300000000000013,ETH,2484.48,0.0
2026-09-07T23:25:55.061738+00:00,ETH-8SEP26-2900-P,2483.97,ETH-8SEP26,put,2900.0,2026-09-08T08:00:00+00:00,0.0009774171122645574,0.164,0.1715,0.167542,0.16775,2483.97,ETH-8SEP26,0.9486,-1.0,0.0,0.0,0.0,0.007500000000000007,ETH,2484.48,0.0
2026-09-07T23:25:55.061738+00:00,ETH-25SEP26-6800-C,2489.22,ETH-25SEP26,call,6800.0,2026-09-25T08:00:00+00:00,0.047520880493510276,,0.0001,1e-06,,2489.22,ETH-25SEP26,1.1040999999999999,3e-05,0.00058,1995.0,0.0,,ETH,2484.48,0.0
2026-09-07T23:25:55.061738+00:00,ETH-25DEC26-4600-P,2509.76,ETH-25DEC26,put,4600.0,2026-12-25T08:00:00+00:00,0.2966653021225315,0.83,0.85,0.83992,0.84,2509.76,ETH-25DEC26,0.627,-0.94552,1.50986,0.0,0.0,0.020000000000000018,ETH,2484.47,0.0
2026-09-07T23:25:55.061738+00:00,ETH-26MAR27-900-C,2534.56,ETH-26MAR27,call,900.0,2027-03-26T08:00:00+00:00,0.5458097237515528,0.648,0.651,0.649306,0.6495,2534.56,ETH-26MAR27,0.7683,0.98246,0.81112,68.0,0.0,0.0030000000000000027,ETH,2484.48,0.0
2026-09-07T23:25:55.061738+00:00,ETH-25SEP26-3600-C,2489.08,ETH-25SEP26,call,3600.0,2026-09-25T08:00:00+00:00,0.047520880493510276,0.0006,0.0008,0.000691,0.0007,2489.08,ETH-25SEP26,0.7339,0.01303,0.18205,3591.0,139.0,0.0002000000000000001,ETH,2484.47,303.47
2026-09-07T23:25:55.061738+00:00,ETH-25SEP26-4600-P,2489.22,ETH-25SEP26,put,4600.0,2026-09-25T08:00:00+00:00,0.047520880493510276,0.8415,0.855,0.848189,0.84825,2489.22,ETH-25SEP26,0.9235,-0.9984,0.02801,38.0,0.0,0.013499999999999956,ETH,2484.47,0.0
2026-09-07T23:25:55.061738+00:00,ETH-18SEP26-2100-P,2486.79,ETH-18SEP26,put,2100.0,2026-09-18T08:00:00+00:00,0.028355924983585568,0.0016,0.002,0.00177,0.0018,2486.79,ETH-18SEP26,0.5971,-0.04166,0.3731,1491.0,11.0,0.00039999999999999996,ETH,2484.48,42.66
2026-09-07T23:25:55.061738+00:00,ETH-27NOV26-1800-C,2503.06,ETH-27NOV26,call,1800.0,2026-11-27T08:00:00+00:00,0.22000548008283266,0.292,0.296,0.293873,0.294,2503.06,ETH-27NOV26,0.586,0.90934,1.91759,0.0,0.0,0.0040000000000000036,ETH,2484.47,0.0
2026-09-07T23:25:55.061738+00:00,ETH-26MAR27-900-P,2534.53,ETH-26MAR27,put,900.0,2027-03-26T08:00:00+00:00,0.5458097237515528,0.004,0.0046,0.004415,0.0043,2534.53,ETH-26MAR27,0.7683,-0.01754,0.81112,828.0,0.0,0.0005999999999999998,ETH,2484.47,0.0
2026-09-07T23:25:55.061738+00:00,ETH-10SEP26-2680-P,2484.51,ETH-10SEP26,put,2680.0,2026-09-10T08:00:00+00:00,0.006453118686528761,0.076,0.0835,0.079463,0.07975,2484.51,ETH-10SEP26,0.5443,-0.95629,0.18481,0.0,0.0,0.007500000000000007,ETH,2484.47,0.0
2026-09-07T23:25:55.061738+00:00,ETH-10SEP26-2800-C,2484.51,ETH-10SEP26,call,2800.0,2026-09-10T08:00:00+00:00,0.006453118686528761,0.0001,0.0002,0.000148,0.00015,2484.51,ETH-10SEP26,0.6224000000000001,0.00901,0.04856,104.0,103.0,0.0001,ETH,2484.47,80.97
2026-09-07T23:25:55.061738+00:00,ETH-25JUN27-2600-P,2561.61,ETH-25JUN27,put,2600.0,2027-06-25T08:00:00+00:00,0.794954145380574,0.2035,0.2065,0.205029,0.205,2561.61,ETH-25JUN27,0.5564,-0.41361,8.90069,75.0,0.0,0.0030000000000000027,ETH,2484.47,0.0
2026-09-07T23:25:55.061738+00:00,ETH-18SEP26-2500-P,2486.93,ETH-18SEP26,put,2500.0,2026-09-18T08:00:00+00:00,0.028355924983585568,0.035,0.036,0.035705,0.0355,2486.93,ETH-18SEP26,0.48960000000000004,-0.50883,1.67071,2377.0,537.0,0.000999999999999994,ETH,2484.47,47111.9
2026-09-07T23:25:55.061738+00:00,ETH-11SEP26-2520-P,2484.75,ETH-11SEP26,put,2520.0,2026-09-11T08:00:00+00:00,0.00919096947366086,0.024,0.027,0.025293,0.0255,2484.75,ETH-11SEP26,0.4487,-0.61955,0.90742,36.0,36.0,0.002999999999999999,ETH,2484.47,2120.12
2026-09-07T23:25:55.061738+00:00,ETH-25SEP26-15000-P,2489.08,ETH-25SEP26,put,15000.0,2026-09-25T08:00:00+00:00,0.047520880493510276,5.002,5.0515,5.026421,5.02675,2489.08,ETH-25SEP26,1.8378999999999999,-0.99999,0.00023,0.0,0.0,0.0495000000000001,ETH,2484.47,0.0
2026-09-07T23:25:55.061738+00:00,ETH-30OCT26-3100-P,2495.54,ETH-30OCT26,put,3100.0,2026-10-30T08:00:00+00:00,0.14334565804313382,0.2555,0.2645,0.260745,0.26,2495.54,ETH-30OCT26,0.5566,-0.82214,2.46139,0.0,0.0,0.009000000000000008,ETH,2484.47,0.0
2026-09-07T23:25:55.061738+00:00,ETH-25SEP26-12000-P,2489.08,ETH-25SEP26,put,12000.0,2026-09-25T08:00:00+00:00,0.047520880493510276,3.8035,3.8405,3.821137,3.822,2489.08,ETH-25SEP26,1.6338,-0.99999,0.00027,0.0,0.0,0.03699999999999992,ETH,2484.47,0.0
2026-09-07T23:25:55.061738+00:00,ETH-8SEP26-2750-P,2483.97,ETH-8SEP26,put,2750.0,2026-09-08T08:00:00+00:00,0.0009774171122645574,0.104,0.111,0.107152,0.1075,2483.97,ETH-8SEP26,0.7394,-0.99999,2e-05,0.0,0.0,0.007000000000000006,ETH,2484.47,0.0
2026-09-07T23:25:55.061738+00:00,ETH-30OCT26-2300-P,2495.54,ETH-30OCT26,put,2300.0,2026-10-30T08:00:00+00:00,0.14334565804313382,0.041,0.042,0.041579,0.0415,2495.54,ETH-30OCT26,0.5125,-0.30246,3.29826,8044.0,4.0,0.0010000000000000009,ETH,2484.47,399.94
2026-09-07T23:25:55.061738+00:00,ETH-30OCT26-3600-P,2495.54,ETH-30OCT26,put,3600.0,2026-10-30T08:00:00+00:00,0.14334565804313382,0.444,0.4545,0.449618,0.44925,2495.54,ETH-30OCT26,0.6162,-0.92697,1.31101,17.0,0.0,0.01050000000000001,ETH,2484.47,0.0
2026-09-07T23:25:55.061738+00:00,ETH-10SEP26-2200-C,2484.65,ETH-10SEP26,call,2200.0,2026-09-10T08:00:00+00:00,0.006453118686528761,0.113,0.1165,0.114893,0.11475,2484.65,ETH-10SEP26,0.732,0.9821,0.08794,0.0,0.0,0.003500000000000003,ETH,2484.47,0.0
2026-09-07T23:25:55.061738+00:00,ETH-27NOV26-2100-P,2503.06,ETH-27NOV26,put,2100.0,2026-11-27T08:00:00+00:00,0.22000548008283266,0.0325,0.0335,0.033177,0.033,2503.06,ETH-27NOV26,0.5382,-0.20563,3.34308,551.0,32.0,0.0010000000000000009,ETH,2484.47,2711.29
2026-09-07T23:25:55.061738+00:00,ETH-25DEC26-3000-C,2509.62,ETH-25DEC26,call,3000.0,2026-12-25T08:00:00+00:00,0.2966653021225315,0.0515,0.053,0.052293,0.05225,2509.62,ETH-25DEC26,0.5345,0.32021,4.8914,10287.0,15.0,0.0015000000000000013,ETH,2484.47,2074.25
2026-09-07T23:25:55.061738+00:00,ETH-25DEC26-4200-P,2509.76,ETH-25DEC26,put,4200.0,2026-12-25T08:00:00+00:00,0.2966653021225315,0.676,0.692,0.683991,0.684,2509.76,ETH-25DEC26,0.6014,-0.92036,2.02606,61.0,0.0,0.015999999999999903,ETH,2484.47,0.0
2026-09-07T23:25:55.061738+00:00,ETH-10SEP26-2300-C,2484.51,ETH-10SEP26,call,2300.0,2026-09-10T08:00:00+00:00,0.006453118686528761,0.073,0.0775,0.074993,0.07525,2484.51,ETH-10SEP26,0.5569,0.95987,0.17243,0.0,0.0,0.004500000000000004,ETH,2484.47,0.0
2026-09-07T23:25:55.061738+00:00,ETH-9SEP26-2380-P,2484.42,ETH-9SEP26,put,2380.0,2026-09-09T08:00:00+00:00,0.0037152678993966587,0.0008,0.0011,0.000949,0.00095,2484.42,ETH-9SEP26,0.4851,-0.07115,0.20578,134.0,81.0,0.00030000000000000003,ETH,2484.41,259.63
2026-09-07T23:25:55.061738+00:00,ETH-9SEP26-2200-C,2484.28,ETH-9SEP26,call,2200.0,2026-09-09T08:00:00+00:00,0.0037152678993966587,0.1125,0.117,0.114454,0.11475,2484.28,ETH-9SEP26,0.7240000000000001,0.99727,0.01271,18.0,18.0,0.004500000000000004,ETH,2484.41,5224.89
2026-09-07T23:25:55.061738+00:00,ETH-26MAR27-2100-C,2534.53,ETH-26MAR27,call,2100.0,2027-03-26T08:00:00+00:00,0.5458097237515528,0.247,0.252,0.249769,0.2495,2534.53,ETH-26MAR27,0.5568,0.74634,5.99871,897.0,0.0,0.0050000000000000044,ETH,2484.47,0.0
2026-09-07T23:25:55.061738+00:00,ETH-26MAR27-1300-C,2534.56,ETH-26MAR27,call,1300.0,2027-03-26T08:00:00+00:00,0.5458097237515528,0.498,0.5025,0.500381,0.50025,2534.56,ETH-26MAR27,0.6585,0.94689,2.02704,18.0,0.0,0.0044999999999999485,ETH,2484.47,0.0
2026-09-07T23:25:55.061738+00:00,ETH-25DEC26-2200-P,2509.62,ETH-25DEC26,put,2200.0,2026-12-25T08:00:00+00:00,0.2966653021225315,0.0565,0.058,0.05721,0.05725,2509.62,ETH-25DEC26,0.5314,-0.27437,4.55753,9042.0,90.0,0.0015000000000000013,ETH,2484.41,12597.69
2026-09-07T23:25:55.061738+00:00,ETH-9SEP26-2320-C,2484.42,ETH-9SEP26,call,2320.0,2026-09-09T08:00:00+00:00,0.0037152678993966587,0.063,0.0695,0.066411,0.06625,2484.42,ETH-9SEP26,0.5666,0.97729,0.08161,0.0,0.0,0.006500000000000006,ETH,2484.41,0.0
2026-09-07T23:25:55.061738+00:00,ETH-27NOV26-2900-P,2503.06,ETH-27NOV26,put,2900.0,2026-11-27T08:00:00+00:00,0.22000548008283266,0.202,0.2075,0.204941,0.20475,2503.06,ETH-27NOV26,0.5345,-0.67775,4.21227,0.0,0.0,0.005499999999999977,ETH,2484.41,0.0
2026-09-07T23:25:55.061738+00:00,ETH-25SEP26-1500-C,2489.08,ETH-25SEP26,call,1500.0,2026-09-25T08:00:00+00:00,0.047520880493510276,0.396,0.3995,0.397588,0.39775,2489.08,ETH-25SEP26,0.8972,0.99639,0.05862,969.0,0.0,0.003500000000000003,ETH,2484.42,0.0
2026-09-07T23:25:55.061738+00:00,ETH-30OCT26-2200-P,2495.54,ETH-30OCT26,put,2200.0,2026-10-30T08:00:00+00:00,0.14334565804313382,0.0285,0.0295,0.029069,0.029,2495.54,ETH-30OCT26,0.5193,-0.22995,2.86942,820.0,1.0,0.0009999999999999974,ETH,2484.41,71.11
2026-09-07T23:25:55.061738+00:00,ETH-27NOV26-2200-C,2503.06,ETH-27NOV26,call,2200.0,2026-11-27T08:00:00+00:00,0.22000548008283266,0.164,0.1675,0.165528,0.16575,2503.06,ETH-27NOV26,0.5293,0.74013,3.8084,0.0,0.0,0.003500000000000003,ETH,2484.42,0.0
2026-09-07T23:25:55.061738+00:00,ETH-10SEP26-2340-C,2484.51,ETH-10SEP26,call,2340.0,2026-09-10T08:00:00+00:00,0.006453118686528761,0.0575,0.062,0.059331,0.05975,2484.51,ETH-10SEP26,0.5014,0.93448,0.25462,0.0,0.0,0.004499999999999997,ETH,2484.41,0.0
2026-09-07T23:25:55.061738+00:00,ETH-8SEP26-2660-P,2483.97,ETH-8SEP26,put,2660.0,2026-09-08T08:00:00+00:00,0.0009774171122645574,0.068,0.0745,0.070919,0.07125,2483.97,ETH-8SEP26,0.6104999999999999,-0.99983,0.0005,0.0,0.0,0.006499999999999992,ETH,2484.42,0.0
2026-09-07T23:25:55.061738+00:00,ETH-25SEP26-2650-C,2489.22,ETH-25SEP26,call,2650.0,2026-09-25T08:00:00+00:00,0.047520880493510276,0.02,0.021,0.020683,0.0205,2489.22,ETH-25SEP26,0.5122,0.30684,1.9063,839.0,476.0,0.0010000000000000009,ETH,2484.42,28283.99
2026-09-07T23:25:55.061738+00:00,ETH-11SEP26-3200-P,2484.89,ETH-11SEP26,put,3200.0,2026-09-11T08:00:00+00:00,0.00919096947366086,0.284,0.292,0.287917,0.288,2484.89,ETH-11SEP26,0.9203,-0.99762,0.0177,0.0,0.0,0.008000000000000007,ETH,2484.42,0.0
2026-09-07T23:25:55.061738+00:00,ETH-25DEC26-2100-C,2509.62,ETH-25DEC26,call,2100.0,2026-12-25T08:00:00+00:00,0.2966653021225315,0.205,0.21,0.207632,0.2075,2509.62,ETH-25DEC26,0.5381,0.7747,4.10411,1480.0,0.0,0.0050000000000000044,ETH,2484.4,0.0
2026-09-07T23:25:55.061738+00:00,ETH-30OCT26-2500-P,2495.54,ETH-30OCT26,put,2500.0,2026-10-30T08:00:00+00:00,0.14334565804313382,0.077,0.0785,0.077993,0.07775,2495.54,ETH-30OCT26,0.5103,-0.46525,3.7561,501.0,10.0,0.0015000000000000013,ETH,2484.42,1908.8
2026-09-07T23:25:55.061738+00:00,ETH-10SEP26-2700-C,2484.65,ETH-10SEP26,call,2700.0,2026-09-10T08:00:00+00:00,0.006453118686528761,0.0005,0.0007,0.000585,0.0006,2484.65,ETH-10SEP26,0.5590999999999999,0.03374,0.14965,47.0,46.0,0.00019999999999999998,ETH,2484.42,218.01
2026-09-07T23:25:55.061738+00:00,ETH-11SEP26-2470-C,2484.75,ETH-11SEP26,call,2470.0,2026-09-11T08:00:00+00:00,0.00919096947366086,0.0195,0.0205,0.019877,0.02,2484.75,ETH-11SEP26,0.4391,0.56498,0.93776,200.0,106.0,0.0010000000000000009,ETH,2484.4,5782.82
2026-09-07T23:25:55.061738+00:00,ETH-27NOV26-1800-P,2503.06,ETH-27NOV26,put,1800.0,2026-11-27T08:00:00+00:00,0.22000548008283266,0.0125,0.0135,0.013028,0.013,2503.06,ETH-27NOV26,0.586,-0.09068,1.91785,408.0,0.0,0.0009999999999999992,ETH,2484.4,0.0
2026-09-07T23:25:55.061738+00:00,ETH-18SEP26-2550-P,2486.79,ETH-18SEP26,put,2550.0,2026-09-18T08:00:00+00:00,0.028355924983585568,0.047,0.049,0.047932,0.048,2486.79,ETH-18SEP26,0.4954,-0.60202,1.61613,953.0,446.0,0.0020000000000000018,ETH,2484.42,49097.36
2026-09-07T23:25:55.061738+00:00,ETH-11SEP26-2650-P,2484.89,ETH-11SEP26,put,2650.0,2026-09-11T08:00:00+00:00,0.00919096947366086,0.0655,0.072,0.06892,0.06875,2484.89,ETH-11SEP26,0.5217,-0.89645,0.42883,185.0,60.0,0.006499999999999992,ETH,2484.4,10293.04
2026-09-07T23:25:55.061738+00:00,ETH-26MAR27-4800-C,2534.56,ETH-26MAR27,call,4800.0,2027-03-26T08:00:00+00:00,0.5458097237515528,0.0185,0.0205,0.01963,0.0195,2534.56,ETH-26MAR27,0.5966,0.10972,3.51589,2953.0,12.0,0.0020000000000000018,ETH,2484.4,574.1
2026-09-07T23:25:55.061738+00:00,ETH-18SEP26-2250-P,2486.93,ETH-18SEP26,put,2250.0,2026-09-18T08:00:00+00:00,0.028355924983585568,0.005,0.006,0.005463,0.0055,2486.93,ETH-18SEP26,0.5263,-0.12032,0.83949,160.0,17.0,0.001,ETH,2484.4,209.65
2026-09-07T23:25:55.061738+00:00,ETH-25SEP26-3100-C,2489.08,ETH-25SEP26,call,3100.0,2026-09-25T08:00:00+00:00,0.047520880493510276,0.0029,0.0033,0.003058,0.0031,2489.08,ETH-25SEP26,0.6101,0.0567,0.61849,16444.0,1490.0,0.0004000000000000002,ETH,2484.41,11092.02
2026-09-07T23:25:55.061738+00:00,ETH-11SEP26-2100-P,2484.75,ETH-11SEP26,put,2100.0,2026-09-11T08:00:00+00:00,0.00919096947366086,0.0002,0.0005,0.000318,0.00035,2484.75,ETH-11SEP26,0.7894,-0.01188,0.07376,3014.0,143.0,0.00030000000000000003,ETH,2484.41,142.0
2026-09-07T23:25:55.061738+00:00,ETH-30OCT26-2850-C,2495.54,ETH-30OCT26,call,2850.0,2026-10-30T08:00:00+00:00,0.14334565804313382,0.0325,0.0335,0.032977,0.033,2495.54,ETH-30OCT26,0.5331,0.28874,3.2285,1149.0,0.0,0.0010000000000000009,ETH,2484.4,0.0
2026-09-07T23:25:55.061738+00:00,ETH-25SEP26-1600-P,2489.08,ETH-25SEP26,put,1600.0,2026-09-25T08:00:00+00:00,0.047520880493510276,0.0003,0.0005,0.000351,0.0004,2489.08,ETH-25SEP26,0.8311,-0.00573,0.08857,11733.0,1.0,0.00020000000000000004,ETH,2484.41,1.24
2026-09-07T23:25:55.061738+00:00,ETH-25DEC26-3300-C,2509.76,ETH-25DEC26,call,3300.0,2026-12-25T08:00:00+00:00,0.2966653021225315,0.0325,0.034,0.033267,0.03325,2509.76,ETH-25DEC26,0.5489999999999999,0.22193,4.06905,2941.0,1.0,0.0015000000000000013,ETH,2484.41,91.68
2026-09-07T23:25:55.061738+00:00,ETH-10SEP26-2400-P,2484.51,ETH-10SEP26,put,2400.0,2026-09-10T08:00:00+00:00,0.006453118686528761,0.003,0.0034,0.003195,0.0032,2484.51,ETH-10SEP26,0.4493,-0.16401,0.49347,134.0,134.0,0.00039999999999999975,ETH,2484.41,1374.09
2026-09-07T23:25:55.061738+00:00,ETH-9SEP26-2680-C,2484.42,ETH-9SEP26,call,2680.0,2026-09-09T08:00:00+00:00,0.0037152678993966587,,0.0002,0.000129,,2484.42,ETH-9SEP26,0.5429999999999999,0.01146,0.04544,259.0,324.0,,ETH,2484.41,501.28
2026-09-07T23:25:55.061738+00:00,ETH-30OCT26-2150-P,2495.4,ETH-30OCT26,put,2150.0,2026-10-30T08:00:00+00:00,0.14334565804313382,0.0235,0.0245,0.024088,0.024,2495.4,ETH-30OCT26,0.5242,-0.19772,2.62772,1101.0,6.0,0.0010000000000000009,ETH,2484.41,371.24
2026-09-07T23:25:55.061738+00:00,ETH-27NOV26-2500-C,2503.2,ETH-27NOV26,call,2500.0,2026-11-27T08:00:00+00:00,0.22000548008283266,0.097,0.098,0.097447,0.0975,2503.2,ETH-27NOV26,0.519,0.55041,4.64779,430.0,10.0,0.0010000000000000009,ETH,2484.44,2478.66
2026-09-07T23:25:55.061738+00:00,ETH-10SEP26-2300-P,2484.51,ETH-10SEP26,put,2300.0,2026-09-10T08:00:00+00:00,0.006453118686528761,0.0006,0.0009,0.00074,0.00075,2484.51,ETH-10SEP26,0.5569,-0.0402,0.17267,34.0,0.0,0.00030000000000000003,ETH,2484.41,0.0
2026-09-07T23:25:55.061738+00:00,ETH-25DEC26-1200-C,2509.76,ETH-25DEC26,call,1200.0,2026-12-25T08:00:00+00:00,0.2966653021225315,0.5235,0.5265,0.525033,0.525,2509.76,ETH-25DEC26,0.7234999999999999,0.98072,0.64166,341.0,0.0,0.0030000000000000027,ETH,2484.44,0.0
2026-09-07T23:25:55.061738+00:00,ETH-8SEP26-2320-P,2483.97,ETH-8SEP26,put,2320.0,2026-09-08T08:00:00+00:00,0.0009774171122645574,,0.0001,0.0,,2483.97,ETH-8SEP26,0.5898,-0.0001,0.0003,147.0,50.0,,ETH,2484.44,12.46
2026-09-07T23:25:55.061738+00:00,ETH-27NOV26-2450-P,2503.2,ETH-27NOV26,put,2450.0,2026-11-27T08:00:00+00:00,0.22000548008283266,0.085,0.0865,0.08568,0.08575,2503.2,ETH-27NOV26,0.519,-0.41696,4.58339,354.0,0.0,0.0014999999999999875,ETH,2484.44,0.0
2026-09-07T23:25:55.061738+00:00,ETH-25DEC26-3500-C,2509.76,ETH-25DEC26,call,3500.0,2026-12-25T08:00:00+00:00,0.2966653021225315,0.0245,0.0255,0.025042,0.025,2509.76,ETH-25DEC26,0.5602,0.17433,3.51629,29314.0,1.0,0.0009999999999999974,ETH,2484.44,63.47
2026-09-07T23:25:55.061738+00:00,ETH-9SEP26-2360-C,2484.42,ETH-9SEP26,call,2360.0,2026-09-09T08:00:00+00:00,0.0037152678993966587,0.0475,0.0535,0.050611,0.0505,2484.42,ETH-9SEP26,0.506,0.95371,0.14678,0.0,0.0,0.005999999999999998,ETH,2484.44,0.0
2026-09-07T23:25:55.061738+00:00,ETH-9SEP26-2640-P,2484.42,ETH-9SEP26,put,2640.0,2026-09-09T08:00:00+00:00,0.0037152678993966587,0.06,0.067,0.063005,0.0635,2484.42,ETH-9SEP26,0.5102,-0.97366,0.09242,0.0,0.0,0.007000000000000006,ETH,2484.46,0.0
2026-09-07T23:25:55.061738+00:00,ETH-8SEP26-2100-C,2483.97,ETH-8SEP26,call,2100.0,2026-09-08T08:00:00+00:00,0.0009774171122645574,0.153,0.157,0.154538,0.155,2483.97,ETH-8SEP26,0.9014,1.0,0.0,1.0,0.0,0.0040000000000000036,ETH,2484.46,0.0
2026-09-07T23:25:55.061738+00:00,ETH-26MAR27-2500-P,2534.56,ETH-26MAR27,put,2500.0,2027-03-26T08:00:00+00:00,0.5458097237515528,0.151,0.154,0.152095,0.1525,2534.56,ETH-26MAR27,0.546,-0.40675,7.26809,589.0,1.0,0.0030000000000000027,ETH,2484.44,364.09
2026-09-07T23:25:55.061738+00:00,ETH-25DEC26-1200-P,2509.76,ETH-25DEC26,put,1200.0,2026-12-25T08:00:00+00:00,0.2966653021225315,0.0029,0.0035,0.003193,0.0032,2509.76,ETH-25DEC26,0.7234999999999999,-0.01927,0.64163,6766.0,0.0,0.0006000000000000003,ETH,2484.46,0.0
2026-09-07T23:25:55.061738+00:00,ETH-25SEP26-4400-C,2489.08,ETH-25SEP26,call,4400.0,2026-09-25T08:00:00+00:00,0.047520880493510276,,0.0002,0.000128,,2489.08,ETH-25SEP26,0.8934000000000001,0.00235,0.03987,4349.0,10.0,,ETH,2484.46,4.98
2026-09-07T23:25:55.061738+00:00,ETH-30OCT26-4000-C,2495.54,ETH-30OCT26,call,4000.0,2026-10-30T08:00:00+00:00,0.14334565804313382,0.0034,0.0039,0.003642,0.00365,2495.54,ETH-30OCT26,0.6616,0.03941,0.8046,778.0,0.0,0.0005,ETH,2484.46,0.0
2026-09-07T23:25:55.061738+00:00,ETH-25JUN27-5500-C,2561.61,ETH-25JUN27,call,5500.0,2027-06-25T08:00:00+00:00,0.794954145380574,0.0255,0.0275,0.02639,0.0265,2561.61,ETH-25JUN27,0.6002000000000001,0.12312,4.65393,644.0,0.0,0.0020000000000000018,ETH,2484.46,0.0
2026-09-07T23:25:55.061738+00:00,ETH-25JUN27-4600-C,2561.61,ETH-25JUN27,call,4600.0,2027-06-25T08:00:00+00:00,0.794954145380574,0.043,0.045,0.043989,0.044,2561.61,ETH-25JUN27,0.5813,0.19218,6.24372,54.0,0.0,0.0020000000000000018,ETH,2484.46,0.0
2026-09-07T23:25:55.061738+00:00,ETH-18SEP26-2550-C,2486.93,ETH-18SEP26,call,2550.0,2026-09-18T08:00:00+00:00,0.028355924983585568,0.022,0.023,0.022501,0.0225,2486.93,ETH-18SEP26,0.4954,0.39804,1.61621,2457.0,102.0,0.0010000000000000009,ETH,2484.46,6092.47
2026-09-07T23:25:55.061738+00:00,ETH-11SEP26-2300-P,2484.75,ETH-11SEP26,put,2300.0,2026-09-11T08:00:00+00:00,0.00919096947366086,0.0013,0.0016,0.00141,0.00145,2484.75,ETH-11SEP26,0.5337,-0.06217,0.29179,3797.0,136.0,0.00030000000000000014,ETH,2484.46,502.76
2026-09-07T23:25:55.061738+00:00,ETH-30OCT26-2400-C,2495.54,ETH-30OCT26,call,2400.0,2026-10-30T08:00:00+00:00,0.14334565804313382,0.0945,0.098,0.095908,0.09625,2495.54,ETH-30OCT26,0.5085999999999999,0.61746,3.60582,2540.0,6.0,0.003500000000000003,ETH,2484.46,1473.23
2026-09-07T23:25:55.061738+00:00,ETH-8SEP26-2360-P,2484.11,ETH-8SEP26,put,2360.0,2026-09-08T08:00:00+00:00,0.0009774171122645574,,0.0001,1.1e-05,,2484.11,ETH-8SEP26,0.5726,-0.00199,0.00488,185.0,233.0,,ETH,2484.46,82.17
2026-09-07T23:25:55.061738+00:00,ETH-26MAR27-1300-P,2534.56,ETH-26MAR27,put,1300.0,2027-03-26T08:00:00+00:00,0.5458097237515528,0.0125,0.014,0.013317,0.01325,2534.56,ETH-26MAR27,0.6585,-0.05311,2.027,1574.0,0.0,0.0014999999999999996,ETH,2484.46,0.0
2026-09-07T23:25:55.061738+00:00,ETH-27NOV26-2350-C,2503.06,ETH-27NOV26,call,2350.0,2026-11-27T08:00:00+00:00,0.22000548008283266,0.1265,0.13,0.128004,0.12825,2503.06,ETH-27NOV26,0.5212,0.64812,4.35854,50.0,0.0,0.003500000000000003,ETH,2484.46,0.0
2026-09-07T23:25:55.061738+00:00,ETH-25JUN27-4500-P,2561.58,ETH-25JUN27,put,4500.0,2027-06-25T08:00:00+00:00,0.794954145380574,0.7925,0.811,0.803727,0.80175,2561.58,ETH-25JUN27,0.5797,-0.79707,6.4527,1.0,0.0,0.018500000000000072,ETH,2484.46,0.0
2026-09-07T23:25:55.061738+00:00,ETH-30OCT26-2100-C,2495.4,ETH-30OCT26,call,2100.0,2026-10-30T08:00:00+00:00,0.14334565804313382,0.177,0.181,0.178414,0.179,2495.4,ETH-30OCT26,0.5313,0.83099,2.38267,1550.0,0.0,0.0040000000000000036,ETH,2484.46,0.0
2026-09-07T23:25:55.061738+00:00,ETH-25DEC26-2700-C,2509.76,ETH-25DEC26,call,2700.0,2026-12-25T08:00:00+00:00,0.2966653021225315,0.0835,0.0845,0.083883,0.084,2509.76,ETH-25DEC26,0.5247999999999999,0.45518,5.42074,7040.0,54.0,0.0010000000000000009,ETH,2484.45,11414.23
2026-09-07T23:25:55.061738+00:00,ETH-30OCT26-2000-P,2495.54,ETH-30OCT26,put,2000.0,2026-10-30T08:00:00+00:00,0.14334565804313382,0.013,0.014,0.013534,0.0135,2495.54,ETH-30OCT26,0.5474,-0.12075,1.89897,1064.0,1.0,0.0010000000000000009,ETH,2484.46,32.34
2026-09-07T23:25:55.061738+00:00,ETH-25JUN27-1800-C,2561.58,ETH-25JUN27,call,1800.0,2027-06-25T08:00:00+00:00,0.794954145380574,0.3575,0.3625,0.360054,0.36,2561.58,ETH-25JUN27,0.5804,0.82654,5.85679,1756.0,162.0,0.0050000000000000044,ETH,2484.46,145889.09
2026-09-07T23:25:55.061738+00:00,ETH-30OCT26-3000-C,2495.54,ETH-30OCT26,call,3000.0,2026-10-30T08:00:00+00:00,0.14334565804313382,0.0225,0.0235,0.023165,0.023,2495.54,ETH-30OCT26,0.5467,0.21594,2.76851,1984.0,25.0,0.0010000000000000009,ETH,2484.45,1463.39
2026-09-07T23:25:55.061738+00:00,ETH-25SEP26-2000-C,2489.22,ETH-25SEP26,call,2000.0,2026-09-25T08:00:00+00:00,0.047520880493510276,0.197,0.201,0.198742,0.199,2489.22,ETH-25SEP26,0.5986,0.95923,0.47501,29085.0,0.0,0.0040000000000000036,ETH,2484.45,0.0
2026-09-07T23:25:55.061738+00:00,ETH-25SEP26-2250-C,2489.08,ETH-25SEP26,call,2250.0,2026-09-25T08:00:00+00:00,0.047520880493510276,0.1045,0.109,0.106703,0.10675,2489.08,ETH-25SEP26,0.5138,0.83098,1.36844,360.0,0.0,0.004500000000000004,ETH,2484.45,0.0
2026-09-07T23:25:55.061738+00:00,ETH-25DEC26-4500-P,2509.76,ETH-25DEC26,put,4500.0,2026-12-25T08:00:00+00:00,0.2966653021225315,0.7925,0.8095,0.800711,0.801,2509.76,ETH-25DEC26,0.6197,-0.94071,1.61378,2.0,0.0,0.017000000000000015,ETH,2484.45,0.0
2026-09-07T23:25:55.061738+00:00,ETH-8SEP26-2540-P,2483.97,ETH-8SEP26,put,2540.0,2026-09-08T08:00:00+00:00,0.0009774171122645574,0.0195,0.026,0.022691,0.02275,2483.97,ETH-8SEP26,0.3517,-0.97843,0.03999,4.0,0.0,0.006499999999999999,ETH,2484.29,0.0
2026-09-07T23:25:55.061738+00:00,ETH-30OCT26-2600-P,2495.54,ETH-30OCT26,put,2600.0,2026-10-30T08:00:00+00:00,0.14334565804313382,0.101,0.102,0.101976,0.1015,2495.54,ETH-30OCT26,0.5146000000000001,-0.545,3.74646,1240.0,0.0,0.000999999999999987,ETH,2484.45,0.0
2026-09-07T23:25:55.061738+00:00,ETH-25DEC26-2900-P,2509.76,ETH-25DEC26,put,2900.0,2026-12-25T08:00:00+00:00,0.2966653021225315,0.214,0.219,0.216651,0.2165,2509.76,ETH-25DEC26,0.5304,-0.63896,5.12084,880.0,0.0,0.0050000000000000044,ETH,2484.45,0.0
2026-09-07T23:25:55.061738+00:00,ETH-25JUN27-2000-C,2561.58,ETH-25JUN27,call,2000.0,2027-06-25T08:00:00+00:00,0.794954145380574,0.3055,0.3105,0.30807,0.308,2561.58,ETH-25JUN27,0.5686,0.77086,6.92327,1759.0,0.0,0.0050000000000000044,ETH,2484.45,0.0
2026-09-07T23:25:55.061738+00:00,ETH-8SEP26-2700-P,2483.97,ETH-8SEP26,put,2700.0,2026-09-08T08:00:00+00:00,0.0009774171122645574,0.084,0.0895,0.087022,0.08675,2483.97,ETH-8SEP26,0.6486,-0.99998,7e-05,0.0,0.0,0.005499999999999991,ETH,2484.29,0.0
2026-09-07T23:25:55.061738+00:00,ETH-25DEC26-4800-P,2509.76,ETH-25DEC26,put,4800.0,2026-12-25T08:00:00+00:00,0.2966653021225315,0.908,0.929,0.918373,0.9185,2509.76,ETH-25DEC26,0.6378,-0.95469,1.3033,77.0,0.0,0.02100000000000002,ETH,2484.45,0.0
2026-09-07T23:25:55.061738+00:00,ETH-9SEP26-2640-C,2484.42,ETH-9SEP26,call,2640.0,2026-09-09T08:00:00+00:00,0.0037152678993966587,0.0002,0.0005,0.000306,0.00035,2484.42,ETH-9SEP26,0.5102,0.02621,0.09203,160.0,112.0,0.00030000000000000003,ETH,2484.29,295.16
2026-09-07T23:25:55.061738+00:00,ETH-30OCT26-4000-P,2495.54,ETH-30OCT26,put,4000.0,2026-10-30T08:00:00+00:00,0.14334565804313382,0.599,0.6135,0.606611,0.60625,2495.54,ETH-30OCT26,0.6616,-0.96062,0.80414,0.0,0.0,0.014500000000000068,ETH,2484.29,0.0
2026-09-07T23:25:55.061738+00:00,ETH-25SEP26-2150-P,2489.22,ETH-25SEP26,put,2150.0,2026-09-25T08:00:00+00:00,0.047520880493510276,0.005,0.006,0.005573,0.0055,2489.22,ETH-25SEP26,0.5392,-0.09604,0.92471,17194.0,4.0,0.001,ETH,2484.26,51.35
2026-09-07T23:25:55.061738+00:00,ETH-10SEP26-2750-C,2484.51,ETH-10SEP26,call,2750.0,2026-09-10T08:00:00+00:00,0.006453118686528761,0.0002,0.0004,0.000282,0.0003,2484.51,ETH-10SEP26,0.5888,0.01694,0.0839,76.0,76.0,0.0002,ETH,2484.29,93.84
2026-09-07T23:25:55.061738+00:00,ETH-10SEP26-2520-C,2484.51,ETH-10SEP26,call,2520.0,2026-09-10T08:00:00+00:00,0.006453118686528761,0.0075,0.0085,0.008036,0.008,2484.51,ETH-10SEP26,0.4351,0.34952,0.73885,106.0,6.0,0.0010000000000000009,ETH,2484.29,145.74
2026-09-07T23:25:55.061738+00:00,ETH-25JUN27-3000-C,2561.61,ETH-25JUN27,call,3000.0,2027-06-25T08:00:00+00:00,0.794954145380574,0.1365,0.1395,0.137874,0.138,2561.61,ETH-25JUN27,0.5572,0.47233,9.0926,1316.0,1.0,0.0030000000000000027,ETH,2484.29,356.47
2026-09-07T23:25:55.061738+00:00,ETH-25DEC26-5000-P,2509.76,ETH-25DEC26,put,5000.0,2026-12-25T08:00:00+00:00,0.2966653021225315,0.983,1.0085,0.997357,0.99575,2509.76,ETH-25DEC26,0.6541,-0.96045,1.16738,0.0,0.0,0.025499999999999967,ETH,2484.29,0.0
2026-09-07T23:25:55.061738+00:00,ETH-30OCT26-2600-C,2495.4,ETH-30OCT26,call,2600.0,2026-10-30T08:00:00+00:00,0.14334565804313382,0.06,0.061,0.060046,0.0605,2495.4,ETH-30OCT26,0.5146000000000001,0.45485,3.74604,3567.0,0.0,0.0010000000000000009,ETH,2484.26,0.0
2026-09-07T23:25:55.061738+00:00,ETH-26MAR27-3800-P,2534.56,ETH-26MAR27,put,3800.0,2027-03-26T08:00:00+00:00,0.5458097237515528,0.536,0.551,0.544266,0.5435,2534.56,ETH-26MAR27,0.5670000000000001,-0.77546,5.61116,1.0,0.0,0.015000000000000013,ETH,2484.26,0.0
2026-09-07T23:25:55.061738+00:00,ETH-25DEC26-2300-P,2509.76,ETH-25DEC26,put,2300.0,2026-12-25T08:00:00+00:00,0.2966653021225315,0.072,0.073,0.072602,0.0725,2509.76,ETH-25DEC26,0.527,-0.32737,4.93576,6100.0,64.0,0.0010000000000000009,ETH,2484.26,11482.11
2026-09-07T23:25:55.061738+00:00,ETH-25SEP26-6000-P,2489.08,ETH-25SEP26,put,6000.0,2026-09-25T08:00:00+00:00,0.047520880493510276,1.403,1.42,1.410571,1.4115,2489.08,ETH-25SEP26,1.0195999999999998,-0.99994,0.00133,0.0,0.0,0.016999999999999904,ETH,2484.27,0.0
2026-09-07T23:25:55.061738+00:00,ETH-25DEC26-2100-P,2509.76,ETH-25DEC26,put,2100.0,2026-12-25T08:00:00+00:00,0.2966653021225315,0.044,0.045,0.044412,0.0445,2509.76,ETH-25DEC26,0.5381,-0.22537,4.10453,2676.0,794.0,0.0010000000000000009,ETH,2484.26,90903.09
2026-09-07T23:25:55.061738+00:00,ETH-11SEP26-2560-P,2484.89,ETH-11SEP26,put,2560.0,2026-09-11T08:00:00+00:00,0.00919096947366086,0.0345,0.039,0.037209,0.03675,2484.89,ETH-11SEP26,0.46869999999999995,-0.73946,0.77351,0.0,0.0,0.004499999999999997,ETH,2484.26,0.0
2026-09-07T23:25:55.061738+00:00,ETH-26MAR27-2200-C,2534.56,ETH-26MAR27,call,2200.0,2027-03-26T08:00:00+00:00,0.5458097237515528,0.224,0.228,0.22588,0.226,2534.56,ETH-26MAR27,0.5524,0.70915,6.42064,4061.0,0.0,0.0040000000000000036,ETH,2484.27,0.0
2026-09-07T23:25:55.061738+00:00,ETH-25DEC26-3100-C,2509.76,ETH-25DEC26,call,3100.0,2026-12-25T08:00:00+00:00,0.2966653021225315,0.044,0.0455,0.044836,0.04475,2509.76,ETH-25DEC26,0.5389,0.28336,4.62926,2517.0,0.0,0.0015000000000000013,ETH,2484.26,0.0
2026-09-07T23:25:55.061738+00:00,ETH-30OCT26-2050-C,2495.54,ETH-30OCT26,call,2050.0,2026-10-30T08:00:00+00:00,0.14334565804313382,0.1935,0.1975,0.194941,0.1955,2495.54,ETH-30OCT26,0.5388000000000001,0.85661,2.13781,479.0,0.0,0.0040000000000000036,ETH,2484.27,0.0
2026-09-07T23:25:55.061738+00:00,ETH-26MAR27-1600-C,2534.56,ETH-26MAR27,call,1600.0,2027-03-26T08:00:00+00:00,0.5458097237515528,0.394,0.3985,0.39615,0.39625,2534.56,ETH-26MAR27,0.6042000000000001,0.89499,3.40628,879.0,0.0,0.004500000000000004,ETH,2484.27,0.0
2026-09-07T23:25:55.061738+00:00,ETH-25DEC26-3200-C,2509.76,ETH-25DEC26,call,3200.0,2026-12-25T08:00:00+00:00,0.2966653021225315,0.038,0.039,0.038589,0.0385,2509.76,ETH-25DEC26,0.544,0.25083,4.35266,68127.0,0.0,0.0010000000000000009,ETH,2484.27,0.0
2026-09-07T23:25:55.061738+00:00,ETH-25DEC26-4400-C,2509.62,ETH-25DEC26,call,4400.0,2026-12-25T08:00:00+00:00,0.2966653021225315,0.008,0.009,0.008472,0.0085,2509.62,ETH-25DEC26,0.6143,0.0655,1.74391,3723.0,5.0,0.0009999999999999992,ETH,2484.27,99.58
2026-09-07T23:25:55.061738+00:00,ETH-26MAR27-4000-C,2534.56,ETH-26MAR27,call,4000.0,2027-03-26T08:00:00+00:00,0.5458097237515528,0.0365,0.0385,0.037443,0.0375,2534.56,ETH-26MAR27,0.5722,0.19284,5.12944,2561.0,0.0,0.0020000000000000018,ETH,2484.27,0.0
2026-09-07T23:25:55.061738+00:00,ETH-25SEP26-7400-P,2489.08,ETH-25SEP26,put,7400.0,2026-09-25T08:00:00+00:00,0.047520880493510276,1.9635,1.9845,1.973035,1.974,2489.08,ETH-25SEP26,1.1765,-0.99998,0.00045,0.0,0.0,0.020999999999999908,ETH,2484.27,0.0
2026-09-07T23:25:55.061738+00:00,ETH-8SEP26-2200-C,2483.97,ETH-8SEP26,call,2200.0,2026-09-08T08:00:00+00:00,0.0009774171122645574,0.1125,0.116,0.114278,0.11425,2483.97,ETH-8SEP26,0.7872,1.0,0.0,8.0,8.0,0.003500000000000003,ETH,2484.27,2507.73
2026-09-07T23:25:55.061738+00:00,ETH-30OCT26-2100-P,2495.54,ETH-30OCT26,put,2100.0,2026-10-30T08:00:00+00:00,0.14334565804313382,0.0195,0.0205,0.019972,0.02,2495.54,ETH-30OCT26,0.5313,-0.1691,2.38332,3449.0,0.0,0.0010000000000000009,ETH,2484.27,0.0
2026-09-07T23:25:55.061738+00:00,ETH-10SEP26-2580-P,2484.65,ETH-10SEP26,put,2580.0,2026-09-10T08:00:00+00:00,0.006453118686528761,0.039,0.0435,0.041737,0.04125,2484.65,ETH-10SEP26,0.47409999999999997,-0.83441,0.49652,0.0,0.0,0.004499999999999997,ETH,2484.27,0.0
2026-09-07T23:25:55.061738+00:00,ETH-10SEP26-2250-C,2484.51,ETH-10SEP26,call,2250.0,2026-09-10T08:00:00+00:00,0.006453118686528761,0.093,0.0975,0.09483,0.09525,2484.51,ETH-10SEP26,0.6291,0.97647,0.11085,0.0,0.0,0.004500000000000004,ETH,2484.27,0.0
2026-09-07T23:25:55.061738+00:00,ETH-27NOV26-3200-C,2503.06,ETH-27NOV26,call,3200.0,2026-11-27T08:00:00+00:00,0.22000548008283266,0.0265,0.028,0.027171,0.02725,2503.06,ETH-27NOV26,0.5552,0.2081,3.36633,123.0,0.0,0.0015000000000000013,ETH,2484.27,0.0
2026-09-07T23:25:55.061738+00:00,ETH-25SEP26-2800-P,2489.08,ETH-25SEP26,put,2800.0,2026-09-25T08:00:00+00:00,0.047520880493510276,0.132,0.139,0.13534,0.1355,2489.08,ETH-25SEP26,0.5402,-0.82651,1.39137,1340.0,0.0,0.007000000000000006,ETH,2484.27,0.0
2026-09-07T23:25:55.061738+00:00,ETH-9SEP26-2440-C,2484.28,ETH-9SEP26,call,2440.0,2026-09-09T08:00:00+00:00,0.0037152678993966587,0.0195,0.024,0.021318,0.02175,2484.28,ETH-9SEP26,0.4146,0.76548,0.46459,46.0,0.0,0.0045000000000000005,ETH,2484.27,0.0
2026-09-07T23:25:55.061738+00:00,ETH-25SEP26-6200-C,2489.22,ETH-25SEP26,call,6200.0,2026-09-25T08:00:00+00:00,0.047520880493510276,,0.0001,2e-06,,2489.22,ETH-25SEP26,1.0378,4e-05,0.001,2798.0,0.0,,ETH,2484.27,0.0
2026-09-07T23:25:55.061738+00:00,ETH-11SEP26-2150-P,2484.75,ETH-11SEP26,put,2150.0,2026-09-11T08:00:00+00:00,0.00919096947366086,0.0003,0.0006,0.000434,0.00045,2484.75,ETH-11SEP26,0.7236,-0.01699,0.10038,4806.0,220.0,0.0003,ETH,2484.27,326.6
2026-09-07T23:25:55.061738+00:00,ETH-11SEP26-2150-C,2484.89,ETH-11SEP26,call,2150.0,2026-09-11T08:00:00+00:00,0.00919096947366086,0.1335,0.138,0.135156,0.13575,2484.89,ETH-11SEP26,0.7236,0.98301,0.10037,0.0,0.0,0.004500000000000004,ETH,2484.27,0.0
2026-09-07T23:25:55.061738+00:00,ETH-11SEP26-2570-C,2484.89,ETH-11SEP26,call,2570.0,2026-09-11T08:00:00+00:00,0.00919096947366086,0.006,0.0065,0.006187,0.00625,2484.89,ETH-11SEP26,0.4755,0.23658,0.73475,55.0,47.0,0.0004999999999999996,ETH,2484.27,966.46
2026-09-07T23:25:55.061738+00:00,ETH-27NOV26-3600-P,2503.06,ETH-27NOV26,put,3600.0,2026-11-27T08:00:00+00:00,0.22000548008283266,0.4465,0.458,0.452644,0.45225,2503.06,ETH-27NOV26,0.5871,-0.88134,2.33061,0.0,0.0,0.01150000000000001,ETH,2484.27,0.0
2026-09-07T23:25:55.061738+00:00,ETH-26MAR27-4600-C,2534.56,ETH-26MAR27,call,4600.0,2027-03-26T08:00:00+00:00,0.5458097237515528,0.022,0.0235,0.022724,0.02275,2534.56,ETH-26MAR27,0.5897,0.12513,3.85871,1403.0,2.0,0.0015000000000000013,ETH,2484.27,117.38
2026-09-07T23:25:55.061738+00:00,ETH-25SEP26-1700-P,2489.22,ETH-25SEP26,put,1700.0,2026-09-25T08:00:00+00:00,0.047520880493510276,0.0004,0.0006,0.000493,0.0005,2489.22,ETH-25SEP26,0.7589,-0.0085,0.12545,10021.0,30.0,0.00019999999999999993,ETH,2484.26,37.35
2026-09-07T23:25:55.061738+00:00,ETH-27NOV26-4400-P,2503.06,ETH-27NOV26,put,4400.0,2026-11-27T08:00:00+00:00,0.22000548008283266,0.7525,0.772,0.763116,0.76225,2503.06,ETH-27NOV26,0.6531,-0.95427,1.12754,0.0,0.0,0.019500000000000073,ETH,2484.26,0.0
2026-09-07T23:25:55.061738+00:00,ETH-30OCT26-3600-C,2495.54,ETH-30OCT26,call,3600.0,2026-10-30T08:00:00+00:00,0.14334565804313382,0.0065,0.0075,0.006946,0.007,2495.54,ETH-30OCT26,0.6162,0.07299,1.31028,4569.0,0.0,0.001,ETH,2484.26,0.0
2026-09-07T23:25:55.061738+00:00,ETH-11SEP26-2560-C,2484.75,ETH-11SEP26,call,2560.0,2026-09-11T08:00:00+00:00,0.00919096947366086,0.0065,0.0075,0.006924,0.007,2484.75,ETH-11SEP26,0.46869999999999995,0.26057,0.77356,236.0,246.0,0.001,ETH,2484.27,4940.74
2026-09-07T23:25:55.061738+00:00,ETH-18SEP26-2700-C,2486.79,ETH-18SEP26,call,2700.0,2026-09-18T08:00:00+00:00,0.028355924983585568,0.0085,0.0095,0.009114,0.009,2486.79,ETH-18SEP26,0.5331,0.19171,1.14289,4012.0,16.0,0.0009999999999999992,ETH,2484.27,491.27
2026-09-07T23:25:55.061738+00:00,ETH-26MAR27-2000-C,2534.56,ETH-26MAR27,call,2000.0,2027-03-26T08:00:00+00:00,0.5458097237515528,0.273,0.2775,0.275513,0.27525,2534.56,ETH-26MAR27,0.5624,0.78164,5.52244,1845.0,2.0,0.004500000000000004,ETH,2484.26,1352.0
2026-09-07T23:25:55.061738+00:00,ETH-25SEP26-5600-P,2489.08,ETH-25SEP26,put,5600.0,2026-09-25T08:00:00+00:00,0.047520880493510276,1.2425,1.2585,1.249868,1.2505,2489.08,ETH-25SEP26,0.9643,-0.99991,0.00191,0.0,0.0,0.016000000000000014,ETH,2484.27,0.0
2026-09-07T23:25:55.061738+00:00,ETH-25SEP26-5500-C,2489.22,ETH-25SEP26,call,5500.0,2026-09-25T08:00:00+00:00,0.047520880493510276,,0.0001,5e-06,,2489.22,ETH-25SEP26,0.9501999999999999,0.0001,0.00212,2169.0,0.0,,ETH,2484.27,0.0
2026-09-07T23:25:55.061738+00:00,ETH-25JUN27-5000-P,2561.61,ETH-25JUN27,put,5000.0,2027-06-25T08:00:00+00:00,0.794954145380574,0.974,0.995,0.986809,0.9845,2561.61,ETH-25JUN27,0.5903,-0.84303,5.48944,0.0,0.0,0.02100000000000002,ETH,2484.26,0.0
2026-09-07T23:25:55.061738+00:00,ETH-30OCT26-3100-C,2495.4,ETH-30OCT26,call,3100.0,2026-10-30T08:00:00+00:00,0.14334565804313382,0.018,0.019,0.018444,0.0185,2495.4,ETH-30OCT26,0.5566,0.17776,2.46032,1108.0,74.0,0.0010000000000000009,ETH,2484.27,3449.47
2026-09-07T23:25:55.061738+00:00,ETH-27NOV26-3300-P,2503.06,ETH-27NOV26,put,3300.0,2026-11-27T08:00:00+00:00,0.22000548008283266,0.336,0.346,0.34137,0.341,2503.06,ETH-27NOV26,0.5625,-0.82007,3.08064,0.0,0.0,0.009999999999999953,ETH,2484.27,0.0
2026-09-07T23:25:55.061738+00:00,ETH-18SEP26-2250-C,2486.79,ETH-18SEP26,call,2250.0,2026-09-18T08:00:00+00:00,0.028355924983585568,0.099,0.103,0.100671,0.101,2486.79,ETH-18SEP26,0.5263,0.87956,0.84005,14.0,14.0,0.00399999999999999,ETH,2484.26,3486.34
2026-09-07T23:25:55.061738+00:00,ETH-27NOV26-2250-P,2503.06,ETH-27NOV26,put,2250.0,2026-11-27T08:00:00+00:00,0.22000548008283266,0.0505,0.052,0.051208,0.05125,2503.06,ETH-27NOV26,0.5259,-0.28949,4.01641,821.0,0.0,0.0014999999999999944,ETH,2484.27,0.0
2026-09-07T23:25:55.061738+00:00,ETH-25JUN27-3500-C,2561.58,ETH-25JUN27,call,3500.0,2027-06-25T08:00:00+00:00,0.794954145380574,0.0925,0.0955,0.093837,0.094,2561.58,ETH-25JUN27,0.5627,0.3553,8.50804,2813.0,0.0,0.0030000000000000027,ETH,2484.27,0.0
2026-09-07T23:25:55.061738+00:00,ETH-25JUN27-3600-P,2561.61,ETH-25JUN27,put,3600.0,2027-06-25T08:00:00+00:00,0.794954145380574,0.485,0.498,0.492531,0.4915,2561.61,ETH-25JUN27,0.564,-0.66456,8.32748,0.0,0.0,0.013000000000000012,ETH,2484.27,0.0
2026-09-07T23:25:55.061738+00:00,ETH-25SEP26-1700-C,2489.08,ETH-25SEP26,call,1700.0,2026-09-25T08:00:00+00:00,0.047520880493510276,0.316,0.3195,0.317499,0.31775,2489.08,ETH-25SEP26,0.7589,0.9915,0.12545,2190.0,2.0,0.003500000000000003,ETH,2484.27,1595.55
2026-09-07T23:25:55.061738+00:00,ETH-26MAR27-1400-P,2534.56,ETH-26MAR27,put,1400.0,2027-03-26T08:00:00+00:00,0.5458097237515528,0.0165,0.018,0.017166,0.01725,2534.56,ETH-26MAR27,0.6389,-0.06771,2.45136,1850.0,0.0,0.0014999999999999979,ETH,2484.27,0.0
2026-09-07T23:25:55.061738+00:00,ETH-25SEP26-7500-P,2489.08,ETH-25SEP26,put,7500.0,2026-09-25T08:00:00+00:00,0.047520880493510276,2.003,2.0245,2.013211,2.01375,2489.08,ETH-25SEP26,1.1895,-0.99998,0.00044,0.0,0.0,0.021500000000000075,ETH,2484.27,0.0
2026-09-07T23:25:55.061738+00:00,ETH-25SEP26-2360-P,2489.22,ETH-25SEP26,put,2360.0,2026-09-25T08:00:00+00:00,0.047520880493510276,0.0205,0.0215,0.021142,0.021,2489.22,ETH-25SEP26,0.49700000000000005,-0.29271,1.86592,265.0,1.0,0.0009999999999999974,ETH,2484.27,46.5
2026-09-07T23:25:55.061738+00:00,ETH-26MAR27-1800-P,2534.56,ETH-26MAR27,put,1800.0,2027-03-26T08:00:00+00:00,0.5458097237515528,0.042,0.0435,0.042576,0.04275,2534.56,ETH-26MAR27,0.5778,-0.15506,4.4645,3715.0,0.0,0.0014999999999999944,ETH,2484.27,0.0
2026-09-07T23:25:55.061738+00:00,ETH-25SEP26-2200-C,2489.08,ETH-25SEP26,call,2200.0,2026-09-25T08:00:00+00:00,0.047520880493510276,0.122,0.1265,0.123803,0.12425,2489.08,ETH-25SEP26,0.5245000000000001,0.87218,1.13473,7962.0,1.0,0.004500000000000004,ETH,2484.27,313.8
2026-09-07T23:25:55.061738+00:00,ETH-10SEP26-2380-P,2484.51,ETH-10SEP26,put,2380.0,2026-09-10T08:00:00+00:00,0.006453118686528761,0.0021,0.0025,0.002284,0.0023,2484.51,ETH-10SEP26,0.466,-0.12174,0.40325,338.0,378.0,0.0004000000000000002,ETH,2484.27,1991.93
2026-09-07T23:25:55.061738+00:00,ETH-26MAR27-3500-C,2534.56,ETH-26MAR27,call,3500.0,2027-03-26T08:00:00+00:00,0.5458097237515528,0.0585,0.0605,0.059462,0.0595,2534.56,ETH-26MAR27,0.5586,0.28253,6.33285,4193.0,4.0,0.001999999999999995,ETH,2484.27,583.35
2026-09-07T23:25:55.061738+00:00,ETH-30OCT26-3800-P,2495.4,ETH-30OCT26,put,3800.0,2026-10-30T08:00:00+00:00,0.14334565804313382,0.5205,0.534,0.52789,0.52725,2495.4,ETH-30OCT26,0.6419,-0.94614,1.03404,0.0,0.0,0.013500000000000068,ETH,2484.27,0.0
2026-09-07T23:25:55.061738+00:00,ETH-27NOV26-2100-C,2503.06,ETH-27NOV26,call,2100.0,2026-11-27T08:00:00+00:00,0.22000548008283266,0.1925,0.1965,0.194164,0.1945,2503.06,ETH-27NOV26,0.5382,0.79423,3.34398,1.0,0.0,0.0040000000000000036,ETH,2484.27,0.0
2026-09-07T23:25:55.061738+00:00,ETH-25SEP26-5500-P,2489.22,ETH-25SEP26,put,5500.0,2026-09-25T08:00:00+00:00,0.047520880493510276,1.2015,1.218,1.209692,1.20975,2489.22,ETH-25SEP26,0.9501999999999999,-0.9999,0.00212,1.0,0.0,0.01649999999999996,ETH,2484.27,0.0
2026-09-07T23:25:55.061738+00:00,ETH-30OCT26-2200-C,2495.4,ETH-30OCT26,call,2200.0,2026-10-30T08:00:00+00:00,0.14334565804313382,0.146,0.15,0.147436,0.148,2495.4,ETH-30OCT26,0.5193,0.76997,2.86984,1295.0,0.0,0.0040000000000000036,ETH,2484.27,0.0
2026-09-07T23:25:55.061738+00:00,ETH-25JUN27-1500-P,2561.61,ETH-25JUN27,put,1500.0,2027-06-25T08:00:00+00:00,0.794954145380574,0.034,0.036,0.034943,0.035,2561.61,ETH-25JUN27,0.6099,-0.10461,4.14298,502.0,0.0,0.001999999999999995,ETH,2484.27,0.0
2026-09-07T23:25:55.061738+00:00,ETH-26MAR27-3600-P,2534.56,ETH-26MAR27,put,3600.0,2027-03-26T08:00:00+00:00,0.5458097237515528,0.4675,0.481,0.47447,0.47425,2534.56,ETH-26MAR27,0.5611999999999999,-0.7385,6.09376,1.0,0.0,0.013499999999999956,ETH,2484.27,0.0
2026-09-07T23:25:55.061738+00:00,ETH-25SEP26-2900-C,2489.08,ETH-25SEP26,call,2900.0,2026-09-25T08:00:00+00:00,0.047520880493510276,0.0065,0.007,0.006747,0.00675,2489.08,ETH-25SEP26,0.5625,0.11808,1.07341,16791.0,128.0,0.0005000000000000004,ETH,2484.27,2269.96
2026-09-07T23:25:55.061738+00:00,ETH-26MAR27-1900-C,2534.53,ETH-26MAR27,call,1900.0,2027-03-26T08:00:00+00:00,0.5458097237515528,0.3005,0.305,0.303049,0.30275,2534.53,ETH-26MAR27,0.5692,0.8147,5.00491,2451.0,1.0,0.004500000000000004,ETH,2484.27,744.98
2026-09-07T23:25:55.061738+00:00,ETH-18SEP26-2650-P,2486.93,ETH-18SEP26,put,2650.0,2026-09-18T08:00:00+00:00,0.028355924983585568,0.0755,0.0795,0.077915,0.0775,2486.93,ETH-18SEP26,0.5184000000000001,-0.75318,1.32195,0.0,0.0,0.0040000000000000036,ETH,2484.27,0.0
2026-09-07T23:25:55.061738+00:00,ETH-25SEP26-5400-P,2489.22,ETH-25SEP26,put,5400.0,2026-09-25T08:00:00+00:00,0.047520880493510276,1.1615,1.1775,1.169516,1.1695,2489.22,ETH-25SEP26,0.9344,-0.99989,0.00231,4.0,0.0,0.016000000000000014,ETH,2484.27,0.0
2026-09-07T23:25:55.061738+00:00,ETH-25SEP26-1900-P,2489.08,ETH-25SEP26,put,1900.0,2026-09-25T08:00:00+00:00,0.047520880493510276,0.0011,0.0015,0.001311,0.0013,2489.08,ETH-25SEP26,0.647,-0.02358,0.302,20819.0,3.0,0.00039999999999999996,ETH,2484.27,11.56
2026-09-07T23:25:55.061738+00:00,ETH-25SEP26-3400-P,2489.08,ETH-25SEP26,put,3400.0,2026-09-25T08:00:00+00:00,0.047520880493510276,0.363,0.3725,0.367186,0.36775,2489.08,ETH-25SEP26,0.6878,-0.9775,0.29036,870.0,0.0,0.009500000000000008,ETH,2484.27,0.0
2026-09-07T23:25:55.061738+00:00,ETH-11SEP26-2540-C,2484.89,ETH-11SEP26,call,2540.0,2026-09-11T08:00:00+00:00,0.00919096947366086,0.0085,0.009,0.008791,0.00875,2484.89,ETH-11SEP26,0.4587,0.31618,0.84757,9.0,9.0,0.0004999999999999987,ETH,2484.27,270.34
2026-09-07T23:25:55.061738+00:00,ETH-26MAR27-1900-P,2534.56,ETH-26MAR27,put,1900.0,2027-03-26T08:00:00+00:00,0.5458097237515528,0.0515,0.0535,0.052725,0.0525,2534.56,ETH-26MAR27,0.5692,-0.1853,5.00488,3282.0,0.0,0.0020000000000000018,ETH,2484.27,0.0
2026-09-07T23:25:55.061738+00:00,ETH-8SEP26-2280-P,2483.97,ETH-8SEP26,put,2280.0,2026-09-08T08:00:00+00:00,0.0009774171122645574,,0.0001,0.0,,2483.97,ETH-8SEP26,0.6718000000000001,-2e-05,7e-05,463.0,253.0,,ETH,2484.27,77.15
2026-09-07T23:25:55.061738+00:00,ETH-27NOV26-2250-C,2503.06,ETH-27NOV26,call,2250.0,2026-11-27T08:00:00+00:00,0.22000548008283266,0.1505,0.154,0.152265,0.15225,2503.06,ETH-27NOV26,0.5259,0.71052,4.0164,51.0,0.0,0.003500000000000003,ETH,2484.26,0.0
2026-09-07T23:25:55.061738+00:00,ETH-30OCT26-2700-C,2495.4,ETH-30OCT26,call,2700.0,2026-10-30T08:00:00+00:00,0.14334565804313382,0.047,0.048,0.047313,0.0475,2495.4,ETH-30OCT26,0.5216,0.38197,3.60395,1346.0,6.0,0.0010000000000000009,ETH,2484.27,774.29
2026-09-07T23:25:55.061738+00:00,ETH-10SEP26-2580-C,2484.51,ETH-10SEP26,call,2580.0,2026-09-10T08:00:00+00:00,0.006453118686528761,0.0031,0.0035,0.00329,0.0033,2484.51,ETH-10SEP26,0.47409999999999997,0.16559,0.49652,114.0,99.0,0.0004000000000000002,ETH,2484.27,1054.41
2026-09-07T23:25:55.061738+00:00,ETH-25SEP26-7400-C,2489.22,ETH-25SEP26,call,7400.0,2026-09-25T08:00:00+00:00,0.047520880493510276,,0.0001,1e-06,,2489.22,ETH-25SEP26,1.1765,2e-05,0.00045,1322.0,0.0,,ETH,2484.26,0.0
2026-09-07T23:25:55.061738+00:00,ETH-25SEP26-5200-P,2489.08,ETH-25SEP26,put,5200.0,2026-09-25T08:00:00+00:00,0.047520880493510276,1.082,1.097,1.089169,1.0895,2489.08,ETH-25SEP26,0.9314,-0.99979,0.00432,3.0,0.0,0.014999999999999902,ETH,2484.26,0.0
2026-09-07T23:25:55.061738+00:00,ETH-25SEP26-14000-P,2489.08,ETH-25SEP26,put,14000.0,2026-09-25T08:00:00+00:00,0.047520880493510276,4.603,4.648,4.624659,4.6255,2489.08,ETH-25SEP26,1.7753,-0.99999,0.00024,0.0,0.0,0.04499999999999993,ETH,2484.26,0.0
2026-09-07T23:25:55.061738+00:00,ETH-8SEP26-2440-C,2484.11,ETH-8SEP26,call,2440.0,2026-09-08T08:00:00+00:00,0.0009774171122645574,0.015,0.021,0.017905,0.018,2484.11,ETH-8SEP26,0.3552,0.94665,0.0841,17.0,8.0,0.006000000000000002,ETH,2484.26,387.5
2026-09-07T23:25:55.061738+00:00,ETH-18SEP26-2700-P,2486.79,ETH-18SEP26,put,2700.0,2026-09-18T08:00:00+00:00,0.028355924983585568,0.0915,0.098,0.094864,0.09475,2486.79,ETH-18SEP26,0.5331,-0.80828,1.14291,7.0,0.0,0.006500000000000006,ETH,2484.26,0.0
2026-09-07T23:25:55.061738+00:00,ETH-25DEC26-2600-P,2509.76,ETH-25DEC26,put,2600.0,2026-12-25T08:00:00+00:00,0.2966653021225315,0.1335,0.135,0.134332,0.13425,2509.76,ETH-25DEC26,0.5235,-0.49264,5.45387,1195.0,34.0,0.0015000000000000013,ETH,2484.26,11313.13
2026-09-07T23:25:55.061738+00:00,ETH-25SEP26-6400-P,2489.08,ETH-25SEP26,put,6400.0,2026-09-25T08:00:00+00:00,0.047520880493510276,1.5625,1.581,1.571275,1.57175,2489.08,ETH-25SEP26,1.0674,-0.99996,0.00092,0.0,0.0,0.01849999999999996,ETH,2484.27,0.0
2026-09-07T23:25:55.061738+00:00,ETH-11SEP26-2350-P,2484.75,ETH-11SEP26,put,2350.0,2026-09-11T08:00:00+00:00,0.00919096947366086,0.0023,0.0026,0.002445,0.00245,2484.75,ETH-11SEP26,0.4797,-0.10839,0.44322,3371.0,135.0,0.0002999999999999999,ETH,2484.26,872.58
2026-09-07T23:25:55.061738+00:00,ETH-25SEP26-6600-P,2489.08,ETH-25SEP26,put,6600.0,2026-09-25T08:00:00+00:00,0.047520880493510276,1.6415,1.662,1.651627,1.65175,2489.08,ETH-25SEP26,1.0931,-0.99996,0.00081,0.0,0.0,0.020499999999999963,ETH,2484.27,0.0
2026-09-07T23:25:55.061738+00:00,ETH-25SEP26-2800-C,2489.08,ETH-25SEP26,call,2800.0,2026-09-25T08:00:00+00:00,0.047520880493510276,0.01,0.011,0.010409,0.0105,2489.08,ETH-25SEP26,0.5402,0.1735,1.3914,15411.0,1836.0,0.0009999999999999992,ETH,2484.27,50368.02
2026-09-07T23:25:55.061738+00:00,ETH-25DEC26-2900-C,2509.76,ETH-25DEC26,call,2900.0,2026-12-25T08:00:00+00:00,0.2966653021225315,0.0605,0.0615,0.061098,0.061,2509.76,ETH-25DEC26,0.5304,0.36094,5.11997,3740.0,0.0,0.0010000000000000009,ETH,2484.27,0.0
2026-09-07T23:25:55.061738+00:00,ETH-27NOV26-4000-P,2503.06,ETH-27NOV26,put,4000.0,2026-11-27T08:00:00+00:00,0.22000548008283266,0.6,0.6125,0.606296,0.60625,2503.06,ETH-27NOV26,0.6188,-0.92916,1.59127,0.0,0.0,0.012500000000000067,ETH,2484.25,0.0
2026-09-07T23:25:55.061738+00:00,ETH-18SEP26-2450-P,2486.93,ETH-18SEP26,put,2450.0,2026-09-18T08:00:00+00:00,0.028355924983585568,0.025,0.026,0.025721,0.0255,2486.93,ETH-18SEP26,0.4886,-0.41212,1.63026,1590.0,101.0,0.0009999999999999974,ETH,2484.27,6162.48
2026-09-07T23:25:55.061738+00:00,ETH-9SEP26-2100-P,2484.42,ETH-9SEP26,put,2100.0,2026-09-09T08:00:00+00:00,0.0037152678993966587,,0.0001,1.3e-05,,2484.42,ETH-9SEP26,0.8898,-0.00088,0.00455,502.0,0.0,,ETH,2484.25,0.0
2026-09-07T23:25:55.061738+00:00,ETH-26MAR27-2700-P,2534.56,ETH-26MAR27,put,2700.0,2027-03-26T08:00:00+00:00,0.5458097237515528,0.198,0.2015,0.199713,0.19975,2534.56,ETH-26MAR27,0.5458,-0.48209,7.46515,191.0,0.0,0.003500000000000003,ETH,2484.27,0.0
2026-09-07T23:25:55.061738+00:00,ETH-11SEP26-2520-C,2484.75,ETH-11SEP26,call,2520.0,2026-09-11T08:00:00+00:00,0.00919096947366086,0.0105,0.0115,0.011106,0.011,2484.75,ETH-11SEP26,0.4487,0.37961,0.90673,122.0,0.0,0.0009999999999999992,ETH,2484.27,0.0
2026-09-07T23:25:55.061738+00:00,ETH-8SEP26-2750-C,2483.97,ETH-8SEP26,call,2750.0,2026-09-08T08:00:00+00:00,0.0009774171122645574,,0.0001,0.0,,2483.97,ETH-8SEP26,0.7394,1e-05,2e-05,110.0,5.0,,ETH,2484.27,2.5
2026-09-07T23:25:55.061738+00:00,ETH-11SEP26-2480-P,2484.89,ETH-11SEP26,put,2480.0,2026-09-11T08:00:00+00:00,0.00919096947366086,0.015,0.016,0.015906,0.0155,2484.89,ETH-11SEP26,0.4409,-0.47364,0.94826,120.0,120.0,0.0010000000000000009,ETH,2484.27,4515.21
2026-09-07T23:25:55.061738+00:00,ETH-11SEP26-2500-P,2484.89,ETH-11SEP26,put,2500.0,2026-09-11T08:00:00+00:00,0.00919096947366086,0.0195,0.0205,0.020279,0.02,2484.89,ETH-11SEP26,0.44409999999999994,-0.54895,0.94317,1210.0,271.0,0.0010000000000000009,ETH,2484.25,13535.91
2026-09-07T23:25:55.061738+00:00,ETH-11SEP26-2440-C,2484.75,ETH-11SEP26,call,2440.0,2026-09-11T08:00:00+00:00,0.00919096947366086,0.026,0.0295,0.027205,0.02775,2484.75,ETH-11SEP26,0.44,0.67433,0.8581,0.0,0.0,0.0034999999999999996,ETH,2484.25,0.0
2026-09-07T23:25:55.061738+00:00,ETH-25SEP26-3500-C,2489.08,ETH-25SEP26,call,3500.0,2026-09-25T08:00:00+00:00,0.047520880493510276,0.0008,0.001,0.000892,0.0009,2489.08,ETH-25SEP26,0.7101000000000001,0.01684,0.22699,20856.0,0.0,0.00019999999999999998,ETH,2484.25,0.0
2026-09-07T23:25:55.061738+00:00,ETH-25SEP26-1800-C,2489.08,ETH-25SEP26,call,1800.0,2026-09-25T08:00:00+00:00,0.047520880493510276,0.276,0.28,0.277673,0.278,2489.08,ETH-25SEP26,0.7073999999999999,0.98531,0.20191,6238.0,0.0,0.0040000000000000036,ETH,2484.25,0.0
2026-09-07T23:25:55.061738+00:00,ETH-26MAR27-3400-C,2534.56,ETH-26MAR27,call,3400.0,2027-03-26T08:00:00+00:00,0.5458097237515528,0.0645,0.067,0.065624,0.06575,2534.56,ETH-26MAR27,0.5565,0.3055,6.56585,1881.0,0.0,0.0025000000000000022,ETH,2484.25,0.0
2026-09-07T23:25:55.061738+00:00,ETH-25JUN27-900-P,2561.61,ETH-25JUN27,put,900.0,2027-06-25T08:00:00+00:00,0.794954145380574,0.008,0.0095,0.008727,0.00875,2561.61,ETH-25JUN27,0.7342,-0.02713,1.42981,848.0,0.0,0.0014999999999999996,ETH,2484.25,0.0
2026-09-07T23:25:55.061738+00:00,ETH-25JUN27-1300-C,2561.58,ETH-25JUN27,call,1300.0,2027-06-25T08:00:00+00:00,0.794954145380574,0.5125,0.5175,0.515262,0.515,2561.58,ETH-25JUN27,0.6403,0.92965,3.07928,108.0,0.0,0.0050000000000000044,ETH,2484.25,0.0
2026-09-07T23:25:55.061738+00:00,ETH-25SEP26-1850-P,2489.22,ETH-25SEP26,put,1850.0,2026-09-25T08:00:00+00:00,0.047520880493510276,0.0009,0.0012,0.001045,0.00105,2489.22,ETH-25SEP26,0.6765000000000001,-0.01853,0.24627,5691.0,4.0,0.0002999999999999999,ETH,2484.25,13.07
2026-09-07T23:25:55.061738+00:00,ETH-25DEC26-1500-C,2509.76,ETH-25DEC26,call,1500.0,2026-12-25T08:00:00+00:00,0.2966653021225315,0.409,0.4125,0.410308,0.41075,2509.76,ETH-25DEC26,0.6356,0.95147,1.37694,749.0,0.0,0.003500000000000003,ETH,2484.25,0.0
2026-09-07T23:25:55.061738+00:00,ETH-8SEP26-2420-P,2483.97,ETH-8SEP26,put,2420.0,2026-09-08T08:00:00+00:00,0.0009774171122645574,,0.0001,7.7e-05,,2483.97,ETH-8SEP26,0.39590000000000003,-0.01706,0.03275,525.0,1372.0,,ETH,2484.25,2415.0
2026-09-07T23:25:55.061738+00:00,ETH-30OCT26-3400-C,2495.54,ETH-30OCT26,call,3400.0,2026-10-30T08:00:00+00:00,0.14334565804313382,0.0095,0.0105,0.009959,0.01,2495.54,ETH-30OCT26,0.5915,0.10226,1.68572,3351.0,376.0,0.0010000000000000009,ETH,2484.25,9471.59
2026-09-07T23:25:55.061738+00:00,ETH-27NOV26-2750-P,2503.06,ETH-27NOV26,put,2750.0,2026-11-27T08:00:00+00:00,0.22000548008283266,0.1575,0.1615,0.159814,0.1595,2503.06,ETH-27NOV26,0.5262,-0.60182,4.53134,75.0,23.0,0.0040000000000000036,ETH,2484.27,8955.5
2026-09-07T23:25:55.061738+00:00,ETH-25SEP26-5000-P,2489.22,ETH-25SEP26,put,5000.0,2026-09-25T08:00:00+00:00,0.047520880493510276,1.002,1.0165,1.008828,1.00925,2489.22,ETH-25SEP26,0.9312999999999999,-0.99957,0.00837,2.0,0.0,0.014499999999999957,ETH,2484.27,0.0
2026-09-07T23:25:55.061738+00:00,ETH-18SEP26-2800-P,2486.79,ETH-18SEP26,put,2800.0,2026-09-18T08:00:00+00:00,0.028355924983585568,0.128,0.135,0.131163,0.1315,2486.79,ETH-18SEP26,0.5668,-0.88392,0.81841,0.0,0.0,0.007000000000000006,ETH,2484.25,0.0
2026-09-07T23:25:55.061738+00:00,ETH-25DEC26-11000-P,2509.76,ETH-25DEC26,put,11000.0,2026-12-25T08:00:00+00:00,0.2966653021225315,3.3465,3.3895,3.383342,3.368,2509.76,ETH-25DEC26,0.8592,-0.99826,0.0762,699.0,0.0,0.04300000000000015,ETH,2484.25,0.0
2026-09-07T23:25:55.061738+00:00,ETH-9SEP26-2800-C,2484.42,ETH-9SEP26,call,2800.0,2026-09-09T08:00:00+00:00,0.0037152678993966587,,0.0001,3.1e-05,,2484.42,ETH-9SEP26,0.695,0.00251,0.0118,72.0,82.0,,ETH,2484.27,48.32
2026-09-07T23:25:55.061738+00:00,ETH-25DEC26-2800-C,2509.62,ETH-25DEC26,call,2800.0,2026-12-25T08:00:00+00:00,0.2966653021225315,0.071,0.072,0.071625,0.0715,2509.62,ETH-25DEC26,0.5275,0.40616,5.30314,6842.0,18.0,0.0010000000000000009,ETH,2484.27,3184.16
2026-09-07T23:25:55.061738+00:00,ETH-27NOV26-4200-C,2503.06,ETH-27NOV26,call,4200.0,2026-11-27T08:00:00+00:00,0.22000548008283266,0.006,0.007,0.006472,0.0065,2503.06,ETH-27NOV26,0.6365999999999999,0.05662,1.3366,40.0,0.0,0.001,ETH,2484.28,0.0
2026-09-07T23:25:55.061738+00:00,ETH-30OCT26-1800-C,2495.4,ETH-30OCT26,call,1800.0,2026-10-30T08:00:00+00:00,0.14334565804313382,0.2835,0.2875,0.284673,0.2855,2495.4,ETH-30OCT26,0.5893,0.94237,1.09072,106.0,1.0,0.0040000000000000036,ETH,2484.27,711.76
2026-09-07T23:25:55.061738+00:00,ETH-25JUN27-1800-P,2561.61,ETH-25JUN27,put,1800.0,2027-06-25T08:00:00+00:00,0.794954145380574,0.0615,0.064,0.06277,0.06275,2561.61,ETH-25JUN27,0.5804,-0.1735,5.85715,769.0,0.0,0.0025000000000000022,ETH,2484.27,0.0
2026-09-07T23:25:55.061738+00:00,ETH-9SEP26-2200-P,2484.28,ETH-9SEP26,put,2200.0,2026-09-09T08:00:00+00:00,0.0037152678993966587,,0.0001,3.7e-05,,2484.28,ETH-9SEP26,0.7240000000000001,-0.00274,0.01275,262.0,151.0,,ETH,2484.28,38.05
2026-09-07T23:25:55.061738+00:00,ETH-25DEC26-3400-P,2509.76,ETH-25DEC26,put,3400.0,2026-12-25T08:00:00+00:00,0.2966653021225315,0.378,0.3895,0.383594,0.38375,2509.76,ETH-25DEC26,0.5545,-0.8035,3.78737,89.0,0.0,0.01150000000000001,ETH,2484.27,0.0
2026-09-07T23:25:55.061738+00:00,ETH-9SEP26-2460-P,2484.42,ETH-9SEP26,put,2460.0,2026-09-09T08:00:00+00:00,0.0037152678993966587,0.005,0.006,0.005676,0.0055,2484.42,ETH-9SEP26,0.4047,-0.34061,0.55482,317.0,40.0,0.001,ETH,2484.28,611.71
2026-09-07T23:25:55.061738+00:00,ETH-25DEC26-1000-P,2509.76,ETH-25DEC26,put,1000.0,2026-12-25T08:00:00+00:00,0.2966653021225315,0.0014,0.0018,0.001653,0.0016,2509.76,ETH-25DEC26,0.7970999999999999,-0.00976,0.35677,18446.0,0.0,0.00039999999999999996,ETH,2484.28,0.0
2026-09-07T23:25:55.061738+00:00,ETH-8SEP26-2620-C,2483.97,ETH-8SEP26,call,2620.0,2026-09-08T08:00:00+00:00,0.0009774171122645574,,0.0001,8e-06,,2483.97,ETH-8SEP26,0.5796,0.00162,0.00404,1064.0,437.0,,ETH,2484.28,620.61
2026-09-07T23:25:55.061738+00:00,ETH-27NOV26-2200-P,2503.2,ETH-27NOV26,put,2200.0,2026-11-27T08:00:00+00:00,0.22000548008283266,0.044,0.045,0.044494,0.0445,2503.2,ETH-27NOV26,0.5293,-0.25998,3.80891,18.0,0.0,0.0010000000000000009,ETH,2484.31,0.0
2026-09-07T23:25:55.061738+00:00,ETH-25SEP26-14000-C,2489.08,ETH-25SEP26,call,14000.0,2026-09-25T08:00:00+00:00,0.047520880493510276,,0.0001,1e-06,,2489.08,ETH-25SEP26,1.7753,1e-05,0.00024,2121.0,0.0,,ETH,2484.31,0.0
2026-09-07T23:25:55.061738+00:00,ETH-25JUN27-3700-P,2561.58,ETH-25JUN27,put,3700.0,2027-06-25T08:00:00+00:00,0.794954145380574,0.5175,0.531,0.525507,0.52425,2561.58,ETH-25JUN27,0.5658,-0.68307,8.13702,0.0,0.0,0.013500000000000068,ETH,2484.28,0.0
2026-09-07T23:25:55.061738+00:00,ETH-25SEP26-2440-C,2489.08,ETH-25SEP26,call,2440.0,2026-09-25T08:00:00+00:00,0.047520880493510276,0.0525,0.054,0.05302,0.05325,2489.08,ETH-25SEP26,0.493,0.5944,2.10429,5076.0,0.0,0.0015000000000000013,ETH,2484.31,0.0
2026-09-07T23:25:55.061738+00:00,ETH-10SEP26-2650-C,2484.65,ETH-10SEP26,call,2650.0,2026-09-10T08:00:00+00:00,0.006453118686528761,0.0011,0.0014,0.001213,0.00125,2484.65,ETH-10SEP26,0.527,0.06658,0.25774,0.0,0.0,0.0002999999999999999,ETH,2484.31,0.0
2026-09-07T23:25:55.061738+00:00,ETH-8SEP26-2480-P,2484.11,ETH-8SEP26,put,2480.0,2026-09-08T08:00:00+00:00,0.0009774171122645574,0.0026,0.0032,0.003007,0.0029,2484.11,ETH-8SEP26,0.2999,-0.43064,0.304,287.0,105.0,0.0006000000000000003,ETH,2484.28,1362.11
2026-09-07T23:25:55.061738+00:00,ETH-11SEP26-2420-C,2484.89,ETH-11SEP26,call,2420.0,2026-09-11T08:00:00+00:00,0.00919096947366086,0.0315,0.035,0.032975,0.03325,2484.89,ETH-11SEP26,0.446,0.73853,0.77486,0.0,0.0,0.003500000000000003,ETH,2484.31,0.0
2026-09-07T23:25:55.061738+00:00,ETH-25SEP26-1850-C,2489.08,ETH-25SEP26,call,1850.0,2026-09-25T08:00:00+00:00,0.047520880493510276,0.256,0.26,0.257787,0.258,2489.08,ETH-25SEP26,0.6765000000000001,0.98147,0.24622,2242.0,0.0,0.0040000000000000036,ETH,2484.31,0.0
2026-09-07T23:25:55.061738+00:00,ETH-25SEP26-10000-C,2489.08,ETH-25SEP26,call,10000.0,2026-09-25T08:00:00+00:00,0.047520880493510276,,0.0001,1e-06,,2489.08,ETH-25SEP26,1.4631999999999998,1e-05,0.00032,1965.0,0.0,,ETH,2484.31,0.0
2026-09-07T23:25:55.061738+00:00,ETH-25JUN27-2300-C,2561.61,ETH-25JUN27,call,2300.0,2027-06-25T08:00:00+00:00,0.794954145380574,0.2395,0.2445,0.242166,0.242,2561.61,ETH-25JUN27,0.5592,0.67915,8.17924,234.0,0.0,0.0050000000000000044,ETH,2484.31,0.0
2026-09-07T23:25:55.061738+00:00,ETH-25JUN27-2700-C,2561.61,ETH-25JUN27,call,2700.0,2027-06-25T08:00:00+00:00,0.794954145380574,0.1735,0.177,0.175218,0.17525,2561.61,ETH-25JUN27,0.5561,0.5564,9.02327,444.0,0.0,0.003500000000000003,ETH,2484.31,0.0
2026-09-07T23:25:55.061738+00:00,ETH-9SEP26-2700-P,2484.28,ETH-9SEP26,put,2700.0,2026-09-09T08:00:00+00:00,0.0037152678993966587,0.084,0.0895,0.086934,0.08675,2484.28,ETH-9SEP26,0.5576,-0.99255,0.03115,0.0,0.0,0.005499999999999991,ETH,2484.31,0.0
2026-09-07T23:25:55.061738+00:00,ETH-8SEP26-2400-C,2483.97,ETH-8SEP26,call,2400.0,2026-09-08T08:00:00+00:00,0.0009774171122645574,0.0305,0.037,0.033832,0.03375,2483.97,ETH-8SEP26,0.4988,0.9868,0.02625,18.0,0.0,0.006499999999999999,ETH,2484.31,0.0
2026-09-07T23:25:55.061738+00:00,ETH-25SEP26-16000-C,2489.08,ETH-25SEP26,call,16000.0,2026-09-25T08:00:00+00:00,0.047520880493510276,,0.0001,1e-06,,2489.08,ETH-25SEP26,1.8954,1e-05,0.00021,9830.0,0.0,,ETH,2484.31,0.0
2026-09-07T23:25:55.061738+00:00,ETH-25DEC26-3300-P,2509.62,ETH-25DEC26,put,3300.0,2026-12-25T08:00:00+00:00,0.2966653021225315,0.343,0.354,0.348207,0.3485,2509.62,ETH-25DEC26,0.5489999999999999,-0.77814,4.06807,10.0,0.0,0.010999999999999954,ETH,2484.31,0.0
2026-09-07T23:25:55.061738+00:00,ETH-25DEC26-3400-C,2509.76,ETH-25DEC26,call,3400.0,2026-12-25T08:00:00+00:00,0.2966653021225315,0.028,0.0295,0.028807,0.02875,2509.76,ETH-25DEC26,0.5545,0.19651,3.7876,14534.0,0.0,0.0014999999999999979,ETH,2484.31,0.0
2026-09-07T23:25:55.061738+00:00,ETH-27NOV26-2800-P,2503.2,ETH-27NOV26,put,2800.0,2026-11-27T08:00:00+00:00,0.22000548008283266,0.172,0.1765,0.174378,0.17425,2503.2,ETH-27NOV26,0.5288,-0.62859,4.43929,34.0,0.0,0.004500000000000004,ETH,2484.31,0.0
2026-09-07T23:25:55.061738+00:00,ETH-25SEP26-6200-P,2489.22,ETH-25SEP26,put,6200.0,2026-09-25T08:00:00+00:00,0.047520880493510276,1.4825,1.5,1.490922,1.49125,2489.22,ETH-25SEP26,1.0378,-0.99996,0.001,0.0,0.0,0.01750000000000007,ETH,2484.31,0.0
2026-09-07T23:25:55.061738+00:00,ETH-25DEC26-2000-C,2509.62,ETH-25DEC26,call,2000.0,2026-12-25T08:00:00+00:00,0.2966653021225315,0.235,0.2395,0.237128,0.23725,2509.62,ETH-25DEC26,0.5475,0.81857,3.60569,10830.0,2.0,0.004500000000000004,ETH,2484.31,1159.4
2026-09-07T23:25:55.061738+00:00,ETH-25JUN27-5500-P,2561.61,ETH-25JUN27,put,5500.0,2027-06-25T08:00:00+00:00,0.794954145380574,1.1595,1.183,1.173577,1.17125,2561.61,ETH-25JUN27,0.6002000000000001,-0.8769,4.65303,0.0,0.0,0.023500000000000076,ETH,2484.31,0.0
2026-09-07T23:25:55.061738+00:00,ETH-30OCT26-1850-C,2495.4,ETH-30OCT26,call,1850.0,2026-10-30T08:00:00+00:00,0.14334565804313382,0.2645,0.2685,0.266142,0.2665,2495.4,ETH-30OCT26,0.5803,0.92942,1.27697,1008.0,0.0,0.0040000000000000036,ETH,2484.31,0.0
2026-09-07T23:25:55.061738+00:00,ETH-27NOV26-2000-P,2503.06,ETH-27NOV26,put,2000.0,2026-11-27T08:00:00+00:00,0.22000548008283266,0.024,0.025,0.024457,0.0245,2503.06,ETH-27NOV26,0.5507,-0.15935,2.84968,516.0,74.0,0.0010000000000000009,ETH,2484.31,4536.27
2026-09-07T23:25:55.061738+00:00,ETH-25JUN27-3800-P,2561.61,ETH-25JUN27,put,3800.0,2027-06-25T08:00:00+00:00,0.794954145380574,0.5505,0.5645,0.558885,0.5575,2561.61,ETH-25JUN27,0.5672999999999999,-0.7007,7.93522,2.0,0.0,0.014000000000000012,ETH,2484.31,0.0
2026-09-07T23:25:55.061738+00:00,ETH-27NOV26-2950-P,2503.06,ETH-27NOV26,put,2950.0,2026-11-27T08:00:00+00:00,0.22000548008283266,0.218,0.2245,0.220895,0.22125,2503.06,ETH-27NOV26,0.5378000000000001,-0.70031,4.08111,0.0,0.0,0.006500000000000006,ETH,2484.31,0.0
2026-09-07T23:25:55.061738+00:00,ETH-25DEC26-800-P,2509.76,ETH-25DEC26,put,800.0,2026-12-25T08:00:00+00:00,0.2966653021225315,0.0005,0.0011,0.000766,0.0008,2509.76,ETH-25DEC26,0.8818,-0.0044,0.17632,7348.0,0.0,0.0006000000000000001,ETH,2484.31,0.0
2026-09-07T23:25:55.061738+00:00,ETH-9SEP26-2700-C,2484.28,ETH-9SEP26,call,2700.0,2026-09-09T08:00:00+00:00,0.0037152678993966587,,0.0001,8.3e-05,,2484.28,ETH-9SEP26,0.5576,0.00745,0.03115,661.0,322.0,,ETH,2484.31,562.34
2026-09-07T23:25:55.061738+00:00,ETH-18SEP26-3000-P,2486.79,ETH-18SEP26,put,3000.0,2026-09-18T08:00:00+00:00,0.028355924983585568,0.2045,0.2125,0.208264,0.2085,2486.79,ETH-18SEP26,0.6347999999999999,-0.95555,0.39307,0.0,0.0,0.008000000000000007,ETH,2484.31,0.0
2026-09-07T23:25:55.061738+00:00,ETH-9SEP26-2420-C,2484.28,ETH-9SEP26,call,2420.0,2026-09-09T08:00:00+00:00,0.0037152678993966587,0.0265,0.0305,0.028092,0.0285,2484.28,ETH-9SEP26,0.4353,0.84181,0.36543,21.0,21.0,0.004,ETH,2484.31,1620.82
2026-09-07T23:25:55.061738+00:00,ETH-25JUN27-3000-P,2561.61,ETH-25JUN27,put,3000.0,2027-06-25T08:00:00+00:00,0.794954145380574,0.3075,0.3115,0.309067,0.3095,2561.61,ETH-25JUN27,0.5572,-0.52767,9.09259,220.0,0.0,0.0040000000000000036,ETH,2484.31,0.0
2026-09-07T23:25:55.061738+00:00,ETH-26MAR27-800-P,2534.56,ETH-26MAR27,put,800.0,2027-03-26T08:00:00+00:00,0.5458097237515528,0.003,0.0036,0.003306,0.0033,2534.56,ETH-26MAR27,0.8081,-0.01289,0.62241,2706.0,0.0,0.0005999999999999998,ETH,2484.31,0.0
2026-09-07T23:25:55.061738+00:00,ETH-30OCT26-2300-C,2495.54,ETH-30OCT26,call,2300.0,2026-10-30T08:00:00+00:00,0.14334565804313382,0.1185,0.122,0.119872,0.12025,2495.54,ETH-30OCT26,0.5125,0.69742,3.29859,1211.0,5.0,0.003500000000000003,ETH,2484.31,1547.8
2026-09-07T23:25:55.061738+00:00,ETH-25DEC26-2000-P,2509.76,ETH-25DEC26,put,2000.0,2026-12-25T08:00:00+00:00,0.2966653021225315,0.0335,0.0345,0.034062,0.034,2509.76,ETH-25DEC26,0.5475,-0.18142,3.60563,8741.0,51.0,0.0010000000000000009,ETH,2484.31,4514.9
2026-09-07T23:25:55.061738+00:00,ETH-9SEP26-2540-C,2484.42,ETH-9SEP26,call,2540.0,2026-09-09T08:00:00+00:00,0.0037152678993966587,0.0028,0.0032,0.002958,0.003,2484.42,ETH-9SEP26,0.43170000000000003,0.20324,0.42773,65.0,24.0,0.0004000000000000002,ETH,2484.32,272.82
2026-09-07T23:25:55.061738+00:00,ETH-25DEC26-800-C,2509.76,ETH-25DEC26,call,800.0,2026-12-25T08:00:00+00:00,0.2966653021225315,0.681,0.683,0.681993,0.682,2509.76,ETH-25DEC26,0.8818,0.9956,0.17632,171.0,0.0,0.0020000000000000018,ETH,2484.31,0.0
2026-09-07T23:25:55.061738+00:00,ETH-26MAR27-4500-C,2534.53,ETH-26MAR27,call,4500.0,2027-03-26T08:00:00+00:00,0.5458097237515528,0.024,0.0255,0.024657,0.02475,2534.53,ETH-26MAR27,0.5871999999999999,0.1344,4.05452,2104.0,2.0,0.0014999999999999979,ETH,2484.32,127.56
2026-09-07T23:25:55.061738+00:00,ETH-25DEC26-5500-C,2509.62,ETH-25DEC26,call,5500.0,2026-12-25T08:00:00+00:00,0.2966653021225315,0.003,0.0036,0.003295,0.0033,2509.62,ETH-25DEC26,0.6789000000000001,0.02641,0.83681,2173.0,0.0,0.0005999999999999998,ETH,2484.31,0.0
2026-09-07T23:25:55.061738+00:00,ETH-30OCT26-2750-P,2495.4,ETH-30OCT26,put,2750.0,2026-10-30T08:00:00+00:00,0.14334565804313382,0.141,0.1455,0.143968,0.14325,2495.4,ETH-30OCT26,0.5251,-0.65142,3.49531,0.0,0.0,0.004500000000000004,ETH,2484.32,0.0
2026-09-07T23:25:55.061738+00:00,ETH-25DEC26-4000-C,2509.62,ETH-25DEC26,call,4000.0,2026-12-25T08:00:00+00:00,0.2966653021225315,0.0125,0.0135,0.01309,0.013,2509.62,ETH-25DEC26,0.5889,0.09812,2.36664,14665.0,27.0,0.0009999999999999992,ETH,2484.32,908.56
2026-09-07T23:25:55.061738+00:00,ETH-9SEP26-2300-P,2484.42,ETH-9SEP26,put,2300.0,2026-09-09T08:00:00+00:00,0.0037152678993966587,0.0001,0.0003,0.000197,0.0002,2484.42,ETH-9SEP26,0.5893,-0.01513,0.05774,1.0,1.0,0.00019999999999999998,ETH,2484.31,1.0
2026-09-07T23:25:55.061738+00:00,ETH-25SEP26-1200-C,2489.22,ETH-25SEP26,call,1200.0,2026-09-25T08:00:00+00:00,0.047520880493510276,0.5165,0.5195,0.517949,0.518,2489.22,ETH-25SEP26,1.1127,0.99912,0.01623,138.0,0.0,0.0030000000000000027,ETH,2484.32,0.0
2026-09-07T23:25:55.061738+00:00,ETH-9SEP26-2560-P,2484.42,ETH-9SEP26,put,2560.0,2026-09-09T08:00:00+00:00,0.0037152678993966587,0.0295,0.0355,0.032457,0.0325,2484.42,ETH-9SEP26,0.4524,-0.85894,0.33853,18.0,18.0,0.005999999999999998,ETH,2484.31,1242.25
2026-09-07T23:25:55.061738+00:00,ETH-9SEP26-2500-C,2484.42,ETH-9SEP26,call,2500.0,2026-09-09T08:00:00+00:00,0.0037152678993966587,0.0065,0.0075,0.007055,0.007,2484.42,ETH-9SEP26,0.40619999999999995,0.4041,0.58614,513.0,68.0,0.001,ETH,2484.31,1449.83
2026-09-07T23:25:55.061738+00:00,ETH-11SEP26-1800-P,2484.75,ETH-11SEP26,put,1800.0,2026-09-11T08:00:00+00:00,0.00919096947366086,,0.0002,7.2e-05,,2484.75,ETH-11SEP26,1.1963,-0.00206,0.01553,4402.0,57.0,,ETH,2484.32,14.1
2026-09-07T23:25:55.061738+00:00,ETH-25SEP26-3000-C,2489.08,ETH-25SEP26,call,3000.0,2026-09-25T08:00:00+00:00,0.047520880493510276,0.0043,0.0047,0.004476,0.0045,2489.08,ETH-25SEP26,0.5858,0.0811,0.81523,41395.0,1802.0,0.0004000000000000002,ETH,2484.32,21842.86
2026-09-07T23:25:55.061738+00:00,ETH-25SEP26-4000-P,2489.08,ETH-25SEP26,put,4000.0,2026-09-25T08:00:00+00:00,0.047520880493510276,0.602,0.6135,0.607281,0.60775,2489.08,ETH-25SEP26,0.8059999999999999,-0.99548,0.07171,138.0,0.0,0.011500000000000066,ETH,2484.31,0.0
2026-09-07T23:25:55.061738+00:00,ETH-10SEP26-2480-P,2484.51,ETH-10SEP26,put,2480.0,2026-09-10T08:00:00+00:00,0.006453118686528761,0.012,0.013,0.012679,0.0125,2484.51,ETH-10SEP26,0.4236,-0.47183,0.79404,4.0,4.0,0.0009999999999999992,ETH,2484.31,119.55
2026-09-07T23:25:55.061738+00:00,ETH-25SEP26-2150-C,2489.22,ETH-25SEP26,call,2150.0,2026-09-25T08:00:00+00:00,0.047520880493510276,0.14,0.1445,0.141786,0.14225,2489.22,ETH-25SEP26,0.5392,0.904,0.9244,167.0,0.0,0.004499999999999976,ETH,2484.31,0.0
2026-09-07T23:25:55.061738+00:00,ETH-25SEP26-6500-P,2489.22,ETH-25SEP26,put,6500.0,2026-09-25T08:00:00+00:00,0.047520880493510276,1.6025,1.6215,1.611451,1.612,2489.22,ETH-25SEP26,1.0823,-0.99996,0.00089,0.0,0.0,0.018999999999999906,ETH,2484.31,0.0
2026-09-07T23:25:55.061738+00:00,ETH-25JUN27-4600-P,2561.61,ETH-25JUN27,put,4600.0,2027-06-25T08:00:00+00:00,0.794954145380574,0.829,0.8475,0.839819,0.83825,2561.61,ETH-25JUN27,0.5813,-0.80786,6.2426,0.0,0.0,0.018500000000000072,ETH,2484.31,0.0
2026-09-07T23:25:55.061738+00:00,ETH-25SEP26-5800-P,2489.22,ETH-25SEP26,put,5800.0,2026-09-25T08:00:00+00:00,0.047520880493510276,1.3225,1.339,1.33022,1.33075,2489.22,ETH-25SEP26,0.9994,-0.99992,0.00175,0.0,0.0,0.01649999999999996,ETH,2484.31,0.0
2026-09-07T23:25:55.061738+00:00,ETH-10SEP26-2420-P,2484.51,ETH-10SEP26,put,2420.0,2026-09-10T08:00:00+00:00,0.006453118686528761,0.0044,0.0047,0.004561,0.00455,2484.51,ETH-10SEP26,0.4375,-0.22169,0.5934,58.0,58.0,0.0002999999999999999,ETH,2484.3,713.75
2026-09-07T23:25:55.061738+00:00,ETH-25JUN27-1200-C,2561.61,ETH-25JUN27,call,1200.0,2027-06-25T08:00:00+00:00,0.794954145380574,0.547,0.552,0.549783,0.5495,2561.61,ETH-25JUN27,0.66,0.94323,2.60571,55.0,0.0,0.0050000000000000044,ETH,2484.3,0.0
2026-09-07T23:25:55.061738+00:00,ETH-11SEP26-2440-P,2484.89,ETH-11SEP26,put,2440.0,2026-09-11T08:00:00+00:00,0.00919096947366086,0.0085,0.0095,0.009195,0.009,2484.89,ETH-11SEP26,0.44,-0.32554,0.85787,190.0,199.0,0.0009999999999999992,ETH,2484.3,4704.28
2026-09-07T23:25:55.061738+00:00,ETH-25SEP26-2440-P,2489.22,ETH-25SEP26,put,2440.0,2026-09-25T08:00:00+00:00,0.047520880493510276,0.0325,0.0335,0.033318,0.033,2489.22,ETH-25SEP26,0.493,-0.40559,2.10428,68.0,10.0,0.0010000000000000009,ETH,2484.3,765.6
2026-09-07T23:25:55.061738+00:00,ETH-30OCT26-1200-C,2495.54,ETH-30OCT26,call,1200.0,2026-10-30T08:00:00+00:00,0.14334565804313382,0.5185,0.5215,0.519764,0.52,2495.54,ETH-30OCT26,0.8193,0.99404,0.15968,0.0,0.0,0.0030000000000000027,ETH,2484.3,0.0
2026-09-07T23:25:55.061738+00:00,ETH-30OCT26-1700-C,2495.4,ETH-30OCT26,call,1700.0,2026-10-30T08:00:00+00:00,0.14334565804313382,0.3215,0.3255,0.322912,0.3235,2495.4,ETH-30OCT26,0.6213000000000001,0.95981,0.8175,74.0,0.0,0.0040000000000000036,ETH,2484.3,0.0
2026-09-07T23:25:55.061738+00:00,ETH-25DEC26-1300-P,2509.62,ETH-25DEC26,put,1300.0,2026-12-25T08:00:00+00:00,0.2966653021225315,0.0041,0.0047,0.004399,0.0044,2509.62,ETH-25DEC26,0.6923,-0.02666,0.8432,2064.0,0.0,0.0005999999999999998,ETH,2484.3,0.0
2026-09-07T23:25:55.061738+00:00,ETH-25SEP26-2600-C,2489.08,ETH-25SEP26,call,2600.0,2026-09-25T08:00:00+00:00,0.047520880493510276,0.0255,0.0265,0.026061,0.026,2489.08,ETH-25SEP26,0.5049,0.3665,2.04282,21223.0,172.0,0.0010000000000000009,ETH,2484.3,11626.92
2026-09-07T23:25:55.061738+00:00,ETH-26MAR27-1200-P,2534.56,ETH-26MAR27,put,1200.0,2027-03-26T08:00:00+00:00,0.5458097237515528,0.0095,0.011,0.010253,0.01025,2534.56,ETH-26MAR27,0.6809999999999999,-0.04117,1.65225,1661.0,0.0,0.0014999999999999996,ETH,2484.36,0.0
2026-09-07T23:25:55.061738+00:00,ETH-10SEP26-2680-C,2484.51,ETH-10SEP26,call,2680.0,2026-09-10T08:00:00+00:00,0.006453118686528761,0.0006,0.0009,0.000767,0.00075,2484.51,ETH-10SEP26,0.5443,0.04349,0.18401,213.0,187.0,0.00030000000000000003,ETH,2484.36,872.63
2026-09-07T23:25:55.061738+00:00,ETH-25SEP26-7000-P,2489.08,ETH-25SEP26,put,7000.0,2026-09-25T08:00:00+00:00,0.047520880493510276,1.8025,1.823,1.81233,1.81275,2489.08,ETH-25SEP26,1.1240999999999999,-0.99998,0.00049,0.0,0.0,0.020499999999999963,ETH,2484.36,0.0
2026-09-07T23:25:55.061738+00:00,ETH-25SEP26-1900-C,2489.08,ETH-25SEP26,call,1900.0,2026-09-25T08:00:00+00:00,0.047520880493510276,0.2365,0.2405,0.237964,0.2385,2489.08,ETH-25SEP26,0.647,0.97643,0.30189,10556.0,1.0,0.0040000000000000036,ETH,2484.36,597.78
2026-09-07T23:25:55.061738+00:00,ETH-25DEC26-2300-C,2509.76,ETH-25DEC26,call,2300.0,2026-12-25T08:00:00+00:00,0.2966653021225315,0.1535,0.158,0.156128,0.15575,2509.76,ETH-25DEC26,0.527,0.67267,4.93563,7409.0,0.0,0.004500000000000004,ETH,2484.36,0.0
2026-09-07T23:25:55.061738+00:00,ETH-30OCT26-3000-P,2495.54,ETH-30OCT26,put,3000.0,2026-10-30T08:00:00+00:00,0.14334565804313382,0.2205,0.229,0.22539,0.22475,2495.54,ETH-30OCT26,0.5467,-0.7841,2.76818,72.0,0.0,0.008500000000000008,ETH,2484.38,0.0
2026-09-07T23:25:55.061738+00:00,ETH-8SEP26-2800-C,2483.97,ETH-8SEP26,call,2800.0,2026-09-08T08:00:00+00:00,0.0009774171122645574,,0.0001,0.0,,2483.97,ETH-8SEP26,0.8009999999999999,0.0,0.0,2109.0,95.0,,ETH,2484.36,23.78
2026-09-07T23:25:55.061738+00:00,ETH-30OCT26-2650-C,2495.54,ETH-30OCT26,call,2650.0,2026-10-30T08:00:00+00:00,0.14334565804313382,0.053,0.054,0.05323,0.0535,2495.54,ETH-30OCT26,0.5174,0.41735,3.68915,868.0,0.0,0.0010000000000000009,ETH,2484.38,0.0
2026-09-07T23:25:55.061738+00:00,ETH-11SEP26-2200-C,2484.89,ETH-11SEP26,call,2200.0,2026-09-11T08:00:00+00:00,0.00919096947366086,0.1135,0.117,0.115278,0.11525,2484.89,ETH-11SEP26,0.6704000000000001,0.97298,0.14855,219.0,18.0,0.003500000000000003,ETH,2484.36,5043.99
2026-09-07T23:25:55.061738+00:00,ETH-30OCT26-4200-C,2495.54,ETH-30OCT26,call,4200.0,2026-10-30T08:00:00+00:00,0.14334565804313382,0.0024,0.003,0.002713,0.0027,2495.54,ETH-30OCT26,0.6820999999999999,0.02963,0.63639,478.0,0.0,0.0006000000000000003,ETH,2484.38,0.0
2026-09-07T23:25:55.061738+00:00,ETH-18SEP26-2900-C,2486.79,ETH-18SEP26,call,2900.0,2026-09-18T08:00:00+00:00,0.028355924983585568,0.003,0.0032,0.003058,0.0031,2486.79,ETH-18SEP26,0.6006,0.07098,0.5684,580.0,77.0,0.0002000000000000001,ETH,2484.38,651.67
2026-09-07T23:25:55.061738+00:00,ETH-8SEP26-2560-P,2483.97,ETH-8SEP26,put,2560.0,2026-09-08T08:00:00+00:00,0.0009774171122645574,0.0275,0.034,0.030682,0.03075,2483.97,ETH-8SEP26,0.38530000000000003,-0.99386,0.01343,5.0,0.0,0.006500000000000002,ETH,2484.38,0.0
2026-09-07T23:25:55.061738+00:00,ETH-26MAR27-3700-C,2534.56,ETH-26MAR27,call,3700.0,2027-03-26T08:00:00+00:00,0.5458097237515528,0.048,0.0505,0.049125,0.04925,2534.56,ETH-26MAR27,0.5637,0.24203,5.85,1531.0,0.0,0.0025000000000000022,ETH,2484.38,0.0
2026-09-07T23:25:55.061738+00:00,ETH-26MAR27-5000-C,2534.56,ETH-26MAR27,call,5000.0,2027-03-26T08:00:00+00:00,0.5458097237515528,0.016,0.018,0.01689,0.017,2534.56,ETH-26MAR27,0.6019,0.096,3.1906,2449.0,2.0,0.0019999999999999983,ETH,2484.39,87.19
2026-09-07T23:25:55.061738+00:00,ETH-9SEP26-2520-C,2484.42,ETH-9SEP26,call,2520.0,2026-09-09T08:00:00+00:00,0.0037152678993966587,0.0043,0.0048,0.004622,0.00455,2484.42,ETH-9SEP26,0.41869999999999996,0.29247,0.52004,222.0,132.0,0.0004999999999999996,ETH,2484.39,2416.11
2026-09-07T23:25:55.061738+00:00,ETH-10SEP26-2440-C,2484.51,ETH-10SEP26,call,2440.0,2026-09-10T08:00:00+00:00,0.006453118686528761,0.023,0.0265,0.024392,0.02475,2484.51,ETH-10SEP26,0.4285,0.70658,0.68677,37.0,37.0,0.0034999999999999996,ETH,2484.39,2534.53
2026-09-07T23:25:55.061738+00:00,ETH-26MAR27-1200-C,2534.56,ETH-26MAR27,call,1200.0,2027-03-26T08:00:00+00:00,0.5458097237515528,0.535,0.5385,0.536774,0.53675,2534.56,ETH-26MAR27,0.6809999999999999,0.95884,1.65218,68.0,0.0,0.0034999999999999476,ETH,2484.39,0.0
2026-09-07T23:25:55.061738+00:00,ETH-25SEP26-2700-P,2489.08,ETH-25SEP26,put,2700.0,2026-09-25T08:00:00+00:00,0.047520880493510276,0.0985,0.103,0.101201,0.10075,2489.08,ETH-25SEP26,0.5211,-0.74498,1.74291,557.0,0.0,0.00449999999999999,ETH,2484.39,0.0
2026-09-07T23:25:55.061738+00:00,ETH-11SEP26-2450-P,2484.89,ETH-11SEP26,put,2450.0,2026-09-11T08:00:00+00:00,0.00919096947366086,0.01,0.011,0.010614,0.0105,2484.89,ETH-11SEP26,0.4393,-0.3607,0.89175,2213.0,163.0,0.0009999999999999992,ETH,2484.39,4250.1
2026-09-07T23:25:55.061738+00:00,ETH-26MAR27-2500-C,2534.56,ETH-26MAR27,call,2500.0,2027-03-26T08:00:00+00:00,0.5458097237515528,0.164,0.167,0.16568,0.1655,2534.56,ETH-26MAR27,0.546,0.59322,7.26802,9836.0,1.0,0.0030000000000000027,ETH,2484.39,413.07
2026-09-07T23:25:55.061738+00:00,ETH-25SEP26-2300-C,2489.08,ETH-25SEP26,call,2300.0,2026-09-25T08:00:00+00:00,0.047520880493510276,0.0885,0.093,0.090615,0.09075,2489.08,ETH-25SEP26,0.5049,0.78025,1.60599,14119.0,0.0,0.004500000000000004,ETH,2484.39,0.0
2026-09-07T23:25:55.061738+00:00,ETH-8SEP26-2250-P,2483.97,ETH-8SEP26,put,2250.0,2026-09-08T08:00:00+00:00,0.0009774171122645574,,0.0001,0.0,,2483.97,ETH-8SEP26,0.7390000000000001,-1e-05,3e-05,235.0,0.0,,ETH,2484.39,0.0
2026-09-07T23:25:55.061738+00:00,ETH-25SEP26-1400-P,2489.08,ETH-25SEP26,put,1400.0,2026-09-25T08:00:00+00:00,0.047520880493510276,0.0001,0.0003,0.000177,0.0002,2489.08,ETH-25SEP26,0.9823000000000001,-0.00261,0.04376,11566.0,2.0,0.00019999999999999998,ETH,2484.39,0.99
2026-09-07T23:25:55.061738+00:00,ETH-26MAR27-1500-P,2534.56,ETH-26MAR27,put,1500.0,2027-03-26T08:00:00+00:00,0.5458097237515528,0.021,0.0225,0.021779,0.02175,2534.56,ETH-26MAR27,0.6203,-0.08479,2.90948,4076.0,0.0,0.0014999999999999979,ETH,2484.35,0.0
2026-09-07T23:25:55.061738+00:00,ETH-27NOV26-2850-C,2503.06,ETH-27NOV26,call,2850.0,2026-11-27T08:00:00+00:00,0.22000548008283266,0.0505,0.0515,0.050757,0.051,2503.06,ETH-27NOV26,0.5315,0.34608,4.33182,11.0,0.0,0.000999999999999994,ETH,2484.35,0.0
2026-09-07T23:25:55.061738+00:00,ETH-9SEP26-2250-P,2484.28,ETH-9SEP26,put,2250.0,2026-09-09T08:00:00+00:00,0.0037152678993966587,,0.0001,0.000132,,2484.28,ETH-9SEP26,0.6953,-0.00911,0.03719,316.0,79.0,,ETH,2484.35,64.76
2026-09-07T23:25:55.061738+00:00,ETH-25SEP26-2550-P,2489.08,ETH-25SEP26,put,2550.0,2026-09-25T08:00:00+00:00,0.047520880493510276,0.0565,0.0575,0.057271,0.057,2489.08,ETH-25SEP26,0.4993,-0.56653,2.1351,45.0,0.0,0.0010000000000000009,ETH,2484.35,0.0
2026-09-07T23:25:55.061738+00:00,ETH-25JUN27-2700-P,2561.61,ETH-25JUN27,put,2700.0,2027-06-25T08:00:00+00:00,0.794954145380574,0.2275,0.2315,0.229292,0.2295,2561.61,ETH-25JUN27,0.5561,-0.44358,9.02342,7.0,0.0,0.0040000000000000036,ETH,2484.35,0.0
2026-09-07T23:25:55.061738+00:00,ETH-25JUN27-2900-C,2561.61,ETH-25JUN27,call,2900.0,2027-06-25T08:00:00+00:00,0.794954145380574,0.148,0.151,0.149259,0.1495,2561.61,ETH-25JUN27,0.5566,0.49933,9.11472,283.0,0.0,0.0030000000000000027,ETH,2484.35,0.0
2026-09-07T23:25:55.061738+00:00,ETH-25JUN27-1700-P,2561.61,ETH-25JUN27,put,1700.0,2027-06-25T08:00:00+00:00,0.794954145380574,0.051,0.053,0.052093,0.052,2561.61,ETH-25JUN27,0.5886,-0.14834,5.28763,3041.0,0.0,0.0020000000000000018,ETH,2484.35,0.0
2026-09-07T23:25:55.061738+00:00,ETH-30OCT26-1200-P,2495.4,ETH-30OCT26,put,1200.0,2026-10-30T08:00:00+00:00,0.14334565804313382,0.0004,0.001,0.000654,0.0007,2495.4,ETH-30OCT26,0.8193,-0.00596,0.15964,2674.0,0.0,0.0006000000000000001,ETH,2484.35,0.0
2026-09-07T23:25:55.061738+00:00,ETH-10SEP26-2640-P,2484.51,ETH-10SEP26,put,2640.0,2026-09-10T08:00:00+00:00,0.006453118686528761,0.061,0.0675,0.063952,0.06425,2484.51,ETH-10SEP26,0.516,-0.92554,0.2809,0.0,0.0,0.006500000000000006,ETH,2484.35,0.0
2026-09-07T23:25:55.061738+00:00,ETH-18SEP26-2400-P,2486.79,ETH-18SEP26,put,2400.0,2026-09-18T08:00:00+00:00,0.028355924983585568,0.017,0.018,0.017737,0.0175,2486.79,ETH-18SEP26,0.4882,-0.31785,1.49363,1159.0,7.0,0.0009999999999999974,ETH,2484.35,293.18
2026-09-07T23:25:55.061738+00:00,ETH-26MAR27-1500-C,2534.56,ETH-26MAR27,call,1500.0,2027-03-26T08:00:00+00:00,0.5458097237515528,0.4275,0.432,0.42993,0.42975,2534.56,ETH-26MAR27,0.6203,0.91521,2.90948,242.0,0.0,0.004500000000000004,ETH,2484.35,0.0
2026-09-07T23:25:55.061738+00:00,ETH-10SEP26-2340-P,2484.51,ETH-10SEP26,put,2340.0,2026-09-10T08:00:00+00:00,0.006453118686528761,0.001,0.0013,0.001178,0.00115,2484.51,ETH-10SEP26,0.5014,-0.06556,0.25468,417.0,473.0,0.0002999999999999999,ETH,2484.35,1704.4
2026-09-07T23:25:55.061738+00:00,ETH-30OCT26-2450-P,2495.4,ETH-30OCT26,put,2450.0,2026-10-30T08:00:00+00:00,0.14334565804313382,0.0665,0.068,0.06757,0.06725,2495.4,ETH-30OCT26,0.5105,-0.42398,3.70173,352.0,62.0,0.0015000000000000013,ETH,2484.35,9874.87
2026-09-07T23:25:55.061738+00:00,ETH-11SEP26-2400-C,2484.89,ETH-11SEP26,call,2400.0,2026-09-11T08:00:00+00:00,0.00919096947366086,0.0375,0.0415,0.039257,0.0395,2484.89,ETH-11SEP26,0.4534,0.7941,0.67854,1300.0,0.0,0.0040000000000000036,ETH,2484.35,0.0
2026-09-07T23:25:55.061738+00:00,ETH-25SEP26-3800-C,2489.22,ETH-25SEP26,call,3800.0,2026-09-25T08:00:00+00:00,0.047520880493510276,0.0003,0.0005,0.000389,0.0004,2489.22,ETH-25SEP26,0.7698,0.00741,0.11125,5277.0,520.0,0.00020000000000000004,ETH,2484.35,793.76
2026-09-07T23:25:55.061738+00:00,ETH-27NOV26-2600-P,2503.2,ETH-27NOV26,put,2600.0,2026-11-27T08:00:00+00:00,0.22000548008283266,0.119,0.12,0.119684,0.1195,2503.2,ETH-27NOV26,0.5207,-0.51342,4.68237,131.0,0.0,0.0010000000000000009,ETH,2484.35,0.0
2026-09-07T23:25:55.061738+00:00,ETH-27NOV26-3000-P,2503.06,ETH-27NOV26,put,3000.0,2026-11-27T08:00:00+00:00,0.22000548008283266,0.2335,0.2415,0.237238,0.2375,2503.06,ETH-27NOV26,0.5412,-0.72121,3.94483,10.0,0.0,0.00799999999999998,ETH,2484.35,0.0
2026-09-07T23:25:55.061738+00:00,ETH-10SEP26-2200-P,2484.51,ETH-10SEP26,put,2200.0,2026-09-10T08:00:00+00:00,0.006453118686528761,0.0003,0.0005,0.00039,0.0004,2484.51,ETH-10SEP26,0.732,-0.01793,0.08803,230.0,81.0,0.00020000000000000004,ETH,2484.34,106.49
2026-09-07T23:25:55.061738+00:00,ETH-10SEP26-2480-C,2484.51,ETH-10SEP26,call,2480.0,2026-09-10T08:00:00+00:00,0.006453118686528761,0.014,0.0155,0.014482,0.01475,2484.51,ETH-10SEP26,0.4236,0.52836,0.79402,10.0,10.0,0.0014999999999999996,ETH,2484.34,349.72
2026-09-07T23:25:55.061738+00:00,ETH-9SEP26-2520-P,2484.42,ETH-9SEP26,put,2520.0,2026-09-09T08:00:00+00:00,0.0037152678993966587,0.0165,0.0205,0.019017,0.0185,2484.42,ETH-9SEP26,0.41869999999999996,-0.70775,0.51985,72.0,72.0,0.004,ETH,2484.34,2506.45
2026-09-07T23:25:55.061738+00:00,ETH-9SEP26-2500-P,2484.42,ETH-9SEP26,put,2500.0,2026-09-09T08:00:00+00:00,0.0037152678993966587,0.0125,0.0135,0.013389,0.013,2484.42,ETH-9SEP26,0.40619999999999995,-0.59565,0.58624,222.0,2.0,0.0009999999999999992,ETH,2484.34,58.66
2026-09-07T23:25:55.061738+00:00,ETH-25SEP26-3300-C,2489.22,ETH-25SEP26,call,3300.0,2026-09-25T08:00:00+00:00,0.047520880493510276,0.0015,0.0017,0.001589,0.0016,2489.22,ETH-25SEP26,0.6617000000000001,0.0299,0.36827,20567.0,0.0,0.00019999999999999987,ETH,2484.34,0.0
2026-09-07T23:25:55.061738+00:00,ETH-30OCT26-1950-P,2495.54,ETH-30OCT26,put,1950.0,2026-10-30T08:00:00+00:00,0.14334565804313382,0.0105,0.0115,0.011028,0.011,2495.54,ETH-30OCT26,0.5559000000000001,-0.10085,1.66884,899.0,1.0,0.0009999999999999992,ETH,2484.33,27.31
2026-09-07T23:25:55.061738+00:00,ETH-18SEP26-2600-C,2486.79,ETH-18SEP26,call,2600.0,2026-09-18T08:00:00+00:00,0.028355924983585568,0.016,0.017,0.016594,0.0165,2486.79,ETH-18SEP26,0.5054,0.31544,1.48879,1113.0,17.0,0.0010000000000000009,ETH,2484.33,695.52
2026-09-07T23:25:55.061738+00:00,ETH-9SEP26-2660-C,2484.28,ETH-9SEP26,call,2660.0,2026-09-09T08:00:00+00:00,0.0037152678993966587,0.0001,0.0002,0.000183,0.00015,2484.28,ETH-9SEP26,0.5207999999999999,0.01634,0.06167,221.0,105.0,0.0001,ETH,2484.34,35.27
2026-09-07T23:25:55.061738+00:00,ETH-26MAR27-3300-C,2534.56,ETH-26MAR27,call,3300.0,2027-03-26T08:00:00+00:00,0.5458097237515528,0.0715,0.0735,0.072401,0.0725,2534.56,ETH-26MAR27,0.5539999999999999,0.33007,6.78422,2246.0,0.0,0.0020000000000000018,ETH,2484.33,0.0
2026-09-07T23:25:55.061738+00:00,ETH-18SEP26-2500-C,2486.79,ETH-18SEP26,call,2500.0,2026-09-18T08:00:00+00:00,0.028355924983585568,0.03,0.031,0.030381,0.0305,2486.79,ETH-18SEP26,0.48960000000000004,0.49088,1.67052,1986.0,736.0,0.0010000000000000009,ETH,2484.33,61312.77
2026-09-07T23:25:55.061738+00:00,ETH-25JUN27-4200-P,2561.61,ETH-25JUN27,put,4200.0,2027-06-25T08:00:00+00:00,0.794954145380574,0.687,0.7035,0.696771,0.69525,2561.61,ETH-25JUN27,0.5740999999999999,-0.76101,7.08621,3.0,0.0,0.01649999999999996,ETH,2484.33,0.0
2026-09-07T23:25:55.061738+00:00,ETH-25SEP26-2200-P,2489.08,ETH-25SEP26,put,2200.0,2026-09-25T08:00:00+00:00,0.047520880493510276,0.007,0.008,0.007678,0.0075,2489.08,ETH-25SEP26,0.5245000000000001,-0.12772,1.13417,9921.0,37.0,0.001,ETH,2484.33,651.14
2026-09-07T23:25:55.061738+00:00,ETH-25DEC26-1300-C,2509.76,ETH-25DEC26,call,1300.0,2026-12-25T08:00:00+00:00,0.2966653021225315,0.485,0.488,0.486392,0.4865,2509.76,ETH-25DEC26,0.6923,0.97335,0.84316,50.0,0.0,0.0030000000000000027,ETH,2484.33,0.0
2026-09-07T23:25:55.061738+00:00,ETH-27NOV26-2550-C,2503.2,ETH-27NOV26,call,2550.0,2026-11-27T08:00:00+00:00,0.22000548008283266,0.0885,0.0895,0.088851,0.089,2503.2,ETH-27NOV26,0.5197999999999999,0.51811,4.6801,147.0,23.0,0.0010000000000000009,ETH,2484.33,5148.63
2026-09-07T23:25:55.061738+00:00,ETH-8SEP26-2460-P,2483.97,ETH-8SEP26,put,2460.0,2026-09-08T08:00:00+00:00,0.0009774171122645574,0.0007,0.0011,0.000916,0.0009,2483.97,ETH-8SEP26,0.32420000000000004,-0.16661,0.19328,1132.0,890.0,0.0004000000000000001,ETH,2484.33,4175.3
2026-09-07T23:25:55.061738+00:00,ETH-25SEP26-3200-P,2489.08,ETH-25SEP26,put,3200.0,2026-09-25T08:00:00+00:00,0.047520880493510276,0.283,0.2925,0.287772,0.28775,2489.08,ETH-25SEP26,0.6339,-0.95981,0.46952,1323.0,0.0,0.009500000000000008,ETH,2484.33,0.0
2026-09-07T23:25:55.061738+00:00,ETH-26MAR27-3000-C,2534.56,ETH-26MAR27,call,3000.0,2027-03-26T08:00:00+00:00,0.5458097237515528,0.097,0.0995,0.098211,0.09825,2534.56,ETH-26MAR27,0.5484,0.41556,7.30484,6743.0,100.0,0.0025000000000000022,ETH,2484.33,24537.83
2026-09-07T23:25:55.061738+00:00,ETH-25SEP26-1200-P,2489.08,ETH-25SEP26,put,1200.0,2026-09-25T08:00:00+00:00,0.047520880493510276,,0.0001,6.2e-05,,2489.08,ETH-25SEP26,1.1127,-0.00088,0.01623,12310.0,1.0,,ETH,2484.33,0.25
2026-09-07T23:25:55.061738+00:00,ETH-18SEP26-2200-C,2486.93,ETH-18SEP26,call,2200.0,2026-09-18T08:00:00+00:00,0.028355924983585568,0.1175,0.1215,0.118927,0.1195,2486.93,ETH-18SEP26,0.5437,0.91684,0.64114,14.0,14.0,0.0040000000000000036,ETH,2484.33,4150.22
2026-09-07T23:25:55.061738+00:00,ETH-30OCT26-1700-P,2495.4,ETH-30OCT26,put,1700.0,2026-10-30T08:00:00+00:00,0.14334565804313382,0.004,0.0044,0.004173,0.0042,2495.4,ETH-30OCT26,0.6213000000000001,-0.04018,0.81746,1484.0,0.0,0.0004000000000000002,ETH,2484.33,0.0
2026-09-07T23:25:55.061738+00:00,ETH-25DEC26-1900-P,2509.76,ETH-25DEC26,put,1900.0,2026-12-25T08:00:00+00:00,0.2966653021225315,0.0255,0.0265,0.025901,0.026,2509.76,ETH-25DEC26,0.5600999999999999,-0.14358,3.09586,5459.0,17.0,0.0010000000000000009,ETH,2484.33,1153.43
2026-09-07T23:25:55.061738+00:00,ETH-25SEP26-7200-C,2489.22,ETH-25SEP26,call,7200.0,2026-09-25T08:00:00+00:00,0.047520880493510276,,0.0001,1e-06,,2489.22,ETH-25SEP26,1.1496,2e-05,0.00046,1772.0,0.0,,ETH,2484.33,0.0
2026-09-07T23:25:55.061738+00:00,ETH-8SEP26-2500-P,2484.11,ETH-8SEP26,put,2500.0,2026-09-08T08:00:00+00:00,0.0009774171122645574,0.007,0.0085,0.008035,0.00775,2484.11,ETH-8SEP26,0.31739999999999996,-0.7398,0.25109,714.0,641.0,0.0015000000000000005,ETH,2484.33,13458.4
2026-09-07T23:25:55.061738+00:00,ETH-11SEP26-2800-C,2484.89,ETH-11SEP26,call,2800.0,2026-09-11T08:00:00+00:00,0.00919096947366086,0.0004,0.0006,0.000482,0.0005,2484.89,ETH-11SEP26,0.6125,0.02252,0.1275,6412.0,853.0,0.00019999999999999993,ETH,2484.33,1339.38
2026-09-07T23:25:55.061738+00:00,ETH-25JUN27-3200-C,2561.61,ETH-25JUN27,call,3200.0,2027-06-25T08:00:00+00:00,0.794954145380574,0.1165,0.1195,0.117926,0.118,2561.61,ETH-25JUN27,0.5590999999999999,0.42194,8.93962,1379.0,0.0,0.002999999999999989,ETH,2484.33,0.0
2026-09-07T23:25:55.061738+00:00,ETH-27NOV26-3800-P,2503.06,ETH-27NOV26,put,3800.0,2026-11-27T08:00:00+00:00,0.22000548008283266,0.523,0.5345,0.528887,0.52875,2503.06,ETH-27NOV26,0.6024,-0.9093,1.91798,0.0,0.0,0.011499999999999955,ETH,2484.33,0.0
2026-09-07T23:25:55.061738+00:00,ETH-11SEP26-2500-C,2484.75,ETH-11SEP26,call,2500.0,2026-09-11T08:00:00+00:00,0.00919096947366086,0.0135,0.0145,0.014141,0.014,2484.75,ETH-11SEP26,0.44409999999999994,0.45141,0.94321,5195.0,295.0,0.0010000000000000009,ETH,2484.33,11836.29
2026-09-07T23:25:55.061738+00:00,ETH-25SEP26-6600-C,2489.08,ETH-25SEP26,call,6600.0,2026-09-25T08:00:00+00:00,0.047520880493510276,,0.0001,2e-06,,2489.08,ETH-25SEP26,1.0931,4e-05,0.00081,1986.0,0.0,,ETH,2484.33,0.0
2026-09-07T23:25:55.061738+00:00,ETH-30OCT26-1600-C,2495.54,ETH-30OCT26,call,1600.0,2026-10-30T08:00:00+00:00,0.14334565804313382,0.3605,0.364,0.361692,0.36225,2495.54,ETH-30OCT26,0.655,0.97226,0.60246,68.0,0.0,0.003500000000000003,ETH,2484.33,0.0
2026-09-07T23:25:55.061738+00:00,ETH-25SEP26-2350-P,2489.22,ETH-25SEP26,put,2350.0,2026-09-25T08:00:00+00:00,0.047520880493510276,0.0195,0.0205,0.019931,0.02,2489.22,ETH-25SEP26,0.4982,-0.27976,1.82623,61.0,17.0,0.0010000000000000009,ETH,2484.33,789.74
2026-09-07T23:25:55.061738+00:00,ETH-8SEP26-2600-P,2483.97,ETH-8SEP26,put,2600.0,2026-09-08T08:00:00+00:00,0.0009774171122645574,0.0435,0.05,0.046778,0.04675,2483.97,ETH-8SEP26,0.5341,-0.99687,0.00735,2.0,2.0,0.006500000000000006,ETH,2484.33,223.99
2026-09-07T23:25:55.061738+00:00,ETH-8SEP26-2280-C,2483.97,ETH-8SEP26,call,2280.0,2026-09-08T08:00:00+00:00,0.0009774171122645574,0.079,0.085,0.08207,0.082,2483.97,ETH-8SEP26,0.6718000000000001,0.99998,7e-05,0.0,0.0,0.006000000000000005,ETH,2484.33,0.0
2026-09-07T23:25:55.061738+00:00,ETH-26MAR27-3100-C,2534.56,ETH-26MAR27,call,3100.0,2027-03-26T08:00:00+00:00,0.5458097237515528,0.0875,0.09,0.088648,0.08875,2534.56,ETH-26MAR27,0.5502,0.38517,7.16113,2006.0,0.0,0.0025000000000000022,ETH,2484.33,0.0
2026-09-07T23:25:55.061738+00:00,ETH-11SEP26-2300-C,2484.89,ETH-11SEP26,call,2300.0,2026-09-11T08:00:00+00:00,0.00919096947366086,0.074,0.0785,0.075763,0.07625,2484.89,ETH-11SEP26,0.5337,0.93771,0.29217,112.0,0.0,0.004500000000000004,ETH,2484.33,0.0
2026-09-07T23:25:55.061738+00:00,ETH-9SEP26-2620-C,2484.42,ETH-9SEP26,call,2620.0,2026-09-09T08:00:00+00:00,0.0037152678993966587,0.0004,0.0007,0.000504,0.00055,2484.42,ETH-9SEP26,0.4987,0.04146,0.13425,265.0,121.0,0.0003,ETH,2484.33,701.29
2026-09-07T23:25:55.061738+00:00,ETH-11SEP26-3000-C,2484.89,ETH-11SEP26,call,3000.0,2026-09-11T08:00:00+00:00,0.00919096947366086,0.0001,0.0002,0.000112,0.00015,2484.89,ETH-11SEP26,0.7526,0.00501,0.0345,5209.0,75.0,0.0001,ETH,2484.33,92.35
2026-09-07T23:25:55.061738+00:00,ETH-25SEP26-2400-P,2489.22,ETH-25SEP26,put,2400.0,2026-09-25T08:00:00+00:00,0.047520880493510276,0.026,0.027,0.026689,0.0265,2489.22,ETH-25SEP26,0.494,-0.34743,2.0049,7613.0,5.0,0.0010000000000000009,ETH,2484.33,322.74
2026-09-07T23:25:55.061738+00:00,ETH-25SEP26-2900-P,2489.08,ETH-25SEP26,put,2900.0,2026-09-25T08:00:00+00:00,0.047520880493510276,0.168,0.176,0.171855,0.172,2489.08,ETH-25SEP26,0.5625,-0.88188,1.07368,799.0,0.0,0.00799999999999998,ETH,2484.33,0.0
2026-09-07T23:25:55.061738+00:00,ETH-25JUN27-6000-P,2561.61,ETH-25JUN27,put,6000.0,2027-06-25T08:00:00+00:00,0.794954145380574,1.348,1.3735,1.362903,1.36075,2561.61,ETH-25JUN27,0.6103000000000001,-0.90174,3.95841,1.0,0.0,0.025499999999999856,ETH,2484.33,0.0
2026-09-07T23:25:55.061738+00:00,ETH-25SEP26-15000-C,2489.08,ETH-25SEP26,call,15000.0,2026-09-25T08:00:00+00:00,0.047520880493510276,,0.0001,1e-06,,2489.08,ETH-25SEP26,1.8378999999999999,1e-05,0.00023,2390.0,0.0,,ETH,2484.33,0.0
2026-09-07T23:25:55.061738+00:00,ETH-25SEP26-5600-C,2489.08,ETH-25SEP26,call,5600.0,2026-09-25T08:00:00+00:00,0.047520880493510276,,0.0001,4e-06,,2489.08,ETH-25SEP26,0.9643,9e-05,0.00191,8185.0,0.0,,ETH,2484.33,0.0
2026-09-07T23:25:55.061738+00:00,ETH-25JUN27-3100-C,2561.61,ETH-25JUN27,call,3100.0,2027-06-25T08:00:00+00:00,0.794954145380574,0.1265,0.129,0.127485,0.12775,2561.61,ETH-25JUN27,0.5581,0.44658,9.03283,209.0,0.0,0.0025000000000000022,ETH,2484.33,0.0
2026-09-07T23:25:55.061738+00:00,ETH-26MAR27-2700-C,2534.56,ETH-26MAR27,call,2700.0,2027-03-26T08:00:00+00:00,0.5458097237515528,0.133,0.136,0.13439,0.1345,2534.56,ETH-26MAR27,0.5458,0.51794,7.46534,3034.0,0.0,0.0030000000000000027,ETH,2484.34,0.0
2026-09-07T23:25:55.061738+00:00,ETH-25SEP26-3000-P,2489.08,ETH-25SEP26,put,3000.0,2026-09-25T08:00:00+00:00,0.047520880493510276,0.206,0.2135,0.20976,0.20975,2489.08,ETH-25SEP26,0.5858,-0.91888,0.81537,7499.0,0.0,0.007500000000000007,ETH,2484.33,0.0
2026-09-07T23:25:55.061738+00:00,ETH-25DEC26-3600-P,2509.62,ETH-25DEC26,put,3600.0,2026-12-25T08:00:00+00:00,0.2966653021225315,0.45,0.463,0.456402,0.4565,2509.62,ETH-25DEC26,0.5665,-0.84484,3.26048,93.0,0.0,0.013000000000000012,ETH,2484.33,0.0
2026-09-07T23:25:55.061738+00:00,ETH-25SEP26-5000-C,2489.22,ETH-25SEP26,call,5000.0,2026-09-25T08:00:00+00:00,0.047520880493510276,,0.0001,2.2e-05,,2489.22,ETH-25SEP26,0.9312999999999999,0.00043,0.00837,4611.0,0.0,,ETH,2484.33,0.0
2026-09-07T23:25:55.061738+00:00,ETH-10SEP26-2640-C,2484.51,ETH-10SEP26,call,2640.0,2026-09-10T08:00:00+00:00,0.006453118686528761,0.0012,0.0015,0.001356,0.00135,2484.51,ETH-10SEP26,0.516,0.07437,0.28064,50.0,50.0,0.00030000000000000014,ETH,2484.34,314.7
2026-09-07T23:25:55.061738+00:00,ETH-25JUN27-2200-C,2561.58,ETH-25JUN27,call,2200.0,2027-06-25T08:00:00+00:00,0.794954145380574,0.2595,0.265,0.262544,0.26225,2561.58,ETH-25JUN27,0.5615,0.71031,7.81678,1091.0,37.0,0.005500000000000005,ETH,2484.34,23984.67
2026-09-07T23:25:55.061738+00:00,ETH-18SEP26-2000-P,2486.93,ETH-18SEP26,put,2000.0,2026-09-18T08:00:00+00:00,0.028355924983585568,0.0008,0.0011,0.000955,0.00095,2486.93,ETH-18SEP26,0.6615000000000001,-0.02214,0.22105,2123.0,11.0,0.00030000000000000003,ETH,2484.34,22.17
2026-09-07T23:25:55.061738+00:00,ETH-25DEC26-3600-C,2509.76,ETH-25DEC26,call,3600.0,2026-12-25T08:00:00+00:00,0.2966653021225315,0.0215,0.0225,0.021922,0.022,2509.76,ETH-25DEC26,0.5665,0.15516,3.2605,2544.0,1.0,0.0010000000000000009,ETH,2484.34,57.6
2026-09-07T23:25:55.061738+00:00,ETH-25JUN27-900-C,2561.61,ETH-25JUN27,call,900.0,2027-06-25T08:00:00+00:00,0.794954145380574,0.656,0.659,0.657369,0.6575,2561.61,ETH-25JUN27,0.7342,0.97288,1.42952,0.0,0.0,0.0030000000000000027,ETH,2484.48,0.0
2026-09-07T23:25:55.061738+00:00,ETH-25DEC26-9000-C,2509.76,ETH-25DEC26,call,9000.0,2026-12-25T08:00:00+00:00,0.2966653021225315,0.0002,0.0007,0.000336,0.00045,2509.76,ETH-25DEC26,0.7886,0.00289,0.12105,2069.0,0.0,0.0005,ETH,2484.34,0.0
2026-09-07T23:25:55.061738+00:00,ETH-30OCT26-2350-C,2495.4,ETH-30OCT26,call,2350.0,2026-10-30T08:00:00+00:00,0.14334565804313382,0.106,0.1095,0.107394,0.10775,2495.4,ETH-30OCT26,0.51,0.65814,3.47008,246.0,0.0,0.003500000000000003,ETH,2484.48,0.0
2026-09-07T23:25:55.061738+00:00,ETH-25SEP26-2700-C,2489.08,ETH-25SEP26,call,2700.0,2026-09-25T08:00:00+00:00,0.047520880493510276,0.016,0.017,0.016445,0.0165,2489.08,ETH-25SEP26,0.5211,0.255,1.74282,11090.0,168.0,0.0010000000000000009,ETH,2484.48,7730.2
2026-09-07T23:25:55.061738+00:00,ETH-25SEP26-11000-C,2489.22,ETH-25SEP26,call,11000.0,2026-09-25T08:00:00+00:00,0.047520880493510276,,0.0001,1e-06,,2489.22,ETH-25SEP26,1.5529,1e-05,0.0003,3423.0,0.0,,ETH,2484.48,0.0
2026-09-07T23:25:55.061738+00:00,ETH-30OCT26-2750-C,2495.54,ETH-30OCT26,call,2750.0,2026-10-30T08:00:00+00:00,0.14334565804313382,0.0415,0.0425,0.04193,0.042,2495.54,ETH-30OCT26,0.5251,0.3486,3.49545,652.0,0.0,0.0010000000000000009,ETH,2484.48,0.0
2026-09-07T23:25:55.061738+00:00,ETH-25JUN27-3700-C,2561.58,ETH-25JUN27,call,3700.0,2027-06-25T08:00:00+00:00,0.794954145380574,0.08,0.0825,0.081035,0.08125,2561.58,ETH-25JUN27,0.5658,0.31696,8.13766,10.0,0.0,0.0025000000000000022,ETH,2484.48,0.0
2026-09-07T23:25:55.061738+00:00,ETH-25SEP26-10000-P,2489.08,ETH-25SEP26,put,10000.0,2026-09-25T08:00:00+00:00,0.047520880493510276,3.003,3.033,3.017614,3.018,2489.08,ETH-25SEP26,1.4631999999999998,-0.99999,0.00032,759.0,0.0,0.029999999999999805,ETH,2484.48,0.0
2026-09-07T23:25:55.061738+00:00,ETH-25DEC26-2200-C,2509.76,ETH-25DEC26,call,2200.0,2026-12-25T08:00:00+00:00,0.2966653021225315,0.178,0.1825,0.180583,0.18025,2509.76,ETH-25DEC26,0.5314,0.72565,4.55739,52403.0,0.0,0.004500000000000004,ETH,2484.48,0.0
2026-09-07T23:25:55.061738+00:00,ETH-26MAR27-2100-P,2534.56,ETH-26MAR27,put,2100.0,2027-03-26T08:00:00+00:00,0.5458097237515528,0.077,0.0795,0.078357,0.07825,2534.56,ETH-26MAR27,0.5568,-0.25363,5.99854,709.0,0.0,0.0025000000000000022,ETH,2484.55,0.0
2026-09-07T23:25:55.061738+00:00,ETH-11SEP26-2700-C,2484.75,ETH-11SEP26,call,2700.0,2026-09-11T08:00:00+00:00,0.00919096947366086,0.0013,0.0016,0.001432,0.00145,2484.75,ETH-11SEP26,0.5568,0.06326,0.29574,2934.0,122.0,0.00030000000000000014,ETH,2484.55,648.87
2026-09-07T23:25:55.061738+00:00,ETH-8SEP26-2340-P,2483.97,ETH-8SEP26,put,2340.0,2026-09-08T08:00:00+00:00,0.0009774171122645574,,0.0001,2e-06,,2483.97,ETH-8SEP26,0.5740999999999999,-0.0004,0.00112,138.0,117.0,,ETH,2484.55,47.81
2026-09-07T23:25:55.061738+00:00,ETH-18SEP26-2800-C,2486.79,ETH-18SEP26,call,2800.0,2026-09-18T08:00:00+00:00,0.028355924983585568,0.005,0.0055,0.0052,0.00525,2486.79,ETH-18SEP26,0.5668,0.11628,0.81948,19669.0,99.0,0.0004999999999999996,ETH,2484.55,1367.32
2026-09-07T23:25:55.061738+00:00,ETH-27NOV26-2850-P,2503.06,ETH-27NOV26,put,2850.0,2026-11-27T08:00:00+00:00,0.22000548008283266,0.1865,0.1915,0.189418,0.189,2503.06,ETH-27NOV26,0.5315,-0.65382,4.33261,0.0,0.0,0.0050000000000000044,ETH,2484.55,0.0
2026-09-07T23:25:55.061738+00:00,ETH-25SEP26-2380-C,2489.08,ETH-25SEP26,call,2380.0,2026-09-25T08:00:00+00:00,0.047520880493510276,0.066,0.07,0.067605,0.068,2489.08,ETH-25SEP26,0.4954,0.68067,1.93934,78.0,0.0,0.0040000000000000036,ETH,2484.55,0.0
2026-09-07T23:25:55.061738+00:00,ETH-25JUN27-2500-C,2561.58,ETH-25JUN27,call,2500.0,2027-06-25T08:00:00+00:00,0.794954145380574,0.2045,0.2085,0.206039,0.2065,2561.58,ETH-25JUN27,0.557,0.61695,8.72055,3192.0,1.0,0.0040000000000000036,ETH,2484.43,511.86
2026-09-07T23:25:55.061738+00:00,ETH-25DEC26-4000-P,2509.76,ETH-25DEC26,put,4000.0,2026-12-25T08:00:00+00:00,0.2966653021225315,0.5995,0.6145,0.606957,0.607,2509.76,ETH-25DEC26,0.5889,-0.9018,2.36816,223.0,0.0,0.015000000000000013,ETH,2484.55,0.0
2026-09-07T23:25:55.061738+00:00,ETH-25JUN27-800-P,2561.61,ETH-25JUN27,put,800.0,2027-06-25T08:00:00+00:00,0.794954145380574,0.0055,0.007,0.006237,0.00625,2561.61,ETH-25JUN27,0.7569,-0.01963,1.08877,689.0,0.0,0.0015000000000000005,ETH,2484.43,0.0
2026-09-07T23:25:55.061738+00:00,ETH-26MAR27-6000-P,2534.56,ETH-26MAR27,put,6000.0,2027-03-26T08:00:00+00:00,0.5458097237515528,1.3555,1.395,1.376363,1.37525,2534.56,ETH-26MAR27,0.6321,-0.94641,2.04136,1.0,0.0,0.03950000000000009,ETH,2484.43,0.0
2026-09-07T23:25:55.061738+00:00,ETH-18SEP26-2600-P,2486.93,ETH-18SEP26,put,2600.0,2026-09-18T08:00:00+00:00,0.028355924983585568,0.06,0.064,0.062131,0.062,2486.93,ETH-18SEP26,0.5054,-0.68436,1.48925,89.0,1.0,0.0040000000000000036,ETH,2484.43,150.72
2026-09-07T23:25:55.061738+00:00,ETH-25SEP26-3100-P,2489.08,ETH-25SEP26,put,3100.0,2026-09-25T08:00:00+00:00,0.047520880493510276,0.2445,0.253,0.248518,0.24875,2489.08,ETH-25SEP26,0.6101,-0.94325,0.61894,1.0,0.0,0.008500000000000008,ETH,2484.43,0.0
2026-09-07T23:25:55.061738+00:00,ETH-11SEP26-2460-C,2484.75,ETH-11SEP26,call,2460.0,2026-09-11T08:00:00+00:00,0.00919096947366086,0.021,0.0235,0.022129,0.02225,2484.75,ETH-11SEP26,0.43829999999999997,0.60295,0.91849,132.0,132.0,0.0024999999999999988,ETH,2484.43,7369.86
2026-09-07T23:25:55.061738+00:00,ETH-25DEC26-1600-C,2509.76,ETH-25DEC26,call,1600.0,2026-12-25T08:00:00+00:00,0.2966653021225315,0.3715,0.3755,0.373435,0.3735,2509.76,ETH-25DEC26,0.6148,0.93464,1.74129,620.0,0.0,0.0040000000000000036,ETH,2484.43,0.0
2026-09-07T23:25:55.061738+00:00,ETH-9SEP26-2650-P,2484.42,ETH-9SEP26,put,2650.0,2026-09-09T08:00:00+00:00,0.0037152678993966587,0.064,0.0695,0.066989,0.06675,2484.42,ETH-9SEP26,0.5242,-0.97739,0.08127,0.0,0.0,0.005500000000000005,ETH,2484.43,0.0
2026-09-07T23:25:55.061738+00:00,ETH-8SEP26-2480-C,2483.97,ETH-8SEP26,call,2480.0,2026-09-08T08:00:00+00:00,0.0009774171122645574,0.0044,0.0055,0.004557,0.00495,2483.97,ETH-8SEP26,0.2999,0.5748,0.30328,613.0,65.0,0.0010999999999999994,ETH,2484.43,881.23
2026-09-07T23:25:55.061738+00:00,ETH-26MAR27-3100-P,2534.56,ETH-26MAR27,put,3100.0,2027-03-26T08:00:00+00:00,0.5458097237515528,0.307,0.317,0.311801,0.312,2534.56,ETH-26MAR27,0.5502,-0.61485,7.16085,99.0,0.0,0.010000000000000009,ETH,2484.28,0.0
2026-09-07T23:25:55.061738+00:00,ETH-30OCT26-4400-C,2495.4,ETH-30OCT26,call,4400.0,2026-10-30T08:00:00+00:00,0.14334565804313382,0.0018,0.0024,0.002082,0.0021,2495.4,ETH-30OCT26,0.7027,0.02287,0.51253,689.0,0.0,0.0005999999999999998,ETH,2484.28,0.0
2026-09-07T23:25:55.061738+00:00,ETH-9SEP26-2340-P,2484.42,ETH-9SEP26,put,2340.0,2026-09-09T08:00:00+00:00,0.0037152678993966587,0.0003,0.0005,0.000409,0.0004,2484.42,ETH-9SEP26,0.5338,-0.03166,0.10764,616.0,4.0,0.00020000000000000004,ETH,2484.28,4.98
2026-09-07T23:25:55.061738+00:00,ETH-25JUN27-3400-P,2561.58,ETH-25JUN27,put,3400.0,2027-06-25T08:00:00+00:00,0.794954145380574,0.4215,0.4335,0.428483,0.4275,2561.58,ETH-25JUN27,0.5613,-0.6237,8.67332,5.0,0.0,0.01200000000000001,ETH,2484.28,0.0
2026-09-07T23:25:55.061738+00:00,ETH-8SEP26-2500-C,2484.11,ETH-8SEP26,call,2500.0,2026-09-08T08:00:00+00:00,0.0009774171122645574,0.0014,0.0018,0.001533,0.0016,2484.11,ETH-8SEP26,0.31739999999999996,0.26168,0.25183,2042.0,1197.0,0.00039999999999999996,ETH,2484.28,12997.23
2026-09-07T23:25:55.061738+00:00,ETH-25SEP26-13000-P,2489.08,ETH-25SEP26,put,13000.0,2026-09-25T08:00:00+00:00,0.047520880493510276,4.2025,4.244,4.222898,4.22325,2489.08,ETH-25SEP26,1.7075,-0.99999,0.00026,0.0,0.0,0.04150000000000009,ETH,2484.28,0.0
2026-09-07T23:25:55.061738+00:00,ETH-9SEP26-2440-P,2484.42,ETH-9SEP26,put,2440.0,2026-09-09T08:00:00+00:00,0.0037152678993966587,0.0032,0.0037,0.00351,0.00345,2484.42,ETH-9SEP26,0.4146,-0.23427,0.4642,215.0,207.0,0.0005,ETH,2484.28,2167.03
2026-09-07T23:25:55.061738+00:00,ETH-25DEC26-3800-P,2509.76,ETH-25DEC26,put,3800.0,2026-12-25T08:00:00+00:00,0.2966653021225315,0.524,0.538,0.530995,0.531,2509.76,ETH-25DEC26,0.5777,-0.87717,2.78043,26.0,0.0,0.014000000000000012,ETH,2484.28,0.0
2026-09-07T23:25:55.061738+00:00,ETH-25JUN27-1200-P,2561.58,ETH-25JUN27,put,1200.0,2027-06-25T08:00:00+00:00,0.794954145380574,0.0175,0.019,0.01826,0.01825,2561.58,ETH-25JUN27,0.66,-0.05677,2.6057,531.0,0.0,0.0014999999999999979,ETH,2484.23,0.0
2026-09-07T23:25:55.061738+00:00,ETH-25SEP26-1300-P,2489.22,ETH-25SEP26,put,1300.0,2026-09-25T08:00:00+00:00,0.047520880493510276,0.0001,0.0002,9e-05,0.00015,2489.22,ETH-25SEP26,1.0297,-0.00133,0.02368,4963.0,0.0,0.0001,ETH,2484.23,0.0
2026-09-07T23:25:55.061738+00:00,ETH-27NOV26-2150-P,2503.06,ETH-27NOV26,put,2150.0,2026-11-27T08:00:00+00:00,0.22000548008283266,0.038,0.039,0.038487,0.0385,2503.06,ETH-27NOV26,0.5333,-0.232,3.58301,10.0,0.0,0.0010000000000000009,ETH,2484.23,0.0
2026-09-07T23:25:55.061738+00:00,ETH-25SEP26-1400-C,2489.08,ETH-25SEP26,call,1400.0,2026-09-25T08:00:00+00:00,0.047520880493510276,0.4365,0.4395,0.437711,0.438,2489.08,ETH-25SEP26,0.9823000000000001,0.99739,0.04379,1553.0,0.0,0.0030000000000000027,ETH,2484.23,0.0
2026-09-07T23:25:55.061738+00:00,ETH-10SEP26-2900-P,2484.51,ETH-10SEP26,put,2900.0,2026-09-10T08:00:00+00:00,0.006453118686528761,0.164,0.17,0.167305,0.167,2484.51,ETH-10SEP26,0.7053,-0.99655,0.02069,0.0,0.0,0.006000000000000005,ETH,2484.23,0.0
2026-09-07T23:25:55.061738+00:00,ETH-27NOV26-3300-C,2503.06,ETH-27NOV26,call,3300.0,2026-11-27T08:00:00+00:00,0.22000548008283266,0.0225,0.0235,0.022921,0.023,2503.06,ETH-27NOV26,0.5625,0.17994,3.08069,33.0,23.0,0.0010000000000000009,ETH,2484.23,1250.21
2026-09-07T23:25:55.061738+00:00,ETH-9SEP26-2600-P,2484.42,ETH-9SEP26,put,2600.0,2026-09-09T08:00:00+00:00,0.0037152678993966587,0.0445,0.0505,0.047459,0.0475,2484.42,ETH-9SEP26,0.4921,-0.9337,0.19481,2.0,2.0,0.006000000000000005,ETH,2484.23,228.89
2026-09-07T23:25:55.061738+00:00,ETH-26MAR27-5500-C,2534.53,ETH-26MAR27,call,5500.0,2027-03-26T08:00:00+00:00,0.5458097237515528,0.0115,0.013,0.012187,0.01225,2534.53,ETH-26MAR27,0.6181,0.07114,2.54642,2976.0,0.0,0.0014999999999999996,ETH,2484.23,0.0
2026-09-07T23:25:55.061738+00:00,ETH-25SEP26-3600-P,2489.08,ETH-25SEP26,put,3600.0,2026-09-25T08:00:00+00:00,0.047520880493510276,0.4425,0.4525,0.447032,0.4475,2489.08,ETH-25SEP26,0.7339,-0.98699,0.18182,907.0,0.0,0.010000000000000009,ETH,2484.23,0.0
2026-09-07T23:25:55.061738+00:00,ETH-10SEP26-2360-P,2484.51,ETH-10SEP26,put,2360.0,2026-09-10T08:00:00+00:00,0.006453118686528761,0.0015,0.0017,0.001614,0.0016,2484.51,ETH-10SEP26,0.4816,-0.08872,0.32059,363.0,465.0,0.00019999999999999987,ETH,2484.23,1924.65
2026-09-07T23:25:55.061738+00:00,ETH-8SEP26-2650-C,2483.97,ETH-8SEP26,call,2650.0,2026-09-08T08:00:00+00:00,0.0009774171122645574,,0.0001,1e-06,,2483.97,ETH-8SEP26,0.6032,0.0003,0.00085,187.0,266.0,,ETH,2484.23,356.84
2026-09-07T23:25:55.061738+00:00,ETH-25SEP26-1300-C,2489.22,ETH-25SEP26,call,1300.0,2026-09-25T08:00:00+00:00,0.047520880493510276,0.4765,0.4795,0.4778,0.478,2489.22,ETH-25SEP26,1.0297,0.99867,0.02368,68.0,0.0,0.0030000000000000027,ETH,2484.23,0.0
2026-09-07T23:25:55.061738+00:00,ETH-25DEC26-1600-P,2509.62,ETH-25DEC26,put,1600.0,2026-12-25T08:00:00+00:00,0.2966653021225315,0.0105,0.0115,0.010982,0.011,2509.62,ETH-25DEC26,0.6148,-0.06539,1.74168,8358.0,1.0,0.0009999999999999992,ETH,2484.23,25.34
2026-09-07T23:25:55.061738+00:00,ETH-30OCT26-2050-P,2495.54,ETH-30OCT26,put,2050.0,2026-10-30T08:00:00+00:00,0.14334565804313382,0.016,0.017,0.016462,0.0165,2495.54,ETH-30OCT26,0.5388000000000001,-0.14339,2.13784,397.0,0.0,0.0010000000000000009,ETH,2484.23,0.0
2026-09-07T23:25:55.061738+00:00,ETH-11SEP26-2650-C,2484.89,ETH-11SEP26,call,2650.0,2026-09-11T08:00:00+00:00,0.00919096947366086,0.0023,0.0025,0.002415,0.0024,2484.89,ETH-11SEP26,0.5217,0.10333,0.4281,5100.0,760.0,0.0002000000000000001,ETH,2484.23,8743.97
2026-09-07T23:25:55.061738+00:00,ETH-8SEP26-2460-C,2483.97,ETH-8SEP26,call,2460.0,2026-09-08T08:00:00+00:00,0.0009774171122645574,0.009,0.013,0.010518,0.011,2483.97,ETH-8SEP26,0.32420000000000004,0.8329,0.19365,539.0,0.0,0.004,ETH,2484.23,0.0
2026-09-07T23:25:55.061738+00:00,ETH-9SEP26-2360-P,2484.42,ETH-9SEP26,put,2360.0,2026-09-09T08:00:00+00:00,0.0037152678993966587,0.0005,0.0008,0.0006,0.00065,2484.42,ETH-9SEP26,0.506,-0.04657,0.14743,145.0,20.0,0.00030000000000000003,ETH,2484.23,26.35
2026-09-07T23:25:55.061738+00:00,ETH-25DEC26-11000-C,2509.76,ETH-25DEC26,call,11000.0,2026-12-25T08:00:00+00:00,0.2966653021225315,0.0001,0.0003,0.000208,0.0002,2509.76,ETH-25DEC26,0.8592,0.00174,0.07619,2175.0,0.0,0.00019999999999999998,ETH,2484.23,0.0
2026-09-07T23:25:55.061738+00:00,ETH-25JUN27-1000-C,2561.61,ETH-25JUN27,call,1000.0,2027-06-25T08:00:00+00:00,0.794954145380574,0.6185,0.623,0.620855,0.62075,2561.61,ETH-25JUN27,0.7055,0.96481,1.77337,114.0,18.0,0.0044999999999999485,ETH,2484.23,27652.7
2026-09-07T23:25:55.061738+00:00,ETH-10SEP26-2620-C,2484.65,ETH-10SEP26,call,2620.0,2026-09-10T08:00:00+00:00,0.006453118686528761,0.0017,0.0019,0.001826,0.0018,2484.65,ETH-10SEP26,0.5025999999999999,0.09763,0.34409,406.0,406.0,0.0002000000000000001,ETH,2484.23,1861.47
2026-09-07T23:25:55.061738+00:00,ETH-25JUN27-2300-P,2561.61,ETH-25JUN27,put,2300.0,2027-06-25T08:00:00+00:00,0.794954145380574,0.1385,0.1415,0.140081,0.14,2561.61,ETH-25JUN27,0.5592,-0.32086,8.17923,756.0,0.0,0.002999999999999975,ETH,2484.23,0.0
2026-09-07T23:25:55.061738+00:00,ETH-25SEP26-2380-P,2489.22,ETH-25SEP26,put,2380.0,2026-09-25T08:00:00+00:00,0.047520880493510276,0.023,0.024,0.023797,0.0235,2489.22,ETH-25SEP26,0.4954,-0.31962,1.93991,131.0,0.0,0.0010000000000000009,ETH,2484.23,0.0
2026-09-07T23:25:55.061738+00:00,ETH-30OCT26-2400-P,2495.54,ETH-30OCT26,put,2400.0,2026-10-30T08:00:00+00:00,0.14334565804313382,0.057,0.058,0.057684,0.0575,2495.54,ETH-30OCT26,0.5085999999999999,-0.38267,3.60592,4426.0,1.0,0.0010000000000000009,ETH,2484.23,137.44
2026-09-07T23:25:55.061738+00:00,ETH-27NOV26-3200-P,2503.06,ETH-27NOV26,put,3200.0,2026-11-27T08:00:00+00:00,0.22000548008283266,0.3005,0.31,0.305667,0.30525,2503.06,ETH-27NOV26,0.5552,-0.79191,3.36626,0.0,0.0,0.009500000000000008,ETH,2484.23,0.0
2026-09-07T23:25:55.061738+00:00,ETH-10SEP26-2560-P,2484.65,ETH-10SEP26,put,2560.0,2026-09-10T08:00:00+00:00,0.006453118686528761,0.032,0.0365,0.034816,0.03425,2484.65,ETH-10SEP26,0.4597,-0.78614,0.58121,35.0,35.0,0.004499999999999997,ETH,2484.23,2083.1
2026-09-07T23:25:55.061738+00:00,ETH-11SEP26-2900-C,2484.89,ETH-11SEP26,call,2900.0,2026-09-11T08:00:00+00:00,0.00919096947366086,0.0001,0.0003,0.000176,0.0002,2484.89,ETH-11SEP26,0.6657,0.00844,0.05472,1343.0,60.0,0.00019999999999999998,ETH,2484.23,39.62
2026-09-07T23:25:55.061738+00:00,ETH-8SEP26-2900-C,2483.97,ETH-8SEP26,call,2900.0,2026-09-08T08:00:00+00:00,0.0009774171122645574,,0.0001,0.0,,2483.97,ETH-8SEP26,0.9486,0.0,0.0,492.0,300.0,,ETH,2484.23,75.71
2026-09-07T23:25:55.061738+00:00,ETH-18SEP26-2350-C,2486.93,ETH-18SEP26,call,2350.0,2026-09-18T08:00:00+00:00,0.028355924983585568,0.0655,0.0695,0.06704,0.0675,2486.93,ETH-18SEP26,0.49579999999999996,0.76403,1.29003,172.0,0.0,0.0040000000000000036,ETH,2484.23,0.0
2026-09-07T23:25:55.061738+00:00,ETH-8SEP26-2300-P,2483.97,ETH-8SEP26,put,2300.0,2026-09-08T08:00:00+00:00,0.0009774171122645574,,0.0001,0.0,,2483.97,ETH-8SEP26,0.6275999999999999,-4e-05,0.00013,316.0,90.0,,ETH,2484.23,22.57
2026-09-07T23:25:55.061738+00:00,ETH-9SEP26-2680-P,2484.42,ETH-9SEP26,put,2680.0,2026-09-09T08:00:00+00:00,0.0037152678993966587,0.076,0.0815,0.078929,0.07875,2484.42,ETH-9SEP26,0.5429999999999999,-0.98862,0.04514,0.0,0.0,0.005500000000000005,ETH,2484.23,0.0
2026-09-07T23:25:55.061738+00:00,ETH-25JUN27-3200-P,2561.61,ETH-25JUN27,put,3200.0,2027-06-25T08:00:00+00:00,0.794954145380574,0.363,0.37,0.367199,0.3665,2561.61,ETH-25JUN27,0.5590999999999999,-0.57809,8.93909,19.0,19.0,0.007000000000000006,ETH,2484.2,17267.14
2026-09-07T23:25:55.061738+00:00,ETH-27NOV26-4600-C,2503.06,ETH-27NOV26,call,4600.0,2026-11-27T08:00:00+00:00,0.22000548008283266,0.0039,0.0044,0.004134,0.00415,2503.06,ETH-27NOV26,0.667,0.03686,0.94673,365.0,1.0,0.0005000000000000004,ETH,2484.2,11.28
2026-09-07T23:25:55.061738+00:00,ETH-25SEP26-9000-C,2489.08,ETH-25SEP26,call,9000.0,2026-09-25T08:00:00+00:00,0.047520880493510276,,0.0001,1e-06,,2489.08,ETH-25SEP26,1.3633000000000002,1e-05,0.00035,2096.0,0.0,,ETH,2484.2,0.0
2026-09-07T23:25:55.061738+00:00,ETH-11SEP26-2000-P,2484.89,ETH-11SEP26,put,2000.0,2026-09-11T08:00:00+00:00,0.00919096947366086,0.0001,0.0003,0.000176,0.0002,2484.89,ETH-11SEP26,0.9179,-0.00605,0.0408,6193.0,6.0,0.00019999999999999998,ETH,2484.2,1.74
2026-09-07T23:25:55.061738+00:00,ETH-25JUN27-2100-C,2561.61,ETH-25JUN27,call,2100.0,2027-06-25T08:00:00+00:00,0.794954145380574,0.2815,0.287,0.284432,0.28425,2561.61,ETH-25JUN27,0.5643,0.74097,7.39612,160.0,18.0,0.005500000000000005,ETH,2484.2,12712.62
2026-09-07T23:25:55.061738+00:00,ETH-10SEP26-2660-P,2484.51,ETH-10SEP26,put,2660.0,2026-09-10T08:00:00+00:00,0.006453118686528761,0.0685,0.075,0.07168,0.07175,2484.51,ETH-10SEP26,0.532,-0.94255,0.22972,0.0,0.0,0.006499999999999992,ETH,2484.2,0.0
2026-09-07T23:25:55.061738+00:00,ETH-30OCT26-1950-C,2495.4,ETH-30OCT26,call,1950.0,2026-10-30T08:00:00+00:00,0.14334565804313382,0.228,0.2325,0.229581,0.23025,2495.4,ETH-30OCT26,0.5559000000000001,0.89911,1.66921,744.0,0.0,0.004500000000000004,ETH,2484.18,0.0
2026-09-07T23:25:55.061738+00:00,ETH-30OCT26-2650-P,2495.4,ETH-30OCT26,put,2650.0,2026-10-30T08:00:00+00:00,0.14334565804313382,0.114,0.1155,0.115197,0.11475,2495.4,ETH-30OCT26,0.5174,-0.58275,3.68874,302.0,0.0,0.0015000000000000013,ETH,2484.18,0.0
2026-09-07T23:25:55.061738+00:00,ETH-26MAR27-3200-C,2534.56,ETH-26MAR27,call,3200.0,2027-03-26T08:00:00+00:00,0.5458097237515528,0.079,0.0815,0.080089,0.08025,2534.56,ETH-26MAR27,0.5521,0.35665,6.98466,4838.0,0.0,0.0025000000000000022,ETH,2484.18,0.0
2026-09-07T23:25:55.061738+00:00,ETH-30OCT26-4200-P,2495.54,ETH-30OCT26,put,4200.0,2026-10-30T08:00:00+00:00,0.14334565804313382,0.678,0.6935,0.68583,0.68575,2495.54,ETH-30OCT26,0.6820999999999999,-0.9704,0.63595,0.0,0.0,0.015499999999999958,ETH,2484.18,0.0
2026-09-07T23:25:55.061738+00:00,ETH-25DEC26-3800-C,2509.76,ETH-25DEC26,call,3800.0,2026-12-25T08:00:00+00:00,0.2966653021225315,0.0165,0.017,0.016821,0.01675,2509.76,ETH-25DEC26,0.5777,0.1228,2.77983,3134.0,1.0,0.0005000000000000004,ETH,2484.18,43.74
2026-09-07T23:25:55.061738+00:00,ETH-25SEP26-4800-C,2489.22,ETH-25SEP26,call,4800.0,2026-09-25T08:00:00+00:00,0.047520880493510276,,0.0001,4.6e-05,,2489.22,ETH-25SEP26,0.9312,0.00086,0.01599,1700.0,0.0,,ETH,2484.18,0.0
2026-09-07T23:25:55.061738+00:00,ETH-9SEP26-2300-C,2484.42,ETH-9SEP26,call,2300.0,2026-09-09T08:00:00+00:00,0.0037152678993966587,0.071,0.077,0.07436,0.074,2484.42,ETH-9SEP26,0.5893,0.98483,0.05787,18.0,0.0,0.006000000000000005,ETH,2484.18,0.0
2026-09-07T23:25:55.061738+00:00,ETH-26MAR27-2400-C,2534.56,ETH-26MAR27,call,2400.0,2027-03-26T08:00:00+00:00,0.5458097237515528,0.182,0.186,0.184027,0.184,2534.56,ETH-26MAR27,0.5476,0.63196,7.05981,2363.0,0.0,0.0040000000000000036,ETH,2484.19,0.0
2026-09-07T23:25:55.061738+00:00,ETH-26MAR27-4000-P,2534.56,ETH-26MAR27,put,4000.0,2027-03-26T08:00:00+00:00,0.5458097237515528,0.607,0.623,0.615707,0.615,2534.56,ETH-26MAR27,0.5722,-0.80718,5.12895,0.0,0.0,0.016000000000000014,ETH,2484.19,0.0
2026-09-07T23:25:55.061738+00:00,ETH-10SEP26-2100-P,2484.51,ETH-10SEP26,put,2100.0,2026-09-10T08:00:00+00:00,0.006453118686528761,0.0002,0.0004,0.000232,0.0003,2484.51,ETH-10SEP26,0.9031999999999999,-0.00933,0.05003,295.0,195.0,0.0002,ETH,2484.19,144.78
2026-09-07T23:25:55.061738+00:00,ETH-11SEP26-2550-C,2484.89,ETH-11SEP26,call,2550.0,2026-09-11T08:00:00+00:00,0.00919096947366086,0.0075,0.008,0.007809,0.00775,2484.89,ETH-11SEP26,0.46380000000000005,0.28714,0.81151,2161.0,39.0,0.0005000000000000004,ETH,2484.19,1064.54
2026-09-07T23:25:55.061738+00:00,ETH-27NOV26-2550-P,2503.06,ETH-27NOV26,put,2550.0,2026-11-27T08:00:00+00:00,0.22000548008283266,0.107,0.108,0.107653,0.1075,2503.06,ETH-27NOV26,0.5197999999999999,-0.482,4.67982,43.0,0.0,0.0010000000000000009,ETH,2484.19,0.0
2026-09-07T23:25:55.061738+00:00,ETH-8SEP26-2620-P,2483.97,ETH-8SEP26,put,2620.0,2026-09-08T08:00:00+00:00,0.0009774171122645574,0.0525,0.057,0.054823,0.05475,2483.97,ETH-8SEP26,0.5796,-0.99839,0.00403,1.0,2.0,0.004500000000000004,ETH,2484.19,267.26
2026-09-07T23:25:55.061738+00:00,ETH-8SEP26-2580-P,2484.11,ETH-8SEP26,put,2580.0,2026-09-08T08:00:00+00:00,0.0009774171122645574,0.0355,0.042,0.038725,0.03875,2484.11,ETH-8SEP26,0.4484,-0.99665,0.00782,0.0,0.0,0.006500000000000006,ETH,2484.19,0.0
2026-09-07T23:25:55.061738+00:00,ETH-25SEP26-4000-C,2489.08,ETH-25SEP26,call,4000.0,2026-09-25T08:00:00+00:00,0.047520880493510276,0.0002,0.0003,0.000236,0.00025,2489.08,ETH-25SEP26,0.8059999999999999,0.00452,0.0717,21302.0,0.0,9.999999999999996e-05,ETH,2484.19,0.0
2026-09-07T23:25:55.061738+00:00,ETH-25SEP26-2100-C,2489.08,ETH-25SEP26,call,2100.0,2026-09-25T08:00:00+00:00,0.047520880493510276,0.1585,0.163,0.160391,0.16075,2489.08,ETH-25SEP26,0.5569,0.92793,0.74522,5710.0,0.0,0.004500000000000004,ETH,2484.19,0.0
2026-09-07T23:25:55.061738+00:00,ETH-25DEC26-2500-P,2509.76,ETH-25DEC26,put,2500.0,2026-12-25T08:00:00+00:00,0.2966653021225315,0.1105,0.112,0.111022,0.11125,2509.76,ETH-25DEC26,0.5223,-0.4382,5.38903,1628.0,144.0,0.0015000000000000013,ETH,2484.19,39467.19
2026-09-07T23:25:55.061738+00:00,ETH-11SEP26-2570-P,2484.75,ETH-11SEP26,put,2570.0,2026-09-11T08:00:00+00:00,0.00919096947366086,0.038,0.042,0.040496,0.04,2484.75,ETH-11SEP26,0.4755,-0.76366,0.73424,0.0,0.0,0.0040000000000000036,ETH,2484.19,0.0
2026-09-07T23:25:55.061738+00:00,ETH-26MAR27-4600-P,2534.56,ETH-26MAR27,put,4600.0,2027-03-26T08:00:00+00:00,0.5458097237515528,0.8275,0.8465,0.837727,0.837,2534.56,ETH-26MAR27,0.5897,-0.87488,3.85824,0.0,0.0,0.019000000000000017,ETH,2484.19,0.0
2026-09-07T23:25:55.061738+00:00,ETH-26MAR27-3700-P,2534.56,ETH-26MAR27,put,3700.0,2027-03-26T08:00:00+00:00,0.5458097237515528,0.501,0.5155,0.509019,0.50825,2534.56,ETH-26MAR27,0.5637,-0.75801,5.84902,0.0,0.0,0.014499999999999957,ETH,2484.19,0.0
2026-09-07T23:25:55.061738+00:00,ETH-26MAR27-2200-P,2534.56,ETH-26MAR27,put,2200.0,2027-03-26T08:00:00+00:00,0.5458097237515528,0.0925,0.095,0.093925,0.09375,2534.56,ETH-26MAR27,0.5524,-0.29088,6.42068,1732.0,0.0,0.0025000000000000022,ETH,2484.19,0.0
2026-09-07T23:25:55.061738+00:00,ETH-25DEC26-1700-C,2509.76,ETH-25DEC26,call,1700.0,2026-12-25T08:00:00+00:00,0.2966653021225315,0.3355,0.339,0.337135,0.33725,2509.76,ETH-25DEC26,0.5919,0.91448,2.13742,365.0,0.0,0.003500000000000003,ETH,2484.19,0.0
2026-09-07T23:25:55.061738+00:00,ETH-30OCT26-2850-P,2495.4,ETH-30OCT26,put,2850.0,2026-10-30T08:00:00+00:00,0.14334565804313382,0.1715,0.177,0.175092,0.17425,2495.4,ETH-30OCT26,0.5331,-0.71138,3.22762,0.0,0.0,0.005499999999999977,ETH,2484.26,0.0
2026-09-07T23:25:55.061738+00:00,ETH-25SEP26-6000-C,2489.22,ETH-25SEP26,call,6000.0,2026-09-25T08:00:00+00:00,0.047520880493510276,,0.0001,3e-06,,2489.22,ETH-25SEP26,1.0195999999999998,6e-05,0.00133,3711.0,0.0,,ETH,2484.19,0.0
2026-09-07T23:25:55.061738+00:00,ETH-8SEP26-2640-C,2483.97,ETH-8SEP26,call,2640.0,2026-09-08T08:00:00+00:00,0.0009774171122645574,,0.0001,2e-06,,2483.97,ETH-8SEP26,0.5847,0.00042,0.00118,557.0,658.0,,ETH,2484.19,1374.78
2026-09-07T23:25:55.061738+00:00,ETH-30OCT26-4400-P,2495.54,ETH-30OCT26,put,4400.0,2026-10-30T08:00:00+00:00,0.14334565804313382,0.7575,0.772,0.765348,0.76475,2495.54,ETH-30OCT26,0.7027,-0.97714,0.51228,0.0,0.0,0.014500000000000068,ETH,2484.26,0.0
2026-09-07T23:25:55.061738+00:00,ETH-25DEC26-3200-P,2509.62,ETH-25DEC26,put,3200.0,2026-12-25T08:00:00+00:00,0.2966653021225315,0.3095,0.319,0.313682,0.31425,2509.62,ETH-25DEC26,0.544,-0.74921,4.35209,261.0,0.0,0.009500000000000008,ETH,2484.26,0.0
2026-09-07T23:25:55.061738+00:00,ETH-25SEP26-5400-C,2489.08,ETH-25SEP26,call,5400.0,2026-09-25T08:00:00+00:00,0.047520880493510276,,0.0001,5e-06,,2489.08,ETH-25SEP26,0.9344,0.00011,0.00231,1738.0,0.0,,ETH,2484.26,0.0
2026-09-07T23:25:55.061738+00:00,ETH-25DEC26-10000-C,2509.76,ETH-25DEC26,call,10000.0,2026-12-25T08:00:00+00:00,0.2966653021225315,0.0001,0.0005,0.000242,0.0003,2509.76,ETH-25DEC26,0.8212,0.00208,0.08966,1743.0,0.0,0.0004,ETH,2484.26,0.0
2026-09-07T23:25:55.061738+00:00,ETH-8SEP26-2440-P,2483.97,ETH-8SEP26,put,2440.0,2026-09-08T08:00:00+00:00,0.0009774171122645574,0.0002,0.0004,0.000251,0.0003,2483.97,ETH-8SEP26,0.3552,-0.05355,0.08428,1001.0,911.0,0.0002,ETH,2484.26,2473.69
2026-09-07T23:25:55.061738+00:00,ETH-25JUN27-2800-C,2561.61,ETH-25JUN27,call,2800.0,2027-06-25T08:00:00+00:00,0.794954145380574,0.16,0.163,0.161625,0.1615,2561.61,ETH-25JUN27,0.556,0.5273,9.09318,1231.0,0.0,0.0030000000000000027,ETH,2484.26,0.0
2026-09-07T23:25:55.061738+00:00,ETH-25SEP26-4800-P,2489.08,ETH-25SEP26,put,4800.0,2026-09-25T08:00:00+00:00,0.047520880493510276,0.922,0.9355,0.9285,0.92875,2489.08,ETH-25SEP26,0.9312,-0.99914,0.01599,110.0,0.0,0.013499999999999956,ETH,2484.26,0.0
2026-09-07T23:25:55.061738+00:00,ETH-18SEP26-2350-P,2486.79,ETH-18SEP26,put,2350.0,2026-09-18T08:00:00+00:00,0.028355924983585568,0.0115,0.0125,0.012045,0.012,2486.79,ETH-18SEP26,0.49579999999999996,-0.23608,1.29034,1472.0,222.0,0.0010000000000000009,ETH,2484.26,7087.09
2026-09-07T23:25:55.061738+00:00,ETH-25DEC26-5500-P,2509.76,ETH-25DEC26,put,5500.0,2026-12-25T08:00:00+00:00,0.2966653021225315,1.18,1.2075,1.194862,1.19375,2509.76,ETH-25DEC26,0.6789000000000001,-0.97359,0.83675,0.0,0.0,0.02750000000000008,ETH,2484.26,0.0
2026-09-07T23:25:55.061738+00:00,ETH-30OCT26-2350-P,2495.54,ETH-30OCT26,put,2350.0,2026-10-30T08:00:00+00:00,0.14334565804313382,0.0485,0.0495,0.049133,0.049,2495.54,ETH-30OCT26,0.51,-0.3419,3.47015,657.0,0.0,0.0010000000000000009,ETH,2484.26,0.0
2026-09-07T23:25:55.061738+00:00,ETH-25SEP26-4200-C,2489.22,ETH-25SEP26,call,4200.0,2026-09-25T08:00:00+00:00,0.047520880493510276,0.0001,0.0002,0.000142,0.00015,2489.22,ETH-25SEP26,0.8362999999999999,0.00274,0.04569,2671.0,30.0,0.0001,ETH,2484.26,22.56
2026-09-07T23:25:55.061738+00:00,ETH-30OCT26-2700-P,2495.4,ETH-30OCT26,put,2700.0,2026-10-30T08:00:00+00:00,0.14334565804313382,0.1265,0.131,0.129317,0.12875,2495.4,ETH-30OCT26,0.5216,-0.61797,3.60416,126.0,0.0,0.004500000000000004,ETH,2484.27,0.0
2026-09-07T23:25:55.061738+00:00,ETH-11SEP26-2470-P,2484.89,ETH-11SEP26,put,2470.0,2026-09-11T08:00:00+00:00,0.00919096947366086,0.0135,0.0145,0.013941,0.014,2484.89,ETH-11SEP26,0.4391,-0.4356,0.93783,945.0,301.0,0.0010000000000000009,ETH,2484.26,10370.87
2026-09-07T23:25:55.061738+00:00,ETH-25JUN27-2800-P,2561.61,ETH-25JUN27,put,2800.0,2027-06-25T08:00:00+00:00,0.794954145380574,0.253,0.257,0.254738,0.255,2561.61,ETH-25JUN27,0.556,-0.4727,9.09321,667.0,0.0,0.0040000000000000036,ETH,2484.27,0.0
2026-09-07T23:25:55.061738+00:00,ETH-8SEP26-2580-C,2483.97,ETH-8SEP26,call,2580.0,2026-09-08T08:00:00+00:00,0.0009774171122645574,,0.0001,1.4e-05,,2483.97,ETH-8SEP26,0.4484,0.00337,0.00787,2227.0,1761.0,,ETH,2484.27,2743.78
2026-09-07T23:25:55.061738+00:00,ETH-27NOV26-2650-C,2503.06,ETH-27NOV26,call,2650.0,2026-11-27T08:00:00+00:00,0.22000548008283266,0.073,0.0745,0.073713,0.07375,2503.06,ETH-27NOV26,0.5223,0.45592,4.65611,320.0,6.0,0.0015000000000000013,ETH,2484.27,1146.77
2026-09-07T23:25:55.061738+00:00,ETH-25JUN27-2600-C,2561.61,ETH-25JUN27,call,2600.0,2027-06-25T08:00:00+00:00,0.794954145380574,0.1885,0.192,0.189995,0.19025,2561.61,ETH-25JUN27,0.5564,0.58633,8.90031,346.0,0.0,0.003500000000000003,ETH,2484.27,0.0
2026-09-07T23:25:55.061738+00:00,ETH-25JUN27-1300-P,2561.61,ETH-25JUN27,put,1300.0,2027-06-25T08:00:00+00:00,0.794954145380574,0.022,0.0235,0.022779,0.02275,2561.61,ETH-25JUN27,0.6403,-0.07034,3.07898,1679.0,1.0,0.0015000000000000013,ETH,2484.32,57.82
2026-09-07T23:25:55.061738+00:00,ETH-26MAR27-5500-P,2534.56,ETH-26MAR27,put,5500.0,2027-03-26T08:00:00+00:00,0.5458097237515528,1.1705,1.1925,1.182301,1.1815,2534.56,ETH-26MAR27,0.6181,-0.92885,2.54673,0.0,0.0,0.021999999999999797,ETH,2484.32,0.0
2026-09-07T23:25:55.061738+00:00,ETH-26MAR27-1400-C,2534.56,ETH-26MAR27,call,1400.0,2027-03-26T08:00:00+00:00,0.5458097237515528,0.4625,0.467,0.464774,0.46475,2534.56,ETH-26MAR27,0.6389,0.93229,2.45141,31.0,0.0,0.004500000000000004,ETH,2484.32,0.0
2026-09-07T23:25:55.061738+00:00,ETH-8SEP26-2650-P,2483.97,ETH-8SEP26,put,2650.0,2026-09-08T08:00:00+00:00,0.0009774171122645574,0.0635,0.0705,0.066894,0.067,2483.97,ETH-8SEP26,0.6032,-0.9997,0.00085,0.0,0.0,0.006999999999999992,ETH,2484.27,0.0
2026-09-07T23:25:55.061738+00:00,ETH-8SEP26-2600-C,2483.97,ETH-8SEP26,call,2600.0,2026-09-08T08:00:00+00:00,0.0009774171122645574,,0.0001,1.6e-05,,2483.97,ETH-8SEP26,0.5341,0.00311,0.00732,886.0,1128.0,,ETH,2484.32,1554.23
2026-09-07T23:25:55.061738+00:00,ETH-25JUN27-2400-P,2561.58,ETH-25JUN27,put,2400.0,2027-06-25T08:00:00+00:00,0.794954145380574,0.159,0.162,0.160288,0.1605,2561.58,ETH-25JUN27,0.5577000000000001,-0.35208,8.48066,38.0,0.0,0.0030000000000000027,ETH,2484.32,0.0
2026-09-07T23:25:55.061738+00:00,ETH-10SEP26-2320-C,2484.51,ETH-10SEP26,call,2320.0,2026-09-10T08:00:00+00:00,0.006453118686528761,0.0655,0.07,0.067128,0.06775,2484.51,ETH-10SEP26,0.5287,0.94886,0.20952,0.0,0.0,0.004500000000000004,ETH,2484.32,0.0
2026-09-07T23:25:55.061738+00:00,ETH-9SEP26-2100-C,2484.42,ETH-9SEP26,call,2100.0,2026-09-09T08:00:00+00:00,0.0037152678993966587,0.153,0.157,0.154684,0.155,2484.42,ETH-9SEP26,0.8898,0.99912,0.00453,0.0,0.0,0.0040000000000000036,ETH,2484.32,0.0
2026-09-07T23:25:55.061738+00:00,ETH-25SEP26-1950-C,2489.08,ETH-25SEP26,call,1950.0,2026-09-25T08:00:00+00:00,0.047520880493510276,0.2165,0.2205,0.218274,0.2185,2489.08,ETH-25SEP26,0.6217,0.96914,0.37802,3695.0,1.0,0.0040000000000000036,ETH,2484.32,549.66
2026-09-07T23:25:55.061738+00:00,ETH-10SEP26-2800-P,2484.51,ETH-10SEP26,put,2800.0,2026-09-10T08:00:00+00:00,0.006453118686528761,0.124,0.131,0.127144,0.1275,2484.51,ETH-10SEP26,0.6224000000000001,-0.99105,0.04827,0.0,0.0,0.007000000000000006,ETH,2484.32,0.0
2026-09-07T23:25:55.061738+00:00,ETH-9SEP26-2380-C,2484.42,ETH-9SEP26,call,2380.0,2026-09-09T08:00:00+00:00,0.0037152678993966587,0.041,0.045,0.04291,0.043,2484.42,ETH-9SEP26,0.4851,0.92874,0.20597,0.0,0.0,0.003999999999999997,ETH,2484.32,0.0
2026-09-07T23:25:55.061738+00:00,ETH-27NOV26-1600-C,2503.06,ETH-27NOV26,call,1600.0,2026-11-27T08:00:00+00:00,0.22000548008283266,0.366,0.3695,0.367754,0.36775,2503.06,ETH-27NOV26,0.6372,0.95011,1.20892,0.0,0.0,0.003500000000000003,ETH,2484.32,0.0
2026-09-07T23:25:55.061738+00:00,ETH-10SEP26-2500-C,2484.51,ETH-10SEP26,call,2500.0,2026-09-10T08:00:00+00:00,0.006453118686528761,0.0105,0.0115,0.010862,0.011,2484.51,ETH-10SEP26,0.42810000000000004,0.43527,0.78553,10.0,10.0,0.0009999999999999992,ETH,2484.39,362.34
2026-09-07T23:25:55.061738+00:00,ETH-26MAR27-1600-P,2534.56,ETH-26MAR27,put,1600.0,2027-03-26T08:00:00+00:00,0.5458097237515528,0.0265,0.0285,0.027455,0.0275,2534.56,ETH-26MAR27,0.6042000000000001,-0.10499,3.40602,1520.0,0.0,0.0020000000000000018,ETH,2484.39,0.0
2026-09-07T23:25:55.061738+00:00,ETH-8SEP26-2520-C,2483.97,ETH-8SEP26,call,2520.0,2026-09-08T08:00:00+00:00,0.0009774171122645574,0.0004,0.0006,0.000453,0.0005,2483.97,ETH-8SEP26,0.3454,0.09203,0.12775,1643.0,1022.0,0.00019999999999999993,ETH,2484.39,3853.47
2026-09-07T23:25:55.061738+00:00,ETH-9SEP26-2350-C,2484.42,ETH-9SEP26,call,2350.0,2026-09-09T08:00:00+00:00,0.0037152678993966587,0.051,0.0575,0.054546,0.05425,2484.42,ETH-9SEP26,0.5229,0.96101,0.12772,0.0,0.0,0.006500000000000006,ETH,2484.39,0.0
2026-09-07T23:25:55.061738+00:00,ETH-25JUN27-3800-C,2561.61,ETH-25JUN27,call,3800.0,2027-06-25T08:00:00+00:00,0.794954145380574,0.0745,0.0765,0.075373,0.0755,2561.61,ETH-25JUN27,0.5672999999999999,0.29942,7.93791,436.0,0.0,0.0020000000000000018,ETH,2484.64,0.0
2026-09-07T23:25:55.061738+00:00,ETH-27NOV26-2800-C,2503.06,ETH-27NOV26,call,2800.0,2026-11-27T08:00:00+00:00,0.22000548008283266,0.055,0.0565,0.055694,0.05575,2503.06,ETH-27NOV26,0.5288,0.37142,4.43935,237.0,0.0,0.0015000000000000013,ETH,2484.39,0.0
2026-09-07T23:25:55.061738+00:00,ETH-30OCT26-1500-C,2495.54,ETH-30OCT26,call,1500.0,2026-10-30T08:00:00+00:00,0.14334565804313382,0.3995,0.403,0.400881,0.40125,2495.54,ETH-30OCT26,0.6917,0.98098,0.43857,50.0,0.0,0.003500000000000003,ETH,2484.64,0.0
2026-09-07T23:25:55.061738+00:00,ETH-25DEC26-2500-C,2509.76,ETH-25DEC26,call,2500.0,2026-12-25T08:00:00+00:00,0.2966653021225315,0.1145,0.1155,0.114856,0.115,2509.76,ETH-25DEC26,0.5223,0.56206,5.38949,28731.0,173.0,0.0010000000000000009,ETH,2484.64,51303.43
2026-09-07T23:25:55.061738+00:00,ETH-10SEP26-2540-P,2484.51,ETH-10SEP26,put,2540.0,2026-09-10T08:00:00+00:00,0.006453118686528761,0.026,0.03,0.028292,0.028,2484.51,ETH-10SEP26,0.4461,-0.72478,0.66607,0.0,0.0,0.004,ETH,2484.64,0.0
2026-09-07T23:25:55.061738+00:00,ETH-30OCT26-2800-C,2495.4,ETH-30OCT26,call,2800.0,2026-10-30T08:00:00+00:00,0.14334565804313382,0.037,0.038,0.037247,0.0375,2495.4,ETH-30OCT26,0.5295000000000001,0.31786,3.37028,4044.0,5.0,0.0010000000000000009,ETH,2484.64,470.56
2026-09-07T23:25:55.061738+00:00,ETH-10SEP26-2320-P,2484.51,ETH-10SEP26,put,2320.0,2026-09-10T08:00:00+00:00,0.006453118686528761,0.0008,0.0011,0.000925,0.00095,2484.51,ETH-10SEP26,0.5287,-0.05101,0.20912,2.0,2.0,0.00030000000000000003,ETH,2484.64,5.93
2026-09-07T23:25:55.061738+00:00,ETH-26MAR27-2400-P,2534.56,ETH-26MAR27,put,2400.0,2027-03-26T08:00:00+00:00,0.5458097237515528,0.1295,0.1325,0.130985,0.131,2534.56,ETH-26MAR27,0.5476,-0.36784,7.06005,523.0,0.0,0.0030000000000000027,ETH,2484.68,0.0
2026-09-07T23:25:55.061738+00:00,ETH-27NOV26-2350-P,2503.06,ETH-27NOV26,put,2350.0,2026-11-27T08:00:00+00:00,0.22000548008283266,0.0665,0.0675,0.0669,0.067,2503.06,ETH-27NOV26,0.5212,-0.35197,4.35867,150.0,0.0,0.0010000000000000009,ETH,2484.64,0.0
2026-09-07T23:25:55.061738+00:00,ETH-25DEC26-6000-P,2509.76,ETH-25DEC26,put,6000.0,2026-12-25T08:00:00+00:00,0.2966653021225315,1.376,1.407,1.39313,1.3915,2509.76,ETH-25DEC26,0.7044,-0.98117,0.62899,50.0,50.0,0.03100000000000014,ETH,2484.64,173433.63
2026-09-07T23:25:55.061738+00:00,ETH-26MAR27-1700-C,2534.56,ETH-26MAR27,call,1700.0,2027-03-26T08:00:00+00:00,0.5458097237515528,0.361,0.3655,0.363677,0.36325,2534.56,ETH-26MAR27,0.5907,0.8715,3.93147,1256.0,0.0,0.004500000000000004,ETH,2484.68,0.0
2026-09-07T23:25:55.061738+00:00,ETH-10SEP26-2100-C,2484.51,ETH-10SEP26,call,2100.0,2026-09-10T08:00:00+00:00,0.006453118686528761,0.1535,0.1575,0.154985,0.1555,2484.51,ETH-10SEP26,0.9031999999999999,0.99074,0.04972,0.0,0.0,0.0040000000000000036,ETH,2484.68,0.0
2026-09-07T23:25:55.061738+00:00,ETH-25JUN27-1000-P,2561.61,ETH-25JUN27,put,1000.0,2027-06-25T08:00:00+00:00,0.794954145380574,0.0105,0.012,0.011253,0.01125,2561.61,ETH-25JUN27,0.7055,-0.03517,1.7727,4810.0,0.0,0.0014999999999999996,ETH,2484.68,0.0
2026-09-07T23:25:55.061738+00:00,ETH-8SEP26-2700-C,2483.97,ETH-8SEP26,call,2700.0,2026-09-08T08:00:00+00:00,0.0009774171122645574,,0.0001,0.0,,2483.97,ETH-8SEP26,0.6486,2e-05,7e-05,309.0,127.0,,ETH,2484.68,36.76
2026-09-07T23:25:55.061738+00:00,ETH-27NOV26-2400-P,2503.06,ETH-27NOV26,put,2400.0,2026-11-27T08:00:00+00:00,0.22000548008283266,0.0755,0.0765,0.075917,0.076,2503.06,ETH-27NOV26,0.5199,-0.38421,4.48668,270.0,0.0,0.0010000000000000009,ETH,2484.68,0.0
2026-09-07T23:25:55.061738+00:00,ETH-25SEP26-2000-P,2489.08,ETH-25SEP26,put,2000.0,2026-09-25T08:00:00+00:00,0.047520880493510276,0.0021,0.0024,0.002265,0.00225,2489.08,ETH-25SEP26,0.5986,-0.0407,0.47437,21039.0,1.0,0.0002999999999999999,ETH,2484.68,6.03
2026-09-07T23:25:55.061738+00:00,ETH-9SEP26-2460-C,2484.42,ETH-9SEP26,call,2460.0,2026-09-09T08:00:00+00:00,0.0037152678993966587,0.0135,0.0175,0.015434,0.0155,2484.42,ETH-9SEP26,0.4047,0.662,0.55328,9.0,10.0,0.004000000000000002,ETH,2484.68,464.76
2026-09-07T23:25:55.061738+00:00,ETH-30OCT26-2550-P,2495.54,ETH-30OCT26,put,2550.0,2026-10-30T08:00:00+00:00,0.14334565804313382,0.0885,0.09,0.089536,0.08925,2495.54,ETH-30OCT26,0.5121,-0.50553,3.77045,726.0,1.0,0.0015000000000000013,ETH,2484.66,216.24
2026-09-07T23:25:55.061738+00:00,ETH-25DEC26-1400-P,2509.76,ETH-25DEC26,put,1400.0,2026-12-25T08:00:00+00:00,0.2966653021225315,0.0055,0.0065,0.006,0.006,2509.76,ETH-25DEC26,0.6637000000000001,-0.03631,1.08901,13607.0,4.0,0.001,ETH,2484.66,55.23
2026-09-07T23:25:55.061738+00:00,ETH-30OCT26-2000-C,2495.54,ETH-30OCT26,call,2000.0,2026-10-30T08:00:00+00:00,0.14334565804313382,0.2105,0.2145,0.21205,0.2125,2495.54,ETH-30OCT26,0.5474,0.87935,1.89799,753.0,0.0,0.0040000000000000036,ETH,2484.66,0.0
2026-09-07T23:25:55.061738+00:00,ETH-10SEP26-2420-C,2484.51,ETH-10SEP26,call,2420.0,2026-09-10T08:00:00+00:00,0.006453118686528761,0.029,0.033,0.030514,0.031,2484.51,ETH-10SEP26,0.4375,0.77971,0.59135,0.0,0.0,0.004,ETH,2484.66,0.0
2026-09-07T23:25:55.061738+00:00,ETH-27NOV26-2700-P,2503.06,ETH-27NOV26,put,2700.0,2026-11-27T08:00:00+00:00,0.22000548008283266,0.145,0.1465,0.145849,0.14575,2503.06,ETH-27NOV26,0.5241,-0.57333,4.60616,122.0,41.0,0.0015000000000000013,ETH,2484.66,14788.87
2026-09-07T23:25:55.061738+00:00,ETH-25SEP26-1800-P,2489.08,ETH-25SEP26,put,1800.0,2026-09-25T08:00:00+00:00,0.047520880493510276,0.0007,0.001,0.000844,0.00085,2489.08,ETH-25SEP26,0.7073999999999999,-0.01465,0.2014,12901.0,2.0,0.00030000000000000003,ETH,2484.66,4.76
2026-09-07T23:25:55.061738+00:00,ETH-10SEP26-2520-P,2484.65,ETH-10SEP26,put,2520.0,2026-09-10T08:00:00+00:00,0.006453118686528761,0.0215,0.0245,0.022332,0.023,2484.65,ETH-10SEP26,0.4351,-0.6495,0.73956,54.0,52.0,0.0030000000000000027,ETH,2484.66,2546.84
2026-09-07T23:25:55.061738+00:00,ETH-25DEC26-9000-P,2509.76,ETH-25DEC26,put,9000.0,2026-12-25T08:00:00+00:00,0.2966653021225315,2.5605,2.6095,2.586536,2.585,2509.76,ETH-25DEC26,0.7886,-0.99711,0.12099,0.0,0.0,0.04899999999999993,ETH,2484.66,0.0
2026-09-07T23:25:55.061738+00:00,ETH-25JUN27-3600-C,2561.58,ETH-25JUN27,call,3600.0,2027-06-25T08:00:00+00:00,0.794954145380574,0.086,0.0885,0.087099,0.08725,2561.58,ETH-25JUN27,0.564,0.33559,8.33046,206.0,1.0,0.0025000000000000022,ETH,2484.69,225.0
2026-09-07T23:25:55.061738+00:00,ETH-25JUN27-4800-C,2561.61,ETH-25JUN27,call,4800.0,2027-06-25T08:00:00+00:00,0.794954145380574,0.038,0.04,0.038951,0.039,2561.61,ETH-25JUN27,0.5854,0.17324,5.85258,142.0,0.0,0.0020000000000000018,ETH,2484.69,0.0
2026-09-07T23:25:55.061738+00:00,ETH-25JUN27-4000-P,2561.61,ETH-25JUN27,put,4000.0,2027-06-25T08:00:00+00:00,0.794954145380574,0.6185,0.6335,0.627038,0.626,2561.61,ETH-25JUN27,0.5706,-0.73269,7.51766,2.0,0.0,0.014999999999999902,ETH,2484.69,0.0
2026-09-07T23:25:55.061738+00:00,ETH-25DEC26-4600-C,2509.76,ETH-25DEC26,call,4600.0,2026-12-25T08:00:00+00:00,0.2966653021225315,0.0065,0.0075,0.006973,0.007,2509.76,ETH-25DEC26,0.627,0.05452,1.51084,11164.0,0.0,0.001,ETH,2484.69,0.0
2026-09-07T23:25:55.061738+00:00,ETH-8SEP26-2360-C,2483.97,ETH-8SEP26,call,2360.0,2026-09-08T08:00:00+00:00,0.0009774171122645574,0.0465,0.053,0.049873,0.04975,2483.97,ETH-8SEP26,0.5726,0.99807,0.00476,0.0,0.0,0.006499999999999999,ETH,2484.69,0.0
2026-09-07T23:25:55.061738+00:00,ETH-25DEC26-10000-P,2509.76,ETH-25DEC26,put,10000.0,2026-12-25T08:00:00+00:00,0.2966653021225315,2.9545,3.0095,2.984909,2.982,2509.76,ETH-25DEC26,0.8212,-0.99792,0.08978,0.0,0.0,0.05500000000000016,ETH,2484.69,0.0
2026-09-07T23:25:55.061738+00:00,ETH-26MAR27-3200-P,2534.56,ETH-26MAR27,put,3200.0,2027-03-26T08:00:00+00:00,0.5458097237515528,0.3375,0.3475,0.3427,0.3425,2534.56,ETH-26MAR27,0.5521,-0.64314,6.98767,20.0,0.0,0.009999999999999953,ETH,2484.7,0.0
2026-09-07T23:25:55.061738+00:00,ETH-26MAR27-2600-C,2534.56,ETH-26MAR27,call,2600.0,2027-03-26T08:00:00+00:00,0.5458097237515528,0.148,0.1505,0.149174,0.14925,2534.56,ETH-26MAR27,0.5454,0.55518,7.40248,3223.0,0.0,0.0025000000000000022,ETH,2484.7,0.0
2026-09-07T23:25:55.061738+00:00,ETH-25SEP26-2500-C,2489.22,ETH-25SEP26,call,2500.0,2026-09-25T08:00:00+00:00,0.047520880493510276,0.0405,0.0415,0.04089,0.041,2489.22,ETH-25SEP26,0.4941,0.50589,2.16535,23088.0,341.0,0.0010000000000000009,ETH,2484.7,37951.51
2026-09-07T23:25:55.061738+00:00,ETH-25JUN27-3300-P,2561.61,ETH-25JUN27,put,3300.0,2027-06-25T08:00:00+00:00,0.794954145380574,0.393,0.3995,0.397597,0.39625,2561.61,ETH-25JUN27,0.5605,-0.60116,8.82158,59.0,59.0,0.006500000000000006,ETH,2484.7,58086.98
2026-09-07T23:25:55.061738+00:00,ETH-18SEP26-2300-P,2486.93,ETH-18SEP26,put,2300.0,2026-09-18T08:00:00+00:00,0.028355924983585568,0.0075,0.0085,0.008041,0.008,2486.93,ETH-18SEP26,0.5072,-0.16878,1.05521,3535.0,5.0,0.0010000000000000009,ETH,2484.7,87.65
2026-09-07T23:25:55.061738+00:00,ETH-25JUN27-1700-C,2561.58,ETH-25JUN27,call,1700.0,2027-06-25T08:00:00+00:00,0.794954145380574,0.3855,0.391,0.388416,0.38825,2561.58,ETH-25JUN27,0.5886,0.85173,5.28676,676.0,0.0,0.005500000000000005,ETH,2484.7,0.0
2026-09-07T23:25:55.061738+00:00,ETH-25SEP26-2360-C,2489.22,ETH-25SEP26,call,2360.0,2026-09-25T08:00:00+00:00,0.047520880493510276,0.0715,0.075,0.072985,0.07325,2489.22,ETH-25SEP26,0.49700000000000005,0.70789,1.86444,240.0,0.0,0.003500000000000003,ETH,2484.7,0.0
2026-09-07T23:25:55.061738+00:00,ETH-25SEP26-2600-P,2489.08,ETH-25SEP26,put,2600.0,2026-09-25T08:00:00+00:00,0.047520880493510276,0.0685,0.0725,0.070641,0.0705,2489.08,ETH-25SEP26,0.5049,-0.63292,2.04425,9379.0,0.0,0.00399999999999999,ETH,2484.7,0.0
2026-09-07T23:25:55.061738+00:00,ETH-10SEP26-2600-C,2484.51,ETH-10SEP26,call,2600.0,2026-09-10T08:00:00+00:00,0.006453118686528761,0.0023,0.0026,0.002416,0.00245,2484.51,ETH-10SEP26,0.4864,0.12736,0.41622,71.0,26.0,0.0002999999999999999,ETH,2484.7,246.58
2026-09-07T23:25:55.061738+00:00,ETH-27NOV26-2450-C,2503.06,ETH-27NOV26,call,2450.0,2026-11-27T08:00:00+00:00,0.22000548008283266,0.1065,0.1075,0.106831,0.107,2503.06,ETH-27NOV26,0.519,0.58315,4.58341,155.0,23.0,0.0010000000000000009,ETH,2484.7,6249.65
2026-09-07T23:25:55.061738+00:00,ETH-9SEP26-2480-P,2484.42,ETH-9SEP26,put,2480.0,2026-09-09T08:00:00+00:00,0.0037152678993966587,0.0085,0.0095,0.008999,0.009,2484.42,ETH-9SEP26,0.4046,-0.46449,0.60138,179.0,12.0,0.0009999999999999992,ETH,2484.7,221.25
2026-09-07T23:25:55.061738+00:00,ETH-11SEP26-2600-C,2484.75,ETH-11SEP26,call,2600.0,2026-09-11T08:00:00+00:00,0.00919096947366086,0.0041,0.0045,0.004328,0.0043,2484.75,ETH-11SEP26,0.4921,0.17516,0.61447,2739.0,467.0,0.0003999999999999993,ETH,2484.7,8282.37
2026-09-07T23:25:55.061738+00:00,ETH-10SEP26-2380-C,2484.65,ETH-10SEP26,call,2380.0,2026-09-10T08:00:00+00:00,0.006453118686528761,0.0425,0.047,0.044337,0.04475,2484.65,ETH-10SEP26,0.466,0.87931,0.40082,0.0,0.0,0.004499999999999997,ETH,2484.7,0.0
2026-09-07T23:25:55.061738+00:00,ETH-30OCT26-3800-C,2495.4,ETH-30OCT26,call,3800.0,2026-10-30T08:00:00+00:00,0.14334565804313382,0.0047,0.0055,0.00507,0.0051,2495.4,ETH-30OCT26,0.6419,0.05395,1.03555,646.0,187.0,0.0007999999999999995,ETH,2484.7,2184.87
2026-09-07T23:25:55.061738+00:00,ETH-25SEP26-2420-P,2489.08,ETH-25SEP26,put,2420.0,2026-09-25T08:00:00+00:00,0.047520880493510276,0.0295,0.0305,0.02985,0.03,2489.08,ETH-25SEP26,0.49310000000000004,-0.37564,2.0595,5115.0,0.0,0.0010000000000000009,ETH,2484.7,0.0
2026-09-07T23:25:55.061738+00:00,ETH-25DEC26-8000-C,2509.62,ETH-25DEC26,call,8000.0,2026-12-25T08:00:00+00:00,0.2966653021225315,0.0004,0.001,0.000664,0.0007,2509.62,ETH-25DEC26,0.7737,0.00555,0.21694,2942.0,0.0,0.0006000000000000001,ETH,2484.7,0.0
2026-09-07T23:25:55.061738+00:00,ETH-10SEP26-2900-C,2484.65,ETH-10SEP26,call,2900.0,2026-09-10T08:00:00+00:00,0.006453118686528761,,0.0001,5.9e-05,,2484.65,ETH-10SEP26,0.7053,0.00348,0.02086,80.0,40.0,,ETH,2484.68,49.97
2026-09-07T23:25:55.061738+00:00,ETH-25JUN27-1600-P,2561.61,ETH-25JUN27,put,1600.0,2027-06-25T08:00:00+00:00,0.794954145380574,0.042,0.044,0.042924,0.043,2561.61,ETH-25JUN27,0.5987,-0.12536,4.71346,1978.0,0.0,0.001999999999999995,ETH,2484.68,0.0
2026-09-07T23:25:55.061738+00:00,ETH-10SEP26-2250-P,2484.65,ETH-10SEP26,put,2250.0,2026-09-10T08:00:00+00:00,0.006453118686528761,0.0004,0.0006,0.000452,0.0005,2484.65,ETH-10SEP26,0.6291,-0.0234,0.11034,192.0,168.0,0.00019999999999999993,ETH,2484.68,367.04
2026-09-07T23:25:55.061738+00:00,ETH-18SEP26-2300-C,2486.79,ETH-18SEP26,call,2300.0,2026-09-18T08:00:00+00:00,0.028355924983585568,0.0815,0.0855,0.083143,0.0835,2486.79,ETH-18SEP26,0.5072,0.83122,1.05521,50.0,0.0,0.0040000000000000036,ETH,2484.68,0.0
2026-09-07T23:25:55.061738+00:00,ETH-25SEP26-2550-C,2489.22,ETH-25SEP26,call,2550.0,2026-09-25T08:00:00+00:00,0.047520880493510276,0.032,0.0335,0.03278,0.03275,2489.22,ETH-25SEP26,0.4993,0.43396,2.13585,277.0,0.0,0.0015000000000000013,ETH,2484.68,0.0
2026-09-07T23:25:55.061738+00:00,ETH-8SEP26-2100-P,2483.97,ETH-8SEP26,put,2100.0,2026-09-08T08:00:00+00:00,0.0009774171122645574,,0.0001,0.0,,2483.97,ETH-8SEP26,0.9014,0.0,0.0,3151.0,0.0,,ETH,2484.68,0.0
2026-09-07T23:25:55.061738+00:00,ETH-30OCT26-1900-C,2495.4,ETH-30OCT26,call,1900.0,2026-10-30T08:00:00+00:00,0.14334565804313382,0.246,0.2505,0.247611,0.24825,2495.4,ETH-30OCT26,0.5661999999999999,0.91607,1.45692,275.0,0.0,0.004500000000000004,ETH,2484.7,0.0
2026-09-07T23:25:55.061738+00:00,ETH-8SEP26-2640-P,2483.97,ETH-8SEP26,put,2640.0,2026-09-08T08:00:00+00:00,0.0009774171122645574,0.0595,0.0665,0.062868,0.063,2483.97,ETH-8SEP26,0.5847,-0.99956,0.00123,0.0,0.0,0.007000000000000006,ETH,2484.68,0.0
2026-09-07T23:25:55.061738+00:00,ETH-25DEC26-3100-P,2509.62,ETH-25DEC26,put,3100.0,2026-12-25T08:00:00+00:00,0.2966653021225315,0.277,0.2845,0.280083,0.28075,2509.62,ETH-25DEC26,0.5389,-0.71646,4.63149,0.0,0.0,0.007499999999999951,ETH,2484.68,0.0
2026-09-07T23:25:55.061738+00:00,ETH-9SEP26-2620-P,2484.42,ETH-9SEP26,put,2620.0,2026-09-09T08:00:00+00:00,0.0037152678993966587,0.052,0.059,0.055152,0.0555,2484.42,ETH-9SEP26,0.4987,-0.95806,0.13552,0.0,0.0,0.006999999999999999,ETH,2484.68,0.0
2026-09-07T23:25:55.061738+00:00,ETH-10SEP26-2540-C,2484.65,ETH-10SEP26,call,2540.0,2026-09-10T08:00:00+00:00,0.006453118686528761,0.0055,0.0065,0.005945,0.006,2484.65,ETH-10SEP26,0.4461,0.27642,0.66759,248.0,148.0,0.001,ETH,2484.7,2919.43
2026-09-07T23:25:55.061738+00:00,ETH-9SEP26-2480-C,2484.42,ETH-9SEP26,call,2480.0,2026-09-09T08:00:00+00:00,0.0037152678993966587,0.01,0.0115,0.010706,0.01075,2484.42,ETH-9SEP26,0.4046,0.53551,0.60138,525.0,526.0,0.0014999999999999996,ETH,2484.7,18292.62
2026-09-07T23:25:55.061738+00:00,ETH-25DEC26-6500-C,2509.62,ETH-25DEC26,call,6500.0,2026-12-25T08:00:00+00:00,0.2966653021225315,0.0015,0.002,0.001724,0.00175,2509.62,ETH-25DEC26,0.7286,0.01396,0.48678,1846.0,0.0,0.0005,ETH,2484.7,0.0
2026-09-07T23:25:55.061738+00:00,ETH-26MAR27-3800-C,2534.56,ETH-26MAR27,call,3800.0,2027-03-26T08:00:00+00:00,0.5458097237515528,0.044,0.046,0.044915,0.045,2534.56,ETH-26MAR27,0.5670000000000001,0.22465,5.61366,1401.0,0.0,0.0020000000000000018,ETH,2484.61,0.0
2026-09-07T23:25:55.061738+00:00,ETH-25SEP26-1500-P,2489.08,ETH-25SEP26,put,1500.0,2026-09-25T08:00:00+00:00,0.047520880493510276,0.0002,0.0003,0.00023,0.00025,2489.08,ETH-25SEP26,0.8972,-0.0036,0.05848,17057.0,48.0,9.999999999999996e-05,ETH,2484.7,35.99
2026-09-07T23:25:55.061738+00:00,ETH-25DEC26-2400-P,2509.62,ETH-25DEC26,put,2400.0,2026-12-25T08:00:00+00:00,0.2966653021225315,0.09,0.091,0.090609,0.0905,2509.62,ETH-25DEC26,0.5243,-0.38222,5.21621,4766.0,134.0,0.0010000000000000009,ETH,2484.7,30054.38
2026-09-07T23:25:55.061738+00:00,ETH-25SEP26-1950-P,2489.22,ETH-25SEP26,put,1950.0,2026-09-25T08:00:00+00:00,0.047520880493510276,0.0016,0.0019,0.001708,0.00175,2489.22,ETH-25SEP26,0.6217,-0.03076,0.37713,4381.0,6.0,0.0002999999999999999,ETH,2484.7,22.86
2026-09-07T23:25:55.061738+00:00,ETH-30OCT26-3200-P,2495.54,ETH-30OCT26,put,3200.0,2026-10-30T08:00:00+00:00,0.14334565804313382,0.2915,0.301,0.297231,0.29625,2495.54,ETH-30OCT26,0.5677,-0.85292,2.17496,2.0,0.0,0.009500000000000008,ETH,2484.61,0.0
2026-09-07T23:25:55.061738+00:00,ETH-8SEP26-2380-C,2483.97,ETH-8SEP26,call,2380.0,2026-09-08T08:00:00+00:00,0.0009774171122645574,0.0385,0.045,0.041852,0.04175,2483.97,ETH-8SEP26,0.5611999999999999,0.99316,0.01478,0.0,0.0,0.006499999999999999,ETH,2484.61,0.0
2026-09-07T23:25:55.061738+00:00,ETH-30OCT26-1400-P,2495.54,ETH-30OCT26,put,1400.0,2026-10-30T08:00:00+00:00,0.14334565804313382,0.0012,0.0016,0.00139,0.0014,2495.54,ETH-30OCT26,0.732,-0.01308,0.31804,2801.0,0.0,0.0004000000000000002,ETH,2484.61,0.0
2026-09-07T23:25:55.061738+00:00,ETH-8SEP26-2560-C,2483.97,ETH-8SEP26,call,2560.0,2026-09-08T08:00:00+00:00,0.0009774171122645574,,0.0001,2.4e-05,,2483.97,ETH-8SEP26,0.38530000000000003,0.00638,0.01389,629.0,856.0,,ETH,2484.61,1850.74
2026-09-07T23:25:55.061738+00:00,ETH-26MAR27-2300-P,2534.56,ETH-26MAR27,put,2300.0,2027-03-26T08:00:00+00:00,0.5458097237515528,0.11,0.1125,0.111467,0.11125,2534.56,ETH-26MAR27,0.5493,-0.32905,6.77662,1688.0,0.0,0.0025000000000000022,ETH,2484.61,0.0
2026-09-07T23:25:55.061738+00:00,ETH-26MAR27-1700-P,2534.56,ETH-26MAR27,put,1700.0,2027-03-26T08:00:00+00:00,0.5458097237515528,0.0335,0.0355,0.034439,0.0345,2534.56,ETH-26MAR27,0.5907,-0.12851,3.93164,1637.0,0.0,0.001999999999999995,ETH,2484.61,0.0
2026-09-07T23:25:55.061738+00:00,ETH-10SEP26-2400-C,2484.51,ETH-10SEP26,call,2400.0,2026-09-10T08:00:00+00:00,0.006453118686528761,0.035,0.04,0.037199,0.0375,2484.51,ETH-10SEP26,0.4493,0.83692,0.49165,14.0,14.0,0.0049999999999999975,ETH,2484.61,1324.81
2026-09-07T23:25:55.061738+00:00,ETH-27NOV26-3100-P,2503.06,ETH-27NOV26,put,3100.0,2026-11-27T08:00:00+00:00,0.22000548008283266,0.2665,0.2755,0.270871,0.271,2503.06,ETH-27NOV26,0.5478999999999999,-0.75898,3.65961,0.0,0.0,0.009000000000000008,ETH,2484.61,0.0
2026-09-07T23:25:55.061738+00:00,ETH-9SEP26-2400-C,2484.42,ETH-9SEP26,call,2400.0,2026-09-09T08:00:00+00:00,0.0037152678993966587,0.0335,0.037,0.035356,0.03525,2484.42,ETH-9SEP26,0.4596,0.89462,0.27591,0.0,0.0,0.003499999999999996,ETH,2484.61,0.0
2026-09-07T23:25:55.061738+00:00,ETH-25SEP26-12000-C,2489.08,ETH-25SEP26,call,12000.0,2026-09-25T08:00:00+00:00,0.047520880493510276,,0.0001,1e-06,,2489.08,ETH-25SEP26,1.6338,1e-05,0.00027,1953.0,0.0,,ETH,2484.61,0.0
2026-09-07T23:25:55.061738+00:00,ETH-25JUN27-2900-P,2561.58,ETH-25JUN27,put,2900.0,2027-06-25T08:00:00+00:00,0.794954145380574,0.2795,0.284,0.281413,0.28175,2561.58,ETH-25JUN27,0.5566,-0.50053,9.11622,284.0,0.0,0.0044999999999999485,ETH,2484.61,0.0
2026-09-07T23:25:55.061738+00:00,ETH-30OCT26-2150-C,2495.4,ETH-30OCT26,call,2150.0,2026-10-30T08:00:00+00:00,0.14334565804313382,0.161,0.165,0.162492,0.163,2495.4,ETH-30OCT26,0.5242,0.80243,2.62673,1035.0,0.0,0.0040000000000000036,ETH,2484.52,0.0
2026-09-07T23:25:55.061738+00:00,ETH-25JUN27-4800-P,2561.61,ETH-25JUN27,put,4800.0,2027-06-25T08:00:00+00:00,0.794954145380574,0.9015,0.921,0.91286,0.91125,2561.61,ETH-25JUN27,0.5854,-0.8268,5.85149,0.0,0.0,0.019500000000000073,ETH,2484.52,0.0
2026-09-07T23:25:55.061738+00:00,ETH-25SEP26-2350-C,2489.08,ETH-25SEP26,call,2350.0,2026-09-25T08:00:00+00:00,0.047520880493510276,0.074,0.078,0.075792,0.076,2489.08,ETH-25SEP26,0.4982,0.72074,1.82496,0.0,0.0,0.0040000000000000036,ETH,2484.61,0.0
2026-09-07T23:25:55.061738+00:00,ETH-10SEP26-2440-P,2484.51,ETH-10SEP26,put,2440.0,2026-09-10T08:00:00+00:00,0.006453118686528761,0.006,0.007,0.006489,0.0065,2484.51,ETH-10SEP26,0.4285,-0.2925,0.68584,374.0,323.0,0.001,ETH,2484.52,5546.77
2026-09-07T23:25:55.061738+00:00,ETH-8SEP26-2380-P,2483.97,ETH-8SEP26,put,2380.0,2026-09-08T08:00:00+00:00,0.0009774171122645574,,0.0001,4.1e-05,,2483.97,ETH-8SEP26,0.5611999999999999,-0.0069,0.01488,663.0,493.0,,ETH,2484.52,282.62
2026-09-07T23:25:55.061738+00:00,ETH-25DEC26-1900-C,2509.76,ETH-25DEC26,call,1900.0,2026-12-25T08:00:00+00:00,0.2966653021225315,0.267,0.271,0.268815,0.269,2509.76,ETH-25DEC26,0.5600999999999999,0.85649,3.09514,3839.0,2.0,0.0040000000000000036,ETH,2484.52,1344.66
2026-09-07T23:25:55.061738+00:00,ETH-11SEP26-2250-P,2484.89,ETH-11SEP26,put,2250.0,2026-09-11T08:00:00+00:00,0.00919096947366086,0.0007,0.0011,0.000908,0.0009,2484.89,ETH-11SEP26,0.596,-0.0386,0.19943,5591.0,52.0,0.0004000000000000001,ETH,2484.52,121.3
2026-09-07T23:25:55.061738+00:00,ETH-30OCT26-2450-C,2495.54,ETH-30OCT26,call,2450.0,2026-10-30T08:00:00+00:00,0.14334565804313382,0.0855,0.0865,0.085752,0.086,2495.54,ETH-30OCT26,0.5105,0.57613,3.70173,420.0,1.0,0.000999999999999987,ETH,2484.52,219.29
2026-09-07T23:25:55.061738+00:00,ETH-11SEP26-2800-P,2484.75,ETH-11SEP26,put,2800.0,2026-09-11T08:00:00+00:00,0.00919096947366086,0.124,0.1315,0.127356,0.12775,2484.75,ETH-11SEP26,0.6125,-0.97736,0.12807,67.0,0.0,0.007500000000000007,ETH,2484.52,0.0
2026-09-07T23:25:55.061738+00:00,ETH-11SEP26-2200-P,2484.89,ETH-11SEP26,put,2200.0,2026-09-11T08:00:00+00:00,0.00919096947366086,0.0006,0.0008,0.000679,0.0007,2484.89,ETH-11SEP26,0.6704000000000001,-0.02695,0.14823,10111.0,712.0,0.0002000000000000001,ETH,2484.52,1218.05
2026-09-07T23:25:55.061738+00:00,ETH-30OCT26-1750-P,2495.54,ETH-30OCT26,put,1750.0,2026-10-30T08:00:00+00:00,0.14334565804313382,0.0048,0.0055,0.00516,0.00515,2495.54,ETH-30OCT26,0.609,-0.04907,0.96029,779.0,0.0,0.0007000000000000001,ETH,2484.41,0.0
2026-09-07T23:25:55.061738+00:00,ETH-9SEP26-2650-C,2484.42,ETH-9SEP26,call,2650.0,2026-09-09T08:00:00+00:00,0.0037152678993966587,0.0002,0.0004,0.000264,0.0003,2484.42,ETH-9SEP26,0.5242,0.0227,0.08154,81.0,43.0,0.0002,ETH,2484.52,96.39
2026-09-07T23:25:55.061738+00:00,ETH-25DEC26-1700-P,2509.62,ETH-25DEC26,put,1700.0,2026-12-25T08:00:00+00:00,0.2966653021225315,0.014,0.015,0.014528,0.0145,2509.62,ETH-25DEC26,0.5919,-0.08546,2.13643,13367.0,4.0,0.0009999999999999992,ETH,2484.41,136.69
2026-09-07T23:25:55.061738+00:00,ETH-18SEP26-3200-P,2486.79,ETH-18SEP26,put,3200.0,2026-09-18T08:00:00+00:00,0.028355924983585568,0.2835,0.292,0.287603,0.28775,2486.79,ETH-18SEP26,0.7016,-0.98095,0.19461,0.0,0.0,0.008500000000000008,ETH,2484.41,0.0
2026-09-07T23:25:55.061738+00:00,ETH-30OCT26-1500-P,2495.54,ETH-30OCT26,put,1500.0,2026-10-30T08:00:00+00:00,0.14334565804313382,0.0018,0.0022,0.001994,0.002,2495.54,ETH-30OCT26,0.6917,-0.01904,0.43887,2662.0,0.0,0.0004000000000000002,ETH,2484.41,0.0
2026-09-07T23:25:55.061738+00:00,ETH-25SEP26-2850-P,2489.08,ETH-25SEP26,put,2850.0,2026-09-25T08:00:00+00:00,0.047520880493510276,0.15,0.1575,0.15341,0.15375,2489.08,ETH-25SEP26,0.5518,-0.85653,1.22835,0.0,0.0,0.007500000000000007,ETH,2484.41,0.0
2026-09-07T23:25:55.061738+00:00,ETH-11SEP26-2000-C,2484.89,ETH-11SEP26,call,2000.0,2026-09-11T08:00:00+00:00,0.00919096947366086,0.1935,0.1975,0.195266,0.1955,2484.89,ETH-11SEP26,0.9179,0.99396,0.04073,19.0,0.0,0.0040000000000000036,ETH,2484.41,0.0
2026-09-07T23:25:55.061738+00:00,ETH-25DEC26-6000-C,2509.62,ETH-25DEC26,call,6000.0,2026-12-25T08:00:00+00:00,0.2966653021225315,0.0021,0.0026,0.00233,0.00235,2509.62,ETH-25DEC26,0.7044,0.01882,0.62881,10912.0,0.0,0.0005,ETH,2484.41,0.0
2026-09-07T23:25:55.061738+00:00,ETH-30OCT26-2800-P,2495.54,ETH-30OCT26,put,2800.0,2026-10-30T08:00:00+00:00,0.14334565804313382,0.156,0.161,0.159325,0.1585,2495.54,ETH-30OCT26,0.5295000000000001,-0.68228,3.3694,20.0,0.0,0.0050000000000000044,ETH,2484.23,0.0
2026-09-07T23:25:55.061738+00:00,ETH-8SEP26-2320-C,2483.97,ETH-8SEP26,call,2320.0,2026-09-08T08:00:00+00:00,0.0009774171122645574,0.063,0.069,0.065967,0.066,2483.97,ETH-8SEP26,0.5898,0.9999,0.0003,0.0,0.0,0.006000000000000005,ETH,2484.23,0.0
2026-09-07T23:25:55.061738+00:00,ETH-11SEP26-2600-P,2484.75,ETH-11SEP26,put,2600.0,2026-09-11T08:00:00+00:00,0.00919096947366086,0.048,0.0525,0.050711,0.05025,2484.75,ETH-11SEP26,0.4921,-0.82559,0.61272,332.0,47.0,0.004499999999999997,ETH,2484.23,6138.21
2026-09-07T23:25:55.061738+00:00,ETH-25JUN27-800-C,2561.61,ETH-25JUN27,call,800.0,2027-06-25T08:00:00+00:00,0.794954145380574,0.6925,0.6955,0.693918,0.694,2561.61,ETH-25JUN27,0.7569,0.98037,1.0889,118.0,0.0,0.0030000000000000027,ETH,2484.23,0.0
2026-09-07T23:25:55.061738+00:00,ETH-27NOV26-4600-P,2503.2,ETH-27NOV26,put,4600.0,2026-11-27T08:00:00+00:00,0.22000548008283266,0.833,0.8505,0.841973,0.84175,2503.2,ETH-27NOV26,0.667,-0.96314,0.94661,0.0,0.0,0.01750000000000007,ETH,2484.23,0.0
