timestamp,instrument_name,underlying,underlying_name,option_type,strike,expiry_datetime,time_to_maturity,bid_price,ask_price,mark_price,mid_price,futures_price,futures_instrument_name,implied_volatility,delta,vega,open_interest,volume,bid_ask_spread,currency,index_price,volume_usd
2026-09-06T07:50:16.801142+00:00,BTC-25DEC26-95000-P,80916.53,BTC-25DEC26,put,95000.0,2026-12-25T08:00:00+00:00,0.3011820670411565,0.201,0.2125,0.20627349,0.20675,80916.53,BTC-25DEC26,0.4004,-0.73241,146.22123,110.6,0.2,0.011499999999999982,BTC,79848.83,3287.99
2026-09-06T07:50:16.801142+00:00,BTC-27NOV26-81000-P,80606.74,BTC-27NOV26,put,81000.0,2026-11-27T08:00:00+00:00,0.22452224500145768,0.075,0.0765,0.07594895,0.07575,80606.74,BTC-27NOV26,0.3882,-0.47387,152.0993,21.3,0.8,0.0015000000000000013,BTC,79848.83,4907.27
2026-09-06T07:50:16.801142+00:00,BTC-11SEP26-72000-C,79845.35,BTC-11SEP26,call,72000.0,2026-09-11T08:00:00+00:00,0.013707734392285852,0.0965,0.1015,0.0987683,0.099,79845.35,BTC-11SEP26,0.4562,0.97513,5.44189,147.8,0.0,0.0050000000000000044,BTC,79848.83,0.0
2026-09-06T07:50:16.801142+00:00,BTC-25SEP26-125000-P,79950.87,BTC-25SEP26,put,125000.0,2026-09-25T08:00:00+00:00,0.05203764541213527,0.5595,0.568,0.5635981,0.56375,79950.87,BTC-25SEP26,0.6959000000000001,-0.99688,1.73075,21.7,0.0,0.008499999999999952,BTC,79848.83,0.0
2026-09-06T07:50:16.801142+00:00,BTC-11SEP26-65000-C,79845.35,BTC-11SEP26,call,65000.0,2026-09-11T08:00:00+00:00,0.013707734392285852,0.183,0.1885,0.18596179,0.18575,79845.35,BTC-11SEP26,0.6062,0.99832,0.50586,0.0,0.0,0.005500000000000005,BTC,79848.83,0.0
2026-09-06T07:50:16.801142+00:00,BTC-25JUN27-55000-P,82771.19,BTC-25JUN27,put,55000.0,2027-06-25T08:00:00+00:00,0.7994709102991989,0.0275,0.0295,0.02847435,0.0285,82771.19,BTC-25JUN27,0.4632,-0.11629,144.84426,35.6,0.0,0.0019999999999999983,BTC,79848.6,0.0
2026-09-06T07:50:16.801142+00:00,BTC-6SEP26-75000-P,79837.29,BTC-6SEP26,put,75000.0,2026-09-06T08:00:00+00:00,1.84804566253454e-05,,0.0001,0.0,,79837.29,BTC-6SEP26,0.397,0.0,0.0,44.6,0.0,,BTC,79848.6,0.0
2026-09-06T07:50:16.801142+00:00,BTC-26MAR27-96000-C,81829.27,BTC-26MAR27,call,96000.0,2027-03-26T08:00:00+00:00,0.5503264886701777,0.061,0.0625,0.06183133,0.06175,81829.27,BTC-26MAR27,0.4083,0.35357,225.75033,141.6,0.0,0.0015000000000000013,BTC,79848.6,0.0
2026-09-06T07:50:16.801142+00:00,BTC-30OCT26-60000-C,80289.58,BTC-30OCT26,call,60000.0,2026-10-30T08:00:00+00:00,0.14786242296175883,0.253,0.259,0.25645592,0.256,80289.58,BTC-30OCT26,0.47600000000000003,0.95376,29.92053,16.5,0.0,0.006000000000000005,BTC,79848.6,0.0
2026-09-06T07:50:16.801142+00:00,BTC-30OCT26-76000-P,80290.07,BTC-30OCT26,put,76000.0,2026-10-30T08:00:00+00:00,0.14786242296175883,0.033,0.034,0.03347174,0.0335,80290.07,BTC-30OCT26,0.37670000000000003,-0.32584,111.27461,101.8,0.1,0.0010000000000000009,BTC,79848.6,267.81
2026-09-06T07:50:16.801142+00:00,BTC-30OCT26-45000-C,80289.58,BTC-30OCT26,call,45000.0,2026-10-30T08:00:00+00:00,0.14786242296175883,0.438,0.4425,0.44033595,0.44025,80289.58,BTC-30OCT26,0.6683,0.99137,7.23913,0.1,0.0,0.004500000000000004,BTC,79848.6,0.0
2026-09-06T07:50:16.801142+00:00,BTC-30OCT26-66000-C,80289.58,BTC-30OCT26,call,66000.0,2026-10-30T08:00:00+00:00,0.14786242296175883,0.1825,0.189,0.18596117,0.18575,80289.58,BTC-30OCT26,0.42,0.90215,53.34636,89.5,0.0,0.006500000000000006,BTC,79848.71,0.0
2026-09-06T07:50:16.801142+00:00,BTC-25DEC26-70000-P,80916.53,BTC-25DEC26,put,70000.0,2026-12-25T08:00:00+00:00,0.3011820670411565,0.0315,0.033,0.03231821,0.03225,80916.53,BTC-25DEC26,0.40740000000000004,-0.22368,132.78533,1501.2,0.0,0.0015000000000000013,BTC,79848.71,0.0
2026-09-06T07:50:16.801142+00:00,BTC-30OCT26-58000-C,80289.58,BTC-30OCT26,call,58000.0,2026-10-30T08:00:00+00:00,0.14786242296175883,0.277,0.2835,0.28064833,0.28025,80289.58,BTC-30OCT26,0.49950000000000006,0.96317,24.88079,0.0,0.0,0.00649999999999995,BTC,79848.71,0.0
2026-09-06T07:50:16.801142+00:00,BTC-30OCT26-90000-C,80289.58,BTC-30OCT26,call,90000.0,2026-10-30T08:00:00+00:00,0.14786242296175883,0.02,0.021,0.02053924,0.0205,80289.58,BTC-30OCT26,0.3911,0.24708,97.53184,2672.8,29.5,0.0010000000000000009,BTC,79848.71,48472.58
2026-09-06T07:50:16.801142+00:00,BTC-27NOV26-98000-C,80606.52,BTC-27NOV26,call,98000.0,2026-11-27T08:00:00+00:00,0.22452224500145768,0.017,0.018,0.01765824,0.0175,80606.52,BTC-27NOV26,0.4103,0.18211,100.9925,51.3,1.1,0.0009999999999999974,BTC,79848.72,1532.93
2026-09-06T07:50:16.801142+00:00,BTC-25DEC26-125000-C,80916.53,BTC-25DEC26,call,125000.0,2026-12-25T08:00:00+00:00,0.3011820670411565,0.0055,0.0065,0.00599694,0.006,80916.53,BTC-25DEC26,0.4694,0.05951,52.57905,559.4,0.0,0.001,BTC,79848.72,0.0
2026-09-06T07:50:16.801142+00:00,BTC-25JUN27-40000-P,82771.19,BTC-25JUN27,put,40000.0,2027-06-25T08:00:00+00:00,0.7994709102991989,0.009,0.0105,0.00972475,0.00975,82771.19,BTC-25JUN27,0.5427000000000001,-0.04086,64.91361,1213.0,0.1,0.0015000000000000013,BTC,79848.72,83.73
2026-09-06T07:50:16.801142+00:00,BTC-8SEP26-75000-P,79832.0,BTC-8SEP26,put,75000.0,2026-09-08T08:00:00+00:00,0.005494182030889547,0.0003,0.0005,0.00031344,0.0004,79832.0,BTC-8SEP26,0.4347,-0.02543,3.50958,1.6,0.1,0.00020000000000000004,BTC,79848.72,3.19
2026-09-06T07:50:16.801142+00:00,BTC-25SEP26-140000-C,79950.87,BTC-25SEP26,call,140000.0,2026-09-25T08:00:00+00:00,0.05203764541213527,,0.0002,3.779e-05,,79950.87,BTC-25SEP26,0.7598999999999999,0.00083,0.5195,1210.3,0.0,,BTC,79848.72,0.0
2026-09-06T07:50:16.801142+00:00,BTC-30OCT26-94000-P,80289.58,BTC-30OCT26,put,94000.0,2026-10-30T08:00:00+00:00,0.14786242296175883,0.1805,0.19,0.18428091,0.18525,80289.58,BTC-30OCT26,0.4032,-0.8261,79.29407,0.0,0.0,0.009500000000000008,BTC,79848.72,0.0
2026-09-06T07:50:16.801142+00:00,BTC-18SEP26-95000-P,79910.85,BTC-18SEP26,put,95000.0,2026-09-18T08:00:00+00:00,0.03287268990221056,0.1865,0.194,0.18979674,0.19025,79910.85,BTC-18SEP26,0.49219999999999997,-0.9708,9.64371,0.0,0.0,0.007500000000000007,BTC,79848.72,0.0
2026-09-06T07:50:16.801142+00:00,BTC-25DEC26-100000-C,80916.27,BTC-25DEC26,call,100000.0,2026-12-25T08:00:00+00:00,0.3011820670411565,0.0225,0.0235,0.02304877,0.023,80916.27,BTC-25DEC26,0.4089,0.20299,125.47641,6018.4,0.3,0.0010000000000000009,BTC,79848.79,525.99
2026-09-06T07:50:16.801142+00:00,BTC-8SEP26-81000-C,79831.36,BTC-8SEP26,call,81000.0,2026-09-08T08:00:00+00:00,0.005494182030889547,0.0038,0.0041,0.00398341,0.00395,79831.36,BTC-8SEP26,0.3212,0.27485,19.74683,111.0,15.8,0.00030000000000000035,BTC,79848.72,5256.44
2026-09-06T07:50:16.801142+00:00,BTC-26MAR27-62000-P,81829.27,BTC-26MAR27,put,62000.0,2027-03-26T08:00:00+00:00,0.5503264886701777,0.0295,0.031,0.03025752,0.03025,81829.27,BTC-26MAR27,0.4357,-0.15389,144.0146,260.1,0.0,0.0015000000000000013,BTC,79848.79,0.0
2026-09-06T07:50:16.801142+00:00,BTC-25SEP26-102000-P,79950.87,BTC-25SEP26,put,102000.0,2026-09-25T08:00:00+00:00,0.05203764541213527,0.273,0.281,0.27667802,0.277,79950.87,BTC-25SEP26,0.5128,-0.97845,9.41111,0.4,0.0,0.008000000000000007,BTC,79848.79,0.0
2026-09-06T07:50:16.801142+00:00,BTC-9SEP26-86000-P,79840.02,BTC-9SEP26,put,86000.0,2026-09-09T08:00:00+00:00,0.008232032818021649,0.075,0.081,0.07767614,0.078,79840.02,BTC-9SEP26,0.4422,-0.96647,5.40529,0.0,0.0,0.006000000000000005,BTC,79848.8,0.0
2026-09-06T07:50:16.801142+00:00,BTC-27NOV26-80000-C,80606.52,BTC-27NOV26,call,80000.0,2026-11-27T08:00:00+00:00,0.22452224500145768,0.0765,0.0775,0.07708056,0.077,80606.52,BTC-27NOV26,0.38939999999999997,0.553,151.07978,815.2,7.2,0.0010000000000000009,BTC,79848.8,44378.49
2026-09-06T07:50:16.801142+00:00,BTC-9SEP26-75000-C,79840.02,BTC-9SEP26,call,75000.0,2026-09-09T08:00:00+00:00,0.008232032818021649,0.0585,0.0635,0.06124022,0.061,79840.02,BTC-9SEP26,0.40130000000000005,0.95866,6.41391,0.0,0.0,0.0049999999999999975,BTC,79848.8,0.0
2026-09-06T07:50:16.801142+00:00,BTC-11SEP26-76000-C,79845.35,BTC-11SEP26,call,76000.0,2026-09-11T08:00:00+00:00,0.013707734392285852,0.047,0.0535,0.05071845,0.05025,79845.35,BTC-11SEP26,0.36469999999999997,0.88039,18.66375,103.8,0.0,0.006499999999999999,BTC,79848.8,0.0
2026-09-06T07:50:16.801142+00:00,BTC-25JUN27-94000-P,82771.4,BTC-25JUN27,put,94000.0,2027-06-25T08:00:00+00:00,0.7994709102991989,0.2325,0.238,0.2349224,0.23525,82771.4,BTC-25JUN27,0.4174,-0.56122,291.86879,0.1,0.0,0.005499999999999977,BTC,79848.8,0.0
2026-09-06T07:50:16.801142+00:00,BTC-27NOV26-92000-C,80606.74,BTC-27NOV26,call,92000.0,2026-11-27T08:00:00+00:00,0.22452224500145768,0.028,0.0295,0.02879429,0.02875,80606.74,BTC-27NOV26,0.3987,0.27256,126.92888,52.1,0.0,0.0014999999999999979,BTC,79848.91,0.0
2026-09-06T07:50:16.801142+00:00,BTC-25DEC26-58000-P,80916.53,BTC-25DEC26,put,58000.0,2026-12-25T08:00:00+00:00,0.3011820670411565,0.009,0.0105,0.00976735,0.00975,80916.53,BTC-25DEC26,0.46590000000000004,-0.07641,63.77763,1834.3,0.0,0.0015000000000000013,BTC,79848.8,0.0
2026-09-06T07:50:16.801142+00:00,BTC-11SEP26-81000-P,79844.85,BTC-11SEP26,put,81000.0,2026-09-11T08:00:00+00:00,0.013707734392285852,0.0245,0.026,0.02504471,0.02525,79844.85,BTC-11SEP26,0.3578,-0.62619,35.42532,162.9,0.2,0.0014999999999999979,BTC,79848.8,425.94
2026-09-06T07:50:16.801142+00:00,BTC-18SEP26-86000-P,79911.34,BTC-18SEP26,put,86000.0,2026-09-18T08:00:00+00:00,0.03287268990221056,0.08,0.087,0.08271819,0.0835,79911.34,BTC-18SEP26,0.40880000000000005,-0.8298,36.70418,0.0,0.0,0.006999999999999992,BTC,79848.8,0.0
2026-09-06T07:50:16.801142+00:00,BTC-30OCT26-100000-P,80289.58,BTC-30OCT26,put,100000.0,2026-10-30T08:00:00+00:00,0.14786242296175883,0.249,0.2595,0.25299367,0.25425,80289.58,BTC-30OCT26,0.4243,-0.89681,55.45601,0.3,0.0,0.01050000000000001,BTC,79848.91,0.0
2026-09-06T07:50:16.801142+00:00,BTC-11SEP26-85000-P,79844.85,BTC-11SEP26,put,85000.0,2026-09-11T08:00:00+00:00,0.013707734392285852,0.064,0.07,0.06680009,0.067,79844.85,BTC-11SEP26,0.41,-0.89948,16.4748,32.4,0.6,0.006000000000000005,BTC,79848.91,3100.19
2026-09-06T07:50:16.801142+00:00,BTC-25DEC26-220000-C,80916.27,BTC-25DEC26,call,220000.0,2026-12-25T08:00:00+00:00,0.3011820670411565,0.0003,0.0007,0.00046953,0.0005,80916.27,BTC-25DEC26,0.6545000000000001,0.00461,5.96905,254.0,0.0,0.0004,BTC,79848.91,0.0
2026-09-06T07:50:16.801142+00:00,BTC-26MAR27-80000-C,81829.27,BTC-26MAR27,call,80000.0,2027-03-26T08:00:00+00:00,0.5503264886701777,0.1285,0.1305,0.12958354,0.1295,81829.27,BTC-26MAR27,0.4048,0.5892,236.17792,1062.6,0.0,0.0020000000000000018,BTC,79848.91,0.0
2026-09-06T07:50:16.801142+00:00,BTC-25SEP26-175000-P,79950.87,BTC-25SEP26,put,175000.0,2026-09-25T08:00:00+00:00,0.05203764541213527,1.182,1.1985,1.18884,1.19025,79950.87,BTC-25SEP26,0.89,-0.99991,0.06301,3.3,0.0,0.01649999999999996,BTC,79848.91,0.0
2026-09-06T07:50:16.801142+00:00,BTC-25SEP26-77000-C,79950.87,BTC-25SEP26,call,77000.0,2026-09-25T08:00:00+00:00,0.05203764541213527,0.0535,0.0555,0.05467508,0.0545,79950.87,BTC-25SEP26,0.3693,0.6874,64.59956,290.3,0.0,0.0020000000000000018,BTC,79848.86,0.0
2026-09-06T07:50:16.801142+00:00,BTC-25DEC26-56000-P,80916.53,BTC-25DEC26,put,56000.0,2026-12-25T08:00:00+00:00,0.3011820670411565,0.0075,0.0085,0.00798307,0.008,80916.53,BTC-25DEC26,0.47909999999999997,-0.06289,54.895,507.4,0.1,0.0010000000000000009,BTC,79848.86,63.82
2026-09-06T07:50:16.801142+00:00,BTC-25SEP26-75000-P,79950.87,BTC-25SEP26,put,75000.0,2026-09-25T08:00:00+00:00,0.05203764541213527,0.0105,0.0115,0.01095735,0.011,79950.87,BTC-25SEP26,0.37549999999999994,-0.2151,53.32347,4594.1,44.3,0.0009999999999999992,BTC,79848.86,36400.79
2026-09-06T07:50:16.801142+00:00,BTC-7SEP26-89000-P,79827.29,BTC-7SEP26,put,89000.0,2026-09-07T08:00:00+00:00,0.002756331243757447,0.112,0.1185,0.1149103,0.11525,79827.29,BTC-7SEP26,0.5085999999999999,-0.99998,0.00444,0.0,0.0,0.006499999999999992,BTC,79848.86,0.0
2026-09-06T07:50:16.801142+00:00,BTC-6SEP26-68000-P,79837.07,BTC-6SEP26,put,68000.0,2026-09-06T08:00:00+00:00,1.84804566253454e-05,,0.0001,0.0,,79837.07,BTC-6SEP26,0.8551000000000001,0.0,0.0,30.3,0.0,,BTC,79849.02,0.0
2026-09-06T07:50:16.801142+00:00,BTC-25DEC26-140000-C,80916.27,BTC-25DEC26,call,140000.0,2026-12-25T08:00:00+00:00,0.3011820670411565,0.003,0.0035,0.00325978,0.00325,80916.27,BTC-25DEC26,0.5049,0.03294,32.6538,1435.0,0.0,0.0005,BTC,79849.02,0.0
2026-09-06T07:50:16.801142+00:00,BTC-30OCT26-71000-C,80289.58,BTC-30OCT26,call,71000.0,2026-10-30T08:00:00+00:00,0.14786242296175883,0.129,0.1355,0.13217636,0.13225,80289.58,BTC-30OCT26,0.3912,0.81393,82.73525,977.5,0.0,0.006500000000000006,BTC,79849.02,0.0
2026-09-06T07:50:16.801142+00:00,BTC-25SEP26-90000-C,79950.87,BTC-25SEP26,call,90000.0,2026-09-25T08:00:00+00:00,0.05203764541213527,0.005,0.0055,0.00524957,0.00525,79950.87,BTC-25SEP26,0.4189,0.11688,35.82352,8821.4,26.2,0.0004999999999999996,BTC,79849.02,10261.58
2026-09-06T07:50:16.801142+00:00,BTC-25SEP26-73000-C,79951.36,BTC-25SEP26,call,73000.0,2026-09-25T08:00:00+00:00,0.05203764541213527,0.09,0.096,0.09340938,0.093,79951.36,BTC-25SEP26,0.3837,0.86051,40.50798,41.0,0.0,0.006000000000000005,BTC,79849.02,0.0
2026-09-06T07:50:16.801142+00:00,BTC-25DEC26-76000-P,80916.53,BTC-25DEC26,put,76000.0,2026-12-25T08:00:00+00:00,0.3011820670411565,0.056,0.0575,0.05687295,0.05675,80916.53,BTC-25DEC26,0.3954,-0.34555,163.7675,387.3,0.2,0.0015000000000000013,BTC,79849.02,922.2
2026-09-06T07:50:16.801142+00:00,BTC-25DEC26-250000-C,80916.53,BTC-25DEC26,call,250000.0,2026-12-25T08:00:00+00:00,0.3011820670411565,0.0001,0.0005,0.00024254,0.0003,80916.53,BTC-25DEC26,0.6834,0.00241,3.33366,1280.3,0.0,0.0004,BTC,79848.86,0.0
2026-09-06T07:50:16.801142+00:00,BTC-25JUN27-85000-C,82771.4,BTC-25JUN27,call,85000.0,2027-06-25T08:00:00+00:00,0.7994709102991989,0.135,0.138,0.13659892,0.1365,82771.4,BTC-25JUN27,0.4163,0.54571,293.41339,152.8,0.0,0.0030000000000000027,BTC,79848.86,0.0
2026-09-06T07:50:16.801142+00:00,BTC-25JUN27-45000-P,82771.19,BTC-25JUN27,put,45000.0,2027-06-25T08:00:00+00:00,0.7994709102991989,0.013,0.0145,0.01372888,0.01375,82771.19,BTC-25JUN27,0.5081,-0.05843,86.37253,121.8,2.0,0.0015000000000000013,BTC,79848.86,2155.34
2026-09-06T07:50:16.801142+00:00,BTC-6SEP26-81500-P,79837.07,BTC-6SEP26,put,81500.0,2026-09-06T08:00:00+00:00,1.84804566253454e-05,0.0185,0.024,0.0208293,0.02125,79837.07,BTC-6SEP26,0.3862,-0.32,0.0,0.6,0.0,0.005500000000000001,BTC,79848.86,0.0
2026-09-06T07:50:16.801142+00:00,BTC-25JUN27-106000-C,82771.4,BTC-25JUN27,call,106000.0,2027-06-25T08:00:00+00:00,0.7994709102991989,0.0645,0.0665,0.06550628,0.0655,82771.4,BTC-25JUN27,0.42310000000000003,0.32122,265.17558,0.0,0.0,0.0020000000000000018,BTC,79848.86,0.0
2026-09-06T07:50:16.801142+00:00,BTC-26MAR27-70000-C,81829.27,BTC-26MAR27,call,70000.0,2027-03-26T08:00:00+00:00,0.5503264886701777,0.199,0.2015,0.20009919,0.20025,81829.27,BTC-26MAR27,0.4156,0.74553,194.78381,797.8,0.0,0.0025000000000000022,BTC,79848.86,0.0
2026-09-06T07:50:16.801142+00:00,BTC-6SEP26-87000-C,79837.07,BTC-6SEP26,call,87000.0,2026-09-06T08:00:00+00:00,1.84804566253454e-05,,0.0001,0.0,,79837.07,BTC-6SEP26,0.5346,0.0,0.0,16.0,0.0,,BTC,79848.86,0.0
2026-09-06T07:50:16.801142+00:00,BTC-9SEP26-79500-C,79840.02,BTC-9SEP26,call,79500.0,2026-09-09T08:00:00+00:00,0.008232032818021649,0.0135,0.0145,0.01404162,0.014,79840.02,BTC-9SEP26,0.32630000000000003,0.56324,28.54619,0.5,0.6,0.0010000000000000009,BTC,79848.86,609.98
2026-09-06T07:50:16.801142+00:00,BTC-27NOV26-92000-P,80606.74,BTC-27NOV26,put,92000.0,2026-11-27T08:00:00+00:00,0.22452224500145768,0.165,0.1755,0.17014188,0.17025,80606.74,BTC-27NOV26,0.3987,-0.72743,126.93059,2.1,0.0,0.010499999999999982,BTC,79848.86,0.0
2026-09-06T07:50:16.801142+00:00,BTC-30OCT26-40000-P,80289.58,BTC-30OCT26,put,40000.0,2026-10-30T08:00:00+00:00,0.14786242296175883,0.0003,0.0007,0.00046895,0.0005,80289.58,BTC-30OCT26,0.74,-0.0048,4.30476,77.8,1.1,0.0004,BTC,79848.86,44.61
2026-09-06T07:50:16.801142+00:00,BTC-11SEP26-95000-P,79845.35,BTC-11SEP26,put,95000.0,2026-09-11T08:00:00+00:00,0.013707734392285852,0.187,0.193,0.18995973,0.19,79845.35,BTC-11SEP26,0.5972999999999999,-0.99284,1.85889,0.1,0.0,0.006000000000000005,BTC,79848.86,0.0
2026-09-06T07:50:16.801142+00:00,BTC-7SEP26-90000-P,79827.29,BTC-7SEP26,put,90000.0,2026-09-07T08:00:00+00:00,0.002756331243757447,0.1245,0.131,0.12743728,0.12775,79827.29,BTC-7SEP26,0.5233,-0.99999,0.0013,0.0,0.0,0.006500000000000006,BTC,79848.86,0.0
2026-09-06T07:50:16.801142+00:00,BTC-25JUN27-108000-C,82771.4,BTC-25JUN27,call,108000.0,2027-06-25T08:00:00+00:00,0.7994709102991989,0.06,0.0625,0.06129491,0.06125,82771.4,BTC-25JUN27,0.42460000000000003,0.30479,259.24775,12.7,0.0,0.0025000000000000022,BTC,79848.86,0.0
2026-09-06T07:50:16.801142+00:00,BTC-7SEP26-74000-P,79827.06,BTC-7SEP26,put,74000.0,2026-09-07T08:00:00+00:00,0.002756331243757447,,0.0002,4.238e-05,,79827.06,BTC-7SEP26,0.5569,-0.00458,0.56058,0.4,0.0,,BTC,79849.17,0.0
2026-09-06T07:50:16.801142+00:00,BTC-11SEP26-67000-P,79844.85,BTC-11SEP26,put,67000.0,2026-09-11T08:00:00+00:00,0.013707734392285852,,0.0003,0.00013167,,79844.85,BTC-11SEP26,0.6006,-0.00572,1.52478,410.4,0.0,,BTC,79849.17,0.0
2026-09-06T07:50:16.801142+00:00,BTC-25JUN27-115000-P,82771.4,BTC-25JUN27,put,115000.0,2027-06-25T08:00:00+00:00,0.7994709102991989,0.4275,0.4525,0.43835741,0.44,82771.4,BTC-25JUN27,0.4305,-0.74587,237.30919,0.0,0.0,0.025000000000000022,BTC,79849.17,0.0
2026-09-06T07:50:16.801142+00:00,BTC-6SEP26-70000-P,79837.29,BTC-6SEP26,put,70000.0,2026-09-06T08:00:00+00:00,1.84804566253454e-05,,0.0001,0.0,,79837.29,BTC-6SEP26,0.7228,0.0,0.0,36.0,0.0,,BTC,79849.17,0.0
2026-09-06T07:50:16.801142+00:00,BTC-26MAR27-45000-P,81829.27,BTC-26MAR27,put,45000.0,2027-03-26T08:00:00+00:00,0.5503264886701777,0.007,0.008,0.00748169,0.0075,81829.27,BTC-26MAR27,0.5215,-0.04106,53.44937,259.3,0.1,0.001,BTC,79849.17,59.83
2026-09-06T07:50:16.801142+00:00,BTC-30OCT26-95000-P,80289.58,BTC-30OCT26,put,95000.0,2026-10-30T08:00:00+00:00,0.14786242296175883,0.191,0.201,0.19524962,0.196,80289.58,BTC-30OCT26,0.4046,-0.84208,74.50371,0.4,0.0,0.010000000000000009,BTC,79849.17,0.0
2026-09-06T07:50:16.801142+00:00,BTC-27NOV26-108000-C,80606.52,BTC-27NOV26,call,108000.0,2026-11-27T08:00:00+00:00,0.22452224500145768,0.008,0.009,0.00850866,0.0085,80606.52,BTC-27NOV26,0.4368,0.09521,64.68145,12.0,0.1,0.0009999999999999992,BTC,79849.17,67.99
2026-09-06T07:50:16.801142+00:00,BTC-27NOV26-83000-C,80606.74,BTC-27NOV26,call,83000.0,2026-11-27T08:00:00+00:00,0.22452224500145768,0.06,0.061,0.0605904,0.0605,80606.74,BTC-27NOV26,0.38880000000000003,0.47346,152.09071,16.5,0.0,0.0010000000000000009,BTC,79849.17,0.0
2026-09-06T07:50:16.801142+00:00,BTC-27NOV26-98000-P,80606.74,BTC-27NOV26,put,98000.0,2026-11-27T08:00:00+00:00,0.22452224500145768,0.2295,0.239,0.23344154,0.23425,80606.74,BTC-27NOV26,0.4103,-0.81787,100.99805,0.0,0.0,0.00949999999999998,BTC,79849.17,0.0
2026-09-06T07:50:16.801142+00:00,BTC-18SEP26-72000-P,79910.85,BTC-18SEP26,put,72000.0,2026-09-18T08:00:00+00:00,0.03287268990221056,0.0023,0.0027,0.00249752,0.0025,79910.85,BTC-18SEP26,0.4069,-0.07358,20.22004,1311.0,0.3,0.0004000000000000002,BTC,79849.17,54.21
2026-09-06T07:50:16.801142+00:00,BTC-27NOV26-78000-P,80606.52,BTC-27NOV26,put,78000.0,2026-11-27T08:00:00+00:00,0.22452224500145768,0.0565,0.058,0.05721208,0.05725,80606.52,BTC-27NOV26,0.38880000000000003,-0.39337,146.94966,57.4,0.1,0.0015000000000000013,BTC,79849.17,458.4
2026-09-06T07:50:16.801142+00:00,BTC-25DEC26-65000-P,80916.27,BTC-25DEC26,put,65000.0,2026-12-25T08:00:00+00:00,0.3011820670411565,0.019,0.02,0.01951131,0.0195,80916.27,BTC-25DEC26,0.4253,-0.14576,101.60554,809.9,0.0,0.0010000000000000009,BTC,79849.17,0.0
2026-09-06T07:50:16.801142+00:00,BTC-8SEP26-77500-P,79832.0,BTC-8SEP26,put,77500.0,2026-09-08T08:00:00+00:00,0.005494182030889547,0.0012,0.0014,0.00126541,0.0013,79832.0,BTC-8SEP26,0.326,-0.10776,10.9674,68.6,55.9,0.0002000000000000001,BTC,79849.17,5490.08
2026-09-06T07:50:16.801142+00:00,BTC-11SEP26-90000-P,79844.85,BTC-11SEP26,put,90000.0,2026-09-11T08:00:00+00:00,0.013707734392285852,0.1245,0.1315,0.12761744,0.128,79844.85,BTC-11SEP26,0.49520000000000003,-0.97909,4.70213,0.1,0.0,0.007000000000000006,BTC,79849.17,0.0
2026-09-06T07:50:16.801142+00:00,BTC-18SEP26-70000-C,79910.85,BTC-18SEP26,call,70000.0,2026-09-18T08:00:00+00:00,0.03287268990221056,0.1225,0.128,0.12541871,0.12525,79910.85,BTC-18SEP26,0.43320000000000003,0.95773,13.06212,0.0,0.0,0.005500000000000005,BTC,79849.17,0.0
2026-09-06T07:50:16.801142+00:00,BTC-27NOV26-104000-C,80606.52,BTC-27NOV26,call,104000.0,2026-11-27T08:00:00+00:00,0.22452224500145768,0.0105,0.0115,0.01115576,0.011,80606.52,BTC-27NOV26,0.42469999999999997,0.12201,77.33016,8.3,1.1,0.0009999999999999992,BTC,79849.17,936.45
2026-09-06T07:50:16.801142+00:00,BTC-11SEP26-75000-P,79845.35,BTC-11SEP26,put,75000.0,2026-09-11T08:00:00+00:00,0.013707734392285852,0.0014,0.0018,0.00159596,0.0016,79845.35,BTC-11SEP26,0.3822,-0.07768,13.59638,904.2,18.2,0.00039999999999999996,BTC,79849.17,2502.74
2026-09-06T07:50:16.801142+00:00,BTC-7SEP26-75500-P,79827.29,BTC-7SEP26,put,75500.0,2026-09-07T08:00:00+00:00,0.002756331243757447,,0.0002,0.0001134,,79827.29,BTC-7SEP26,0.47840000000000005,-0.01284,1.38877,17.9,0.1,,BTC,79849.17,0.8
2026-09-06T07:50:16.801142+00:00,BTC-25JUN27-130000-C,82771.19,BTC-25JUN27,call,130000.0,2027-06-25T08:00:00+00:00,0.7994709102991989,0.0305,0.0325,0.03151341,0.0315,82771.19,BTC-25JUN27,0.4448,0.17469,190.62529,762.1,0.0,0.0020000000000000018,BTC,79849.17,0.0
2026-09-06T07:50:16.801142+00:00,BTC-27NOV26-90000-P,80606.52,BTC-27NOV26,put,90000.0,2026-11-27T08:00:00+00:00,0.22452224500145768,0.146,0.1555,0.15058298,0.15075,80606.52,BTC-27NOV26,0.3958,-0.68921,134.94353,0.3,0.0,0.009500000000000008,BTC,79849.17,0.0
2026-09-06T07:50:16.801142+00:00,BTC-11SEP26-64000-P,79844.85,BTC-11SEP26,put,64000.0,2026-09-11T08:00:00+00:00,0.013707734392285852,,0.0002,2.809e-05,,79844.85,BTC-11SEP26,0.6355,-0.00131,0.40313,77.4,0.0,,BTC,79849.17,0.0
2026-09-06T07:50:16.801142+00:00,BTC-25DEC26-40000-C,80916.53,BTC-25DEC26,call,40000.0,2026-12-25T08:00:00+00:00,0.3011820670411565,0.5065,0.509,0.50797988,0.50775,80916.53,BTC-25DEC26,0.653,0.98401,17.77497,250.9,0.0,0.0025000000000000577,BTC,79849.17,0.0
2026-09-06T07:50:16.801142+00:00,BTC-27NOV26-86000-C,80606.52,BTC-27NOV26,call,86000.0,2026-11-27T08:00:00+00:00,0.22452224500145768,0.0465,0.048,0.04737799,0.04725,80606.52,BTC-27NOV26,0.3906,0.39853,147.47028,128.2,0.0,0.0015000000000000013,BTC,79849.35,0.0
2026-09-06T07:50:16.801142+00:00,BTC-25DEC26-135000-P,80916.53,BTC-25DEC26,put,135000.0,2026-12-25T08:00:00+00:00,0.3011820670411565,0.666,0.6815,0.67228389,0.67375,80916.53,BTC-25DEC26,0.49229999999999996,-0.96069,37.74121,0.7,0.0,0.015499999999999958,BTC,79849.35,0.0
2026-09-06T07:50:16.801142+00:00,BTC-8SEP26-82500-P,79832.0,BTC-8SEP26,put,82500.0,2026-09-08T08:00:00+00:00,0.005494182030889547,0.032,0.0385,0.03485449,0.03525,79832.0,BTC-8SEP26,0.3607,-0.88793,11.28079,0.0,0.0,0.006499999999999999,BTC,79849.17,0.0
2026-09-06T07:50:16.801142+00:00,BTC-26MAR27-105000-C,81829.27,BTC-26MAR27,call,105000.0,2027-03-26T08:00:00+00:00,0.5503264886701777,0.04,0.0415,0.04103341,0.04075,81829.27,BTC-26MAR27,0.4154,0.25632,195.52258,162.4,0.0,0.0015000000000000013,BTC,79849.35,0.0
2026-09-06T07:50:16.801142+00:00,BTC-26MAR27-100000-P,81829.78,BTC-26MAR27,put,100000.0,2027-03-26T08:00:00+00:00,0.5503264886701777,0.267,0.2835,0.27358524,0.27525,81829.78,BTC-26MAR27,0.4115,-0.69287,213.36214,12.3,0.0,0.01649999999999996,BTC,79849.35,0.0
2026-09-06T07:50:16.801142+00:00,BTC-7SEP26-75000-C,79827.29,BTC-7SEP26,call,75000.0,2026-09-07T08:00:00+00:00,0.002756331243757447,0.0575,0.063,0.06057573,0.06025,79827.29,BTC-7SEP26,0.5234000000000001,0.98881,1.23182,0.0,0.0,0.005499999999999998,BTC,79849.35,0.0
2026-09-06T07:50:16.801142+00:00,BTC-8SEP26-80500-C,79832.0,BTC-8SEP26,call,80500.0,2026-09-08T08:00:00+00:00,0.005494182030889547,0.0055,0.006,0.00558488,0.00575,79832.0,BTC-8SEP26,0.3086,0.36217,22.1886,8.5,5.1,0.0005000000000000004,BTC,79849.35,2296.92
2026-09-06T07:50:16.801142+00:00,BTC-25JUN27-130000-P,82771.19,BTC-25JUN27,put,130000.0,2027-06-25T08:00:00+00:00,0.7994709102991989,0.5895,0.6185,0.60209549,0.604,82771.19,BTC-25JUN27,0.4448,-0.82531,190.63066,1.4,0.0,0.029000000000000026,BTC,79849.17,0.0
2026-09-06T07:50:16.801142+00:00,BTC-25DEC26-20000-P,80916.27,BTC-25DEC26,put,20000.0,2026-12-25T08:00:00+00:00,0.3011820670411565,0.0003,0.0005,0.00039065,0.0004,80916.27,BTC-25DEC26,0.9823000000000001,-0.00211,2.9542,640.4,0.0,0.00020000000000000004,BTC,79849.17,0.0
2026-09-06T07:50:16.801142+00:00,BTC-30OCT26-74000-C,80289.58,BTC-30OCT26,call,74000.0,2026-10-30T08:00:00+00:00,0.14786242296175883,0.103,0.105,0.10379381,0.104,80289.58,BTC-30OCT26,0.38130000000000003,0.73551,101.06056,252.6,0.0,0.0020000000000000018,BTC,79849.17,0.0
2026-09-06T07:50:16.801142+00:00,BTC-9SEP26-74000-P,79840.02,BTC-9SEP26,put,74000.0,2026-09-09T08:00:00+00:00,0.008232032818021649,0.0004,0.0006,0.00042888,0.0005,79840.02,BTC-9SEP26,0.4411,-0.02757,4.59591,5.1,5.1,0.00019999999999999993,BTC,79849.17,82.02
2026-09-06T07:50:16.801142+00:00,BTC-11SEP26-72000-P,79845.35,BTC-11SEP26,put,72000.0,2026-09-11T08:00:00+00:00,0.013707734392285852,0.0004,0.0007,0.00051092,0.00055,79845.35,BTC-11SEP26,0.4562,-0.02488,5.44282,501.5,4.8,0.0003,BTC,79849.17,243.02
2026-09-06T07:50:16.801142+00:00,BTC-9SEP26-79000-P,79840.02,BTC-9SEP26,put,79000.0,2026-09-09T08:00:00+00:00,0.008232032818021649,0.0065,0.0075,0.0071523,0.007,79840.02,BTC-9SEP26,0.3239,-0.35378,26.94284,0.0,0.0,0.001,BTC,79849.17,0.0
2026-09-06T07:50:16.801142+00:00,BTC-25JUN27-80000-C,82771.4,BTC-25JUN27,call,80000.0,2027-06-25T08:00:00+00:00,0.7994709102991989,0.162,0.165,0.16341832,0.1635,82771.4,BTC-25JUN27,0.4188,0.60959,284.14152,107.0,0.0,0.0030000000000000027,BTC,79849.17,0.0
2026-09-06T07:50:16.801142+00:00,BTC-7SEP26-77000-C,79827.29,BTC-7SEP26,call,77000.0,2026-09-07T08:00:00+00:00,0.002756331243757447,0.0325,0.038,0.0356645,0.03525,79827.29,BTC-7SEP26,0.3735,0.96765,3.03512,0.0,0.0,0.005499999999999998,BTC,79849.17,0.0
2026-09-06T07:50:16.801142+00:00,BTC-26MAR27-140000-C,81829.27,BTC-26MAR27,call,140000.0,2027-03-26T08:00:00+00:00,0.5503264886701777,0.0105,0.012,0.01124792,0.01125,81829.27,BTC-26MAR27,0.4628,0.08197,91.95461,909.8,0.0,0.0014999999999999996,BTC,79849.17,0.0
2026-09-06T07:50:16.801142+00:00,BTC-27NOV26-73000-C,80606.52,BTC-27NOV26,call,73000.0,2026-11-27T08:00:00+00:00,0.22452224500145768,0.127,0.1295,0.12808528,0.12825,80606.52,BTC-27NOV26,0.39590000000000003,0.73306,125.61068,0.0,0.0,0.0025000000000000022,BTC,79849.17,0.0
2026-09-06T07:50:16.801142+00:00,BTC-25DEC26-62000-C,80916.53,BTC-25DEC26,call,62000.0,2026-12-25T08:00:00+00:00,0.3011820670411565,0.243,0.2515,0.24825203,0.24725,80916.53,BTC-25DEC26,0.441,0.88895,84.10163,247.1,0.0,0.008500000000000008,BTC,79849.17,0.0
2026-09-06T07:50:16.801142+00:00,BTC-25JUN27-82000-C,82771.4,BTC-25JUN27,call,82000.0,2027-06-25T08:00:00+00:00,0.7994709102991989,0.1505,0.1535,0.15207361,0.152,82771.4,BTC-25JUN27,0.41729999999999995,0.58385,288.8082,81.1,0.0,0.0030000000000000027,BTC,79849.17,0.0
2026-09-06T07:50:16.801142+00:00,BTC-30OCT26-71000-P,80289.58,BTC-30OCT26,put,71000.0,2026-10-30T08:00:00+00:00,0.14786242296175883,0.016,0.017,0.01647014,0.0165,80289.58,BTC-30OCT26,0.3912,-0.18606,82.73311,112.7,0.1,0.0010000000000000009,BTC,79849.17,135.4
2026-09-06T07:50:16.801142+00:00,BTC-25JUN27-110000-C,82771.19,BTC-25JUN27,call,110000.0,2027-06-25T08:00:00+00:00,0.7994709102991989,0.0565,0.0585,0.05741084,0.0575,82771.19,BTC-25JUN27,0.4261,0.28926,253.12027,270.0,0.0,0.0020000000000000018,BTC,79849.17,0.0
2026-09-06T07:50:16.801142+00:00,BTC-25SEP26-30000-C,79950.87,BTC-25SEP26,call,30000.0,2026-09-25T08:00:00+00:00,0.05203764541213527,0.6235,0.6255,0.62478228,0.6245,79950.87,BTC-25SEP26,1.238,0.99985,0.10723,136.0,0.0,0.0019999999999998908,BTC,79849.17,0.0
2026-09-06T07:50:16.801142+00:00,BTC-25JUN27-85000-P,82771.4,BTC-25JUN27,put,85000.0,2027-06-25T08:00:00+00:00,0.7994709102991989,0.162,0.1655,0.16351797,0.16375,82771.4,BTC-25JUN27,0.4163,-0.45428,293.41502,10.7,0.0,0.003500000000000003,BTC,79849.17,0.0
2026-09-06T07:50:16.801142+00:00,BTC-26MAR27-108000-C,81829.78,BTC-26MAR27,call,108000.0,2027-03-26T08:00:00+00:00,0.5503264886701777,0.035,0.037,0.03604455,0.036,81829.78,BTC-26MAR27,0.41869999999999996,0.23035,184.55,68.6,0.0,0.001999999999999995,BTC,79849.17,0.0
2026-09-06T07:50:16.801142+00:00,BTC-27NOV26-74000-C,80606.74,BTC-27NOV26,call,74000.0,2026-11-27T08:00:00+00:00,0.22452224500145768,0.1185,0.121,0.11961508,0.11975,80606.74,BTC-27NOV26,0.39380000000000004,0.70938,130.91841,0.0,0.0,0.0025000000000000022,BTC,79849.17,0.0
2026-09-06T07:50:16.801142+00:00,BTC-25JUN27-104000-C,82771.4,BTC-25JUN27,call,104000.0,2027-06-25T08:00:00+00:00,0.7994709102991989,0.069,0.071,0.0700884,0.07,82771.4,BTC-25JUN27,0.4219,0.33858,270.83744,13.1,0.0,0.001999999999999988,BTC,79849.17,0.0
2026-09-06T07:50:16.801142+00:00,BTC-18SEP26-85000-C,79911.34,BTC-18SEP26,call,85000.0,2026-09-18T08:00:00+00:00,0.03287268990221056,0.008,0.009,0.00833086,0.0085,79911.34,BTC-18SEP26,0.4023,0.20926,41.68359,336.2,2.5,0.0009999999999999992,BTC,79849.17,1391.64
2026-09-06T07:50:16.801142+00:00,BTC-25SEP26-170000-C,79951.36,BTC-25SEP26,call,170000.0,2026-09-25T08:00:00+00:00,0.05203764541213527,,0.0001,4.84e-06,,79951.36,BTC-25SEP26,0.8693000000000001,0.00011,0.07642,444.9,0.0,,BTC,79849.17,0.0
2026-09-06T07:50:16.801142+00:00,BTC-25DEC26-60000-C,80916.53,BTC-25DEC26,call,60000.0,2026-12-25T08:00:00+00:00,0.3011820670411565,0.2655,0.273,0.27046798,0.26925,80916.53,BTC-25DEC26,0.4539,0.90736,73.69812,787.4,0.0,0.007500000000000007,BTC,79849.17,0.0
2026-09-06T07:50:16.801142+00:00,BTC-25SEP26-190000-P,79951.36,BTC-25SEP26,put,190000.0,2026-09-25T08:00:00+00:00,0.05203764541213527,1.369,1.387,1.37645248,1.378,79951.36,BTC-25SEP26,0.9386,-0.99996,0.03168,0.0,0.0,0.018000000000000016,BTC,79849.17,0.0
2026-09-06T07:50:16.801142+00:00,BTC-18SEP26-76000-C,79910.85,BTC-18SEP26,call,76000.0,2026-09-18T08:00:00+00:00,0.03287268990221056,0.057,0.059,0.05788846,0.058,79910.85,BTC-18SEP26,0.3762,0.77932,42.99082,19.0,0.0,0.001999999999999995,BTC,79849.17,0.0
2026-09-06T07:50:16.801142+00:00,BTC-8SEP26-80000-P,79832.0,BTC-8SEP26,put,80000.0,2026-09-08T08:00:00+00:00,0.005494182030889547,0.0095,0.0105,0.01016025,0.01,79832.0,BTC-8SEP26,0.3063,-0.53223,23.5351,9.0,4.4,0.0010000000000000009,BTC,79849.17,3499.14
2026-09-06T07:50:16.801142+00:00,BTC-26MAR27-55000-P,81829.27,BTC-26MAR27,put,55000.0,2027-03-26T08:00:00+00:00,0.5503264886701777,0.0165,0.018,0.01722433,0.01725,81829.27,BTC-26MAR27,0.46399999999999997,-0.09242,100.56821,1258.1,0.0,0.0014999999999999979,BTC,79849.17,0.0
2026-09-06T07:50:16.801142+00:00,BTC-25JUN27-150000-C,82771.4,BTC-25JUN27,call,150000.0,2027-06-25T08:00:00+00:00,0.7994709102991989,0.0185,0.02,0.01903027,0.01925,82771.4,BTC-25JUN27,0.46549999999999997,0.1113,140.39088,218.1,0.0,0.0015000000000000013,BTC,79849.17,0.0
2026-09-06T07:50:16.801142+00:00,BTC-18SEP26-78000-P,79910.85,BTC-18SEP26,put,78000.0,2026-09-18T08:00:00+00:00,0.03287268990221056,0.016,0.017,0.01643376,0.0165,79910.85,BTC-18SEP26,0.3736,-0.34774,53.55691,292.4,2.0,0.0010000000000000009,BTC,79849.17,2628.77
2026-09-06T07:50:16.801142+00:00,BTC-25SEP26-58000-C,79950.87,BTC-25SEP26,call,58000.0,2026-09-25T08:00:00+00:00,0.05203764541213527,0.272,0.277,0.27485856,0.2745,79950.87,BTC-25SEP26,0.5842,0.99333,3.40698,460.7,0.0,0.0050000000000000044,BTC,79849.17,0.0
2026-09-06T07:50:16.801142+00:00,BTC-30OCT26-54000-C,80289.58,BTC-30OCT26,call,54000.0,2026-10-30T08:00:00+00:00,0.14786242296175883,0.326,0.332,0.32945015,0.329,80289.58,BTC-30OCT26,0.5488000000000001,0.97643,17.17986,0.1,0.0,0.006000000000000005,BTC,79849.17,0.0
2026-09-06T07:50:16.801142+00:00,BTC-7SEP26-86000-C,79827.06,BTC-7SEP26,call,86000.0,2026-09-07T08:00:00+00:00,0.002756331243757447,,0.0001,3.69e-06,,79827.06,BTC-7SEP26,0.43670000000000003,0.0006,0.08876,22.8,0.2,,BTC,79848.91,1.6
2026-09-06T07:50:16.801142+00:00,BTC-30OCT26-91000-C,80289.58,BTC-30OCT26,call,91000.0,2026-10-30T08:00:00+00:00,0.14786242296175883,0.018,0.019,0.01853488,0.0185,80289.58,BTC-30OCT26,0.3944,0.2268,93.04546,34.1,0.2,0.0010000000000000009,BTC,79848.91,291.22
2026-09-06T07:50:16.801142+00:00,BTC-30OCT26-82000-P,80289.58,BTC-30OCT26,put,82000.0,2026-10-30T08:00:00+00:00,0.14786242296175883,0.069,0.07,0.06954558,0.0695,80289.58,BTC-30OCT26,0.3761,-0.52921,122.88065,45.0,0.0,0.0010000000000000009,BTC,79848.91,0.0
2026-09-06T07:50:16.801142+00:00,BTC-26MAR27-106000-P,81829.27,BTC-26MAR27,put,106000.0,2027-03-26T08:00:00+00:00,0.5503264886701777,0.3255,0.3455,0.33466882,0.3355,81829.27,BTC-26MAR27,0.4165,-0.75263,191.88613,0.1,0.0,0.019999999999999962,BTC,79848.91,0.0
2026-09-06T07:50:16.801142+00:00,BTC-6SEP26-81000-P,79837.29,BTC-6SEP26,put,81000.0,2026-09-06T08:00:00+00:00,1.84804566253454e-05,0.0115,0.017,0.01456655,0.01425,79837.29,BTC-6SEP26,0.3073,-0.31333,0.0,100.2,0.5,0.005500000000000001,BTC,79849.12,571.23
2026-09-06T07:50:16.801142+00:00,BTC-25SEP26-300000-P,79950.87,BTC-25SEP26,put,300000.0,2026-09-25T08:00:00+00:00,0.05203764541213527,2.742,2.7705,2.75229166,2.75625,79950.87,BTC-25SEP26,1.3629,-0.99998,0.01652,0.0,0.0,0.028500000000000192,BTC,79848.91,0.0
2026-09-06T07:50:16.801142+00:00,BTC-7SEP26-71000-C,79827.29,BTC-7SEP26,call,71000.0,2026-09-07T08:00:00+00:00,0.002756331243757447,0.1075,0.113,0.11057754,0.11025,79827.29,BTC-7SEP26,0.5644,0.99996,0.00634,0.0,0.0,0.005500000000000005,BTC,79849.12,0.0
2026-09-06T07:50:16.801142+00:00,BTC-8SEP26-79000-P,79832.0,BTC-8SEP26,put,79000.0,2026-09-08T08:00:00+00:00,0.005494182030889547,0.0045,0.005,0.00467416,0.00475,79832.0,BTC-8SEP26,0.3037,-0.31672,21.07428,113.3,4.5,0.0005000000000000004,BTC,79848.91,1696.74
2026-09-06T07:50:16.801142+00:00,BTC-6SEP26-71000-C,79837.29,BTC-6SEP26,call,71000.0,2026-09-06T08:00:00+00:00,1.84804566253454e-05,0.108,0.1135,0.11068858,0.11075,79837.29,BTC-6SEP26,0.6544,0.31333,0.0,0.0,0.0,0.005500000000000005,BTC,79849.12,0.0
2026-09-06T07:50:16.801142+00:00,BTC-25DEC26-210000-P,80916.27,BTC-25DEC26,put,210000.0,2026-12-25T08:00:00+00:00,0.3011820670411565,1.582,1.615,1.59585098,1.5985,80916.27,BTC-25DEC26,0.6412,-0.99435,7.16144,0.0,0.0,0.03299999999999992,BTC,79849.12,0.0
2026-09-06T07:50:16.801142+00:00,BTC-30OCT26-54000-P,80289.58,BTC-30OCT26,put,54000.0,2026-10-30T08:00:00+00:00,0.14786242296175883,0.0017,0.0022,0.00201161,0.00195,80289.58,BTC-30OCT26,0.5488000000000001,-0.02356,17.17543,189.7,0.0,0.0005000000000000002,BTC,79849.12,0.0
2026-09-06T07:50:16.801142+00:00,BTC-25SEP26-35000-P,79951.36,BTC-25SEP26,put,35000.0,2026-09-25T08:00:00+00:00,0.05203764541213527,,0.0002,1.813e-05,,79951.36,BTC-25SEP26,1.0855,-0.00027,0.18368,1200.7,1.0,,BTC,79849.12,7.98
2026-09-06T07:50:16.801142+00:00,BTC-11SEP26-88000-P,79845.35,BTC-11SEP26,put,88000.0,2026-09-11T08:00:00+00:00,0.013707734392285852,0.0995,0.106,0.1028943,0.10275,79845.35,BTC-11SEP26,0.45659999999999995,-0.9634,7.49526,0.0,0.0,0.006499999999999992,BTC,79849.15,0.0
2026-09-06T07:50:16.801142+00:00,BTC-9SEP26-82000-C,79840.02,BTC-9SEP26,call,82000.0,2026-09-09T08:00:00+00:00,0.008232032818021649,0.0036,0.004,0.00375808,0.0038,79840.02,BTC-9SEP26,0.35600000000000004,0.20906,20.82761,0.2,0.2,0.0004000000000000002,BTC,79849.15,41.44
2026-09-06T07:50:16.801142+00:00,BTC-25SEP26-64000-P,79950.87,BTC-25SEP26,put,64000.0,2026-09-25T08:00:00+00:00,0.05203764541213527,0.0008,0.0011,0.0008981,0.00095,79950.87,BTC-25SEP26,0.4924,-0.02082,9.14143,1202.6,1.2,0.00030000000000000003,BTC,79849.15,91.07
2026-09-06T07:50:16.801142+00:00,BTC-25SEP26-135000-P,79951.36,BTC-25SEP26,put,135000.0,2026-09-25T08:00:00+00:00,0.05203764541213527,0.684,0.693,0.68856955,0.6885,79951.36,BTC-25SEP26,0.7168000000000001,-0.9991,0.55901,11.5,0.0,0.008999999999999897,BTC,79849.15,0.0
2026-09-06T07:50:16.801142+00:00,BTC-25DEC26-80000-C,80916.53,BTC-25DEC26,call,80000.0,2026-12-25T08:00:00+00:00,0.3011820670411565,0.0905,0.092,0.09123534,0.09125,80916.53,BTC-25DEC26,0.3932,0.56385,174.94562,8779.5,3.2,0.0015000000000000013,BTC,79849.15,23343.64
2026-09-06T07:50:16.801142+00:00,BTC-25SEP26-81000-P,79950.87,BTC-25SEP26,put,81000.0,2026-09-25T08:00:00+00:00,0.05203764541213527,0.0405,0.0415,0.04114059,0.041,79950.87,BTC-25SEP26,0.37310000000000004,-0.54392,72.34376,486.6,0.7,0.0010000000000000009,BTC,79849.15,2242.36
2026-09-06T07:50:16.801142+00:00,BTC-25DEC26-105000-P,80916.53,BTC-25DEC26,put,105000.0,2026-12-25T08:00:00+00:00,0.3011820670411565,0.3095,0.3205,0.31431342,0.315,80916.53,BTC-25DEC26,0.4182,-0.84612,105.34762,109.4,0.0,0.01100000000000001,BTC,79849.15,0.0
2026-09-06T07:50:16.801142+00:00,BTC-25SEP26-73000-P,79950.87,BTC-25SEP26,put,73000.0,2026-09-25T08:00:00+00:00,0.05203764541213527,0.006,0.007,0.00646669,0.0065,79950.87,BTC-25SEP26,0.3837,-0.13947,40.5031,764.1,1.2,0.001,BTC,79849.15,622.65
2026-09-06T07:50:16.801142+00:00,BTC-6SEP26-76500-P,79837.07,BTC-6SEP26,put,76500.0,2026-09-06T08:00:00+00:00,1.84804566253454e-05,,0.0001,0.0,,79837.07,BTC-6SEP26,0.3208,0.0,0.0,48.4,0.0,,BTC,79849.15,0.0
2026-09-06T07:50:16.801142+00:00,BTC-25DEC26-200000-P,80916.27,BTC-25DEC26,put,200000.0,2026-12-25T08:00:00+00:00,0.3011820670411565,1.46,1.4905,1.47241375,1.47525,80916.27,BTC-25DEC26,0.6279,-0.99291,8.75188,0.0,0.0,0.03049999999999997,BTC,79849.15,0.0
2026-09-06T07:50:16.801142+00:00,BTC-27NOV26-106000-C,80606.74,BTC-27NOV26,call,106000.0,2026-11-27T08:00:00+00:00,0.22452224500145768,0.009,0.01,0.00966681,0.0095,80606.74,BTC-27NOV26,0.4301,0.10724,70.5454,15.4,0.1,0.0010000000000000009,BTC,79849.15,75.78
2026-09-06T07:50:16.801142+00:00,BTC-27NOV26-102000-P,80606.52,BTC-27NOV26,put,102000.0,2026-11-27T08:00:00+00:00,0.22452224500145768,0.273,0.284,0.27842628,0.2785,80606.52,BTC-27NOV26,0.4204,-0.86031,84.91525,0.0,0.0,0.010999999999999954,BTC,79849.15,0.0
2026-09-06T07:50:16.801142+00:00,BTC-27NOV26-67000-P,80606.52,BTC-27NOV26,put,67000.0,2026-11-27T08:00:00+00:00,0.22452224500145768,0.0165,0.0175,0.01696486,0.017,80606.52,BTC-27NOV26,0.41759999999999997,-0.15076,89.38728,19.6,10.0,0.0010000000000000009,BTC,79849.15,13595.03
2026-09-06T07:50:16.801142+00:00,BTC-30OCT26-64000-P,80289.58,BTC-30OCT26,put,64000.0,2026-10-30T08:00:00+00:00,0.14786242296175883,0.006,0.0065,0.00623504,0.00625,80289.58,BTC-30OCT26,0.4388,-0.07666,44.45387,614.1,0.0,0.0004999999999999996,BTC,79849.15,0.0
2026-09-06T07:50:16.801142+00:00,BTC-30OCT26-75000-C,80289.58,BTC-30OCT26,call,75000.0,2026-10-30T08:00:00+00:00,0.14786242296175883,0.094,0.096,0.09521268,0.095,80289.58,BTC-30OCT26,0.37939999999999996,0.70541,106.49383,1172.1,0.0,0.0020000000000000018,BTC,79849.15,0.0
2026-09-06T07:50:16.801142+00:00,BTC-6SEP26-72000-C,79837.29,BTC-6SEP26,call,72000.0,2026-09-06T08:00:00+00:00,1.84804566253454e-05,0.095,0.1005,0.09816307,0.09775,79837.29,BTC-6SEP26,0.6036,0.31111,0.0,0.0,0.0,0.005500000000000005,BTC,79849.15,0.0
2026-09-06T07:50:16.801142+00:00,BTC-26MAR27-60000-C,81829.27,BTC-26MAR27,call,60000.0,2027-03-26T08:00:00+00:00,0.5503264886701777,0.2855,0.296,0.29272788,0.29075,81829.27,BTC-26MAR27,0.4437,0.86587,131.26462,649.0,0.0,0.01050000000000001,BTC,79849.15,0.0
2026-09-06T07:50:16.801142+00:00,BTC-25DEC26-170000-P,80916.53,BTC-25DEC26,put,170000.0,2026-12-25T08:00:00+00:00,0.3011820670411565,1.091,1.1175,1.10228226,1.10425,80916.53,BTC-25DEC26,0.5710000000000001,-0.98651,15.35657,0.1,0.0,0.026499999999999968,BTC,79849.11,0.0
2026-09-06T07:50:16.801142+00:00,BTC-6SEP26-84000-C,79837.07,BTC-6SEP26,call,84000.0,2026-09-06T08:00:00+00:00,1.84804566253454e-05,,0.0001,0.0,,79837.07,BTC-6SEP26,0.40759999999999996,0.0,0.0,104.9,0.1,,BTC,79849.15,0.8
2026-09-06T07:50:16.801142+00:00,BTC-6SEP26-80500-P,79837.07,BTC-6SEP26,put,80500.0,2026-09-06T08:00:00+00:00,1.84804566253454e-05,0.0055,0.012,0.00830379,0.00875,79837.07,BTC-6SEP26,0.2572,-0.31111,0.0,48.5,6.6,0.006500000000000001,BTC,79849.15,3667.22
2026-09-06T07:50:16.801142+00:00,BTC-30OCT26-85000-C,80289.58,BTC-30OCT26,call,85000.0,2026-10-30T08:00:00+00:00,0.14786242296175883,0.0345,0.0355,0.03508066,0.035,80289.58,BTC-30OCT26,0.3796,0.3755,117.16146,2048.5,38.1,0.000999999999999994,BTC,79849.11,107342.63
2026-09-06T07:50:16.801142+00:00,BTC-30OCT26-66000-P,80289.58,BTC-30OCT26,put,66000.0,2026-10-30T08:00:00+00:00,0.14786242296175883,0.0075,0.0085,0.00798073,0.008,80289.58,BTC-30OCT26,0.42,-0.09784,53.34239,163.2,1.2,0.0010000000000000009,BTC,79849.11,716.9
2026-09-06T07:50:16.801142+00:00,BTC-25DEC26-72000-C,80916.53,BTC-25DEC26,call,72000.0,2026-12-25T08:00:00+00:00,0.3011820670411565,0.1485,0.1505,0.14947616,0.1495,80916.53,BTC-25DEC26,0.40240000000000004,0.7386,144.48873,1273.4,0.0,0.0020000000000000018,BTC,79849.15,0.0
2026-09-06T07:50:16.801142+00:00,BTC-25SEP26-78000-C,79950.87,BTC-25SEP26,call,78000.0,2026-09-25T08:00:00+00:00,0.05203764541213527,0.046,0.0475,0.04675652,0.04675,79950.87,BTC-25SEP26,0.3686,0.63158,68.78942,5366.3,0.0,0.0015000000000000013,BTC,79849.11,0.0
2026-09-06T07:50:16.801142+00:00,BTC-25DEC26-40000-P,80916.53,BTC-25DEC26,put,40000.0,2026-12-25T08:00:00+00:00,0.3011820670411565,0.0023,0.0024,0.00231804,0.00235,80916.53,BTC-25DEC26,0.653,-0.01599,17.77507,4513.1,0.0,9.999999999999983e-05,BTC,79849.15,0.0
2026-09-06T07:50:16.801142+00:00,BTC-25DEC26-135000-C,80916.53,BTC-25DEC26,call,135000.0,2026-12-25T08:00:00+00:00,0.3011820670411565,0.0036,0.0042,0.0038926,0.0039,80916.53,BTC-25DEC26,0.49229999999999996,0.03931,37.7398,1372.4,0.0,0.0005999999999999998,BTC,79849.15,0.0
2026-09-06T07:50:16.801142+00:00,BTC-9SEP26-81500-C,79840.02,BTC-9SEP26,call,81500.0,2026-09-09T08:00:00+00:00,0.008232032818021649,0.0047,0.0055,0.00510579,0.0051,79840.02,BTC-9SEP26,0.35340000000000005,0.2659,23.77448,0.1,0.1,0.0007999999999999995,BTC,79849.15,44.0
2026-09-06T07:50:16.801142+00:00,BTC-25DEC26-104000-P,80916.53,BTC-25DEC26,put,104000.0,2026-12-25T08:00:00+00:00,0.3011820670411565,0.297,0.3095,0.3030487,0.30325,80916.53,BTC-25DEC26,0.4163,-0.8374,109.22865,0.1,0.0,0.012500000000000011,BTC,79849.15,0.0
2026-09-06T07:50:16.801142+00:00,BTC-30OCT26-76000-C,80289.58,BTC-30OCT26,call,76000.0,2026-10-30T08:00:00+00:00,0.14786242296175883,0.086,0.088,0.08690376,0.087,80289.58,BTC-30OCT26,0.37670000000000003,0.67419,111.27127,356.1,0.0,0.0020000000000000018,BTC,79849.15,0.0
2026-09-06T07:50:16.801142+00:00,BTC-7SEP26-78500-P,79827.06,BTC-7SEP26,put,78500.0,2026-09-07T08:00:00+00:00,0.002756331243757447,0.0009,0.0012,0.00099507,0.00105,79827.06,BTC-7SEP26,0.2864,-0.1309,8.90898,190.3,79.1,0.0002999999999999999,BTC,79849.15,7509.54
2026-09-06T07:50:16.801142+00:00,BTC-25JUN27-68000-P,82771.4,BTC-25JUN27,put,68000.0,2027-06-25T08:00:00+00:00,0.7994709102991989,0.066,0.0685,0.06738098,0.06725,82771.4,BTC-25JUN27,0.43090000000000006,-0.24109,230.72381,13.6,0.2,0.0025000000000000022,BTC,79849.15,1065.53
2026-09-06T07:50:16.801142+00:00,BTC-25DEC26-85000-P,80916.53,BTC-25DEC26,put,85000.0,2026-12-25T08:00:00+00:00,0.3011820670411565,0.1145,0.116,0.11532713,0.11525,80916.53,BTC-25DEC26,0.3918,-0.54827,175.92132,584.6,0.6,0.0015000000000000013,BTC,79849.15,5573.5
2026-09-06T07:50:16.801142+00:00,BTC-27NOV26-95000-C,80606.52,BTC-27NOV26,call,95000.0,2026-11-27T08:00:00+00:00,0.22452224500145768,0.022,0.023,0.02253613,0.0225,80606.52,BTC-27NOV26,0.4044,0.22329,114.09572,32.3,0.6,0.0010000000000000009,BTC,79849.15,1078.77
2026-09-06T07:50:16.801142+00:00,BTC-25DEC26-84000-P,80916.53,BTC-25DEC26,put,84000.0,2026-12-25T08:00:00+00:00,0.3011820670411565,0.1065,0.108,0.10758604,0.10725,80916.53,BTC-25DEC26,0.39149999999999996,-0.52651,176.82885,86.9,0.0,0.0015000000000000013,BTC,79849.15,0.0
2026-09-06T07:50:16.801142+00:00,BTC-6SEP26-88000-P,79837.29,BTC-6SEP26,put,88000.0,2026-09-06T08:00:00+00:00,1.84804566253454e-05,0.0995,0.106,0.10224514,0.10275,79837.29,BTC-6SEP26,0.5775,-0.30889,0.0,0.0,0.0,0.006499999999999992,BTC,79849.15,0.0
2026-09-06T07:50:16.801142+00:00,BTC-30OCT26-70000-C,80289.58,BTC-30OCT26,call,70000.0,2026-10-30T08:00:00+00:00,0.14786242296175883,0.139,0.1455,0.14262193,0.14225,80289.58,BTC-30OCT26,0.3982,0.83447,76.82535,1099.6,0.0,0.006499999999999978,BTC,79849.15,0.0
2026-09-06T07:50:16.801142+00:00,BTC-18SEP26-81000-P,79910.85,BTC-18SEP26,put,81000.0,2026-09-18T08:00:00+00:00,0.03287268990221056,0.0345,0.036,0.0350885,0.03525,79910.85,BTC-18SEP26,0.3809,-0.56389,57.07857,32.9,0.0,0.0014999999999999944,BTC,79849.15,0.0
2026-09-06T07:50:16.801142+00:00,BTC-30OCT26-86000-C,80289.58,BTC-30OCT26,call,86000.0,2026-10-30T08:00:00+00:00,0.14786242296175883,0.031,0.032,0.03156965,0.0315,80289.58,BTC-30OCT26,0.38189999999999996,0.3467,113.99901,748.7,0.3,0.0010000000000000009,BTC,79849.15,737.7
2026-09-06T07:50:16.801142+00:00,BTC-9SEP26-76000-P,79840.02,BTC-9SEP26,put,76000.0,2026-09-09T08:00:00+00:00,0.008232032818021649,0.0009,0.0012,0.00101222,0.00105,79840.02,BTC-9SEP26,0.36829999999999996,-0.06789,9.50176,0.7,0.7,0.0002999999999999999,BTC,79849.15,50.27
2026-09-06T07:50:16.801142+00:00,BTC-25SEP26-84000-P,79950.87,BTC-25SEP26,put,84000.0,2026-09-25T08:00:00+00:00,0.05203764541213527,0.0655,0.0675,0.06667685,0.0665,79950.87,BTC-25SEP26,0.38380000000000003,-0.69852,63.57589,47.4,0.0,0.0020000000000000018,BTC,79849.15,0.0
2026-09-06T07:50:16.801142+00:00,BTC-27NOV26-120000-C,80606.52,BTC-27NOV26,call,120000.0,2026-11-27T08:00:00+00:00,0.22452224500145768,0.0038,0.0042,0.00405322,0.004,80606.52,BTC-27NOV26,0.47119999999999995,0.04746,37.79636,86.0,6.7,0.00039999999999999975,BTC,79849.15,2049.09
2026-09-06T07:50:16.801142+00:00,BTC-6SEP26-74000-P,79837.07,BTC-6SEP26,put,74000.0,2026-09-06T08:00:00+00:00,1.84804566253454e-05,,0.0001,0.0,,79837.07,BTC-6SEP26,0.46259999999999996,0.0,0.0,4.4,0.0,,BTC,79849.15,0.0
2026-09-06T07:50:16.801142+00:00,BTC-26MAR27-180000-P,81829.27,BTC-26MAR27,put,180000.0,2027-03-26T08:00:00+00:00,0.5503264886701777,1.1915,1.2245,1.20415145,1.208,81829.27,BTC-26MAR27,0.5236,-0.96672,45.01844,0.1,0.0,0.03299999999999992,BTC,79848.75,0.0
2026-09-06T07:50:16.801142+00:00,BTC-18SEP26-65000-C,79911.34,BTC-18SEP26,call,65000.0,2026-09-18T08:00:00+00:00,0.03287268990221056,0.184,0.1895,0.18702833,0.18675,79911.34,BTC-18SEP26,0.5207999999999999,0.98725,4.76969,0.0,0.0,0.005500000000000005,BTC,79848.75,0.0
2026-09-06T07:50:16.801142+00:00,BTC-25JUN27-72000-C,82771.19,BTC-25JUN27,call,72000.0,2027-06-25T08:00:00+00:00,0.7994709102991989,0.214,0.2165,0.21545199,0.21525,82771.19,BTC-25JUN27,0.4257,0.7111,252.97302,89.9,0.1,0.0025000000000000022,BTC,79848.75,1730.64
2026-09-06T07:50:16.801142+00:00,BTC-6SEP26-85000-C,79837.29,BTC-6SEP26,call,85000.0,2026-09-06T08:00:00+00:00,1.84804566253454e-05,,0.0001,0.0,,79837.29,BTC-6SEP26,0.4104,0.0,0.0,77.3,0.0,,BTC,79848.75,0.0
2026-09-06T07:50:16.801142+00:00,BTC-25JUN27-110000-P,82771.4,BTC-25JUN27,put,110000.0,2027-06-25T08:00:00+00:00,0.7994709102991989,0.3765,0.4005,0.38636491,0.3885,82771.4,BTC-25JUN27,0.4261,-0.71074,253.12426,2.3,0.0,0.02400000000000002,BTC,79848.99,0.0
2026-09-06T07:50:16.801142+00:00,BTC-25SEP26-150000-C,79951.36,BTC-25SEP26,call,150000.0,2026-09-25T08:00:00+00:00,0.05203764541213527,,0.0002,2.204e-05,,79951.36,BTC-25SEP26,0.8114,0.00047,0.30838,768.8,0.0,,BTC,79848.99,0.0
2026-09-06T07:50:16.801142+00:00,BTC-25SEP26-165000-P,79950.87,BTC-25SEP26,put,165000.0,2026-09-25T08:00:00+00:00,0.05203764541213527,1.0585,1.0695,1.06376528,1.064,79950.87,BTC-25SEP26,0.8449,-0.99987,0.08939,0.0,0.0,0.010999999999999899,BTC,79848.99,0.0
2026-09-06T07:50:16.801142+00:00,BTC-18SEP26-69000-P,79911.34,BTC-18SEP26,put,69000.0,2026-09-18T08:00:00+00:00,0.03287268990221056,0.001,0.0013,0.00112898,0.00115,79911.34,BTC-18SEP26,0.4532,-0.03383,10.89172,31.2,0.1,0.0002999999999999999,BTC,79848.99,7.18
2026-09-06T07:50:16.801142+00:00,BTC-25SEP26-60000-C,79950.87,BTC-25SEP26,call,60000.0,2026-09-25T08:00:00+00:00,0.05203764541213527,0.2475,0.252,0.24993124,0.24975,79950.87,BTC-25SEP26,0.5459,0.99103,4.42137,837.0,0.0,0.004500000000000004,BTC,79848.99,0.0
2026-09-06T07:50:16.801142+00:00,BTC-25SEP26-110000-P,79950.87,BTC-25SEP26,put,110000.0,2026-09-25T08:00:00+00:00,0.05203764541213527,0.3725,0.3815,0.37622706,0.377,79950.87,BTC-25SEP26,0.5763,-0.99082,4.51111,215.7,0.0,0.009000000000000008,BTC,79848.99,0.0
2026-09-06T07:50:16.801142+00:00,BTC-6SEP26-77500-P,79837.07,BTC-6SEP26,put,77500.0,2026-09-06T08:00:00+00:00,1.84804566253454e-05,,,0.0,,79837.07,BTC-6SEP26,0.3107,0.0,0.0,38.0,0.1,,BTC,79848.99,0.8
2026-09-06T07:50:16.801142+00:00,BTC-27NOV26-110000-C,80606.52,BTC-27NOV26,call,110000.0,2026-11-27T08:00:00+00:00,0.22452224500145768,0.007,0.008,0.0075056,0.0075,80606.52,BTC-27NOV26,0.44329999999999997,0.08465,59.26917,69.4,0.1,0.001,BTC,79848.99,63.8
2026-09-06T07:50:16.801142+00:00,BTC-7SEP26-83000-P,79827.29,BTC-7SEP26,put,83000.0,2026-09-07T08:00:00+00:00,0.002756331243757447,0.0375,0.0435,0.03993434,0.0405,79827.29,BTC-7SEP26,0.3771,-0.97494,2.45489,2.1,0.0,0.005999999999999998,BTC,79848.99,0.0
2026-09-06T07:50:16.801142+00:00,BTC-6SEP26-77500-C,79837.07,BTC-6SEP26,call,77500.0,2026-09-06T08:00:00+00:00,1.84804566253454e-05,0.026,0.0315,0.02927275,0.02875,79837.07,BTC-6SEP26,0.3107,0.30889,0.0,59.1,0.0,0.005500000000000001,BTC,79848.99,0.0
2026-09-06T07:50:16.801142+00:00,BTC-25DEC26-130000-C,80916.53,BTC-25DEC26,call,130000.0,2026-12-25T08:00:00+00:00,0.3011820670411565,0.0044,0.005,0.00471099,0.0047,80916.53,BTC-25DEC26,0.4794,0.04745,43.93833,1566.5,2.0,0.0005999999999999998,BTC,79848.99,783.7
2026-09-06T07:50:16.801142+00:00,BTC-25SEP26-240000-C,79950.87,BTC-25SEP26,call,240000.0,2026-09-25T08:00:00+00:00,0.05203764541213527,,0.0001,1.53e-06,,79950.87,BTC-25SEP26,1.156,3e-05,0.0212,211.9,0.0,,BTC,79848.99,0.0
2026-09-06T07:50:16.801142+00:00,BTC-26MAR27-92000-C,81829.27,BTC-26MAR27,call,92000.0,2027-03-26T08:00:00+00:00,0.5503264886701777,0.0735,0.0755,0.07453585,0.0745,81829.27,BTC-26MAR27,0.40630000000000005,0.40601,235.50286,261.2,0.0,0.0020000000000000018,BTC,79848.99,0.0
2026-09-06T07:50:16.801142+00:00,BTC-30OCT26-87000-C,80289.58,BTC-30OCT26,call,87000.0,2026-10-30T08:00:00+00:00,0.14786242296175883,0.028,0.029,0.02851371,0.0285,80289.58,BTC-30OCT26,0.3851,0.31998,110.44395,107.0,40.2,0.0010000000000000009,BTC,79848.99,86604.08
2026-09-06T07:50:16.801142+00:00,BTC-25JUN27-58000-P,82771.19,BTC-25JUN27,put,58000.0,2027-06-25T08:00:00+00:00,0.7994709102991989,0.034,0.0365,0.03527132,0.03525,82771.19,BTC-25JUN27,0.4542,-0.14038,165.08638,91.9,0.0,0.0024999999999999953,BTC,79848.99,0.0
2026-09-06T07:50:16.801142+00:00,BTC-27NOV26-71000-C,80606.52,BTC-27NOV26,call,71000.0,2026-11-27T08:00:00+00:00,0.22452224500145768,0.145,0.1475,0.14613337,0.14625,80606.52,BTC-27NOV26,0.4018,0.77686,114.0513,0.1,0.0,0.0025000000000000022,BTC,79848.99,0.0
2026-09-06T07:50:16.801142+00:00,BTC-11SEP26-68000-P,79845.35,BTC-11SEP26,put,68000.0,2026-09-11T08:00:00+00:00,0.013707734392285852,0.0001,0.0004,0.00016301,0.00025,79845.35,BTC-11SEP26,0.5692,-0.00731,1.89213,883.5,10.9,0.00030000000000000003,BTC,79848.99,175.1
2026-09-06T07:50:16.801142+00:00,BTC-7SEP26-70000-C,79827.06,BTC-7SEP26,call,70000.0,2026-09-07T08:00:00+00:00,0.002756331243757447,0.121,0.1255,0.12310443,0.12325,79827.06,BTC-7SEP26,0.5857,0.99999,0.0017,0.0,0.0,0.004500000000000004,BTC,79848.99,0.0
2026-09-06T07:50:16.801142+00:00,BTC-26MAR27-96000-P,81829.27,BTC-26MAR27,put,96000.0,2027-03-26T08:00:00+00:00,0.5503264886701777,0.229,0.245,0.23499893,0.237,81829.27,BTC-26MAR27,0.4083,-0.64644,225.74792,1.6,0.0,0.015999999999999986,BTC,79848.99,0.0
2026-09-06T07:50:16.801142+00:00,BTC-18SEP26-84000-P,79911.34,BTC-18SEP26,put,84000.0,2026-09-18T08:00:00+00:00,0.03287268990221056,0.0595,0.066,0.06170881,0.06275,79911.34,BTC-18SEP26,0.3948,-0.74561,46.48254,0.1,0.0,0.006500000000000006,BTC,79848.99,0.0
2026-09-06T07:50:16.801142+00:00,BTC-7SEP26-74000-C,79827.06,BTC-7SEP26,call,74000.0,2026-09-07T08:00:00+00:00,0.002756331243757447,0.0705,0.0755,0.07303843,0.073,79827.06,BTC-7SEP26,0.5569,0.99543,0.55909,0.0,0.0,0.0050000000000000044,BTC,79848.99,0.0
2026-09-06T07:50:16.801142+00:00,BTC-30OCT26-88000-C,80289.58,BTC-30OCT26,call,88000.0,2026-10-30T08:00:00+00:00,0.14786242296175883,0.025,0.026,0.02554597,0.0255,80289.58,BTC-30OCT26,0.3868,0.29395,106.38761,553.9,0.0,0.0009999999999999974,BTC,79848.99,0.0
2026-09-06T07:50:16.801142+00:00,BTC-18SEP26-75000-C,79910.85,BTC-18SEP26,call,75000.0,2026-09-18T08:00:00+00:00,0.03287268990221056,0.0645,0.0705,0.06791141,0.0675,79910.85,BTC-18SEP26,0.3799,0.8303,36.63496,35.1,0.0,0.0059999999999999915,BTC,79848.99,0.0
2026-09-06T07:50:16.801142+00:00,BTC-30OCT26-62000-C,80289.58,BTC-30OCT26,call,62000.0,2026-10-30T08:00:00+00:00,0.14786242296175883,0.229,0.2355,0.23261018,0.23225,80289.58,BTC-30OCT26,0.4567,0.94058,36.5134,13.5,0.0,0.006499999999999978,BTC,79848.99,0.0
2026-09-06T07:50:16.801142+00:00,BTC-25SEP26-115000-P,79950.87,BTC-25SEP26,put,115000.0,2026-09-25T08:00:00+00:00,0.05203764541213527,0.435,0.444,0.43859732,0.4395,79950.87,BTC-25SEP26,0.6054999999999999,-0.99476,2.74824,93.7,0.0,0.009000000000000008,BTC,79848.99,0.0
2026-09-06T07:50:16.801142+00:00,BTC-25JUN27-74000-C,82771.4,BTC-25JUN27,call,74000.0,2027-06-25T08:00:00+00:00,0.7994709102991989,0.1995,0.2025,0.20141897,0.201,82771.4,BTC-25JUN27,0.42369999999999997,0.6862,262.57128,20.7,0.3,0.0030000000000000027,BTC,79848.99,4828.73
2026-09-06T07:50:16.801142+00:00,BTC-25JUN27-68000-C,82771.4,BTC-25JUN27,call,68000.0,2027-06-25T08:00:00+00:00,0.7994709102991989,0.244,0.2475,0.24584574,0.24575,82771.4,BTC-25JUN27,0.43090000000000006,0.75891,230.72331,10.8,0.0,0.003500000000000003,BTC,79848.99,0.0
2026-09-06T07:50:16.801142+00:00,BTC-8SEP26-81500-P,79832.0,BTC-8SEP26,put,81500.0,2026-09-08T08:00:00+00:00,0.005494182030889547,0.021,0.027,0.023671,0.024,79832.0,BTC-8SEP26,0.3317,-0.79619,16.75826,0.0,0.0,0.005999999999999998,BTC,79848.99,0.0
2026-09-06T07:50:16.801142+00:00,BTC-9SEP26-83000-P,79840.02,BTC-9SEP26,put,83000.0,2026-09-09T08:00:00+00:00,0.008232032818021649,0.039,0.0455,0.04171547,0.04225,79840.02,BTC-9SEP26,0.3718,-0.87139,15.21436,0.0,0.0,0.006499999999999999,BTC,79848.99,0.0
2026-09-06T07:50:16.801142+00:00,BTC-25SEP26-75000-C,79950.87,BTC-25SEP26,call,75000.0,2026-09-25T08:00:00+00:00,0.05203764541213527,0.072,0.074,0.07288477,0.073,79950.87,BTC-25SEP26,0.37549999999999994,0.78493,53.31949,3352.8,0.0,0.0020000000000000018,BTC,79848.99,0.0
2026-09-06T07:50:16.801142+00:00,BTC-26MAR27-65000-P,81829.27,BTC-26MAR27,put,65000.0,2027-03-26T08:00:00+00:00,0.5503264886701777,0.0375,0.039,0.03840643,0.03825,81829.27,BTC-26MAR27,0.4276,-0.18826,163.85488,879.5,0.0,0.0015000000000000013,BTC,79848.99,0.0
2026-09-06T07:50:16.801142+00:00,BTC-30OCT26-57000-C,80289.58,BTC-30OCT26,call,57000.0,2026-10-30T08:00:00+00:00,0.14786242296175883,0.2895,0.2955,0.29278914,0.2925,80289.58,BTC-30OCT26,0.511,0.96721,22.6164,0.1,0.0,0.006000000000000005,BTC,79848.99,0.0
2026-09-06T07:50:16.801142+00:00,BTC-7SEP26-70000-P,79827.06,BTC-7SEP26,put,70000.0,2026-09-07T08:00:00+00:00,0.002756331243757447,,0.0001,6e-08,,79827.06,BTC-7SEP26,0.5857,-1e-05,0.0017,1.4,0.0,,BTC,79848.99,0.0
2026-09-06T07:50:16.801142+00:00,BTC-25DEC26-210000-C,80916.53,BTC-25DEC26,call,210000.0,2026-12-25T08:00:00+00:00,0.3011820670411565,0.0004,0.0008,0.00057564,0.0006,80916.53,BTC-25DEC26,0.6412,0.00565,7.16138,162.3,0.0,0.0004,BTC,79848.99,0.0
2026-09-06T07:50:16.801142+00:00,BTC-25DEC26-92000-C,80916.53,BTC-25DEC26,call,92000.0,2026-12-25T08:00:00+00:00,0.3011820670411565,0.039,0.04,0.03973784,0.0395,80916.53,BTC-25DEC26,0.3968,0.31548,157.90761,376.7,0.0,0.0010000000000000009,BTC,79848.99,0.0
2026-09-06T07:50:16.801142+00:00,BTC-25SEP26-240000-P,79950.87,BTC-25SEP26,put,240000.0,2026-09-25T08:00:00+00:00,0.05203764541213527,1.9915,2.014,2.00183377,2.00275,79950.87,BTC-25SEP26,1.156,-0.99997,0.0212,0.0,0.0,0.022499999999999742,BTC,79848.99,0.0
2026-09-06T07:50:16.801142+00:00,BTC-7SEP26-77000-P,79827.06,BTC-7SEP26,put,77000.0,2026-09-07T08:00:00+00:00,0.002756331243757447,0.0002,0.0004,0.00024969,0.0003,79827.06,BTC-7SEP26,0.3735,-0.03249,3.04631,27.3,0.8,0.0002,BTC,79849.49,9.57
2026-09-06T07:50:16.801142+00:00,BTC-6SEP26-73000-P,79837.29,BTC-6SEP26,put,73000.0,2026-09-06T08:00:00+00:00,1.84804566253454e-05,,0.0001,0.0,,79837.29,BTC-6SEP26,0.5395,0.0,0.0,3.6,0.0,,BTC,79848.99,0.0
2026-09-06T07:50:16.801142+00:00,BTC-26MAR27-90000-C,81829.27,BTC-26MAR27,call,90000.0,2027-03-26T08:00:00+00:00,0.5503264886701777,0.0805,0.0825,0.08158955,0.0815,81829.27,BTC-26MAR27,0.4047,0.43379,238.9145,555.2,0.2,0.0020000000000000018,BTC,79849.49,1294.36
2026-09-06T07:50:16.801142+00:00,BTC-9SEP26-77500-P,79840.02,BTC-9SEP26,put,77500.0,2026-09-09T08:00:00+00:00,0.008232032818021649,0.0024,0.0027,0.00257483,0.00255,79840.02,BTC-9SEP26,0.33380000000000004,-0.15928,17.57836,20.0,20.0,0.00030000000000000035,BTC,79849.49,3836.05
2026-09-06T07:50:16.801142+00:00,BTC-25SEP26-79000-P,79950.87,BTC-25SEP26,put,79000.0,2026-09-25T08:00:00+00:00,0.05203764541213527,0.0275,0.028,0.0277879,0.02775,79950.87,BTC-25SEP26,0.36920000000000003,-0.42683,71.55796,1036.0,3.2,0.0005000000000000004,BTC,79849.49,7093.97
2026-09-06T07:50:16.801142+00:00,BTC-9SEP26-80500-P,79840.02,BTC-9SEP26,put,80500.0,2026-09-09T08:00:00+00:00,0.008232032818021649,0.016,0.017,0.01681239,0.0165,79840.02,BTC-9SEP26,0.33659999999999995,-0.6002,27.99037,0.0,0.0,0.0010000000000000009,BTC,79849.49,0.0
2026-09-06T07:50:16.801142+00:00,BTC-25SEP26-95000-P,79950.87,BTC-25SEP26,put,95000.0,2026-09-25T08:00:00+00:00,0.05203764541213527,0.1875,0.1945,0.19048321,0.191,79950.87,BTC-25SEP26,0.45439999999999997,-0.94644,19.87552,147.6,0.0,0.007000000000000006,BTC,79849.49,0.0
2026-09-06T07:50:16.801142+00:00,BTC-25DEC26-86000-C,80916.53,BTC-25DEC26,call,86000.0,2026-12-25T08:00:00+00:00,0.3011820670411565,0.06,0.061,0.06055271,0.0605,80916.53,BTC-25DEC26,0.3924,0.4305,174.52542,324.3,0.0,0.0010000000000000009,BTC,79849.49,0.0
2026-09-06T07:50:16.801142+00:00,BTC-27NOV26-84000-C,80606.74,BTC-27NOV26,call,84000.0,2026-11-27T08:00:00+00:00,0.22452224500145768,0.055,0.0565,0.05583635,0.05575,80606.74,BTC-27NOV26,0.38909999999999995,0.44779,151.12256,24.8,0.0,0.0015000000000000013,BTC,79849.49,0.0
2026-09-06T07:50:16.801142+00:00,BTC-25JUN27-90000-P,82771.4,BTC-25JUN27,put,90000.0,2027-06-25T08:00:00+00:00,0.7994709102991989,0.2,0.2045,0.20169343,0.20225,82771.4,BTC-25JUN27,0.4165,-0.51534,295.14346,0.5,0.0,0.004499999999999976,BTC,79849.49,0.0
2026-09-06T07:50:16.801142+00:00,BTC-30OCT26-68000-P,80289.58,BTC-30OCT26,put,68000.0,2026-10-30T08:00:00+00:00,0.14786242296175883,0.0105,0.011,0.01080711,0.01075,80289.58,BTC-30OCT26,0.409,-0.12822,64.71277,1513.6,1.1,0.0004999999999999987,BTC,79849.49,966.15
2026-09-06T07:50:16.801142+00:00,BTC-26MAR27-160000-P,81829.78,BTC-26MAR27,put,160000.0,2027-03-26T08:00:00+00:00,0.5503264886701777,0.951,0.9785,0.96201138,0.96475,81829.78,BTC-26MAR27,0.4943,-0.94999,62.63857,0.1,0.0,0.02750000000000008,BTC,79849.49,0.0
2026-09-06T07:50:16.801142+00:00,BTC-7SEP26-81500-C,79827.29,BTC-7SEP26,call,81500.0,2026-09-07T08:00:00+00:00,0.002756331243757447,0.0008,0.0011,0.00094059,0.00095,79827.29,BTC-7SEP26,0.32520000000000004,0.11317,8.04271,51.5,26.9,0.00030000000000000003,BTC,79842.81,1777.79
2026-09-06T07:50:16.801142+00:00,BTC-7SEP26-71000-P,79827.29,BTC-7SEP26,put,71000.0,2026-09-07T08:00:00+00:00,0.002756331243757447,,0.0001,2.5e-07,,79827.29,BTC-7SEP26,0.5644,-4e-05,0.0064,4.5,0.0,,BTC,79842.81,0.0
2026-09-06T07:50:16.801142+00:00,BTC-25DEC26-74000-C,80916.27,BTC-25DEC26,call,74000.0,2026-12-25T08:00:00+00:00,0.3011820670411565,0.132,0.134,0.13293564,0.133,80916.27,BTC-25DEC26,0.3985,0.69776,154.97254,138.9,0.0,0.0020000000000000018,BTC,79842.81,0.0
2026-09-06T07:50:16.801142+00:00,BTC-6SEP26-81500-C,79837.29,BTC-6SEP26,call,81500.0,2026-09-06T08:00:00+00:00,1.84804566253454e-05,,0.0001,0.0,,79837.29,BTC-6SEP26,0.3862,0.0,0.0,57.4,29.0,,BTC,79842.81,477.73
2026-09-06T07:50:16.801142+00:00,BTC-8SEP26-90000-P,79832.0,BTC-8SEP26,put,90000.0,2026-09-08T08:00:00+00:00,0.005494182030889547,0.1245,0.131,0.12738108,0.12775,79832.0,BTC-8SEP26,0.5407,-0.99851,0.28693,0.0,0.0,0.006500000000000006,BTC,79842.81,0.0
2026-09-06T07:50:16.801142+00:00,BTC-25SEP26-58000-P,79950.87,BTC-25SEP26,put,58000.0,2026-09-25T08:00:00+00:00,0.05203764541213527,0.0002,0.0005,0.00030135,0.00035,79950.87,BTC-25SEP26,0.5842,-0.00668,3.40987,1315.7,0.0,0.00030000000000000003,BTC,79842.81,0.0
2026-09-06T07:50:16.801142+00:00,BTC-18SEP26-76000-P,79910.85,BTC-18SEP26,put,76000.0,2026-09-18T08:00:00+00:00,0.03287268990221056,0.0085,0.0095,0.00894556,0.009,79910.85,BTC-18SEP26,0.3762,-0.22093,43.01627,172.4,9.6,0.0009999999999999992,BTC,79842.81,6758.19
2026-09-06T07:50:16.801142+00:00,BTC-25DEC26-54000-C,80916.27,BTC-25DEC26,call,54000.0,2026-12-25T08:00:00+00:00,0.3011820670411565,0.336,0.342,0.33917273,0.339,80916.27,BTC-25DEC26,0.49310000000000004,0.94836,47.00668,33.1,0.0,0.006000000000000005,BTC,79833.66,0.0
2026-09-06T07:50:16.801142+00:00,BTC-25DEC26-200000-C,80916.27,BTC-25DEC26,call,200000.0,2026-12-25T08:00:00+00:00,0.3011820670411565,0.0006,0.001,0.00072295,0.0008,80916.27,BTC-25DEC26,0.6279,0.00708,8.74575,969.4,0.0,0.0004000000000000001,BTC,79833.66,0.0
2026-09-06T07:50:16.801142+00:00,BTC-27NOV26-71000-P,80606.52,BTC-27NOV26,put,71000.0,2026-11-27T08:00:00+00:00,0.22452224500145768,0.0265,0.0275,0.02695596,0.027,80606.52,BTC-27NOV26,0.4018,-0.22326,114.07751,20.3,0.0,0.0010000000000000009,BTC,79833.66,0.0
2026-09-06T07:50:16.801142+00:00,BTC-7SEP26-76000-P,79827.29,BTC-7SEP26,put,76000.0,2026-09-07T08:00:00+00:00,0.002756331243757447,0.0001,0.0002,0.00012472,0.00015,79827.29,BTC-7SEP26,0.4347,-0.01555,1.63647,41.5,5.3,0.0001,BTC,79833.66,42.27
2026-09-06T07:50:16.801142+00:00,BTC-25SEP26-320000-C,79950.87,BTC-25SEP26,call,320000.0,2026-09-25T08:00:00+00:00,0.05203764541213527,,0.0001,9.6e-07,,79950.87,BTC-25SEP26,1.4015,1e-05,0.01182,304.6,0.0,,BTC,79833.66,0.0
2026-09-06T07:50:16.801142+00:00,BTC-25JUN27-72000-P,82771.4,BTC-25JUN27,put,72000.0,2027-06-25T08:00:00+00:00,0.7994709102991989,0.084,0.0865,0.08531283,0.08525,82771.4,BTC-25JUN27,0.4257,-0.28919,253.01129,47.6,0.3,0.0024999999999999883,BTC,79822.69,2018.27
2026-09-06T07:50:16.801142+00:00,BTC-6SEP26-75500-P,79837.07,BTC-6SEP26,put,75500.0,2026-09-06T08:00:00+00:00,1.84804566253454e-05,,0.0001,0.0,,79837.07,BTC-6SEP26,0.36590000000000006,0.0,0.0,19.6,0.0,,BTC,79833.66,0.0
2026-09-06T07:50:16.801142+00:00,BTC-11SEP26-86000-P,79845.35,BTC-11SEP26,put,86000.0,2026-09-11T08:00:00+00:00,0.013707734392285852,0.076,0.083,0.07862264,0.0795,79845.35,BTC-11SEP26,0.4249,-0.92932,12.64714,1.4,0.0,0.007000000000000006,BTC,79822.69,0.0
2026-09-06T07:50:16.801142+00:00,BTC-25DEC26-45000-C,80916.53,BTC-25DEC26,call,45000.0,2026-12-25T08:00:00+00:00,0.3011820670411565,0.4445,0.449,0.44707129,0.44675,80916.53,BTC-25DEC26,0.5863,0.97631,24.81037,54.3,0.0,0.004500000000000004,BTC,79821.08,0.0
2026-09-06T07:50:16.801142+00:00,BTC-25JUN27-70000-C,82771.19,BTC-25JUN27,call,70000.0,2027-06-25T08:00:00+00:00,0.7994709102991989,0.2285,0.232,0.23033038,0.23025,82771.19,BTC-25JUN27,0.42829999999999996,0.73507,242.38476,195.5,0.0,0.003500000000000003,BTC,79821.08,0.0
2026-09-06T07:50:16.801142+00:00,BTC-7SEP26-83500-C,79827.29,BTC-7SEP26,call,83500.0,2026-09-07T08:00:00+00:00,0.002756331243757447,0.0001,0.0002,0.00016288,0.00015,79827.29,BTC-7SEP26,0.4164,0.0196,1.99401,41.4,14.1,0.0001,BTC,79821.08,129.99
2026-09-06T07:50:16.801142+00:00,BTC-11SEP26-64000-C,79845.35,BTC-11SEP26,call,64000.0,2026-09-11T08:00:00+00:00,0.013707734392285852,0.196,0.201,0.1984791,0.1985,79845.35,BTC-11SEP26,0.6355,0.99867,0.40828,0.0,0.0,0.0050000000000000044,BTC,79821.08,0.0
2026-09-06T07:50:16.801142+00:00,BTC-7SEP26-81000-P,79827.29,BTC-7SEP26,put,81000.0,2026-09-07T08:00:00+00:00,0.002756331243757447,0.0145,0.0185,0.01633164,0.0165,79827.29,BTC-7SEP26,0.3085,-0.81941,11.01702,99.2,0.0,0.003999999999999998,BTC,79821.08,0.0
2026-09-06T07:50:16.801142+00:00,BTC-25DEC26-68000-P,80916.53,BTC-25DEC26,put,68000.0,2026-12-25T08:00:00+00:00,0.3011820670411565,0.026,0.027,0.02649791,0.0265,80916.53,BTC-25DEC26,0.4138,-0.1901,120.54365,553.3,0.4,0.0010000000000000009,BTC,79821.08,837.69
2026-09-06T07:50:16.801142+00:00,BTC-26MAR27-98000-P,81829.27,BTC-26MAR27,put,98000.0,2027-03-26T08:00:00+00:00,0.5503264886701777,0.248,0.2645,0.25409494,0.25625,81829.27,BTC-26MAR27,0.41,-0.67065,219.66205,0.2,0.0,0.016500000000000015,BTC,79821.08,0.0
2026-09-06T07:50:16.801142+00:00,BTC-25DEC26-115000-P,80916.53,BTC-25DEC26,put,115000.0,2026-12-25T08:00:00+00:00,0.3011820670411565,0.4255,0.4375,0.43073025,0.4315,80916.53,BTC-25DEC26,0.4424,-0.90782,73.40523,5.0,0.0,0.01200000000000001,BTC,79819.67,0.0
2026-09-06T07:50:16.801142+00:00,BTC-9SEP26-79500-P,79840.02,BTC-9SEP26,put,79500.0,2026-09-09T08:00:00+00:00,0.008232032818021649,0.0095,0.0105,0.00978323,0.01,79840.02,BTC-9SEP26,0.32630000000000003,-0.44097,28.58077,0.6,0.6,0.0010000000000000009,BTC,79821.08,521.47
2026-09-06T07:50:16.801142+00:00,BTC-7SEP26-82000-C,79827.06,BTC-7SEP26,call,82000.0,2026-09-07T08:00:00+00:00,0.002756331243757447,0.0004,0.0006,0.00053762,0.0005,79827.06,BTC-7SEP26,0.3417,0.06581,5.36414,100.9,20.3,0.00019999999999999993,BTC,79819.67,996.94
2026-09-06T07:50:16.801142+00:00,BTC-25JUN27-78000-P,82771.19,BTC-25JUN27,put,78000.0,2027-06-25T08:00:00+00:00,0.7994709102991989,0.116,0.1195,0.11761704,0.11775,82771.19,BTC-25JUN27,0.4199,-0.36505,278.19625,104.6,0.0,0.0034999999999999892,BTC,79819.67,0.0
2026-09-06T07:50:16.801142+00:00,BTC-8SEP26-82500-C,79831.36,BTC-8SEP26,call,82500.0,2026-09-08T08:00:00+00:00,0.005494182030889547,0.0013,0.0016,0.00143728,0.00145,79831.36,BTC-8SEP26,0.3607,0.10954,11.0917,47.0,28.9,0.00030000000000000014,BTC,79819.67,1869.94
2026-09-06T07:50:16.801142+00:00,BTC-30OCT26-48000-P,80289.58,BTC-30OCT26,put,48000.0,2026-10-30T08:00:00+00:00,0.14786242296175883,0.0009,0.0013,0.00104601,0.0011,80289.58,BTC-30OCT26,0.623,-0.01175,9.46928,194.3,0.0,0.00039999999999999996,BTC,79819.67,0.0
2026-09-06T07:50:16.801142+00:00,BTC-25SEP26-84000-C,79951.36,BTC-25SEP26,call,84000.0,2026-09-25T08:00:00+00:00,0.05203764541213527,0.0155,0.0165,0.01603557,0.016,79951.36,BTC-25SEP26,0.38380000000000003,0.29998,63.4099,5079.9,1.0,0.0010000000000000009,BTC,79819.67,1220.54
2026-09-06T07:50:16.801142+00:00,BTC-8SEP26-87000-P,79832.0,BTC-8SEP26,put,87000.0,2026-09-08T08:00:00+00:00,0.005494182030889547,0.087,0.0935,0.08994796,0.09025,79832.0,BTC-8SEP26,0.5127,-0.98783,1.87004,0.0,0.0,0.006500000000000006,BTC,79819.67,0.0
2026-09-06T07:50:16.801142+00:00,BTC-25DEC26-102000-P,80916.53,BTC-25DEC26,put,102000.0,2026-12-25T08:00:00+00:00,0.3011820670411565,0.275,0.287,0.28075646,0.281,80916.53,BTC-25DEC26,0.41240000000000004,-0.81889,116.97107,7.8,0.0,0.011999999999999955,BTC,79820.68,0.0
2026-09-06T07:50:16.801142+00:00,BTC-25JUN27-120000-C,82771.19,BTC-25JUN27,call,120000.0,2027-06-25T08:00:00+00:00,0.7994709102991989,0.041,0.043,0.04202277,0.042,82771.19,BTC-25JUN27,0.435,0.22332,221.01817,292.9,0.0,0.001999999999999995,BTC,79820.68,0.0
2026-09-06T07:50:16.801142+00:00,BTC-25SEP26-165000-C,79950.87,BTC-25SEP26,call,165000.0,2026-09-25T08:00:00+00:00,0.05203764541213527,,0.0001,5.62e-06,,79950.87,BTC-25SEP26,0.8449,0.00012,0.08871,266.6,0.0,,BTC,79820.68,0.0
2026-09-06T07:50:16.801142+00:00,BTC-25SEP26-65000-P,79950.87,BTC-25SEP26,put,65000.0,2026-09-25T08:00:00+00:00,0.05203764541213527,0.0011,0.0012,0.00108514,0.00115,79950.87,BTC-25SEP26,0.4775,-0.02554,10.85139,981.6,1.8,9.999999999999983e-05,BTC,79820.68,168.14
2026-09-06T07:50:16.801142+00:00,BTC-11SEP26-74000-C,79845.35,BTC-11SEP26,call,74000.0,2026-09-11T08:00:00+00:00,0.013707734392285852,0.071,0.0765,0.07424429,0.07375,79845.35,BTC-11SEP26,0.4035,0.94788,9.96472,17.9,0.0,0.005500000000000005,BTC,79820.99,0.0
2026-09-06T07:50:16.801142+00:00,BTC-6SEP26-82500-C,79837.07,BTC-6SEP26,call,82500.0,2026-09-06T08:00:00+00:00,1.84804566253454e-05,,0.0001,0.0,,79837.07,BTC-6SEP26,0.4075,0.0,0.0,61.5,0.3,,BTC,79820.68,2.4
2026-09-06T07:50:16.801142+00:00,BTC-8SEP26-70000-P,79832.0,BTC-8SEP26,put,70000.0,2026-09-08T08:00:00+00:00,0.005494182030889547,,0.0001,3.219e-05,,79832.0,BTC-8SEP26,0.6307,-0.00235,0.43438,25.5,25.5,,BTC,79820.99,204.23
2026-09-06T07:50:16.801142+00:00,BTC-9SEP26-82500-C,79840.24,BTC-9SEP26,call,82500.0,2026-09-09T08:00:00+00:00,0.008232032818021649,0.0027,0.0031,0.00283931,0.0029,79840.24,BTC-9SEP26,0.3639,0.16219,17.78114,5.2,5.2,0.00039999999999999975,BTC,79820.99,1240.71
2026-09-06T07:50:16.801142+00:00,BTC-25JUN27-106000-P,82771.19,BTC-25JUN27,put,106000.0,2027-06-25T08:00:00+00:00,0.7994709102991989,0.3365,0.36,0.34613475,0.34825,82771.19,BTC-25JUN27,0.42310000000000003,-0.67913,264.961,0.0,0.0,0.023499999999999965,BTC,79820.99,0.0
2026-09-06T07:50:16.801142+00:00,BTC-26MAR27-170000-P,81829.27,BTC-26MAR27,put,170000.0,2027-03-26T08:00:00+00:00,0.5503264886701777,1.071,1.101,1.08297605,1.086,81829.27,BTC-26MAR27,0.5103,-0.95928,53.07604,0.2,0.0,0.030000000000000027,BTC,79820.99,0.0
2026-09-06T07:50:16.801142+00:00,BTC-25SEP26-160000-P,79950.87,BTC-25SEP26,put,160000.0,2026-09-25T08:00:00+00:00,0.05203764541213527,0.995,1.01,1.00122796,1.0025,79950.87,BTC-25SEP26,0.8188,-0.99985,0.10319,0.6,0.0,0.015000000000000013,BTC,79820.99,0.0
2026-09-06T07:50:16.801142+00:00,BTC-25SEP26-80000-P,79950.87,BTC-25SEP26,put,80000.0,2026-09-25T08:00:00+00:00,0.05203764541213527,0.0335,0.0345,0.03401336,0.034,79950.87,BTC-25SEP26,0.3703,-0.48771,72.72369,1519.7,1.5,0.0010000000000000009,BTC,79821.0,4032.5
2026-09-06T07:50:16.801142+00:00,BTC-30OCT26-104000-P,80289.58,BTC-30OCT26,put,104000.0,2026-10-30T08:00:00+00:00,0.14786242296175883,0.296,0.306,0.30059065,0.301,80289.58,BTC-30OCT26,0.4403,-0.92582,43.34063,0.0,0.0,0.010000000000000009,BTC,79821.0,0.0
2026-09-06T07:50:16.801142+00:00,BTC-7SEP26-76000-C,79827.29,BTC-7SEP26,call,76000.0,2026-09-07T08:00:00+00:00,0.002756331243757447,0.045,0.0505,0.04806661,0.04775,79827.29,BTC-7SEP26,0.4347,0.98417,1.6616,0.8,0.0,0.005500000000000005,BTC,79821.0,0.0
2026-09-06T07:50:16.801142+00:00,BTC-30OCT26-91000-P,80289.58,BTC-30OCT26,put,91000.0,2026-10-30T08:00:00+00:00,0.14786242296175883,0.148,0.1575,0.15192549,0.15275,80289.58,BTC-30OCT26,0.3944,-0.77388,92.85511,0.2,0.0,0.009500000000000008,BTC,79821.0,0.0
2026-09-06T07:50:16.801142+00:00,BTC-6SEP26-68000-C,79837.07,BTC-6SEP26,call,68000.0,2026-09-06T08:00:00+00:00,1.84804566253454e-05,0.145,0.1505,0.14826512,0.14775,79837.07,BTC-6SEP26,0.8551000000000001,0.3,0.0,0.0,0.0,0.005500000000000005,BTC,79821.0,0.0
2026-09-06T07:50:16.801142+00:00,BTC-25SEP26-180000-C,79950.87,BTC-25SEP26,call,180000.0,2026-09-25T08:00:00+00:00,0.05203764541213527,,0.0001,3.91e-06,,79950.87,BTC-25SEP26,0.9184,8e-05,0.05981,792.3,0.0,,BTC,79821.0,0.0
2026-09-06T07:50:16.801142+00:00,BTC-8SEP26-79000-C,79832.0,BTC-8SEP26,call,79000.0,2026-09-08T08:00:00+00:00,0.005494182030889547,0.014,0.016,0.0150989,0.015,79832.0,BTC-8SEP26,0.3037,0.67775,21.22055,5.7,0.0,0.002,BTC,79821.0,0.0
2026-09-06T07:50:16.801142+00:00,BTC-26MAR27-90000-P,81829.78,BTC-26MAR27,put,90000.0,2027-03-26T08:00:00+00:00,0.5503264886701777,0.18,0.183,0.18143418,0.1815,81829.78,BTC-26MAR27,0.4047,-0.56669,238.77828,14.1,0.0,0.0030000000000000027,BTC,79821.5,0.0
2026-09-06T07:50:16.801142+00:00,BTC-18SEP26-68000-C,79911.34,BTC-18SEP26,call,68000.0,2026-09-18T08:00:00+00:00,0.03287268990221056,0.1465,0.152,0.14984139,0.14925,79911.34,BTC-18SEP26,0.461,0.97548,8.33046,2.0,0.0,0.005500000000000005,BTC,79821.5,0.0
2026-09-06T07:50:16.801142+00:00,BTC-30OCT26-80000-P,80289.58,BTC-30OCT26,put,80000.0,2026-10-30T08:00:00+00:00,0.14786242296175883,0.055,0.056,0.05555448,0.0555,80289.58,BTC-30OCT26,0.3747,-0.46221,122.6165,951.0,1.0,0.0010000000000000009,BTC,79821.5,4399.61
2026-09-06T07:50:16.801142+00:00,BTC-26MAR27-54000-P,81829.27,BTC-26MAR27,put,54000.0,2027-03-26T08:00:00+00:00,0.5503264886701777,0.015,0.0165,0.01576345,0.01575,81829.27,BTC-26MAR27,0.4679,-0.0854,94.795,84.0,0.0,0.0015000000000000013,BTC,79821.5,0.0
2026-09-06T07:50:16.801142+00:00,BTC-27NOV26-93000-C,80606.52,BTC-27NOV26,call,93000.0,2026-11-27T08:00:00+00:00,0.22452224500145768,0.026,0.027,0.02654468,0.0265,80606.52,BTC-27NOV26,0.4007,0.25464,122.55707,28.2,0.0,0.0010000000000000009,BTC,79821.5,0.0
2026-09-06T07:50:16.801142+00:00,BTC-18SEP26-82000-C,79910.85,BTC-18SEP26,call,82000.0,2026-09-18T08:00:00+00:00,0.03287268990221056,0.017,0.0175,0.01705434,0.01725,79910.85,BTC-18SEP26,0.3851,0.36741,54.58016,1279.8,37.2,0.0005000000000000004,BTC,79821.85,47551.91
2026-09-06T07:50:16.801142+00:00,BTC-26MAR27-60000-P,81829.27,BTC-26MAR27,put,60000.0,2027-03-26T08:00:00+00:00,0.5503264886701777,0.025,0.027,0.02595763,0.026,81829.27,BTC-26MAR27,0.4437,-0.13437,131.37533,805.2,3.0,0.0019999999999999983,BTC,79821.85,6450.27
2026-09-06T07:50:16.801142+00:00,BTC-8SEP26-73000-P,79832.0,BTC-8SEP26,put,73000.0,2026-09-08T08:00:00+00:00,0.005494182030889547,,0.0004,0.00013054,,79832.0,BTC-8SEP26,0.5217,-0.01007,1.58693,11.6,5.4,,BTC,79821.85,59.84
2026-09-06T07:50:16.801142+00:00,BTC-25DEC26-65000-C,80916.53,BTC-25DEC26,call,65000.0,2026-12-25T08:00:00+00:00,0.3011820670411565,0.2125,0.2205,0.2162118,0.2165,80916.53,BTC-25DEC26,0.4253,0.8539,101.72743,920.8,0.0,0.008000000000000007,BTC,79821.85,0.0
2026-09-06T07:50:16.801142+00:00,BTC-30OCT26-110000-P,80289.58,BTC-30OCT26,put,110000.0,2026-10-30T08:00:00+00:00,0.14786242296175883,0.369,0.3805,0.37323955,0.37475,80289.58,BTC-30OCT26,0.46270000000000006,-0.95369,29.94741,0.0,0.0,0.01150000000000001,BTC,79821.85,0.0
2026-09-06T07:50:16.801142+00:00,BTC-9SEP26-78000-C,79840.02,BTC-9SEP26,call,78000.0,2026-09-09T08:00:00+00:00,0.008232032818021649,0.0255,0.028,0.0266593,0.02675,79840.02,BTC-9SEP26,0.32689999999999997,0.78523,21.15152,0.0,0.0,0.0025000000000000022,BTC,79821.85,0.0
2026-09-06T07:50:16.801142+00:00,BTC-9SEP26-80000-C,79840.02,BTC-9SEP26,call,80000.0,2026-09-09T08:00:00+00:00,0.008232032818021649,0.0105,0.0115,0.01105989,0.011,79840.02,BTC-9SEP26,0.3321,0.47522,28.84142,0.1,0.1,0.0009999999999999992,BTC,79821.85,91.97
2026-09-06T07:50:16.801142+00:00,BTC-25DEC26-190000-C,80916.53,BTC-25DEC26,call,190000.0,2026-12-25T08:00:00+00:00,0.3011820670411565,0.0007,0.0011,0.00086995,0.0009,80916.53,BTC-25DEC26,0.6098,0.00858,10.34595,1026.7,0.0,0.0004000000000000001,BTC,79821.85,0.0
2026-09-06T07:50:16.801142+00:00,BTC-25SEP26-105000-P,79951.36,BTC-25SEP26,put,105000.0,2026-09-25T08:00:00+00:00,0.05203764541213527,0.3105,0.318,0.31395797,0.31425,79951.36,BTC-25SEP26,0.5389,-0.98451,7.10168,105.4,0.0,0.007500000000000007,BTC,79821.85,0.0
2026-09-06T07:50:16.801142+00:00,BTC-6SEP26-80000-P,79837.29,BTC-6SEP26,put,80000.0,2026-09-06T08:00:00+00:00,1.84804566253454e-05,0.0012,0.003,0.00204824,0.0021,79837.29,BTC-6SEP26,0.22719999999999999,-0.29586,0.0599,68.1,11.5,0.0018000000000000002,BTC,79821.85,2306.77
2026-09-06T07:50:16.801142+00:00,BTC-8SEP26-78500-C,79832.0,BTC-8SEP26,call,78500.0,2026-09-08T08:00:00+00:00,0.005494182030889547,0.019,0.021,0.01973853,0.02,79832.0,BTC-8SEP26,0.3085,0.76798,18.05391,0.2,0.0,0.0020000000000000018,BTC,79821.85,0.0
2026-09-06T07:50:16.801142+00:00,BTC-25DEC26-230000-P,80916.53,BTC-25DEC26,put,230000.0,2026-12-25T08:00:00+00:00,0.3011820670411565,1.828,1.864,1.84280426,1.846,80916.53,BTC-25DEC26,0.6624,-0.99645,4.73262,0.0,0.0,0.03600000000000003,BTC,79821.85,0.0
2026-09-06T07:50:16.801142+00:00,BTC-25SEP26-72000-C,79950.87,BTC-25SEP26,call,72000.0,2026-09-25T08:00:00+00:00,0.05203764541213527,0.101,0.1075,0.10457453,0.10425,79950.87,BTC-25SEP26,0.3937,0.88626,35.12331,3314.4,4.0,0.006499999999999992,BTC,79821.85,33641.31
2026-09-06T07:50:16.801142+00:00,BTC-25SEP26-130000-P,79950.87,BTC-25SEP26,put,130000.0,2026-09-25T08:00:00+00:00,0.05203764541213527,0.621,0.632,0.62605761,0.6265,79950.87,BTC-25SEP26,0.6987000000000001,-0.99852,0.88059,21.4,0.0,0.01100000000000001,BTC,79821.85,0.0
2026-09-06T07:50:16.801142+00:00,BTC-25SEP26-70000-P,79951.36,BTC-25SEP26,put,70000.0,2026-09-25T08:00:00+00:00,0.05203764541213527,0.0029,0.0032,0.00303302,0.00305,79951.36,BTC-25SEP26,0.409,-0.07119,24.80641,8722.2,1.2,0.00030000000000000035,BTC,79821.85,303.84
2026-09-06T07:50:16.801142+00:00,BTC-26MAR27-150000-C,81829.27,BTC-26MAR27,call,150000.0,2027-03-26T08:00:00+00:00,0.5503264886701777,0.008,0.009,0.00836748,0.0085,81829.27,BTC-26MAR27,0.4765,0.06202,74.20583,1901.8,0.2,0.0009999999999999992,BTC,79821.85,127.45
2026-09-06T07:50:16.801142+00:00,BTC-9SEP26-87000-P,79840.02,BTC-9SEP26,put,87000.0,2026-09-09T08:00:00+00:00,0.008232032818021649,0.0875,0.0935,0.08999485,0.0905,79840.02,BTC-9SEP26,0.4596,-0.97955,3.57461,0.0,0.0,0.006000000000000005,BTC,79821.85,0.0
2026-09-06T07:50:16.801142+00:00,BTC-25DEC26-45000-P,80916.53,BTC-25DEC26,put,45000.0,2026-12-25T08:00:00+00:00,0.3011820670411565,0.0032,0.0034,0.00320172,0.0033,80916.53,BTC-25DEC26,0.5863,-0.02369,24.81021,2844.7,0.0,0.00019999999999999966,BTC,79821.65,0.0
2026-09-06T07:50:16.801142+00:00,BTC-30OCT26-67000-P,80289.58,BTC-30OCT26,put,67000.0,2026-10-30T08:00:00+00:00,0.14786242296175883,0.009,0.01,0.00946921,0.0095,80289.58,BTC-30OCT26,0.4167,-0.11375,59.46315,411.7,1.7,0.0010000000000000009,BTC,79821.65,1355.89
2026-09-06T07:50:16.801142+00:00,BTC-25JUN27-125000-C,82771.19,BTC-25JUN27,call,125000.0,2027-06-25T08:00:00+00:00,0.7994709102991989,0.035,0.037,0.03603434,0.036,82771.19,BTC-25JUN27,0.4388,0.1963,204.87871,115.6,0.0,0.001999999999999995,BTC,79821.65,0.0
2026-09-06T07:50:16.801142+00:00,BTC-6SEP26-75000-C,79837.07,BTC-6SEP26,call,75000.0,2026-09-06T08:00:00+00:00,1.84804566253454e-05,0.0575,0.063,0.06058653,0.06025,79837.07,BTC-6SEP26,0.397,0.29778,0.0,0.0,0.0,0.005499999999999998,BTC,79821.65,0.0
2026-09-06T07:50:16.801142+00:00,BTC-25JUN27-60000-C,82771.19,BTC-25JUN27,call,60000.0,2027-06-25T08:00:00+00:00,0.7994709102991989,0.3135,0.317,0.31558255,0.31525,82771.19,BTC-25JUN27,0.4487,0.84171,178.80746,961.3,0.0,0.003500000000000003,BTC,79821.65,0.0
2026-09-06T07:50:16.801142+00:00,BTC-8SEP26-74000-C,79832.0,BTC-8SEP26,call,74000.0,2026-09-08T08:00:00+00:00,0.005494182030889547,0.07,0.0755,0.07323447,0.07275,79832.0,BTC-8SEP26,0.47119999999999995,0.98524,2.20995,0.0,0.0,0.005499999999999991,BTC,79821.65,0.0
2026-09-06T07:50:16.801142+00:00,BTC-8SEP26-83000-C,79832.0,BTC-8SEP26,call,83000.0,2026-09-08T08:00:00+00:00,0.005494182030889547,0.0009,0.0011,0.0010425,0.001,79832.0,BTC-8SEP26,0.3751,0.0811,8.88748,29.3,24.2,0.0002000000000000001,BTC,79821.65,1645.73
2026-09-06T07:50:16.801142+00:00,BTC-8SEP26-88000-P,79832.0,BTC-8SEP26,put,88000.0,2026-09-08T08:00:00+00:00,0.005494182030889547,0.0995,0.106,0.10241036,0.10275,79832.0,BTC-8SEP26,0.5368999999999999,-0.99257,1.2154,0.0,0.0,0.006499999999999992,BTC,79821.57,0.0
2026-09-06T07:50:16.801142+00:00,BTC-27NOV26-79000-P,80606.52,BTC-27NOV26,put,79000.0,2026-11-27T08:00:00+00:00,0.22452224500145768,0.0625,0.0635,0.06310077,0.063,80606.52,BTC-27NOV26,0.3885,-0.4209,149.36967,75.7,1.0,0.0010000000000000009,BTC,79821.57,5098.34
2026-09-06T07:50:16.801142+00:00,BTC-30OCT26-59000-C,80289.58,BTC-30OCT26,call,59000.0,2026-10-30T08:00:00+00:00,0.14786242296175883,0.266,0.2715,0.26850506,0.26875,80289.58,BTC-30OCT26,0.4869,0.95881,27.24728,1.0,0.0,0.005500000000000005,BTC,79821.57,0.0
2026-09-06T07:50:16.801142+00:00,BTC-25JUN27-115000-C,82771.19,BTC-25JUN27,call,115000.0,2027-06-25T08:00:00+00:00,0.7994709102991989,0.048,0.05,0.04899634,0.049,82771.19,BTC-25JUN27,0.4305,0.25384,237.08699,38.2,0.0,0.0020000000000000018,BTC,79821.57,0.0
2026-09-06T07:50:16.801142+00:00,BTC-25SEP26-220000-C,79951.36,BTC-25SEP26,call,220000.0,2026-09-25T08:00:00+00:00,0.05203764541213527,,0.0001,1.6e-06,,79951.36,BTC-25SEP26,1.0735999999999999,3e-05,0.02341,241.9,0.0,,BTC,79821.57,0.0
2026-09-06T07:50:16.801142+00:00,BTC-26MAR27-106000-C,81829.27,BTC-26MAR27,call,106000.0,2027-03-26T08:00:00+00:00,0.5503264886701777,0.0385,0.04,0.03929626,0.03925,81829.27,BTC-26MAR27,0.4165,0.24701,191.6682,79.2,0.0,0.0015000000000000013,BTC,79821.57,0.0
2026-09-06T07:50:16.801142+00:00,BTC-30OCT26-48000-C,80289.58,BTC-30OCT26,call,48000.0,2026-10-30T08:00:00+00:00,0.14786242296175883,0.401,0.4055,0.4032136,0.40325,80289.58,BTC-30OCT26,0.623,0.98825,9.46782,0.1,0.0,0.004500000000000004,BTC,79821.57,0.0
2026-09-06T07:50:16.801142+00:00,BTC-8SEP26-89000-C,79832.0,BTC-8SEP26,call,89000.0,2026-09-08T08:00:00+00:00,0.005494182030889547,,0.0002,4.324e-05,,79832.0,BTC-8SEP26,0.5407,0.00347,0.61629,25.3,24.0,,BTC,79821.57,383.79
2026-09-06T07:50:16.801142+00:00,BTC-11SEP26-80000-P,79844.85,BTC-11SEP26,put,80000.0,2026-09-11T08:00:00+00:00,0.013707734392285852,0.017,0.018,0.01751174,0.0175,79844.85,BTC-11SEP26,0.35340000000000005,-0.51382,37.26961,282.2,5.6,0.0009999999999999974,BTC,79821.57,7708.55
2026-09-06T07:50:16.801142+00:00,BTC-25SEP26-100000-C,79950.87,BTC-25SEP26,call,100000.0,2026-09-25T08:00:00+00:00,0.05203764541213527,0.0011,0.0014,0.00124477,0.00125,79950.87,BTC-25SEP26,0.503,0.02904,12.07997,7278.5,1.1,0.0002999999999999999,BTC,79821.57,103.68
2026-09-06T07:50:16.801142+00:00,BTC-26MAR27-98000-C,81829.27,BTC-26MAR27,call,98000.0,2027-03-26T08:00:00+00:00,0.5503264886701777,0.0555,0.0575,0.05648635,0.0565,81829.27,BTC-26MAR27,0.41,0.32933,219.65951,115.0,0.0,0.0020000000000000018,BTC,79821.57,0.0
2026-09-06T07:50:16.801142+00:00,BTC-7SEP26-75500-C,79827.29,BTC-7SEP26,call,75500.0,2026-09-07T08:00:00+00:00,0.002756331243757447,0.051,0.057,0.05431883,0.054,79827.29,BTC-7SEP26,0.47840000000000005,0.98671,1.42977,0.0,0.0,0.006000000000000005,BTC,79821.57,0.0
2026-09-06T07:50:16.801142+00:00,BTC-30OCT26-88000-P,80289.58,BTC-30OCT26,put,88000.0,2026-10-30T08:00:00+00:00,0.14786242296175883,0.118,0.126,0.12157205,0.122,80289.58,BTC-30OCT26,0.3868,-0.70685,106.21697,8.1,0.0,0.008000000000000007,BTC,79821.57,0.0
2026-09-06T07:50:16.801142+00:00,BTC-9SEP26-84000-C,79840.02,BTC-9SEP26,call,84000.0,2026-09-09T08:00:00+00:00,0.008232032818021649,0.0011,0.0015,0.00126153,0.0013,79840.02,BTC-9SEP26,0.3922,0.07813,10.57684,0.6,0.9,0.00039999999999999996,BTC,79821.57,102.28
2026-09-06T07:50:16.801142+00:00,BTC-7SEP26-75000-P,79827.06,BTC-7SEP26,put,75000.0,2026-09-07T08:00:00+00:00,0.002756331243757447,,0.0002,0.00010676,,79827.06,BTC-7SEP26,0.5234000000000001,-0.01158,1.2684,117.9,8.3,,BTC,79821.57,66.3
2026-09-06T07:50:16.801142+00:00,BTC-30OCT26-102000-P,80290.07,BTC-30OCT26,put,102000.0,2026-10-30T08:00:00+00:00,0.14786242296175883,0.272,0.283,0.27668777,0.2775,80290.07,BTC-30OCT26,0.4325,-0.91277,48.98232,0.0,0.0,0.010999999999999954,BTC,79821.57,0.0
2026-09-06T07:50:16.801142+00:00,BTC-8SEP26-72000-C,79831.36,BTC-8SEP26,call,72000.0,2026-09-08T08:00:00+00:00,0.005494182030889547,0.096,0.1005,0.0981881,0.09825,79831.36,BTC-8SEP26,0.5577000000000001,0.99396,1.01206,0.0,0.0,0.004500000000000004,BTC,79821.57,0.0
2026-09-06T07:50:16.801142+00:00,BTC-11SEP26-78000-C,79845.35,BTC-11SEP26,call,78000.0,2026-09-11T08:00:00+00:00,0.013707734392285852,0.0295,0.0315,0.03028499,0.0305,79845.35,BTC-11SEP26,0.35009999999999997,0.71983,31.4757,943.1,1.7,0.0020000000000000018,BTC,79821.57,3972.95
2026-09-06T07:50:16.801142+00:00,BTC-25SEP26-60000-P,79951.36,BTC-25SEP26,put,60000.0,2026-09-25T08:00:00+00:00,0.05203764541213527,0.0003,0.0005,0.0003893,0.0004,79951.36,BTC-25SEP26,0.5459,-0.00904,4.45058,5321.3,1.5,0.00020000000000000004,BTC,79821.57,48.0
2026-09-06T07:50:16.801142+00:00,BTC-27NOV26-88000-P,80606.74,BTC-27NOV26,put,88000.0,2026-11-27T08:00:00+00:00,0.22452224500145768,0.1305,0.1335,0.13190692,0.132,80606.74,BTC-27NOV26,0.39299999999999996,-0.64792,141.77595,0.0,0.0,0.0030000000000000027,BTC,79821.57,0.0
2026-09-06T07:50:16.801142+00:00,BTC-7SEP26-72000-P,79827.06,BTC-7SEP26,put,72000.0,2026-09-07T08:00:00+00:00,0.002756331243757447,,0.0001,1.46e-06,,79827.06,BTC-7SEP26,0.557,-0.00021,0.03277,11.4,0.0,,BTC,79821.57,0.0
2026-09-06T07:50:16.801142+00:00,BTC-25DEC26-72000-P,80916.27,BTC-25DEC26,put,72000.0,2026-12-25T08:00:00+00:00,0.3011820670411565,0.0385,0.04,0.03928485,0.03925,80916.27,BTC-25DEC26,0.40240000000000004,-0.26193,144.58692,782.7,3.2,0.0015000000000000013,BTC,79821.51,9973.87
2026-09-06T07:50:16.801142+00:00,BTC-26MAR27-56000-C,81829.27,BTC-26MAR27,call,56000.0,2027-03-26T08:00:00+00:00,0.5503264886701777,0.328,0.3375,0.33437583,0.33275,81829.27,BTC-26MAR27,0.4596,0.9,106.53469,16.9,0.0,0.009500000000000008,BTC,79821.51,0.0
2026-09-06T07:50:16.801142+00:00,BTC-8SEP26-81500-C,79832.0,BTC-8SEP26,call,81500.0,2026-09-08T08:00:00+00:00,0.005494182030889547,0.0026,0.0029,0.00278006,0.00275,79832.0,BTC-8SEP26,0.3317,0.19984,16.55652,9.6,2.5,0.0002999999999999999,BTC,79821.51,517.23
2026-09-06T07:50:16.801142+00:00,BTC-6SEP26-79000-P,79837.07,BTC-6SEP26,put,79000.0,2026-09-06T08:00:00+00:00,1.84804566253454e-05,,0.0001,0.0,,79837.07,BTC-6SEP26,0.2559,0.0,0.0,230.0,59.0,,BTC,79821.57,1613.35
2026-09-06T07:50:16.801142+00:00,BTC-27NOV26-105000-P,80606.52,BTC-27NOV26,put,105000.0,2026-11-27T08:00:00+00:00,0.22452224500145768,0.3085,0.32,0.31313878,0.31425,80606.52,BTC-27NOV26,0.4289,-0.88504,74.11751,0.0,0.0,0.01150000000000001,BTC,79821.51,0.0
2026-09-06T07:50:16.801142+00:00,BTC-9SEP26-76000-C,79840.02,BTC-9SEP26,call,76000.0,2026-09-09T08:00:00+00:00,0.008232032818021649,0.046,0.0515,0.04910829,0.04875,79840.02,BTC-9SEP26,0.36829999999999996,0.93076,9.64397,0.0,0.0,0.005499999999999998,BTC,79821.51,0.0
2026-09-06T07:50:16.801142+00:00,BTC-6SEP26-78000-P,79837.07,BTC-6SEP26,put,78000.0,2026-09-06T08:00:00+00:00,1.84804566253454e-05,,,0.0,,79837.07,BTC-6SEP26,0.3104,0.0,0.0,26.6,3.1,,BTC,79821.51,24.7
2026-09-06T07:50:16.801142+00:00,BTC-25JUN27-55000-C,82771.19,BTC-25JUN27,call,55000.0,2027-06-25T08:00:00+00:00,0.7994709102991989,0.3625,0.3655,0.36399731,0.364,82771.19,BTC-25JUN27,0.4632,0.88356,144.93185,2.9,0.0,0.0030000000000000027,BTC,79821.65,0.0
2026-09-06T07:50:16.801142+00:00,BTC-27NOV26-93000-P,80606.74,BTC-27NOV26,put,93000.0,2026-11-27T08:00:00+00:00,0.22452224500145768,0.175,0.186,0.18029822,0.1805,80606.74,BTC-27NOV26,0.4007,-0.74536,122.55671,2.0,0.0,0.01100000000000001,BTC,79821.51,0.0
2026-09-06T07:50:16.801142+00:00,BTC-27NOV26-108000-P,80606.74,BTC-27NOV26,put,108000.0,2026-11-27T08:00:00+00:00,0.22452224500145768,0.3435,0.3555,0.34835148,0.3495,80606.74,BTC-27NOV26,0.4368,-0.90508,64.5155,0.0,0.0,0.011999999999999955,BTC,79821.65,0.0
2026-09-06T07:50:16.801142+00:00,BTC-25DEC26-56000-C,80916.53,BTC-25DEC26,call,56000.0,2026-12-25T08:00:00+00:00,0.3011820670411565,0.3125,0.3185,0.31590965,0.3155,80916.53,BTC-25DEC26,0.47909999999999997,0.93694,54.99104,41.5,0.0,0.006000000000000005,BTC,79821.65,0.0
2026-09-06T07:50:16.801142+00:00,BTC-25SEP26-52000-P,79951.36,BTC-25SEP26,put,52000.0,2026-09-25T08:00:00+00:00,0.05203764541213527,0.0001,0.0002,0.00017291,0.00015,79951.36,BTC-25SEP26,0.7159,-0.00333,1.83238,1210.3,0.2,0.0001,BTC,79821.65,2.39
2026-09-06T07:50:16.801142+00:00,BTC-26MAR27-86000-P,81829.27,BTC-26MAR27,put,86000.0,2027-03-26T08:00:00+00:00,0.5503264886701777,0.1475,0.151,0.14946262,0.14925,81829.27,BTC-26MAR27,0.4044,-0.50668,242.13917,3.1,0.0,0.003500000000000003,BTC,79821.65,0.0
2026-09-06T07:50:16.801142+00:00,BTC-18SEP26-80000-C,79911.34,BTC-18SEP26,call,80000.0,2026-09-18T08:00:00+00:00,0.03287268990221056,0.026,0.0275,0.02673006,0.02675,79911.34,BTC-18SEP26,0.37689999999999996,0.50538,57.7967,510.0,151.9,0.0015000000000000013,BTC,79821.65,308294.81
2026-09-06T07:50:16.801142+00:00,BTC-26MAR27-40000-P,81829.27,BTC-26MAR27,put,40000.0,2027-03-26T08:00:00+00:00,0.5503264886701777,0.0044,0.005,0.00468382,0.0047,81829.27,BTC-26MAR27,0.5540999999999999,-0.02587,36.50877,1883.8,0.1,0.0005999999999999998,BTC,79821.51,39.88
2026-09-06T07:50:16.801142+00:00,BTC-26MAR27-120000-C,81829.27,BTC-26MAR27,call,120000.0,2027-03-26T08:00:00+00:00,0.5503264886701777,0.0215,0.023,0.02226101,0.02225,81829.27,BTC-26MAR27,0.43439999999999995,0.15205,142.82114,791.2,0.0,0.0015000000000000013,BTC,79821.51,0.0
2026-09-06T07:50:16.801142+00:00,BTC-7SEP26-73000-C,79827.06,BTC-7SEP26,call,73000.0,2026-09-07T08:00:00+00:00,0.002756331243757447,0.0825,0.088,0.08553188,0.08525,79827.06,BTC-7SEP26,0.557,0.99889,0.1549,0.0,0.0,0.005499999999999991,BTC,79821.51,0.0
2026-09-06T07:50:16.801142+00:00,BTC-30OCT26-80000-C,80289.58,BTC-30OCT26,call,80000.0,2026-10-30T08:00:00+00:00,0.14786242296175883,0.0585,0.06,0.05916714,0.05925,80289.58,BTC-30OCT26,0.3747,0.53776,122.61599,1298.6,10.4,0.0014999999999999944,BTC,79821.51,48095.6
2026-09-06T07:50:16.801142+00:00,BTC-8SEP26-79500-C,79832.0,BTC-8SEP26,call,79500.0,2026-09-08T08:00:00+00:00,0.005494182030889547,0.0105,0.0115,0.01112044,0.011,79832.0,BTC-8SEP26,0.301,0.57241,23.21411,9.2,0.1,0.0009999999999999992,BTC,79821.51,75.75
2026-09-06T07:50:16.801142+00:00,BTC-25JUN27-140000-C,82771.4,BTC-25JUN27,call,140000.0,2027-06-25T08:00:00+00:00,0.7994709102991989,0.023,0.025,0.02418264,0.024,82771.4,BTC-25JUN27,0.4549,0.13805,163.16242,387.6,0.0,0.0020000000000000018,BTC,79821.6,0.0
2026-09-06T07:50:16.801142+00:00,BTC-27NOV26-67000-C,80606.74,BTC-27NOV26,call,67000.0,2026-11-27T08:00:00+00:00,0.22452224500145768,0.1845,0.187,0.18576607,0.18575,80606.74,BTC-27NOV26,0.41759999999999997,0.84881,89.5222,0.0,0.0,0.0025000000000000022,BTC,79821.51,0.0
2026-09-06T07:50:16.801142+00:00,BTC-30OCT26-96000-P,80289.58,BTC-30OCT26,put,96000.0,2026-10-30T08:00:00+00:00,0.14786242296175883,0.203,0.213,0.20668482,0.208,80289.58,BTC-30OCT26,0.4096,-0.85491,70.39883,0.1,0.0,0.009999999999999981,BTC,79821.6,0.0
2026-09-06T07:50:16.801142+00:00,BTC-7SEP26-73000-P,79827.29,BTC-7SEP26,put,73000.0,2026-09-07T08:00:00+00:00,0.002756331243757447,,0.0002,8.75e-06,,79827.29,BTC-7SEP26,0.557,-0.00111,0.15493,16.0,15.0,,BTC,79821.6,119.67
2026-09-06T07:50:16.801142+00:00,BTC-11SEP26-77000-P,79844.85,BTC-11SEP26,put,77000.0,2026-09-11T08:00:00+00:00,0.013707734392285852,0.0041,0.0046,0.00431424,0.00435,79844.85,BTC-11SEP26,0.3552,-0.18817,25.21555,548.3,6.6,0.0004999999999999996,BTC,79821.6,2176.92
2026-09-06T07:50:16.801142+00:00,BTC-25SEP26-190000-C,79951.36,BTC-25SEP26,call,190000.0,2026-09-25T08:00:00+00:00,0.05203764541213527,,0.0001,1.95e-06,,79951.36,BTC-25SEP26,0.9386,4e-05,0.03146,762.1,0.0,,BTC,79821.6,0.0
2026-09-06T07:50:16.801142+00:00,BTC-6SEP26-88000-C,79837.07,BTC-6SEP26,call,88000.0,2026-09-06T08:00:00+00:00,1.84804566253454e-05,,0.0001,0.0,,79837.07,BTC-6SEP26,0.5775,0.0,0.0,5.1,0.0,,BTC,79821.6,0.0
2026-09-06T07:50:16.801142+00:00,BTC-26MAR27-56000-P,81829.27,BTC-26MAR27,put,56000.0,2027-03-26T08:00:00+00:00,0.5503264886701777,0.018,0.0195,0.0187236,0.01875,81829.27,BTC-26MAR27,0.4596,-0.1,106.53413,122.9,0.0,0.0015000000000000013,BTC,79821.65,0.0
2026-09-06T07:50:16.801142+00:00,BTC-11SEP26-84000-C,79845.35,BTC-11SEP26,call,84000.0,2026-09-11T08:00:00+00:00,0.013707734392285852,0.0031,0.0035,0.00325921,0.0033,79845.35,BTC-11SEP26,0.3943,0.13943,20.74863,1398.4,3.6,0.0004000000000000002,BTC,79821.65,844.88
2026-09-06T07:50:16.801142+00:00,BTC-25JUN27-56000-C,82771.19,BTC-25JUN27,call,56000.0,2027-06-25T08:00:00+00:00,0.7994709102991989,0.352,0.3555,0.35396272,0.35375,82771.19,BTC-25JUN27,0.4596,0.87602,151.48085,3.0,0.0,0.003500000000000003,BTC,79821.65,0.0
2026-09-06T07:50:16.801142+00:00,BTC-25SEP26-64000-C,79950.87,BTC-25SEP26,call,64000.0,2026-09-25T08:00:00+00:00,0.05203764541213527,0.198,0.203,0.2004095,0.2005,79950.87,BTC-25SEP26,0.4924,0.97902,9.19458,663.4,0.0,0.0050000000000000044,BTC,79821.65,0.0
2026-09-06T07:50:16.801142+00:00,BTC-25JUN27-94000-C,82771.4,BTC-25JUN27,call,94000.0,2027-06-25T08:00:00+00:00,0.7994709102991989,0.098,0.1005,0.09927074,0.09925,82771.4,BTC-25JUN27,0.4174,0.43843,291.73593,17.7,0.0,0.0025000000000000022,BTC,79821.56,0.0
2026-09-06T07:50:16.801142+00:00,BTC-25JUN27-200000-P,82771.19,BTC-25JUN27,put,200000.0,2027-06-25T08:00:00+00:00,0.7994709102991989,1.404,1.4515,1.42401408,1.42775,82771.19,BTC-25JUN27,0.5182,-0.95276,72.94044,2.1,0.0,0.0475000000000001,BTC,79821.56,0.0
2026-09-06T07:50:16.801142+00:00,BTC-6SEP26-73000-C,79837.07,BTC-6SEP26,call,73000.0,2026-09-06T08:00:00+00:00,1.84804566253454e-05,0.083,0.088,0.08563756,0.0855,79837.07,BTC-6SEP26,0.5395,0.29111,0.0,0.0,0.0,0.0049999999999999906,BTC,79821.65,0.0
2026-09-06T07:50:16.801142+00:00,BTC-27NOV26-78000-C,80606.52,BTC-27NOV26,call,78000.0,2026-11-27T08:00:00+00:00,0.22452224500145768,0.0885,0.0905,0.08954782,0.0895,80606.52,BTC-27NOV26,0.38880000000000003,0.60591,146.97252,34.9,0.0,0.0020000000000000018,BTC,79821.56,0.0
2026-09-06T07:50:16.801142+00:00,BTC-25SEP26-220000-P,79951.36,BTC-25SEP26,put,220000.0,2026-09-25T08:00:00+00:00,0.05203764541213527,1.7425,1.761,1.75168115,1.75175,79951.36,BTC-25SEP26,1.0735999999999999,-0.99997,0.0234,27.7,0.0,0.01849999999999996,BTC,79821.56,0.0
2026-09-06T07:50:16.801142+00:00,BTC-27NOV26-62000-P,80606.52,BTC-27NOV26,put,62000.0,2026-11-27T08:00:00+00:00,0.22452224500145768,0.009,0.01,0.00947414,0.0095,80606.52,BTC-27NOV26,0.44549999999999995,-0.08903,61.52498,107.3,0.0,0.0010000000000000009,BTC,79821.56,0.0
2026-09-06T07:50:16.801142+00:00,BTC-7SEP26-88000-P,79827.29,BTC-7SEP26,put,88000.0,2026-09-07T08:00:00+00:00,0.002756331243757447,0.0995,0.1065,0.10238343,0.103,79827.29,BTC-7SEP26,0.4808,-0.99994,0.00964,0.0,0.0,0.006999999999999992,BTC,79821.67,0.0
2026-09-06T07:50:16.801142+00:00,BTC-25DEC26-50000-C,80916.53,BTC-25DEC26,call,50000.0,2026-12-25T08:00:00+00:00,0.3011820670411565,0.3825,0.3895,0.38679808,0.386,80916.53,BTC-25DEC26,0.532,0.96352,35.49876,260.7,0.0,0.007000000000000006,BTC,79821.67,0.0
2026-09-06T07:50:16.801142+00:00,BTC-18SEP26-82000-P,79910.85,BTC-18SEP26,put,82000.0,2026-09-18T08:00:00+00:00,0.03287268990221056,0.042,0.044,0.0431949,0.043,79910.85,BTC-18SEP26,0.3851,-0.63268,54.57504,26.8,0.0,0.001999999999999995,BTC,79821.67,0.0
2026-09-06T07:50:16.801142+00:00,BTC-30OCT26-45000-P,80289.58,BTC-30OCT26,put,45000.0,2026-10-30T08:00:00+00:00,0.14786242296175883,0.0008,0.001,0.00080384,0.0009,80289.58,BTC-30OCT26,0.6683,-0.00867,7.26068,220.2,2.0,0.00019999999999999998,BTC,79821.67,127.72
2026-09-06T07:50:16.801142+00:00,BTC-30OCT26-69000-C,80289.58,BTC-30OCT26,call,69000.0,2026-10-30T08:00:00+00:00,0.14786242296175883,0.15,0.156,0.15308091,0.153,80289.58,BTC-30OCT26,0.4029,0.85381,70.75479,685.1,0.0,0.006000000000000005,BTC,79821.67,0.0
2026-09-06T07:50:16.801142+00:00,BTC-7SEP26-81500-P,79827.29,BTC-7SEP26,put,81500.0,2026-09-07T08:00:00+00:00,0.002756331243757447,0.0195,0.0255,0.02189764,0.0225,79827.29,BTC-7SEP26,0.32520000000000004,-0.88988,7.88482,0.1,0.0,0.005999999999999998,BTC,79821.67,0.0
2026-09-06T07:50:16.801142+00:00,BTC-8SEP26-86000-C,79832.0,BTC-8SEP26,call,86000.0,2026-09-08T08:00:00+00:00,0.005494182030889547,0.0001,0.0003,0.00018288,0.0002,79832.0,BTC-8SEP26,0.46020000000000005,0.01485,2.22178,77.1,75.3,0.00019999999999999998,BTC,79821.67,884.52
2026-09-06T07:50:16.801142+00:00,BTC-6SEP26-76000-C,79837.07,BTC-6SEP26,call,76000.0,2026-09-06T08:00:00+00:00,1.84804566253454e-05,0.0445,0.0505,0.04806102,0.0475,79837.07,BTC-6SEP26,0.33399999999999996,0.29111,0.0,0.0,0.0,0.006000000000000005,BTC,79821.67,0.0
2026-09-06T07:50:16.801142+00:00,BTC-25JUN27-84000-C,82771.4,BTC-25JUN27,call,84000.0,2027-06-25T08:00:00+00:00,0.7994709102991989,0.14,0.143,0.14157612,0.1415,82771.4,BTC-25JUN27,0.41659999999999997,0.558,292.13357,18.9,0.0,0.002999999999999975,BTC,79821.67,0.0
2026-09-06T07:50:16.801142+00:00,BTC-25SEP26-40000-P,79950.87,BTC-25SEP26,put,40000.0,2026-09-25T08:00:00+00:00,0.05203764541213527,,0.0002,9.397e-05,,79950.87,BTC-25SEP26,1.0495999999999999,-0.00131,0.78512,2816.8,5.0,,BTC,79821.67,39.91
2026-09-06T07:50:16.801142+00:00,BTC-25SEP26-280000-P,79950.87,BTC-25SEP26,put,280000.0,2026-09-25T08:00:00+00:00,0.05203764541213527,2.4925,2.5175,2.502139,2.505,79950.87,BTC-25SEP26,1.2987,-0.99998,0.01749,0.0,0.0,0.02499999999999991,BTC,79821.67,0.0
2026-09-06T07:50:16.801142+00:00,BTC-30OCT26-69000-P,80289.58,BTC-30OCT26,put,69000.0,2026-10-30T08:00:00+00:00,0.14786242296175883,0.012,0.013,0.012465,0.0125,80289.58,BTC-30OCT26,0.4029,-0.14619,70.75479,295.4,0.0,0.0009999999999999992,BTC,79821.67,0.0
2026-09-06T07:50:16.801142+00:00,BTC-9SEP26-85000-P,79840.02,BTC-9SEP26,put,85000.0,2026-09-09T08:00:00+00:00,0.008232032818021649,0.063,0.0685,0.0654176,0.06575,79840.02,BTC-9SEP26,0.41609999999999997,-0.95024,7.44144,0.0,0.0,0.005500000000000005,BTC,79821.67,0.0
2026-09-06T07:50:16.801142+00:00,BTC-7SEP26-79500-P,79827.06,BTC-7SEP26,put,79500.0,2026-09-07T08:00:00+00:00,0.002756331243757447,0.0036,0.0042,0.00384539,0.0039,79827.06,BTC-7SEP26,0.2707,-0.39325,16.11321,51.8,25.8,0.0005999999999999998,BTC,79821.67,10295.98
2026-09-06T07:50:16.801142+00:00,BTC-27NOV26-82000-P,80606.52,BTC-27NOV26,put,82000.0,2026-11-27T08:00:00+00:00,0.22452224500145768,0.082,0.0835,0.0829849,0.08275,80606.52,BTC-27NOV26,0.3886,-0.50112,152.37303,26.0,0.8,0.0015000000000000013,BTC,79821.67,5354.58
2026-09-06T07:50:16.801142+00:00,BTC-30OCT26-62000-P,80289.58,BTC-30OCT26,put,62000.0,2026-10-30T08:00:00+00:00,0.14786242296175883,0.0046,0.005,0.00481037,0.0048,80289.58,BTC-30OCT26,0.4567,-0.05965,36.60925,1193.0,25.0,0.0004000000000000002,BTC,79821.67,8956.47
2026-09-06T07:50:16.801142+00:00,BTC-18SEP26-81000-C,79910.85,BTC-18SEP26,call,81000.0,2026-09-18T08:00:00+00:00,0.03287268990221056,0.021,0.022,0.02146177,0.0215,79910.85,BTC-18SEP26,0.3809,0.43417,57.01304,584.1,18.8,0.0009999999999999974,BTC,79821.67,29846.61
2026-09-06T07:50:16.801142+00:00,BTC-6SEP26-86000-P,79837.29,BTC-6SEP26,put,86000.0,2026-09-06T08:00:00+00:00,1.84804566253454e-05,0.0745,0.081,0.07719411,0.07775,79837.29,BTC-6SEP26,0.4728,-0.28889,0.0,0.0,0.0,0.006500000000000006,BTC,79821.67,0.0
2026-09-06T07:50:16.801142+00:00,BTC-6SEP26-83500-P,79837.07,BTC-6SEP26,put,83500.0,2026-09-06T08:00:00+00:00,1.84804566253454e-05,0.0435,0.0495,0.04588033,0.0465,79837.07,BTC-6SEP26,0.40759999999999996,-0.28889,0.0,0.0,0.0,0.006000000000000005,BTC,79821.67,0.0
2026-09-06T07:50:16.801142+00:00,BTC-8SEP26-75000-C,79832.0,BTC-8SEP26,call,75000.0,2026-09-08T08:00:00+00:00,0.005494182030889547,0.0575,0.063,0.06084326,0.06025,79832.0,BTC-8SEP26,0.4347,0.97385,3.59108,0.0,0.0,0.005499999999999998,BTC,79818.65,0.0
2026-09-06T07:50:16.801142+00:00,BTC-25JUN27-88000-P,82771.19,BTC-25JUN27,put,88000.0,2027-06-25T08:00:00+00:00,0.7994709102991989,0.184,0.1885,0.18598551,0.18625,82771.19,BTC-25JUN27,0.4163,-0.49168,295.19474,4.7,0.0,0.004500000000000004,BTC,79818.65,0.0
2026-09-06T07:50:16.801142+00:00,BTC-30OCT26-40000-C,80289.58,BTC-30OCT26,call,40000.0,2026-10-30T08:00:00+00:00,0.14786242296175883,0.501,0.5035,0.50227528,0.50225,80289.58,BTC-30OCT26,0.74,0.99518,4.31861,0.1,0.0,0.0024999999999999467,BTC,79818.65,0.0
2026-09-06T07:50:16.801142+00:00,BTC-30OCT26-86000-P,80289.58,BTC-30OCT26,put,86000.0,2026-10-30T08:00:00+00:00,0.14786242296175883,0.1015,0.104,0.10268605,0.10275,80289.58,BTC-30OCT26,0.38189999999999996,-0.65429,113.83236,98.5,0.0,0.0024999999999999883,BTC,79818.65,0.0
2026-09-06T07:50:16.801142+00:00,BTC-6SEP26-83500-C,79837.29,BTC-6SEP26,call,83500.0,2026-09-06T08:00:00+00:00,1.84804566253454e-05,,0.0001,0.0,,79837.29,BTC-6SEP26,0.40759999999999996,0.0,0.0,55.5,0.1,,BTC,79818.65,0.8
2026-09-06T07:50:16.801142+00:00,BTC-26MAR27-82000-P,81829.27,BTC-26MAR27,put,82000.0,2027-03-26T08:00:00+00:00,0.5503264886701777,0.119,0.122,0.12010834,0.1205,81829.27,BTC-26MAR27,0.4033,-0.44382,239.75337,6.9,0.0,0.0030000000000000027,BTC,79817.21,0.0
2026-09-06T07:50:16.801142+00:00,BTC-25DEC26-64000-C,80916.53,BTC-25DEC26,call,64000.0,2026-12-25T08:00:00+00:00,0.3011820670411565,0.223,0.231,0.22671717,0.227,80916.53,BTC-25DEC26,0.4302,0.86636,95.73821,405.0,0.0,0.008000000000000007,BTC,79817.21,0.0
2026-09-06T07:50:16.801142+00:00,BTC-26MAR27-95000-P,81829.78,BTC-26MAR27,put,95000.0,2027-03-26T08:00:00+00:00,0.5503264886701777,0.2175,0.2355,0.22556577,0.2265,81829.78,BTC-26MAR27,0.4071,-0.63468,228.22807,0.4,0.0,0.017999999999999988,BTC,79817.21,0.0
2026-09-06T07:50:16.801142+00:00,BTC-25DEC26-95000-C,80916.53,BTC-25DEC26,call,95000.0,2026-12-25T08:00:00+00:00,0.3011820670411565,0.0315,0.0325,0.03222036,0.032,80916.53,BTC-25DEC26,0.4004,0.26695,145.98039,1480.9,0.0,0.0010000000000000009,BTC,79817.21,0.0
2026-09-06T07:50:16.801142+00:00,BTC-11SEP26-82000-C,79844.85,BTC-11SEP26,call,82000.0,2026-09-11T08:00:00+00:00,0.013707734392285852,0.007,0.008,0.00717917,0.0075,79844.85,BTC-11SEP26,0.3686,0.27293,31.07236,1840.3,15.7,0.001,BTC,79817.21,9666.87
2026-09-06T07:50:16.801142+00:00,BTC-27NOV26-105000-C,80606.52,BTC-27NOV26,call,105000.0,2026-11-27T08:00:00+00:00,0.22452224500145768,0.01,0.011,0.01051382,0.0105,80606.52,BTC-27NOV26,0.4289,0.11492,74.09504,7.7,0.2,0.0009999999999999992,BTC,79817.21,168.1
2026-09-06T07:50:16.801142+00:00,BTC-25SEP26-95000-C,79950.87,BTC-25SEP26,call,95000.0,2026-09-25T08:00:00+00:00,0.05203764541213527,0.0021,0.0024,0.00225795,0.00225,79950.87,BTC-25SEP26,0.45439999999999997,0.05312,19.73462,5581.2,0.1,0.0002999999999999999,BTC,79817.29,18.41
2026-09-06T07:50:16.801142+00:00,BTC-27NOV26-94000-C,80606.52,BTC-27NOV26,call,94000.0,2026-11-27T08:00:00+00:00,0.22452224500145768,0.024,0.025,0.02452728,0.0245,80606.52,BTC-27NOV26,0.40299999999999997,0.23848,118.3203,48.3,0.0,0.0010000000000000009,BTC,79817.21,0.0
2026-09-06T07:50:16.801142+00:00,BTC-11SEP26-74000-P,79844.85,BTC-11SEP26,put,74000.0,2026-09-11T08:00:00+00:00,0.013707734392285852,0.0009,0.0012,0.00103531,0.00105,79844.85,BTC-11SEP26,0.4035,-0.05223,9.98039,824.3,74.9,0.0002999999999999999,BTC,79817.29,7150.83
2026-09-06T07:50:16.801142+00:00,BTC-25SEP26-35000-C,79950.87,BTC-25SEP26,call,35000.0,2026-09-25T08:00:00+00:00,0.05203764541213527,0.561,0.563,0.56225093,0.562,79950.87,BTC-25SEP26,1.0855,0.99973,0.18469,29.3,0.0,0.0019999999999998908,BTC,79817.29,0.0
2026-09-06T07:50:16.801142+00:00,BTC-25DEC26-240000-P,80916.53,BTC-25DEC26,put,240000.0,2026-12-25T08:00:00+00:00,0.3011820670411565,1.951,1.982,1.96635351,1.9665,80916.53,BTC-25DEC26,0.6792,-0.99684,4.26,0.0,0.0,0.030999999999999917,BTC,79817.29,0.0
2026-09-06T07:50:16.801142+00:00,BTC-18SEP26-88000-P,79911.34,BTC-18SEP26,put,88000.0,2026-09-18T08:00:00+00:00,0.03287268990221056,0.1025,0.1095,0.10535642,0.106,79911.34,BTC-18SEP26,0.4264,-0.88735,27.71091,0.0,0.0,0.007000000000000006,BTC,79817.29,0.0
2026-09-06T07:50:16.801142+00:00,BTC-25JUN27-105000-C,82771.4,BTC-25JUN27,call,105000.0,2027-06-25T08:00:00+00:00,0.7994709102991989,0.0665,0.069,0.067792,0.06775,82771.4,BTC-25JUN27,0.4226,0.32951,267.85393,152.5,0.0,0.0025000000000000022,BTC,79817.29,0.0
2026-09-06T07:50:16.801142+00:00,BTC-25DEC26-86000-P,80916.53,BTC-25DEC26,put,86000.0,2026-12-25T08:00:00+00:00,0.3011820670411565,0.1225,0.124,0.12337976,0.12325,80916.53,BTC-25DEC26,0.3924,-0.57029,174.38718,57.9,0.0,0.0015000000000000013,BTC,79817.29,0.0
2026-09-06T07:50:16.801142+00:00,BTC-25SEP26-200000-C,79950.87,BTC-25SEP26,call,200000.0,2026-09-25T08:00:00+00:00,0.05203764541213527,,0.0001,1.68e-06,,79950.87,BTC-25SEP26,0.9823999999999999,3e-05,0.02645,1018.5,0.0,,BTC,79817.29,0.0
2026-09-06T07:50:16.801142+00:00,BTC-6SEP26-76500-C,79837.29,BTC-6SEP26,call,76500.0,2026-09-06T08:00:00+00:00,1.84804566253454e-05,0.039,0.044,0.04179826,0.0415,79837.29,BTC-6SEP26,0.3208,0.28667,0.0,8.1,0.0,0.0049999999999999975,BTC,79817.29,0.0
2026-09-06T07:50:16.801142+00:00,BTC-6SEP26-71000-P,79837.07,BTC-6SEP26,put,71000.0,2026-09-06T08:00:00+00:00,1.84804566253454e-05,,0.0001,0.0,,79837.07,BTC-6SEP26,0.6544,0.0,0.0,10.6,0.0,,BTC,79817.29,0.0
2026-09-06T07:50:16.801142+00:00,BTC-26MAR27-150000-P,81829.78,BTC-26MAR27,put,150000.0,2027-03-26T08:00:00+00:00,0.5503264886701777,0.831,0.8575,0.84144187,0.84425,81829.78,BTC-26MAR27,0.4765,-0.93801,74.18043,0.6,0.0,0.02650000000000008,BTC,79817.29,0.0
2026-09-06T07:50:16.801142+00:00,BTC-7SEP26-83500-P,79827.06,BTC-7SEP26,put,83500.0,2026-09-07T08:00:00+00:00,0.002756331243757447,0.0435,0.05,0.0461741,0.04675,79827.06,BTC-7SEP26,0.4164,-0.98057,1.97927,0.0,0.0,0.006500000000000006,BTC,79817.29,0.0
2026-09-06T07:50:16.801142+00:00,BTC-9SEP26-89000-P,79840.02,BTC-9SEP26,put,89000.0,2026-09-09T08:00:00+00:00,0.008232032818021649,0.112,0.118,0.11490051,0.115,79840.02,BTC-9SEP26,0.5159,-0.98936,2.03698,0.0,0.0,0.0059999999999999915,BTC,79817.29,0.0
2026-09-06T07:50:16.801142+00:00,BTC-27NOV26-84000-P,80606.52,BTC-27NOV26,put,84000.0,2026-11-27T08:00:00+00:00,0.22452224500145768,0.097,0.0985,0.09793632,0.09775,80606.52,BTC-27NOV26,0.38909999999999995,-0.55312,151.01143,3.2,1.6,0.0015000000000000013,BTC,79817.29,12622.68
2026-09-06T07:50:16.801142+00:00,BTC-8SEP26-72000-P,79832.0,BTC-8SEP26,put,72000.0,2026-09-08T08:00:00+00:00,0.005494182030889547,,0.0003,7.948e-05,,79832.0,BTC-8SEP26,0.5577000000000001,-0.00607,1.01634,5.4,0.0,,BTC,79817.29,0.0
2026-09-06T07:50:16.801142+00:00,BTC-25SEP26-45000-P,79950.87,BTC-25SEP26,put,45000.0,2026-09-25T08:00:00+00:00,0.05203764541213527,,0.0002,0.00013567,,79950.87,BTC-25SEP26,0.9128000000000001,-0.00209,1.20304,2177.1,5.1,,BTC,79817.29,40.69
2026-09-06T07:50:16.801142+00:00,BTC-7SEP26-84000-P,79827.29,BTC-7SEP26,put,84000.0,2026-09-07T08:00:00+00:00,0.002756331243757447,0.0495,0.056,0.05238065,0.05275,79827.29,BTC-7SEP26,0.4355,-0.9873,1.37404,0.0,0.0,0.006499999999999999,BTC,79817.29,0.0
2026-09-06T07:50:16.801142+00:00,BTC-25DEC26-20000-C,80916.53,BTC-25DEC26,call,20000.0,2026-12-25T08:00:00+00:00,0.3011820670411565,0.7525,0.754,0.75322157,0.75325,80916.53,BTC-25DEC26,0.9823000000000001,0.99789,2.95955,4.2,0.0,0.0015000000000000568,BTC,79817.29,0.0
2026-09-06T07:50:16.801142+00:00,BTC-26MAR27-110000-C,81829.27,BTC-26MAR27,call,110000.0,2027-03-26T08:00:00+00:00,0.5503264886701777,0.032,0.034,0.03312003,0.033,81829.27,BTC-26MAR27,0.4211,0.21419,176.96962,1157.6,0.0,0.0020000000000000018,BTC,79817.29,0.0
2026-09-06T07:50:16.801142+00:00,BTC-25SEP26-145000-C,79951.36,BTC-25SEP26,call,145000.0,2026-09-25T08:00:00+00:00,0.05203764541213527,,0.0002,2.452e-05,,79951.36,BTC-25SEP26,0.7775,0.00054,0.34777,490.3,0.0,,BTC,79817.29,0.0
2026-09-06T07:50:16.801142+00:00,BTC-26MAR27-125000-C,81829.27,BTC-26MAR27,call,125000.0,2027-03-26T08:00:00+00:00,0.5503264886701777,0.0175,0.019,0.01826953,0.01825,81829.27,BTC-26MAR27,0.43979999999999997,0.12793,126.98566,302.8,0.0,0.0014999999999999979,BTC,79817.29,0.0
2026-09-06T07:50:16.801142+00:00,BTC-11SEP26-83000-C,79844.85,BTC-11SEP26,call,83000.0,2026-09-11T08:00:00+00:00,0.013707734392285852,0.0047,0.0055,0.00494453,0.0051,79844.85,BTC-11SEP26,0.38420000000000004,0.1986,26.0577,415.9,4.0,0.0007999999999999995,BTC,79817.29,1405.73
2026-09-06T07:50:16.801142+00:00,BTC-25DEC26-150000-P,80916.27,BTC-25DEC26,put,150000.0,2026-12-25T08:00:00+00:00,0.3011820670411565,0.847,0.8665,0.85612868,0.85675,80916.27,BTC-25DEC26,0.5289,-0.97626,24.84523,4.4,0.0,0.019500000000000073,BTC,79817.16,0.0
2026-09-06T07:50:16.801142+00:00,BTC-25JUN27-120000-P,82771.19,BTC-25JUN27,put,120000.0,2027-06-25T08:00:00+00:00,0.7994709102991989,0.481,0.5075,0.49179085,0.49425,82771.19,BTC-25JUN27,0.435,-0.77668,221.00997,0.1,0.0,0.026499999999999968,BTC,79817.16,0.0
2026-09-06T07:50:16.801142+00:00,BTC-30OCT26-87000-P,80290.07,BTC-30OCT26,put,87000.0,2026-10-30T08:00:00+00:00,0.14786242296175883,0.1085,0.1165,0.11208496,0.1125,80290.07,BTC-30OCT26,0.3851,-0.68101,110.25454,29.0,0.0,0.008000000000000007,BTC,79817.16,0.0
2026-09-06T07:50:16.801142+00:00,BTC-30OCT26-63000-P,80289.58,BTC-30OCT26,put,63000.0,2026-10-30T08:00:00+00:00,0.14786242296175883,0.005,0.006,0.00547358,0.0055,80289.58,BTC-30OCT26,0.4476,-0.06782,40.45297,515.0,25.0,0.001,BTC,79817.16,10349.7
2026-09-06T07:50:16.801142+00:00,BTC-25SEP26-160000-C,79950.87,BTC-25SEP26,call,160000.0,2026-09-25T08:00:00+00:00,0.05203764541213527,,0.0001,6.46e-06,,79950.87,BTC-25SEP26,0.8188,0.00015,0.10306,1498.4,0.0,,BTC,79817.16,0.0
2026-09-06T07:50:16.801142+00:00,BTC-11SEP26-60000-P,79845.35,BTC-11SEP26,put,60000.0,2026-09-11T08:00:00+00:00,0.013707734392285852,,0.0001,1.209e-05,,79845.35,BTC-11SEP26,0.7525,-0.00052,0.17104,98.1,0.0,,BTC,79817.16,0.0
2026-09-06T07:50:16.801142+00:00,BTC-9SEP26-72000-C,79840.02,BTC-9SEP26,call,72000.0,2026-09-09T08:00:00+00:00,0.008232032818021649,0.0955,0.1005,0.09844434,0.098,79840.02,BTC-9SEP26,0.527,0.98516,2.71748,0.0,0.0,0.0050000000000000044,BTC,79817.16,0.0
2026-09-06T07:50:16.801142+00:00,BTC-25JUN27-64000-P,82771.4,BTC-25JUN27,put,64000.0,2027-06-25T08:00:00+00:00,0.7994709102991989,0.0515,0.054,0.05270851,0.05275,82771.4,BTC-25JUN27,0.4393,-0.19764,205.70959,62.4,0.0,0.0025000000000000022,BTC,79817.16,0.0
2026-09-06T07:50:16.801142+00:00,BTC-8SEP26-76000-C,79832.0,BTC-8SEP26,call,76000.0,2026-09-08T08:00:00+00:00,0.005494182030889547,0.046,0.051,0.04849209,0.0485,79832.0,BTC-8SEP26,0.3861,0.95694,5.41204,0.0,0.0,0.0049999999999999975,BTC,79817.16,0.0
2026-09-06T07:50:16.801142+00:00,BTC-25JUN27-95000-C,82771.19,BTC-25JUN27,call,95000.0,2027-06-25T08:00:00+00:00,0.7994709102991989,0.0945,0.097,0.09579116,0.09575,82771.19,BTC-25JUN27,0.41759999999999997,0.42735,290.33391,56.9,0.0,0.0025000000000000022,BTC,79817.16,0.0
2026-09-06T07:50:16.801142+00:00,BTC-25JUN27-65000-C,82771.19,BTC-25JUN27,call,65000.0,2027-06-25T08:00:00+00:00,0.7994709102991989,0.269,0.2725,0.27073955,0.27075,82771.19,BTC-25JUN27,0.43670000000000003,0.79195,212.12133,1.6,0.1,0.003500000000000003,BTC,79817.16,2142.27
2026-09-06T07:50:16.801142+00:00,BTC-6SEP26-85000-P,79837.07,BTC-6SEP26,put,85000.0,2026-09-06T08:00:00+00:00,1.84804566253454e-05,0.062,0.069,0.0646686,0.0655,79837.07,BTC-6SEP26,0.4104,-0.28444,0.0,0.0,0.0,0.007000000000000006,BTC,79817.16,0.0
2026-09-06T07:50:16.801142+00:00,BTC-25DEC26-98000-C,80916.27,BTC-25DEC26,call,98000.0,2026-12-25T08:00:00+00:00,0.3011820670411565,0.026,0.0265,0.02623558,0.02625,80916.27,BTC-25DEC26,0.40490000000000004,0.22584,133.4512,342.1,0.0,0.0005000000000000004,BTC,79817.29,0.0
2026-09-06T07:50:16.801142+00:00,BTC-30OCT26-79000-P,80289.58,BTC-30OCT26,put,79000.0,2026-10-30T08:00:00+00:00,0.14786242296175883,0.0485,0.0495,0.04907494,0.049,80289.58,BTC-30OCT26,0.37310000000000004,-0.42789,121.14227,483.4,11.0,0.0010000000000000009,BTC,79817.29,42950.54
2026-09-06T07:50:16.801142+00:00,BTC-30OCT26-98000-C,80289.58,BTC-30OCT26,call,98000.0,2026-10-30T08:00:00+00:00,0.14786242296175883,0.0085,0.0095,0.00901444,0.009,80289.58,BTC-30OCT26,0.41609999999999997,0.12144,62.27541,282.2,0.0,0.0009999999999999992,BTC,79817.29,0.0
2026-09-06T07:50:16.801142+00:00,BTC-25DEC26-108000-P,80916.27,BTC-25DEC26,put,108000.0,2026-12-25T08:00:00+00:00,0.3011820670411565,0.342,0.3545,0.34872983,0.34825,80916.27,BTC-25DEC26,0.4257,-0.86871,94.57799,0.1,0.0,0.012499999999999956,BTC,79817.29,0.0
2026-09-06T07:50:16.801142+00:00,BTC-6SEP26-80000-C,79837.29,BTC-6SEP26,call,80000.0,2026-09-06T08:00:00+00:00,1.84804566253454e-05,,0.0001,7.2e-06,,79837.29,BTC-6SEP26,0.22719999999999999,0.00213,0.06841,206.8,62.0,,BTC,79817.29,7166.55
2026-09-06T07:50:16.801142+00:00,BTC-25JUN27-74000-P,82771.4,BTC-25JUN27,put,74000.0,2027-06-25T08:00:00+00:00,0.7994709102991989,0.094,0.097,0.09544261,0.0955,82771.4,BTC-25JUN27,0.42369999999999997,-0.31416,262.59897,12.2,0.1,0.0030000000000000027,BTC,79817.86,761.11
2026-09-06T07:50:16.801142+00:00,BTC-7SEP26-79000-C,79827.29,BTC-7SEP26,call,79000.0,2026-09-07T08:00:00+00:00,0.002756331243757447,0.0115,0.0135,0.01234168,0.0125,79827.29,BTC-7SEP26,0.275,0.75742,13.10022,4.0,0.4,0.002,BTC,79817.86,286.85
2026-09-06T07:50:16.801142+00:00,BTC-27NOV26-66000-C,80606.52,BTC-27NOV26,call,66000.0,2026-11-27T08:00:00+00:00,0.22452224500145768,0.1925,0.1995,0.1961768,0.196,80606.52,BTC-27NOV26,0.42119999999999996,0.86412,83.29003,0.0,0.0,0.007000000000000006,BTC,79817.29,0.0
2026-09-06T07:50:16.801142+00:00,BTC-25SEP26-86000-C,79951.36,BTC-25SEP26,call,86000.0,2026-09-25T08:00:00+00:00,0.05203764541213527,0.0105,0.0115,0.01102088,0.011,79951.36,BTC-25SEP26,0.3945,0.22076,54.10508,1847.4,7.0,0.0009999999999999992,BTC,79817.86,6356.7
2026-09-06T07:50:16.801142+00:00,BTC-8SEP26-87000-C,79831.36,BTC-8SEP26,call,87000.0,2026-09-08T08:00:00+00:00,0.005494182030889547,,0.0002,0.00016255,,79831.36,BTC-8SEP26,0.5127,0.01212,1.8634,8.0,8.0,,BTC,79817.86,192.13
2026-09-06T07:50:16.801142+00:00,BTC-25DEC26-115000-C,80916.53,BTC-25DEC26,call,115000.0,2026-12-25T08:00:00+00:00,0.3011820670411565,0.009,0.01,0.00950804,0.0095,80916.53,BTC-25DEC26,0.4424,0.09216,73.38447,2332.6,1.0,0.0010000000000000009,BTC,79817.56,798.41
2026-09-06T07:50:16.801142+00:00,BTC-6SEP26-72000-P,79837.29,BTC-6SEP26,put,72000.0,2026-09-06T08:00:00+00:00,1.84804566253454e-05,,0.0001,0.0,,79837.29,BTC-6SEP26,0.6036,0.0,0.0,0.5,0.0,,BTC,79817.86,0.0
2026-09-06T07:50:16.801142+00:00,BTC-26MAR27-140000-P,81829.27,BTC-26MAR27,put,140000.0,2027-03-26T08:00:00+00:00,0.5503264886701777,0.7125,0.7365,0.72211734,0.7245,81829.27,BTC-26MAR27,0.4628,-0.91821,91.76179,1.7,0.0,0.02400000000000002,BTC,79817.56,0.0
2026-09-06T07:50:16.801142+00:00,BTC-25DEC26-80000-P,80916.53,BTC-25DEC26,put,80000.0,2026-12-25T08:00:00+00:00,0.3011820670411565,0.079,0.08,0.07991166,0.0795,80916.53,BTC-25DEC26,0.3932,-0.43693,174.92567,1262.9,0.0,0.0010000000000000009,BTC,79817.56,0.0
2026-09-06T07:50:16.801142+00:00,BTC-25SEP26-56000-P,79950.87,BTC-25SEP26,put,56000.0,2026-09-25T08:00:00+00:00,0.05203764541213527,0.0001,0.0004,0.00021574,0.00025,79950.87,BTC-25SEP26,0.6171,-0.00472,2.50311,1664.0,0.1,0.00030000000000000003,BTC,79817.56,1.6
2026-09-06T07:50:16.801142+00:00,BTC-11SEP26-69000-P,79844.85,BTC-11SEP26,put,69000.0,2026-09-11T08:00:00+00:00,0.013707734392285852,0.0002,0.0003,0.0002266,0.00025,79844.85,BTC-11SEP26,0.5453,-0.01042,2.58183,609.6,0.0,9.999999999999996e-05,BTC,79817.56,0.0
2026-09-06T07:50:16.801142+00:00,BTC-26MAR27-70000-P,81829.78,BTC-26MAR27,put,70000.0,2027-03-26T08:00:00+00:00,0.5503264886701777,0.0545,0.0565,0.0555339,0.0555,81829.78,BTC-26MAR27,0.4156,-0.25489,194.86897,772.8,0.0,0.0020000000000000018,BTC,79817.56,0.0
2026-09-06T07:50:16.801142+00:00,BTC-25JUN27-86000-C,82771.19,BTC-25JUN27,call,86000.0,2027-06-25T08:00:00+00:00,0.7994709102991989,0.1305,0.1335,0.13205417,0.132,82771.19,BTC-25JUN27,0.4168,0.533,294.23239,26.8,0.0,0.0030000000000000027,BTC,79818.04,0.0
2026-09-06T07:50:16.801142+00:00,BTC-7SEP26-91000-P,79827.06,BTC-7SEP26,put,91000.0,2026-09-07T08:00:00+00:00,0.002756331243757447,0.137,0.1435,0.13996434,0.14025,79827.06,BTC-7SEP26,0.5595,-1.0,0.0008,0.0,0.0,0.006499999999999978,BTC,79818.04,0.0
2026-09-06T07:50:16.801142+00:00,BTC-8SEP26-70000-C,79832.0,BTC-8SEP26,call,70000.0,2026-09-08T08:00:00+00:00,0.005494182030889547,0.121,0.1255,0.12319335,0.12325,79832.0,BTC-8SEP26,0.6307,0.99764,0.435,0.0,0.0,0.004500000000000004,BTC,79818.04,0.0
2026-09-06T07:50:16.801142+00:00,BTC-27NOV26-100000-C,80606.52,BTC-27NOV26,call,100000.0,2026-11-27T08:00:00+00:00,0.22452224500145768,0.0145,0.0155,0.01504321,0.015,80606.52,BTC-27NOV26,0.4144,0.15832,92.28226,96.2,30.1,0.0009999999999999992,BTC,79818.04,37254.76
2026-09-06T07:50:16.801142+00:00,BTC-7SEP26-78000-P,79827.29,BTC-7SEP26,put,78000.0,2026-09-07T08:00:00+00:00,0.002756331243757447,0.0004,0.0007,0.00052062,0.00055,79827.29,BTC-7SEP26,0.3044,-0.07633,6.00871,103.4,30.9,0.0003,BTC,79818.04,1272.0
2026-09-06T07:50:16.801142+00:00,BTC-26MAR27-64000-C,81829.27,BTC-26MAR27,call,64000.0,2027-03-26T08:00:00+00:00,0.5503264886701777,0.2455,0.2585,0.25335473,0.252,81829.27,BTC-26MAR27,0.4299,0.82343,157.35749,137.8,0.0,0.013000000000000012,BTC,79818.04,0.0
2026-09-06T07:50:16.801142+00:00,BTC-25DEC26-82000-P,80916.27,BTC-25DEC26,put,82000.0,2026-12-25T08:00:00+00:00,0.3011820670411565,0.092,0.0935,0.09316169,0.09275,80916.27,BTC-25DEC26,0.3922,-0.4825,176.97349,254.7,0.0,0.0015000000000000013,BTC,79818.04,0.0
2026-09-06T07:50:16.801142+00:00,BTC-9SEP26-82000-P,79840.02,BTC-9SEP26,put,82000.0,2026-09-09T08:00:00+00:00,0.008232032818021649,0.028,0.034,0.03081231,0.031,79840.02,BTC-9SEP26,0.35600000000000004,-0.7947,20.5939,0.0,0.0,0.006000000000000002,BTC,79818.04,0.0
2026-09-06T07:50:16.801142+00:00,BTC-25DEC26-90000-P,80916.27,BTC-25DEC26,put,90000.0,2026-12-25T08:00:00+00:00,0.3011820670411565,0.1525,0.166,0.15800573,0.15925,80916.27,BTC-25DEC26,0.39490000000000003,-0.64965,164.52961,654.8,0.2,0.013500000000000012,BTC,79818.04,2521.28
2026-09-06T07:50:16.801142+00:00,BTC-26MAR27-50000-C,81829.27,BTC-26MAR27,call,50000.0,2027-03-26T08:00:00+00:00,0.5503264886701777,0.3965,0.403,0.40049223,0.39975,81829.27,BTC-26MAR27,0.4916,0.93717,74.96205,21.6,0.0,0.006500000000000006,BTC,79819.65,0.0
2026-09-06T07:50:16.801142+00:00,BTC-30OCT26-74000-P,80289.58,BTC-30OCT26,put,74000.0,2026-10-30T08:00:00+00:00,0.14786242296175883,0.025,0.026,0.02545211,0.0255,80289.58,BTC-30OCT26,0.38130000000000003,-0.26535,101.18773,239.1,0.2,0.0009999999999999974,BTC,79819.65,410.98
2026-09-06T07:50:16.801142+00:00,BTC-25JUN27-140000-P,82771.4,BTC-25JUN27,put,140000.0,2027-06-25T08:00:00+00:00,0.7994709102991989,0.702,0.734,0.71557872,0.718,82771.4,BTC-25JUN27,0.4549,-0.86199,163.1301,0.5,0.0,0.03200000000000003,BTC,79819.48,0.0
2026-09-06T07:50:16.801142+00:00,BTC-25DEC26-180000-P,80916.27,BTC-25DEC26,put,180000.0,2026-12-25T08:00:00+00:00,0.3011820670411565,1.2135,1.238,1.22559884,1.22575,80916.27,BTC-25DEC26,0.5914,-0.98932,12.53285,0.1,0.0,0.024499999999999966,BTC,79819.65,0.0
2026-09-06T07:50:16.801142+00:00,BTC-25SEP26-83000-C,79950.87,BTC-25SEP26,call,83000.0,2026-09-25T08:00:00+00:00,0.05203764541213527,0.019,0.02,0.01948397,0.0195,79950.87,BTC-25SEP26,0.3809,0.34775,67.38975,1215.9,2.7,0.0010000000000000009,BTC,79819.48,3870.54
2026-09-06T07:50:16.801142+00:00,BTC-6SEP26-77000-C,79837.29,BTC-6SEP26,call,77000.0,2026-09-06T08:00:00+00:00,1.84804566253454e-05,0.032,0.037,0.03553551,0.0345,79837.29,BTC-6SEP26,0.3128,0.28222,0.0,70.1,0.0,0.0049999999999999975,BTC,79819.65,0.0
2026-09-06T07:50:16.801142+00:00,BTC-9SEP26-89000-C,79840.02,BTC-9SEP26,call,89000.0,2026-09-09T08:00:00+00:00,0.008232032818021649,0.0001,0.0003,0.00017091,0.0002,79840.02,BTC-9SEP26,0.5159,0.01061,2.03276,8.0,8.0,0.00019999999999999998,BTC,79819.48,127.94
2026-09-06T07:50:16.801142+00:00,BTC-27NOV26-110000-P,80606.52,BTC-27NOV26,put,110000.0,2026-11-27T08:00:00+00:00,0.22452224500145768,0.3675,0.379,0.37216033,0.37325,80606.52,BTC-27NOV26,0.44329999999999997,-0.91565,59.09127,0.0,0.0,0.01150000000000001,BTC,79819.48,0.0
2026-09-06T07:50:16.801142+00:00,BTC-8SEP26-80500-P,79832.0,BTC-8SEP26,put,80500.0,2026-09-08T08:00:00+00:00,0.005494182030889547,0.013,0.015,0.01394954,0.014,79832.0,BTC-8SEP26,0.3086,-0.64385,22.0479,1.4,0.0,0.002,BTC,79819.48,0.0
2026-09-06T07:50:16.801142+00:00,BTC-25JUN27-76000-C,82771.19,BTC-25JUN27,call,76000.0,2027-06-25T08:00:00+00:00,0.7994709102991989,0.1865,0.1895,0.18793971,0.188,82771.19,BTC-25JUN27,0.4216,0.66055,271.00473,22.4,0.0,0.0030000000000000027,BTC,79819.33,0.0
2026-09-06T07:50:16.801142+00:00,BTC-25DEC26-35000-P,80916.53,BTC-25DEC26,put,35000.0,2026-12-25T08:00:00+00:00,0.3011820670411565,0.0013,0.0017,0.00144949,0.0015,80916.53,BTC-25DEC26,0.7120000000000001,-0.00976,11.58391,2387.5,0.0,0.00039999999999999996,BTC,79819.48,0.0
2026-09-06T07:50:16.801142+00:00,BTC-6SEP26-84000-P,79837.07,BTC-6SEP26,put,84000.0,2026-09-06T08:00:00+00:00,1.84804566253454e-05,0.0495,0.056,0.05214308,0.05275,79837.07,BTC-6SEP26,0.40759999999999996,-0.28222,0.0,0.0,0.0,0.006499999999999999,BTC,79819.33,0.0
2026-09-06T07:50:16.801142+00:00,BTC-6SEP26-82000-C,79837.29,BTC-6SEP26,call,82000.0,2026-09-06T08:00:00+00:00,1.84804566253454e-05,,0.0002,0.0,,79837.29,BTC-6SEP26,0.3962,0.0,0.0,80.1,37.5,,BTC,79819.33,462.21
2026-09-06T07:50:16.801142+00:00,BTC-25SEP26-150000-P,79950.87,BTC-25SEP26,put,150000.0,2026-09-25T08:00:00+00:00,0.05203764541213527,0.8715,0.884,0.87616719,0.87775,79950.87,BTC-25SEP26,0.8114,-0.99953,0.30597,4.5,0.0,0.012499999999999956,BTC,79819.33,0.0
2026-09-06T07:50:16.801142+00:00,BTC-11SEP26-83000-P,79845.35,BTC-11SEP26,put,83000.0,2026-09-11T08:00:00+00:00,0.013707734392285852,0.0435,0.0465,0.04445338,0.045,79845.35,BTC-11SEP26,0.38420000000000004,-0.80131,26.06416,13.9,1.0,0.0030000000000000027,BTC,79819.33,3513.86
2026-09-06T07:50:16.801142+00:00,BTC-9SEP26-81500-P,79840.02,BTC-9SEP26,put,81500.0,2026-09-09T08:00:00+00:00,0.008232032818021649,0.0245,0.027,0.0258975,0.02575,79840.02,BTC-9SEP26,0.35340000000000005,-0.73813,23.57775,0.0,0.0,0.0024999999999999988,BTC,79819.33,0.0
2026-09-06T07:50:16.801142+00:00,BTC-30OCT26-61000-C,80289.58,BTC-30OCT26,call,61000.0,2026-10-30T08:00:00+00:00,0.14786242296175883,0.241,0.2475,0.24449293,0.24425,80289.58,BTC-30OCT26,0.4661,0.94739,33.15418,7.7,0.0,0.006500000000000006,BTC,79819.33,0.0
2026-09-06T07:50:16.801142+00:00,BTC-26MAR27-50000-P,81829.27,BTC-26MAR27,put,50000.0,2027-03-26T08:00:00+00:00,0.5503264886701777,0.011,0.0125,0.01151703,0.01175,81829.27,BTC-26MAR27,0.4916,-0.06283,74.96385,2458.6,0.2,0.0015000000000000013,BTC,79819.33,179.27
2026-09-06T07:50:16.801142+00:00,BTC-30OCT26-92000-P,80289.58,BTC-30OCT26,put,92000.0,2026-10-30T08:00:00+00:00,0.14786242296175883,0.1585,0.168,0.16237925,0.16325,80289.58,BTC-30OCT26,0.396,-0.79394,87.98481,0.1,0.0,0.009500000000000008,BTC,79819.33,0.0
2026-09-06T07:50:16.801142+00:00,BTC-18SEP26-77000-P,79911.34,BTC-18SEP26,put,77000.0,2026-09-18T08:00:00+00:00,0.03287268990221056,0.012,0.013,0.0124265,0.0125,79911.34,BTC-18SEP26,0.37729999999999997,-0.28393,49.09704,457.8,16.0,0.0009999999999999992,BTC,79819.33,14936.42
2026-09-06T07:50:16.801142+00:00,BTC-26MAR27-190000-C,81829.27,BTC-26MAR27,call,190000.0,2027-03-26T08:00:00+00:00,0.5503264886701777,0.0035,0.004,0.00377727,0.00375,81829.27,BTC-26MAR27,0.5382,0.02804,39.04135,627.2,0.0,0.0005,BTC,79819.33,0.0
2026-09-06T07:50:16.801142+00:00,BTC-9SEP26-79000-C,79840.02,BTC-9SEP26,call,79000.0,2026-09-09T08:00:00+00:00,0.008232032818021649,0.017,0.0185,0.01767322,0.01775,79840.02,BTC-9SEP26,0.3239,0.64099,27.06826,0.0,0.0,0.0014999999999999979,BTC,79819.33,0.0
2026-09-06T07:50:16.801142+00:00,BTC-25DEC26-110000-C,80916.53,BTC-25DEC26,call,110000.0,2026-12-25T08:00:00+00:00,0.3011820670411565,0.012,0.013,0.01251395,0.0125,80916.53,BTC-25DEC26,0.43060000000000004,0.11851,88.04419,2753.1,0.0,0.0009999999999999992,BTC,79819.33,0.0
2026-09-06T07:50:16.801142+00:00,BTC-8SEP26-77500-C,79832.0,BTC-8SEP26,call,77500.0,2026-09-08T08:00:00+00:00,0.005494182030889547,0.0275,0.033,0.03047955,0.03025,79832.0,BTC-8SEP26,0.326,0.88953,11.15718,0.0,0.0,0.005500000000000001,BTC,79819.33,0.0
2026-09-06T07:50:16.801142+00:00,BTC-7SEP26-91000-C,79827.06,BTC-7SEP26,call,91000.0,2026-09-07T08:00:00+00:00,0.002756331243757447,,0.0001,3e-08,,79827.06,BTC-7SEP26,0.5595,0.0,0.0008,0.0,0.0,,BTC,79819.33,0.0
2026-09-06T07:50:16.801142+00:00,BTC-25JUN27-190000-P,82771.4,BTC-25JUN27,put,190000.0,2027-06-25T08:00:00+00:00,0.7994709102991989,1.2855,1.33,1.30446644,1.30775,82771.4,BTC-25JUN27,0.5084000000000001,-0.94529,81.98271,0.5,0.0,0.044499999999999984,BTC,79819.33,0.0
2026-09-06T07:50:16.801142+00:00,BTC-25SEP26-88000-P,79951.36,BTC-25SEP26,put,88000.0,2026-09-25T08:00:00+00:00,0.05203764541213527,0.105,0.113,0.10818242,0.109,79951.36,BTC-25SEP26,0.40509999999999996,-0.84029,44.31899,5.8,0.0,0.008000000000000007,BTC,79819.33,0.0
2026-09-06T07:50:16.801142+00:00,BTC-8SEP26-77000-P,79832.0,BTC-8SEP26,put,77000.0,2026-09-08T08:00:00+00:00,0.005494182030889547,0.0008,0.001,0.0008842,0.0009,79832.0,BTC-8SEP26,0.34380000000000005,-0.07858,8.67609,18.3,20.0,0.00019999999999999998,BTC,79819.33,1302.4
2026-09-06T07:50:16.801142+00:00,BTC-25JUN27-102000-P,82771.19,BTC-25JUN27,put,102000.0,2027-06-25T08:00:00+00:00,0.7994709102991989,0.2955,0.3205,0.30732305,0.308,82771.19,BTC-25JUN27,0.42060000000000003,-0.6436,275.90883,0.0,0.0,0.025000000000000022,BTC,79819.33,0.0
2026-09-06T07:50:16.801142+00:00,BTC-26MAR27-76000-P,81829.27,BTC-26MAR27,put,76000.0,2027-03-26T08:00:00+00:00,0.5503264886701777,0.0825,0.084,0.08338987,0.08325,81829.27,BTC-26MAR27,0.4064,-0.34659,224.02837,223.7,0.1,0.0015000000000000013,BTC,79819.33,660.32
2026-09-06T07:50:16.801142+00:00,BTC-30OCT26-98000-P,80289.58,BTC-30OCT26,put,98000.0,2026-10-30T08:00:00+00:00,0.14786242296175883,0.225,0.236,0.22958894,0.2305,80289.58,BTC-30OCT26,0.41609999999999997,-0.87853,62.28798,0.0,0.0,0.010999999999999982,BTC,79819.33,0.0
2026-09-06T07:50:16.801142+00:00,BTC-25SEP26-76000-C,79951.36,BTC-25SEP26,call,76000.0,2026-09-25T08:00:00+00:00,0.05203764541213527,0.0625,0.064,0.06337849,0.06325,79951.36,BTC-25SEP26,0.3712,0.73767,59.42532,2856.3,25.4,0.0015000000000000013,BTC,79819.33,120404.49
2026-09-06T07:50:16.801142+00:00,BTC-30OCT26-64000-C,80290.07,BTC-30OCT26,call,64000.0,2026-10-30T08:00:00+00:00,0.14786242296175883,0.2065,0.212,0.20912516,0.20925,80290.07,BTC-30OCT26,0.4388,0.92301,44.58049,416.8,0.0,0.005500000000000005,BTC,79819.33,0.0
2026-09-06T07:50:16.801142+00:00,BTC-6SEP26-89000-C,79837.29,BTC-6SEP26,call,89000.0,2026-09-06T08:00:00+00:00,1.84804566253454e-05,,0.0001,0.0,,79837.29,BTC-6SEP26,0.5972999999999999,0.0,0.0,23.9,0.0,,BTC,79819.33,0.0
2026-09-06T07:50:16.801142+00:00,BTC-25SEP26-110000-C,79950.87,BTC-25SEP26,call,110000.0,2026-09-25T08:00:00+00:00,0.05203764541213527,0.0003,0.0005,0.00038728,0.0004,79950.87,BTC-25SEP26,0.5763,0.00913,4.49081,1519.0,2.0,0.00020000000000000004,BTC,79819.15,62.49
2026-09-06T07:50:16.801142+00:00,BTC-25DEC26-82000-C,80916.27,BTC-25DEC26,call,82000.0,2026-12-25T08:00:00+00:00,0.3011820670411565,0.079,0.0805,0.07976847,0.07975,80916.27,BTC-25DEC26,0.3922,0.51754,176.97668,1255.1,2.0,0.0015000000000000013,BTC,79819.33,12950.94
2026-09-06T07:50:16.801142+00:00,BTC-27NOV26-115000-P,80606.52,BTC-27NOV26,put,115000.0,2026-11-27T08:00:00+00:00,0.22452224500145768,0.427,0.4395,0.43218245,0.43325,80606.52,BTC-27NOV26,0.45799999999999996,-0.93701,47.25853,0.0,0.0,0.012500000000000011,BTC,79819.15,0.0
2026-09-06T07:50:16.801142+00:00,BTC-18SEP26-72000-C,79911.34,BTC-18SEP26,call,72000.0,2026-09-18T08:00:00+00:00,0.03287268990221056,0.0985,0.104,0.10149606,0.10125,79911.34,BTC-18SEP26,0.4069,0.92563,20.37618,0.1,0.0,0.005499999999999991,BTC,79819.15,0.0
2026-09-06T07:50:16.801142+00:00,BTC-25JUN27-108000-P,82771.4,BTC-25JUN27,put,108000.0,2027-06-25T08:00:00+00:00,0.7994709102991989,0.356,0.38,0.36608617,0.368,82771.4,BTC-25JUN27,0.42460000000000003,-0.69553,259.03513,0.0,0.0,0.02400000000000002,BTC,79819.31,0.0
2026-09-06T07:50:16.801142+00:00,BTC-27NOV26-64000-C,80606.74,BTC-27NOV26,call,64000.0,2026-11-27T08:00:00+00:00,0.22452224500145768,0.214,0.221,0.21799002,0.2175,80606.74,BTC-27NOV26,0.4335,0.88942,72.08458,0.0,0.0,0.007000000000000006,BTC,79819.15,0.0
2026-09-06T07:50:16.801142+00:00,BTC-25SEP26-55000-P,79950.87,BTC-25SEP26,put,55000.0,2026-09-25T08:00:00+00:00,0.05203764541213527,0.0001,0.0004,0.00020958,0.00025,79950.87,BTC-25SEP26,0.6433,-0.00438,2.34246,3073.6,0.0,0.00030000000000000003,BTC,79819.31,0.0
2026-09-06T07:50:16.801142+00:00,BTC-25DEC26-130000-P,80916.53,BTC-25DEC26,put,130000.0,2026-12-25T08:00:00+00:00,0.3011820670411565,0.605,0.619,0.61131001,0.612,80916.53,BTC-25DEC26,0.4794,-0.95271,43.80384,54.0,0.0,0.014000000000000012,BTC,79819.15,0.0
2026-09-06T07:50:16.801142+00:00,BTC-25DEC26-106000-C,80916.53,BTC-25DEC26,call,106000.0,2026-12-25T08:00:00+00:00,0.3011820670411565,0.015,0.016,0.01567415,0.0155,80916.53,BTC-25DEC26,0.4203,0.14527,101.33423,720.4,0.0,0.0010000000000000009,BTC,79819.31,0.0
2026-09-06T07:50:16.801142+00:00,BTC-9SEP26-78500-C,79840.02,BTC-9SEP26,call,78500.0,2026-09-09T08:00:00+00:00,0.008232032818021649,0.021,0.023,0.02198212,0.022,79840.02,BTC-9SEP26,0.3267,0.7166,24.52108,0.0,0.0,0.0019999999999999983,BTC,79819.31,0.0
2026-09-06T07:50:16.801142+00:00,BTC-25DEC26-30000-C,80916.53,BTC-25DEC26,call,30000.0,2026-12-25T08:00:00+00:00,0.3011820670411565,0.629,0.631,0.63017297,0.63,80916.53,BTC-25DEC26,0.7839,0.99413,7.40629,300.6,0.0,0.0020000000000000018,BTC,79819.31,0.0
2026-09-06T07:50:16.801142+00:00,BTC-27NOV26-75000-P,80606.74,BTC-27NOV26,put,75000.0,2026-11-27T08:00:00+00:00,0.22452224500145768,0.0415,0.0425,0.04200545,0.042,80606.74,BTC-27NOV26,0.3923,-0.31612,135.87771,282.1,0.1,0.0010000000000000009,BTC,79819.31,334.82
2026-09-06T07:50:16.801142+00:00,BTC-25DEC26-180000-C,80916.53,BTC-25DEC26,call,180000.0,2026-12-25T08:00:00+00:00,0.3011820670411565,0.0009,0.0013,0.00107712,0.0011,80916.53,BTC-25DEC26,0.5914,0.01068,12.5342,934.5,0.0,0.00039999999999999996,BTC,79819.31,0.0
2026-09-06T07:50:16.801142+00:00,BTC-25SEP26-74000-P,79951.36,BTC-25SEP26,put,74000.0,2026-09-25T08:00:00+00:00,0.05203764541213527,0.008,0.009,0.00846245,0.0085,79951.36,BTC-25SEP26,0.37939999999999996,-0.17561,47.11402,525.8,44.6,0.0009999999999999992,BTC,79819.31,30229.07
2026-09-06T07:50:16.801142+00:00,BTC-25DEC26-106000-P,80916.27,BTC-25DEC26,put,106000.0,2026-12-25T08:00:00+00:00,0.3011820670411565,0.3195,0.3325,0.32567028,0.326,80916.27,BTC-25DEC26,0.4203,-0.85473,101.33423,0.2,0.0,0.013000000000000012,BTC,79819.31,0.0
2026-09-06T07:50:16.801142+00:00,BTC-30OCT26-94000-C,80289.58,BTC-30OCT26,call,94000.0,2026-10-30T08:00:00+00:00,0.14786242296175883,0.013,0.014,0.01352578,0.0135,80289.58,BTC-30OCT26,0.4032,0.17327,79.08046,447.8,0.6,0.0010000000000000009,BTC,79819.31,573.29
2026-09-06T07:50:16.801142+00:00,BTC-26MAR27-88000-P,81829.78,BTC-26MAR27,put,88000.0,2027-03-26T08:00:00+00:00,0.5503264886701777,0.1635,0.1665,0.16498554,0.165,81829.78,BTC-26MAR27,0.40409999999999996,-0.53736,241.0982,4.7,0.0,0.0030000000000000027,BTC,79819.25,0.0
2026-09-06T07:50:16.801142+00:00,BTC-30OCT26-57000-P,80289.58,BTC-30OCT26,put,57000.0,2026-10-30T08:00:00+00:00,0.14786242296175883,0.0025,0.0029,0.00271513,0.0027,80289.58,BTC-30OCT26,0.511,-0.03293,22.68762,207.7,0.0,0.00039999999999999975,BTC,79819.25,0.0
2026-09-06T07:50:16.801142+00:00,BTC-25DEC26-62000-P,80916.53,BTC-25DEC26,put,62000.0,2026-12-25T08:00:00+00:00,0.3011820670411565,0.014,0.015,0.01447617,0.0145,80916.53,BTC-25DEC26,0.441,-0.11137,84.23774,1540.0,0.0,0.0009999999999999992,BTC,79819.31,0.0
2026-09-06T07:50:16.801142+00:00,BTC-25SEP26-45000-C,79950.87,BTC-25SEP26,call,45000.0,2026-09-25T08:00:00+00:00,0.05203764541213527,0.435,0.439,0.43729212,0.437,79950.87,BTC-25SEP26,0.9128000000000001,0.99793,1.19276,224.9,0.0,0.0040000000000000036,BTC,79819.25,0.0
2026-09-06T07:50:16.801142+00:00,BTC-25JUN27-96000-C,82771.4,BTC-25JUN27,call,96000.0,2027-06-25T08:00:00+00:00,0.7994709102991989,0.091,0.0935,0.09236263,0.09225,82771.4,BTC-25JUN27,0.41759999999999997,0.41641,288.74648,32.2,0.0,0.0025000000000000022,BTC,79819.25,0.0
2026-09-06T07:50:16.801142+00:00,BTC-26MAR27-200000-C,81829.27,BTC-26MAR27,call,200000.0,2027-03-26T08:00:00+00:00,0.5503264886701777,0.0027,0.0032,0.00307913,0.00295,81829.27,BTC-26MAR27,0.5481,0.02302,33.10295,485.6,0.1,0.0005,BTC,79819.25,22.31
2026-09-06T07:50:16.801142+00:00,BTC-8SEP26-82000-P,79832.0,BTC-8SEP26,put,82000.0,2026-09-08T08:00:00+00:00,0.005494182030889547,0.0265,0.033,0.02916259,0.02975,79832.0,BTC-8SEP26,0.3471,-0.85157,13.69577,0.0,0.0,0.006500000000000002,BTC,79819.25,0.0
2026-09-06T07:50:16.801142+00:00,BTC-30OCT26-60000-P,80289.58,BTC-30OCT26,put,60000.0,2026-10-30T08:00:00+00:00,0.14786242296175883,0.0035,0.004,0.00374643,0.00375,80289.58,BTC-30OCT26,0.47600000000000003,-0.04642,30.0046,1544.2,1.2,0.0005,BTC,79819.25,362.68
2026-09-06T07:50:16.801142+00:00,BTC-9SEP26-74000-C,79840.02,BTC-9SEP26,call,74000.0,2026-09-09T08:00:00+00:00,0.008232032818021649,0.0705,0.076,0.07357506,0.07325,79840.02,BTC-9SEP26,0.4411,0.97178,4.68347,0.0,0.0,0.005500000000000005,BTC,79819.25,0.0
2026-09-06T07:50:16.801142+00:00,BTC-30OCT26-52000-P,80289.58,BTC-30OCT26,put,52000.0,2026-10-30T08:00:00+00:00,0.14786242296175883,0.0014,0.0017,0.00159685,0.00155,80289.58,BTC-30OCT26,0.5717,-0.01858,14.04368,122.0,0.1,0.0002999999999999999,BTC,79819.25,15.93
2026-09-06T07:50:16.801142+00:00,BTC-25DEC26-140000-P,80916.53,BTC-25DEC26,put,140000.0,2026-12-25T08:00:00+00:00,0.3011820670411565,0.727,0.7435,0.73344334,0.73525,80916.53,BTC-25DEC26,0.5049,-0.96718,32.54104,0.4,0.0,0.01650000000000007,BTC,79819.25,0.0
2026-09-06T07:50:16.801142+00:00,BTC-9SEP26-73000-C,79840.02,BTC-9SEP26,call,73000.0,2026-09-09T08:00:00+00:00,0.008232032818021649,0.083,0.0885,0.08598576,0.08575,79840.02,BTC-9SEP26,0.4825,0.98014,3.4852,0.0,0.0,0.005499999999999991,BTC,79819.25,0.0
2026-09-06T07:50:16.801142+00:00,BTC-6SEP26-86000-C,79837.07,BTC-6SEP26,call,86000.0,2026-09-06T08:00:00+00:00,1.84804566253454e-05,,0.0001,0.0,,79837.07,BTC-6SEP26,0.4728,0.0,0.0,22.1,0.0,,BTC,79819.25,0.0
2026-09-06T07:50:16.801142+00:00,BTC-26MAR27-102000-P,81829.27,BTC-26MAR27,put,102000.0,2027-03-26T08:00:00+00:00,0.5503264886701777,0.285,0.304,0.29352581,0.2945,81829.27,BTC-26MAR27,0.413,-0.71461,206.21423,0.1,0.0,0.019000000000000017,BTC,79819.71,0.0
2026-09-06T07:50:16.801142+00:00,BTC-25JUN27-104000-P,82771.4,BTC-25JUN27,put,104000.0,2027-06-25T08:00:00+00:00,0.7994709102991989,0.3145,0.34,0.32655407,0.32725,82771.4,BTC-25JUN27,0.4219,-0.66178,270.6314,0.0,0.0,0.025500000000000023,BTC,79819.71,0.0
2026-09-06T07:50:16.801142+00:00,BTC-25SEP26-98000-P,79950.87,BTC-25SEP26,put,98000.0,2026-09-25T08:00:00+00:00,0.05203764541213527,0.2235,0.2325,0.22727158,0.228,79950.87,BTC-25SEP26,0.4818,-0.96404,14.40808,0.1,0.0,0.009000000000000008,BTC,79819.71,0.0
2026-09-06T07:50:16.801142+00:00,BTC-25JUN27-98000-P,82771.4,BTC-25JUN27,put,98000.0,2027-06-25T08:00:00+00:00,0.7994709102991989,0.268,0.273,0.27025934,0.2705,82771.4,BTC-25JUN27,0.419,-0.60419,285.12661,0.1,0.0,0.0050000000000000044,BTC,79819.71,0.0
2026-09-06T07:50:16.801142+00:00,BTC-25SEP26-40000-C,79950.87,BTC-25SEP26,call,40000.0,2026-09-25T08:00:00+00:00,0.05203764541213527,0.4985,0.501,0.4997886,0.49975,79950.87,BTC-25SEP26,1.0495999999999999,0.99869,0.78524,34.4,0.0,0.0025000000000000022,BTC,79819.71,0.0
2026-09-06T07:50:16.801142+00:00,BTC-25JUN27-100000-P,82771.19,BTC-25JUN27,put,100000.0,2027-06-25T08:00:00+00:00,0.7994709102991989,0.286,0.2915,0.28844989,0.28875,82771.19,BTC-25JUN27,0.4194,-0.62455,280.74283,1.4,0.0,0.005500000000000005,BTC,79819.71,0.0
2026-09-06T07:50:16.801142+00:00,BTC-25SEP26-155000-C,79951.36,BTC-25SEP26,call,155000.0,2026-09-25T08:00:00+00:00,0.05203764541213527,,0.0002,1.15e-05,,79951.36,BTC-25SEP26,0.8133,0.00025,0.1727,378.0,0.0,,BTC,79819.71,0.0
2026-09-06T07:50:16.801142+00:00,BTC-7SEP26-79000-P,79827.06,BTC-7SEP26,put,79000.0,2026-09-07T08:00:00+00:00,0.002756331243757447,0.0018,0.0022,0.00198103,0.002,79827.06,BTC-7SEP26,0.275,-0.24223,13.08576,90.7,18.1,0.0004000000000000002,BTC,79819.71,3822.95
2026-09-06T07:50:16.801142+00:00,BTC-8SEP26-89000-P,79832.0,BTC-8SEP26,put,89000.0,2026-09-08T08:00:00+00:00,0.005494182030889547,0.112,0.1185,0.11488119,0.11525,79832.0,BTC-8SEP26,0.5407,-0.99655,0.6139,0.0,0.0,0.006499999999999992,BTC,79819.71,0.0
2026-09-06T07:50:16.801142+00:00,BTC-27NOV26-94000-P,80606.52,BTC-27NOV26,put,94000.0,2026-11-27T08:00:00+00:00,0.22452224500145768,0.1865,0.1965,0.19068677,0.1915,80606.52,BTC-27NOV26,0.40299999999999997,-0.76158,118.30287,0.0,0.0,0.010000000000000009,BTC,79819.71,0.0
2026-09-06T07:50:16.801142+00:00,BTC-25SEP26-68000-P,79950.87,BTC-25SEP26,put,68000.0,2026-09-25T08:00:00+00:00,0.05203764541213527,0.0019,0.0021,0.00197165,0.002,79950.87,BTC-25SEP26,0.4349,-0.04674,17.82141,1859.7,12.1,0.00019999999999999987,BTC,79819.71,1880.65
2026-09-06T07:50:16.801142+00:00,BTC-6SEP26-70000-C,79837.29,BTC-6SEP26,call,70000.0,2026-09-06T08:00:00+00:00,1.84804566253454e-05,0.1195,0.126,0.1232141,0.12275,79837.29,BTC-6SEP26,0.7228,0.27556,0.0,0.0,0.0,0.006500000000000006,BTC,79819.71,0.0
2026-09-06T07:50:16.801142+00:00,BTC-18SEP26-75000-P,79910.85,BTC-18SEP26,put,75000.0,2026-09-18T08:00:00+00:00,0.03287268990221056,0.006,0.007,0.0064546,0.0065,79910.85,BTC-18SEP26,0.3799,-0.17115,36.81986,353.8,35.5,0.001,BTC,79819.71,18146.47
2026-09-06T07:50:16.801142+00:00,BTC-26MAR27-95000-C,81829.78,BTC-26MAR27,call,95000.0,2027-03-26T08:00:00+00:00,0.5503264886701777,0.0635,0.0655,0.06461866,0.0645,81829.78,BTC-26MAR27,0.4071,0.36531,228.22305,545.1,0.0,0.0020000000000000018,BTC,79819.71,0.0
2026-09-06T07:50:16.801142+00:00,BTC-30OCT26-56000-C,80289.58,BTC-30OCT26,call,56000.0,2026-10-30T08:00:00+00:00,0.14786242296175883,0.3015,0.3075,0.30495817,0.3045,80289.58,BTC-30OCT26,0.5224,0.97073,20.58246,0.0,0.0,0.006000000000000005,BTC,79819.71,0.0
2026-09-06T07:50:16.801142+00:00,BTC-25DEC26-70000-C,80916.53,BTC-25DEC26,call,70000.0,2026-12-25T08:00:00+00:00,0.3011820670411565,0.166,0.1685,0.16722643,0.16725,80916.53,BTC-25DEC26,0.40740000000000004,0.77583,132.89519,1922.6,0.3,0.0025000000000000022,BTC,79819.71,3971.75
2026-09-06T07:50:16.801142+00:00,BTC-25DEC26-30000-P,80916.27,BTC-25DEC26,put,30000.0,2026-12-25T08:00:00+00:00,0.3011820670411565,0.0007,0.0012,0.00092659,0.00095,80916.27,BTC-25DEC26,0.7839,-0.00587,7.40627,2122.5,0.0,0.0004999999999999999,BTC,79819.71,0.0
2026-09-06T07:50:16.801142+00:00,BTC-25JUN27-95000-P,82771.19,BTC-25JUN27,put,95000.0,2027-06-25T08:00:00+00:00,0.7994709102991989,0.2415,0.2465,0.24352422,0.244,82771.19,BTC-25JUN27,0.41759999999999997,-0.57261,290.3468,20.2,0.0,0.0050000000000000044,BTC,79819.71,0.0
2026-09-06T07:50:16.801142+00:00,BTC-30OCT26-70000-P,80290.07,BTC-30OCT26,put,70000.0,2026-10-30T08:00:00+00:00,0.14786242296175883,0.014,0.015,0.01446086,0.0145,80290.07,BTC-30OCT26,0.3982,-0.16614,76.97911,878.5,0.2,0.0009999999999999992,BTC,79819.65,223.48
2026-09-06T07:50:16.801142+00:00,BTC-25JUN27-82000-P,82771.19,BTC-25JUN27,put,82000.0,2027-06-25T08:00:00+00:00,0.7994709102991989,0.141,0.145,0.14274846,0.143,82771.19,BTC-25JUN27,0.41729999999999995,-0.41652,288.76286,23.5,0.8,0.0040000000000000036,BTC,79819.71,9069.55
2026-09-06T07:50:16.801142+00:00,BTC-25SEP26-180000-P,79950.87,BTC-25SEP26,put,180000.0,2026-09-25T08:00:00+00:00,0.05203764541213527,1.245,1.259,1.25137809,1.252,79950.87,BTC-25SEP26,0.9184,-0.99992,0.05977,10.5,0.0,0.01399999999999979,BTC,79819.65,0.0
2026-09-06T07:50:16.801142+00:00,BTC-25JUN27-200000-C,82771.4,BTC-25JUN27,call,200000.0,2027-06-25T08:00:00+00:00,0.7994709102991989,0.007,0.0085,0.00773395,0.00775,82771.4,BTC-25JUN27,0.5182,0.04724,72.93684,27.1,0.1,0.0015000000000000005,BTC,79819.65,60.01
2026-09-06T07:50:16.801142+00:00,BTC-30OCT26-68000-C,80289.58,BTC-30OCT26,call,68000.0,2026-10-30T08:00:00+00:00,0.14786242296175883,0.161,0.1665,0.16387786,0.16375,80289.58,BTC-30OCT26,0.409,0.8713,64.85473,518.8,0.0,0.005500000000000005,BTC,79819.65,0.0
2026-09-06T07:50:16.801142+00:00,BTC-27NOV26-75000-C,80606.52,BTC-27NOV26,call,75000.0,2026-11-27T08:00:00+00:00,0.22452224500145768,0.1105,0.113,0.11155904,0.11175,80606.52,BTC-27NOV26,0.3923,0.6839,135.87616,260.6,0.2,0.0025000000000000022,BTC,79819.65,1799.19
2026-09-06T07:50:16.801142+00:00,BTC-30OCT26-100000-C,80289.58,BTC-30OCT26,call,100000.0,2026-10-30T08:00:00+00:00,0.14786242296175883,0.007,0.008,0.00750948,0.0075,80289.58,BTC-30OCT26,0.4243,0.10278,55.27425,1722.2,0.6,0.001,BTC,79819.65,358.32
2026-09-06T07:50:16.801142+00:00,BTC-6SEP26-79000-C,79837.07,BTC-6SEP26,call,79000.0,2026-09-06T08:00:00+00:00,1.84804566253454e-05,0.0075,0.0135,0.01048448,0.0105,79837.07,BTC-6SEP26,0.2559,0.27333,0.0,24.8,0.0,0.006,BTC,79819.65,0.0
2026-09-06T07:50:16.801142+00:00,BTC-25DEC26-105000-C,80916.53,BTC-25DEC26,call,105000.0,2026-12-25T08:00:00+00:00,0.3011820670411565,0.016,0.017,0.01667575,0.0165,80916.53,BTC-25DEC26,0.4182,0.15338,105.0781,914.2,0.0,0.0010000000000000009,BTC,79819.65,0.0
2026-09-06T07:50:16.801142+00:00,BTC-8SEP26-81000-P,79832.0,BTC-8SEP26,put,81000.0,2026-09-08T08:00:00+00:00,0.005494182030889547,0.0175,0.0195,0.01861121,0.0185,79832.0,BTC-8SEP26,0.3212,-0.7302,19.55206,25.0,0.0,0.0019999999999999983,BTC,79819.65,0.0
2026-09-06T07:50:16.801142+00:00,BTC-8SEP26-78000-P,79832.0,BTC-8SEP26,put,78000.0,2026-09-08T08:00:00+00:00,0.005494182030889547,0.0018,0.0022,0.00196563,0.002,79832.0,BTC-8SEP26,0.3161,-0.16212,14.51709,66.5,27.4,0.0004000000000000002,BTC,79819.65,4802.48
2026-09-06T07:50:16.801142+00:00,BTC-25DEC26-52000-C,80916.53,BTC-25DEC26,call,52000.0,2026-12-25T08:00:00+00:00,0.3011820670411565,0.3585,0.3655,0.36286071,0.362,80916.53,BTC-25DEC26,0.5112,0.95677,40.74585,0.1,0.0,0.007000000000000006,BTC,79819.65,0.0
2026-09-06T07:50:16.801142+00:00,BTC-18SEP26-90000-P,79910.85,BTC-18SEP26,put,90000.0,2026-09-18T08:00:00+00:00,0.03287268990221056,0.126,0.1335,0.12893534,0.12975,79910.85,BTC-18SEP26,0.4456,-0.92428,20.65749,0.0,0.0,0.007500000000000007,BTC,79819.65,0.0
2026-09-06T07:50:16.801142+00:00,BTC-7SEP26-82500-C,79827.29,BTC-7SEP26,call,82500.0,2026-09-07T08:00:00+00:00,0.002756331243757447,0.0002,0.0004,0.00032436,0.0003,79827.29,BTC-7SEP26,0.3615,0.04079,3.667,33.2,8.1,0.0002,BTC,79819.65,253.76
2026-09-06T07:50:16.801142+00:00,BTC-25SEP26-145000-P,79951.36,BTC-25SEP26,put,145000.0,2026-09-25T08:00:00+00:00,0.05203764541213527,0.809,0.8195,0.8136315,0.81425,79951.36,BTC-25SEP26,0.7775,-0.99946,0.34794,0.2,0.0,0.010499999999999954,BTC,79819.65,0.0
2026-09-06T07:50:16.801142+00:00,BTC-18SEP26-85000-P,79910.85,BTC-18SEP26,put,85000.0,2026-09-18T08:00:00+00:00,0.03287268990221056,0.0695,0.0765,0.07201314,0.073,79910.85,BTC-18SEP26,0.4023,-0.79222,41.49257,1.2,0.1,0.006999999999999992,BTC,79819.65,593.45
2026-09-06T07:50:16.801142+00:00,BTC-30OCT26-81000-C,80289.58,BTC-30OCT26,call,81000.0,2026-10-30T08:00:00+00:00,0.14786242296175883,0.053,0.054,0.05348331,0.0535,80289.58,BTC-30OCT26,0.3753,0.50343,123.15877,323.0,20.2,0.0010000000000000009,BTC,79819.65,84299.5
2026-09-06T07:50:16.801142+00:00,BTC-30OCT26-55000-C,80289.58,BTC-30OCT26,call,55000.0,2026-10-30T08:00:00+00:00,0.14786242296175883,0.314,0.32,0.31718775,0.317,80289.58,BTC-30OCT26,0.5353,0.97373,18.80534,0.1,0.0,0.006000000000000005,BTC,79819.65,0.0
2026-09-06T07:50:16.801142+00:00,BTC-8SEP26-78500-P,79832.0,BTC-8SEP26,put,78500.0,2026-09-08T08:00:00+00:00,0.005494182030889547,0.0028,0.0033,0.00305065,0.00305,79832.0,BTC-8SEP26,0.3085,-0.23235,18.06425,37.7,27.8,0.0005,BTC,79819.65,7953.85
2026-09-06T07:50:16.801142+00:00,BTC-25DEC26-94000-P,80916.53,BTC-25DEC26,put,94000.0,2026-12-25T08:00:00+00:00,0.3011820670411565,0.191,0.204,0.1962572,0.1975,80916.53,BTC-25DEC26,0.3992,-0.71775,150.05398,5.3,0.0,0.012999999999999984,BTC,79819.65,0.0
2026-09-06T07:50:16.801142+00:00,BTC-27NOV26-60000-C,80606.52,BTC-27NOV26,call,60000.0,2026-11-27T08:00:00+00:00,0.22452224500145768,0.2605,0.266,0.26301813,0.26325,80606.52,BTC-27NOV26,0.45659999999999995,0.92931,51.67005,0.1,0.0,0.005500000000000005,BTC,79819.65,0.0
2026-09-06T07:50:16.801142+00:00,BTC-25JUN27-66000-C,82771.4,BTC-25JUN27,call,66000.0,2027-06-25T08:00:00+00:00,0.7994709102991989,0.2605,0.264,0.26233514,0.26225,82771.4,BTC-25JUN27,0.4349,0.78105,218.53574,25.7,0.0,0.003500000000000003,BTC,79819.65,0.0
2026-09-06T07:50:16.801142+00:00,BTC-25JUN27-66000-P,82771.4,BTC-25JUN27,put,66000.0,2027-06-25T08:00:00+00:00,0.7994709102991989,0.0585,0.061,0.05970758,0.05975,82771.4,BTC-25JUN27,0.4349,-0.21895,218.53574,46.5,12.4,0.0024999999999999953,BTC,79819.65,58006.17
2026-09-06T07:50:16.801142+00:00,BTC-6SEP26-83000-P,79837.29,BTC-6SEP26,put,83000.0,2026-09-06T08:00:00+00:00,1.84804566253454e-05,0.037,0.043,0.03961757,0.04,79837.29,BTC-6SEP26,0.40759999999999996,-0.27333,0.0,0.0,0.0,0.005999999999999998,BTC,79819.65,0.0
2026-09-06T07:50:16.801142+00:00,BTC-25DEC26-94000-C,80916.53,BTC-25DEC26,call,94000.0,2026-12-25T08:00:00+00:00,0.3011820670411565,0.034,0.035,0.03456253,0.0345,80916.53,BTC-25DEC26,0.3992,0.28225,150.05426,393.5,0.0,0.0010000000000000009,BTC,79819.65,0.0
2026-09-06T07:50:16.801142+00:00,BTC-27NOV26-68000-C,80606.74,BTC-27NOV26,call,68000.0,2026-11-27T08:00:00+00:00,0.22452224500145768,0.1745,0.177,0.17536005,0.17575,80606.74,BTC-27NOV26,0.4122,0.83303,95.53806,0.0,0.0,0.0025000000000000022,BTC,79819.65,0.0
2026-09-06T07:50:16.801142+00:00,BTC-25SEP26-56000-C,79950.87,BTC-25SEP26,call,56000.0,2026-09-25T08:00:00+00:00,0.05203764541213527,0.2975,0.302,0.29978821,0.29975,79950.87,BTC-25SEP26,0.6171,0.99529,2.50055,13.4,0.0,0.004500000000000004,BTC,79819.65,0.0
2026-09-06T07:50:16.801142+00:00,BTC-25SEP26-62000-C,79951.36,BTC-25SEP26,call,62000.0,2026-09-25T08:00:00+00:00,0.05203764541213527,0.222,0.2275,0.22512742,0.22475,79951.36,BTC-25SEP26,0.5202,0.98602,6.50078,597.4,0.0,0.005500000000000005,BTC,79819.65,0.0
2026-09-06T07:50:16.801142+00:00,BTC-30OCT26-105000-C,80289.58,BTC-30OCT26,call,105000.0,2026-10-30T08:00:00+00:00,0.14786242296175883,0.0046,0.0055,0.00505465,0.00505,80289.58,BTC-30OCT26,0.4481,0.07017,41.52998,1143.2,0.0,0.0008999999999999998,BTC,79819.65,0.0
2026-09-06T07:50:16.801142+00:00,BTC-8SEP26-77000-C,79832.0,BTC-8SEP26,call,77000.0,2026-09-08T08:00:00+00:00,0.005494182030889547,0.033,0.039,0.03636148,0.036,79832.0,BTC-8SEP26,0.34380000000000005,0.92143,8.67467,0.0,0.0,0.005999999999999998,BTC,79819.65,0.0
2026-09-06T07:50:16.801142+00:00,BTC-30OCT26-55000-P,80289.58,BTC-30OCT26,put,55000.0,2026-10-30T08:00:00+00:00,0.14786242296175883,0.002,0.0024,0.00220405,0.0022,80289.58,BTC-30OCT26,0.5353,-0.02627,18.80534,311.1,0.0,0.00039999999999999975,BTC,79819.65,0.0
2026-09-06T07:50:16.801142+00:00,BTC-25JUN27-160000-P,82771.4,BTC-25JUN27,put,160000.0,2027-06-25T08:00:00+00:00,0.7994709102991989,0.9375,0.969,0.94852954,0.95325,82771.4,BTC-25JUN27,0.4775,-0.90829,121.87037,0.2,0.0,0.03149999999999997,BTC,79819.65,0.0
2026-09-06T07:50:16.801142+00:00,BTC-25SEP26-70000-C,79950.87,BTC-25SEP26,call,70000.0,2026-09-25T08:00:00+00:00,0.05203764541213527,0.125,0.13,0.12749862,0.1275,79950.87,BTC-25SEP26,0.409,0.92879,24.81033,10965.4,0.0,0.0050000000000000044,BTC,79819.65,0.0
2026-09-06T07:50:16.801142+00:00,BTC-27NOV26-85000-P,80606.52,BTC-27NOV26,put,85000.0,2026-11-27T08:00:00+00:00,0.22452224500145768,0.105,0.1065,0.10590546,0.10575,80606.52,BTC-27NOV26,0.3895,-0.57819,149.4299,11.0,1.6,0.0015000000000000013,BTC,79819.65,13643.65
2026-09-06T07:50:16.801142+00:00,BTC-25SEP26-260000-P,79950.87,BTC-25SEP26,put,260000.0,2026-09-25T08:00:00+00:00,0.05203764541213527,2.2415,2.267,2.25198639,2.25425,79950.87,BTC-25SEP26,1.2309,-0.99998,0.0192,0.0,0.0,0.025500000000000078,BTC,79819.65,0.0
2026-09-06T07:50:16.801142+00:00,BTC-7SEP26-85000-C,79827.06,BTC-7SEP26,call,85000.0,2026-09-07T08:00:00+00:00,0.002756331243757447,,0.0002,2.217e-05,,79827.06,BTC-7SEP26,0.43670000000000003,0.00302,0.3855,28.2,0.4,,BTC,79819.65,3.2
2026-09-06T07:50:16.801142+00:00,BTC-26MAR27-85000-C,81829.27,BTC-26MAR27,call,85000.0,2027-03-26T08:00:00+00:00,0.5503264886701777,0.102,0.104,0.1030567,0.103,81829.27,BTC-26MAR27,0.40399999999999997,0.50868,242.10316,345.7,0.0,0.0020000000000000018,BTC,79819.65,0.0
2026-09-06T07:50:16.801142+00:00,BTC-25JUN27-102000-C,82771.19,BTC-25JUN27,call,102000.0,2027-06-25T08:00:00+00:00,0.7994709102991989,0.074,0.076,0.07502019,0.075,82771.19,BTC-25JUN27,0.42060000000000003,0.3564,275.91254,28.4,0.0,0.0020000000000000018,BTC,79819.65,0.0
2026-09-06T07:50:16.801142+00:00,BTC-25DEC26-110000-P,80916.27,BTC-25DEC26,put,110000.0,2026-12-25T08:00:00+00:00,0.3011820670411565,0.365,0.3785,0.37194389,0.37175,80916.27,BTC-25DEC26,0.43060000000000004,-0.88149,88.0448,55.6,0.0,0.013500000000000012,BTC,79819.65,0.0
2026-09-06T07:50:16.801142+00:00,BTC-26MAR27-52000-P,81829.27,BTC-26MAR27,put,52000.0,2027-03-26T08:00:00+00:00,0.5503264886701777,0.013,0.0145,0.01351582,0.01375,81829.27,BTC-26MAR27,0.4797,-0.07352,84.624,123.8,0.0,0.0015000000000000013,BTC,79819.65,0.0
2026-09-06T07:50:16.801142+00:00,BTC-27NOV26-87000-P,80606.74,BTC-27NOV26,put,87000.0,2026-11-27T08:00:00+00:00,0.22452224500145768,0.1215,0.1245,0.12292887,0.123,80606.74,BTC-27NOV26,0.39159999999999995,-0.62571,144.73761,3.7,0.0,0.0030000000000000027,BTC,79819.65,0.0
2026-09-06T07:50:16.801142+00:00,BTC-30OCT26-89000-C,80289.58,BTC-30OCT26,call,89000.0,2026-10-30T08:00:00+00:00,0.14786242296175883,0.0225,0.0235,0.02302899,0.023,80289.58,BTC-30OCT26,0.3898,0.26951,101.98518,76.3,0.0,0.0010000000000000009,BTC,79819.65,0.0
2026-09-06T07:50:16.801142+00:00,BTC-30OCT26-61000-P,80289.58,BTC-30OCT26,put,61000.0,2026-10-30T08:00:00+00:00,0.14786242296175883,0.004,0.0045,0.00423829,0.00425,80289.58,BTC-30OCT26,0.4661,-0.0526,33.15035,261.4,0.0,0.0004999999999999996,BTC,79819.65,0.0
2026-09-06T07:50:16.801142+00:00,BTC-25JUN27-60000-P,82771.4,BTC-25JUN27,put,60000.0,2027-06-25T08:00:00+00:00,0.7994709102991989,0.0395,0.0415,0.04046659,0.0405,82771.4,BTC-25JUN27,0.4487,-0.15828,178.8055,196.2,0.2,0.0020000000000000018,BTC,79819.65,636.79
2026-09-06T07:50:16.801142+00:00,BTC-25DEC26-125000-P,80916.53,BTC-25DEC26,put,125000.0,2026-12-25T08:00:00+00:00,0.3011820670411565,0.545,0.5575,0.55080369,0.55125,80916.53,BTC-25DEC26,0.4694,-0.94067,52.43135,9.1,0.0,0.012499999999999956,BTC,79819.65,0.0
2026-09-06T07:50:16.801142+00:00,BTC-11SEP26-71000-C,79844.85,BTC-11SEP26,call,71000.0,2026-09-11T08:00:00+00:00,0.013707734392285852,0.108,0.1135,0.11108365,0.11075,79844.85,BTC-11SEP26,0.46909999999999996,0.98454,3.63221,26.0,0.0,0.005500000000000005,BTC,79819.65,0.0
2026-09-06T07:50:16.801142+00:00,BTC-27NOV26-58000-C,80606.74,BTC-27NOV26,call,58000.0,2026-11-27T08:00:00+00:00,0.22452224500145768,0.284,0.2895,0.28631802,0.28675,80606.74,BTC-27NOV26,0.4711,0.94352,43.38586,0.0,0.0,0.005500000000000005,BTC,79819.65,0.0
2026-09-06T07:50:16.801142+00:00,BTC-11SEP26-80000-C,79845.35,BTC-11SEP26,call,80000.0,2026-09-11T08:00:00+00:00,0.013707734392285852,0.015,0.016,0.0155755,0.0155,79845.35,BTC-11SEP26,0.35340000000000005,0.48587,37.26475,676.1,135.2,0.0010000000000000009,BTC,79819.65,156615.85
2026-09-06T07:50:16.801142+00:00,BTC-7SEP26-69000-P,79827.06,BTC-7SEP26,put,69000.0,2026-09-07T08:00:00+00:00,0.002756331243757447,,0.0001,4e-08,,79827.06,BTC-7SEP26,0.6355,-1e-05,0.00117,0.6,0.0,,BTC,79819.65,0.0
2026-09-06T07:50:16.801142+00:00,BTC-18SEP26-86000-C,79910.85,BTC-18SEP26,call,86000.0,2026-09-18T08:00:00+00:00,0.03287268990221056,0.006,0.007,0.00652199,0.0065,79910.85,BTC-18SEP26,0.40880000000000005,0.16895,36.51506,353.7,16.8,0.001,BTC,79819.65,8528.72
2026-09-06T07:50:16.801142+00:00,BTC-26MAR27-110000-P,81829.27,BTC-26MAR27,put,110000.0,2027-03-26T08:00:00+00:00,0.5503264886701777,0.3705,0.3885,0.37737458,0.3795,81829.27,BTC-26MAR27,0.4211,-0.78582,176.96785,4.1,0.0,0.018000000000000016,BTC,79819.65,0.0
2026-09-06T07:50:16.801142+00:00,BTC-26MAR27-52000-C,81829.27,BTC-26MAR27,call,52000.0,2027-03-26T08:00:00+00:00,0.5503264886701777,0.374,0.381,0.37805003,0.3775,81829.27,BTC-26MAR27,0.4797,0.92648,84.62715,5.3,0.0,0.007000000000000006,BTC,79821.74,0.0
2026-09-06T07:50:16.801142+00:00,BTC-25SEP26-90000-P,79950.87,BTC-25SEP26,put,90000.0,2026-09-25T08:00:00+00:00,0.05203764541213527,0.128,0.136,0.13093667,0.132,79950.87,BTC-25SEP26,0.4189,-0.88386,35.64811,579.9,0.0,0.008000000000000007,BTC,79821.74,0.0
2026-09-06T07:50:16.801142+00:00,BTC-25JUN27-50000-P,82771.19,BTC-25JUN27,put,50000.0,2027-06-25T08:00:00+00:00,0.7994709102991989,0.019,0.021,0.01993591,0.02,82771.19,BTC-25JUN27,0.48369999999999996,-0.08369,113.83453,402.1,0.0,0.0020000000000000018,BTC,79819.65,0.0
2026-09-06T07:50:16.801142+00:00,BTC-25SEP26-320000-P,79950.87,BTC-25SEP26,put,320000.0,2026-09-25T08:00:00+00:00,0.05203764541213527,2.992,3.0155,3.00244396,3.00375,79950.87,BTC-25SEP26,1.4015,-0.99999,0.01179,25.1,0.0,0.023499999999999854,BTC,79821.74,0.0
2026-09-06T07:50:16.801142+00:00,BTC-30OCT26-105000-P,80289.58,BTC-30OCT26,put,105000.0,2026-10-30T08:00:00+00:00,0.14786242296175883,0.308,0.3185,0.31281304,0.31325,80289.58,BTC-30OCT26,0.4481,-0.92985,41.52003,0.0,0.0,0.01050000000000001,BTC,79821.74,0.0
2026-09-06T07:50:16.801142+00:00,BTC-26MAR27-68000-C,81829.27,BTC-26MAR27,call,68000.0,2027-03-26T08:00:00+00:00,0.5503264886701777,0.216,0.2185,0.21702545,0.21725,81829.27,BTC-26MAR27,0.41969999999999996,0.77306,182.93989,196.5,0.0,0.0025000000000000022,BTC,79821.74,0.0
2026-09-06T07:50:16.801142+00:00,BTC-6SEP26-77000-P,79837.29,BTC-6SEP26,put,77000.0,2026-09-06T08:00:00+00:00,1.84804566253454e-05,,0.0001,0.0,,79837.29,BTC-6SEP26,0.3128,0.0,0.0,92.3,0.0,,BTC,79821.74,0.0
2026-09-06T07:50:16.801142+00:00,BTC-25DEC26-52000-P,80916.53,BTC-25DEC26,put,52000.0,2026-12-25T08:00:00+00:00,0.3011820670411565,0.0055,0.006,0.00550032,0.00575,80916.53,BTC-25DEC26,0.5112,-0.04322,40.73946,542.5,0.0,0.0005000000000000004,BTC,79821.74,0.0
2026-09-06T07:50:16.801142+00:00,BTC-25SEP26-94000-C,79950.87,BTC-25SEP26,call,94000.0,2026-09-25T08:00:00+00:00,0.05203764541213527,0.0025,0.0029,0.00268651,0.0027,79950.87,BTC-25SEP26,0.4484,0.06251,22.43314,877.3,2.0,0.00039999999999999975,BTC,79822.97,439.65
2026-09-06T07:50:16.801142+00:00,BTC-30OCT26-83000-P,80289.58,BTC-30OCT26,put,83000.0,2026-10-30T08:00:00+00:00,0.14786242296175883,0.0765,0.0775,0.07727313,0.077,80289.58,BTC-30OCT26,0.3776,-0.56286,121.63562,103.9,0.0,0.0010000000000000009,BTC,79822.97,0.0
2026-09-06T07:50:16.801142+00:00,BTC-25DEC26-96000-C,80916.53,BTC-25DEC26,call,96000.0,2026-12-25T08:00:00+00:00,0.3011820670411565,0.0295,0.0305,0.03011028,0.03,80916.53,BTC-25DEC26,0.402,0.25273,141.92514,1494.7,0.9,0.0010000000000000009,BTC,79822.97,2152.78
2026-09-06T07:50:16.801142+00:00,BTC-18SEP26-74000-P,79911.34,BTC-18SEP26,put,74000.0,2026-09-18T08:00:00+00:00,0.03287268990221056,0.0045,0.005,0.0046994,0.00475,79911.34,BTC-18SEP26,0.3875,-0.1306,30.74546,191.3,13.0,0.0005000000000000004,BTC,79822.97,4789.38
2026-09-06T07:50:16.801142+00:00,BTC-27NOV26-69000-P,80606.52,BTC-27NOV26,put,69000.0,2026-11-27T08:00:00+00:00,0.22452224500145768,0.021,0.022,0.02145922,0.0215,80606.52,BTC-27NOV26,0.4093,-0.18496,101.93523,24.7,0.1,0.0009999999999999974,BTC,79822.97,167.33
2026-09-06T07:50:16.801142+00:00,BTC-11SEP26-70000-C,79845.35,BTC-11SEP26,call,70000.0,2026-09-11T08:00:00+00:00,0.013707734392285852,0.1205,0.126,0.12358933,0.12325,79845.35,BTC-11SEP26,0.5132,0.98657,3.21894,286.9,0.0,0.005500000000000005,BTC,79822.41,0.0
2026-09-06T07:50:16.801142+00:00,BTC-6SEP26-78500-P,79837.29,BTC-6SEP26,put,78500.0,2026-09-06T08:00:00+00:00,1.84804566253454e-05,,0.0001,0.0,,79837.29,BTC-6SEP26,0.30760000000000004,0.0,0.0,46.4,9.0,,BTC,79822.41,156.13
2026-09-06T07:50:16.801142+00:00,BTC-7SEP26-78500-C,79827.06,BTC-7SEP26,call,78500.0,2026-09-07T08:00:00+00:00,0.002756331243757447,0.015,0.0205,0.01761926,0.01775,79827.06,BTC-7SEP26,0.2864,0.86355,9.16053,1.5,0.0,0.005500000000000001,BTC,79822.97,0.0
2026-09-06T07:50:16.801142+00:00,BTC-25JUN27-170000-C,82771.4,BTC-25JUN27,call,170000.0,2027-06-25T08:00:00+00:00,0.7994709102991989,0.012,0.0135,0.01274753,0.01275,82771.4,BTC-25JUN27,0.4882,0.0763,106.15232,91.9,0.0,0.0014999999999999996,BTC,79822.41,0.0
2026-09-06T07:50:16.801142+00:00,BTC-25DEC26-68000-C,80916.53,BTC-25DEC26,call,68000.0,2026-12-25T08:00:00+00:00,0.3011820670411565,0.1805,0.1905,0.18612304,0.1855,80916.53,BTC-25DEC26,0.4138,0.80991,120.53814,1033.6,0.0,0.010000000000000009,BTC,79822.41,0.0
2026-09-06T07:50:16.801142+00:00,BTC-27NOV26-102000-C,80606.52,BTC-27NOV26,call,102000.0,2026-11-27T08:00:00+00:00,0.22452224500145768,0.0125,0.0135,0.01301918,0.013,80606.52,BTC-27NOV26,0.4204,0.1393,84.72289,94.3,1.6,0.0009999999999999992,BTC,79822.41,1661.02
2026-09-06T07:50:16.801142+00:00,BTC-25JUN27-40000-C,82771.4,BTC-25JUN27,call,40000.0,2027-06-25T08:00:00+00:00,0.7994709102991989,0.525,0.5275,0.52646872,0.52625,82771.4,BTC-25JUN27,0.5427000000000001,0.95908,64.96208,17.1,0.0,0.0024999999999999467,BTC,79822.41,0.0
2026-09-06T07:50:16.801142+00:00,BTC-27NOV26-100000-P,80606.74,BTC-27NOV26,put,100000.0,2026-11-27T08:00:00+00:00,0.22452224500145768,0.2505,0.262,0.25563842,0.25625,80606.74,BTC-27NOV26,0.4144,-0.8416,92.31907,0.0,0.0,0.01150000000000001,BTC,79822.41,0.0
2026-09-06T07:50:16.801142+00:00,BTC-25SEP26-94000-P,79951.36,BTC-25SEP26,put,94000.0,2026-09-25T08:00:00+00:00,0.05203764541213527,0.1745,0.1835,0.17840414,0.179,79951.36,BTC-25SEP26,0.4484,-0.93749,22.43317,1.9,0.0,0.009000000000000008,BTC,79822.41,0.0
2026-09-06T07:50:16.801142+00:00,BTC-26MAR27-100000-C,81829.27,BTC-26MAR27,call,100000.0,2027-03-26T08:00:00+00:00,0.5503264886701777,0.0505,0.0525,0.05153566,0.0515,81829.27,BTC-26MAR27,0.4115,0.30671,213.15306,669.1,0.0,0.001999999999999995,BTC,79822.41,0.0
2026-09-06T07:50:16.801142+00:00,BTC-26MAR27-68000-P,81829.27,BTC-26MAR27,put,68000.0,2027-03-26T08:00:00+00:00,0.5503264886701777,0.047,0.049,0.04801917,0.048,81829.27,BTC-26MAR27,0.41969999999999996,-0.22694,182.93761,290.8,0.0,0.0020000000000000018,BTC,79822.41,0.0
2026-09-06T07:50:16.801142+00:00,BTC-9SEP26-84000-P,79840.02,BTC-9SEP26,put,84000.0,2026-09-09T08:00:00+00:00,0.008232032818021649,0.051,0.057,0.05336587,0.054,79840.02,BTC-9SEP26,0.3922,-0.92191,10.57146,0.0,0.0,0.006000000000000005,BTC,79822.41,0.0
2026-09-06T07:50:16.801142+00:00,BTC-27NOV26-87000-C,80606.52,BTC-27NOV26,call,87000.0,2026-11-27T08:00:00+00:00,0.22452224500145768,0.043,0.044,0.04361105,0.0435,80606.52,BTC-27NOV26,0.39159999999999995,0.37438,144.75478,9.8,0.0,0.0010000000000000009,BTC,79822.41,0.0
2026-09-06T07:50:16.801142+00:00,BTC-7SEP26-86000-P,79827.06,BTC-7SEP26,put,86000.0,2026-09-07T08:00:00+00:00,0.002756331243757447,0.0745,0.0805,0.07733261,0.0775,79827.06,BTC-7SEP26,0.43670000000000003,-0.99943,0.08394,0.0,0.0,0.006000000000000005,BTC,79822.41,0.0
2026-09-06T07:50:16.801142+00:00,BTC-8SEP26-82000-C,79832.0,BTC-8SEP26,call,82000.0,2026-09-08T08:00:00+00:00,0.005494182030889547,0.0018,0.0022,0.00200852,0.002,79832.0,BTC-8SEP26,0.3471,0.14886,13.72268,301.9,1.4,0.0004000000000000002,BTC,79822.41,244.82
2026-09-06T07:50:16.801142+00:00,BTC-8SEP26-74000-P,79831.36,BTC-8SEP26,put,74000.0,2026-09-08T08:00:00+00:00,0.005494182030889547,0.0001,0.0004,0.00017838,0.00025,79831.36,BTC-8SEP26,0.47119999999999995,-0.01472,2.20382,1.8,1.5,0.00030000000000000003,BTC,79822.41,31.07
2026-09-06T07:50:16.801142+00:00,BTC-25JUN27-52000-P,82771.4,BTC-25JUN27,put,52000.0,2027-06-25T08:00:00+00:00,0.7994709102991989,0.022,0.024,0.02297579,0.023,82771.4,BTC-25JUN27,0.4746,-0.09568,125.74809,40.4,0.1,0.0020000000000000018,BTC,79822.41,179.28
2026-09-06T07:50:16.801142+00:00,BTC-25SEP26-78000-P,79950.87,BTC-25SEP26,put,78000.0,2026-09-25T08:00:00+00:00,0.05203764541213527,0.022,0.0225,0.022352,0.02225,79950.87,BTC-25SEP26,0.3686,-0.36997,68.8586,2717.8,51.0,0.0005000000000000004,BTC,79822.63,90489.89
2026-09-06T07:50:16.801142+00:00,BTC-11SEP26-85000-C,79845.35,BTC-11SEP26,call,85000.0,2026-09-11T08:00:00+00:00,0.013707734392285852,0.0021,0.0025,0.00224283,0.0023,79845.35,BTC-11SEP26,0.41,0.09928,16.31808,711.1,12.4,0.0004000000000000002,BTC,79822.63,2475.75
2026-09-06T07:50:16.801142+00:00,BTC-7SEP26-80500-P,79827.29,BTC-7SEP26,put,80500.0,2026-09-07T08:00:00+00:00,0.002756331243757447,0.01,0.012,0.01131348,0.011,79827.29,BTC-7SEP26,0.29510000000000003,-0.71102,14.31342,25.7,1.0,0.002,BTC,79822.41,1036.69
2026-09-06T07:50:16.801142+00:00,BTC-27NOV26-77000-P,80606.74,BTC-27NOV26,put,77000.0,2026-11-27T08:00:00+00:00,0.22452224500145768,0.051,0.0525,0.05172193,0.05175,80606.74,BTC-27NOV26,0.3895,-0.36753,143.89242,28.5,0.2,0.0015000000000000013,BTC,79822.63,828.67
2026-09-06T07:50:16.801142+00:00,BTC-6SEP26-74500-C,79837.07,BTC-6SEP26,call,74500.0,2026-09-06T08:00:00+00:00,1.84804566253454e-05,0.0635,0.0695,0.06684929,0.0665,79837.07,BTC-6SEP26,0.4305,0.26667,0.0,0.0,0.0,0.006000000000000005,BTC,79822.63,0.0
2026-09-06T07:50:16.801142+00:00,BTC-27NOV26-77000-C,80606.52,BTC-27NOV26,call,77000.0,2026-11-27T08:00:00+00:00,0.22452224500145768,0.0955,0.0975,0.09646363,0.0965,80606.52,BTC-27NOV26,0.3895,0.63246,143.89279,3.0,0.0,0.0020000000000000018,BTC,79822.63,0.0
2026-09-06T07:50:16.801142+00:00,BTC-25SEP26-87000-C,79950.87,BTC-25SEP26,call,87000.0,2026-09-25T08:00:00+00:00,0.05203764541213527,0.0085,0.0095,0.00901848,0.009,79950.87,BTC-25SEP26,0.39840000000000003,0.18744,49.07902,10.4,2.0,0.0009999999999999992,BTC,79822.63,1437.21
2026-09-06T07:50:16.801142+00:00,BTC-6SEP26-78500-C,79837.07,BTC-6SEP26,call,78500.0,2026-09-06T08:00:00+00:00,1.84804566253454e-05,0.0135,0.0195,0.01674724,0.0165,79837.07,BTC-6SEP26,0.30760000000000004,0.26667,0.0,0.8,0.0,0.006,BTC,79822.63,0.0
2026-09-06T07:50:16.801142+00:00,BTC-26MAR27-125000-P,81829.27,BTC-26MAR27,put,125000.0,2027-03-26T08:00:00+00:00,0.5503264886701777,0.537,0.5595,0.54583152,0.54825,81829.27,BTC-26MAR27,0.43979999999999997,-0.87204,127.01219,0.1,0.0,0.022499999999999964,BTC,79822.63,0.0
2026-09-06T07:50:16.801142+00:00,BTC-26MAR27-115000-C,81829.27,BTC-26MAR27,call,115000.0,2027-03-26T08:00:00+00:00,0.5503264886701777,0.026,0.0275,0.02678833,0.02675,81829.27,BTC-26MAR27,0.4264,0.17917,158.82026,808.0,0.0,0.0015000000000000013,BTC,79822.63,0.0
2026-09-06T07:50:16.801142+00:00,BTC-26MAR27-86000-C,81829.27,BTC-26MAR27,call,86000.0,2027-03-26T08:00:00+00:00,0.5503264886701777,0.0975,0.0995,0.09849997,0.0985,81829.27,BTC-26MAR27,0.4044,0.49328,242.13356,141.7,0.0,0.0020000000000000018,BTC,79822.63,0.0
2026-09-06T07:50:16.801142+00:00,BTC-11SEP26-95000-C,79844.85,BTC-11SEP26,call,95000.0,2026-09-11T08:00:00+00:00,0.013707734392285852,0.0001,0.0002,0.00016044,0.00015,79844.85,BTC-11SEP26,0.5972999999999999,0.00702,1.82682,615.8,1.6,0.0001,BTC,79822.63,16.76
2026-09-06T07:50:16.801142+00:00,BTC-27NOV26-62000-C,80606.52,BTC-27NOV26,call,62000.0,2026-11-27T08:00:00+00:00,0.22452224500145768,0.2355,0.243,0.24030511,0.23925,80606.52,BTC-27NOV26,0.44549999999999995,0.91097,61.52418,0.0,0.0,0.007500000000000007,BTC,79822.63,0.0
2026-09-06T07:50:16.801142+00:00,BTC-11SEP26-67000-C,79844.85,BTC-11SEP26,call,67000.0,2026-09-11T08:00:00+00:00,0.013707734392285852,0.158,0.1635,0.16101007,0.16075,79844.85,BTC-11SEP26,0.6006,0.9942,1.54189,0.2,0.0,0.005500000000000005,BTC,79822.63,0.0
2026-09-06T07:50:16.801142+00:00,BTC-27NOV26-80000-P,80606.74,BTC-27NOV26,put,80000.0,2026-11-27T08:00:00+00:00,0.22452224500145768,0.0685,0.07,0.06955672,0.06925,80606.74,BTC-27NOV26,0.38939999999999997,-0.44776,151.06358,51.6,0.0,0.0015000000000000013,BTC,79822.63,0.0
2026-09-06T07:50:16.801142+00:00,BTC-25JUN27-80000-P,82771.4,BTC-25JUN27,put,80000.0,2027-06-25T08:00:00+00:00,0.7994709102991989,0.128,0.1315,0.12993037,0.12975,82771.4,BTC-25JUN27,0.4188,-0.39072,284.11693,44.1,0.2,0.003500000000000003,BTC,79822.63,2091.67
2026-09-06T07:50:16.801142+00:00,BTC-25DEC26-55000-P,80916.53,BTC-25DEC26,put,55000.0,2026-12-25T08:00:00+00:00,0.3011820670411565,0.007,0.008,0.00747859,0.0075,80916.53,BTC-25DEC26,0.4901,-0.05841,51.79889,2657.5,0.0,0.001,BTC,79822.63,0.0
2026-09-06T07:50:16.801142+00:00,BTC-25SEP26-98000-C,79951.36,BTC-25SEP26,call,98000.0,2026-09-25T08:00:00+00:00,0.05203764541213527,0.0014,0.0016,0.00152341,0.0015,79951.36,BTC-25SEP26,0.4818,0.036,14.4204,1128.1,5.9,0.0002000000000000001,BTC,79822.63,791.71
2026-09-06T07:50:16.801142+00:00,BTC-6SEP26-75500-C,79837.07,BTC-6SEP26,call,75500.0,2026-09-06T08:00:00+00:00,1.84804566253454e-05,0.0515,0.057,0.05432378,0.05425,79837.07,BTC-6SEP26,0.36590000000000006,0.26667,0.0,0.0,0.0,0.005500000000000005,BTC,79822.63,0.0
2026-09-06T07:50:16.801142+00:00,BTC-25JUN27-30000-P,82771.19,BTC-25JUN27,put,30000.0,2027-06-25T08:00:00+00:00,0.7994709102991989,0.0036,0.0048,0.00416919,0.0042,82771.19,BTC-25JUN27,0.6169,-0.01723,31.56366,332.0,0.0,0.0011999999999999997,BTC,79822.63,0.0
2026-09-06T07:50:16.801142+00:00,BTC-25SEP26-100000-P,79951.36,BTC-25SEP26,put,100000.0,2026-09-25T08:00:00+00:00,0.05203764541213527,0.248,0.2555,0.25200821,0.25175,79951.36,BTC-25SEP26,0.503,-0.97093,12.08893,336.1,0.0,0.007500000000000007,BTC,79822.63,0.0
2026-09-06T07:50:16.801142+00:00,BTC-27NOV26-72000-C,80606.74,BTC-27NOV26,call,72000.0,2026-11-27T08:00:00+00:00,0.22452224500145768,0.136,0.138,0.13689368,0.137,80606.74,BTC-27NOV26,0.3983,0.75511,120.03965,0.0,0.0,0.0020000000000000018,BTC,79822.63,0.0
2026-09-06T07:50:16.801142+00:00,BTC-30OCT26-102000-C,80289.58,BTC-30OCT26,call,102000.0,2026-10-30T08:00:00+00:00,0.14786242296175883,0.006,0.0065,0.0062939,0.00625,80289.58,BTC-30OCT26,0.4325,0.08718,48.96185,198.3,0.0,0.0004999999999999996,BTC,79822.63,0.0
2026-09-06T07:50:16.801142+00:00,BTC-8SEP26-83500-C,79832.0,BTC-8SEP26,call,83500.0,2026-09-08T08:00:00+00:00,0.005494182030889547,0.0007,0.0009,0.00078425,0.0008,79832.0,BTC-8SEP26,0.39189999999999997,0.06145,7.18002,6.5,6.3,0.00019999999999999998,BTC,79822.63,406.04
2026-09-06T07:50:16.801142+00:00,BTC-8SEP26-86000-P,79832.0,BTC-8SEP26,put,86000.0,2026-09-08T08:00:00+00:00,0.005494182030889547,0.0745,0.0815,0.07744203,0.078,79832.0,BTC-8SEP26,0.46020000000000005,-0.98512,2.22549,0.0,0.0,0.007000000000000006,BTC,79822.63,0.0
2026-09-06T07:50:16.801142+00:00,BTC-6SEP26-89000-P,79837.07,BTC-6SEP26,put,89000.0,2026-09-06T08:00:00+00:00,1.84804566253454e-05,0.112,0.1185,0.11477065,0.11525,79837.07,BTC-6SEP26,0.5972999999999999,-0.26444,0.0,0.0,0.0,0.006499999999999992,BTC,79822.63,0.0
2026-09-06T07:50:16.801142+00:00,BTC-27NOV26-83000-P,80606.74,BTC-27NOV26,put,83000.0,2026-11-27T08:00:00+00:00,0.22452224500145768,0.0895,0.091,0.09028441,0.09025,80606.74,BTC-27NOV26,0.38880000000000003,-0.52735,152.01358,43.6,1.1,0.0015000000000000013,BTC,79822.63,7994.88
2026-09-06T07:50:16.801142+00:00,BTC-27NOV26-79000-C,80606.74,BTC-27NOV26,call,79000.0,2026-11-27T08:00:00+00:00,0.22452224500145768,0.082,0.0835,0.08303056,0.08275,80606.74,BTC-27NOV26,0.3885,0.57907,149.36921,50.1,0.0,0.0015000000000000013,BTC,79822.63,0.0
2026-09-06T07:50:16.801142+00:00,BTC-25SEP26-102000-C,79950.87,BTC-25SEP26,call,102000.0,2026-09-25T08:00:00+00:00,0.05203764541213527,0.0007,0.0011,0.00089932,0.0009,79950.87,BTC-25SEP26,0.5128,0.02139,9.3489,199.1,1.0,0.0004000000000000001,BTC,79822.63,71.78
2026-09-06T07:50:16.801142+00:00,BTC-7SEP26-85000-P,79827.29,BTC-7SEP26,put,85000.0,2026-09-07T08:00:00+00:00,0.002756331243757447,0.062,0.0685,0.064824,0.06525,79827.29,BTC-7SEP26,0.43670000000000003,-0.99696,0.38741,0.0,0.0,0.006500000000000006,BTC,79822.63,0.0
2026-09-06T07:50:16.801142+00:00,BTC-26MAR27-102000-C,81829.27,BTC-26MAR27,call,102000.0,2027-03-26T08:00:00+00:00,0.5503264886701777,0.046,0.048,0.04703523,0.047,81829.27,BTC-26MAR27,0.413,0.28542,206.23062,127.5,0.0,0.0020000000000000018,BTC,79822.17,0.0
2026-09-06T07:50:16.801142+00:00,BTC-25DEC26-78000-P,80916.27,BTC-25DEC26,put,78000.0,2026-12-25T08:00:00+00:00,0.3011820670411565,0.067,0.068,0.06768083,0.0675,80916.27,BTC-25DEC26,0.3936,-0.39116,170.52091,1405.4,0.1,0.0010000000000000009,BTC,79822.63,543.72
2026-09-06T07:50:16.801142+00:00,BTC-25JUN27-76000-P,82771.19,BTC-25JUN27,put,76000.0,2027-06-25T08:00:00+00:00,0.7994709102991989,0.1045,0.1075,0.10612616,0.106,82771.19,BTC-25JUN27,0.4216,-0.3394,271.00335,74.6,0.2,0.0030000000000000027,BTC,79822.63,1680.41
2026-09-06T07:50:16.801142+00:00,BTC-11SEP26-79000-C,79844.85,BTC-11SEP26,call,79000.0,2026-09-11T08:00:00+00:00,0.013707734392285852,0.0215,0.023,0.02208047,0.02225,79844.85,BTC-11SEP26,0.3494,0.60731,35.93234,275.7,1.6,0.0015000000000000013,BTC,79822.63,2901.88
2026-09-06T07:50:16.801142+00:00,BTC-25SEP26-80000-C,79950.87,BTC-25SEP26,call,80000.0,2026-09-25T08:00:00+00:00,0.05203764541213527,0.033,0.034,0.03340261,0.0335,79950.87,BTC-25SEP26,0.3703,0.51239,72.72334,6926.5,2.6,0.0010000000000000009,BTC,79822.17,6664.79
2026-09-06T07:50:16.801142+00:00,BTC-27NOV26-81000-C,80606.74,BTC-27NOV26,call,81000.0,2026-11-27T08:00:00+00:00,0.22452224500145768,0.0705,0.0715,0.07106684,0.071,80606.74,BTC-27NOV26,0.3882,0.52536,152.06308,112.0,0.0,0.0010000000000000009,BTC,79822.17,0.0
2026-09-06T07:50:16.801142+00:00,BTC-25JUN27-78000-C,82771.4,BTC-25JUN27,call,78000.0,2027-06-25T08:00:00+00:00,0.7994709102991989,0.174,0.1765,0.17526779,0.17525,82771.4,BTC-25JUN27,0.4199,0.63498,278.197,52.2,0.0,0.0025000000000000022,BTC,79822.17,0.0
2026-09-06T07:50:16.801142+00:00,BTC-27NOV26-96000-P,80606.74,BTC-27NOV26,put,96000.0,2026-11-27T08:00:00+00:00,0.22452224500145768,0.2075,0.218,0.21173535,0.21275,80606.74,BTC-27NOV26,0.40630000000000005,-0.79194,109.47439,0.0,0.0,0.01050000000000001,BTC,79822.23,0.0
2026-09-06T07:50:16.801142+00:00,BTC-25JUN27-62000-C,82771.19,BTC-25JUN27,call,62000.0,2027-06-25T08:00:00+00:00,0.7994709102991989,0.295,0.299,0.29716674,0.297,82771.19,BTC-25JUN27,0.4435,0.82278,192.31076,117.0,0.0,0.0040000000000000036,BTC,79822.17,0.0
2026-09-06T07:50:16.801142+00:00,BTC-25SEP26-92000-P,79950.87,BTC-25SEP26,put,92000.0,2026-09-25T08:00:00+00:00,0.05203764541213527,0.1515,0.159,0.15439893,0.15525,79950.87,BTC-25SEP26,0.4326,-0.91552,28.24874,7.7,0.0,0.007500000000000007,BTC,79822.23,0.0
2026-09-06T07:50:16.801142+00:00,BTC-27NOV26-104000-P,80606.52,BTC-27NOV26,put,104000.0,2026-11-27T08:00:00+00:00,0.22452224500145768,0.296,0.308,0.30137477,0.302,80606.52,BTC-27NOV26,0.42469999999999997,-0.87837,77.13298,0.0,0.0,0.01200000000000001,BTC,79822.23,0.0
2026-09-06T07:50:16.801142+00:00,BTC-26MAR27-58000-C,81829.27,BTC-26MAR27,call,58000.0,2027-03-26T08:00:00+00:00,0.5503264886701777,0.307,0.3165,0.31299281,0.31175,81829.27,BTC-26MAR27,0.4493,0.88458,118.13284,4.3,0.0,0.009500000000000008,BTC,79822.32,0.0
2026-09-06T07:50:16.801142+00:00,BTC-6SEP26-74000-C,79837.07,BTC-6SEP26,call,74000.0,2026-09-06T08:00:00+00:00,1.84804566253454e-05,0.0695,0.0755,0.07311205,0.0725,79837.07,BTC-6SEP26,0.46259999999999996,0.26444,0.0,0.0,0.0,0.0059999999999999915,BTC,79822.23,0.0
2026-09-06T07:50:16.801142+00:00,BTC-26MAR27-94000-C,81829.27,BTC-26MAR27,call,94000.0,2027-03-26T08:00:00+00:00,0.5503264886701777,0.067,0.069,0.06794138,0.068,81829.27,BTC-26MAR27,0.40740000000000004,0.3787,230.8849,166.3,0.0,0.0020000000000000018,BTC,79822.32,0.0
2026-09-06T07:50:16.801142+00:00,BTC-26MAR27-72000-C,81829.27,BTC-26MAR27,call,72000.0,2027-03-26T08:00:00+00:00,0.5503264886701777,0.183,0.1855,0.18411735,0.18425,81829.27,BTC-26MAR27,0.41229999999999994,0.71567,205.852,95.2,0.0,0.0025000000000000022,BTC,79822.32,0.0
2026-09-06T07:50:16.801142+00:00,BTC-6SEP26-74500-P,79837.07,BTC-6SEP26,put,74500.0,2026-09-06T08:00:00+00:00,1.84804566253454e-05,,0.0001,0.0,,79837.07,BTC-6SEP26,0.4305,0.0,0.0,21.9,0.0,,BTC,79822.32,0.0
2026-09-06T07:50:16.801142+00:00,BTC-25JUN27-50000-C,82771.19,BTC-25JUN27,call,50000.0,2027-06-25T08:00:00+00:00,0.7994709102991989,0.414,0.4175,0.41586588,0.41575,82771.19,BTC-25JUN27,0.48369999999999996,0.91632,113.82784,17.5,0.0,0.003500000000000003,BTC,79822.32,0.0
2026-09-06T07:50:16.801142+00:00,BTC-25DEC26-55000-C,80916.53,BTC-25DEC26,call,55000.0,2026-12-25T08:00:00+00:00,0.3011820670411565,0.323,0.33,0.32776362,0.3265,80916.53,BTC-25DEC26,0.4901,0.94159,51.79749,44.9,0.0,0.007000000000000006,BTC,79822.32,0.0
2026-09-06T07:50:16.801142+00:00,BTC-7SEP26-90000-C,79827.29,BTC-7SEP26,call,90000.0,2026-09-07T08:00:00+00:00,0.002756331243757447,,0.0001,4e-08,,79827.29,BTC-7SEP26,0.5233,1e-05,0.00121,0.3,0.0,,BTC,79822.32,0.0
2026-09-06T07:50:16.801142+00:00,BTC-25SEP26-52000-C,79951.36,BTC-25SEP26,call,52000.0,2026-09-25T08:00:00+00:00,0.05203764541213527,0.348,0.3515,0.34977593,0.34975,79951.36,BTC-25SEP26,0.7159,0.99672,1.80785,150.2,0.0,0.003500000000000003,BTC,79821.55,0.0
2026-09-06T07:50:16.801142+00:00,BTC-6SEP26-78000-C,79837.07,BTC-6SEP26,call,78000.0,2026-09-06T08:00:00+00:00,1.84804566253454e-05,0.0195,0.026,0.02300999,0.02275,79837.07,BTC-6SEP26,0.3104,0.26222,0.0,10.5,0.0,0.006499999999999999,BTC,79821.55,0.0
2026-09-06T07:50:16.801142+00:00,BTC-25DEC26-240000-C,80916.53,BTC-25DEC26,call,240000.0,2026-12-25T08:00:00+00:00,0.3011820670411565,0.0002,0.0005,0.00032455,0.00035,80916.53,BTC-25DEC26,0.6792,0.00316,4.2626,785.2,0.0,0.00030000000000000003,BTC,79821.55,0.0
2026-09-06T07:50:16.801142+00:00,BTC-7SEP26-76500-C,79827.29,BTC-7SEP26,call,76500.0,2026-09-07T08:00:00+00:00,0.002756331243757447,0.0385,0.0445,0.04185194,0.0415,79827.29,BTC-7SEP26,0.40409999999999996,0.97717,2.26763,0.0,0.0,0.005999999999999998,BTC,79821.55,0.0
2026-09-06T07:50:16.801142+00:00,BTC-11SEP26-86000-C,79844.85,BTC-11SEP26,call,86000.0,2026-09-11T08:00:00+00:00,0.013707734392285852,0.0014,0.0018,0.00154118,0.0016,79844.85,BTC-11SEP26,0.4249,0.07025,12.58487,1504.0,8.0,0.00039999999999999996,BTC,79821.55,958.9
2026-09-06T07:50:16.801142+00:00,BTC-6SEP26-69000-P,79837.07,BTC-6SEP26,put,69000.0,2026-09-06T08:00:00+00:00,1.84804566253454e-05,,0.0001,0.0,,79837.07,BTC-6SEP26,0.7898999999999999,0.0,0.0,3.3,0.0,,BTC,79821.55,0.0
2026-09-06T07:50:16.801142+00:00,BTC-26MAR27-66000-P,81829.27,BTC-26MAR27,put,66000.0,2027-03-26T08:00:00+00:00,0.5503264886701777,0.0405,0.042,0.04143126,0.04125,81829.27,BTC-26MAR27,0.4249,-0.20093,170.41389,110.2,0.0,0.0015000000000000013,BTC,79821.47,0.0
2026-09-06T07:50:16.801142+00:00,BTC-25DEC26-75000-C,80916.27,BTC-25DEC26,call,75000.0,2026-12-25T08:00:00+00:00,0.3011820670411565,0.124,0.1265,0.12519917,0.12525,80916.27,BTC-25DEC26,0.3972,0.67568,159.68659,1881.8,0.0,0.0025000000000000022,BTC,79821.55,0.0
2026-09-06T07:50:16.801142+00:00,BTC-6SEP26-80500-C,79837.07,BTC-6SEP26,call,80500.0,2026-09-06T08:00:00+00:00,1.84804566253454e-05,,0.0001,0.0,,79837.07,BTC-6SEP26,0.2572,0.0,0.0,118.0,49.4,,BTC,79821.47,1392.13
2026-09-06T07:50:16.801142+00:00,BTC-18SEP26-78000-C,79910.85,BTC-18SEP26,call,78000.0,2026-09-18T08:00:00+00:00,0.03287268990221056,0.0395,0.041,0.04034884,0.04025,79910.85,BTC-18SEP26,0.3736,0.65027,53.64754,97.9,0.0,0.0015000000000000013,BTC,79821.47,0.0
2026-09-06T07:50:16.801142+00:00,BTC-9SEP26-81000-P,79840.24,BTC-9SEP26,put,81000.0,2026-09-09T08:00:00+00:00,0.008232032818021649,0.02,0.022,0.02106569,0.021,79840.24,BTC-9SEP26,0.3422,-0.67743,25.98552,0.0,0.0,0.0019999999999999983,BTC,79821.47,0.0
2026-09-06T07:50:16.801142+00:00,BTC-11SEP26-88000-C,79845.35,BTC-11SEP26,call,88000.0,2026-09-11T08:00:00+00:00,0.013707734392285852,0.0006,0.0009,0.00076443,0.00075,79845.35,BTC-11SEP26,0.45659999999999995,0.03601,7.39292,1323.4,3.6,0.00030000000000000003,BTC,79821.47,191.63
2026-09-06T07:50:16.801142+00:00,BTC-25SEP26-77000-P,79951.36,BTC-25SEP26,put,77000.0,2026-09-25T08:00:00+00:00,0.05203764541213527,0.0175,0.018,0.01776292,0.01775,79951.36,BTC-25SEP26,0.3693,-0.3141,64.7079,1094.4,1.8,0.000499999999999997,BTC,79821.47,2493.93
2026-09-06T07:50:16.801142+00:00,BTC-26MAR27-35000-P,81829.27,BTC-26MAR27,put,35000.0,2027-03-26T08:00:00+00:00,0.5503264886701777,0.0026,0.0035,0.00302708,0.00305,81829.27,BTC-26MAR27,0.5977,-0.01635,24.75238,623.4,0.2,0.0009000000000000002,BTC,79821.47,55.83
2026-09-06T07:50:16.801142+00:00,BTC-9SEP26-75000-P,79840.02,BTC-9SEP26,put,75000.0,2026-09-09T08:00:00+00:00,0.008232032818021649,0.0005,0.0008,0.0006191,0.00065,79840.02,BTC-9SEP26,0.40130000000000005,-0.04227,6.52679,5.0,5.0,0.00030000000000000003,BTC,79821.47,119.47
2026-09-06T07:50:16.801142+00:00,BTC-7SEP26-80000-P,79827.06,BTC-7SEP26,put,80000.0,2026-09-07T08:00:00+00:00,0.002756331243757447,0.0065,0.0075,0.00723594,0.007,79827.06,BTC-7SEP26,0.2904,-0.56329,16.4984,75.6,56.2,0.001,BTC,79821.47,25748.41
2026-09-06T07:50:16.801142+00:00,BTC-25JUN27-30000-C,82771.19,BTC-25JUN27,call,30000.0,2027-06-25T08:00:00+00:00,0.7994709102991989,0.641,0.643,0.64172717,0.642,82771.19,BTC-25JUN27,0.6169,0.98277,31.5649,69.5,0.0,0.0020000000000000018,BTC,79821.47,0.0
2026-09-06T07:50:16.801142+00:00,BTC-30OCT26-73000-C,80289.58,BTC-30OCT26,call,73000.0,2026-10-30T08:00:00+00:00,0.14786242296175883,0.112,0.114,0.11279323,0.113,80289.58,BTC-30OCT26,0.3835,0.76318,95.27707,634.1,0.0,0.0020000000000000018,BTC,79821.03,0.0
2026-09-06T07:50:16.801142+00:00,BTC-30OCT26-81000-P,80289.58,BTC-30OCT26,put,81000.0,2026-10-30T08:00:00+00:00,0.14786242296175883,0.0615,0.063,0.0623255,0.06225,80289.58,BTC-30OCT26,0.3753,-0.49655,123.15922,167.0,0.0,0.0015000000000000013,BTC,79821.03,0.0
2026-09-06T07:50:16.801142+00:00,BTC-25SEP26-50000-P,79950.87,BTC-25SEP26,put,50000.0,2026-09-25T08:00:00+00:00,0.05203764541213527,0.0001,0.0002,0.000143,0.00015,79950.87,BTC-25SEP26,0.7606,-0.00264,1.48771,3750.9,0.2,0.0001,BTC,79821.03,1.59
2026-09-06T07:50:16.801142+00:00,BTC-6SEP26-82500-P,79837.07,BTC-6SEP26,put,82500.0,2026-09-06T08:00:00+00:00,1.84804566253454e-05,0.031,0.0375,0.03335481,0.03425,79837.07,BTC-6SEP26,0.4075,-0.26,0.0,0.0,0.0,0.006499999999999999,BTC,79821.03,0.0
2026-09-06T07:50:16.801142+00:00,BTC-26MAR27-64000-P,81829.27,BTC-26MAR27,put,64000.0,2027-03-26T08:00:00+00:00,0.5503264886701777,0.0345,0.0365,0.03546646,0.0355,81829.27,BTC-26MAR27,0.4299,-0.17654,157.34454,126.0,0.0,0.001999999999999995,BTC,79821.37,0.0
2026-09-06T07:50:16.801142+00:00,BTC-8SEP26-78000-C,79832.0,BTC-8SEP26,call,78000.0,2026-09-08T08:00:00+00:00,0.005494182030889547,0.022,0.0275,0.02491663,0.02475,79832.0,BTC-8SEP26,0.3161,0.83797,14.51196,0.1,0.0,0.005500000000000001,BTC,79821.37,0.0
2026-09-06T07:50:16.801142+00:00,BTC-26MAR27-115000-P,81829.27,BTC-26MAR27,put,115000.0,2027-03-26T08:00:00+00:00,0.5503264886701777,0.4245,0.444,0.43214535,0.43425,81829.27,BTC-26MAR27,0.4264,-0.82084,158.81316,2.2,0.0,0.019500000000000017,BTC,79821.37,0.0
2026-09-06T07:50:16.801142+00:00,BTC-26MAR27-35000-C,81829.78,BTC-26MAR27,call,35000.0,2027-03-26T08:00:00+00:00,0.5503264886701777,0.5745,0.5765,0.57530973,0.5755,81829.78,BTC-26MAR27,0.5977,0.98365,24.75277,19.9,0.0,0.0020000000000000018,BTC,79821.37,0.0
2026-09-06T07:50:16.801142+00:00,BTC-9SEP26-77000-P,79840.02,BTC-9SEP26,put,77000.0,2026-09-09T08:00:00+00:00,0.008232032818021649,0.0017,0.0021,0.00185371,0.0019,79840.02,BTC-9SEP26,0.3433,-0.12172,14.63294,2.6,2.6,0.00039999999999999996,BTC,79821.37,325.49
2026-09-06T07:50:16.801142+00:00,BTC-25JUN27-54000-P,82771.4,BTC-25JUN27,put,54000.0,2027-06-25T08:00:00+00:00,0.7994709102991989,0.0255,0.0275,0.02648234,0.0265,82771.4,BTC-25JUN27,0.46659999999999996,-0.10909,138.34003,50.1,0.0,0.0020000000000000018,BTC,79821.37,0.0
2026-09-06T07:50:16.801142+00:00,BTC-8SEP26-85000-C,79832.0,BTC-8SEP26,call,85000.0,2026-09-08T08:00:00+00:00,0.005494182030889547,0.0002,0.0004,0.00029172,0.0003,79832.0,BTC-8SEP26,0.42700000000000005,0.02406,3.34744,0.5,0.1,0.0002,BTC,79821.37,2.39
2026-09-06T07:50:16.801142+00:00,BTC-30OCT26-77000-C,80289.58,BTC-30OCT26,call,77000.0,2026-10-30T08:00:00+00:00,0.14786242296175883,0.0785,0.0805,0.07936483,0.0795,80289.58,BTC-30OCT26,0.3765,0.64012,115.48655,116.0,0.0,0.0020000000000000018,BTC,79821.37,0.0
2026-09-06T07:50:16.801142+00:00,BTC-9SEP26-88000-P,79840.02,BTC-9SEP26,put,88000.0,2026-09-09T08:00:00+00:00,0.008232032818021649,0.1,0.1055,0.10240697,0.10275,79840.02,BTC-9SEP26,0.47979999999999995,-0.9869,2.44046,0.0,0.0,0.005499999999999991,BTC,79821.37,0.0
2026-09-06T07:50:16.801142+00:00,BTC-25SEP26-140000-P,79950.87,BTC-25SEP26,put,140000.0,2026-09-25T08:00:00+00:00,0.05203764541213527,0.7465,0.758,0.7511066,0.75225,79950.87,BTC-25SEP26,0.7598999999999999,-0.99917,0.51591,1.4,0.0,0.011499999999999955,BTC,79821.37,0.0
2026-09-06T07:50:16.801142+00:00,BTC-27NOV26-106000-P,80606.74,BTC-27NOV26,put,106000.0,2026-11-27T08:00:00+00:00,0.22452224500145768,0.3205,0.332,0.32469773,0.32625,80606.74,BTC-27NOV26,0.4301,-0.89313,70.34086,0.0,0.0,0.01150000000000001,BTC,79821.37,0.0
2026-09-06T07:50:16.801142+00:00,BTC-30OCT26-104000-C,80289.58,BTC-30OCT26,call,104000.0,2026-10-30T08:00:00+00:00,0.14786242296175883,0.005,0.0055,0.00528709,0.00525,80289.58,BTC-30OCT26,0.4403,0.07414,43.32045,88.7,0.0,0.0004999999999999996,BTC,79821.37,0.0
2026-09-06T07:50:16.801142+00:00,BTC-27NOV26-91000-P,80606.52,BTC-27NOV26,put,91000.0,2026-11-27T08:00:00+00:00,0.22452224500145768,0.1565,0.1675,0.16023507,0.162,80606.52,BTC-27NOV26,0.3971,-0.70962,130.81673,0.0,0.0,0.01100000000000001,BTC,79821.37,0.0
2026-09-06T07:50:16.801142+00:00,BTC-11SEP26-84000-P,79845.35,BTC-11SEP26,put,84000.0,2026-09-11T08:00:00+00:00,0.013707734392285852,0.0525,0.0585,0.05529227,0.0555,79845.35,BTC-11SEP26,0.3943,-0.86055,20.74881,2.9,0.1,0.006000000000000005,BTC,79821.37,453.2
2026-09-06T07:50:16.801142+00:00,BTC-26MAR27-108000-P,81829.27,BTC-26MAR27,put,108000.0,2027-03-26T08:00:00+00:00,0.5503264886701777,0.346,0.367,0.3558581,0.3565,81829.27,BTC-26MAR27,0.41869999999999996,-0.77002,184.3113,0.1,0.0,0.02100000000000002,BTC,79821.32,0.0
2026-09-06T07:50:16.801142+00:00,BTC-26MAR27-180000-C,81829.27,BTC-26MAR27,call,180000.0,2027-03-26T08:00:00+00:00,0.5503264886701777,0.0039,0.005,0.0044622,0.00445,81829.27,BTC-26MAR27,0.5236,0.03315,44.86085,503.3,0.0,0.0011000000000000003,BTC,79821.32,0.0
2026-09-06T07:50:16.801142+00:00,BTC-26MAR27-84000-P,81829.27,BTC-26MAR27,put,84000.0,2027-03-26T08:00:00+00:00,0.5503264886701777,0.133,0.136,0.13448712,0.1345,81829.27,BTC-26MAR27,0.40409999999999996,-0.47554,241.70976,55.2,0.0,0.0030000000000000027,BTC,79821.32,0.0
2026-09-06T07:50:16.801142+00:00,BTC-30OCT26-72000-P,80289.58,BTC-30OCT26,put,72000.0,2026-10-30T08:00:00+00:00,0.14786242296175883,0.0185,0.0195,0.01903196,0.019,80289.58,BTC-30OCT26,0.38689999999999997,-0.2106,89.12488,408.3,0.4,0.0010000000000000009,BTC,79821.32,602.86
2026-09-06T07:50:16.801142+00:00,BTC-30OCT26-50000-P,80289.58,BTC-30OCT26,put,50000.0,2026-10-30T08:00:00+00:00,0.14786242296175883,0.0011,0.0013,0.00128623,0.0012,80289.58,BTC-30OCT26,0.5965,-0.01473,11.50748,329.1,0.6,0.00019999999999999987,BTC,79821.32,57.36
2026-09-06T07:50:16.801142+00:00,BTC-6SEP26-79500-C,79837.07,BTC-6SEP26,call,79500.0,2026-09-06T08:00:00+00:00,1.84804566253454e-05,0.0033,0.005,0.00422173,0.00415,79837.07,BTC-6SEP26,0.2439,0.26,0.00012,32.0,5.0,0.0017000000000000001,BTC,79821.32,1388.51
2026-09-06T07:50:16.801142+00:00,BTC-25SEP26-120000-C,79950.87,BTC-25SEP26,call,120000.0,2026-09-25T08:00:00+00:00,0.05203764541213527,0.0001,0.0002,0.00017877,0.00015,79950.87,BTC-25SEP26,0.6534,0.00397,2.147,1331.6,0.1,0.0001,BTC,79821.32,0.8
2026-09-06T07:50:16.801142+00:00,BTC-30OCT26-78000-C,80289.58,BTC-30OCT26,call,78000.0,2026-10-30T08:00:00+00:00,0.14786242296175883,0.071,0.073,0.07199989,0.072,80289.58,BTC-30OCT26,0.37450000000000006,0.60656,118.74426,462.5,0.1,0.0020000000000000018,BTC,79821.32,577.92
2026-09-06T07:50:16.801142+00:00,BTC-25SEP26-170000-P,79950.87,BTC-25SEP26,put,170000.0,2026-09-25T08:00:00+00:00,0.05203764541213527,1.121,1.1345,1.12630268,1.12775,79950.87,BTC-25SEP26,0.8693000000000001,-0.99989,0.07586,0.0,0.0,0.013500000000000068,BTC,79821.32,0.0
2026-09-06T07:50:16.801142+00:00,BTC-18SEP26-69000-C,79911.34,BTC-18SEP26,call,69000.0,2026-09-18T08:00:00+00:00,0.03287268990221056,0.135,0.14,0.13766925,0.1375,79911.34,BTC-18SEP26,0.4532,0.9658,10.98352,0.0,0.0,0.0050000000000000044,BTC,79821.32,0.0
2026-09-06T07:50:16.801142+00:00,BTC-26MAR27-88000-C,81829.78,BTC-26MAR27,call,88000.0,2027-03-26T08:00:00+00:00,0.5503264886701777,0.0885,0.0905,0.0895819,0.0895,81829.78,BTC-26MAR27,0.40409999999999996,0.46267,241.10417,77.0,0.0,0.0020000000000000018,BTC,79820.2,0.0
2026-09-06T07:50:16.801142+00:00,BTC-30OCT26-83000-C,80289.58,BTC-30OCT26,call,83000.0,2026-10-30T08:00:00+00:00,0.14786242296175883,0.043,0.044,0.04352125,0.0435,80289.58,BTC-30OCT26,0.3776,0.43702,121.62473,225.3,6.0,0.0010000000000000009,BTC,79820.2,20750.32
2026-09-06T07:50:16.801142+00:00,BTC-26MAR27-74000-P,81829.27,BTC-26MAR27,put,74000.0,2027-03-26T08:00:00+00:00,0.5503264886701777,0.0725,0.0745,0.07345479,0.0735,81829.27,BTC-26MAR27,0.41,-0.31511,215.66457,197.2,0.0,0.0020000000000000018,BTC,79820.2,0.0
2026-09-06T07:50:16.801142+00:00,BTC-26MAR27-170000-C,81829.27,BTC-26MAR27,call,170000.0,2027-03-26T08:00:00+00:00,0.5503264886701777,0.005,0.006,0.00549175,0.0055,81829.27,BTC-26MAR27,0.5103,0.04072,53.07227,648.6,0.0,0.001,BTC,79820.2,0.0
2026-09-06T07:50:16.801142+00:00,BTC-27NOV26-85000-C,80606.52,BTC-27NOV26,call,85000.0,2026-11-27T08:00:00+00:00,0.22452224500145768,0.0505,0.052,0.05139953,0.05125,80606.52,BTC-27NOV26,0.3895,0.42185,149.43544,528.9,0.0,0.0014999999999999944,BTC,79820.2,0.0
2026-09-06T07:50:16.801142+00:00,BTC-26MAR27-74000-C,81829.27,BTC-26MAR27,call,74000.0,2027-03-26T08:00:00+00:00,0.5503264886701777,0.168,0.1705,0.1691381,0.16925,81829.27,BTC-26MAR27,0.41,0.68489,215.66457,76.8,0.0,0.0025000000000000022,BTC,79820.2,0.0
2026-09-06T07:50:16.801142+00:00,BTC-9SEP26-71000-P,79840.02,BTC-9SEP26,put,71000.0,2026-09-09T08:00:00+00:00,0.008232032818021649,,0.0004,0.0001755,,79840.02,BTC-9SEP26,0.5619,-0.01019,1.9625,12.4,12.4,,BTC,79820.2,217.35
2026-09-06T07:50:16.801142+00:00,BTC-25DEC26-64000-P,80916.53,BTC-25DEC26,put,64000.0,2026-12-25T08:00:00+00:00,0.3011820670411565,0.017,0.018,0.01765823,0.0175,80916.53,BTC-25DEC26,0.4302,-0.13356,95.70671,361.1,0.0,0.0009999999999999974,BTC,79820.2,0.0
2026-09-06T07:50:16.801142+00:00,BTC-25SEP26-81000-C,79950.87,BTC-25SEP26,call,81000.0,2026-09-25T08:00:00+00:00,0.05203764541213527,0.0275,0.0285,0.0280222,0.028,79950.87,BTC-25SEP26,0.37310000000000004,0.45437,72.28004,2502.1,50.2,0.0010000000000000009,BTC,79819.72,104717.21
2026-09-06T07:50:16.801142+00:00,BTC-26MAR27-54000-C,81829.78,BTC-26MAR27,call,54000.0,2027-03-26T08:00:00+00:00,0.5503264886701777,0.352,0.359,0.35585667,0.3555,81829.78,BTC-26MAR27,0.4679,0.91452,94.85576,0.1,0.0,0.007000000000000006,BTC,79819.72,0.0
2026-09-06T07:50:16.801142+00:00,BTC-25JUN27-96000-P,82771.19,BTC-25JUN27,put,96000.0,2027-06-25T08:00:00+00:00,0.7994709102991989,0.25,0.255,0.25217709,0.2525,82771.19,BTC-25JUN27,0.41759999999999997,-0.58357,288.75303,0.0,0.0,0.0050000000000000044,BTC,79819.72,0.0
2026-09-06T07:50:16.801142+00:00,BTC-27NOV26-91000-C,80606.52,BTC-27NOV26,call,91000.0,2026-11-27T08:00:00+00:00,0.22452224500145768,0.0305,0.032,0.03129343,0.03125,80606.52,BTC-27NOV26,0.3971,0.29036,130.80976,70.3,0.0,0.0015000000000000013,BTC,79819.72,0.0
2026-09-06T07:50:16.801142+00:00,BTC-9SEP26-71000-C,79840.24,BTC-9SEP26,call,71000.0,2026-09-09T08:00:00+00:00,0.008232032818021649,0.1085,0.113,0.11089683,0.11075,79840.24,BTC-9SEP26,0.5619,0.9898,1.96436,0.0,0.0,0.004500000000000004,BTC,79819.72,0.0
2026-09-06T07:50:16.801142+00:00,BTC-18SEP26-83000-P,79910.85,BTC-18SEP26,put,83000.0,2026-09-18T08:00:00+00:00,0.03287268990221056,0.051,0.053,0.05213665,0.052,79910.85,BTC-18SEP26,0.39020000000000005,-0.69329,50.8726,0.0,0.0,0.0020000000000000018,BTC,79820.16,0.0
2026-09-06T07:50:16.801142+00:00,BTC-25SEP26-115000-C,79951.36,BTC-25SEP26,call,115000.0,2026-09-25T08:00:00+00:00,0.05203764541213527,0.0001,0.0004,0.00021937,0.00025,79951.36,BTC-25SEP26,0.6054999999999999,0.00514,2.70174,2159.9,0.5,0.00030000000000000003,BTC,79820.16,7.17
2026-09-06T07:50:16.801142+00:00,BTC-25JUN27-84000-P,82771.19,BTC-25JUN27,put,84000.0,2027-06-25T08:00:00+00:00,0.7994709102991989,0.1545,0.1585,0.15641377,0.1565,82771.19,BTC-25JUN27,0.41659999999999997,-0.44201,292.13063,6.5,0.8,0.0040000000000000036,BTC,79819.72,10059.95
2026-09-06T07:50:16.801142+00:00,BTC-26MAR27-120000-P,81829.78,BTC-26MAR27,put,120000.0,2027-03-26T08:00:00+00:00,0.5503264886701777,0.4805,0.501,0.48872051,0.49075,81829.78,BTC-26MAR27,0.43439999999999995,-0.84796,142.80504,1.8,0.0,0.020500000000000018,BTC,79819.72,0.0
2026-09-06T07:50:16.801142+00:00,BTC-18SEP26-84000-C,79911.34,BTC-18SEP26,call,84000.0,2026-09-18T08:00:00+00:00,0.03287268990221056,0.01,0.011,0.01054044,0.0105,79911.34,BTC-18SEP26,0.3948,0.25263,46.29338,534.1,3.0,0.0009999999999999992,BTC,79820.16,2468.55
2026-09-06T07:50:16.801142+00:00,BTC-9SEP26-82500-P,79840.02,BTC-9SEP26,put,82500.0,2026-09-09T08:00:00+00:00,0.008232032818021649,0.034,0.0395,0.03615607,0.03675,79840.02,BTC-9SEP26,0.3639,-0.83819,17.75106,0.0,0.0,0.005499999999999998,BTC,79820.16,0.0
2026-09-06T07:50:16.801142+00:00,BTC-11SEP26-81000-C,79845.35,BTC-11SEP26,call,81000.0,2026-09-11T08:00:00+00:00,0.013707734392285852,0.0105,0.011,0.01058427,0.01075,79845.35,BTC-11SEP26,0.3578,0.37031,35.30011,727.5,50.2,0.0004999999999999987,BTC,79820.16,44570.91
2026-09-06T07:50:16.801142+00:00,BTC-8SEP26-84000-P,79832.0,BTC-8SEP26,put,84000.0,2026-09-08T08:00:00+00:00,0.005494182030889547,0.05,0.056,0.05276322,0.053,79832.0,BTC-8SEP26,0.40299999999999997,-0.95518,5.58851,0.0,0.0,0.005999999999999998,BTC,79820.16,0.0
2026-09-06T07:50:16.801142+00:00,BTC-30OCT26-78000-P,80289.58,BTC-30OCT26,put,78000.0,2026-10-30T08:00:00+00:00,0.14786242296175883,0.043,0.044,0.04347755,0.0435,80289.58,BTC-30OCT26,0.37450000000000006,-0.39348,118.74579,415.7,0.0,0.0010000000000000009,BTC,79820.16,0.0
2026-09-06T07:50:16.801142+00:00,BTC-11SEP26-82000-P,79844.85,BTC-11SEP26,put,82000.0,2026-09-11T08:00:00+00:00,0.013707734392285852,0.033,0.0355,0.03416382,0.03425,79844.85,BTC-11SEP26,0.3686,-0.7269,31.08095,66.1,0.0,0.0024999999999999953,BTC,79820.16,0.0
2026-09-06T07:50:16.801142+00:00,BTC-7SEP26-77500-C,79827.29,BTC-7SEP26,call,77500.0,2026-09-07T08:00:00+00:00,0.002756331243757447,0.0285,0.031,0.02948011,0.02975,79827.29,BTC-7SEP26,0.3344,0.95252,4.14441,7.6,0.8,0.0024999999999999988,BTC,79820.16,1850.84
2026-09-06T07:50:16.801142+00:00,BTC-18SEP26-79000-C,79910.85,BTC-18SEP26,call,79000.0,2026-09-18T08:00:00+00:00,0.03287268990221056,0.0325,0.0335,0.03304195,0.033,79910.85,BTC-18SEP26,0.37479999999999997,0.57818,56.6835,330.8,1.7,0.0010000000000000009,BTC,79820.16,4471.58
2026-09-06T07:50:16.801142+00:00,BTC-26MAR27-104000-P,81829.27,BTC-26MAR27,put,104000.0,2027-03-26T08:00:00+00:00,0.5503264886701777,0.3045,0.325,0.31396175,0.31475,81829.27,BTC-26MAR27,0.415,-0.73432,199.08,0.1,0.0,0.020500000000000018,BTC,79820.16,0.0
2026-09-06T07:50:16.801142+00:00,BTC-18SEP26-77000-C,79910.85,BTC-18SEP26,call,77000.0,2026-09-18T08:00:00+00:00,0.03287268990221056,0.0475,0.0495,0.04885549,0.0485,79910.85,BTC-18SEP26,0.37729999999999997,0.71607,49.0969,53.3,0.0,0.0020000000000000018,BTC,79820.16,0.0
2026-09-06T07:50:16.801142+00:00,BTC-8SEP26-80000-C,79831.36,BTC-8SEP26,call,80000.0,2026-09-08T08:00:00+00:00,0.005494182030889547,0.0075,0.0085,0.0080586,0.008,79831.36,BTC-8SEP26,0.3063,0.46119,23.48738,17.6,12.7,0.0010000000000000009,BTC,79820.16,6860.23
2026-09-06T07:50:16.801142+00:00,BTC-26MAR27-94000-P,81829.27,BTC-26MAR27,put,94000.0,2027-03-26T08:00:00+00:00,0.5503264886701777,0.209,0.2265,0.21666799,0.21775,81829.27,BTC-26MAR27,0.40740000000000004,-0.62134,230.87126,9.7,0.0,0.017500000000000016,BTC,79820.16,0.0
2026-09-06T07:50:16.801142+00:00,BTC-25DEC26-100000-P,80916.53,BTC-25DEC26,put,100000.0,2026-12-25T08:00:00+00:00,0.3011820670411565,0.253,0.265,0.25889417,0.259,80916.53,BTC-25DEC26,0.4089,-0.79748,125.25668,303.3,0.0,0.01200000000000001,BTC,79820.16,0.0
2026-09-06T07:50:16.801142+00:00,BTC-25DEC26-75000-P,80916.53,BTC-25DEC26,put,75000.0,2026-12-25T08:00:00+00:00,0.3011820670411565,0.0515,0.0525,0.05208322,0.052,80916.53,BTC-25DEC26,0.3972,-0.32434,159.68911,1209.8,0.3,0.0010000000000000009,BTC,79820.16,1241.61
2026-09-06T07:50:16.801142+00:00,BTC-27NOV26-76000-P,80606.52,BTC-27NOV26,put,76000.0,2026-11-27T08:00:00+00:00,0.22452224500145768,0.046,0.047,0.04666426,0.0465,80606.52,BTC-27NOV26,0.3907,-0.34153,140.18005,43.2,0.2,0.0010000000000000009,BTC,79820.16,745.31
2026-09-06T07:50:16.801142+00:00,BTC-9SEP26-77000-C,79840.02,BTC-9SEP26,call,77000.0,2026-09-09T08:00:00+00:00,0.008232032818021649,0.0345,0.04,0.03742473,0.03725,79840.02,BTC-9SEP26,0.3433,0.87819,14.64103,0.0,0.0,0.005499999999999998,BTC,79820.16,0.0
2026-09-06T07:50:16.801142+00:00,BTC-27NOV26-120000-P,80606.52,BTC-27NOV26,put,120000.0,2026-11-27T08:00:00+00:00,0.22452224500145768,0.487,0.501,0.49276746,0.494,80606.52,BTC-27NOV26,0.47119999999999995,-0.95271,37.67103,0.0,0.0,0.014000000000000012,BTC,79820.16,0.0
2026-09-06T07:50:16.801142+00:00,BTC-25SEP26-130000-C,79950.87,BTC-25SEP26,call,130000.0,2026-09-25T08:00:00+00:00,0.05203764541213527,,0.0001,6.515e-05,,79950.87,BTC-25SEP26,0.6987000000000001,0.00148,0.88028,1452.2,0.0,,BTC,79820.16,0.0
2026-09-06T07:50:16.801142+00:00,BTC-26MAR27-76000-C,81829.27,BTC-26MAR27,call,76000.0,2027-03-26T08:00:00+00:00,0.5503264886701777,0.154,0.1565,0.15463218,0.15525,81829.27,BTC-26MAR27,0.4064,0.65341,224.02777,530.5,0.4,0.0025000000000000022,BTC,79820.16,4976.97
2026-09-06T07:50:16.801142+00:00,BTC-11SEP26-90000-C,79845.35,BTC-11SEP26,call,90000.0,2026-09-11T08:00:00+00:00,0.013707734392285852,0.0004,0.0006,0.00043917,0.0005,79845.35,BTC-11SEP26,0.49520000000000003,0.02045,4.61178,1488.7,2.9,0.00019999999999999993,BTC,79820.16,117.39
2026-09-06T07:50:16.801142+00:00,BTC-25JUN27-92000-C,82771.19,BTC-25JUN27,call,92000.0,2027-06-25T08:00:00+00:00,0.7994709102991989,0.105,0.108,0.10655544,0.1065,82771.19,BTC-25JUN27,0.4169,0.461,293.84203,15.7,0.0,0.0030000000000000027,BTC,79820.16,0.0
2026-09-06T07:50:16.801142+00:00,BTC-18SEP26-68000-P,79911.34,BTC-18SEP26,put,68000.0,2026-09-18T08:00:00+00:00,0.03287268990221056,0.0007,0.0009,0.00078722,0.0008,79911.34,BTC-18SEP26,0.461,-0.02456,8.34109,80.8,10.8,0.00019999999999999998,BTC,79820.16,645.69
2026-09-06T07:50:16.801142+00:00,BTC-30OCT26-65000-P,80289.58,BTC-30OCT26,put,65000.0,2026-10-30T08:00:00+00:00,0.14786242296175883,0.0065,0.0075,0.00697844,0.007,80289.58,BTC-30OCT26,0.42810000000000004,-0.08644,48.64755,547.1,0.3,0.001,BTC,79820.16,183.51
2026-09-06T07:50:16.801142+00:00,BTC-30OCT26-59000-P,80289.58,BTC-30OCT26,put,59000.0,2026-10-30T08:00:00+00:00,0.14786242296175883,0.0031,0.0036,0.00334073,0.00335,80289.58,BTC-30OCT26,0.4869,-0.0412,27.25004,84.7,0.0,0.0005,BTC,79820.16,0.0
2026-09-06T07:50:16.801142+00:00,BTC-25SEP26-92000-C,79951.36,BTC-25SEP26,call,92000.0,2026-09-25T08:00:00+00:00,0.05203764541213527,0.0035,0.0039,0.00369657,0.0037,79951.36,BTC-25SEP26,0.4326,0.08444,28.23982,1294.6,0.2,0.00039999999999999975,BTC,79820.16,51.04
2026-09-06T07:50:16.801142+00:00,BTC-25SEP26-125000-C,79951.36,BTC-25SEP26,call,125000.0,2026-09-25T08:00:00+00:00,0.05203764541213527,0.0001,0.0002,0.0001438,0.00015,79951.36,BTC-25SEP26,0.6959000000000001,0.0031,1.71983,2322.3,2.1,0.0001,BTC,79820.16,16.75
2026-09-06T07:50:16.801142+00:00,BTC-25SEP26-83000-P,79951.36,BTC-25SEP26,put,83000.0,2026-09-25T08:00:00+00:00,0.05203764541213527,0.056,0.0585,0.05761762,0.05725,79951.36,BTC-25SEP26,0.3809,-0.65209,67.40321,20.3,0.0,0.0025000000000000022,BTC,79820.16,0.0
2026-09-06T07:50:16.801142+00:00,BTC-30OCT26-82000-C,80289.58,BTC-30OCT26,call,82000.0,2026-10-30T08:00:00+00:00,0.14786242296175883,0.0475,0.049,0.04824854,0.04825,80289.58,BTC-30OCT26,0.3761,0.46971,122.80722,1110.7,0.2,0.0015000000000000013,BTC,79820.16,748.84
2026-09-06T07:50:16.801142+00:00,BTC-25DEC26-120000-P,80916.53,BTC-25DEC26,put,120000.0,2026-12-25T08:00:00+00:00,0.3011820670411565,0.484,0.4975,0.49051604,0.49075,80916.53,BTC-25DEC26,0.4562,-0.92641,61.95386,35.7,0.0,0.013500000000000012,BTC,79820.16,0.0
2026-09-06T07:50:16.801142+00:00,BTC-9SEP26-78500-P,79840.02,BTC-9SEP26,put,78500.0,2026-09-09T08:00:00+00:00,0.008232032818021649,0.0049,0.0055,0.00519867,0.0052,79840.02,BTC-9SEP26,0.3267,-0.28332,24.5176,1.2,1.2,0.0005999999999999998,BTC,79820.16,459.64
2026-09-06T07:50:16.801142+00:00,BTC-30OCT26-110000-C,80289.58,BTC-30OCT26,call,110000.0,2026-10-30T08:00:00+00:00,0.14786242296175883,0.003,0.0032,0.00320694,0.0031,80289.58,BTC-30OCT26,0.46270000000000006,0.04628,29.92859,1038.7,1.3,0.0002000000000000001,BTC,79820.16,298.8
2026-09-06T07:50:16.801142+00:00,BTC-7SEP26-82500-P,79827.29,BTC-7SEP26,put,82500.0,2026-09-07T08:00:00+00:00,0.002756331243757447,0.031,0.037,0.03380849,0.034,79827.29,BTC-7SEP26,0.3615,-0.95909,3.67604,3.6,0.0,0.005999999999999998,BTC,79820.16,0.0
2026-09-06T07:50:16.801142+00:00,BTC-25JUN27-70000-P,82771.4,BTC-25JUN27,put,70000.0,2027-06-25T08:00:00+00:00,0.7994709102991989,0.0745,0.0775,0.07602842,0.076,82771.4,BTC-25JUN27,0.42829999999999996,-0.26493,242.38039,20.4,0.0,0.0030000000000000027,BTC,79820.16,0.0
2026-09-06T07:50:16.801142+00:00,BTC-25DEC26-220000-P,80916.53,BTC-25DEC26,put,220000.0,2026-12-25T08:00:00+00:00,0.3011820670411565,1.7055,1.7395,1.71932941,1.7225,80916.53,BTC-25DEC26,0.6545000000000001,-0.99541,5.95137,0.0,0.0,0.03400000000000003,BTC,79820.16,0.0
2026-09-06T07:50:16.801142+00:00,BTC-8SEP26-71000-P,79832.0,BTC-8SEP26,put,71000.0,2026-09-08T08:00:00+00:00,0.005494182030889547,,0.0003,6.669e-05,,79832.0,BTC-8SEP26,0.6127,-0.00471,0.81169,1.0,1.0,,BTC,79820.16,8.0
2026-09-06T07:50:16.801142+00:00,BTC-26MAR27-65000-C,81829.27,BTC-26MAR27,call,65000.0,2027-03-26T08:00:00+00:00,0.5503264886701777,0.24,0.2475,0.2440742,0.24375,81829.27,BTC-26MAR27,0.4276,0.81141,163.97009,366.9,0.0,0.007500000000000007,BTC,79820.16,0.0
2026-09-06T07:50:16.801142+00:00,BTC-9SEP26-81000-C,79840.02,BTC-9SEP26,call,81000.0,2026-09-09T08:00:00+00:00,0.008232032818021649,0.006,0.007,0.0065365,0.0065,79840.02,BTC-9SEP26,0.3422,0.32238,25.97876,1.2,1.2,0.001,BTC,79820.16,541.74
2026-09-06T07:50:16.801142+00:00,BTC-7SEP26-69000-C,79827.29,BTC-7SEP26,call,69000.0,2026-09-07T08:00:00+00:00,0.002756331243757447,0.1335,0.138,0.13563149,0.13575,79827.29,BTC-7SEP26,0.6355,0.99999,0.00117,0.0,0.0,0.004500000000000004,BTC,79820.16,0.0
2026-09-06T07:50:16.801142+00:00,BTC-26MAR27-130000-C,81829.27,BTC-26MAR27,call,130000.0,2027-03-26T08:00:00+00:00,0.5503264886701777,0.0145,0.016,0.01534452,0.01525,81829.27,BTC-26MAR27,0.4471,0.10916,113.51136,1136.6,0.0,0.0014999999999999996,BTC,79820.16,0.0
2026-09-06T07:50:16.801142+00:00,BTC-25JUN27-180000-C,82771.19,BTC-25JUN27,call,180000.0,2027-06-25T08:00:00+00:00,0.7994709102991989,0.01,0.0115,0.01074299,0.01075,82771.19,BTC-25JUN27,0.49939999999999996,0.06471,93.5153,47.0,0.0,0.0014999999999999996,BTC,79820.16,0.0
2026-09-06T07:50:16.801142+00:00,BTC-25SEP26-175000-C,79950.87,BTC-25SEP26,call,175000.0,2026-09-25T08:00:00+00:00,0.05203764541213527,,0.0001,3.99e-06,,79950.87,BTC-25SEP26,0.89,9e-05,0.06254,1904.8,0.0,,BTC,79820.16,0.0
2026-09-06T07:50:16.801142+00:00,BTC-9SEP26-80500-C,79840.02,BTC-9SEP26,call,80500.0,2026-09-09T08:00:00+00:00,0.008232032818021649,0.008,0.009,0.00854573,0.0085,79840.02,BTC-9SEP26,0.33659999999999995,0.39488,27.88325,0.8,0.8,0.0009999999999999992,BTC,79820.16,555.33
2026-09-06T07:50:16.801142+00:00,BTC-30OCT26-77000-P,80289.58,BTC-30OCT26,put,77000.0,2026-10-30T08:00:00+00:00,0.14786242296175883,0.038,0.039,0.03838766,0.0385,80289.58,BTC-30OCT26,0.3765,-0.35992,115.48939,127.9,0.0,0.0010000000000000009,BTC,79820.16,0.0
2026-09-06T07:50:16.801142+00:00,BTC-27NOV26-60000-P,80606.74,BTC-27NOV26,put,60000.0,2026-11-27T08:00:00+00:00,0.22452224500145768,0.007,0.0075,0.00737525,0.00725,80606.74,BTC-27NOV26,0.45659999999999995,-0.0707,51.67164,38.4,6.1,0.0004999999999999996,BTC,79818.45,3607.95
2026-09-06T07:50:16.801142+00:00,BTC-8SEP26-83500-P,79832.0,BTC-8SEP26,put,83500.0,2026-09-08T08:00:00+00:00,0.005494182030889547,0.044,0.0495,0.04672773,0.04675,79832.0,BTC-8SEP26,0.39189999999999997,-0.93866,7.16983,0.0,0.0,0.005500000000000005,BTC,79818.45,0.0
2026-09-06T07:50:16.801142+00:00,BTC-18SEP26-70000-P,79911.34,BTC-18SEP26,put,70000.0,2026-09-18T08:00:00+00:00,0.03287268990221056,0.0014,0.0016,0.00139235,0.0015,79911.34,BTC-18SEP26,0.43320000000000003,-0.04267,13.1563,85.8,2.9,0.0002000000000000001,BTC,79818.45,261.37
2026-09-06T07:50:16.801142+00:00,BTC-11SEP26-76000-P,79845.35,BTC-11SEP26,put,76000.0,2026-09-11T08:00:00+00:00,0.013707734392285852,0.0023,0.0028,0.00255788,0.00255,79845.35,BTC-11SEP26,0.36469999999999997,-0.12114,18.82283,979.9,21.9,0.0005,BTC,79818.45,4749.39
2026-09-06T07:50:16.801142+00:00,BTC-26MAR27-84000-C,81829.27,BTC-26MAR27,call,84000.0,2027-03-26T08:00:00+00:00,0.5503264886701777,0.107,0.109,0.10796547,0.108,81829.27,BTC-26MAR27,0.40409999999999996,0.52442,241.70326,263.2,0.0,0.0020000000000000018,BTC,79818.45,0.0
2026-09-06T07:50:16.801142+00:00,BTC-8SEP26-71000-C,79832.0,BTC-8SEP26,call,71000.0,2026-09-08T08:00:00+00:00,0.005494182030889547,0.108,0.113,0.11070158,0.1105,79832.0,BTC-8SEP26,0.6127,0.99528,0.81266,0.0,0.0,0.0050000000000000044,BTC,79816.27,0.0
2026-09-06T07:50:16.801142+00:00,BTC-25JUN27-160000-C,82771.4,BTC-25JUN27,call,160000.0,2027-06-25T08:00:00+00:00,0.7994709102991989,0.0145,0.0165,0.01550544,0.0155,82771.4,BTC-25JUN27,0.4775,0.0917,121.86424,553.6,0.0,0.002,BTC,79818.45,0.0
2026-09-06T07:50:16.801142+00:00,BTC-25JUN27-170000-P,82771.4,BTC-25JUN27,put,170000.0,2027-06-25T08:00:00+00:00,0.7994709102991989,1.05,1.089,1.06658564,1.0695,82771.4,BTC-25JUN27,0.4882,-0.92371,106.13037,14.7,0.0,0.038999999999999924,BTC,79818.45,0.0
2026-09-06T07:50:16.801142+00:00,BTC-9SEP26-77500-C,79840.24,BTC-9SEP26,call,77500.0,2026-09-09T08:00:00+00:00,0.008232032818021649,0.0285,0.0345,0.03188332,0.0315,79840.24,BTC-9SEP26,0.33380000000000004,0.83739,17.80729,0.0,0.0,0.006000000000000002,BTC,79816.27,0.0
2026-09-06T07:50:16.801142+00:00,BTC-25SEP26-86000-P,79951.36,BTC-25SEP26,put,86000.0,2026-09-25T08:00:00+00:00,0.05203764541213527,0.084,0.0905,0.08667743,0.08725,79951.36,BTC-25SEP26,0.3945,-0.77906,54.13101,11.7,0.0,0.006499999999999992,BTC,79816.27,0.0
2026-09-06T07:50:16.801142+00:00,BTC-8SEP26-76000-P,79831.36,BTC-8SEP26,put,76000.0,2026-09-08T08:00:00+00:00,0.005494182030889547,0.0004,0.0006,0.00048864,0.0005,79831.36,BTC-8SEP26,0.3861,-0.04289,5.39406,11.6,5.7,0.00019999999999999993,BTC,79816.27,206.8
2026-09-06T07:50:16.801142+00:00,BTC-7SEP26-87000-C,79827.06,BTC-7SEP26,call,87000.0,2026-09-07T08:00:00+00:00,0.002756331243757447,,0.0001,6.7e-07,,79827.06,BTC-7SEP26,0.4443,0.00011,0.01805,12.1,0.0,,BTC,79816.27,0.0
2026-09-06T07:50:16.801142+00:00,BTC-25SEP26-68000-C,79951.36,BTC-25SEP26,call,68000.0,2026-09-25T08:00:00+00:00,0.05203764541213527,0.148,0.154,0.15145251,0.151,79951.36,BTC-25SEP26,0.4349,0.95325,17.82458,890.0,0.2,0.006000000000000005,BTC,79816.27,2470.55
2026-09-06T07:50:16.801142+00:00,BTC-11SEP26-73000-P,79844.85,BTC-11SEP26,put,73000.0,2026-09-11T08:00:00+00:00,0.013707734392285852,0.0006,0.0009,0.00071515,0.00075,79844.85,BTC-11SEP26,0.4291,-0.03581,7.3584,1128.6,1.1,0.00030000000000000003,BTC,79816.27,76.63
2026-09-06T07:50:16.801142+00:00,BTC-7SEP26-88000-C,79827.06,BTC-7SEP26,call,88000.0,2026-09-07T08:00:00+00:00,0.002756331243757447,,0.0001,3.5e-07,,79827.06,BTC-7SEP26,0.4808,6e-05,0.00948,9.7,0.0,,BTC,79816.27,0.0
2026-09-06T07:50:16.801142+00:00,BTC-6SEP26-69000-C,79837.07,BTC-6SEP26,call,69000.0,2026-09-06T08:00:00+00:00,1.84804566253454e-05,0.1325,0.138,0.13573961,0.13525,79837.07,BTC-6SEP26,0.7898999999999999,0.25111,0.0,0.0,0.0,0.005500000000000005,BTC,79816.27,0.0
2026-09-06T07:50:16.801142+00:00,BTC-27NOV26-74000-P,80606.74,BTC-27NOV26,put,74000.0,2026-11-27T08:00:00+00:00,0.22452224500145768,0.037,0.038,0.03765553,0.0375,80606.74,BTC-27NOV26,0.39380000000000004,-0.29144,131.03047,31.0,0.0,0.0010000000000000009,BTC,79816.27,0.0
2026-09-06T07:50:16.801142+00:00,BTC-25SEP26-280000-C,79951.36,BTC-25SEP26,call,280000.0,2026-09-25T08:00:00+00:00,0.05203764541213527,,0.0001,1.39e-06,,79951.36,BTC-25SEP26,1.2987,2e-05,0.01748,76.1,0.0,,BTC,79816.27,0.0
2026-09-06T07:50:16.801142+00:00,BTC-25DEC26-230000-C,80916.53,BTC-25DEC26,call,230000.0,2026-12-25T08:00:00+00:00,0.3011820670411565,0.0002,0.0006,0.00035984,0.0004,80916.53,BTC-25DEC26,0.6624,0.00355,4.73083,190.5,0.0,0.00039999999999999996,BTC,79816.27,0.0
2026-09-06T07:50:16.801142+00:00,BTC-9SEP26-87000-C,79840.02,BTC-9SEP26,call,87000.0,2026-09-09T08:00:00+00:00,0.008232032818021649,0.0002,0.0005,0.00031535,0.00035,79840.02,BTC-9SEP26,0.4596,0.02016,3.53027,0.1,0.1,0.00030000000000000003,BTC,79816.45,2.4
2026-09-06T07:50:16.801142+00:00,BTC-27NOV26-95000-P,80606.74,BTC-27NOV26,put,95000.0,2026-11-27T08:00:00+00:00,0.22452224500145768,0.197,0.207,0.20110157,0.202,80606.74,BTC-27NOV26,0.4044,-0.77739,113.84399,0.0,0.0,0.009999999999999981,BTC,79816.45,0.0
2026-09-06T07:50:16.801142+00:00,BTC-18SEP26-79000-P,79910.85,BTC-18SEP26,put,79000.0,2026-09-18T08:00:00+00:00,0.03287268990221056,0.0215,0.0225,0.02164078,0.022,79910.85,BTC-18SEP26,0.37479999999999997,-0.42213,56.6877,179.8,7.4,0.0010000000000000009,BTC,79816.45,12826.8
2026-09-06T07:50:16.801142+00:00,BTC-9SEP26-80000-P,79840.24,BTC-9SEP26,put,80000.0,2026-09-09T08:00:00+00:00,0.008232032818021649,0.0125,0.0135,0.01306402,0.013,79840.24,BTC-9SEP26,0.3321,-0.52625,28.82464,0.4,0.4,0.0009999999999999992,BTC,79816.45,419.06
2026-09-06T07:50:16.801142+00:00,BTC-18SEP26-95000-C,79910.85,BTC-18SEP26,call,95000.0,2026-09-18T08:00:00+00:00,0.03287268990221056,0.0009,0.001,0.00097536,0.00095,79910.85,BTC-18SEP26,0.49219999999999997,0.02893,9.56441,145.8,10.4,0.00010000000000000005,BTC,79817.45,771.14
2026-09-06T07:50:16.801142+00:00,BTC-25JUN27-98000-C,82771.19,BTC-25JUN27,call,98000.0,2027-06-25T08:00:00+00:00,0.7994709102991989,0.085,0.0875,0.08628208,0.08625,82771.19,BTC-25JUN27,0.419,0.39578,285.10656,42.6,0.0,0.0024999999999999883,BTC,79816.45,0.0
2026-09-06T07:50:16.801142+00:00,BTC-7SEP26-87000-P,79827.06,BTC-7SEP26,put,87000.0,2026-09-07T08:00:00+00:00,0.002756331243757447,0.087,0.0935,0.08985666,0.09025,79827.06,BTC-7SEP26,0.4443,-0.99989,0.01788,0.0,0.0,0.006500000000000006,BTC,79816.45,0.0
2026-09-06T07:50:16.801142+00:00,BTC-25DEC26-50000-P,80916.53,BTC-25DEC26,put,50000.0,2026-12-25T08:00:00+00:00,0.3011820670411565,0.0046,0.005,0.00472078,0.0048,80916.53,BTC-25DEC26,0.532,-0.03648,35.49489,2146.3,4.0,0.0004000000000000002,BTC,79817.45,1440.05
2026-09-06T07:50:16.801142+00:00,BTC-7SEP26-79500-C,79827.29,BTC-7SEP26,call,79500.0,2026-09-07T08:00:00+00:00,0.002756331243757447,0.0075,0.0085,0.0079425,0.008,79827.29,BTC-7SEP26,0.2707,0.60445,16.12649,37.0,19.3,0.0010000000000000009,BTC,79817.45,10743.99
2026-09-06T07:50:16.801142+00:00,BTC-25DEC26-54000-P,80916.27,BTC-25DEC26,put,54000.0,2026-12-25T08:00:00+00:00,0.3011820670411565,0.006,0.007,0.00652924,0.0065,80916.27,BTC-25DEC26,0.49310000000000004,-0.05172,47.04805,1856.4,2.0,0.001,BTC,79817.45,956.39
2026-09-06T07:50:16.801142+00:00,BTC-11SEP26-75000-C,79844.85,BTC-11SEP26,call,75000.0,2026-09-11T08:00:00+00:00,0.013707734392285852,0.059,0.065,0.06228073,0.062,79844.85,BTC-11SEP26,0.3822,0.9212,13.736,96.4,0.7,0.006000000000000005,BTC,79817.45,3550.15
2026-09-06T07:50:16.801142+00:00,BTC-25DEC26-92000-P,80916.53,BTC-25DEC26,put,92000.0,2026-12-25T08:00:00+00:00,0.3011820670411565,0.172,0.1845,0.17671561,0.17825,80916.53,BTC-25DEC26,0.3968,-0.68516,157.7069,6.6,0.0,0.012500000000000011,BTC,79817.45,0.0
2026-09-06T07:50:16.801142+00:00,BTC-26MAR27-78000-P,81829.27,BTC-26MAR27,put,78000.0,2027-03-26T08:00:00+00:00,0.5503264886701777,0.094,0.0955,0.09475025,0.09475,81829.27,BTC-26MAR27,0.40509999999999996,-0.37892,230.91312,262.3,3.0,0.0015000000000000013,BTC,79817.45,22624.26
2026-09-06T07:50:16.801142+00:00,BTC-25SEP26-54000-C,79951.36,BTC-25SEP26,call,54000.0,2026-09-25T08:00:00+00:00,0.05203764541213527,0.3225,0.327,0.32479567,0.32475,79951.36,BTC-25SEP26,0.6714,0.99588,2.22009,7.4,0.0,0.004500000000000004,BTC,79817.45,0.0
2026-09-06T07:50:16.801142+00:00,BTC-27NOV26-90000-C,80606.52,BTC-27NOV26,call,90000.0,2026-11-27T08:00:00+00:00,0.22452224500145768,0.0335,0.0345,0.0340473,0.034,80606.52,BTC-27NOV26,0.3958,0.30987,134.70939,28.1,0.1,0.0010000000000000009,BTC,79817.15,279.96
2026-09-06T07:50:16.801142+00:00,BTC-9SEP26-72000-P,79840.02,BTC-9SEP26,put,72000.0,2026-09-09T08:00:00+00:00,0.008232032818021649,0.0002,0.0004,0.00024806,0.0003,79840.02,BTC-9SEP26,0.527,-0.01501,2.74381,0.3,0.3,0.0002,BTC,79817.15,6.4
2026-09-06T07:50:16.801142+00:00,BTC-25DEC26-108000-C,80916.53,BTC-25DEC26,call,108000.0,2026-12-25T08:00:00+00:00,0.3011820670411565,0.0135,0.0145,0.0140168,0.014,80916.53,BTC-25DEC26,0.4257,0.13133,94.5979,152.1,0.0,0.0010000000000000009,BTC,79817.15,0.0
2026-09-06T07:50:16.801142+00:00,BTC-25DEC26-60000-P,80916.53,BTC-25DEC26,put,60000.0,2026-12-25T08:00:00+00:00,0.3011820670411565,0.0115,0.0125,0.01197522,0.012,80916.53,BTC-25DEC26,0.4539,-0.0929,73.82031,6245.0,6.2,0.0010000000000000009,BTC,79817.15,5817.57
2026-09-06T07:50:16.801142+00:00,BTC-25JUN27-58000-C,82771.19,BTC-25JUN27,call,58000.0,2027-06-25T08:00:00+00:00,0.7994709102991989,0.3325,0.336,0.33455009,0.33425,82771.19,BTC-25JUN27,0.4542,0.85943,165.17229,13.8,0.0,0.003500000000000003,BTC,79817.02,0.0
2026-09-06T07:50:16.801142+00:00,BTC-25DEC26-250000-P,80916.53,BTC-25DEC26,put,250000.0,2026-12-25T08:00:00+00:00,0.3011820670411565,2.0735,2.107,2.08985603,2.09025,80916.53,BTC-25DEC26,0.6834,-0.9976,3.31807,10.0,0.0,0.033500000000000085,BTC,79817.02,0.0
2026-09-06T07:50:16.801142+00:00,BTC-11SEP26-69000-C,79844.85,BTC-11SEP26,call,69000.0,2026-09-11T08:00:00+00:00,0.013707734392285852,0.133,0.1385,0.13605659,0.13575,79844.85,BTC-11SEP26,0.5453,0.98963,2.57079,3.8,0.0,0.005500000000000005,BTC,79817.02,0.0
2026-09-06T07:50:16.801142+00:00,BTC-25SEP26-85000-C,79950.87,BTC-25SEP26,call,85000.0,2026-09-25T08:00:00+00:00,0.05203764541213527,0.013,0.0135,0.01331041,0.01325,79950.87,BTC-25SEP26,0.3892,0.25804,58.9213,9074.6,40.5,0.0005000000000000004,BTC,79817.02,37179.13
2026-09-06T07:50:16.801142+00:00,BTC-26MAR27-190000-P,81829.27,BTC-26MAR27,put,190000.0,2027-03-26T08:00:00+00:00,0.5503264886701777,1.3135,1.3465,1.32567149,1.33,81829.27,BTC-26MAR27,0.5382,-0.97197,39.03687,0.9,0.0,0.03300000000000014,BTC,79817.02,0.0
2026-09-06T07:50:16.801142+00:00,BTC-11SEP26-78000-P,79845.35,BTC-11SEP26,put,78000.0,2026-09-11T08:00:00+00:00,0.013707734392285852,0.0065,0.0075,0.00717282,0.007,79845.35,BTC-11SEP26,0.35009999999999997,-0.28078,31.50266,371.2,107.0,0.001,BTC,79817.02,64139.97
2026-09-06T07:50:16.801142+00:00,BTC-25DEC26-160000-C,80916.53,BTC-25DEC26,call,160000.0,2026-12-25T08:00:00+00:00,0.3011820670411565,0.0016,0.002,0.00174952,0.0018,80916.53,BTC-25DEC26,0.5503,0.01757,19.25733,1291.9,0.0,0.00039999999999999996,BTC,79817.02,0.0
2026-09-06T07:50:16.801142+00:00,BTC-11SEP26-77000-C,79844.85,BTC-11SEP26,call,77000.0,2026-09-11T08:00:00+00:00,0.013707734392285852,0.0365,0.0425,0.0399506,0.0395,79844.85,BTC-11SEP26,0.3552,0.8115,25.23725,128.1,0.0,0.006000000000000005,BTC,79817.02,0.0
2026-09-06T07:50:16.801142+00:00,BTC-27NOV26-82000-C,80606.52,BTC-27NOV26,call,82000.0,2026-11-27T08:00:00+00:00,0.22452224500145768,0.065,0.066,0.06569683,0.0655,80606.52,BTC-27NOV26,0.3886,0.49869,152.35789,53.0,0.0,0.0010000000000000009,BTC,79817.02,0.0
2026-09-06T07:50:16.801142+00:00,BTC-25DEC26-88000-P,80916.53,BTC-25DEC26,put,88000.0,2026-12-25T08:00:00+00:00,0.3011820670411565,0.1385,0.1415,0.14012618,0.14,80916.53,BTC-25DEC26,0.3931,-0.61134,170.20152,7.5,0.0,0.002999999999999975,BTC,79817.02,0.0
2026-09-06T07:50:16.801142+00:00,BTC-9SEP26-85000-C,79840.02,BTC-9SEP26,call,85000.0,2026-09-09T08:00:00+00:00,0.008232032818021649,0.0007,0.0009,0.00078821,0.0008,79840.02,BTC-9SEP26,0.41609999999999997,0.04963,7.42365,3.0,3.0,0.00019999999999999998,BTC,79817.02,263.24
2026-09-06T07:50:16.801142+00:00,BTC-25SEP26-96000-P,79951.36,BTC-25SEP26,put,96000.0,2026-09-25T08:00:00+00:00,0.05203764541213527,0.199,0.206,0.20274619,0.2025,79951.36,BTC-25SEP26,0.4654,-0.95276,17.97272,1.0,0.0,0.0069999999999999785,BTC,79817.02,0.0
2026-09-06T07:50:16.801142+00:00,BTC-25DEC26-96000-P,80916.27,BTC-25DEC26,put,96000.0,2026-12-25T08:00:00+00:00,0.3011820670411565,0.211,0.2245,0.21652187,0.21775,80916.27,BTC-25DEC26,0.402,-0.74733,141.8998,23.9,0.0,0.013500000000000012,BTC,79817.02,0.0
2026-09-06T07:50:16.801142+00:00,BTC-7SEP26-77500-P,79827.29,BTC-7SEP26,put,77500.0,2026-09-07T08:00:00+00:00,0.002756331243757447,0.0003,0.0004,0.00032884,0.00035,79827.29,BTC-7SEP26,0.3344,-0.04769,4.15763,38.7,1.2,0.00010000000000000005,BTC,79817.02,35.05
2026-09-06T07:50:16.801142+00:00,BTC-25DEC26-90000-C,80916.53,BTC-25DEC26,call,90000.0,2026-12-25T08:00:00+00:00,0.3011820670411565,0.045,0.046,0.04574487,0.0455,80916.53,BTC-25DEC26,0.39490000000000003,0.35034,164.53012,3688.0,0.0,0.0010000000000000009,BTC,79817.02,0.0
2026-09-06T07:50:16.801142+00:00,BTC-26MAR27-66000-C,81829.27,BTC-26MAR27,call,66000.0,2027-03-26T08:00:00+00:00,0.5503264886701777,0.2335,0.236,0.23487853,0.23475,81829.27,BTC-26MAR27,0.4249,0.79903,170.4271,23.8,0.0,0.0024999999999999745,BTC,79817.02,0.0
2026-09-06T07:50:16.801142+00:00,BTC-25JUN27-62000-P,82771.4,BTC-25JUN27,put,62000.0,2027-06-25T08:00:00+00:00,0.7994709102991989,0.045,0.0475,0.04621358,0.04625,82771.4,BTC-25JUN27,0.4435,-0.17727,192.32932,115.3,0.0,0.0025000000000000022,BTC,79817.02,0.0
2026-09-06T07:50:16.801142+00:00,BTC-7SEP26-78000-C,79827.06,BTC-7SEP26,call,78000.0,2026-09-07T08:00:00+00:00,0.002756331243757447,0.0215,0.025,0.02340835,0.02325,79827.06,BTC-7SEP26,0.3044,0.92364,6.00833,87.5,0.0,0.003500000000000003,BTC,79817.02,0.0
2026-09-06T07:50:16.801142+00:00,BTC-27NOV26-89000-C,80606.52,BTC-27NOV26,call,89000.0,2026-11-27T08:00:00+00:00,0.22452224500145768,0.0365,0.0375,0.03694506,0.037,80606.52,BTC-27NOV26,0.39409999999999995,0.33022,138.34302,180.0,0.1,0.0010000000000000009,BTC,79817.05,291.16
2026-09-06T07:50:16.801142+00:00,BTC-26MAR27-200000-P,81829.27,BTC-26MAR27,put,200000.0,2027-03-26T08:00:00+00:00,0.5503264886701777,1.4335,1.4695,1.4471783,1.4515,81829.27,BTC-26MAR27,0.5481,-0.97698,33.09988,1.0,0.0,0.03600000000000003,BTC,79817.05,0.0
2026-09-06T07:50:16.801142+00:00,BTC-26MAR27-45000-C,81829.27,BTC-26MAR27,call,45000.0,2027-03-26T08:00:00+00:00,0.5503264886701777,0.4545,0.46,0.45755938,0.45725,81829.27,BTC-26MAR27,0.5215,0.95883,53.54035,3.3,0.0,0.005500000000000005,BTC,79817.05,0.0
2026-09-06T07:50:16.801142+00:00,BTC-6SEP26-76000-P,79837.29,BTC-6SEP26,put,76000.0,2026-09-06T08:00:00+00:00,1.84804566253454e-05,,0.0001,0.0,,79837.29,BTC-6SEP26,0.33399999999999996,0.0,0.0,56.8,0.0,,BTC,79817.05,0.0
2026-09-06T07:50:16.801142+00:00,BTC-25SEP26-30000-P,79951.36,BTC-25SEP26,put,30000.0,2026-09-25T08:00:00+00:00,0.05203764541213527,,0.0001,1.131e-05,,79951.36,BTC-25SEP26,1.238,-0.00015,0.10771,2959.5,0.0,,BTC,79817.05,0.0
2026-09-06T07:50:16.801142+00:00,BTC-11SEP26-70000-P,79845.35,BTC-11SEP26,put,70000.0,2026-09-11T08:00:00+00:00,0.013707734392285852,0.0001,0.0004,0.00028354,0.00025,79845.35,BTC-11SEP26,0.5132,-0.01348,3.22753,722.2,1.1,0.00030000000000000003,BTC,79817.05,33.54
2026-09-06T07:50:16.801142+00:00,BTC-7SEP26-83000-C,79827.29,BTC-7SEP26,call,83000.0,2026-09-07T08:00:00+00:00,0.002756331243757447,0.0001,0.0003,0.00018666,0.0002,79827.29,BTC-7SEP26,0.3771,0.02407,2.37056,89.5,8.0,0.00019999999999999998,BTC,79817.05,135.81
2026-09-06T07:50:16.801142+00:00,BTC-30OCT26-95000-C,80289.58,BTC-30OCT26,call,95000.0,2026-10-30T08:00:00+00:00,0.14786242296175883,0.0115,0.0125,0.01203964,0.012,80289.58,BTC-30OCT26,0.4046,0.15723,74.25762,2092.9,0.0,0.0010000000000000009,BTC,79817.05,0.0
2026-09-06T07:50:16.801142+00:00,BTC-26MAR27-160000-C,81829.27,BTC-26MAR27,call,160000.0,2027-03-26T08:00:00+00:00,0.5503264886701777,0.006,0.0075,0.00673204,0.00675,81829.27,BTC-26MAR27,0.4943,0.0499,62.49957,1034.1,0.0,0.0014999999999999996,BTC,79817.05,0.0
2026-09-06T07:50:16.801142+00:00,BTC-25SEP26-260000-C,79950.87,BTC-25SEP26,call,260000.0,2026-09-25T08:00:00+00:00,0.05203764541213527,,0.0001,1.46e-06,,79950.87,BTC-25SEP26,1.2309,2e-05,0.01919,293.3,0.0,,BTC,79817.05,0.0
2026-09-06T07:50:16.801142+00:00,BTC-30OCT26-50000-C,80289.58,BTC-30OCT26,call,50000.0,2026-10-30T08:00:00+00:00,0.14786242296175883,0.376,0.381,0.37854414,0.3785,80289.58,BTC-30OCT26,0.5965,0.98527,11.51192,0.1,0.0,0.0050000000000000044,BTC,79817.05,0.0
2026-09-06T07:50:16.801142+00:00,BTC-25DEC26-66000-P,80916.53,BTC-25DEC26,put,66000.0,2026-12-25T08:00:00+00:00,0.3011820670411565,0.021,0.022,0.02165257,0.0215,80916.53,BTC-25DEC26,0.4215,-0.15993,108.00696,423.2,0.4,0.0009999999999999974,BTC,79816.34,681.8
2026-09-06T07:50:16.801142+00:00,BTC-25SEP26-82000-C,79951.36,BTC-25SEP26,call,82000.0,2026-09-25T08:00:00+00:00,0.05203764541213527,0.023,0.024,0.02346301,0.0235,79951.36,BTC-25SEP26,0.3774,0.39927,70.41981,7083.9,18.7,0.0010000000000000009,BTC,79816.34,35537.88
2026-09-06T07:50:16.801142+00:00,BTC-30OCT26-96000-C,80289.58,BTC-30OCT26,call,96000.0,2026-10-30T08:00:00+00:00,0.14786242296175883,0.0105,0.0115,0.01102,0.011,80289.58,BTC-30OCT26,0.4096,0.14498,70.35352,193.9,0.0,0.0009999999999999992,BTC,79816.34,0.0
2026-09-06T07:50:16.801142+00:00,BTC-26MAR27-92000-P,81829.27,BTC-26MAR27,put,92000.0,2027-03-26T08:00:00+00:00,0.5503264886701777,0.193,0.2085,0.19882147,0.20075,81829.27,BTC-26MAR27,0.40630000000000005,-0.59453,235.32029,1.4,0.0,0.015499999999999986,BTC,79816.34,0.0
2026-09-06T07:50:16.801142+00:00,BTC-6SEP26-83000-C,79837.07,BTC-6SEP26,call,83000.0,2026-09-06T08:00:00+00:00,1.84804566253454e-05,,0.0001,0.0,,79837.07,BTC-6SEP26,0.40759999999999996,0.0,0.0,22.1,0.1,,BTC,79816.42,0.8
2026-09-06T07:50:16.801142+00:00,BTC-25DEC26-190000-P,80916.53,BTC-25DEC26,put,190000.0,2026-12-25T08:00:00+00:00,0.3011820670411565,1.3365,1.3605,1.34897621,1.3485,80916.53,BTC-25DEC26,0.6098,-0.99143,10.34292,0.0,0.0,0.02400000000000002,BTC,79816.42,0.0
2026-09-06T07:50:16.801142+00:00,BTC-18SEP26-80000-P,79911.34,BTC-18SEP26,put,80000.0,2026-09-18T08:00:00+00:00,0.03287268990221056,0.0275,0.0285,0.0278428,0.028,79911.34,BTC-18SEP26,0.37689999999999996,-0.49535,57.78752,122.1,10.8,0.0010000000000000009,BTC,79816.42,24144.55
2026-09-06T07:50:16.801142+00:00,BTC-27NOV26-64000-P,80606.52,BTC-27NOV26,put,64000.0,2026-11-27T08:00:00+00:00,0.22452224500145768,0.0115,0.0125,0.01197095,0.012,80606.52,BTC-27NOV26,0.4335,-0.11061,72.09586,23.3,0.9,0.0010000000000000009,BTC,79816.42,897.96
2026-09-06T07:50:16.801142+00:00,BTC-25DEC26-35000-C,80916.53,BTC-25DEC26,call,35000.0,2026-12-25T08:00:00+00:00,0.3011820670411565,0.5675,0.57,0.5689036,0.56875,80916.53,BTC-25DEC26,0.7120000000000001,0.99018,11.64848,87.8,0.0,0.0024999999999999467,BTC,79816.42,0.0
2026-09-06T07:50:16.801142+00:00,BTC-25DEC26-160000-P,80916.53,BTC-25DEC26,put,160000.0,2026-12-25T08:00:00+00:00,0.3011820670411565,0.9715,0.9935,0.97910216,0.9825,80916.53,BTC-25DEC26,0.5503,-0.98243,19.25597,0.1,0.0,0.02200000000000002,BTC,79816.42,0.0
2026-09-06T07:50:16.801142+00:00,BTC-27NOV26-89000-P,80606.52,BTC-27NOV26,put,89000.0,2026-11-27T08:00:00+00:00,0.22452224500145768,0.1395,0.1425,0.14107479,0.141,80606.52,BTC-27NOV26,0.39409999999999995,-0.66981,138.33756,0.0,0.0,0.002999999999999975,BTC,79816.42,0.0
2026-09-06T07:50:16.801142+00:00,BTC-25DEC26-120000-C,80916.53,BTC-25DEC26,call,120000.0,2026-12-25T08:00:00+00:00,0.3011820670411565,0.007,0.008,0.00750156,0.0075,80916.53,BTC-25DEC26,0.4562,0.07356,61.93333,5827.6,0.0,0.001,BTC,79816.42,0.0
2026-09-06T07:50:16.801142+00:00,BTC-9SEP26-88000-C,79840.02,BTC-9SEP26,call,88000.0,2026-09-09T08:00:00+00:00,0.008232032818021649,0.0001,0.0004,0.00020242,0.00025,79840.02,BTC-9SEP26,0.47979999999999995,0.013,2.42332,0.1,0.1,0.00030000000000000003,BTC,79816.42,1.6
2026-09-06T07:50:16.801142+00:00,BTC-26MAR27-72000-P,81829.78,BTC-26MAR27,put,72000.0,2027-03-26T08:00:00+00:00,0.5503264886701777,0.063,0.065,0.06399305,0.064,81829.78,BTC-26MAR27,0.41229999999999994,-0.2844,205.86197,159.3,0.0,0.0020000000000000018,BTC,79816.42,0.0
2026-09-06T07:50:16.801142+00:00,BTC-25DEC26-150000-C,80916.53,BTC-25DEC26,call,150000.0,2026-12-25T08:00:00+00:00,0.3011820670411565,0.0024,0.0026,0.00236058,0.0025,80916.53,BTC-25DEC26,0.5289,0.02374,24.85093,1694.2,1.7,0.0002000000000000001,BTC,79816.42,362.99
2026-09-06T07:50:16.801142+00:00,BTC-18SEP26-83000-C,79910.85,BTC-18SEP26,call,83000.0,2026-09-18T08:00:00+00:00,0.03287268990221056,0.013,0.014,0.01348219,0.0135,79910.85,BTC-18SEP26,0.39020000000000005,0.30651,50.85384,556.0,0.1,0.0010000000000000009,BTC,79817.6,103.94
2026-09-06T07:50:16.801142+00:00,BTC-30OCT26-58000-P,80289.58,BTC-30OCT26,put,58000.0,2026-10-30T08:00:00+00:00,0.14786242296175883,0.0028,0.0033,0.00302916,0.00305,80289.58,BTC-30OCT26,0.49950000000000006,-0.037,24.96496,329.8,4.3,0.0005,BTC,79816.42,1117.63
2026-09-06T07:50:16.801142+00:00,BTC-25JUN27-190000-C,82771.19,BTC-25JUN27,call,190000.0,2027-06-25T08:00:00+00:00,0.7994709102991989,0.008,0.01,0.00900033,0.009,82771.19,BTC-25JUN27,0.5084000000000001,0.05469,81.95753,48.7,0.0,0.002,BTC,79817.6,0.0
2026-09-06T07:50:16.801142+00:00,BTC-26MAR27-58000-P,81829.27,BTC-26MAR27,put,58000.0,2027-03-26T08:00:00+00:00,0.5503264886701777,0.021,0.0225,0.02178157,0.02175,81829.27,BTC-26MAR27,0.4493,-0.11545,118.14462,137.1,0.0,0.0014999999999999979,BTC,79816.42,0.0
2026-09-06T07:50:16.801142+00:00,BTC-27NOV26-96000-C,80606.74,BTC-27NOV26,call,96000.0,2026-11-27T08:00:00+00:00,0.22452224500145768,0.02,0.0215,0.02076395,0.02075,80606.74,BTC-27NOV26,0.40630000000000005,0.20793,109.42677,34.0,0.0,0.0014999999999999979,BTC,79817.6,0.0
2026-09-06T07:50:16.801142+00:00,BTC-25JUN27-100000-C,82771.19,BTC-25JUN27,call,100000.0,2027-06-25T08:00:00+00:00,0.7994709102991989,0.079,0.0815,0.08030983,0.08025,82771.19,BTC-25JUN27,0.4194,0.37541,280.72023,203.8,0.1,0.0025000000000000022,BTC,79817.6,626.01
2026-09-06T07:50:16.801142+00:00,BTC-27NOV26-72000-P,80606.74,BTC-27NOV26,put,72000.0,2026-11-27T08:00:00+00:00,0.22452224500145768,0.0295,0.0305,0.03012223,0.03,80606.74,BTC-27NOV26,0.3983,-0.24499,120.05782,28.7,0.0,0.0010000000000000009,BTC,79819.24,0.0
2026-09-06T07:50:16.801142+00:00,BTC-25SEP26-88000-C,79950.87,BTC-25SEP26,call,88000.0,2026-09-25T08:00:00+00:00,0.05203764541213527,0.007,0.008,0.00751059,0.0075,79950.87,BTC-25SEP26,0.40509999999999996,0.15975,44.32666,1526.1,2.9,0.001,BTC,79817.6,1556.47
2026-09-06T07:50:16.801142+00:00,BTC-25DEC26-66000-C,80916.53,BTC-25DEC26,call,66000.0,2026-12-25T08:00:00+00:00,0.3011820670411565,0.2,0.2095,0.2059946,0.20475,80916.53,BTC-25DEC26,0.4215,0.84011,107.99302,280.4,0.0,0.00949999999999998,BTC,79819.24,0.0
2026-09-06T07:50:16.801142+00:00,BTC-25DEC26-102000-C,80916.53,BTC-25DEC26,call,102000.0,2026-12-25T08:00:00+00:00,0.3011820670411565,0.02,0.0205,0.02019415,0.02025,80916.53,BTC-25DEC26,0.41240000000000004,0.18111,116.96873,384.4,0.0,0.0005000000000000004,BTC,79819.24,0.0
2026-09-06T07:50:16.801142+00:00,BTC-26MAR27-104000-C,81829.27,BTC-26MAR27,call,104000.0,2027-03-26T08:00:00+00:00,0.5503264886701777,0.042,0.044,0.04303017,0.043,81829.27,BTC-26MAR27,0.415,0.26568,199.07799,115.2,0.0,0.001999999999999995,BTC,79819.24,0.0
2026-09-06T07:50:16.801142+00:00,BTC-27NOV26-66000-P,80606.52,BTC-27NOV26,put,66000.0,2026-11-27T08:00:00+00:00,0.22452224500145768,0.0145,0.0155,0.01496963,0.015,80606.52,BTC-27NOV26,0.42119999999999996,-0.13587,83.2854,184.8,10.1,0.0009999999999999992,BTC,79819.24,12275.29
2026-09-06T07:50:16.801142+00:00,BTC-7SEP26-72000-C,79827.06,BTC-7SEP26,call,72000.0,2026-09-07T08:00:00+00:00,0.002756331243757447,0.095,0.1005,0.09805167,0.09775,79827.06,BTC-7SEP26,0.557,0.99979,0.03283,0.0,0.0,0.005500000000000005,BTC,79819.24,0.0
2026-09-06T07:50:16.801142+00:00,BTC-30OCT26-84000-C,80289.58,BTC-30OCT26,call,84000.0,2026-10-30T08:00:00+00:00,0.14786242296175883,0.0385,0.0395,0.03909588,0.039,80289.58,BTC-30OCT26,0.3785,0.40508,119.65632,1103.0,0.5,0.0010000000000000009,BTC,79819.24,1556.39
2026-09-06T07:50:16.801142+00:00,BTC-25DEC26-170000-C,80916.27,BTC-25DEC26,call,170000.0,2026-12-25T08:00:00+00:00,0.3011820670411565,0.0012,0.0016,0.00134509,0.0014,80916.27,BTC-25DEC26,0.5710000000000001,0.01345,15.31101,2394.2,0.0,0.0004000000000000002,BTC,79820.05,0.0
2026-09-06T07:50:16.801142+00:00,BTC-25SEP26-65000-C,79950.87,BTC-25SEP26,call,65000.0,2026-09-25T08:00:00+00:00,0.05203764541213527,0.1855,0.1905,0.1880889,0.188,79950.87,BTC-25SEP26,0.4775,0.97446,10.85001,1275.9,0.0,0.0050000000000000044,BTC,79820.05,0.0
2026-09-06T07:50:16.801142+00:00,BTC-30OCT26-85000-P,80289.58,BTC-30OCT26,put,85000.0,2026-10-30T08:00:00+00:00,0.14786242296175883,0.0925,0.095,0.09374222,0.09375,80289.58,BTC-30OCT26,0.3796,-0.62553,117.01194,105.5,0.0,0.0025000000000000022,BTC,79820.05,0.0
2026-09-06T07:50:16.801142+00:00,BTC-26MAR27-130000-P,81829.27,BTC-26MAR27,put,130000.0,2027-03-26T08:00:00+00:00,0.5503264886701777,0.595,0.618,0.60400899,0.6065,81829.27,BTC-26MAR27,0.4471,-0.89085,113.50519,0.4,0.0,0.02300000000000002,BTC,79820.05,0.0
2026-09-06T07:50:16.801142+00:00,BTC-27NOV26-58000-P,80606.74,BTC-27NOV26,put,58000.0,2026-11-27T08:00:00+00:00,0.22452224500145768,0.0055,0.006,0.00586324,0.00575,80606.74,BTC-27NOV26,0.4711,-0.0564,43.33803,11.2,4.1,0.0005000000000000004,BTC,79819.98,1922.82
2026-09-06T07:50:16.801142+00:00,BTC-26MAR27-80000-P,81829.27,BTC-26MAR27,put,80000.0,2027-03-26T08:00:00+00:00,0.5503264886701777,0.106,0.1085,0.10722321,0.10725,81829.27,BTC-26MAR27,0.4048,-0.41131,236.15274,214.5,0.0,0.0025000000000000022,BTC,79820.05,0.0
2026-09-06T07:50:16.801142+00:00,BTC-8SEP26-88000-C,79831.36,BTC-8SEP26,call,88000.0,2026-09-08T08:00:00+00:00,0.005494182030889547,,0.0002,9.867e-05,,79831.36,BTC-8SEP26,0.5368999999999999,0.00741,1.21135,18.3,10.0,,BTC,79819.98,144.1
2026-09-06T07:50:16.801142+00:00,BTC-27NOV26-86000-P,80606.52,BTC-27NOV26,put,86000.0,2026-11-27T08:00:00+00:00,0.22452224500145768,0.113,0.1155,0.11428987,0.11425,80606.52,BTC-27NOV26,0.3906,-0.60232,147.32525,30.2,0.8,0.0025000000000000022,BTC,79819.98,7176.87
2026-09-06T07:50:16.801142+00:00,BTC-7SEP26-89000-C,79827.06,BTC-7SEP26,call,89000.0,2026-09-07T08:00:00+00:00,0.002756331243757447,,0.0001,1.5e-07,,79827.06,BTC-7SEP26,0.5085999999999999,2e-05,0.0041,8.1,0.0,,BTC,79819.98,0.0
2026-09-06T07:50:16.801142+00:00,BTC-8SEP26-85000-P,79832.0,BTC-8SEP26,put,85000.0,2026-09-08T08:00:00+00:00,0.005494182030889547,0.0625,0.0685,0.06502459,0.0655,79832.0,BTC-8SEP26,0.42700000000000005,-0.97593,3.34875,0.0,0.0,0.006000000000000005,BTC,79819.98,0.0
2026-09-06T07:50:16.801142+00:00,BTC-30OCT26-52000-C,80289.58,BTC-30OCT26,call,52000.0,2026-10-30T08:00:00+00:00,0.14786242296175883,0.3515,0.3565,0.35394507,0.354,80289.58,BTC-30OCT26,0.5717,0.98142,14.03764,0.1,0.0,0.0050000000000000044,BTC,79819.98,0.0
2026-09-06T07:50:16.801142+00:00,BTC-25SEP26-300000-C,79951.36,BTC-25SEP26,call,300000.0,2026-09-25T08:00:00+00:00,0.05203764541213527,,0.0001,1.35e-06,,79951.36,BTC-25SEP26,1.3629,2e-05,0.01643,196.3,0.0,,BTC,79819.98,0.0
2026-09-06T07:50:16.801142+00:00,BTC-11SEP26-68000-C,79845.35,BTC-11SEP26,call,68000.0,2026-09-11T08:00:00+00:00,0.013707734392285852,0.146,0.151,0.1485172,0.1485,79845.35,BTC-11SEP26,0.5692,0.99263,1.90492,3.1,0.0,0.0050000000000000044,BTC,79819.98,0.0
2026-09-06T07:50:16.801142+00:00,BTC-26MAR27-40000-C,81829.27,BTC-26MAR27,call,40000.0,2027-03-26T08:00:00+00:00,0.5503264886701777,0.5155,0.517,0.51586399,0.51625,81829.27,BTC-26MAR27,0.5540999999999999,0.97413,36.51242,82.1,0.0,0.0015000000000000568,BTC,79819.98,0.0
2026-09-06T07:50:16.801142+00:00,BTC-11SEP26-71000-P,79845.35,BTC-11SEP26,put,71000.0,2026-09-11T08:00:00+00:00,0.013707734392285852,0.0003,0.0004,0.00030207,0.00035,79845.35,BTC-11SEP26,0.46909999999999996,-0.01544,3.62833,465.9,0.0,0.00010000000000000005,BTC,79819.98,0.0
2026-09-06T07:50:16.801142+00:00,BTC-25SEP26-135000-C,79950.87,BTC-25SEP26,call,135000.0,2026-09-25T08:00:00+00:00,0.05203764541213527,,0.0002,3.891e-05,,79950.87,BTC-25SEP26,0.7168000000000001,0.0009,0.55463,472.8,0.0,,BTC,79819.98,0.0
2026-09-06T07:50:16.801142+00:00,BTC-25JUN27-64000-C,82771.4,BTC-25JUN27,call,64000.0,2027-06-25T08:00:00+00:00,0.7994709102991989,0.2775,0.281,0.27949887,0.27925,82771.4,BTC-25JUN27,0.4393,0.80239,205.69631,33.5,0.0,0.003500000000000003,BTC,79819.98,0.0
2026-09-06T07:50:16.801142+00:00,BTC-25SEP26-72000-P,79951.36,BTC-25SEP26,put,72000.0,2026-09-25T08:00:00+00:00,0.05203764541213527,0.0048,0.0055,0.00512421,0.00515,79951.36,BTC-25SEP26,0.3937,-0.1137,35.11256,2175.2,0.2,0.0007000000000000001,BTC,79819.98,75.8
2026-09-06T07:50:16.801142+00:00,BTC-26MAR27-85000-P,81829.27,BTC-26MAR27,put,85000.0,2027-03-26T08:00:00+00:00,0.5503264886701777,0.14,0.1435,0.14179885,0.14175,81829.27,BTC-26MAR27,0.40399999999999997,-0.4913,242.104,3.9,0.0,0.0034999999999999754,BTC,79819.91,0.0
2026-09-06T07:50:16.801142+00:00,BTC-25JUN27-180000-P,82771.4,BTC-25JUN27,put,180000.0,2027-06-25T08:00:00+00:00,0.7994709102991989,1.168,1.209,1.1853951,1.1885,82771.4,BTC-25JUN27,0.49939999999999996,-0.93529,93.51168,0.0,0.0,0.04100000000000015,BTC,79819.91,0.0
2026-09-06T07:50:16.801142+00:00,BTC-25SEP26-62000-P,79950.87,BTC-25SEP26,put,62000.0,2026-09-25T08:00:00+00:00,0.05203764541213527,0.0005,0.0008,0.00060075,0.00065,79950.87,BTC-25SEP26,0.5202,-0.01404,6.52459,1426.9,3.1,0.00030000000000000003,BTC,79819.91,184.37
2026-09-06T07:50:16.801142+00:00,BTC-11SEP26-65000-P,79845.35,BTC-11SEP26,put,65000.0,2026-09-11T08:00:00+00:00,0.013707734392285852,,0.0003,3.499e-05,,79845.35,BTC-11SEP26,0.6062,-0.00171,0.51265,47.3,0.0,,BTC,79819.91,0.0
2026-09-06T07:50:16.801142+00:00,BTC-26MAR27-55000-C,81829.27,BTC-26MAR27,call,55000.0,2027-03-26T08:00:00+00:00,0.5503264886701777,0.339,0.3485,0.34509705,0.34375,81829.27,BTC-26MAR27,0.46399999999999997,0.90741,100.67202,28.6,0.0,0.009499999999999953,BTC,79819.91,0.0
2026-09-06T07:50:16.801142+00:00,BTC-25JUN27-65000-P,82771.19,BTC-25JUN27,put,65000.0,2027-06-25T08:00:00+00:00,0.7994709102991989,0.055,0.057,0.05603059,0.056,82771.19,BTC-25JUN27,0.43670000000000003,-0.20801,212.10153,24.7,0.0,0.0020000000000000018,BTC,79820.19,0.0
2026-09-06T07:50:16.801142+00:00,BTC-30OCT26-75000-P,80289.58,BTC-30OCT26,put,75000.0,2026-10-30T08:00:00+00:00,0.14786242296175883,0.029,0.0295,0.02932582,0.02925,80289.58,BTC-30OCT26,0.37939999999999996,-0.29554,106.60945,656.5,11.0,0.000499999999999997,BTC,79820.19,26281.44
2026-09-06T07:50:16.801142+00:00,BTC-26MAR27-62000-C,81829.27,BTC-26MAR27,call,62000.0,2027-03-26T08:00:00+00:00,0.5503264886701777,0.265,0.2775,0.27258678,0.27125,81829.27,BTC-26MAR27,0.4357,0.84586,144.11182,59.7,0.0,0.012500000000000011,BTC,79820.19,0.0
2026-09-06T07:50:16.801142+00:00,BTC-25JUN27-150000-P,82771.19,BTC-25JUN27,put,150000.0,2027-06-25T08:00:00+00:00,0.7994709102991989,0.817,0.8505,0.83124037,0.83375,82771.19,BTC-25JUN27,0.46549999999999997,-0.88886,140.19177,0.1,0.0,0.033500000000000085,BTC,79820.19,0.0
2026-09-06T07:50:16.801142+00:00,BTC-25SEP26-120000-P,79950.87,BTC-25SEP26,put,120000.0,2026-09-25T08:00:00+00:00,0.05203764541213527,0.497,0.5055,0.5010949,0.50125,79950.87,BTC-25SEP26,0.6534,-0.99607,2.12644,174.5,0.0,0.008499999999999952,BTC,79820.19,0.0
2026-09-06T07:50:16.801142+00:00,BTC-25SEP26-87000-P,79951.36,BTC-25SEP26,put,87000.0,2026-09-25T08:00:00+00:00,0.05203764541213527,0.0945,0.102,0.09718267,0.09825,79951.36,BTC-25SEP26,0.39840000000000003,-0.8126,49.07126,0.0,0.0,0.007499999999999993,BTC,79820.19,0.0
2026-09-06T07:50:16.801142+00:00,BTC-30OCT26-92000-C,80289.58,BTC-30OCT26,call,92000.0,2026-10-30T08:00:00+00:00,0.14786242296175883,0.016,0.017,0.0165338,0.0165,80289.58,BTC-30OCT26,0.396,0.20609,87.99281,1070.9,1.1,0.0010000000000000009,BTC,79820.19,1354.5
2026-09-06T07:50:16.801142+00:00,BTC-25JUN27-52000-C,82771.4,BTC-25JUN27,call,52000.0,2027-06-25T08:00:00+00:00,0.7994709102991989,0.393,0.3965,0.39474295,0.39475,82771.4,BTC-25JUN27,0.4746,0.90433,125.74541,1.1,0.0,0.003500000000000003,BTC,79822.77,0.0
2026-09-06T07:50:16.801142+00:00,BTC-25JUN27-125000-P,82771.4,BTC-25JUN27,put,125000.0,2027-06-25T08:00:00+00:00,0.7994709102991989,0.5345,0.5625,0.54620942,0.5485,82771.4,BTC-25JUN27,0.4388,-0.80367,204.9011,0.0,0.0,0.028000000000000025,BTC,79822.77,0.0
2026-09-06T07:50:16.801142+00:00,BTC-8SEP26-84000-C,79832.0,BTC-8SEP26,call,84000.0,2026-09-08T08:00:00+00:00,0.005494182030889547,0.0004,0.0007,0.00055661,0.00055,79832.0,BTC-8SEP26,0.40299999999999997,0.04502,5.60872,1.2,1.2,0.0003,BTC,79822.77,76.04
2026-09-06T07:50:16.801142+00:00,BTC-18SEP26-74000-C,79910.85,BTC-18SEP26,call,74000.0,2026-09-18T08:00:00+00:00,0.03287268990221056,0.076,0.0815,0.07867012,0.07875,79910.85,BTC-18SEP26,0.3875,0.86941,30.74424,23.2,0.0,0.005500000000000005,BTC,79822.77,0.0
2026-09-06T07:50:16.801142+00:00,BTC-6SEP26-79500-P,79837.07,BTC-6SEP26,put,79500.0,2026-09-06T08:00:00+00:00,1.84804566253454e-05,,0.0001,1e-08,,79837.07,BTC-6SEP26,0.2439,0.0,2e-05,152.3,73.6,,BTC,79822.94,9902.53
2026-09-06T07:50:16.801142+00:00,BTC-25SEP26-50000-C,79950.87,BTC-25SEP26,call,50000.0,2026-09-25T08:00:00+00:00,0.05203764541213527,0.3725,0.3765,0.37476128,0.3745,79950.87,BTC-25SEP26,0.7606,0.99736,1.48656,30.1,0.0,0.0040000000000000036,BTC,79822.77,0.0
2026-09-06T07:50:16.801142+00:00,BTC-25SEP26-96000-C,79950.87,BTC-25SEP26,call,96000.0,2026-09-25T08:00:00+00:00,0.05203764541213527,0.0019,0.0022,0.00201329,0.00205,79950.87,BTC-25SEP26,0.4654,0.04733,18.00265,1825.0,1.0,0.00030000000000000014,BTC,79822.94,175.86
2026-09-06T07:50:16.801142+00:00,BTC-26MAR27-112000-C,81829.27,BTC-26MAR27,call,112000.0,2027-03-26T08:00:00+00:00,0.5503264886701777,0.0295,0.031,0.03033206,0.03025,81829.27,BTC-26MAR27,0.4228,0.19916,169.51771,67.4,0.0,0.0015000000000000013,BTC,79822.94,0.0
2026-09-06T07:50:16.801142+00:00,BTC-30OCT26-84000-P,80290.07,BTC-30OCT26,put,84000.0,2026-10-30T08:00:00+00:00,0.14786242296175883,0.0845,0.086,0.0853026,0.08525,80290.07,BTC-30OCT26,0.3785,-0.59478,119.67359,9.5,0.0,0.0014999999999999875,BTC,79822.94,0.0
2026-09-06T07:50:16.801142+00:00,BTC-26MAR27-82000-C,81829.27,BTC-26MAR27,call,82000.0,2027-03-26T08:00:00+00:00,0.5503264886701777,0.117,0.119,0.11802768,0.118,81829.27,BTC-26MAR27,0.4033,0.55626,239.75986,1166.7,4.0,0.001999999999999988,BTC,79822.94,36782.05
2026-09-06T07:50:16.801142+00:00,BTC-30OCT26-67000-C,80289.58,BTC-30OCT26,call,67000.0,2026-10-30T08:00:00+00:00,0.14786242296175883,0.1715,0.1775,0.1749948,0.1745,80289.58,BTC-30OCT26,0.4167,0.88627,59.45527,108.4,0.0,0.005999999999999978,BTC,79822.94,0.0
2026-09-06T07:50:16.801142+00:00,BTC-30OCT26-89000-P,80289.58,BTC-30OCT26,put,89000.0,2026-10-30T08:00:00+00:00,0.14786242296175883,0.128,0.1355,0.13150991,0.13175,80289.58,BTC-30OCT26,0.3898,-0.73039,102.00716,5.0,0.0,0.007500000000000007,BTC,79822.94,0.0
2026-09-06T07:50:16.801142+00:00,BTC-25SEP26-55000-C,79951.36,BTC-25SEP26,call,55000.0,2026-09-25T08:00:00+00:00,0.05203764541213527,0.31,0.3145,0.31228969,0.31225,79951.36,BTC-25SEP26,0.6433,0.9957,2.30731,143.7,0.0,0.004500000000000004,BTC,79822.94,0.0
2026-09-06T07:50:16.801142+00:00,BTC-11SEP26-60000-C,79844.85,BTC-11SEP26,call,60000.0,2026-09-11T08:00:00+00:00,0.013707734392285852,0.246,0.2505,0.2485599,0.24825,79844.85,BTC-11SEP26,0.7525,0.99949,0.17027,0.0,0.0,0.004500000000000004,BTC,79822.94,0.0
2026-09-06T07:50:16.801142+00:00,BTC-25JUN27-88000-C,82771.19,BTC-25JUN27,call,88000.0,2027-06-25T08:00:00+00:00,0.7994709102991989,0.1215,0.124,0.12282225,0.12275,82771.19,BTC-25JUN27,0.4163,0.50834,295.19803,21.3,0.0,0.0025000000000000022,BTC,79822.94,0.0
2026-09-06T07:50:16.801142+00:00,BTC-25DEC26-74000-P,80916.27,BTC-25DEC26,put,74000.0,2026-12-25T08:00:00+00:00,0.3011820670411565,0.0465,0.048,0.04746123,0.04725,80916.27,BTC-25DEC26,0.3985,-0.30276,155.03901,162.0,0.2,0.0015000000000000013,BTC,79822.94,764.57
2026-09-06T07:50:16.801142+00:00,BTC-25JUN27-45000-C,82771.19,BTC-25JUN27,call,45000.0,2027-06-25T08:00:00+00:00,0.7994709102991989,0.4685,0.471,0.47006585,0.46975,82771.19,BTC-25JUN27,0.5081,0.9415,86.43065,0.5,0.0,0.0024999999999999467,BTC,79823.07,0.0
2026-09-06T07:50:16.801142+00:00,BTC-11SEP26-73000-C,79845.35,BTC-11SEP26,call,73000.0,2026-09-11T08:00:00+00:00,0.013707734392285852,0.0835,0.089,0.08644833,0.08625,79845.35,BTC-11SEP26,0.4291,0.96439,7.32437,17.0,0.0,0.005499999999999991,BTC,79823.07,0.0
2026-09-06T07:50:16.801142+00:00,BTC-25SEP26-74000-C,79950.87,BTC-25SEP26,call,74000.0,2026-09-25T08:00:00+00:00,0.05203764541213527,0.079,0.0845,0.08289751,0.08175,79950.87,BTC-25SEP26,0.37939999999999996,0.8247,47.06495,1467.5,25.1,0.005500000000000005,BTC,79823.07,155050.73
2026-09-06T07:50:16.801142+00:00,BTC-27NOV26-88000-C,80606.52,BTC-27NOV26,call,88000.0,2026-11-27T08:00:00+00:00,0.22452224500145768,0.0395,0.0405,0.04018314,0.04,80606.52,BTC-27NOV26,0.39299999999999996,0.35201,141.76365,78.7,0.0,0.0010000000000000009,BTC,79823.07,0.0
2026-09-06T07:50:16.801142+00:00,BTC-25JUN27-54000-C,82771.19,BTC-25JUN27,call,54000.0,2027-06-25T08:00:00+00:00,0.7994709102991989,0.3725,0.376,0.3740867,0.37425,82771.19,BTC-25JUN27,0.46659999999999996,0.89092,138.33163,0.9,0.0,0.003500000000000003,BTC,79823.07,0.0
2026-09-06T07:50:16.801142+00:00,BTC-9SEP26-86000-C,79840.02,BTC-9SEP26,call,86000.0,2026-09-09T08:00:00+00:00,0.008232032818021649,0.0004,0.0007,0.00052169,0.00055,79840.02,BTC-9SEP26,0.4422,0.03276,5.29991,0.4,0.4,0.0003,BTC,79823.26,23.98
2026-09-06T07:50:16.801142+00:00,BTC-6SEP26-81000-C,79837.29,BTC-6SEP26,call,81000.0,2026-09-06T08:00:00+00:00,1.84804566253454e-05,,0.0001,0.0,,79837.29,BTC-6SEP26,0.3073,0.0,0.0,139.4,71.8,,BTC,79823.26,2831.93
2026-09-06T07:50:16.801142+00:00,BTC-25DEC26-84000-C,80916.53,BTC-25DEC26,call,84000.0,2026-12-25T08:00:00+00:00,0.3011820670411565,0.0685,0.07,0.06947591,0.06925,80916.53,BTC-25DEC26,0.39149999999999996,0.47285,176.75068,1345.6,0.0,0.0015000000000000013,BTC,79823.26,0.0
2026-09-06T07:50:16.801142+00:00,BTC-30OCT26-65000-C,80289.58,BTC-30OCT26,call,65000.0,2026-10-30T08:00:00+00:00,0.14786242296175883,0.194,0.2,0.19741372,0.197,80289.58,BTC-30OCT26,0.42810000000000004,0.91362,48.62582,434.5,0.0,0.006000000000000005,BTC,79823.26,0.0
2026-09-06T07:50:16.801142+00:00,BTC-7SEP26-84000-C,79827.29,BTC-7SEP26,call,84000.0,2026-09-07T08:00:00+00:00,0.002756331243757447,,0.0002,0.00010589,,79827.29,BTC-7SEP26,0.4355,0.01275,1.37798,99.4,6.9,,BTC,79823.26,55.11
2026-09-06T07:50:16.801142+00:00,BTC-25SEP26-76000-P,79951.36,BTC-25SEP26,put,76000.0,2026-09-25T08:00:00+00:00,0.05203764541213527,0.0135,0.0145,0.0139587,0.014,79951.36,BTC-25SEP26,0.3712,-0.26193,59.38397,946.9,0.3,0.0010000000000000009,BTC,79823.26,314.7
2026-09-06T07:50:16.801142+00:00,BTC-25SEP26-54000-P,79950.87,BTC-25SEP26,put,54000.0,2026-09-25T08:00:00+00:00,0.05203764541213527,0.0001,0.0003,0.00020792,0.0002,79950.87,BTC-25SEP26,0.6714,-0.0041,2.20742,768.9,0.2,0.00019999999999999998,BTC,79823.26,3.2
2026-09-06T07:50:16.801142+00:00,BTC-25DEC26-76000-C,80916.53,BTC-25DEC26,call,76000.0,2026-12-25T08:00:00+00:00,0.3011820670411565,0.1165,0.119,0.11763044,0.11775,80916.53,BTC-25DEC26,0.3954,0.65395,163.80095,410.0,0.0,0.0024999999999999883,BTC,79823.35,0.0
2026-09-06T07:50:16.801142+00:00,BTC-27NOV26-73000-P,80606.74,BTC-27NOV26,put,73000.0,2026-11-27T08:00:00+00:00,0.22452224500145768,0.033,0.0345,0.03371978,0.03375,80606.74,BTC-27NOV26,0.39590000000000003,-0.26764,125.73174,17.5,0.0,0.0015000000000000013,BTC,79823.35,0.0
2026-09-06T07:50:16.801142+00:00,BTC-25JUN27-86000-P,82771.4,BTC-25JUN27,put,86000.0,2027-06-25T08:00:00+00:00,0.7994709102991989,0.169,0.1735,0.17105462,0.17125,82771.4,BTC-25JUN27,0.4168,-0.46691,294.25013,1.4,0.0,0.004499999999999976,BTC,79823.35,0.0
2026-09-06T07:50:16.801142+00:00,BTC-25JUN27-92000-P,82771.4,BTC-25JUN27,put,92000.0,2027-06-25T08:00:00+00:00,0.7994709102991989,0.216,0.221,0.2180443,0.2185,82771.4,BTC-25JUN27,0.4169,-0.53895,293.85856,0.2,0.0,0.0050000000000000044,BTC,79823.35,0.0
2026-09-06T07:50:16.801142+00:00,BTC-25DEC26-104000-C,80916.53,BTC-25DEC26,call,104000.0,2026-12-25T08:00:00+00:00,0.3011820670411565,0.0175,0.0185,0.01776949,0.018,80916.53,BTC-25DEC26,0.4163,0.16219,109.01011,90.7,0.0,0.0009999999999999974,BTC,79823.35,0.0
2026-09-06T07:50:16.801142+00:00,BTC-25SEP26-66000-C,79950.87,BTC-25SEP26,call,66000.0,2026-09-25T08:00:00+00:00,0.05203764541213527,0.1725,0.178,0.17581964,0.17525,79950.87,BTC-25SEP26,0.4633,0.96884,12.80476,970.0,0.0,0.005500000000000005,BTC,79823.35,0.0
2026-09-06T07:50:16.801142+00:00,BTC-6SEP26-87000-P,79837.29,BTC-6SEP26,put,87000.0,2026-09-06T08:00:00+00:00,1.84804566253454e-05,0.087,0.0935,0.08971962,0.09025,79837.29,BTC-6SEP26,0.5346,-0.23778,0.0,0.0,0.0,0.006500000000000006,BTC,79823.93,0.0
2026-09-06T07:50:16.801142+00:00,BTC-27NOV26-70000-P,80606.52,BTC-27NOV26,put,70000.0,2026-11-27T08:00:00+00:00,0.22452224500145768,0.0235,0.0245,0.02396631,0.024,80606.52,BTC-27NOV26,0.4046,-0.2033,107.98285,47.4,0.6,0.0010000000000000009,BTC,79823.93,1162.48
2026-09-06T07:50:16.801142+00:00,BTC-7SEP26-80000-C,79827.06,BTC-7SEP26,call,80000.0,2026-09-07T08:00:00+00:00,0.002756331243757447,0.0048,0.0055,0.0050695,0.00515,79827.06,BTC-7SEP26,0.2904,0.43757,16.49896,18.1,3.6,0.0007000000000000001,BTC,79823.93,1229.4
2026-09-06T07:50:16.801142+00:00,BTC-27NOV26-76000-C,80606.52,BTC-27NOV26,call,76000.0,2026-11-27T08:00:00+00:00,0.22452224500145768,0.103,0.105,0.10381191,0.104,80606.52,BTC-27NOV26,0.3907,0.6586,140.16835,10.6,0.0,0.0020000000000000018,BTC,79824.01,0.0
2026-09-06T07:50:16.801142+00:00,BTC-8SEP26-90000-C,79832.0,BTC-8SEP26,call,90000.0,2026-09-08T08:00:00+00:00,0.005494182030889547,,0.0001,1.685e-05,,79832.0,BTC-8SEP26,0.5407,0.00145,0.27914,8.2,0.1,,BTC,79823.93,0.8
2026-09-06T07:50:16.801142+00:00,BTC-11SEP26-79000-P,79844.85,BTC-11SEP26,put,79000.0,2026-09-11T08:00:00+00:00,0.013707734392285852,0.011,0.012,0.0114925,0.0115,79844.85,BTC-11SEP26,0.3494,-0.39237,35.92274,344.8,74.1,0.0010000000000000009,BTC,79823.93,70138.62
2026-09-06T07:50:16.801142+00:00,BTC-25SEP26-155000-P,79950.87,BTC-25SEP26,put,155000.0,2026-09-25T08:00:00+00:00,0.05203764541213527,0.9325,0.947,0.93869482,0.93975,79950.87,BTC-25SEP26,0.8133,-0.99975,0.17299,0.1,0.0,0.014499999999999957,BTC,79823.93,0.0
2026-09-06T07:50:16.801142+00:00,BTC-11SEP26-66000-C,79845.35,BTC-11SEP26,call,66000.0,2026-09-11T08:00:00+00:00,0.013707734392285852,0.1715,0.176,0.17346918,0.17375,79845.35,BTC-11SEP26,0.601,0.9969,0.88143,0.1,0.0,0.004499999999999976,BTC,79824.01,0.0
2026-09-06T07:50:16.801142+00:00,BTC-25SEP26-105000-C,79950.87,BTC-25SEP26,call,105000.0,2026-09-25T08:00:00+00:00,0.05203764541213527,0.0005,0.0008,0.00065636,0.00065,79950.87,BTC-25SEP26,0.5389,0.01547,7.09306,1537.8,1.1,0.00030000000000000003,BTC,79824.01,43.82
2026-09-06T07:50:16.801142+00:00,BTC-25DEC26-88000-C,80916.53,BTC-25DEC26,call,88000.0,2026-12-25T08:00:00+00:00,0.3011820670411565,0.052,0.053,0.05258223,0.0525,80916.53,BTC-25DEC26,0.3931,0.38883,170.23898,3442.5,9.0,0.0010000000000000009,BTC,79824.01,37906.11
2026-09-06T07:50:16.801142+00:00,BTC-18SEP26-90000-C,79910.85,BTC-18SEP26,call,90000.0,2026-09-18T08:00:00+00:00,0.03287268990221056,0.0025,0.0029,0.00268351,0.0027,79910.85,BTC-18SEP26,0.4456,0.07586,20.68707,409.1,4.0,0.00039999999999999975,BTC,79824.01,733.37
2026-09-06T07:50:16.801142+00:00,BTC-27NOV26-70000-C,80606.74,BTC-27NOV26,call,70000.0,2026-11-27T08:00:00+00:00,0.22452224500145768,0.1545,0.157,0.15554967,0.15575,80606.74,BTC-27NOV26,0.4046,0.79671,107.97926,4.2,0.0,0.0025000000000000022,BTC,79824.01,0.0
2026-09-06T07:50:16.801142+00:00,BTC-9SEP26-78000-P,79840.02,BTC-9SEP26,put,78000.0,2026-09-09T08:00:00+00:00,0.008232032818021649,0.0034,0.0038,0.00361333,0.0036,79840.02,BTC-9SEP26,0.32689999999999997,-0.21426,21.1175,0.1,0.1,0.0004000000000000002,BTC,79824.01,29.54
2026-09-06T07:50:16.801142+00:00,BTC-30OCT26-72000-C,80289.58,BTC-30OCT26,call,72000.0,2026-10-30T08:00:00+00:00,0.14786242296175883,0.1215,0.1235,0.12228334,0.1225,80289.58,BTC-30OCT26,0.38689999999999997,0.78951,89.10109,468.4,0.0,0.0020000000000000018,BTC,79824.01,0.0
2026-09-06T07:50:16.801142+00:00,BTC-7SEP26-80500-C,79827.29,BTC-7SEP26,call,80500.0,2026-09-07T08:00:00+00:00,0.002756331243757447,0.0027,0.0031,0.00288351,0.0029,79827.29,BTC-7SEP26,0.29510000000000003,0.29007,14.33429,35.5,6.0,0.00039999999999999975,BTC,79824.01,1599.27
2026-09-06T07:50:16.801142+00:00,BTC-7SEP26-76500-P,79827.06,BTC-7SEP26,put,76500.0,2026-09-07T08:00:00+00:00,0.002756331243757447,0.0001,0.0003,0.00017359,0.0002,79827.06,BTC-7SEP26,0.40409999999999996,-0.02268,2.25493,60.6,6.5,0.00019999999999999998,BTC,79824.01,92.02
2026-09-06T07:50:16.801142+00:00,BTC-25JUN27-56000-P,82771.4,BTC-25JUN27,put,56000.0,2027-06-25T08:00:00+00:00,0.7994709102991989,0.0295,0.0315,0.03052115,0.0305,82771.4,BTC-25JUN27,0.4596,-0.12393,151.44881,84.6,0.0,0.0020000000000000018,BTC,79824.01,0.0
2026-09-06T07:50:16.801142+00:00,BTC-8SEP26-83000-P,79832.0,BTC-8SEP26,put,83000.0,2026-09-08T08:00:00+00:00,0.005494182030889547,0.038,0.0435,0.04072284,0.04075,79832.0,BTC-8SEP26,0.3751,-0.91864,8.90591,0.0,0.0,0.005499999999999998,BTC,79824.01,0.0
2026-09-06T07:50:16.801142+00:00,BTC-6SEP26-82000-P,79837.29,BTC-6SEP26,put,82000.0,2026-09-06T08:00:00+00:00,1.84804566253454e-05,0.0245,0.0305,0.02709206,0.0275,79837.29,BTC-6SEP26,0.3962,-0.23556,0.0,5.5,0.0,0.005999999999999998,BTC,79824.01,0.0
2026-09-06T07:50:16.801142+00:00,BTC-26MAR27-105000-P,81829.27,BTC-26MAR27,put,105000.0,2027-03-26T08:00:00+00:00,0.5503264886701777,0.315,0.335,0.32418548,0.325,81829.27,BTC-26MAR27,0.4154,-0.74401,195.32663,0.5,0.0,0.020000000000000018,BTC,79824.01,0.0
2026-09-06T07:50:16.801142+00:00,BTC-9SEP26-73000-P,79840.24,BTC-9SEP26,put,73000.0,2026-09-09T08:00:00+00:00,0.008232032818021649,0.0003,0.0005,0.00031453,0.0004,79840.24,BTC-9SEP26,0.4825,-0.01982,3.47923,2.6,2.6,0.00020000000000000004,BTC,79824.01,81.71
2026-09-06T07:50:16.801142+00:00,BTC-18SEP26-65000-P,79910.85,BTC-18SEP26,put,65000.0,2026-09-18T08:00:00+00:00,0.03287268990221056,0.0004,0.0006,0.00043243,0.0005,79910.85,BTC-18SEP26,0.5207999999999999,-0.01286,4.80594,90.0,2.1,0.00019999999999999993,BTC,79824.01,62.35
2026-09-06T07:50:16.801142+00:00,BTC-30OCT26-63000-C,80290.07,BTC-30OCT26,call,63000.0,2026-10-30T08:00:00+00:00,0.14786242296175883,0.2175,0.2235,0.22081854,0.2205,80290.07,BTC-30OCT26,0.4476,0.93226,40.41761,153.2,0.0,0.006000000000000005,BTC,79824.01,0.0
2026-09-06T07:50:16.801142+00:00,BTC-30OCT26-90000-P,80289.58,BTC-30OCT26,put,90000.0,2026-10-30T08:00:00+00:00,0.14786242296175883,0.138,0.1465,0.141475,0.14225,80289.58,BTC-30OCT26,0.3911,-0.75355,97.36415,5.6,0.0,0.00849999999999998,BTC,79824.01,0.0
2026-09-06T07:50:16.801142+00:00,BTC-25JUN27-105000-P,82771.4,BTC-25JUN27,put,105000.0,2027-06-25T08:00:00+00:00,0.7994709102991989,0.324,0.35,0.33633906,0.337,82771.4,BTC-25JUN27,0.4226,-0.67038,267.9124,0.1,0.0,0.025999999999999968,BTC,79824.01,0.0
2026-09-06T07:50:16.801142+00:00,BTC-8SEP26-73000-C,79832.0,BTC-8SEP26,call,73000.0,2026-09-08T08:00:00+00:00,0.005494182030889547,0.0825,0.088,0.08571289,0.08525,79832.0,BTC-8SEP26,0.5217,0.98998,1.57937,0.0,0.0,0.005499999999999991,BTC,79824.01,0.0
2026-09-06T07:50:16.801142+00:00,BTC-30OCT26-73000-P,80289.58,BTC-30OCT26,put,73000.0,2026-10-30T08:00:00+00:00,0.14786242296175883,0.0215,0.0225,0.02199669,0.022,80289.58,BTC-30OCT26,0.3835,-0.23671,95.25499,95.9,1.5,0.0010000000000000009,BTC,79824.01,2632.86
2026-09-06T07:50:16.801142+00:00,BTC-25SEP26-82000-P,79950.87,BTC-25SEP26,put,82000.0,2026-09-25T08:00:00+00:00,0.05203764541213527,0.0485,0.0495,0.04908903,0.049,79950.87,BTC-25SEP26,0.3774,-0.60014,70.45641,273.9,0.2,0.0010000000000000009,BTC,79824.01,803.59
2026-09-06T07:50:16.801142+00:00,BTC-26MAR27-112000-P,81829.27,BTC-26MAR27,put,112000.0,2027-03-26T08:00:00+00:00,0.5503264886701777,0.3915,0.4105,0.3990276,0.401,81829.27,BTC-26MAR27,0.4228,-0.80082,169.53291,0.1,0.0,0.01899999999999996,BTC,79824.01,0.0
2026-09-06T07:50:16.801142+00:00,BTC-25DEC26-58000-C,80916.53,BTC-25DEC26,call,58000.0,2026-12-25T08:00:00+00:00,0.3011820670411565,0.288,0.296,0.29297702,0.292,80916.53,BTC-25DEC26,0.46590000000000004,0.92349,63.82371,40.3,0.0,0.008000000000000007,BTC,79824.01,0.0
2026-09-06T07:50:16.801142+00:00,BTC-7SEP26-81000-C,79827.29,BTC-7SEP26,call,81000.0,2026-09-07T08:00:00+00:00,0.002756331243757447,0.0015,0.0018,0.00163813,0.00165,79827.29,BTC-7SEP26,0.3085,0.18188,11.05874,52.9,6.7,0.0002999999999999999,BTC,79824.01,848.79
2026-09-06T07:50:16.801142+00:00,BTC-30OCT26-56000-P,80289.58,BTC-30OCT26,put,56000.0,2026-10-30T08:00:00+00:00,0.14786242296175883,0.0022,0.0027,0.00242932,0.00245,80289.58,BTC-30OCT26,0.5224,-0.02925,20.56875,463.9,0.1,0.0005,BTC,79824.01,20.7
2026-09-06T07:50:16.801142+00:00,BTC-30OCT26-79000-C,80290.07,BTC-30OCT26,call,79000.0,2026-10-30T08:00:00+00:00,0.14786242296175883,0.065,0.066,0.06514244,0.0655,80290.07,BTC-30OCT26,0.37310000000000004,0.57233,121.13853,186.9,0.1,0.0010000000000000009,BTC,79824.01,509.7
2026-09-06T07:50:16.801142+00:00,BTC-9SEP26-83000-C,79840.02,BTC-9SEP26,call,83000.0,2026-09-09T08:00:00+00:00,0.008232032818021649,0.002,0.0023,0.00213618,0.00215,79840.02,BTC-9SEP26,0.3718,0.12667,15.04645,20.5,20.5,0.0002999999999999999,BTC,79824.01,3899.92
2026-09-06T07:50:16.801142+00:00,BTC-18SEP26-88000-C,79910.85,BTC-18SEP26,call,88000.0,2026-09-18T08:00:00+00:00,0.03287268990221056,0.004,0.0044,0.00413241,0.0042,79910.85,BTC-18SEP26,0.4264,0.11279,27.73477,396.1,5.3,0.0004000000000000002,BTC,79824.01,1818.74
2026-09-06T07:50:16.801142+00:00,BTC-25SEP26-66000-P,79950.87,BTC-25SEP26,put,66000.0,2026-09-25T08:00:00+00:00,0.05203764541213527,0.0013,0.0015,0.0013235,0.0014,79950.87,BTC-25SEP26,0.4633,-0.03115,12.80195,1602.4,0.0,0.0002000000000000001,BTC,79824.01,0.0
2026-09-06T07:50:16.801142+00:00,BTC-27NOV26-69000-C,80606.52,BTC-27NOV26,call,69000.0,2026-11-27T08:00:00+00:00,0.22452224500145768,0.164,0.167,0.16544853,0.1655,80606.52,BTC-27NOV26,0.4093,0.8151,101.91826,0.0,0.0,0.0030000000000000027,BTC,79824.01,0.0
2026-09-06T07:50:16.801142+00:00,BTC-25JUN27-90000-C,82771.4,BTC-25JUN27,call,90000.0,2027-06-25T08:00:00+00:00,0.7994709102991989,0.113,0.1155,0.11436738,0.11425,82771.4,BTC-25JUN27,0.4165,0.48433,295.04171,715.0,0.0,0.0025000000000000022,BTC,79824.01,0.0
2026-09-06T07:50:16.801142+00:00,BTC-25SEP26-79000-C,79950.87,BTC-25SEP26,call,79000.0,2026-09-25T08:00:00+00:00,0.05203764541213527,0.039,0.0405,0.03968479,0.03975,79950.87,BTC-25SEP26,0.36920000000000003,0.57175,71.58104,2289.7,0.1,0.0015000000000000013,BTC,79824.01,327.95
2026-09-06T07:50:16.801142+00:00,BTC-25DEC26-85000-C,80916.27,BTC-25DEC26,call,85000.0,2026-12-25T08:00:00+00:00,0.3011820670411565,0.064,0.0655,0.06485854,0.06475,80916.27,BTC-25DEC26,0.3918,0.45115,175.83332,2213.7,0.0,0.0015000000000000013,BTC,79824.01,0.0
2026-09-06T07:50:16.801142+00:00,BTC-25DEC26-98000-P,80916.53,BTC-25DEC26,put,98000.0,2026-12-25T08:00:00+00:00,0.3011820670411565,0.2315,0.2435,0.23736408,0.2375,80916.53,BTC-25DEC26,0.40490000000000004,-0.774,133.5214,1.2,0.0,0.011999999999999983,BTC,79824.01,0.0
2026-09-06T07:50:16.801142+00:00,BTC-26MAR27-78000-C,81829.27,BTC-26MAR27,call,78000.0,2027-03-26T08:00:00+00:00,0.5503264886701777,0.1405,0.143,0.14155157,0.14175,81829.27,BTC-26MAR27,0.40509999999999996,0.62121,230.91249,583.9,0.5,0.0024999999999999745,BTC,79824.01,5634.29
2026-09-06T07:50:16.801142+00:00,BTC-25SEP26-200000-P,79950.87,BTC-25SEP26,put,200000.0,2026-09-25T08:00:00+00:00,0.05203764541213527,1.495,1.51,1.50152855,1.5025,79950.87,BTC-25SEP26,0.9823999999999999,-0.99997,0.0265,3.2,0.0,0.014999999999999902,BTC,79824.01,0.0
2026-09-06T07:50:16.801142+00:00,BTC-25DEC26-78000-C,80916.53,BTC-25DEC26,call,78000.0,2026-12-25T08:00:00+00:00,0.3011820670411565,0.103,0.105,0.10372142,0.104,80916.53,BTC-25DEC26,0.3936,0.60892,170.51774,1046.4,0.0,0.0020000000000000018,BTC,79824.01,0.0
2026-09-06T07:50:16.801142+00:00,BTC-8SEP26-79500-P,79832.0,BTC-8SEP26,put,79500.0,2026-09-08T08:00:00+00:00,0.005494182030889547,0.0065,0.0075,0.00695884,0.007,79832.0,BTC-8SEP26,0.301,-0.42646,23.19505,3.7,0.2,0.001,BTC,79824.01,103.83
2026-09-06T07:50:16.801142+00:00,BTC-25SEP26-85000-P,79950.87,BTC-25SEP26,put,85000.0,2026-09-25T08:00:00+00:00,0.05203764541213527,0.074,0.0805,0.07645933,0.07725,79950.87,BTC-25SEP26,0.3892,-0.74154,58.97773,454.8,0.1,0.006500000000000006,BTC,79824.01,609.43
2026-09-06T07:50:16.801142+00:00,BTC-27NOV26-115000-C,80606.52,BTC-27NOV26,call,115000.0,2026-11-27T08:00:00+00:00,0.22452224500145768,0.005,0.006,0.00549797,0.0055,80606.52,BTC-27NOV26,0.45799999999999996,0.06304,47.29217,26.1,0.0,0.001,BTC,79823.97,0.0
2026-09-06T07:50:16.801142+00:00,BTC-11SEP26-66000-P,79845.35,BTC-11SEP26,put,66000.0,2026-09-11T08:00:00+00:00,0.013707734392285852,,0.0003,6.658e-05,,79845.35,BTC-11SEP26,0.601,-0.0031,0.88115,363.6,2.0,,BTC,79823.97,15.94
2026-09-06T07:50:16.801142+00:00,BTC-27NOV26-68000-P,80606.52,BTC-27NOV26,put,68000.0,2026-11-27T08:00:00+00:00,0.22452224500145768,0.0185,0.0195,0.01896478,0.019,80606.52,BTC-27NOV26,0.4122,-0.16687,95.50601,34.5,10.2,0.0010000000000000009,BTC,79823.97,14385.26
2026-09-06T07:50:16.801142+00:00,BTC-7SEP26-82000-P,79827.29,BTC-7SEP26,put,82000.0,2026-09-07T08:00:00+00:00,0.002756331243757447,0.026,0.0295,0.02775822,0.02775,79827.29,BTC-7SEP26,0.3417,-0.93274,5.45116,11.6,0.0,0.0034999999999999996,BTC,79823.97,0.0
2026-09-06T07:50:16.801142+00:00,ETH-11SEP26-2450-C,2497.33,ETH-11SEP26,call,2450.0,2026-09-11T08:00:00+00:00,0.013707734392285852,0.0295,0.0315,0.030403,0.0305,2497.33,ETH-11SEP26,0.4204,0.66031,1.07113,2368.0,32.0,0.0020000000000000018,ETH,2496.04,1691.41
2026-09-06T07:50:16.801142+00:00,ETH-25DEC26-8000-P,2520.65,ETH-25DEC26,put,8000.0,2026-12-25T08:00:00+00:00,0.3011820670411565,2.1535,2.1995,2.174321,2.1765,2520.65,ETH-25DEC26,0.7637999999999999,-0.99453,0.21675,0.0,0.0,0.04599999999999982,ETH,2496.05,0.0
2026-09-06T07:50:16.801142+00:00,ETH-30OCT26-2500-C,2507.26,ETH-30OCT26,call,2500.0,2026-10-30T08:00:00+00:00,0.14786242296175883,0.079,0.0805,0.079588,0.07975,2507.26,ETH-30OCT26,0.5106,0.54493,3.823,2829.0,17.0,0.0015000000000000013,ETH,2496.05,3065.85
2026-09-06T07:50:16.801142+00:00,ETH-27NOV26-2400-C,2514.83,ETH-27NOV26,call,2400.0,2026-11-27T08:00:00+00:00,0.22452224500145768,0.1195,0.122,0.120849,0.12075,2514.83,ETH-27NOV26,0.5225,0.62269,4.52877,307.0,0.0,0.0025000000000000022,ETH,2496.05,0.0
2026-09-06T07:50:16.801142+00:00,ETH-26MAR27-3300-P,2546.76,ETH-26MAR27,put,3300.0,2027-03-26T08:00:00+00:00,0.5503264886701777,0.359,0.381,0.37005,0.37,2546.76,ETH-26MAR27,0.5542,-0.66435,6.89052,101.0,0.0,0.02200000000000002,ETH,2496.05,0.0
2026-09-06T07:50:16.801142+00:00,ETH-8SEP26-2680-P,2496.55,ETH-8SEP26,put,2680.0,2026-09-08T08:00:00+00:00,0.005494182030889547,0.071,0.0785,0.074153,0.07475,2496.55,ETH-8SEP26,0.5493,-0.95747,0.16757,0.0,0.0,0.007500000000000007,ETH,2496.05,0.0
2026-09-06T07:50:16.801142+00:00,ETH-6SEP26-2480-C,2495.59,ETH-6SEP26,call,2480.0,2026-09-06T08:00:00+00:00,1.84804566253454e-05,0.0055,0.007,0.006299,0.00625,2495.59,ETH-6SEP26,0.3578,0.23111,0.0,400.0,574.0,0.0015000000000000005,ETH,2496.05,5525.28
2026-09-06T07:50:16.801142+00:00,ETH-25DEC26-1400-C,2520.65,ETH-25DEC26,call,1400.0,2026-12-25T08:00:00+00:00,0.3011820670411565,0.449,0.4525,0.450598,0.45075,2520.65,ETH-25DEC26,0.6628000000000001,0.96392,1.09624,939.0,0.0,0.003500000000000003,ETH,2496.05,0.0
2026-09-06T07:50:16.801142+00:00,ETH-26MAR27-2600-P,2546.76,ETH-26MAR27,put,2600.0,2027-03-26T08:00:00+00:00,0.5503264886701777,0.171,0.1745,0.172676,0.17275,2546.76,ETH-26MAR27,0.5454,-0.4399,7.45398,645.0,19.0,0.0034999999999999754,ETH,2496.05,8184.27
2026-09-06T07:50:16.801142+00:00,ETH-11SEP26-2550-P,2497.33,ETH-11SEP26,put,2550.0,2026-09-11T08:00:00+00:00,0.013707734392285852,0.0325,0.035,0.033409,0.03375,2497.33,ETH-11SEP26,0.4501,-0.64413,1.08965,475.0,1.0,0.0025000000000000022,ETH,2496.05,80.12
2026-09-06T07:50:16.801142+00:00,ETH-25SEP26-4600-C,2501.8,ETH-25SEP26,call,4600.0,2026-09-25T08:00:00+00:00,0.05203764541213527,,0.0001,0.000114,,2501.8,ETH-25SEP26,0.8964,0.00202,0.03649,4397.0,3.0,,ETH,2496.05,0.74
2026-09-06T07:50:16.801142+00:00,ETH-26MAR27-2800-C,2546.76,ETH-26MAR27,call,2800.0,2027-03-26T08:00:00+00:00,0.5503264886701777,0.122,0.125,0.12351,0.1235,2546.76,ETH-26MAR27,0.5466,0.48766,7.53611,5034.0,0.0,0.0030000000000000027,ETH,2496.05,0.0
2026-09-06T07:50:16.801142+00:00,ETH-7SEP26-2650-C,2496.16,ETH-7SEP26,call,2650.0,2026-09-07T08:00:00+00:00,0.002756331243757447,0.0003,0.0005,0.000384,0.0004,2496.16,ETH-7SEP26,0.6067,0.03124,0.09214,416.0,232.0,0.00020000000000000004,ETH,2496.05,115.55
2026-09-06T07:50:16.801142+00:00,ETH-25SEP26-3800-P,2501.84,ETH-25SEP26,put,3800.0,2026-09-25T08:00:00+00:00,0.05203764541213527,0.514,0.5245,0.519492,0.51925,2501.84,ETH-25SEP26,0.7731,-0.98873,0.16883,943.0,0.0,0.010499999999999954,ETH,2496.05,0.0
2026-09-06T07:50:16.801142+00:00,ETH-18SEP26-2450-C,2499.49,ETH-18SEP26,call,2450.0,2026-09-18T08:00:00+00:00,0.03287268990221056,0.0445,0.046,0.04526,0.04525,2499.49,ETH-18SEP26,0.48109999999999997,0.6075,1.74234,932.0,0.0,0.0015000000000000013,ETH,2496.05,0.0
2026-09-06T07:50:16.801142+00:00,ETH-25SEP26-3200-C,2501.84,ETH-25SEP26,call,3200.0,2026-09-25T08:00:00+00:00,0.05203764541213527,0.0027,0.0031,0.002907,0.0029,2501.84,ETH-25SEP26,0.631,0.05077,0.59599,13423.0,407.0,0.00039999999999999975,ETH,2496.05,1961.2
2026-09-06T07:50:16.801142+00:00,ETH-8SEP26-2340-C,2496.55,ETH-8SEP26,call,2340.0,2026-09-08T08:00:00+00:00,0.005494182030889547,0.0605,0.066,0.063215,0.06325,2496.55,ETH-8SEP26,0.48369999999999996,0.96591,0.1399,0.0,0.0,0.005500000000000005,ETH,2496.05,0.0
2026-09-06T07:50:16.801142+00:00,ETH-25SEP26-1000-P,2501.84,ETH-25SEP26,put,1000.0,2026-09-25T08:00:00+00:00,0.05203764541213527,,0.0001,4.7e-05,,2501.84,ETH-25SEP26,1.2915,-0.00056,0.01125,10805.0,0.0,,ETH,2496.05,0.0
2026-09-06T07:50:16.801142+00:00,ETH-25SEP26-1000-C,2501.8,ETH-25SEP26,call,1000.0,2026-09-25T08:00:00+00:00,0.05203764541213527,0.599,0.601,0.600351,0.6,2501.8,ETH-25SEP26,1.2915,0.99944,0.01125,5785.0,0.0,0.0020000000000000018,ETH,2496.05,0.0
2026-09-06T07:50:16.801142+00:00,ETH-27NOV26-2000-C,2514.83,ETH-27NOV26,call,2000.0,2026-11-27T08:00:00+00:00,0.22452224500145768,0.2265,0.23,0.229066,0.22825,2514.83,ETH-27NOV26,0.5515,0.84302,2.86432,9.0,0.0,0.003500000000000003,ETH,2496.11,0.0
2026-09-06T07:50:16.801142+00:00,ETH-6SEP26-2200-C,2495.61,ETH-6SEP26,call,2200.0,2026-09-06T08:00:00+00:00,1.84804566253454e-05,0.115,0.121,0.118491,0.118,2495.61,ETH-6SEP26,0.6804000000000001,0.23111,0.0,0.0,0.0,0.0059999999999999915,ETH,2496.11,0.0
2026-09-06T07:50:16.801142+00:00,ETH-25DEC26-1800-C,2520.65,ETH-25DEC26,call,1800.0,2026-12-25T08:00:00+00:00,0.3011820670411565,0.303,0.3075,0.305424,0.30525,2520.65,ETH-25DEC26,0.5761999999999999,0.8893,2.61402,2434.0,0.0,0.004500000000000004,ETH,2496.11,0.0
2026-09-06T07:50:16.801142+00:00,ETH-25SEP26-2420-C,2501.84,ETH-25SEP26,call,2420.0,2026-09-25T08:00:00+00:00,0.05203764541213527,0.061,0.063,0.062191,0.062,2501.84,ETH-25SEP26,0.4905,0.63794,2.13991,122.0,0.0,0.0020000000000000018,ETH,2496.11,0.0
2026-09-06T07:50:16.801142+00:00,ETH-26MAR27-4800-P,2546.76,ETH-26MAR27,put,4800.0,2027-03-26T08:00:00+00:00,0.5503264886701777,0.8905,0.9215,0.904731,0.906,2546.76,ETH-26MAR27,0.5939,-0.88829,3.59336,0.0,0.0,0.031000000000000028,ETH,2496.16,0.0
2026-09-06T07:50:16.801142+00:00,ETH-30OCT26-2250-P,2507.26,ETH-30OCT26,put,2250.0,2026-10-30T08:00:00+00:00,0.14786242296175883,0.034,0.035,0.03442,0.0345,2507.26,ETH-30OCT26,0.5152,-0.25931,3.12402,1345.0,0.0,0.0010000000000000009,ETH,2496.16,0.0
2026-09-06T07:50:16.801142+00:00,ETH-25SEP26-5200-C,2501.84,ETH-25SEP26,call,5200.0,2026-09-25T08:00:00+00:00,0.05203764541213527,,0.0001,2e-05,,2501.84,ETH-25SEP26,0.9251,0.00039,0.00804,2392.0,0.0,,ETH,2496.16,0.0
2026-09-06T07:50:16.801142+00:00,ETH-30OCT26-2900-C,2507.26,ETH-30OCT26,call,2900.0,2026-10-30T08:00:00+00:00,0.14786242296175883,0.031,0.032,0.031157,0.0315,2507.26,ETH-30OCT26,0.535,0.27288,3.2058,2730.0,56.0,0.0010000000000000009,ETH,2496.16,3952.1
2026-09-06T07:50:16.801142+00:00,ETH-27NOV26-3800-C,2514.83,ETH-27NOV26,call,3800.0,2026-11-27T08:00:00+00:00,0.22452224500145768,0.0105,0.0115,0.011158,0.011,2514.83,ETH-27NOV26,0.5975,0.09414,2.0014,319.0,1000.0,0.0009999999999999992,ETH,2496.18,24070.0
2026-09-06T07:50:16.801142+00:00,ETH-25JUN27-4400-P,2575.09,ETH-25JUN27,put,4400.0,2027-06-25T08:00:00+00:00,0.7994709102991989,0.745,0.7745,0.760151,0.75975,2575.09,ETH-25JUN27,0.5784,-0.78133,6.79635,1.0,0.0,0.02949999999999997,ETH,2496.16,0.0
2026-09-06T07:50:16.801142+00:00,ETH-9SEP26-2320-P,2496.54,ETH-9SEP26,put,2320.0,2026-09-09T08:00:00+00:00,0.008232032818021649,0.0006,0.0009,0.000794,0.00075,2496.54,ETH-9SEP26,0.4797,-0.04382,0.21019,2.0,2.0,0.00030000000000000003,ETH,2496.16,6.9
2026-09-06T07:50:16.801142+00:00,ETH-25DEC26-1500-P,2520.65,ETH-25DEC26,put,1500.0,2026-12-25T08:00:00+00:00,0.3011820670411565,0.0075,0.0085,0.008013,0.008,2520.65,ETH-25DEC26,0.6354,-0.0482,1.38603,16259.0,0.0,0.0010000000000000009,ETH,2496.18,0.0
2026-09-06T07:50:16.801142+00:00,ETH-26MAR27-4200-C,2546.76,ETH-26MAR27,call,4200.0,2027-03-26T08:00:00+00:00,0.5503264886701777,0.0315,0.0335,0.032537,0.0325,2546.76,ETH-26MAR27,0.5777,0.17041,4.79017,2903.0,0.0,0.0020000000000000018,ETH,2496.18,0.0
2026-09-06T07:50:16.801142+00:00,ETH-9SEP26-2560-C,2496.58,ETH-9SEP26,call,2560.0,2026-09-09T08:00:00+00:00,0.008232032818021649,0.0055,0.0065,0.005886,0.006,2496.58,ETH-9SEP26,0.4189,0.26109,0.73637,17.0,17.0,0.001,ETH,2496.18,70.99
2026-09-06T07:50:16.801142+00:00,ETH-30OCT26-1000-C,2507.22,ETH-30OCT26,call,1000.0,2026-10-30T08:00:00+00:00,0.14786242296175883,0.6,0.6025,0.60141,0.60125,2507.22,ETH-30OCT26,0.8919,0.99782,0.06611,0.0,0.0,0.0025000000000000577,ETH,2496.18,0.0
2026-09-06T07:50:16.801142+00:00,ETH-25JUN27-3100-P,2575.13,ETH-25JUN27,put,3100.0,2027-06-25T08:00:00+00:00,0.7994709102991989,0.3295,0.3385,0.333417,0.334,2575.13,ETH-25JUN27,0.5577000000000001,-0.5487,9.12044,0.0,0.0,0.009000000000000008,ETH,2496.18,0.0
2026-09-06T07:50:16.801142+00:00,ETH-25SEP26-9000-P,2501.84,ETH-25SEP26,put,9000.0,2026-09-25T08:00:00+00:00,0.05203764541213527,2.583,2.614,2.597269,2.5985,2501.84,ETH-25SEP26,1.3633000000000002,-0.99996,0.0009,0.0,0.0,0.030999999999999694,ETH,2496.18,0.0
2026-09-06T07:50:16.801142+00:00,ETH-9SEP26-2420-P,2496.54,ETH-9SEP26,put,2420.0,2026-09-09T08:00:00+00:00,0.008232032818021649,0.0037,0.0041,0.00385,0.0039,2496.54,ETH-9SEP26,0.3994,-0.18965,0.61403,2.0,2.0,0.0004000000000000002,ETH,2496.19,29.58
2026-09-06T07:50:16.801142+00:00,ETH-6SEP26-2260-P,2495.59,ETH-6SEP26,put,2260.0,2026-09-06T08:00:00+00:00,1.84804566253454e-05,,0.0001,0.0,,2495.59,ETH-6SEP26,0.5772999999999999,0.0,0.0,92.0,0.0,,ETH,2496.19,0.0
2026-09-06T07:50:16.801142+00:00,ETH-27NOV26-2700-C,2514.83,ETH-27NOV26,call,2700.0,2026-11-27T08:00:00+00:00,0.22452224500145768,0.0695,0.071,0.070277,0.07025,2514.83,ETH-27NOV26,0.5265,0.43657,4.6955,346.0,0.0,0.0014999999999999875,ETH,2496.19,0.0
2026-09-06T07:50:16.801142+00:00,ETH-18SEP26-2200-P,2499.49,ETH-18SEP26,put,2200.0,2026-09-18T08:00:00+00:00,0.03287268990221056,0.0034,0.0037,0.00354,0.00355,2499.49,ETH-18SEP26,0.5182,-0.07992,0.67345,3956.0,146.0,0.00030000000000000035,ETH,2496.18,1439.3
2026-09-06T07:50:16.801142+00:00,ETH-25SEP26-2300-P,2501.84,ETH-25SEP26,put,2300.0,2026-09-25T08:00:00+00:00,0.05203764541213527,0.014,0.015,0.014495,0.0145,2501.84,ETH-25SEP26,0.49770000000000003,-0.21249,1.65674,5624.0,49.0,0.0009999999999999992,ETH,2496.19,1774.61
2026-09-06T07:50:16.801142+00:00,ETH-6SEP26-2500-C,2495.61,ETH-6SEP26,call,2500.0,2026-09-06T08:00:00+00:00,1.84804566253454e-05,,0.0001,6e-06,,2495.61,ETH-6SEP26,0.2298,0.00449,0.00434,1625.0,2042.0,,ETH,2496.18,9343.93
2026-09-06T07:50:16.801142+00:00,ETH-25JUN27-2100-P,2575.09,ETH-25JUN27,put,2100.0,2027-06-25T08:00:00+00:00,0.7994709102991989,0.101,0.104,0.102506,0.1025,2575.09,ETH-25JUN27,0.5633,-0.25565,7.40617,589.0,0.0,0.002999999999999989,ETH,2496.18,0.0
2026-09-06T07:50:16.801142+00:00,ETH-9SEP26-2540-P,2496.58,ETH-9SEP26,put,2540.0,2026-09-09T08:00:00+00:00,0.008232032818021649,0.024,0.0265,0.025125,0.02525,2496.58,ETH-9SEP26,0.4068,-0.67271,0.81767,0.0,0.0,0.0024999999999999988,ETH,2496.18,0.0
2026-09-06T07:50:16.801142+00:00,ETH-25DEC26-1000-C,2520.65,ETH-25DEC26,call,1000.0,2026-12-25T08:00:00+00:00,0.3011820670411565,0.603,0.6065,0.605045,0.60475,2520.65,ETH-25DEC26,0.8016,0.98986,0.37347,73.0,0.0,0.0035000000000000586,ETH,2496.18,0.0
2026-09-06T07:50:16.801142+00:00,ETH-25DEC26-2800-P,2520.65,ETH-25DEC26,put,2800.0,2026-12-25T08:00:00+00:00,0.3011820670411565,0.185,0.1865,0.185346,0.18575,2520.65,ETH-25DEC26,0.5303,-0.58523,5.3943,2545.0,0.0,0.0015000000000000013,ETH,2496.18,0.0
2026-09-06T07:50:16.801142+00:00,ETH-25SEP26-2450-P,2501.84,ETH-25SEP26,put,2450.0,2026-09-25T08:00:00+00:00,0.05203764541213527,0.034,0.035,0.034531,0.0345,2501.84,ETH-25SEP26,0.4901,-0.4038,2.21104,62.0,39.0,0.0010000000000000009,ETH,2496.18,3966.31
2026-09-06T07:50:16.801142+00:00,ETH-27NOV26-3100-C,2514.83,ETH-27NOV26,call,3100.0,2026-11-27T08:00:00+00:00,0.22452224500145768,0.0335,0.0345,0.033985,0.034,2514.83,ETH-27NOV26,0.5467,0.24907,3.78067,12.0,5.0,0.0010000000000000009,ETH,2496.15,375.29
2026-09-06T07:50:16.801142+00:00,ETH-30OCT26-1800-P,2507.26,ETH-30OCT26,put,1800.0,2026-10-30T08:00:00+00:00,0.14786242296175883,0.006,0.0065,0.006071,0.00625,2507.26,ETH-30OCT26,0.5885,-0.05738,1.10927,1273.0,0.0,0.0004999999999999996,ETH,2496.15,0.0
2026-09-06T07:50:16.801142+00:00,ETH-6SEP26-2560-C,2495.59,ETH-6SEP26,call,2560.0,2026-09-06T08:00:00+00:00,1.84804566253454e-05,,0.044,0.0,,2495.59,ETH-6SEP26,0.5322,0.0,0.0,541.0,306.0,,ETH,2496.15,168.24
2026-09-06T07:50:16.801142+00:00,ETH-25DEC26-4400-P,2520.69,ETH-25DEC26,put,4400.0,2026-12-25T08:00:00+00:00,0.3011820670411565,0.7435,0.767,0.754381,0.75525,2520.69,ETH-25DEC26,0.6115999999999999,-0.93205,1.81592,20.0,0.0,0.023499999999999965,ETH,2496.15,0.0
2026-09-06T07:50:16.801142+00:00,ETH-25SEP26-3400-C,2501.84,ETH-25SEP26,call,3400.0,2026-09-25T08:00:00+00:00,0.05203764541213527,0.0015,0.0018,0.00168,0.00165,2501.84,ETH-25SEP26,0.6833,0.02943,0.38229,9690.0,229.0,0.0002999999999999999,ETH,2496.15,652.54
2026-09-06T07:50:16.801142+00:00,ETH-25SEP26-4400-P,2501.8,ETH-25SEP26,put,4400.0,2026-09-25T08:00:00+00:00,0.05203764541213527,0.753,0.765,0.758824,0.759,2501.8,ETH-25SEP26,0.8645,-0.99714,0.05004,281.0,0.0,0.01200000000000001,ETH,2496.15,0.0
2026-09-06T07:50:16.801142+00:00,ETH-11SEP26-1800-C,2497.33,ETH-11SEP26,call,1800.0,2026-09-11T08:00:00+00:00,0.013707734392285852,0.2775,0.281,0.279305,0.27925,2497.33,ETH-11SEP26,0.9538,0.9986,0.01344,0.0,0.0,0.003500000000000003,ETH,2496.15,0.0
2026-09-06T07:50:16.801142+00:00,ETH-25DEC26-7000-P,2520.65,ETH-25DEC26,put,7000.0,2026-12-25T08:00:00+00:00,0.3011820670411565,1.7585,1.8,1.778174,1.77925,2520.65,ETH-25DEC26,0.7356,-0.99002,0.36812,0.0,0.0,0.04150000000000009,ETH,2496.15,0.0
2026-09-06T07:50:16.801142+00:00,ETH-7SEP26-2650-P,2496.15,ETH-7SEP26,put,2650.0,2026-09-07T08:00:00+00:00,0.002756331243757447,0.058,0.0655,0.061997,0.06175,2496.15,ETH-7SEP26,0.6067,-0.96865,0.09242,0.0,0.0,0.0075,ETH,2496.15,0.0
2026-09-06T07:50:16.801142+00:00,ETH-25JUN27-4000-C,2575.13,ETH-25JUN27,call,4000.0,2027-06-25T08:00:00+00:00,0.7994709102991989,0.0655,0.0685,0.06705,0.067,2575.13,ETH-25JUN27,0.5707,0.27179,7.64115,4555.0,0.0,0.0030000000000000027,ETH,2496.15,0.0
2026-09-06T07:50:16.801142+00:00,ETH-7SEP26-2480-P,2496.15,ETH-7SEP26,put,2480.0,2026-09-07T08:00:00+00:00,0.002756331243757447,0.004,0.0043,0.004183,0.00415,2496.15,ETH-7SEP26,0.3332,-0.35092,0.48561,252.0,48.0,0.0002999999999999999,ETH,2496.15,842.81
2026-09-06T07:50:16.801142+00:00,ETH-18SEP26-2900-P,2499.49,ETH-18SEP26,put,2900.0,2026-09-18T08:00:00+00:00,0.03287268990221056,0.1605,0.1695,0.164712,0.165,2499.49,ETH-18SEP26,0.5956,-0.90685,0.75514,0.0,0.0,0.009000000000000008,ETH,2496.13,0.0
2026-09-06T07:50:16.801142+00:00,ETH-26MAR27-1800-C,2546.76,ETH-26MAR27,call,1800.0,2027-03-26T08:00:00+00:00,0.5503264886701777,0.333,0.337,0.335087,0.335,2546.76,ETH-26MAR27,0.5767,0.84732,4.45896,3427.0,0.0,0.0040000000000000036,ETH,2496.13,0.0
2026-09-06T07:50:16.801142+00:00,ETH-8SEP26-2350-P,2496.55,ETH-8SEP26,put,2350.0,2026-09-08T08:00:00+00:00,0.005494182030889547,0.0005,0.0008,0.000576,0.00065,2496.55,ETH-8SEP26,0.4719,-0.04023,0.1602,0.0,0.0,0.00030000000000000003,ETH,2496.13,0.0
2026-09-06T07:50:16.801142+00:00,ETH-9SEP26-2250-C,2496.58,ETH-9SEP26,call,2250.0,2026-09-09T08:00:00+00:00,0.008232032818021649,0.0965,0.101,0.099233,0.09875,2496.58,ETH-9SEP26,0.5793,0.97754,0.12099,0.0,0.0,0.004500000000000004,ETH,2496.13,0.0
2026-09-06T07:50:16.801142+00:00,ETH-7SEP26-2400-C,2496.16,ETH-7SEP26,call,2400.0,2026-09-07T08:00:00+00:00,0.002756331243757447,0.035,0.042,0.038976,0.0385,2496.16,ETH-7SEP26,0.44530000000000003,0.95496,0.12423,1338.0,66.0,0.006999999999999999,ETH,2496.13,5793.32
2026-09-06T07:50:16.801142+00:00,ETH-11SEP26-2100-C,2497.37,ETH-11SEP26,call,2100.0,2026-09-11T08:00:00+00:00,0.013707734392285852,0.1575,0.161,0.159434,0.15925,2497.37,ETH-11SEP26,0.6578,0.98896,0.08499,19.0,0.0,0.003500000000000003,ETH,2496.13,0.0
2026-09-06T07:50:16.801142+00:00,ETH-25JUN27-1900-C,2575.09,ETH-25JUN27,call,1900.0,2027-06-25T08:00:00+00:00,0.7994709102991989,0.333,0.3385,0.335669,0.33575,2575.09,ETH-25JUN27,0.5719,0.8024,6.40176,115.0,0.0,0.005500000000000005,ETH,2496.13,0.0
2026-09-06T07:50:16.801142+00:00,ETH-26MAR27-2000-P,2546.76,ETH-26MAR27,put,2000.0,2027-03-26T08:00:00+00:00,0.5503264886701777,0.0625,0.0645,0.06343,0.0635,2546.76,ETH-26MAR27,0.5608,-0.21509,5.52369,1916.0,0.0,0.0020000000000000018,ETH,2496.13,0.0
2026-09-06T07:50:16.801142+00:00,ETH-25JUN27-3900-C,2575.09,ETH-25JUN27,call,3900.0,2027-06-25T08:00:00+00:00,0.7994709102991989,0.0705,0.0735,0.071998,0.072,2575.09,ETH-25JUN27,0.5695,0.28768,7.85476,160.0,0.0,0.0030000000000000027,ETH,2496.13,0.0
2026-09-06T07:50:16.801142+00:00,ETH-25SEP26-2100-P,2501.8,ETH-25SEP26,put,2100.0,2026-09-25T08:00:00+00:00,0.05203764541213527,0.0039,0.0043,0.004101,0.0041,2501.8,ETH-25SEP26,0.5451,-0.07078,0.7731,37103.0,2.0,0.0004000000000000002,ETH,2496.13,21.42
2026-09-06T07:50:16.801142+00:00,ETH-27NOV26-2150-C,2514.83,ETH-27NOV26,call,2150.0,2026-11-27T08:00:00+00:00,0.22452224500145768,0.1805,0.1845,0.183291,0.1825,2514.83,ETH-27NOV26,0.5347,0.77196,3.60241,0.0,0.0,0.0040000000000000036,ETH,2496.13,0.0
2026-09-06T07:50:16.801142+00:00,ETH-7SEP26-2280-C,2496.15,ETH-7SEP26,call,2280.0,2026-09-07T08:00:00+00:00,0.002756331243757447,0.083,0.0895,0.086652,0.08625,2496.15,ETH-7SEP26,0.6515000000000001,0.99618,0.01489,0.0,0.0,0.006499999999999992,ETH,2496.13,0.0
2026-09-06T07:50:16.801142+00:00,ETH-27NOV26-3400-C,2514.83,ETH-27NOV26,call,3400.0,2026-11-27T08:00:00+00:00,0.22452224500145768,0.02,0.021,0.020518,0.0205,2514.83,ETH-27NOV26,0.568,0.1622,2.92643,314.0,0.0,0.0010000000000000009,ETH,2496.07,0.0
2026-09-06T07:50:16.801142+00:00,ETH-11SEP26-2400-P,2497.37,ETH-11SEP26,put,2400.0,2026-09-11T08:00:00+00:00,0.013707734392285852,0.0055,0.006,0.005855,0.00575,2497.37,ETH-11SEP26,0.42460000000000003,-0.20464,0.83003,5707.0,90.0,0.0005000000000000004,ETH,2496.07,1615.04
2026-09-06T07:50:16.801142+00:00,ETH-27NOV26-3000-C,2514.83,ETH-27NOV26,call,3000.0,2026-11-27T08:00:00+00:00,0.22452224500145768,0.04,0.041,0.04059,0.0405,2514.83,ETH-27NOV26,0.5406,0.28766,4.06496,352.0,0.0,0.0010000000000000009,ETH,2496.07,0.0
2026-09-06T07:50:16.801142+00:00,ETH-25SEP26-16000-P,2501.84,ETH-25SEP26,put,16000.0,2026-09-25T08:00:00+00:00,0.05203764541213527,5.3665,5.4295,5.395142,5.398,2501.84,ETH-25SEP26,1.8954,-0.99998,0.00057,30.0,0.0,0.06299999999999972,ETH,2496.07,0.0
2026-09-06T07:50:16.801142+00:00,ETH-25SEP26-2050-P,2501.84,ETH-25SEP26,put,2050.0,2026-09-25T08:00:00+00:00,0.05203764541213527,0.0028,0.0032,0.003022,0.003,2501.84,ETH-25SEP26,0.5627,-0.05309,0.61757,4004.0,62.0,0.0004000000000000002,ETH,2496.07,460.7
2026-09-06T07:50:16.801142+00:00,ETH-6SEP26-2280-C,2495.59,ETH-6SEP26,call,2280.0,2026-09-06T08:00:00+00:00,1.84804566253454e-05,0.083,0.089,0.086436,0.086,2495.59,ETH-6SEP26,0.5406,0.22444,0.0,0.0,0.0,0.0059999999999999915,ETH,2496.07,0.0
2026-09-06T07:50:16.801142+00:00,ETH-7SEP26-2560-P,2496.16,ETH-7SEP26,put,2560.0,2026-09-07T08:00:00+00:00,0.002756331243757447,0.0235,0.0305,0.027061,0.027,2496.16,ETH-7SEP26,0.4292,-0.86643,0.2823,1.0,0.0,0.006999999999999999,ETH,2496.05,0.0
2026-09-06T07:50:16.801142+00:00,ETH-25JUN27-6000-C,2575.09,ETH-25JUN27,call,6000.0,2027-06-25T08:00:00+00:00,0.7994709102991989,0.02,0.0225,0.021189,0.02125,2575.09,ETH-25JUN27,0.6102000000000001,0.10081,4.0662,1393.0,10.0,0.0024999999999999988,ETH,2496.05,455.59
2026-09-06T07:50:16.801142+00:00,ETH-11SEP26-3000-P,2497.33,ETH-11SEP26,put,3000.0,2026-09-11T08:00:00+00:00,0.013707734392285852,0.198,0.206,0.201822,0.202,2497.33,ETH-11SEP26,0.7399,-0.98092,0.13602,0.0,0.0,0.00799999999999998,ETH,2496.05,0.0
2026-09-06T07:50:16.801142+00:00,ETH-7SEP26-2620-P,2496.16,ETH-7SEP26,put,2620.0,2026-09-07T08:00:00+00:00,0.002756331243757447,0.047,0.053,0.050141,0.05,2496.16,ETH-7SEP26,0.5451,-0.95335,0.12779,0.0,0.0,0.005999999999999998,ETH,2496.05,0.0
2026-09-06T07:50:16.801142+00:00,ETH-7SEP26-2500-C,2496.15,ETH-7SEP26,call,2500.0,2026-09-07T08:00:00+00:00,0.002756331243757447,0.006,0.007,0.006546,0.0065,2496.15,ETH-7SEP26,0.34759999999999996,0.47013,0.52104,732.0,105.0,0.001,ETH,2496.05,583.87
2026-09-06T07:50:16.801142+00:00,ETH-26MAR27-4500-P,2546.76,ETH-26MAR27,put,4500.0,2027-03-26T08:00:00+00:00,0.5503264886701777,0.7765,0.808,0.792415,0.79225,2546.76,ETH-26MAR27,0.5868,-0.86206,4.16434,0.0,0.0,0.031500000000000083,ETH,2496.05,0.0
2026-09-06T07:50:16.801142+00:00,ETH-9SEP26-2800-P,2496.54,ETH-9SEP26,put,2800.0,2026-09-09T08:00:00+00:00,0.008232032818021649,0.1185,0.1265,0.122038,0.1225,2496.54,ETH-9SEP26,0.634,-0.97534,0.13089,0.0,0.0,0.008000000000000007,ETH,2496.05,0.0
2026-09-06T07:50:16.801142+00:00,ETH-25SEP26-1600-C,2501.84,ETH-25SEP26,call,1600.0,2026-09-25T08:00:00+00:00,0.05203764541213527,0.359,0.3625,0.360899,0.36075,2501.84,ETH-25SEP26,0.8184999999999999,0.99356,0.10339,3418.0,0.0,0.003500000000000003,ETH,2496.09,0.0
2026-09-06T07:50:16.801142+00:00,ETH-27NOV26-4200-P,2514.83,ETH-27NOV26,put,4200.0,2026-11-27T08:00:00+00:00,0.22452224500145768,0.6695,0.687,0.676701,0.67825,2514.83,ETH-27NOV26,0.6294,-0.9418,1.38645,0.0,0.0,0.01750000000000007,ETH,2496.09,0.0
2026-09-06T07:50:16.801142+00:00,ETH-27NOV26-1600-P,2514.83,ETH-27NOV26,put,1600.0,2026-11-27T08:00:00+00:00,0.22452224500145768,0.0065,0.007,0.006961,0.00675,2514.83,ETH-27NOV26,0.6355,-0.04928,1.21518,15.0,1.0,0.0005000000000000004,ETH,2496.09,16.12
2026-09-06T07:50:16.801142+00:00,ETH-27NOV26-2300-P,2514.83,ETH-27NOV26,put,2300.0,2026-11-27T08:00:00+00:00,0.22452224500145768,0.0575,0.059,0.058128,0.05825,2514.83,ETH-27NOV26,0.5254,-0.3145,4.23165,302.0,0.0,0.0014999999999999944,ETH,2496.09,0.0
2026-09-06T07:50:16.801142+00:00,ETH-8SEP26-2250-C,2496.55,ETH-8SEP26,call,2250.0,2026-09-08T08:00:00+00:00,0.005494182030889547,0.097,0.1005,0.099073,0.09875,2496.55,ETH-8SEP26,0.6652,0.98357,0.07578,0.0,0.0,0.003500000000000003,ETH,2496.09,0.0
2026-09-06T07:50:16.801142+00:00,ETH-26MAR27-3000-P,2546.76,ETH-26MAR27,put,3000.0,2027-03-26T08:00:00+00:00,0.5503264886701777,0.2765,0.283,0.27846,0.27975,2546.76,ETH-26MAR27,0.5488000000000001,-0.57867,7.39277,370.0,18.0,0.00649999999999995,ETH,2496.09,12327.13
2026-09-06T07:50:16.801142+00:00,ETH-25DEC26-5200-P,2520.69,ETH-25DEC26,put,5200.0,2026-12-25T08:00:00+00:00,0.3011820670411565,1.055,1.083,1.06718,1.069,2520.69,ETH-25DEC26,0.6579,-0.96594,1.04551,0.0,0.0,0.028000000000000025,ETH,2496.09,0.0
2026-09-06T07:50:16.801142+00:00,ETH-25JUN27-3900-P,2575.13,ETH-25JUN27,put,3900.0,2027-06-25T08:00:00+00:00,0.7994709102991989,0.572,0.6,0.586455,0.586,2575.13,ETH-25JUN27,0.5695,-0.71233,7.85437,0.0,0.0,0.028000000000000025,ETH,2496.09,0.0
2026-09-06T07:50:16.801142+00:00,ETH-25DEC26-4800-C,2520.65,ETH-25DEC26,call,4800.0,2026-12-25T08:00:00+00:00,0.3011820670411565,0.0055,0.0065,0.005983,0.006,2520.65,ETH-25DEC26,0.6344,0.04694,1.35687,2708.0,0.0,0.001,ETH,2496.09,0.0
2026-09-06T07:50:16.801142+00:00,ETH-25JUN27-4400-C,2575.13,ETH-25JUN27,call,4400.0,2027-06-25T08:00:00+00:00,0.7994709102991989,0.05,0.053,0.051533,0.0515,2575.13,ETH-25JUN27,0.5784,0.21866,6.79607,173.0,0.0,0.0029999999999999957,ETH,2496.09,0.0
2026-09-06T07:50:16.801142+00:00,ETH-9SEP26-2400-P,2496.54,ETH-9SEP26,put,2400.0,2026-09-09T08:00:00+00:00,0.008232032818021649,0.0026,0.0029,0.002725,0.00275,2496.54,ETH-9SEP26,0.41119999999999995,-0.14093,0.50646,5.0,5.0,0.0002999999999999999,ETH,2496.09,59.04
2026-09-06T07:50:16.801142+00:00,ETH-25JUN27-2000-P,2575.09,ETH-25JUN27,put,2000.0,2027-06-25T08:00:00+00:00,0.7994709102991989,0.086,0.0885,0.08729,0.08725,2575.09,ETH-25JUN27,0.5674,-0.22607,6.92667,1802.0,1.0,0.0025000000000000022,ETH,2496.09,224.88
2026-09-06T07:50:16.801142+00:00,ETH-25SEP26-2050-C,2501.84,ETH-25SEP26,call,2050.0,2026-09-25T08:00:00+00:00,0.05203764541213527,0.1815,0.185,0.183645,0.18325,2501.84,ETH-25SEP26,0.5627,0.94689,0.6177,19.0,0.0,0.003500000000000003,ETH,2496.11,0.0
2026-09-06T07:50:16.801142+00:00,ETH-8SEP26-2300-C,2496.55,ETH-8SEP26,call,2300.0,2026-09-08T08:00:00+00:00,0.005494182030889547,0.076,0.082,0.079145,0.079,2496.55,ETH-8SEP26,0.5682,0.97548,0.10639,0.0,0.0,0.006000000000000005,ETH,2496.11,0.0
2026-09-06T07:50:16.801142+00:00,ETH-25DEC26-2700-P,2520.65,ETH-25DEC26,put,2700.0,2026-12-25T08:00:00+00:00,0.3011820670411565,0.1575,0.159,0.158109,0.15825,2520.65,ETH-25DEC26,0.5276,-0.53683,5.49712,788.0,0.0,0.0015000000000000013,ETH,2496.11,0.0
2026-09-06T07:50:16.801142+00:00,ETH-25SEP26-7500-C,2501.84,ETH-25SEP26,call,7500.0,2026-09-25T08:00:00+00:00,0.05203764541213527,,0.0001,3e-06,,2501.84,ETH-25SEP26,1.1895,5e-05,0.00109,2159.0,0.0,,ETH,2496.11,0.0
2026-09-06T07:50:16.801142+00:00,ETH-25SEP26-6800-P,2501.8,ETH-25SEP26,put,6800.0,2026-09-25T08:00:00+00:00,0.05203764541213527,1.7085,1.73,1.717938,1.71925,2501.8,ETH-25SEP26,1.1040999999999999,-0.99994,0.00141,0.0,0.0,0.021500000000000075,ETH,2496.11,0.0
2026-09-06T07:50:16.801142+00:00,ETH-27NOV26-2650-P,2514.83,ETH-27NOV26,put,2650.0,2026-11-27T08:00:00+00:00,0.22452224500145768,0.13,0.1315,0.130673,0.13075,2514.83,ETH-27NOV26,0.5245000000000001,-0.53431,4.73803,100.0,0.0,0.0015000000000000013,ETH,2496.12,0.0
2026-09-06T07:50:16.801142+00:00,ETH-7SEP26-2620-C,2496.15,ETH-7SEP26,call,2620.0,2026-09-07T08:00:00+00:00,0.002756331243757447,0.0004,0.0007,0.000546,0.00055,2496.15,ETH-7SEP26,0.5451,0.04672,0.12794,524.0,434.0,0.0003,ETH,2496.12,738.62
2026-09-06T07:50:16.801142+00:00,ETH-25DEC26-7000-C,2520.65,ETH-25DEC26,call,7000.0,2026-12-25T08:00:00+00:00,0.3011820670411565,0.001,0.0015,0.001211,0.00125,2520.65,ETH-25DEC26,0.7356,0.00998,0.36809,3002.0,0.0,0.0005,ETH,2496.12,0.0
2026-09-06T07:50:16.801142+00:00,ETH-25SEP26-2250-P,2501.8,ETH-25SEP26,put,2250.0,2026-09-25T08:00:00+00:00,0.05203764541213527,0.01,0.011,0.010533,0.0105,2501.8,ETH-25SEP26,0.5047,-0.16381,1.4105,4453.0,8.0,0.0009999999999999992,ETH,2496.12,260.44
2026-09-06T07:50:16.801142+00:00,ETH-8SEP26-2400-P,2496.55,ETH-8SEP26,put,2400.0,2026-09-08T08:00:00+00:00,0.005494182030889547,0.0012,0.0015,0.001299,0.00135,2496.55,ETH-8SEP26,0.40509999999999996,-0.09196,0.30532,258.0,45.0,0.00030000000000000014,ETH,2496.12,231.19
2026-09-06T07:50:16.801142+00:00,ETH-11SEP26-2350-C,2497.37,ETH-11SEP26,call,2350.0,2026-09-11T08:00:00+00:00,0.013707734392285852,0.0595,0.0645,0.06201,0.062,2497.37,ETH-11SEP26,0.4428,0.8848,0.56833,186.0,0.0,0.0050000000000000044,ETH,2496.12,0.0
2026-09-06T07:50:16.801142+00:00,ETH-25DEC26-1800-P,2520.65,ETH-25DEC26,put,1800.0,2026-12-25T08:00:00+00:00,0.3011820670411565,0.019,0.02,0.0195,0.0195,2520.65,ETH-25DEC26,0.5761999999999999,-0.1107,2.61401,5257.0,0.0,0.0010000000000000009,ETH,2496.12,0.0
2026-09-06T07:50:16.801142+00:00,ETH-18SEP26-3000-C,2499.49,ETH-18SEP26,call,3000.0,2026-09-18T08:00:00+00:00,0.03287268990221056,0.0028,0.003,0.002972,0.0029,2499.49,ETH-18SEP26,0.6322,0.06245,0.55713,724.0,0.0,0.0002000000000000001,ETH,2496.12,0.0
2026-09-06T07:50:16.801142+00:00,ETH-27NOV26-3600-C,2514.83,ETH-27NOV26,call,3600.0,2026-11-27T08:00:00+00:00,0.22452224500145768,0.0145,0.0155,0.015029,0.015,2514.83,ETH-27NOV26,0.5831000000000001,0.12311,2.42794,1721.0,8.0,0.0009999999999999992,ETH,2496.12,274.97
2026-09-06T07:50:16.801142+00:00,ETH-25JUN27-1400-P,2575.09,ETH-25JUN27,put,1400.0,2027-06-25T08:00:00+00:00,0.7994709102991989,0.027,0.029,0.027965,0.028,2575.09,ETH-25JUN27,0.624,-0.08517,3.58963,1801.0,0.0,0.0020000000000000018,ETH,2496.12,0.0
2026-09-06T07:50:16.801142+00:00,ETH-8SEP26-2680-C,2496.55,ETH-8SEP26,call,2680.0,2026-09-08T08:00:00+00:00,0.005494182030889547,0.0005,0.0008,0.000697,0.00065,2496.55,ETH-8SEP26,0.5493,0.04257,0.1677,120.0,120.0,0.00030000000000000003,ETH,2496.12,240.04
2026-09-06T07:50:16.801142+00:00,ETH-25JUN27-1600-C,2575.13,ETH-25JUN27,call,1600.0,2027-06-25T08:00:00+00:00,0.7994709102991989,0.418,0.424,0.420812,0.421,2575.13,ETH-25JUN27,0.5975,0.87651,4.70134,379.0,0.0,0.006000000000000005,ETH,2496.12,0.0
2026-09-06T07:50:16.801142+00:00,ETH-27NOV26-2950-C,2514.83,ETH-27NOV26,call,2950.0,2026-11-27T08:00:00+00:00,0.22452224500145768,0.0435,0.045,0.044407,0.04425,2514.83,ETH-27NOV26,0.5376,0.30897,4.19939,150.0,0.0,0.0015000000000000013,ETH,2496.12,0.0
2026-09-06T07:50:16.801142+00:00,ETH-27NOV26-2750-C,2514.83,ETH-27NOV26,call,2750.0,2026-11-27T08:00:00+00:00,0.22452224500145768,0.063,0.0645,0.064046,0.06375,2514.83,ETH-27NOV26,0.5281,0.40831,4.62945,533.0,0.0,0.0015000000000000013,ETH,2496.12,0.0
2026-09-06T07:50:16.801142+00:00,ETH-25DEC26-5000-C,2520.69,ETH-25DEC26,call,5000.0,2026-12-25T08:00:00+00:00,0.3011820670411565,0.0048,0.0055,0.005083,0.00515,2520.69,ETH-25DEC26,0.6472,0.04005,1.19372,4228.0,0.0,0.0007000000000000001,ETH,2496.12,0.0
2026-09-06T07:50:16.801142+00:00,ETH-26MAR27-2900-P,2546.77,ETH-26MAR27,put,2900.0,2027-03-26T08:00:00+00:00,0.5503264886701777,0.2475,0.2545,0.250023,0.251,2546.77,ETH-26MAR27,0.5474,-0.54641,7.48885,258.0,0.0,0.007000000000000006,ETH,2496.12,0.0
2026-09-06T07:50:16.801142+00:00,ETH-7SEP26-2480-C,2496.15,ETH-7SEP26,call,2480.0,2026-09-07T08:00:00+00:00,0.002756331243757447,0.0105,0.0115,0.010673,0.011,2496.15,ETH-7SEP26,0.3332,0.64882,0.48573,281.0,16.0,0.0009999999999999992,ETH,2496.12,177.57
2026-09-06T07:50:16.801142+00:00,ETH-9SEP26-2280-C,2496.54,ETH-9SEP26,call,2280.0,2026-09-09T08:00:00+00:00,0.008232032818021649,0.085,0.089,0.087317,0.087,2496.54,ETH-9SEP26,0.534,0.97114,0.14926,0.0,0.0,0.00399999999999999,ETH,2496.12,0.0
2026-09-06T07:50:16.801142+00:00,ETH-25JUN27-4500-C,2575.09,ETH-25JUN27,call,4500.0,2027-06-25T08:00:00+00:00,0.7994709102991989,0.047,0.05,0.048491,0.0485,2575.09,ETH-25JUN27,0.5808,0.20767,6.59486,1489.0,0.0,0.0030000000000000027,ETH,2496.12,0.0
2026-09-06T07:50:16.801142+00:00,ETH-6SEP26-2200-P,2495.59,ETH-6SEP26,put,2200.0,2026-09-06T08:00:00+00:00,1.84804566253454e-05,,0.0001,0.0,,2495.59,ETH-6SEP26,0.6804000000000001,0.0,0.0,2322.0,0.0,,ETH,2496.12,0.0
2026-09-06T07:50:16.801142+00:00,ETH-25SEP26-4500-C,2501.84,ETH-25SEP26,call,4500.0,2026-09-25T08:00:00+00:00,0.05203764541213527,,0.0002,0.000137,,2501.84,ETH-25SEP26,0.8820999999999999,0.00243,0.0432,8196.0,1.0,,ETH,2496.12,0.25
2026-09-06T07:50:16.801142+00:00,ETH-25SEP26-2750-P,2501.84,ETH-25SEP26,put,2750.0,2026-09-25T08:00:00+00:00,0.05203764541213527,0.1125,0.118,0.114652,0.11525,2501.84,ETH-25SEP26,0.5267000000000001,-0.76632,1.74885,0.0,0.0,0.005499999999999991,ETH,2496.12,0.0
2026-09-06T07:50:16.801142+00:00,ETH-6SEP26-2000-C,2495.61,ETH-6SEP26,call,2000.0,2026-09-06T08:00:00+00:00,1.84804566253454e-05,0.1955,0.201,0.198628,0.19825,2495.61,ETH-6SEP26,1.0279,0.22,0.0,0.0,0.0,0.005500000000000005,ETH,2496.12,0.0
2026-09-06T07:50:16.801142+00:00,ETH-27NOV26-2900-C,2514.83,ETH-27NOV26,call,2900.0,2026-11-27T08:00:00+00:00,0.22452224500145768,0.048,0.049,0.048632,0.0485,2514.83,ETH-27NOV26,0.5349,0.33173,4.32606,137.0,0.0,0.0010000000000000009,ETH,2496.12,0.0
2026-09-06T07:50:16.801142+00:00,ETH-26MAR27-4400-P,2546.76,ETH-26MAR27,put,4400.0,2027-03-26T08:00:00+00:00,0.5503264886701777,0.7415,0.769,0.755157,0.75525,2546.76,ETH-26MAR27,0.5832,-0.85246,4.35817,2.0,0.0,0.02749999999999997,ETH,2496.12,0.0
2026-09-06T07:50:16.801142+00:00,ETH-9SEP26-2580-C,2496.54,ETH-9SEP26,call,2580.0,2026-09-09T08:00:00+00:00,0.008232032818021649,0.0042,0.0047,0.004511,0.00445,2496.54,ETH-9SEP26,0.43329999999999996,0.20728,0.64786,23.0,23.0,0.0005000000000000004,ETH,2496.12,176.71
2026-09-06T07:50:16.801142+00:00,ETH-30OCT26-1600-P,2507.26,ETH-30OCT26,put,1600.0,2026-10-30T08:00:00+00:00,0.14786242296175883,0.0027,0.0032,0.002945,0.00295,2507.26,ETH-30OCT26,0.6536,-0.0279,0.61786,2120.0,11.0,0.0005,ETH,2496.12,82.91
2026-09-06T07:50:16.801142+00:00,ETH-25JUN27-4200-C,2575.09,ETH-25JUN27,call,4200.0,2027-06-25T08:00:00+00:00,0.7994709102991989,0.057,0.06,0.058606,0.0585,2575.09,ETH-25JUN27,0.5744,0.24344,7.21619,574.0,0.0,0.0029999999999999957,ETH,2496.12,0.0
2026-09-06T07:50:16.801142+00:00,ETH-25SEP26-7000-C,2501.84,ETH-25SEP26,call,7000.0,2026-09-25T08:00:00+00:00,0.05203764541213527,,0.0001,3e-06,,2501.84,ETH-25SEP26,1.1240999999999999,5e-05,0.00121,2135.0,0.0,,ETH,2496.12,0.0
2026-09-06T07:50:16.801142+00:00,ETH-7SEP26-2640-C,2496.16,ETH-7SEP26,call,2640.0,2026-09-07T08:00:00+00:00,0.002756331243757447,0.0003,0.0006,0.000432,0.00045,2496.16,ETH-7SEP26,0.5871,0.03574,0.10296,603.0,610.0,0.0003,ETH,2496.12,233.94
2026-09-06T07:50:16.801142+00:00,ETH-27NOV26-2500-P,2514.83,ETH-27NOV26,put,2500.0,2026-11-27T08:00:00+00:00,0.22452224500145768,0.0945,0.096,0.095174,0.09525,2514.83,ETH-27NOV26,0.5217,-0.44129,4.70403,422.0,0.0,0.0015000000000000013,ETH,2496.12,0.0
2026-09-06T07:50:16.801142+00:00,ETH-25SEP26-11000-P,2501.84,ETH-25SEP26,put,11000.0,2026-09-25T08:00:00+00:00,0.05203764541213527,3.3785,3.418,3.396661,3.39825,2501.84,ETH-25SEP26,1.5529,-0.99997,0.00076,0.0,0.0,0.03950000000000031,ETH,2496.12,0.0
2026-09-06T07:50:16.801142+00:00,ETH-11SEP26-2250-C,2497.37,ETH-11SEP26,call,2250.0,2026-09-11T08:00:00+00:00,0.013707734392285852,0.098,0.102,0.100024,0.1,2497.37,ETH-11SEP26,0.5127,0.96144,0.24462,279.0,0.0,0.00399999999999999,ETH,2496.12,0.0
2026-09-06T07:50:16.801142+00:00,ETH-18SEP26-2650-C,2499.49,ETH-18SEP26,call,2650.0,2026-09-18T08:00:00+00:00,0.03287268990221056,0.015,0.0155,0.015435,0.01525,2499.49,ETH-18SEP26,0.5133,0.28051,1.52728,1387.0,85.0,0.0005000000000000004,ETH,2496.12,2196.17
2026-09-06T07:50:16.801142+00:00,ETH-25SEP26-3300-P,2501.8,ETH-25SEP26,put,3300.0,2026-09-25T08:00:00+00:00,0.05203764541213527,0.3165,0.327,0.321164,0.32175,2501.8,ETH-25SEP26,0.6564,-0.96197,0.47218,3.0,0.0,0.01050000000000001,ETH,2496.12,0.0
2026-09-06T07:50:16.801142+00:00,ETH-26MAR27-1000-C,2546.76,ETH-26MAR27,call,1000.0,2027-03-26T08:00:00+00:00,0.5503264886701777,0.6115,0.615,0.613412,0.61325,2546.76,ETH-26MAR27,0.7393000000000001,0.97605,1.06543,269.0,0.0,0.0034999999999999476,ETH,2496.12,0.0
2026-09-06T07:50:16.801142+00:00,ETH-25JUN27-3300-C,2575.09,ETH-25JUN27,call,3300.0,2027-06-25T08:00:00+00:00,0.7994709102991989,0.1095,0.113,0.111288,0.11125,2575.09,ETH-25JUN27,0.5602,0.40347,8.91885,2273.0,0.0,0.003500000000000003,ETH,2496.12,0.0
2026-09-06T07:50:16.801142+00:00,ETH-27NOV26-4000-C,2514.83,ETH-27NOV26,call,4000.0,2026-11-27T08:00:00+00:00,0.22452224500145768,0.008,0.009,0.008571,0.0085,2514.83,ETH-27NOV26,0.6139,0.07364,1.66395,77.0,0.0,0.0009999999999999992,ETH,2496.12,0.0
2026-09-06T07:50:16.801142+00:00,ETH-9SEP26-2280-P,2496.54,ETH-9SEP26,put,2280.0,2026-09-09T08:00:00+00:00,0.008232032818021649,0.0004,0.0007,0.000548,0.00055,2496.54,ETH-9SEP26,0.534,-0.02886,0.14926,13.0,13.0,0.0003,ETH,2496.12,19.16
2026-09-06T07:50:16.801142+00:00,ETH-25JUN27-1500-C,2575.13,ETH-25JUN27,call,1500.0,2027-06-25T08:00:00+00:00,0.7994709102991989,0.4485,0.4545,0.451966,0.4515,2575.13,ETH-25JUN27,0.6097,0.89684,4.13491,50.0,0.0,0.006000000000000005,ETH,2496.12,0.0
2026-09-06T07:50:16.801142+00:00,ETH-25SEP26-8000-C,2501.84,ETH-25SEP26,call,8000.0,2026-09-25T08:00:00+00:00,0.05203764541213527,,0.0001,3e-06,,2501.84,ETH-25SEP26,1.2502,4e-05,0.001,1654.0,0.0,,ETH,2496.12,0.0
2026-09-06T07:50:16.801142+00:00,ETH-9SEP26-2580-P,2496.54,ETH-9SEP26,put,2580.0,2026-09-09T08:00:00+00:00,0.008232032818021649,0.0365,0.039,0.037904,0.03775,2496.54,ETH-9SEP26,0.43329999999999996,-0.79272,0.64786,0.0,0.0,0.0025000000000000022,ETH,2496.12,0.0
2026-09-06T07:50:16.801142+00:00,ETH-25DEC26-6500-P,2520.65,ETH-25DEC26,put,6500.0,2026-12-25T08:00:00+00:00,0.3011820670411565,1.564,1.6,1.58033,1.582,2520.65,ETH-25DEC26,0.7203,-0.98602,0.4932,0.0,0.0,0.03600000000000003,ETH,2496.12,0.0
2026-09-06T07:50:16.801142+00:00,ETH-25SEP26-4200-P,2501.8,ETH-25SEP26,put,4200.0,2026-09-25T08:00:00+00:00,0.05203764541213527,0.673,0.6865,0.678929,0.67975,2501.8,ETH-25SEP26,0.8201,-0.99627,0.06356,551.0,0.0,0.013499999999999956,ETH,2496.12,0.0
2026-09-06T07:50:16.801142+00:00,ETH-26MAR27-3600-C,2546.76,ETH-26MAR27,call,3600.0,2027-03-26T08:00:00+00:00,0.5503264886701777,0.0545,0.057,0.05571,0.05575,2546.76,ETH-26MAR27,0.5616,0.26696,6.21373,2292.0,0.0,0.0025000000000000022,ETH,2496.12,0.0
2026-09-06T07:50:16.801142+00:00,ETH-26MAR27-3400-P,2546.76,ETH-26MAR27,put,3400.0,2027-03-26T08:00:00+00:00,0.5503264886701777,0.3915,0.4125,0.402319,0.402,2546.76,ETH-26MAR27,0.5562,-0.68919,6.67528,6.0,0.0,0.020999999999999963,ETH,2496.12,0.0
2026-09-06T07:50:16.801142+00:00,ETH-30OCT26-1400-C,2507.22,ETH-30OCT26,call,1400.0,2026-10-30T08:00:00+00:00,0.14786242296175883,0.441,0.4445,0.443066,0.44275,2507.22,ETH-30OCT26,0.7292000000000001,0.98671,0.32897,50.0,0.0,0.003500000000000003,ETH,2496.12,0.0
2026-09-06T07:50:16.801142+00:00,ETH-25DEC26-2600-C,2520.65,ETH-25DEC26,call,2600.0,2026-12-25T08:00:00+00:00,0.3011820670411565,0.1005,0.102,0.10151,0.10125,2520.65,ETH-25DEC26,0.5257999999999999,0.51477,5.51689,9741.0,11.0,0.0014999999999999875,ETH,2496.12,2725.67
2026-09-06T07:50:16.801142+00:00,ETH-25JUN27-2400-C,2575.09,ETH-25JUN27,call,2400.0,2027-06-25T08:00:00+00:00,0.7994709102991989,0.224,0.228,0.225833,0.226,2575.09,ETH-25JUN27,0.5568,0.65193,8.51453,907.0,0.0,0.0040000000000000036,ETH,2496.12,0.0
2026-09-06T07:50:16.801142+00:00,ETH-25JUN27-5000-C,2575.09,ETH-25JUN27,call,5000.0,2027-06-25T08:00:00+00:00,0.7994709102991989,0.0345,0.037,0.035772,0.03575,2575.09,ETH-25JUN27,0.59,0.16025,5.61021,2381.0,0.0,0.0024999999999999953,ETH,2496.12,0.0
2026-09-06T07:50:16.801142+00:00,ETH-25JUN27-2500-P,2575.09,ETH-25JUN27,put,2500.0,2027-06-25T08:00:00+00:00,0.7994709102991989,0.1775,0.181,0.179271,0.17925,2575.09,ETH-25JUN27,0.5561,-0.37892,8.76268,1150.0,1.0,0.003500000000000003,ETH,2496.12,439.34
2026-09-06T07:50:16.801142+00:00,ETH-18SEP26-2100-C,2499.49,ETH-18SEP26,call,2100.0,2026-09-18T08:00:00+00:00,0.03287268990221056,0.1595,0.1635,0.161529,0.1615,2499.49,ETH-18SEP26,0.5631,0.96052,0.3865,0.0,0.0,0.0040000000000000036,ETH,2496.13,0.0
2026-09-06T07:50:16.801142+00:00,ETH-30OCT26-1850-P,2507.26,ETH-30OCT26,put,1850.0,2026-10-30T08:00:00+00:00,0.14786242296175883,0.007,0.008,0.00749,0.0075,2507.26,ETH-30OCT26,0.5781000000000001,-0.06963,1.28974,1324.0,1.0,0.001,ETH,2496.12,18.79
2026-09-06T07:50:16.801142+00:00,ETH-18SEP26-2400-C,2499.49,ETH-18SEP26,call,2400.0,2026-09-18T08:00:00+00:00,0.03287268990221056,0.0565,0.0585,0.057589,0.0575,2499.49,ETH-18SEP26,0.4802,0.695,1.58783,162.0,0.0,0.0020000000000000018,ETH,2496.13,0.0
2026-09-06T07:50:16.801142+00:00,ETH-25SEP26-2650-P,2501.84,ETH-25SEP26,put,2650.0,2026-09-25T08:00:00+00:00,0.05203764541213527,0.082,0.084,0.083027,0.083,2501.84,ETH-25SEP26,0.5094,-0.66886,2.07032,0.0,0.0,0.0020000000000000018,ETH,2496.13,0.0
2026-09-06T07:50:16.801142+00:00,ETH-7SEP26-2580-P,2496.15,ETH-7SEP26,put,2580.0,2026-09-07T08:00:00+00:00,0.002756331243757447,0.031,0.038,0.034618,0.0345,2496.15,ETH-7SEP26,0.4697,-0.90769,0.21674,0.0,0.0,0.006999999999999999,ETH,2496.13,0.0
2026-09-06T07:50:16.801142+00:00,ETH-25DEC26-4200-C,2520.65,ETH-25DEC26,call,4200.0,2026-12-25T08:00:00+00:00,0.3011820670411565,0.0105,0.0115,0.010965,0.011,2520.65,ETH-25DEC26,0.5996,0.08281,2.11154,5295.0,0.0,0.0009999999999999992,ETH,2496.13,0.0
2026-09-06T07:50:16.801142+00:00,ETH-30OCT26-2550-C,2507.26,ETH-30OCT26,call,2550.0,2026-10-30T08:00:00+00:00,0.14786242296175883,0.0705,0.0715,0.070983,0.071,2507.26,ETH-30OCT26,0.5126,0.50518,3.84728,1490.0,0.0,0.0010000000000000009,ETH,2496.13,0.0
2026-09-06T07:50:16.801142+00:00,ETH-25SEP26-8500-C,2501.8,ETH-25SEP26,call,8500.0,2026-09-25T08:00:00+00:00,0.05203764541213527,,0.0001,2e-06,,2501.8,ETH-25SEP26,1.3075,4e-05,0.00093,1699.0,0.0,,ETH,2496.13,0.0
2026-09-06T07:50:16.801142+00:00,ETH-27NOV26-2600-C,2514.83,ETH-27NOV26,call,2600.0,2026-11-27T08:00:00+00:00,0.22452224500145768,0.0835,0.085,0.08437,0.08425,2514.83,ETH-27NOV26,0.5234000000000001,0.49597,4.75536,197.0,0.0,0.0015000000000000013,ETH,2496.13,0.0
2026-09-06T07:50:16.801142+00:00,ETH-26MAR27-5000-P,2546.76,ETH-26MAR27,put,5000.0,2027-03-26T08:00:00+00:00,0.5503264886701777,0.9655,0.996,0.980736,0.98075,2546.76,ETH-26MAR27,0.6014,-0.90121,3.28742,0.0,0.0,0.03049999999999997,ETH,2496.13,0.0
2026-09-06T07:50:16.801142+00:00,ETH-25SEP26-4500-P,2501.84,ETH-25SEP26,put,4500.0,2026-09-25T08:00:00+00:00,0.05203764541213527,0.793,0.807,0.798771,0.8,2501.84,ETH-25SEP26,0.8820999999999999,-0.99757,0.0432,6.0,0.0,0.014000000000000012,ETH,2496.13,0.0
2026-09-06T07:50:16.801142+00:00,ETH-6SEP26-2000-P,2495.59,ETH-6SEP26,put,2000.0,2026-09-06T08:00:00+00:00,1.84804566253454e-05,,0.0001,0.0,,2495.59,ETH-6SEP26,1.0279,0.0,0.0,177.0,0.0,,ETH,2496.13,0.0
2026-09-06T07:50:16.801142+00:00,ETH-30OCT26-3200-C,2507.26,ETH-30OCT26,call,3200.0,2026-10-30T08:00:00+00:00,0.14786242296175883,0.0155,0.0165,0.016028,0.016,2507.26,ETH-30OCT26,0.5647,0.15521,2.30025,5040.0,176.0,0.0010000000000000009,ETH,2496.13,6697.61
2026-09-06T07:50:16.801142+00:00,ETH-18SEP26-2000-C,2499.49,ETH-18SEP26,call,2000.0,2026-09-18T08:00:00+00:00,0.03287268990221056,0.1985,0.2025,0.20075,0.2005,2499.49,ETH-18SEP26,0.6209,0.97915,0.22735,18.0,0.0,0.0040000000000000036,ETH,2496.13,0.0
2026-09-06T07:50:16.801142+00:00,ETH-26MAR27-800-C,2546.77,ETH-26MAR27,call,800.0,2027-03-26T08:00:00+00:00,0.5503264886701777,0.6875,0.6905,0.689255,0.689,2546.77,ETH-26MAR27,0.8105,0.98699,0.6331,0.0,0.0,0.0030000000000000027,ETH,2496.13,0.0
2026-09-06T07:50:16.801142+00:00,ETH-6SEP26-2100-P,2495.59,ETH-6SEP26,put,2100.0,2026-09-06T08:00:00+00:00,1.84804566253454e-05,,0.0001,0.0,,2495.59,ETH-6SEP26,0.9340999999999999,0.0,0.0,507.0,0.0,,ETH,2496.13,0.0
2026-09-06T07:50:16.801142+00:00,ETH-26MAR27-4400-C,2546.76,ETH-26MAR27,call,4400.0,2027-03-26T08:00:00+00:00,0.5503264886701777,0.0265,0.0285,0.027533,0.0275,2546.76,ETH-26MAR27,0.5832,0.14754,4.35826,1063.0,0.0,0.0020000000000000018,ETH,2496.13,0.0
2026-09-06T07:50:16.801142+00:00,ETH-25DEC26-3000-P,2520.69,ETH-25DEC26,put,3000.0,2026-12-25T08:00:00+00:00,0.3011820670411565,0.2365,0.2515,0.244931,0.244,2520.69,ETH-25DEC26,0.5371,-0.67108,5.00495,781.0,0.0,0.015000000000000013,ETH,2496.13,0.0
2026-09-06T07:50:16.801142+00:00,ETH-8SEP26-2520-P,2496.55,ETH-8SEP26,put,2520.0,2026-09-08T08:00:00+00:00,0.005494182030889547,0.0155,0.0175,0.01618,0.0165,2496.55,ETH-8SEP26,0.36560000000000004,-0.62963,0.69885,10.0,10.0,0.0020000000000000018,ETH,2496.13,307.77
2026-09-06T07:50:16.801142+00:00,ETH-25SEP26-2500-P,2501.84,ETH-25SEP26,put,2500.0,2026-09-25T08:00:00+00:00,0.05203764541213527,0.044,0.045,0.044366,0.0445,2501.84,ETH-25SEP26,0.49200000000000005,-0.47498,2.27302,4553.0,41.0,0.0010000000000000009,ETH,2496.13,4567.03
2026-09-06T07:50:16.801142+00:00,ETH-25SEP26-13000-C,2501.84,ETH-25SEP26,call,13000.0,2026-09-25T08:00:00+00:00,0.05203764541213527,,0.0001,2e-06,,2501.84,ETH-25SEP26,1.7075,3e-05,0.00066,3307.0,0.0,,ETH,2496.13,0.0
2026-09-06T07:50:16.801142+00:00,ETH-25SEP26-7200-P,2501.84,ETH-25SEP26,put,7200.0,2026-09-25T08:00:00+00:00,0.05203764541213527,1.867,1.891,1.877816,1.879,2501.84,ETH-25SEP26,1.1496,-0.99995,0.00114,0.0,0.0,0.02400000000000002,ETH,2496.13,0.0
2026-09-06T07:50:16.801142+00:00,ETH-6SEP26-2620-C,2495.59,ETH-6SEP26,call,2620.0,2026-09-06T08:00:00+00:00,1.84804566253454e-05,,0.0001,0.0,,2495.59,ETH-6SEP26,0.6761,0.0,0.0,114.0,0.0,,ETH,2496.13,0.0
2026-09-06T07:50:16.801142+00:00,ETH-25JUN27-1900-P,2575.09,ETH-25JUN27,put,1900.0,2027-06-25T08:00:00+00:00,0.7994709102991989,0.072,0.075,0.073481,0.0735,2575.09,ETH-25JUN27,0.5719,-0.19757,6.40155,3367.0,0.0,0.0030000000000000027,ETH,2496.13,0.0
2026-09-06T07:50:16.801142+00:00,ETH-27NOV26-3400-P,2514.83,ETH-27NOV26,put,3400.0,2026-11-27T08:00:00+00:00,0.22452224500145768,0.3645,0.3805,0.372444,0.3725,2514.83,ETH-27NOV26,0.568,-0.83781,2.92628,0.0,0.0,0.016000000000000014,ETH,2496.16,0.0
2026-09-06T07:50:16.801142+00:00,ETH-7SEP26-2420-C,2496.15,ETH-7SEP26,call,2420.0,2026-09-07T08:00:00+00:00,0.002756331243757447,0.028,0.0345,0.031284,0.03125,2496.15,ETH-7SEP26,0.4165,0.92381,0.18758,1.0,0.0,0.006500000000000002,ETH,2496.16,0.0
2026-09-06T07:50:16.801142+00:00,ETH-25DEC26-4500-C,2520.69,ETH-25DEC26,call,4500.0,2026-12-25T08:00:00+00:00,0.3011820670411565,0.0075,0.0085,0.007985,0.008,2520.69,ETH-25DEC26,0.6172,0.06166,1.68404,3051.0,0.0,0.0010000000000000009,ETH,2496.16,0.0
2026-09-06T07:50:16.801142+00:00,ETH-9SEP26-2660-P,2496.54,ETH-9SEP26,put,2660.0,2026-09-09T08:00:00+00:00,0.008232032818021649,0.0635,0.0715,0.067191,0.0675,2496.54,ETH-9SEP26,0.502,-0.91454,0.3539,0.0,0.0,0.007999999999999993,ETH,2496.16,0.0
2026-09-06T07:50:16.801142+00:00,ETH-30OCT26-1000-P,2507.22,ETH-30OCT26,put,1000.0,2026-10-30T08:00:00+00:00,0.14786242296175883,0.0001,0.0005,0.000243,0.0003,2507.22,ETH-30OCT26,0.8919,-0.00218,0.06611,1893.0,0.0,0.0004,ETH,2496.16,0.0
2026-09-06T07:50:16.801142+00:00,ETH-25JUN27-1400-C,2575.09,ETH-25JUN27,call,1400.0,2027-06-25T08:00:00+00:00,0.7994709102991989,0.481,0.487,0.484313,0.484,2575.09,ETH-25JUN27,0.624,0.91485,3.58934,50.0,0.0,0.006000000000000005,ETH,2496.16,0.0
2026-09-06T07:50:16.801142+00:00,ETH-26MAR27-2300-C,2546.76,ETH-26MAR27,call,2300.0,2027-03-26T08:00:00+00:00,0.5503264886701777,0.205,0.208,0.206651,0.2065,2546.76,ETH-26MAR27,0.5486,0.67509,6.80167,7621.0,0.0,0.0030000000000000027,ETH,2496.15,0.0
2026-09-06T07:50:16.801142+00:00,ETH-25SEP26-6400-C,2501.84,ETH-25SEP26,call,6400.0,2026-09-25T08:00:00+00:00,0.05203764541213527,,0.0001,5e-06,,2501.84,ETH-25SEP26,1.0674,9e-05,0.00213,2860.0,0.0,,ETH,2496.16,0.0
2026-09-06T07:50:16.801142+00:00,ETH-25DEC26-3500-P,2520.65,ETH-25DEC26,put,3500.0,2026-12-25T08:00:00+00:00,0.3011820670411565,0.405,0.424,0.414713,0.4145,2520.65,ETH-25DEC26,0.5596,-0.81984,3.63316,62.0,0.0,0.01899999999999996,ETH,2496.15,0.0
2026-09-06T07:50:16.801142+00:00,ETH-26MAR27-6000-C,2546.76,ETH-26MAR27,call,6000.0,2027-03-26T08:00:00+00:00,0.5503264886701777,0.0085,0.01,0.009252,0.00925,2546.76,ETH-26MAR27,0.6303,0.05499,2.10229,5140.0,5.0,0.0014999999999999996,ETH,2496.15,92.16
2026-09-06T07:50:16.801142+00:00,ETH-11SEP26-2700-P,2497.37,ETH-11SEP26,put,2700.0,2026-09-11T08:00:00+00:00,0.013707734392285852,0.0805,0.0875,0.084489,0.084,2497.37,ETH-11SEP26,0.5371,-0.8865,0.56235,1.0,0.0,0.006999999999999992,ETH,2496.15,0.0
2026-09-06T07:50:16.801142+00:00,ETH-8SEP26-2540-C,2496.55,ETH-8SEP26,call,2540.0,2026-09-08T08:00:00+00:00,0.005494182030889547,0.0045,0.005,0.004891,0.00475,2496.55,ETH-8SEP26,0.38770000000000004,0.27939,0.6221,416.0,458.0,0.0005000000000000004,ETH,2496.15,2179.87
2026-09-06T07:50:16.801142+00:00,ETH-26MAR27-3500-P,2546.76,ETH-26MAR27,put,3500.0,2027-03-26T08:00:00+00:00,0.5503264886701777,0.4245,0.446,0.435517,0.43525,2546.76,ETH-26MAR27,0.5590999999999999,-0.7118,6.45075,24.0,0.0,0.02150000000000002,ETH,2496.16,0.0
2026-09-06T07:50:16.801142+00:00,ETH-30OCT26-3400-P,2507.22,ETH-30OCT26,put,3400.0,2026-10-30T08:00:00+00:00,0.14786242296175883,0.361,0.3735,0.366702,0.36725,2507.22,ETH-30OCT26,0.5861999999999999,-0.89211,1.78843,0.0,0.0,0.012500000000000011,ETH,2496.16,0.0
2026-09-06T07:50:16.801142+00:00,ETH-25SEP26-3500-P,2501.84,ETH-25SEP26,put,3500.0,2026-09-25T08:00:00+00:00,0.05203764541213527,0.3955,0.4065,0.400229,0.401,2501.84,ETH-25SEP26,0.7066,-0.97733,0.30731,1121.0,0.0,0.010999999999999954,ETH,2496.16,0.0
2026-09-06T07:50:16.801142+00:00,ETH-25DEC26-5200-C,2520.69,ETH-25DEC26,call,5200.0,2026-12-25T08:00:00+00:00,0.3011820670411565,0.004,0.0047,0.004294,0.00435,2520.69,ETH-25DEC26,0.6579,0.03406,1.04568,9215.0,0.0,0.0007000000000000001,ETH,2496.16,0.0
2026-09-06T07:50:16.801142+00:00,ETH-27NOV26-4400-C,2514.83,ETH-27NOV26,call,4400.0,2026-11-27T08:00:00+00:00,0.22452224500145768,0.005,0.006,0.00549,0.0055,2514.83,ETH-27NOV26,0.6489,0.04797,1.18933,110.0,0.0,0.001,ETH,2496.16,0.0
2026-09-06T07:50:16.801142+00:00,ETH-25SEP26-6500-C,2501.84,ETH-25SEP26,call,6500.0,2026-09-25T08:00:00+00:00,0.05203764541213527,,0.0001,5e-06,,2501.84,ETH-25SEP26,1.0823,9e-05,0.00207,1922.0,0.0,,ETH,2496.16,0.0
2026-09-06T07:50:16.801142+00:00,ETH-30OCT26-2250-C,2507.22,ETH-30OCT26,call,2250.0,2026-10-30T08:00:00+00:00,0.14786242296175883,0.1355,0.138,0.137048,0.13675,2507.22,ETH-30OCT26,0.5152,0.74074,3.12377,787.0,0.0,0.0025000000000000022,ETH,2496.16,0.0
2026-09-06T07:50:16.801142+00:00,ETH-8SEP26-2660-C,2496.55,ETH-8SEP26,call,2660.0,2026-09-08T08:00:00+00:00,0.005494182030889547,0.0007,0.001,0.000872,0.00085,2496.55,ETH-8SEP26,0.5252,0.05372,0.20199,96.0,96.0,0.00030000000000000003,ETH,2496.16,248.43
2026-09-06T07:50:16.801142+00:00,ETH-30OCT26-1900-P,2507.26,ETH-30OCT26,put,1900.0,2026-10-30T08:00:00+00:00,0.14786242296175883,0.0085,0.0095,0.008994,0.009,2507.26,ETH-30OCT26,0.5645,-0.08288,1.47258,1372.0,100.0,0.0009999999999999992,ETH,2496.16,2230.6
2026-09-06T07:50:16.801142+00:00,ETH-30OCT26-2900-P,2507.22,ETH-30OCT26,put,2900.0,2026-10-30T08:00:00+00:00,0.14786242296175883,0.182,0.194,0.187771,0.188,2507.22,ETH-30OCT26,0.535,-0.72702,3.20643,0.0,0.0,0.01200000000000001,ETH,2496.16,0.0
2026-09-06T07:50:16.801142+00:00,ETH-11SEP26-3200-C,2497.33,ETH-11SEP26,call,3200.0,2026-09-11T08:00:00+00:00,0.013707734392285852,0.0001,0.0003,0.000246,0.0002,2497.33,ETH-11SEP26,0.8554999999999999,0.00761,0.06131,5860.0,556.0,0.00019999999999999998,ETH,2496.16,160.12
2026-09-06T07:50:16.801142+00:00,ETH-25SEP26-2750-C,2501.8,ETH-25SEP26,call,2750.0,2026-09-25T08:00:00+00:00,0.05203764541213527,0.015,0.016,0.015487,0.0155,2501.8,ETH-25SEP26,0.5267000000000001,0.23373,1.7491,468.0,431.0,0.0010000000000000009,ETH,2496.16,17309.19
2026-09-06T07:50:16.801142+00:00,ETH-25SEP26-2450-C,2501.8,ETH-25SEP26,call,2450.0,2026-09-25T08:00:00+00:00,0.05203764541213527,0.0545,0.0555,0.055263,0.055,2501.8,ETH-25SEP26,0.4901,0.59614,2.21105,2.0,2.0,0.0010000000000000009,ETH,2496.16,221.01
2026-09-06T07:50:16.801142+00:00,ETH-8SEP26-2200-P,2496.51,ETH-8SEP26,put,2200.0,2026-09-08T08:00:00+00:00,0.005494182030889547,0.0002,0.0003,0.000201,0.00025,2496.51,ETH-8SEP26,0.7482,-0.01047,0.05134,288.0,152.0,9.999999999999996e-05,ETH,2496.16,130.03
2026-09-06T07:50:16.801142+00:00,ETH-6SEP26-2640-C,2495.59,ETH-6SEP26,call,2640.0,2026-09-06T08:00:00+00:00,1.84804566253454e-05,,0.0001,0.0,,2495.59,ETH-6SEP26,0.6761,0.0,0.0,197.0,0.0,,ETH,2496.16,0.0
2026-09-06T07:50:16.801142+00:00,ETH-25SEP26-8000-P,2501.84,ETH-25SEP26,put,8000.0,2026-09-25T08:00:00+00:00,0.05203764541213527,2.185,2.213,2.197572,2.199,2501.84,ETH-25SEP26,1.2502,-0.99996,0.001,0.0,0.0,0.028000000000000025,ETH,2496.16,0.0
2026-09-06T07:50:16.801142+00:00,ETH-8SEP26-2900-P,2496.55,ETH-8SEP26,put,2900.0,2026-09-08T08:00:00+00:00,0.005494182030889547,0.1585,0.165,0.161663,0.16175,2496.55,ETH-8SEP26,0.7746,-0.99507,0.02641,0.0,0.0,0.006500000000000006,ETH,2496.16,0.0
2026-09-06T07:50:16.801142+00:00,ETH-25SEP26-6800-C,2501.8,ETH-25SEP26,call,6800.0,2026-09-25T08:00:00+00:00,0.05203764541213527,,0.0001,3e-06,,2501.8,ETH-25SEP26,1.1040999999999999,6e-05,0.00141,1995.0,0.0,,ETH,2496.16,0.0
2026-09-06T07:50:16.801142+00:00,ETH-25DEC26-4600-P,2520.65,ETH-25DEC26,put,4600.0,2026-12-25T08:00:00+00:00,0.3011820670411565,0.8205,0.8455,0.831944,0.833,2520.65,ETH-25DEC26,0.6206,-0.94468,1.54649,0.0,0.0,0.025000000000000022,ETH,2496.16,0.0
2026-09-06T07:50:16.801142+00:00,ETH-26MAR27-900-C,2546.76,ETH-26MAR27,call,900.0,2027-03-26T08:00:00+00:00,0.5503264886701777,0.6495,0.6525,0.651166,0.651,2546.76,ETH-26MAR27,0.7726000000000001,0.98218,0.82961,68.0,0.0,0.0030000000000000027,ETH,2496.17,0.0
2026-09-06T07:50:16.801142+00:00,ETH-6SEP26-2300-C,2495.59,ETH-6SEP26,call,2300.0,2026-09-06T08:00:00+00:00,1.84804566253454e-05,0.075,0.081,0.078422,0.078,2495.59,ETH-6SEP26,0.4875,0.21333,0.0,0.0,0.0,0.006000000000000005,ETH,2496.17,0.0
2026-09-06T07:50:16.801142+00:00,ETH-25SEP26-3600-C,2501.84,ETH-25SEP26,call,3600.0,2026-09-25T08:00:00+00:00,0.05203764541213527,0.0009,0.0011,0.001021,0.001,2501.84,ETH-25SEP26,0.7303000000000001,0.01784,0.25079,3530.0,500.0,0.0002000000000000001,ETH,2496.17,1378.93
2026-09-06T07:50:16.801142+00:00,ETH-7SEP26-2700-P,2496.15,ETH-7SEP26,put,2700.0,2026-09-07T08:00:00+00:00,0.002756331243757447,0.0785,0.0855,0.08185,0.082,2496.15,ETH-7SEP26,0.6918000000000001,-0.98401,0.05239,0.0,0.0,0.007000000000000006,ETH,2496.17,0.0
2026-09-06T07:50:16.801142+00:00,ETH-25SEP26-4600-P,2501.8,ETH-25SEP26,put,4600.0,2026-09-25T08:00:00+00:00,0.05203764541213527,0.8325,0.847,0.838717,0.83975,2501.8,ETH-25SEP26,0.8964,-0.99799,0.03638,38.0,0.0,0.014499999999999957,ETH,2496.17,0.0
2026-09-06T07:50:16.801142+00:00,ETH-18SEP26-2100-P,2499.49,ETH-18SEP26,put,2100.0,2026-09-18T08:00:00+00:00,0.03287268990221056,0.0015,0.0018,0.001687,0.00165,2499.49,ETH-18SEP26,0.5631,-0.03946,0.38631,1476.0,18.0,0.0002999999999999999,ETH,2496.17,72.17
2026-09-06T07:50:16.801142+00:00,ETH-27NOV26-1800-C,2514.83,ETH-27NOV26,call,1800.0,2026-11-27T08:00:00+00:00,0.22452224500145768,0.295,0.2985,0.297248,0.29675,2514.83,ETH-27NOV26,0.5858,0.91043,1.92902,0.0,0.0,0.003500000000000003,ETH,2496.17,0.0
2026-09-06T07:50:16.801142+00:00,ETH-26MAR27-900-P,2546.77,ETH-26MAR27,put,900.0,2027-03-26T08:00:00+00:00,0.5503264886701777,0.0041,0.005,0.004549,0.00455,2546.77,ETH-26MAR27,0.7726000000000001,-0.01782,0.82962,828.0,0.0,0.0008999999999999998,ETH,2496.17,0.0
2026-09-06T07:50:16.801142+00:00,ETH-6SEP26-2480-P,2495.59,ETH-6SEP26,put,2480.0,2026-09-06T08:00:00+00:00,1.84804566253454e-05,,0.0001,0.0,,2495.59,ETH-6SEP26,0.3578,0.0,0.0,655.0,483.0,,ETH,2496.17,1029.76
2026-09-06T07:50:16.801142+00:00,ETH-25JUN27-2600-P,2575.09,ETH-25JUN27,put,2600.0,2027-06-25T08:00:00+00:00,0.7994709102991989,0.2,0.204,0.202,0.202,2575.09,ETH-25JUN27,0.5555,-0.4093,8.9514,75.0,0.0,0.003999999999999976,ETH,2496.17,0.0
2026-09-06T07:50:16.801142+00:00,ETH-18SEP26-2500-P,2499.49,ETH-18SEP26,put,2500.0,2026-09-18T08:00:00+00:00,0.03287268990221056,0.0345,0.0355,0.035157,0.035,2499.49,ETH-18SEP26,0.48469999999999996,-0.48322,1.80682,1876.0,2.0,0.000999999999999994,ETH,2496.16,164.24
2026-09-06T07:50:16.801142+00:00,ETH-11SEP26-2520-P,2497.37,ETH-11SEP26,put,2520.0,2026-09-11T08:00:00+00:00,0.013707734392285852,0.0245,0.0255,0.025328,0.025,2497.37,ETH-11SEP26,0.43670000000000003,-0.55956,1.15361,0.0,0.0,0.0009999999999999974,ETH,2496.16,0.0
2026-09-06T07:50:16.801142+00:00,ETH-25SEP26-15000-P,2501.84,ETH-25SEP26,put,15000.0,2026-09-25T08:00:00+00:00,0.05203764541213527,4.968,5.028,4.995446,4.998,2501.84,ETH-25SEP26,1.8378999999999999,-0.99998,0.0006,0.0,0.0,0.05999999999999961,ETH,2496.16,0.0
2026-09-06T07:50:16.801142+00:00,ETH-30OCT26-3100-P,2507.22,ETH-30OCT26,put,3100.0,2026-10-30T08:00:00+00:00,0.14786242296175883,0.25,0.263,0.256228,0.2565,2507.22,ETH-30OCT26,0.5542,-0.8129,2.5925,0.0,0.0,0.013000000000000012,ETH,2496.16,0.0
2026-09-06T07:50:16.801142+00:00,ETH-7SEP26-2340-C,2496.15,ETH-7SEP26,call,2340.0,2026-09-07T08:00:00+00:00,0.002756331243757447,0.059,0.0655,0.062706,0.06225,2496.15,ETH-7SEP26,0.5552,0.9873,0.04296,0.0,0.0,0.006500000000000006,ETH,2496.16,0.0
2026-09-06T07:50:16.801142+00:00,ETH-25SEP26-12000-P,2501.84,ETH-25SEP26,put,12000.0,2026-09-25T08:00:00+00:00,0.05203764541213527,3.776,3.819,3.796357,3.7975,2501.84,ETH-25SEP26,1.6338,-0.99997,0.00071,0.0,0.0,0.04300000000000015,ETH,2496.16,0.0
2026-09-06T07:50:16.801142+00:00,ETH-6SEP26-2280-P,2495.59,ETH-6SEP26,put,2280.0,2026-09-06T08:00:00+00:00,1.84804566253454e-05,,0.0001,0.0,,2495.59,ETH-6SEP26,0.5406,0.0,0.0,695.0,0.0,,ETH,2496.16,0.0
2026-09-06T07:50:16.801142+00:00,ETH-8SEP26-2750-P,2496.55,ETH-8SEP26,put,2750.0,2026-09-08T08:00:00+00:00,0.005494182030889547,0.0985,0.1055,0.101833,0.102,2496.55,ETH-8SEP26,0.6286,-0.97996,0.08974,0.0,0.0,0.006999999999999992,ETH,2496.16,0.0
2026-09-06T07:50:16.801142+00:00,ETH-30OCT26-2300-P,2507.22,ETH-30OCT26,put,2300.0,2026-10-30T08:00:00+00:00,0.14786242296175883,0.0405,0.0415,0.040969,0.041,2507.22,ETH-30OCT26,0.5123,-0.29576,3.33167,8042.0,3.0,0.0010000000000000009,ETH,2496.16,346.25
2026-09-06T07:50:16.801142+00:00,ETH-30OCT26-3600-P,2507.22,ETH-30OCT26,put,3600.0,2026-10-30T08:00:00+00:00,0.14786242296175883,0.4375,0.451,0.443288,0.44425,2507.22,ETH-30OCT26,0.6107,-0.92252,1.3995,17.0,0.0,0.013500000000000012,ETH,2496.16,0.0
2026-09-06T07:50:16.801142+00:00,ETH-6SEP26-2550-C,2495.59,ETH-6SEP26,call,2550.0,2026-09-06T08:00:00+00:00,1.84804566253454e-05,,0.0001,0.0,,2495.59,ETH-6SEP26,0.5044,0.0,0.0,465.0,475.0,,ETH,2496.16,389.75
2026-09-06T07:50:16.801142+00:00,ETH-7SEP26-2420-P,2496.15,ETH-7SEP26,put,2420.0,2026-09-07T08:00:00+00:00,0.002756331243757447,0.0007,0.0009,0.000757,0.0008,2496.15,ETH-7SEP26,0.4165,-0.07615,0.18751,347.0,411.0,0.00019999999999999998,ETH,2496.16,832.5
2026-09-06T07:50:16.801142+00:00,ETH-27NOV26-2100-P,2514.83,ETH-27NOV26,put,2100.0,2026-11-27T08:00:00+00:00,0.22452224500145768,0.0325,0.0335,0.03296,0.033,2514.83,ETH-27NOV26,0.5396,-0.20244,3.36176,519.0,0.0,0.0010000000000000009,ETH,2496.16,0.0
2026-09-06T07:50:16.801142+00:00,ETH-25DEC26-3000-C,2520.69,ETH-25DEC26,call,3000.0,2026-12-25T08:00:00+00:00,0.3011820670411565,0.054,0.0555,0.054804,0.05475,2520.69,ETH-25DEC26,0.5371,0.32893,5.00497,10284.0,221.0,0.0015000000000000013,ETH,2496.16,27151.74
2026-09-06T07:50:16.801142+00:00,ETH-6SEP26-2440-P,2495.61,ETH-6SEP26,put,2440.0,2026-09-06T08:00:00+00:00,1.84804566253454e-05,,0.0435,0.0,,2495.61,ETH-6SEP26,0.40619999999999995,0.0,0.0,1505.0,790.0,,ETH,2496.16,1030.21
2026-09-06T07:50:16.801142+00:00,ETH-25DEC26-4200-P,2520.65,ETH-25DEC26,put,4200.0,2026-12-25T08:00:00+00:00,0.3011820670411565,0.666,0.689,0.677142,0.6775,2520.65,ETH-25DEC26,0.5996,-0.91719,2.11151,61.0,0.0,0.02299999999999991,ETH,2496.16,0.0
2026-09-06T07:50:16.801142+00:00,ETH-9SEP26-2380-P,2496.54,ETH-9SEP26,put,2380.0,2026-09-09T08:00:00+00:00,0.008232032818021649,0.0018,0.0021,0.001935,0.00195,2496.54,ETH-9SEP26,0.42460000000000003,-0.10358,0.40781,0.0,0.0,0.0002999999999999999,ETH,2496.16,0.0
2026-09-06T07:50:16.801142+00:00,ETH-9SEP26-2200-C,2496.58,ETH-9SEP26,call,2200.0,2026-09-09T08:00:00+00:00,0.008232032818021649,0.117,0.1205,0.119217,0.11875,2496.58,ETH-9SEP26,0.674,0.9822,0.09931,0.0,0.0,0.0034999999999999892,ETH,2496.16,0.0
2026-09-06T07:50:16.801142+00:00,ETH-26MAR27-2100-C,2546.77,ETH-26MAR27,call,2100.0,2027-03-26T08:00:00+00:00,0.5503264886701777,0.2505,0.2535,0.252351,0.252,2546.77,ETH-26MAR27,0.5550999999999999,0.74996,6.00666,897.0,0.0,0.0030000000000000027,ETH,2496.11,0.0
2026-09-06T07:50:16.801142+00:00,ETH-26MAR27-1300-C,2546.76,ETH-26MAR27,call,1300.0,2027-03-26T08:00:00+00:00,0.5503264886701777,0.5,0.504,0.502787,0.502,2546.76,ETH-26MAR27,0.6587000000000001,0.94741,2.02921,18.0,0.0,0.0040000000000000036,ETH,2496.11,0.0
2026-09-06T07:50:16.801142+00:00,ETH-25DEC26-2200-P,2520.69,ETH-25DEC26,put,2200.0,2026-12-25T08:00:00+00:00,0.3011820670411565,0.056,0.0575,0.056786,0.05675,2520.69,ETH-25DEC26,0.5331,-0.2705,4.57978,8898.0,0.0,0.0015000000000000013,ETH,2496.11,0.0
2026-09-06T07:50:16.801142+00:00,ETH-7SEP26-2300-P,2496.16,ETH-7SEP26,put,2300.0,2026-09-07T08:00:00+00:00,0.002756331243757447,,0.0002,9.1e-05,,2496.16,ETH-7SEP26,0.6515000000000001,-0.00789,0.02836,2089.0,22.0,,ETH,2496.11,9.61
2026-09-06T07:50:16.801142+00:00,ETH-9SEP26-2320-C,2496.54,ETH-9SEP26,call,2320.0,2026-09-09T08:00:00+00:00,0.008232032818021649,0.0695,0.0735,0.071542,0.0715,2496.54,ETH-9SEP26,0.4797,0.95621,0.21004,0.0,0.0,0.00399999999999999,ETH,2496.11,0.0
2026-09-06T07:50:16.801142+00:00,ETH-27NOV26-2900-P,2514.83,ETH-27NOV26,put,2900.0,2026-11-27T08:00:00+00:00,0.22452224500145768,0.1995,0.205,0.201745,0.20225,2514.83,ETH-27NOV26,0.5349,-0.66828,4.32595,0.0,0.0,0.005499999999999977,ETH,2496.06,0.0
2026-09-06T07:50:16.801142+00:00,ETH-25SEP26-1500-C,2501.8,ETH-25SEP26,call,1500.0,2026-09-25T08:00:00+00:00,0.05203764541213527,0.399,0.402,0.400777,0.4005,2501.8,ETH-25SEP26,0.8985,0.99531,0.07797,969.0,0.0,0.0030000000000000027,ETH,2496.11,0.0
2026-09-06T07:50:16.801142+00:00,ETH-30OCT26-2200-P,2507.22,ETH-30OCT26,put,2200.0,2026-10-30T08:00:00+00:00,0.14786242296175883,0.028,0.0295,0.028778,0.02875,2507.22,ETH-30OCT26,0.5194,-0.22535,2.89497,820.0,10.0,0.0014999999999999979,ETH,2496.06,797.71
2026-09-06T07:50:16.801142+00:00,ETH-27NOV26-2200-C,2514.83,ETH-27NOV26,call,2200.0,2026-11-27T08:00:00+00:00,0.22452224500145768,0.1675,0.17,0.169347,0.16875,2514.83,ETH-27NOV26,0.531,0.74455,3.83133,0.0,0.0,0.0025000000000000022,ETH,2496.06,0.0
2026-09-06T07:50:16.801142+00:00,ETH-8SEP26-2660-P,2496.55,ETH-8SEP26,put,2660.0,2026-09-08T08:00:00+00:00,0.005494182030889547,0.063,0.07,0.066317,0.0665,2496.55,ETH-8SEP26,0.5252,-0.94634,0.20182,0.0,0.0,0.007000000000000006,ETH,2496.06,0.0
2026-09-06T07:50:16.801142+00:00,ETH-25SEP26-2650-C,2501.84,ETH-25SEP26,call,2650.0,2026-09-25T08:00:00+00:00,0.05203764541213527,0.0235,0.0245,0.023832,0.024,2501.84,ETH-25SEP26,0.5094,0.33115,2.0703,284.0,10.0,0.0010000000000000009,ETH,2496.06,514.59
2026-09-06T07:50:16.801142+00:00,ETH-11SEP26-3200-P,2497.33,ETH-11SEP26,put,3200.0,2026-09-11T08:00:00+00:00,0.013707734392285852,0.278,0.2855,0.281563,0.28175,2497.33,ETH-11SEP26,0.8554999999999999,-0.99242,0.06113,0.0,0.0,0.007499999999999951,ETH,2496.06,0.0
2026-09-06T07:50:16.801142+00:00,ETH-25DEC26-2100-C,2520.69,ETH-25DEC26,call,2100.0,2026-12-25T08:00:00+00:00,0.3011820670411565,0.2085,0.214,0.211122,0.21125,2520.69,ETH-25DEC26,0.5401,0.77757,4.12308,1480.0,0.0,0.005500000000000005,ETH,2496.06,0.0
2026-09-06T07:50:16.801142+00:00,ETH-6SEP26-2460-C,2495.59,ETH-6SEP26,call,2460.0,2026-09-06T08:00:00+00:00,1.84804566253454e-05,0.0105,0.017,0.014313,0.01375,2495.59,ETH-6SEP26,0.405,0.20889,0.0,901.0,262.0,0.006500000000000001,ETH,2496.05,2005.62
2026-09-06T07:50:16.801142+00:00,ETH-30OCT26-2500-P,2507.26,ETH-30OCT26,put,2500.0,2026-10-30T08:00:00+00:00,0.14786242296175883,0.076,0.077,0.076668,0.0765,2507.26,ETH-30OCT26,0.5106,-0.45502,3.82302,501.0,12.0,0.0010000000000000009,ETH,2496.05,2479.44
2026-09-06T07:50:16.801142+00:00,ETH-11SEP26-2470-C,2497.37,ETH-11SEP26,call,2470.0,2026-09-11T08:00:00+00:00,0.013707734392285852,0.025,0.0265,0.025685,0.02575,2497.37,ETH-11SEP26,0.4243,0.59749,1.13157,118.0,18.0,0.0014999999999999979,ETH,2496.05,758.38
2026-09-06T07:50:16.801142+00:00,ETH-27NOV26-1800-P,2514.83,ETH-27NOV26,put,1800.0,2026-11-27T08:00:00+00:00,0.22452224500145768,0.0125,0.013,0.012974,0.01275,2514.83,ETH-27NOV26,0.5858,-0.0896,1.92934,400.0,165.0,0.0004999999999999987,ETH,2496.05,5319.42
2026-09-06T07:50:16.801142+00:00,ETH-18SEP26-2550-P,2499.49,ETH-18SEP26,put,2550.0,2026-09-18T08:00:00+00:00,0.03287268990221056,0.046,0.0475,0.04691,0.04675,2499.49,ETH-18SEP26,0.4916,-0.57139,1.77932,697.0,0.0,0.0015000000000000013,ETH,2496.05,0.0
2026-09-06T07:50:16.801142+00:00,ETH-7SEP26-2540-C,2496.15,ETH-7SEP26,call,2540.0,2026-09-07T08:00:00+00:00,0.002756331243757447,0.0021,0.0026,0.002327,0.00235,2496.15,ETH-7SEP26,0.39390000000000003,0.20283,0.36965,993.0,379.0,0.0005,ETH,2496.05,2625.13
2026-09-06T07:50:16.801142+00:00,ETH-7SEP26-2280-P,2496.15,ETH-7SEP26,put,2280.0,2026-09-07T08:00:00+00:00,0.002756331243757447,,0.0002,4.1e-05,,2496.15,ETH-7SEP26,0.6515000000000001,-0.00382,0.01487,167.0,0.0,,ETH,2496.05,0.0
2026-09-06T07:50:16.801142+00:00,ETH-11SEP26-2650-P,2497.33,ETH-11SEP26,put,2650.0,2026-09-11T08:00:00+00:00,0.013707734392285852,0.0625,0.07,0.066228,0.06625,2497.33,ETH-11SEP26,0.5081,-0.83331,0.73067,105.0,0.0,0.007500000000000007,ETH,2496.05,0.0
2026-09-06T07:50:16.801142+00:00,ETH-7SEP26-2440-P,2496.15,ETH-7SEP26,put,2440.0,2026-09-07T08:00:00+00:00,0.002756331243757447,0.001,0.0014,0.001196,0.0012,2496.15,ETH-7SEP26,0.37549999999999994,-0.1218,0.26467,604.0,295.0,0.00039999999999999996,ETH,2496.05,2150.0
2026-09-06T07:50:16.801142+00:00,ETH-26MAR27-4800-C,2546.76,ETH-26MAR27,call,4800.0,2027-03-26T08:00:00+00:00,0.5503264886701777,0.019,0.021,0.02005,0.02,2546.76,ETH-26MAR27,0.5939,0.11169,3.59283,2953.0,0.0,0.0020000000000000018,ETH,2496.05,0.0
2026-09-06T07:50:16.801142+00:00,ETH-18SEP26-2250-P,2499.48,ETH-18SEP26,put,2250.0,2026-09-18T08:00:00+00:00,0.03287268990221056,0.005,0.0055,0.005301,0.00525,2499.48,ETH-18SEP26,0.5019,-0.11489,0.87922,138.0,11.0,0.0004999999999999996,ETH,2496.05,163.59
2026-09-06T07:50:16.801142+00:00,ETH-25SEP26-3100-C,2501.84,ETH-25SEP26,call,3100.0,2026-09-25T08:00:00+00:00,0.05203764541213527,0.0038,0.0043,0.004044,0.00405,2501.84,ETH-25SEP26,0.607,0.06962,0.76331,14955.0,143.0,0.0005,ETH,2496.05,1273.3
2026-09-06T07:50:16.801142+00:00,ETH-11SEP26-2100-P,2497.37,ETH-11SEP26,put,2100.0,2026-09-11T08:00:00+00:00,0.013707734392285852,0.0002,0.0004,0.000299,0.0003,2497.37,ETH-11SEP26,0.6578,-0.01104,0.08496,2960.0,1.0,0.0002,ETH,2496.05,1.23
2026-09-06T07:50:16.801142+00:00,ETH-30OCT26-2850-C,2507.26,ETH-30OCT26,call,2850.0,2026-10-30T08:00:00+00:00,0.14786242296175883,0.0345,0.0355,0.035078,0.035,2507.26,ETH-30OCT26,0.5313,0.29988,3.35262,1149.0,0.0,0.000999999999999994,ETH,2496.05,0.0
2026-09-06T07:50:16.801142+00:00,ETH-25SEP26-1600-P,2501.84,ETH-25SEP26,put,1600.0,2026-09-25T08:00:00+00:00,0.05203764541213527,0.0003,0.0005,0.000413,0.0004,2501.84,ETH-25SEP26,0.8184999999999999,-0.00643,0.10327,11734.0,0.0,0.00020000000000000004,ETH,2496.05,0.0
2026-09-06T07:50:16.801142+00:00,ETH-25DEC26-3300-C,2520.65,ETH-25DEC26,call,3300.0,2026-12-25T08:00:00+00:00,0.3011820670411565,0.0345,0.0355,0.034939,0.035,2520.65,ETH-25DEC26,0.5499,0.22917,4.19323,2940.0,1.0,0.000999999999999994,ETH,2496.05,77.41
2026-09-06T07:50:16.801142+00:00,ETH-9SEP26-2680-C,2496.54,ETH-9SEP26,call,2680.0,2026-09-09T08:00:00+00:00,0.008232032818021649,0.0012,0.0016,0.001433,0.0014,2496.54,ETH-9SEP26,0.5206000000000001,0.0697,0.30311,11.0,11.0,0.0004000000000000002,ETH,2496.05,46.56
2026-09-06T07:50:16.801142+00:00,ETH-30OCT26-2150-P,2507.26,ETH-30OCT26,put,2150.0,2026-10-30T08:00:00+00:00,0.14786242296175883,0.0235,0.0245,0.023913,0.024,2507.26,ETH-30OCT26,0.5244,-0.19408,2.65133,1099.0,1.0,0.0010000000000000009,ETH,2496.05,57.44
2026-09-06T07:50:16.801142+00:00,ETH-27NOV26-2500-C,2514.83,ETH-27NOV26,call,2500.0,2026-11-27T08:00:00+00:00,0.22452224500145768,0.1,0.1015,0.101111,0.10075,2514.83,ETH-27NOV26,0.5217,0.55867,4.70395,420.0,0.0,0.0015000000000000013,ETH,2496.05,0.0
2026-09-06T07:50:16.801142+00:00,ETH-25DEC26-1200-C,2520.65,ETH-25DEC26,call,1200.0,2026-12-25T08:00:00+00:00,0.3011820670411565,0.5255,0.529,0.527288,0.52725,2520.65,ETH-25DEC26,0.7275,0.98021,0.66415,341.0,0.0,0.0035000000000000586,ETH,2496.05,0.0
2026-09-06T07:50:16.801142+00:00,ETH-8SEP26-2320-P,2496.55,ETH-8SEP26,put,2320.0,2026-09-08T08:00:00+00:00,0.005494182030889547,0.0004,0.0006,0.000428,0.0005,2496.55,ETH-8SEP26,0.5245000000000001,-0.02832,0.12,96.0,146.0,0.00019999999999999993,ETH,2496.05,294.29
2026-09-06T07:50:16.801142+00:00,ETH-27NOV26-2450-P,2514.83,ETH-27NOV26,put,2450.0,2026-11-27T08:00:00+00:00,0.22452224500145768,0.084,0.0855,0.084746,0.08475,2514.83,ETH-27NOV26,0.5216,-0.40932,4.6321,354.0,0.0,0.0015000000000000013,ETH,2496.05,0.0
2026-09-06T07:50:16.801142+00:00,ETH-7SEP26-2220-P,2496.16,ETH-7SEP26,put,2220.0,2026-09-07T08:00:00+00:00,0.002756331243757447,,0.0001,2e-06,,2496.16,ETH-7SEP26,0.6516,-0.00028,0.00137,20.0,0.0,,ETH,2496.05,0.0
2026-09-06T07:50:16.801142+00:00,ETH-25DEC26-3500-C,2520.65,ETH-25DEC26,call,3500.0,2026-12-25T08:00:00+00:00,0.3011820670411565,0.0255,0.027,0.026232,0.02625,2520.65,ETH-25DEC26,0.5596,0.18011,3.63231,29314.0,0.0,0.0015000000000000013,ETH,2496.05,0.0
2026-09-06T07:50:16.801142+00:00,ETH-9SEP26-2360-C,2496.54,ETH-9SEP26,call,2360.0,2026-09-09T08:00:00+00:00,0.008232032818021649,0.0535,0.0585,0.056137,0.056,2496.54,ETH-9SEP26,0.4414,0.92281,0.32773,0.0,0.0,0.0050000000000000044,ETH,2496.05,0.0
2026-09-06T07:50:16.801142+00:00,ETH-9SEP26-2640-P,2496.54,ETH-9SEP26,put,2640.0,2026-09-09T08:00:00+00:00,0.008232032818021649,0.056,0.0635,0.059592,0.05975,2496.54,ETH-9SEP26,0.483,-0.89495,0.41199,0.0,0.0,0.0075,ETH,2496.05,0.0
2026-09-06T07:50:16.801142+00:00,ETH-6SEP26-2420-P,2495.59,ETH-6SEP26,put,2420.0,2026-09-06T08:00:00+00:00,1.84804566253454e-05,,0.004,0.0,,2495.59,ETH-6SEP26,0.4152,0.0,0.0,802.0,608.0,,ETH,2496.05,467.7
2026-09-06T07:50:16.801142+00:00,ETH-8SEP26-2100-C,2496.55,ETH-8SEP26,call,2100.0,2026-09-08T08:00:00+00:00,0.005494182030889547,0.157,0.16,0.158952,0.1585,2496.55,ETH-8SEP26,0.9014,0.99564,0.02366,1.0,1.0,0.0030000000000000027,ETH,2496.05,362.29
2026-09-06T07:50:16.801142+00:00,ETH-26MAR27-2500-P,2546.76,ETH-26MAR27,put,2500.0,2027-03-26T08:00:00+00:00,0.5503264886701777,0.1485,0.1515,0.149951,0.15,2546.76,ETH-26MAR27,0.5457,-0.40195,7.31098,589.0,2.0,0.0030000000000000027,ETH,2496.04,782.33
2026-09-06T07:50:16.801142+00:00,ETH-25DEC26-1200-P,2520.65,ETH-25DEC26,put,1200.0,2026-12-25T08:00:00+00:00,0.3011820670411565,0.0031,0.0036,0.003339,0.00335,2520.65,ETH-25DEC26,0.7275,-0.01979,0.66415,6766.0,15.0,0.0005,ETH,2496.04,130.38
2026-09-06T07:50:16.801142+00:00,ETH-25SEP26-4400-C,2501.84,ETH-25SEP26,call,4400.0,2026-09-25T08:00:00+00:00,0.05203764541213527,,0.0002,0.000161,,2501.84,ETH-25SEP26,0.8645,0.00286,0.05,4349.0,0.0,,ETH,2496.04,0.0
2026-09-06T07:50:16.801142+00:00,ETH-6SEP26-2360-P,2495.59,ETH-6SEP26,put,2360.0,2026-09-06T08:00:00+00:00,1.84804566253454e-05,,0.0001,0.0,,2495.59,ETH-6SEP26,0.4278,0.0,0.0,304.0,25.0,,ETH,2496.04,6.14
2026-09-06T07:50:16.801142+00:00,ETH-30OCT26-4000-C,2507.22,ETH-30OCT26,call,4000.0,2026-10-30T08:00:00+00:00,0.14786242296175883,0.0037,0.0042,0.003959,0.00395,2507.22,ETH-30OCT26,0.6556000000000001,0.04215,0.8671,778.0,0.0,0.0004999999999999996,ETH,2496.04,0.0
2026-09-06T07:50:16.801142+00:00,ETH-25JUN27-5500-C,2575.09,ETH-25JUN27,call,5500.0,2027-06-25T08:00:00+00:00,0.7994709102991989,0.026,0.028,0.027045,0.027,2575.09,ETH-25JUN27,0.5992999999999999,0.12556,4.75673,644.0,0.0,0.0020000000000000018,ETH,2496.04,0.0
2026-09-06T07:50:16.801142+00:00,ETH-25JUN27-4600-C,2575.09,ETH-25JUN27,call,4600.0,2027-06-25T08:00:00+00:00,0.7994709102991989,0.044,0.0465,0.045311,0.04525,2575.09,ETH-25JUN27,0.5818,0.19638,6.37813,54.0,0.0,0.0025000000000000022,ETH,2496.04,0.0
2026-09-06T07:50:16.801142+00:00,ETH-18SEP26-2550-C,2499.49,ETH-18SEP26,call,2550.0,2026-09-18T08:00:00+00:00,0.03287268990221056,0.026,0.027,0.026718,0.0265,2499.49,ETH-18SEP26,0.4916,0.42859,1.77929,1884.0,157.0,0.0010000000000000009,ETH,2496.04,9529.98
2026-09-06T07:50:16.801142+00:00,ETH-11SEP26-2300-P,2497.37,ETH-11SEP26,put,2300.0,2026-09-11T08:00:00+00:00,0.013707734392285852,0.0014,0.0017,0.001583,0.00155,2497.37,ETH-11SEP26,0.4715,-0.06438,0.36801,3813.0,336.0,0.0002999999999999999,ETH,2496.04,1498.89
2026-09-06T07:50:16.801142+00:00,ETH-30OCT26-2400-C,2507.26,ETH-30OCT26,call,2400.0,2026-10-30T08:00:00+00:00,0.14786242296175883,0.0985,0.1005,0.09968,0.0995,2507.26,ETH-30OCT26,0.5095000000000001,0.62592,3.65418,2534.0,0.0,0.0020000000000000018,ETH,2496.04,0.0
2026-09-06T07:50:16.801142+00:00,ETH-8SEP26-2360-P,2496.51,ETH-8SEP26,put,2360.0,2026-09-08T08:00:00+00:00,0.005494182030889547,0.0006,0.0007,0.000631,0.00065,2496.51,ETH-8SEP26,0.45270000000000005,-0.04525,0.17612,190.0,294.0,0.00010000000000000005,ETH,2496.04,641.98
2026-09-06T07:50:16.801142+00:00,ETH-26MAR27-1300-P,2546.76,ETH-26MAR27,put,1300.0,2027-03-26T08:00:00+00:00,0.5503264886701777,0.0125,0.014,0.013221,0.01325,2546.76,ETH-26MAR27,0.6587000000000001,-0.0526,2.02933,1574.0,0.0,0.0014999999999999996,ETH,2496.04,0.0
2026-09-06T07:50:16.801142+00:00,ETH-27NOV26-2350-C,2514.83,ETH-27NOV26,call,2350.0,2026-11-27T08:00:00+00:00,0.22452224500145768,0.1305,0.133,0.131777,0.13175,2514.83,ETH-27NOV26,0.5233,0.65445,4.39448,50.0,0.0,0.0025000000000000022,ETH,2496.04,0.0
2026-09-06T07:50:16.801142+00:00,ETH-25JUN27-4500-P,2575.13,ETH-25JUN27,put,4500.0,2027-06-25T08:00:00+00:00,0.7994709102991989,0.7805,0.8115,0.795942,0.796,2575.13,ETH-25JUN27,0.5808,-0.79231,6.59562,1.0,0.0,0.031000000000000028,ETH,2496.04,0.0
2026-09-06T07:50:16.801142+00:00,ETH-30OCT26-2100-C,2507.26,ETH-30OCT26,call,2100.0,2026-10-30T08:00:00+00:00,0.14786242296175883,0.18,0.184,0.182305,0.182,2507.26,ETH-30OCT26,0.5311,0.83389,2.40442,1550.0,0.0,0.0040000000000000036,ETH,2496.04,0.0
2026-09-06T07:50:16.801142+00:00,ETH-25DEC26-2700-C,2520.65,ETH-25DEC26,call,2700.0,2026-12-25T08:00:00+00:00,0.3011820670411565,0.086,0.0875,0.086995,0.08675,2520.65,ETH-25DEC26,0.5276,0.4631,5.49674,6995.0,8.0,0.0015000000000000013,ETH,2496.04,1700.14
2026-09-06T07:50:16.801142+00:00,ETH-30OCT26-2000-P,2507.22,ETH-30OCT26,put,2000.0,2026-10-30T08:00:00+00:00,0.14786242296175883,0.013,0.014,0.013467,0.0135,2507.22,ETH-30OCT26,0.5464,-0.11891,1.91683,1064.0,10.0,0.0010000000000000009,ETH,2496.04,325.19
2026-09-06T07:50:16.801142+00:00,ETH-7SEP26-2520-C,2496.15,ETH-7SEP26,call,2520.0,2026-09-07T08:00:00+00:00,0.002756331243757447,0.0035,0.004,0.003804,0.00375,2496.15,ETH-7SEP26,0.3635,0.31246,0.46349,1024.0,716.0,0.0005,ETH,2496.04,6438.16
2026-09-06T07:50:16.801142+00:00,ETH-25JUN27-1800-C,2575.13,ETH-25JUN27,call,1800.0,2027-06-25T08:00:00+00:00,0.7994709102991989,0.3595,0.366,0.362488,0.36275,2575.13,ETH-25JUN27,0.5785,0.8292,5.84672,1618.0,0.0,0.006500000000000006,ETH,2496.04,0.0
2026-09-06T07:50:16.801142+00:00,ETH-6SEP26-2650-C,2495.59,ETH-6SEP26,call,2650.0,2026-09-06T08:00:00+00:00,1.84804566253454e-05,,0.0001,0.0,,2495.59,ETH-6SEP26,0.6761,0.0,0.0,140.0,0.0,,ETH,2496.04,0.0
2026-09-06T07:50:16.801142+00:00,ETH-30OCT26-3000-C,2507.22,ETH-30OCT26,call,3000.0,2026-10-30T08:00:00+00:00,0.14786242296175883,0.0245,0.0255,0.024848,0.025,2507.22,ETH-30OCT26,0.5448,0.22619,2.90104,1984.0,18.0,0.0009999999999999974,ETH,2496.04,1089.82
2026-09-06T07:50:16.801142+00:00,ETH-25SEP26-2000-C,2501.8,ETH-25SEP26,call,2000.0,2026-09-25T08:00:00+00:00,0.05203764541213527,0.2005,0.204,0.202889,0.20225,2501.8,ETH-25SEP26,0.5839,0.95968,0.49515,29108.0,15.0,0.0034999999999999754,ETH,2496.04,6979.68
2026-09-06T07:50:16.801142+00:00,ETH-25SEP26-2250-C,2501.84,ETH-25SEP26,call,2250.0,2026-09-25T08:00:00+00:00,0.05203764541213527,0.11,0.1125,0.111217,0.11125,2501.84,ETH-25SEP26,0.5047,0.83615,1.41066,360.0,0.0,0.0025000000000000022,ETH,2496.04,0.0
2026-09-06T07:50:16.801142+00:00,ETH-25DEC26-4500-P,2520.65,ETH-25DEC26,put,4500.0,2026-12-25T08:00:00+00:00,0.3011820670411565,0.782,0.8045,0.793176,0.79325,2520.65,ETH-25DEC26,0.6172,-0.93836,1.68353,2.0,0.0,0.022499999999999964,ETH,2496.04,0.0
2026-09-06T07:50:16.801142+00:00,ETH-8SEP26-2540-P,2496.55,ETH-8SEP26,put,2540.0,2026-09-08T08:00:00+00:00,0.005494182030889547,0.021,0.0235,0.022271,0.02225,2496.55,ETH-8SEP26,0.38770000000000004,-0.7212,0.62142,4.0,3.0,0.0024999999999999988,ETH,2496.05,153.69
2026-09-06T07:50:16.801142+00:00,ETH-30OCT26-2600-P,2507.26,ETH-30OCT26,put,2600.0,2026-10-30T08:00:00+00:00,0.14786242296175883,0.0995,0.1005,0.100075,0.1,2507.26,ETH-30OCT26,0.5143,-0.53378,3.83361,1240.0,0.0,0.0010000000000000009,ETH,2496.05,0.0
2026-09-06T07:50:16.801142+00:00,ETH-25DEC26-2900-P,2520.65,ETH-25DEC26,put,2900.0,2026-12-25T08:00:00+00:00,0.3011820670411565,0.2115,0.2175,0.214316,0.2145,2520.65,ETH-25DEC26,0.5333,-0.63026,5.22344,844.0,18.0,0.006000000000000005,ETH,2496.05,9667.14
2026-09-06T07:50:16.801142+00:00,ETH-25JUN27-2000-C,2575.13,ETH-25JUN27,call,2000.0,2027-06-25T08:00:00+00:00,0.7994709102991989,0.308,0.3135,0.310646,0.31075,2575.13,ETH-25JUN27,0.5674,0.77397,6.9264,1759.0,0.0,0.005500000000000005,ETH,2496.05,0.0
2026-09-06T07:50:16.801142+00:00,ETH-8SEP26-2700-P,2496.55,ETH-8SEP26,put,2700.0,2026-09-08T08:00:00+00:00,0.005494182030889547,0.079,0.0865,0.082035,0.08275,2496.55,ETH-8SEP26,0.5739,-0.9658,0.14024,0.0,0.0,0.007499999999999993,ETH,2496.05,0.0
2026-09-06T07:50:16.801142+00:00,ETH-25DEC26-4800-P,2520.65,ETH-25DEC26,put,4800.0,2026-12-25T08:00:00+00:00,0.3011820670411565,0.8985,0.923,0.910186,0.91075,2520.65,ETH-25DEC26,0.6344,-0.95307,1.3566,77.0,0.0,0.024500000000000077,ETH,2496.05,0.0
2026-09-06T07:50:16.801142+00:00,ETH-9SEP26-2640-C,2496.54,ETH-9SEP26,call,2640.0,2026-09-09T08:00:00+00:00,0.008232032818021649,0.0019,0.0024,0.002167,0.00215,2496.54,ETH-9SEP26,0.483,0.10508,0.41206,6.0,6.0,0.0004999999999999998,ETH,2496.05,33.34
2026-09-06T07:50:16.801142+00:00,ETH-30OCT26-4000-P,2507.22,ETH-30OCT26,put,4000.0,2026-10-30T08:00:00+00:00,0.14786242296175883,0.593,0.608,0.599288,0.6005,2507.22,ETH-30OCT26,0.6556000000000001,-0.95785,0.86709,0.0,0.0,0.015000000000000013,ETH,2496.05,0.0
2026-09-06T07:50:16.801142+00:00,ETH-25SEP26-2150-P,2501.8,ETH-25SEP26,put,2150.0,2026-09-25T08:00:00+00:00,0.05203764541213527,0.005,0.006,0.005526,0.0055,2501.8,ETH-25SEP26,0.5274,-0.0935,0.95362,17196.0,2.0,0.001,ETH,2496.05,34.45
2026-09-06T07:50:16.801142+00:00,ETH-25JUN27-3000-C,2575.09,ETH-25JUN27,call,3000.0,2027-06-25T08:00:00+00:00,0.7994709102991989,0.138,0.142,0.140106,0.14,2575.09,ETH-25JUN27,0.5569,0.47713,9.1747,1316.0,0.0,0.003999999999999976,ETH,2496.05,0.0
2026-09-06T07:50:16.801142+00:00,ETH-25DEC26-5000-P,2520.65,ETH-25DEC26,put,5000.0,2026-12-25T08:00:00+00:00,0.3011820670411565,0.9765,1.0025,0.988627,0.9895,2520.65,ETH-25DEC26,0.6472,-0.95996,1.19331,0.0,0.0,0.025999999999999912,ETH,2496.05,0.0
2026-09-06T07:50:16.801142+00:00,ETH-30OCT26-2600-C,2507.26,ETH-30OCT26,call,2600.0,2026-10-30T08:00:00+00:00,0.14786242296175883,0.0625,0.064,0.063111,0.06325,2507.26,ETH-30OCT26,0.5143,0.46622,3.83361,3565.0,32.0,0.0015000000000000013,ETH,2496.05,4591.19
2026-09-06T07:50:16.801142+00:00,ETH-26MAR27-3800-P,2546.76,ETH-26MAR27,put,3800.0,2027-03-26T08:00:00+00:00,0.5503264886701777,0.5275,0.5495,0.538325,0.5385,2546.76,ETH-26MAR27,0.5668,-0.77066,5.72971,1.0,0.0,0.02200000000000002,ETH,2496.05,0.0
2026-09-06T07:50:16.801142+00:00,ETH-25DEC26-2300-P,2520.65,ETH-25DEC26,put,2300.0,2026-12-25T08:00:00+00:00,0.3011820670411565,0.071,0.0725,0.071901,0.07175,2520.65,ETH-25DEC26,0.5284,-0.32248,4.96439,6036.0,0.0,0.0015000000000000013,ETH,2496.05,0.0
2026-09-06T07:50:16.801142+00:00,ETH-25SEP26-6000-P,2501.84,ETH-25SEP26,put,6000.0,2026-09-25T08:00:00+00:00,0.05203764541213527,1.3905,1.409,1.398185,1.39975,2501.84,ETH-25SEP26,1.0195999999999998,-0.99987,0.00298,0.0,0.0,0.01849999999999996,ETH,2496.05,0.0
2026-09-06T07:50:16.801142+00:00,ETH-25DEC26-2100-P,2520.65,ETH-25DEC26,put,2100.0,2026-12-25T08:00:00+00:00,0.3011820670411565,0.0435,0.045,0.044211,0.04425,2520.65,ETH-25DEC26,0.5401,-0.22244,4.12317,3268.0,0.0,0.0015000000000000013,ETH,2496.05,0.0
2026-09-06T07:50:16.801142+00:00,ETH-6SEP26-2520-C,2495.59,ETH-6SEP26,call,2520.0,2026-09-06T08:00:00+00:00,1.84804566253454e-05,,0.0001,0.0,,2495.59,ETH-6SEP26,0.35600000000000004,0.0,0.0,1096.0,1063.0,,ETH,2496.05,2887.41
2026-09-06T07:50:16.801142+00:00,ETH-7SEP26-2260-C,2496.15,ETH-7SEP26,call,2260.0,2026-09-07T08:00:00+00:00,0.002756331243757447,0.092,0.0975,0.094641,0.09475,2496.15,ETH-7SEP26,0.6515000000000001,0.99828,0.00723,0.0,0.0,0.005500000000000005,ETH,2496.07,0.0
2026-09-06T07:50:16.801142+00:00,ETH-26MAR27-2200-C,2546.76,ETH-26MAR27,call,2200.0,2027-03-26T08:00:00+00:00,0.5503264886701777,0.227,0.23,0.22847,0.2285,2546.76,ETH-26MAR27,0.551,0.71311,6.4367,4061.0,0.0,0.0030000000000000027,ETH,2496.07,0.0
2026-09-06T07:50:16.801142+00:00,ETH-25DEC26-3100-C,2520.65,ETH-25DEC26,call,3100.0,2026-12-25T08:00:00+00:00,0.3011820670411565,0.0465,0.0475,0.047072,0.047,2520.65,ETH-25DEC26,0.5411,0.29186,4.75089,2517.0,8.0,0.0010000000000000009,ETH,2496.07,939.44
2026-09-06T07:50:16.801142+00:00,ETH-30OCT26-2050-C,2507.22,ETH-30OCT26,call,2050.0,2026-10-30T08:00:00+00:00,0.14786242296175883,0.196,0.201,0.198794,0.1985,2507.22,ETH-30OCT26,0.5386,0.85889,2.15805,479.0,0.0,0.0050000000000000044,ETH,2496.07,0.0
2026-09-06T07:50:16.801142+00:00,ETH-26MAR27-1600-C,2546.76,ETH-26MAR27,call,1600.0,2027-03-26T08:00:00+00:00,0.5503264886701777,0.3965,0.401,0.398551,0.39875,2546.76,ETH-26MAR27,0.6014,0.89702,3.38856,879.0,0.0,0.004500000000000004,ETH,2496.07,0.0
2026-09-06T07:50:16.801142+00:00,ETH-25DEC26-3200-C,2520.65,ETH-25DEC26,call,3200.0,2026-12-25T08:00:00+00:00,0.3011820670411565,0.04,0.041,0.040491,0.0405,2520.65,ETH-25DEC26,0.5453,0.25866,4.4765,68127.0,3.0,0.0010000000000000009,ETH,2496.07,286.34
2026-09-06T07:50:16.801142+00:00,ETH-25DEC26-4400-C,2520.69,ETH-25DEC26,call,4400.0,2026-12-25T08:00:00+00:00,0.3011820670411565,0.0085,0.0095,0.008861,0.009,2520.69,ETH-25DEC26,0.6115999999999999,0.06792,1.81532,3718.0,0.0,0.0009999999999999992,ETH,2496.07,0.0
2026-09-06T07:50:16.801142+00:00,ETH-26MAR27-4000-C,2546.76,ETH-26MAR27,call,4000.0,2027-03-26T08:00:00+00:00,0.5503264886701777,0.0375,0.0395,0.03856,0.0385,2546.76,ETH-26MAR27,0.5716,0.19703,5.24369,2561.0,109.0,0.0020000000000000018,ETH,2496.05,9809.07
2026-09-06T07:50:16.801142+00:00,ETH-25SEP26-7400-P,2501.84,ETH-25SEP26,put,7400.0,2026-09-25T08:00:00+00:00,0.05203764541213527,1.9475,1.972,1.957755,1.95975,2501.84,ETH-25SEP26,1.1765,-0.99995,0.00111,0.0,0.0,0.024499999999999966,ETH,2496.05,0.0
2026-09-06T07:50:16.801142+00:00,ETH-8SEP26-2200-C,2496.55,ETH-8SEP26,call,2200.0,2026-09-08T08:00:00+00:00,0.005494182030889547,0.117,0.1205,0.119007,0.11875,2496.55,ETH-8SEP26,0.7482,0.98949,0.05149,0.0,0.0,0.0034999999999999892,ETH,2496.05,0.0
2026-09-06T07:50:16.801142+00:00,ETH-6SEP26-2640-P,2495.59,ETH-6SEP26,put,2640.0,2026-09-06T08:00:00+00:00,1.84804566253454e-05,0.055,0.0615,0.057811,0.05825,2495.59,ETH-6SEP26,0.6761,-0.20222,0.0,0.0,0.0,0.006499999999999999,ETH,2496.05,0.0
2026-09-06T07:50:16.801142+00:00,ETH-30OCT26-2100-P,2507.22,ETH-30OCT26,put,2100.0,2026-10-30T08:00:00+00:00,0.14786242296175883,0.0195,0.02,0.019853,0.01975,2507.22,ETH-30OCT26,0.5311,-0.16613,2.40453,3447.0,8.0,0.0005000000000000004,ETH,2496.05,386.84
2026-09-06T07:50:16.801142+00:00,ETH-7SEP26-2540-P,2496.16,ETH-7SEP26,put,2540.0,2026-09-07T08:00:00+00:00,0.002756331243757447,0.0185,0.021,0.019873,0.01975,2496.16,ETH-7SEP26,0.39390000000000003,-0.79717,0.36965,3.0,0.0,0.0025000000000000022,ETH,2496.07,0.0
2026-09-06T07:50:16.801142+00:00,ETH-27NOV26-3200-C,2514.83,ETH-27NOV26,call,3200.0,2026-11-27T08:00:00+00:00,0.22452224500145768,0.028,0.029,0.02857,0.0285,2514.83,ETH-27NOV26,0.5534,0.21548,3.48741,123.0,0.0,0.0010000000000000009,ETH,2496.07,0.0
2026-09-06T07:50:16.801142+00:00,ETH-25SEP26-2800-P,2501.84,ETH-25SEP26,put,2800.0,2026-09-25T08:00:00+00:00,0.05203764541213527,0.128,0.136,0.131652,0.132,2501.84,ETH-25SEP26,0.536,-0.80497,1.57406,1340.0,0.0,0.008000000000000007,ETH,2496.07,0.0
2026-09-06T07:50:16.801142+00:00,ETH-9SEP26-2440-C,2496.58,ETH-9SEP26,call,2440.0,2026-09-09T08:00:00+00:00,0.008232032818021649,0.027,0.0295,0.028138,0.02825,2496.58,ETH-9SEP26,0.39020000000000005,0.74698,0.72432,46.0,46.0,0.0024999999999999988,ETH,2496.07,2693.68
2026-09-06T07:50:16.801142+00:00,ETH-6SEP26-2560-P,2495.61,ETH-6SEP26,put,2560.0,2026-09-06T08:00:00+00:00,1.84804566253454e-05,0.023,0.0295,0.025756,0.02625,2495.61,ETH-6SEP26,0.5322,-0.2,0.0,8.0,0.0,0.006499999999999999,ETH,2496.07,0.0
2026-09-06T07:50:16.801142+00:00,ETH-25SEP26-6200-C,2501.8,ETH-25SEP26,call,6200.0,2026-09-25T08:00:00+00:00,0.05203764541213527,,0.0001,5e-06,,2501.8,ETH-25SEP26,1.0378,0.0001,0.0023,2798.0,0.0,,ETH,2496.07,0.0
2026-09-06T07:50:16.801142+00:00,ETH-11SEP26-2150-P,2497.37,ETH-11SEP26,put,2150.0,2026-09-11T08:00:00+00:00,0.013707734392285852,0.0003,0.0005,0.000424,0.0004,2497.37,ETH-11SEP26,0.6084,-0.0162,0.11827,4825.0,491.0,0.00020000000000000004,ETH,2496.1,697.31
2026-09-06T07:50:16.801142+00:00,ETH-11SEP26-2150-C,2497.33,ETH-11SEP26,call,2150.0,2026-09-11T08:00:00+00:00,0.013707734392285852,0.1375,0.141,0.139539,0.13925,2497.33,ETH-11SEP26,0.6084,0.98381,0.11823,0.0,0.0,0.0034999999999999754,ETH,2496.1,0.0
2026-09-06T07:50:16.801142+00:00,ETH-11SEP26-2570-C,2497.33,ETH-11SEP26,call,2570.0,2026-09-11T08:00:00+00:00,0.013707734392285852,0.01,0.0105,0.010286,0.01025,2497.33,ETH-11SEP26,0.46009999999999995,0.30674,1.02688,29.0,20.0,0.0005000000000000004,ETH,2496.1,426.75
2026-09-06T07:50:16.801142+00:00,ETH-27NOV26-3600-P,2514.83,ETH-27NOV26,put,3600.0,2026-11-27T08:00:00+00:00,0.22452224500145768,0.439,0.4555,0.446481,0.44725,2514.83,ETH-27NOV26,0.5831000000000001,-0.87692,2.42732,0.0,0.0,0.016500000000000015,ETH,2496.1,0.0
2026-09-06T07:50:16.801142+00:00,ETH-26MAR27-4600-C,2546.76,ETH-26MAR27,call,4600.0,2027-03-26T08:00:00+00:00,0.5503264886701777,0.0225,0.0245,0.023531,0.0235,2546.76,ETH-26MAR27,0.5892000000000001,0.12852,3.96663,1405.0,0.0,0.0020000000000000018,ETH,2496.1,0.0
2026-09-06T07:50:16.801142+00:00,ETH-25SEP26-1700-P,2501.8,ETH-25SEP26,put,1700.0,2026-09-25T08:00:00+00:00,0.05203764541213527,0.0004,0.0006,0.000527,0.0005,2501.8,ETH-25SEP26,0.7403,-0.00882,0.13634,10021.0,0.0,0.00019999999999999993,ETH,2496.1,0.0
2026-09-06T07:50:16.801142+00:00,ETH-27NOV26-4400-P,2514.83,ETH-27NOV26,put,4400.0,2026-11-27T08:00:00+00:00,0.22452224500145768,0.7445,0.766,0.755042,0.75525,2514.83,ETH-27NOV26,0.6489,-0.95205,1.18902,0.0,0.0,0.021499999999999964,ETH,2496.13,0.0
2026-09-06T07:50:16.801142+00:00,ETH-30OCT26-3600-C,2507.22,ETH-30OCT26,call,3600.0,2026-10-30T08:00:00+00:00,0.14786242296175883,0.007,0.008,0.007492,0.0075,2507.22,ETH-30OCT26,0.6107,0.07746,1.39911,4569.0,1.0,0.001,ETH,2496.13,14.87
2026-09-06T07:50:16.801142+00:00,ETH-18SEP26-2700-C,2499.49,ETH-18SEP26,call,2700.0,2026-09-18T08:00:00+00:00,0.03287268990221056,0.0115,0.012,0.011738,0.01175,2499.49,ETH-18SEP26,0.5262,0.22338,1.35391,4009.0,1.0,0.0005000000000000004,ETH,2496.1,18.42
2026-09-06T07:50:16.801142+00:00,ETH-26MAR27-2000-C,2546.76,ETH-26MAR27,call,2000.0,2027-03-26T08:00:00+00:00,0.5503264886701777,0.2755,0.28,0.278146,0.27775,2546.76,ETH-26MAR27,0.5608,0.78493,5.52356,1843.0,0.0,0.004500000000000004,ETH,2496.13,0.0
2026-09-06T07:50:16.801142+00:00,ETH-7SEP26-2360-C,2496.15,ETH-7SEP26,call,2360.0,2026-09-07T08:00:00+00:00,0.002756331243757447,0.051,0.058,0.054757,0.0545,2496.15,ETH-7SEP26,0.5201,0.98083,0.06116,0.0,0.0,0.007000000000000006,ETH,2496.13,0.0
2026-09-06T07:50:16.801142+00:00,ETH-25SEP26-5600-P,2501.84,ETH-25SEP26,put,5600.0,2026-09-25T08:00:00+00:00,0.05203764541213527,1.2305,1.248,1.238309,1.23925,2501.84,ETH-25SEP26,0.9643,-0.99981,0.00415,0.0,0.0,0.01750000000000007,ETH,2496.13,0.0
2026-09-06T07:50:16.801142+00:00,ETH-25SEP26-5500-C,2501.8,ETH-25SEP26,call,5500.0,2026-09-25T08:00:00+00:00,0.05203764541213527,,0.0001,1.1e-05,,2501.8,ETH-25SEP26,0.9501999999999999,0.00021,0.00457,2169.0,0.0,,ETH,2496.13,0.0
2026-09-06T07:50:16.801142+00:00,ETH-7SEP26-2100-C,2496.15,ETH-7SEP26,call,2100.0,2026-09-07T08:00:00+00:00,0.002756331243757447,0.1565,0.1605,0.158721,0.1585,2496.15,ETH-7SEP26,0.7444,1.0,3e-05,0.0,0.0,0.0040000000000000036,ETH,2496.12,0.0
2026-09-06T07:50:16.801142+00:00,ETH-25JUN27-5000-P,2575.09,ETH-25JUN27,put,5000.0,2027-06-25T08:00:00+00:00,0.7994709102991989,0.96,0.995,0.977384,0.9775,2575.09,ETH-25JUN27,0.59,-0.8397,5.61184,0.0,0.0,0.03500000000000003,ETH,2496.12,0.0
2026-09-06T07:50:16.801142+00:00,ETH-30OCT26-3100-C,2507.26,ETH-30OCT26,call,3100.0,2026-10-30T08:00:00+00:00,0.14786242296175883,0.0195,0.02,0.019848,0.01975,2507.26,ETH-30OCT26,0.5542,0.18706,2.59209,1130.0,118.0,0.0005000000000000004,ETH,2496.12,4710.28
2026-09-06T07:50:16.801142+00:00,ETH-27NOV26-3300-P,2514.83,ETH-27NOV26,put,3300.0,2026-11-27T08:00:00+00:00,0.22452224500145768,0.3295,0.3445,0.336258,0.337,2514.83,ETH-27NOV26,0.5600999999999999,-0.81348,3.19812,0.0,0.0,0.014999999999999958,ETH,2496.12,0.0
2026-09-06T07:50:16.801142+00:00,ETH-18SEP26-2250-C,2499.49,ETH-18SEP26,call,2250.0,2026-09-18T08:00:00+00:00,0.03287268990221056,0.1025,0.1065,0.105131,0.1045,2499.49,ETH-18SEP26,0.5019,0.8852,0.87878,0.0,0.0,0.0040000000000000036,ETH,2496.12,0.0
2026-09-06T07:50:16.801142+00:00,ETH-27NOV26-2250-P,2514.83,ETH-27NOV26,put,2250.0,2026-11-27T08:00:00+00:00,0.22452224500145768,0.05,0.0515,0.050704,0.05075,2514.83,ETH-27NOV26,0.5275,-0.28429,4.04215,821.0,0.0,0.0014999999999999944,ETH,2496.12,0.0
2026-09-06T07:50:16.801142+00:00,ETH-25JUN27-3500-C,2575.13,ETH-25JUN27,call,3500.0,2027-06-25T08:00:00+00:00,0.7994709102991989,0.094,0.0975,0.095788,0.09575,2575.13,ETH-25JUN27,0.5627,0.36029,8.62077,2813.0,0.0,0.003500000000000003,ETH,2496.12,0.0
2026-09-06T07:50:16.801142+00:00,ETH-25JUN27-3600-P,2575.09,ETH-25JUN27,put,3600.0,2027-06-25T08:00:00+00:00,0.7994709102991989,0.474,0.5045,0.487003,0.48925,2575.09,ETH-25JUN27,0.5643,-0.6595,8.44549,0.0,0.0,0.03049999999999997,ETH,2496.12,0.0
2026-09-06T07:50:16.801142+00:00,ETH-6SEP26-2240-P,2495.61,ETH-6SEP26,put,2240.0,2026-09-06T08:00:00+00:00,1.84804566253454e-05,,0.0001,0.0,,2495.61,ETH-6SEP26,0.5787,0.0,0.0,188.0,0.0,,ETH,2496.12,0.0
2026-09-06T07:50:16.801142+00:00,ETH-25SEP26-1700-C,2501.84,ETH-25SEP26,call,1700.0,2026-09-25T08:00:00+00:00,0.05203764541213527,0.319,0.3225,0.321044,0.32075,2501.84,ETH-25SEP26,0.7403,0.99118,0.1363,2191.0,1.0,0.003500000000000003,ETH,2496.12,761.34
2026-09-06T07:50:16.801142+00:00,ETH-6SEP26-2220-P,2495.59,ETH-6SEP26,put,2220.0,2026-09-06T08:00:00+00:00,1.84804566253454e-05,,0.0001,0.0,,2495.59,ETH-6SEP26,0.6291,0.0,0.0,101.0,0.0,,ETH,2496.11,0.0
2026-09-06T07:50:16.801142+00:00,ETH-26MAR27-1400-P,2546.76,ETH-26MAR27,put,1400.0,2027-03-26T08:00:00+00:00,0.5503264886701777,0.016,0.0175,0.016762,0.01675,2546.76,ETH-26MAR27,0.6363,-0.06638,2.43567,1850.0,0.0,0.0015000000000000013,ETH,2496.11,0.0
2026-09-06T07:50:16.801142+00:00,ETH-25SEP26-7500-P,2501.84,ETH-25SEP26,put,7500.0,2026-09-25T08:00:00+00:00,0.05203764541213527,1.986,2.0115,1.997724,1.99875,2501.84,ETH-25SEP26,1.1895,-0.99995,0.00109,0.0,0.0,0.025499999999999856,ETH,2496.11,0.0
2026-09-06T07:50:16.801142+00:00,ETH-25SEP26-2360-P,2501.8,ETH-25SEP26,put,2360.0,2026-09-25T08:00:00+00:00,0.05203764541213527,0.0205,0.0215,0.020962,0.021,2501.8,ETH-25SEP26,0.493,-0.28259,1.93027,264.0,0.0,0.0009999999999999974,ETH,2496.11,0.0
2026-09-06T07:50:16.801142+00:00,ETH-26MAR27-1800-P,2546.76,ETH-26MAR27,put,1800.0,2027-03-26T08:00:00+00:00,0.5503264886701777,0.041,0.0425,0.041842,0.04175,2546.76,ETH-26MAR27,0.5767,-0.15267,4.45875,3701.0,0.0,0.0015000000000000013,ETH,2496.11,0.0
2026-09-06T07:50:16.801142+00:00,ETH-25SEP26-2200-C,2501.84,ETH-25SEP26,call,2200.0,2026-09-25T08:00:00+00:00,0.05203764541213527,0.1255,0.13,0.128389,0.12775,2501.84,ETH-25SEP26,0.5167,0.87482,1.17636,7962.0,0.0,0.004500000000000004,ETH,2496.11,0.0
2026-09-06T07:50:16.801142+00:00,ETH-26MAR27-3500-C,2546.76,ETH-26MAR27,call,3500.0,2027-03-26T08:00:00+00:00,0.5503264886701777,0.06,0.0625,0.06127,0.06125,2546.76,ETH-26MAR27,0.5590999999999999,0.2882,6.45068,4190.0,0.0,0.0025000000000000022,ETH,2496.11,0.0
2026-09-06T07:50:16.801142+00:00,ETH-30OCT26-3800-P,2507.26,ETH-30OCT26,put,3800.0,2026-10-30T08:00:00+00:00,0.14786242296175883,0.515,0.529,0.521004,0.522,2507.26,ETH-30OCT26,0.6351,-0.94292,1.10465,0.0,0.0,0.014000000000000012,ETH,2496.11,0.0
2026-09-06T07:50:16.801142+00:00,ETH-27NOV26-2100-C,2514.83,ETH-27NOV26,call,2100.0,2026-11-27T08:00:00+00:00,0.22452224500145768,0.1955,0.1995,0.197946,0.1975,2514.83,ETH-27NOV26,0.5396,0.7975,3.36214,1.0,0.0,0.0040000000000000036,ETH,2496.11,0.0
2026-09-06T07:50:16.801142+00:00,ETH-25SEP26-5500-P,2501.8,ETH-25SEP26,put,5500.0,2026-09-25T08:00:00+00:00,0.05203764541213527,1.1905,1.208,1.19834,1.19925,2501.8,ETH-25SEP26,0.9501999999999999,-0.99979,0.00457,1.0,0.0,0.01750000000000007,ETH,2496.11,0.0
2026-09-06T07:50:16.801142+00:00,ETH-30OCT26-2200-C,2507.26,ETH-30OCT26,call,2200.0,2026-10-30T08:00:00+00:00,0.14786242296175883,0.149,0.1535,0.151347,0.15125,2507.26,ETH-30OCT26,0.5194,0.77465,2.89499,1295.0,0.0,0.004500000000000004,ETH,2496.11,0.0
2026-09-06T07:50:16.801142+00:00,ETH-25JUN27-1500-P,2575.09,ETH-25JUN27,put,1500.0,2027-06-25T08:00:00+00:00,0.7994709102991989,0.0335,0.0355,0.034449,0.0345,2575.09,ETH-25JUN27,0.6097,-0.10312,4.13436,502.0,0.0,0.001999999999999995,ETH,2496.11,0.0
2026-09-06T07:50:16.801142+00:00,ETH-26MAR27-3600-P,2546.76,ETH-26MAR27,put,3600.0,2027-03-26T08:00:00+00:00,0.5503264886701777,0.458,0.4815,0.469221,0.46975,2546.76,ETH-26MAR27,0.5616,-0.73302,6.21406,1.0,0.0,0.023499999999999965,ETH,2496.11,0.0
2026-09-06T07:50:16.801142+00:00,ETH-7SEP26-2320-C,2496.15,ETH-7SEP26,call,2320.0,2026-09-07T08:00:00+00:00,0.002756331243757447,0.067,0.0735,0.07073,0.07025,2496.15,ETH-7SEP26,0.6264,0.98763,0.042,18.0,0.0,0.006499999999999992,ETH,2496.11,0.0
2026-09-06T07:50:16.801142+00:00,ETH-25SEP26-2900-C,2501.84,ETH-25SEP26,call,2900.0,2026-09-25T08:00:00+00:00,0.05203764541213527,0.008,0.009,0.008267,0.0085,2501.84,ETH-25SEP26,0.5566,0.13593,1.24533,16766.0,12.0,0.0009999999999999992,ETH,2496.11,263.14
2026-09-06T07:50:16.801142+00:00,ETH-26MAR27-1900-C,2546.77,ETH-26MAR27,call,1900.0,2027-03-26T08:00:00+00:00,0.5503264886701777,0.3035,0.308,0.305823,0.30575,2546.77,ETH-26MAR27,0.5682,0.81747,5.00301,2451.0,0.0,0.004500000000000004,ETH,2496.11,0.0
2026-09-06T07:50:16.801142+00:00,ETH-18SEP26-2650-P,2499.48,ETH-18SEP26,put,2650.0,2026-09-18T08:00:00+00:00,0.03287268990221056,0.0745,0.0775,0.075634,0.076,2499.48,ETH-18SEP26,0.5133,-0.71946,1.52732,0.0,0.0,0.0030000000000000027,ETH,2496.11,0.0
2026-09-06T07:50:16.801142+00:00,ETH-6SEP26-2360-C,2495.59,ETH-6SEP26,call,2360.0,2026-09-06T08:00:00+00:00,1.84804566253454e-05,0.051,0.057,0.054381,0.054,2495.59,ETH-6SEP26,0.4278,0.19778,0.0,40.0,0.0,0.006000000000000005,ETH,2496.11,0.0
2026-09-06T07:50:16.801142+00:00,ETH-25SEP26-5400-P,2501.8,ETH-25SEP26,put,5400.0,2026-09-25T08:00:00+00:00,0.05203764541213527,1.1515,1.1675,1.158371,1.1595,2501.8,ETH-25SEP26,0.9338,-0.99977,0.00491,4.0,0.0,0.016000000000000014,ETH,2496.11,0.0
2026-09-06T07:50:16.801142+00:00,ETH-25SEP26-1900-P,2501.84,ETH-25SEP26,put,1900.0,2026-09-25T08:00:00+00:00,0.05203764541213527,0.0011,0.0013,0.001276,0.0012,2501.84,ETH-25SEP26,0.6256,-0.02276,0.30835,20819.0,12.0,0.00019999999999999987,ETH,2496.12,45.28
2026-09-06T07:50:16.801142+00:00,ETH-25SEP26-3400-P,2501.84,ETH-25SEP26,put,3400.0,2026-09-25T08:00:00+00:00,0.05203764541213527,0.356,0.3665,0.360647,0.36125,2501.84,ETH-25SEP26,0.6833,-0.97061,0.38187,870.0,0.0,0.01050000000000001,ETH,2496.12,0.0
2026-09-06T07:50:16.801142+00:00,ETH-26MAR27-1900-P,2546.76,ETH-26MAR27,put,1900.0,2027-03-26T08:00:00+00:00,0.5503264886701777,0.051,0.0525,0.051842,0.05175,2546.76,ETH-26MAR27,0.5682,-0.18253,5.00301,3282.0,0.0,0.0015000000000000013,ETH,2496.12,0.0
2026-09-06T07:50:16.801142+00:00,ETH-8SEP26-2280-P,2496.55,ETH-8SEP26,put,2280.0,2026-09-08T08:00:00+00:00,0.005494182030889547,0.0003,0.0005,0.000322,0.0004,2496.55,ETH-8SEP26,0.5997,-0.01953,0.08778,0.0,0.0,0.00020000000000000004,ETH,2496.12,0.0
2026-09-06T07:50:16.801142+00:00,ETH-27NOV26-2250-C,2514.83,ETH-27NOV26,call,2250.0,2026-11-27T08:00:00+00:00,0.22452224500145768,0.1545,0.157,0.156047,0.15575,2514.83,ETH-27NOV26,0.5275,0.71569,4.04224,51.0,0.0,0.0025000000000000022,ETH,2496.09,0.0
2026-09-06T07:50:16.801142+00:00,ETH-6SEP26-2350-C,2495.59,ETH-6SEP26,call,2350.0,2026-09-06T08:00:00+00:00,1.84804566253454e-05,0.055,0.061,0.058388,0.058,2495.59,ETH-6SEP26,0.42810000000000004,0.19556,0.0,0.0,0.0,0.005999999999999998,ETH,2496.09,0.0
2026-09-06T07:50:16.801142+00:00,ETH-30OCT26-2700-C,2507.26,ETH-30OCT26,call,2700.0,2026-10-30T08:00:00+00:00,0.14786242296175883,0.0495,0.0505,0.050023,0.05,2507.26,ETH-30OCT26,0.5209,0.39379,3.71028,1346.0,9.0,0.0010000000000000009,ETH,2496.09,1139.99
2026-09-06T07:50:16.801142+00:00,ETH-25SEP26-7400-C,2501.8,ETH-25SEP26,call,7400.0,2026-09-25T08:00:00+00:00,0.05203764541213527,,0.0001,3e-06,,2501.8,ETH-25SEP26,1.1765,5e-05,0.00111,1322.0,0.0,,ETH,2496.09,0.0
2026-09-06T07:50:16.801142+00:00,ETH-25SEP26-5200-P,2501.84,ETH-25SEP26,put,5200.0,2026-09-25T08:00:00+00:00,0.05203764541213527,1.071,1.0875,1.078441,1.07925,2501.84,ETH-25SEP26,0.9251,-0.99961,0.00804,3.0,0.0,0.01649999999999996,ETH,2496.09,0.0
2026-09-06T07:50:16.801142+00:00,ETH-25SEP26-14000-P,2501.84,ETH-25SEP26,put,14000.0,2026-09-25T08:00:00+00:00,0.05203764541213527,4.5705,4.627,4.595749,4.59875,2501.84,ETH-25SEP26,1.7753,-0.99997,0.00063,0.0,0.0,0.05649999999999977,ETH,2496.09,0.0
2026-09-06T07:50:16.801142+00:00,ETH-8SEP26-2440-C,2496.51,ETH-8SEP26,call,2440.0,2026-09-08T08:00:00+00:00,0.005494182030889547,0.0245,0.027,0.025631,0.02575,2496.51,ETH-8SEP26,0.3652,0.80503,0.51,10.0,21.0,0.0024999999999999988,ETH,2496.09,938.49
2026-09-06T07:50:16.801142+00:00,ETH-18SEP26-2700-P,2499.49,ETH-18SEP26,put,2700.0,2026-09-18T08:00:00+00:00,0.03287268990221056,0.0895,0.095,0.091941,0.09225,2499.49,ETH-18SEP26,0.5262,-0.77655,1.35416,7.0,0.0,0.005500000000000005,ETH,2496.09,0.0
2026-09-06T07:50:16.801142+00:00,ETH-25DEC26-2600-P,2520.69,ETH-25DEC26,put,2600.0,2026-12-25T08:00:00+00:00,0.3011820670411565,0.1325,0.134,0.132953,0.13325,2520.69,ETH-25DEC26,0.5257999999999999,-0.48525,5.5168,1195.0,0.0,0.0015000000000000013,ETH,2496.09,0.0
2026-09-06T07:50:16.801142+00:00,ETH-25SEP26-6400-P,2501.84,ETH-25SEP26,put,6400.0,2026-09-25T08:00:00+00:00,0.05203764541213527,1.549,1.5695,1.558061,1.55925,2501.84,ETH-25SEP26,1.0674,-0.99991,0.00213,0.0,0.0,0.020499999999999963,ETH,2496.09,0.0
2026-09-06T07:50:16.801142+00:00,ETH-11SEP26-2350-P,2497.37,ETH-11SEP26,put,2350.0,2026-09-11T08:00:00+00:00,0.013707734392285852,0.0028,0.0032,0.002978,0.003,2497.37,ETH-11SEP26,0.4428,-0.11509,0.56792,3175.0,423.0,0.0004000000000000002,ETH,2496.09,3724.55
2026-09-06T07:50:16.801142+00:00,ETH-6SEP26-2600-P,2495.61,ETH-6SEP26,put,2600.0,2026-09-06T08:00:00+00:00,1.84804566253454e-05,0.039,0.0455,0.041784,0.04225,2495.61,ETH-6SEP26,0.6761,-0.19556,0.0,1.0,1.0,0.006499999999999999,ETH,2496.09,94.03
2026-09-06T07:50:16.801142+00:00,ETH-6SEP26-2580-P,2495.59,ETH-6SEP26,put,2580.0,2026-09-06T08:00:00+00:00,1.84804566253454e-05,0.031,0.0375,0.03377,0.03425,2495.59,ETH-6SEP26,0.5975,-0.19556,0.0,0.0,0.0,0.006499999999999999,ETH,2496.08,0.0
2026-09-06T07:50:16.801142+00:00,ETH-25SEP26-6600-P,2501.84,ETH-25SEP26,put,6600.0,2026-09-25T08:00:00+00:00,0.05203764541213527,1.6285,1.6485,1.638,1.6385,2501.84,ETH-25SEP26,1.0931,-0.99992,0.00191,0.0,0.0,0.020000000000000018,ETH,2496.08,0.0
2026-09-06T07:50:16.801142+00:00,ETH-25SEP26-2800-C,2501.84,ETH-25SEP26,call,2800.0,2026-09-25T08:00:00+00:00,0.05203764541213527,0.012,0.013,0.012503,0.0125,2501.84,ETH-25SEP26,0.536,0.19507,1.57431,17095.0,164.0,0.0009999999999999992,ETH,2496.08,3569.86
2026-09-06T07:50:16.801142+00:00,ETH-25DEC26-2900-C,2520.65,ETH-25DEC26,call,2900.0,2026-12-25T08:00:00+00:00,0.3011820670411565,0.063,0.0645,0.06386,0.06375,2520.65,ETH-25DEC26,0.5333,0.36976,5.22361,3740.0,0.0,0.0015000000000000013,ETH,2496.08,0.0
2026-09-06T07:50:16.801142+00:00,ETH-7SEP26-2460-C,2496.15,ETH-7SEP26,call,2460.0,2026-09-07T08:00:00+00:00,0.002756331243757447,0.016,0.0175,0.016703,0.01675,2496.15,ETH-7SEP26,0.3494,0.79,0.37734,494.0,478.0,0.0015000000000000013,ETH,2496.08,8497.39
2026-09-06T07:50:16.801142+00:00,ETH-27NOV26-4000-P,2514.83,ETH-27NOV26,put,4000.0,2026-11-27T08:00:00+00:00,0.22452224500145768,0.591,0.6095,0.599073,0.60025,2514.83,ETH-27NOV26,0.6139,-0.92641,1.66301,0.0,0.0,0.018500000000000072,ETH,2496.1,0.0
2026-09-06T07:50:16.801142+00:00,ETH-18SEP26-2450-P,2499.49,ETH-18SEP26,put,2450.0,2026-09-18T08:00:00+00:00,0.03287268990221056,0.025,0.026,0.025444,0.0255,2499.49,ETH-18SEP26,0.48109999999999997,-0.39242,1.74222,1531.0,23.0,0.0009999999999999974,ETH,2496.08,1805.02
2026-09-06T07:50:16.801142+00:00,ETH-9SEP26-2100-P,2496.54,ETH-9SEP26,put,2100.0,2026-09-09T08:00:00+00:00,0.008232032818021649,0.0002,0.0004,0.000263,0.0003,2496.54,ETH-9SEP26,0.8336,-0.01003,0.06055,392.0,392.0,0.0002,ETH,2496.1,291.79
2026-09-06T07:50:16.801142+00:00,ETH-7SEP26-2100-P,2496.15,ETH-7SEP26,put,2100.0,2026-09-07T08:00:00+00:00,0.002756331243757447,,0.0001,0.0,,2496.15,ETH-7SEP26,0.7444,0.0,3e-05,398.0,0.0,,ETH,2496.1,0.0
2026-09-06T07:50:16.801142+00:00,ETH-26MAR27-2700-P,2546.76,ETH-26MAR27,put,2700.0,2027-03-26T08:00:00+00:00,0.5503264886701777,0.1955,0.199,0.197022,0.19725,2546.76,ETH-26MAR27,0.5456,-0.47677,7.52728,191.0,40.0,0.003500000000000003,ETH,2496.1,19547.06
2026-09-06T07:50:16.801142+00:00,ETH-6SEP26-2580-C,2495.59,ETH-6SEP26,call,2580.0,2026-09-06T08:00:00+00:00,1.84804566253454e-05,,,0.0,,2495.59,ETH-6SEP26,0.5975,0.0,0.0,385.0,138.0,,ETH,2496.1,62.79
2026-09-06T07:50:16.801142+00:00,ETH-11SEP26-2520-C,2497.37,ETH-11SEP26,call,2520.0,2026-09-11T08:00:00+00:00,0.013707734392285852,0.016,0.0165,0.01629,0.01625,2497.37,ETH-11SEP26,0.43670000000000003,0.44013,1.15342,122.0,21.0,0.0005000000000000004,ETH,2496.1,519.9
2026-09-06T07:50:16.801142+00:00,ETH-8SEP26-2750-C,2496.55,ETH-8SEP26,call,2750.0,2026-09-08T08:00:00+00:00,0.005494182030889547,0.0002,0.0004,0.000339,0.0003,2496.55,ETH-8SEP26,0.6286,0.01996,0.0894,15.0,14.0,0.0002,ETH,2496.1,12.89
2026-09-06T07:50:16.801142+00:00,ETH-11SEP26-2500-P,2497.33,ETH-11SEP26,put,2500.0,2026-09-11T08:00:00+00:00,0.013707734392285852,0.02,0.021,0.020698,0.0205,2497.33,ETH-11SEP26,0.4318,-0.49814,1.16658,1021.0,91.0,0.0010000000000000009,ETH,2496.08,6379.76
2026-09-06T07:50:16.801142+00:00,ETH-25SEP26-3500-C,2501.84,ETH-25SEP26,call,3500.0,2026-09-25T08:00:00+00:00,0.05203764541213527,0.0012,0.0014,0.001293,0.0013,2501.84,ETH-25SEP26,0.7066,0.02267,0.30729,20856.0,282.0,0.0002000000000000001,ETH,2496.08,840.59
2026-09-06T07:50:16.801142+00:00,ETH-6SEP26-2220-C,2495.59,ETH-6SEP26,call,2220.0,2026-09-06T08:00:00+00:00,1.84804566253454e-05,0.107,0.113,0.110477,0.11,2495.59,ETH-6SEP26,0.6291,0.19333,0.0,0.0,0.0,0.006000000000000005,ETH,2496.08,0.0
2026-09-06T07:50:16.801142+00:00,ETH-25SEP26-1800-C,2501.84,ETH-25SEP26,call,1800.0,2026-09-25T08:00:00+00:00,0.05203764541213527,0.279,0.283,0.281364,0.281,2501.84,ETH-25SEP26,0.6822,0.98589,0.20508,6238.0,0.0,0.003999999999999948,ETH,2496.08,0.0
2026-09-06T07:50:16.801142+00:00,ETH-26MAR27-3400-C,2546.76,ETH-26MAR27,call,3400.0,2027-03-26T08:00:00+00:00,0.5503264886701777,0.066,0.0685,0.067336,0.06725,2546.76,ETH-26MAR27,0.5562,0.3108,6.67529,1881.0,0.0,0.0025000000000000022,ETH,2496.08,0.0
2026-09-06T07:50:16.801142+00:00,ETH-25JUN27-900-P,2575.09,ETH-25JUN27,put,900.0,2027-06-25T08:00:00+00:00,0.7994709102991989,0.0075,0.0095,0.008476,0.0085,2575.09,ETH-25JUN27,0.731,-0.02649,1.41323,848.0,0.0,0.002,ETH,2496.08,0.0
2026-09-06T07:50:16.801142+00:00,ETH-6SEP26-2620-P,2495.59,ETH-6SEP26,put,2620.0,2026-09-06T08:00:00+00:00,1.84804566253454e-05,0.047,0.0535,0.049797,0.05025,2495.59,ETH-6SEP26,0.6761,-0.19333,0.0,18.0,0.0,0.006499999999999999,ETH,2496.08,0.0
2026-09-06T07:50:16.801142+00:00,ETH-7SEP26-2580-C,2496.15,ETH-7SEP26,call,2580.0,2026-09-07T08:00:00+00:00,0.002756331243757447,0.0009,0.0012,0.001047,0.00105,2496.15,ETH-7SEP26,0.4697,0.09215,0.21637,1428.0,278.0,0.0002999999999999999,ETH,2496.08,378.83
2026-09-06T07:50:16.801142+00:00,ETH-25JUN27-1300-C,2575.13,ETH-25JUN27,call,1300.0,2027-06-25T08:00:00+00:00,0.7994709102991989,0.5145,0.5205,0.51764,0.5175,2575.13,ETH-25JUN27,0.6399,0.93065,3.07085,108.0,0.0,0.006000000000000005,ETH,2496.08,0.0
2026-09-06T07:50:16.801142+00:00,ETH-25SEP26-1850-P,2501.8,ETH-25SEP26,put,1850.0,2026-09-25T08:00:00+00:00,0.05203764541213527,0.0008,0.0012,0.001004,0.001,2501.8,ETH-25SEP26,0.6522,-0.01771,0.24928,5691.0,0.0,0.00039999999999999986,ETH,2496.08,0.0
2026-09-06T07:50:16.801142+00:00,ETH-25DEC26-1500-C,2520.65,ETH-25DEC26,call,1500.0,2026-12-25T08:00:00+00:00,0.3011820670411565,0.4105,0.4145,0.41295,0.4125,2520.65,ETH-25DEC26,0.6354,0.95179,1.38621,749.0,0.0,0.0040000000000000036,ETH,2496.08,0.0
2026-09-06T07:50:16.801142+00:00,ETH-8SEP26-2420-P,2496.55,ETH-8SEP26,put,2420.0,2026-09-08T08:00:00+00:00,0.005494182030889547,0.0018,0.0022,0.001929,0.002,2496.55,ETH-8SEP26,0.3833,-0.13351,0.3986,179.0,236.0,0.0004000000000000002,ETH,2496.08,884.81
2026-09-06T07:50:16.801142+00:00,ETH-30OCT26-3400-C,2507.22,ETH-30OCT26,call,3400.0,2026-10-30T08:00:00+00:00,0.14786242296175883,0.0105,0.011,0.010673,0.01075,2507.22,ETH-30OCT26,0.5861999999999999,0.10784,1.78771,3393.0,379.0,0.0004999999999999987,ETH,2496.08,8404.88
2026-09-06T07:50:16.801142+00:00,ETH-27NOV26-2750-P,2514.83,ETH-27NOV26,put,2750.0,2026-11-27T08:00:00+00:00,0.22452224500145768,0.157,0.1585,0.157516,0.15775,2514.83,ETH-27NOV26,0.5281,-0.5918,4.62893,52.0,0.0,0.0015000000000000013,ETH,2496.08,0.0
2026-09-06T07:50:16.801142+00:00,ETH-6SEP26-2800-P,2495.59,ETH-6SEP26,put,2800.0,2026-09-06T08:00:00+00:00,1.84804566253454e-05,0.1185,0.126,0.121921,0.12225,2495.59,ETH-6SEP26,0.7071,-0.19333,0.0,0.0,0.0,0.007500000000000007,ETH,2496.08,0.0
2026-09-06T07:50:16.801142+00:00,ETH-25SEP26-5000-P,2501.8,ETH-25SEP26,put,5000.0,2026-09-25T08:00:00+00:00,0.05203764541213527,0.9915,1.0075,0.998521,0.9995,2501.8,ETH-25SEP26,0.9238,-0.99926,0.01453,2.0,0.0,0.016000000000000014,ETH,2496.08,0.0
2026-09-06T07:50:16.801142+00:00,ETH-18SEP26-2800-P,2499.49,ETH-18SEP26,put,2800.0,2026-09-18T08:00:00+00:00,0.03287268990221056,0.1235,0.132,0.127235,0.12775,2499.49,ETH-18SEP26,0.5578,-0.85808,1.01831,0.0,0.0,0.008500000000000008,ETH,2496.08,0.0
2026-09-06T07:50:16.801142+00:00,ETH-25DEC26-11000-P,2520.69,ETH-25DEC26,put,11000.0,2026-12-25T08:00:00+00:00,0.3011820670411565,3.3295,3.398,3.364007,3.36375,2520.69,ETH-25DEC26,0.8506999999999999,-0.99826,0.07743,699.0,0.0,0.06850000000000023,ETH,2496.09,0.0
2026-09-06T07:50:16.801142+00:00,ETH-9SEP26-2800-C,2496.54,ETH-9SEP26,call,2800.0,2026-09-09T08:00:00+00:00,0.008232032818021649,0.0004,0.0006,0.000526,0.0005,2496.54,ETH-9SEP26,0.634,0.02461,0.13066,0.0,0.0,0.00019999999999999993,ETH,2496.09,0.0
2026-09-06T07:50:16.801142+00:00,ETH-25DEC26-2800-C,2520.69,ETH-25DEC26,call,2800.0,2026-12-25T08:00:00+00:00,0.3011820670411565,0.0735,0.075,0.074561,0.07425,2520.69,ETH-25DEC26,0.5303,0.41466,5.39366,6830.0,0.0,0.0015000000000000013,ETH,2496.09,0.0
2026-09-06T07:50:16.801142+00:00,ETH-27NOV26-4200-C,2514.83,ETH-27NOV26,call,4200.0,2026-11-27T08:00:00+00:00,0.22452224500145768,0.006,0.007,0.006675,0.0065,2514.83,ETH-27NOV26,0.6294,0.05812,1.38491,40.0,0.0,0.001,ETH,2496.09,0.0
2026-09-06T07:50:16.801142+00:00,ETH-30OCT26-1800-C,2507.26,ETH-30OCT26,call,1800.0,2026-10-30T08:00:00+00:00,0.14786242296175883,0.2865,0.29,0.288173,0.28825,2507.26,ETH-30OCT26,0.5885,0.94252,1.11072,104.0,1.0,0.003500000000000003,ETH,2496.09,678.96
2026-09-06T07:50:16.801142+00:00,ETH-25JUN27-1800-P,2575.09,ETH-25JUN27,put,1800.0,2027-06-25T08:00:00+00:00,0.7994709102991989,0.06,0.063,0.061468,0.0615,2575.09,ETH-25JUN27,0.5785,-0.17077,5.84636,769.0,0.0,0.0030000000000000027,ETH,2496.09,0.0
2026-09-06T07:50:16.801142+00:00,ETH-9SEP26-2200-P,2496.58,ETH-9SEP26,put,2200.0,2026-09-09T08:00:00+00:00,0.008232032818021649,0.0003,0.0005,0.000405,0.0004,2496.58,ETH-9SEP26,0.674,-0.01773,0.09896,10.0,10.0,0.00020000000000000004,ETH,2496.1,9.91
2026-09-06T07:50:16.801142+00:00,ETH-25DEC26-3400-P,2520.65,ETH-25DEC26,put,3400.0,2026-12-25T08:00:00+00:00,0.3011820670411565,0.371,0.3875,0.379054,0.37925,2520.65,ETH-25DEC26,0.5548,-0.79683,3.9108,89.0,0.0,0.016500000000000015,ETH,2496.1,0.0
2026-09-06T07:50:16.801142+00:00,ETH-9SEP26-2460-P,2496.54,ETH-9SEP26,put,2460.0,2026-09-09T08:00:00+00:00,0.008232032818021649,0.0075,0.008,0.007796,0.00775,2496.54,ETH-9SEP26,0.3874,-0.3308,0.82106,54.0,54.0,0.0005000000000000004,ETH,2496.1,983.24
2026-09-06T07:50:16.801142+00:00,ETH-25DEC26-1000-P,2520.65,ETH-25DEC26,put,1000.0,2026-12-25T08:00:00+00:00,0.3011820670411565,0.0015,0.0018,0.001754,0.00165,2520.65,ETH-25DEC26,0.8016,-0.01015,0.37366,18446.0,41.0,0.0002999999999999999,ETH,2496.1,171.33
2026-09-06T07:50:16.801142+00:00,ETH-8SEP26-2620-C,2496.55,ETH-8SEP26,call,2620.0,2026-09-08T08:00:00+00:00,0.005494182030889547,0.0013,0.0016,0.001434,0.00145,2496.55,ETH-8SEP26,0.47700000000000004,0.08886,0.29758,747.0,0.0,0.00030000000000000014,ETH,2496.1,0.0
2026-09-06T07:50:16.801142+00:00,ETH-27NOV26-2200-P,2514.83,ETH-27NOV26,put,2200.0,2026-11-27T08:00:00+00:00,0.22452224500145768,0.0435,0.0445,0.044123,0.044,2514.83,ETH-27NOV26,0.531,-0.25552,3.83163,18.0,10.0,0.0010000000000000009,ETH,2496.1,1190.1
2026-09-06T07:50:16.801142+00:00,ETH-25SEP26-14000-C,2501.84,ETH-25SEP26,call,14000.0,2026-09-25T08:00:00+00:00,0.05203764541213527,,0.0001,2e-06,,2501.84,ETH-25SEP26,1.7753,3e-05,0.00063,2121.0,0.0,,ETH,2496.1,0.0
2026-09-06T07:50:16.801142+00:00,ETH-25JUN27-3700-P,2575.13,ETH-25JUN27,put,3700.0,2027-06-25T08:00:00+00:00,0.7994709102991989,0.5065,0.5325,0.519617,0.5195,2575.13,ETH-25JUN27,0.5659000000000001,-0.67823,8.25725,0.0,0.0,0.026000000000000023,ETH,2496.11,0.0
2026-09-06T07:50:16.801142+00:00,ETH-7SEP26-2600-C,2496.15,ETH-7SEP26,call,2600.0,2026-09-07T08:00:00+00:00,0.002756331243757447,0.0006,0.0009,0.000753,0.00075,2496.15,ETH-7SEP26,0.509,0.06524,0.16649,980.0,793.0,0.00030000000000000003,ETH,2496.11,564.83
2026-09-06T07:50:16.801142+00:00,ETH-25SEP26-2440-C,2501.8,ETH-25SEP26,call,2440.0,2026-09-25T08:00:00+00:00,0.05203764541213527,0.0565,0.0585,0.05761,0.0575,2501.8,ETH-25SEP26,0.49119999999999997,0.61003,2.19029,5076.0,0.0,0.0020000000000000018,ETH,2496.11,0.0
2026-09-06T07:50:16.801142+00:00,ETH-8SEP26-2480-P,2496.55,ETH-8SEP26,put,2480.0,2026-09-08T08:00:00+00:00,0.005494182030889547,0.007,0.008,0.007403,0.0075,2496.55,ETH-8SEP26,0.3527,-0.39457,0.7121,90.0,50.0,0.001,ETH,2496.11,1749.47
2026-09-06T07:50:16.801142+00:00,ETH-6SEP26-2440-C,2495.59,ETH-6SEP26,call,2440.0,2026-09-06T08:00:00+00:00,1.84804566253454e-05,0.0185,0.025,0.022326,0.02175,2495.59,ETH-6SEP26,0.40619999999999995,0.19111,0.0,1313.0,1.0,0.006500000000000002,ETH,2496.12,67.71
2026-09-06T07:50:16.801142+00:00,ETH-25SEP26-1850-C,2501.84,ETH-25SEP26,call,1850.0,2026-09-25T08:00:00+00:00,0.05203764541213527,0.2595,0.2635,0.261566,0.2615,2501.84,ETH-25SEP26,0.6522,0.98229,0.24922,2242.0,0.0,0.0040000000000000036,ETH,2496.11,0.0
2026-09-06T07:50:16.801142+00:00,ETH-25SEP26-10000-C,2501.84,ETH-25SEP26,call,10000.0,2026-09-25T08:00:00+00:00,0.05203764541213527,,0.0001,2e-06,,2501.84,ETH-25SEP26,1.4631999999999998,3e-05,0.00082,1965.0,0.0,,ETH,2496.12,0.0
2026-09-06T07:50:16.801142+00:00,ETH-25JUN27-2300-C,2575.09,ETH-25JUN27,call,2300.0,2027-06-25T08:00:00+00:00,0.7994709102991989,0.2425,0.247,0.244669,0.24475,2575.09,ETH-25JUN27,0.5582,0.68308,8.20488,234.0,0.0,0.004500000000000004,ETH,2496.12,0.0
2026-09-06T07:50:16.801142+00:00,ETH-25JUN27-2700-C,2575.09,ETH-25JUN27,call,2700.0,2027-06-25T08:00:00+00:00,0.7994709102991989,0.1755,0.1795,0.177618,0.1775,2575.09,ETH-25JUN27,0.5555,0.561,9.08285,444.0,10.0,0.0040000000000000036,ETH,2496.12,4439.43
2026-09-06T07:50:16.801142+00:00,ETH-9SEP26-2700-P,2496.58,ETH-9SEP26,put,2700.0,2026-09-09T08:00:00+00:00,0.008232032818021649,0.079,0.087,0.082642,0.083,2496.58,ETH-9SEP26,0.5396,-0.94248,0.26103,0.0,0.0,0.007999999999999993,ETH,2496.12,0.0
2026-09-06T07:50:16.801142+00:00,ETH-8SEP26-2400-C,2496.55,ETH-8SEP26,call,2400.0,2026-09-08T08:00:00+00:00,0.005494182030889547,0.0375,0.0425,0.039996,0.04,2496.55,ETH-8SEP26,0.40509999999999996,0.90792,0.30555,18.0,0.0,0.0050000000000000044,ETH,2496.12,0.0
2026-09-06T07:50:16.801142+00:00,ETH-25SEP26-16000-C,2501.84,ETH-25SEP26,call,16000.0,2026-09-25T08:00:00+00:00,0.05203764541213527,,0.0001,2e-06,,2501.84,ETH-25SEP26,1.8954,2e-05,0.00057,9830.0,0.0,,ETH,2496.1,0.0
2026-09-06T07:50:16.801142+00:00,ETH-7SEP26-2680-C,2496.16,ETH-7SEP26,call,2680.0,2026-09-07T08:00:00+00:00,0.002756331243757447,0.0002,0.0004,0.000291,0.0003,2496.16,ETH-7SEP26,0.6696,0.02249,0.07001,96.0,1.0,0.0002,ETH,2496.1,0.75
2026-09-06T07:50:16.801142+00:00,ETH-25DEC26-3300-P,2520.69,ETH-25DEC26,put,3300.0,2026-12-25T08:00:00+00:00,0.3011820670411565,0.3355,0.352,0.344079,0.34375,2520.69,ETH-25DEC26,0.5499,-0.7708,4.19363,10.0,0.0,0.01649999999999996,ETH,2496.1,0.0
2026-09-06T07:50:16.801142+00:00,ETH-25DEC26-3400-C,2520.65,ETH-25DEC26,call,3400.0,2026-12-25T08:00:00+00:00,0.3011820670411565,0.0295,0.031,0.030243,0.03025,2520.65,ETH-25DEC26,0.5548,0.20318,3.9108,14533.0,8.0,0.0015000000000000013,ETH,2496.1,611.06
2026-09-06T07:50:16.801142+00:00,ETH-27NOV26-2800-P,2514.83,ETH-27NOV26,put,2800.0,2026-11-27T08:00:00+00:00,0.22452224500145768,0.17,0.175,0.171758,0.1725,2514.83,ETH-27NOV26,0.5301,-0.61868,4.54333,34.0,0.0,0.004999999999999977,ETH,2496.1,0.0
2026-09-06T07:50:16.801142+00:00,ETH-25SEP26-6200-P,2501.8,ETH-25SEP26,put,6200.0,2026-09-25T08:00:00+00:00,0.05203764541213527,1.469,1.489,1.478122,1.479,2501.8,ETH-25SEP26,1.0378,-0.9999,0.0023,0.0,0.0,0.020000000000000018,ETH,2496.1,0.0
2026-09-06T07:50:16.801142+00:00,ETH-25DEC26-2000-C,2520.69,ETH-25DEC26,call,2000.0,2026-12-25T08:00:00+00:00,0.3011820670411565,0.238,0.243,0.240552,0.2405,2520.69,ETH-25DEC26,0.5494,0.82067,3.62249,10828.0,0.0,0.0050000000000000044,ETH,2496.12,0.0
2026-09-06T07:50:16.801142+00:00,ETH-25JUN27-5500-P,2575.09,ETH-25JUN27,put,5500.0,2027-06-25T08:00:00+00:00,0.7994709102991989,1.144,1.1825,1.162818,1.16325,2575.09,ETH-25JUN27,0.5992999999999999,-0.87441,4.75796,0.0,0.0,0.0385000000000002,ETH,2496.12,0.0
2026-09-06T07:50:16.801142+00:00,ETH-30OCT26-1850-C,2507.26,ETH-30OCT26,call,1850.0,2026-10-30T08:00:00+00:00,0.14786242296175883,0.267,0.2715,0.26965,0.26925,2507.26,ETH-30OCT26,0.5781000000000001,0.93034,1.29007,1008.0,18.0,0.004500000000000004,ETH,2496.12,11599.93
2026-09-06T07:50:16.801142+00:00,ETH-27NOV26-2000-P,2514.83,ETH-27NOV26,put,2000.0,2026-11-27T08:00:00+00:00,0.22452224500145768,0.024,0.025,0.024317,0.0245,2514.83,ETH-27NOV26,0.5515,-0.157,2.86441,480.0,11.0,0.0010000000000000009,ETH,2496.12,699.71
2026-09-06T07:50:16.801142+00:00,ETH-25JUN27-3800-P,2575.09,ETH-25JUN27,put,3800.0,2027-06-25T08:00:00+00:00,0.7994709102991989,0.5385,0.571,0.552874,0.55475,2575.09,ETH-25JUN27,0.5679,-0.69559,8.0625,2.0,0.0,0.03249999999999997,ETH,2496.12,0.0
2026-09-06T07:50:16.801142+00:00,ETH-27NOV26-2950-P,2514.83,ETH-27NOV26,put,2950.0,2026-11-27T08:00:00+00:00,0.22452224500145768,0.211,0.2245,0.217402,0.21775,2514.83,ETH-27NOV26,0.5376,-0.69115,4.19837,0.0,0.0,0.013500000000000012,ETH,2496.12,0.0
2026-09-06T07:50:16.801142+00:00,ETH-25DEC26-800-P,2520.65,ETH-25DEC26,put,800.0,2026-12-25T08:00:00+00:00,0.3011820670411565,0.0006,0.0011,0.000821,0.00085,2520.65,ETH-25DEC26,0.8859999999999999,-0.00462,0.18663,7348.0,0.0,0.0005000000000000001,ETH,2496.11,0.0
2026-09-06T07:50:16.801142+00:00,ETH-9SEP26-2700-C,2496.58,ETH-9SEP26,call,2700.0,2026-09-09T08:00:00+00:00,0.008232032818021649,0.001,0.0014,0.001184,0.0012,2496.58,ETH-9SEP26,0.5396,0.05753,0.26105,36.0,36.0,0.00039999999999999996,ETH,2496.11,141.74
2026-09-06T07:50:16.801142+00:00,ETH-18SEP26-3000-P,2499.49,ETH-18SEP26,put,3000.0,2026-09-18T08:00:00+00:00,0.03287268990221056,0.1985,0.208,0.203198,0.20325,2499.49,ETH-18SEP26,0.6322,-0.93758,0.55693,0.0,0.0,0.00949999999999998,ETH,2496.11,0.0
2026-09-06T07:50:16.801142+00:00,ETH-9SEP26-2420-C,2496.58,ETH-9SEP26,call,2420.0,2026-09-09T08:00:00+00:00,0.008232032818021649,0.0335,0.036,0.034544,0.03475,2496.58,ETH-9SEP26,0.3994,0.81015,0.61435,0.0,0.0,0.0024999999999999953,ETH,2496.11,0.0
2026-09-06T07:50:16.801142+00:00,ETH-25JUN27-3000-P,2575.09,ETH-25JUN27,put,3000.0,2027-06-25T08:00:00+00:00,0.7994709102991989,0.301,0.3095,0.305073,0.30525,2575.09,ETH-25JUN27,0.5569,-0.52282,9.17545,220.0,0.0,0.008500000000000008,ETH,2496.11,0.0
2026-09-06T07:50:16.801142+00:00,ETH-26MAR27-800-P,2546.76,ETH-26MAR27,put,800.0,2027-03-26T08:00:00+00:00,0.5503264886701777,0.003,0.0038,0.003369,0.0034,2546.76,ETH-26MAR27,0.8105,-0.01301,0.63316,2706.0,0.0,0.0007999999999999999,ETH,2496.12,0.0
2026-09-06T07:50:16.801142+00:00,ETH-30OCT26-2300-C,2507.26,ETH-30OCT26,call,2300.0,2026-10-30T08:00:00+00:00,0.14786242296175883,0.1225,0.1245,0.123655,0.1235,2507.26,ETH-30OCT26,0.5123,0.70412,3.33209,1216.0,0.0,0.0020000000000000018,ETH,2496.12,0.0
2026-09-06T07:50:16.801142+00:00,ETH-25DEC26-2000-P,2520.69,ETH-25DEC26,put,2000.0,2026-12-25T08:00:00+00:00,0.3011820670411565,0.0335,0.0345,0.03397,0.034,2520.69,ETH-25DEC26,0.5494,-0.17932,3.62247,8741.0,3.0,0.0010000000000000009,ETH,2496.12,276.65
2026-09-06T07:50:16.801142+00:00,ETH-9SEP26-2540-C,2496.54,ETH-9SEP26,call,2540.0,2026-09-09T08:00:00+00:00,0.008232032818021649,0.0075,0.008,0.007754,0.00775,2496.54,ETH-9SEP26,0.4068,0.32704,0.81729,40.0,40.0,0.0005000000000000004,ETH,2496.12,268.82
2026-09-06T07:50:16.801142+00:00,ETH-6SEP26-2320-P,2495.59,ETH-6SEP26,put,2320.0,2026-09-06T08:00:00+00:00,1.84804566253454e-05,,0.0001,0.0,,2495.59,ETH-6SEP26,0.4364,0.0,0.0,429.0,0.0,,ETH,2496.12,0.0
2026-09-06T07:50:16.801142+00:00,ETH-25DEC26-800-C,2520.65,ETH-25DEC26,call,800.0,2026-12-25T08:00:00+00:00,0.3011820670411565,0.682,0.6845,0.683454,0.68325,2520.65,ETH-25DEC26,0.8859999999999999,0.99538,0.18662,171.0,0.0,0.0024999999999999467,ETH,2496.12,0.0
2026-09-06T07:50:16.801142+00:00,ETH-26MAR27-4500-C,2546.77,ETH-26MAR27,call,4500.0,2027-03-26T08:00:00+00:00,0.5503264886701777,0.0245,0.0265,0.025526,0.0255,2546.77,ETH-26MAR27,0.5868,0.13796,4.16496,2106.0,0.0,0.0019999999999999983,ETH,2496.11,0.0
2026-09-06T07:50:16.801142+00:00,ETH-25DEC26-5500-C,2520.69,ETH-25DEC26,call,5500.0,2026-12-25T08:00:00+00:00,0.3011820670411565,0.0031,0.0038,0.003392,0.00345,2520.69,ETH-25DEC26,0.6736,0.02711,0.86553,2173.0,0.0,0.0007000000000000001,ETH,2496.11,0.0
2026-09-06T07:50:16.801142+00:00,ETH-30OCT26-2750-P,2507.26,ETH-30OCT26,put,2750.0,2026-10-30T08:00:00+00:00,0.14786242296175883,0.139,0.1435,0.141257,0.14125,2507.26,ETH-30OCT26,0.5244,-0.6396,3.60936,0.0,0.0,0.004499999999999976,ETH,2496.11,0.0
2026-09-06T07:50:16.801142+00:00,ETH-25DEC26-4000-C,2520.69,ETH-25DEC26,call,4000.0,2026-12-25T08:00:00+00:00,0.3011820670411565,0.013,0.014,0.013547,0.0135,2520.69,ETH-25DEC26,0.5853,0.10088,2.44403,14639.0,0.0,0.0010000000000000009,ETH,2496.11,0.0
2026-09-06T07:50:16.801142+00:00,ETH-9SEP26-2300-P,2496.54,ETH-9SEP26,put,2300.0,2026-09-09T08:00:00+00:00,0.008232032818021649,0.0005,0.0009,0.000666,0.0007,2496.54,ETH-9SEP26,0.5082,-0.03581,0.17831,0.0,0.0,0.00039999999999999996,ETH,2496.11,0.0
2026-09-06T07:50:16.801142+00:00,ETH-25SEP26-1200-C,2501.8,ETH-25SEP26,call,1200.0,2026-09-25T08:00:00+00:00,0.05203764541213527,0.519,0.5215,0.520461,0.52025,2501.8,ETH-25SEP26,1.1127,0.99874,0.02378,138.0,0.0,0.0024999999999999467,ETH,2496.11,0.0
2026-09-06T07:50:16.801142+00:00,ETH-9SEP26-2560-P,2496.54,ETH-9SEP26,put,2560.0,2026-09-09T08:00:00+00:00,0.008232032818021649,0.03,0.033,0.031268,0.0315,2496.54,ETH-9SEP26,0.4189,-0.73906,0.73604,0.0,0.0,0.0030000000000000027,ETH,2496.07,0.0
2026-09-06T07:50:16.801142+00:00,ETH-6SEP26-2350-P,2495.59,ETH-6SEP26,put,2350.0,2026-09-06T08:00:00+00:00,1.84804566253454e-05,,,0.0,,2495.59,ETH-6SEP26,0.42810000000000004,0.0,0.0,271.0,0.0,,ETH,2496.07,0.0
2026-09-06T07:50:16.801142+00:00,ETH-9SEP26-2500-C,2496.54,ETH-9SEP26,call,2500.0,2026-09-09T08:00:00+00:00,0.008232032818021649,0.013,0.014,0.013521,0.0135,2496.54,ETH-9SEP26,0.39159999999999995,0.49176,0.9034,446.0,446.0,0.0010000000000000009,ETH,2496.07,13170.19
2026-09-06T07:50:16.801142+00:00,ETH-7SEP26-2520-P,2496.15,ETH-7SEP26,put,2520.0,2026-09-07T08:00:00+00:00,0.002756331243757447,0.0125,0.0145,0.013339,0.0135,2496.15,ETH-7SEP26,0.3635,-0.68729,0.46366,11.0,10.0,0.002,ETH,2496.07,675.35
2026-09-06T07:50:16.801142+00:00,ETH-11SEP26-1800-P,2497.37,ETH-11SEP26,put,1800.0,2026-09-11T08:00:00+00:00,0.013707734392285852,,0.0001,4.6e-05,,2497.37,ETH-11SEP26,0.9538,-0.0014,0.01343,4345.0,117.0,,ETH,2496.07,57.42
2026-09-06T07:50:16.801142+00:00,ETH-25SEP26-3000-C,2501.84,ETH-25SEP26,call,3000.0,2026-09-25T08:00:00+00:00,0.05203764541213527,0.005,0.006,0.005655,0.0055,2501.84,ETH-25SEP26,0.5803,0.0959,0.9716,41782.0,845.0,0.001,ETH,2496.07,8997.69
2026-09-06T07:50:16.801142+00:00,ETH-25SEP26-4000-P,2501.84,ETH-25SEP26,put,4000.0,2026-09-25T08:00:00+00:00,0.05203764541213527,0.5935,0.606,0.599179,0.59975,2501.84,ETH-25SEP26,0.8057,-0.99312,0.10952,138.0,0.0,0.012499999999999956,ETH,2496.06,0.0
2026-09-06T07:50:16.801142+00:00,ETH-25SEP26-2150-C,2501.84,ETH-25SEP26,call,2150.0,2026-09-25T08:00:00+00:00,0.05203764541213527,0.1435,0.1475,0.146179,0.1455,2501.84,ETH-25SEP26,0.5274,0.90653,0.95339,149.0,0.0,0.0040000000000000036,ETH,2496.06,0.0
2026-09-06T07:50:16.801142+00:00,ETH-25SEP26-6500-P,2501.8,ETH-25SEP26,put,6500.0,2026-09-25T08:00:00+00:00,0.05203764541213527,1.589,1.61,1.598031,1.5995,2501.8,ETH-25SEP26,1.0823,-0.99991,0.00207,0.0,0.0,0.02100000000000013,ETH,2496.06,0.0
2026-09-06T07:50:16.801142+00:00,ETH-25JUN27-4600-P,2575.09,ETH-25JUN27,put,4600.0,2027-06-25T08:00:00+00:00,0.7994709102991989,0.815,0.8485,0.831594,0.83175,2575.09,ETH-25JUN27,0.5818,-0.80359,6.37928,0.0,0.0,0.033500000000000085,ETH,2496.06,0.0
2026-09-06T07:50:16.801142+00:00,ETH-25SEP26-5800-P,2501.8,ETH-25SEP26,put,5800.0,2026-09-25T08:00:00+00:00,0.05203764541213527,1.3095,1.3285,1.318248,1.319,2501.8,ETH-25SEP26,0.9994,-0.99982,0.00384,0.0,0.0,0.018999999999999906,ETH,2496.06,0.0
2026-09-06T07:50:16.801142+00:00,ETH-25JUN27-1200-C,2575.09,ETH-25JUN27,call,1200.0,2027-06-25T08:00:00+00:00,0.7994709102991989,0.549,0.555,0.551968,0.552,2575.09,ETH-25JUN27,0.6591,0.94412,2.59496,55.0,0.0,0.006000000000000005,ETH,2496.06,0.0
2026-09-06T07:50:16.801142+00:00,ETH-25SEP26-2440-P,2501.8,ETH-25SEP26,put,2440.0,2026-09-25T08:00:00+00:00,0.05203764541213527,0.0325,0.0335,0.032869,0.033,2501.8,ETH-25SEP26,0.49119999999999997,-0.39003,2.19034,75.0,8.0,0.0010000000000000009,ETH,2496.06,764.01
2026-09-06T07:50:16.801142+00:00,ETH-30OCT26-1200-C,2507.22,ETH-30OCT26,call,1200.0,2026-10-30T08:00:00+00:00,0.14786242296175883,0.5205,0.5235,0.522103,0.522,2507.22,ETH-30OCT26,0.8203,0.99366,0.17215,0.0,0.0,0.0030000000000000027,ETH,2496.06,0.0
2026-09-06T07:50:16.801142+00:00,ETH-30OCT26-1700-C,2507.26,ETH-30OCT26,call,1700.0,2026-10-30T08:00:00+00:00,0.14786242296175883,0.3245,0.328,0.326237,0.32625,2507.26,ETH-30OCT26,0.6204999999999999,0.9597,0.83618,74.0,0.0,0.003500000000000003,ETH,2496.06,0.0
2026-09-06T07:50:16.801142+00:00,ETH-25DEC26-1300-P,2520.69,ETH-25DEC26,put,1300.0,2026-12-25T08:00:00+00:00,0.3011820670411565,0.0043,0.0048,0.004537,0.00455,2520.69,ETH-25DEC26,0.6951999999999999,-0.02707,0.86439,2064.0,0.0,0.0004999999999999996,ETH,2496.06,0.0
2026-09-06T07:50:16.801142+00:00,ETH-25SEP26-2600-C,2501.84,ETH-25SEP26,call,2600.0,2026-09-25T08:00:00+00:00,0.05203764541213527,0.029,0.03,0.029557,0.0295,2501.84,ETH-25SEP26,0.502,0.39021,2.19064,21236.0,190.0,0.0009999999999999974,ETH,2496.06,12396.45
2026-09-06T07:50:16.801142+00:00,ETH-26MAR27-1200-P,2546.76,ETH-26MAR27,put,1200.0,2027-03-26T08:00:00+00:00,0.5503264886701777,0.0095,0.011,0.010239,0.01025,2546.76,ETH-26MAR27,0.6818000000000001,-0.04091,1.65858,1661.0,0.0,0.0014999999999999996,ETH,2496.07,0.0
2026-09-06T07:50:16.801142+00:00,ETH-25SEP26-7000-P,2501.84,ETH-25SEP26,put,7000.0,2026-09-25T08:00:00+00:00,0.05203764541213527,1.7875,1.8105,1.797877,1.799,2501.84,ETH-25SEP26,1.1240999999999999,-0.99995,0.00121,0.0,0.0,0.02299999999999991,ETH,2496.07,0.0
2026-09-06T07:50:16.801142+00:00,ETH-25SEP26-1900-C,2501.84,ETH-25SEP26,call,1900.0,2026-09-25T08:00:00+00:00,0.05203764541213527,0.2395,0.243,0.241853,0.24125,2501.84,ETH-25SEP26,0.6256,0.97724,0.30837,10557.0,2.0,0.003500000000000003,ETH,2496.07,1130.23
2026-09-06T07:50:16.801142+00:00,ETH-25DEC26-2300-C,2520.65,ETH-25DEC26,call,2300.0,2026-12-25T08:00:00+00:00,0.3011820670411565,0.158,0.1605,0.159471,0.15925,2520.65,ETH-25DEC26,0.5284,0.67753,4.96436,7409.0,0.0,0.0025000000000000022,ETH,2496.07,0.0
2026-09-06T07:50:16.801142+00:00,ETH-30OCT26-3000-P,2507.22,ETH-30OCT26,put,3000.0,2026-10-30T08:00:00+00:00,0.14786242296175883,0.216,0.227,0.221344,0.2215,2507.22,ETH-30OCT26,0.5448,-0.77382,2.90084,72.0,0.0,0.01100000000000001,ETH,2496.07,0.0
2026-09-06T07:50:16.801142+00:00,ETH-8SEP26-2800-C,2496.55,ETH-8SEP26,call,2800.0,2026-09-08T08:00:00+00:00,0.005494182030889547,0.0001,0.0003,0.000212,0.0002,2496.55,ETH-8SEP26,0.6808,0.01214,0.05835,221.0,200.0,0.00019999999999999998,ETH,2496.07,200.4
2026-09-06T07:50:16.801142+00:00,ETH-30OCT26-2650-C,2507.26,ETH-30OCT26,call,2650.0,2026-10-30T08:00:00+00:00,0.14786242296175883,0.0555,0.057,0.05617,0.05625,2507.26,ETH-30OCT26,0.5173,0.42897,3.78615,868.0,13.0,0.0015000000000000013,ETH,2496.07,1598.28
2026-09-06T07:50:16.801142+00:00,ETH-11SEP26-2200-C,2497.33,ETH-11SEP26,call,2200.0,2026-09-11T08:00:00+00:00,0.013707734392285852,0.1175,0.1215,0.119722,0.1195,2497.33,ETH-11SEP26,0.5607,0.97531,0.16914,201.0,0.0,0.0040000000000000036,ETH,2496.07,0.0
2026-09-06T07:50:16.801142+00:00,ETH-30OCT26-4200-C,2507.22,ETH-30OCT26,call,4200.0,2026-10-30T08:00:00+00:00,0.14786242296175883,0.0026,0.0033,0.002952,0.00295,2507.22,ETH-30OCT26,0.6756,0.03175,0.68778,478.0,0.0,0.0007000000000000001,ETH,2496.07,0.0
2026-09-06T07:50:16.801142+00:00,ETH-18SEP26-2900-C,2499.49,ETH-18SEP26,call,2900.0,2026-09-18T08:00:00+00:00,0.03287268990221056,0.0043,0.0046,0.004494,0.00445,2499.49,ETH-18SEP26,0.5956,0.09303,0.75439,579.0,3.0,0.0002999999999999999,ETH,2496.07,25.09
2026-09-06T07:50:16.801142+00:00,ETH-8SEP26-2560-P,2496.55,ETH-8SEP26,put,2560.0,2026-09-08T08:00:00+00:00,0.005494182030889547,0.0275,0.03,0.028799,0.02875,2496.55,ETH-8SEP26,0.4039,-0.79513,0.52541,5.0,0.0,0.0024999999999999988,ETH,2496.07,0.0
2026-09-06T07:50:16.801142+00:00,ETH-26MAR27-3700-C,2546.76,ETH-26MAR27,call,3700.0,2027-03-26T08:00:00+00:00,0.5503264886701777,0.0495,0.052,0.050786,0.05075,2546.76,ETH-26MAR27,0.5644,0.24751,5.97396,1531.0,0.0,0.0024999999999999953,ETH,2496.07,0.0
2026-09-06T07:50:16.801142+00:00,ETH-26MAR27-5000-C,2546.76,ETH-26MAR27,call,5000.0,2027-03-26T08:00:00+00:00,0.5503264886701777,0.0165,0.0185,0.017526,0.0175,2546.76,ETH-26MAR27,0.6014,0.09877,3.28713,2449.0,0.0,0.0019999999999999983,ETH,2496.07,0.0
2026-09-06T07:50:16.801142+00:00,ETH-9SEP26-2520-C,2496.54,ETH-9SEP26,call,2520.0,2026-09-09T08:00:00+00:00,0.008232032818021649,0.01,0.0105,0.010251,0.01025,2496.54,ETH-9SEP26,0.39740000000000003,0.40488,0.87779,56.0,56.0,0.0005000000000000004,ETH,2496.07,1118.11
2026-09-06T07:50:16.801142+00:00,ETH-6SEP26-2700-C,2495.59,ETH-6SEP26,call,2700.0,2026-09-06T08:00:00+00:00,1.84804566253454e-05,,0.0001,0.0,,2495.59,ETH-6SEP26,0.6762,0.0,0.0,155.0,0.0,,ETH,2496.07,0.0
2026-09-06T07:50:16.801142+00:00,ETH-26MAR27-1200-C,2546.76,ETH-26MAR27,call,1200.0,2027-03-26T08:00:00+00:00,0.5503264886701777,0.5365,0.541,0.539069,0.53875,2546.76,ETH-26MAR27,0.6818000000000001,0.95909,1.65858,68.0,0.0,0.0045000000000000595,ETH,2496.07,0.0
2026-09-06T07:50:16.801142+00:00,ETH-25SEP26-2700-P,2501.84,ETH-25SEP26,put,2700.0,2026-09-25T08:00:00+00:00,0.05203764541213527,0.097,0.0995,0.098292,0.09825,2501.84,ETH-25SEP26,0.5165,-0.72176,1.91577,557.0,0.0,0.0025000000000000022,ETH,2496.07,0.0
2026-09-06T07:50:16.801142+00:00,ETH-11SEP26-2450-P,2497.33,ETH-11SEP26,put,2450.0,2026-09-11T08:00:00+00:00,0.013707734392285852,0.011,0.012,0.011411,0.0115,2497.33,ETH-11SEP26,0.4204,-0.33965,1.07101,2219.0,220.0,0.0010000000000000009,ETH,2496.07,9181.41
2026-09-06T07:50:16.801142+00:00,ETH-26MAR27-2500-C,2546.76,ETH-26MAR27,call,2500.0,2027-03-26T08:00:00+00:00,0.5503264886701777,0.1665,0.17,0.168346,0.16825,2546.76,ETH-26MAR27,0.5457,0.59806,7.31102,9835.0,3.0,0.003500000000000003,ETH,2496.07,1220.05
2026-09-06T07:50:16.801142+00:00,ETH-7SEP26-2350-P,2496.15,ETH-7SEP26,put,2350.0,2026-09-07T08:00:00+00:00,0.002756331243757447,0.0001,0.0003,0.000171,0.0002,2496.15,ETH-7SEP26,0.5436,-0.0166,0.05409,20.0,20.0,0.00019999999999999998,ETH,2496.07,7.52
2026-09-06T07:50:16.801142+00:00,ETH-25SEP26-2300-C,2501.84,ETH-25SEP26,call,2300.0,2026-09-25T08:00:00+00:00,0.05203764541213527,0.094,0.096,0.095194,0.095,2501.84,ETH-25SEP26,0.49770000000000003,0.7874,1.65717,14119.0,1.0,0.0020000000000000018,ETH,2496.07,214.03
2026-09-06T07:50:16.801142+00:00,ETH-8SEP26-2250-P,2496.55,ETH-8SEP26,put,2250.0,2026-09-08T08:00:00+00:00,0.005494182030889547,0.0002,0.0004,0.000295,0.0003,2496.55,ETH-8SEP26,0.6652,-0.01641,0.07567,70.0,70.0,0.0002,ETH,2496.07,35.08
2026-09-06T07:50:16.801142+00:00,ETH-25SEP26-1400-P,2501.84,ETH-25SEP26,put,1400.0,2026-09-25T08:00:00+00:00,0.05203764541213527,0.0002,0.0003,0.00019,0.00025,2501.84,ETH-25SEP26,0.9534999999999999,-0.00274,0.04808,11566.0,30.0,9.999999999999996e-05,ETH,2496.07,22.52
2026-09-06T07:50:16.801142+00:00,ETH-26MAR27-1500-P,2546.76,ETH-26MAR27,put,1500.0,2027-03-26T08:00:00+00:00,0.5503264886701777,0.0205,0.022,0.021243,0.02125,2546.76,ETH-26MAR27,0.6175999999999999,-0.08314,2.89241,4076.0,0.0,0.0014999999999999979,ETH,2496.07,0.0
2026-09-06T07:50:16.801142+00:00,ETH-27NOV26-2850-C,2514.83,ETH-27NOV26,call,2850.0,2026-11-27T08:00:00+00:00,0.22452224500145768,0.0525,0.054,0.053322,0.05325,2514.83,ETH-27NOV26,0.5326,0.35584,4.44123,11.0,0.0,0.0015000000000000013,ETH,2496.07,0.0
2026-09-06T07:50:16.801142+00:00,ETH-9SEP26-2250-P,2496.58,ETH-9SEP26,put,2250.0,2026-09-09T08:00:00+00:00,0.008232032818021649,0.0004,0.0006,0.000448,0.0005,2496.58,ETH-9SEP26,0.5793,-0.02245,0.12093,250.0,250.0,0.00019999999999999993,ETH,2496.07,306.97
2026-09-06T07:50:16.801142+00:00,ETH-25SEP26-2550-P,2501.84,ETH-25SEP26,put,2550.0,2026-09-25T08:00:00+00:00,0.05203764541213527,0.0555,0.0565,0.055918,0.056,2501.84,ETH-25SEP26,0.4971,-0.54437,2.26332,45.0,15.0,0.0010000000000000009,ETH,2496.07,2158.21
2026-09-06T07:50:16.801142+00:00,ETH-25JUN27-2700-P,2575.09,ETH-25JUN27,put,2700.0,2027-06-25T08:00:00+00:00,0.7994709102991989,0.223,0.228,0.226089,0.2255,2575.09,ETH-25JUN27,0.5555,-0.43901,9.08282,7.0,0.0,0.0050000000000000044,ETH,2496.07,0.0
2026-09-06T07:50:16.801142+00:00,ETH-25JUN27-2900-C,2575.09,ETH-25JUN27,call,2900.0,2027-06-25T08:00:00+00:00,0.7994709102991989,0.1495,0.1535,0.151591,0.1515,2575.09,ETH-25JUN27,0.5563,0.50413,9.18995,283.0,0.0,0.0040000000000000036,ETH,2496.07,0.0
2026-09-06T07:50:16.801142+00:00,ETH-7SEP26-2360-P,2496.15,ETH-7SEP26,put,2360.0,2026-09-07T08:00:00+00:00,0.002756331243757447,0.0001,0.0003,0.000194,0.0002,2496.15,ETH-7SEP26,0.5201,-0.01922,0.06129,251.0,309.0,0.00019999999999999998,ETH,2496.07,440.58
2026-09-06T07:50:16.801142+00:00,ETH-25JUN27-1700-P,2575.09,ETH-25JUN27,put,1700.0,2027-06-25T08:00:00+00:00,0.7994709102991989,0.05,0.0525,0.051194,0.05125,2575.09,ETH-25JUN27,0.5877,-0.14613,5.27813,3041.0,0.0,0.0024999999999999953,ETH,2496.07,0.0
2026-09-06T07:50:16.801142+00:00,ETH-30OCT26-1200-P,2507.26,ETH-30OCT26,put,1200.0,2026-10-30T08:00:00+00:00,0.14786242296175883,0.0005,0.001,0.000713,0.00075,2507.26,ETH-30OCT26,0.8203,-0.00634,0.17215,2674.0,0.0,0.0005,ETH,2496.07,0.0
2026-09-06T07:50:16.801142+00:00,ETH-18SEP26-2400-P,2499.49,ETH-18SEP26,put,2400.0,2026-09-18T08:00:00+00:00,0.03287268990221056,0.0175,0.018,0.01777,0.01775,2499.49,ETH-18SEP26,0.4802,-0.30506,1.58789,1159.0,1.0,0.000499999999999997,ETH,2496.07,54.09
2026-09-06T07:50:16.801142+00:00,ETH-26MAR27-1500-C,2546.76,ETH-26MAR27,call,1500.0,2027-03-26T08:00:00+00:00,0.5503264886701777,0.4295,0.4345,0.432273,0.432,2546.76,ETH-26MAR27,0.6175999999999999,0.91686,2.89241,242.0,0.0,0.0050000000000000044,ETH,2496.07,0.0
2026-09-06T07:50:16.801142+00:00,ETH-6SEP26-2400-P,2495.59,ETH-6SEP26,put,2400.0,2026-09-06T08:00:00+00:00,1.84804566253454e-05,,0.049,0.0,,2495.59,ETH-6SEP26,0.4249,0.0,0.0,1249.0,238.0,,ETH,2496.07,214.6
2026-09-06T07:50:16.801142+00:00,ETH-30OCT26-2450-P,2507.26,ETH-30OCT26,put,2450.0,2026-10-30T08:00:00+00:00,0.14786242296175883,0.0655,0.067,0.066451,0.06625,2507.26,ETH-30OCT26,0.5107,-0.41466,3.75893,290.0,1.0,0.0015000000000000013,ETH,2496.07,180.65
2026-09-06T07:50:16.801142+00:00,ETH-11SEP26-2400-C,2497.33,ETH-11SEP26,call,2400.0,2026-09-11T08:00:00+00:00,0.013707734392285852,0.0435,0.046,0.044867,0.04475,2497.33,ETH-11SEP26,0.42460000000000003,0.79536,0.82997,1304.0,8.0,0.0025000000000000022,ETH,2496.07,835.11
2026-09-06T07:50:16.801142+00:00,ETH-25SEP26-3800-C,2501.8,ETH-25SEP26,call,3800.0,2026-09-25T08:00:00+00:00,0.05203764541213527,0.0005,0.0008,0.000647,0.00065,2501.8,ETH-25SEP26,0.7731,0.01126,0.16871,4277.0,2501.0,0.00030000000000000003,ETH,2496.07,4390.37
2026-09-06T07:50:16.801142+00:00,ETH-27NOV26-2600-P,2514.83,ETH-27NOV26,put,2600.0,2026-11-27T08:00:00+00:00,0.22452224500145768,0.1175,0.119,0.118196,0.11825,2514.83,ETH-27NOV26,0.5234000000000001,-0.50417,4.75491,131.0,10.0,0.0015000000000000013,ETH,2496.07,3146.33
2026-09-06T07:50:16.801142+00:00,ETH-27NOV26-3000-P,2514.83,ETH-27NOV26,put,3000.0,2026-11-27T08:00:00+00:00,0.22452224500145768,0.2265,0.24,0.233466,0.23325,2514.83,ETH-27NOV26,0.5406,-0.71249,4.06352,10.0,0.0,0.013499999999999984,ETH,2496.07,0.0
2026-09-06T07:50:16.801142+00:00,ETH-9SEP26-2520-P,2496.54,ETH-9SEP26,put,2520.0,2026-09-09T08:00:00+00:00,0.008232032818021649,0.019,0.02,0.019612,0.0195,2496.54,ETH-9SEP26,0.39740000000000003,-0.59512,0.87779,0.0,0.0,0.0010000000000000009,ETH,2496.07,0.0
2026-09-06T07:50:16.801142+00:00,ETH-9SEP26-2500-P,2496.58,ETH-9SEP26,put,2500.0,2026-09-09T08:00:00+00:00,0.008232032818021649,0.014,0.0155,0.01487,0.01475,2496.58,ETH-9SEP26,0.39159999999999995,-0.5082,0.9033,220.0,220.0,0.0014999999999999996,ETH,2496.07,6251.47
2026-09-06T07:50:16.801142+00:00,ETH-25SEP26-3300-C,2501.8,ETH-25SEP26,call,3300.0,2026-09-25T08:00:00+00:00,0.05203764541213527,0.0019,0.0023,0.002167,0.0021,2501.8,ETH-25SEP26,0.6564,0.03798,0.47163,20567.0,100.0,0.00039999999999999996,ETH,2496.07,343.56
2026-09-06T07:50:16.801142+00:00,ETH-30OCT26-1950-P,2507.26,ETH-30OCT26,put,1950.0,2026-10-30T08:00:00+00:00,0.14786242296175883,0.0105,0.0115,0.01099,0.011,2507.26,ETH-30OCT26,0.5546,-0.09944,1.68558,900.0,13.0,0.0009999999999999992,ETH,2496.07,383.67
2026-09-06T07:50:16.801142+00:00,ETH-18SEP26-2600-C,2499.49,ETH-18SEP26,call,2600.0,2026-09-18T08:00:00+00:00,0.03287268990221056,0.0195,0.0205,0.020335,0.02,2499.49,ETH-18SEP26,0.5017,0.34897,1.67711,1077.0,6.0,0.0010000000000000009,ETH,2496.07,297.61
2026-09-06T07:50:16.801142+00:00,ETH-9SEP26-2660-C,2496.58,ETH-9SEP26,call,2660.0,2026-09-09T08:00:00+00:00,0.008232032818021649,0.0015,0.0019,0.001755,0.0017,2496.58,ETH-9SEP26,0.502,0.08525,0.35319,107.0,107.0,0.00039999999999999996,ETH,2496.07,336.37
2026-09-06T07:50:16.801142+00:00,ETH-6SEP26-2320-C,2495.59,ETH-6SEP26,call,2320.0,2026-09-06T08:00:00+00:00,1.84804566253454e-05,0.067,0.073,0.070409,0.07,2495.59,ETH-6SEP26,0.4364,0.18,0.0,0.0,0.0,0.0059999999999999915,ETH,2496.08,0.0
2026-09-06T07:50:16.801142+00:00,ETH-26MAR27-3300-C,2546.76,ETH-26MAR27,call,3300.0,2027-03-26T08:00:00+00:00,0.5503264886701777,0.073,0.0755,0.074332,0.07425,2546.76,ETH-26MAR27,0.5542,0.33568,6.89097,2246.0,0.0,0.0025000000000000022,ETH,2496.08,0.0
2026-09-06T07:50:16.801142+00:00,ETH-18SEP26-2500-C,2499.49,ETH-18SEP26,call,2500.0,2026-09-18T08:00:00+00:00,0.03287268990221056,0.0345,0.0355,0.034969,0.035,2499.49,ETH-18SEP26,0.48469999999999996,0.5166,1.80673,1342.0,24.0,0.000999999999999994,ETH,2496.07,1681.22
2026-09-06T07:50:16.801142+00:00,ETH-25JUN27-4200-P,2575.09,ETH-25JUN27,put,4200.0,2027-06-25T08:00:00+00:00,0.7994709102991989,0.6755,0.705,0.68956,0.69025,2575.09,ETH-25JUN27,0.5744,-0.75649,7.21844,3.0,0.0,0.02949999999999997,ETH,2496.08,0.0
2026-09-06T07:50:16.801142+00:00,ETH-25SEP26-2200-P,2501.84,ETH-25SEP26,put,2200.0,2026-09-25T08:00:00+00:00,0.05203764541213527,0.0075,0.008,0.00772,0.00775,2501.84,ETH-25SEP26,0.5167,-0.12524,1.17669,9931.0,7.0,0.0005000000000000004,ETH,2496.08,156.68
2026-09-06T07:50:16.801142+00:00,ETH-25DEC26-1300-C,2520.65,ETH-25DEC26,call,1300.0,2026-12-25T08:00:00+00:00,0.3011820670411565,0.487,0.4905,0.488815,0.48875,2520.65,ETH-25DEC26,0.6951999999999999,0.97293,0.86438,50.0,0.0,0.003500000000000003,ETH,2496.08,0.0
2026-09-06T07:50:16.801142+00:00,ETH-27NOV26-2550-C,2514.83,ETH-27NOV26,call,2550.0,2026-11-27T08:00:00+00:00,0.22452224500145768,0.0915,0.093,0.092416,0.09225,2514.83,ETH-27NOV26,0.5225,0.5269,4.74431,124.0,0.0,0.0015000000000000013,ETH,2496.08,0.0
2026-09-06T07:50:16.801142+00:00,ETH-8SEP26-2460-P,2496.55,ETH-8SEP26,put,2460.0,2026-09-08T08:00:00+00:00,0.005494182030889547,0.0044,0.005,0.004736,0.0047,2496.55,ETH-8SEP26,0.35700000000000004,-0.28407,0.62696,636.0,107.0,0.0005999999999999998,ETH,2496.07,2829.86
2026-09-06T07:50:16.801142+00:00,ETH-25SEP26-3200-P,2501.84,ETH-25SEP26,put,3200.0,2026-09-25T08:00:00+00:00,0.05203764541213527,0.2775,0.2875,0.281935,0.2825,2501.84,ETH-25SEP26,0.631,-0.94923,0.59593,1323.0,0.0,0.009999999999999953,ETH,2496.07,0.0
2026-09-06T07:50:16.801142+00:00,ETH-26MAR27-3000-C,2546.76,ETH-26MAR27,call,3000.0,2027-03-26T08:00:00+00:00,0.5503264886701777,0.099,0.102,0.100534,0.1005,2546.76,ETH-26MAR27,0.5488000000000001,0.42134,7.39295,6743.0,0.0,0.002999999999999989,ETH,2496.07,0.0
2026-09-06T07:50:16.801142+00:00,ETH-25SEP26-1200-P,2501.84,ETH-25SEP26,put,1200.0,2026-09-25T08:00:00+00:00,0.05203764541213527,0.0001,0.0002,9.7e-05,0.00015,2501.84,ETH-25SEP26,1.1127,-0.00126,0.02378,12309.0,60.0,0.0001,ETH,2496.07,29.74
2026-09-06T07:50:16.801142+00:00,ETH-18SEP26-2200-C,2499.48,ETH-18SEP26,call,2200.0,2026-09-18T08:00:00+00:00,0.03287268990221056,0.1205,0.125,0.123374,0.12275,2499.48,ETH-18SEP26,0.5182,0.92,0.6739,0.0,0.0,0.004500000000000004,ETH,2496.07,0.0
2026-09-06T07:50:16.801142+00:00,ETH-30OCT26-1700-P,2507.26,ETH-30OCT26,put,1700.0,2026-10-30T08:00:00+00:00,0.14786242296175883,0.004,0.0045,0.004252,0.00425,2507.26,ETH-30OCT26,0.6204999999999999,-0.0403,0.83613,1484.0,0.0,0.0004999999999999996,ETH,2496.07,0.0
2026-09-06T07:50:16.801142+00:00,ETH-25DEC26-1900-P,2520.65,ETH-25DEC26,put,1900.0,2026-12-25T08:00:00+00:00,0.3011820670411565,0.025,0.0265,0.02583,0.02575,2520.65,ETH-25DEC26,0.5613,-0.14198,3.10945,5176.0,0.0,0.0014999999999999979,ETH,2496.08,0.0
2026-09-06T07:50:16.801142+00:00,ETH-25SEP26-7200-C,2501.8,ETH-25SEP26,call,7200.0,2026-09-25T08:00:00+00:00,0.05203764541213527,,0.0001,3e-06,,2501.8,ETH-25SEP26,1.1496,5e-05,0.00114,1772.0,0.0,,ETH,2496.08,0.0
2026-09-06T07:50:16.801142+00:00,ETH-8SEP26-2500-P,2496.55,ETH-8SEP26,put,2500.0,2026-09-08T08:00:00+00:00,0.005494182030889547,0.0105,0.012,0.011313,0.01125,2496.55,ETH-8SEP26,0.359,-0.51569,0.73731,75.0,72.0,0.0014999999999999996,ETH,2496.08,1638.28
2026-09-06T07:50:16.801142+00:00,ETH-11SEP26-2800-C,2497.33,ETH-11SEP26,call,2800.0,2026-09-11T08:00:00+00:00,0.013707734392285852,0.0015,0.0018,0.001681,0.00165,2497.33,ETH-11SEP26,0.6047,0.0571,0.33503,6216.0,127.0,0.0002999999999999999,ETH,2496.08,355.9
2026-09-06T07:50:16.801142+00:00,ETH-25JUN27-3200-C,2575.09,ETH-25JUN27,call,3200.0,2027-06-25T08:00:00+00:00,0.7994709102991989,0.118,0.122,0.120086,0.12,2575.09,ETH-25JUN27,0.5589999999999999,0.42694,9.03608,1379.0,0.0,0.0040000000000000036,ETH,2496.08,0.0
2026-09-06T07:50:16.801142+00:00,ETH-27NOV26-3800-P,2514.83,ETH-27NOV26,put,3800.0,2026-11-27T08:00:00+00:00,0.22452224500145768,0.5145,0.5315,0.522135,0.523,2514.83,ETH-27NOV26,0.5975,-0.906,1.99887,0.0,0.0,0.017000000000000015,ETH,2496.08,0.0
2026-09-06T07:50:16.801142+00:00,ETH-11SEP26-2500-C,2497.37,ETH-11SEP26,call,2500.0,2026-09-11T08:00:00+00:00,0.013707734392285852,0.019,0.02,0.019669,0.0195,2497.37,ETH-11SEP26,0.4318,0.50176,1.16648,5031.0,4.0,0.0010000000000000009,ETH,2496.09,111.77
2026-09-06T07:50:16.801142+00:00,ETH-25SEP26-6600-C,2501.84,ETH-25SEP26,call,6600.0,2026-09-25T08:00:00+00:00,0.05203764541213527,,0.0001,5e-06,,2501.84,ETH-25SEP26,1.0931,8e-05,0.0019,1986.0,0.0,,ETH,2496.09,0.0
2026-09-06T07:50:16.801142+00:00,ETH-7SEP26-2350-C,2496.15,ETH-7SEP26,call,2350.0,2026-09-07T08:00:00+00:00,0.002756331243757447,0.055,0.0615,0.05874,0.05825,2496.15,ETH-7SEP26,0.5436,0.98344,0.05396,0.0,0.0,0.006499999999999999,ETH,2496.09,0.0
2026-09-06T07:50:16.801142+00:00,ETH-7SEP26-2320-P,2496.15,ETH-7SEP26,put,2320.0,2026-09-07T08:00:00+00:00,0.002756331243757447,,0.0002,0.000143,,2496.15,ETH-7SEP26,0.6264,-0.01235,0.04192,501.0,186.0,,ETH,2496.09,71.2
2026-09-06T07:50:16.801142+00:00,ETH-30OCT26-1600-C,2507.22,ETH-30OCT26,call,1600.0,2026-10-30T08:00:00+00:00,0.14786242296175883,0.363,0.3665,0.364814,0.36475,2507.22,ETH-30OCT26,0.6536,0.97208,0.61805,68.0,0.0,0.003500000000000003,ETH,2496.09,0.0
2026-09-06T07:50:16.801142+00:00,ETH-7SEP26-2660-C,2496.15,ETH-7SEP26,call,2660.0,2026-09-07T08:00:00+00:00,0.002756331243757447,0.0002,0.0004,0.000332,0.0003,2496.15,ETH-7SEP26,0.623,0.02673,0.0809,245.0,51.0,0.0002,ETH,2496.14,25.82
2026-09-06T07:50:16.801142+00:00,ETH-25SEP26-2350-P,2501.84,ETH-25SEP26,put,2350.0,2026-09-25T08:00:00+00:00,0.05203764541213527,0.019,0.02,0.019765,0.0195,2501.84,ETH-25SEP26,0.4939,-0.27028,1.8885,45.0,38.0,0.0010000000000000009,ETH,2496.09,1985.87
2026-09-06T07:50:16.801142+00:00,ETH-8SEP26-2600-P,2496.55,ETH-8SEP26,put,2600.0,2026-09-08T08:00:00+00:00,0.005494182030889547,0.04,0.0465,0.043289,0.04325,2496.55,ETH-8SEP26,0.4522,-0.88411,0.36098,2.0,2.0,0.006499999999999999,ETH,2496.14,287.44
2026-09-06T07:50:16.801142+00:00,ETH-7SEP26-2400-P,2496.15,ETH-7SEP26,put,2400.0,2026-09-07T08:00:00+00:00,0.002756331243757447,0.0004,0.0006,0.000437,0.0005,2496.15,ETH-7SEP26,0.44530000000000003,-0.04496,0.12399,1290.0,873.0,0.00019999999999999993,ETH,2496.14,2009.04
2026-09-06T07:50:16.801142+00:00,ETH-8SEP26-2280-C,2496.55,ETH-8SEP26,call,2280.0,2026-09-08T08:00:00+00:00,0.005494182030889547,0.085,0.0885,0.087084,0.08675,2496.55,ETH-8SEP26,0.5997,0.98046,0.08782,0.0,0.0,0.0034999999999999892,ETH,2496.14,0.0
2026-09-06T07:50:16.801142+00:00,ETH-26MAR27-3100-C,2546.76,ETH-26MAR27,call,3100.0,2027-03-26T08:00:00+00:00,0.5503264886701777,0.0895,0.092,0.090799,0.09075,2546.76,ETH-26MAR27,0.5503,0.39089,7.25641,2006.0,0.0,0.0025000000000000022,ETH,2496.14,0.0
2026-09-06T07:50:16.801142+00:00,ETH-11SEP26-2300-C,2497.33,ETH-11SEP26,call,2300.0,2026-09-11T08:00:00+00:00,0.013707734392285852,0.0785,0.083,0.080636,0.08075,2497.33,ETH-11SEP26,0.4715,0.93575,0.36743,112.0,0.0,0.004500000000000004,ETH,2496.14,0.0
2026-09-06T07:50:16.801142+00:00,ETH-9SEP26-2620-C,2496.54,ETH-9SEP26,call,2620.0,2026-09-09T08:00:00+00:00,0.008232032818021649,0.0025,0.0029,0.002741,0.0027,2496.54,ETH-9SEP26,0.4661,0.13143,0.48275,57.0,57.0,0.00039999999999999975,ETH,2496.16,338.12
2026-09-06T07:50:16.801142+00:00,ETH-11SEP26-3000-C,2497.33,ETH-11SEP26,call,3000.0,2026-09-11T08:00:00+00:00,0.013707734392285852,0.0005,0.0007,0.000587,0.0006,2497.33,ETH-11SEP26,0.7399,0.01907,0.13597,5204.0,79.0,0.00019999999999999998,ETH,2496.16,58.82
2026-09-06T07:50:16.801142+00:00,ETH-25SEP26-2400-P,2501.8,ETH-25SEP26,put,2400.0,2026-09-25T08:00:00+00:00,0.05203764541213527,0.026,0.027,0.026425,0.0265,2501.8,ETH-25SEP26,0.4916,-0.33477,2.07923,7644.0,74.0,0.0010000000000000009,ETH,2496.16,5351.95
2026-09-06T07:50:16.801142+00:00,ETH-25SEP26-2900-P,2501.84,ETH-25SEP26,put,2900.0,2026-09-25T08:00:00+00:00,0.05203764541213527,0.163,0.1725,0.167386,0.16775,2501.84,ETH-25SEP26,0.5566,-0.864,1.24578,799.0,0.0,0.00949999999999998,ETH,2496.16,0.0
2026-09-06T07:50:16.801142+00:00,ETH-25JUN27-6000-P,2575.09,ETH-25JUN27,put,6000.0,2027-06-25T08:00:00+00:00,0.7994709102991989,1.33,1.376,1.351123,1.353,2575.09,ETH-25JUN27,0.6102000000000001,-0.8991,4.06959,1.0,1.0,0.04599999999999982,ETH,2496.16,3378.63
2026-09-06T07:50:16.801142+00:00,ETH-25SEP26-15000-C,2501.84,ETH-25SEP26,call,15000.0,2026-09-25T08:00:00+00:00,0.05203764541213527,,0.0001,2e-06,,2501.84,ETH-25SEP26,1.8378999999999999,2e-05,0.0006,2390.0,0.0,,ETH,2496.16,0.0
2026-09-06T07:50:16.801142+00:00,ETH-25SEP26-5600-C,2501.84,ETH-25SEP26,call,5600.0,2026-09-25T08:00:00+00:00,0.05203764541213527,,0.0001,1e-05,,2501.84,ETH-25SEP26,0.9643,0.00019,0.00415,8185.0,0.0,,ETH,2496.16,0.0
2026-09-06T07:50:16.801142+00:00,ETH-25JUN27-3100-C,2575.09,ETH-25JUN27,call,3100.0,2027-06-25T08:00:00+00:00,0.7994709102991989,0.1275,0.1315,0.129618,0.1295,2575.09,ETH-25JUN27,0.5577000000000001,0.45145,9.12284,209.0,0.0,0.0040000000000000036,ETH,2496.16,0.0
2026-09-06T07:50:16.801142+00:00,ETH-26MAR27-2700-C,2546.76,ETH-26MAR27,call,2700.0,2027-03-26T08:00:00+00:00,0.5503264886701777,0.135,0.1385,0.136889,0.13675,2546.76,ETH-26MAR27,0.5456,0.52325,7.52744,3034.0,0.0,0.003500000000000003,ETH,2496.16,0.0
2026-09-06T07:50:16.801142+00:00,ETH-7SEP26-2680-P,2496.16,ETH-7SEP26,put,2680.0,2026-09-07T08:00:00+00:00,0.002756331243757447,0.0705,0.0775,0.073923,0.074,2496.16,ETH-7SEP26,0.6696,-0.97753,0.06993,0.0,0.0,0.007000000000000006,ETH,2496.16,0.0
2026-09-06T07:50:16.801142+00:00,ETH-25SEP26-3000-P,2501.84,ETH-25SEP26,put,3000.0,2026-09-25T08:00:00+00:00,0.05203764541213527,0.2005,0.21,0.204743,0.20525,2501.84,ETH-25SEP26,0.5803,-0.90408,0.97172,7499.0,0.0,0.00949999999999998,ETH,2496.16,0.0
2026-09-06T07:50:16.801142+00:00,ETH-25DEC26-3600-P,2520.69,ETH-25DEC26,put,3600.0,2026-12-25T08:00:00+00:00,0.3011820670411565,0.442,0.4605,0.451071,0.45125,2520.69,ETH-25DEC26,0.5653,-0.8397,3.37113,93.0,0.0,0.018500000000000016,ETH,2496.16,0.0
2026-09-06T07:50:16.801142+00:00,ETH-6SEP26-2540-P,2495.59,ETH-6SEP26,put,2540.0,2026-09-06T08:00:00+00:00,1.84804566253454e-05,0.015,0.0215,0.017742,0.01825,2495.59,ETH-6SEP26,0.4524,-0.17778,0.0,2.0,0.0,0.006499999999999999,ETH,2496.16,0.0
2026-09-06T07:50:16.801142+00:00,ETH-25SEP26-5000-C,2501.8,ETH-25SEP26,call,5000.0,2026-09-25T08:00:00+00:00,0.05203764541213527,,0.0001,4e-05,,2501.8,ETH-25SEP26,0.9238,0.00074,0.01454,4611.0,0.0,,ETH,2496.16,0.0
2026-09-06T07:50:16.801142+00:00,ETH-25JUN27-2200-C,2575.13,ETH-25JUN27,call,2200.0,2027-06-25T08:00:00+00:00,0.7994709102991989,0.263,0.267,0.265055,0.265,2575.13,ETH-25JUN27,0.5603,0.71403,7.83408,1055.0,0.0,0.0040000000000000036,ETH,2496.16,0.0
2026-09-06T07:50:16.801142+00:00,ETH-18SEP26-2000-P,2499.49,ETH-18SEP26,put,2000.0,2026-09-18T08:00:00+00:00,0.03287268990221056,0.0008,0.0011,0.000901,0.00095,2499.49,ETH-18SEP26,0.6209,-0.02081,0.227,2122.0,10.0,0.00030000000000000003,ETH,2496.16,24.57
2026-09-06T07:50:16.801142+00:00,ETH-25DEC26-3600-C,2520.65,ETH-25DEC26,call,3600.0,2026-12-25T08:00:00+00:00,0.3011820670411565,0.0225,0.0235,0.022919,0.023,2520.65,ETH-25DEC26,0.5653,0.16031,3.37124,2545.0,0.0,0.0010000000000000009,ETH,2496.16,0.0
2026-09-06T07:50:16.801142+00:00,ETH-25JUN27-900-C,2575.09,ETH-25JUN27,call,900.0,2027-06-25T08:00:00+00:00,0.7994709102991989,0.6575,0.6615,0.658985,0.6595,2575.09,ETH-25JUN27,0.731,0.97352,1.41301,0.0,0.0,0.0040000000000000036,ETH,2496.16,0.0
2026-09-06T07:50:16.801142+00:00,ETH-25DEC26-9000-C,2520.65,ETH-25DEC26,call,9000.0,2026-12-25T08:00:00+00:00,0.3011820670411565,0.0002,0.0007,0.000392,0.00045,2520.65,ETH-25DEC26,0.7911,0.00333,0.13918,2069.0,0.0,0.0005,ETH,2496.19,0.0
2026-09-06T07:50:16.801142+00:00,ETH-30OCT26-2350-C,2507.26,ETH-30OCT26,call,2350.0,2026-10-30T08:00:00+00:00,0.14786242296175883,0.11,0.112,0.111185,0.111,2507.26,ETH-30OCT26,0.5104,0.66573,3.51052,246.0,0.0,0.0020000000000000018,ETH,2496.19,0.0
2026-09-06T07:50:16.801142+00:00,ETH-25SEP26-2700-C,2501.84,ETH-25SEP26,call,2700.0,2026-09-25T08:00:00+00:00,0.05203764541213527,0.0185,0.0195,0.019113,0.019,2501.84,ETH-25SEP26,0.5165,0.27836,1.91624,11110.0,593.0,0.0010000000000000009,ETH,2496.19,20381.49
2026-09-06T07:50:16.801142+00:00,ETH-25SEP26-11000-C,2501.8,ETH-25SEP26,call,11000.0,2026-09-25T08:00:00+00:00,0.05203764541213527,,0.0001,2e-06,,2501.8,ETH-25SEP26,1.5529,3e-05,0.00076,3423.0,0.0,,ETH,2496.19,0.0
2026-09-06T07:50:16.801142+00:00,ETH-30OCT26-2750-C,2507.26,ETH-30OCT26,call,2750.0,2026-10-30T08:00:00+00:00,0.14786242296175883,0.044,0.045,0.044468,0.0445,2507.26,ETH-30OCT26,0.5244,0.36043,3.6095,652.0,0.0,0.0010000000000000009,ETH,2496.19,0.0
2026-09-06T07:50:16.801142+00:00,ETH-25JUN27-3700-C,2575.13,ETH-25JUN27,call,3700.0,2027-06-25T08:00:00+00:00,0.7994709102991989,0.081,0.0845,0.082825,0.08275,2575.13,ETH-25JUN27,0.5659000000000001,0.32182,8.25822,10.0,0.0,0.003500000000000003,ETH,2496.19,0.0
2026-09-06T07:50:16.801142+00:00,ETH-25SEP26-10000-P,2501.84,ETH-25SEP26,put,10000.0,2026-09-25T08:00:00+00:00,0.05203764541213527,2.983,3.0155,2.996965,2.99925,2501.84,ETH-25SEP26,1.4631999999999998,-0.99997,0.00082,759.0,0.0,0.03249999999999975,ETH,2496.47,0.0
2026-09-06T07:50:16.801142+00:00,ETH-25DEC26-2200-C,2520.65,ETH-25DEC26,call,2200.0,2026-12-25T08:00:00+00:00,0.3011820670411565,0.1825,0.185,0.184026,0.18375,2520.65,ETH-25DEC26,0.5331,0.72966,4.57904,52404.0,0.0,0.0025000000000000022,ETH,2496.47,0.0
2026-09-06T07:50:16.801142+00:00,ETH-26MAR27-2100-P,2546.76,ETH-26MAR27,put,2100.0,2027-03-26T08:00:00+00:00,0.5503264886701777,0.0755,0.078,0.076899,0.07675,2546.76,ETH-26MAR27,0.5550999999999999,-0.24993,6.00605,709.0,0.0,0.0025000000000000022,ETH,2496.47,0.0
2026-09-06T07:50:16.801142+00:00,ETH-11SEP26-2700-C,2497.37,ETH-11SEP26,call,2700.0,2026-09-11T08:00:00+00:00,0.013707734392285852,0.0032,0.0036,0.003378,0.0034,2497.37,ETH-11SEP26,0.5371,0.11353,0.5624,2839.0,802.0,0.00039999999999999975,ETH,2496.47,3519.28
2026-09-06T07:50:16.801142+00:00,ETH-8SEP26-2340-P,2496.55,ETH-8SEP26,put,2340.0,2026-09-08T08:00:00+00:00,0.005494182030889547,0.0004,0.0006,0.000486,0.0005,2496.55,ETH-8SEP26,0.48369999999999996,-0.03395,0.1394,128.0,56.0,0.00019999999999999993,ETH,2496.47,163.36
2026-09-06T07:50:16.801142+00:00,ETH-18SEP26-2800-C,2499.49,ETH-18SEP26,call,2800.0,2026-09-18T08:00:00+00:00,0.03287268990221056,0.0065,0.0075,0.007024,0.007,2499.49,ETH-18SEP26,0.5578,0.14198,1.01857,19572.0,25.0,0.001,ETH,2496.47,268.62
2026-09-06T07:50:16.801142+00:00,ETH-27NOV26-2850-P,2514.83,ETH-27NOV26,put,2850.0,2026-11-27T08:00:00+00:00,0.22452224500145768,0.1845,0.1895,0.186554,0.187,2514.83,ETH-27NOV26,0.5326,-0.64411,4.44161,0.0,0.0,0.0050000000000000044,ETH,2496.47,0.0
2026-09-06T07:50:16.801142+00:00,ETH-25SEP26-2380-C,2501.84,ETH-25SEP26,call,2380.0,2026-09-25T08:00:00+00:00,0.05203764541213527,0.071,0.073,0.072211,0.072,2501.84,ETH-25SEP26,0.4911,0.69251,2.00711,78.0,0.0,0.0020000000000000018,ETH,2496.54,0.0
2026-09-06T07:50:16.801142+00:00,ETH-6SEP26-2500-P,2495.59,ETH-6SEP26,put,2500.0,2026-09-06T08:00:00+00:00,1.84804566253454e-05,0.0009,0.0027,0.001721,0.0018,2495.59,ETH-6SEP26,0.2298,-0.17395,0.0019,494.0,139.0,0.0018000000000000002,ETH,2496.54,115.7
2026-09-06T07:50:16.801142+00:00,ETH-6SEP26-2380-C,2495.59,ETH-6SEP26,call,2380.0,2026-09-06T08:00:00+00:00,1.84804566253454e-05,0.043,0.049,0.046367,0.046,2495.59,ETH-6SEP26,0.4276,0.17556,0.0,81.0,0.0,0.006000000000000005,ETH,2496.54,0.0
2026-09-06T07:50:16.801142+00:00,ETH-25JUN27-2500-C,2575.13,ETH-25JUN27,call,2500.0,2027-06-25T08:00:00+00:00,0.7994709102991989,0.2065,0.2105,0.208465,0.2085,2575.13,ETH-25JUN27,0.5561,0.62133,8.76374,3193.0,0.0,0.0040000000000000036,ETH,2496.54,0.0
2026-09-06T07:50:16.801142+00:00,ETH-7SEP26-2200-C,2496.15,ETH-7SEP26,call,2200.0,2026-09-07T08:00:00+00:00,0.002756331243757447,0.1165,0.12,0.118661,0.11825,2496.15,ETH-7SEP26,0.6516,0.9999,0.00052,18.0,18.0,0.0034999999999999892,ETH,2496.49,5319.32
2026-09-06T07:50:16.801142+00:00,ETH-6SEP26-2600-C,2495.59,ETH-6SEP26,call,2600.0,2026-09-06T08:00:00+00:00,1.84804566253454e-05,,0.0001,0.0,,2495.59,ETH-6SEP26,0.6761,0.0,0.0,646.0,36.0,,ETH,2496.49,8.97
2026-09-06T07:50:16.801142+00:00,ETH-25DEC26-4000-P,2520.65,ETH-25DEC26,put,4000.0,2026-12-25T08:00:00+00:00,0.3011820670411565,0.5905,0.6115,0.600383,0.601,2520.65,ETH-25DEC26,0.5853,-0.89904,2.44589,223.0,0.0,0.02100000000000002,ETH,2496.49,0.0
2026-09-06T07:50:16.801142+00:00,ETH-25JUN27-800-P,2575.09,ETH-25JUN27,put,800.0,2027-06-25T08:00:00+00:00,0.7994709102991989,0.0055,0.007,0.006228,0.00625,2575.09,ETH-25JUN27,0.7578,-0.0195,1.0919,689.0,0.0,0.0015000000000000005,ETH,2496.49,0.0
2026-09-06T07:50:16.801142+00:00,ETH-26MAR27-6000-P,2546.76,ETH-26MAR27,put,6000.0,2027-03-26T08:00:00+00:00,0.5503264886701777,1.3465,1.3865,1.365104,1.3665,2546.76,ETH-26MAR27,0.6303,-0.94498,2.10354,1.0,0.0,0.040000000000000036,ETH,2496.49,0.0
2026-09-06T07:50:16.801142+00:00,ETH-18SEP26-2600-P,2499.48,ETH-18SEP26,put,2600.0,2026-09-18T08:00:00+00:00,0.03287268990221056,0.0595,0.062,0.060531,0.06075,2499.48,ETH-18SEP26,0.5017,-0.65031,1.67868,88.0,0.0,0.0025000000000000022,ETH,2496.49,0.0
2026-09-06T07:50:16.801142+00:00,ETH-25SEP26-3100-P,2501.84,ETH-25SEP26,put,3100.0,2026-09-25T08:00:00+00:00,0.05203764541213527,0.239,0.2485,0.243102,0.24375,2501.84,ETH-25SEP26,0.607,-0.93017,0.76523,1.0,0.0,0.009500000000000008,ETH,2496.49,0.0
2026-09-06T07:50:16.801142+00:00,ETH-25DEC26-1600-C,2520.65,ETH-25DEC26,call,1600.0,2026-12-25T08:00:00+00:00,0.3011820670411565,0.374,0.378,0.376261,0.376,2520.65,ETH-25DEC26,0.6152000000000001,0.93512,1.75229,620.0,0.0,0.0040000000000000036,ETH,2496.47,0.0
2026-09-06T07:50:16.801142+00:00,ETH-9SEP26-2650-P,2496.54,ETH-9SEP26,put,2650.0,2026-09-09T08:00:00+00:00,0.008232032818021649,0.06,0.0665,0.063381,0.06325,2496.54,ETH-9SEP26,0.4926,-0.9048,0.38343,0.0,0.0,0.006500000000000006,ETH,2496.47,0.0
2026-09-06T07:50:16.801142+00:00,ETH-8SEP26-2480-C,2496.55,ETH-8SEP26,call,2480.0,2026-09-08T08:00:00+00:00,0.005494182030889547,0.0135,0.015,0.014056,0.01425,2496.55,ETH-8SEP26,0.3527,0.60772,0.71094,561.0,140.0,0.0014999999999999996,ETH,2496.47,2074.93
2026-09-06T07:50:16.801142+00:00,ETH-26MAR27-3100-P,2546.76,ETH-26MAR27,put,3100.0,2027-03-26T08:00:00+00:00,0.5503264886701777,0.299,0.322,0.307989,0.3105,2546.76,ETH-26MAR27,0.5503,-0.60898,7.25803,99.0,0.0,0.02300000000000002,ETH,2496.47,0.0
2026-09-06T07:50:16.801142+00:00,ETH-6SEP26-2340-P,2495.59,ETH-6SEP26,put,2340.0,2026-09-06T08:00:00+00:00,1.84804566253454e-05,,,0.0,,2495.59,ETH-6SEP26,0.4289,0.0,0.0,450.0,0.0,,ETH,2496.5,0.0
2026-09-06T07:50:16.801142+00:00,ETH-30OCT26-4400-C,2507.26,ETH-30OCT26,call,4400.0,2026-10-30T08:00:00+00:00,0.14786242296175883,0.002,0.0027,0.002332,0.00235,2507.26,ETH-30OCT26,0.6986,0.02511,0.56583,689.0,3.0,0.0007000000000000001,ETH,2496.5,14.94
2026-09-06T07:50:16.801142+00:00,ETH-9SEP26-2340-P,2496.54,ETH-9SEP26,put,2340.0,2026-09-09T08:00:00+00:00,0.008232032818021649,0.0009,0.0012,0.001049,0.00105,2496.54,ETH-9SEP26,0.46,-0.05738,0.26054,603.0,832.0,0.0002999999999999999,ETH,2496.5,2662.16
2026-09-06T07:50:16.801142+00:00,ETH-25JUN27-3400-P,2575.13,ETH-25JUN27,put,3400.0,2027-06-25T08:00:00+00:00,0.7994709102991989,0.4115,0.4345,0.423564,0.423,2575.13,ETH-25JUN27,0.5616,-0.6184,8.78436,5.0,0.0,0.02300000000000002,ETH,2496.5,0.0
2026-09-06T07:50:16.801142+00:00,ETH-8SEP26-2500-C,2496.55,ETH-8SEP26,call,2500.0,2026-09-08T08:00:00+00:00,0.005494182030889547,0.0095,0.0105,0.009955,0.01,2496.55,ETH-8SEP26,0.359,0.48682,0.7376,1195.0,920.0,0.0010000000000000009,ETH,2496.5,9733.1
2026-09-06T07:50:16.801142+00:00,ETH-6SEP26-2660-C,2495.59,ETH-6SEP26,call,2660.0,2026-09-06T08:00:00+00:00,1.84804566253454e-05,,0.0001,0.0,,2495.59,ETH-6SEP26,0.6761,0.0,0.0,106.0,0.0,,ETH,2496.49,0.0
2026-09-06T07:50:16.801142+00:00,ETH-6SEP26-2150-C,2495.59,ETH-6SEP26,call,2150.0,2026-09-06T08:00:00+00:00,1.84804566253454e-05,0.1355,0.141,0.138525,0.13825,2495.59,ETH-6SEP26,0.8066,0.17333,0.0,0.0,0.0,0.005499999999999977,ETH,2496.49,0.0
2026-09-06T07:50:16.801142+00:00,ETH-25SEP26-13000-P,2501.84,ETH-25SEP26,put,13000.0,2026-09-25T08:00:00+00:00,0.05203764541213527,4.173,4.225,4.196053,4.199,2501.84,ETH-25SEP26,1.7075,-0.99997,0.00067,0.0,0.0,0.0519999999999996,ETH,2496.49,0.0
2026-09-06T07:50:16.801142+00:00,ETH-9SEP26-2440-P,2496.54,ETH-9SEP26,put,2440.0,2026-09-09T08:00:00+00:00,0.008232032818021649,0.005,0.006,0.005455,0.0055,2496.54,ETH-9SEP26,0.39020000000000005,-0.25141,0.72194,20.0,20.0,0.001,ETH,2496.49,437.24
2026-09-06T07:50:16.801142+00:00,ETH-25DEC26-3800-P,2520.65,ETH-25DEC26,put,3800.0,2026-12-25T08:00:00+00:00,0.3011820670411565,0.5155,0.5345,0.525024,0.525,2520.65,ETH-25DEC26,0.5754,-0.87308,2.87948,26.0,0.0,0.019000000000000017,ETH,2496.49,0.0
2026-09-06T07:50:16.801142+00:00,ETH-25JUN27-1200-P,2575.13,ETH-25JUN27,put,1200.0,2027-06-25T08:00:00+00:00,0.7994709102991989,0.017,0.019,0.017955,0.018,2575.13,ETH-25JUN27,0.6591,-0.05584,2.59407,531.0,6.0,0.0019999999999999983,ETH,2496.49,263.55
2026-09-06T07:50:16.801142+00:00,ETH-25SEP26-1300-P,2501.8,ETH-25SEP26,put,1300.0,2026-09-25T08:00:00+00:00,0.05203764541213527,0.0001,0.0003,0.000167,0.0002,2501.8,ETH-25SEP26,1.0525,-0.00219,0.03935,4963.0,22.0,0.00019999999999999998,ETH,2496.49,16.36
2026-09-06T07:50:16.801142+00:00,ETH-27NOV26-2150-P,2514.83,ETH-27NOV26,put,2150.0,2026-11-27T08:00:00+00:00,0.22452224500145768,0.0375,0.039,0.038185,0.03825,2514.83,ETH-27NOV26,0.5347,-0.22798,3.60204,10.0,0.0,0.0015000000000000013,ETH,2496.49,0.0
2026-09-06T07:50:16.801142+00:00,ETH-25SEP26-1400-C,2501.84,ETH-25SEP26,call,1400.0,2026-09-25T08:00:00+00:00,0.05203764541213527,0.439,0.4415,0.440616,0.44025,2501.84,ETH-25SEP26,0.9534999999999999,0.99727,0.04795,1553.0,0.0,0.0025000000000000022,ETH,2496.47,0.0
2026-09-06T07:50:16.801142+00:00,ETH-7SEP26-2750-P,2496.15,ETH-7SEP26,put,2750.0,2026-09-07T08:00:00+00:00,0.002756331243757447,0.0985,0.1055,0.10178,0.102,2496.15,ETH-7SEP26,0.7606,-0.99189,0.02905,0.0,0.0,0.006999999999999992,ETH,2496.47,0.0
2026-09-06T07:50:16.801142+00:00,ETH-27NOV26-3300-C,2514.83,ETH-27NOV26,call,3300.0,2026-11-27T08:00:00+00:00,0.22452224500145768,0.0235,0.0245,0.024094,0.024,2514.83,ETH-27NOV26,0.5600999999999999,0.1866,3.19919,13.0,10.0,0.0010000000000000009,ETH,2496.49,487.94
2026-09-06T07:50:16.801142+00:00,ETH-9SEP26-2600-P,2496.54,ETH-9SEP26,put,2600.0,2026-09-09T08:00:00+00:00,0.008232032818021649,0.043,0.048,0.044905,0.0455,2496.54,ETH-9SEP26,0.44939999999999997,-0.83437,0.56365,0.0,0.0,0.0050000000000000044,ETH,2496.47,0.0
2026-09-06T07:50:16.801142+00:00,ETH-26MAR27-5500-C,2546.77,ETH-26MAR27,call,5500.0,2027-03-26T08:00:00+00:00,0.5503264886701777,0.0115,0.0135,0.012498,0.0125,2546.77,ETH-26MAR27,0.6158,0.0727,2.61285,2976.0,0.0,0.002,ETH,2496.48,0.0
2026-09-06T07:50:16.801142+00:00,ETH-25SEP26-3600-P,2501.84,ETH-25SEP26,put,3600.0,2026-09-25T08:00:00+00:00,0.05203764541213527,0.435,0.4465,0.439927,0.44075,2501.84,ETH-25SEP26,0.7303000000000001,-0.98215,0.25098,907.0,0.0,0.01150000000000001,ETH,2496.47,0.0
2026-09-06T07:50:16.801142+00:00,ETH-8SEP26-2650-C,2496.55,ETH-8SEP26,call,2650.0,2026-09-08T08:00:00+00:00,0.005494182030889547,0.0009,0.0011,0.00099,0.001,2496.55,ETH-8SEP26,0.514,0.06148,0.22461,2.0,4.0,0.0002000000000000001,ETH,2496.48,10.95
2026-09-06T07:50:16.801142+00:00,ETH-25SEP26-1300-C,2501.8,ETH-25SEP26,call,1300.0,2026-09-25T08:00:00+00:00,0.05203764541213527,0.479,0.4815,0.480562,0.48025,2501.8,ETH-25SEP26,1.0525,0.99781,0.03935,68.0,0.0,0.0025000000000000022,ETH,2496.48,0.0
2026-09-06T07:50:16.801142+00:00,ETH-25DEC26-1600-P,2520.69,ETH-25DEC26,put,1600.0,2026-12-25T08:00:00+00:00,0.3011820670411565,0.0105,0.0115,0.010995,0.011,2520.69,ETH-25DEC26,0.6152000000000001,-0.06488,1.75229,8358.0,0.0,0.0009999999999999992,ETH,2496.48,0.0
2026-09-06T07:50:16.801142+00:00,ETH-30OCT26-2050-P,2507.22,ETH-30OCT26,put,2050.0,2026-10-30T08:00:00+00:00,0.14786242296175883,0.016,0.017,0.0164,0.0165,2507.22,ETH-30OCT26,0.5386,-0.14099,2.15711,397.0,1.0,0.0010000000000000009,ETH,2496.48,42.16
2026-09-06T07:50:16.801142+00:00,ETH-11SEP26-2650-C,2497.37,ETH-11SEP26,call,2650.0,2026-09-11T08:00:00+00:00,0.013707734392285852,0.0048,0.0055,0.005138,0.00515,2497.37,ETH-11SEP26,0.5081,0.16741,0.73277,4376.0,505.0,0.0007000000000000001,ETH,2496.48,2471.28
2026-09-06T07:50:16.801142+00:00,ETH-8SEP26-2460-C,2496.55,ETH-8SEP26,call,2460.0,2026-09-08T08:00:00+00:00,0.005494182030889547,0.0185,0.0195,0.0194,0.019,2496.55,ETH-8SEP26,0.35700000000000004,0.71805,0.62482,524.0,24.0,0.0010000000000000009,ETH,2496.49,596.93
2026-09-06T07:50:16.801142+00:00,ETH-9SEP26-2360-P,2496.54,ETH-9SEP26,put,2360.0,2026-09-09T08:00:00+00:00,0.008232032818021649,0.0013,0.0016,0.001411,0.00145,2496.54,ETH-9SEP26,0.4414,-0.07659,0.32579,18.0,18.0,0.00030000000000000014,ETH,2496.49,63.17
2026-09-06T07:50:16.801142+00:00,ETH-25DEC26-11000-C,2520.65,ETH-25DEC26,call,11000.0,2026-12-25T08:00:00+00:00,0.3011820670411565,0.0001,0.0003,0.000209,0.0002,2520.65,ETH-25DEC26,0.8506999999999999,0.00175,0.07753,2175.0,0.0,0.00019999999999999998,ETH,2496.49,0.0
2026-09-06T07:50:16.801142+00:00,ETH-25JUN27-1000-C,2575.09,ETH-25JUN27,call,1000.0,2027-06-25T08:00:00+00:00,0.7994709102991989,0.621,0.625,0.622882,0.623,2575.09,ETH-25JUN27,0.7064,0.96512,1.7753,96.0,0.0,0.0040000000000000036,ETH,2496.49,0.0
2026-09-06T07:50:16.801142+00:00,ETH-25JUN27-2300-P,2575.09,ETH-25JUN27,put,2300.0,2027-06-25T08:00:00+00:00,0.7994709102991989,0.136,0.1395,0.13781,0.13775,2575.09,ETH-25JUN27,0.5582,-0.31678,8.20494,756.0,0.0,0.003500000000000003,ETH,2496.49,0.0
2026-09-06T07:50:16.801142+00:00,ETH-6SEP26-2380-P,2495.59,ETH-6SEP26,put,2380.0,2026-09-06T08:00:00+00:00,1.84804566253454e-05,,0.0015,0.0,,2495.59,ETH-6SEP26,0.4276,0.0,0.0,387.0,1.0,,ETH,2496.49,0.25
2026-09-06T07:50:16.801142+00:00,ETH-25SEP26-2380-P,2501.84,ETH-25SEP26,put,2380.0,2026-09-25T08:00:00+00:00,0.05203764541213527,0.023,0.024,0.023488,0.0235,2501.84,ETH-25SEP26,0.4911,-0.30748,2.00709,131.0,3.0,0.0010000000000000009,ETH,2496.49,210.2
2026-09-06T07:50:16.801142+00:00,ETH-30OCT26-2400-P,2507.22,ETH-30OCT26,put,2400.0,2026-10-30T08:00:00+00:00,0.14786242296175883,0.0565,0.057,0.056877,0.05675,2507.22,ETH-30OCT26,0.5095000000000001,-0.37384,3.65386,4425.0,6.0,0.0005000000000000004,ETH,2496.49,883.29
2026-09-06T07:50:16.801142+00:00,ETH-27NOV26-3200-P,2514.83,ETH-27NOV26,put,3200.0,2026-11-27T08:00:00+00:00,0.22452224500145768,0.294,0.3085,0.300972,0.30125,2514.83,ETH-27NOV26,0.5534,-0.78441,3.48882,0.0,0.0,0.014500000000000013,ETH,2496.49,0.0
2026-09-06T07:50:16.801142+00:00,ETH-6SEP26-2680-C,2495.59,ETH-6SEP26,call,2680.0,2026-09-06T08:00:00+00:00,1.84804566253454e-05,,0.0001,0.0,,2495.59,ETH-6SEP26,0.6761,0.0,0.0,138.0,0.0,,ETH,2496.49,0.0
2026-09-06T07:50:16.801142+00:00,ETH-11SEP26-2900-C,2497.33,ETH-11SEP26,call,2900.0,2026-09-11T08:00:00+00:00,0.013707734392285852,0.0008,0.001,0.00095,0.0009,2497.33,ETH-11SEP26,0.6734,0.03182,0.20895,1353.0,17.0,0.00019999999999999998,ETH,2496.49,21.07
2026-09-06T07:50:16.801142+00:00,ETH-8SEP26-2900-C,2496.55,ETH-8SEP26,call,2900.0,2026-09-08T08:00:00+00:00,0.005494182030889547,,0.0001,8.8e-05,,2496.55,ETH-8SEP26,0.7746,0.00495,0.02652,257.0,7.0,,ETH,2496.49,1.74
2026-09-06T07:50:16.801142+00:00,ETH-18SEP26-2350-C,2499.49,ETH-18SEP26,call,2350.0,2026-09-18T08:00:00+00:00,0.03287268990221056,0.0705,0.073,0.071888,0.07175,2499.49,ETH-18SEP26,0.48340000000000005,0.77321,1.36576,172.0,0.0,0.0025000000000000022,ETH,2496.49,0.0
2026-09-06T07:50:16.801142+00:00,ETH-8SEP26-2300-P,2496.51,ETH-8SEP26,put,2300.0,2026-09-08T08:00:00+00:00,0.005494182030889547,0.0003,0.0005,0.000394,0.0004,2496.51,ETH-8SEP26,0.5682,-0.02427,0.10547,225.0,68.0,0.00020000000000000004,ETH,2496.49,71.97
2026-09-06T07:50:16.801142+00:00,ETH-9SEP26-2680-P,2496.54,ETH-9SEP26,put,2680.0,2026-09-09T08:00:00+00:00,0.008232032818021649,0.071,0.0785,0.07488,0.07475,2496.54,ETH-9SEP26,0.5206000000000001,-0.92988,0.30453,0.0,0.0,0.007500000000000007,ETH,2496.49,0.0
2026-09-06T07:50:16.801142+00:00,ETH-7SEP26-2260-P,2496.15,ETH-7SEP26,put,2260.0,2026-09-07T08:00:00+00:00,0.002756331243757447,,0.0002,1.7e-05,,2496.15,ETH-7SEP26,0.6515000000000001,-0.00168,0.0071,5.0,0.0,,ETH,2496.49,0.0
2026-09-06T07:50:16.801142+00:00,ETH-25JUN27-3200-P,2575.09,ETH-25JUN27,put,3200.0,2027-06-25T08:00:00+00:00,0.7994709102991989,0.351,0.372,0.362717,0.3615,2575.09,ETH-25JUN27,0.5589999999999999,-0.57291,9.03842,0.0,0.0,0.02100000000000002,ETH,2496.49,0.0
2026-09-06T07:50:16.801142+00:00,ETH-27NOV26-4600-C,2514.83,ETH-27NOV26,call,4600.0,2026-11-27T08:00:00+00:00,0.22452224500145768,0.004,0.0045,0.00437,0.00425,2514.83,ETH-27NOV26,0.6622,0.0386,0.99791,364.0,3.0,0.0004999999999999996,ETH,2496.49,27.84
2026-09-06T07:50:16.801142+00:00,ETH-25SEP26-9000-C,2501.84,ETH-25SEP26,call,9000.0,2026-09-25T08:00:00+00:00,0.05203764541213527,,0.0001,2e-06,,2501.84,ETH-25SEP26,1.3633000000000002,4e-05,0.0009,2096.0,0.0,,ETH,2496.49,0.0
2026-09-06T07:50:16.801142+00:00,ETH-11SEP26-2000-P,2497.33,ETH-11SEP26,put,2000.0,2026-09-11T08:00:00+00:00,0.013707734392285852,,0.0003,0.000185,,2497.33,ETH-11SEP26,0.7723,-0.00615,0.05083,6193.0,808.0,,ETH,2496.49,404.61
2026-09-06T07:50:16.801142+00:00,ETH-25JUN27-2100-C,2575.09,ETH-25JUN27,call,2100.0,2027-06-25T08:00:00+00:00,0.7994709102991989,0.285,0.289,0.287029,0.287,2575.09,ETH-25JUN27,0.5633,0.74458,7.40538,142.0,0.0,0.0040000000000000036,ETH,2496.49,0.0
2026-09-06T07:50:16.801142+00:00,ETH-30OCT26-1950-C,2507.26,ETH-30OCT26,call,1950.0,2026-10-30T08:00:00+00:00,0.14786242296175883,0.231,0.2355,0.233267,0.23325,2507.26,ETH-30OCT26,0.5546,0.90068,1.68427,744.0,0.0,0.004499999999999976,ETH,2496.49,0.0
2026-09-06T07:50:16.801142+00:00,ETH-30OCT26-2650-P,2507.26,ETH-30OCT26,put,2650.0,2026-10-30T08:00:00+00:00,0.14786242296175883,0.112,0.1135,0.113075,0.11275,2507.26,ETH-30OCT26,0.5173,-0.57072,3.78728,302.0,18.0,0.0015000000000000013,ETH,2496.49,4863.68
2026-09-06T07:50:16.801142+00:00,ETH-26MAR27-3200-C,2546.76,ETH-26MAR27,call,3200.0,2027-03-26T08:00:00+00:00,0.5503264886701777,0.0805,0.0835,0.08198,0.082,2546.76,ETH-26MAR27,0.5517,0.36221,7.08684,4838.0,0.0,0.0030000000000000027,ETH,2496.49,0.0
2026-09-06T07:50:16.801142+00:00,ETH-30OCT26-4200-P,2507.22,ETH-30OCT26,put,4200.0,2026-10-30T08:00:00+00:00,0.14786242296175883,0.6715,0.687,0.678047,0.67925,2507.22,ETH-30OCT26,0.6756,-0.96821,0.68851,0.0,0.0,0.01550000000000007,ETH,2496.47,0.0
2026-09-06T07:50:16.801142+00:00,ETH-25DEC26-3800-C,2520.65,ETH-25DEC26,call,3800.0,2026-12-25T08:00:00+00:00,0.3011820670411565,0.017,0.018,0.01753,0.0175,2520.65,ETH-25DEC26,0.5754,0.12692,2.87941,3134.0,0.0,0.0009999999999999974,ETH,2496.47,0.0
2026-09-06T07:50:16.801142+00:00,ETH-25SEP26-4800-C,2501.8,ETH-25SEP26,call,4800.0,2026-09-25T08:00:00+00:00,0.05203764541213527,,0.0001,7.1e-05,,2501.8,ETH-25SEP26,0.915,0.00128,0.02414,1700.0,0.0,,ETH,2496.47,0.0
2026-09-06T07:50:16.801142+00:00,ETH-9SEP26-2300-C,2496.54,ETH-9SEP26,call,2300.0,2026-09-09T08:00:00+00:00,0.008232032818021649,0.077,0.0805,0.079424,0.07875,2496.54,ETH-9SEP26,0.5082,0.96445,0.17729,18.0,18.0,0.003500000000000003,ETH,2496.47,4037.62
2026-09-06T07:50:16.801142+00:00,ETH-26MAR27-2400-C,2546.76,ETH-26MAR27,call,2400.0,2027-03-26T08:00:00+00:00,0.5503264886701777,0.185,0.188,0.186566,0.1865,2546.76,ETH-26MAR27,0.5466,0.63669,7.09407,2363.0,0.0,0.0030000000000000027,ETH,2496.47,0.0
2026-09-06T07:50:16.801142+00:00,ETH-26MAR27-4000-P,2546.76,ETH-26MAR27,put,4000.0,2027-03-26T08:00:00+00:00,0.5503264886701777,0.5975,0.6225,0.609128,0.61,2546.76,ETH-26MAR27,0.5716,-0.80286,5.24624,0.0,0.0,0.025000000000000022,ETH,2496.47,0.0
2026-09-06T07:50:16.801142+00:00,ETH-6SEP26-2660-P,2495.61,ETH-6SEP26,put,2660.0,2026-09-06T08:00:00+00:00,1.84804566253454e-05,0.063,0.0695,0.065825,0.06625,2495.61,ETH-6SEP26,0.6761,-0.16889,0.0,0.0,0.0,0.006500000000000006,ETH,2496.47,0.0
2026-09-06T07:50:16.801142+00:00,ETH-11SEP26-2550-C,2497.37,ETH-11SEP26,call,2550.0,2026-09-11T08:00:00+00:00,0.013707734392285852,0.012,0.013,0.012359,0.0125,2497.37,ETH-11SEP26,0.4501,0.35723,1.09116,2119.0,204.0,0.0009999999999999992,ETH,2496.47,4938.81
2026-09-06T07:50:16.801142+00:00,ETH-27NOV26-2550-P,2514.83,ETH-27NOV26,put,2550.0,2026-11-27T08:00:00+00:00,0.22452224500145768,0.106,0.107,0.10636,0.1065,2514.83,ETH-27NOV26,0.5225,-0.47283,4.74489,43.0,0.0,0.0010000000000000009,ETH,2496.47,0.0
2026-09-06T07:50:16.801142+00:00,ETH-8SEP26-2620-P,2496.55,ETH-8SEP26,put,2620.0,2026-09-08T08:00:00+00:00,0.005494182030889547,0.047,0.0545,0.050857,0.05075,2496.55,ETH-8SEP26,0.47700000000000004,-0.91045,0.2993,0.0,0.0,0.0075,ETH,2496.47,0.0
2026-09-06T07:50:16.801142+00:00,ETH-8SEP26-2580-P,2496.51,ETH-8SEP26,put,2580.0,2026-09-08T08:00:00+00:00,0.005494182030889547,0.033,0.0395,0.035891,0.03625,2496.51,ETH-8SEP26,0.42700000000000005,-0.84591,0.43909,0.0,0.0,0.006499999999999999,ETH,2496.47,0.0
2026-09-06T07:50:16.801142+00:00,ETH-25SEP26-4000-C,2501.84,ETH-25SEP26,call,4000.0,2026-09-25T08:00:00+00:00,0.05203764541213527,0.0003,0.0004,0.000394,0.00035,2501.84,ETH-25SEP26,0.8057,0.00687,0.10949,21302.0,500.0,0.00010000000000000005,ETH,2496.47,498.98
2026-09-06T07:50:16.801142+00:00,ETH-25SEP26-2100-C,2501.84,ETH-25SEP26,call,2100.0,2026-09-25T08:00:00+00:00,0.05203764541213527,0.162,0.166,0.164739,0.164,2501.84,ETH-25SEP26,0.5451,0.92939,0.77173,5723.0,15.0,0.0040000000000000036,ETH,2496.47,6145.01
2026-09-06T07:50:16.801142+00:00,ETH-25DEC26-2500-P,2520.65,ETH-25DEC26,put,2500.0,2026-12-25T08:00:00+00:00,0.3011820670411565,0.1095,0.111,0.109989,0.11025,2520.65,ETH-25DEC26,0.5246999999999999,-0.43127,5.43926,1501.0,0.0,0.0015000000000000013,ETH,2496.47,0.0
2026-09-06T07:50:16.801142+00:00,ETH-11SEP26-2570-P,2497.37,ETH-11SEP26,put,2570.0,2026-09-11T08:00:00+00:00,0.013707734392285852,0.0385,0.041,0.039344,0.03975,2497.37,ETH-11SEP26,0.46009999999999995,-0.6922,1.02853,0.0,0.0,0.0025000000000000022,ETH,2496.47,0.0
2026-09-06T07:50:16.801142+00:00,ETH-26MAR27-4600-P,2546.76,ETH-26MAR27,put,4600.0,2027-03-26T08:00:00+00:00,0.5503264886701777,0.8155,0.8455,0.829684,0.8305,2546.76,ETH-26MAR27,0.5892000000000001,-0.87142,3.9685,0.0,0.0,0.030000000000000027,ETH,2496.47,0.0
2026-09-06T07:50:16.801142+00:00,ETH-26MAR27-3700-P,2546.76,ETH-26MAR27,put,3700.0,2027-03-26T08:00:00+00:00,0.5503264886701777,0.492,0.5155,0.50356,0.50375,2546.76,ETH-26MAR27,0.5644,-0.75238,5.97642,0.0,0.0,0.023499999999999965,ETH,2496.47,0.0
2026-09-06T07:50:16.801142+00:00,ETH-26MAR27-2200-P,2546.76,ETH-26MAR27,put,2200.0,2027-03-26T08:00:00+00:00,0.5503264886701777,0.091,0.0935,0.092282,0.09225,2546.76,ETH-26MAR27,0.551,-0.28675,6.43629,1732.0,0.0,0.0025000000000000022,ETH,2496.47,0.0
2026-09-06T07:50:16.801142+00:00,ETH-25DEC26-1700-C,2520.65,ETH-25DEC26,call,1700.0,2026-12-25T08:00:00+00:00,0.3011820670411565,0.3375,0.342,0.340161,0.33975,2520.65,ETH-25DEC26,0.5931000000000001,0.91517,2.15049,365.0,0.0,0.004500000000000004,ETH,2496.47,0.0
2026-09-06T07:50:16.801142+00:00,ETH-30OCT26-2850-P,2507.26,ETH-30OCT26,put,2850.0,2026-10-30T08:00:00+00:00,0.14786242296175883,0.1685,0.174,0.17175,0.17125,2507.26,ETH-30OCT26,0.5313,-0.69996,3.35375,0.0,0.0,0.005499999999999977,ETH,2496.47,0.0
2026-09-06T07:50:16.801142+00:00,ETH-7SEP26-2900-P,2496.15,ETH-7SEP26,put,2900.0,2026-09-07T08:00:00+00:00,0.002756331243757447,0.158,0.165,0.161767,0.1615,2496.15,ETH-7SEP26,0.7617,-0.9999,0.0005,0.0,0.0,0.007000000000000006,ETH,2496.47,0.0
2026-09-06T07:50:16.801142+00:00,ETH-25SEP26-6000-C,2501.8,ETH-25SEP26,call,6000.0,2026-09-25T08:00:00+00:00,0.05203764541213527,,0.0001,7e-06,,2501.8,ETH-25SEP26,1.0195999999999998,0.00013,0.00299,3711.0,0.0,,ETH,2496.47,0.0
2026-09-06T07:50:16.801142+00:00,ETH-8SEP26-2640-C,2496.55,ETH-8SEP26,call,2640.0,2026-09-08T08:00:00+00:00,0.005494182030889547,0.001,0.0013,0.00111,0.00115,2496.55,ETH-8SEP26,0.5011,0.0693,0.24648,429.0,158.0,0.0002999999999999999,ETH,2496.47,511.42
2026-09-06T07:50:16.801142+00:00,ETH-30OCT26-4400-P,2507.22,ETH-30OCT26,put,4400.0,2026-10-30T08:00:00+00:00,0.14786242296175883,0.749,0.767,0.757194,0.758,2507.22,ETH-30OCT26,0.6986,-0.97489,0.56575,0.0,0.0,0.018000000000000016,ETH,2496.47,0.0
2026-09-06T07:50:16.801142+00:00,ETH-25DEC26-3200-P,2520.69,ETH-25DEC26,put,3200.0,2026-12-25T08:00:00+00:00,0.3011820670411565,0.302,0.318,0.30996,0.31,2520.69,ETH-25DEC26,0.5453,-0.74114,4.47908,261.0,0.0,0.016000000000000014,ETH,2496.47,0.0
2026-09-06T07:50:16.801142+00:00,ETH-25SEP26-5400-C,2501.84,ETH-25SEP26,call,5400.0,2026-09-25T08:00:00+00:00,0.05203764541213527,,0.0001,1.2e-05,,2501.84,ETH-25SEP26,0.9338,0.00023,0.00492,1738.0,0.0,,ETH,2496.47,0.0
2026-09-06T07:50:16.801142+00:00,ETH-25DEC26-10000-C,2520.65,ETH-25DEC26,call,10000.0,2026-12-25T08:00:00+00:00,0.3011820670411565,0.0002,0.0005,0.000247,0.00035,2520.65,ETH-25DEC26,0.8140000000000001,0.00212,0.09239,1743.0,0.0,0.00030000000000000003,ETH,2496.47,0.0
2026-09-06T07:50:16.801142+00:00,ETH-8SEP26-2440-P,2496.55,ETH-8SEP26,put,2440.0,2026-09-08T08:00:00+00:00,0.005494182030889547,0.0027,0.0033,0.002957,0.003,2496.55,ETH-8SEP26,0.3652,-0.19339,0.50747,126.0,6.0,0.0005999999999999998,ETH,2496.47,95.9
2026-09-06T07:50:16.801142+00:00,ETH-25JUN27-2800-C,2575.09,ETH-25JUN27,call,2800.0,2027-06-25T08:00:00+00:00,0.7994709102991989,0.162,0.166,0.164101,0.164,2575.09,ETH-25JUN27,0.5559000000000001,0.53228,9.16222,1231.0,0.0,0.0040000000000000036,ETH,2496.47,0.0
2026-09-06T07:50:16.801142+00:00,ETH-25SEP26-4800-P,2501.84,ETH-25SEP26,put,4800.0,2026-09-25T08:00:00+00:00,0.05203764541213527,0.912,0.9275,0.918613,0.91975,2501.84,ETH-25SEP26,0.915,-0.99872,0.02414,110.0,0.0,0.015499999999999958,ETH,2496.47,0.0
2026-09-06T07:50:16.801142+00:00,ETH-18SEP26-2350-P,2499.49,ETH-18SEP26,put,2350.0,2026-09-18T08:00:00+00:00,0.03287268990221056,0.0115,0.0125,0.012065,0.012,2499.49,ETH-18SEP26,0.48340000000000005,-0.22682,1.36584,1468.0,19.0,0.0010000000000000009,ETH,2496.47,700.7
2026-09-06T07:50:16.801142+00:00,ETH-25DEC26-5500-P,2520.65,ETH-25DEC26,put,5500.0,2026-12-25T08:00:00+00:00,0.3011820670411565,1.1695,1.2,1.185291,1.18475,2520.65,ETH-25DEC26,0.6736,-0.97286,0.86634,0.0,0.0,0.03049999999999997,ETH,2496.46,0.0
2026-09-06T07:50:16.801142+00:00,ETH-30OCT26-2350-P,2507.22,ETH-30OCT26,put,2350.0,2026-10-30T08:00:00+00:00,0.14786242296175883,0.048,0.049,0.048441,0.0485,2507.22,ETH-30OCT26,0.5104,-0.33409,3.51013,656.0,11.0,0.0010000000000000009,ETH,2496.46,1291.72
2026-09-06T07:50:16.801142+00:00,ETH-25SEP26-4200-C,2501.8,ETH-25SEP26,call,4200.0,2026-09-25T08:00:00+00:00,0.05203764541213527,0.0001,0.0003,0.000204,0.0002,2501.8,ETH-25SEP26,0.8201,0.0037,0.06311,2651.0,1.0,0.00019999999999999998,ETH,2496.46,0.5
2026-09-06T07:50:16.801142+00:00,ETH-7SEP26-2340-P,2496.16,ETH-7SEP26,put,2340.0,2026-09-07T08:00:00+00:00,0.002756331243757447,0.0001,0.0002,0.000131,0.00015,2496.16,ETH-7SEP26,0.5552,-0.01254,0.04247,1237.0,266.0,0.0001,ETH,2496.46,85.94
2026-09-06T07:50:16.801142+00:00,ETH-30OCT26-2700-P,2507.26,ETH-30OCT26,put,2700.0,2026-10-30T08:00:00+00:00,0.14786242296175883,0.1255,0.1285,0.12687,0.127,2507.26,ETH-30OCT26,0.5209,-0.606,3.71122,126.0,17.0,0.0030000000000000027,ETH,2496.46,5118.95
2026-09-06T07:50:16.801142+00:00,ETH-11SEP26-2470-P,2497.33,ETH-11SEP26,put,2470.0,2026-09-11T08:00:00+00:00,0.013707734392285852,0.014,0.015,0.014702,0.0145,2497.33,ETH-11SEP26,0.4243,-0.4013,1.13078,772.0,452.0,0.0009999999999999992,ETH,2496.46,17485.96
2026-09-06T07:50:16.801142+00:00,ETH-25JUN27-2800-P,2575.09,ETH-25JUN27,put,2800.0,2027-06-25T08:00:00+00:00,0.7994709102991989,0.248,0.2535,0.251404,0.25075,2575.09,ETH-25JUN27,0.5559000000000001,-0.46772,9.16225,667.0,0.0,0.005500000000000005,ETH,2496.46,0.0
2026-09-06T07:50:16.801142+00:00,ETH-8SEP26-2580-C,2496.55,ETH-8SEP26,call,2580.0,2026-09-08T08:00:00+00:00,0.005494182030889547,0.0023,0.0027,0.00249,0.0025,2496.55,ETH-8SEP26,0.42700000000000005,0.15408,0.43908,59.0,48.0,0.0004000000000000002,ETH,2496.46,180.55
2026-09-06T07:50:16.801142+00:00,ETH-27NOV26-2650-C,2514.83,ETH-27NOV26,call,2650.0,2026-11-27T08:00:00+00:00,0.22452224500145768,0.076,0.0775,0.076966,0.07675,2514.83,ETH-27NOV26,0.5245000000000001,0.46577,4.73837,314.0,2.0,0.0015000000000000013,ETH,2496.46,364.5
2026-09-06T07:50:16.801142+00:00,ETH-25JUN27-2600-C,2575.09,ETH-25JUN27,call,2600.0,2027-06-25T08:00:00+00:00,0.7994709102991989,0.1905,0.1945,0.192361,0.1925,2575.09,ETH-25JUN27,0.5555,0.59091,8.95265,346.0,0.0,0.0040000000000000036,ETH,2496.46,0.0
2026-09-06T07:50:16.801142+00:00,ETH-25JUN27-1300-P,2575.09,ETH-25JUN27,put,1300.0,2027-06-25T08:00:00+00:00,0.7994709102991989,0.0215,0.0235,0.022459,0.0225,2575.09,ETH-25JUN27,0.6399,-0.0693,3.06985,1679.0,0.0,0.0020000000000000018,ETH,2496.47,0.0
2026-09-06T07:50:16.801142+00:00,ETH-26MAR27-5500-P,2546.76,ETH-26MAR27,put,5500.0,2027-03-26T08:00:00+00:00,0.5503264886701777,1.1535,1.1905,1.172028,1.172,2546.76,ETH-26MAR27,0.6158,-0.9273,2.61274,0.0,0.0,0.03699999999999992,ETH,2496.46,0.0
2026-09-06T07:50:16.801142+00:00,ETH-26MAR27-1400-C,2546.76,ETH-26MAR27,call,1400.0,2027-03-26T08:00:00+00:00,0.5503264886701777,0.4645,0.4685,0.467064,0.4665,2546.76,ETH-26MAR27,0.6363,0.93366,2.43486,31.0,0.0,0.0040000000000000036,ETH,2496.46,0.0
2026-09-06T07:50:16.801142+00:00,ETH-8SEP26-2650-P,2496.55,ETH-8SEP26,put,2650.0,2026-09-08T08:00:00+00:00,0.005494182030889547,0.059,0.066,0.062429,0.0625,2496.55,ETH-8SEP26,0.514,-0.93853,0.22457,0.0,0.0,0.007000000000000006,ETH,2496.47,0.0
2026-09-06T07:50:16.801142+00:00,ETH-8SEP26-2600-C,2496.55,ETH-8SEP26,call,2600.0,2026-09-08T08:00:00+00:00,0.005494182030889547,0.0017,0.002,0.001877,0.00185,2496.55,ETH-8SEP26,0.4522,0.11671,0.36285,74.0,31.0,0.00030000000000000014,ETH,2496.47,70.05
2026-09-06T07:50:16.801142+00:00,ETH-25JUN27-2400-P,2575.13,ETH-25JUN27,put,2400.0,2027-06-25T08:00:00+00:00,0.7994709102991989,0.156,0.1595,0.157807,0.15775,2575.13,ETH-25JUN27,0.5568,-0.34781,8.51514,38.0,0.0,0.003500000000000003,ETH,2496.47,0.0
2026-09-06T07:50:16.801142+00:00,ETH-9SEP26-2100-C,2496.54,ETH-9SEP26,call,2100.0,2026-09-09T08:00:00+00:00,0.008232032818021649,0.157,0.1605,0.15913,0.15875,2496.54,ETH-9SEP26,0.8336,0.99003,0.06023,0.0,0.0,0.003500000000000003,ETH,2496.48,0.0
2026-09-06T07:50:16.801142+00:00,ETH-6SEP26-2680-P,2495.61,ETH-6SEP26,put,2680.0,2026-09-06T08:00:00+00:00,1.84804566253454e-05,0.0705,0.0775,0.073838,0.074,2495.61,ETH-6SEP26,0.6761,-0.16444,0.0,0.0,0.0,0.007000000000000006,ETH,2496.47,0.0
2026-09-06T07:50:16.801142+00:00,ETH-25SEP26-1950-C,2501.84,ETH-25SEP26,call,1950.0,2026-09-25T08:00:00+00:00,0.05203764541213527,0.22,0.2235,0.222267,0.22175,2501.84,ETH-25SEP26,0.6025,0.97015,0.38686,3696.0,0.0,0.003500000000000003,ETH,2496.48,0.0
2026-09-06T07:50:16.801142+00:00,ETH-9SEP26-2380-C,2496.54,ETH-9SEP26,call,2380.0,2026-09-09T08:00:00+00:00,0.008232032818021649,0.046,0.051,0.04865,0.0485,2496.54,ETH-9SEP26,0.42460000000000003,0.89712,0.40584,0.0,0.0,0.0049999999999999975,ETH,2496.48,0.0
2026-09-06T07:50:16.801142+00:00,ETH-27NOV26-1600-C,2514.83,ETH-27NOV26,call,1600.0,2026-11-27T08:00:00+00:00,0.22452224500145768,0.3685,0.372,0.37076,0.37025,2514.83,ETH-27NOV26,0.6355,0.95075,1.21478,0.0,0.0,0.003500000000000003,ETH,2496.48,0.0
2026-09-06T07:50:16.801142+00:00,ETH-26MAR27-1600-P,2546.76,ETH-26MAR27,put,1600.0,2027-03-26T08:00:00+00:00,0.5503264886701777,0.026,0.0275,0.026778,0.02675,2546.76,ETH-26MAR27,0.6014,-0.10291,3.38746,1520.0,0.0,0.0015000000000000013,ETH,2496.48,0.0
2026-09-06T07:50:16.801142+00:00,ETH-8SEP26-2520-C,2496.55,ETH-8SEP26,call,2520.0,2026-09-08T08:00:00+00:00,0.005494182030889547,0.0065,0.007,0.006811,0.00675,2496.55,ETH-8SEP26,0.36560000000000004,0.37205,0.69971,984.0,979.0,0.0005000000000000004,ETH,2496.48,6312.61
2026-09-06T07:50:16.801142+00:00,ETH-25JUN27-3800-C,2575.09,ETH-25JUN27,call,3800.0,2027-06-25T08:00:00+00:00,0.7994709102991989,0.0755,0.079,0.077249,0.07725,2575.09,ETH-25JUN27,0.5679,0.30455,8.06588,436.0,0.0,0.003500000000000003,ETH,2496.48,0.0
2026-09-06T07:50:16.801142+00:00,ETH-27NOV26-2800-C,2514.83,ETH-27NOV26,call,2800.0,2026-11-27T08:00:00+00:00,0.22452224500145768,0.0575,0.059,0.058407,0.05825,2514.83,ETH-27NOV26,0.5301,0.38149,4.54445,237.0,0.0,0.0014999999999999944,ETH,2496.48,0.0
2026-09-06T07:50:16.801142+00:00,ETH-30OCT26-1500-C,2507.22,ETH-30OCT26,call,1500.0,2026-10-30T08:00:00+00:00,0.14786242296175883,0.402,0.4055,0.403786,0.40375,2507.22,ETH-30OCT26,0.6890000000000001,0.98084,0.45035,50.0,0.0,0.003500000000000003,ETH,2496.48,0.0
2026-09-06T07:50:16.801142+00:00,ETH-25DEC26-2500-C,2520.65,ETH-25DEC26,call,2500.0,2026-12-25T08:00:00+00:00,0.3011820670411565,0.1175,0.1185,0.118217,0.118,2520.65,ETH-25DEC26,0.5246999999999999,0.56875,5.43929,28619.0,19.0,0.0010000000000000009,ETH,2496.48,5179.37
2026-09-06T07:50:16.801142+00:00,ETH-30OCT26-2800-C,2507.26,ETH-30OCT26,call,2800.0,2026-10-30T08:00:00+00:00,0.14786242296175883,0.039,0.04,0.039506,0.0395,2507.26,ETH-30OCT26,0.5278,0.32932,3.49013,4041.0,50.0,0.0010000000000000009,ETH,2496.48,4288.89
2026-09-06T07:50:16.801142+00:00,ETH-26MAR27-2400-P,2546.76,ETH-26MAR27,put,2400.0,2027-03-26T08:00:00+00:00,0.5503264886701777,0.1275,0.13,0.128907,0.12875,2546.76,ETH-26MAR27,0.5466,-0.36331,7.09408,523.0,0.0,0.0025000000000000022,ETH,2496.48,0.0
2026-09-06T07:50:16.801142+00:00,ETH-7SEP26-2750-C,2496.16,ETH-7SEP26,call,2750.0,2026-09-07T08:00:00+00:00,0.002756331243757447,,0.0001,0.000105,,2496.16,ETH-7SEP26,0.7606,0.00811,0.02905,37.0,36.0,,ETH,2496.48,11.51
2026-09-06T07:50:16.801142+00:00,ETH-7SEP26-2240-P,2496.15,ETH-7SEP26,put,2240.0,2026-09-07T08:00:00+00:00,0.002756331243757447,,0.0002,7e-06,,2496.15,ETH-7SEP26,0.6515000000000001,-0.00071,0.0032,87.0,0.0,,ETH,2496.48,0.0
2026-09-06T07:50:16.801142+00:00,ETH-7SEP26-2660-P,2496.15,ETH-7SEP26,put,2660.0,2026-09-07T08:00:00+00:00,0.002756331243757447,0.0625,0.0695,0.065952,0.066,2496.15,ETH-7SEP26,0.623,-0.97306,0.08144,0.0,0.0,0.007000000000000006,ETH,2496.48,0.0
2026-09-06T07:50:16.801142+00:00,ETH-27NOV26-2350-P,2514.83,ETH-27NOV26,put,2350.0,2026-11-27T08:00:00+00:00,0.22452224500145768,0.0655,0.067,0.066196,0.06625,2514.83,ETH-27NOV26,0.5233,-0.34542,4.39422,150.0,1.0,0.0015000000000000013,ETH,2496.48,176.94
2026-09-06T07:50:16.801142+00:00,ETH-25DEC26-6000-P,2520.65,ETH-25DEC26,put,6000.0,2026-12-25T08:00:00+00:00,0.3011820670411565,1.368,1.4015,1.382497,1.38475,2520.65,ETH-25DEC26,0.6928,-0.98168,0.62204,0.0,0.0,0.03349999999999986,ETH,2496.48,0.0
2026-09-06T07:50:16.801142+00:00,ETH-26MAR27-1700-C,2546.76,ETH-26MAR27,call,1700.0,2027-03-26T08:00:00+00:00,0.5503264886701777,0.364,0.368,0.366209,0.366,2546.76,ETH-26MAR27,0.5886,0.87373,3.91878,1256.0,0.0,0.0040000000000000036,ETH,2496.48,0.0
2026-09-06T07:50:16.801142+00:00,ETH-25JUN27-1000-P,2575.09,ETH-25JUN27,put,1000.0,2027-06-25T08:00:00+00:00,0.7994709102991989,0.0105,0.012,0.011205,0.01125,2575.09,ETH-25JUN27,0.7064,-0.03488,1.77531,4810.0,0.0,0.0014999999999999996,ETH,2496.49,0.0
2026-09-06T07:50:16.801142+00:00,ETH-8SEP26-2700-C,2496.55,ETH-8SEP26,call,2700.0,2026-09-08T08:00:00+00:00,0.005494182030889547,0.0004,0.0007,0.000568,0.00055,2496.55,ETH-8SEP26,0.5739,0.03437,0.14083,7.0,7.0,0.0003,ETH,2496.49,5.68
2026-09-06T07:50:16.801142+00:00,ETH-27NOV26-2400-P,2514.83,ETH-27NOV26,put,2400.0,2026-11-27T08:00:00+00:00,0.22452224500145768,0.0745,0.076,0.07515,0.07525,2514.83,ETH-27NOV26,0.5225,-0.37716,4.52862,270.0,0.0,0.0015000000000000013,ETH,2496.49,0.0
2026-09-06T07:50:16.801142+00:00,ETH-25SEP26-2000-P,2501.84,ETH-25SEP26,put,2000.0,2026-09-25T08:00:00+00:00,0.05203764541213527,0.0021,0.0024,0.002281,0.00225,2501.84,ETH-25SEP26,0.5839,-0.04017,0.49375,21043.0,26.0,0.0002999999999999999,ETH,2496.49,165.88
2026-09-06T07:50:16.801142+00:00,ETH-6SEP26-2420-C,2495.61,ETH-6SEP26,call,2420.0,2026-09-06T08:00:00+00:00,1.84804566253454e-05,0.027,0.033,0.03034,0.03,2495.61,ETH-6SEP26,0.4152,0.16222,0.0,271.0,0.0,0.006000000000000002,ETH,2496.49,0.0
2026-09-06T07:50:16.801142+00:00,ETH-9SEP26-2460-C,2496.54,ETH-9SEP26,call,2460.0,2026-09-09T08:00:00+00:00,0.008232032818021649,0.0215,0.0235,0.022468,0.0225,2496.54,ETH-9SEP26,0.3874,0.67101,0.81931,0.0,0.0,0.0020000000000000018,ETH,2496.52,0.0
2026-09-06T07:50:16.801142+00:00,ETH-30OCT26-2550-P,2507.22,ETH-30OCT26,put,2550.0,2026-10-30T08:00:00+00:00,0.14786242296175883,0.087,0.0885,0.088005,0.08775,2507.22,ETH-30OCT26,0.5126,-0.49458,3.84767,725.0,0.0,0.0015000000000000013,ETH,2496.52,0.0
2026-09-06T07:50:16.801142+00:00,ETH-25DEC26-1400-P,2520.65,ETH-25DEC26,put,1400.0,2026-12-25T08:00:00+00:00,0.3011820670411565,0.0055,0.0065,0.005991,0.006,2520.65,ETH-25DEC26,0.6628000000000001,-0.03604,1.09537,13611.0,0.0,0.001,ETH,2496.52,0.0
2026-09-06T07:50:16.801142+00:00,ETH-7SEP26-2560-C,2496.16,ETH-7SEP26,call,2560.0,2026-09-07T08:00:00+00:00,0.002756331243757447,0.0013,0.0017,0.001502,0.0015,2496.16,ETH-7SEP26,0.4292,0.13506,0.28432,290.0,55.0,0.00039999999999999996,ETH,2496.49,90.47
2026-09-06T07:50:16.801142+00:00,ETH-30OCT26-2000-C,2507.22,ETH-30OCT26,call,2000.0,2026-10-30T08:00:00+00:00,0.14786242296175883,0.214,0.218,0.215803,0.216,2507.22,ETH-30OCT26,0.5464,0.88124,1.91546,753.0,0.0,0.0040000000000000036,ETH,2496.52,0.0
2026-09-06T07:50:16.801142+00:00,ETH-7SEP26-2500-P,2496.16,ETH-7SEP26,put,2500.0,2026-09-07T08:00:00+00:00,0.002756331243757447,0.0075,0.0085,0.008068,0.008,2496.16,ETH-7SEP26,0.34759999999999996,-0.52547,0.52119,453.0,45.0,0.0010000000000000009,ETH,2496.52,687.68
2026-09-06T07:50:16.801142+00:00,ETH-27NOV26-2700-P,2514.83,ETH-27NOV26,put,2700.0,2026-11-27T08:00:00+00:00,0.22452224500145768,0.1435,0.145,0.143865,0.14425,2514.83,ETH-27NOV26,0.5265,-0.56337,4.69579,94.0,0.0,0.0015000000000000013,ETH,2496.52,0.0
2026-09-06T07:50:16.801142+00:00,ETH-25SEP26-1800-P,2501.84,ETH-25SEP26,put,1800.0,2026-09-25T08:00:00+00:00,0.05203764541213527,0.0008,0.001,0.000817,0.0009,2501.84,ETH-25SEP26,0.6822,-0.01402,0.20399,12901.0,1.0,0.00019999999999999998,ETH,2496.54,2.48
2026-09-06T07:50:16.801142+00:00,ETH-25DEC26-9000-P,2520.65,ETH-25DEC26,put,9000.0,2026-12-25T08:00:00+00:00,0.3011820670411565,2.5445,2.6005,2.570773,2.5725,2520.65,ETH-25DEC26,0.7911,-0.99666,0.13933,0.0,0.0,0.055999999999999606,ETH,2496.54,0.0
2026-09-06T07:50:16.801142+00:00,ETH-7SEP26-2600-P,2496.15,ETH-7SEP26,put,2600.0,2026-09-07T08:00:00+00:00,0.002756331243757447,0.039,0.0455,0.042337,0.04225,2496.15,ETH-7SEP26,0.509,-0.93406,0.16784,5.0,0.0,0.006499999999999999,ETH,2496.52,0.0
2026-09-06T07:50:16.801142+00:00,ETH-25JUN27-3600-C,2575.13,ETH-25JUN27,call,3600.0,2027-06-25T08:00:00+00:00,0.7994709102991989,0.0875,0.0905,0.089043,0.089,2575.13,ETH-25JUN27,0.5643,0.34068,8.44941,205.0,0.0,0.0030000000000000027,ETH,2496.54,0.0
2026-09-06T07:50:16.801142+00:00,ETH-25JUN27-4800-C,2575.09,ETH-25JUN27,call,4800.0,2027-06-25T08:00:00+00:00,0.7994709102991989,0.039,0.0415,0.040263,0.04025,2575.09,ETH-25JUN27,0.5863,0.17758,5.99509,142.0,0.0,0.0025000000000000022,ETH,2496.54,0.0
2026-09-06T07:50:16.801142+00:00,ETH-6SEP26-2150-P,2495.59,ETH-6SEP26,put,2150.0,2026-09-06T08:00:00+00:00,1.84804566253454e-05,,0.0001,0.0,,2495.59,ETH-6SEP26,0.8066,0.0,0.0,400.0,0.0,,ETH,2496.54,0.0
2026-09-06T07:50:16.801142+00:00,ETH-25JUN27-4000-P,2575.09,ETH-25JUN27,put,4000.0,2027-06-25T08:00:00+00:00,0.7994709102991989,0.6065,0.634,0.62034,0.62025,2575.09,ETH-25JUN27,0.5707,-0.72799,7.64725,2.0,0.0,0.02749999999999997,ETH,2496.54,0.0
2026-09-06T07:50:16.801142+00:00,ETH-25DEC26-4600-C,2520.65,ETH-25DEC26,call,4600.0,2026-12-25T08:00:00+00:00,0.3011820670411565,0.007,0.0075,0.007083,0.00725,2520.65,ETH-25DEC26,0.6206,0.05533,1.54688,11164.0,0.0,0.0004999999999999996,ETH,2496.54,0.0
2026-09-06T07:50:16.801142+00:00,ETH-8SEP26-2360-C,2496.55,ETH-8SEP26,call,2360.0,2026-09-08T08:00:00+00:00,0.005494182030889547,0.0515,0.0585,0.055349,0.055,2496.55,ETH-8SEP26,0.45270000000000005,0.95534,0.17429,0.0,0.0,0.007000000000000006,ETH,2496.54,0.0
2026-09-06T07:50:16.801142+00:00,ETH-25DEC26-10000-P,2520.65,ETH-25DEC26,put,10000.0,2026-12-25T08:00:00+00:00,0.3011820670411565,2.938,2.9965,2.967336,2.96725,2520.65,ETH-25DEC26,0.8140000000000001,-0.99788,0.09241,0.0,0.0,0.058499999999999996,ETH,2496.54,0.0
2026-09-06T07:50:16.801142+00:00,ETH-7SEP26-2220-C,2496.15,ETH-7SEP26,call,2220.0,2026-09-07T08:00:00+00:00,0.002756331243757447,0.1085,0.112,0.110651,0.11025,2496.15,ETH-7SEP26,0.6516,0.99973,0.00133,138.0,0.0,0.003500000000000003,ETH,2496.54,0.0
2026-09-06T07:50:16.801142+00:00,ETH-26MAR27-3200-P,2546.76,ETH-26MAR27,put,3200.0,2027-03-26T08:00:00+00:00,0.5503264886701777,0.3295,0.353,0.338434,0.34125,2546.76,ETH-26MAR27,0.5517,-0.63777,7.0871,20.0,0.0,0.023499999999999965,ETH,2496.54,0.0
2026-09-06T07:50:16.801142+00:00,ETH-26MAR27-2600-C,2546.76,ETH-26MAR27,call,2600.0,2027-03-26T08:00:00+00:00,0.5503264886701777,0.15,0.1535,0.151807,0.15175,2546.76,ETH-26MAR27,0.5454,0.56032,7.45501,3223.0,0.0,0.003500000000000003,ETH,2496.54,0.0
2026-09-06T07:50:16.801142+00:00,ETH-25SEP26-2500-C,2501.8,ETH-25SEP26,call,2500.0,2026-09-25T08:00:00+00:00,0.05203764541213527,0.0445,0.0455,0.045126,0.045,2501.8,ETH-25SEP26,0.49200000000000005,0.52566,2.27312,22893.0,35.0,0.0010000000000000009,ETH,2496.55,3208.26
2026-09-06T07:50:16.801142+00:00,ETH-25JUN27-3300-P,2575.09,ETH-25JUN27,put,3300.0,2027-06-25T08:00:00+00:00,0.7994709102991989,0.3805,0.401,0.392752,0.39075,2575.09,ETH-25JUN27,0.5602,-0.59625,8.9239,0.0,0.0,0.020500000000000018,ETH,2496.55,0.0
2026-09-06T07:50:16.801142+00:00,ETH-18SEP26-2300-P,2499.48,ETH-18SEP26,put,2300.0,2026-09-18T08:00:00+00:00,0.03287268990221056,0.0075,0.0085,0.008025,0.008,2499.48,ETH-18SEP26,0.4905,-0.16307,1.11684,3541.0,69.0,0.0010000000000000009,ETH,2496.55,1337.73
2026-09-06T07:50:16.801142+00:00,ETH-6SEP26-2300-P,2495.61,ETH-6SEP26,put,2300.0,2026-09-06T08:00:00+00:00,1.84804566253454e-05,,0.0001,0.0,,2495.61,ETH-6SEP26,0.4875,0.0,0.0,589.0,0.0,,ETH,2496.55,0.0
2026-09-06T07:50:16.801142+00:00,ETH-25JUN27-1700-C,2575.13,ETH-25JUN27,call,1700.0,2027-06-25T08:00:00+00:00,0.7994709102991989,0.388,0.3935,0.391046,0.39075,2575.13,ETH-25JUN27,0.5877,0.85397,5.27693,676.0,0.0,0.005500000000000005,ETH,2496.55,0.0
2026-09-06T07:50:16.801142+00:00,ETH-25SEP26-2360-C,2501.8,ETH-25SEP26,call,2360.0,2026-09-25T08:00:00+00:00,0.05203764541213527,0.0765,0.0785,0.077678,0.0775,2501.8,ETH-25SEP26,0.493,0.71792,1.92891,240.0,96.0,0.0020000000000000018,ETH,2496.55,17374.16
2026-09-06T07:50:16.801142+00:00,ETH-25SEP26-2600-P,2501.84,ETH-25SEP26,put,2600.0,2026-09-25T08:00:00+00:00,0.05203764541213527,0.068,0.07,0.068767,0.069,2501.84,ETH-25SEP26,0.502,-0.60918,2.19199,9379.0,0.0,0.0020000000000000018,ETH,2496.55,0.0
2026-09-06T07:50:16.801142+00:00,ETH-27NOV26-2450-C,2514.83,ETH-27NOV26,call,2450.0,2026-11-27T08:00:00+00:00,0.22452224500145768,0.1095,0.111,0.110564,0.11025,2514.83,ETH-27NOV26,0.5216,0.59086,4.63212,132.0,0.0,0.0015000000000000013,ETH,2496.55,0.0
2026-09-06T07:50:16.801142+00:00,ETH-9SEP26-2480-P,2496.54,ETH-9SEP26,put,2480.0,2026-09-09T08:00:00+00:00,0.008232032818021649,0.0105,0.0115,0.010937,0.011,2496.54,ETH-9SEP26,0.3885,-0.41584,0.88349,88.0,88.0,0.0009999999999999992,ETH,2496.55,2006.41
2026-09-06T07:50:16.801142+00:00,ETH-7SEP26-2700-C,2496.15,ETH-7SEP26,call,2700.0,2026-09-07T08:00:00+00:00,0.002756331243757447,0.0001,0.0003,0.000205,0.0002,2496.15,ETH-7SEP26,0.6918000000000001,0.016,0.05241,203.0,187.0,0.00019999999999999998,ETH,2496.55,83.58
2026-09-06T07:50:16.801142+00:00,ETH-11SEP26-2600-C,2497.37,ETH-11SEP26,call,2600.0,2026-09-11T08:00:00+00:00,0.013707734392285852,0.0075,0.008,0.007824,0.00775,2497.37,ETH-11SEP26,0.47600000000000003,0.24474,0.91883,2425.0,258.0,0.0005000000000000004,ETH,2496.55,3058.44
2026-09-06T07:50:16.801142+00:00,ETH-30OCT26-3800-C,2507.26,ETH-30OCT26,call,3800.0,2026-10-30T08:00:00+00:00,0.14786242296175883,0.005,0.006,0.005442,0.0055,2507.26,ETH-30OCT26,0.6351,0.05717,1.10622,814.0,114.0,0.001,ETH,2496.55,1098.96
2026-09-06T07:50:16.801142+00:00,ETH-6SEP26-2340-C,2495.59,ETH-6SEP26,call,2340.0,2026-09-06T08:00:00+00:00,1.84804566253454e-05,0.059,0.065,0.062395,0.062,2495.59,ETH-6SEP26,0.4289,0.16,0.0,0.0,0.0,0.006000000000000005,ETH,2496.55,0.0
2026-09-06T07:50:16.801142+00:00,ETH-25SEP26-2420-P,2501.84,ETH-25SEP26,put,2420.0,2026-09-25T08:00:00+00:00,0.05203764541213527,0.029,0.03,0.029456,0.0295,2501.84,ETH-25SEP26,0.4905,-0.36137,2.13889,5115.0,0.0,0.0009999999999999974,ETH,2496.55,0.0
2026-09-06T07:50:16.801142+00:00,ETH-25DEC26-8000-C,2520.69,ETH-25DEC26,call,8000.0,2026-12-25T08:00:00+00:00,0.3011820670411565,0.0004,0.001,0.00065,0.0007,2520.69,ETH-25DEC26,0.7637999999999999,0.00548,0.21703,2942.0,0.0,0.0006000000000000001,ETH,2496.55,0.0
2026-09-06T07:50:16.801142+00:00,ETH-25JUN27-1600-P,2575.09,ETH-25JUN27,put,1600.0,2027-06-25T08:00:00+00:00,0.7994709102991989,0.041,0.043,0.042128,0.042,2575.09,ETH-25JUN27,0.5975,-0.12332,4.6988,1978.0,0.0,0.001999999999999995,ETH,2496.55,0.0
2026-09-06T07:50:16.801142+00:00,ETH-18SEP26-2300-C,2499.49,ETH-18SEP26,call,2300.0,2026-09-18T08:00:00+00:00,0.03287268990221056,0.0865,0.089,0.087852,0.08775,2499.49,ETH-18SEP26,0.4905,0.83692,1.11688,50.0,0.0,0.0025000000000000022,ETH,2496.55,0.0
2026-09-06T07:50:16.801142+00:00,ETH-7SEP26-2460-P,2496.15,ETH-7SEP26,put,2460.0,2026-09-07T08:00:00+00:00,0.002756331243757447,0.002,0.0025,0.002201,0.00225,2496.15,ETH-7SEP26,0.3494,-0.20701,0.3741,774.0,506.0,0.0005,ETH,2496.55,9578.05
2026-09-06T07:50:16.801142+00:00,ETH-25SEP26-2550-C,2501.8,ETH-25SEP26,call,2550.0,2026-09-25T08:00:00+00:00,0.05203764541213527,0.036,0.037,0.036683,0.0365,2501.8,ETH-25SEP26,0.4971,0.45634,2.26418,277.0,1.0,0.0010000000000000009,ETH,2496.55,72.45
2026-09-06T07:50:16.801142+00:00,ETH-8SEP26-2100-P,2496.55,ETH-8SEP26,put,2100.0,2026-09-08T08:00:00+00:00,0.005494182030889547,,0.0001,9.3e-05,,2496.55,ETH-8SEP26,0.9014,-0.00432,0.02347,3151.0,522.0,,ETH,2496.55,255.88
2026-09-06T07:50:16.801142+00:00,ETH-30OCT26-1900-C,2507.26,ETH-30OCT26,call,1900.0,2026-10-30T08:00:00+00:00,0.14786242296175883,0.2495,0.253,0.251213,0.25125,2507.26,ETH-30OCT26,0.5645,0.9172,1.47167,275.0,0.0,0.003500000000000003,ETH,2496.55,0.0
2026-09-06T07:50:16.801142+00:00,ETH-8SEP26-2640-P,2496.55,ETH-8SEP26,put,2640.0,2026-09-08T08:00:00+00:00,0.005494182030889547,0.0545,0.062,0.058543,0.05825,2496.55,ETH-8SEP26,0.5011,-0.93062,0.24668,0.0,0.0,0.0075,ETH,2496.55,0.0
2026-09-06T07:50:16.801142+00:00,ETH-25DEC26-3100-P,2520.69,ETH-25DEC26,put,3100.0,2026-12-25T08:00:00+00:00,0.3011820670411565,0.2685,0.2835,0.276869,0.276,2520.69,ETH-25DEC26,0.5411,-0.70788,4.75385,0.0,0.0,0.014999999999999958,ETH,2496.55,0.0
2026-09-06T07:50:16.801142+00:00,ETH-9SEP26-2620-P,2496.54,ETH-9SEP26,put,2620.0,2026-09-09T08:00:00+00:00,0.008232032818021649,0.0485,0.0555,0.052156,0.052,2496.54,ETH-9SEP26,0.4661,-0.86773,0.48495,0.0,0.0,0.006999999999999999,ETH,2496.55,0.0
2026-09-06T07:50:16.801142+00:00,ETH-9SEP26-2480-C,2496.54,ETH-9SEP26,call,2480.0,2026-09-09T08:00:00+00:00,0.008232032818021649,0.017,0.0185,0.017598,0.01775,2496.54,ETH-9SEP26,0.3885,0.58416,0.88349,0.0,0.0,0.0014999999999999979,ETH,2496.55,0.0
2026-09-06T07:50:16.801142+00:00,ETH-25DEC26-6500-C,2520.69,ETH-25DEC26,call,6500.0,2026-12-25T08:00:00+00:00,0.3011820670411565,0.0014,0.0021,0.001723,0.00175,2520.69,ETH-25DEC26,0.7203,0.014,0.49382,1846.0,0.0,0.0006999999999999999,ETH,2496.55,0.0
2026-09-06T07:50:16.801142+00:00,ETH-26MAR27-3800-C,2546.76,ETH-26MAR27,call,3800.0,2027-03-26T08:00:00+00:00,0.5503264886701777,0.045,0.0475,0.046286,0.04625,2546.76,ETH-26MAR27,0.5668,0.22948,5.73271,1401.0,0.0,0.0025000000000000022,ETH,2496.55,0.0
2026-09-06T07:50:16.801142+00:00,ETH-7SEP26-2200-P,2496.15,ETH-7SEP26,put,2200.0,2026-09-07T08:00:00+00:00,0.002756331243757447,,0.0001,1e-06,,2496.15,ETH-7SEP26,0.6516,-0.0001,0.00052,507.0,0.0,,ETH,2496.55,0.0
2026-09-06T07:50:16.801142+00:00,ETH-25SEP26-1500-P,2501.84,ETH-25SEP26,put,1500.0,2026-09-25T08:00:00+00:00,0.05203764541213527,0.0003,0.0004,0.000321,0.00035,2501.84,ETH-25SEP26,0.8985,-0.00468,0.07781,17058.0,1.0,0.00010000000000000005,ETH,2496.55,0.75
2026-09-06T07:50:16.801142+00:00,ETH-7SEP26-2300-C,2496.15,ETH-7SEP26,call,2300.0,2026-09-07T08:00:00+00:00,0.002756331243757447,0.075,0.0815,0.07869,0.07825,2496.15,ETH-7SEP26,0.6515000000000001,0.99222,0.02799,0.0,0.0,0.006500000000000006,ETH,2496.55,0.0
2026-09-06T07:50:16.801142+00:00,ETH-25DEC26-2400-P,2520.69,ETH-25DEC26,put,2400.0,2026-12-25T08:00:00+00:00,0.3011820670411565,0.089,0.0905,0.089793,0.08975,2520.69,ETH-25DEC26,0.5264,-0.37639,5.2545,4649.0,363.0,0.0015000000000000013,ETH,2496.55,80283.21
2026-09-06T07:50:16.801142+00:00,ETH-25SEP26-1950-P,2501.8,ETH-25SEP26,put,1950.0,2026-09-25T08:00:00+00:00,0.05203764541213527,0.0015,0.0019,0.001675,0.0017,2501.8,ETH-25SEP26,0.6025,-0.02983,0.3867,4380.0,0.0,0.00039999999999999996,ETH,2496.55,0.0
2026-09-06T07:50:16.801142+00:00,ETH-7SEP26-2900-C,2496.15,ETH-7SEP26,call,2900.0,2026-09-07T08:00:00+00:00,0.002756331243757447,,0.0001,1e-06,,2496.15,ETH-7SEP26,0.7617,0.0001,0.0005,100.0,0.0,,ETH,2496.55,0.0
2026-09-06T07:50:16.801142+00:00,ETH-7SEP26-2380-P,2496.15,ETH-7SEP26,put,2380.0,2026-09-07T08:00:00+00:00,0.002756331243757447,0.0002,0.0004,0.00029,0.0003,2496.15,ETH-7SEP26,0.48369999999999996,-0.02874,0.08595,414.0,389.0,0.0002,ETH,2496.55,542.25
2026-09-06T07:50:16.801142+00:00,ETH-30OCT26-3200-P,2507.22,ETH-30OCT26,put,3200.0,2026-10-30T08:00:00+00:00,0.14786242296175883,0.286,0.299,0.292291,0.2925,2507.22,ETH-30OCT26,0.5647,-0.84465,2.30184,2.0,0.0,0.013000000000000012,ETH,2496.55,0.0
2026-09-06T07:50:16.801142+00:00,ETH-6SEP26-2240-C,2495.61,ETH-6SEP26,call,2240.0,2026-09-06T08:00:00+00:00,1.84804566253454e-05,0.099,0.105,0.102463,0.102,2495.61,ETH-6SEP26,0.5787,0.15778,0.0,0.0,0.0,0.0059999999999999915,ETH,2496.55,0.0
2026-09-06T07:50:16.801142+00:00,ETH-8SEP26-2380-C,2496.55,ETH-8SEP26,call,2380.0,2026-09-08T08:00:00+00:00,0.005494182030889547,0.044,0.0505,0.047621,0.04725,2496.55,ETH-8SEP26,0.4304,0.9357,0.2326,0.0,0.0,0.006500000000000006,ETH,2496.55,0.0
2026-09-06T07:50:16.801142+00:00,ETH-7SEP26-2800-C,2496.15,ETH-7SEP26,call,2800.0,2026-09-07T08:00:00+00:00,0.002756331243757447,,0.0001,2.5e-05,,2496.15,ETH-7SEP26,0.7606,0.00215,0.00887,38.0,4.0,,ETH,2496.55,1.0
2026-09-06T07:50:16.801142+00:00,ETH-30OCT26-1400-P,2507.22,ETH-30OCT26,put,1400.0,2026-10-30T08:00:00+00:00,0.14786242296175883,0.0012,0.0017,0.001431,0.00145,2507.22,ETH-30OCT26,0.7292000000000001,-0.01327,0.32871,2801.0,20.0,0.0005,ETH,2496.55,74.56
2026-09-06T07:50:16.801142+00:00,ETH-8SEP26-2560-C,2496.55,ETH-8SEP26,call,2560.0,2026-09-08T08:00:00+00:00,0.005494182030889547,0.0032,0.0036,0.003408,0.0034,2496.55,ETH-8SEP26,0.4039,0.20673,0.52825,140.0,133.0,0.00039999999999999975,ETH,2496.55,559.59
2026-09-06T07:50:16.801142+00:00,ETH-26MAR27-2300-P,2546.76,ETH-26MAR27,put,2300.0,2027-03-26T08:00:00+00:00,0.5503264886701777,0.1085,0.111,0.109727,0.10975,2546.76,ETH-26MAR27,0.5486,-0.32475,6.80153,1688.0,0.0,0.0025000000000000022,ETH,2496.55,0.0
2026-09-06T07:50:16.801142+00:00,ETH-26MAR27-1700-P,2546.76,ETH-26MAR27,put,1700.0,2027-03-26T08:00:00+00:00,0.5503264886701777,0.033,0.0345,0.033701,0.03375,2546.76,ETH-26MAR27,0.5886,-0.12625,3.91855,1637.0,0.0,0.0015000000000000013,ETH,2496.55,0.0
2026-09-06T07:50:16.801142+00:00,ETH-27NOV26-3100-P,2514.83,ETH-27NOV26,put,3100.0,2026-11-27T08:00:00+00:00,0.22452224500145768,0.26,0.274,0.266624,0.267,2514.83,ETH-27NOV26,0.5467,-0.75089,3.78119,0.0,0.0,0.014000000000000012,ETH,2496.55,0.0
2026-09-06T07:50:16.801142+00:00,ETH-6SEP26-2400-C,2495.59,ETH-6SEP26,call,2400.0,2026-09-06T08:00:00+00:00,1.84804566253454e-05,0.035,0.041,0.038354,0.038,2495.59,ETH-6SEP26,0.4249,0.15778,0.0,152.0,0.0,0.005999999999999998,ETH,2496.55,0.0
2026-09-06T07:50:16.801142+00:00,ETH-9SEP26-2400-C,2496.54,ETH-9SEP26,call,2400.0,2026-09-09T08:00:00+00:00,0.008232032818021649,0.039,0.043,0.041429,0.041,2496.54,ETH-9SEP26,0.41119999999999995,0.86026,0.50355,0.0,0.0,0.003999999999999997,ETH,2496.55,0.0
2026-09-06T07:50:16.801142+00:00,ETH-25SEP26-12000-C,2501.84,ETH-25SEP26,call,12000.0,2026-09-25T08:00:00+00:00,0.05203764541213527,,0.0001,2e-06,,2501.84,ETH-25SEP26,1.6338,3e-05,0.00071,1953.0,0.0,,ETH,2496.55,0.0
2026-09-06T07:50:16.801142+00:00,ETH-25JUN27-2900-P,2575.13,ETH-25JUN27,put,2900.0,2027-06-25T08:00:00+00:00,0.7994709102991989,0.2735,0.2825,0.277726,0.278,2575.13,ETH-25JUN27,0.5563,-0.49568,9.19225,284.0,0.0,0.008999999999999952,ETH,2496.55,0.0
2026-09-06T07:50:16.801142+00:00,ETH-6SEP26-2460-P,2495.59,ETH-6SEP26,put,2460.0,2026-09-06T08:00:00+00:00,1.84804566253454e-05,,0.0001,0.0,,2495.59,ETH-6SEP26,0.405,0.0,0.0,824.0,417.0,,ETH,2496.55,1527.56
2026-09-06T07:50:16.801142+00:00,ETH-30OCT26-2150-C,2507.26,ETH-30OCT26,call,2150.0,2026-10-30T08:00:00+00:00,0.14786242296175883,0.164,0.1685,0.166424,0.16625,2507.26,ETH-30OCT26,0.5244,0.80612,2.65009,1035.0,0.0,0.004500000000000004,ETH,2496.55,0.0
2026-09-06T07:50:16.801142+00:00,ETH-25JUN27-4800-P,2575.09,ETH-25JUN27,put,4800.0,2027-06-25T08:00:00+00:00,0.7994709102991989,0.8885,0.9215,0.90421,0.905,2575.09,ETH-25JUN27,0.5863,-0.82241,5.99537,0.0,0.0,0.03300000000000003,ETH,2496.55,0.0
2026-09-06T07:50:16.801142+00:00,ETH-25SEP26-2350-C,2501.8,ETH-25SEP26,call,2350.0,2026-09-25T08:00:00+00:00,0.05203764541213527,0.0795,0.0815,0.080479,0.0805,2501.8,ETH-25SEP26,0.4939,0.73032,1.88677,0.0,0.0,0.0020000000000000018,ETH,2496.55,0.0
2026-09-06T07:50:16.801142+00:00,ETH-26MAR27-4200-P,2546.76,ETH-26MAR27,put,4200.0,2027-03-26T08:00:00+00:00,0.5503264886701777,0.6675,0.6955,0.681633,0.6815,2546.76,ETH-26MAR27,0.5777,-0.8295,4.79256,1.0,0.0,0.028000000000000025,ETH,2496.55,0.0
2026-09-06T07:50:16.801142+00:00,ETH-8SEP26-2380-P,2496.55,ETH-8SEP26,put,2380.0,2026-09-08T08:00:00+00:00,0.005494182030889547,0.0008,0.0011,0.000914,0.00095,2496.55,ETH-8SEP26,0.4304,-0.06422,0.23237,231.0,260.0,0.00030000000000000003,ETH,2496.55,733.72
2026-09-06T07:50:16.801142+00:00,ETH-25SEP26-5800-C,2501.84,ETH-25SEP26,call,5800.0,2026-09-25T08:00:00+00:00,0.05203764541213527,,0.0001,9e-06,,2501.84,ETH-25SEP26,0.9994,0.00018,0.00386,5889.0,0.0,,ETH,2496.55,0.0
2026-09-06T07:50:16.801142+00:00,ETH-25DEC26-1900-C,2520.65,ETH-25DEC26,call,1900.0,2026-12-25T08:00:00+00:00,0.3011820670411565,0.269,0.274,0.272083,0.2715,2520.65,ETH-25DEC26,0.5613,0.85819,3.10759,3837.0,0.0,0.0050000000000000044,ETH,2496.55,0.0
2026-09-06T07:50:16.801142+00:00,ETH-11SEP26-2250-P,2497.33,ETH-11SEP26,put,2250.0,2026-09-11T08:00:00+00:00,0.013707734392285852,0.0008,0.0011,0.00095,0.00095,2497.33,ETH-11SEP26,0.5127,-0.03828,0.24318,5638.0,0.0,0.00030000000000000003,ETH,2496.55,0.0
2026-09-06T07:50:16.801142+00:00,ETH-30OCT26-2450-C,2507.22,ETH-30OCT26,call,2450.0,2026-10-30T08:00:00+00:00,0.14786242296175883,0.089,0.09,0.089312,0.0895,2507.22,ETH-30OCT26,0.5107,0.58577,3.75883,420.0,1.0,0.0010000000000000009,ETH,2496.52,197.78
2026-09-06T07:50:16.801142+00:00,ETH-11SEP26-2800-P,2497.37,ETH-11SEP26,put,2800.0,2026-09-11T08:00:00+00:00,0.013707734392285852,0.1195,0.1275,0.122834,0.1235,2497.37,ETH-11SEP26,0.6047,-0.94254,0.33675,67.0,0.0,0.008000000000000007,ETH,2496.55,0.0
2026-09-06T07:50:16.801142+00:00,ETH-26MAR27-1000-P,2546.76,ETH-26MAR27,put,1000.0,2027-03-26T08:00:00+00:00,0.5503264886701777,0.0055,0.0065,0.006054,0.006,2546.76,ETH-26MAR27,0.7393000000000001,-0.02391,1.06417,7311.0,1.0,0.001,ETH,2496.55,14.76
2026-09-06T07:50:16.801142+00:00,ETH-25JUN27-3500-P,2575.09,ETH-25JUN27,put,3500.0,2027-06-25T08:00:00+00:00,0.7994709102991989,0.444,0.468,0.454916,0.456,2575.09,ETH-25JUN27,0.5627,-0.63951,8.62482,323.0,0.0,0.02400000000000002,ETH,2496.52,0.0
2026-09-06T07:50:16.801142+00:00,ETH-7SEP26-2240-C,2496.16,ETH-7SEP26,call,2240.0,2026-09-07T08:00:00+00:00,0.002756331243757447,0.1005,0.104,0.102643,0.10225,2496.16,ETH-7SEP26,0.6515000000000001,0.9993,0.00319,18.0,18.0,0.0034999999999999892,ETH,2496.55,4700.69
2026-09-06T07:50:16.801142+00:00,ETH-11SEP26-2200-P,2497.33,ETH-11SEP26,put,2200.0,2026-09-11T08:00:00+00:00,0.013707734392285852,0.0005,0.0007,0.000627,0.0006,2497.33,ETH-11SEP26,0.5607,-0.02448,0.16792,10294.0,97.0,0.00019999999999999998,ETH,2496.52,239.65
2026-09-06T07:50:16.801142+00:00,ETH-30OCT26-1750-C,2507.26,ETH-30OCT26,call,1750.0,2026-10-30T08:00:00+00:00,0.14786242296175883,0.3055,0.309,0.307226,0.30725,2507.26,ETH-30OCT26,0.6069,0.95131,0.97395,102.0,0.0,0.003500000000000003,ETH,2496.53,0.0
2026-09-06T07:50:16.801142+00:00,ETH-8SEP26-2800-P,2496.55,ETH-8SEP26,put,2800.0,2026-09-08T08:00:00+00:00,0.005494182030889547,0.1185,0.125,0.121733,0.12175,2496.55,ETH-8SEP26,0.6808,-0.98782,0.05855,0.0,0.0,0.006500000000000006,ETH,2496.52,0.0
2026-09-06T07:50:16.801142+00:00,ETH-25SEP26-2850-C,2501.84,ETH-25SEP26,call,2850.0,2026-09-25T08:00:00+00:00,0.05203764541213527,0.0095,0.0105,0.010079,0.01,2501.84,ETH-25SEP26,0.545,0.16263,1.40409,275.0,0.0,0.0010000000000000009,ETH,2496.53,0.0
2026-09-06T07:50:16.801142+00:00,ETH-9SEP26-2600-C,2496.54,ETH-9SEP26,call,2600.0,2026-09-09T08:00:00+00:00,0.008232032818021649,0.0033,0.0037,0.003501,0.0035,2496.54,ETH-9SEP26,0.44939999999999997,0.16584,0.56414,69.0,122.0,0.0004000000000000002,ETH,2496.52,608.74
2026-09-06T07:50:16.801142+00:00,ETH-30OCT26-1750-P,2507.22,ETH-30OCT26,put,1750.0,2026-10-30T08:00:00+00:00,0.14786242296175883,0.0049,0.0055,0.005183,0.0052,2507.22,ETH-30OCT26,0.6069,-0.04869,0.9739,779.0,1.0,0.0005999999999999998,ETH,2496.53,12.55
2026-09-06T07:50:16.801142+00:00,ETH-8SEP26-2420-C,2496.55,ETH-8SEP26,call,2420.0,2026-09-08T08:00:00+00:00,0.005494182030889547,0.03,0.035,0.032615,0.0325,2496.55,ETH-8SEP26,0.3833,0.86779,0.39592,0.0,0.0,0.0050000000000000044,ETH,2496.53,0.0
2026-09-06T07:50:16.801142+00:00,ETH-9SEP26-2340-C,2496.54,ETH-9SEP26,call,2340.0,2026-09-09T08:00:00+00:00,0.008232032818021649,0.0615,0.065,0.063786,0.06325,2496.54,ETH-9SEP26,0.46,0.94269,0.26029,0.0,0.0,0.003500000000000003,ETH,2496.53,0.0
2026-09-06T07:50:16.801142+00:00,ETH-9SEP26-2650-C,2496.54,ETH-9SEP26,call,2650.0,2026-09-09T08:00:00+00:00,0.008232032818021649,0.0017,0.0021,0.00195,0.0019,2496.54,ETH-9SEP26,0.4926,0.09528,0.38369,10.0,10.0,0.00039999999999999996,ETH,2496.53,27.72
2026-09-06T07:50:16.801142+00:00,ETH-6SEP26-2700-P,2495.59,ETH-6SEP26,put,2700.0,2026-09-06T08:00:00+00:00,1.84804566253454e-05,0.0785,0.086,0.081852,0.08225,2495.59,ETH-6SEP26,0.6762,-0.15333,0.0,0.0,0.0,0.007499999999999993,ETH,2496.53,0.0
2026-09-06T07:50:16.801142+00:00,ETH-6SEP26-2800-C,2495.59,ETH-6SEP26,call,2800.0,2026-09-06T08:00:00+00:00,1.84804566253454e-05,,0.0001,0.0,,2495.59,ETH-6SEP26,0.7071,0.0,0.0,119.0,0.0,,ETH,2496.53,0.0
2026-09-06T07:50:16.801142+00:00,ETH-25JUN27-3400-C,2575.09,ETH-25JUN27,call,3400.0,2027-06-25T08:00:00+00:00,0.7994709102991989,0.1015,0.105,0.103268,0.10325,2575.09,ETH-25JUN27,0.5616,0.38165,8.7853,481.0,0.0,0.0034999999999999892,ETH,2496.53,0.0
2026-09-06T07:50:16.801142+00:00,ETH-6SEP26-2100-C,2495.59,ETH-6SEP26,call,2100.0,2026-09-06T08:00:00+00:00,1.84804566253454e-05,0.1555,0.161,0.158559,0.15825,2495.59,ETH-6SEP26,0.9340999999999999,0.15333,0.0,18.0,18.0,0.005500000000000005,ETH,2496.53,7381.31
2026-09-06T07:50:16.801142+00:00,ETH-26MAR27-2800-P,2546.76,ETH-26MAR27,put,2800.0,2027-03-26T08:00:00+00:00,0.5503264886701777,0.221,0.225,0.222908,0.223,2546.76,ETH-26MAR27,0.5466,-0.51213,7.53786,15.0,0.0,0.0040000000000000036,ETH,2496.53,0.0
2026-09-06T07:50:16.801142+00:00,ETH-6SEP26-2650-P,2495.61,ETH-6SEP26,put,2650.0,2026-09-06T08:00:00+00:00,1.84804566253454e-05,0.059,0.0655,0.061818,0.06225,2495.61,ETH-6SEP26,0.6761,-0.15333,0.0,0.0,0.0,0.006500000000000006,ETH,2496.53,0.0
2026-09-06T07:50:16.801142+00:00,ETH-25DEC26-2400-C,2520.65,ETH-25DEC26,call,2400.0,2026-12-25T08:00:00+00:00,0.3011820670411565,0.1365,0.1385,0.137691,0.1375,2520.65,ETH-25DEC26,0.5264,0.62361,5.2545,12436.0,0.0,0.0020000000000000018,ETH,2496.53,0.0
2026-09-06T07:50:16.801142+00:00,ETH-25DEC26-1700-P,2520.65,ETH-25DEC26,put,1700.0,2026-12-25T08:00:00+00:00,0.3011820670411565,0.014,0.015,0.014567,0.0145,2520.65,ETH-25DEC26,0.5931000000000001,-0.08481,2.15006,13364.0,0.0,0.0009999999999999992,ETH,2496.53,0.0
2026-09-06T07:50:16.801142+00:00,ETH-25SEP26-8500-P,2501.84,ETH-25SEP26,put,8500.0,2026-09-25T08:00:00+00:00,0.05203764541213527,2.3855,2.4135,2.39742,2.3995,2501.84,ETH-25SEP26,1.3075,-0.99996,0.00093,0.0,0.0,0.028000000000000025,ETH,2496.53,0.0
2026-09-06T07:50:16.801142+00:00,ETH-18SEP26-3200-P,2499.49,ETH-18SEP26,put,3200.0,2026-09-18T08:00:00+00:00,0.03287268990221056,0.277,0.286,0.281681,0.2815,2499.49,ETH-18SEP26,0.7028,-0.96956,0.31224,0.0,0.0,0.008999999999999952,ETH,2496.53,0.0
2026-09-06T07:50:16.801142+00:00,ETH-6SEP26-2550-P,2495.59,ETH-6SEP26,put,2550.0,2026-09-06T08:00:00+00:00,1.84804566253454e-05,0.019,0.0255,0.021749,0.02225,2495.59,ETH-6SEP26,0.5044,-0.15333,0.0,0.0,0.0,0.006499999999999999,ETH,2496.53,0.0
2026-09-06T07:50:16.801142+00:00,ETH-30OCT26-1500-P,2507.22,ETH-30OCT26,put,1500.0,2026-10-30T08:00:00+00:00,0.14786242296175883,0.0018,0.0023,0.002035,0.00205,2507.22,ETH-30OCT26,0.6890000000000001,-0.01915,0.4502,2662.0,0.0,0.0005,ETH,2496.53,0.0
2026-09-06T07:50:16.801142+00:00,ETH-6SEP26-2260-C,2495.61,ETH-6SEP26,call,2260.0,2026-09-06T08:00:00+00:00,1.84804566253454e-05,0.091,0.097,0.09445,0.094,2495.61,ETH-6SEP26,0.5772999999999999,0.15333,0.0,0.0,0.0,0.006000000000000005,ETH,2496.53,0.0
2026-09-06T07:50:16.801142+00:00,ETH-11SEP26-2900-P,2497.33,ETH-11SEP26,put,2900.0,2026-09-11T08:00:00+00:00,0.013707734392285852,0.158,0.167,0.162144,0.1625,2497.33,ETH-11SEP26,0.6734,-0.96817,0.20899,0.0,0.0,0.009000000000000008,ETH,2496.53,0.0
2026-09-06T07:50:16.801142+00:00,ETH-8SEP26-2350-C,2496.55,ETH-8SEP26,call,2350.0,2026-09-08T08:00:00+00:00,0.005494182030889547,0.0555,0.0625,0.059299,0.059,2496.55,ETH-8SEP26,0.4719,0.96032,0.15839,0.0,0.0,0.006999999999999999,ETH,2496.53,0.0
2026-09-06T07:50:16.801142+00:00,ETH-7SEP26-2380-C,2496.15,ETH-7SEP26,call,2380.0,2026-09-07T08:00:00+00:00,0.002756331243757447,0.0435,0.0485,0.046841,0.046,2496.15,ETH-7SEP26,0.48369999999999996,0.97123,0.08604,50.0,22.0,0.0050000000000000044,ETH,2496.54,2168.54
2026-09-06T07:50:16.801142+00:00,ETH-27NOV26-2300-C,2514.83,ETH-27NOV26,call,2300.0,2026-11-27T08:00:00+00:00,0.22452224500145768,0.142,0.1445,0.143589,0.14325,2514.83,ETH-27NOV26,0.5254,0.68565,4.2312,50.0,0.0,0.0025000000000000022,ETH,2496.54,0.0
2026-09-06T07:50:16.801142+00:00,ETH-25SEP26-2850-P,2501.84,ETH-25SEP26,put,2850.0,2026-09-25T08:00:00+00:00,0.05203764541213527,0.145,0.154,0.149213,0.1495,2501.84,ETH-25SEP26,0.545,-0.83736,1.40417,0.0,0.0,0.009000000000000008,ETH,2496.56,0.0
2026-09-06T07:50:16.801142+00:00,ETH-25SEP26-2400-C,2501.8,ETH-25SEP26,call,2400.0,2026-09-25T08:00:00+00:00,0.05203764541213527,0.066,0.068,0.06714,0.067,2501.8,ETH-25SEP26,0.4916,0.66576,2.07828,15748.0,33.0,0.0020000000000000018,ETH,2496.56,4719.55
2026-09-06T07:50:16.801142+00:00,ETH-11SEP26-2000-C,2497.33,ETH-11SEP26,call,2000.0,2026-09-11T08:00:00+00:00,0.013707734392285852,0.1975,0.2005,0.199362,0.199,2497.33,ETH-11SEP26,0.7723,0.99385,0.0508,19.0,0.0,0.0030000000000000027,ETH,2496.54,0.0
2026-09-06T07:50:16.801142+00:00,ETH-26MAR27-2900-C,2546.77,ETH-26MAR27,call,2900.0,2027-03-26T08:00:00+00:00,0.5503264886701777,0.11,0.1125,0.111361,0.11125,2546.77,ETH-26MAR27,0.5474,0.45377,7.49071,2285.0,0.0,0.0025000000000000022,ETH,2496.56,0.0
2026-09-06T07:50:16.801142+00:00,ETH-25DEC26-6000-C,2520.69,ETH-25DEC26,call,6000.0,2026-12-25T08:00:00+00:00,0.3011820670411565,0.0021,0.0025,0.002243,0.0023,2520.69,ETH-25DEC26,0.6928,0.01833,0.62226,10852.0,20.0,0.0004000000000000002,ETH,2496.56,109.38
2026-09-06T07:50:16.801142+00:00,ETH-30OCT26-2800-P,2507.22,ETH-30OCT26,put,2800.0,2026-10-30T08:00:00+00:00,0.14786242296175883,0.1535,0.1585,0.156236,0.156,2507.22,ETH-30OCT26,0.5278,-0.67054,3.491,20.0,0.0,0.0050000000000000044,ETH,2496.56,0.0
2026-09-06T07:50:16.801142+00:00,ETH-7SEP26-2640-P,2496.16,ETH-7SEP26,put,2640.0,2026-09-07T08:00:00+00:00,0.002756331243757447,0.0545,0.0615,0.058039,0.058,2496.16,ETH-7SEP26,0.5871,-0.9639,0.10375,0.0,0.0,0.006999999999999999,ETH,2496.56,0.0
2026-09-06T07:50:16.801142+00:00,ETH-25JUN27-2200-P,2575.09,ETH-25JUN27,put,2200.0,2027-06-25T08:00:00+00:00,0.7994709102991989,0.1175,0.121,0.119365,0.11925,2575.09,ETH-25JUN27,0.5603,-0.28581,7.83385,387.0,0.0,0.003500000000000003,ETH,2496.56,0.0
2026-09-06T07:50:16.801142+00:00,ETH-8SEP26-2320-C,2496.55,ETH-8SEP26,call,2320.0,2026-09-08T08:00:00+00:00,0.005494182030889547,0.0685,0.074,0.071168,0.07125,2496.55,ETH-8SEP26,0.5245000000000001,0.97196,0.11899,0.0,0.0,0.005499999999999991,ETH,2496.56,0.0
2026-09-06T07:50:16.801142+00:00,ETH-7SEP26-2800-P,2496.15,ETH-7SEP26,put,2800.0,2026-09-07T08:00:00+00:00,0.002756331243757447,0.1185,0.1255,0.12173,0.122,2496.15,ETH-7SEP26,0.7606,-0.99785,0.00887,0.0,0.0,0.007000000000000006,ETH,2496.56,0.0
2026-09-06T07:50:16.801142+00:00,ETH-11SEP26-2600-P,2497.37,ETH-11SEP26,put,2600.0,2026-09-11T08:00:00+00:00,0.013707734392285852,0.048,0.05,0.048894,0.049,2497.37,ETH-11SEP26,0.47600000000000003,-0.75522,0.91892,287.0,1.0,0.0020000000000000018,ETH,2496.56,118.84
2026-09-06T07:50:16.801142+00:00,ETH-18SEP26-3200-C,2499.49,ETH-18SEP26,call,3200.0,2026-09-18T08:00:00+00:00,0.03287268990221056,0.0013,0.0015,0.001441,0.0014,2499.49,ETH-18SEP26,0.7028,0.03044,0.31226,3528.0,1.0,0.0002000000000000001,ETH,2496.56,2.22
2026-09-06T07:50:16.801142+00:00,ETH-6SEP26-2520-P,2495.61,ETH-6SEP26,put,2520.0,2026-09-06T08:00:00+00:00,1.84804566253454e-05,0.007,0.0135,0.009729,0.01025,2495.61,ETH-6SEP26,0.35600000000000004,-0.15111,0.0,49.0,22.0,0.0065,ETH,2496.56,260.09
2026-09-06T07:50:16.801142+00:00,ETH-7SEP26-2440-C,2496.15,ETH-7SEP26,call,2440.0,2026-09-07T08:00:00+00:00,0.002756331243757447,0.021,0.026,0.02371,0.0235,2496.15,ETH-7SEP26,0.37549999999999994,0.88018,0.26159,156.0,130.0,0.0049999999999999975,ETH,2496.56,3925.39
2026-09-06T07:50:16.801142+00:00,ETH-25JUN27-800-C,2575.09,ETH-25JUN27,call,800.0,2027-06-25T08:00:00+00:00,0.7994709102991989,0.6945,0.6975,0.69557,0.696,2575.09,ETH-25JUN27,0.7578,0.98051,1.09175,118.0,0.0,0.0030000000000000027,ETH,2496.56,0.0
2026-09-06T07:50:16.801142+00:00,ETH-6SEP26-2540-C,2495.61,ETH-6SEP26,call,2540.0,2026-09-06T08:00:00+00:00,1.84804566253454e-05,,0.0001,0.0,,2495.61,ETH-6SEP26,0.4524,0.0,0.0,730.0,775.0,,ETH,2496.55,328.75
2026-09-06T07:50:16.801142+00:00,ETH-27NOV26-4600-P,2514.83,ETH-27NOV26,put,4600.0,2026-11-27T08:00:00+00:00,0.22452224500145768,0.8235,0.8455,0.833447,0.8345,2514.83,ETH-27NOV26,0.6622,-0.96141,0.99768,0.0,0.0,0.02200000000000002,ETH,2496.55,0.0
