timestamp,instrument_name,underlying,underlying_name,option_type,strike,expiry_datetime,time_to_maturity,bid_price,ask_price,mark_price,mid_price,futures_price,futures_instrument_name,implied_volatility,delta,vega,open_interest,volume,bid_ask_spread,currency,index_price,volume_usd
2026-09-06T17:36:33.120547+00:00,BTC-8SEP26-90000-C,79726.43,BTC-8SEP26,call,90000.0,2026-09-08T08:00:00+00:00,0.004379511732609577,,0.0001,3.41e-06,,79726.43,BTC-8SEP26,0.5407,0.00038,0.07233,8.2,0.0,,BTC,79735.7,0.0
2026-09-06T17:36:33.120547+00:00,BTC-25SEP26-155000-P,79851.59,BTC-25SEP26,put,155000.0,2026-09-25T08:00:00+00:00,0.050922975113855296,0.9365,0.9455,0.94134746,0.941,79851.59,BTC-25SEP26,0.8133,-0.99979,0.1461,0.1,0.0,0.009000000000000008,BTC,79735.7,0.0
2026-09-06T17:36:33.120547+00:00,BTC-25SEP26-105000-C,79851.59,BTC-25SEP26,call,105000.0,2026-09-25T08:00:00+00:00,0.050922975113855296,0.0004,0.0007,0.00053801,0.00055,79851.59,BTC-25SEP26,0.5327000000000001,0.01332,6.16325,1538.2,3.0,0.0003,BTC,79735.7,119.76
2026-09-06T17:36:33.120547+00:00,BTC-18SEP26-90000-C,79806.53,BTC-18SEP26,call,90000.0,2026-09-18T08:00:00+00:00,0.03175801960393059,0.0022,0.0024,0.00227749,0.0023,79806.53,BTC-18SEP26,0.4411,0.06819,18.71904,410.2,2.1,0.00019999999999999966,BTC,79735.7,419.17
2026-09-06T17:36:33.120547+00:00,BTC-27NOV26-70000-C,80515.3,BTC-27NOV26,call,70000.0,2026-11-27T08:00:00+00:00,0.22340757470317768,0.154,0.1565,0.15451266,0.15525,80515.3,BTC-27NOV26,0.4043,0.79607,107.8259,4.2,0.0,0.0025000000000000022,BTC,79735.7,0.0
2026-09-06T17:36:33.120547+00:00,BTC-7SEP26-80500-C,79721.69,BTC-7SEP26,call,80500.0,2026-09-07T08:00:00+00:00,0.0016416609454774761,0.0012,0.0015,0.00131851,0.00135,79721.69,BTC-7SEP26,0.2889,0.20562,9.19517,54.9,23.8,0.00030000000000000014,BTC,79737.86,3964.1
2026-09-06T17:36:33.120547+00:00,BTC-7SEP26-76500-P,79722.55,BTC-7SEP26,put,76500.0,2026-09-07T08:00:00+00:00,0.0016416609454774761,,0.0001,2.008e-05,,79722.55,BTC-7SEP26,0.3851,-0.00401,0.38359,62.8,3.2,,BTC,79737.86,25.54
2026-09-06T17:36:33.120547+00:00,BTC-9SEP26-73000-P,79736.13,BTC-9SEP26,put,73000.0,2026-09-09T08:00:00+00:00,0.007117362519741679,0.0001,0.0003,0.00017792,0.0002,79736.13,BTC-9SEP26,0.4714,-0.01258,2.19005,2.7,2.7,0.00019999999999999998,BTC,79735.7,84.1
2026-09-06T17:36:33.120547+00:00,BTC-30OCT26-90000-P,80199.24,BTC-30OCT26,put,90000.0,2026-10-30T08:00:00+00:00,0.14674775266347884,0.14,0.1445,0.1427385,0.14225,80199.24,BTC-30OCT26,0.3932,-0.75483,96.65015,5.6,0.0,0.004499999999999976,BTC,79737.86,0.0
2026-09-06T17:36:33.120547+00:00,BTC-25JUN27-105000-P,82711.92,BTC-25JUN27,put,105000.0,2027-06-25T08:00:00+00:00,0.798356240000919,0.334,0.344,0.33721553,0.339,82711.92,BTC-25JUN27,0.4228,-0.67087,267.4558,0.1,0.0,0.009999999999999953,BTC,79737.86,0.0
2026-09-06T17:36:33.120547+00:00,BTC-25SEP26-82000-P,79851.59,BTC-25SEP26,put,82000.0,2026-09-25T08:00:00+00:00,0.050922975113855296,0.0485,0.0505,0.0495785,0.0495,79851.59,BTC-25SEP26,0.37689999999999996,-0.60621,69.34791,273.9,0.0,0.0020000000000000018,BTC,79736.44,0.0
2026-09-06T17:36:33.120547+00:00,BTC-26MAR27-112000-P,81758.36,BTC-26MAR27,put,112000.0,2027-03-26T08:00:00+00:00,0.5492118183718977,0.397,0.4035,0.400181,0.40025,81758.36,BTC-26MAR27,0.4227,-0.8017,168.81787,0.1,0.0,0.006500000000000006,BTC,79736.44,0.0
2026-09-06T17:36:33.120547+00:00,BTC-25DEC26-58000-C,80840.56,BTC-25DEC26,call,58000.0,2026-12-25T08:00:00+00:00,0.3000673967428765,0.2905,0.294,0.29242536,0.29225,80840.56,BTC-25DEC26,0.4682,0.92255,64.26295,40.3,0.0,0.003500000000000003,BTC,79736.44,0.0
2026-09-06T17:36:33.120547+00:00,BTC-7SEP26-81000-C,79721.69,BTC-7SEP26,call,81000.0,2026-09-07T08:00:00+00:00,0.0016416609454774761,0.0004,0.0007,0.00054188,0.00055,79721.69,BTC-7SEP26,0.3007,0.09695,5.54221,58.3,9.0,0.0003,BTC,79736.44,940.04
2026-09-06T17:36:33.120547+00:00,BTC-30OCT26-79000-C,80188.94,BTC-30OCT26,call,79000.0,2026-10-30T08:00:00+00:00,0.14674775266347884,0.064,0.0655,0.0645625,0.06475,80188.94,BTC-30OCT26,0.3751,0.57016,120.70729,186.0,1.0,0.0015000000000000013,BTC,79736.44,5100.0
2026-09-06T17:36:33.120547+00:00,BTC-9SEP26-83000-C,79737.06,BTC-9SEP26,call,83000.0,2026-09-09T08:00:00+00:00,0.007117362519741679,0.0013,0.0015,0.00138924,0.0014,79737.06,BTC-9SEP26,0.36340000000000006,0.0982,11.65361,51.7,51.3,0.0002000000000000001,BTC,79736.44,8231.73
2026-09-06T17:36:33.120547+00:00,BTC-25SEP26-66000-P,79851.59,BTC-25SEP26,put,66000.0,2026-09-25T08:00:00+00:00,0.050922975113855296,0.0013,0.0015,0.00134051,0.0014,79851.59,BTC-25SEP26,0.46659999999999996,-0.03134,12.71748,1602.6,0.3,0.0002000000000000001,BTC,79737.45,33.5
2026-09-06T17:36:33.120547+00:00,BTC-25JUN27-90000-C,82711.92,BTC-25JUN27,call,90000.0,2027-06-25T08:00:00+00:00,0.798356240000919,0.113,0.1155,0.1142135,0.11425,82711.92,BTC-25JUN27,0.41729999999999995,0.48408,294.70385,715.0,0.0,0.0025000000000000022,BTC,79737.45,0.0
2026-09-06T17:36:33.120547+00:00,BTC-25SEP26-79000-C,79851.59,BTC-25SEP26,call,79000.0,2026-09-25T08:00:00+00:00,0.050922975113855296,0.038,0.039,0.03859903,0.0385,79851.59,BTC-25SEP26,0.36920000000000003,0.56772,70.87397,2289.7,0.1,0.0010000000000000009,BTC,79737.45,327.95
2026-09-06T17:36:33.120547+00:00,BTC-10SEP26-78000-P,79743.43,BTC-10SEP26,put,78000.0,2026-09-10T08:00:00+00:00,0.00985521330687378,0.005,0.0055,0.00524626,0.00525,79743.43,BTC-10SEP26,0.3414,-0.25173,25.25611,0.0,0.0,0.0004999999999999996,BTC,79737.45,0.0
2026-09-06T17:36:33.120547+00:00,BTC-26MAR27-78000-C,81758.36,BTC-26MAR27,call,78000.0,2027-03-26T08:00:00+00:00,0.5492118183718977,0.14,0.142,0.14077145,0.141,81758.36,BTC-26MAR27,0.4045,0.62055,230.68121,583.9,0.6,0.001999999999999974,BTC,79737.45,6773.73
2026-09-06T17:36:33.120547+00:00,BTC-25SEP26-85000-P,79851.59,BTC-25SEP26,put,85000.0,2026-09-25T08:00:00+00:00,0.050922975113855296,0.075,0.0795,0.07718161,0.07725,79851.59,BTC-25SEP26,0.38789999999999997,-0.74845,57.46901,454.8,0.0,0.004500000000000004,BTC,79737.45,0.0
2026-09-06T17:36:33.120547+00:00,BTC-27NOV26-68000-P,80515.3,BTC-27NOV26,put,68000.0,2026-11-27T08:00:00+00:00,0.22340757470317768,0.0185,0.0195,0.01900283,0.019,80515.3,BTC-27NOV26,0.41159999999999997,-0.16716,95.29916,39.8,6.3,0.0010000000000000009,BTC,79737.45,9333.25
2026-09-06T17:36:33.120547+00:00,BTC-25DEC26-95000-P,80840.56,BTC-25DEC26,put,95000.0,2026-12-25T08:00:00+00:00,0.3000673967428765,0.2045,0.21,0.20696409,0.20725,80840.56,BTC-25DEC26,0.3994,-0.73494,145.11646,110.8,0.2,0.005500000000000005,BTC,79737.77,3251.24
2026-09-06T17:36:33.120547+00:00,BTC-27NOV26-81000-P,80515.3,BTC-27NOV26,put,81000.0,2026-11-27T08:00:00+00:00,0.22340757470317768,0.076,0.077,0.07649865,0.0765,80515.3,BTC-27NOV26,0.3884,-0.47641,151.61,21.3,0.0,0.0010000000000000009,BTC,79737.45,0.0
2026-09-06T17:36:33.120547+00:00,BTC-11SEP26-72000-C,79744.21,BTC-11SEP26,call,72000.0,2026-09-11T08:00:00+00:00,0.01259306409400588,0.0955,0.0995,0.09747913,0.0975,79744.21,BTC-11SEP26,0.4667,0.97593,5.06787,147.8,0.0,0.0040000000000000036,BTC,79737.77,0.0
2026-09-06T17:36:33.120547+00:00,BTC-25SEP26-125000-P,79851.59,BTC-25SEP26,put,125000.0,2026-09-25T08:00:00+00:00,0.050922975113855296,0.562,0.569,0.56573912,0.5655,79851.59,BTC-25SEP26,0.7055,-0.99687,1.71143,21.7,0.0,0.006999999999999895,BTC,79737.77,0.0
2026-09-06T17:36:33.120547+00:00,BTC-11SEP26-65000-C,79744.21,BTC-11SEP26,call,65000.0,2026-09-11T08:00:00+00:00,0.01259306409400588,0.183,0.187,0.18486952,0.185,79744.21,BTC-11SEP26,0.6848000000000001,0.99651,0.9375,0.0,0.0,0.0040000000000000036,BTC,79737.77,0.0
2026-09-06T17:36:33.120547+00:00,BTC-25JUN27-55000-P,82712.78,BTC-25JUN27,put,55000.0,2027-06-25T08:00:00+00:00,0.798356240000919,0.0275,0.0295,0.02846686,0.0285,82712.78,BTC-25JUN27,0.46270000000000006,-0.11636,144.70522,35.6,0.0,0.0019999999999999983,BTC,79738.27,0.0
2026-09-06T17:36:33.120547+00:00,BTC-26MAR27-96000-C,81758.36,BTC-26MAR27,call,96000.0,2027-03-26T08:00:00+00:00,0.5492118183718977,0.0605,0.0625,0.06114453,0.0615,81758.36,BTC-26MAR27,0.4073,0.35169,224.90115,141.6,0.0,0.0020000000000000018,BTC,79738.27,0.0
2026-09-06T17:36:33.120547+00:00,BTC-30OCT26-60000-C,80199.24,BTC-30OCT26,call,60000.0,2026-10-30T08:00:00+00:00,0.14674775266347884,0.254,0.2575,0.25546901,0.25575,80199.24,BTC-30OCT26,0.47619999999999996,0.95366,29.82575,16.5,0.0,0.003500000000000003,BTC,79738.27,0.0
2026-09-06T17:36:33.120547+00:00,BTC-30OCT26-76000-P,80188.94,BTC-30OCT26,put,76000.0,2026-10-30T08:00:00+00:00,0.14674775266347884,0.033,0.0345,0.03379785,0.03375,80188.94,BTC-30OCT26,0.377,-0.32831,111.0704,101.8,0.3,0.0015000000000000013,BTC,79738.27,832.33
2026-09-06T17:36:33.120547+00:00,BTC-30OCT26-45000-C,80199.24,BTC-30OCT26,call,45000.0,2026-10-30T08:00:00+00:00,0.14674775266347884,0.438,0.441,0.4396153,0.4395,80199.24,BTC-30OCT26,0.6720999999999999,0.99117,7.34849,0.1,0.0,0.0030000000000000027,BTC,79738.27,0.0
2026-09-06T17:36:33.120547+00:00,BTC-30OCT26-66000-C,80199.24,BTC-30OCT26,call,66000.0,2026-10-30T08:00:00+00:00,0.14674775266347884,0.1835,0.187,0.18490762,0.18525,80199.24,BTC-30OCT26,0.42,0.90167,53.27536,89.5,0.0,0.003500000000000003,BTC,79738.27,0.0
2026-09-06T17:36:33.120547+00:00,BTC-10SEP26-80500-C,79743.43,BTC-10SEP26,call,80500.0,2026-09-10T08:00:00+00:00,0.00985521330687378,0.009,0.01,0.00955602,0.0095,79743.43,BTC-10SEP26,0.34759999999999996,0.39901,30.57411,3.0,3.0,0.0010000000000000009,BTC,79738.27,2362.47
2026-09-06T17:36:33.120547+00:00,BTC-25DEC26-70000-P,80840.56,BTC-25DEC26,put,70000.0,2026-12-25T08:00:00+00:00,0.3000673967428765,0.0325,0.0335,0.03276889,0.033,80840.56,BTC-25DEC26,0.4092,-0.22532,132.96813,1487.2,14.0,0.0010000000000000009,BTC,79738.59,37001.79
2026-09-06T17:36:33.120547+00:00,BTC-30OCT26-58000-C,80199.24,BTC-30OCT26,call,58000.0,2026-10-30T08:00:00+00:00,0.14674775266347884,0.278,0.2815,0.2796924,0.27975,80199.24,BTC-30OCT26,0.49979999999999997,0.96311,24.79333,0.0,0.0,0.0034999999999999476,BTC,79738.59,0.0
2026-09-06T17:36:33.120547+00:00,BTC-30OCT26-90000-C,80199.24,BTC-30OCT26,call,90000.0,2026-10-30T08:00:00+00:00,0.14674775266347884,0.02,0.021,0.02031279,0.0205,80199.24,BTC-30OCT26,0.3932,0.24518,96.65273,2672.7,28.3,0.0010000000000000009,BTC,79738.59,46611.12
2026-09-06T17:36:33.120547+00:00,BTC-27NOV26-98000-C,80504.68,BTC-27NOV26,call,98000.0,2026-11-27T08:00:00+00:00,0.22340757470317768,0.017,0.018,0.01750886,0.0175,80504.68,BTC-27NOV26,0.4119,0.18098,100.23737,52.3,2.2,0.0009999999999999974,BTC,79738.59,3115.96
2026-09-06T17:36:33.120547+00:00,BTC-25DEC26-125000-C,80840.56,BTC-25DEC26,call,125000.0,2026-12-25T08:00:00+00:00,0.3000673967428765,0.0055,0.006,0.00552513,0.00575,80840.56,BTC-25DEC26,0.4637,0.05612,50.07026,559.4,0.9,0.0005000000000000004,BTC,79738.59,430.19
2026-09-06T17:36:33.120547+00:00,BTC-25JUN27-40000-P,82712.78,BTC-25JUN27,put,40000.0,2027-06-25T08:00:00+00:00,0.798356240000919,0.009,0.0105,0.00971954,0.00975,82712.78,BTC-25JUN27,0.5425,-0.04086,64.81558,1213.1,0.2,0.0015000000000000013,BTC,79739.93,163.64
2026-09-06T17:36:33.120547+00:00,BTC-8SEP26-75000-P,79726.43,BTC-8SEP26,put,75000.0,2026-09-08T08:00:00+00:00,0.004379511732609577,0.0001,0.0003,0.00017775,0.0002,79726.43,BTC-8SEP26,0.4366,-0.01661,2.18088,3.1,1.5,0.00019999999999999998,BTC,79739.93,27.94
2026-09-06T17:36:33.120547+00:00,BTC-25SEP26-140000-C,79851.59,BTC-25SEP26,call,140000.0,2026-09-25T08:00:00+00:00,0.050922975113855296,,0.0001,3.182e-05,,79851.59,BTC-25SEP26,0.7598999999999999,0.00072,0.44781,1210.3,0.0,,BTC,79739.93,0.0
2026-09-06T17:36:33.120547+00:00,BTC-30OCT26-94000-P,80199.24,BTC-30OCT26,put,94000.0,2026-10-30T08:00:00+00:00,0.14674775266347884,0.1825,0.1875,0.185725,0.185,80199.24,BTC-30OCT26,0.4064,-0.82674,78.72277,0.0,0.0,0.0050000000000000044,BTC,79739.93,0.0
2026-09-06T17:36:33.120547+00:00,BTC-18SEP26-95000-P,79806.53,BTC-18SEP26,put,95000.0,2026-09-18T08:00:00+00:00,0.03175801960393059,0.189,0.194,0.19142858,0.1915,79806.53,BTC-18SEP26,0.4891,-0.9747,8.39911,0.0,0.0,0.0050000000000000044,BTC,79739.93,0.0
2026-09-06T17:36:33.120547+00:00,BTC-25DEC26-100000-C,80841.42,BTC-25DEC26,call,100000.0,2026-12-25T08:00:00+00:00,0.3000673967428765,0.0225,0.023,0.02253369,0.02275,80841.42,BTC-25DEC26,0.40759999999999996,0.20031,124.13812,6018.2,150.3,0.0005000000000000004,BTC,79739.93,275054.92
2026-09-06T17:36:33.120547+00:00,BTC-8SEP26-81000-C,79726.43,BTC-8SEP26,call,81000.0,2026-09-08T08:00:00+00:00,0.004379511732609577,0.0025,0.0029,0.00268297,0.0027,79726.43,BTC-8SEP26,0.3159,0.22763,15.9321,146.3,36.5,0.00039999999999999975,BTC,79739.93,10315.03
2026-09-06T17:36:33.120547+00:00,BTC-26MAR27-62000-P,81758.36,BTC-26MAR27,put,62000.0,2027-03-26T08:00:00+00:00,0.5492118183718977,0.0295,0.0315,0.03043742,0.0305,81758.36,BTC-26MAR27,0.4361,-0.15447,144.10673,260.1,0.0,0.0020000000000000018,BTC,79739.52,0.0
2026-09-06T17:36:33.120547+00:00,BTC-25SEP26-102000-P,79851.59,BTC-25SEP26,put,102000.0,2026-09-25T08:00:00+00:00,0.050922975113855296,0.2755,0.281,0.2783656,0.27825,79851.59,BTC-25SEP26,0.5156000000000001,-0.97957,8.88667,0.4,0.0,0.005500000000000005,BTC,79739.52,0.0
2026-09-06T17:36:33.120547+00:00,BTC-9SEP26-86000-P,79737.06,BTC-9SEP26,put,86000.0,2026-09-09T08:00:00+00:00,0.007117362519741679,0.0765,0.082,0.07897954,0.07925,79737.06,BTC-9SEP26,0.43939999999999996,-0.97832,3.48782,0.0,0.0,0.005500000000000005,BTC,79739.93,0.0
2026-09-06T17:36:33.120547+00:00,BTC-27NOV26-80000-C,80515.3,BTC-27NOV26,call,80000.0,2026-11-27T08:00:00+00:00,0.22340757470317768,0.076,0.077,0.07630321,0.0765,80515.3,BTC-27NOV26,0.3896,0.55059,150.65704,819.3,4.1,0.0010000000000000009,BTC,79739.52,24578.83
2026-09-06T17:36:33.120547+00:00,BTC-9SEP26-75000-C,79737.06,BTC-9SEP26,call,75000.0,2026-09-09T08:00:00+00:00,0.007117362519741679,0.0575,0.062,0.05972603,0.05975,79737.06,BTC-9SEP26,0.3979,0.96721,4.92813,0.0,0.0,0.004499999999999997,BTC,79739.93,0.0
2026-09-06T17:36:33.120547+00:00,BTC-11SEP26-76000-C,79744.21,BTC-11SEP26,call,76000.0,2026-09-11T08:00:00+00:00,0.01259306409400588,0.0475,0.0515,0.04927907,0.0495,79744.21,BTC-11SEP26,0.36810000000000004,0.88206,17.69021,103.8,0.0,0.003999999999999997,BTC,79739.52,0.0
2026-09-06T17:36:33.120547+00:00,BTC-25JUN27-94000-P,82711.92,BTC-25JUN27,put,94000.0,2027-06-25T08:00:00+00:00,0.798356240000919,0.2335,0.238,0.23575761,0.23575,82711.92,BTC-25JUN27,0.418,-0.56178,291.4021,0.1,0.0,0.004499999999999976,BTC,79739.68,0.0
2026-09-06T17:36:33.120547+00:00,BTC-27NOV26-92000-C,80515.3,BTC-27NOV26,call,92000.0,2026-11-27T08:00:00+00:00,0.22340757470317768,0.028,0.029,0.02842037,0.0285,80515.3,BTC-27NOV26,0.3993,0.27035,125.96061,52.1,0.0,0.0010000000000000009,BTC,79739.52,0.0
2026-09-06T17:36:33.120547+00:00,BTC-25DEC26-58000-P,80840.56,BTC-25DEC26,put,58000.0,2026-12-25T08:00:00+00:00,0.3000673967428765,0.0095,0.0105,0.0099738,0.01,80840.56,BTC-25DEC26,0.4682,-0.07743,64.25301,1834.3,0.0,0.0010000000000000009,BTC,79739.68,0.0
2026-09-06T17:36:33.120547+00:00,BTC-10SEP26-73000-C,79743.43,BTC-10SEP26,call,73000.0,2026-09-10T08:00:00+00:00,0.00985521330687378,0.0825,0.087,0.08466347,0.08475,79743.43,BTC-10SEP26,0.4285,0.98206,3.49547,0.0,0.0,0.00449999999999999,BTC,79739.68,0.0
2026-09-06T17:36:33.120547+00:00,BTC-11SEP26-81000-P,79744.21,BTC-11SEP26,put,81000.0,2026-09-11T08:00:00+00:00,0.01259306409400588,0.0245,0.0265,0.02555983,0.0255,79744.21,BTC-11SEP26,0.3636,-0.64121,33.45161,163.2,3.0,0.0019999999999999983,BTC,79739.68,5953.07
2026-09-06T17:36:33.120547+00:00,BTC-18SEP26-86000-P,79796.23,BTC-18SEP26,put,86000.0,2026-09-18T08:00:00+00:00,0.03175801960393059,0.0815,0.086,0.08368805,0.08375,79796.23,BTC-18SEP26,0.40630000000000005,-0.84015,34.59593,0.0,0.0,0.00449999999999999,BTC,79739.68,0.0
2026-09-06T17:36:33.120547+00:00,BTC-30OCT26-100000-P,80199.24,BTC-30OCT26,put,100000.0,2026-10-30T08:00:00+00:00,0.14674775266347884,0.2515,0.257,0.25464634,0.25425,80199.24,BTC-30OCT26,0.4277,-0.89694,55.13402,0.3,0.0,0.005500000000000005,BTC,79739.68,0.0
2026-09-06T17:36:33.120547+00:00,BTC-11SEP26-85000-P,79743.35,BTC-11SEP26,put,85000.0,2026-09-11T08:00:00+00:00,0.01259306409400588,0.0655,0.07,0.06787736,0.06775,79743.35,BTC-11SEP26,0.4125,-0.91218,14.27476,32.4,0.3,0.004500000000000004,BTC,79740.53,1561.85
2026-09-06T17:36:33.120547+00:00,BTC-25DEC26-220000-C,80841.42,BTC-25DEC26,call,220000.0,2026-12-25T08:00:00+00:00,0.3000673967428765,0.0003,0.0007,0.0004592,0.0005,80841.42,BTC-25DEC26,0.6548999999999999,0.00452,5.85666,254.0,0.0,0.0004,BTC,79740.53,0.0
2026-09-06T17:36:33.120547+00:00,BTC-26MAR27-80000-C,81758.36,BTC-26MAR27,call,80000.0,2027-03-26T08:00:00+00:00,0.5492118183718977,0.128,0.13,0.12888864,0.129,81758.36,BTC-26MAR27,0.4045,0.58808,235.89648,1062.6,0.0,0.0020000000000000018,BTC,79740.53,0.0
2026-09-06T17:36:33.120547+00:00,BTC-25SEP26-175000-P,79851.59,BTC-25SEP26,put,175000.0,2026-09-25T08:00:00+00:00,0.050922975113855296,1.184,1.1995,1.19183645,1.19175,79851.59,BTC-25SEP26,0.89,-0.99993,0.05172,3.3,0.0,0.01550000000000007,BTC,79740.53,0.0
2026-09-06T17:36:33.120547+00:00,BTC-25SEP26-77000-C,79851.59,BTC-25SEP26,call,77000.0,2026-09-25T08:00:00+00:00,0.050922975113855296,0.053,0.0545,0.05353595,0.05375,79851.59,BTC-25SEP26,0.3699,0.68366,64.1528,290.3,0.0,0.0015000000000000013,BTC,79740.53,0.0
2026-09-06T17:36:33.120547+00:00,BTC-25DEC26-56000-P,80840.56,BTC-25DEC26,put,56000.0,2026-12-25T08:00:00+00:00,0.3000673967428765,0.008,0.0085,0.00818304,0.00825,80840.56,BTC-25DEC26,0.4818,-0.0639,55.43051,507.4,0.1,0.0005000000000000004,BTC,79741.35,63.82
2026-09-06T17:36:33.120547+00:00,BTC-25SEP26-75000-P,79851.59,BTC-25SEP26,put,75000.0,2026-09-25T08:00:00+00:00,0.050922975113855296,0.0105,0.0115,0.01095376,0.011,79851.59,BTC-25SEP26,0.3749,-0.21657,52.89546,4592.1,3.8,0.0009999999999999992,BTC,79741.35,3314.19
2026-09-06T17:36:33.120547+00:00,BTC-7SEP26-89000-P,79721.69,BTC-7SEP26,put,89000.0,2026-09-07T08:00:00+00:00,0.0016416609454774761,0.114,0.119,0.11651961,0.1165,79721.69,BTC-7SEP26,0.5085999999999999,-1.0,1e-05,0.0,0.0,0.0049999999999999906,BTC,79741.35,0.0
2026-09-06T17:36:33.120547+00:00,BTC-25DEC26-140000-C,80841.42,BTC-25DEC26,call,140000.0,2026-12-25T08:00:00+00:00,0.3000673967428765,0.0029,0.0034,0.00314586,0.00315,80841.42,BTC-25DEC26,0.5038,0.03207,31.85467,1435.0,0.2,0.0005,BTC,79741.35,52.59
2026-09-06T17:36:33.120547+00:00,BTC-30OCT26-71000-C,80199.24,BTC-30OCT26,call,71000.0,2026-10-30T08:00:00+00:00,0.14674775266347884,0.1295,0.133,0.13108879,0.13125,80199.24,BTC-30OCT26,0.3909,0.8129,82.6154,977.5,0.0,0.003500000000000003,BTC,79741.35,0.0
2026-09-06T17:36:33.120547+00:00,BTC-25SEP26-90000-C,79851.59,BTC-25SEP26,call,90000.0,2026-09-25T08:00:00+00:00,0.050922975113855296,0.0047,0.0049,0.00502162,0.0048,79851.59,BTC-25SEP26,0.4217,0.11341,34.6444,8821.4,1.1,0.00019999999999999966,BTC,79741.35,438.86
2026-09-06T17:36:33.120547+00:00,BTC-25SEP26-73000-C,79852.45,BTC-25SEP26,call,73000.0,2026-09-25T08:00:00+00:00,0.050922975113855296,0.0905,0.094,0.09215716,0.09225,79852.45,BTC-25SEP26,0.38380000000000003,0.8598,40.16133,41.0,0.0,0.003500000000000003,BTC,79741.58,0.0
2026-09-06T17:36:33.120547+00:00,BTC-25DEC26-76000-P,80840.56,BTC-25DEC26,put,76000.0,2026-12-25T08:00:00+00:00,0.3000673967428765,0.057,0.058,0.05737786,0.0575,80840.56,BTC-25DEC26,0.39649999999999996,-0.3471,163.59219,387.3,0.2,0.0010000000000000009,BTC,79741.58,922.2
2026-09-06T17:36:33.120547+00:00,BTC-25DEC26-250000-C,80840.56,BTC-25DEC26,call,250000.0,2026-12-25T08:00:00+00:00,0.3000673967428765,0.0001,0.0005,0.00024071,0.0003,80840.56,BTC-25DEC26,0.6848000000000001,0.0024,3.30786,1280.3,0.0,0.0004,BTC,79741.58,0.0
2026-09-06T17:36:33.120547+00:00,BTC-25JUN27-85000-C,82711.92,BTC-25JUN27,call,85000.0,2027-06-25T08:00:00+00:00,0.798356240000919,0.135,0.1375,0.13632005,0.13625,82711.92,BTC-25JUN27,0.4168,0.54507,293.0687,152.8,0.0,0.0025000000000000022,BTC,79741.58,0.0
2026-09-06T17:36:33.120547+00:00,BTC-25JUN27-45000-P,82712.78,BTC-25JUN27,put,45000.0,2027-06-25T08:00:00+00:00,0.798356240000919,0.013,0.0145,0.01372697,0.01375,82712.78,BTC-25JUN27,0.5079,-0.05843,86.26384,121.8,2.0,0.0015000000000000013,BTC,79741.58,2155.34
2026-09-06T17:36:33.120547+00:00,BTC-25JUN27-106000-C,82711.92,BTC-25JUN27,call,106000.0,2027-06-25T08:00:00+00:00,0.798356240000919,0.064,0.0665,0.06527104,0.06525,82711.92,BTC-25JUN27,0.42340000000000005,0.32054,264.58037,0.0,0.0,0.0025000000000000022,BTC,79741.58,0.0
2026-09-06T17:36:33.120547+00:00,BTC-26MAR27-70000-C,81758.36,BTC-26MAR27,call,70000.0,2027-03-26T08:00:00+00:00,0.5492118183718977,0.1985,0.201,0.19949249,0.19975,81758.36,BTC-26MAR27,0.41590000000000005,0.74471,194.75458,797.8,0.0,0.0025000000000000022,BTC,79740.77,0.0
2026-09-06T17:36:33.120547+00:00,BTC-9SEP26-79500-C,79737.06,BTC-9SEP26,call,79500.0,2026-09-09T08:00:00+00:00,0.007117362519741679,0.012,0.013,0.01240854,0.0125,79737.06,BTC-9SEP26,0.3251,0.54949,26.63902,1.5,1.0,0.0009999999999999992,BTC,79741.58,968.48
2026-09-06T17:36:33.120547+00:00,BTC-27NOV26-92000-P,80515.3,BTC-27NOV26,put,92000.0,2026-11-27T08:00:00+00:00,0.22340757470317768,0.1685,0.173,0.1712763,0.17075,80515.3,BTC-27NOV26,0.3993,-0.72961,125.9733,2.1,0.0,0.004499999999999976,BTC,79741.58,0.0
2026-09-06T17:36:33.120547+00:00,BTC-30OCT26-40000-P,80199.24,BTC-30OCT26,put,40000.0,2026-10-30T08:00:00+00:00,0.14674775266347884,0.0004,0.0006,0.00043436,0.0005,80199.24,BTC-30OCT26,0.7349,-0.00451,4.05515,77.8,0.5,0.00019999999999999993,BTC,79740.77,23.91
2026-09-06T17:36:33.120547+00:00,BTC-11SEP26-95000-P,79744.21,BTC-11SEP26,put,95000.0,2026-09-11T08:00:00+00:00,0.01259306409400588,0.1885,0.1945,0.19161015,0.1915,79744.21,BTC-11SEP26,0.619,-0.9935,1.63395,0.1,0.0,0.006000000000000005,BTC,79740.77,0.0
2026-09-06T17:36:33.120547+00:00,BTC-7SEP26-90000-P,79721.69,BTC-7SEP26,put,90000.0,2026-09-07T08:00:00+00:00,0.0016416609454774761,0.1265,0.132,0.12906477,0.12925,79721.69,BTC-7SEP26,0.5233,-1.0,0.0,0.0,0.0,0.005500000000000005,BTC,79740.77,0.0
2026-09-06T17:36:33.120547+00:00,BTC-25JUN27-108000-C,82711.92,BTC-25JUN27,call,108000.0,2027-06-25T08:00:00+00:00,0.798356240000919,0.06,0.062,0.06102134,0.061,82711.92,BTC-25JUN27,0.42469999999999997,0.30402,258.59827,12.7,0.0,0.0020000000000000018,BTC,79739.4,0.0
2026-09-06T17:36:33.120547+00:00,BTC-7SEP26-74000-P,79722.55,BTC-7SEP26,put,74000.0,2026-09-07T08:00:00+00:00,0.0016416609454774761,,0.0001,2.84e-06,,79722.55,BTC-7SEP26,0.5569,-0.00046,0.05306,0.4,0.0,,BTC,79739.4,0.0
2026-09-06T17:36:33.120547+00:00,BTC-11SEP26-67000-P,79743.35,BTC-11SEP26,put,67000.0,2026-09-11T08:00:00+00:00,0.01259306409400588,0.0001,0.0002,0.00014183,0.00015,79743.35,BTC-11SEP26,0.6275,-0.00608,1.53928,410.4,0.7,0.0001,BTC,79739.4,11.15
2026-09-06T17:36:33.120547+00:00,BTC-25JUN27-115000-P,82711.92,BTC-25JUN27,put,115000.0,2027-06-25T08:00:00+00:00,0.798356240000919,0.435,0.4435,0.43933239,0.43925,82711.92,BTC-25JUN27,0.4304,-0.74668,236.5791,0.0,0.0,0.008500000000000008,BTC,79739.4,0.0
2026-09-06T17:36:33.120547+00:00,BTC-26MAR27-45000-P,81758.36,BTC-26MAR27,put,45000.0,2027-03-26T08:00:00+00:00,0.5492118183718977,0.007,0.0085,0.00765542,0.00775,81758.36,BTC-26MAR27,0.5239,-0.04168,54.00539,259.3,0.1,0.0015000000000000005,BTC,79739.4,59.83
2026-09-06T17:36:33.120547+00:00,BTC-30OCT26-95000-P,80199.24,BTC-30OCT26,put,95000.0,2026-10-30T08:00:00+00:00,0.14674775266347884,0.1935,0.199,0.19680107,0.19625,80199.24,BTC-30OCT26,0.408,-0.84253,74.00006,0.4,0.0,0.005500000000000005,BTC,79739.4,0.0
2026-09-06T17:36:33.120547+00:00,BTC-27NOV26-108000-C,80504.68,BTC-27NOV26,call,108000.0,2026-11-27T08:00:00+00:00,0.22340757470317768,0.008,0.009,0.00850426,0.0085,80504.68,BTC-27NOV26,0.4393,0.09512,64.40818,12.0,0.1,0.0009999999999999992,BTC,79739.4,67.99
2026-09-06T17:36:33.120547+00:00,BTC-27NOV26-83000-C,80515.3,BTC-27NOV26,call,83000.0,2026-11-27T08:00:00+00:00,0.22340757470317768,0.0595,0.0605,0.05981657,0.06,80515.3,BTC-27NOV26,0.3886,0.47074,151.4703,16.5,0.0,0.0010000000000000009,BTC,79739.4,0.0
2026-09-06T17:36:33.120547+00:00,BTC-27NOV26-98000-P,80515.3,BTC-27NOV26,put,98000.0,2026-11-27T08:00:00+00:00,0.22340757470317768,0.232,0.237,0.2349177,0.2345,80515.3,BTC-27NOV26,0.4119,-0.819,100.24393,0.0,0.0,0.004999999999999977,BTC,79739.4,0.0
2026-09-06T17:36:33.120547+00:00,BTC-18SEP26-72000-P,79806.53,BTC-18SEP26,put,72000.0,2026-09-18T08:00:00+00:00,0.03175801960393059,0.0024,0.0027,0.00256386,0.00255,79806.53,BTC-18SEP26,0.41200000000000003,-0.07511,20.16257,1318.9,8.4,0.00030000000000000035,BTC,79739.4,1513.51
2026-09-06T17:36:33.120547+00:00,BTC-27NOV26-78000-P,80504.68,BTC-27NOV26,put,78000.0,2026-11-27T08:00:00+00:00,0.22340757470317768,0.057,0.0585,0.05764699,0.05775,80504.68,BTC-27NOV26,0.3889,-0.39562,146.6505,57.4,0.0,0.0015000000000000013,BTC,79736.89,0.0
2026-09-06T17:36:33.120547+00:00,BTC-25DEC26-65000-P,80841.42,BTC-25DEC26,put,65000.0,2026-12-25T08:00:00+00:00,0.3000673967428765,0.0195,0.0205,0.01993888,0.02,80841.42,BTC-25DEC26,0.42810000000000004,-0.14753,102.14985,792.4,17.5,0.0010000000000000009,BTC,79736.89,27837.77
2026-09-06T17:36:33.120547+00:00,BTC-8SEP26-77500-P,79726.43,BTC-8SEP26,put,77500.0,2026-09-08T08:00:00+00:00,0.004379511732609577,0.0009,0.0011,0.00102787,0.001,79726.43,BTC-8SEP26,0.3318,-0.09653,9.0257,90.3,23.2,0.0002000000000000001,BTC,79736.89,1962.36
2026-09-06T17:36:33.120547+00:00,BTC-11SEP26-90000-P,79743.35,BTC-11SEP26,put,90000.0,2026-09-11T08:00:00+00:00,0.01259306409400588,0.1265,0.1315,0.12907673,0.129,79743.35,BTC-11SEP26,0.49770000000000003,-0.98377,3.62736,0.1,0.0,0.0050000000000000044,BTC,79737.06,0.0
2026-09-06T17:36:33.120547+00:00,BTC-18SEP26-70000-C,79806.53,BTC-18SEP26,call,70000.0,2026-09-18T08:00:00+00:00,0.03175801960393059,0.122,0.1265,0.12408068,0.12425,79806.53,BTC-18SEP26,0.436,0.95779,12.80662,0.0,0.0,0.004500000000000004,BTC,79736.89,0.0
2026-09-06T17:36:33.120547+00:00,BTC-27NOV26-104000-C,80504.68,BTC-27NOV26,call,104000.0,2026-11-27T08:00:00+00:00,0.22340757470317768,0.0105,0.0115,0.0110221,0.011,80504.68,BTC-27NOV26,0.42590000000000006,0.12098,76.59376,9.1,1.2,0.0009999999999999992,BTC,79736.89,1053.94
2026-09-06T17:36:33.120547+00:00,BTC-11SEP26-75000-P,79744.21,BTC-11SEP26,put,75000.0,2026-09-11T08:00:00+00:00,0.01259306409400588,0.0014,0.0017,0.00152108,0.00155,79744.21,BTC-11SEP26,0.3874,-0.07608,12.80958,909.5,26.3,0.0002999999999999999,BTC,79737.06,3374.81
2026-09-06T17:36:33.120547+00:00,BTC-7SEP26-75500-P,79721.69,BTC-7SEP26,put,75500.0,2026-09-07T08:00:00+00:00,0.0016416609454774761,,0.0001,1.269e-05,,79721.69,BTC-7SEP26,0.47259999999999996,-0.00218,0.22126,17.9,0.7,,BTC,79737.06,5.59
2026-09-06T17:36:33.120547+00:00,BTC-25JUN27-130000-C,82712.78,BTC-25JUN27,call,130000.0,2027-06-25T08:00:00+00:00,0.798356240000919,0.031,0.0325,0.03152986,0.03175,82712.78,BTC-25JUN27,0.4457,0.1747,190.36577,762.1,0.0,0.0015000000000000013,BTC,79737.06,0.0
2026-09-06T17:36:33.120547+00:00,BTC-27NOV26-90000-P,80504.68,BTC-27NOV26,put,90000.0,2026-11-27T08:00:00+00:00,0.22340757470317768,0.1495,0.153,0.15152602,0.15125,80504.68,BTC-27NOV26,0.3957,-0.69204,133.91777,0.3,0.0,0.003500000000000003,BTC,79737.06,0.0
2026-09-06T17:36:33.120547+00:00,BTC-11SEP26-64000-P,79743.35,BTC-11SEP26,put,64000.0,2026-09-11T08:00:00+00:00,0.01259306409400588,,0.0001,4.576e-05,,79743.35,BTC-11SEP26,0.6890000000000001,-0.00197,0.56046,77.4,0.0,,BTC,79737.35,0.0
2026-09-06T17:36:33.120547+00:00,BTC-25DEC26-40000-C,80840.56,BTC-25DEC26,call,40000.0,2026-12-25T08:00:00+00:00,0.3000673967428765,0.506,0.5085,0.50747451,0.50725,80840.56,BTC-25DEC26,0.6541,0.98391,17.81269,250.9,0.0,0.0024999999999999467,BTC,79737.06,0.0
2026-09-06T17:36:33.120547+00:00,BTC-27NOV26-86000-C,80504.68,BTC-27NOV26,call,86000.0,2026-11-27T08:00:00+00:00,0.22340757470317768,0.046,0.0475,0.04674726,0.04675,80504.68,BTC-27NOV26,0.3907,0.39574,146.65781,128.2,0.0,0.0015000000000000013,BTC,79737.35,0.0
2026-09-06T17:36:33.120547+00:00,BTC-25DEC26-135000-P,80840.56,BTC-25DEC26,put,135000.0,2026-12-25T08:00:00+00:00,0.3000673967428765,0.67,0.6775,0.67390827,0.67375,80840.56,BTC-25DEC26,0.491,-0.96176,36.79763,0.7,0.0,0.007499999999999951,BTC,79737.06,0.0
2026-09-06T17:36:33.120547+00:00,BTC-8SEP26-82500-P,79726.43,BTC-8SEP26,put,82500.0,2026-09-08T08:00:00+00:00,0.004379511732609577,0.033,0.0385,0.03573967,0.03575,79726.43,BTC-8SEP26,0.3532,-0.92669,7.34137,0.0,0.0,0.005499999999999998,BTC,79737.35,0.0
2026-09-06T17:36:33.120547+00:00,BTC-26MAR27-105000-C,81758.36,BTC-26MAR27,call,105000.0,2027-03-26T08:00:00+00:00,0.5492118183718977,0.0395,0.041,0.04053687,0.04025,81758.36,BTC-26MAR27,0.4147,0.25458,194.46303,162.4,0.0,0.0015000000000000013,BTC,79737.97,0.0
2026-09-06T17:36:33.120547+00:00,BTC-26MAR27-100000-P,81759.22,BTC-26MAR27,put,100000.0,2027-03-26T08:00:00+00:00,0.5492118183718977,0.2715,0.279,0.27430394,0.27525,81759.22,BTC-26MAR27,0.4107,-0.69468,212.40723,12.3,0.0,0.007500000000000007,BTC,79737.97,0.0
2026-09-06T17:36:33.120547+00:00,BTC-7SEP26-75000-C,79721.69,BTC-7SEP26,call,75000.0,2026-09-07T08:00:00+00:00,0.0016416609454774761,0.057,0.0615,0.0591243,0.05925,79721.69,BTC-7SEP26,0.5206000000000001,0.99817,0.18909,0.0,0.0,0.004499999999999997,BTC,79737.97,0.0
2026-09-06T17:36:33.120547+00:00,BTC-8SEP26-80500-C,79726.43,BTC-8SEP26,call,80500.0,2026-09-08T08:00:00+00:00,0.004379511732609577,0.0039,0.0044,0.00413674,0.00415,79726.43,BTC-8SEP26,0.307,0.32095,18.89605,21.5,16.9,0.0005000000000000004,BTC,79737.97,6687.21
2026-09-06T17:36:33.120547+00:00,BTC-25JUN27-130000-P,82712.78,BTC-25JUN27,put,130000.0,2027-06-25T08:00:00+00:00,0.798356240000919,0.599,0.6075,0.6035314,0.60325,82712.78,BTC-25JUN27,0.4457,-0.8253,190.36849,1.4,0.0,0.008500000000000063,BTC,79737.97,0.0
2026-09-06T17:36:33.120547+00:00,BTC-25DEC26-20000-P,80841.42,BTC-25DEC26,put,20000.0,2026-12-25T08:00:00+00:00,0.3000673967428765,0.0003,0.0005,0.00040576,0.0004,80841.42,BTC-25DEC26,0.9875,-0.00217,3.02513,640.4,0.0,0.00020000000000000004,BTC,79737.35,0.0
2026-09-06T17:36:33.120547+00:00,BTC-30OCT26-74000-C,80199.24,BTC-30OCT26,call,74000.0,2026-10-30T08:00:00+00:00,0.14674775266347884,0.102,0.104,0.1026539,0.103,80199.24,BTC-30OCT26,0.3804,0.73396,100.86401,252.5,0.1,0.0020000000000000018,BTC,79737.97,843.92
2026-09-06T17:36:33.120547+00:00,BTC-9SEP26-74000-P,79737.06,BTC-9SEP26,put,74000.0,2026-09-09T08:00:00+00:00,0.007117362519741679,0.0002,0.0004,0.00028272,0.0003,79737.06,BTC-9SEP26,0.4364,-0.0204,3.31341,5.2,0.2,0.0002,BTC,79737.97,5.59
2026-09-06T17:36:33.120547+00:00,BTC-11SEP26-72000-P,79744.21,BTC-11SEP26,put,72000.0,2026-09-11T08:00:00+00:00,0.01259306409400588,0.0004,0.0006,0.00048637,0.0005,79744.21,BTC-11SEP26,0.4667,-0.02409,5.07113,501.5,8.0,0.00019999999999999993,BTC,79737.97,407.87
2026-09-06T17:36:33.120547+00:00,BTC-9SEP26-79000-P,79737.06,BTC-9SEP26,put,79000.0,2026-09-09T08:00:00+00:00,0.007117362519741679,0.0065,0.0075,0.00692569,0.007,79737.06,BTC-9SEP26,0.3246,-0.3622,25.22663,0.0,0.0,0.001,BTC,79737.97,0.0
2026-09-06T17:36:33.120547+00:00,BTC-25JUN27-80000-C,82711.92,BTC-25JUN27,call,80000.0,2027-06-25T08:00:00+00:00,0.798356240000919,0.1615,0.164,0.16280151,0.16275,82711.92,BTC-25JUN27,0.41850000000000004,0.6088,283.90242,107.0,0.0,0.0025000000000000022,BTC,79737.97,0.0
2026-09-06T17:36:33.120547+00:00,BTC-7SEP26-77000-C,79721.69,BTC-7SEP26,call,77000.0,2026-09-07T08:00:00+00:00,0.0016416609454774761,0.032,0.037,0.03408707,0.0345,79721.69,BTC-7SEP26,0.38,0.98825,0.99064,0.0,0.0,0.0049999999999999975,BTC,79737.97,0.0
2026-09-06T17:36:33.120547+00:00,BTC-26MAR27-140000-C,81758.36,BTC-26MAR27,call,140000.0,2027-03-26T08:00:00+00:00,0.5492118183718977,0.0105,0.012,0.01124711,0.01125,81758.36,BTC-26MAR27,0.4639,0.08197,91.77982,909.8,0.3,0.0014999999999999996,BTC,79737.97,259.09
2026-09-06T17:36:33.120547+00:00,BTC-27NOV26-73000-C,80515.3,BTC-27NOV26,call,73000.0,2026-11-27T08:00:00+00:00,0.22340757470317768,0.1265,0.129,0.12723983,0.12775,80515.3,BTC-27NOV26,0.39640000000000003,0.73123,125.58654,0.0,0.0,0.0025000000000000022,BTC,79737.97,0.0
2026-09-06T17:36:33.120547+00:00,BTC-10SEP26-80500-P,79743.43,BTC-10SEP26,put,80500.0,2026-09-10T08:00:00+00:00,0.00985521330687378,0.018,0.02,0.01922047,0.019,79743.43,BTC-10SEP26,0.34759999999999996,-0.60105,30.57283,0.0,0.0,0.0020000000000000018,BTC,79737.97,0.0
2026-09-06T17:36:33.120547+00:00,BTC-25DEC26-62000-C,80840.56,BTC-25DEC26,call,62000.0,2026-12-25T08:00:00+00:00,0.3000673967428765,0.2455,0.249,0.24754502,0.24725,80840.56,BTC-25DEC26,0.4415,0.88836,84.18621,247.1,0.0,0.003500000000000003,BTC,79737.97,0.0
2026-09-06T17:36:33.120547+00:00,BTC-25JUN27-82000-C,82711.92,BTC-25JUN27,call,82000.0,2027-06-25T08:00:00+00:00,0.798356240000919,0.1505,0.153,0.15178451,0.15175,82711.92,BTC-25JUN27,0.4179,0.58315,288.51028,81.1,0.0,0.0025000000000000022,BTC,79738.02,0.0
2026-09-06T17:36:33.120547+00:00,BTC-30OCT26-71000-P,80199.24,BTC-30OCT26,put,71000.0,2026-10-30T08:00:00+00:00,0.14674775266347884,0.016,0.017,0.01654471,0.0165,80199.24,BTC-30OCT26,0.3909,-0.18718,82.63423,112.7,0.1,0.0010000000000000009,BTC,79738.02,135.4
2026-09-06T17:36:33.120547+00:00,BTC-25JUN27-110000-C,82712.78,BTC-25JUN27,call,110000.0,2027-06-25T08:00:00+00:00,0.798356240000919,0.056,0.058,0.05712031,0.057,82712.78,BTC-25JUN27,0.42619999999999997,0.28842,252.41634,270.0,0.0,0.0020000000000000018,BTC,79737.89,0.0
2026-09-06T17:36:33.120547+00:00,BTC-25SEP26-30000-C,79851.59,BTC-25SEP26,call,30000.0,2026-09-25T08:00:00+00:00,0.050922975113855296,0.6235,0.6255,0.62426698,0.6245,79851.59,BTC-25SEP26,1.238,0.99987,0.0944,136.0,0.0,0.0019999999999998908,BTC,79737.89,0.0
2026-09-06T17:36:33.120547+00:00,BTC-25JUN27-85000-P,82711.92,BTC-25JUN27,put,85000.0,2027-06-25T08:00:00+00:00,0.798356240000919,0.1625,0.166,0.16416721,0.16425,82711.92,BTC-25JUN27,0.4168,-0.45498,293.05945,10.7,0.0,0.003500000000000003,BTC,79737.89,0.0
2026-09-06T17:36:33.120547+00:00,BTC-26MAR27-108000-C,81759.22,BTC-26MAR27,call,108000.0,2027-03-26T08:00:00+00:00,0.5492118183718977,0.0345,0.0365,0.03555354,0.0355,81759.22,BTC-26MAR27,0.4179,0.22855,183.39656,68.6,0.0,0.001999999999999995,BTC,79738.02,0.0
2026-09-06T17:36:33.120547+00:00,BTC-27NOV26-74000-C,80515.3,BTC-27NOV26,call,74000.0,2026-11-27T08:00:00+00:00,0.22340757470317768,0.118,0.1205,0.11875446,0.11925,80515.3,BTC-27NOV26,0.3943,0.70742,130.85405,0.0,0.0,0.0025000000000000022,BTC,79737.89,0.0
2026-09-06T17:36:33.120547+00:00,BTC-10SEP26-83000-P,79732.98,BTC-10SEP26,put,83000.0,2026-09-10T08:00:00+00:00,0.00985521330687378,0.041,0.0465,0.04378592,0.04375,79732.98,BTC-10SEP26,0.3762,-0.85374,18.15455,0.0,0.0,0.005499999999999998,BTC,79737.89,0.0
2026-09-06T17:36:33.120547+00:00,BTC-25JUN27-104000-C,82711.92,BTC-25JUN27,call,104000.0,2027-06-25T08:00:00+00:00,0.798356240000919,0.0685,0.071,0.06976583,0.06975,82711.92,BTC-25JUN27,0.4219,0.33772,270.18735,13.1,0.0,0.0024999999999999883,BTC,79737.89,0.0
2026-09-06T17:36:33.120547+00:00,BTC-18SEP26-85000-C,79796.23,BTC-18SEP26,call,85000.0,2026-09-18T08:00:00+00:00,0.03175801960393059,0.007,0.008,0.00750853,0.0075,79796.23,BTC-18SEP26,0.39880000000000004,0.19734,39.50987,386.9,51.5,0.001,BTC,79737.89,33214.56
2026-09-06T17:36:33.120547+00:00,BTC-25SEP26-170000-C,79852.45,BTC-25SEP26,call,170000.0,2026-09-25T08:00:00+00:00,0.050922975113855296,,0.0001,3.9e-06,,79852.45,BTC-25SEP26,0.8693000000000001,9e-05,0.06296,444.9,0.0,,BTC,79737.89,0.0
2026-09-06T17:36:33.120547+00:00,BTC-25DEC26-60000-C,80840.56,BTC-25DEC26,call,60000.0,2026-12-25T08:00:00+00:00,0.3000673967428765,0.268,0.271,0.26967959,0.2695,80840.56,BTC-25DEC26,0.4535,0.90724,73.5651,787.4,0.0,0.0030000000000000027,BTC,79737.89,0.0
2026-09-06T17:36:33.120547+00:00,BTC-25SEP26-190000-P,79852.45,BTC-25SEP26,put,190000.0,2026-09-25T08:00:00+00:00,0.050922975113855296,1.373,1.387,1.37970622,1.38,79852.45,BTC-25SEP26,0.9386,-0.99997,0.02559,0.0,0.0,0.014000000000000012,BTC,79737.89,0.0
2026-09-06T17:36:33.120547+00:00,BTC-18SEP26-76000-C,79806.53,BTC-18SEP26,call,76000.0,2026-09-18T08:00:00+00:00,0.03175801960393059,0.0555,0.058,0.05648203,0.05675,79806.53,BTC-18SEP26,0.3768,0.77674,42.48116,19.0,0.0,0.0025000000000000022,BTC,79737.89,0.0
2026-09-06T17:36:33.120547+00:00,BTC-8SEP26-80000-P,79726.43,BTC-8SEP26,put,80000.0,2026-09-08T08:00:00+00:00,0.004379511732609577,0.009,0.0105,0.00985455,0.00975,79726.43,BTC-8SEP26,0.2988,-0.56455,20.77791,9.0,2.5,0.0015000000000000013,BTC,79737.89,2095.96
2026-09-06T17:36:33.120547+00:00,BTC-26MAR27-55000-P,81758.36,BTC-26MAR27,put,55000.0,2027-03-26T08:00:00+00:00,0.5492118183718977,0.0165,0.018,0.01722585,0.01725,81758.36,BTC-26MAR27,0.4635,-0.0925,100.44956,1258.1,0.0,0.0014999999999999979,BTC,79737.89,0.0
2026-09-06T17:36:33.120547+00:00,BTC-25JUN27-150000-C,82711.92,BTC-25JUN27,call,150000.0,2027-06-25T08:00:00+00:00,0.798356240000919,0.019,0.0205,0.01946818,0.01975,82711.92,BTC-25JUN27,0.4689,0.11302,141.73843,218.1,0.0,0.0015000000000000013,BTC,79737.89,0.0
2026-09-06T17:36:33.120547+00:00,BTC-18SEP26-78000-P,79806.53,BTC-18SEP26,put,78000.0,2026-09-18T08:00:00+00:00,0.03175801960393059,0.016,0.017,0.01675899,0.0165,79806.53,BTC-18SEP26,0.37670000000000003,-0.35389,52.90694,287.7,4.9,0.0010000000000000009,BTC,79737.89,6643.86
2026-09-06T17:36:33.120547+00:00,BTC-25SEP26-58000-C,79851.59,BTC-25SEP26,call,58000.0,2026-09-25T08:00:00+00:00,0.050922975113855296,0.272,0.276,0.27394167,0.274,79851.59,BTC-25SEP26,0.605,0.99206,3.9269,460.7,0.0,0.0040000000000000036,BTC,79737.89,0.0
2026-09-06T17:36:33.120547+00:00,BTC-30OCT26-54000-C,80199.24,BTC-30OCT26,call,54000.0,2026-10-30T08:00:00+00:00,0.14674775266347884,0.327,0.3305,0.32841009,0.32875,80199.24,BTC-30OCT26,0.5423,0.97764,16.35481,0.1,0.0,0.003500000000000003,BTC,79737.89,0.0
2026-09-06T17:36:33.120547+00:00,BTC-10SEP26-85000-C,79743.43,BTC-10SEP26,call,85000.0,2026-09-10T08:00:00+00:00,0.00985521330687378,0.0009,0.0011,0.00100282,0.001,79743.43,BTC-10SEP26,0.4067,0.05933,9.35104,0.0,0.0,0.0002000000000000001,BTC,79737.89,0.0
2026-09-06T17:36:33.120547+00:00,BTC-7SEP26-86000-C,79722.55,BTC-7SEP26,call,86000.0,2026-09-07T08:00:00+00:00,0.0016416609454774761,,0.0001,4e-08,,79722.55,BTC-7SEP26,0.43670000000000003,1e-05,0.00139,22.8,0.2,,BTC,79737.89,1.6
2026-09-06T17:36:33.120547+00:00,BTC-30OCT26-91000-C,80199.24,BTC-30OCT26,call,91000.0,2026-10-30T08:00:00+00:00,0.14674775266347884,0.018,0.0185,0.01821287,0.01825,80199.24,BTC-30OCT26,0.39549999999999996,0.22423,91.99097,34.1,0.1,0.0005000000000000004,BTC,79735.94,155.85
2026-09-06T17:36:33.120547+00:00,BTC-30OCT26-82000-P,80199.24,BTC-30OCT26,put,82000.0,2026-10-30T08:00:00+00:00,0.14674775266347884,0.0695,0.0705,0.07025817,0.07,80199.24,BTC-30OCT26,0.377,-0.53254,122.19567,45.0,0.0,0.000999999999999987,BTC,79735.94,0.0
2026-09-06T17:36:33.120547+00:00,BTC-26MAR27-106000-P,81758.36,BTC-26MAR27,put,106000.0,2027-03-26T08:00:00+00:00,0.5492118183718977,0.3325,0.3385,0.33558144,0.3355,81758.36,BTC-26MAR27,0.41590000000000005,-0.75426,190.85379,0.1,0.0,0.006000000000000005,BTC,79737.89,0.0
2026-09-06T17:36:33.120547+00:00,BTC-25SEP26-300000-P,79851.59,BTC-25SEP26,put,300000.0,2026-09-25T08:00:00+00:00,0.050922975113855296,2.743,2.7695,2.75742949,2.75625,79851.59,BTC-25SEP26,1.3629,-0.99998,0.01318,0.0,0.0,0.026499999999999968,BTC,79737.89,0.0
2026-09-06T17:36:33.120547+00:00,BTC-7SEP26-71000-C,79721.69,BTC-7SEP26,call,71000.0,2026-09-07T08:00:00+00:00,0.0016416609454774761,0.1065,0.1115,0.10929335,0.109,79721.69,BTC-7SEP26,0.5644,1.0,3e-05,0.0,0.0,0.0050000000000000044,BTC,79737.89,0.0
2026-09-06T17:36:33.120547+00:00,BTC-8SEP26-79000-P,79726.43,BTC-8SEP26,put,79000.0,2026-09-08T08:00:00+00:00,0.004379511732609577,0.0039,0.0044,0.00419187,0.00415,79726.43,BTC-8SEP26,0.2988,-0.31804,18.82408,124.4,16.7,0.0005000000000000004,BTC,79735.94,5667.76
2026-09-06T17:36:33.120547+00:00,BTC-25DEC26-210000-P,80841.42,BTC-25DEC26,put,210000.0,2026-12-25T08:00:00+00:00,0.3000673967428765,1.585,1.613,1.59852655,1.599,80841.42,BTC-25DEC26,0.6347999999999999,-0.99492,6.49373,0.0,0.0,0.028000000000000025,BTC,79735.94,0.0
2026-09-06T17:36:33.120547+00:00,BTC-30OCT26-54000-P,80199.24,BTC-30OCT26,put,54000.0,2026-10-30T08:00:00+00:00,0.14674775266347884,0.0017,0.0019,0.00186552,0.0018,80199.24,BTC-30OCT26,0.5423,-0.02237,16.35821,189.7,0.0,0.0002000000000000001,BTC,79736.2,0.0
2026-09-06T17:36:33.120547+00:00,BTC-25SEP26-35000-P,79852.45,BTC-25SEP26,put,35000.0,2026-09-25T08:00:00+00:00,0.050922975113855296,,0.0001,1.595e-05,,79852.45,BTC-25SEP26,1.0855,-0.00024,0.16355,1200.7,1.0,,BTC,79735.94,7.98
2026-09-06T17:36:33.120547+00:00,BTC-11SEP26-88000-P,79744.21,BTC-11SEP26,put,88000.0,2026-09-11T08:00:00+00:00,0.01259306409400588,0.102,0.107,0.10427588,0.1045,79744.21,BTC-11SEP26,0.4622,-0.96949,6.17605,0.0,0.0,0.0050000000000000044,BTC,79736.2,0.0
2026-09-06T17:36:33.120547+00:00,BTC-9SEP26-82000-C,79737.06,BTC-9SEP26,call,82000.0,2026-09-09T08:00:00+00:00,0.007117362519741679,0.0025,0.0029,0.00268291,0.0027,79737.06,BTC-9SEP26,0.3477,0.17373,17.2652,0.3,0.1,0.00039999999999999975,BTC,79736.2,21.46
2026-09-06T17:36:33.120547+00:00,BTC-25SEP26-64000-P,79851.59,BTC-25SEP26,put,64000.0,2026-09-25T08:00:00+00:00,0.050922975113855296,0.0009,0.001,0.00093826,0.00095,79851.59,BTC-25SEP26,0.4986,-0.02157,9.30378,1202.6,0.0,0.00010000000000000005,BTC,79736.2,0.0
2026-09-06T17:36:33.120547+00:00,BTC-25SEP26-135000-P,79852.45,BTC-25SEP26,put,135000.0,2026-09-25T08:00:00+00:00,0.050922975113855296,0.687,0.694,0.69087559,0.6905,79852.45,BTC-25SEP26,0.7169,-0.99922,0.48195,11.5,0.0,0.006999999999999895,BTC,79736.2,0.0
2026-09-06T17:36:33.120547+00:00,BTC-25DEC26-80000-C,80840.56,BTC-25DEC26,call,80000.0,2026-12-25T08:00:00+00:00,0.3000673967428765,0.0905,0.0915,0.09088821,0.091,80840.56,BTC-25DEC26,0.3946,0.56219,174.57525,8784.2,6.8,0.0010000000000000009,BTC,79736.2,49412.49
2026-09-06T17:36:33.120547+00:00,BTC-25SEP26-81000-P,79851.59,BTC-25SEP26,put,81000.0,2026-09-25T08:00:00+00:00,0.050922975113855296,0.041,0.042,0.04160337,0.0415,79851.59,BTC-25SEP26,0.3734,-0.55061,71.33224,486.6,0.1,0.0010000000000000009,BTC,79736.2,334.4
2026-09-06T17:36:33.120547+00:00,BTC-25DEC26-105000-P,80840.56,BTC-25DEC26,put,105000.0,2026-12-25T08:00:00+00:00,0.3000673967428765,0.3125,0.3185,0.31543874,0.3155,80840.56,BTC-25DEC26,0.4182,-0.84762,104.37251,109.4,0.0,0.006000000000000005,BTC,79736.2,0.0
2026-09-06T17:36:33.120547+00:00,BTC-25SEP26-73000-P,79851.59,BTC-25SEP26,put,73000.0,2026-09-25T08:00:00+00:00,0.050922975113855296,0.006,0.007,0.00646474,0.0065,79851.59,BTC-25SEP26,0.38380000000000003,-0.14038,40.19445,770.0,6.8,0.001,BTC,79736.2,3293.38
2026-09-06T17:36:33.120547+00:00,BTC-25DEC26-200000-P,80841.42,BTC-25DEC26,put,200000.0,2026-12-25T08:00:00+00:00,0.3000673967428765,1.462,1.4885,1.47501744,1.47525,80841.42,BTC-25DEC26,0.6286999999999999,-0.99299,8.64044,0.0,0.0,0.026499999999999968,BTC,79736.55,0.0
2026-09-06T17:36:33.120547+00:00,BTC-27NOV26-106000-C,80515.3,BTC-27NOV26,call,106000.0,2026-11-27T08:00:00+00:00,0.22340757470317768,0.009,0.01,0.00958098,0.0095,80515.3,BTC-27NOV26,0.43170000000000003,0.10652,69.94769,15.4,0.1,0.0010000000000000009,BTC,79736.55,75.78
2026-09-06T17:36:33.120547+00:00,BTC-27NOV26-102000-P,80504.68,BTC-27NOV26,put,102000.0,2026-11-27T08:00:00+00:00,0.22340757470317768,0.277,0.2825,0.28007349,0.27975,80504.68,BTC-27NOV26,0.4226,-0.8608,84.40245,0.0,0.0,0.005499999999999949,BTC,79736.55,0.0
2026-09-06T17:36:33.120547+00:00,BTC-27NOV26-67000-P,80504.68,BTC-27NOV26,put,67000.0,2026-11-27T08:00:00+00:00,0.22340757470317768,0.0165,0.0175,0.01697165,0.017,80504.68,BTC-27NOV26,0.41659999999999997,-0.15123,89.24619,19.6,0.0,0.0010000000000000009,BTC,79736.55,0.0
2026-09-06T17:36:33.120547+00:00,BTC-30OCT26-64000-P,80199.24,BTC-30OCT26,put,64000.0,2026-10-30T08:00:00+00:00,0.14674775266347884,0.006,0.0065,0.00620002,0.00625,80199.24,BTC-30OCT26,0.4378,-0.07656,44.19186,614.1,0.0,0.0004999999999999996,BTC,79737.14,0.0
2026-09-06T17:36:33.120547+00:00,BTC-30OCT26-75000-C,80199.24,BTC-30OCT26,call,75000.0,2026-10-30T08:00:00+00:00,0.14674775266347884,0.0935,0.0955,0.09410852,0.0945,80199.24,BTC-30OCT26,0.3786,0.70347,106.29106,1172.1,0.0,0.0020000000000000018,BTC,79737.14,0.0
2026-09-06T17:36:33.120547+00:00,BTC-26MAR27-60000-C,81758.36,BTC-26MAR27,call,60000.0,2027-03-26T08:00:00+00:00,0.5492118183718977,0.29,0.2935,0.29191653,0.29175,81758.36,BTC-26MAR27,0.4428,0.86577,131.0805,649.0,0.0,0.003500000000000003,BTC,79737.14,0.0
2026-09-06T17:36:33.120547+00:00,BTC-25DEC26-170000-P,80840.56,BTC-25DEC26,put,170000.0,2026-12-25T08:00:00+00:00,0.3000673967428765,1.094,1.1175,1.10455108,1.10575,80840.56,BTC-25DEC26,0.5751,-0.98613,15.68213,0.1,0.0,0.023499999999999854,BTC,79737.14,0.0
2026-09-06T17:36:33.120547+00:00,BTC-30OCT26-85000-C,80199.24,BTC-30OCT26,call,85000.0,2026-10-30T08:00:00+00:00,0.14674775266347884,0.034,0.0355,0.03467031,0.03475,80199.24,BTC-30OCT26,0.38130000000000003,0.37266,116.30517,2048.5,3.0,0.0014999999999999944,BTC,79736.89,8349.32
2026-09-06T17:36:33.120547+00:00,BTC-30OCT26-66000-P,80199.24,BTC-30OCT26,put,66000.0,2026-10-30T08:00:00+00:00,0.14674775266347884,0.0075,0.0085,0.00801981,0.008,80199.24,BTC-30OCT26,0.42,-0.09835,53.28318,163.2,1.0,0.0010000000000000009,BTC,79736.89,599.36
2026-09-06T17:36:33.120547+00:00,BTC-25DEC26-72000-C,80840.56,BTC-25DEC26,call,72000.0,2026-12-25T08:00:00+00:00,0.3000673967428765,0.149,0.1505,0.14900118,0.14975,80840.56,BTC-25DEC26,0.4039,0.73695,144.55407,1273.4,0.0,0.0015000000000000013,BTC,79737.14,0.0
2026-09-06T17:36:33.120547+00:00,BTC-25SEP26-78000-C,79851.59,BTC-25SEP26,call,78000.0,2026-09-25T08:00:00+00:00,0.050922975113855296,0.045,0.0465,0.04561984,0.04575,79851.59,BTC-25SEP26,0.3686,0.62695,68.24007,5366.4,0.1,0.0015000000000000013,BTC,79737.14,337.12
2026-09-06T17:36:33.120547+00:00,BTC-25DEC26-40000-P,80840.56,BTC-25DEC26,put,40000.0,2026-12-25T08:00:00+00:00,0.3000673967428765,0.0023,0.0024,0.0023355,0.00235,80840.56,BTC-25DEC26,0.6541,-0.01608,17.81067,4513.1,0.0,9.999999999999983e-05,BTC,79736.89,0.0
2026-09-06T17:36:33.120547+00:00,BTC-10SEP26-77500-C,79743.43,BTC-10SEP26,call,77500.0,2026-09-10T08:00:00+00:00,0.00985521330687378,0.0285,0.034,0.03177758,0.03125,79743.43,BTC-10SEP26,0.3439,0.80305,21.96508,0.0,0.0,0.005500000000000001,BTC,79736.89,0.0
2026-09-06T17:36:33.120547+00:00,BTC-25DEC26-135000-C,80840.56,BTC-25DEC26,call,135000.0,2026-12-25T08:00:00+00:00,0.3000673967428765,0.0035,0.004,0.00375242,0.00375,80840.56,BTC-25DEC26,0.491,0.03824,36.79826,1372.0,0.4,0.0005,BTC,79736.89,117.15
2026-09-06T17:36:33.120547+00:00,BTC-10SEP26-79500-C,79743.43,BTC-10SEP26,call,79500.0,2026-09-10T08:00:00+00:00,0.00985521330687378,0.0145,0.0155,0.01498878,0.015,79743.43,BTC-10SEP26,0.34159999999999996,0.54268,31.41049,0.0,0.0,0.0009999999999999992,BTC,79736.89,0.0
2026-09-06T17:36:33.120547+00:00,BTC-9SEP26-81500-C,79737.06,BTC-9SEP26,call,81500.0,2026-09-09T08:00:00+00:00,0.007117362519741679,0.0035,0.0039,0.00372943,0.0037,79737.06,BTC-9SEP26,0.34130000000000005,0.22814,20.33922,0.1,0.1,0.00039999999999999975,BTC,79736.89,44.0
2026-09-06T17:36:33.120547+00:00,BTC-25DEC26-104000-P,80840.56,BTC-25DEC26,put,104000.0,2026-12-25T08:00:00+00:00,0.3000673967428765,0.3015,0.3075,0.30408861,0.3045,80840.56,BTC-25DEC26,0.4158,-0.83927,108.10657,0.1,0.0,0.006000000000000005,BTC,79736.89,0.0
2026-09-06T17:36:33.120547+00:00,BTC-30OCT26-76000-C,80199.24,BTC-30OCT26,call,76000.0,2026-10-30T08:00:00+00:00,0.14674775266347884,0.0855,0.087,0.08597169,0.08625,80199.24,BTC-30OCT26,0.377,0.67166,111.07221,356.1,0.1,0.0014999999999999875,BTC,79737.07,694.34
2026-09-06T17:36:33.120547+00:00,BTC-7SEP26-78500-P,79722.55,BTC-7SEP26,put,78500.0,2026-09-07T08:00:00+00:00,0.0016416609454774761,0.0005,0.0007,0.00059859,0.0006,79722.55,BTC-7SEP26,0.3,-0.10047,5.68877,231.7,75.6,0.00019999999999999998,BTC,79737.07,4158.48
2026-09-06T17:36:33.120547+00:00,BTC-25JUN27-68000-P,82711.92,BTC-25JUN27,put,68000.0,2027-06-25T08:00:00+00:00,0.798356240000919,0.0665,0.0685,0.06743719,0.0675,82711.92,BTC-25JUN27,0.4304,-0.24152,230.61516,13.6,0.2,0.0020000000000000018,BTC,79737.07,1065.53
2026-09-06T17:36:33.120547+00:00,BTC-25DEC26-85000-P,80840.56,BTC-25DEC26,put,85000.0,2026-12-25T08:00:00+00:00,0.3000673967428765,0.115,0.1165,0.11584033,0.11575,80840.56,BTC-25DEC26,0.3917,-0.55027,175.32436,584.6,0.0,0.0015000000000000013,BTC,79737.07,0.0
2026-09-06T17:36:33.120547+00:00,BTC-27NOV26-95000-C,80504.68,BTC-27NOV26,call,95000.0,2026-11-27T08:00:00+00:00,0.22340757470317768,0.0215,0.0225,0.02211711,0.022,80504.68,BTC-27NOV26,0.4044,0.22073,112.93432,32.6,0.8,0.0010000000000000009,BTC,79737.07,1430.18
2026-09-06T17:36:33.120547+00:00,BTC-25DEC26-84000-P,80840.56,BTC-25DEC26,put,84000.0,2026-12-25T08:00:00+00:00,0.3000673967428765,0.107,0.1085,0.10812345,0.10775,80840.56,BTC-25DEC26,0.3917,-0.52837,176.28228,85.7,1.2,0.0015000000000000013,BTC,79737.07,10242.84
2026-09-06T17:36:33.120547+00:00,BTC-30OCT26-70000-C,80199.24,BTC-30OCT26,call,70000.0,2026-10-30T08:00:00+00:00,0.14674775266347884,0.14,0.1435,0.14147943,0.14175,80199.24,BTC-30OCT26,0.39740000000000003,0.83378,76.65286,1099.6,0.0,0.0034999999999999754,BTC,79737.07,0.0
2026-09-06T17:36:33.120547+00:00,BTC-18SEP26-81000-P,79806.53,BTC-18SEP26,put,81000.0,2026-09-18T08:00:00+00:00,0.03175801960393059,0.035,0.036,0.0354679,0.0355,79806.53,BTC-18SEP26,0.3799,-0.57349,55.79122,32.9,0.0,0.000999999999999994,BTC,79737.07,0.0
2026-09-06T17:36:33.120547+00:00,BTC-30OCT26-86000-C,80199.24,BTC-30OCT26,call,86000.0,2026-10-30T08:00:00+00:00,0.14674775266347884,0.0305,0.0315,0.03112679,0.031,80199.24,BTC-30OCT26,0.3831,0.34372,113.07429,748.7,0.2,0.0010000000000000009,BTC,79737.32,499.1
2026-09-06T17:36:33.120547+00:00,BTC-9SEP26-76000-P,79737.06,BTC-9SEP26,put,76000.0,2026-09-09T08:00:00+00:00,0.007117362519741679,0.0007,0.0009,0.00078387,0.0008,79737.06,BTC-9SEP26,0.3655,-0.05808,7.81334,1.2,0.8,0.00019999999999999998,BTC,79737.07,51.92
2026-09-06T17:36:33.120547+00:00,BTC-25SEP26-84000-P,79851.59,BTC-25SEP26,put,84000.0,2026-09-25T08:00:00+00:00,0.050922975113855296,0.066,0.0685,0.06758581,0.06725,79851.59,BTC-25SEP26,0.3861,-0.7045,62.244,47.4,0.0,0.0025000000000000022,BTC,79737.07,0.0
2026-09-06T17:36:33.120547+00:00,BTC-27NOV26-120000-C,80504.68,BTC-27NOV26,call,120000.0,2026-11-27T08:00:00+00:00,0.22340757470317768,0.0039,0.0043,0.00413651,0.0041,80504.68,BTC-27NOV26,0.4753,0.04813,38.08818,86.2,8.5,0.0004000000000000002,BTC,79737.32,2635.88
2026-09-06T17:36:33.120547+00:00,BTC-26MAR27-180000-P,81758.36,BTC-26MAR27,put,180000.0,2027-03-26T08:00:00+00:00,0.5492118183718977,1.1895,1.2215,1.20645436,1.2055,81758.36,BTC-26MAR27,0.5242,-0.96688,44.75447,0.1,0.0,0.03200000000000003,BTC,79737.07,0.0
2026-09-06T17:36:33.120547+00:00,BTC-18SEP26-65000-C,79796.23,BTC-18SEP26,call,65000.0,2026-09-18T08:00:00+00:00,0.03175801960393059,0.184,0.188,0.18576189,0.186,79796.23,BTC-18SEP26,0.5207,0.98801,4.44008,0.0,0.0,0.0040000000000000036,BTC,79737.32,0.0
2026-09-06T17:36:33.120547+00:00,BTC-25JUN27-72000-C,82712.78,BTC-25JUN27,call,72000.0,2027-06-25T08:00:00+00:00,0.798356240000919,0.2135,0.216,0.21467009,0.21475,82712.78,BTC-25JUN27,0.4249,0.71059,252.82075,90.1,0.3,0.0025000000000000022,BTC,79737.32,5117.75
2026-09-06T17:36:33.120547+00:00,BTC-25JUN27-110000-P,82711.92,BTC-25JUN27,put,110000.0,2027-06-25T08:00:00+00:00,0.798356240000919,0.3835,0.395,0.38727545,0.38925,82711.92,BTC-25JUN27,0.42619999999999997,-0.71159,252.4076,2.3,0.0,0.01150000000000001,BTC,79737.32,0.0
2026-09-06T17:36:33.120547+00:00,BTC-25SEP26-150000-C,79852.45,BTC-25SEP26,call,150000.0,2026-09-25T08:00:00+00:00,0.050922975113855296,,0.0001,1.834e-05,,79852.45,BTC-25SEP26,0.8114,0.0004,0.26252,768.8,0.0,,BTC,79737.32,0.0
2026-09-06T17:36:33.120547+00:00,BTC-10SEP26-82000-C,79743.43,BTC-10SEP26,call,82000.0,2026-09-10T08:00:00+00:00,0.00985521330687378,0.0044,0.0048,0.00457059,0.0046,79743.43,BTC-10SEP26,0.363,0.22493,23.74525,0.0,0.0,0.0003999999999999993,BTC,79737.44,0.0
2026-09-06T17:36:33.120547+00:00,BTC-25SEP26-165000-P,79851.59,BTC-25SEP26,put,165000.0,2026-09-25T08:00:00+00:00,0.050922975113855296,1.06,1.0735,1.06659018,1.06675,79851.59,BTC-25SEP26,0.8449,-0.9999,0.07388,0.0,0.0,0.013499999999999845,BTC,79737.32,0.0
2026-09-06T17:36:33.120547+00:00,BTC-18SEP26-69000-P,79806.53,BTC-18SEP26,put,69000.0,2026-09-18T08:00:00+00:00,0.03175801960393059,0.001,0.0012,0.00104528,0.0011,79806.53,BTC-18SEP26,0.4508,-0.03213,10.24492,31.2,0.4,0.00019999999999999987,BTC,79737.44,35.06
2026-09-06T17:36:33.120547+00:00,BTC-25SEP26-60000-C,79851.59,BTC-25SEP26,call,60000.0,2026-09-25T08:00:00+00:00,0.050922975113855296,0.2475,0.251,0.24895048,0.24925,79851.59,BTC-25SEP26,0.5577000000000001,0.99024,4.7039,837.0,0.0,0.003500000000000003,BTC,79737.44,0.0
2026-09-06T17:36:33.120547+00:00,BTC-25SEP26-110000-P,79851.59,BTC-25SEP26,put,110000.0,2026-09-25T08:00:00+00:00,0.050922975113855296,0.3745,0.381,0.37803106,0.37775,79851.59,BTC-25SEP26,0.5690999999999999,-0.99243,3.76526,215.7,0.0,0.006500000000000006,BTC,79737.44,0.0
2026-09-06T17:36:33.120547+00:00,BTC-27NOV26-110000-C,80515.3,BTC-27NOV26,call,110000.0,2026-11-27T08:00:00+00:00,0.22340757470317768,0.007,0.008,0.00750169,0.0075,80515.3,BTC-27NOV26,0.4458,0.08454,58.99858,69.4,0.3,0.001,BTC,79737.44,175.48
2026-09-06T17:36:33.120547+00:00,BTC-7SEP26-83000-P,79721.69,BTC-7SEP26,put,83000.0,2026-09-07T08:00:00+00:00,0.0016416609454774761,0.0385,0.044,0.04128145,0.04125,79721.69,BTC-7SEP26,0.39840000000000003,-0.99355,0.58582,2.1,0.0,0.005499999999999998,BTC,79737.44,0.0
2026-09-06T17:36:33.120547+00:00,BTC-25DEC26-130000-C,80840.56,BTC-25DEC26,call,130000.0,2026-12-25T08:00:00+00:00,0.3000673967428765,0.0043,0.0048,0.0045454,0.00455,80840.56,BTC-25DEC26,0.478,0.04622,42.90345,1566.5,2.8,0.0004999999999999996,BTC,79737.44,1083.31
2026-09-06T17:36:33.120547+00:00,BTC-25SEP26-240000-C,79851.59,BTC-25SEP26,call,240000.0,2026-09-25T08:00:00+00:00,0.050922975113855296,,0.0001,1.2e-06,,79851.59,BTC-25SEP26,1.156,2e-05,0.01699,211.9,0.0,,BTC,79737.44,0.0
2026-09-06T17:36:33.120547+00:00,BTC-26MAR27-92000-C,81758.36,BTC-26MAR27,call,92000.0,2027-03-26T08:00:00+00:00,0.5492118183718977,0.073,0.075,0.07389254,0.074,81758.36,BTC-26MAR27,0.4057,0.40441,234.83186,261.2,0.0,0.0020000000000000018,BTC,79737.44,0.0
2026-09-06T17:36:33.120547+00:00,BTC-30OCT26-87000-C,80199.24,BTC-30OCT26,call,87000.0,2026-10-30T08:00:00+00:00,0.14674775266347884,0.0275,0.0285,0.0280191,0.028,80199.24,BTC-30OCT26,0.3857,0.31678,109.43843,107.0,0.0,0.0010000000000000009,BTC,79738.18,0.0
2026-09-06T17:36:33.120547+00:00,BTC-25JUN27-58000-P,82712.78,BTC-25JUN27,put,58000.0,2027-06-25T08:00:00+00:00,0.798356240000919,0.034,0.036,0.03497066,0.035,82712.78,BTC-25JUN27,0.4522,-0.14003,164.57083,91.9,0.0,0.001999999999999995,BTC,79737.44,0.0
2026-09-06T17:36:33.120547+00:00,BTC-27NOV26-71000-C,80504.68,BTC-27NOV26,call,71000.0,2026-11-27T08:00:00+00:00,0.22340757470317768,0.1445,0.147,0.1450847,0.14575,80504.68,BTC-27NOV26,0.40130000000000005,0.77567,113.98321,0.1,0.0,0.0025000000000000022,BTC,79738.18,0.0
2026-09-06T17:36:33.120547+00:00,BTC-11SEP26-68000-P,79744.21,BTC-11SEP26,put,68000.0,2026-09-11T08:00:00+00:00,0.01259306409400588,0.0001,0.0003,0.00016649,0.0002,79744.21,BTC-11SEP26,0.5908,-0.00741,1.83491,883.5,9.6,0.00019999999999999998,BTC,79737.44,153.51
2026-09-06T17:36:33.120547+00:00,BTC-10SEP26-77000-P,79743.43,BTC-10SEP26,put,77000.0,2026-09-10T08:00:00+00:00,0.00985521330687378,0.0027,0.003,0.00282234,0.00285,79743.43,BTC-10SEP26,0.3493,-0.15217,18.64099,0.7,0.7,0.0002999999999999999,BTC,79738.18,177.23
2026-09-06T17:36:33.120547+00:00,BTC-7SEP26-70000-C,79722.55,BTC-7SEP26,call,70000.0,2026-09-07T08:00:00+00:00,0.0016416609454774761,0.1195,0.124,0.12183851,0.12175,79722.55,BTC-7SEP26,0.5857,1.0,0.0,0.0,0.0,0.004500000000000004,BTC,79738.18,0.0
2026-09-06T17:36:33.120547+00:00,BTC-26MAR27-96000-P,81758.36,BTC-26MAR27,put,96000.0,2027-03-26T08:00:00+00:00,0.5492118183718977,0.2335,0.2405,0.23555644,0.237,81758.36,BTC-26MAR27,0.4073,-0.64827,224.91076,1.6,0.0,0.0069999999999999785,BTC,79738.18,0.0
2026-09-06T17:36:33.120547+00:00,BTC-18SEP26-84000-P,79796.23,BTC-18SEP26,put,84000.0,2026-09-18T08:00:00+00:00,0.03175801960393059,0.0605,0.0645,0.06237918,0.0625,79796.23,BTC-18SEP26,0.3917,-0.75748,44.47961,0.1,0.0,0.0040000000000000036,BTC,79738.18,0.0
2026-09-06T17:36:33.120547+00:00,BTC-7SEP26-74000-C,79722.55,BTC-7SEP26,call,74000.0,2026-09-07T08:00:00+00:00,0.0016416609454774761,0.0695,0.074,0.07166069,0.07175,79722.55,BTC-7SEP26,0.5569,0.99954,0.05334,0.0,0.0,0.00449999999999999,BTC,79738.18,0.0
2026-09-06T17:36:33.120547+00:00,BTC-30OCT26-88000-C,80199.24,BTC-30OCT26,call,88000.0,2026-10-30T08:00:00+00:00,0.14674775266347884,0.0245,0.0255,0.02507634,0.025,80199.24,BTC-30OCT26,0.3874,0.29081,105.33907,553.8,0.1,0.0009999999999999974,BTC,79738.93,203.92
2026-09-06T17:36:33.120547+00:00,BTC-18SEP26-75000-C,79806.53,BTC-18SEP26,call,75000.0,2026-09-18T08:00:00+00:00,0.03175801960393059,0.0645,0.0685,0.06651462,0.0665,79806.53,BTC-18SEP26,0.3812,0.82852,36.20237,35.1,0.0,0.0040000000000000036,BTC,79738.93,0.0
2026-09-06T17:36:33.120547+00:00,BTC-30OCT26-62000-C,80199.24,BTC-30OCT26,call,62000.0,2026-10-30T08:00:00+00:00,0.14674775266347884,0.23,0.2335,0.23155356,0.23175,80199.24,BTC-30OCT26,0.4558,0.94072,36.26833,13.5,0.0,0.003500000000000003,BTC,79738.93,0.0
2026-09-06T17:36:33.120547+00:00,BTC-25SEP26-115000-P,79851.59,BTC-25SEP26,put,115000.0,2026-09-25T08:00:00+00:00,0.050922975113855296,0.437,0.443,0.44052842,0.44,79851.59,BTC-25SEP26,0.6019,-0.99556,2.34488,93.7,0.0,0.006000000000000005,BTC,79738.93,0.0
2026-09-06T17:36:33.120547+00:00,BTC-25JUN27-74000-C,82711.92,BTC-25JUN27,call,74000.0,2027-06-25T08:00:00+00:00,0.798356240000919,0.1995,0.202,0.20076683,0.20075,82711.92,BTC-25JUN27,0.42340000000000005,0.6856,262.41811,20.7,0.1,0.0025000000000000022,BTC,79738.93,1617.56
2026-09-06T17:36:33.120547+00:00,BTC-25JUN27-68000-C,82711.92,BTC-25JUN27,call,68000.0,2027-06-25T08:00:00+00:00,0.798356240000919,0.244,0.247,0.24515946,0.2455,82711.92,BTC-25JUN27,0.4304,0.7585,230.61032,10.8,0.0,0.0030000000000000027,BTC,79738.93,0.0
2026-09-06T17:36:33.120547+00:00,BTC-8SEP26-81500-P,79726.43,BTC-8SEP26,put,81500.0,2026-09-08T08:00:00+00:00,0.004379511732609577,0.0215,0.0275,0.02419988,0.0245,79726.43,BTC-8SEP26,0.32780000000000004,-0.84184,12.74391,0.0,0.0,0.006000000000000002,BTC,79739.07,0.0
2026-09-06T17:36:33.120547+00:00,BTC-9SEP26-83000-P,79737.06,BTC-9SEP26,put,83000.0,2026-09-09T08:00:00+00:00,0.007117362519741679,0.04,0.0455,0.04244862,0.04275,79737.06,BTC-9SEP26,0.36340000000000006,-0.90167,11.66512,0.0,0.0,0.005499999999999998,BTC,79739.07,0.0
2026-09-06T17:36:33.120547+00:00,BTC-25SEP26-75000-C,79851.59,BTC-25SEP26,call,75000.0,2026-09-25T08:00:00+00:00,0.050922975113855296,0.071,0.073,0.07159665,0.072,79851.59,BTC-25SEP26,0.3749,0.78332,52.90975,3352.8,0.0,0.0020000000000000018,BTC,79739.07,0.0
2026-09-06T17:36:33.120547+00:00,BTC-10SEP26-80000-C,79743.43,BTC-10SEP26,call,80000.0,2026-09-10T08:00:00+00:00,0.00985521330687378,0.0115,0.0125,0.01205543,0.012,79743.43,BTC-10SEP26,0.3443,0.46977,31.50172,1.6,1.6,0.0010000000000000009,BTC,79739.07,1356.23
2026-09-06T17:36:33.120547+00:00,BTC-26MAR27-65000-P,81758.36,BTC-26MAR27,put,65000.0,2027-03-26T08:00:00+00:00,0.5492118183718977,0.0375,0.0395,0.03845011,0.0385,81758.36,BTC-26MAR27,0.42700000000000005,-0.18864,163.7569,879.5,0.0,0.0020000000000000018,BTC,79739.07,0.0
2026-09-06T17:36:33.120547+00:00,BTC-30OCT26-57000-C,80199.24,BTC-30OCT26,call,57000.0,2026-10-30T08:00:00+00:00,0.14674775266347884,0.29,0.2935,0.29183717,0.29175,80199.24,BTC-30OCT26,0.5109,0.96726,22.47867,0.1,0.0,0.003500000000000003,BTC,79740.14,0.0
2026-09-06T17:36:33.120547+00:00,BTC-10SEP26-86000-C,79743.43,BTC-10SEP26,call,86000.0,2026-09-10T08:00:00+00:00,0.00985521330687378,0.0005,0.0007,0.00060069,0.0006,79743.43,BTC-10SEP26,0.4208,0.03705,6.41111,0.0,0.0,0.00019999999999999998,BTC,79740.14,0.0
2026-09-06T17:36:33.120547+00:00,BTC-7SEP26-70000-P,79722.55,BTC-7SEP26,put,70000.0,2026-09-07T08:00:00+00:00,0.0016416609454774761,,0.0001,0.0,,79722.55,BTC-7SEP26,0.5857,0.0,0.0,1.4,0.0,,BTC,79739.07,0.0
2026-09-06T17:36:33.120547+00:00,BTC-25DEC26-210000-C,80840.56,BTC-25DEC26,call,210000.0,2026-12-25T08:00:00+00:00,0.3000673967428765,0.0003,0.0008,0.00050634,0.00055,80840.56,BTC-25DEC26,0.6347999999999999,0.00508,6.49536,162.3,0.0,0.0005,BTC,79740.14,0.0
2026-09-06T17:36:33.120547+00:00,BTC-25DEC26-92000-C,80840.56,BTC-25DEC26,call,92000.0,2026-12-25T08:00:00+00:00,0.3000673967428765,0.0385,0.0395,0.03912701,0.039,80840.56,BTC-25DEC26,0.39590000000000003,0.31303,156.95195,376.7,0.0,0.0010000000000000009,BTC,79740.14,0.0
2026-09-06T17:36:33.120547+00:00,BTC-25SEP26-240000-P,79851.59,BTC-25SEP26,put,240000.0,2026-09-25T08:00:00+00:00,0.050922975113855296,1.9955,2.0165,2.00594394,2.006,79851.59,BTC-25SEP26,1.156,-0.99998,0.017,0.0,0.0,0.02100000000000013,BTC,79740.14,0.0
2026-09-06T17:36:33.120547+00:00,BTC-7SEP26-77000-P,79722.55,BTC-7SEP26,put,77000.0,2026-09-07T08:00:00+00:00,0.0016416609454774761,,0.0001,6.471e-05,,79722.55,BTC-7SEP26,0.38,-0.0117,0.98698,30.2,4.1,,BTC,79740.14,58.29
2026-09-06T17:36:33.120547+00:00,BTC-26MAR27-90000-C,81758.36,BTC-26MAR27,call,90000.0,2027-03-26T08:00:00+00:00,0.5492118183718977,0.08,0.082,0.08104035,0.081,81758.36,BTC-26MAR27,0.4045,0.43244,238.34119,555.2,0.2,0.0020000000000000018,BTC,79740.14,1294.36
2026-09-06T17:36:33.120547+00:00,BTC-9SEP26-77500-P,79737.06,BTC-9SEP26,put,77500.0,2026-09-09T08:00:00+00:00,0.007117362519741679,0.002,0.0024,0.0022892,0.0022,79737.06,BTC-9SEP26,0.3337,-0.15228,15.84807,50.8,50.8,0.00039999999999999975,BTC,79740.43,9362.13
2026-09-06T17:36:33.120547+00:00,BTC-25SEP26-79000-P,79851.59,BTC-25SEP26,put,79000.0,2026-09-25T08:00:00+00:00,0.050922975113855296,0.0275,0.0285,0.02805518,0.028,79851.59,BTC-25SEP26,0.36920000000000003,-0.43204,70.87022,1036.3,1.6,0.0010000000000000009,BTC,79740.43,3532.6
2026-09-06T17:36:33.120547+00:00,BTC-9SEP26-80500-P,79737.06,BTC-9SEP26,put,80500.0,2026-09-09T08:00:00+00:00,0.007117362519741679,0.016,0.0175,0.01672442,0.01675,79737.06,BTC-9SEP26,0.33140000000000003,-0.62729,25.46755,0.0,0.0,0.0015000000000000013,BTC,79740.43,0.0
2026-09-06T17:36:33.120547+00:00,BTC-25SEP26-95000-P,79851.59,BTC-25SEP26,put,95000.0,2026-09-25T08:00:00+00:00,0.050922975113855296,0.189,0.1945,0.1919768,0.19175,79851.59,BTC-25SEP26,0.4567,-0.94879,18.94867,147.6,0.0,0.005500000000000005,BTC,79740.43,0.0
2026-09-06T17:36:33.120547+00:00,BTC-25DEC26-86000-C,80840.56,BTC-25DEC26,call,86000.0,2026-12-25T08:00:00+00:00,0.3000673967428765,0.0595,0.0605,0.05989269,0.06,80840.56,BTC-25DEC26,0.39189999999999997,0.42842,173.88513,324.3,0.0,0.0010000000000000009,BTC,79740.43,0.0
2026-09-06T17:36:33.120547+00:00,BTC-27NOV26-84000-C,80515.3,BTC-27NOV26,call,84000.0,2026-11-27T08:00:00+00:00,0.22340757470317768,0.0545,0.056,0.05516493,0.05525,80515.3,BTC-27NOV26,0.3893,0.44556,150.49435,24.8,0.0,0.0015000000000000013,BTC,79755.32,0.0
2026-09-06T17:36:33.120547+00:00,BTC-25JUN27-90000-P,82711.92,BTC-25JUN27,put,90000.0,2027-06-25T08:00:00+00:00,0.798356240000919,0.2005,0.2045,0.20252226,0.2025,82711.92,BTC-25JUN27,0.41729999999999995,-0.51589,294.71402,0.5,0.0,0.003999999999999976,BTC,79740.43,0.0
2026-09-06T17:36:33.120547+00:00,BTC-30OCT26-68000-P,80199.24,BTC-30OCT26,put,68000.0,2026-10-30T08:00:00+00:00,0.14674775266347884,0.0105,0.0115,0.01095629,0.011,80199.24,BTC-30OCT26,0.4102,-0.12931,64.78865,1514.0,1.7,0.0009999999999999992,BTC,79755.32,1493.92
2026-09-06T17:36:33.120547+00:00,BTC-26MAR27-160000-P,81759.22,BTC-26MAR27,put,160000.0,2027-03-26T08:00:00+00:00,0.5492118183718977,0.9585,0.969,0.96409087,0.96375,81759.22,BTC-26MAR27,0.4954,-0.94989,62.64115,0.1,0.0,0.010499999999999954,BTC,79755.32,0.0
2026-09-06T17:36:33.120547+00:00,BTC-7SEP26-81500-C,79721.69,BTC-7SEP26,call,81500.0,2026-09-07T08:00:00+00:00,0.0016416609454774761,0.0001,0.0003,0.00018814,0.0002,79721.69,BTC-7SEP26,0.3071,0.04035,2.80407,64.6,45.8,0.00019999999999999998,BTC,79755.32,3028.8
2026-09-06T17:36:33.120547+00:00,BTC-7SEP26-71000-P,79721.69,BTC-7SEP26,put,71000.0,2026-09-07T08:00:00+00:00,0.0016416609454774761,,0.0001,0.0,,79721.69,BTC-7SEP26,0.5644,0.0,3e-05,4.5,0.0,,BTC,79755.32,0.0
2026-09-06T17:36:33.120547+00:00,BTC-25DEC26-74000-C,80841.42,BTC-25DEC26,call,74000.0,2026-12-25T08:00:00+00:00,0.3000673967428765,0.1315,0.1335,0.1324558,0.1325,80841.42,BTC-25DEC26,0.3998,0.6965,154.86883,138.9,0.0,0.0020000000000000018,BTC,79755.32,0.0
2026-09-06T17:36:33.120547+00:00,BTC-8SEP26-90000-P,79726.43,BTC-8SEP26,put,90000.0,2026-09-08T08:00:00+00:00,0.004379511732609577,0.126,0.132,0.12908872,0.129,79726.43,BTC-8SEP26,0.5407,-0.99961,0.07412,0.0,0.0,0.006000000000000005,BTC,79765.71,0.0
2026-09-06T17:36:33.120547+00:00,BTC-25SEP26-58000-P,79851.59,BTC-25SEP26,put,58000.0,2026-09-25T08:00:00+00:00,0.050922975113855296,0.0002,0.0005,0.00037783,0.00035,79851.59,BTC-25SEP26,0.605,-0.00785,3.88903,1315.7,0.0,0.00030000000000000003,BTC,79765.71,0.0
2026-09-06T17:36:33.120547+00:00,BTC-18SEP26-76000-P,79806.53,BTC-18SEP26,put,76000.0,2026-09-18T08:00:00+00:00,0.03175801960393059,0.0085,0.0095,0.00898115,0.009,79806.53,BTC-18SEP26,0.3768,-0.22163,42.31977,172.5,6.7,0.0009999999999999992,BTC,79765.71,4794.3
2026-09-06T17:36:33.120547+00:00,BTC-25DEC26-54000-C,80841.42,BTC-25DEC26,call,54000.0,2026-12-25T08:00:00+00:00,0.3000673967428765,0.337,0.34,0.33891225,0.3385,80841.42,BTC-25DEC26,0.5005,0.94621,48.43171,33.1,0.0,0.0030000000000000027,BTC,79765.71,0.0
2026-09-06T17:36:33.120547+00:00,BTC-25DEC26-200000-C,80841.42,BTC-25DEC26,call,200000.0,2026-12-25T08:00:00+00:00,0.3000673967428765,0.0006,0.0009,0.00071248,0.00075,80841.42,BTC-25DEC26,0.6286999999999999,0.00702,8.66061,969.4,0.0,0.00030000000000000003,BTC,79765.71,0.0
2026-09-06T17:36:33.120547+00:00,BTC-27NOV26-71000-P,80504.68,BTC-27NOV26,put,71000.0,2026-11-27T08:00:00+00:00,0.22340757470317768,0.0265,0.0275,0.02708499,0.027,80504.68,BTC-27NOV26,0.40130000000000005,-0.22375,113.85678,20.3,0.0,0.0010000000000000009,BTC,79765.75,0.0
2026-09-06T17:36:33.120547+00:00,BTC-7SEP26-76000-P,79721.69,BTC-7SEP26,put,76000.0,2026-09-07T08:00:00+00:00,0.0016416609454774761,,0.0001,1.369e-05,,79721.69,BTC-7SEP26,0.4233,-0.0024,0.24206,42.5,1.6,,BTC,79765.71,12.78
2026-09-06T17:36:33.120547+00:00,BTC-25SEP26-320000-C,79851.59,BTC-25SEP26,call,320000.0,2026-09-25T08:00:00+00:00,0.050922975113855296,,0.0001,7.5e-07,,79851.59,BTC-25SEP26,1.4015,1e-05,0.00943,304.6,0.0,,BTC,79765.75,0.0
2026-09-06T17:36:33.120547+00:00,BTC-10SEP26-88000-P,79743.43,BTC-10SEP26,put,88000.0,2026-09-10T08:00:00+00:00,0.00985521330687378,0.101,0.107,0.10401738,0.104,79743.43,BTC-10SEP26,0.4582,-0.98363,3.23438,0.0,0.0,0.0059999999999999915,BTC,79765.75,0.0
2026-09-06T17:36:33.120547+00:00,BTC-25JUN27-72000-P,82711.92,BTC-25JUN27,put,72000.0,2027-06-25T08:00:00+00:00,0.798356240000919,0.084,0.0865,0.0853171,0.08525,82711.92,BTC-25JUN27,0.4249,-0.28908,252.77681,47.6,0.2,0.0024999999999999883,BTC,79765.75,1349.34
2026-09-06T17:36:33.120547+00:00,BTC-11SEP26-86000-P,79744.21,BTC-11SEP26,put,86000.0,2026-09-11T08:00:00+00:00,0.01259306409400588,0.0775,0.082,0.07984761,0.07975,79744.21,BTC-11SEP26,0.42979999999999996,-0.93743,11.02352,1.4,0.0,0.004500000000000004,BTC,79765.75,0.0
2026-09-06T17:36:33.120547+00:00,BTC-25DEC26-45000-C,80840.56,BTC-25DEC26,call,45000.0,2026-12-25T08:00:00+00:00,0.3000673967428765,0.4445,0.4475,0.44653986,0.446,80840.56,BTC-25DEC26,0.5882999999999999,0.97613,24.91112,54.3,0.0,0.0030000000000000027,BTC,79765.75,0.0
2026-09-06T17:36:33.120547+00:00,BTC-25JUN27-70000-C,82712.78,BTC-25JUN27,call,70000.0,2027-06-25T08:00:00+00:00,0.798356240000919,0.2285,0.2315,0.22947042,0.23,82712.78,BTC-25JUN27,0.42719999999999997,0.73529,242.10519,195.5,0.0,0.0030000000000000027,BTC,79765.75,0.0
2026-09-06T17:36:33.120547+00:00,BTC-7SEP26-83500-C,79721.69,BTC-7SEP26,call,83500.0,2026-09-07T08:00:00+00:00,0.0016416609454774761,,0.0001,1.02e-05,,79721.69,BTC-7SEP26,0.4,0.00238,0.24025,41.4,1.1,,BTC,79767.86,18.4
2026-09-06T17:36:33.120547+00:00,BTC-11SEP26-64000-C,79744.21,BTC-11SEP26,call,64000.0,2026-09-11T08:00:00+00:00,0.01259306409400588,0.1955,0.1995,0.19737266,0.1975,79744.21,BTC-11SEP26,0.6890000000000001,0.99806,0.55264,0.0,0.0,0.0040000000000000036,BTC,79767.86,0.0
2026-09-06T17:36:33.120547+00:00,BTC-7SEP26-81000-P,79721.69,BTC-7SEP26,put,81000.0,2026-09-07T08:00:00+00:00,0.0016416609454774761,0.015,0.018,0.01670017,0.0165,79721.69,BTC-7SEP26,0.3007,-0.89704,5.79356,99.2,25.0,0.002999999999999999,BTC,79767.86,42736.42
2026-09-06T17:36:33.120547+00:00,BTC-25DEC26-68000-P,80840.56,BTC-25DEC26,put,68000.0,2026-12-25T08:00:00+00:00,0.3000673967428765,0.0265,0.0275,0.02692281,0.027,80840.56,BTC-25DEC26,0.41590000000000005,-0.19087,120.59969,551.3,2.2,0.0010000000000000009,BTC,79767.86,4686.18
2026-09-06T17:36:33.120547+00:00,BTC-26MAR27-98000-P,81758.36,BTC-26MAR27,put,98000.0,2027-03-26T08:00:00+00:00,0.5492118183718977,0.2525,0.26,0.25465623,0.25625,81758.36,BTC-26MAR27,0.4089,-0.67176,219.1213,0.2,0.0,0.007500000000000007,BTC,79767.86,0.0
2026-09-06T17:36:33.120547+00:00,BTC-25DEC26-115000-P,80840.56,BTC-25DEC26,put,115000.0,2026-12-25T08:00:00+00:00,0.3000673967428765,0.4285,0.435,0.43187409,0.43175,80840.56,BTC-25DEC26,0.44020000000000004,-0.90968,72.15927,5.0,0.0,0.006500000000000006,BTC,79767.86,0.0
2026-09-06T17:36:33.120547+00:00,BTC-9SEP26-79500-P,79737.06,BTC-9SEP26,put,79500.0,2026-09-09T08:00:00+00:00,0.007117362519741679,0.009,0.01,0.00956782,0.0095,79737.06,BTC-9SEP26,0.3251,-0.44529,26.60271,1.6,1.0,0.0010000000000000009,BTC,79767.66,721.4
2026-09-06T17:36:33.120547+00:00,BTC-7SEP26-82000-C,79722.55,BTC-7SEP26,call,82000.0,2026-09-07T08:00:00+00:00,0.0016416609454774761,,0.0001,0.00010957,,79722.55,BTC-7SEP26,0.3433,0.02338,1.78555,118.2,36.9,,BTC,79767.66,905.31
2026-09-06T17:36:33.120547+00:00,BTC-25JUN27-78000-P,82712.78,BTC-25JUN27,put,78000.0,2027-06-25T08:00:00+00:00,0.798356240000919,0.1165,0.1195,0.11795382,0.118,82712.78,BTC-25JUN27,0.4199,-0.36505,278.00488,104.6,0.0,0.002999999999999989,BTC,79767.66,0.0
2026-09-06T17:36:33.120547+00:00,BTC-8SEP26-82500-C,79726.43,BTC-8SEP26,call,82500.0,2026-09-08T08:00:00+00:00,0.004379511732609577,0.0006,0.0008,0.0007448,0.0007,79726.43,BTC-8SEP26,0.3532,0.07578,7.53313,71.3,24.5,0.0002000000000000001,BTC,79767.66,2017.31
2026-09-06T17:36:33.120547+00:00,BTC-30OCT26-48000-P,80199.24,BTC-30OCT26,put,48000.0,2026-10-30T08:00:00+00:00,0.14674775266347884,0.001,0.0012,0.00101666,0.0011,80199.24,BTC-30OCT26,0.6213000000000001,-0.01141,9.19342,194.3,0.0,0.00019999999999999987,BTC,79767.32,0.0
2026-09-06T17:36:33.120547+00:00,BTC-25SEP26-84000-C,79852.45,BTC-25SEP26,call,84000.0,2026-09-25T08:00:00+00:00,0.050922975113855296,0.015,0.016,0.01550585,0.0155,79852.45,BTC-25SEP26,0.3861,0.29714,62.42771,5079.7,0.4,0.0010000000000000009,BTC,79767.66,502.5
2026-09-06T17:36:33.120547+00:00,BTC-8SEP26-87000-P,79726.43,BTC-8SEP26,put,87000.0,2026-09-08T08:00:00+00:00,0.004379511732609577,0.0885,0.094,0.09148278,0.09125,79726.43,BTC-8SEP26,0.4863,-0.99635,0.57597,0.0,0.0,0.005500000000000005,BTC,79767.66,0.0
2026-09-06T17:36:33.120547+00:00,BTC-25DEC26-102000-P,80840.56,BTC-25DEC26,put,102000.0,2026-12-25T08:00:00+00:00,0.3000673967428765,0.279,0.285,0.28163399,0.282,80840.56,BTC-25DEC26,0.41119999999999995,-0.82055,116.06626,7.8,0.0,0.00599999999999995,BTC,79767.32,0.0
2026-09-06T17:36:33.120547+00:00,BTC-25JUN27-120000-C,82712.78,BTC-25JUN27,call,120000.0,2027-06-25T08:00:00+00:00,0.798356240000919,0.0415,0.043,0.04201467,0.04225,82712.78,BTC-25JUN27,0.4359,0.2238,221.13976,292.9,0.0,0.0014999999999999944,BTC,79767.32,0.0
2026-09-06T17:36:33.120547+00:00,BTC-25SEP26-165000-C,79851.59,BTC-25SEP26,call,165000.0,2026-09-25T08:00:00+00:00,0.050922975113855296,,0.0001,4.54e-06,,79851.59,BTC-25SEP26,0.8449,0.0001,0.07449,266.6,0.0,,BTC,79767.32,0.0
2026-09-06T17:36:33.120547+00:00,BTC-25SEP26-65000-P,79851.59,BTC-25SEP26,put,65000.0,2026-09-25T08:00:00+00:00,0.050922975113855296,0.0011,0.0012,0.00113011,0.00115,79851.59,BTC-25SEP26,0.4833,-0.02593,10.86608,980.2,3.7,9.999999999999983e-05,BTC,79767.32,342.7
2026-09-06T17:36:33.120547+00:00,BTC-11SEP26-74000-C,79744.21,BTC-11SEP26,call,74000.0,2026-09-11T08:00:00+00:00,0.01259306409400588,0.0705,0.075,0.07289623,0.07275,79744.21,BTC-11SEP26,0.4106,0.95087,9.10769,17.9,0.0,0.004500000000000004,BTC,79767.32,0.0
2026-09-06T17:36:33.120547+00:00,BTC-8SEP26-70000-P,79726.43,BTC-8SEP26,put,70000.0,2026-09-08T08:00:00+00:00,0.004379511732609577,,0.0001,1.005e-05,,79726.43,BTC-8SEP26,0.6307,-0.00082,0.14883,25.5,0.5,,BTC,79767.32,4.0
2026-09-06T17:36:33.120547+00:00,BTC-9SEP26-82500-C,79736.13,BTC-9SEP26,call,82500.0,2026-09-09T08:00:00+00:00,0.007117362519741679,0.0018,0.0021,0.00192856,0.00195,79736.13,BTC-9SEP26,0.35509999999999997,0.13394,14.53644,6.7,6.6,0.0002999999999999999,BTC,79766.85,1506.39
2026-09-06T17:36:33.120547+00:00,BTC-25JUN27-106000-P,82712.78,BTC-25JUN27,put,106000.0,2027-06-25T08:00:00+00:00,0.798356240000919,0.3435,0.3545,0.34704015,0.349,82712.78,BTC-25JUN27,0.42340000000000005,-0.67916,264.77371,0.0,0.0,0.010999999999999954,BTC,79766.85,0.0
2026-09-06T17:36:33.120547+00:00,BTC-26MAR27-170000-P,81758.36,BTC-26MAR27,put,170000.0,2027-03-26T08:00:00+00:00,0.5492118183718977,1.0725,1.0985,1.08519202,1.0855,81758.36,BTC-26MAR27,0.5115999999999999,-0.95903,53.28345,0.2,0.0,0.026000000000000023,BTC,79766.85,0.0
2026-09-06T17:36:33.120547+00:00,BTC-25SEP26-160000-P,79851.59,BTC-25SEP26,put,160000.0,2026-09-25T08:00:00+00:00,0.050922975113855296,0.9985,1.0095,1.00396707,1.004,79851.59,BTC-25SEP26,0.8188,-0.99988,0.08692,0.6,0.0,0.01100000000000001,BTC,79766.85,0.0
2026-09-06T17:36:33.120547+00:00,BTC-25SEP26-80000-P,79851.59,BTC-25SEP26,put,80000.0,2026-09-25T08:00:00+00:00,0.050922975113855296,0.034,0.035,0.03439787,0.0345,79851.59,BTC-25SEP26,0.37060000000000004,-0.49017,71.91935,1519.5,0.6,0.0010000000000000009,BTC,79766.85,1575.61
2026-09-06T17:36:33.120547+00:00,BTC-30OCT26-104000-P,80199.24,BTC-30OCT26,put,104000.0,2026-10-30T08:00:00+00:00,0.14674775266347884,0.299,0.3045,0.30223131,0.30175,80199.24,BTC-30OCT26,0.4421,-0.92605,43.05649,0.0,0.0,0.005500000000000005,BTC,79766.76,0.0
2026-09-06T17:36:33.120547+00:00,BTC-7SEP26-76000-C,79721.69,BTC-7SEP26,call,76000.0,2026-09-07T08:00:00+00:00,0.0016416609454774761,0.0445,0.049,0.04658121,0.04675,79721.69,BTC-7SEP26,0.4233,0.9976,0.24142,0.8,0.0,0.004500000000000004,BTC,79766.76,0.0
2026-09-06T17:36:33.120547+00:00,BTC-30OCT26-91000-P,80199.24,BTC-30OCT26,put,91000.0,2026-10-30T08:00:00+00:00,0.14674775266347884,0.1505,0.155,0.15310998,0.15275,80199.24,BTC-30OCT26,0.39549999999999996,-0.77497,92.21181,0.2,0.0,0.004500000000000004,BTC,79765.57,0.0
2026-09-06T17:36:33.120547+00:00,BTC-10SEP26-89000-P,79732.98,BTC-10SEP26,put,89000.0,2026-09-10T08:00:00+00:00,0.00985521330687378,0.114,0.1195,0.1164574,0.11675,79732.98,BTC-10SEP26,0.4698,-0.98994,2.12247,0.0,0.0,0.005499999999999991,BTC,79766.76,0.0
2026-09-06T17:36:33.120547+00:00,BTC-25SEP26-180000-C,79851.59,BTC-25SEP26,call,180000.0,2026-09-25T08:00:00+00:00,0.050922975113855296,,0.0001,3.13e-06,,79851.59,BTC-25SEP26,0.9184,7e-05,0.04976,792.3,0.0,,BTC,79766.76,0.0
2026-09-06T17:36:33.120547+00:00,BTC-8SEP26-79000-C,79726.43,BTC-8SEP26,call,79000.0,2026-09-08T08:00:00+00:00,0.004379511732609577,0.012,0.014,0.01310587,0.013,79726.43,BTC-8SEP26,0.2988,0.68903,18.65119,5.7,0.0,0.002,BTC,79766.76,0.0
2026-09-06T17:36:33.120547+00:00,BTC-26MAR27-90000-P,81759.22,BTC-26MAR27,put,90000.0,2027-03-26T08:00:00+00:00,0.5492118183718977,0.1805,0.1835,0.18205152,0.182,81759.22,BTC-26MAR27,0.4045,-0.5671,238.47161,14.1,0.0,0.0030000000000000027,BTC,79766.76,0.0
2026-09-06T17:36:33.120547+00:00,BTC-18SEP26-68000-C,79796.23,BTC-18SEP26,call,68000.0,2026-09-18T08:00:00+00:00,0.03175801960393059,0.1465,0.151,0.14853085,0.14875,79796.23,BTC-18SEP26,0.4633,0.97639,7.92899,2.0,0.0,0.004500000000000004,BTC,79765.57,0.0
2026-09-06T17:36:33.120547+00:00,BTC-30OCT26-80000-P,80199.24,BTC-30OCT26,put,80000.0,2026-10-30T08:00:00+00:00,0.14674775266347884,0.0555,0.0565,0.05609815,0.056,80199.24,BTC-30OCT26,0.3751,-0.46349,122.13596,951.0,1.0,0.0010000000000000009,BTC,79764.39,4399.61
2026-09-06T17:36:33.120547+00:00,BTC-26MAR27-54000-P,81758.36,BTC-26MAR27,put,54000.0,2027-03-26T08:00:00+00:00,0.5492118183718977,0.0155,0.0165,0.01598763,0.016,81758.36,BTC-26MAR27,0.4694,-0.08582,95.03021,92.0,8.0,0.0010000000000000009,BTC,79765.57,9918.09
2026-09-06T17:36:33.120547+00:00,BTC-27NOV26-93000-C,80515.3,BTC-27NOV26,call,93000.0,2026-11-27T08:00:00+00:00,0.22340757470317768,0.0255,0.0265,0.02605862,0.026,80515.3,BTC-27NOV26,0.4003,0.25308,121.80674,28.4,0.2,0.0010000000000000009,BTC,79765.57,406.76
2026-09-06T17:36:33.120547+00:00,BTC-18SEP26-82000-C,79806.53,BTC-18SEP26,call,82000.0,2026-09-18T08:00:00+00:00,0.03175801960393059,0.0155,0.0165,0.01599937,0.016,79806.53,BTC-18SEP26,0.38380000000000003,0.36062,53.27594,1329.9,52.5,0.0010000000000000009,BTC,79764.39,71802.54
2026-09-06T17:36:33.120547+00:00,BTC-26MAR27-60000-P,81758.36,BTC-26MAR27,put,60000.0,2027-03-26T08:00:00+00:00,0.5492118183718977,0.025,0.027,0.02592397,0.026,81758.36,BTC-26MAR27,0.4428,-0.13398,130.96434,805.2,0.0,0.0019999999999999983,BTC,79765.57,0.0
2026-09-06T17:36:33.120547+00:00,BTC-8SEP26-73000-P,79726.43,BTC-8SEP26,put,73000.0,2026-09-08T08:00:00+00:00,0.004379511732609577,,0.0002,5.875e-05,,79726.43,BTC-8SEP26,0.5231,-0.00502,0.76565,11.8,3.4,,BTC,79765.57,30.38
2026-09-06T17:36:33.120547+00:00,BTC-25DEC26-65000-C,80840.56,BTC-25DEC26,call,65000.0,2026-12-25T08:00:00+00:00,0.3000673967428765,0.214,0.2175,0.21578977,0.21575,80840.56,BTC-25DEC26,0.42810000000000004,0.85279,102.03463,920.8,0.0,0.003500000000000003,BTC,79764.39,0.0
2026-09-06T17:36:33.120547+00:00,BTC-10SEP26-82500-C,79743.43,BTC-10SEP26,call,82500.0,2026-09-10T08:00:00+00:00,0.00985521330687378,0.0034,0.0038,0.00352562,0.0036,79743.43,BTC-10SEP26,0.3691,0.18439,21.10199,0.1,0.1,0.0004000000000000002,BTC,79764.39,29.52
2026-09-06T17:36:33.120547+00:00,BTC-10SEP26-79000-C,79743.43,BTC-10SEP26,call,79000.0,2026-09-10T08:00:00+00:00,0.00985521330687378,0.0175,0.0195,0.01849203,0.0185,79743.43,BTC-10SEP26,0.3408,0.61959,30.17229,0.0,0.0,0.0019999999999999983,BTC,79764.39,0.0
2026-09-06T17:36:33.120547+00:00,BTC-30OCT26-110000-P,80199.24,BTC-30OCT26,put,110000.0,2026-10-30T08:00:00+00:00,0.14674775266347884,0.3715,0.3775,0.37499727,0.3745,80199.24,BTC-30OCT26,0.4643,-0.954,29.6632,0.0,0.0,0.006000000000000005,BTC,79765.52,0.0
2026-09-06T17:36:33.120547+00:00,BTC-9SEP26-78000-C,79737.06,BTC-9SEP26,call,78000.0,2026-09-09T08:00:00+00:00,0.007117362519741679,0.024,0.026,0.02501517,0.025,79737.06,BTC-9SEP26,0.3286,0.7943,19.16458,0.0,0.0,0.0019999999999999983,BTC,79765.52,0.0
2026-09-06T17:36:33.120547+00:00,BTC-9SEP26-80000-C,79737.06,BTC-9SEP26,call,80000.0,2026-09-09T08:00:00+00:00,0.007117362519741679,0.009,0.0095,0.00936871,0.00925,79737.06,BTC-9SEP26,0.3261,0.4632,26.73998,4.6,4.6,0.0005000000000000004,BTC,79765.52,3551.43
2026-09-06T17:36:33.120547+00:00,BTC-10SEP26-73000-P,79743.43,BTC-10SEP26,put,73000.0,2026-09-10T08:00:00+00:00,0.00985521330687378,0.0002,0.0004,0.00028482,0.0003,79743.43,BTC-10SEP26,0.4285,-0.01761,3.4424,0.1,0.1,0.0002,BTC,79765.52,2.4
2026-09-06T17:36:33.120547+00:00,BTC-25DEC26-190000-C,80840.56,BTC-25DEC26,call,190000.0,2026-12-25T08:00:00+00:00,0.3000673967428765,0.0006,0.0012,0.00085897,0.0009,80840.56,BTC-25DEC26,0.6107,0.00854,10.28852,1026.7,1.0,0.0006,BTC,79765.52,55.78
2026-09-06T17:36:33.120547+00:00,BTC-25SEP26-105000-P,79852.45,BTC-25SEP26,put,105000.0,2026-09-25T08:00:00+00:00,0.050922975113855296,0.3125,0.3185,0.31563796,0.3155,79852.45,BTC-25SEP26,0.5327000000000001,-0.98658,6.20526,105.4,0.0,0.006000000000000005,BTC,79765.52,0.0
2026-09-06T17:36:33.120547+00:00,BTC-8SEP26-78500-C,79726.43,BTC-8SEP26,call,78500.0,2026-09-08T08:00:00+00:00,0.004379511732609577,0.017,0.019,0.01779772,0.018,79726.43,BTC-8SEP26,0.3059,0.78642,15.36645,0.2,0.0,0.0019999999999999983,BTC,79765.52,0.0
2026-09-06T17:36:33.120547+00:00,BTC-25DEC26-230000-P,80840.56,BTC-25DEC26,put,230000.0,2026-12-25T08:00:00+00:00,0.3000673967428765,1.831,1.8625,1.84581087,1.84675,80840.56,BTC-25DEC26,0.6643000000000001,-0.99642,4.75215,0.0,0.0,0.031500000000000083,BTC,79765.52,0.0
2026-09-06T17:36:33.120547+00:00,BTC-25SEP26-72000-C,79851.59,BTC-25SEP26,call,72000.0,2026-09-25T08:00:00+00:00,0.050922975113855296,0.1015,0.1055,0.10338467,0.1035,79851.59,BTC-25SEP26,0.3953,0.88662,34.64985,3314.4,4.1,0.00399999999999999,BTC,79764.77,34492.65
2026-09-06T17:36:33.120547+00:00,BTC-25SEP26-130000-P,79851.59,BTC-25SEP26,put,130000.0,2026-09-25T08:00:00+00:00,0.050922975113855296,0.6245,0.6315,0.62828267,0.628,79851.59,BTC-25SEP26,0.7067,-0.99852,0.8672,21.4,0.0,0.006999999999999895,BTC,79764.77,0.0
2026-09-06T17:36:33.120547+00:00,BTC-25SEP26-70000-P,79852.45,BTC-25SEP26,put,70000.0,2026-09-25T08:00:00+00:00,0.050922975113855296,0.0031,0.0032,0.00306477,0.00315,79852.45,BTC-25SEP26,0.41119999999999995,-0.07091,24.45245,8722.2,1.6,0.00010000000000000026,BTC,79764.77,396.53
2026-09-06T17:36:33.120547+00:00,BTC-26MAR27-150000-C,81758.36,BTC-26MAR27,call,150000.0,2027-03-26T08:00:00+00:00,0.5492118183718977,0.0085,0.009,0.00851244,0.00875,81758.36,BTC-26MAR27,0.4792,0.06305,75.08074,1901.9,0.1,0.0004999999999999987,BTC,79764.77,71.75
2026-09-06T17:36:33.120547+00:00,BTC-9SEP26-87000-P,79737.06,BTC-9SEP26,put,87000.0,2026-09-09T08:00:00+00:00,0.007117362519741679,0.089,0.0945,0.09141428,0.09175,79737.06,BTC-9SEP26,0.4639,-0.98603,2.39722,0.0,0.0,0.005500000000000005,BTC,79764.77,0.0
2026-09-06T17:36:33.120547+00:00,BTC-25DEC26-45000-P,80840.56,BTC-25DEC26,put,45000.0,2026-12-25T08:00:00+00:00,0.3000673967428765,0.003,0.0034,0.00325847,0.0032,80840.56,BTC-25DEC26,0.5882999999999999,-0.02387,24.9131,2844.7,0.1,0.00039999999999999975,BTC,79764.77,25.6
2026-09-06T17:36:33.120547+00:00,BTC-30OCT26-67000-P,80199.24,BTC-30OCT26,put,67000.0,2026-10-30T08:00:00+00:00,0.14674775266347884,0.009,0.01,0.00947228,0.0095,80199.24,BTC-30OCT26,0.41609999999999997,-0.11325,59.02803,411.7,1.2,0.0010000000000000009,BTC,79764.81,957.71
2026-09-06T17:36:33.120547+00:00,BTC-25JUN27-125000-C,82712.78,BTC-25JUN27,call,125000.0,2027-06-25T08:00:00+00:00,0.798356240000919,0.035,0.037,0.03602383,0.036,82712.78,BTC-25JUN27,0.4397,0.19669,204.97507,115.6,0.0,0.001999999999999995,BTC,79764.81,0.0
2026-09-06T17:36:33.120547+00:00,BTC-25JUN27-60000-C,82712.78,BTC-25JUN27,call,60000.0,2027-06-25T08:00:00+00:00,0.798356240000919,0.313,0.3165,0.31469821,0.31475,82712.78,BTC-25JUN27,0.4471,0.84234,178.21626,961.9,0.6,0.003500000000000003,BTC,79764.81,14988.84
2026-09-06T17:36:33.120547+00:00,BTC-8SEP26-74000-C,79726.43,BTC-8SEP26,call,74000.0,2026-09-08T08:00:00+00:00,0.004379511732609577,0.0695,0.074,0.07175319,0.07175,79726.43,BTC-8SEP26,0.48719999999999997,0.99034,1.36549,0.0,0.0,0.00449999999999999,BTC,79764.81,0.0
2026-09-06T17:36:33.120547+00:00,BTC-8SEP26-83000-C,79726.43,BTC-8SEP26,call,83000.0,2026-09-08T08:00:00+00:00,0.004379511732609577,0.0004,0.0005,0.00042191,0.00045,79726.43,BTC-8SEP26,0.3558,0.0463,5.11993,44.7,28.1,9.999999999999999e-05,BTC,79764.81,1875.64
2026-09-06T17:36:33.120547+00:00,BTC-8SEP26-88000-P,79726.43,BTC-8SEP26,put,88000.0,2026-09-08T08:00:00+00:00,0.004379511732609577,0.101,0.1065,0.1040246,0.10375,79726.43,BTC-8SEP26,0.5368999999999999,-0.99702,0.48036,0.0,0.0,0.005499999999999991,BTC,79764.81,0.0
2026-09-06T17:36:33.120547+00:00,BTC-27NOV26-79000-P,80504.68,BTC-27NOV26,put,79000.0,2026-11-27T08:00:00+00:00,0.22340757470317768,0.063,0.064,0.06359284,0.0635,80504.68,BTC-27NOV26,0.3886,-0.42183,149.00283,75.7,0.0,0.0010000000000000009,BTC,79765.15,0.0
2026-09-06T17:36:33.120547+00:00,BTC-30OCT26-59000-C,80199.24,BTC-30OCT26,call,59000.0,2026-10-30T08:00:00+00:00,0.14674775266347884,0.266,0.2695,0.26752081,0.26775,80199.24,BTC-30OCT26,0.4867,0.95915,26.95164,1.0,0.0,0.003500000000000003,BTC,79765.15,0.0
2026-09-06T17:36:33.120547+00:00,BTC-10SEP26-81000-P,79743.43,BTC-10SEP26,put,81000.0,2026-09-10T08:00:00+00:00,0.00985521330687378,0.022,0.0245,0.0234879,0.02325,79743.43,BTC-10SEP26,0.3529,-0.6621,28.957,0.0,0.0,0.0025000000000000022,BTC,79765.15,0.0
2026-09-06T17:36:33.120547+00:00,BTC-25JUN27-115000-C,82712.78,BTC-25JUN27,call,115000.0,2027-06-25T08:00:00+00:00,0.798356240000919,0.048,0.05,0.04871564,0.049,82712.78,BTC-25JUN27,0.4304,0.25363,236.808,38.2,0.0,0.0020000000000000018,BTC,79765.15,0.0
2026-09-06T17:36:33.120547+00:00,BTC-25SEP26-220000-C,79852.45,BTC-25SEP26,call,220000.0,2026-09-25T08:00:00+00:00,0.050922975113855296,,0.0001,1.25e-06,,79852.45,BTC-25SEP26,1.0735999999999999,2e-05,0.01904,241.9,0.0,,BTC,79765.15,0.0
2026-09-06T17:36:33.120547+00:00,BTC-26MAR27-106000-C,81758.36,BTC-26MAR27,call,106000.0,2027-03-26T08:00:00+00:00,0.5492118183718977,0.038,0.0395,0.03883495,0.03875,81758.36,BTC-26MAR27,0.41590000000000005,0.24613,191.08412,79.2,0.0,0.0015000000000000013,BTC,79765.15,0.0
2026-09-06T17:36:33.120547+00:00,BTC-10SEP26-82000-P,79743.43,BTC-10SEP26,put,82000.0,2026-09-10T08:00:00+00:00,0.00985521330687378,0.0305,0.0365,0.03306105,0.0335,79743.43,BTC-10SEP26,0.363,-0.77208,23.93218,0.0,0.0,0.005999999999999998,BTC,79765.19,0.0
2026-09-06T17:36:33.120547+00:00,BTC-30OCT26-48000-C,80199.24,BTC-30OCT26,call,48000.0,2026-10-30T08:00:00+00:00,0.14674775266347884,0.401,0.404,0.40238961,0.4025,80199.24,BTC-30OCT26,0.6213000000000001,0.98858,9.19681,0.1,0.0,0.0030000000000000027,BTC,79765.15,0.0
2026-09-06T17:36:33.120547+00:00,BTC-8SEP26-89000-C,79726.43,BTC-8SEP26,call,89000.0,2026-09-08T08:00:00+00:00,0.004379511732609577,,0.0001,1.09e-05,,79726.43,BTC-8SEP26,0.5407,0.00116,0.20374,25.3,24.0,,BTC,79765.19,383.79
2026-09-06T17:36:33.120547+00:00,BTC-11SEP26-80000-P,79743.35,BTC-11SEP26,put,80000.0,2026-09-11T08:00:00+00:00,0.01259306409400588,0.017,0.0185,0.01775805,0.01775,79743.35,BTC-11SEP26,0.3574,-0.5201,35.67962,286.5,11.6,0.0014999999999999979,BTC,79765.19,15915.45
2026-09-06T17:36:33.120547+00:00,BTC-25SEP26-100000-C,79851.59,BTC-25SEP26,call,100000.0,2026-09-25T08:00:00+00:00,0.050922975113855296,0.001,0.0012,0.00110313,0.0011,79851.59,BTC-25SEP26,0.5012,0.02686,11.19022,7278.5,0.1,0.00019999999999999987,BTC,79765.19,9.59
2026-09-06T17:36:33.120547+00:00,BTC-26MAR27-98000-C,81758.36,BTC-26MAR27,call,98000.0,2027-03-26T08:00:00+00:00,0.5492118183718977,0.055,0.057,0.05577741,0.056,81758.36,BTC-26MAR27,0.4089,0.3282,219.10329,115.0,0.0,0.0020000000000000018,BTC,79765.19,0.0
2026-09-06T17:36:33.120547+00:00,BTC-7SEP26-75500-C,79721.69,BTC-7SEP26,call,75500.0,2026-09-07T08:00:00+00:00,0.0016416609454774761,0.05,0.0555,0.0528528,0.05275,79721.69,BTC-7SEP26,0.47259999999999996,0.99796,0.20903,0.0,0.0,0.005499999999999998,BTC,79765.19,0.0
2026-09-06T17:36:33.120547+00:00,BTC-30OCT26-88000-P,80199.24,BTC-30OCT26,put,88000.0,2026-10-30T08:00:00+00:00,0.14674775266347884,0.12,0.1245,0.12255926,0.12225,80199.24,BTC-30OCT26,0.3874,-0.70838,105.51289,8.1,0.0,0.004500000000000004,BTC,79765.19,0.0
2026-09-06T17:36:33.120547+00:00,BTC-9SEP26-84000-C,79737.06,BTC-9SEP26,call,84000.0,2026-09-09T08:00:00+00:00,0.007117362519741679,0.0006,0.0009,0.00075791,0.00075,79737.06,BTC-9SEP26,0.3845,0.05726,7.72995,13.4,13.5,0.00030000000000000003,BTC,79765.19,1046.99
2026-09-06T17:36:33.120547+00:00,BTC-7SEP26-75000-P,79722.55,BTC-7SEP26,put,75000.0,2026-09-07T08:00:00+00:00,0.0016416609454774761,,0.0001,1.161e-05,,79722.55,BTC-7SEP26,0.5206000000000001,-0.00173,0.17972,117.9,8.2,,BTC,79765.19,65.5
2026-09-06T17:36:33.120547+00:00,BTC-30OCT26-102000-P,80188.94,BTC-30OCT26,put,102000.0,2026-10-30T08:00:00+00:00,0.14674775266347884,0.275,0.2805,0.27808392,0.27775,80188.94,BTC-30OCT26,0.431,-0.91487,47.89705,0.0,0.0,0.005500000000000005,BTC,79765.19,0.0
2026-09-06T17:36:33.120547+00:00,BTC-8SEP26-72000-C,79725.48,BTC-8SEP26,call,72000.0,2026-09-08T08:00:00+00:00,0.004379511732609577,0.0945,0.099,0.09676278,0.09675,79725.48,BTC-8SEP26,0.5577000000000001,0.99736,0.42994,0.0,0.0,0.004500000000000004,BTC,79765.19,0.0
2026-09-06T17:36:33.120547+00:00,BTC-11SEP26-78000-C,79744.21,BTC-11SEP26,call,78000.0,2026-09-11T08:00:00+00:00,0.01259306409400588,0.028,0.03,0.02875587,0.029,79744.21,BTC-11SEP26,0.3504,0.7228,29.9974,943.1,0.7,0.0019999999999999983,BTC,79765.19,1742.46
2026-09-06T17:36:33.120547+00:00,BTC-25SEP26-60000-P,79852.45,BTC-25SEP26,put,60000.0,2026-09-25T08:00:00+00:00,0.050922975113855296,0.0004,0.0005,0.00043617,0.00045,79852.45,BTC-25SEP26,0.5577000000000001,-0.00966,4.66286,5321.2,1.6,9.999999999999999e-05,BTC,79763.31,50.4
2026-09-06T17:36:33.120547+00:00,BTC-27NOV26-88000-P,80515.3,BTC-27NOV26,put,88000.0,2026-11-27T08:00:00+00:00,0.22340757470317768,0.131,0.134,0.13277461,0.1325,80515.3,BTC-27NOV26,0.39299999999999996,-0.64937,141.14744,0.0,0.0,0.0030000000000000027,BTC,79763.31,0.0
2026-09-06T17:36:33.120547+00:00,BTC-7SEP26-72000-P,79722.55,BTC-7SEP26,put,72000.0,2026-09-07T08:00:00+00:00,0.0016416609454774761,,0.0001,1e-08,,79722.55,BTC-7SEP26,0.557,0.0,0.00043,11.4,0.0,,BTC,79763.31,0.0
2026-09-06T17:36:33.120547+00:00,BTC-25DEC26-72000-P,80841.42,BTC-25DEC26,put,72000.0,2026-12-25T08:00:00+00:00,0.3000673967428765,0.0395,0.0405,0.03975097,0.04,80841.42,BTC-25DEC26,0.4039,-0.26252,144.45883,782.7,3.2,0.0010000000000000009,BTC,79763.31,9973.87
2026-09-06T17:36:33.120547+00:00,BTC-26MAR27-56000-C,81758.36,BTC-26MAR27,call,56000.0,2027-03-26T08:00:00+00:00,0.5492118183718977,0.3315,0.3355,0.33365156,0.3335,81758.36,BTC-26MAR27,0.45909999999999995,0.90025,106.21673,16.9,0.0,0.0040000000000000036,BTC,79763.31,0.0
2026-09-06T17:36:33.120547+00:00,BTC-8SEP26-81500-C,79725.48,BTC-8SEP26,call,81500.0,2026-09-08T08:00:00+00:00,0.004379511732609577,0.0016,0.0019,0.0017504,0.00175,79725.48,BTC-8SEP26,0.32780000000000004,0.16156,12.92675,45.1,35.5,0.0002999999999999999,BTC,79763.31,7187.01
2026-09-06T17:36:33.120547+00:00,BTC-27NOV26-105000-P,80504.68,BTC-27NOV26,put,105000.0,2026-11-27T08:00:00+00:00,0.22340757470317768,0.3115,0.317,0.31485441,0.31425,80504.68,BTC-27NOV26,0.43119999999999997,-0.88472,74.04792,0.0,0.0,0.005500000000000005,BTC,79757.5,0.0
2026-09-06T17:36:33.120547+00:00,BTC-9SEP26-76000-C,79737.06,BTC-9SEP26,call,76000.0,2026-09-09T08:00:00+00:00,0.007117362519741679,0.045,0.05,0.04752468,0.0475,79737.06,BTC-9SEP26,0.3655,0.94319,7.68225,0.0,0.0,0.0050000000000000044,BTC,79757.5,0.0
2026-09-06T17:36:33.120547+00:00,BTC-10SEP26-75000-P,79743.43,BTC-10SEP26,put,75000.0,2026-09-10T08:00:00+00:00,0.00985521330687378,0.0008,0.001,0.00083593,0.0009,79743.43,BTC-10SEP26,0.3823,-0.05035,8.21427,2.0,2.0,0.00019999999999999998,BTC,79757.5,143.18
2026-09-06T17:36:33.120547+00:00,BTC-25JUN27-55000-C,82712.78,BTC-25JUN27,call,55000.0,2027-06-25T08:00:00+00:00,0.798356240000919,0.362,0.365,0.36338929,0.3635,82712.78,BTC-25JUN27,0.46270000000000006,0.88377,144.63109,2.9,0.0,0.0030000000000000027,BTC,79757.5,0.0
2026-09-06T17:36:33.120547+00:00,BTC-10SEP26-71000-C,79743.43,BTC-10SEP26,call,71000.0,2026-09-10T08:00:00+00:00,0.00985521330687378,0.1075,0.112,0.10960426,0.10975,79743.43,BTC-10SEP26,0.49369999999999997,0.99171,1.7921,0.0,0.0,0.004500000000000004,BTC,79753.38,0.0
2026-09-06T17:36:33.120547+00:00,BTC-27NOV26-93000-P,80515.3,BTC-27NOV26,put,93000.0,2026-11-27T08:00:00+00:00,0.22340757470317768,0.1785,0.183,0.18133849,0.18075,80515.3,BTC-27NOV26,0.4003,-0.74724,121.70575,2.0,0.0,0.004500000000000004,BTC,79753.38,0.0
2026-09-06T17:36:33.120547+00:00,BTC-27NOV26-108000-P,80515.3,BTC-27NOV26,put,108000.0,2026-11-27T08:00:00+00:00,0.22340757470317768,0.347,0.3525,0.3501385,0.34975,80515.3,BTC-27NOV26,0.4393,-0.90478,64.46952,0.0,0.0,0.005500000000000005,BTC,79753.38,0.0
2026-09-06T17:36:33.120547+00:00,BTC-25DEC26-56000-C,80840.56,BTC-25DEC26,call,56000.0,2026-12-25T08:00:00+00:00,0.3000673967428765,0.3135,0.317,0.31537765,0.31525,80840.56,BTC-25DEC26,0.4818,0.9362,55.37652,41.5,0.0,0.003500000000000003,BTC,79753.38,0.0
2026-09-06T17:36:33.120547+00:00,BTC-25SEP26-52000-P,79852.45,BTC-25SEP26,put,52000.0,2026-09-25T08:00:00+00:00,0.050922975113855296,0.0001,0.0002,0.00015234,0.00015,79852.45,BTC-25SEP26,0.7120000000000001,-0.00296,1.62965,1200.7,16.3,0.0001,BTC,79753.38,388.93
2026-09-06T17:36:33.120547+00:00,BTC-26MAR27-86000-P,81758.36,BTC-26MAR27,put,86000.0,2027-03-26T08:00:00+00:00,0.5492118183718977,0.1485,0.151,0.14984722,0.14975,81758.36,BTC-26MAR27,0.40380000000000005,-0.50739,241.81677,3.1,0.0,0.0025000000000000022,BTC,79753.38,0.0
2026-09-06T17:36:33.120547+00:00,BTC-18SEP26-80000-C,79806.53,BTC-18SEP26,call,80000.0,2026-09-18T08:00:00+00:00,0.03175801960393059,0.025,0.026,0.02556966,0.0255,79806.53,BTC-18SEP26,0.37729999999999997,0.50033,56.76738,510.0,0.0,0.0009999999999999974,BTC,79753.67,0.0
2026-09-06T17:36:33.120547+00:00,BTC-26MAR27-40000-P,81758.36,BTC-26MAR27,put,40000.0,2027-03-26T08:00:00+00:00,0.5492118183718977,0.0048,0.005,0.00488938,0.0049,81758.36,BTC-26MAR27,0.5585,-0.02656,37.26815,1883.9,0.2,0.00020000000000000052,BTC,79753.38,75.04
2026-09-06T17:36:33.120547+00:00,BTC-26MAR27-120000-C,81758.36,BTC-26MAR27,call,120000.0,2027-03-26T08:00:00+00:00,0.5492118183718977,0.021,0.0225,0.02177849,0.02175,81758.36,BTC-26MAR27,0.4328,0.15036,141.57511,791.1,0.1,0.0014999999999999979,BTC,79753.67,175.16
2026-09-06T17:36:33.120547+00:00,BTC-10SEP26-75000-C,79743.43,BTC-10SEP26,call,75000.0,2026-09-10T08:00:00+00:00,0.00985521330687378,0.058,0.0625,0.06012906,0.06025,79743.43,BTC-10SEP26,0.3823,0.94952,8.23079,0.0,0.0,0.004499999999999997,BTC,79753.67,0.0
2026-09-06T17:36:33.120547+00:00,BTC-7SEP26-73000-C,79722.55,BTC-7SEP26,call,73000.0,2026-09-07T08:00:00+00:00,0.0016416609454774761,0.082,0.0865,0.08420326,0.08425,79722.55,BTC-7SEP26,0.557,0.99996,0.00578,0.0,0.0,0.00449999999999999,BTC,79753.67,0.0
2026-09-06T17:36:33.120547+00:00,BTC-30OCT26-80000-C,80199.24,BTC-30OCT26,call,80000.0,2026-10-30T08:00:00+00:00,0.14674775266347884,0.058,0.059,0.05838641,0.0585,80199.24,BTC-30OCT26,0.3751,0.53611,122.12863,1298.6,10.2,0.000999999999999994,BTC,79753.67,48455.36
2026-09-06T17:36:33.120547+00:00,BTC-8SEP26-79500-C,79726.43,BTC-8SEP26,call,79500.0,2026-09-08T08:00:00+00:00,0.004379511732609577,0.0085,0.01,0.00917001,0.00925,79726.43,BTC-8SEP26,0.2949,0.56614,20.76385,14.2,5.0,0.0014999999999999996,BTC,79753.67,4599.74
2026-09-06T17:36:33.120547+00:00,BTC-25JUN27-140000-C,82711.92,BTC-25JUN27,call,140000.0,2027-06-25T08:00:00+00:00,0.798356240000919,0.024,0.0255,0.02448234,0.02475,82711.92,BTC-25JUN27,0.4573,0.13947,164.15789,387.6,0.0,0.0014999999999999979,BTC,79753.67,0.0
2026-09-06T17:36:33.120547+00:00,BTC-27NOV26-67000-C,80515.3,BTC-27NOV26,call,67000.0,2026-11-27T08:00:00+00:00,0.22340757470317768,0.184,0.1865,0.18466152,0.18525,80515.3,BTC-27NOV26,0.41659999999999997,0.84899,89.17607,0.0,0.0,0.0025000000000000022,BTC,79753.01,0.0
2026-09-06T17:36:33.120547+00:00,BTC-30OCT26-96000-P,80199.24,BTC-30OCT26,put,96000.0,2026-10-30T08:00:00+00:00,0.14674775266347884,0.205,0.2105,0.20825419,0.20775,80199.24,BTC-30OCT26,0.4129,-0.85456,70.20507,0.1,0.0,0.005500000000000005,BTC,79753.67,0.0
2026-09-06T17:36:33.120547+00:00,BTC-7SEP26-73000-P,79721.69,BTC-7SEP26,put,73000.0,2026-09-07T08:00:00+00:00,0.0016416609454774761,,0.0001,2.4e-07,,79721.69,BTC-7SEP26,0.557,-4e-05,0.00579,16.0,15.0,,BTC,79753.01,119.67
2026-09-06T17:36:33.120547+00:00,BTC-11SEP26-77000-P,79743.35,BTC-11SEP26,put,77000.0,2026-09-11T08:00:00+00:00,0.01259306409400588,0.004,0.0043,0.00415297,0.00415,79743.35,BTC-11SEP26,0.3563,-0.18396,23.81353,549.6,3.2,0.0002999999999999999,BTC,79753.01,1052.46
2026-09-06T17:36:33.120547+00:00,BTC-25SEP26-190000-C,79852.45,BTC-25SEP26,call,190000.0,2026-09-25T08:00:00+00:00,0.050922975113855296,,0.0001,1.54e-06,,79852.45,BTC-25SEP26,0.9386,3e-05,0.02568,762.1,0.0,,BTC,79753.01,0.0
2026-09-06T17:36:33.120547+00:00,BTC-26MAR27-56000-P,81758.36,BTC-26MAR27,put,56000.0,2027-03-26T08:00:00+00:00,0.5492118183718977,0.018,0.0195,0.01872518,0.01875,81758.36,BTC-26MAR27,0.45909999999999995,-0.09983,106.25844,122.9,0.0,0.0015000000000000013,BTC,79753.01,0.0
2026-09-06T17:36:33.120547+00:00,BTC-11SEP26-84000-C,79744.21,BTC-11SEP26,call,84000.0,2026-09-11T08:00:00+00:00,0.01259306409400588,0.0026,0.0029,0.00278821,0.00275,79744.21,BTC-11SEP26,0.3995,0.12869,18.80694,1383.7,34.6,0.0002999999999999999,BTC,79753.01,8586.57
2026-09-06T17:36:33.120547+00:00,BTC-25JUN27-56000-C,82712.78,BTC-25JUN27,call,56000.0,2027-06-25T08:00:00+00:00,0.798356240000919,0.352,0.355,0.35329622,0.3535,82712.78,BTC-25JUN27,0.45880000000000004,0.87625,151.15076,3.0,0.0,0.0030000000000000027,BTC,79753.15,0.0
2026-09-06T17:36:33.120547+00:00,BTC-25SEP26-64000-C,79851.59,BTC-25SEP26,call,64000.0,2026-09-25T08:00:00+00:00,0.050922975113855296,0.1975,0.2015,0.19935353,0.1995,79851.59,BTC-25SEP26,0.4986,0.97852,9.27265,663.4,0.0,0.0040000000000000036,BTC,79753.15,0.0
2026-09-06T17:36:33.120547+00:00,BTC-25JUN27-94000-C,82711.92,BTC-25JUN27,call,94000.0,2027-06-25T08:00:00+00:00,0.798356240000919,0.098,0.1,0.09907957,0.099,82711.92,BTC-25JUN27,0.418,0.43838,291.46546,17.7,0.0,0.0020000000000000018,BTC,79753.15,0.0
2026-09-06T17:36:33.120547+00:00,BTC-25JUN27-200000-P,82712.78,BTC-25JUN27,put,200000.0,2027-06-25T08:00:00+00:00,0.798356240000919,1.4045,1.453,1.42617267,1.42875,82712.78,BTC-25JUN27,0.5186999999999999,-0.95275,72.88581,2.1,0.0,0.04849999999999999,BTC,79753.15,0.0
2026-09-06T17:36:33.120547+00:00,BTC-27NOV26-78000-C,80504.68,BTC-27NOV26,call,78000.0,2026-11-27T08:00:00+00:00,0.22340757470317768,0.088,0.09,0.08868893,0.089,80504.68,BTC-27NOV26,0.3889,0.60472,146.63926,34.9,0.0,0.0020000000000000018,BTC,79753.4,0.0
2026-09-06T17:36:33.120547+00:00,BTC-25SEP26-220000-P,79852.45,BTC-25SEP26,put,220000.0,2026-09-25T08:00:00+00:00,0.050922975113855296,1.747,1.7655,1.75544877,1.75625,79852.45,BTC-25SEP26,1.0735999999999999,-0.99998,0.01897,27.7,0.0,0.01849999999999996,BTC,79753.15,0.0
2026-09-06T17:36:33.120547+00:00,BTC-27NOV26-62000-P,80504.68,BTC-27NOV26,put,62000.0,2026-11-27T08:00:00+00:00,0.22340757470317768,0.009,0.01,0.0094789,0.0095,80504.68,BTC-27NOV26,0.4449,-0.08883,61.23226,107.3,0.0,0.0010000000000000009,BTC,79753.4,0.0
2026-09-06T17:36:33.120547+00:00,BTC-7SEP26-88000-P,79721.69,BTC-7SEP26,put,88000.0,2026-09-07T08:00:00+00:00,0.0016416609454774761,0.1015,0.1065,0.10397445,0.104,79721.69,BTC-7SEP26,0.4808,-1.0,4e-05,0.0,0.0,0.0049999999999999906,BTC,79753.4,0.0
2026-09-06T17:36:33.120547+00:00,BTC-25DEC26-50000-C,80840.56,BTC-25DEC26,call,50000.0,2026-12-25T08:00:00+00:00,0.3000673967428765,0.3845,0.3875,0.38637747,0.386,80840.56,BTC-25DEC26,0.5373,0.96256,36.18312,260.7,0.0,0.0030000000000000027,BTC,79753.4,0.0
2026-09-06T17:36:33.120547+00:00,BTC-18SEP26-82000-P,79796.23,BTC-18SEP26,put,82000.0,2026-09-18T08:00:00+00:00,0.03175801960393059,0.0425,0.0445,0.04369578,0.0435,79796.23,BTC-18SEP26,0.38380000000000003,-0.64028,53.22018,26.8,0.0,0.001999999999999995,BTC,79753.4,0.0
2026-09-06T17:36:33.120547+00:00,BTC-30OCT26-45000-P,80199.24,BTC-30OCT26,put,45000.0,2026-10-30T08:00:00+00:00,0.14674775266347884,0.0008,0.001,0.00082816,0.0009,80199.24,BTC-30OCT26,0.6720999999999999,-0.00882,7.34017,220.0,1.2,0.00019999999999999998,BTC,79753.4,78.32
2026-09-06T17:36:33.120547+00:00,BTC-30OCT26-69000-C,80199.24,BTC-30OCT26,call,69000.0,2026-10-30T08:00:00+00:00,0.14674775266347884,0.1505,0.154,0.1519417,0.15225,80199.24,BTC-30OCT26,0.4021,0.8541,70.3521,685.1,0.0,0.003500000000000003,BTC,79753.4,0.0
2026-09-06T17:36:33.120547+00:00,BTC-7SEP26-81500-P,79721.69,BTC-7SEP26,put,81500.0,2026-09-07T08:00:00+00:00,0.0016416609454774761,0.02,0.0255,0.02261902,0.02275,79721.69,BTC-7SEP26,0.3071,-0.96037,2.76186,0.1,0.0,0.005499999999999998,BTC,79751.26,0.0
2026-09-06T17:36:33.120547+00:00,BTC-8SEP26-86000-C,79726.43,BTC-8SEP26,call,86000.0,2026-09-08T08:00:00+00:00,0.004379511732609577,,0.0001,3.537e-05,,79726.43,BTC-8SEP26,0.4307,0.00419,0.65239,77.1,74.9,,BTC,79751.26,878.93
2026-09-06T17:36:33.120547+00:00,BTC-25JUN27-84000-C,82711.92,BTC-25JUN27,call,84000.0,2027-06-25T08:00:00+00:00,0.798356240000919,0.14,0.1425,0.14129124,0.14125,82711.92,BTC-25JUN27,0.4171,0.5578,291.88225,18.9,0.0,0.0024999999999999745,BTC,79751.26,0.0
2026-09-06T17:36:33.120547+00:00,BTC-25SEP26-40000-P,79851.59,BTC-25SEP26,put,40000.0,2026-09-25T08:00:00+00:00,0.050922975113855296,,0.0001,8.515e-05,,79851.59,BTC-25SEP26,1.0495999999999999,-0.0012,0.71481,2816.8,5.0,,BTC,79751.26,39.91
2026-09-06T17:36:33.120547+00:00,BTC-25SEP26-280000-P,79851.59,BTC-25SEP26,put,280000.0,2026-09-25T08:00:00+00:00,0.050922975113855296,2.4955,2.517,2.50693429,2.50625,79851.59,BTC-25SEP26,1.2987,-0.99998,0.01407,0.0,0.0,0.021500000000000075,BTC,79751.26,0.0
2026-09-06T17:36:33.120547+00:00,BTC-30OCT26-69000-P,80199.24,BTC-30OCT26,put,69000.0,2026-10-30T08:00:00+00:00,0.14674775266347884,0.012,0.013,0.01246808,0.0125,80199.24,BTC-30OCT26,0.4021,-0.14594,70.36444,295.5,0.1,0.0009999999999999992,BTC,79751.26,103.31
2026-09-06T17:36:33.120547+00:00,BTC-9SEP26-85000-P,79737.06,BTC-9SEP26,put,85000.0,2026-09-09T08:00:00+00:00,0.007117362519741679,0.064,0.0695,0.06657061,0.06675,79737.06,BTC-9SEP26,0.40630000000000005,-0.96726,4.92169,0.0,0.0,0.005500000000000005,BTC,79751.32,0.0
2026-09-06T17:36:33.120547+00:00,BTC-7SEP26-79500-P,79722.55,BTC-7SEP26,put,79500.0,2026-09-07T08:00:00+00:00,0.0016416609454774761,0.0027,0.0034,0.00308175,0.00305,79722.55,BTC-7SEP26,0.265,-0.38854,12.3763,117.4,70.5,0.0006999999999999997,BTC,79751.32,14212.34
2026-09-06T17:36:33.120547+00:00,BTC-27NOV26-82000-P,80504.68,BTC-27NOV26,put,82000.0,2026-11-27T08:00:00+00:00,0.22340757470317768,0.083,0.084,0.08356903,0.0835,80504.68,BTC-27NOV26,0.3886,-0.50266,151.89558,26.0,0.0,0.0010000000000000009,BTC,79751.32,0.0
2026-09-06T17:36:33.120547+00:00,BTC-30OCT26-62000-P,80199.24,BTC-30OCT26,put,62000.0,2026-10-30T08:00:00+00:00,0.14674775266347884,0.0046,0.005,0.00478016,0.0048,80199.24,BTC-30OCT26,0.4558,-0.0592,36.2337,1201.0,8.0,0.0004000000000000002,BTC,79751.32,2879.49
2026-09-06T17:36:33.120547+00:00,BTC-18SEP26-81000-C,79806.53,BTC-18SEP26,call,81000.0,2026-09-18T08:00:00+00:00,0.03175801960393059,0.02,0.021,0.02030437,0.0205,79806.53,BTC-18SEP26,0.3799,0.42754,55.82641,579.2,19.4,0.0010000000000000009,BTC,79751.25,31777.81
2026-09-06T17:36:33.120547+00:00,BTC-8SEP26-75000-C,79726.43,BTC-8SEP26,call,75000.0,2026-09-08T08:00:00+00:00,0.004379511732609577,0.057,0.062,0.05927333,0.0595,79726.43,BTC-8SEP26,0.4366,0.98356,2.16232,0.0,0.0,0.0049999999999999975,BTC,79751.32,0.0
2026-09-06T17:36:33.120547+00:00,BTC-25JUN27-88000-P,82712.78,BTC-25JUN27,put,88000.0,2027-06-25T08:00:00+00:00,0.798356240000919,0.1845,0.1885,0.18654871,0.1865,82712.78,BTC-25JUN27,0.4165,-0.49198,294.92366,4.7,0.0,0.0040000000000000036,BTC,79751.32,0.0
2026-09-06T17:36:33.120547+00:00,BTC-30OCT26-40000-C,80199.24,BTC-30OCT26,call,40000.0,2026-10-30T08:00:00+00:00,0.14674775266347884,0.5005,0.503,0.50157848,0.50175,80199.24,BTC-30OCT26,0.7349,0.99549,4.05221,0.1,0.0,0.0025000000000000577,BTC,79751.32,0.0
2026-09-06T17:36:33.120547+00:00,BTC-30OCT26-86000-P,80199.24,BTC-30OCT26,put,86000.0,2026-10-30T08:00:00+00:00,0.14674775266347884,0.102,0.1045,0.10366692,0.10325,80199.24,BTC-30OCT26,0.3831,-0.65584,113.14662,98.5,0.0,0.0025000000000000022,BTC,79751.25,0.0
2026-09-06T17:36:33.120547+00:00,BTC-10SEP26-83000-C,79743.43,BTC-10SEP26,call,83000.0,2026-09-10T08:00:00+00:00,0.00985521330687378,0.0026,0.0029,0.00273699,0.00275,79743.43,BTC-10SEP26,0.3762,0.14712,18.22658,0.1,0.1,0.0002999999999999999,BTC,79751.25,23.15
2026-09-06T17:36:33.120547+00:00,BTC-26MAR27-82000-P,81758.36,BTC-26MAR27,put,82000.0,2027-03-26T08:00:00+00:00,0.5492118183718977,0.1195,0.122,0.12056018,0.12075,81758.36,BTC-26MAR27,0.4032,-0.44425,239.48278,6.9,0.0,0.0025000000000000022,BTC,79751.25,0.0
2026-09-06T17:36:33.120547+00:00,BTC-25DEC26-64000-C,80840.56,BTC-25DEC26,call,64000.0,2026-12-25T08:00:00+00:00,0.3000673967428765,0.2245,0.2275,0.22618553,0.226,80840.56,BTC-25DEC26,0.4322,0.86549,95.95698,405.0,0.0,0.0030000000000000027,BTC,79751.25,0.0
2026-09-06T17:36:33.120547+00:00,BTC-26MAR27-95000-P,81759.22,BTC-26MAR27,put,95000.0,2027-03-26T08:00:00+00:00,0.5492118183718977,0.2245,0.23,0.2262551,0.22725,81759.22,BTC-26MAR27,0.4067,-0.6355,227.76134,0.4,0.0,0.005500000000000005,BTC,79751.25,0.0
2026-09-06T17:36:33.120547+00:00,BTC-25DEC26-95000-C,80840.56,BTC-25DEC26,call,95000.0,2026-12-25T08:00:00+00:00,0.3000673967428765,0.031,0.032,0.03166923,0.0315,80840.56,BTC-25DEC26,0.3994,0.26528,145.20237,1480.9,0.0,0.0010000000000000009,BTC,79751.21,0.0
2026-09-06T17:36:33.120547+00:00,BTC-11SEP26-82000-C,79743.35,BTC-11SEP26,call,82000.0,2026-09-11T08:00:00+00:00,0.01259306409400588,0.006,0.0065,0.00645166,0.00625,79743.35,BTC-11SEP26,0.37479999999999997,0.26158,29.12945,1845.5,8.0,0.0004999999999999996,BTC,79751.21,4315.41
2026-09-06T17:36:33.120547+00:00,BTC-27NOV26-105000-C,80504.68,BTC-27NOV26,call,105000.0,2026-11-27T08:00:00+00:00,0.22340757470317768,0.01,0.011,0.01048779,0.0105,80504.68,BTC-27NOV26,0.43119999999999997,0.11512,73.95834,7.7,0.2,0.0009999999999999992,BTC,79751.21,168.1
2026-09-06T17:36:33.120547+00:00,BTC-25SEP26-95000-C,79851.59,BTC-25SEP26,call,95000.0,2026-09-25T08:00:00+00:00,0.050922975113855296,0.002,0.0023,0.00212446,0.00215,79851.59,BTC-25SEP26,0.4567,0.05129,18.97577,5581.2,0.2,0.0002999999999999999,BTC,79751.21,35.99
2026-09-06T17:36:33.120547+00:00,BTC-27NOV26-94000-C,80504.68,BTC-27NOV26,call,94000.0,2026-11-27T08:00:00+00:00,0.22340757470317768,0.0235,0.0245,0.02400883,0.024,80504.68,BTC-27NOV26,0.40240000000000004,0.23638,117.3827,48.3,0.0,0.0010000000000000009,BTC,79751.03,0.0
2026-09-06T17:36:33.120547+00:00,BTC-11SEP26-74000-P,79743.35,BTC-11SEP26,put,74000.0,2026-09-11T08:00:00+00:00,0.01259306409400588,0.0009,0.0011,0.000987,0.001,79743.35,BTC-11SEP26,0.4106,-0.0497,9.18864,835.5,86.0,0.0002000000000000001,BTC,79751.21,8201.3
2026-09-06T17:36:33.120547+00:00,BTC-25SEP26-35000-C,79851.59,BTC-25SEP26,call,35000.0,2026-09-25T08:00:00+00:00,0.050922975113855296,0.561,0.5625,0.5616493,0.56175,79851.59,BTC-25SEP26,1.0855,0.99976,0.16319,29.3,0.0,0.0014999999999999458,BTC,79751.03,0.0
2026-09-06T17:36:33.120547+00:00,BTC-10SEP26-71000-P,79743.43,BTC-10SEP26,put,71000.0,2026-09-10T08:00:00+00:00,0.00985521330687378,0.0001,0.0002,0.0001401,0.00015,79743.43,BTC-10SEP26,0.49369999999999997,-0.00832,1.79633,0.0,0.0,0.0001,BTC,79751.03,0.0
2026-09-06T17:36:33.120547+00:00,BTC-25DEC26-240000-P,80840.56,BTC-25DEC26,put,240000.0,2026-12-25T08:00:00+00:00,0.3000673967428765,1.954,1.987,1.96946861,1.9705,80840.56,BTC-25DEC26,0.6768000000000001,-0.99701,4.04588,0.0,0.0,0.03300000000000014,BTC,79751.03,0.0
2026-09-06T17:36:33.120547+00:00,BTC-18SEP26-88000-P,79796.23,BTC-18SEP26,put,88000.0,2026-09-18T08:00:00+00:00,0.03175801960393059,0.1045,0.1085,0.10648939,0.1065,79796.23,BTC-18SEP26,0.4224,-0.89582,25.72687,0.0,0.0,0.0040000000000000036,BTC,79751.03,0.0
2026-09-06T17:36:33.120547+00:00,BTC-10SEP26-77000-C,79743.43,BTC-10SEP26,call,77000.0,2026-09-10T08:00:00+00:00,0.00985521330687378,0.0345,0.0395,0.03702995,0.037,79743.43,BTC-10SEP26,0.3493,0.84875,18.56684,0.0,0.0,0.0049999999999999975,BTC,79751.15,0.0
2026-09-06T17:36:33.120547+00:00,BTC-25JUN27-105000-C,82711.92,BTC-25JUN27,call,105000.0,2027-06-25T08:00:00+00:00,0.798356240000919,0.0665,0.0685,0.06752198,0.0675,82711.92,BTC-25JUN27,0.4228,0.32924,267.528,152.5,0.0,0.0020000000000000018,BTC,79751.03,0.0
2026-09-06T17:36:33.120547+00:00,BTC-25DEC26-86000-P,80840.56,BTC-25DEC26,put,86000.0,2026-12-25T08:00:00+00:00,0.3000673967428765,0.123,0.1245,0.12384383,0.12375,80840.56,BTC-25DEC26,0.39189999999999997,-0.57135,173.92379,57.9,0.0,0.0015000000000000013,BTC,79751.15,0.0
2026-09-06T17:36:33.120547+00:00,BTC-25SEP26-200000-C,79851.59,BTC-25SEP26,call,200000.0,2026-09-25T08:00:00+00:00,0.050922975113855296,,0.0001,1.32e-06,,79851.59,BTC-25SEP26,0.9823999999999999,3e-05,0.02151,1018.5,0.0,,BTC,79751.15,0.0
2026-09-06T17:36:33.120547+00:00,BTC-26MAR27-150000-P,81759.22,BTC-26MAR27,put,150000.0,2027-03-26T08:00:00+00:00,0.5492118183718977,0.835,0.848,0.84353105,0.8415,81759.22,BTC-26MAR27,0.4792,-0.93702,74.99797,0.6,0.0,0.013000000000000012,BTC,79751.15,0.0
2026-09-06T17:36:33.120547+00:00,BTC-7SEP26-83500-P,79722.55,BTC-7SEP26,put,83500.0,2026-09-07T08:00:00+00:00,0.0016416609454774761,0.045,0.05,0.04753141,0.0475,79722.55,BTC-7SEP26,0.4,-0.99774,0.2288,0.0,0.0,0.0050000000000000044,BTC,79751.15,0.0
2026-09-06T17:36:33.120547+00:00,BTC-9SEP26-89000-P,79737.06,BTC-9SEP26,put,89000.0,2026-09-09T08:00:00+00:00,0.007117362519741679,0.1135,0.1195,0.11640571,0.1165,79737.06,BTC-9SEP26,0.5188,-0.99352,1.22514,0.0,0.0,0.0059999999999999915,BTC,79751.15,0.0
2026-09-06T17:36:33.120547+00:00,BTC-27NOV26-84000-P,80504.68,BTC-27NOV26,put,84000.0,2026-11-27T08:00:00+00:00,0.22340757470317768,0.098,0.099,0.09865823,0.0985,80504.68,BTC-27NOV26,0.3893,-0.55462,150.47115,3.2,0.0,0.0010000000000000009,BTC,79751.05,0.0
2026-09-06T17:36:33.120547+00:00,BTC-8SEP26-72000-P,79726.43,BTC-8SEP26,put,72000.0,2026-09-08T08:00:00+00:00,0.004379511732609577,,0.0001,3.103e-05,,79726.43,BTC-8SEP26,0.5577000000000001,-0.00268,0.43584,5.8,0.4,,BTC,79751.15,6.39
2026-09-06T17:36:33.120547+00:00,BTC-25SEP26-45000-P,79851.59,BTC-25SEP26,put,45000.0,2026-09-25T08:00:00+00:00,0.050922975113855296,,0.0001,9.139e-05,,79851.59,BTC-25SEP26,0.8865999999999999,-0.00151,0.88268,2177.0,5.1,,BTC,79751.05,40.69
2026-09-06T17:36:33.120547+00:00,BTC-7SEP26-84000-P,79721.69,BTC-7SEP26,put,84000.0,2026-09-07T08:00:00+00:00,0.0016416609454774761,0.051,0.0565,0.05380133,0.05375,79721.69,BTC-7SEP26,0.43439999999999995,-0.99842,0.16488,0.0,0.0,0.005500000000000005,BTC,79751.05,0.0
2026-09-06T17:36:33.120547+00:00,BTC-25DEC26-20000-C,80840.56,BTC-25DEC26,call,20000.0,2026-12-25T08:00:00+00:00,0.3000673967428765,0.752,0.7535,0.75297526,0.75275,80840.56,BTC-25DEC26,0.9875,0.99784,3.0156,4.2,0.0,0.0014999999999999458,BTC,79751.05,0.0
2026-09-06T17:36:33.120547+00:00,BTC-26MAR27-110000-C,81758.36,BTC-26MAR27,call,110000.0,2027-03-26T08:00:00+00:00,0.5492118183718977,0.032,0.0335,0.0326701,0.03275,81758.36,BTC-26MAR27,0.4203,0.21307,176.203,1157.6,0.0,0.0015000000000000013,BTC,79751.05,0.0
2026-09-06T17:36:33.120547+00:00,BTC-25SEP26-145000-C,79852.45,BTC-25SEP26,call,145000.0,2026-09-25T08:00:00+00:00,0.050922975113855296,,0.0001,2.045e-05,,79852.45,BTC-25SEP26,0.7775,0.00047,0.30013,490.3,0.0,,BTC,79751.05,0.0
2026-09-06T17:36:33.120547+00:00,BTC-26MAR27-125000-C,81758.36,BTC-26MAR27,call,125000.0,2027-03-26T08:00:00+00:00,0.5492118183718977,0.0175,0.019,0.01825916,0.01825,81758.36,BTC-26MAR27,0.4409,0.1282,127.00429,302.8,0.2,0.0014999999999999979,BTC,79750.23,295.0
2026-09-06T17:36:33.120547+00:00,BTC-11SEP26-83000-C,79744.21,BTC-11SEP26,call,83000.0,2026-09-11T08:00:00+00:00,0.01259306409400588,0.0041,0.0044,0.0042392,0.00425,79744.21,BTC-11SEP26,0.3864,0.18461,23.86528,415.9,3.9,0.0002999999999999999,BTC,79750.23,1522.49
2026-09-06T17:36:33.120547+00:00,BTC-25DEC26-150000-P,80841.42,BTC-25DEC26,put,150000.0,2026-12-25T08:00:00+00:00,0.3000673967428765,0.854,0.8625,0.85801875,0.85825,80841.42,BTC-25DEC26,0.5283,-0.97671,24.40281,4.4,0.0,0.008500000000000063,BTC,79750.23,0.0
2026-09-06T17:36:33.120547+00:00,BTC-25JUN27-120000-P,82712.78,BTC-25JUN27,put,120000.0,2027-06-25T08:00:00+00:00,0.798356240000919,0.489,0.497,0.49309301,0.493,82712.78,BTC-25JUN27,0.4359,-0.77639,220.97719,0.1,0.0,0.008000000000000007,BTC,79750.23,0.0
2026-09-06T17:36:33.120547+00:00,BTC-30OCT26-87000-P,80188.94,BTC-30OCT26,put,87000.0,2026-10-30T08:00:00+00:00,0.14674775266347884,0.111,0.1145,0.11303063,0.11275,80188.94,BTC-30OCT26,0.3857,-0.6829,109.49977,29.0,0.0,0.003500000000000003,BTC,79750.23,0.0
2026-09-06T17:36:33.120547+00:00,BTC-30OCT26-63000-P,80199.24,BTC-30OCT26,put,63000.0,2026-10-30T08:00:00+00:00,0.14674775266347884,0.005,0.006,0.00547567,0.0055,80199.24,BTC-30OCT26,0.4474,-0.06756,40.15708,515.0,0.0,0.001,BTC,79750.23,0.0
2026-09-06T17:36:33.120547+00:00,BTC-25SEP26-160000-C,79851.59,BTC-25SEP26,call,160000.0,2026-09-25T08:00:00+00:00,0.050922975113855296,,0.0001,5.23e-06,,79851.59,BTC-25SEP26,0.8188,0.00012,0.08644,1498.4,0.0,,BTC,79750.23,0.0
2026-09-06T17:36:33.120547+00:00,BTC-11SEP26-60000-P,79744.21,BTC-11SEP26,put,60000.0,2026-09-11T08:00:00+00:00,0.01259306409400588,,0.0001,7.24e-06,,79744.21,BTC-11SEP26,0.7525,-0.00032,0.10586,98.1,0.0,,BTC,79749.17,0.0
2026-09-06T17:36:33.120547+00:00,BTC-9SEP26-72000-C,79737.06,BTC-9SEP26,call,72000.0,2026-09-09T08:00:00+00:00,0.007117362519741679,0.095,0.0995,0.09707007,0.09725,79737.06,BTC-9SEP26,0.5267000000000001,0.9899,1.80864,0.0,0.0,0.004500000000000004,BTC,79749.17,0.0
2026-09-06T17:36:33.120547+00:00,BTC-25JUN27-64000-P,82711.92,BTC-25JUN27,put,64000.0,2027-06-25T08:00:00+00:00,0.798356240000919,0.0515,0.0535,0.05245118,0.0525,82711.92,BTC-25JUN27,0.43770000000000003,-0.19724,205.27313,62.4,0.0,0.0020000000000000018,BTC,79749.17,0.0
2026-09-06T17:36:33.120547+00:00,BTC-8SEP26-76000-C,79726.43,BTC-8SEP26,call,76000.0,2026-09-08T08:00:00+00:00,0.004379511732609577,0.0445,0.0495,0.0469264,0.047,79726.43,BTC-8SEP26,0.4014,0.96552,4.02774,0.0,0.0,0.0050000000000000044,BTC,79749.17,0.0
2026-09-06T17:36:33.120547+00:00,BTC-25JUN27-95000-C,82712.78,BTC-25JUN27,call,95000.0,2027-06-25T08:00:00+00:00,0.798356240000919,0.0945,0.0965,0.09560698,0.0955,82712.78,BTC-25JUN27,0.4182,0.42731,290.06745,56.9,0.0,0.0020000000000000018,BTC,79749.17,0.0
2026-09-06T17:36:33.120547+00:00,BTC-25JUN27-65000-C,82712.78,BTC-25JUN27,call,65000.0,2027-06-25T08:00:00+00:00,0.798356240000919,0.2685,0.2715,0.26994901,0.27,82712.78,BTC-25JUN27,0.4357,0.79212,211.82822,1.6,0.0,0.0030000000000000027,BTC,79749.17,0.0
2026-09-06T17:36:33.120547+00:00,BTC-25DEC26-98000-C,80841.42,BTC-25DEC26,call,98000.0,2026-12-25T08:00:00+00:00,0.3000673967428765,0.025,0.026,0.02569871,0.0255,80841.42,BTC-25DEC26,0.4036,0.22396,132.52973,342.1,0.0,0.0009999999999999974,BTC,79749.17,0.0
2026-09-06T17:36:33.120547+00:00,BTC-30OCT26-79000-P,80199.24,BTC-30OCT26,put,79000.0,2026-10-30T08:00:00+00:00,0.14674775266347884,0.049,0.05,0.04980285,0.0495,80199.24,BTC-30OCT26,0.3751,-0.42952,120.70305,485.4,6.0,0.0010000000000000009,BTC,79749.17,23855.66
2026-09-06T17:36:33.120547+00:00,BTC-30OCT26-98000-C,80199.24,BTC-30OCT26,call,98000.0,2026-10-30T08:00:00+00:00,0.14674775266347884,0.0085,0.0095,0.00901109,0.009,80199.24,BTC-30OCT26,0.41960000000000003,0.12185,62.14973,282.2,0.0,0.0009999999999999992,BTC,79749.17,0.0
2026-09-06T17:36:33.120547+00:00,BTC-25DEC26-108000-P,80841.42,BTC-25DEC26,put,108000.0,2026-12-25T08:00:00+00:00,0.3000673967428765,0.347,0.353,0.34975408,0.35,80841.42,BTC-25DEC26,0.4242,-0.87055,93.4549,0.1,0.0,0.006000000000000005,BTC,79749.17,0.0
2026-09-06T17:36:33.120547+00:00,BTC-25JUN27-74000-P,82711.92,BTC-25JUN27,put,74000.0,2027-06-25T08:00:00+00:00,0.798356240000919,0.094,0.097,0.09559847,0.0955,82711.92,BTC-25JUN27,0.42340000000000005,-0.3143,262.4098,12.2,0.0,0.0030000000000000027,BTC,79749.17,0.0
2026-09-06T17:36:33.120547+00:00,BTC-7SEP26-79000-C,79721.69,BTC-7SEP26,call,79000.0,2026-09-07T08:00:00+00:00,0.0016416609454774761,0.007,0.013,0.01029533,0.01,79721.69,BTC-7SEP26,0.2784,0.79593,9.14968,4.0,0.0,0.005999999999999999,BTC,79749.17,0.0
2026-09-06T17:36:33.120547+00:00,BTC-27NOV26-66000-C,80504.68,BTC-27NOV26,call,66000.0,2026-11-27T08:00:00+00:00,0.22340757470317768,0.1935,0.197,0.19514155,0.19525,80504.68,BTC-27NOV26,0.42090000000000005,0.8641,83.04202,0.0,0.0,0.003500000000000003,BTC,79747.99,0.0
2026-09-06T17:36:33.120547+00:00,BTC-25SEP26-86000-C,79852.45,BTC-25SEP26,call,86000.0,2026-09-25T08:00:00+00:00,0.050922975113855296,0.01,0.011,0.0105062,0.0105,79852.45,BTC-25SEP26,0.3954,0.21614,52.83615,1847.2,3.2,0.0009999999999999992,BTC,79747.99,2793.16
2026-09-06T17:36:33.120547+00:00,BTC-8SEP26-87000-C,79726.43,BTC-8SEP26,call,87000.0,2026-09-08T08:00:00+00:00,0.004379511732609577,,0.0001,3.364e-05,,79726.43,BTC-8SEP26,0.4863,0.00355,0.56146,8.0,8.0,,BTC,79747.99,192.13
2026-09-06T17:36:33.120547+00:00,BTC-25DEC26-115000-C,80840.56,BTC-25DEC26,call,115000.0,2026-12-25T08:00:00+00:00,0.3000673967428765,0.009,0.0095,0.00914874,0.00925,80840.56,BTC-25DEC26,0.44020000000000004,0.09013,72.02126,2332.6,1.0,0.0005000000000000004,BTC,79747.99,798.41
2026-09-06T17:36:33.120547+00:00,BTC-26MAR27-140000-P,81758.36,BTC-26MAR27,put,140000.0,2027-03-26T08:00:00+00:00,0.5492118183718977,0.7195,0.728,0.72393115,0.72375,81758.36,BTC-26MAR27,0.4639,-0.91799,91.82079,1.9,0.2,0.008499999999999952,BTC,79747.99,11610.56
2026-09-06T17:36:33.120547+00:00,BTC-25DEC26-80000-P,80840.56,BTC-25DEC26,put,80000.0,2026-12-25T08:00:00+00:00,0.3000673967428765,0.0795,0.081,0.0806102,0.08025,80840.56,BTC-25DEC26,0.3946,-0.43756,174.58127,1262.9,0.0,0.0015000000000000013,BTC,79747.99,0.0
2026-09-06T17:36:33.120547+00:00,BTC-25SEP26-56000-P,79851.59,BTC-25SEP26,put,56000.0,2026-09-25T08:00:00+00:00,0.050922975113855296,0.0002,0.0004,0.00028656,0.0003,79851.59,BTC-25SEP26,0.6423000000000001,-0.00587,3.00437,1664.0,0.1,0.0002,BTC,79747.99,1.6
2026-09-06T17:36:33.120547+00:00,BTC-11SEP26-69000-P,79743.35,BTC-11SEP26,put,69000.0,2026-09-11T08:00:00+00:00,0.01259306409400588,0.0001,0.0003,0.00017858,0.0002,79743.35,BTC-11SEP26,0.5472,-0.00848,2.06464,609.7,1.1,0.00019999999999999998,BTC,79748.12,17.56
2026-09-06T17:36:33.120547+00:00,BTC-26MAR27-70000-P,81759.22,BTC-26MAR27,put,70000.0,2027-03-26T08:00:00+00:00,0.5492118183718977,0.055,0.0565,0.05583451,0.05575,81759.22,BTC-26MAR27,0.41590000000000005,-0.2552,194.73518,772.8,0.0,0.0015000000000000013,BTC,79748.12,0.0
2026-09-06T17:36:33.120547+00:00,BTC-25JUN27-86000-C,82712.78,BTC-25JUN27,call,86000.0,2027-06-25T08:00:00+00:00,0.798356240000919,0.1305,0.133,0.13168994,0.13175,82712.78,BTC-25JUN27,0.4171,0.53274,293.97488,26.8,0.0,0.0025000000000000022,BTC,79748.12,0.0
2026-09-06T17:36:33.120547+00:00,BTC-7SEP26-91000-P,79722.55,BTC-7SEP26,put,91000.0,2026-09-07T08:00:00+00:00,0.0016416609454774761,0.139,0.1445,0.14160994,0.14175,79722.55,BTC-7SEP26,0.5595,-1.0,0.0,0.0,0.0,0.005499999999999977,BTC,79748.12,0.0
2026-09-06T17:36:33.120547+00:00,BTC-8SEP26-70000-C,79726.43,BTC-8SEP26,call,70000.0,2026-09-08T08:00:00+00:00,0.004379511732609577,0.12,0.124,0.12183259,0.122,79726.43,BTC-8SEP26,0.6307,0.99916,0.15174,0.0,0.0,0.0040000000000000036,BTC,79748.12,0.0
2026-09-06T17:36:33.120547+00:00,BTC-27NOV26-100000-C,80515.3,BTC-27NOV26,call,100000.0,2026-11-27T08:00:00+00:00,0.22340757470317768,0.0145,0.0155,0.01501774,0.015,80515.3,BTC-27NOV26,0.4168,0.15848,92.0613,101.2,35.1,0.0009999999999999992,BTC,79747.98,43225.03
2026-09-06T17:36:33.120547+00:00,BTC-7SEP26-78000-P,79721.69,BTC-7SEP26,put,78000.0,2026-09-07T08:00:00+00:00,0.0016416609454774761,0.0002,0.0004,0.00027855,0.0003,79721.69,BTC-7SEP26,0.32689999999999997,-0.04813,3.2306,154.1,69.0,0.0002,BTC,79747.98,1546.58
2026-09-06T17:36:33.120547+00:00,BTC-26MAR27-64000-C,81758.36,BTC-26MAR27,call,64000.0,2027-03-26T08:00:00+00:00,0.5492118183718977,0.2505,0.2545,0.25258243,0.2525,81758.36,BTC-26MAR27,0.42950000000000005,0.82348,157.12033,137.8,0.0,0.0040000000000000036,BTC,79747.98,0.0
2026-09-06T17:36:33.120547+00:00,BTC-25DEC26-82000-P,80841.42,BTC-25DEC26,put,82000.0,2026-12-25T08:00:00+00:00,0.3000673967428765,0.093,0.094,0.0936275,0.0935,80841.42,BTC-25DEC26,0.3922,-0.48328,176.59577,254.7,0.0,0.0010000000000000009,BTC,79747.98,0.0
2026-09-06T17:36:33.120547+00:00,BTC-9SEP26-82000-P,79737.06,BTC-9SEP26,put,82000.0,2026-09-09T08:00:00+00:00,0.007117362519741679,0.0285,0.0345,0.03119941,0.0315,79737.06,BTC-9SEP26,0.3477,-0.82514,17.33641,0.0,0.0,0.006000000000000002,BTC,79747.98,0.0
2026-09-06T17:36:33.120547+00:00,BTC-25DEC26-90000-P,80841.42,BTC-25DEC26,put,90000.0,2026-12-25T08:00:00+00:00,0.3000673967428765,0.157,0.163,0.15854902,0.16,80841.42,BTC-25DEC26,0.39409999999999995,-0.65112,163.91363,654.8,0.2,0.006000000000000005,BTC,79747.98,2521.28
2026-09-06T17:36:33.120547+00:00,BTC-26MAR27-50000-C,81758.36,BTC-26MAR27,call,50000.0,2027-03-26T08:00:00+00:00,0.5492118183718977,0.398,0.4015,0.39996338,0.39975,81758.36,BTC-26MAR27,0.4925,0.9369,75.11016,21.6,0.0,0.003500000000000003,BTC,79747.98,0.0
2026-09-06T17:36:33.120547+00:00,BTC-10SEP26-74000-C,79743.43,BTC-10SEP26,call,74000.0,2026-09-10T08:00:00+00:00,0.00985521330687378,0.07,0.075,0.07232391,0.0725,79743.43,BTC-10SEP26,0.4057,0.96974,5.42662,0.0,0.0,0.0049999999999999906,BTC,79747.91,0.0
2026-09-06T17:36:33.120547+00:00,BTC-30OCT26-74000-P,80199.24,BTC-30OCT26,put,74000.0,2026-10-30T08:00:00+00:00,0.14674775266347884,0.025,0.026,0.02553727,0.0255,80199.24,BTC-30OCT26,0.3804,-0.26582,100.8315,240.2,1.2,0.0009999999999999974,BTC,79747.91,2397.24
2026-09-06T17:36:33.120547+00:00,BTC-25JUN27-140000-P,82711.92,BTC-25JUN27,put,140000.0,2027-06-25T08:00:00+00:00,0.798356240000919,0.706,0.722,0.71740708,0.714,82711.92,BTC-25JUN27,0.4573,-0.86058,164.1021,0.5,0.0,0.016000000000000014,BTC,79747.91,0.0
2026-09-06T17:36:33.120547+00:00,BTC-25DEC26-180000-P,80841.42,BTC-25DEC26,put,180000.0,2026-12-25T08:00:00+00:00,0.3000673967428765,1.2175,1.2405,1.22796942,1.229,80841.42,BTC-25DEC26,0.5943,-0.98913,12.69611,0.1,0.0,0.02299999999999991,BTC,79747.91,0.0
2026-09-06T17:36:33.120547+00:00,BTC-25SEP26-83000-C,79851.59,BTC-25SEP26,call,83000.0,2026-09-25T08:00:00+00:00,0.050922975113855296,0.018,0.019,0.01858557,0.0185,79851.59,BTC-25SEP26,0.3796,0.34211,66.21025,1215.9,0.7,0.0010000000000000009,BTC,79747.91,1083.03
2026-09-06T17:36:33.120547+00:00,BTC-9SEP26-89000-C,79737.06,BTC-9SEP26,call,89000.0,2026-09-09T08:00:00+00:00,0.007117362519741679,,0.0002,8.902e-05,,79737.06,BTC-9SEP26,0.5188,0.00646,1.2217,8.0,8.0,,BTC,79747.82,127.94
2026-09-06T17:36:33.120547+00:00,BTC-27NOV26-110000-P,80504.68,BTC-27NOV26,put,110000.0,2026-11-27T08:00:00+00:00,0.22340757470317768,0.3705,0.3765,0.373981,0.3735,80504.68,BTC-27NOV26,0.4458,-0.91541,59.03149,0.0,0.0,0.006000000000000005,BTC,79747.82,0.0
2026-09-06T17:36:33.120547+00:00,BTC-8SEP26-80500-P,79726.43,BTC-8SEP26,put,80500.0,2026-09-08T08:00:00+00:00,0.004379511732609577,0.013,0.015,0.01404082,0.014,79726.43,BTC-8SEP26,0.307,-0.67702,18.94372,1.4,0.0,0.002,BTC,79747.82,0.0
2026-09-06T17:36:33.120547+00:00,BTC-25JUN27-76000-C,82712.78,BTC-25JUN27,call,76000.0,2027-06-25T08:00:00+00:00,0.798356240000919,0.186,0.1885,0.18730364,0.18725,82712.78,BTC-25JUN27,0.42119999999999996,0.66032,270.81637,22.4,0.0,0.0025000000000000022,BTC,79747.82,0.0
2026-09-06T17:36:33.120547+00:00,BTC-25DEC26-35000-P,80840.56,BTC-25DEC26,put,35000.0,2026-12-25T08:00:00+00:00,0.3000673967428765,0.0013,0.0016,0.00148051,0.00145,80840.56,BTC-25DEC26,0.7147,-0.0098,11.59974,2387.8,0.3,0.00030000000000000014,BTC,79747.82,34.26
2026-09-06T17:36:33.120547+00:00,BTC-25SEP26-150000-P,79851.59,BTC-25SEP26,put,150000.0,2026-09-25T08:00:00+00:00,0.050922975113855296,0.874,0.8825,0.87873256,0.87825,79851.59,BTC-25SEP26,0.8114,-0.9996,0.26302,4.5,0.0,0.008499999999999952,BTC,79747.82,0.0
2026-09-06T17:36:33.120547+00:00,BTC-11SEP26-83000-P,79744.21,BTC-11SEP26,put,83000.0,2026-09-11T08:00:00+00:00,0.01259306409400588,0.043,0.0475,0.04520588,0.04525,79744.21,BTC-11SEP26,0.3864,-0.8156,23.84722,13.9,1.0,0.004500000000000004,BTC,79747.82,3513.86
2026-09-06T17:36:33.120547+00:00,BTC-9SEP26-81500-P,79737.06,BTC-9SEP26,put,81500.0,2026-09-09T08:00:00+00:00,0.007117362519741679,0.0235,0.0295,0.02597449,0.0265,79737.06,BTC-9SEP26,0.34130000000000005,-0.7707,20.39708,0.0,0.0,0.005999999999999998,BTC,79747.95,0.0
2026-09-06T17:36:33.120547+00:00,BTC-30OCT26-61000-C,80199.24,BTC-30OCT26,call,61000.0,2026-10-30T08:00:00+00:00,0.14674775266347884,0.242,0.2455,0.24344237,0.24375,80199.24,BTC-30OCT26,0.465,0.94792,32.74279,7.7,0.0,0.003500000000000003,BTC,79747.95,0.0
2026-09-06T17:36:33.120547+00:00,BTC-26MAR27-50000-P,81758.36,BTC-26MAR27,put,50000.0,2027-03-26T08:00:00+00:00,0.5492118183718977,0.0115,0.0125,0.01163625,0.012,81758.36,BTC-26MAR27,0.4925,-0.0631,75.11267,2458.7,0.2,0.0010000000000000009,BTC,79747.95,179.48
2026-09-06T17:36:33.120547+00:00,BTC-30OCT26-92000-P,80199.24,BTC-30OCT26,put,92000.0,2026-10-30T08:00:00+00:00,0.14674775266347884,0.1605,0.1655,0.16385966,0.163,80199.24,BTC-30OCT26,0.3994,-0.79384,87.62232,0.1,0.0,0.0050000000000000044,BTC,79747.95,0.0
2026-09-06T17:36:33.120547+00:00,BTC-18SEP26-77000-P,79796.23,BTC-18SEP26,put,77000.0,2026-09-18T08:00:00+00:00,0.03175801960393059,0.012,0.013,0.01245241,0.0125,79796.23,BTC-18SEP26,0.3768,-0.28501,48.30575,462.6,21.5,0.0009999999999999992,BTC,79747.2,20563.66
2026-09-06T17:36:33.120547+00:00,BTC-26MAR27-190000-C,81758.36,BTC-26MAR27,call,190000.0,2027-03-26T08:00:00+00:00,0.5492118183718977,0.0038,0.004,0.00385953,0.0039,81758.36,BTC-26MAR27,0.541,0.02859,39.63477,627.2,0.0,0.0002000000000000001,BTC,79747.95,0.0
2026-09-06T17:36:33.120547+00:00,BTC-9SEP26-79000-C,79737.06,BTC-9SEP26,call,79000.0,2026-09-09T08:00:00+00:00,0.007117362519741679,0.015,0.017,0.01603784,0.016,79737.06,BTC-9SEP26,0.3246,0.63948,25.1863,0.0,0.0,0.0020000000000000018,BTC,79747.2,0.0
2026-09-06T17:36:33.120547+00:00,BTC-25DEC26-110000-C,80840.56,BTC-25DEC26,call,110000.0,2026-12-25T08:00:00+00:00,0.3000673967428765,0.012,0.0125,0.0120744,0.01225,80840.56,BTC-25DEC26,0.42829999999999996,0.11619,86.6252,2753.1,0.0,0.0005000000000000004,BTC,79747.2,0.0
2026-09-06T17:36:33.120547+00:00,BTC-8SEP26-77500-C,79726.43,BTC-8SEP26,call,77500.0,2026-09-08T08:00:00+00:00,0.004379511732609577,0.0265,0.0315,0.02875996,0.029,79726.43,BTC-8SEP26,0.3318,0.90406,8.98409,0.0,0.0,0.005000000000000001,BTC,79747.2,0.0
2026-09-06T17:36:33.120547+00:00,BTC-7SEP26-91000-C,79722.55,BTC-7SEP26,call,91000.0,2026-09-07T08:00:00+00:00,0.0016416609454774761,,0.0001,0.0,,79722.55,BTC-7SEP26,0.5595,0.0,0.0,0.0,0.0,,BTC,79747.2,0.0
2026-09-06T17:36:33.120547+00:00,BTC-25JUN27-190000-P,82711.92,BTC-25JUN27,put,190000.0,2027-06-25T08:00:00+00:00,0.798356240000919,1.2915,1.332,1.30652889,1.31175,82711.92,BTC-25JUN27,0.5091,-0.94522,81.98594,0.5,0.0,0.04049999999999998,BTC,79747.2,0.0
2026-09-06T17:36:33.120547+00:00,BTC-25SEP26-88000-P,79852.45,BTC-25SEP26,put,88000.0,2026-09-25T08:00:00+00:00,0.050922975113855296,0.107,0.1115,0.10920151,0.10925,79852.45,BTC-25SEP26,0.4043,-0.84572,42.82485,5.8,0.0,0.004500000000000004,BTC,79747.2,0.0
2026-09-06T17:36:33.120547+00:00,BTC-8SEP26-77000-P,79726.43,BTC-8SEP26,put,77000.0,2026-09-08T08:00:00+00:00,0.004379511732609577,0.0006,0.0008,0.00067359,0.0007,79726.43,BTC-8SEP26,0.34950000000000003,-0.06426,6.63151,30.2,21.0,0.0002000000000000001,BTC,79747.2,1236.51
2026-09-06T17:36:33.120547+00:00,BTC-25JUN27-102000-P,82712.78,BTC-25JUN27,put,102000.0,2027-06-25T08:00:00+00:00,0.798356240000919,0.3045,0.3115,0.3082733,0.308,82712.78,BTC-25JUN27,0.42119999999999996,-0.64371,275.61478,0.0,0.0,0.007000000000000006,BTC,79746.9,0.0
2026-09-06T17:36:33.120547+00:00,BTC-26MAR27-76000-P,81758.36,BTC-26MAR27,put,76000.0,2027-03-26T08:00:00+00:00,0.5492118183718977,0.083,0.0845,0.0837386,0.08375,81758.36,BTC-26MAR27,0.4064,-0.34699,223.81903,227.7,4.1,0.0015000000000000013,BTC,79746.9,27787.8
2026-09-06T17:36:33.120547+00:00,BTC-30OCT26-98000-P,80199.24,BTC-30OCT26,put,98000.0,2026-10-30T08:00:00+00:00,0.14674775266347884,0.228,0.2335,0.23120798,0.23075,80199.24,BTC-30OCT26,0.41960000000000003,-0.8782,62.13015,0.0,0.0,0.005500000000000005,BTC,79746.9,0.0
2026-09-06T17:36:33.120547+00:00,BTC-25SEP26-76000-C,79852.45,BTC-25SEP26,call,76000.0,2026-09-25T08:00:00+00:00,0.050922975113855296,0.0615,0.0635,0.06213572,0.0625,79852.45,BTC-25SEP26,0.3709,0.73684,58.83757,2855.7,13.6,0.0020000000000000018,BTC,79746.9,66889.16
2026-09-06T17:36:33.120547+00:00,BTC-30OCT26-64000-C,80188.94,BTC-30OCT26,call,64000.0,2026-10-30T08:00:00+00:00,0.14674775266347884,0.2065,0.21,0.20803062,0.20825,80188.94,BTC-30OCT26,0.4378,0.9235,44.16851,416.8,0.0,0.003500000000000003,BTC,79746.9,0.0
2026-09-06T17:36:33.120547+00:00,BTC-25SEP26-110000-C,79851.59,BTC-25SEP26,call,110000.0,2026-09-25T08:00:00+00:00,0.050922975113855296,0.0003,0.0004,0.0003073,0.00035,79851.59,BTC-25SEP26,0.5690999999999999,0.00758,3.76913,1519.0,0.0,0.00010000000000000005,BTC,79746.9,0.0
2026-09-06T17:36:33.120547+00:00,BTC-25DEC26-82000-C,80841.42,BTC-25DEC26,call,82000.0,2026-12-25T08:00:00+00:00,0.3000673967428765,0.0785,0.08,0.07916246,0.07925,80841.42,BTC-25DEC26,0.3922,0.51668,176.59315,1255.1,2.0,0.0015000000000000013,BTC,79747.08,12950.94
2026-09-06T17:36:33.120547+00:00,BTC-27NOV26-115000-P,80504.68,BTC-27NOV26,put,115000.0,2026-11-27T08:00:00+00:00,0.22340757470317768,0.4305,0.437,0.43408705,0.43375,80504.68,BTC-27NOV26,0.4604,-0.93681,47.22297,0.0,0.0,0.006500000000000006,BTC,79747.08,0.0
2026-09-06T17:36:33.120547+00:00,BTC-18SEP26-72000-C,79796.23,BTC-18SEP26,call,72000.0,2026-09-18T08:00:00+00:00,0.03175801960393059,0.098,0.1025,0.10019628,0.10025,79796.23,BTC-18SEP26,0.41200000000000003,0.92499,20.14197,0.1,0.0,0.00449999999999999,BTC,79747.08,0.0
2026-09-06T17:36:33.120547+00:00,BTC-25JUN27-108000-P,82711.92,BTC-25JUN27,put,108000.0,2027-06-25T08:00:00+00:00,0.798356240000919,0.364,0.3765,0.36699185,0.37025,82711.92,BTC-25JUN27,0.42469999999999997,-0.6959,258.64433,0.0,0.0,0.012500000000000011,BTC,79747.08,0.0
2026-09-06T17:36:33.120547+00:00,BTC-27NOV26-64000-C,80515.3,BTC-27NOV26,call,64000.0,2026-11-27T08:00:00+00:00,0.22340757470317768,0.215,0.219,0.21693434,0.217,80515.3,BTC-27NOV26,0.4328,0.88957,71.79026,0.0,0.0,0.0040000000000000036,BTC,79747.08,0.0
2026-09-06T17:36:33.120547+00:00,BTC-25SEP26-55000-P,79851.59,BTC-25SEP26,put,55000.0,2026-09-25T08:00:00+00:00,0.050922975113855296,0.0001,0.0004,0.00026058,0.00025,79851.59,BTC-25SEP26,0.6644,-0.00509,2.6481,3073.6,0.0,0.00030000000000000003,BTC,79747.08,0.0
2026-09-06T17:36:33.120547+00:00,BTC-25DEC26-130000-P,80840.56,BTC-25DEC26,put,130000.0,2026-12-25T08:00:00+00:00,0.3000673967428765,0.609,0.6165,0.61284363,0.61275,80840.56,BTC-25DEC26,0.478,-0.95375,42.93021,54.0,0.0,0.007500000000000062,BTC,79747.08,0.0
2026-09-06T17:36:33.120547+00:00,BTC-25DEC26-106000-C,80841.42,BTC-25DEC26,call,106000.0,2026-12-25T08:00:00+00:00,0.3000673967428765,0.015,0.016,0.01544051,0.0155,80841.42,BTC-25DEC26,0.4203,0.14442,100.70896,778.8,150.0,0.0010000000000000009,BTC,79747.08,183408.12
2026-09-06T17:36:33.120547+00:00,BTC-9SEP26-78500-C,79737.06,BTC-9SEP26,call,78500.0,2026-09-09T08:00:00+00:00,0.007117362519741679,0.019,0.021,0.02038562,0.02,79737.06,BTC-9SEP26,0.3301,0.71891,22.69321,0.0,0.0,0.0020000000000000018,BTC,79747.08,0.0
2026-09-06T17:36:33.120547+00:00,BTC-25DEC26-30000-C,80840.56,BTC-25DEC26,call,30000.0,2026-12-25T08:00:00+00:00,0.3000673967428765,0.6285,0.6305,0.62979238,0.6295,80840.56,BTC-25DEC26,0.7859,0.9941,7.42183,300.6,0.0,0.0020000000000000018,BTC,79747.08,0.0
2026-09-06T17:36:33.120547+00:00,BTC-27NOV26-75000-P,80504.68,BTC-27NOV26,put,75000.0,2026-11-27T08:00:00+00:00,0.22340757470317768,0.0415,0.043,0.04233802,0.04225,80504.68,BTC-27NOV26,0.3924,-0.31711,135.63422,282.1,0.0,0.0014999999999999944,BTC,79747.12,0.0
2026-09-06T17:36:33.120547+00:00,BTC-25DEC26-180000-C,80840.56,BTC-25DEC26,call,180000.0,2026-12-25T08:00:00+00:00,0.3000673967428765,0.0011,0.0013,0.00109495,0.0012,80840.56,BTC-25DEC26,0.5943,0.01087,12.69432,934.5,0.4,0.00019999999999999987,BTC,79747.08,38.26
2026-09-06T17:36:33.120547+00:00,BTC-25SEP26-74000-P,79852.45,BTC-25SEP26,put,74000.0,2026-09-25T08:00:00+00:00,0.050922975113855296,0.008,0.009,0.00845539,0.0085,79852.45,BTC-25SEP26,0.3791,-0.17544,46.54314,525.8,23.2,0.0009999999999999992,BTC,79747.12,15747.13
2026-09-06T17:36:33.120547+00:00,BTC-25DEC26-106000-P,80841.42,BTC-25DEC26,put,106000.0,2026-12-25T08:00:00+00:00,0.3000673967428765,0.3245,0.33,0.32682213,0.32725,80841.42,BTC-25DEC26,0.4203,-0.85557,100.70973,0.2,0.0,0.005500000000000005,BTC,79747.12,0.0
2026-09-06T17:36:33.120547+00:00,BTC-30OCT26-94000-C,80199.24,BTC-30OCT26,call,94000.0,2026-10-30T08:00:00+00:00,0.14674775266347884,0.013,0.014,0.01348927,0.0135,80199.24,BTC-30OCT26,0.4064,0.17333,78.74824,448.2,0.5,0.0010000000000000009,BTC,79747.12,518.11
2026-09-06T17:36:33.120547+00:00,BTC-26MAR27-88000-P,81759.22,BTC-26MAR27,put,88000.0,2027-03-26T08:00:00+00:00,0.5492118183718977,0.164,0.167,0.16559,0.1655,81759.22,BTC-26MAR27,0.40409999999999996,-0.538,240.73526,4.7,0.0,0.0030000000000000027,BTC,79747.12,0.0
2026-09-06T17:36:33.120547+00:00,BTC-30OCT26-57000-P,80199.24,BTC-30OCT26,put,57000.0,2026-10-30T08:00:00+00:00,0.14674775266347884,0.0025,0.0029,0.00270679,0.0027,80199.24,BTC-30OCT26,0.5109,-0.03273,22.47513,207.6,1.1,0.00039999999999999975,BTC,79747.12,251.68
2026-09-06T17:36:33.120547+00:00,BTC-10SEP26-80000-P,79743.43,BTC-10SEP26,put,80000.0,2026-09-10T08:00:00+00:00,0.00985521330687378,0.015,0.016,0.01540436,0.0155,79743.43,BTC-10SEP26,0.3443,-0.52948,31.50535,0.0,0.0,0.0010000000000000009,BTC,79747.16,0.0
2026-09-06T17:36:33.120547+00:00,BTC-25DEC26-62000-P,80840.56,BTC-25DEC26,put,62000.0,2026-12-25T08:00:00+00:00,0.3000673967428765,0.014,0.015,0.01457955,0.0145,80840.56,BTC-25DEC26,0.4415,-0.11153,84.1384,1540.0,0.0,0.0009999999999999992,BTC,79747.16,0.0
2026-09-06T17:36:33.120547+00:00,BTC-25SEP26-45000-C,79851.59,BTC-25SEP26,call,45000.0,2026-09-25T08:00:00+00:00,0.050922975113855296,0.435,0.438,0.43647713,0.4365,79851.59,BTC-25SEP26,0.8865999999999999,0.99849,0.88346,224.9,0.0,0.0030000000000000027,BTC,79747.16,0.0
2026-09-06T17:36:33.120547+00:00,BTC-25JUN27-96000-C,82711.92,BTC-25JUN27,call,96000.0,2027-06-25T08:00:00+00:00,0.798356240000919,0.091,0.0935,0.09228171,0.09225,82711.92,BTC-25JUN27,0.41850000000000004,0.41644,288.47078,32.2,0.0,0.0025000000000000022,BTC,79747.16,0.0
2026-09-06T17:36:33.120547+00:00,BTC-26MAR27-200000-C,81758.36,BTC-26MAR27,call,200000.0,2027-03-26T08:00:00+00:00,0.5492118183718977,0.0031,0.0032,0.00317372,0.00315,81758.36,BTC-26MAR27,0.5514,0.02366,33.82657,485.6,0.0,0.00010000000000000026,BTC,79747.16,0.0
2026-09-06T17:36:33.120547+00:00,BTC-8SEP26-82000-P,79726.43,BTC-8SEP26,put,82000.0,2026-09-08T08:00:00+00:00,0.004379511732609577,0.027,0.0325,0.02985254,0.02975,79726.43,BTC-8SEP26,0.3395,-0.89184,9.80276,0.0,0.0,0.005500000000000001,BTC,79747.16,0.0
2026-09-06T17:36:33.120547+00:00,BTC-10SEP26-85000-P,79743.43,BTC-10SEP26,put,85000.0,2026-09-10T08:00:00+00:00,0.00985521330687378,0.0645,0.07,0.06713727,0.06725,79743.43,BTC-10SEP26,0.4067,-0.94052,9.36891,0.0,0.0,0.005500000000000005,BTC,79747.33,0.0
2026-09-06T17:36:33.120547+00:00,BTC-30OCT26-60000-P,80199.24,BTC-30OCT26,put,60000.0,2026-10-30T08:00:00+00:00,0.14674775266347884,0.0036,0.0039,0.00375282,0.00375,80199.24,BTC-30OCT26,0.47619999999999996,-0.04632,29.81969,1542.7,4.5,0.0002999999999999999,BTC,79747.16,1336.71
2026-09-06T17:36:33.120547+00:00,BTC-9SEP26-74000-C,79737.06,BTC-9SEP26,call,74000.0,2026-09-09T08:00:00+00:00,0.007117362519741679,0.07,0.0745,0.0721093,0.07225,79737.06,BTC-9SEP26,0.4364,0.97967,3.30325,0.0,0.0,0.00449999999999999,BTC,79747.33,0.0
2026-09-06T17:36:33.120547+00:00,BTC-30OCT26-52000-P,80199.24,BTC-30OCT26,put,52000.0,2026-10-30T08:00:00+00:00,0.14674775266347884,0.0014,0.0018,0.00157839,0.0016,80199.24,BTC-30OCT26,0.5711999999999999,-0.01835,13.83258,122.0,0.0,0.00039999999999999996,BTC,79747.33,0.0
2026-09-06T17:36:33.120547+00:00,BTC-25DEC26-140000-P,80840.56,BTC-25DEC26,put,140000.0,2026-12-25T08:00:00+00:00,0.3000673967428765,0.731,0.7395,0.73515933,0.73525,80840.56,BTC-25DEC26,0.5038,-0.96792,31.86582,0.4,0.0,0.008500000000000063,BTC,79747.33,0.0
2026-09-06T17:36:33.120547+00:00,BTC-9SEP26-73000-C,79737.06,BTC-9SEP26,call,73000.0,2026-09-09T08:00:00+00:00,0.007117362519741679,0.0825,0.087,0.08454738,0.08475,79737.06,BTC-9SEP26,0.4714,0.98746,2.1837,0.0,0.0,0.00449999999999999,BTC,79747.33,0.0
2026-09-06T17:36:33.120547+00:00,BTC-26MAR27-102000-P,81758.36,BTC-26MAR27,put,102000.0,2027-03-26T08:00:00+00:00,0.5492118183718977,0.2915,0.2975,0.29431742,0.2945,81758.36,BTC-26MAR27,0.41229999999999994,-0.71582,205.5163,0.1,0.0,0.006000000000000005,BTC,79747.33,0.0
2026-09-06T17:36:33.120547+00:00,BTC-25JUN27-104000-P,82711.92,BTC-25JUN27,put,104000.0,2027-06-25T08:00:00+00:00,0.798356240000919,0.3235,0.331,0.32736706,0.32725,82711.92,BTC-25JUN27,0.4219,-0.66222,270.22939,0.0,0.0,0.007500000000000007,BTC,79747.33,0.0
2026-09-06T17:36:33.120547+00:00,BTC-25SEP26-98000-P,79851.59,BTC-25SEP26,put,98000.0,2026-09-25T08:00:00+00:00,0.050922975113855296,0.226,0.2315,0.22885527,0.22875,79851.59,BTC-25SEP26,0.4843,-0.96549,13.77084,0.1,0.0,0.005500000000000005,BTC,79748.23,0.0
2026-09-06T17:36:33.120547+00:00,BTC-25JUN27-98000-P,82711.92,BTC-25JUN27,put,98000.0,2027-06-25T08:00:00+00:00,0.798356240000919,0.2685,0.2735,0.27109173,0.271,82711.92,BTC-25JUN27,0.4194,-0.60443,284.80474,0.1,0.0,0.0050000000000000044,BTC,79748.23,0.0
2026-09-06T17:36:33.120547+00:00,BTC-25SEP26-40000-C,79851.59,BTC-25SEP26,call,40000.0,2026-09-25T08:00:00+00:00,0.050922975113855296,0.4975,0.5005,0.49909469,0.499,79851.59,BTC-25SEP26,1.0495999999999999,0.9988,0.71534,34.4,0.0,0.002999999999999947,BTC,79748.23,0.0
2026-09-06T17:36:33.120547+00:00,BTC-25JUN27-100000-P,82712.78,BTC-25JUN27,put,100000.0,2027-06-25T08:00:00+00:00,0.798356240000919,0.287,0.292,0.28950155,0.2895,82712.78,BTC-25JUN27,0.4203,-0.62444,280.4974,1.4,0.0,0.0050000000000000044,BTC,79748.23,0.0
2026-09-06T17:36:33.120547+00:00,BTC-25SEP26-155000-C,79852.45,BTC-25SEP26,call,155000.0,2026-09-25T08:00:00+00:00,0.050922975113855296,,0.0001,9.44e-06,,79852.45,BTC-25SEP26,0.8133,0.00022,0.14639,378.0,0.0,,BTC,79748.23,0.0
2026-09-06T17:36:33.120547+00:00,BTC-7SEP26-79000-P,79722.55,BTC-7SEP26,put,79000.0,2026-09-07T08:00:00+00:00,0.0016416609454774761,0.0011,0.0015,0.00136329,0.0013,79722.55,BTC-7SEP26,0.2784,-0.20446,9.15996,109.5,33.5,0.00039999999999999996,BTC,79748.23,3767.47
2026-09-06T17:36:33.120547+00:00,BTC-8SEP26-89000-P,79726.43,BTC-8SEP26,put,89000.0,2026-09-08T08:00:00+00:00,0.004379511732609577,0.1135,0.119,0.11655082,0.11625,79726.43,BTC-8SEP26,0.5407,-0.99887,0.19873,0.0,0.0,0.005499999999999991,BTC,79751.37,0.0
2026-09-06T17:36:33.120547+00:00,BTC-27NOV26-94000-P,80504.68,BTC-27NOV26,put,94000.0,2026-11-27T08:00:00+00:00,0.22340757470317768,0.189,0.1935,0.19172752,0.19125,80504.68,BTC-27NOV26,0.40240000000000004,-0.76371,117.35354,0.0,0.0,0.004500000000000004,BTC,79751.37,0.0
2026-09-06T17:36:33.120547+00:00,BTC-25SEP26-68000-P,79851.59,BTC-25SEP26,put,68000.0,2026-09-25T08:00:00+00:00,0.050922975113855296,0.002,0.0022,0.00199423,0.0021,79851.59,BTC-25SEP26,0.4376,-0.04677,17.62621,1859.7,2.3,0.0002000000000000001,BTC,79751.37,402.1
2026-09-06T17:36:33.120547+00:00,BTC-18SEP26-75000-P,79796.23,BTC-18SEP26,put,75000.0,2026-09-18T08:00:00+00:00,0.03175801960393059,0.006,0.007,0.00648086,0.0065,79796.23,BTC-18SEP26,0.3812,-0.17118,36.16463,356.3,8.2,0.001,BTC,79751.37,4131.66
2026-09-06T17:36:33.120547+00:00,BTC-26MAR27-95000-C,81759.22,BTC-26MAR27,call,95000.0,2027-03-26T08:00:00+00:00,0.5492118183718977,0.063,0.065,0.06407664,0.064,81759.22,BTC-26MAR27,0.4067,0.36443,227.73486,545.1,0.0,0.0020000000000000018,BTC,79751.37,0.0
2026-09-06T17:36:33.120547+00:00,BTC-30OCT26-56000-C,80199.24,BTC-30OCT26,call,56000.0,2026-10-30T08:00:00+00:00,0.14674775266347884,0.3025,0.306,0.30403058,0.30425,80199.24,BTC-30OCT26,0.5227,0.97086,20.41356,0.0,0.0,0.003500000000000003,BTC,79751.37,0.0
2026-09-06T17:36:33.120547+00:00,BTC-25DEC26-70000-C,80840.56,BTC-25DEC26,call,70000.0,2026-12-25T08:00:00+00:00,0.3000673967428765,0.166,0.168,0.16676215,0.167,80840.56,BTC-25DEC26,0.4092,0.77491,132.91467,1922.6,0.3,0.0020000000000000018,BTC,79753.7,3971.75
2026-09-06T17:36:33.120547+00:00,BTC-25DEC26-30000-P,80841.42,BTC-25DEC26,put,30000.0,2026-12-25T08:00:00+00:00,0.3000673967428765,0.0007,0.0012,0.00093812,0.00095,80841.42,BTC-25DEC26,0.7859,-0.0059,7.41936,2122.5,0.0,0.0004999999999999999,BTC,79753.7,0.0
2026-09-06T17:36:33.120547+00:00,BTC-25JUN27-95000-P,82712.78,BTC-25JUN27,put,95000.0,2027-06-25T08:00:00+00:00,0.798356240000919,0.242,0.2465,0.24437734,0.24425,82712.78,BTC-25JUN27,0.4182,-0.57264,290.08546,20.2,0.0,0.004500000000000004,BTC,79753.7,0.0
2026-09-06T17:36:33.120547+00:00,BTC-30OCT26-70000-P,80188.94,BTC-30OCT26,put,70000.0,2026-10-30T08:00:00+00:00,0.14674775266347884,0.0145,0.015,0.0144772,0.01475,80188.94,BTC-30OCT26,0.39740000000000003,-0.16601,76.60171,878.7,0.6,0.0004999999999999987,BTC,79753.7,697.26
2026-09-06T17:36:33.120547+00:00,BTC-25JUN27-82000-P,82712.78,BTC-25JUN27,put,82000.0,2027-06-25T08:00:00+00:00,0.798356240000919,0.1415,0.145,0.14335472,0.14325,82712.78,BTC-25JUN27,0.4179,-0.41671,288.52934,23.5,0.8,0.003500000000000003,BTC,79753.7,9069.55
2026-09-06T17:36:33.120547+00:00,BTC-25SEP26-180000-P,79851.59,BTC-25SEP26,put,180000.0,2026-09-25T08:00:00+00:00,0.050922975113855296,1.2475,1.2605,1.25446019,1.254,79851.59,BTC-25SEP26,0.9184,-0.99993,0.04953,10.5,0.0,0.0129999999999999,BTC,79753.7,0.0
2026-09-06T17:36:33.120547+00:00,BTC-25JUN27-200000-C,82711.92,BTC-25JUN27,call,200000.0,2027-06-25T08:00:00+00:00,0.798356240000919,0.007,0.0085,0.00770876,0.00775,82711.92,BTC-25JUN27,0.5186999999999999,0.04725,72.89515,27.1,0.1,0.0015000000000000005,BTC,79755.95,60.01
2026-09-06T17:36:33.120547+00:00,BTC-30OCT26-68000-C,80199.24,BTC-30OCT26,call,68000.0,2026-10-30T08:00:00+00:00,0.14674775266347884,0.161,0.165,0.1629103,0.163,80199.24,BTC-30OCT26,0.4102,0.87063,64.80882,518.8,0.0,0.0040000000000000036,BTC,79755.95,0.0
2026-09-06T17:36:33.120547+00:00,BTC-27NOV26-75000-C,80504.68,BTC-27NOV26,call,75000.0,2026-11-27T08:00:00+00:00,0.22340757470317768,0.11,0.112,0.11064757,0.111,80504.68,BTC-27NOV26,0.3924,0.68306,135.61532,260.6,0.0,0.0020000000000000018,BTC,79755.95,0.0
2026-09-06T17:36:33.120547+00:00,BTC-30OCT26-100000-C,80199.24,BTC-30OCT26,call,100000.0,2026-10-30T08:00:00+00:00,0.14674775266347884,0.007,0.008,0.00750665,0.0075,80199.24,BTC-30OCT26,0.4277,0.1032,55.20051,1722.2,0.0,0.001,BTC,79755.95,0.0
2026-09-06T17:36:33.120547+00:00,BTC-10SEP26-86000-P,79743.43,BTC-10SEP26,put,86000.0,2026-09-10T08:00:00+00:00,0.00985521330687378,0.0765,0.082,0.0792779,0.07925,79743.43,BTC-10SEP26,0.4208,-0.96266,6.4533,0.0,0.0,0.005500000000000005,BTC,79758.33,0.0
2026-09-06T17:36:33.120547+00:00,BTC-25DEC26-105000-C,80840.56,BTC-25DEC26,call,105000.0,2026-12-25T08:00:00+00:00,0.3000673967428765,0.016,0.017,0.01642863,0.0165,80840.56,BTC-25DEC26,0.4182,0.15263,104.5134,914.5,1.2,0.0010000000000000009,BTC,79755.95,1492.09
2026-09-06T17:36:33.120547+00:00,BTC-8SEP26-81000-P,79726.43,BTC-8SEP26,put,81000.0,2026-09-08T08:00:00+00:00,0.004379511732609577,0.017,0.021,0.01885975,0.019,79726.43,BTC-8SEP26,0.3159,-0.77018,16.01725,25.0,0.0,0.004,BTC,79755.95,0.0
2026-09-06T17:36:33.120547+00:00,BTC-8SEP26-78000-P,79726.43,BTC-8SEP26,put,78000.0,2026-09-08T08:00:00+00:00,0.004379511732609577,0.0015,0.0018,0.0016239,0.00165,79726.43,BTC-8SEP26,0.3171,-0.14394,11.96908,103.5,38.3,0.0002999999999999999,BTC,79758.33,5029.01
2026-09-06T17:36:33.120547+00:00,BTC-25DEC26-52000-C,80840.56,BTC-25DEC26,call,52000.0,2026-12-25T08:00:00+00:00,0.3000673967428765,0.36,0.3635,0.36234372,0.36175,80840.56,BTC-25DEC26,0.5144,0.95617,41.12071,0.1,0.0,0.003500000000000003,BTC,79758.33,0.0
2026-09-06T17:36:33.120547+00:00,BTC-18SEP26-90000-P,79806.53,BTC-18SEP26,put,90000.0,2026-09-18T08:00:00+00:00,0.03175801960393059,0.128,0.1325,0.13023697,0.13025,79806.53,BTC-18SEP26,0.4411,-0.93138,18.8168,0.0,0.0,0.004500000000000004,BTC,79758.33,0.0
2026-09-06T17:36:33.120547+00:00,BTC-7SEP26-82500-C,79721.69,BTC-7SEP26,call,82500.0,2026-09-07T08:00:00+00:00,0.0016416609454774761,,0.0001,7.187e-05,,79721.69,BTC-7SEP26,0.38130000000000003,0.01416,1.1637,88.2,65.1,,BTC,79758.33,1162.1
2026-09-06T17:36:33.120547+00:00,BTC-25SEP26-145000-P,79852.45,BTC-25SEP26,put,145000.0,2026-09-25T08:00:00+00:00,0.050922975113855296,0.812,0.82,0.81611087,0.816,79852.45,BTC-25SEP26,0.7775,-0.99953,0.30044,0.2,0.0,0.007999999999999896,BTC,79758.33,0.0
2026-09-06T17:36:33.120547+00:00,BTC-18SEP26-85000-P,79806.53,BTC-18SEP26,put,85000.0,2026-09-18T08:00:00+00:00,0.03175801960393059,0.071,0.075,0.0728036,0.073,79806.53,BTC-18SEP26,0.39880000000000004,-0.80179,39.62379,1.2,0.0,0.0040000000000000036,BTC,79758.33,0.0
2026-09-06T17:36:33.120547+00:00,BTC-30OCT26-81000-C,80199.24,BTC-30OCT26,call,81000.0,2026-10-30T08:00:00+00:00,0.14674775266347884,0.0525,0.0535,0.05282465,0.053,80199.24,BTC-30OCT26,0.3761,0.50196,122.63488,328.0,6.3,0.0010000000000000009,BTC,79758.33,26904.09
2026-09-06T17:36:33.120547+00:00,BTC-30OCT26-55000-C,80199.24,BTC-30OCT26,call,55000.0,2026-10-30T08:00:00+00:00,0.14674775266347884,0.3145,0.318,0.31619312,0.31625,80199.24,BTC-30OCT26,0.532,0.9746,18.2089,0.1,0.0,0.003500000000000003,BTC,79758.33,0.0
2026-09-06T17:36:33.120547+00:00,BTC-8SEP26-78500-P,79726.43,BTC-8SEP26,put,78500.0,2026-09-08T08:00:00+00:00,0.004379511732609577,0.0023,0.0028,0.00261102,0.00255,79726.43,BTC-8SEP26,0.3059,-0.21573,15.45068,86.6,52.2,0.0005,BTC,79758.33,10794.79
2026-09-06T17:36:33.120547+00:00,BTC-25DEC26-94000-P,80840.56,BTC-25DEC26,put,94000.0,2026-12-25T08:00:00+00:00,0.3000673967428765,0.1945,0.2,0.19693207,0.19725,80840.56,BTC-25DEC26,0.39840000000000003,-0.71924,149.35529,5.3,0.0,0.005500000000000005,BTC,79758.33,0.0
2026-09-06T17:36:33.120547+00:00,BTC-27NOV26-60000-C,80504.68,BTC-27NOV26,call,60000.0,2026-11-27T08:00:00+00:00,0.22340757470317768,0.2605,0.264,0.26218075,0.26225,80504.68,BTC-27NOV26,0.4586,0.92867,51.8694,0.1,0.0,0.003500000000000003,BTC,79758.33,0.0
2026-09-06T17:36:33.120547+00:00,BTC-25JUN27-66000-C,82711.92,BTC-25JUN27,call,66000.0,2027-06-25T08:00:00+00:00,0.798356240000919,0.26,0.2635,0.26137365,0.26175,82711.92,BTC-25JUN27,0.43329999999999996,0.78142,218.14269,25.7,0.0,0.003500000000000003,BTC,79758.33,0.0
2026-09-06T17:36:33.120547+00:00,BTC-25JUN27-66000-P,82711.92,BTC-25JUN27,put,66000.0,2027-06-25T08:00:00+00:00,0.798356240000919,0.0585,0.0605,0.05946674,0.0595,82711.92,BTC-25JUN27,0.43329999999999996,-0.21858,218.14269,46.5,12.4,0.001999999999999995,BTC,79758.33,58006.17
2026-09-06T17:36:33.120547+00:00,BTC-25DEC26-94000-C,80840.56,BTC-25DEC26,call,94000.0,2026-12-25T08:00:00+00:00,0.3000673967428765,0.0335,0.0345,0.03400874,0.034,80840.56,BTC-25DEC26,0.39840000000000003,0.28076,149.35529,393.5,0.0,0.0010000000000000009,BTC,79758.33,0.0
2026-09-06T17:36:33.120547+00:00,BTC-27NOV26-68000-C,80515.3,BTC-27NOV26,call,68000.0,2026-11-27T08:00:00+00:00,0.22340757470317768,0.174,0.1765,0.1742837,0.17525,80515.3,BTC-27NOV26,0.41159999999999997,0.83313,95.21512,0.0,0.0,0.0025000000000000022,BTC,79758.33,0.0
2026-09-06T17:36:33.120547+00:00,BTC-25SEP26-56000-C,79851.59,BTC-25SEP26,call,56000.0,2026-09-25T08:00:00+00:00,0.050922975113855296,0.297,0.3005,0.29889992,0.29875,79851.59,BTC-25SEP26,0.6423000000000001,0.99415,2.99872,13.4,0.0,0.003500000000000003,BTC,79758.33,0.0
2026-09-06T17:36:33.120547+00:00,BTC-25SEP26-62000-C,79852.45,BTC-25SEP26,call,62000.0,2026-09-25T08:00:00+00:00,0.050922975113855296,0.2225,0.226,0.22413993,0.22425,79852.45,BTC-25SEP26,0.5323,0.98492,6.85739,597.4,0.0,0.003500000000000003,BTC,79758.33,0.0
2026-09-06T17:36:33.120547+00:00,BTC-30OCT26-105000-C,80199.24,BTC-30OCT26,call,105000.0,2026-10-30T08:00:00+00:00,0.14674775266347884,0.0045,0.0049,0.00473006,0.0047,80199.24,BTC-30OCT26,0.4451,0.06762,40.18929,1143.2,0.0,0.0004000000000000002,BTC,79758.33,0.0
2026-09-06T17:36:33.120547+00:00,BTC-8SEP26-77000-C,79726.43,BTC-8SEP26,call,77000.0,2026-09-08T08:00:00+00:00,0.004379511732609577,0.0325,0.037,0.03467838,0.03475,79726.43,BTC-8SEP26,0.34950000000000003,0.93644,6.57651,0.4,0.4,0.004499999999999997,BTC,79756.18,1117.34
2026-09-06T17:36:33.120547+00:00,BTC-30OCT26-55000-P,80199.24,BTC-30OCT26,put,55000.0,2026-10-30T08:00:00+00:00,0.14674775266347884,0.0019,0.0022,0.00211995,0.00205,80199.24,BTC-30OCT26,0.532,-0.02541,18.21232,311.1,0.1,0.00030000000000000014,BTC,79756.18,17.53
2026-09-06T17:36:33.120547+00:00,BTC-25JUN27-160000-P,82711.92,BTC-25JUN27,put,160000.0,2027-06-25T08:00:00+00:00,0.798356240000919,0.945,0.9555,0.9505375,0.95025,82711.92,BTC-25JUN27,0.48009999999999997,-0.90702,123.0146,0.2,0.0,0.010500000000000065,BTC,79756.18,0.0
2026-09-06T17:36:33.120547+00:00,BTC-25SEP26-70000-C,79851.59,BTC-25SEP26,call,70000.0,2026-09-25T08:00:00+00:00,0.050922975113855296,0.1245,0.1285,0.12633147,0.1265,79851.59,BTC-25SEP26,0.41119999999999995,0.92883,24.51711,10962.4,3.0,0.0040000000000000036,BTC,79756.18,30391.15
2026-09-06T17:36:33.120547+00:00,BTC-10SEP26-84000-P,79732.98,BTC-10SEP26,put,84000.0,2026-09-10T08:00:00+00:00,0.00985521330687378,0.0525,0.058,0.05522994,0.05525,79732.98,BTC-10SEP26,0.39030000000000004,-0.90617,13.26457,0.0,0.0,0.005500000000000005,BTC,79755.58,0.0
2026-09-06T17:36:33.120547+00:00,BTC-27NOV26-85000-P,80504.68,BTC-27NOV26,put,85000.0,2026-11-27T08:00:00+00:00,0.22340757470317768,0.106,0.107,0.10669804,0.1065,80504.68,BTC-27NOV26,0.3898,-0.57953,148.87907,11.0,0.0,0.0010000000000000009,BTC,79755.58,0.0
2026-09-06T17:36:33.120547+00:00,BTC-25SEP26-260000-P,79851.59,BTC-25SEP26,put,260000.0,2026-09-25T08:00:00+00:00,0.050922975113855296,2.244,2.2665,2.25643912,2.25525,79851.59,BTC-25SEP26,1.2309,-0.99998,0.01551,0.0,0.0,0.022499999999999964,BTC,79755.58,0.0
2026-09-06T17:36:33.120547+00:00,BTC-10SEP26-88000-C,79743.43,BTC-10SEP26,call,88000.0,2026-09-10T08:00:00+00:00,0.00985521330687378,0.0002,0.0003,0.00025465,0.00025,79743.43,BTC-10SEP26,0.4582,0.01615,3.19548,1.2,1.2,9.999999999999996e-05,BTC,79755.58,19.99
2026-09-06T17:36:33.120547+00:00,BTC-7SEP26-85000-C,79722.55,BTC-7SEP26,call,85000.0,2026-09-07T08:00:00+00:00,0.0016416609454774761,,0.0001,6.4e-07,,79722.55,BTC-7SEP26,0.43670000000000003,0.00016,0.01958,28.2,0.3,,BTC,79755.58,2.4
2026-09-06T17:36:33.120547+00:00,BTC-26MAR27-85000-C,81758.36,BTC-26MAR27,call,85000.0,2027-03-26T08:00:00+00:00,0.5492118183718977,0.1015,0.1035,0.10243006,0.1025,81758.36,BTC-26MAR27,0.40369999999999995,0.50819,241.80982,345.7,0.0,0.001999999999999988,BTC,79755.58,0.0
2026-09-06T17:36:33.120547+00:00,BTC-25JUN27-102000-C,82712.78,BTC-25JUN27,call,102000.0,2027-06-25T08:00:00+00:00,0.798356240000919,0.0735,0.076,0.07485671,0.07475,82712.78,BTC-25JUN27,0.42119999999999996,0.3564,275.67865,28.5,0.1,0.0025000000000000022,BTC,79755.58,591.32
2026-09-06T17:36:33.120547+00:00,BTC-25DEC26-110000-P,80841.42,BTC-25DEC26,put,110000.0,2026-12-25T08:00:00+00:00,0.3000673967428765,0.3705,0.376,0.37294213,0.37325,80841.42,BTC-25DEC26,0.42829999999999996,-0.88372,86.68722,55.6,0.0,0.005500000000000005,BTC,79755.58,0.0
2026-09-06T17:36:33.120547+00:00,BTC-26MAR27-52000-P,81758.36,BTC-26MAR27,put,52000.0,2027-03-26T08:00:00+00:00,0.5492118183718977,0.013,0.0145,0.01369147,0.01375,81758.36,BTC-26MAR27,0.48100000000000004,-0.07382,84.78538,123.8,0.0,0.0015000000000000013,BTC,79754.32,0.0
2026-09-06T17:36:33.120547+00:00,BTC-27NOV26-87000-P,80515.3,BTC-27NOV26,put,87000.0,2026-11-27T08:00:00+00:00,0.22340757470317768,0.1225,0.125,0.12379946,0.12375,80515.3,BTC-27NOV26,0.39189999999999997,-0.62716,144.12082,3.7,0.0,0.0025000000000000022,BTC,79754.32,0.0
2026-09-06T17:36:33.120547+00:00,BTC-30OCT26-89000-C,80199.24,BTC-30OCT26,call,89000.0,2026-10-30T08:00:00+00:00,0.14674775266347884,0.022,0.023,0.02252996,0.0225,80199.24,BTC-30OCT26,0.3899,0.26736,101.1355,76.3,0.0,0.0010000000000000009,BTC,79754.32,0.0
2026-09-06T17:36:33.120547+00:00,BTC-30OCT26-61000-P,80199.24,BTC-30OCT26,put,61000.0,2026-10-30T08:00:00+00:00,0.14674775266347884,0.004,0.0044,0.00419758,0.0042,80199.24,BTC-30OCT26,0.465,-0.05203,32.72086,261.5,0.4,0.0004000000000000002,BTC,79754.32,131.49
2026-09-06T17:36:33.120547+00:00,BTC-10SEP26-76000-C,79743.43,BTC-10SEP26,call,76000.0,2026-09-10T08:00:00+00:00,0.00985521330687378,0.0455,0.051,0.04824748,0.04825,79743.43,BTC-10SEP26,0.36229999999999996,0.91288,12.55327,0.0,0.0,0.005499999999999998,BTC,79754.63,0.0
2026-09-06T17:36:33.120547+00:00,BTC-25JUN27-60000-P,82711.92,BTC-25JUN27,put,60000.0,2027-06-25T08:00:00+00:00,0.798356240000919,0.0395,0.041,0.04023738,0.04025,82711.92,BTC-25JUN27,0.4471,-0.15774,178.24269,196.2,0.1,0.0015000000000000013,BTC,79754.32,324.27
2026-09-06T17:36:33.120547+00:00,BTC-25DEC26-125000-P,80840.56,BTC-25DEC26,put,125000.0,2026-12-25T08:00:00+00:00,0.3000673967428765,0.5485,0.5555,0.55196573,0.552,80840.56,BTC-25DEC26,0.4637,-0.94371,50.19759,9.1,0.0,0.007000000000000006,BTC,79754.63,0.0
2026-09-06T17:36:33.120547+00:00,BTC-11SEP26-71000-C,79743.35,BTC-11SEP26,call,71000.0,2026-09-11T08:00:00+00:00,0.01259306409400588,0.108,0.112,0.10987989,0.11,79743.35,BTC-11SEP26,0.4939,0.98321,3.73457,26.0,0.0,0.0040000000000000036,BTC,79754.63,0.0
2026-09-06T17:36:33.120547+00:00,BTC-27NOV26-58000-C,80515.3,BTC-27NOV26,call,58000.0,2026-11-27T08:00:00+00:00,0.22340757470317768,0.284,0.2875,0.28556098,0.28575,80515.3,BTC-27NOV26,0.47450000000000003,0.94244,43.905,0.0,0.0,0.003500000000000003,BTC,79754.63,0.0
2026-09-06T17:36:33.120547+00:00,BTC-11SEP26-80000-C,79744.21,BTC-11SEP26,call,80000.0,2026-09-11T08:00:00+00:00,0.01259306409400588,0.014,0.015,0.01441667,0.0145,79744.21,BTC-11SEP26,0.3574,0.47824,35.66327,677.6,19.6,0.0009999999999999992,BTC,79754.63,24497.5
2026-09-06T17:36:33.120547+00:00,BTC-7SEP26-69000-P,79722.55,BTC-7SEP26,put,69000.0,2026-09-07T08:00:00+00:00,0.0016416609454774761,,0.0001,0.0,,79722.55,BTC-7SEP26,0.6355,0.0,0.0,0.6,0.0,,BTC,79754.63,0.0
2026-09-06T17:36:33.120547+00:00,BTC-10SEP26-76000-P,79743.43,BTC-10SEP26,put,76000.0,2026-09-10T08:00:00+00:00,0.00985521330687378,0.0014,0.0017,0.00149711,0.00155,79743.43,BTC-10SEP26,0.36229999999999996,-0.08714,12.55512,14.9,14.9,0.0002999999999999999,BTC,79754.34,1778.7
2026-09-06T17:36:33.120547+00:00,BTC-18SEP26-86000-C,79806.53,BTC-18SEP26,call,86000.0,2026-09-18T08:00:00+00:00,0.03175801960393059,0.0055,0.0065,0.0058601,0.006,79806.53,BTC-18SEP26,0.40630000000000005,0.16065,34.71426,353.7,12.6,0.001,BTC,79754.34,6850.07
2026-09-06T17:36:33.120547+00:00,BTC-26MAR27-110000-P,81758.36,BTC-26MAR27,put,110000.0,2027-03-26T08:00:00+00:00,0.5492118183718977,0.375,0.382,0.37835042,0.3785,81758.36,BTC-26MAR27,0.4203,-0.78689,176.23131,4.1,0.0,0.007000000000000006,BTC,79754.34,0.0
2026-09-06T17:36:33.120547+00:00,BTC-26MAR27-52000-C,81758.36,BTC-26MAR27,call,52000.0,2027-03-26T08:00:00+00:00,0.5492118183718977,0.3755,0.379,0.37755169,0.37725,81758.36,BTC-26MAR27,0.48100000000000004,0.92618,84.7833,5.3,0.0,0.003500000000000003,BTC,79754.34,0.0
2026-09-06T17:36:33.120547+00:00,BTC-25SEP26-90000-P,79851.59,BTC-25SEP26,put,90000.0,2026-09-25T08:00:00+00:00,0.050922975113855296,0.1295,0.1345,0.13225015,0.132,79851.59,BTC-25SEP26,0.4217,-0.88637,34.69767,579.9,0.0,0.0050000000000000044,BTC,79754.34,0.0
2026-09-06T17:36:33.120547+00:00,BTC-25JUN27-50000-P,82712.78,BTC-25JUN27,put,50000.0,2027-06-25T08:00:00+00:00,0.798356240000919,0.019,0.0205,0.01982661,0.01975,82712.78,BTC-25JUN27,0.4825,-0.08328,113.31044,402.1,0.0,0.0015000000000000013,BTC,79754.34,0.0
2026-09-06T17:36:33.120547+00:00,BTC-25SEP26-320000-P,79851.59,BTC-25SEP26,put,320000.0,2026-09-25T08:00:00+00:00,0.050922975113855296,2.9925,3.0235,3.00792441,3.008,79851.59,BTC-25SEP26,1.4015,-0.99999,0.0094,25.1,0.0,0.030999999999999694,BTC,79754.34,0.0
2026-09-06T17:36:33.120547+00:00,BTC-30OCT26-105000-P,80199.24,BTC-30OCT26,put,105000.0,2026-10-30T08:00:00+00:00,0.14674775266347884,0.311,0.3165,0.31422673,0.31375,80199.24,BTC-30OCT26,0.4451,-0.93242,40.1686,0.0,0.0,0.005500000000000005,BTC,79754.34,0.0
2026-09-06T17:36:33.120547+00:00,BTC-26MAR27-68000-C,81758.36,BTC-26MAR27,call,68000.0,2027-03-26T08:00:00+00:00,0.5492118183718977,0.2155,0.218,0.21637186,0.21675,81758.36,BTC-26MAR27,0.4199,0.77287,182.79106,196.5,0.0,0.0025000000000000022,BTC,79754.38,0.0
2026-09-06T17:36:33.120547+00:00,BTC-25DEC26-52000-P,80840.56,BTC-25DEC26,put,52000.0,2026-12-25T08:00:00+00:00,0.3000673967428765,0.0055,0.006,0.00566301,0.00575,80840.56,BTC-25DEC26,0.5144,-0.04385,41.1279,542.5,0.1,0.0005000000000000004,BTC,79754.38,43.98
2026-09-06T17:36:33.120547+00:00,BTC-25SEP26-94000-C,79851.59,BTC-25SEP26,call,94000.0,2026-09-25T08:00:00+00:00,0.050922975113855296,0.0024,0.0027,0.0025037,0.00255,79851.59,BTC-25SEP26,0.4495,0.05992,21.45415,877.3,2.0,0.00030000000000000035,BTC,79754.38,439.65
2026-09-06T17:36:33.120547+00:00,BTC-30OCT26-83000-P,80199.24,BTC-30OCT26,put,83000.0,2026-10-30T08:00:00+00:00,0.14674775266347884,0.077,0.0785,0.07798467,0.07775,80199.24,BTC-30OCT26,0.3784,-0.56468,121.01562,103.9,0.0,0.0015000000000000013,BTC,79754.38,0.0
2026-09-06T17:36:33.120547+00:00,BTC-10SEP26-78500-C,79743.43,BTC-10SEP26,call,78500.0,2026-09-10T08:00:00+00:00,0.00985521330687378,0.0215,0.0235,0.02240147,0.0225,79743.43,BTC-10SEP26,0.3386,0.68777,28.027,0.0,0.0,0.0020000000000000018,BTC,79754.26,0.0
2026-09-06T17:36:33.120547+00:00,BTC-25DEC26-96000-C,80840.56,BTC-25DEC26,call,96000.0,2026-12-25T08:00:00+00:00,0.3000673967428765,0.029,0.03,0.02956515,0.0295,80840.56,BTC-25DEC26,0.401,0.25102,141.10628,1494.7,0.0,0.0009999999999999974,BTC,79754.38,0.0
2026-09-06T17:36:33.120547+00:00,BTC-18SEP26-74000-P,79806.53,BTC-18SEP26,put,74000.0,2026-09-18T08:00:00+00:00,0.03175801960393059,0.0045,0.0049,0.0047339,0.0047,79806.53,BTC-18SEP26,0.3897,-0.1304,30.1652,191.5,2.9,0.0004000000000000002,BTC,79754.26,1085.89
2026-09-06T17:36:33.120547+00:00,BTC-27NOV26-69000-P,80504.68,BTC-27NOV26,put,69000.0,2026-11-27T08:00:00+00:00,0.22340757470317768,0.021,0.022,0.02148023,0.0215,80504.68,BTC-27NOV26,0.4083,-0.18489,101.60136,24.7,0.0,0.0009999999999999974,BTC,79754.26,0.0
2026-09-06T17:36:33.120547+00:00,BTC-11SEP26-70000-C,79744.21,BTC-11SEP26,call,70000.0,2026-09-11T08:00:00+00:00,0.01259306409400588,0.1205,0.1245,0.12236054,0.1225,79744.21,BTC-11SEP26,0.5307,0.98678,3.04099,286.9,0.0,0.0040000000000000036,BTC,79754.26,0.0
2026-09-06T17:36:33.120547+00:00,BTC-7SEP26-78500-C,79722.55,BTC-7SEP26,call,78500.0,2026-09-07T08:00:00+00:00,0.0016416609454774761,0.0135,0.0185,0.0158032,0.016,79722.55,BTC-7SEP26,0.3,0.90292,5.54554,1.5,0.0,0.004999999999999999,BTC,79754.26,0.0
2026-09-06T17:36:33.120547+00:00,BTC-25JUN27-170000-C,82711.92,BTC-25JUN27,call,170000.0,2027-06-25T08:00:00+00:00,0.798356240000919,0.012,0.014,0.01293192,0.013,82711.92,BTC-25JUN27,0.4905,0.07728,107.08902,91.9,0.1,0.002,BTC,79754.26,95.74
2026-09-06T17:36:33.120547+00:00,BTC-25DEC26-68000-C,80840.56,BTC-25DEC26,call,68000.0,2026-12-25T08:00:00+00:00,0.3000673967428765,0.1835,0.187,0.18565912,0.18525,80840.56,BTC-25DEC26,0.41590000000000005,0.80889,120.66766,1031.5,2.1,0.003500000000000003,BTC,79754.26,31330.0
2026-09-06T17:36:33.120547+00:00,BTC-27NOV26-102000-C,80504.68,BTC-27NOV26,call,102000.0,2026-11-27T08:00:00+00:00,0.22340757470317768,0.0125,0.0135,0.01297448,0.013,80504.68,BTC-27NOV26,0.4226,0.13941,84.50476,94.6,1.4,0.0009999999999999992,BTC,79754.09,1441.21
2026-09-06T17:36:33.120547+00:00,BTC-25JUN27-40000-C,82711.92,BTC-25JUN27,call,40000.0,2027-06-25T08:00:00+00:00,0.798356240000919,0.5245,0.527,0.52602676,0.52575,82711.92,BTC-25JUN27,0.5425,0.95916,64.80274,17.1,0.0,0.0025000000000000577,BTC,79754.09,0.0
2026-09-06T17:36:33.120547+00:00,BTC-27NOV26-100000-P,80515.3,BTC-27NOV26,put,100000.0,2026-11-27T08:00:00+00:00,0.22340757470317768,0.254,0.2595,0.25718155,0.25675,80515.3,BTC-27NOV26,0.4168,-0.84143,92.10034,0.0,0.0,0.005500000000000005,BTC,79754.09,0.0
2026-09-06T17:36:33.120547+00:00,BTC-25SEP26-94000-P,79852.45,BTC-25SEP26,put,94000.0,2026-09-25T08:00:00+00:00,0.050922975113855296,0.177,0.1825,0.17983128,0.17975,79852.45,BTC-25SEP26,0.4495,-0.94008,21.45321,1.9,0.0,0.005500000000000005,BTC,79754.09,0.0
2026-09-06T17:36:33.120547+00:00,BTC-26MAR27-100000-C,81758.36,BTC-26MAR27,call,100000.0,2027-03-26T08:00:00+00:00,0.5492118183718977,0.05,0.052,0.05095819,0.051,81758.36,BTC-26MAR27,0.4107,0.30555,212.52349,670.1,1.0,0.001999999999999995,BTC,79754.09,4015.24
2026-09-06T17:36:33.120547+00:00,BTC-26MAR27-68000-P,81758.36,BTC-26MAR27,put,68000.0,2027-03-26T08:00:00+00:00,0.5492118183718977,0.0475,0.049,0.04824696,0.04825,81758.36,BTC-26MAR27,0.4199,-0.22713,182.7918,290.8,0.0,0.0015000000000000013,BTC,79754.09,0.0
2026-09-06T17:36:33.120547+00:00,BTC-9SEP26-84000-P,79737.06,BTC-9SEP26,put,84000.0,2026-09-09T08:00:00+00:00,0.007117362519741679,0.0515,0.057,0.05436018,0.05425,79737.06,BTC-9SEP26,0.3845,-0.9435,7.64606,0.0,0.0,0.005500000000000005,BTC,79754.17,0.0
2026-09-06T17:36:33.120547+00:00,BTC-27NOV26-87000-C,80504.68,BTC-27NOV26,call,87000.0,2026-11-27T08:00:00+00:00,0.22340757470317768,0.0425,0.0435,0.04303854,0.043,80504.68,BTC-27NOV26,0.39189999999999997,0.37283,144.11875,9.8,0.0,0.000999999999999994,BTC,79754.17,0.0
2026-09-06T17:36:33.120547+00:00,BTC-7SEP26-86000-P,79722.55,BTC-7SEP26,put,86000.0,2026-09-07T08:00:00+00:00,0.0016416609454774761,0.076,0.0815,0.07888415,0.07875,79722.55,BTC-7SEP26,0.43670000000000003,-0.99999,0.00144,0.0,0.0,0.005500000000000005,BTC,79754.17,0.0
2026-09-06T17:36:33.120547+00:00,BTC-8SEP26-82000-C,79726.43,BTC-8SEP26,call,82000.0,2026-09-08T08:00:00+00:00,0.004379511732609577,0.001,0.0013,0.00113036,0.00115,79726.43,BTC-8SEP26,0.3395,0.10893,9.85362,311.8,16.3,0.0002999999999999999,BTC,79754.17,2085.38
2026-09-06T17:36:33.120547+00:00,BTC-8SEP26-74000-P,79726.43,BTC-8SEP26,put,74000.0,2026-09-08T08:00:00+00:00,0.004379511732609577,,0.0002,0.00011222,,79726.43,BTC-8SEP26,0.48719999999999997,-0.00979,1.38093,2.4,0.6,,BTC,79754.17,11.19
2026-09-06T17:36:33.120547+00:00,BTC-25JUN27-52000-P,82711.92,BTC-25JUN27,put,52000.0,2027-06-25T08:00:00+00:00,0.798356240000919,0.022,0.024,0.02296951,0.023,82711.92,BTC-25JUN27,0.4742,-0.09555,125.51366,40.4,0.0,0.0020000000000000018,BTC,79754.17,0.0
2026-09-06T17:36:33.120547+00:00,BTC-25SEP26-78000-P,79851.59,BTC-25SEP26,put,78000.0,2026-09-25T08:00:00+00:00,0.050922975113855296,0.022,0.023,0.02255123,0.0225,79851.59,BTC-25SEP26,0.3686,-0.37223,68.20346,2721.0,19.2,0.0010000000000000009,BTC,79754.21,34082.02
2026-09-06T17:36:33.120547+00:00,BTC-11SEP26-85000-C,79744.21,BTC-11SEP26,call,85000.0,2026-09-11T08:00:00+00:00,0.01259306409400588,0.0017,0.0019,0.00182714,0.0018,79744.21,BTC-11SEP26,0.4125,0.0882,14.32154,711.2,17.7,0.0002000000000000001,BTC,79754.21,3258.55
2026-09-06T17:36:33.120547+00:00,BTC-7SEP26-80500-P,79721.69,BTC-7SEP26,put,80500.0,2026-09-07T08:00:00+00:00,0.0016416609454774761,0.009,0.013,0.01120423,0.011,79721.69,BTC-7SEP26,0.2889,-0.79039,9.29644,25.7,0.0,0.004,BTC,79754.21,0.0
2026-09-06T17:36:33.120547+00:00,BTC-27NOV26-77000-P,80515.3,BTC-27NOV26,put,77000.0,2026-11-27T08:00:00+00:00,0.22340757470317768,0.0515,0.0525,0.0521491,0.052,80515.3,BTC-27NOV26,0.3897,-0.36866,143.59403,28.5,0.0,0.0010000000000000009,BTC,79754.21,0.0
2026-09-06T17:36:33.120547+00:00,BTC-27NOV26-77000-C,80504.68,BTC-27NOV26,call,77000.0,2026-11-27T08:00:00+00:00,0.22340757470317768,0.095,0.097,0.09561358,0.096,80504.68,BTC-27NOV26,0.3897,0.63134,143.59409,3.0,0.0,0.0020000000000000018,BTC,79754.21,0.0
2026-09-06T17:36:33.120547+00:00,BTC-25SEP26-87000-C,79851.59,BTC-25SEP26,call,87000.0,2026-09-25T08:00:00+00:00,0.050922975113855296,0.008,0.009,0.00852959,0.0085,79851.59,BTC-25SEP26,0.3986,0.18243,47.70717,10.4,2.0,0.0009999999999999992,BTC,79754.21,1437.21
2026-09-06T17:36:33.120547+00:00,BTC-26MAR27-125000-P,81758.36,BTC-26MAR27,put,125000.0,2027-03-26T08:00:00+00:00,0.5492118183718977,0.5405,0.551,0.54744134,0.54575,81758.36,BTC-26MAR27,0.4409,-0.87178,127.02735,0.1,0.0,0.010500000000000065,BTC,79754.21,0.0
2026-09-06T17:36:33.120547+00:00,BTC-26MAR27-115000-C,81758.36,BTC-26MAR27,call,115000.0,2027-03-26T08:00:00+00:00,0.5492118183718977,0.0255,0.0275,0.02653107,0.0265,81758.36,BTC-26MAR27,0.4263,0.17851,158.25005,807.8,0.2,0.0020000000000000018,BTC,79754.21,421.97
2026-09-06T17:36:33.120547+00:00,BTC-26MAR27-86000-C,81758.36,BTC-26MAR27,call,86000.0,2027-03-26T08:00:00+00:00,0.5492118183718977,0.097,0.099,0.09776988,0.098,81758.36,BTC-26MAR27,0.40380000000000005,0.49262,241.81646,141.7,0.0,0.0020000000000000018,BTC,79754.21,0.0
2026-09-06T17:36:33.120547+00:00,BTC-11SEP26-95000-C,79743.35,BTC-11SEP26,call,95000.0,2026-09-11T08:00:00+00:00,0.01259306409400588,0.0001,0.0002,0.00014227,0.00015,79743.35,BTC-11SEP26,0.619,0.00653,1.64145,616.2,1.0,0.0001,BTC,79754.21,11.97
2026-09-06T17:36:33.120547+00:00,BTC-10SEP26-82500-P,79743.43,BTC-10SEP26,put,82500.0,2026-09-10T08:00:00+00:00,0.00985521330687378,0.0355,0.042,0.03830317,0.03875,79743.43,BTC-10SEP26,0.3691,-0.81682,21.01002,0.0,0.0,0.006500000000000006,BTC,79754.42,0.0
2026-09-06T17:36:33.120547+00:00,BTC-27NOV26-62000-C,80515.3,BTC-27NOV26,call,62000.0,2026-11-27T08:00:00+00:00,0.22340757470317768,0.238,0.2415,0.23933024,0.23975,80515.3,BTC-27NOV26,0.4449,0.91115,61.24321,0.0,0.0,0.003500000000000003,BTC,79754.42,0.0
2026-09-06T17:36:33.120547+00:00,BTC-11SEP26-67000-C,79743.35,BTC-11SEP26,call,67000.0,2026-09-11T08:00:00+00:00,0.01259306409400588,0.158,0.162,0.15984343,0.16,79743.35,BTC-11SEP26,0.6275,0.99395,1.53407,0.2,0.0,0.0040000000000000036,BTC,79754.21,0.0
2026-09-06T17:36:33.120547+00:00,BTC-27NOV26-80000-P,80515.3,BTC-27NOV26,put,80000.0,2026-11-27T08:00:00+00:00,0.22340757470317768,0.069,0.0705,0.07010635,0.06975,80515.3,BTC-27NOV26,0.3896,-0.44906,150.66345,52.3,0.7,0.0014999999999999875,BTC,79754.42,3955.92
2026-09-06T17:36:33.120547+00:00,BTC-25JUN27-80000-P,82711.92,BTC-25JUN27,put,80000.0,2027-06-25T08:00:00+00:00,0.798356240000919,0.1285,0.132,0.13018707,0.13025,82711.92,BTC-25JUN27,0.41850000000000004,-0.391,283.91816,44.1,0.2,0.003500000000000003,BTC,79754.42,2091.67
2026-09-06T17:36:33.120547+00:00,BTC-25DEC26-55000-P,80840.56,BTC-25DEC26,put,55000.0,2026-12-25T08:00:00+00:00,0.3000673967428765,0.007,0.008,0.00747627,0.0075,80840.56,BTC-25DEC26,0.4899,-0.05825,51.57207,2657.5,0.0,0.001,BTC,79754.42,0.0
2026-09-06T17:36:33.120547+00:00,BTC-25SEP26-98000-C,79852.45,BTC-25SEP26,call,98000.0,2026-09-25T08:00:00+00:00,0.050922975113855296,0.0013,0.0016,0.00142865,0.00145,79852.45,BTC-25SEP26,0.4843,0.03456,13.78754,1128.1,5.8,0.00030000000000000014,BTC,79754.42,780.52
2026-09-06T17:36:33.120547+00:00,BTC-25JUN27-30000-P,82712.78,BTC-25JUN27,put,30000.0,2027-06-25T08:00:00+00:00,0.798356240000919,0.0036,0.0048,0.00414219,0.0042,82712.78,BTC-25JUN27,0.6161,-0.01714,31.38738,333.0,1.0,0.0011999999999999997,BTC,79754.42,334.75
2026-09-06T17:36:33.120547+00:00,BTC-25SEP26-100000-P,79852.45,BTC-25SEP26,put,100000.0,2026-09-25T08:00:00+00:00,0.050922975113855296,0.2505,0.2565,0.25357928,0.2535,79852.45,BTC-25SEP26,0.5012,-0.97326,11.14596,336.1,0.0,0.006000000000000005,BTC,79754.33,0.0
2026-09-06T17:36:33.120547+00:00,BTC-27NOV26-72000-C,80515.3,BTC-27NOV26,call,72000.0,2026-11-27T08:00:00+00:00,0.22340757470317768,0.1355,0.1375,0.13600847,0.1365,80515.3,BTC-27NOV26,0.39890000000000003,0.75426,119.89314,0.0,0.0,0.0020000000000000018,BTC,79754.33,0.0
2026-09-06T17:36:33.120547+00:00,BTC-30OCT26-102000-C,80199.24,BTC-30OCT26,call,102000.0,2026-10-30T08:00:00+00:00,0.14674775266347884,0.0055,0.0065,0.00600144,0.006,80199.24,BTC-30OCT26,0.431,0.08495,47.81236,198.3,0.0,0.001,BTC,79754.33,0.0
2026-09-06T17:36:33.120547+00:00,BTC-8SEP26-83500-C,79726.43,BTC-8SEP26,call,83500.0,2026-09-08T08:00:00+00:00,0.004379511732609577,0.0002,0.0004,0.0002938,0.0003,79726.43,BTC-8SEP26,0.373,0.03175,3.76325,7.2,5.0,0.0002,BTC,79754.33,371.04
2026-09-06T17:36:33.120547+00:00,BTC-8SEP26-86000-P,79726.43,BTC-8SEP26,put,86000.0,2026-09-08T08:00:00+00:00,0.004379511732609577,0.076,0.0815,0.07893911,0.07875,79726.43,BTC-8SEP26,0.4307,-0.99581,0.6521,0.0,0.0,0.005500000000000005,BTC,79754.33,0.0
2026-09-06T17:36:33.120547+00:00,BTC-27NOV26-83000-P,80515.3,BTC-27NOV26,put,83000.0,2026-11-27T08:00:00+00:00,0.22340757470317768,0.09,0.0915,0.09088733,0.09075,80515.3,BTC-27NOV26,0.3886,-0.52886,151.50565,45.2,1.9,0.0015000000000000013,BTC,79754.43,13688.23
2026-09-06T17:36:33.120547+00:00,BTC-27NOV26-79000-C,80515.3,BTC-27NOV26,call,79000.0,2026-11-27T08:00:00+00:00,0.22340757470317768,0.0815,0.083,0.08221224,0.08225,80515.3,BTC-27NOV26,0.3886,0.57782,149.00407,50.1,0.0,0.0015000000000000013,BTC,79754.43,0.0
2026-09-06T17:36:33.120547+00:00,BTC-25SEP26-102000-C,79851.59,BTC-25SEP26,call,102000.0,2026-09-25T08:00:00+00:00,0.050922975113855296,0.0008,0.001,0.00083993,0.0009,79851.59,BTC-25SEP26,0.5156000000000001,0.02048,8.90821,199.1,0.0,0.00019999999999999998,BTC,79754.43,0.0
2026-09-06T17:36:33.120547+00:00,BTC-7SEP26-85000-P,79721.69,BTC-7SEP26,put,85000.0,2026-09-07T08:00:00+00:00,0.0016416609454774761,0.0635,0.069,0.06633959,0.06625,79721.69,BTC-7SEP26,0.43670000000000003,-0.99984,0.01948,0.0,0.0,0.005500000000000005,BTC,79754.43,0.0
2026-09-06T17:36:33.120547+00:00,BTC-26MAR27-102000-C,81758.36,BTC-26MAR27,call,102000.0,2027-03-26T08:00:00+00:00,0.5492118183718977,0.0455,0.0475,0.04650476,0.0465,81758.36,BTC-26MAR27,0.41229999999999994,0.28428,205.5742,127.5,0.0,0.0020000000000000018,BTC,79754.43,0.0
2026-09-06T17:36:33.120547+00:00,BTC-25DEC26-78000-P,80841.42,BTC-25DEC26,put,78000.0,2026-12-25T08:00:00+00:00,0.3000673967428765,0.0675,0.069,0.0681587,0.06825,80841.42,BTC-25DEC26,0.3943,-0.39179,170.22241,1405.4,0.1,0.0015000000000000013,BTC,79754.43,543.72
2026-09-06T17:36:33.120547+00:00,BTC-25JUN27-76000-P,82712.78,BTC-25JUN27,put,76000.0,2027-06-25T08:00:00+00:00,0.798356240000919,0.105,0.1075,0.10631993,0.10625,82712.78,BTC-25JUN27,0.42119999999999996,-0.33958,270.81364,74.6,0.2,0.0025000000000000022,BTC,79754.43,1680.41
2026-09-06T17:36:33.120547+00:00,BTC-11SEP26-79000-C,79744.21,BTC-11SEP26,call,79000.0,2026-09-11T08:00:00+00:00,0.01259306409400588,0.02,0.0215,0.02072369,0.02075,79744.21,BTC-11SEP26,0.3521,0.60331,34.51177,271.6,6.2,0.0014999999999999979,BTC,79754.43,10924.16
2026-09-06T17:36:33.120547+00:00,BTC-25SEP26-80000-C,79851.59,BTC-25SEP26,call,80000.0,2026-09-25T08:00:00+00:00,0.050922975113855296,0.032,0.033,0.03241696,0.0325,79851.59,BTC-25SEP26,0.37060000000000004,0.50881,71.90696,6926.3,18.1,0.0010000000000000009,BTC,79754.65,44958.93
2026-09-06T17:36:33.120547+00:00,BTC-27NOV26-81000-C,80515.3,BTC-27NOV26,call,81000.0,2026-11-27T08:00:00+00:00,0.22340757470317768,0.0695,0.071,0.07031311,0.07025,80515.3,BTC-27NOV26,0.3884,0.52401,151.62838,112.0,0.0,0.0014999999999999875,BTC,79754.65,0.0
2026-09-06T17:36:33.120547+00:00,BTC-25JUN27-78000-C,82711.92,BTC-25JUN27,call,78000.0,2027-06-25T08:00:00+00:00,0.798356240000919,0.1735,0.176,0.1747529,0.17475,82711.92,BTC-25JUN27,0.4199,0.63477,278.00096,52.2,0.2,0.0025000000000000022,BTC,79754.65,2769.33
2026-09-06T17:36:33.120547+00:00,BTC-10SEP26-87000-P,79743.43,BTC-10SEP26,put,87000.0,2026-09-10T08:00:00+00:00,0.00985521330687378,0.0885,0.0945,0.09161393,0.0915,79743.43,BTC-10SEP26,0.4407,-0.9753,4.58162,0.0,0.0,0.006000000000000005,BTC,79754.49,0.0
2026-09-06T17:36:33.120547+00:00,BTC-27NOV26-96000-P,80515.3,BTC-27NOV26,put,96000.0,2026-11-27T08:00:00+00:00,0.22340757470317768,0.21,0.215,0.21305329,0.2125,80515.3,BTC-27NOV26,0.4072,-0.79294,108.82837,0.0,0.0,0.0050000000000000044,BTC,79754.49,0.0
2026-09-06T17:36:33.120547+00:00,BTC-25JUN27-62000-C,82712.78,BTC-25JUN27,call,62000.0,2027-06-25T08:00:00+00:00,0.798356240000919,0.295,0.298,0.29623202,0.2965,82712.78,BTC-25JUN27,0.44179999999999997,0.82323,191.83107,117.0,0.0,0.0030000000000000027,BTC,79754.65,0.0
2026-09-06T17:36:33.120547+00:00,BTC-25SEP26-92000-P,79851.59,BTC-25SEP26,put,92000.0,2026-09-25T08:00:00+00:00,0.050922975113855296,0.153,0.1585,0.1557026,0.15575,79851.59,BTC-25SEP26,0.4326,-0.91925,26.99345,7.7,0.0,0.005500000000000005,BTC,79754.49,0.0
2026-09-06T17:36:33.120547+00:00,BTC-27NOV26-104000-P,80504.68,BTC-27NOV26,put,104000.0,2026-11-27T08:00:00+00:00,0.22340757470317768,0.3,0.3055,0.30296618,0.30275,80504.68,BTC-27NOV26,0.42590000000000006,-0.87885,76.6808,0.0,0.0,0.005500000000000005,BTC,79754.49,0.0
2026-09-06T17:36:33.120547+00:00,BTC-26MAR27-58000-C,81758.36,BTC-26MAR27,call,58000.0,2027-03-26T08:00:00+00:00,0.5492118183718977,0.3105,0.314,0.31242926,0.31225,81758.36,BTC-26MAR27,0.45,0.88424,118.22515,4.3,0.0,0.003500000000000003,BTC,79754.49,0.0
2026-09-06T17:36:33.120547+00:00,BTC-26MAR27-94000-C,81758.36,BTC-26MAR27,call,94000.0,2027-03-26T08:00:00+00:00,0.5492118183718977,0.0665,0.0685,0.06714914,0.0675,81758.36,BTC-26MAR27,0.40619999999999995,0.37759,230.38212,166.3,0.0,0.0020000000000000018,BTC,79754.49,0.0
2026-09-06T17:36:33.120547+00:00,BTC-26MAR27-72000-C,81758.36,BTC-26MAR27,call,72000.0,2027-03-26T08:00:00+00:00,0.5492118183718977,0.1825,0.185,0.18345394,0.18375,81758.36,BTC-26MAR27,0.41240000000000004,0.71547,205.66074,95.2,0.0,0.0025000000000000022,BTC,79754.49,0.0
2026-09-06T17:36:33.120547+00:00,BTC-25JUN27-50000-C,82712.78,BTC-25JUN27,call,50000.0,2027-06-25T08:00:00+00:00,0.798356240000919,0.414,0.417,0.41521063,0.4155,82712.78,BTC-25JUN27,0.4825,0.91673,113.30671,17.5,0.0,0.0030000000000000027,BTC,79754.49,0.0
2026-09-06T17:36:33.120547+00:00,BTC-25DEC26-55000-C,80840.56,BTC-25DEC26,call,55000.0,2026-12-25T08:00:00+00:00,0.3000673967428765,0.325,0.3285,0.32704241,0.32675,80840.56,BTC-25DEC26,0.4899,0.94175,51.57291,44.9,0.0,0.003500000000000003,BTC,79754.49,0.0
2026-09-06T17:36:33.120547+00:00,BTC-7SEP26-90000-C,79721.69,BTC-7SEP26,call,90000.0,2026-09-07T08:00:00+00:00,0.0016416609454774761,,0.0001,0.0,,79721.69,BTC-7SEP26,0.5233,0.0,0.0,0.3,0.0,,BTC,79754.49,0.0
2026-09-06T17:36:33.120547+00:00,BTC-25SEP26-52000-C,79852.45,BTC-25SEP26,call,52000.0,2026-09-25T08:00:00+00:00,0.050922975113855296,0.347,0.3505,0.34886474,0.34875,79852.45,BTC-25SEP26,0.7120000000000001,0.99705,1.62608,150.2,0.0,0.003500000000000003,BTC,79754.49,0.0
2026-09-06T17:36:33.120547+00:00,BTC-25DEC26-240000-C,80840.56,BTC-25DEC26,call,240000.0,2026-12-25T08:00:00+00:00,0.3000673967428765,0.0002,0.0005,0.00030266,0.00035,80840.56,BTC-25DEC26,0.6768000000000001,0.00299,4.04581,785.2,0.0,0.00030000000000000003,BTC,79754.49,0.0
2026-09-06T17:36:33.120547+00:00,BTC-10SEP26-87000-C,79743.43,BTC-10SEP26,call,87000.0,2026-09-10T08:00:00+00:00,0.00985521330687378,0.0003,0.0005,0.00039396,0.0004,79743.43,BTC-10SEP26,0.4407,0.02472,4.5846,0.0,0.0,0.00020000000000000004,BTC,79755.72,0.0
2026-09-06T17:36:33.120547+00:00,BTC-7SEP26-76500-C,79721.69,BTC-7SEP26,call,76500.0,2026-09-07T08:00:00+00:00,0.0016416609454774761,0.038,0.043,0.04031502,0.0405,79721.69,BTC-7SEP26,0.3851,0.99617,0.36767,0.0,0.0,0.0049999999999999975,BTC,79754.49,0.0
2026-09-06T17:36:33.120547+00:00,BTC-11SEP26-86000-C,79743.35,BTC-11SEP26,call,86000.0,2026-09-11T08:00:00+00:00,0.01259306409400588,0.0011,0.0014,0.00125563,0.00125,79743.35,BTC-11SEP26,0.42979999999999996,0.06198,10.9385,1503.7,5.7,0.0002999999999999999,BTC,79754.49,783.79
2026-09-06T17:36:33.120547+00:00,BTC-26MAR27-66000-P,81758.36,BTC-26MAR27,put,66000.0,2027-03-26T08:00:00+00:00,0.5492118183718977,0.0405,0.0425,0.04149152,0.0415,81758.36,BTC-26MAR27,0.4244,-0.20086,170.1659,110.2,0.0,0.0020000000000000018,BTC,79755.72,0.0
2026-09-06T17:36:33.120547+00:00,BTC-25DEC26-75000-C,80841.42,BTC-25DEC26,call,75000.0,2026-12-25T08:00:00+00:00,0.3000673967428765,0.124,0.1255,0.12467322,0.12475,80841.42,BTC-25DEC26,0.3982,0.67503,159.46567,1881.8,0.0,0.0015000000000000013,BTC,79755.72,0.0
2026-09-06T17:36:33.120547+00:00,BTC-10SEP26-81000-C,79743.43,BTC-10SEP26,call,81000.0,2026-09-10T08:00:00+00:00,0.00985521330687378,0.007,0.008,0.00752448,0.0075,79743.43,BTC-10SEP26,0.3529,0.33607,28.88892,0.0,0.0,0.001,BTC,79755.72,0.0
2026-09-06T17:36:33.120547+00:00,BTC-18SEP26-78000-C,79796.23,BTC-18SEP26,call,78000.0,2026-09-18T08:00:00+00:00,0.03175801960393059,0.0385,0.04,0.03919728,0.03925,79796.23,BTC-18SEP26,0.37670000000000003,0.64742,52.84705,96.8,2.0,0.0015000000000000013,BTC,79757.53,6297.86
2026-09-06T17:36:33.120547+00:00,BTC-9SEP26-81000-P,79736.13,BTC-9SEP26,put,81000.0,2026-09-09T08:00:00+00:00,0.007117362519741679,0.02,0.022,0.02115664,0.021,79736.13,BTC-9SEP26,0.3371,-0.70226,23.31766,0.0,0.0,0.0019999999999999983,BTC,79755.72,0.0
2026-09-06T17:36:33.120547+00:00,BTC-11SEP26-88000-C,79744.21,BTC-11SEP26,call,88000.0,2026-09-11T08:00:00+00:00,0.01259306409400588,0.0005,0.0007,0.00060037,0.0006,79744.21,BTC-11SEP26,0.4622,0.0307,6.20989,1325.7,8.2,0.00019999999999999998,BTC,79755.72,434.01
2026-09-06T17:36:33.120547+00:00,BTC-25SEP26-77000-P,79852.45,BTC-25SEP26,put,77000.0,2026-09-25T08:00:00+00:00,0.050922975113855296,0.0175,0.0185,0.01794258,0.018,79852.45,BTC-25SEP26,0.3699,-0.31581,64.11589,1094.5,2.1,0.0009999999999999974,BTC,79757.53,2982.44
2026-09-06T17:36:33.120547+00:00,BTC-26MAR27-35000-P,81758.36,BTC-26MAR27,put,35000.0,2027-03-26T08:00:00+00:00,0.5492118183718977,0.0027,0.0034,0.00300169,0.00305,81758.36,BTC-26MAR27,0.5968,-0.01623,24.56474,623.5,0.3,0.0006999999999999997,BTC,79757.53,79.81
2026-09-06T17:36:33.120547+00:00,BTC-9SEP26-75000-P,79737.06,BTC-9SEP26,put,75000.0,2026-09-09T08:00:00+00:00,0.007117362519741679,0.0004,0.0006,0.00044234,0.0005,79737.06,BTC-9SEP26,0.3979,-0.03241,4.88119,5.0,0.0,0.00019999999999999993,BTC,79757.53,0.0
2026-09-06T17:36:33.120547+00:00,BTC-7SEP26-80000-P,79722.55,BTC-7SEP26,put,80000.0,2026-09-07T08:00:00+00:00,0.0016416609454774761,0.0055,0.007,0.0064856,0.00625,79722.55,BTC-7SEP26,0.27449999999999997,-0.61326,12.36024,83.5,13.0,0.0015000000000000005,BTC,79757.53,7124.17
2026-09-06T17:36:33.120547+00:00,BTC-25JUN27-30000-C,82712.78,BTC-25JUN27,call,30000.0,2027-06-25T08:00:00+00:00,0.798356240000919,0.6405,0.6425,0.6413726,0.6415,82712.78,BTC-25JUN27,0.6161,0.98286,31.38757,69.5,0.0,0.0020000000000000018,BTC,79757.53,0.0
2026-09-06T17:36:33.120547+00:00,BTC-30OCT26-73000-C,80199.24,BTC-30OCT26,call,73000.0,2026-10-30T08:00:00+00:00,0.14674775266347884,0.111,0.113,0.11181165,0.112,80199.24,BTC-30OCT26,0.384,0.76264,94.98655,634.0,0.1,0.0020000000000000018,BTC,79757.53,915.8
2026-09-06T17:36:33.120547+00:00,BTC-30OCT26-81000-P,80199.24,BTC-30OCT26,put,81000.0,2026-10-30T08:00:00+00:00,0.14674775266347884,0.0625,0.0635,0.06297856,0.063,80199.24,BTC-30OCT26,0.3761,-0.49804,122.63499,167.0,0.0,0.0010000000000000009,BTC,79757.53,0.0
2026-09-06T17:36:33.120547+00:00,BTC-25SEP26-50000-P,79851.59,BTC-25SEP26,put,50000.0,2026-09-25T08:00:00+00:00,0.050922975113855296,,0.0001,0.00014387,,79851.59,BTC-25SEP26,0.7673000000000001,-0.00263,1.46419,3750.9,3.9,,BTC,79757.49,31.16
2026-09-06T17:36:33.120547+00:00,BTC-26MAR27-64000-P,81758.36,BTC-26MAR27,put,64000.0,2027-03-26T08:00:00+00:00,0.5492118183718977,0.0345,0.0365,0.0355237,0.0355,81758.36,BTC-26MAR27,0.42950000000000005,-0.17642,157.08409,126.0,0.0,0.001999999999999995,BTC,79757.49,0.0
2026-09-06T17:36:33.120547+00:00,BTC-8SEP26-78000-C,79726.43,BTC-8SEP26,call,78000.0,2026-09-08T08:00:00+00:00,0.004379511732609577,0.0205,0.026,0.02308329,0.02325,79726.43,BTC-8SEP26,0.3171,0.85626,11.95825,0.1,0.0,0.005499999999999998,BTC,79757.49,0.0
2026-09-06T17:36:33.120547+00:00,BTC-26MAR27-115000-P,81758.36,BTC-26MAR27,put,115000.0,2027-03-26T08:00:00+00:00,0.5492118183718977,0.4275,0.4365,0.43337868,0.432,81758.36,BTC-26MAR27,0.4263,-0.82146,158.27318,2.2,0.0,0.009000000000000008,BTC,79757.49,0.0
2026-09-06T17:36:33.120547+00:00,BTC-26MAR27-35000-C,81759.22,BTC-26MAR27,call,35000.0,2027-03-26T08:00:00+00:00,0.5492118183718977,0.574,0.5765,0.57483068,0.57525,81759.22,BTC-26MAR27,0.5968,0.98377,24.56509,19.9,0.0,0.0025000000000000577,BTC,79757.49,0.0
2026-09-06T17:36:33.120547+00:00,BTC-9SEP26-77000-P,79737.06,BTC-9SEP26,put,77000.0,2026-09-09T08:00:00+00:00,0.007117362519741679,0.0014,0.0017,0.00156766,0.00155,79737.06,BTC-9SEP26,0.34159999999999996,-0.10857,12.53541,13.0,11.5,0.0002999999999999999,BTC,79757.28,1315.63
2026-09-06T17:36:33.120547+00:00,BTC-25JUN27-54000-P,82711.92,BTC-25JUN27,put,54000.0,2027-06-25T08:00:00+00:00,0.798356240000919,0.0255,0.0275,0.02646808,0.0265,82711.92,BTC-25JUN27,0.4661,-0.10893,138.07426,50.1,0.0,0.0020000000000000018,BTC,79757.28,0.0
2026-09-06T17:36:33.120547+00:00,BTC-8SEP26-85000-C,79726.43,BTC-8SEP26,call,85000.0,2026-09-08T08:00:00+00:00,0.004379511732609577,,0.0002,6.077e-05,,79726.43,BTC-8SEP26,0.3942,0.00749,1.09182,1.9,1.5,,BTC,79757.28,28.76
2026-09-06T17:36:33.120547+00:00,BTC-30OCT26-77000-C,80199.24,BTC-30OCT26,call,77000.0,2026-10-30T08:00:00+00:00,0.14674775266347884,0.078,0.0795,0.07824853,0.07875,80199.24,BTC-30OCT26,0.3753,0.63931,115.08047,116.0,0.0,0.0015000000000000013,BTC,79757.28,0.0
2026-09-06T17:36:33.120547+00:00,BTC-9SEP26-88000-P,79737.06,BTC-9SEP26,put,88000.0,2026-09-09T08:00:00+00:00,0.007117362519741679,0.101,0.107,0.10391988,0.104,79737.06,BTC-9SEP26,0.5007,-0.98946,1.87721,0.0,0.0,0.0059999999999999915,BTC,79757.28,0.0
2026-09-06T17:36:33.120547+00:00,BTC-25SEP26-140000-P,79851.59,BTC-25SEP26,put,140000.0,2026-09-25T08:00:00+00:00,0.050922975113855296,0.7495,0.757,0.75349842,0.75325,79851.59,BTC-25SEP26,0.7598999999999999,-0.99928,0.44928,1.4,0.0,0.007499999999999951,BTC,79757.28,0.0
2026-09-06T17:36:33.120547+00:00,BTC-27NOV26-106000-P,80515.3,BTC-27NOV26,put,106000.0,2026-11-27T08:00:00+00:00,0.22340757470317768,0.323,0.329,0.32637014,0.326,80515.3,BTC-27NOV26,0.43170000000000003,-0.89329,70.05403,0.0,0.0,0.006000000000000005,BTC,79756.48,0.0
2026-09-06T17:36:33.120547+00:00,BTC-30OCT26-104000-C,80199.24,BTC-30OCT26,call,104000.0,2026-10-30T08:00:00+00:00,0.14674775266347884,0.0049,0.0055,0.00520604,0.0052,80199.24,BTC-30OCT26,0.4421,0.07379,42.97926,89.2,0.5,0.0005999999999999998,BTC,79757.28,219.74
2026-09-06T17:36:33.120547+00:00,BTC-27NOV26-91000-P,80504.68,BTC-27NOV26,put,91000.0,2026-11-27T08:00:00+00:00,0.22340757470317768,0.1585,0.163,0.16127118,0.16075,80504.68,BTC-27NOV26,0.3973,-0.71104,130.12178,0.0,0.0,0.004500000000000004,BTC,79756.48,0.0
2026-09-06T17:36:33.120547+00:00,BTC-11SEP26-84000-P,79744.21,BTC-11SEP26,put,84000.0,2026-09-11T08:00:00+00:00,0.01259306409400588,0.054,0.0585,0.05629665,0.05625,79744.21,BTC-11SEP26,0.3995,-0.87126,18.81192,2.9,0.0,0.004500000000000004,BTC,79756.48,0.0
2026-09-06T17:36:33.120547+00:00,BTC-26MAR27-108000-P,81758.36,BTC-26MAR27,put,108000.0,2027-03-26T08:00:00+00:00,0.5492118183718977,0.3535,0.36,0.35676694,0.35675,81758.36,BTC-26MAR27,0.4179,-0.77126,183.5261,0.1,0.0,0.006500000000000006,BTC,79756.48,0.0
2026-09-06T17:36:33.120547+00:00,BTC-10SEP26-78500-P,79743.43,BTC-10SEP26,put,78500.0,2026-09-10T08:00:00+00:00,0.00985521330687378,0.0065,0.0075,0.00700799,0.007,79743.43,BTC-10SEP26,0.3386,-0.31193,28.01616,0.0,0.0,0.001,BTC,79756.75,0.0
2026-09-06T17:36:33.120547+00:00,BTC-26MAR27-180000-C,81758.36,BTC-26MAR27,call,180000.0,2027-03-26T08:00:00+00:00,0.5492118183718977,0.0044,0.0048,0.00443202,0.0046,81758.36,BTC-26MAR27,0.5242,0.03314,44.78902,503.3,0.0,0.0003999999999999993,BTC,79756.75,0.0
2026-09-06T17:36:33.120547+00:00,BTC-26MAR27-84000-P,81759.22,BTC-26MAR27,put,84000.0,2027-03-26T08:00:00+00:00,0.5492118183718977,0.1335,0.136,0.13493699,0.13475,81759.22,BTC-26MAR27,0.40380000000000005,-0.47599,241.42704,55.2,0.0,0.0025000000000000022,BTC,79756.75,0.0
2026-09-06T17:36:33.120547+00:00,BTC-30OCT26-72000-P,80199.24,BTC-30OCT26,put,72000.0,2026-10-30T08:00:00+00:00,0.14674775266347884,0.019,0.0195,0.01926097,0.01925,80199.24,BTC-30OCT26,0.38770000000000004,-0.21122,88.89576,408.2,0.4,0.0005000000000000004,BTC,79756.75,603.53
2026-09-06T17:36:33.120547+00:00,BTC-30OCT26-50000-P,80199.24,BTC-30OCT26,put,50000.0,2026-10-30T08:00:00+00:00,0.14674775266347884,0.0013,0.0015,0.00128684,0.0014,80199.24,BTC-30OCT26,0.5974,-0.01466,11.41348,329.1,0.7,0.0002000000000000001,BTC,79756.75,63.94
2026-09-06T17:36:33.120547+00:00,BTC-25SEP26-120000-C,79851.59,BTC-25SEP26,call,120000.0,2026-09-25T08:00:00+00:00,0.050922975113855296,0.0001,0.0002,0.00014414,0.00015,79851.59,BTC-25SEP26,0.6485,0.00338,1.83644,1331.6,0.0,0.0001,BTC,79756.75,0.0
2026-09-06T17:36:33.120547+00:00,BTC-30OCT26-78000-C,80199.24,BTC-30OCT26,call,78000.0,2026-10-30T08:00:00+00:00,0.14674775266347884,0.0705,0.0725,0.0711316,0.0715,80199.24,BTC-30OCT26,0.3749,0.60529,118.339,462.5,0.1,0.0020000000000000018,BTC,79756.75,577.92
2026-09-06T17:36:33.120547+00:00,BTC-25SEP26-170000-P,79851.59,BTC-25SEP26,put,170000.0,2026-09-25T08:00:00+00:00,0.050922975113855296,1.122,1.1365,1.12921334,1.12925,79851.59,BTC-25SEP26,0.8693000000000001,-0.99991,0.06319,0.0,0.0,0.014499999999999957,BTC,79756.75,0.0
2026-09-06T17:36:33.120547+00:00,BTC-18SEP26-69000-C,79796.23,BTC-18SEP26,call,69000.0,2026-09-18T08:00:00+00:00,0.03175801960393059,0.1345,0.1385,0.13627634,0.1365,79796.23,BTC-18SEP26,0.4508,0.96802,10.20894,0.0,0.0,0.0040000000000000036,BTC,79755.68,0.0
2026-09-06T17:36:33.120547+00:00,BTC-26MAR27-88000-C,81759.22,BTC-26MAR27,call,88000.0,2027-03-26T08:00:00+00:00,0.5492118183718977,0.088,0.09,0.08904574,0.089,81759.22,BTC-26MAR27,0.40409999999999996,0.46219,240.77845,77.0,0.0,0.0020000000000000018,BTC,79755.68,0.0
2026-09-06T17:36:33.120547+00:00,BTC-30OCT26-83000-C,80199.24,BTC-30OCT26,call,83000.0,2026-10-30T08:00:00+00:00,0.14674775266347884,0.0425,0.0435,0.04290008,0.043,80199.24,BTC-30OCT26,0.3784,0.43538,121.02124,225.3,2.1,0.000999999999999994,BTC,79755.68,7531.72
2026-09-06T17:36:33.120547+00:00,BTC-26MAR27-74000-P,81758.36,BTC-26MAR27,put,74000.0,2027-03-26T08:00:00+00:00,0.5492118183718977,0.0725,0.0745,0.07358449,0.0735,81758.36,BTC-26MAR27,0.4093,-0.31522,215.42987,197.2,0.0,0.0020000000000000018,BTC,79755.68,0.0
2026-09-06T17:36:33.120547+00:00,BTC-26MAR27-170000-C,81758.36,BTC-26MAR27,call,170000.0,2027-03-26T08:00:00+00:00,0.5492118183718977,0.0055,0.006,0.00550426,0.00575,81758.36,BTC-26MAR27,0.5115999999999999,0.04092,53.22167,648.8,0.2,0.0005000000000000004,BTC,79755.68,79.92
2026-09-06T17:36:33.120547+00:00,BTC-27NOV26-85000-C,80515.3,BTC-27NOV26,call,85000.0,2026-11-27T08:00:00+00:00,0.22340757470317768,0.05,0.0515,0.05080884,0.05075,80515.3,BTC-27NOV26,0.3898,0.42046,148.87708,528.9,0.0,0.0014999999999999944,BTC,79754.75,0.0
2026-09-06T17:36:33.120547+00:00,BTC-26MAR27-74000-C,81758.36,BTC-26MAR27,call,74000.0,2027-03-26T08:00:00+00:00,0.5492118183718977,0.1675,0.1695,0.16830864,0.1685,81758.36,BTC-26MAR27,0.4093,0.68477,215.43154,76.8,0.0,0.0020000000000000018,BTC,79754.75,0.0
2026-09-06T17:36:33.120547+00:00,BTC-9SEP26-71000-P,79737.06,BTC-9SEP26,put,71000.0,2026-09-09T08:00:00+00:00,0.007117362519741679,,0.0001,9.443e-05,,79737.06,BTC-9SEP26,0.5540999999999999,-0.00603,1.14907,12.4,12.6,,BTC,79754.75,222.14
2026-09-06T17:36:33.120547+00:00,BTC-25DEC26-64000-P,80840.56,BTC-25DEC26,put,64000.0,2026-12-25T08:00:00+00:00,0.3000673967428765,0.0175,0.0185,0.01796311,0.018,80840.56,BTC-25DEC26,0.4322,-0.1345,95.95595,361.1,0.0,0.0009999999999999974,BTC,79754.75,0.0
2026-09-06T17:36:33.120547+00:00,BTC-25SEP26-81000-C,79851.59,BTC-25SEP26,call,81000.0,2026-09-25T08:00:00+00:00,0.050922975113855296,0.0265,0.0275,0.02709769,0.027,79851.59,BTC-25SEP26,0.3734,0.45031,71.36476,2502.0,19.8,0.0010000000000000009,BTC,79754.75,42782.35
2026-09-06T17:36:33.120547+00:00,BTC-26MAR27-54000-C,81759.22,BTC-26MAR27,call,54000.0,2027-03-26T08:00:00+00:00,0.5492118183718977,0.3535,0.357,0.35538093,0.35525,81759.22,BTC-26MAR27,0.4694,0.9141,95.08483,0.1,0.0,0.003500000000000003,BTC,79754.75,0.0
2026-09-06T17:36:33.120547+00:00,BTC-25JUN27-96000-P,82712.78,BTC-25JUN27,put,96000.0,2027-06-25T08:00:00+00:00,0.798356240000919,0.2505,0.2555,0.25314439,0.253,82712.78,BTC-25JUN27,0.41850000000000004,-0.58344,288.52641,0.0,0.0,0.0050000000000000044,BTC,79754.75,0.0
2026-09-06T17:36:33.120547+00:00,BTC-27NOV26-91000-C,80504.68,BTC-27NOV26,call,91000.0,2026-11-27T08:00:00+00:00,0.22340757470317768,0.03,0.0315,0.03082011,0.03075,80504.68,BTC-27NOV26,0.3973,0.2889,130.10612,70.3,0.0,0.0015000000000000013,BTC,79754.84,0.0
2026-09-06T17:36:33.120547+00:00,BTC-9SEP26-71000-C,79736.13,BTC-9SEP26,call,71000.0,2026-09-09T08:00:00+00:00,0.007117362519741679,0.1075,0.112,0.10954966,0.10975,79736.13,BTC-9SEP26,0.5540999999999999,0.99397,1.14972,0.0,0.0,0.004500000000000004,BTC,79754.84,0.0
2026-09-06T17:36:33.120547+00:00,BTC-18SEP26-83000-P,79806.53,BTC-18SEP26,put,83000.0,2026-09-18T08:00:00+00:00,0.03175801960393059,0.0515,0.054,0.05273227,0.05275,79806.53,BTC-18SEP26,0.3883,-0.70178,49.34149,0.0,0.0,0.0025000000000000022,BTC,79754.84,0.0
2026-09-06T17:36:33.120547+00:00,BTC-25SEP26-115000-C,79852.45,BTC-25SEP26,call,115000.0,2026-09-25T08:00:00+00:00,0.050922975113855296,0.0001,0.0003,0.00018085,0.0002,79852.45,BTC-25SEP26,0.6019,0.00445,2.34835,2159.9,0.0,0.00019999999999999998,BTC,79754.84,0.0
2026-09-06T17:36:33.120547+00:00,BTC-25JUN27-84000-P,82711.92,BTC-25JUN27,put,84000.0,2027-06-25T08:00:00+00:00,0.798356240000919,0.155,0.1585,0.15700643,0.15675,82711.92,BTC-25JUN27,0.4171,-0.44215,291.89309,6.5,0.8,0.003500000000000003,BTC,79754.84,10059.95
2026-09-06T17:36:33.120547+00:00,BTC-26MAR27-120000-P,81759.22,BTC-26MAR27,put,120000.0,2027-03-26T08:00:00+00:00,0.5492118183718977,0.486,0.4935,0.48979339,0.48975,81759.22,BTC-26MAR27,0.4328,-0.84968,141.55622,1.8,0.0,0.007500000000000007,BTC,79754.84,0.0
2026-09-06T17:36:33.120547+00:00,BTC-18SEP26-84000-C,79796.23,BTC-18SEP26,call,84000.0,2026-09-18T08:00:00+00:00,0.03175801960393059,0.0095,0.01,0.00961699,0.00975,79796.23,BTC-18SEP26,0.3917,0.24353,44.58621,534.1,2.4,0.0005000000000000004,BTC,79755.38,2005.79
2026-09-06T17:36:33.120547+00:00,BTC-9SEP26-82500-P,79737.06,BTC-9SEP26,put,82500.0,2026-09-09T08:00:00+00:00,0.007117362519741679,0.0345,0.0395,0.0367165,0.037,79737.06,BTC-9SEP26,0.35509999999999997,-0.86759,14.41548,0.0,0.0,0.0049999999999999975,BTC,79755.38,0.0
2026-09-06T17:36:33.120547+00:00,BTC-11SEP26-81000-C,79744.21,BTC-11SEP26,call,81000.0,2026-09-11T08:00:00+00:00,0.01259306409400588,0.0095,0.01,0.00967668,0.00975,79744.21,BTC-11SEP26,0.3636,0.36046,33.50624,757.7,75.3,0.0005000000000000004,BTC,79755.38,65574.15
2026-09-06T17:36:33.120547+00:00,BTC-8SEP26-84000-P,79726.43,BTC-8SEP26,put,84000.0,2026-09-08T08:00:00+00:00,0.004379511732609577,0.0515,0.0565,0.05399672,0.054,79726.43,BTC-8SEP26,0.38280000000000003,-0.97949,2.60966,0.0,0.0,0.0050000000000000044,BTC,79755.38,0.0
2026-09-06T17:36:33.120547+00:00,BTC-30OCT26-78000-P,80199.24,BTC-30OCT26,put,78000.0,2026-10-30T08:00:00+00:00,0.14674775266347884,0.0435,0.0445,0.04390055,0.044,80199.24,BTC-30OCT26,0.3749,-0.39475,118.33986,415.6,0.1,0.0010000000000000009,BTC,79755.38,350.99
2026-09-06T17:36:33.120547+00:00,BTC-11SEP26-82000-P,79743.35,BTC-11SEP26,put,82000.0,2026-09-11T08:00:00+00:00,0.01259306409400588,0.0335,0.036,0.03487657,0.03475,79743.35,BTC-11SEP26,0.37479999999999997,-0.73822,29.13989,66.1,0.0,0.0024999999999999953,BTC,79755.38,0.0
2026-09-06T17:36:33.120547+00:00,BTC-7SEP26-77500-C,79721.69,BTC-7SEP26,call,77500.0,2026-09-07T08:00:00+00:00,0.0016416609454774761,0.0265,0.0295,0.02791041,0.028,79721.69,BTC-7SEP26,0.365,0.97375,1.965,7.6,0.4,0.002999999999999999,BTC,79755.95,974.2
2026-09-06T17:36:33.120547+00:00,BTC-18SEP26-79000-C,79806.53,BTC-18SEP26,call,79000.0,2026-09-18T08:00:00+00:00,0.03175801960393059,0.0315,0.0325,0.03187282,0.032,79806.53,BTC-18SEP26,0.3764,0.57475,55.76754,320.3,18.6,0.0010000000000000009,BTC,79755.95,47164.0
2026-09-06T17:36:33.120547+00:00,BTC-26MAR27-104000-P,81758.36,BTC-26MAR27,put,104000.0,2027-03-26T08:00:00+00:00,0.5492118183718977,0.312,0.3175,0.31478761,0.31475,81758.36,BTC-26MAR27,0.4142,-0.73548,198.39499,0.1,0.0,0.005500000000000005,BTC,79755.95,0.0
2026-09-06T17:36:33.120547+00:00,BTC-18SEP26-77000-C,79806.53,BTC-18SEP26,call,77000.0,2026-09-18T08:00:00+00:00,0.03175801960393059,0.0465,0.0485,0.04742041,0.0475,79806.53,BTC-18SEP26,0.3768,0.71547,48.27049,53.3,0.0,0.0020000000000000018,BTC,79755.95,0.0
2026-09-06T17:36:33.120547+00:00,BTC-8SEP26-80000-C,79726.43,BTC-8SEP26,call,80000.0,2026-09-08T08:00:00+00:00,0.004379511732609577,0.006,0.007,0.00622316,0.0065,79726.43,BTC-8SEP26,0.2988,0.43964,20.80785,18.7,2.1,0.001,BTC,79755.95,1152.43
2026-09-06T17:36:33.120547+00:00,BTC-26MAR27-94000-P,81758.36,BTC-26MAR27,put,94000.0,2027-03-26T08:00:00+00:00,0.5492118183718977,0.213,0.222,0.21709414,0.2175,81758.36,BTC-26MAR27,0.40619999999999995,-0.62238,230.39076,9.7,0.0,0.009000000000000008,BTC,79755.95,0.0
2026-09-06T17:36:33.120547+00:00,BTC-25DEC26-100000-P,80840.56,BTC-25DEC26,put,100000.0,2026-12-25T08:00:00+00:00,0.3000673967428765,0.257,0.263,0.25968617,0.26,80840.56,BTC-25DEC26,0.40759999999999996,-0.79943,124.2619,303.3,0.0,0.006000000000000005,BTC,79756.86,0.0
2026-09-06T17:36:33.120547+00:00,BTC-25DEC26-75000-P,80840.56,BTC-25DEC26,put,75000.0,2026-12-25T08:00:00+00:00,0.3000673967428765,0.052,0.053,0.05253758,0.0525,80840.56,BTC-25DEC26,0.3982,-0.32491,159.45913,1209.8,0.3,0.0010000000000000009,BTC,79756.86,1241.61
2026-09-06T17:36:33.120547+00:00,BTC-27NOV26-76000-P,80504.68,BTC-27NOV26,put,76000.0,2026-11-27T08:00:00+00:00,0.22340757470317768,0.0465,0.0475,0.04703806,0.047,80504.68,BTC-27NOV26,0.3908,-0.34241,139.8945,43.2,0.0,0.0010000000000000009,BTC,79756.86,0.0
2026-09-06T17:36:33.120547+00:00,BTC-9SEP26-77000-C,79737.06,BTC-9SEP26,call,77000.0,2026-09-09T08:00:00+00:00,0.007117362519741679,0.0325,0.0385,0.03576558,0.0355,79737.06,BTC-9SEP26,0.34159999999999996,0.89131,12.54415,0.0,0.0,0.005999999999999998,BTC,79756.86,0.0
2026-09-06T17:36:33.120547+00:00,BTC-27NOV26-120000-P,80515.3,BTC-27NOV26,put,120000.0,2026-11-27T08:00:00+00:00,0.22340757470317768,0.491,0.498,0.49473624,0.4945,80515.3,BTC-27NOV26,0.4753,-0.9518,38.13657,0.0,0.0,0.007000000000000006,BTC,79756.86,0.0
2026-09-06T17:36:33.120547+00:00,BTC-25SEP26-130000-C,79851.59,BTC-25SEP26,call,130000.0,2026-09-25T08:00:00+00:00,0.050922975113855296,,0.0001,6.368e-05,,79851.59,BTC-25SEP26,0.7067,0.00147,0.86395,1452.2,0.0,,BTC,79756.86,0.0
2026-09-06T17:36:33.120547+00:00,BTC-26MAR27-76000-C,81758.36,BTC-26MAR27,call,76000.0,2027-03-26T08:00:00+00:00,0.5492118183718977,0.1535,0.1555,0.15399583,0.1545,81758.36,BTC-26MAR27,0.4064,0.65318,223.80882,530.5,0.3,0.0020000000000000018,BTC,79756.86,3744.38
2026-09-06T17:36:33.120547+00:00,BTC-11SEP26-90000-C,79744.21,BTC-11SEP26,call,90000.0,2026-09-11T08:00:00+00:00,0.01259306409400588,0.0003,0.0004,0.00031768,0.00035,79744.21,BTC-11SEP26,0.49770000000000003,0.01669,3.715,1488.9,2.9,0.00010000000000000005,BTC,79757.08,118.21
2026-09-06T17:36:33.120547+00:00,BTC-25JUN27-92000-C,82712.78,BTC-25JUN27,call,92000.0,2027-06-25T08:00:00+00:00,0.798356240000919,0.105,0.1075,0.10629039,0.10625,82712.78,BTC-25JUN27,0.41729999999999995,0.46088,293.58819,15.7,0.0,0.0025000000000000022,BTC,79757.08,0.0
2026-09-06T17:36:33.120547+00:00,BTC-18SEP26-68000-P,79796.23,BTC-18SEP26,put,68000.0,2026-09-18T08:00:00+00:00,0.03175801960393059,0.0007,0.0008,0.0007669,0.00075,79796.23,BTC-18SEP26,0.4633,-0.02374,7.964,87.5,12.3,0.00010000000000000005,BTC,79757.08,785.88
2026-09-06T17:36:33.120547+00:00,BTC-30OCT26-65000-P,80199.24,BTC-30OCT26,put,65000.0,2026-10-30T08:00:00+00:00,0.14674775266347884,0.0065,0.0075,0.00697519,0.007,80199.24,BTC-30OCT26,0.4276,-0.08608,48.28989,547.1,0.1,0.001,BTC,79757.08,55.92
2026-09-06T17:36:33.120547+00:00,BTC-30OCT26-59000-P,80199.24,BTC-30OCT26,put,59000.0,2026-10-30T08:00:00+00:00,0.14674775266347884,0.0031,0.0036,0.00333322,0.00335,80199.24,BTC-30OCT26,0.4867,-0.04088,26.96441,84.7,0.0,0.0005,BTC,79757.08,0.0
2026-09-06T17:36:33.120547+00:00,BTC-25SEP26-92000-C,79852.45,BTC-25SEP26,call,92000.0,2026-09-25T08:00:00+00:00,0.050922975113855296,0.0033,0.0036,0.00342455,0.00345,79852.45,BTC-25SEP26,0.4326,0.08075,26.99249,1294.6,0.0,0.0002999999999999999,BTC,79757.08,0.0
2026-09-06T17:36:33.120547+00:00,BTC-25SEP26-125000-C,79852.45,BTC-25SEP26,call,125000.0,2026-09-25T08:00:00+00:00,0.050922975113855296,0.0001,0.0002,0.00014393,0.00015,79852.45,BTC-25SEP26,0.7055,0.00313,1.71443,2322.5,2.0,0.0001,BTC,79757.45,15.96
2026-09-06T17:36:33.120547+00:00,BTC-25SEP26-83000-P,79852.45,BTC-25SEP26,put,83000.0,2026-09-25T08:00:00+00:00,0.050922975113855296,0.057,0.059,0.05814077,0.058,79852.45,BTC-25SEP26,0.3796,-0.65754,66.23982,20.3,0.0,0.001999999999999995,BTC,79757.45,0.0
2026-09-06T17:36:33.120547+00:00,BTC-30OCT26-82000-C,80199.24,BTC-30OCT26,call,82000.0,2026-10-30T08:00:00+00:00,0.14674775266347884,0.047,0.0485,0.04760363,0.04775,80199.24,BTC-30OCT26,0.377,0.46826,122.24785,1109.8,0.9,0.0015000000000000013,BTC,79757.45,3391.84
2026-09-06T17:36:33.120547+00:00,BTC-25DEC26-120000-P,80840.56,BTC-25DEC26,put,120000.0,2026-12-25T08:00:00+00:00,0.3000673967428765,0.4885,0.495,0.49160129,0.49175,80840.56,BTC-25DEC26,0.4515,-0.92949,59.82664,35.7,0.0,0.006500000000000006,BTC,79757.45,0.0
2026-09-06T17:36:33.120547+00:00,BTC-9SEP26-78500-P,79737.06,BTC-9SEP26,put,78500.0,2026-09-09T08:00:00+00:00,0.007117362519741679,0.0046,0.005,0.00500202,0.0048,79737.06,BTC-9SEP26,0.3301,-0.27917,22.61805,2.2,1.3,0.0004000000000000002,BTC,79757.45,595.54
2026-09-06T17:36:33.120547+00:00,BTC-30OCT26-110000-C,80199.24,BTC-30OCT26,call,110000.0,2026-10-30T08:00:00+00:00,0.14674775266347884,0.0029,0.0032,0.00314362,0.00305,80199.24,BTC-30OCT26,0.4643,0.04591,29.61058,1039.7,1.3,0.00030000000000000035,BTC,79757.45,315.75
2026-09-06T17:36:33.120547+00:00,BTC-7SEP26-82500-P,79721.69,BTC-7SEP26,put,82500.0,2026-09-07T08:00:00+00:00,0.0016416609454774761,0.0325,0.0375,0.03504791,0.035,79721.69,BTC-7SEP26,0.38130000000000003,-0.9859,1.15876,3.6,0.0,0.0049999999999999975,BTC,79757.45,0.0
2026-09-06T17:36:33.120547+00:00,BTC-25JUN27-70000-P,82711.92,BTC-25JUN27,put,70000.0,2027-06-25T08:00:00+00:00,0.798356240000919,0.075,0.077,0.07593278,0.076,82711.92,BTC-25JUN27,0.42719999999999997,-0.26482,242.12688,20.4,0.0,0.0020000000000000018,BTC,79757.45,0.0
2026-09-06T17:36:33.120547+00:00,BTC-25DEC26-220000-P,80840.56,BTC-25DEC26,put,220000.0,2026-12-25T08:00:00+00:00,0.3000673967428765,1.708,1.738,1.72219466,1.723,80840.56,BTC-25DEC26,0.6548999999999999,-0.99547,5.86251,0.0,0.0,0.030000000000000027,BTC,79757.45,0.0
2026-09-06T17:36:33.120547+00:00,BTC-8SEP26-71000-P,79726.43,BTC-8SEP26,put,71000.0,2026-09-08T08:00:00+00:00,0.004379511732609577,,0.0001,2.439e-05,,79726.43,BTC-8SEP26,0.6127,-0.00195,0.32748,1.0,1.0,,BTC,79757.45,8.0
2026-09-06T17:36:33.120547+00:00,BTC-26MAR27-65000-C,81758.36,BTC-26MAR27,call,65000.0,2027-03-26T08:00:00+00:00,0.5492118183718977,0.241,0.245,0.24327537,0.243,81758.36,BTC-26MAR27,0.42700000000000005,0.81154,163.7011,366.9,0.0,0.0040000000000000036,BTC,79757.45,0.0
2026-09-06T17:36:33.120547+00:00,BTC-9SEP26-81000-C,79737.06,BTC-9SEP26,call,81000.0,2026-09-09T08:00:00+00:00,0.007117362519741679,0.0048,0.0055,0.00518303,0.00515,79737.06,BTC-9SEP26,0.3371,0.29797,23.32344,3.2,2.5,0.0007000000000000001,BTC,79757.37,1238.37
2026-09-06T17:36:33.120547+00:00,BTC-7SEP26-69000-C,79721.69,BTC-7SEP26,call,69000.0,2026-09-07T08:00:00+00:00,0.0016416609454774761,0.1325,0.1365,0.13438367,0.1345,79721.69,BTC-7SEP26,0.6355,1.0,0.0,0.0,0.0,0.0040000000000000036,BTC,79757.37,0.0
2026-09-06T17:36:33.120547+00:00,BTC-26MAR27-130000-C,81758.36,BTC-26MAR27,call,130000.0,2027-03-26T08:00:00+00:00,0.5492118183718977,0.015,0.016,0.01526765,0.0155,81758.36,BTC-26MAR27,0.44770000000000004,0.10919,113.39435,1136.6,0.3,0.0010000000000000009,BTC,79757.37,370.75
2026-09-06T17:36:33.120547+00:00,BTC-25JUN27-180000-C,82712.78,BTC-25JUN27,call,180000.0,2027-06-25T08:00:00+00:00,0.798356240000919,0.01,0.0115,0.01074388,0.01075,82712.78,BTC-25JUN27,0.5002,0.06486,93.60647,47.1,0.1,0.0014999999999999996,BTC,79757.37,75.8
2026-09-06T17:36:33.120547+00:00,BTC-25SEP26-175000-C,79851.59,BTC-25SEP26,call,175000.0,2026-09-25T08:00:00+00:00,0.050922975113855296,,0.0001,3.2e-06,,79851.59,BTC-25SEP26,0.89,7e-05,0.05185,1904.8,0.0,,BTC,79757.37,0.0
2026-09-06T17:36:33.120547+00:00,BTC-9SEP26-80500-C,79737.06,BTC-9SEP26,call,80500.0,2026-09-09T08:00:00+00:00,0.007117362519741679,0.0065,0.0075,0.00702224,0.007,79737.06,BTC-9SEP26,0.33140000000000003,0.37504,25.51614,6.3,6.2,0.001,BTC,79757.37,3204.58
2026-09-06T17:36:33.120547+00:00,BTC-30OCT26-77000-P,80199.24,BTC-30OCT26,put,77000.0,2026-10-30T08:00:00+00:00,0.14674775266347884,0.038,0.039,0.03854609,0.0385,80199.24,BTC-30OCT26,0.3753,-0.36066,115.07826,127.9,0.0,0.0010000000000000009,BTC,79757.37,0.0
2026-09-06T17:36:33.120547+00:00,BTC-27NOV26-60000-P,80515.3,BTC-27NOV26,put,60000.0,2026-11-27T08:00:00+00:00,0.22340757470317768,0.007,0.008,0.0075331,0.0075,80515.3,BTC-27NOV26,0.4586,-0.07131,51.85809,39.3,5.0,0.001,BTC,79757.37,2989.48
2026-09-06T17:36:33.120547+00:00,BTC-8SEP26-83500-P,79726.43,BTC-8SEP26,put,83500.0,2026-09-08T08:00:00+00:00,0.004379511732609577,0.045,0.0505,0.04783407,0.04775,79726.43,BTC-8SEP26,0.373,-0.96821,3.76708,0.0,0.0,0.005500000000000005,BTC,79757.38,0.0
2026-09-06T17:36:33.120547+00:00,BTC-18SEP26-70000-P,79796.23,BTC-18SEP26,put,70000.0,2026-09-18T08:00:00+00:00,0.03175801960393059,0.0012,0.0016,0.0013825,0.0014,79796.23,BTC-18SEP26,0.436,-0.042,12.75828,87.5,1.9,0.0004000000000000002,BTC,79757.38,227.48
2026-09-06T17:36:33.120547+00:00,BTC-11SEP26-76000-P,79744.21,BTC-11SEP26,put,76000.0,2026-09-11T08:00:00+00:00,0.01259306409400588,0.0023,0.0026,0.00245337,0.00245,79744.21,BTC-11SEP26,0.36810000000000004,-0.11712,17.6041,985.7,26.2,0.0002999999999999999,BTC,79757.38,5525.07
2026-09-06T17:36:33.120547+00:00,BTC-26MAR27-84000-C,81758.36,BTC-26MAR27,call,84000.0,2027-03-26T08:00:00+00:00,0.5492118183718977,0.1065,0.1085,0.10732657,0.1075,81758.36,BTC-26MAR27,0.40380000000000005,0.52403,241.42951,263.2,0.0,0.0020000000000000018,BTC,79757.38,0.0
2026-09-06T17:36:33.120547+00:00,BTC-8SEP26-71000-C,79726.43,BTC-8SEP26,call,71000.0,2026-09-08T08:00:00+00:00,0.004379511732609577,0.107,0.1115,0.10930153,0.10925,79726.43,BTC-8SEP26,0.6127,0.99805,0.32734,0.0,0.0,0.004500000000000004,BTC,79757.38,0.0
2026-09-06T17:36:33.120547+00:00,BTC-25JUN27-160000-C,82711.92,BTC-25JUN27,call,160000.0,2027-06-25T08:00:00+00:00,0.798356240000919,0.0155,0.0165,0.01576637,0.016,82711.92,BTC-25JUN27,0.48009999999999997,0.09298,123.02165,553.7,0.1,0.0010000000000000009,BTC,79757.38,115.68
2026-09-06T17:36:33.120547+00:00,BTC-25JUN27-170000-P,82711.92,BTC-25JUN27,put,170000.0,2027-06-25T08:00:00+00:00,0.798356240000919,1.05,1.091,1.06862625,1.0705,82711.92,BTC-25JUN27,0.4905,-0.9227,107.11536,14.7,0.0,0.040999999999999925,BTC,79757.13,0.0
2026-09-06T17:36:33.120547+00:00,BTC-9SEP26-77500-C,79736.13,BTC-9SEP26,call,77500.0,2026-09-09T08:00:00+00:00,0.007117362519741679,0.027,0.033,0.03021568,0.03,79736.13,BTC-9SEP26,0.3337,0.84934,15.73474,0.0,0.0,0.006000000000000002,BTC,79757.13,0.0
2026-09-06T17:36:33.120547+00:00,BTC-10SEP26-81500-C,79743.43,BTC-10SEP26,call,81500.0,2026-09-10T08:00:00+00:00,0.00985521330687378,0.0055,0.0065,0.00593068,0.006,79743.43,BTC-10SEP26,0.3589,0.27867,26.59616,0.7,0.7,0.001,BTC,79757.38,335.9
2026-09-06T17:36:33.120547+00:00,BTC-25SEP26-86000-P,79852.45,BTC-25SEP26,put,86000.0,2026-09-25T08:00:00+00:00,0.050922975113855296,0.085,0.0895,0.08763568,0.08725,79852.45,BTC-25SEP26,0.3954,-0.78367,52.8663,11.7,0.0,0.00449999999999999,BTC,79757.13,0.0
2026-09-06T17:36:33.120547+00:00,BTC-8SEP26-76000-P,79726.43,BTC-8SEP26,put,76000.0,2026-09-08T08:00:00+00:00,0.004379511732609577,0.0003,0.0004,0.00037622,0.00035,79726.43,BTC-8SEP26,0.4014,-0.03435,4.01459,10.6,7.0,0.00010000000000000005,BTC,79757.13,248.52
2026-09-06T17:36:33.120547+00:00,BTC-7SEP26-87000-C,79722.55,BTC-7SEP26,call,87000.0,2026-09-07T08:00:00+00:00,0.0016416609454774761,,0.0001,0.0,,79722.55,BTC-7SEP26,0.4443,0.0,0.00011,12.1,0.0,,BTC,79757.13,0.0
2026-09-06T17:36:33.120547+00:00,BTC-25SEP26-68000-C,79852.45,BTC-25SEP26,call,68000.0,2026-09-25T08:00:00+00:00,0.050922975113855296,0.1485,0.1525,0.15031046,0.1505,79852.45,BTC-25SEP26,0.4376,0.95325,17.62135,890.0,0.3,0.0040000000000000036,BTC,79757.13,3690.11
2026-09-06T17:36:33.120547+00:00,BTC-11SEP26-73000-P,79743.35,BTC-11SEP26,put,73000.0,2026-09-11T08:00:00+00:00,0.01259306409400588,0.0006,0.0008,0.0006859,0.0007,79743.35,BTC-11SEP26,0.4386,-0.03418,6.78375,1129.7,2.2,0.0002000000000000001,BTC,79757.13,147.66
2026-09-06T17:36:33.120547+00:00,BTC-7SEP26-88000-C,79722.55,BTC-7SEP26,call,88000.0,2026-09-07T08:00:00+00:00,0.0016416609454774761,,0.0001,0.0,,79722.55,BTC-7SEP26,0.4808,0.0,4e-05,9.7,0.0,,BTC,79757.13,0.0
2026-09-06T17:36:33.120547+00:00,BTC-27NOV26-74000-P,80515.3,BTC-27NOV26,put,74000.0,2026-11-27T08:00:00+00:00,0.22340757470317768,0.0375,0.0385,0.03802236,0.038,80515.3,BTC-27NOV26,0.3943,-0.29217,130.79857,31.0,0.0,0.0010000000000000009,BTC,79757.13,0.0
2026-09-06T17:36:33.120547+00:00,BTC-25SEP26-280000-C,79852.45,BTC-25SEP26,call,280000.0,2026-09-25T08:00:00+00:00,0.050922975113855296,,0.0001,1.08e-06,,79852.45,BTC-25SEP26,1.2987,2e-05,0.01407,76.1,0.0,,BTC,79757.13,0.0
2026-09-06T17:36:33.120547+00:00,BTC-25DEC26-230000-C,80840.56,BTC-25DEC26,call,230000.0,2026-12-25T08:00:00+00:00,0.3000673967428765,0.0002,0.0006,0.00036016,0.0004,80840.56,BTC-25DEC26,0.6643000000000001,0.00357,4.74388,190.5,0.0,0.00039999999999999996,BTC,79757.13,0.0
2026-09-06T17:36:33.120547+00:00,BTC-9SEP26-87000-C,79737.06,BTC-9SEP26,call,87000.0,2026-09-09T08:00:00+00:00,0.007117362519741679,0.0001,0.0003,0.00018336,0.0002,79737.06,BTC-9SEP26,0.4639,0.01378,2.36858,0.1,0.0,0.00019999999999999998,BTC,79757.13,0.0
2026-09-06T17:36:33.120547+00:00,BTC-27NOV26-95000-P,80515.3,BTC-27NOV26,put,95000.0,2026-11-27T08:00:00+00:00,0.22340757470317768,0.1995,0.204,0.20225834,0.20175,80515.3,BTC-27NOV26,0.4044,-0.77896,113.05328,0.0,0.0,0.004499999999999976,BTC,79757.13,0.0
2026-09-06T17:36:33.120547+00:00,BTC-18SEP26-79000-P,79806.53,BTC-18SEP26,put,79000.0,2026-09-18T08:00:00+00:00,0.03175801960393059,0.0215,0.0225,0.02197059,0.022,79806.53,BTC-18SEP26,0.3764,-0.42513,55.76534,179.9,1.9,0.0010000000000000009,BTC,79757.13,3268.28
2026-09-06T17:36:33.120547+00:00,BTC-9SEP26-80000-P,79737.06,BTC-9SEP26,put,80000.0,2026-09-09T08:00:00+00:00,0.007117362519741679,0.0125,0.013,0.01279944,0.01275,79737.06,BTC-9SEP26,0.3261,-0.53864,26.71793,4.4,4.3,0.0004999999999999987,BTC,79757.13,5409.33
2026-09-06T17:36:33.120547+00:00,BTC-18SEP26-95000-C,79796.23,BTC-18SEP26,call,95000.0,2026-09-18T08:00:00+00:00,0.03175801960393059,0.0008,0.0009,0.00080468,0.00085,79796.23,BTC-18SEP26,0.4891,0.02541,8.43022,147.0,6.3,9.999999999999994e-05,BTC,79757.13,484.05
2026-09-06T17:36:33.120547+00:00,BTC-25JUN27-98000-C,82711.92,BTC-25JUN27,call,98000.0,2027-06-25T08:00:00+00:00,0.798356240000919,0.085,0.087,0.08606466,0.086,82711.92,BTC-25JUN27,0.4194,0.3957,284.87139,42.6,0.0,0.001999999999999988,BTC,79757.13,0.0
2026-09-06T17:36:33.120547+00:00,BTC-7SEP26-87000-P,79722.55,BTC-7SEP26,put,87000.0,2026-09-07T08:00:00+00:00,0.0016416609454774761,0.0885,0.094,0.09142928,0.09125,79722.55,BTC-7SEP26,0.4443,-1.0,0.00011,0.0,0.0,0.005500000000000005,BTC,79757.13,0.0
2026-09-06T17:36:33.120547+00:00,BTC-25DEC26-50000-P,80840.56,BTC-25DEC26,put,50000.0,2026-12-25T08:00:00+00:00,0.3000673967428765,0.0047,0.005,0.00495372,0.00485,80840.56,BTC-25DEC26,0.5373,-0.03733,36.09754,2146.3,34.0,0.0002999999999999999,BTC,79757.13,13187.29
2026-09-06T17:36:33.120547+00:00,BTC-7SEP26-79500-C,79721.69,BTC-7SEP26,call,79500.0,2026-09-07T08:00:00+00:00,0.0016416609454774761,0.005,0.0065,0.0057412,0.00575,79721.69,BTC-7SEP26,0.265,0.6142,12.3446,39.5,5.1,0.0014999999999999996,BTC,79757.13,2247.49
2026-09-06T17:36:33.120547+00:00,BTC-25DEC26-54000-P,80841.42,BTC-25DEC26,put,54000.0,2026-12-25T08:00:00+00:00,0.3000673967428765,0.0065,0.0075,0.00697459,0.007,80841.42,BTC-25DEC26,0.5005,-0.05378,48.42639,1856.4,0.0,0.001,BTC,79757.13,0.0
2026-09-06T17:36:33.120547+00:00,BTC-11SEP26-75000-C,79743.35,BTC-11SEP26,call,75000.0,2026-09-11T08:00:00+00:00,0.01259306409400588,0.059,0.063,0.06088854,0.061,79743.35,BTC-11SEP26,0.3874,0.9245,12.73687,96.4,0.3,0.0040000000000000036,BTC,79757.13,1525.88
2026-09-06T17:36:33.120547+00:00,BTC-25DEC26-92000-P,80840.56,BTC-25DEC26,put,92000.0,2026-12-25T08:00:00+00:00,0.3000673967428765,0.1755,0.1795,0.17730729,0.1775,80840.56,BTC-25DEC26,0.39590000000000003,-0.68667,157.04702,6.6,0.0,0.0040000000000000036,BTC,79757.13,0.0
2026-09-06T17:36:33.120547+00:00,BTC-26MAR27-78000-P,81758.36,BTC-26MAR27,put,78000.0,2027-03-26T08:00:00+00:00,0.5492118183718977,0.094,0.0955,0.09498113,0.09475,81758.36,BTC-26MAR27,0.4045,-0.37913,230.67903,263.3,3.0,0.0015000000000000013,BTC,79757.13,22817.18
2026-09-06T17:36:33.120547+00:00,BTC-25SEP26-54000-C,79852.45,BTC-25SEP26,call,54000.0,2026-09-25T08:00:00+00:00,0.050922975113855296,0.322,0.3255,0.32385778,0.32375,79852.45,BTC-25SEP26,0.6718000000000001,0.99611,2.08162,7.4,0.0,0.003500000000000003,BTC,79757.13,0.0
2026-09-06T17:36:33.120547+00:00,BTC-27NOV26-90000-C,80504.68,BTC-27NOV26,call,90000.0,2026-11-27T08:00:00+00:00,0.22340757470317768,0.033,0.034,0.03349749,0.0335,80504.68,BTC-27NOV26,0.3957,0.30841,134.03595,28.1,0.0,0.0010000000000000009,BTC,79757.13,0.0
2026-09-06T17:36:33.120547+00:00,BTC-9SEP26-72000-P,79737.06,BTC-9SEP26,put,72000.0,2026-09-09T08:00:00+00:00,0.007117362519741679,0.0001,0.0003,0.00015773,0.0002,79737.06,BTC-9SEP26,0.5267000000000001,-0.01004,1.79884,1.6,1.6,0.00019999999999999998,BTC,79757.13,46.31
2026-09-06T17:36:33.120547+00:00,BTC-25DEC26-108000-C,80840.56,BTC-25DEC26,call,108000.0,2026-12-25T08:00:00+00:00,0.3000673967428765,0.0135,0.014,0.0136294,0.01375,80840.56,BTC-25DEC26,0.4242,0.12954,93.50634,152.1,0.0,0.0005000000000000004,BTC,79757.13,0.0
2026-09-06T17:36:33.120547+00:00,BTC-25DEC26-60000-P,80840.56,BTC-25DEC26,put,60000.0,2026-12-25T08:00:00+00:00,0.3000673967428765,0.0115,0.0125,0.01197108,0.012,80840.56,BTC-25DEC26,0.4535,-0.09264,73.5148,6246.0,4.1,0.0010000000000000009,BTC,79757.13,3894.29
2026-09-06T17:36:33.120547+00:00,BTC-25JUN27-58000-C,82712.78,BTC-25JUN27,call,58000.0,2027-06-25T08:00:00+00:00,0.798356240000919,0.332,0.3355,0.33361613,0.33375,82712.78,BTC-25JUN27,0.4522,0.86009,164.51937,13.8,0.0,0.003500000000000003,BTC,79757.13,0.0
2026-09-06T17:36:33.120547+00:00,BTC-25DEC26-250000-P,80840.56,BTC-25DEC26,put,250000.0,2026-12-25T08:00:00+00:00,0.3000673967428765,2.0775,2.1125,2.09312191,2.095,80840.56,BTC-25DEC26,0.6848000000000001,-0.9976,3.31093,10.0,0.0,0.0349999999999997,BTC,79757.13,0.0
2026-09-06T17:36:33.120547+00:00,BTC-11SEP26-69000-C,79743.35,BTC-11SEP26,call,69000.0,2026-09-11T08:00:00+00:00,0.01259306409400588,0.133,0.137,0.13479664,0.135,79743.35,BTC-11SEP26,0.5472,0.99155,2.05841,3.8,0.0,0.0040000000000000036,BTC,79757.13,0.0
2026-09-06T17:36:33.120547+00:00,BTC-25SEP26-85000-C,79852.45,BTC-25SEP26,call,85000.0,2026-09-25T08:00:00+00:00,0.050922975113855296,0.012,0.013,0.01257688,0.0125,79852.45,BTC-25SEP26,0.38789999999999997,0.2523,57.56866,9074.6,1.7,0.0009999999999999992,BTC,79757.13,1781.09
2026-09-06T17:36:33.120547+00:00,BTC-26MAR27-190000-P,81758.36,BTC-26MAR27,put,190000.0,2027-03-26T08:00:00+00:00,0.5492118183718977,1.314,1.348,1.32821645,1.331,81758.36,BTC-26MAR27,0.541,-0.97139,39.65711,0.9,0.0,0.03400000000000003,BTC,79757.13,0.0
2026-09-06T17:36:33.120547+00:00,BTC-11SEP26-78000-P,79744.21,BTC-11SEP26,put,78000.0,2026-09-11T08:00:00+00:00,0.01259306409400588,0.0065,0.0075,0.00701371,0.007,79744.21,BTC-11SEP26,0.3504,-0.27839,30.05165,371.5,103.0,0.001,BTC,79757.13,61666.0
2026-09-06T17:36:33.120547+00:00,BTC-25DEC26-160000-C,80840.56,BTC-25DEC26,call,160000.0,2026-12-25T08:00:00+00:00,0.3000673967428765,0.0015,0.002,0.00174128,0.00175,80840.56,BTC-25DEC26,0.5517,0.01758,19.22867,1291.8,0.4,0.0005,BTC,79757.13,51.01
2026-09-06T17:36:33.120547+00:00,BTC-11SEP26-77000-C,79743.35,BTC-11SEP26,call,77000.0,2026-09-11T08:00:00+00:00,0.01259306409400588,0.0365,0.0405,0.0384369,0.0385,79743.35,BTC-11SEP26,0.3563,0.81623,23.79743,128.1,0.0,0.0040000000000000036,BTC,79757.21,0.0
2026-09-06T17:36:33.120547+00:00,BTC-27NOV26-82000-C,80515.3,BTC-27NOV26,call,82000.0,2026-11-27T08:00:00+00:00,0.22340757470317768,0.0645,0.0655,0.06495253,0.065,80515.3,BTC-27NOV26,0.3886,0.49751,151.90684,53.0,0.0,0.0010000000000000009,BTC,79757.13,0.0
2026-09-06T17:36:33.120547+00:00,BTC-25DEC26-88000-P,80840.56,BTC-25DEC26,put,88000.0,2026-12-25T08:00:00+00:00,0.3000673967428765,0.1395,0.142,0.14056196,0.14075,80840.56,BTC-25DEC26,0.3921,-0.6127,169.6708,7.5,0.0,0.0024999999999999745,BTC,79757.21,0.0
2026-09-06T17:36:33.120547+00:00,BTC-9SEP26-85000-C,79737.06,BTC-9SEP26,call,85000.0,2026-09-09T08:00:00+00:00,0.007117362519741679,0.0003,0.0005,0.00042546,0.0004,79737.06,BTC-9SEP26,0.40630000000000005,0.03286,4.93626,3.0,4.1,0.00020000000000000004,BTC,79757.21,307.15
2026-09-06T17:36:33.120547+00:00,BTC-25SEP26-96000-P,79852.45,BTC-25SEP26,put,96000.0,2026-09-25T08:00:00+00:00,0.050922975113855296,0.2015,0.207,0.20421525,0.20425,79852.45,BTC-25SEP26,0.46520000000000006,-0.95545,16.95098,1.0,0.0,0.005499999999999977,BTC,79757.21,0.0
2026-09-06T17:36:33.120547+00:00,BTC-25DEC26-96000-P,80841.42,BTC-25DEC26,put,96000.0,2026-12-25T08:00:00+00:00,0.3000673967428765,0.215,0.2205,0.21723153,0.21775,80841.42,BTC-25DEC26,0.401,-0.74892,141.13061,23.9,0.0,0.005500000000000005,BTC,79757.21,0.0
2026-09-06T17:36:33.120547+00:00,BTC-7SEP26-77500-P,79721.69,BTC-7SEP26,put,77500.0,2026-09-07T08:00:00+00:00,0.0016416609454774761,0.0001,0.0002,0.00016063,0.00015,79721.69,BTC-7SEP26,0.365,-0.02624,1.96445,79.7,49.4,0.0001,BTC,79755.99,553.43
2026-09-06T17:36:33.120547+00:00,BTC-25DEC26-90000-C,80840.56,BTC-25DEC26,call,90000.0,2026-12-25T08:00:00+00:00,0.3000673967428765,0.0445,0.0455,0.04511178,0.045,80840.56,BTC-25DEC26,0.39409999999999995,0.34906,163.96058,3688.0,0.0,0.0010000000000000009,BTC,79755.99,0.0
2026-09-06T17:36:33.120547+00:00,BTC-26MAR27-66000-C,81758.36,BTC-26MAR27,call,66000.0,2027-03-26T08:00:00+00:00,0.5492118183718977,0.233,0.2355,0.23408333,0.23425,81758.36,BTC-26MAR27,0.4244,0.79915,170.16467,23.8,0.0,0.0024999999999999745,BTC,79755.99,0.0
2026-09-06T17:36:33.120547+00:00,BTC-25JUN27-62000-P,82711.92,BTC-25JUN27,put,62000.0,2027-06-25T08:00:00+00:00,0.798356240000919,0.045,0.047,0.04595583,0.046,82711.92,BTC-25JUN27,0.44179999999999997,-0.17676,191.82726,115.3,0.0,0.0020000000000000018,BTC,79755.99,0.0
2026-09-06T17:36:33.120547+00:00,BTC-7SEP26-78000-C,79722.55,BTC-7SEP26,call,78000.0,2026-09-07T08:00:00+00:00,0.0016416609454774761,0.0205,0.0235,0.02175574,0.022,79722.55,BTC-7SEP26,0.32689999999999997,0.95281,3.17817,87.5,0.0,0.002999999999999999,BTC,79755.99,0.0
2026-09-06T17:36:33.120547+00:00,BTC-27NOV26-89000-C,80504.68,BTC-27NOV26,call,89000.0,2026-11-27T08:00:00+00:00,0.22340757470317768,0.036,0.037,0.03642829,0.0365,80504.68,BTC-27NOV26,0.3944,0.32894,137.72084,180.0,0.1,0.0010000000000000009,BTC,79755.99,291.16
2026-09-06T17:36:33.120547+00:00,BTC-26MAR27-200000-P,81758.36,BTC-26MAR27,put,200000.0,2027-03-26T08:00:00+00:00,0.5492118183718977,1.436,1.471,1.44986521,1.4535,81758.36,BTC-26MAR27,0.5514,-0.97634,33.8237,1.0,0.0,0.03500000000000014,BTC,79744.47,0.0
2026-09-06T17:36:33.120547+00:00,BTC-26MAR27-45000-C,81758.36,BTC-26MAR27,call,45000.0,2027-03-26T08:00:00+00:00,0.5492118183718977,0.4555,0.459,0.45714984,0.45725,81758.36,BTC-26MAR27,0.5239,0.95827,54.05937,3.3,0.0,0.003500000000000003,BTC,79744.47,0.0
2026-09-06T17:36:33.120547+00:00,BTC-25SEP26-30000-P,79852.45,BTC-25SEP26,put,30000.0,2026-09-25T08:00:00+00:00,0.050922975113855296,,0.0001,9.83e-06,,79852.45,BTC-25SEP26,1.238,-0.00013,0.09417,2959.5,0.0,,BTC,79744.47,0.0
2026-09-06T17:36:33.120547+00:00,BTC-11SEP26-70000-P,79744.21,BTC-11SEP26,put,70000.0,2026-09-11T08:00:00+00:00,0.01259306409400588,0.0002,0.0004,0.00028425,0.0003,79744.21,BTC-11SEP26,0.5307,-0.01322,3.04113,722.2,3.1,0.0002,BTC,79744.47,65.46
2026-09-06T17:36:33.120547+00:00,BTC-7SEP26-83000-C,79721.69,BTC-7SEP26,call,83000.0,2026-09-07T08:00:00+00:00,0.0016416609454774761,,0.0001,3.282e-05,,79721.69,BTC-7SEP26,0.39840000000000003,0.00648,0.5872,88.2,16.6,,BTC,79744.47,185.46
2026-09-06T17:36:33.120547+00:00,BTC-30OCT26-95000-C,80199.24,BTC-30OCT26,call,95000.0,2026-10-30T08:00:00+00:00,0.14674775266347884,0.0115,0.0125,0.01201837,0.012,80199.24,BTC-30OCT26,0.408,0.15747,74.00622,2092.9,0.4,0.0010000000000000009,BTC,79744.47,370.18
2026-09-06T17:36:33.120547+00:00,BTC-26MAR27-160000-C,81758.36,BTC-26MAR27,call,160000.0,2027-03-26T08:00:00+00:00,0.5492118183718977,0.006,0.0075,0.00673768,0.00675,81758.36,BTC-26MAR27,0.4954,0.05005,62.55797,1034.0,0.1,0.0014999999999999996,BTC,79735.35,55.82
2026-09-06T17:36:33.120547+00:00,BTC-25SEP26-260000-C,79851.59,BTC-25SEP26,call,260000.0,2026-09-25T08:00:00+00:00,0.050922975113855296,,0.0001,1.14e-06,,79851.59,BTC-25SEP26,1.2309,2e-05,0.01543,293.3,0.0,,BTC,79735.35,0.0
2026-09-06T17:36:33.120547+00:00,BTC-30OCT26-50000-C,80199.24,BTC-30OCT26,call,50000.0,2026-10-30T08:00:00+00:00,0.14674775266347884,0.3765,0.3795,0.377717,0.378,80199.24,BTC-30OCT26,0.5974,0.9853,11.43997,0.1,0.0,0.0030000000000000027,BTC,79735.35,0.0
2026-09-06T17:36:33.120547+00:00,BTC-25DEC26-66000-P,80840.56,BTC-25DEC26,put,66000.0,2026-12-25T08:00:00+00:00,0.3000673967428765,0.0215,0.0225,0.02196376,0.022,80840.56,BTC-25DEC26,0.42310000000000003,-0.16099,108.21602,423.2,0.2,0.0010000000000000009,BTC,79735.35,339.34
2026-09-06T17:36:33.120547+00:00,BTC-25SEP26-82000-C,79852.45,BTC-25SEP26,call,82000.0,2026-09-25T08:00:00+00:00,0.050922975113855296,0.022,0.023,0.02254806,0.0225,79852.45,BTC-25SEP26,0.37689999999999996,0.39377,69.34617,7083.9,0.8,0.0010000000000000009,BTC,79735.35,1335.76
2026-09-06T17:36:33.120547+00:00,BTC-30OCT26-96000-C,80199.24,BTC-30OCT26,call,96000.0,2026-10-30T08:00:00+00:00,0.14674775266347884,0.0105,0.0115,0.01100009,0.011,80199.24,BTC-30OCT26,0.4129,0.14506,70.06477,194.4,0.5,0.0009999999999999992,BTC,79735.35,419.5
2026-09-06T17:36:33.120547+00:00,BTC-26MAR27-92000-P,81758.36,BTC-26MAR27,put,92000.0,2027-03-26T08:00:00+00:00,0.5492118183718977,0.1975,0.202,0.19937063,0.19975,81758.36,BTC-26MAR27,0.4057,-0.59563,234.82244,1.4,0.0,0.004500000000000004,BTC,79735.89,0.0
2026-09-06T17:36:33.120547+00:00,BTC-25DEC26-190000-P,80840.56,BTC-25DEC26,put,190000.0,2026-12-25T08:00:00+00:00,0.3000673967428765,1.3395,1.3665,1.35144868,1.353,80840.56,BTC-25DEC26,0.6107,-0.99149,10.2568,0.0,0.0,0.027000000000000135,BTC,79735.89,0.0
2026-09-06T17:36:33.120547+00:00,BTC-18SEP26-80000-P,79796.23,BTC-18SEP26,put,80000.0,2026-09-18T08:00:00+00:00,0.03175801960393059,0.0275,0.0285,0.02819701,0.028,79796.23,BTC-18SEP26,0.37729999999999997,-0.50115,56.75127,122.1,0.0,0.0010000000000000009,BTC,79735.35,0.0
2026-09-06T17:36:33.120547+00:00,BTC-27NOV26-64000-P,80504.68,BTC-27NOV26,put,64000.0,2026-11-27T08:00:00+00:00,0.22340757470317768,0.0115,0.0125,0.01197685,0.012,80504.68,BTC-27NOV26,0.4328,-0.11048,71.81366,23.3,0.9,0.0010000000000000009,BTC,79735.35,897.96
2026-09-06T17:36:33.120547+00:00,BTC-25DEC26-35000-C,80840.56,BTC-25DEC26,call,35000.0,2026-12-25T08:00:00+00:00,0.3000673967428765,0.567,0.5695,0.56847714,0.56825,80840.56,BTC-25DEC26,0.7147,0.9902,11.6029,87.8,0.0,0.0025000000000000577,BTC,79735.89,0.0
2026-09-06T17:36:33.120547+00:00,BTC-25DEC26-160000-P,80840.56,BTC-25DEC26,put,160000.0,2026-12-25T08:00:00+00:00,0.3000673967428765,0.9765,0.986,0.98118525,0.98125,80840.56,BTC-25DEC26,0.5517,-0.98245,19.18739,0.1,0.0,0.009499999999999953,BTC,79735.89,0.0
2026-09-06T17:36:33.120547+00:00,BTC-27NOV26-89000-P,80504.68,BTC-27NOV26,put,89000.0,2026-11-27T08:00:00+00:00,0.22340757470317768,0.1405,0.143,0.14203429,0.14175,80504.68,BTC-27NOV26,0.3944,-0.67161,137.58965,0.0,0.0,0.0024999999999999745,BTC,79735.89,0.0
2026-09-06T17:36:33.120547+00:00,BTC-25DEC26-120000-C,80840.56,BTC-25DEC26,call,120000.0,2026-12-25T08:00:00+00:00,0.3000673967428765,0.007,0.0075,0.00701831,0.00725,80840.56,BTC-25DEC26,0.4515,0.07036,59.71178,5827.4,0.2,0.0004999999999999996,BTC,79735.6,119.59
2026-09-06T17:36:33.120547+00:00,BTC-9SEP26-88000-C,79737.06,BTC-9SEP26,call,88000.0,2026-09-09T08:00:00+00:00,0.007117362519741679,0.0001,0.0002,0.00014608,0.00015,79737.06,BTC-9SEP26,0.5007,0.01034,1.84649,1.0,1.0,0.0001,BTC,79735.6,18.37
2026-09-06T17:36:33.120547+00:00,BTC-26MAR27-72000-P,81759.22,BTC-26MAR27,put,72000.0,2027-03-26T08:00:00+00:00,0.5492118183718977,0.0635,0.065,0.06426288,0.06425,81759.22,BTC-26MAR27,0.41240000000000004,-0.28479,205.70048,159.3,0.0,0.0015000000000000013,BTC,79735.6,0.0
2026-09-06T17:36:33.120547+00:00,BTC-10SEP26-84000-C,79743.43,BTC-10SEP26,call,84000.0,2026-09-10T08:00:00+00:00,0.00985521330687378,0.0015,0.0017,0.00163825,0.0016,79743.43,BTC-10SEP26,0.39030000000000004,0.09258,13.12838,1.2,1.2,0.00019999999999999987,BTC,79735.6,176.94
2026-09-06T17:36:33.120547+00:00,BTC-25DEC26-150000-C,80840.56,BTC-25DEC26,call,150000.0,2026-12-25T08:00:00+00:00,0.3000673967428765,0.0021,0.0026,0.00229003,0.00235,80840.56,BTC-25DEC26,0.5283,0.02326,24.36555,1694.0,4.0,0.0005,BTC,79735.6,756.43
2026-09-06T17:36:33.120547+00:00,BTC-18SEP26-83000-C,79806.53,BTC-18SEP26,call,83000.0,2026-09-18T08:00:00+00:00,0.03175801960393059,0.012,0.013,0.01250297,0.0125,79806.53,BTC-18SEP26,0.3883,0.29694,49.23086,557.0,1.3,0.0009999999999999992,BTC,79735.6,1278.65
2026-09-06T17:36:33.120547+00:00,BTC-30OCT26-58000-P,80199.24,BTC-30OCT26,put,58000.0,2026-10-30T08:00:00+00:00,0.14674775266347884,0.0028,0.0033,0.00303085,0.00305,80199.24,BTC-30OCT26,0.49979999999999997,-0.03694,24.81981,329.8,0.0,0.0005,BTC,79735.6,0.0
2026-09-06T17:36:33.120547+00:00,BTC-25JUN27-190000-C,82712.78,BTC-25JUN27,call,190000.0,2027-06-25T08:00:00+00:00,0.798356240000919,0.0085,0.01,0.00898818,0.00925,82712.78,BTC-25JUN27,0.5091,0.05474,81.92935,48.7,0.0,0.0014999999999999996,BTC,79735.39,0.0
2026-09-06T17:36:33.120547+00:00,BTC-26MAR27-58000-P,81758.36,BTC-26MAR27,put,58000.0,2027-03-26T08:00:00+00:00,0.5492118183718977,0.021,0.023,0.02196979,0.022,81758.36,BTC-26MAR27,0.45,-0.11591,118.30625,137.1,0.0,0.0019999999999999983,BTC,79735.39,0.0
2026-09-06T17:36:33.120547+00:00,BTC-27NOV26-96000-C,80515.3,BTC-27NOV26,call,96000.0,2026-11-27T08:00:00+00:00,0.22340757470317768,0.02,0.021,0.02050301,0.0205,80515.3,BTC-27NOV26,0.4072,0.20669,108.68789,34.0,0.0,0.0010000000000000009,BTC,79735.6,0.0
2026-09-06T17:36:33.120547+00:00,BTC-25JUN27-100000-C,82712.78,BTC-25JUN27,call,100000.0,2027-06-25T08:00:00+00:00,0.798356240000919,0.079,0.0815,0.0802696,0.08025,82712.78,BTC-25JUN27,0.4203,0.37542,280.43226,203.8,0.1,0.0025000000000000022,BTC,79735.39,626.01
2026-09-06T17:36:33.120547+00:00,BTC-27NOV26-72000-P,80515.3,BTC-27NOV26,put,72000.0,2026-11-27T08:00:00+00:00,0.22340757470317768,0.03,0.031,0.03043129,0.0305,80515.3,BTC-27NOV26,0.39890000000000003,-0.24613,119.96582,28.7,0.0,0.0010000000000000009,BTC,79735.39,0.0
2026-09-06T17:36:33.120547+00:00,BTC-25SEP26-88000-C,79851.59,BTC-25SEP26,call,88000.0,2026-09-25T08:00:00+00:00,0.050922975113855296,0.0065,0.0075,0.0070225,0.007,79851.59,BTC-25SEP26,0.4043,0.15363,42.69644,1525.7,0.9,0.001,BTC,79735.52,514.13
2026-09-06T17:36:33.120547+00:00,BTC-25DEC26-66000-C,80840.56,BTC-25DEC26,call,66000.0,2026-12-25T08:00:00+00:00,0.3000673967428765,0.2035,0.207,0.20544312,0.20525,80840.56,BTC-25DEC26,0.42310000000000003,0.83901,108.21609,279.7,1.4,0.003500000000000003,BTC,79735.52,23018.55
2026-09-06T17:36:33.120547+00:00,BTC-25DEC26-102000-C,80840.56,BTC-25DEC26,call,102000.0,2026-12-25T08:00:00+00:00,0.3000673967428765,0.0195,0.02,0.01973846,0.01975,80840.56,BTC-25DEC26,0.41119999999999995,0.17887,115.77818,384.1,0.4,0.0005000000000000004,BTC,79735.52,609.54
2026-09-06T17:36:33.120547+00:00,BTC-26MAR27-104000-C,81758.36,BTC-26MAR27,call,104000.0,2027-03-26T08:00:00+00:00,0.5492118183718977,0.0415,0.0435,0.04250804,0.0425,81758.36,BTC-26MAR27,0.4142,0.26424,198.23563,115.2,0.0,0.001999999999999995,BTC,79735.52,0.0
2026-09-06T17:36:33.120547+00:00,BTC-27NOV26-66000-P,80515.3,BTC-27NOV26,put,66000.0,2026-11-27T08:00:00+00:00,0.22340757470317768,0.0145,0.0155,0.01501812,0.015,80515.3,BTC-27NOV26,0.42090000000000005,-0.13609,83.10985,185.8,1.1,0.0009999999999999992,BTC,79735.52,1355.14
2026-09-06T17:36:33.120547+00:00,BTC-7SEP26-72000-C,79722.55,BTC-7SEP26,call,72000.0,2026-09-07T08:00:00+00:00,0.0016416609454774761,0.094,0.099,0.0967482,0.0965,79722.55,BTC-7SEP26,0.557,1.0,0.00045,0.0,0.0,0.0050000000000000044,BTC,79735.52,0.0
2026-09-06T17:36:33.120547+00:00,BTC-30OCT26-84000-C,80199.24,BTC-30OCT26,call,84000.0,2026-10-30T08:00:00+00:00,0.14674775266347884,0.038,0.039,0.03858551,0.0385,80199.24,BTC-30OCT26,0.3797,0.40302,118.96211,1102.9,0.5,0.0010000000000000009,BTC,79735.52,1551.83
2026-09-06T17:36:33.120547+00:00,BTC-25DEC26-170000-C,80841.42,BTC-25DEC26,call,170000.0,2026-12-25T08:00:00+00:00,0.3000673967428765,0.0012,0.0016,0.00139186,0.0014,80841.42,BTC-25DEC26,0.5751,0.01386,15.66905,2393.8,0.6,0.0004000000000000002,BTC,79735.56,71.71
2026-09-06T17:36:33.120547+00:00,BTC-25SEP26-65000-C,79851.59,BTC-25SEP26,call,65000.0,2026-09-25T08:00:00+00:00,0.050922975113855296,0.1855,0.189,0.18702062,0.18725,79851.59,BTC-25SEP26,0.4833,0.97376,10.97091,1275.9,0.0,0.003500000000000003,BTC,79735.56,0.0
2026-09-06T17:36:33.120547+00:00,BTC-30OCT26-85000-P,80199.24,BTC-30OCT26,put,85000.0,2026-10-30T08:00:00+00:00,0.14674775266347884,0.0935,0.0955,0.09473905,0.0945,80199.24,BTC-30OCT26,0.38130000000000003,-0.62727,116.30961,105.5,0.0,0.0020000000000000018,BTC,79735.56,0.0
2026-09-06T17:36:33.120547+00:00,BTC-26MAR27-130000-P,81758.36,BTC-26MAR27,put,130000.0,2027-03-26T08:00:00+00:00,0.5492118183718977,0.6015,0.6095,0.60561712,0.6055,81758.36,BTC-26MAR27,0.44770000000000004,-0.89098,113.24095,0.4,0.0,0.008000000000000007,BTC,79735.56,0.0
2026-09-06T17:36:33.120547+00:00,BTC-27NOV26-58000-P,80515.3,BTC-27NOV26,put,58000.0,2026-11-27T08:00:00+00:00,0.22340757470317768,0.0055,0.0065,0.00606825,0.006,80515.3,BTC-27NOV26,0.47450000000000003,-0.05766,43.95505,13.2,5.0,0.001,BTC,79735.56,2393.42
2026-09-06T17:36:33.120547+00:00,BTC-26MAR27-80000-P,81758.36,BTC-26MAR27,put,80000.0,2027-03-26T08:00:00+00:00,0.5492118183718977,0.1065,0.1085,0.10756523,0.1075,81758.36,BTC-26MAR27,0.4045,-0.41199,235.89193,214.5,0.0,0.0020000000000000018,BTC,79735.56,0.0
2026-09-06T17:36:33.120547+00:00,BTC-8SEP26-88000-C,79725.48,BTC-8SEP26,call,88000.0,2026-09-08T08:00:00+00:00,0.004379511732609577,,0.0001,3.007e-05,,79725.48,BTC-8SEP26,0.5368999999999999,0.00287,0.46301,18.3,10.0,,BTC,79735.56,144.1
2026-09-06T17:36:33.120547+00:00,BTC-27NOV26-86000-P,80504.68,BTC-27NOV26,put,86000.0,2026-11-27T08:00:00+00:00,0.22340757470317768,0.1135,0.116,0.11508564,0.11475,80504.68,BTC-27NOV26,0.3907,-0.60429,146.64705,30.2,0.8,0.0025000000000000022,BTC,79735.56,7176.87
2026-09-06T17:36:33.120547+00:00,BTC-7SEP26-89000-C,79722.55,BTC-7SEP26,call,89000.0,2026-09-07T08:00:00+00:00,0.0016416609454774761,,0.0001,0.0,,79722.55,BTC-7SEP26,0.5085999999999999,0.0,1e-05,8.1,0.0,,BTC,79735.56,0.0
2026-09-06T17:36:33.120547+00:00,BTC-8SEP26-85000-P,79726.43,BTC-8SEP26,put,85000.0,2026-09-08T08:00:00+00:00,0.004379511732609577,0.064,0.069,0.06641912,0.0665,79726.43,BTC-8SEP26,0.3942,-0.99274,1.06099,0.0,0.0,0.0050000000000000044,BTC,79735.56,0.0
2026-09-06T17:36:33.120547+00:00,BTC-30OCT26-52000-C,80199.24,BTC-30OCT26,call,52000.0,2026-10-30T08:00:00+00:00,0.14674775266347884,0.3515,0.355,0.35306575,0.35325,80199.24,BTC-30OCT26,0.5711999999999999,0.98164,13.83726,0.1,0.0,0.003500000000000003,BTC,79735.56,0.0
2026-09-06T17:36:33.120547+00:00,BTC-25SEP26-300000-C,79852.45,BTC-25SEP26,call,300000.0,2026-09-25T08:00:00+00:00,0.050922975113855296,,0.0001,1.06e-06,,79852.45,BTC-25SEP26,1.3629,2e-05,0.01315,196.3,0.0,,BTC,79735.56,0.0
2026-09-06T17:36:33.120547+00:00,BTC-10SEP26-81500-P,79743.43,BTC-10SEP26,put,81500.0,2026-09-10T08:00:00+00:00,0.00985521330687378,0.0265,0.029,0.02814612,0.02775,79743.43,BTC-10SEP26,0.3589,-0.72411,26.45864,0.0,0.0,0.0025000000000000022,BTC,79735.56,0.0
2026-09-06T17:36:33.120547+00:00,BTC-11SEP26-68000-C,79744.21,BTC-11SEP26,call,68000.0,2026-09-11T08:00:00+00:00,0.01259306409400588,0.1455,0.1495,0.14732632,0.1475,79744.21,BTC-11SEP26,0.5908,0.99246,1.86199,3.1,0.0,0.0040000000000000036,BTC,79735.56,0.0
2026-09-06T17:36:33.120547+00:00,BTC-26MAR27-40000-C,81758.36,BTC-26MAR27,call,40000.0,2027-03-26T08:00:00+00:00,0.5492118183718977,0.5145,0.517,0.51555108,0.51575,81758.36,BTC-26MAR27,0.5585,0.9734,37.31329,82.1,0.0,0.0025000000000000577,BTC,79735.56,0.0
2026-09-06T17:36:33.120547+00:00,BTC-11SEP26-71000-P,79744.21,BTC-11SEP26,put,71000.0,2026-09-11T08:00:00+00:00,0.01259306409400588,0.0003,0.0004,0.00034536,0.00035,79744.21,BTC-11SEP26,0.4939,-0.01703,3.7784,465.9,0.0,0.00010000000000000005,BTC,79735.56,0.0
2026-09-06T17:36:33.120547+00:00,BTC-25SEP26-135000-C,79851.59,BTC-25SEP26,call,135000.0,2026-09-25T08:00:00+00:00,0.050922975113855296,,0.0001,3.279e-05,,79851.59,BTC-25SEP26,0.7169,0.00078,0.48088,472.8,0.0,,BTC,79735.56,0.0
2026-09-06T17:36:33.120547+00:00,BTC-25JUN27-64000-C,82711.92,BTC-25JUN27,call,64000.0,2027-06-25T08:00:00+00:00,0.798356240000919,0.277,0.2805,0.27854273,0.27875,82711.92,BTC-25JUN27,0.43770000000000003,0.80264,205.32024,33.5,0.0,0.003500000000000003,BTC,79735.56,0.0
2026-09-06T17:36:33.120547+00:00,BTC-25SEP26-72000-P,79852.45,BTC-25SEP26,put,72000.0,2026-09-25T08:00:00+00:00,0.050922975113855296,0.005,0.0055,0.0051675,0.00525,79852.45,BTC-25SEP26,0.3953,-0.1145,34.87546,2175.2,0.1,0.0004999999999999996,BTC,79735.68,39.94
2026-09-06T17:36:33.120547+00:00,BTC-26MAR27-85000-P,81758.36,BTC-26MAR27,put,85000.0,2027-03-26T08:00:00+00:00,0.5492118183718977,0.141,0.1435,0.14227394,0.14225,81758.36,BTC-26MAR27,0.40369999999999995,-0.49215,241.75323,3.9,0.0,0.0025000000000000022,BTC,79735.68,0.0
2026-09-06T17:36:33.120547+00:00,BTC-25JUN27-180000-P,82711.92,BTC-25JUN27,put,180000.0,2027-06-25T08:00:00+00:00,0.798356240000919,1.1735,1.2115,1.1873614,1.1925,82711.92,BTC-25JUN27,0.5002,-0.93522,93.48764,0.0,0.0,0.038000000000000034,BTC,79735.68,0.0
2026-09-06T17:36:33.120547+00:00,BTC-25SEP26-62000-P,79851.59,BTC-25SEP26,put,62000.0,2026-09-25T08:00:00+00:00,0.050922975113855296,0.0006,0.0007,0.00067514,0.00065,79851.59,BTC-25SEP26,0.5323,-0.01517,6.89283,1426.9,1.5,0.00010000000000000005,BTC,79735.68,96.0
2026-09-06T17:36:33.120547+00:00,BTC-11SEP26-65000-P,79744.21,BTC-11SEP26,put,65000.0,2026-09-11T08:00:00+00:00,0.01259306409400588,,0.0001,8.438e-05,,79744.21,BTC-11SEP26,0.6848000000000001,-0.00349,0.9377,46.8,0.5,,BTC,79735.68,3.98
2026-09-06T17:36:33.120547+00:00,BTC-26MAR27-55000-C,81758.36,BTC-26MAR27,call,55000.0,2027-03-26T08:00:00+00:00,0.5492118183718977,0.3425,0.346,0.34438569,0.34425,81758.36,BTC-26MAR27,0.4635,0.90745,100.48583,28.6,0.0,0.0034999999999999476,BTC,79735.68,0.0
2026-09-06T17:36:33.120547+00:00,BTC-25JUN27-65000-P,82712.78,BTC-25JUN27,put,65000.0,2027-06-25T08:00:00+00:00,0.798356240000919,0.055,0.057,0.05594978,0.056,82712.78,BTC-25JUN27,0.4357,-0.20802,211.8771,24.7,0.0,0.0020000000000000018,BTC,79735.15,0.0
2026-09-06T17:36:33.120547+00:00,BTC-30OCT26-75000-P,80199.24,BTC-30OCT26,put,75000.0,2026-10-30T08:00:00+00:00,0.14674775266347884,0.029,0.03,0.02946329,0.0295,80199.24,BTC-30OCT26,0.3786,-0.29667,106.30941,656.5,11.0,0.0009999999999999974,BTC,79735.15,26281.44
2026-09-06T17:36:33.120547+00:00,BTC-26MAR27-62000-C,81758.36,BTC-26MAR27,call,62000.0,2027-03-26T08:00:00+00:00,0.5492118183718977,0.2695,0.2735,0.27196306,0.2715,81758.36,BTC-26MAR27,0.4361,0.84549,144.12312,59.7,0.0,0.0040000000000000036,BTC,79735.15,0.0
2026-09-06T17:36:33.120547+00:00,BTC-10SEP26-79000-P,79743.43,BTC-10SEP26,put,79000.0,2026-09-10T08:00:00+00:00,0.00985521330687378,0.009,0.01,0.00936993,0.0095,79743.43,BTC-10SEP26,0.3408,-0.38482,30.25821,0.0,0.0,0.0010000000000000009,BTC,79735.68,0.0
2026-09-06T17:36:33.120547+00:00,BTC-25JUN27-150000-P,82712.78,BTC-25JUN27,put,150000.0,2027-06-25T08:00:00+00:00,0.798356240000919,0.828,0.838,0.83331611,0.833,82712.78,BTC-25JUN27,0.4689,-0.88698,141.72684,0.1,0.0,0.010000000000000009,BTC,79735.15,0.0
2026-09-06T17:36:33.120547+00:00,BTC-25SEP26-120000-P,79851.59,BTC-25SEP26,put,120000.0,2026-09-25T08:00:00+00:00,0.050922975113855296,0.4995,0.506,0.50311551,0.50275,79851.59,BTC-25SEP26,0.6485,-0.99664,1.82447,174.5,0.0,0.006500000000000006,BTC,79735.15,0.0
2026-09-06T17:36:33.120547+00:00,BTC-25SEP26-87000-P,79852.45,BTC-25SEP26,put,87000.0,2026-09-25T08:00:00+00:00,0.050922975113855296,0.096,0.1005,0.09818384,0.09825,79852.45,BTC-25SEP26,0.3986,-0.81849,47.54149,0.0,0.0,0.004500000000000004,BTC,79735.15,0.0
2026-09-06T17:36:33.120547+00:00,BTC-30OCT26-92000-C,80199.24,BTC-30OCT26,call,92000.0,2026-10-30T08:00:00+00:00,0.14674775266347884,0.016,0.017,0.01649115,0.0165,80199.24,BTC-30OCT26,0.3994,0.20585,87.53153,1070.9,0.0,0.0010000000000000009,BTC,79735.15,0.0
2026-09-06T17:36:33.120547+00:00,BTC-25JUN27-52000-C,82711.92,BTC-25JUN27,call,52000.0,2027-06-25T08:00:00+00:00,0.798356240000919,0.393,0.3955,0.39416889,0.39425,82711.92,BTC-25JUN27,0.4742,0.90434,125.58455,1.1,0.0,0.0025000000000000022,BTC,79735.15,0.0
2026-09-06T17:36:33.120547+00:00,BTC-25JUN27-125000-P,82711.92,BTC-25JUN27,put,125000.0,2027-06-25T08:00:00+00:00,0.798356240000919,0.5435,0.5515,0.54756378,0.5475,82711.92,BTC-25JUN27,0.4397,-0.80362,204.69762,0.0,0.0,0.008000000000000007,BTC,79735.15,0.0
2026-09-06T17:36:33.120547+00:00,BTC-8SEP26-84000-C,79726.43,BTC-8SEP26,call,84000.0,2026-09-08T08:00:00+00:00,0.004379511732609577,0.0001,0.0003,0.00018376,0.0002,79726.43,BTC-8SEP26,0.38280000000000003,0.02,2.55409,2.1,3.3,0.00019999999999999998,BTC,79735.15,128.75
2026-09-06T17:36:33.120547+00:00,BTC-18SEP26-74000-C,79806.53,BTC-18SEP26,call,74000.0,2026-09-18T08:00:00+00:00,0.03175801960393059,0.0755,0.0795,0.07730055,0.0775,79806.53,BTC-18SEP26,0.3897,0.86878,30.28789,23.2,0.0,0.0040000000000000036,BTC,79735.15,0.0
2026-09-06T17:36:33.120547+00:00,BTC-10SEP26-72000-P,79732.98,BTC-10SEP26,put,72000.0,2026-09-10T08:00:00+00:00,0.00985521330687378,0.0001,0.0003,0.00017911,0.0002,79732.98,BTC-10SEP26,0.45520000000000005,-0.01133,2.3528,0.1,0.1,0.00019999999999999998,BTC,79735.15,1.6
2026-09-06T17:36:33.120547+00:00,BTC-25SEP26-50000-C,79851.59,BTC-25SEP26,call,50000.0,2026-09-25T08:00:00+00:00,0.050922975113855296,0.372,0.3755,0.3739058,0.37375,79851.59,BTC-25SEP26,0.7673000000000001,0.99736,1.4712,30.1,0.0,0.003500000000000003,BTC,79735.15,0.0
2026-09-06T17:36:33.120547+00:00,BTC-25SEP26-96000-C,79852.45,BTC-25SEP26,call,96000.0,2026-09-25T08:00:00+00:00,0.050922975113855296,0.0017,0.002,0.00183815,0.00185,79852.45,BTC-25SEP26,0.46520000000000006,0.04429,16.86667,1825.0,1.0,0.00030000000000000014,BTC,79735.15,175.86
2026-09-06T17:36:33.120547+00:00,BTC-26MAR27-112000-C,81758.36,BTC-26MAR27,call,112000.0,2027-03-26T08:00:00+00:00,0.5492118183718977,0.029,0.031,0.03003377,0.03,81758.36,BTC-26MAR27,0.4227,0.19819,168.75581,67.3,0.1,0.0019999999999999983,BTC,79735.15,238.85
2026-09-06T17:36:33.120547+00:00,BTC-30OCT26-84000-P,80188.94,BTC-30OCT26,put,84000.0,2026-10-30T08:00:00+00:00,0.14674775266347884,0.0855,0.0865,0.08618284,0.086,80188.94,BTC-30OCT26,0.3797,-0.59701,118.9585,9.5,0.0,0.000999999999999987,BTC,79735.15,0.0
2026-09-06T17:36:33.120547+00:00,BTC-26MAR27-82000-C,81758.36,BTC-26MAR27,call,82000.0,2027-03-26T08:00:00+00:00,0.5492118183718977,0.1165,0.1185,0.11741667,0.1175,81758.36,BTC-26MAR27,0.4032,0.55547,239.45675,1166.7,1.0,0.001999999999999988,BTC,79735.15,9468.05
2026-09-06T17:36:33.120547+00:00,BTC-30OCT26-67000-C,80199.24,BTC-30OCT26,call,67000.0,2026-10-30T08:00:00+00:00,0.14674775266347884,0.172,0.175,0.17388869,0.1735,80199.24,BTC-30OCT26,0.41609999999999997,0.88621,59.20366,108.4,0.0,0.0030000000000000027,BTC,79735.15,0.0
2026-09-06T17:36:33.120547+00:00,BTC-30OCT26-89000-P,80199.24,BTC-30OCT26,put,89000.0,2026-10-30T08:00:00+00:00,0.14674775266347884,0.13,0.1345,0.13248428,0.13225,80199.24,BTC-30OCT26,0.3899,-0.73322,101.00229,5.0,0.0,0.004500000000000004,BTC,79735.15,0.0
2026-09-06T17:36:33.120547+00:00,BTC-25SEP26-55000-C,79852.45,BTC-25SEP26,call,55000.0,2026-09-25T08:00:00+00:00,0.050922975113855296,0.3095,0.313,0.3113987,0.31125,79852.45,BTC-25SEP26,0.6644,0.99497,2.61893,143.7,0.0,0.003500000000000003,BTC,79735.23,0.0
2026-09-06T17:36:33.120547+00:00,BTC-10SEP26-79500-P,79743.43,BTC-10SEP26,put,79500.0,2026-09-10T08:00:00+00:00,0.00985521330687378,0.0115,0.0125,0.01213806,0.012,79743.43,BTC-10SEP26,0.34159999999999996,-0.45797,31.4082,0.0,0.0,0.0010000000000000009,BTC,79735.15,0.0
2026-09-06T17:36:33.120547+00:00,BTC-11SEP26-60000-C,79743.35,BTC-11SEP26,call,60000.0,2026-09-11T08:00:00+00:00,0.01259306409400588,0.2455,0.2495,0.24750121,0.2475,79743.35,BTC-11SEP26,0.7525,0.99968,0.10659,0.0,0.0,0.0040000000000000036,BTC,79735.23,0.0
2026-09-06T17:36:33.120547+00:00,BTC-10SEP26-89000-C,79743.43,BTC-10SEP26,call,89000.0,2026-09-10T08:00:00+00:00,0.00985521330687378,0.0001,0.0002,0.00015192,0.00015,79743.43,BTC-10SEP26,0.4698,0.00969,2.05318,0.1,0.1,0.0001,BTC,79735.23,1.6
2026-09-06T17:36:33.120547+00:00,BTC-25JUN27-88000-C,82712.78,BTC-25JUN27,call,88000.0,2027-06-25T08:00:00+00:00,0.798356240000919,0.121,0.124,0.12242459,0.1225,82712.78,BTC-25JUN27,0.4165,0.5078,294.87013,21.3,0.0,0.0030000000000000027,BTC,79735.23,0.0
2026-09-06T17:36:33.120547+00:00,BTC-25DEC26-74000-P,80841.42,BTC-25DEC26,put,74000.0,2026-12-25T08:00:00+00:00,0.3000673967428765,0.0475,0.0485,0.04794864,0.048,80841.42,BTC-25DEC26,0.3998,-0.30396,154.92733,162.0,0.0,0.0010000000000000009,BTC,79735.57,0.0
2026-09-06T17:36:33.120547+00:00,BTC-25JUN27-45000-C,82712.78,BTC-25JUN27,call,45000.0,2027-06-25T08:00:00+00:00,0.798356240000919,0.4685,0.471,0.46957259,0.46975,82712.78,BTC-25JUN27,0.5079,0.94152,86.30745,0.5,0.0,0.0024999999999999467,BTC,79735.57,0.0
2026-09-06T17:36:33.120547+00:00,BTC-11SEP26-73000-C,79744.21,BTC-11SEP26,call,73000.0,2026-09-11T08:00:00+00:00,0.01259306409400588,0.083,0.0875,0.08513689,0.08525,79744.21,BTC-11SEP26,0.4386,0.96535,6.8588,17.0,0.0,0.00449999999999999,BTC,79735.57,0.0
2026-09-06T17:36:33.120547+00:00,BTC-10SEP26-78000-C,79732.98,BTC-10SEP26,call,78000.0,2026-09-10T08:00:00+00:00,0.00985521330687378,0.0255,0.028,0.02691111,0.02675,79732.98,BTC-10SEP26,0.3414,0.74744,25.29397,0.0,0.0,0.0025000000000000022,BTC,79735.57,0.0
2026-09-06T17:36:33.120547+00:00,BTC-25SEP26-74000-C,79851.59,BTC-25SEP26,call,74000.0,2026-09-25T08:00:00+00:00,0.050922975113855296,0.08,0.0835,0.08162304,0.08175,79851.59,BTC-25SEP26,0.3791,0.82386,46.65031,1467.5,0.1,0.003500000000000003,BTC,79735.57,670.65
2026-09-06T17:36:33.120547+00:00,BTC-27NOV26-88000-C,80515.3,BTC-27NOV26,call,88000.0,2026-11-27T08:00:00+00:00,0.22340757470317768,0.039,0.04,0.03959116,0.0395,80515.3,BTC-27NOV26,0.39299999999999996,0.34987,140.98164,78.7,0.0,0.0010000000000000009,BTC,79735.57,0.0
2026-09-06T17:36:33.120547+00:00,BTC-25JUN27-54000-C,82712.78,BTC-25JUN27,call,54000.0,2027-06-25T08:00:00+00:00,0.798356240000919,0.372,0.375,0.37348282,0.3735,82712.78,BTC-25JUN27,0.4661,0.89094,138.15686,0.9,0.0,0.0030000000000000027,BTC,79735.57,0.0
2026-09-06T17:36:33.120547+00:00,BTC-9SEP26-86000-C,79737.06,BTC-9SEP26,call,86000.0,2026-09-09T08:00:00+00:00,0.007117362519741679,0.0002,0.0004,0.00029151,0.0003,79737.06,BTC-9SEP26,0.43939999999999996,0.02144,3.45477,0.5,0.5,0.0002,BTC,79735.57,26.37
2026-09-06T17:36:33.120547+00:00,BTC-25DEC26-84000-C,80840.56,BTC-25DEC26,call,84000.0,2026-12-25T08:00:00+00:00,0.3000673967428765,0.0685,0.0695,0.06891537,0.069,80840.56,BTC-25DEC26,0.3917,0.47159,176.27305,1345.6,0.0,0.0010000000000000009,BTC,79735.57,0.0
2026-09-06T17:36:33.120547+00:00,BTC-30OCT26-65000-C,80199.24,BTC-30OCT26,call,65000.0,2026-10-30T08:00:00+00:00,0.14674775266347884,0.1945,0.1985,0.19633439,0.1965,80199.24,BTC-30OCT26,0.4276,0.91364,48.39295,434.5,0.0,0.0040000000000000036,BTC,79735.57,0.0
2026-09-06T17:36:33.120547+00:00,BTC-10SEP26-72000-C,79743.43,BTC-10SEP26,call,72000.0,2026-09-10T08:00:00+00:00,0.00985521330687378,0.095,0.0995,0.09710051,0.09725,79743.43,BTC-10SEP26,0.45520000000000005,0.98867,2.35318,0.0,0.0,0.004500000000000004,BTC,79735.57,0.0
2026-09-06T17:36:33.120547+00:00,BTC-7SEP26-84000-C,79721.69,BTC-7SEP26,call,84000.0,2026-09-07T08:00:00+00:00,0.0016416609454774761,,0.0001,7.54e-06,,79721.69,BTC-7SEP26,0.43439999999999995,0.00151,0.15815,98.9,7.2,,BTC,79735.57,57.52
2026-09-06T17:36:33.120547+00:00,BTC-25SEP26-76000-P,79852.45,BTC-25SEP26,put,76000.0,2026-09-25T08:00:00+00:00,0.050922975113855296,0.0135,0.0145,0.01401759,0.014,79852.45,BTC-25SEP26,0.3709,-0.26399,58.91938,947.6,0.7,0.0010000000000000009,BTC,79736.47,773.29
2026-09-06T17:36:33.120547+00:00,BTC-25SEP26-54000-P,79851.59,BTC-25SEP26,put,54000.0,2026-09-25T08:00:00+00:00,0.050922975113855296,0.0001,0.0002,0.0001949,0.00015,79851.59,BTC-25SEP26,0.6718000000000001,-0.0039,2.08687,768.9,1.1,0.0001,BTC,79736.47,17.54
2026-09-06T17:36:33.120547+00:00,BTC-25DEC26-76000-C,80840.56,BTC-25DEC26,call,76000.0,2026-12-25T08:00:00+00:00,0.3000673967428765,0.1165,0.1185,0.11714198,0.1175,80840.56,BTC-25DEC26,0.39649999999999996,0.65277,163.60124,410.0,0.0,0.001999999999999988,BTC,79736.47,0.0
2026-09-06T17:36:33.120547+00:00,BTC-27NOV26-73000-P,80515.3,BTC-27NOV26,put,73000.0,2026-11-27T08:00:00+00:00,0.22340757470317768,0.0335,0.0345,0.03401941,0.034,80515.3,BTC-27NOV26,0.39640000000000003,-0.26888,125.60619,17.5,0.0,0.0010000000000000009,BTC,79735.57,0.0
2026-09-06T17:36:33.120547+00:00,BTC-25JUN27-86000-P,82711.92,BTC-25JUN27,put,86000.0,2027-06-25T08:00:00+00:00,0.798356240000919,0.1695,0.1735,0.17162942,0.1715,82711.92,BTC-25JUN27,0.4171,-0.46741,293.94531,1.4,0.0,0.003999999999999976,BTC,79736.47,0.0
2026-09-06T17:36:33.120547+00:00,BTC-10SEP26-77500-P,79743.43,BTC-10SEP26,put,77500.0,2026-09-10T08:00:00+00:00,0.00985521330687378,0.0037,0.004,0.00384134,0.00385,79743.43,BTC-10SEP26,0.3439,-0.19739,21.98951,0.2,0.2,0.0002999999999999999,BTC,79736.47,57.38
2026-09-06T17:36:33.120547+00:00,BTC-25JUN27-92000-P,82711.92,BTC-25JUN27,put,92000.0,2027-06-25T08:00:00+00:00,0.798356240000919,0.2165,0.2205,0.21878379,0.2185,82711.92,BTC-25JUN27,0.41729999999999995,-0.5394,293.49548,0.2,0.0,0.0040000000000000036,BTC,79737.67,0.0
2026-09-06T17:36:33.120547+00:00,BTC-25DEC26-104000-C,80840.56,BTC-25DEC26,call,104000.0,2026-12-25T08:00:00+00:00,0.3000673967428765,0.017,0.018,0.01745003,0.0175,80840.56,BTC-25DEC26,0.4158,0.16072,108.10127,90.7,0.3,0.0009999999999999974,BTC,79737.67,414.39
2026-09-06T17:36:33.120547+00:00,BTC-25SEP26-66000-C,79851.59,BTC-25SEP26,call,66000.0,2026-09-25T08:00:00+00:00,0.050922975113855296,0.173,0.177,0.17470625,0.175,79851.59,BTC-25SEP26,0.46659999999999996,0.96854,12.75462,970.0,0.0,0.0040000000000000036,BTC,79737.67,0.0
2026-09-06T17:36:33.120547+00:00,BTC-27NOV26-70000-P,80504.68,BTC-27NOV26,put,70000.0,2026-11-27T08:00:00+00:00,0.22340757470317768,0.0235,0.0245,0.02409041,0.024,80504.68,BTC-27NOV26,0.4043,-0.20407,107.86669,47.7,0.7,0.0010000000000000009,BTC,79736.47,1367.93
2026-09-06T17:36:33.120547+00:00,BTC-7SEP26-80000-C,79722.55,BTC-7SEP26,call,80000.0,2026-09-07T08:00:00+00:00,0.0016416609454774761,0.0026,0.003,0.00287247,0.0028,79722.55,BTC-7SEP26,0.27449999999999997,0.37783,12.26382,35.0,20.9,0.0004000000000000002,BTC,79737.67,8248.89
2026-09-06T17:36:33.120547+00:00,BTC-27NOV26-76000-C,80504.68,BTC-27NOV26,call,76000.0,2026-11-27T08:00:00+00:00,0.22340757470317768,0.1025,0.1045,0.10292507,0.1035,80504.68,BTC-27NOV26,0.3908,0.65713,139.93359,10.6,0.0,0.0020000000000000018,BTC,79737.67,0.0
2026-09-06T17:36:33.120547+00:00,BTC-11SEP26-79000-P,79743.35,BTC-11SEP26,put,79000.0,2026-09-11T08:00:00+00:00,0.01259306409400588,0.011,0.012,0.0115233,0.0115,79743.35,BTC-11SEP26,0.3521,-0.3988,34.55077,346.4,57.5,0.0010000000000000009,BTC,79737.67,54477.51
2026-09-06T17:36:33.120547+00:00,BTC-11SEP26-66000-C,79744.21,BTC-11SEP26,call,66000.0,2026-09-11T08:00:00+00:00,0.01259306409400588,0.1705,0.1745,0.17239186,0.1725,79744.21,BTC-11SEP26,0.6794,0.99411,1.4961,0.1,0.1,0.003999999999999976,BTC,79737.77,1351.66
2026-09-06T17:36:33.120547+00:00,BTC-25DEC26-88000-C,80840.56,BTC-25DEC26,call,88000.0,2026-12-25T08:00:00+00:00,0.3000673967428765,0.0515,0.052,0.05186777,0.05175,80840.56,BTC-25DEC26,0.3921,0.38684,169.56859,3442.5,3.0,0.0005000000000000004,BTC,79737.77,12708.58
2026-09-06T17:36:33.120547+00:00,BTC-9SEP26-78000-P,79737.06,BTC-9SEP26,put,78000.0,2026-09-09T08:00:00+00:00,0.007117362519741679,0.0031,0.0036,0.00336013,0.00335,79737.06,BTC-9SEP26,0.3286,-0.20971,19.37168,3.1,3.1,0.0005,BTC,79737.77,879.74
2026-09-06T17:36:33.120547+00:00,BTC-30OCT26-72000-C,80199.24,BTC-30OCT26,call,72000.0,2026-10-30T08:00:00+00:00,0.14674775266347884,0.1205,0.1225,0.12132039,0.1215,80199.24,BTC-30OCT26,0.38770000000000004,0.78837,88.97436,468.4,0.1,0.0020000000000000018,BTC,79737.77,986.99
2026-09-06T17:36:33.120547+00:00,BTC-25JUN27-56000-P,82711.92,BTC-25JUN27,put,56000.0,2027-06-25T08:00:00+00:00,0.798356240000919,0.0295,0.0315,0.03046611,0.0305,82711.92,BTC-25JUN27,0.45880000000000004,-0.12387,151.22175,84.6,0.0,0.0020000000000000018,BTC,79737.77,0.0
2026-09-06T17:36:33.120547+00:00,BTC-8SEP26-83000-P,79726.43,BTC-8SEP26,put,83000.0,2026-09-08T08:00:00+00:00,0.004379511732609577,0.039,0.0445,0.04168948,0.04175,79726.43,BTC-8SEP26,0.3558,-0.95551,4.95453,0.0,0.0,0.005499999999999998,BTC,79737.77,0.0
2026-09-06T17:36:33.120547+00:00,BTC-26MAR27-105000-P,81758.36,BTC-26MAR27,put,105000.0,2027-03-26T08:00:00+00:00,0.5492118183718977,0.322,0.3285,0.3250499,0.32525,81758.36,BTC-26MAR27,0.4147,-0.74535,194.50256,0.5,0.0,0.006500000000000006,BTC,79742.6,0.0
2026-09-06T17:36:33.120547+00:00,BTC-18SEP26-65000-P,79806.53,BTC-18SEP26,put,65000.0,2026-09-18T08:00:00+00:00,0.03175801960393059,0.0003,0.0005,0.00039929,0.0004,79806.53,BTC-18SEP26,0.5207,-0.01197,4.43361,90.1,0.6,0.00020000000000000004,BTC,79737.77,23.19
2026-09-06T17:36:33.120547+00:00,BTC-30OCT26-63000-C,80188.94,BTC-30OCT26,call,63000.0,2026-10-30T08:00:00+00:00,0.14674775266347884,0.218,0.222,0.21977767,0.22,80188.94,BTC-30OCT26,0.4474,0.93234,40.2,153.2,0.0,0.0040000000000000036,BTC,79742.6,0.0
2026-09-06T17:36:33.120547+00:00,BTC-8SEP26-73000-C,79726.43,BTC-8SEP26,call,73000.0,2026-09-08T08:00:00+00:00,0.004379511732609577,0.0815,0.0865,0.0842451,0.084,79726.43,BTC-8SEP26,0.5231,0.99483,0.78634,0.0,0.0,0.0049999999999999906,BTC,79742.6,0.0
2026-09-06T17:36:33.120547+00:00,BTC-30OCT26-73000-P,80199.24,BTC-30OCT26,put,73000.0,2026-10-30T08:00:00+00:00,0.14674775266347884,0.0215,0.0225,0.02222362,0.022,80199.24,BTC-30OCT26,0.384,-0.23771,95.04607,95.9,1.5,0.0010000000000000009,BTC,79742.6,2632.86
2026-09-06T17:36:33.120547+00:00,BTC-30OCT26-56000-P,80199.24,BTC-30OCT26,put,56000.0,2026-10-30T08:00:00+00:00,0.14674775266347884,0.0022,0.0027,0.0024288,0.00245,80199.24,BTC-30OCT26,0.5227,-0.02918,20.43768,463.9,0.0,0.0005,BTC,79742.6,0.0
2026-09-06T17:36:33.120547+00:00,BTC-18SEP26-88000-C,79806.53,BTC-18SEP26,call,88000.0,2026-09-18T08:00:00+00:00,0.03175801960393059,0.0035,0.0038,0.0035964,0.00365,79806.53,BTC-18SEP26,0.4224,0.10387,25.66744,396.1,5.6,0.0002999999999999999,BTC,79742.6,1901.59
2026-09-06T17:36:33.120547+00:00,BTC-27NOV26-69000-C,80504.68,BTC-27NOV26,call,69000.0,2026-11-27T08:00:00+00:00,0.22340757470317768,0.1635,0.166,0.16432502,0.16475,80504.68,BTC-27NOV26,0.4083,0.8148,101.68382,0.0,0.0,0.0025000000000000022,BTC,79742.6,0.0
2026-09-06T17:36:33.120547+00:00,BTC-25DEC26-85000-C,80841.42,BTC-25DEC26,call,85000.0,2026-12-25T08:00:00+00:00,0.3000673967428765,0.0635,0.065,0.06426072,0.06425,80841.42,BTC-25DEC26,0.3917,0.44985,175.33976,2213.7,0.0,0.0015000000000000013,BTC,79749.42,0.0
2026-09-06T17:36:33.120547+00:00,BTC-25DEC26-98000-P,80840.56,BTC-25DEC26,put,98000.0,2026-12-25T08:00:00+00:00,0.3000673967428765,0.236,0.2415,0.23810814,0.23875,80840.56,BTC-25DEC26,0.4036,-0.77611,132.50562,1.2,0.0,0.005500000000000005,BTC,79749.42,0.0
2026-09-06T17:36:33.120547+00:00,BTC-25SEP26-200000-P,79851.59,BTC-25SEP26,put,200000.0,2026-09-25T08:00:00+00:00,0.050922975113855296,1.496,1.514,1.50495362,1.505,79851.59,BTC-25SEP26,0.9823999999999999,-0.99997,0.02147,3.2,0.0,0.018000000000000016,BTC,79749.42,0.0
2026-09-06T17:36:33.120547+00:00,BTC-10SEP26-74000-P,79743.43,BTC-10SEP26,put,74000.0,2026-09-10T08:00:00+00:00,0.00985521330687378,0.0004,0.0006,0.00048802,0.0005,79743.43,BTC-10SEP26,0.4057,-0.03031,5.43374,8.1,8.1,0.00019999999999999993,BTC,79749.42,259.72
2026-09-06T17:36:33.120547+00:00,BTC-25DEC26-78000-C,80840.56,BTC-25DEC26,call,78000.0,2026-12-25T08:00:00+00:00,0.3000673967428765,0.1025,0.1045,0.10317977,0.1035,80840.56,BTC-25DEC26,0.3943,0.6081,170.22462,1046.4,0.2,0.0020000000000000018,BTC,79750.09,1628.92
2026-09-06T17:36:33.120547+00:00,BTC-8SEP26-79500-P,79726.43,BTC-8SEP26,put,79500.0,2026-09-08T08:00:00+00:00,0.004379511732609577,0.006,0.007,0.0065287,0.0065,79726.43,BTC-8SEP26,0.2949,-0.43541,20.77137,6.1,2.6,0.001,BTC,79750.09,1179.07
2026-09-06T17:36:33.120547+00:00,BTC-27NOV26-115000-C,80504.68,BTC-27NOV26,call,115000.0,2026-11-27T08:00:00+00:00,0.22340757470317768,0.005,0.006,0.00549504,0.0055,80504.68,BTC-27NOV26,0.4604,0.06314,47.19277,26.2,0.1,0.001,BTC,79749.42,39.7
2026-09-06T17:36:33.120547+00:00,BTC-11SEP26-66000-P,79744.21,BTC-11SEP26,put,66000.0,2026-09-11T08:00:00+00:00,0.01259306409400588,,0.0002,0.0001485,,79744.21,BTC-11SEP26,0.6794,-0.00585,1.48881,363.6,2.0,,BTC,79750.09,15.99
2026-09-06T17:36:33.120547+00:00,BTC-7SEP26-82000-P,79721.69,BTC-7SEP26,put,82000.0,2026-09-07T08:00:00+00:00,0.0016416609454774761,0.027,0.0305,0.02881303,0.02875,79721.69,BTC-7SEP26,0.3433,-0.97793,1.69833,11.6,0.0,0.0034999999999999996,BTC,79750.09,0.0
2026-09-06T17:36:33.120547+00:00,ETH-26MAR27-4200-P,2544.86,ETH-26MAR27,put,4200.0,2027-03-26T08:00:00+00:00,0.5492118183718977,0.671,0.6975,0.682917,0.68425,2544.86,ETH-26MAR27,0.5774,-0.83053,4.76464,1.0,0.0,0.026499999999999968,ETH,2493.68,0.0
2026-09-06T17:36:33.120547+00:00,ETH-25SEP26-5800-C,2499.73,ETH-25SEP26,call,5800.0,2026-09-25T08:00:00+00:00,0.050922975113855296,,0.0001,8e-06,,2499.73,ETH-25SEP26,0.9994,0.00015,0.00323,5889.0,0.0,,ETH,2493.68,0.0
2026-09-06T17:36:33.120547+00:00,ETH-26MAR27-1000-P,2544.86,ETH-26MAR27,put,1000.0,2027-03-26T08:00:00+00:00,0.5492118183718977,0.0055,0.007,0.006158,0.00625,2544.86,ETH-26MAR27,0.7419,-0.02422,1.07389,7311.0,0.0,0.0015000000000000005,ETH,2493.68,0.0
2026-09-06T17:36:33.120547+00:00,ETH-25JUN27-3500-P,2573.93,ETH-25JUN27,put,3500.0,2027-06-25T08:00:00+00:00,0.798356240000919,0.4445,0.4705,0.455571,0.4575,2573.93,ETH-25JUN27,0.5634,-0.64001,8.60714,323.0,0.0,0.025999999999999968,ETH,2493.68,0.0
2026-09-06T17:36:33.120547+00:00,ETH-30OCT26-1750-C,2505.18,ETH-30OCT26,call,1750.0,2026-10-30T08:00:00+00:00,0.14674775266347884,0.304,0.308,0.306648,0.306,2505.18,ETH-30OCT26,0.6093999999999999,0.95084,0.9768,102.0,0.0,0.0040000000000000036,ETH,2493.68,0.0
2026-09-06T17:36:33.120547+00:00,ETH-8SEP26-2800-P,2493.86,ETH-8SEP26,put,2800.0,2026-09-08T08:00:00+00:00,0.004379511732609577,0.1195,0.126,0.123152,0.12275,2493.86,ETH-8SEP26,0.7576999999999999,-0.98882,0.04845,0.0,0.0,0.006500000000000006,ETH,2493.65,0.0
2026-09-06T17:36:33.120547+00:00,ETH-25SEP26-2850-C,2499.73,ETH-25SEP26,call,2850.0,2026-09-25T08:00:00+00:00,0.050922975113855296,0.0095,0.0105,0.010047,0.01,2499.73,ETH-25SEP26,0.5528,0.16144,1.38093,275.0,0.0,0.0010000000000000009,ETH,2493.68,0.0
2026-09-06T17:36:33.120547+00:00,ETH-10SEP26-2460-P,2494.48,ETH-10SEP26,put,2460.0,2026-09-10T08:00:00+00:00,0.00985521330687378,0.01,0.011,0.01037,0.0105,2494.48,ETH-10SEP26,0.4142,-0.35962,0.92623,100.0,100.0,0.0009999999999999992,ETH,2493.65,2493.81
2026-09-06T17:36:33.120547+00:00,ETH-9SEP26-2600-C,2494.33,ETH-9SEP26,call,2600.0,2026-09-09T08:00:00+00:00,0.007117362519741679,0.003,0.0034,0.003249,0.0032,2494.33,ETH-9SEP26,0.47850000000000004,0.15693,0.50556,106.0,151.0,0.00039999999999999975,ETH,2493.65,1089.41
2026-09-06T17:36:33.120547+00:00,ETH-8SEP26-2420-C,2493.86,ETH-8SEP26,call,2420.0,2026-09-08T08:00:00+00:00,0.004379511732609577,0.0285,0.0325,0.031054,0.0305,2493.86,ETH-8SEP26,0.3947,0.87795,0.33404,0.0,0.0,0.004,ETH,2493.65,0.0
2026-09-06T17:36:33.120547+00:00,ETH-9SEP26-2340-C,2494.33,ETH-9SEP26,call,2340.0,2026-09-09T08:00:00+00:00,0.007117362519741679,0.06,0.064,0.062845,0.062,2494.33,ETH-9SEP26,0.48479999999999995,0.94322,0.24005,0.0,0.0,0.0040000000000000036,ETH,2493.65,0.0
2026-09-06T17:36:33.120547+00:00,ETH-25JUN27-3400-C,2573.93,ETH-25JUN27,call,3400.0,2027-06-25T08:00:00+00:00,0.798356240000919,0.1015,0.1045,0.10301,0.103,2573.93,ETH-25JUN27,0.5617,0.38081,8.76556,481.0,0.0,0.002999999999999989,ETH,2493.65,0.0
2026-09-06T17:36:33.120547+00:00,ETH-26MAR27-2800-P,2544.89,ETH-26MAR27,put,2800.0,2027-03-26T08:00:00+00:00,0.5492118183718977,0.2215,0.225,0.223429,0.22325,2544.89,ETH-26MAR27,0.5465,-0.51323,7.52256,15.0,0.0,0.003500000000000003,ETH,2493.65,0.0
2026-09-06T17:36:33.120547+00:00,ETH-25DEC26-2400-C,2518.75,ETH-25DEC26,call,2400.0,2026-12-25T08:00:00+00:00,0.3000673967428765,0.136,0.138,0.137302,0.137,2518.75,ETH-25DEC26,0.5275,0.62235,5.24523,12436.0,0.0,0.0020000000000000018,ETH,2493.65,0.0
2026-09-06T17:36:33.120547+00:00,ETH-25SEP26-8500-P,2499.73,ETH-25SEP26,put,8500.0,2026-09-25T08:00:00+00:00,0.050922975113855296,2.389,2.4125,2.40056,2.40075,2499.73,ETH-25SEP26,1.3075,-0.99997,0.00076,0.0,0.0,0.0235000000000003,ETH,2493.65,0.0
2026-09-06T17:36:33.120547+00:00,ETH-11SEP26-2900-P,2494.78,ETH-11SEP26,put,2900.0,2026-09-11T08:00:00+00:00,0.01259306409400588,0.16,0.1675,0.163241,0.16375,2494.78,ETH-11SEP26,0.6823,-0.97301,0.17449,0.0,0.0,0.007500000000000007,ETH,2493.65,0.0
2026-09-06T17:36:33.120547+00:00,ETH-8SEP26-2350-C,2493.86,ETH-8SEP26,call,2350.0,2026-09-08T08:00:00+00:00,0.004379511732609577,0.0545,0.061,0.057991,0.05775,2493.86,ETH-8SEP26,0.5018,0.9646,0.12869,0.0,0.0,0.006499999999999999,ETH,2493.65,0.0
2026-09-06T17:36:33.120547+00:00,ETH-7SEP26-2380-C,2493.59,ETH-7SEP26,call,2380.0,2026-09-07T08:00:00+00:00,0.0016416609454774761,0.042,0.0485,0.04546,0.04525,2493.59,ETH-7SEP26,0.5173,0.98736,0.03297,50.0,11.0,0.006499999999999999,ETH,2493.65,1276.51
2026-09-06T17:36:33.120547+00:00,ETH-27NOV26-2300-C,2512.25,ETH-27NOV26,call,2300.0,2026-11-27T08:00:00+00:00,0.22340757470317768,0.1415,0.144,0.14282,0.14275,2512.25,ETH-27NOV26,0.5261,0.68413,4.22466,50.0,0.0,0.0025000000000000022,ETH,2493.65,0.0
2026-09-06T17:36:33.120547+00:00,ETH-25SEP26-2400-C,2499.73,ETH-25SEP26,call,2400.0,2026-09-25T08:00:00+00:00,0.050922975113855296,0.0655,0.0675,0.066345,0.0665,2499.73,ETH-25SEP26,0.4938,0.66312,2.06018,15746.0,4.0,0.0020000000000000018,ETH,2493.65,626.6
2026-09-06T17:36:33.120547+00:00,ETH-26MAR27-2900-C,2544.89,ETH-26MAR27,call,2900.0,2027-03-26T08:00:00+00:00,0.5492118183718977,0.1095,0.1125,0.110892,0.111,2544.89,ETH-26MAR27,0.5475,0.45267,7.47358,2285.0,0.0,0.0030000000000000027,ETH,2493.65,0.0
2026-09-06T17:36:33.120547+00:00,ETH-7SEP26-2640-P,2493.44,ETH-7SEP26,put,2640.0,2026-09-07T08:00:00+00:00,0.0016416609454774761,0.056,0.063,0.059029,0.0595,2493.44,ETH-7SEP26,0.6253,-0.9875,0.03265,1.0,1.0,0.006999999999999999,ETH,2493.65,159.99
2026-09-06T17:36:33.120547+00:00,ETH-25JUN27-2200-P,2573.93,ETH-25JUN27,put,2200.0,2027-06-25T08:00:00+00:00,0.798356240000919,0.118,0.1215,0.119608,0.11975,2573.93,ETH-25JUN27,0.5608,-0.28643,7.82937,387.0,0.0,0.003500000000000003,ETH,2493.65,0.0
2026-09-06T17:36:33.120547+00:00,ETH-7SEP26-2800-P,2493.59,ETH-7SEP26,put,2800.0,2026-09-07T08:00:00+00:00,0.0016416609454774761,0.1195,0.127,0.1231,0.12325,2493.59,ETH-7SEP26,0.7606,-0.99991,0.00036,0.0,0.0,0.007500000000000007,ETH,2493.65,0.0
2026-09-06T17:36:33.120547+00:00,ETH-18SEP26-3200-C,2496.96,ETH-18SEP26,call,3200.0,2026-09-18T08:00:00+00:00,0.03175801960393059,0.0012,0.0014,0.001347,0.0013,2496.96,ETH-18SEP26,0.71,0.02896,0.29415,3568.0,140.0,0.0002000000000000001,ETH,2493.65,444.67
2026-09-06T17:36:33.120547+00:00,ETH-11SEP26-2450-C,2494.78,ETH-11SEP26,call,2450.0,2026-09-11T08:00:00+00:00,0.01259306409400588,0.028,0.03,0.029151,0.029,2494.78,ETH-11SEP26,0.425,0.65707,1.02937,2368.0,0.0,0.0019999999999999983,ETH,2493.71,0.0
2026-09-06T17:36:33.120547+00:00,ETH-25DEC26-8000-P,2518.75,ETH-25DEC26,put,8000.0,2026-12-25T08:00:00+00:00,0.3000673967428765,2.1555,2.204,2.176951,2.17975,2518.75,ETH-25DEC26,0.7652,-0.99456,0.21522,0.0,0.0,0.04850000000000021,ETH,2493.71,0.0
2026-09-06T17:36:33.120547+00:00,ETH-30OCT26-2500-C,2505.18,ETH-30OCT26,call,2500.0,2026-10-30T08:00:00+00:00,0.14674775266347884,0.0785,0.0795,0.079007,0.079,2505.18,ETH-30OCT26,0.5115,0.54329,3.80735,2829.0,4.0,0.0010000000000000009,ETH,2493.71,766.54
2026-09-06T17:36:33.120547+00:00,ETH-27NOV26-2400-C,2512.25,ETH-27NOV26,call,2400.0,2026-11-27T08:00:00+00:00,0.22340757470317768,0.119,0.1215,0.120223,0.12025,2512.25,ETH-27NOV26,0.5238,0.62112,4.51869,307.0,0.0,0.0025000000000000022,ETH,2493.71,0.0
2026-09-06T17:36:33.120547+00:00,ETH-26MAR27-3300-P,2544.86,ETH-26MAR27,put,3300.0,2027-03-26T08:00:00+00:00,0.5492118183718977,0.3615,0.3855,0.370904,0.3735,2544.86,ETH-26MAR27,0.5543,-0.66523,6.87163,101.0,0.0,0.02400000000000002,ETH,2493.71,0.0
2026-09-06T17:36:33.120547+00:00,ETH-8SEP26-2680-P,2493.86,ETH-8SEP26,put,2680.0,2026-09-08T08:00:00+00:00,0.004379511732609577,0.072,0.0795,0.075414,0.07575,2493.86,ETH-8SEP26,0.6028,-0.96281,0.134,0.0,0.0,0.007500000000000007,ETH,2493.82,0.0
2026-09-06T17:36:33.120547+00:00,ETH-25DEC26-1400-C,2518.75,ETH-25DEC26,call,1400.0,2026-12-25T08:00:00+00:00,0.3000673967428765,0.448,0.4515,0.450237,0.44975,2518.75,ETH-25DEC26,0.6655,0.96352,1.10339,939.0,0.0,0.003500000000000003,ETH,2493.82,0.0
2026-09-06T17:36:33.120547+00:00,ETH-26MAR27-2600-P,2544.86,ETH-26MAR27,put,2600.0,2027-03-26T08:00:00+00:00,0.5492118183718977,0.1715,0.175,0.173141,0.17325,2544.86,ETH-26MAR27,0.5455,-0.44061,7.44358,645.0,19.0,0.0034999999999999754,ETH,2493.82,8184.27
2026-09-06T17:36:33.120547+00:00,ETH-11SEP26-2550-P,2494.78,ETH-11SEP26,put,2550.0,2026-09-11T08:00:00+00:00,0.01259306409400588,0.0325,0.0345,0.033652,0.0335,2494.78,ETH-11SEP26,0.4573,-0.6551,1.03163,475.0,1.0,0.0020000000000000018,ETH,2493.82,80.12
2026-09-06T17:36:33.120547+00:00,ETH-25SEP26-4600-C,2499.69,ETH-25SEP26,call,4600.0,2026-09-25T08:00:00+00:00,0.050922975113855296,,0.0002,0.000151,,2499.69,ETH-25SEP26,0.93,0.00256,0.04469,4397.0,3.0,,ETH,2493.82,0.74
2026-09-06T17:36:33.120547+00:00,ETH-26MAR27-2800-C,2544.86,ETH-26MAR27,call,2800.0,2027-03-26T08:00:00+00:00,0.5492118183718977,0.1215,0.1245,0.122986,0.123,2544.86,ETH-26MAR27,0.5465,0.48684,7.52319,5034.0,0.0,0.0030000000000000027,ETH,2493.86,0.0
2026-09-06T17:36:33.120547+00:00,ETH-7SEP26-2650-C,2493.59,ETH-7SEP26,call,2650.0,2026-09-07T08:00:00+00:00,0.0016416609454774761,,0.0001,7.2e-05,,2493.59,ETH-7SEP26,0.6275999999999999,0.00863,0.02364,421.0,239.0,,ETH,2493.82,117.3
2026-09-06T17:36:33.120547+00:00,ETH-25SEP26-3800-P,2499.73,ETH-25SEP26,put,3800.0,2026-09-25T08:00:00+00:00,0.050922975113855296,0.516,0.5275,0.520905,0.52175,2499.73,ETH-25SEP26,0.7844,-0.98859,0.16866,943.0,0.0,0.011499999999999955,ETH,2493.86,0.0
2026-09-06T17:36:33.120547+00:00,ETH-18SEP26-2450-C,2496.96,ETH-18SEP26,call,2450.0,2026-09-18T08:00:00+00:00,0.03175801960393059,0.0435,0.045,0.044245,0.04425,2496.96,ETH-18SEP26,0.4842,0.60436,1.7148,932.0,0.0,0.0015000000000000013,ETH,2493.86,0.0
2026-09-06T17:36:33.120547+00:00,ETH-25SEP26-3200-C,2499.73,ETH-25SEP26,call,3200.0,2026-09-25T08:00:00+00:00,0.050922975113855296,0.0028,0.0031,0.002975,0.00295,2499.73,ETH-25SEP26,0.6426000000000001,0.0516,0.59678,13423.0,0.0,0.0002999999999999999,ETH,2493.86,0.0
2026-09-06T17:36:33.120547+00:00,ETH-8SEP26-2340-C,2493.86,ETH-8SEP26,call,2340.0,2026-09-08T08:00:00+00:00,0.004379511732609577,0.0585,0.065,0.061919,0.06175,2493.86,ETH-8SEP26,0.5141,0.9707,0.1101,0.0,0.0,0.006499999999999999,ETH,2493.86,0.0
2026-09-06T17:36:33.120547+00:00,ETH-25SEP26-1000-P,2499.73,ETH-25SEP26,put,1000.0,2026-09-25T08:00:00+00:00,0.050922975113855296,,0.0001,4.2e-05,,2499.73,ETH-25SEP26,1.2915,-0.0005,0.01009,10805.0,0.0,,ETH,2493.86,0.0
2026-09-06T17:36:33.120547+00:00,ETH-25SEP26-1000-C,2499.69,ETH-25SEP26,call,1000.0,2026-09-25T08:00:00+00:00,0.050922975113855296,0.5985,0.601,0.599976,0.59975,2499.69,ETH-25SEP26,1.2915,0.9995,0.01009,5785.0,0.0,0.0024999999999999467,ETH,2493.86,0.0
2026-09-06T17:36:33.120547+00:00,ETH-27NOV26-2000-C,2512.25,ETH-27NOV26,call,2000.0,2026-11-27T08:00:00+00:00,0.22340757470317768,0.225,0.2295,0.228021,0.22725,2512.25,ETH-27NOV26,0.5504,0.84294,2.85546,9.0,0.0,0.004500000000000004,ETH,2493.86,0.0
2026-09-06T17:36:33.120547+00:00,ETH-25DEC26-1800-C,2518.75,ETH-25DEC26,call,1800.0,2026-12-25T08:00:00+00:00,0.3000673967428765,0.3025,0.3065,0.304904,0.3045,2518.75,ETH-25DEC26,0.5769,0.889,2.61249,2434.0,0.0,0.0040000000000000036,ETH,2493.86,0.0
2026-09-06T17:36:33.120547+00:00,ETH-25SEP26-2420-C,2499.73,ETH-25SEP26,call,2420.0,2026-09-25T08:00:00+00:00,0.050922975113855296,0.0605,0.0625,0.061489,0.0615,2499.73,ETH-25SEP26,0.4938,0.63581,2.11951,122.0,0.0,0.0020000000000000018,ETH,2493.86,0.0
2026-09-06T17:36:33.120547+00:00,ETH-26MAR27-4800-P,2544.86,ETH-26MAR27,put,4800.0,2027-03-26T08:00:00+00:00,0.5492118183718977,0.89,0.923,0.906561,0.9065,2544.86,ETH-26MAR27,0.5954,-0.88813,3.5909,0.0,0.0,0.03300000000000003,ETH,2493.8,0.0
2026-09-06T17:36:33.120547+00:00,ETH-30OCT26-2250-P,2505.18,ETH-30OCT26,put,2250.0,2026-10-30T08:00:00+00:00,0.14674775266347884,0.034,0.035,0.034482,0.0345,2505.18,ETH-30OCT26,0.5154,-0.26007,3.11458,1345.0,0.0,0.0010000000000000009,ETH,2493.8,0.0
2026-09-06T17:36:33.120547+00:00,ETH-25SEP26-5200-C,2499.73,ETH-25SEP26,call,5200.0,2026-09-25T08:00:00+00:00,0.050922975113855296,,0.0001,1.9e-05,,2499.73,ETH-25SEP26,0.9304000000000001,0.00036,0.00739,2392.0,0.0,,ETH,2493.8,0.0
2026-09-06T17:36:33.120547+00:00,ETH-30OCT26-2900-C,2505.18,ETH-30OCT26,call,2900.0,2026-10-30T08:00:00+00:00,0.14674775266347884,0.03,0.0315,0.03079,0.03075,2505.18,ETH-30OCT26,0.5359,0.27108,3.18081,2732.0,20.0,0.0015000000000000013,ETH,2493.8,1530.89
2026-09-06T17:36:33.120547+00:00,ETH-27NOV26-3800-C,2512.25,ETH-27NOV26,call,3800.0,2026-11-27T08:00:00+00:00,0.22340757470317768,0.0105,0.0115,0.011083,0.011,2512.25,ETH-27NOV26,0.5993999999999999,0.09372,1.98779,319.0,0.0,0.0009999999999999992,ETH,2493.8,0.0
2026-09-06T17:36:33.120547+00:00,ETH-25JUN27-4400-P,2573.93,ETH-25JUN27,put,4400.0,2027-06-25T08:00:00+00:00,0.798356240000919,0.745,0.7785,0.760906,0.76175,2573.93,ETH-25JUN27,0.5786,-0.7817,6.7823,1.0,0.0,0.033499999999999974,ETH,2493.79,0.0
2026-09-06T17:36:33.120547+00:00,ETH-9SEP26-2320-P,2494.33,ETH-9SEP26,put,2320.0,2026-09-09T08:00:00+00:00,0.007117362519741679,0.0006,0.001,0.000784,0.0008,2494.33,ETH-9SEP26,0.5091,-0.04363,0.19456,127.0,125.0,0.0004000000000000001,ETH,2493.79,312.05
2026-09-06T17:36:33.120547+00:00,ETH-25DEC26-1500-P,2518.75,ETH-25DEC26,put,1500.0,2026-12-25T08:00:00+00:00,0.3000673967428765,0.0075,0.0085,0.008374,0.008,2518.75,ETH-25DEC26,0.6422,-0.04957,1.41374,16259.0,3.0,0.0010000000000000009,ETH,2493.79,63.46
2026-09-06T17:36:33.120547+00:00,ETH-10SEP26-2600-P,2494.52,ETH-10SEP26,put,2600.0,2026-09-10T08:00:00+00:00,0.00985521330687378,0.046,0.05,0.047665,0.048,2494.52,ETH-10SEP26,0.4818,-0.79964,0.69416,0.0,0.0,0.0040000000000000036,ETH,2493.77,0.0
2026-09-06T17:36:33.120547+00:00,ETH-26MAR27-4200-C,2544.86,ETH-26MAR27,call,4200.0,2027-03-26T08:00:00+00:00,0.5492118183718977,0.031,0.0335,0.032253,0.03225,2544.86,ETH-26MAR27,0.5774,0.16949,4.76528,2903.0,0.0,0.0025000000000000022,ETH,2493.77,0.0
2026-09-06T17:36:33.120547+00:00,ETH-9SEP26-2560-C,2494.37,ETH-9SEP26,call,2560.0,2026-09-09T08:00:00+00:00,0.007117362519741679,0.005,0.0055,0.005369,0.00525,2494.37,ETH-9SEP26,0.4403,0.24842,0.66651,88.0,71.0,0.0004999999999999996,ETH,2493.77,900.68
2026-09-06T17:36:33.120547+00:00,ETH-30OCT26-1000-C,2505.15,ETH-30OCT26,call,1000.0,2026-10-30T08:00:00+00:00,0.14674775266347884,0.5995,0.6025,0.601043,0.601,2505.15,ETH-30OCT26,0.8926000000000001,0.99786,0.06484,0.0,0.0,0.0030000000000000027,ETH,2493.77,0.0
2026-09-06T17:36:33.120547+00:00,ETH-25JUN27-3100-P,2573.96,ETH-25JUN27,put,3100.0,2027-06-25T08:00:00+00:00,0.798356240000919,0.3315,0.3365,0.333911,0.334,2573.96,ETH-25JUN27,0.5582,-0.54898,9.10976,0.0,0.0,0.0050000000000000044,ETH,2493.77,0.0
2026-09-06T17:36:33.120547+00:00,ETH-25SEP26-9000-P,2499.73,ETH-25SEP26,put,9000.0,2026-09-25T08:00:00+00:00,0.050922975113855296,2.5875,2.6135,2.600592,2.6005,2499.73,ETH-25SEP26,1.3633000000000002,-0.99997,0.00073,0.0,0.0,0.026000000000000245,ETH,2493.77,0.0
2026-09-06T17:36:33.120547+00:00,ETH-9SEP26-2420-P,2494.33,ETH-9SEP26,put,2420.0,2026-09-09T08:00:00+00:00,0.007117362519741679,0.0035,0.0038,0.003587,0.00365,2494.33,ETH-9SEP26,0.40979999999999994,-0.18559,0.56288,78.0,77.0,0.0002999999999999999,ETH,2493.79,713.35
2026-09-06T17:36:33.120547+00:00,ETH-27NOV26-2700-C,2512.25,ETH-27NOV26,call,2700.0,2026-11-27T08:00:00+00:00,0.22340757470317768,0.069,0.0705,0.069701,0.06975,2512.25,ETH-27NOV26,0.5272,0.43473,4.67544,346.0,1.0,0.0014999999999999875,ETH,2493.77,176.4
2026-09-06T17:36:33.120547+00:00,ETH-18SEP26-2200-P,2496.96,ETH-18SEP26,put,2200.0,2026-09-18T08:00:00+00:00,0.03175801960393059,0.0034,0.0038,0.003521,0.0036,2496.96,ETH-18SEP26,0.5228,-0.07982,0.66068,3955.0,77.0,0.0004000000000000002,ETH,2493.79,710.31
2026-09-06T17:36:33.120547+00:00,ETH-25SEP26-2300-P,2499.73,ETH-25SEP26,put,2300.0,2026-09-25T08:00:00+00:00,0.050922975113855296,0.014,0.015,0.014637,0.0145,2499.73,ETH-25SEP26,0.5021,-0.21419,1.64518,5624.0,36.0,0.0009999999999999992,ETH,2493.79,1189.61
2026-09-06T17:36:33.120547+00:00,ETH-25JUN27-2100-P,2573.93,ETH-25JUN27,put,2100.0,2027-06-25T08:00:00+00:00,0.798356240000919,0.1015,0.1045,0.102684,0.103,2573.93,ETH-25JUN27,0.5636,-0.2559,7.40188,589.0,0.0,0.002999999999999989,ETH,2493.79,0.0
2026-09-06T17:36:33.120547+00:00,ETH-9SEP26-2540-P,2494.37,ETH-9SEP26,put,2540.0,2026-09-09T08:00:00+00:00,0.007117362519741679,0.0245,0.0265,0.025357,0.0255,2494.37,ETH-9SEP26,0.4227,-0.68747,0.74509,0.0,0.0,0.0019999999999999983,ETH,2493.77,0.0
2026-09-06T17:36:33.120547+00:00,ETH-25DEC26-1000-C,2518.75,ETH-25DEC26,call,1000.0,2026-12-25T08:00:00+00:00,0.3000673967428765,0.6035,0.6055,0.604701,0.6045,2518.75,ETH-25DEC26,0.8014,0.98992,0.37051,73.0,0.0,0.0020000000000000018,ETH,2493.77,0.0
2026-09-06T17:36:33.120547+00:00,ETH-25DEC26-2800-P,2518.75,ETH-25DEC26,put,2800.0,2026-12-25T08:00:00+00:00,0.3000673967428765,0.186,0.1875,0.186011,0.18675,2518.75,ETH-25DEC26,0.5314,-0.58618,5.37752,2545.0,8.0,0.0015000000000000013,ETH,2493.77,3725.28
2026-09-06T17:36:33.120547+00:00,ETH-25SEP26-2450-P,2499.73,ETH-25SEP26,put,2450.0,2026-09-25T08:00:00+00:00,0.050922975113855296,0.0345,0.0355,0.034765,0.035,2499.73,ETH-25SEP26,0.4935,-0.40649,2.18907,63.0,1.0,0.000999999999999994,ETH,2493.77,92.86
2026-09-06T17:36:33.120547+00:00,ETH-27NOV26-3100-C,2512.25,ETH-27NOV26,call,3100.0,2026-11-27T08:00:00+00:00,0.22340757470317768,0.033,0.0345,0.033689,0.03375,2512.25,ETH-27NOV26,0.5478999999999999,0.24768,3.75615,40.0,30.0,0.0015000000000000013,ETH,2493.77,2539.63
2026-09-06T17:36:33.120547+00:00,ETH-30OCT26-1800-P,2505.18,ETH-30OCT26,put,1800.0,2026-10-30T08:00:00+00:00,0.14674775266347884,0.0055,0.0065,0.006286,0.006,2505.18,ETH-30OCT26,0.5943,-0.05868,1.12386,1273.0,0.0,0.001,ETH,2493.77,0.0
2026-09-06T17:36:33.120547+00:00,ETH-25DEC26-4400-P,2518.79,ETH-25DEC26,put,4400.0,2026-12-25T08:00:00+00:00,0.3000673967428765,0.7445,0.7685,0.755536,0.7565,2518.79,ETH-25DEC26,0.6093,-0.93368,1.7776,20.0,0.0,0.02399999999999991,ETH,2493.77,0.0
2026-09-06T17:36:33.120547+00:00,ETH-25SEP26-3400-C,2499.73,ETH-25SEP26,call,3400.0,2026-09-25T08:00:00+00:00,0.050922975113855296,0.0016,0.0019,0.00176,0.00175,2499.73,ETH-25SEP26,0.6976,0.03045,0.38871,9690.0,0.0,0.0002999999999999999,ETH,2493.77,0.0
2026-09-06T17:36:33.120547+00:00,ETH-10SEP26-2620-P,2494.52,ETH-10SEP26,put,2620.0,2026-09-10T08:00:00+00:00,0.00985521330687378,0.051,0.058,0.054629,0.0545,2494.52,ETH-10SEP26,0.49310000000000004,-0.83562,0.61334,0.0,0.0,0.007000000000000006,ETH,2493.77,0.0
2026-09-06T17:36:33.120547+00:00,ETH-25SEP26-4400-P,2499.69,ETH-25SEP26,put,4400.0,2026-09-25T08:00:00+00:00,0.050922975113855296,0.755,0.7685,0.760472,0.76175,2499.69,ETH-25SEP26,0.8861,-0.9968,0.05467,281.0,0.0,0.013499999999999956,ETH,2493.77,0.0
2026-09-06T17:36:33.120547+00:00,ETH-11SEP26-1800-C,2494.78,ETH-11SEP26,call,1800.0,2026-09-11T08:00:00+00:00,0.01259306409400588,0.276,0.2795,0.278494,0.27775,2494.78,ETH-11SEP26,0.9538,0.99904,0.00905,0.0,0.0,0.003500000000000003,ETH,2493.77,0.0
2026-09-06T17:36:33.120547+00:00,ETH-25DEC26-7000-P,2518.75,ETH-25DEC26,put,7000.0,2026-12-25T08:00:00+00:00,0.3000673967428765,1.7625,1.802,1.780476,1.78225,2518.75,ETH-25DEC26,0.7373999999999999,-0.99004,0.36673,0.0,0.0,0.03950000000000009,ETH,2493.77,0.0
2026-09-06T17:36:33.120547+00:00,ETH-7SEP26-2650-P,2493.59,ETH-7SEP26,put,2650.0,2026-09-07T08:00:00+00:00,0.0016416609454774761,0.06,0.067,0.063004,0.0635,2493.59,ETH-7SEP26,0.6275999999999999,-0.99134,0.02372,0.0,0.0,0.007000000000000006,ETH,2493.77,0.0
2026-09-06T17:36:33.120547+00:00,ETH-25JUN27-4000-C,2573.96,ETH-25JUN27,call,4000.0,2027-06-25T08:00:00+00:00,0.798356240000919,0.0655,0.0685,0.067013,0.067,2573.96,ETH-25JUN27,0.5714,0.27168,7.63131,4555.0,0.0,0.0030000000000000027,ETH,2493.77,0.0
2026-09-06T17:36:33.120547+00:00,ETH-7SEP26-2480-P,2493.59,ETH-7SEP26,put,2480.0,2026-09-07T08:00:00+00:00,0.0016416609454774761,0.003,0.0037,0.0033,0.00335,2493.59,ETH-7SEP26,0.3469,-0.34443,0.37164,325.0,123.0,0.0007000000000000001,ETH,2493.77,1521.69
2026-09-06T17:36:33.120547+00:00,ETH-18SEP26-2900-P,2496.96,ETH-18SEP26,put,2900.0,2026-09-18T08:00:00+00:00,0.03175801960393059,0.1615,0.1695,0.165807,0.1655,2496.96,ETH-18SEP26,0.6003000000000001,-0.91049,0.71993,0.0,0.0,0.008000000000000007,ETH,2493.77,0.0
2026-09-06T17:36:33.120547+00:00,ETH-26MAR27-1800-C,2544.86,ETH-26MAR27,call,1800.0,2027-03-26T08:00:00+00:00,0.5492118183718977,0.3315,0.3365,0.334446,0.334,2544.86,ETH-26MAR27,0.5764,0.84713,4.45479,3427.0,0.0,0.0050000000000000044,ETH,2493.75,0.0
2026-09-06T17:36:33.120547+00:00,ETH-8SEP26-2350-P,2493.86,ETH-8SEP26,put,2350.0,2026-09-08T08:00:00+00:00,0.004379511732609577,0.0003,0.0007,0.000479,0.0005,2493.86,ETH-8SEP26,0.5018,-0.0353,0.1284,0.0,0.0,0.0004,ETH,2493.75,0.0
2026-09-06T17:36:33.120547+00:00,ETH-9SEP26-2250-C,2494.37,ETH-9SEP26,call,2250.0,2026-09-09T08:00:00+00:00,0.007117362519741679,0.0955,0.1,0.098341,0.09775,2494.37,ETH-9SEP26,0.6124,0.97837,0.10887,18.0,18.0,0.004500000000000004,ETH,2493.75,4367.86
2026-09-06T17:36:33.120547+00:00,ETH-7SEP26-2400-C,2493.44,ETH-7SEP26,call,2400.0,2026-09-07T08:00:00+00:00,0.0016416609454774761,0.034,0.0405,0.037475,0.03725,2493.44,ETH-7SEP26,0.457,0.98123,0.04629,1338.0,66.0,0.006499999999999999,ETH,2493.75,5793.32
2026-09-06T17:36:33.120547+00:00,ETH-11SEP26-2100-C,2494.82,ETH-11SEP26,call,2100.0,2026-09-11T08:00:00+00:00,0.01259306409400588,0.157,0.16,0.158599,0.1585,2494.82,ETH-11SEP26,0.7079000000000001,0.9864,0.09744,19.0,0.0,0.0030000000000000027,ETH,2493.4,0.0
2026-09-06T17:36:33.120547+00:00,ETH-25JUN27-1900-C,2573.93,ETH-25JUN27,call,1900.0,2027-06-25T08:00:00+00:00,0.798356240000919,0.332,0.338,0.335705,0.335,2573.93,ETH-25JUN27,0.5734,0.80192,6.40322,115.0,0.0,0.006000000000000005,ETH,2493.4,0.0
2026-09-06T17:36:33.120547+00:00,ETH-26MAR27-2000-P,2544.86,ETH-26MAR27,put,2000.0,2027-03-26T08:00:00+00:00,0.5492118183718977,0.0625,0.0645,0.063443,0.0635,2544.86,ETH-26MAR27,0.5602,-0.21546,5.51895,1916.0,0.0,0.0020000000000000018,ETH,2493.4,0.0
2026-09-06T17:36:33.120547+00:00,ETH-25JUN27-3900-C,2573.93,ETH-25JUN27,call,3900.0,2027-06-25T08:00:00+00:00,0.798356240000919,0.07,0.073,0.071714,0.0715,2573.93,ETH-25JUN27,0.5693,0.28696,7.83571,160.0,0.0,0.002999999999999989,ETH,2493.4,0.0
2026-09-06T17:36:33.120547+00:00,ETH-25SEP26-2100-P,2499.69,ETH-25SEP26,put,2100.0,2026-09-25T08:00:00+00:00,0.050922975113855296,0.004,0.0044,0.004146,0.0042,2499.69,ETH-25SEP26,0.5502,-0.07158,0.77064,37103.0,1.0,0.0004000000000000002,ETH,2493.4,9.31
2026-09-06T17:36:33.120547+00:00,ETH-27NOV26-2150-C,2512.25,ETH-27NOV26,call,2150.0,2026-11-27T08:00:00+00:00,0.22340757470317768,0.18,0.184,0.182368,0.182,2512.25,ETH-27NOV26,0.5347999999999999,0.77105,3.59763,0.0,0.0,0.0040000000000000036,ETH,2493.4,0.0
2026-09-06T17:36:33.120547+00:00,ETH-7SEP26-2280-C,2493.59,ETH-7SEP26,call,2280.0,2026-09-07T08:00:00+00:00,0.0016416609454774761,0.083,0.0885,0.085478,0.08575,2493.59,ETH-7SEP26,0.6515000000000001,0.99967,0.00122,0.0,0.0,0.005499999999999991,ETH,2493.4,0.0
2026-09-06T17:36:33.120547+00:00,ETH-27NOV26-3400-C,2512.25,ETH-27NOV26,call,3400.0,2026-11-27T08:00:00+00:00,0.22340757470317768,0.0195,0.021,0.020179,0.02025,2512.25,ETH-27NOV26,0.568,0.16036,2.89402,314.0,0.0,0.0015000000000000013,ETH,2493.23,0.0
2026-09-06T17:36:33.120547+00:00,ETH-11SEP26-2400-P,2494.82,ETH-11SEP26,put,2400.0,2026-09-11T08:00:00+00:00,0.01259306409400588,0.0055,0.006,0.005645,0.00575,2494.82,ETH-11SEP26,0.4292,-0.20425,0.79377,5722.0,74.0,0.0005000000000000004,ETH,2493.23,1086.72
2026-09-06T17:36:33.120547+00:00,ETH-27NOV26-3000-C,2512.25,ETH-27NOV26,call,3000.0,2026-11-27T08:00:00+00:00,0.22340757470317768,0.0395,0.041,0.040202,0.04025,2512.25,ETH-27NOV26,0.5414,0.28582,4.03772,352.0,0.0,0.0015000000000000013,ETH,2493.23,0.0
2026-09-06T17:36:33.120547+00:00,ETH-25SEP26-16000-P,2499.73,ETH-25SEP26,put,16000.0,2026-09-25T08:00:00+00:00,0.050922975113855296,5.375,5.426,5.401051,5.4005,2499.73,ETH-25SEP26,1.8954,-0.99998,0.00045,30.0,0.0,0.051000000000000156,ETH,2493.23,0.0
2026-09-06T17:36:33.120547+00:00,ETH-25SEP26-2050-P,2499.73,ETH-25SEP26,put,2050.0,2026-09-25T08:00:00+00:00,0.050922975113855296,0.0029,0.0034,0.003086,0.00315,2499.73,ETH-25SEP26,0.5693,-0.05412,0.61961,4004.0,51.0,0.0005,ETH,2493.22,360.71
2026-09-06T17:36:33.120547+00:00,ETH-7SEP26-2560-P,2493.44,ETH-7SEP26,put,2560.0,2026-09-07T08:00:00+00:00,0.0016416609454774761,0.0245,0.0315,0.027542,0.028,2493.44,ETH-7SEP26,0.4682,-0.91686,0.15445,1.0,0.0,0.006999999999999999,ETH,2493.23,0.0
2026-09-06T17:36:33.120547+00:00,ETH-10SEP26-2500-P,2494.52,ETH-10SEP26,put,2500.0,2026-09-10T08:00:00+00:00,0.00985521330687378,0.0175,0.0185,0.017982,0.018,2494.52,ETH-10SEP26,0.4227,-0.51397,0.98728,0.0,0.0,0.0009999999999999974,ETH,2493.22,0.0
2026-09-06T17:36:33.120547+00:00,ETH-25JUN27-6000-C,2573.93,ETH-25JUN27,call,6000.0,2027-06-25T08:00:00+00:00,0.798356240000919,0.0195,0.022,0.020958,0.02075,2573.93,ETH-25JUN27,0.6093999999999999,0.09997,4.03632,1393.0,0.0,0.0024999999999999988,ETH,2493.22,0.0
2026-09-06T17:36:33.120547+00:00,ETH-11SEP26-3000-P,2494.78,ETH-11SEP26,put,3000.0,2026-09-11T08:00:00+00:00,0.01259306409400588,0.199,0.2075,0.203013,0.20325,2494.78,ETH-11SEP26,0.7481,-0.98444,0.10943,0.0,0.0,0.00849999999999998,ETH,2493.51,0.0
2026-09-06T17:36:33.120547+00:00,ETH-7SEP26-2620-P,2493.44,ETH-7SEP26,put,2620.0,2026-09-07T08:00:00+00:00,0.0016416609454774761,0.048,0.055,0.051045,0.0515,2493.44,ETH-7SEP26,0.5771000000000001,-0.98272,0.04314,0.0,0.0,0.006999999999999999,ETH,2493.22,0.0
2026-09-06T17:36:33.120547+00:00,ETH-7SEP26-2500-C,2493.59,ETH-7SEP26,call,2500.0,2026-09-07T08:00:00+00:00,0.0016416609454774761,0.0043,0.005,0.004669,0.00465,2493.59,ETH-7SEP26,0.3644,0.42949,0.39626,813.0,152.0,0.0007000000000000001,ETH,2493.22,1824.65
2026-09-06T17:36:33.120547+00:00,ETH-26MAR27-4500-P,2544.86,ETH-26MAR27,put,4500.0,2027-03-26T08:00:00+00:00,0.5492118183718977,0.7785,0.811,0.793807,0.79475,2544.86,ETH-26MAR27,0.5863,-0.86309,4.13572,0.0,0.0,0.032500000000000084,ETH,2493.51,0.0
2026-09-06T17:36:33.120547+00:00,ETH-9SEP26-2800-P,2494.33,ETH-9SEP26,put,2800.0,2026-09-09T08:00:00+00:00,0.007117362519741679,0.12,0.1275,0.12315,0.12375,2494.33,ETH-9SEP26,0.6933,-0.97443,0.12535,0.0,0.0,0.007500000000000007,ETH,2493.51,0.0
2026-09-06T17:36:33.120547+00:00,ETH-25SEP26-1600-C,2499.73,ETH-25SEP26,call,1600.0,2026-09-25T08:00:00+00:00,0.050922975113855296,0.3575,0.3615,0.36032,0.3595,2499.73,ETH-25SEP26,0.8287,0.99339,0.10457,3418.0,0.0,0.0040000000000000036,ETH,2493.51,0.0
2026-09-06T17:36:33.120547+00:00,ETH-27NOV26-4200-P,2512.25,ETH-27NOV26,put,4200.0,2026-11-27T08:00:00+00:00,0.22340757470317768,0.669,0.6905,0.678752,0.67975,2512.25,ETH-27NOV26,0.6315,-0.94211,1.37544,0.0,0.0,0.021499999999999964,ETH,2493.51,0.0
2026-09-06T17:36:33.120547+00:00,ETH-27NOV26-1600-P,2512.25,ETH-27NOV26,put,1600.0,2026-11-27T08:00:00+00:00,0.22340757470317768,0.0065,0.0075,0.006888,0.007,2512.25,ETH-27NOV26,0.6341,-0.04902,1.20576,59.0,49.0,0.001,ETH,2493.55,850.76
2026-09-06T17:36:33.120547+00:00,ETH-27NOV26-2300-P,2512.25,ETH-27NOV26,put,2300.0,2026-11-27T08:00:00+00:00,0.22340757470317768,0.058,0.059,0.058502,0.0585,2512.25,ETH-27NOV26,0.5261,-0.316,4.22501,302.0,0.0,0.000999999999999994,ETH,2493.55,0.0
2026-09-06T17:36:33.120547+00:00,ETH-8SEP26-2250-C,2493.86,ETH-8SEP26,call,2250.0,2026-09-08T08:00:00+00:00,0.004379511732609577,0.0955,0.0995,0.097744,0.0975,2493.86,ETH-8SEP26,0.6577,0.99147,0.03826,0.0,0.0,0.0040000000000000036,ETH,2493.55,0.0
2026-09-06T17:36:33.120547+00:00,ETH-26MAR27-3000-P,2544.86,ETH-26MAR27,put,3000.0,2027-03-26T08:00:00+00:00,0.5492118183718977,0.2775,0.281,0.279148,0.27925,2544.86,ETH-26MAR27,0.5489,-0.57965,7.37549,370.0,0.0,0.003500000000000003,ETH,2493.43,0.0
2026-09-06T17:36:33.120547+00:00,ETH-25DEC26-5200-P,2518.79,ETH-25DEC26,put,5200.0,2026-12-25T08:00:00+00:00,0.3000673967428765,1.057,1.0855,1.068732,1.07125,2518.79,ETH-25DEC26,0.6559,-0.96693,1.01774,0.0,0.0,0.02849999999999997,ETH,2493.43,0.0
2026-09-06T17:36:33.120547+00:00,ETH-25JUN27-3900-P,2573.96,ETH-25JUN27,put,3900.0,2027-06-25T08:00:00+00:00,0.798356240000919,0.5755,0.605,0.586971,0.59025,2573.96,ETH-25JUN27,0.5693,-0.713,7.83669,0.0,0.0,0.02949999999999997,ETH,2493.43,0.0
2026-09-06T17:36:33.120547+00:00,ETH-25DEC26-4800-C,2518.75,ETH-25DEC26,call,4800.0,2026-12-25T08:00:00+00:00,0.3000673967428765,0.0055,0.006,0.005756,0.00575,2518.75,ETH-25DEC26,0.6319,0.04555,1.32105,2708.0,0.0,0.0005000000000000004,ETH,2493.43,0.0
2026-09-06T17:36:33.120547+00:00,ETH-25JUN27-4400-C,2573.96,ETH-25JUN27,call,4400.0,2027-06-25T08:00:00+00:00,0.798356240000919,0.05,0.0525,0.051385,0.05125,2573.96,ETH-25JUN27,0.5786,0.21825,6.78088,173.0,0.0,0.0024999999999999953,ETH,2493.43,0.0
2026-09-06T17:36:33.120547+00:00,ETH-9SEP26-2400-P,2494.33,ETH-9SEP26,put,2400.0,2026-09-09T08:00:00+00:00,0.007117362519741679,0.0024,0.0028,0.002511,0.0026,2494.33,ETH-9SEP26,0.4235,-0.1372,0.46189,6.0,1.0,0.0004000000000000002,ETH,2493.41,5.74
2026-09-06T17:36:33.120547+00:00,ETH-25JUN27-2000-P,2573.93,ETH-25JUN27,put,2000.0,2027-06-25T08:00:00+00:00,0.798356240000919,0.086,0.089,0.087449,0.0875,2573.93,ETH-25JUN27,0.5678,-0.22638,6.92355,1802.0,0.0,0.0030000000000000027,ETH,2493.41,0.0
2026-09-06T17:36:33.120547+00:00,ETH-25SEP26-2050-C,2499.73,ETH-25SEP26,call,2050.0,2026-09-25T08:00:00+00:00,0.050922975113855296,0.1805,0.184,0.182952,0.18225,2499.73,ETH-25SEP26,0.5693,0.94595,0.61903,19.0,0.0,0.003500000000000003,ETH,2493.41,0.0
2026-09-06T17:36:33.120547+00:00,ETH-8SEP26-2300-C,2493.86,ETH-8SEP26,call,2300.0,2026-09-08T08:00:00+00:00,0.004379511732609577,0.0745,0.081,0.0778,0.07775,2493.86,ETH-8SEP26,0.5799,0.9833,0.0685,0.0,0.0,0.006500000000000006,ETH,2493.41,0.0
2026-09-06T17:36:33.120547+00:00,ETH-25DEC26-2700-P,2518.75,ETH-25DEC26,put,2700.0,2026-12-25T08:00:00+00:00,0.3000673967428765,0.1585,0.16,0.158686,0.15925,2518.75,ETH-25DEC26,0.5286,-0.538,5.48066,788.0,0.0,0.0015000000000000013,ETH,2493.41,0.0
2026-09-06T17:36:33.120547+00:00,ETH-25SEP26-7500-C,2499.73,ETH-25SEP26,call,7500.0,2026-09-25T08:00:00+00:00,0.050922975113855296,,0.0001,2e-06,,2499.73,ETH-25SEP26,1.1895,4e-05,0.00089,2159.0,0.0,,ETH,2493.41,0.0
2026-09-06T17:36:33.120547+00:00,ETH-25SEP26-6800-P,2499.69,ETH-25SEP26,put,6800.0,2026-09-25T08:00:00+00:00,0.050922975113855296,1.711,1.732,1.720449,1.7215,2499.69,ETH-25SEP26,1.1040999999999999,-0.99995,0.00116,0.0,0.0,0.020999999999999908,ETH,2493.42,0.0
2026-09-06T17:36:33.120547+00:00,ETH-27NOV26-2650-P,2512.25,ETH-27NOV26,put,2650.0,2026-11-27T08:00:00+00:00,0.22340757470317768,0.131,0.1325,0.131335,0.13175,2512.25,ETH-27NOV26,0.5249,-0.53642,4.71847,100.0,0.0,0.0015000000000000013,ETH,2493.42,0.0
2026-09-06T17:36:33.120547+00:00,ETH-10SEP26-2660-C,2494.52,ETH-10SEP26,call,2660.0,2026-09-10T08:00:00+00:00,0.00985521330687378,0.0025,0.0029,0.002703,0.0027,2494.52,ETH-10SEP26,0.5196999999999999,0.11107,0.46886,89.0,89.0,0.00039999999999999975,ETH,2493.42,598.06
2026-09-06T17:36:33.120547+00:00,ETH-7SEP26-2620-C,2493.59,ETH-7SEP26,call,2620.0,2026-09-07T08:00:00+00:00,0.0016416609454774761,,0.0001,0.000147,,2493.59,ETH-7SEP26,0.5771000000000001,0.01737,0.0433,852.0,933.0,,ETH,2493.42,1271.45
2026-09-06T17:36:33.120547+00:00,ETH-25DEC26-7000-C,2518.75,ETH-25DEC26,call,7000.0,2026-12-25T08:00:00+00:00,0.3000673967428765,0.001,0.0015,0.00121,0.00125,2518.75,ETH-25DEC26,0.7373999999999999,0.00995,0.36615,3002.0,0.0,0.0005,ETH,2493.3,0.0
2026-09-06T17:36:33.120547+00:00,ETH-25SEP26-2250-P,2499.69,ETH-25SEP26,put,2250.0,2026-09-25T08:00:00+00:00,0.050922975113855296,0.0105,0.011,0.010679,0.01075,2499.69,ETH-25SEP26,0.5099,-0.16587,1.40523,4452.0,2.0,0.0004999999999999987,ETH,2493.3,54.76
2026-09-06T17:36:33.120547+00:00,ETH-8SEP26-2400-P,2493.82,ETH-8SEP26,put,2400.0,2026-09-08T08:00:00+00:00,0.004379511732609577,0.001,0.0013,0.001095,0.00115,2493.82,ETH-8SEP26,0.4236,-0.08383,0.25403,586.0,464.0,0.0002999999999999999,ETH,2493.3,1345.29
2026-09-06T17:36:33.120547+00:00,ETH-11SEP26-2350-C,2494.82,ETH-11SEP26,call,2350.0,2026-09-11T08:00:00+00:00,0.01259306409400588,0.058,0.063,0.060769,0.0605,2494.82,ETH-11SEP26,0.44659999999999994,0.88808,0.53299,186.0,0.0,0.0049999999999999975,ETH,2493.3,0.0
2026-09-06T17:36:33.120547+00:00,ETH-25DEC26-1800-P,2518.75,ETH-25DEC26,put,1800.0,2026-12-25T08:00:00+00:00,0.3000673967428765,0.019,0.02,0.019572,0.0195,2518.75,ETH-25DEC26,0.5769,-0.11114,2.61416,5257.0,0.0,0.0010000000000000009,ETH,2493.3,0.0
2026-09-06T17:36:33.120547+00:00,ETH-18SEP26-3000-C,2497.1,ETH-18SEP26,call,3000.0,2026-09-18T08:00:00+00:00,0.03175801960393059,0.0026,0.0029,0.002779,0.00275,2497.1,ETH-18SEP26,0.6373,0.05949,0.52663,724.0,40.0,0.0002999999999999999,ETH,2493.3,299.64
2026-09-06T17:36:33.120547+00:00,ETH-27NOV26-3600-C,2512.25,ETH-27NOV26,call,3600.0,2026-11-27T08:00:00+00:00,0.22340757470317768,0.014,0.015,0.014756,0.0145,2512.25,ETH-27NOV26,0.5831000000000001,0.12152,2.39709,1721.0,10.0,0.0009999999999999992,ETH,2493.3,344.46
2026-09-06T17:36:33.120547+00:00,ETH-25JUN27-1400-P,2573.93,ETH-25JUN27,put,1400.0,2027-06-25T08:00:00+00:00,0.798356240000919,0.027,0.029,0.027857,0.028,2573.93,ETH-25JUN27,0.6232,-0.08511,3.58291,1801.0,0.0,0.0020000000000000018,ETH,2493.18,0.0
2026-09-06T17:36:33.120547+00:00,ETH-10SEP26-2560-C,2494.52,ETH-10SEP26,call,2560.0,2026-09-10T08:00:00+00:00,0.00985521330687378,0.0075,0.0085,0.007871,0.008,2494.52,ETH-10SEP26,0.4511,0.2881,0.84496,110.0,110.0,0.0010000000000000009,ETH,2493.18,2158.0
2026-09-06T17:36:33.120547+00:00,ETH-8SEP26-2680-C,2493.86,ETH-8SEP26,call,2680.0,2026-09-08T08:00:00+00:00,0.004379511732609577,0.0005,0.0007,0.000576,0.0006,2493.86,ETH-8SEP26,0.6028,0.03666,0.13239,122.0,105.0,0.00019999999999999998,ETH,2493.14,230.65
2026-09-06T17:36:33.120547+00:00,ETH-25JUN27-1600-C,2573.96,ETH-25JUN27,call,1600.0,2027-06-25T08:00:00+00:00,0.798356240000919,0.4175,0.423,0.420476,0.42025,2573.96,ETH-25JUN27,0.5974,0.87639,4.69849,379.0,0.0,0.005500000000000005,ETH,2493.18,0.0
2026-09-06T17:36:33.120547+00:00,ETH-27NOV26-2950-C,2512.25,ETH-27NOV26,call,2950.0,2026-11-27T08:00:00+00:00,0.22340757470317768,0.0435,0.0445,0.044021,0.044,2512.25,ETH-27NOV26,0.5386,0.30706,4.17226,150.0,0.0,0.0010000000000000009,ETH,2493.18,0.0
2026-09-06T17:36:33.120547+00:00,ETH-27NOV26-2750-C,2512.25,ETH-27NOV26,call,2750.0,2026-11-27T08:00:00+00:00,0.22340757470317768,0.063,0.064,0.063601,0.0635,2512.25,ETH-27NOV26,0.5293,0.40632,4.60656,533.0,0.0,0.0010000000000000009,ETH,2493.14,0.0
2026-09-06T17:36:33.120547+00:00,ETH-25DEC26-5000-C,2518.79,ETH-25DEC26,call,5000.0,2026-12-25T08:00:00+00:00,0.3000673967428765,0.0045,0.0055,0.004991,0.005,2518.79,ETH-25DEC26,0.647,0.03944,1.17555,4228.0,0.0,0.001,ETH,2493.14,0.0
2026-09-06T17:36:33.120547+00:00,ETH-26MAR27-2900-P,2544.89,ETH-26MAR27,put,2900.0,2027-03-26T08:00:00+00:00,0.5492118183718977,0.249,0.2525,0.250636,0.25075,2544.89,ETH-26MAR27,0.5475,-0.5475,7.47183,258.0,0.0,0.003500000000000003,ETH,2493.14,0.0
2026-09-06T17:36:33.120547+00:00,ETH-7SEP26-2480-C,2493.59,ETH-7SEP26,call,2480.0,2026-09-07T08:00:00+00:00,0.0016416609454774761,0.008,0.0095,0.00869,0.00875,2493.59,ETH-7SEP26,0.3469,0.64882,0.37399,334.0,59.0,0.0014999999999999996,ETH,2493.14,1037.95
2026-09-06T17:36:33.120547+00:00,ETH-9SEP26-2280-C,2494.33,ETH-9SEP26,call,2280.0,2026-09-09T08:00:00+00:00,0.007117362519741679,0.0835,0.088,0.086423,0.08575,2494.33,ETH-9SEP26,0.5665,0.97124,0.1382,0.0,0.0,0.00449999999999999,ETH,2493.14,0.0
2026-09-06T17:36:33.120547+00:00,ETH-25JUN27-4500-C,2573.93,ETH-25JUN27,call,4500.0,2027-06-25T08:00:00+00:00,0.798356240000919,0.047,0.0495,0.048337,0.04825,2573.93,ETH-25JUN27,0.581,0.20712,6.57562,1489.0,0.0,0.0025000000000000022,ETH,2493.14,0.0
2026-09-06T17:36:33.120547+00:00,ETH-25SEP26-4500-C,2499.73,ETH-25SEP26,call,4500.0,2026-09-25T08:00:00+00:00,0.050922975113855296,,0.0002,0.00015,,2499.73,ETH-25SEP26,0.8998,0.0026,0.04541,8196.0,1.0,,ETH,2493.14,0.25
2026-09-06T17:36:33.120547+00:00,ETH-25SEP26-2750-P,2499.73,ETH-25SEP26,put,2750.0,2026-09-25T08:00:00+00:00,0.050922975113855296,0.1125,0.119,0.115297,0.11575,2499.73,ETH-25SEP26,0.5299,-0.77023,1.71202,0.0,0.0,0.006499999999999992,ETH,2493.14,0.0
2026-09-06T17:36:33.120547+00:00,ETH-27NOV26-2900-C,2512.25,ETH-27NOV26,call,2900.0,2026-11-27T08:00:00+00:00,0.22340757470317768,0.0475,0.049,0.048228,0.04825,2512.25,ETH-27NOV26,0.536,0.32979,4.29973,137.0,0.0,0.0015000000000000013,ETH,2493.14,0.0
2026-09-06T17:36:33.120547+00:00,ETH-26MAR27-4400-P,2544.86,ETH-26MAR27,put,4400.0,2027-03-26T08:00:00+00:00,0.5492118183718977,0.744,0.7715,0.756783,0.75775,2544.86,ETH-26MAR27,0.5843,-0.85263,4.3464,2.0,0.0,0.02749999999999997,ETH,2493.2,0.0
2026-09-06T17:36:33.120547+00:00,ETH-9SEP26-2580-C,2494.33,ETH-9SEP26,call,2580.0,2026-09-09T08:00:00+00:00,0.007117362519741679,0.0039,0.0042,0.004119,0.00405,2494.33,ETH-9SEP26,0.4575,0.19445,0.57904,23.0,18.0,0.0002999999999999999,ETH,2493.2,152.11
2026-09-06T17:36:33.120547+00:00,ETH-30OCT26-1600-P,2505.18,ETH-30OCT26,put,1600.0,2026-10-30T08:00:00+00:00,0.14674775266347884,0.0027,0.0032,0.00295,0.00295,2505.18,ETH-30OCT26,0.6551,-0.02802,0.61698,2120.0,11.0,0.0005,ETH,2493.2,82.91
2026-09-06T17:36:33.120547+00:00,ETH-25JUN27-4200-C,2573.93,ETH-25JUN27,call,4200.0,2027-06-25T08:00:00+00:00,0.798356240000919,0.057,0.0595,0.058585,0.05825,2573.93,ETH-25JUN27,0.575,0.24322,7.20299,576.0,2.0,0.0024999999999999953,ETH,2493.2,296.63
2026-09-06T17:36:33.120547+00:00,ETH-25SEP26-7000-C,2499.73,ETH-25SEP26,call,7000.0,2026-09-25T08:00:00+00:00,0.050922975113855296,,0.0001,2e-06,,2499.73,ETH-25SEP26,1.1240999999999999,4e-05,0.00099,2135.0,0.0,,ETH,2493.22,0.0
2026-09-06T17:36:33.120547+00:00,ETH-7SEP26-2640-C,2493.59,ETH-7SEP26,call,2640.0,2026-09-07T08:00:00+00:00,0.0016416609454774761,,0.0002,0.000108,,2493.59,ETH-7SEP26,0.6253,0.01215,0.03184,619.0,143.0,,ETH,2493.2,122.55
2026-09-06T17:36:33.120547+00:00,ETH-27NOV26-2500-P,2512.22,ETH-27NOV26,put,2500.0,2026-11-27T08:00:00+00:00,0.22340757470317768,0.095,0.0965,0.095687,0.09575,2512.22,ETH-27NOV26,0.5222,-0.44335,4.69001,422.0,0.0,0.0015000000000000013,ETH,2493.22,0.0
2026-09-06T17:36:33.120547+00:00,ETH-25SEP26-11000-P,2499.73,ETH-25SEP26,put,11000.0,2026-09-25T08:00:00+00:00,0.050922975113855296,3.3845,3.4215,3.400724,3.403,2499.73,ETH-25SEP26,1.5529,-0.99997,0.00061,0.0,0.0,0.03699999999999992,ETH,2493.22,0.0
2026-09-06T17:36:33.120547+00:00,ETH-11SEP26-2250-C,2494.82,ETH-11SEP26,call,2250.0,2026-09-11T08:00:00+00:00,0.01259306409400588,0.0965,0.101,0.099182,0.09875,2494.82,ETH-11SEP26,0.5457,0.95674,0.25705,279.0,120.0,0.004500000000000004,ETH,2493.2,28190.31
2026-09-06T17:36:33.120547+00:00,ETH-18SEP26-2650-C,2497.1,ETH-18SEP26,call,2650.0,2026-09-18T08:00:00+00:00,0.03175801960393059,0.0145,0.0155,0.014759,0.015,2497.1,ETH-18SEP26,0.516,0.27357,1.48112,1367.0,62.0,0.0009999999999999992,ETH,2493.22,2152.29
2026-09-06T17:36:33.120547+00:00,ETH-25SEP26-3300-P,2499.69,ETH-25SEP26,put,3300.0,2026-09-25T08:00:00+00:00,0.050922975113855296,0.318,0.3285,0.322486,0.32325,2499.69,ETH-25SEP26,0.6707,-0.9608,0.47819,3.0,0.0,0.01050000000000001,ETH,2493.2,0.0
2026-09-06T17:36:33.120547+00:00,ETH-26MAR27-1000-C,2544.86,ETH-26MAR27,call,1000.0,2027-03-26T08:00:00+00:00,0.5492118183718977,0.6115,0.6145,0.613143,0.613,2544.86,ETH-26MAR27,0.7419,0.97576,1.07413,269.0,0.0,0.0030000000000000027,ETH,2493.2,0.0
2026-09-06T17:36:33.120547+00:00,ETH-25JUN27-3300-C,2573.93,ETH-25JUN27,call,3300.0,2027-06-25T08:00:00+00:00,0.798356240000919,0.1095,0.1125,0.111071,0.111,2573.93,ETH-25JUN27,0.5604,0.40288,8.90363,2273.0,0.0,0.0030000000000000027,ETH,2493.2,0.0
2026-09-06T17:36:33.120547+00:00,ETH-27NOV26-4000-C,2512.25,ETH-27NOV26,call,4000.0,2026-11-27T08:00:00+00:00,0.22340757470317768,0.008,0.009,0.00856,0.0085,2512.25,ETH-27NOV26,0.6164999999999999,0.07345,1.65461,77.0,0.0,0.0009999999999999992,ETH,2493.2,0.0
2026-09-06T17:36:33.120547+00:00,ETH-11SEP26-2420-P,2494.82,ETH-11SEP26,put,2420.0,2026-09-11T08:00:00+00:00,0.01259306409400588,0.007,0.008,0.007443,0.0075,2494.82,ETH-11SEP26,0.42469999999999997,-0.25494,0.89881,0.0,0.0,0.001,ETH,2493.2,0.0
2026-09-06T17:36:33.120547+00:00,ETH-9SEP26-2280-P,2494.33,ETH-9SEP26,put,2280.0,2026-09-09T08:00:00+00:00,0.007117362519741679,0.0004,0.0007,0.000533,0.00055,2494.33,ETH-9SEP26,0.5665,-0.02872,0.13807,13.0,0.0,0.0003,ETH,2493.2,0.0
2026-09-06T17:36:33.120547+00:00,ETH-25JUN27-1500-C,2573.93,ETH-25JUN27,call,1500.0,2027-06-25T08:00:00+00:00,0.798356240000919,0.449,0.454,0.451621,0.4515,2573.93,ETH-25JUN27,0.6093999999999999,0.89678,4.13129,50.0,0.0,0.0050000000000000044,ETH,2493.2,0.0
2026-09-06T17:36:33.120547+00:00,ETH-25SEP26-8000-C,2499.73,ETH-25SEP26,call,8000.0,2026-09-25T08:00:00+00:00,0.050922975113855296,,0.0001,2e-06,,2499.73,ETH-25SEP26,1.2502,3e-05,0.00081,1654.0,0.0,,ETH,2493.2,0.0
2026-09-06T17:36:33.120547+00:00,ETH-9SEP26-2580-P,2494.33,ETH-9SEP26,put,2580.0,2026-09-09T08:00:00+00:00,0.007117362519741679,0.037,0.0415,0.038506,0.03925,2494.33,ETH-9SEP26,0.4575,-0.80555,0.57903,0.0,0.0,0.004500000000000004,ETH,2493.2,0.0
2026-09-06T17:36:33.120547+00:00,ETH-25DEC26-6500-P,2518.75,ETH-25DEC26,put,6500.0,2026-12-25T08:00:00+00:00,0.3000673967428765,1.566,1.6035,1.582409,1.58475,2518.75,ETH-25DEC26,0.7190000000000001,-0.98645,0.47875,0.0,0.0,0.03749999999999987,ETH,2493.2,0.0
2026-09-06T17:36:33.120547+00:00,ETH-25SEP26-4200-P,2499.69,ETH-25SEP26,put,4200.0,2026-09-25T08:00:00+00:00,0.050922975113855296,0.675,0.688,0.680551,0.6815,2499.69,ETH-25SEP26,0.8554,-0.99526,0.07785,551.0,0.0,0.0129999999999999,ETH,2493.2,0.0
2026-09-06T17:36:33.120547+00:00,ETH-26MAR27-3600-C,2544.86,ETH-26MAR27,call,3600.0,2027-03-26T08:00:00+00:00,0.5492118183718977,0.054,0.0565,0.055303,0.05525,2544.86,ETH-26MAR27,0.5613,0.2657,6.18681,2292.0,1.0,0.0025000000000000022,ETH,2493.2,142.56
2026-09-06T17:36:33.120547+00:00,ETH-26MAR27-3400-P,2544.86,ETH-26MAR27,put,3400.0,2027-03-26T08:00:00+00:00,0.5492118183718977,0.3935,0.4185,0.403243,0.406,2544.86,ETH-26MAR27,0.5564,-0.69024,6.65253,6.0,0.0,0.024999999999999967,ETH,2493.2,0.0
2026-09-06T17:36:33.120547+00:00,ETH-30OCT26-1400-C,2505.15,ETH-30OCT26,call,1400.0,2026-10-30T08:00:00+00:00,0.14674775266347884,0.4405,0.444,0.442539,0.44225,2505.15,ETH-30OCT26,0.7295,0.98681,0.32543,50.0,0.0,0.003500000000000003,ETH,2493.2,0.0
2026-09-06T17:36:33.120547+00:00,ETH-25DEC26-2600-C,2518.75,ETH-25DEC26,call,2600.0,2026-12-25T08:00:00+00:00,0.3000673967428765,0.1,0.1015,0.100984,0.10075,2518.75,ETH-25DEC26,0.526,0.51329,5.50212,9741.0,11.0,0.0015000000000000013,ETH,2493.18,2725.67
2026-09-06T17:36:33.120547+00:00,ETH-10SEP26-2700-P,2494.48,ETH-10SEP26,put,2700.0,2026-09-10T08:00:00+00:00,0.00985521330687378,0.081,0.0885,0.084476,0.08475,2494.48,ETH-10SEP26,0.5534,-0.92172,0.3621,0.0,0.0,0.007499999999999993,ETH,2493.18,0.0
2026-09-06T17:36:33.120547+00:00,ETH-25JUN27-2400-C,2573.93,ETH-25JUN27,call,2400.0,2027-06-25T08:00:00+00:00,0.798356240000919,0.2235,0.2275,0.225588,0.2255,2573.93,ETH-25JUN27,0.5571,0.65144,8.50741,907.0,0.0,0.0040000000000000036,ETH,2493.18,0.0
2026-09-06T17:36:33.120547+00:00,ETH-25JUN27-5000-C,2573.93,ETH-25JUN27,call,5000.0,2027-06-25T08:00:00+00:00,0.798356240000919,0.0345,0.037,0.035818,0.03575,2573.93,ETH-25JUN27,0.5909,0.16027,5.60303,2381.0,0.0,0.0024999999999999953,ETH,2493.18,0.0
2026-09-06T17:36:33.120547+00:00,ETH-25JUN27-2500-P,2573.93,ETH-25JUN27,put,2500.0,2027-06-25T08:00:00+00:00,0.798356240000919,0.178,0.1815,0.179546,0.17975,2573.93,ETH-25JUN27,0.5564,-0.37942,8.75442,1150.0,3.0,0.003500000000000003,ETH,2493.18,1338.18
2026-09-06T17:36:33.120547+00:00,ETH-18SEP26-2100-C,2496.96,ETH-18SEP26,call,2100.0,2026-09-18T08:00:00+00:00,0.03175801960393059,0.158,0.162,0.160565,0.16,2496.96,ETH-18SEP26,0.5710999999999999,0.95995,0.38386,0.0,0.0,0.0040000000000000036,ETH,2493.18,0.0
2026-09-06T17:36:33.120547+00:00,ETH-30OCT26-1850-P,2505.18,ETH-30OCT26,put,1850.0,2026-10-30T08:00:00+00:00,0.14674775266347884,0.007,0.008,0.007526,0.0075,2505.18,ETH-30OCT26,0.5796,-0.07006,1.28961,1324.0,1.0,0.001,ETH,2493.15,18.79
2026-09-06T17:36:33.120547+00:00,ETH-18SEP26-2400-C,2496.96,ETH-18SEP26,call,2400.0,2026-09-18T08:00:00+00:00,0.03175801960393059,0.0555,0.0575,0.056616,0.0565,2496.96,ETH-18SEP26,0.485,0.69137,1.56697,202.0,40.0,0.0020000000000000018,ETH,2493.15,5304.31
2026-09-06T17:36:33.120547+00:00,ETH-25SEP26-2650-P,2499.73,ETH-25SEP26,put,2650.0,2026-09-25T08:00:00+00:00,0.050922975113855296,0.0825,0.0845,0.08351,0.0835,2499.73,ETH-25SEP26,0.5123,-0.67314,2.03515,0.0,0.0,0.0020000000000000018,ETH,2493.15,0.0
2026-09-06T17:36:33.120547+00:00,ETH-10SEP26-2360-C,2494.52,ETH-10SEP26,call,2360.0,2026-09-10T08:00:00+00:00,0.00985521330687378,0.0535,0.0575,0.055928,0.0555,2494.52,ETH-10SEP26,0.44549999999999995,0.89817,0.44031,0.0,0.0,0.0040000000000000036,ETH,2493.15,0.0
2026-09-06T17:36:33.120547+00:00,ETH-7SEP26-2580-P,2493.59,ETH-7SEP26,put,2580.0,2026-09-07T08:00:00+00:00,0.0016416609454774761,0.032,0.039,0.035198,0.0355,2493.59,ETH-7SEP26,0.4893,-0.95751,0.09125,0.0,0.0,0.006999999999999999,ETH,2493.15,0.0
2026-09-06T17:36:33.120547+00:00,ETH-25DEC26-4200-C,2518.75,ETH-25DEC26,call,4200.0,2026-12-25T08:00:00+00:00,0.3000673967428765,0.01,0.011,0.010632,0.0105,2518.75,ETH-25DEC26,0.5974,0.0809,2.06883,5295.0,0.0,0.0009999999999999992,ETH,2493.15,0.0
2026-09-06T17:36:33.120547+00:00,ETH-30OCT26-2550-C,2505.18,ETH-30OCT26,call,2550.0,2026-10-30T08:00:00+00:00,0.14674775266347884,0.0695,0.071,0.07036,0.07025,2505.18,ETH-30OCT26,0.5131,0.50284,3.82895,1490.0,0.0,0.0014999999999999875,ETH,2493.15,0.0
2026-09-06T17:36:33.120547+00:00,ETH-25SEP26-8500-C,2499.69,ETH-25SEP26,call,8500.0,2026-09-25T08:00:00+00:00,0.050922975113855296,,0.0001,2e-06,,2499.69,ETH-25SEP26,1.3075,3e-05,0.00076,1699.0,0.0,,ETH,2493.15,0.0
2026-09-06T17:36:33.120547+00:00,ETH-27NOV26-2600-C,2512.25,ETH-27NOV26,call,2600.0,2026-11-27T08:00:00+00:00,0.22340757470317768,0.083,0.0845,0.083709,0.08375,2512.25,ETH-27NOV26,0.5239,0.49381,4.73728,197.0,0.0,0.0015000000000000013,ETH,2493.15,0.0
2026-09-06T17:36:33.120547+00:00,ETH-26MAR27-5000-P,2544.86,ETH-26MAR27,put,5000.0,2027-03-26T08:00:00+00:00,0.5492118183718977,0.968,1.0,0.982497,0.984,2544.86,ETH-26MAR27,0.6017,-0.90169,3.26937,0.0,0.0,0.03200000000000003,ETH,2493.15,0.0
2026-09-06T17:36:33.120547+00:00,ETH-25SEP26-4500-P,2499.73,ETH-25SEP26,put,4500.0,2026-09-25T08:00:00+00:00,0.050922975113855296,0.7945,0.8085,0.800445,0.8015,2499.73,ETH-25SEP26,0.8998,-0.9974,0.04541,6.0,0.0,0.014000000000000012,ETH,2493.15,0.0
2026-09-06T17:36:33.120547+00:00,ETH-10SEP26-2750-P,2494.52,ETH-10SEP26,put,2750.0,2026-09-10T08:00:00+00:00,0.00985521330687378,0.1005,0.1085,0.10386,0.1045,2494.52,ETH-10SEP26,0.5919,-0.94877,0.26035,0.0,0.0,0.007999999999999993,ETH,2493.15,0.0
2026-09-06T17:36:33.120547+00:00,ETH-30OCT26-3200-C,2505.18,ETH-30OCT26,call,3200.0,2026-10-30T08:00:00+00:00,0.14674775266347884,0.015,0.016,0.015681,0.0155,2505.18,ETH-30OCT26,0.5645,0.15277,2.26527,5040.0,135.0,0.0010000000000000009,ETH,2493.15,5492.7
2026-09-06T17:36:33.120547+00:00,ETH-18SEP26-2000-C,2497.1,ETH-18SEP26,call,2000.0,2026-09-18T08:00:00+00:00,0.03175801960393059,0.1975,0.2015,0.199863,0.1995,2497.1,ETH-18SEP26,0.6339,0.97828,0.23103,18.0,0.0,0.0040000000000000036,ETH,2493.15,0.0
2026-09-06T17:36:33.120547+00:00,ETH-26MAR27-800-C,2544.89,ETH-26MAR27,call,800.0,2027-03-26T08:00:00+00:00,0.5492118183718977,0.6875,0.69,0.688938,0.68875,2544.89,ETH-26MAR27,0.81,0.98702,0.63052,0.0,0.0,0.0024999999999999467,ETH,2493.19,0.0
2026-09-06T17:36:33.120547+00:00,ETH-26MAR27-4400-C,2544.86,ETH-26MAR27,call,4400.0,2027-03-26T08:00:00+00:00,0.5492118183718977,0.0265,0.0285,0.027516,0.0275,2544.86,ETH-26MAR27,0.5843,0.14737,4.34633,1063.0,0.0,0.0020000000000000018,ETH,2493.19,0.0
2026-09-06T17:36:33.120547+00:00,ETH-25DEC26-3000-P,2518.79,ETH-25DEC26,put,3000.0,2026-12-25T08:00:00+00:00,0.3000673967428765,0.2375,0.255,0.245437,0.24625,2518.79,ETH-25DEC26,0.5367999999999999,-0.67291,4.97953,781.0,0.0,0.017500000000000016,ETH,2493.19,0.0
2026-09-06T17:36:33.120547+00:00,ETH-8SEP26-2520-P,2493.86,ETH-8SEP26,put,2520.0,2026-09-08T08:00:00+00:00,0.004379511732609577,0.015,0.017,0.016145,0.016,2493.86,ETH-8SEP26,0.3735,-0.66186,0.60309,10.0,10.0,0.0020000000000000018,ETH,2493.19,307.77
2026-09-06T17:36:33.120547+00:00,ETH-25SEP26-2500-P,2499.73,ETH-25SEP26,put,2500.0,2026-09-25T08:00:00+00:00,0.050922975113855296,0.0445,0.0455,0.044637,0.045,2499.73,ETH-25SEP26,0.495,-0.47882,2.2474,4558.0,46.0,0.0010000000000000009,ETH,2493.19,5125.67
2026-09-06T17:36:33.120547+00:00,ETH-25SEP26-13000-C,2499.73,ETH-25SEP26,call,13000.0,2026-09-25T08:00:00+00:00,0.050922975113855296,,0.0001,2e-06,,2499.73,ETH-25SEP26,1.7075,2e-05,0.00053,3307.0,0.0,,ETH,2493.19,0.0
2026-09-06T17:36:33.120547+00:00,ETH-25SEP26-7200-P,2499.69,ETH-25SEP26,put,7200.0,2026-09-25T08:00:00+00:00,0.050922975113855296,1.8705,1.893,1.880475,1.88175,2499.69,ETH-25SEP26,1.1496,-0.99996,0.00093,0.0,0.0,0.022499999999999964,ETH,2493.22,0.0
2026-09-06T17:36:33.120547+00:00,ETH-25JUN27-1900-P,2573.93,ETH-25JUN27,put,1900.0,2027-06-25T08:00:00+00:00,0.798356240000919,0.0725,0.0755,0.073907,0.074,2573.93,ETH-25JUN27,0.5734,-0.19812,6.40358,3367.0,0.0,0.0030000000000000027,ETH,2493.22,0.0
2026-09-06T17:36:33.120547+00:00,ETH-27NOV26-3400-P,2512.25,ETH-27NOV26,put,3400.0,2026-11-27T08:00:00+00:00,0.22340757470317768,0.366,0.3825,0.373795,0.37425,2512.25,ETH-27NOV26,0.568,-0.83969,2.89331,0.0,0.0,0.016500000000000015,ETH,2493.22,0.0
2026-09-06T17:36:33.120547+00:00,ETH-7SEP26-2420-C,2493.59,ETH-7SEP26,call,2420.0,2026-09-07T08:00:00+00:00,0.0016416609454774761,0.026,0.033,0.029632,0.0295,2493.59,ETH-7SEP26,0.43119999999999997,0.95677,0.09254,1.0,0.0,0.007000000000000003,ETH,2493.22,0.0
2026-09-06T17:36:33.120547+00:00,ETH-25DEC26-4500-C,2518.79,ETH-25DEC26,call,4500.0,2026-12-25T08:00:00+00:00,0.3000673967428765,0.007,0.008,0.007678,0.0075,2518.79,ETH-25DEC26,0.6143,0.05981,1.63978,3051.0,0.0,0.001,ETH,2493.2,0.0
2026-09-06T17:36:33.120547+00:00,ETH-9SEP26-2660-P,2494.33,ETH-9SEP26,put,2660.0,2026-09-09T08:00:00+00:00,0.007117362519741679,0.065,0.0725,0.068199,0.06875,2494.33,ETH-9SEP26,0.5446,-0.91696,0.32168,0.0,0.0,0.007499999999999993,ETH,2493.2,0.0
2026-09-06T17:36:33.120547+00:00,ETH-30OCT26-1000-P,2505.15,ETH-30OCT26,put,1000.0,2026-10-30T08:00:00+00:00,0.14674775266347884,0.0001,0.0005,0.000238,0.0003,2505.15,ETH-30OCT26,0.8926000000000001,-0.00215,0.06498,1893.0,0.0,0.0004,ETH,2493.2,0.0
2026-09-06T17:36:33.120547+00:00,ETH-25JUN27-1400-C,2573.93,ETH-25JUN27,call,1400.0,2027-06-25T08:00:00+00:00,0.798356240000919,0.481,0.4865,0.483918,0.48375,2573.93,ETH-25JUN27,0.6232,0.91489,3.58297,50.0,0.0,0.005500000000000005,ETH,2493.2,0.0
2026-09-06T17:36:33.120547+00:00,ETH-26MAR27-2300-C,2544.86,ETH-26MAR27,call,2300.0,2027-03-26T08:00:00+00:00,0.5492118183718977,0.2045,0.2075,0.206047,0.206,2544.86,ETH-26MAR27,0.5485,0.67427,6.79536,7621.0,0.0,0.0030000000000000027,ETH,2493.2,0.0
2026-09-06T17:36:33.120547+00:00,ETH-25SEP26-6400-C,2499.73,ETH-25SEP26,call,6400.0,2026-09-25T08:00:00+00:00,0.050922975113855296,,0.0001,4e-06,,2499.73,ETH-25SEP26,1.0674,8e-05,0.00176,2860.0,0.0,,ETH,2493.2,0.0
2026-09-06T17:36:33.120547+00:00,ETH-25DEC26-3500-P,2518.75,ETH-25DEC26,put,3500.0,2026-12-25T08:00:00+00:00,0.3000673967428765,0.4065,0.425,0.415567,0.41575,2518.75,ETH-25DEC26,0.5594,-0.82138,3.60352,62.0,0.0,0.018500000000000016,ETH,2493.2,0.0
2026-09-06T17:36:33.120547+00:00,ETH-26MAR27-6000-C,2544.86,ETH-26MAR27,call,6000.0,2027-03-26T08:00:00+00:00,0.5492118183718977,0.0085,0.01,0.009253,0.00925,2544.86,ETH-26MAR27,0.6314,0.05496,2.09719,5140.0,5.0,0.0014999999999999996,ETH,2493.2,106.41
2026-09-06T17:36:33.120547+00:00,ETH-10SEP26-2460-C,2494.52,ETH-10SEP26,call,2460.0,2026-09-10T08:00:00+00:00,0.00985521330687378,0.0235,0.025,0.024022,0.02425,2494.52,ETH-10SEP26,0.4142,0.63877,0.9274,0.0,0.0,0.0015000000000000013,ETH,2493.2,0.0
2026-09-06T17:36:33.120547+00:00,ETH-11SEP26-2700-P,2494.82,ETH-11SEP26,put,2700.0,2026-09-11T08:00:00+00:00,0.01259306409400588,0.082,0.0895,0.085306,0.08575,2494.82,ETH-11SEP26,0.5481,-0.89569,0.50659,1.0,0.0,0.007499999999999993,ETH,2493.19,0.0
2026-09-06T17:36:33.120547+00:00,ETH-8SEP26-2540-C,2493.82,ETH-8SEP26,call,2540.0,2026-09-08T08:00:00+00:00,0.004379511732609577,0.0034,0.004,0.00367,0.0037,2493.82,ETH-8SEP26,0.39280000000000004,0.24223,0.51535,415.0,102.0,0.0006000000000000003,ETH,2493.19,967.74
2026-09-06T17:36:33.120547+00:00,ETH-26MAR27-3500-P,2544.86,ETH-26MAR27,put,3500.0,2027-03-26T08:00:00+00:00,0.5492118183718977,0.426,0.4515,0.436391,0.43875,2544.86,ETH-26MAR27,0.5589,-0.71308,6.42447,24.0,0.0,0.025500000000000023,ETH,2493.19,0.0
2026-09-06T17:36:33.120547+00:00,ETH-30OCT26-3400-P,2505.15,ETH-30OCT26,put,3400.0,2026-10-30T08:00:00+00:00,0.14674775266347884,0.3615,0.376,0.367798,0.36875,2505.15,ETH-30OCT26,0.5877,-0.89334,1.76511,0.0,0.0,0.014500000000000013,ETH,2493.19,0.0
2026-09-06T17:36:33.120547+00:00,ETH-25SEP26-3500-P,2499.73,ETH-25SEP26,put,3500.0,2026-09-25T08:00:00+00:00,0.050922975113855296,0.397,0.4075,0.401596,0.40225,2499.73,ETH-25SEP26,0.7219,-0.97646,0.31352,1121.0,0.0,0.010499999999999954,ETH,2493.19,0.0
2026-09-06T17:36:33.120547+00:00,ETH-25DEC26-5200-C,2518.79,ETH-25DEC26,call,5200.0,2026-12-25T08:00:00+00:00,0.3000673967428765,0.0038,0.0045,0.004134,0.00415,2518.79,ETH-25DEC26,0.6559,0.03303,1.01675,9215.0,0.0,0.0006999999999999997,ETH,2493.19,0.0
2026-09-06T17:36:33.120547+00:00,ETH-27NOV26-4400-C,2512.25,ETH-27NOV26,call,4400.0,2026-11-27T08:00:00+00:00,0.22340757470317768,0.005,0.006,0.005531,0.0055,2512.25,ETH-27NOV26,0.6525,0.04815,1.18852,110.0,0.0,0.001,ETH,2493.19,0.0
2026-09-06T17:36:33.120547+00:00,ETH-25SEP26-6500-C,2499.73,ETH-25SEP26,call,6500.0,2026-09-25T08:00:00+00:00,0.050922975113855296,,0.0001,4e-06,,2499.73,ETH-25SEP26,1.0823,8e-05,0.00171,1922.0,0.0,,ETH,2493.15,0.0
2026-09-06T17:36:33.120547+00:00,ETH-30OCT26-2250-C,2505.15,ETH-30OCT26,call,2250.0,2026-10-30T08:00:00+00:00,0.14674775266347884,0.135,0.1375,0.136293,0.13625,2505.15,ETH-30OCT26,0.5154,0.73944,3.11666,787.0,0.0,0.0025000000000000022,ETH,2493.15,0.0
2026-09-06T17:36:33.120547+00:00,ETH-8SEP26-2660-C,2493.86,ETH-8SEP26,call,2660.0,2026-09-08T08:00:00+00:00,0.004379511732609577,0.0006,0.0008,0.000687,0.0007,2493.86,ETH-8SEP26,0.57,0.04482,0.15583,101.0,81.0,0.0002000000000000001,ETH,2493.15,236.09
2026-09-06T17:36:33.120547+00:00,ETH-30OCT26-1900-P,2505.18,ETH-30OCT26,put,1900.0,2026-10-30T08:00:00+00:00,0.14674775266347884,0.0085,0.0095,0.009143,0.009,2505.18,ETH-30OCT26,0.5678,-0.08394,1.47956,1372.0,100.0,0.0009999999999999992,ETH,2493.15,2230.6
2026-09-06T17:36:33.120547+00:00,ETH-30OCT26-2900-P,2505.15,ETH-30OCT26,put,2900.0,2026-10-30T08:00:00+00:00,0.14674775266347884,0.182,0.1955,0.188456,0.18875,2505.15,ETH-30OCT26,0.5359,-0.72941,3.17697,0.0,0.0,0.013500000000000012,ETH,2493.15,0.0
2026-09-06T17:36:33.120547+00:00,ETH-11SEP26-3200-C,2494.78,ETH-11SEP26,call,3200.0,2026-09-11T08:00:00+00:00,0.01259306409400588,0.0001,0.0003,0.000188,0.0002,2494.78,ETH-11SEP26,0.8693000000000001,0.00612,0.04842,5860.0,556.0,0.00019999999999999998,ETH,2493.15,160.12
2026-09-06T17:36:33.120547+00:00,ETH-25SEP26-2750-C,2499.69,ETH-25SEP26,call,2750.0,2026-09-25T08:00:00+00:00,0.050922975113855296,0.0145,0.0155,0.015117,0.015,2499.69,ETH-25SEP26,0.5299,0.22976,1.71198,538.0,500.0,0.0009999999999999992,ETH,2493.15,19808.32
2026-09-06T17:36:33.120547+00:00,ETH-25SEP26-2450-C,2499.73,ETH-25SEP26,call,2450.0,2026-09-25T08:00:00+00:00,0.050922975113855296,0.0535,0.055,0.054604,0.05425,2499.73,ETH-25SEP26,0.4935,0.59267,2.18962,2.0,0.0,0.0015000000000000013,ETH,2493.15,0.0
2026-09-06T17:36:33.120547+00:00,ETH-8SEP26-2200-P,2493.86,ETH-8SEP26,put,2200.0,2026-09-08T08:00:00+00:00,0.004379511732609577,,0.0002,8.6e-05,,2493.86,ETH-8SEP26,0.7489,-0.00536,0.02537,293.0,116.0,,ETH,2493.15,86.09
2026-09-06T17:36:33.120547+00:00,ETH-25SEP26-8000-P,2499.69,ETH-25SEP26,put,8000.0,2026-09-25T08:00:00+00:00,0.050922975113855296,2.189,2.2145,2.200348,2.20175,2499.69,ETH-25SEP26,1.2502,-0.99997,0.00081,0.0,0.0,0.025500000000000078,ETH,2493.15,0.0
2026-09-06T17:36:33.120547+00:00,ETH-8SEP26-2900-P,2493.86,ETH-8SEP26,put,2900.0,2026-09-08T08:00:00+00:00,0.004379511732609577,0.159,0.1675,0.163101,0.16325,2493.86,ETH-8SEP26,0.7873,-0.99798,0.01057,0.0,0.0,0.008500000000000008,ETH,2493.15,0.0
2026-09-06T17:36:33.120547+00:00,ETH-25SEP26-6800-C,2499.69,ETH-25SEP26,call,6800.0,2026-09-25T08:00:00+00:00,0.050922975113855296,,0.0001,3e-06,,2499.69,ETH-25SEP26,1.1040999999999999,5e-05,0.00116,1995.0,0.0,,ETH,2493.15,0.0
2026-09-06T17:36:33.120547+00:00,ETH-25DEC26-4600-P,2518.75,ETH-25DEC26,put,4600.0,2026-12-25T08:00:00+00:00,0.3000673967428765,0.823,0.8485,0.833427,0.83575,2518.75,ETH-25DEC26,0.6219,-0.94495,1.53608,0.0,0.0,0.025500000000000078,ETH,2493.15,0.0
2026-09-06T17:36:33.120547+00:00,ETH-26MAR27-900-C,2544.86,ETH-26MAR27,call,900.0,2027-03-26T08:00:00+00:00,0.5492118183718977,0.649,0.652,0.650908,0.6505,2544.86,ETH-26MAR27,0.775,0.98195,0.83691,68.0,0.0,0.0030000000000000027,ETH,2493.15,0.0
2026-09-06T17:36:33.120547+00:00,ETH-25SEP26-3600-C,2499.73,ETH-25SEP26,call,3600.0,2026-09-25T08:00:00+00:00,0.050922975113855296,0.0009,0.0012,0.001065,0.00105,2499.73,ETH-25SEP26,0.7442,0.01837,0.25406,3530.0,500.0,0.0002999999999999999,ETH,2493.15,1378.93
2026-09-06T17:36:33.120547+00:00,ETH-7SEP26-2700-P,2493.59,ETH-7SEP26,put,2700.0,2026-09-07T08:00:00+00:00,0.0016416609454774761,0.08,0.087,0.083003,0.0835,2493.59,ETH-7SEP26,0.6714,-0.99826,0.00563,0.0,0.0,0.006999999999999992,ETH,2493.15,0.0
2026-09-06T17:36:33.120547+00:00,ETH-25SEP26-4600-P,2499.69,ETH-25SEP26,put,4600.0,2026-09-25T08:00:00+00:00,0.050922975113855296,0.834,0.8485,0.840453,0.84125,2499.69,ETH-25SEP26,0.93,-0.99745,0.04451,38.0,0.0,0.014500000000000068,ETH,2493.15,0.0
2026-09-06T17:36:33.120547+00:00,ETH-18SEP26-2100-P,2496.96,ETH-18SEP26,put,2100.0,2026-09-18T08:00:00+00:00,0.03175801960393059,0.0015,0.002,0.001709,0.00175,2496.96,ETH-18SEP26,0.5710999999999999,-0.04007,0.38406,1480.0,24.0,0.0005,ETH,2493.15,94.87
2026-09-06T17:36:33.120547+00:00,ETH-27NOV26-1800-C,2512.25,ETH-27NOV26,call,1800.0,2026-11-27T08:00:00+00:00,0.22340757470317768,0.2935,0.2975,0.296236,0.2955,2512.25,ETH-27NOV26,0.5841,0.91062,1.91877,0.0,0.0,0.0040000000000000036,ETH,2493.15,0.0
2026-09-06T17:36:33.120547+00:00,ETH-26MAR27-900-P,2544.89,ETH-26MAR27,put,900.0,2027-03-26T08:00:00+00:00,0.5492118183718977,0.0042,0.0055,0.004622,0.00485,2544.89,ETH-26MAR27,0.775,-0.01805,0.83689,828.0,0.0,0.0013,ETH,2493.23,0.0
2026-09-06T17:36:33.120547+00:00,ETH-10SEP26-2680-P,2494.52,ETH-10SEP26,put,2680.0,2026-09-10T08:00:00+00:00,0.00985521330687378,0.0735,0.08,0.076793,0.07675,2494.52,ETH-10SEP26,0.5351,-0.90783,0.40924,0.0,0.0,0.006500000000000006,ETH,2493.15,0.0
2026-09-06T17:36:33.120547+00:00,ETH-10SEP26-2800-C,2494.52,ETH-10SEP26,call,2800.0,2026-09-10T08:00:00+00:00,0.00985521330687378,0.0007,0.0009,0.000834,0.0008,2494.52,ETH-10SEP26,0.6301,0.03444,0.18882,1.0,1.0,0.00019999999999999998,ETH,2493.15,1.75
2026-09-06T17:36:33.120547+00:00,ETH-25JUN27-2600-P,2573.93,ETH-25JUN27,put,2600.0,2027-06-25T08:00:00+00:00,0.798356240000919,0.2005,0.204,0.202289,0.20225,2573.93,ETH-25JUN27,0.5558,-0.40987,8.94186,75.0,0.0,0.0034999999999999754,ETH,2493.23,0.0
2026-09-06T17:36:33.120547+00:00,ETH-18SEP26-2500-P,2496.96,ETH-18SEP26,put,2500.0,2026-09-18T08:00:00+00:00,0.03175801960393059,0.035,0.036,0.035396,0.0355,2496.96,ETH-18SEP26,0.4879,-0.48893,1.77468,1876.0,23.0,0.000999999999999994,ETH,2493.23,2342.14
2026-09-06T17:36:33.120547+00:00,ETH-11SEP26-2520-P,2494.82,ETH-11SEP26,put,2520.0,2026-09-11T08:00:00+00:00,0.01259306409400588,0.025,0.026,0.025396,0.0255,2494.82,ETH-11SEP26,0.4425,-0.57174,1.0987,0.0,0.0,0.0009999999999999974,ETH,2493.25,0.0
2026-09-06T17:36:33.120547+00:00,ETH-25SEP26-15000-P,2499.73,ETH-25SEP26,put,15000.0,2026-09-25T08:00:00+00:00,0.050922975113855296,4.978,5.0365,5.000986,5.00725,2499.73,ETH-25SEP26,1.8378999999999999,-0.99998,0.00048,0.0,0.0,0.05850000000000044,ETH,2493.25,0.0
2026-09-06T17:36:33.120547+00:00,ETH-30OCT26-3100-P,2505.15,ETH-30OCT26,put,3100.0,2026-10-30T08:00:00+00:00,0.14674775266347884,0.2505,0.265,0.257096,0.25775,2505.15,ETH-30OCT26,0.5552,-0.81482,2.5636,0.0,0.0,0.014500000000000013,ETH,2493.25,0.0
2026-09-06T17:36:33.120547+00:00,ETH-7SEP26-2340-C,2493.59,ETH-7SEP26,call,2340.0,2026-09-07T08:00:00+00:00,0.0016416609454774761,0.058,0.0645,0.061428,0.06125,2493.59,ETH-7SEP26,0.5656,0.99731,0.00837,0.0,0.0,0.006499999999999999,ETH,2493.25,0.0
2026-09-06T17:36:33.120547+00:00,ETH-25SEP26-12000-P,2499.73,ETH-25SEP26,put,12000.0,2026-09-25T08:00:00+00:00,0.050922975113855296,3.7825,3.819,3.800789,3.80075,2499.73,ETH-25SEP26,1.6338,-0.99998,0.00057,0.0,0.0,0.036499999999999755,ETH,2493.25,0.0
2026-09-06T17:36:33.120547+00:00,ETH-8SEP26-2750-P,2493.86,ETH-8SEP26,put,2750.0,2026-09-08T08:00:00+00:00,0.004379511732609577,0.1,0.107,0.103165,0.1035,2493.86,ETH-8SEP26,0.6825,-0.98415,0.0655,0.0,0.0,0.006999999999999992,ETH,2493.27,0.0
2026-09-06T17:36:33.120547+00:00,ETH-30OCT26-2300-P,2505.15,ETH-30OCT26,put,2300.0,2026-10-30T08:00:00+00:00,0.14674775266347884,0.0405,0.0415,0.041094,0.041,2505.15,ETH-30OCT26,0.5128,-0.29727,3.32342,8042.0,0.0,0.0010000000000000009,ETH,2493.27,0.0
2026-09-06T17:36:33.120547+00:00,ETH-30OCT26-3600-P,2505.15,ETH-30OCT26,put,3600.0,2026-10-30T08:00:00+00:00,0.14674775266347884,0.438,0.45,0.444356,0.444,2505.15,ETH-30OCT26,0.6098,-0.9245,1.36557,17.0,0.0,0.01200000000000001,ETH,2493.27,0.0
2026-09-06T17:36:33.120547+00:00,ETH-7SEP26-2420-P,2493.59,ETH-7SEP26,put,2420.0,2026-09-07T08:00:00+00:00,0.0016416609454774761,0.0002,0.0005,0.000305,0.00035,2493.59,ETH-7SEP26,0.43119999999999997,-0.04314,0.09239,382.0,528.0,0.00030000000000000003,ETH,2493.27,1013.06
2026-09-06T17:36:33.120547+00:00,ETH-10SEP26-2200-C,2494.48,ETH-10SEP26,call,2200.0,2026-09-10T08:00:00+00:00,0.00985521330687378,0.1155,0.12,0.118397,0.11775,2494.48,ETH-10SEP26,0.6311,0.97898,0.12505,0.0,0.0,0.00449999999999999,ETH,2493.27,0.0
2026-09-06T17:36:33.120547+00:00,ETH-27NOV26-2100-P,2512.25,ETH-27NOV26,put,2100.0,2026-11-27T08:00:00+00:00,0.22340757470317768,0.0325,0.0335,0.033087,0.033,2512.25,ETH-27NOV26,0.5397,-0.20342,3.3589,519.0,30.0,0.0010000000000000009,ETH,2493.27,2539.38
2026-09-06T17:36:33.120547+00:00,ETH-25DEC26-3000-C,2518.79,ETH-25DEC26,call,3000.0,2026-12-25T08:00:00+00:00,0.3000673967428765,0.0535,0.055,0.054323,0.05425,2518.79,ETH-25DEC26,0.5367999999999999,0.32715,4.98012,10282.0,2.0,0.0015000000000000013,ETH,2493.28,272.3
2026-09-06T17:36:33.120547+00:00,ETH-25DEC26-4200-P,2518.75,ETH-25DEC26,put,4200.0,2026-12-25T08:00:00+00:00,0.3000673967428765,0.668,0.691,0.678192,0.6795,2518.75,ETH-25DEC26,0.5974,-0.91909,2.06916,61.0,0.0,0.02299999999999991,ETH,2493.28,0.0
2026-09-06T17:36:33.120547+00:00,ETH-10SEP26-2300-C,2494.52,ETH-10SEP26,call,2300.0,2026-09-10T08:00:00+00:00,0.00985521330687378,0.076,0.081,0.078877,0.0785,2494.52,ETH-10SEP26,0.5044,0.94978,0.25625,0.0,0.0,0.0050000000000000044,ETH,2493.27,0.0
2026-09-06T17:36:33.120547+00:00,ETH-9SEP26-2380-P,2494.33,ETH-9SEP26,put,2380.0,2026-09-09T08:00:00+00:00,0.007117362519741679,0.0017,0.002,0.001807,0.00185,2494.33,ETH-9SEP26,0.4414,-0.10148,0.37321,55.0,55.0,0.00030000000000000014,ETH,2493.28,244.09
2026-09-06T17:36:33.120547+00:00,ETH-9SEP26-2200-C,2494.37,ETH-9SEP26,call,2200.0,2026-09-09T08:00:00+00:00,0.007117362519741679,0.1165,0.1195,0.118294,0.118,2494.37,ETH-9SEP26,0.6987000000000001,0.98449,0.08199,0.0,0.0,0.002999999999999989,ETH,2493.28,0.0
2026-09-06T17:36:33.120547+00:00,ETH-26MAR27-2100-C,2544.89,ETH-26MAR27,call,2100.0,2027-03-26T08:00:00+00:00,0.5492118183718977,0.25,0.253,0.251702,0.2515,2544.89,ETH-26MAR27,0.555,0.74934,6.00282,897.0,0.0,0.0030000000000000027,ETH,2493.28,0.0
2026-09-06T17:36:33.120547+00:00,ETH-26MAR27-1300-C,2544.86,ETH-26MAR27,call,1300.0,2027-03-26T08:00:00+00:00,0.5492118183718977,0.5,0.5035,0.502257,0.50175,2544.86,ETH-26MAR27,0.6579999999999999,0.94745,2.02405,18.0,0.0,0.0034999999999999476,ETH,2493.28,0.0
2026-09-06T17:36:33.120547+00:00,ETH-25DEC26-2200-P,2518.79,ETH-25DEC26,put,2200.0,2026-12-25T08:00:00+00:00,0.3000673967428765,0.0565,0.058,0.057007,0.05725,2518.79,ETH-25DEC26,0.5338,-0.2715,4.57548,8898.0,0.0,0.0015000000000000013,ETH,2493.28,0.0
2026-09-06T17:36:33.120547+00:00,ETH-7SEP26-2300-P,2493.44,ETH-7SEP26,put,2300.0,2026-09-07T08:00:00+00:00,0.0016416609454774761,,0.0001,8e-06,,2493.44,ETH-7SEP26,0.6515000000000001,-0.00106,0.00357,2089.0,5.0,,ETH,2493.28,1.26
2026-09-06T17:36:33.120547+00:00,ETH-9SEP26-2320-C,2494.33,ETH-9SEP26,call,2320.0,2026-09-09T08:00:00+00:00,0.007117362519741679,0.0675,0.0725,0.070637,0.07,2494.33,ETH-9SEP26,0.5091,0.95571,0.19689,0.0,0.0,0.0049999999999999906,ETH,2493.28,0.0
2026-09-06T17:36:33.120547+00:00,ETH-27NOV26-2900-P,2512.25,ETH-27NOV26,put,2900.0,2026-11-27T08:00:00+00:00,0.22340757470317768,0.2005,0.206,0.202784,0.20325,2512.25,ETH-27NOV26,0.536,-0.67012,4.30049,0.0,0.0,0.005499999999999977,ETH,2493.28,0.0
2026-09-06T17:36:33.120547+00:00,ETH-25SEP26-1500-C,2499.73,ETH-25SEP26,call,1500.0,2026-09-25T08:00:00+00:00,0.050922975113855296,0.398,0.4015,0.400215,0.39975,2499.73,ETH-25SEP26,0.9042,0.99538,0.07597,969.0,0.0,0.003500000000000003,ETH,2493.28,0.0
2026-09-06T17:36:33.120547+00:00,ETH-30OCT26-2200-P,2505.15,ETH-30OCT26,put,2200.0,2026-10-30T08:00:00+00:00,0.14674775266347884,0.0285,0.0295,0.028783,0.029,2505.15,ETH-30OCT26,0.5194,-0.22622,2.88749,820.0,0.0,0.0009999999999999974,ETH,2493.28,0.0
2026-09-06T17:36:33.120547+00:00,ETH-27NOV26-2200-C,2512.25,ETH-27NOV26,call,2200.0,2026-11-27T08:00:00+00:00,0.22340757470317768,0.1675,0.1695,0.168449,0.1685,2512.25,ETH-27NOV26,0.5311,0.7433,3.82696,0.0,0.0,0.0020000000000000018,ETH,2493.28,0.0
2026-09-06T17:36:33.120547+00:00,ETH-10SEP26-2340-C,2494.52,ETH-10SEP26,call,2340.0,2026-09-10T08:00:00+00:00,0.00985521330687378,0.0605,0.065,0.063415,0.06275,2494.52,ETH-10SEP26,0.4608,0.92174,0.36201,0.0,0.0,0.004500000000000004,ETH,2493.28,0.0
2026-09-06T17:36:33.120547+00:00,ETH-8SEP26-2660-P,2493.86,ETH-8SEP26,put,2660.0,2026-09-08T08:00:00+00:00,0.004379511732609577,0.0635,0.0715,0.067503,0.0675,2493.86,ETH-8SEP26,0.57,-0.95511,0.15604,0.0,0.0,0.007999999999999993,ETH,2493.27,0.0
2026-09-06T17:36:33.120547+00:00,ETH-25SEP26-2650-C,2499.73,ETH-25SEP26,call,2650.0,2026-09-25T08:00:00+00:00,0.050922975113855296,0.023,0.024,0.023336,0.0235,2499.73,ETH-25SEP26,0.5123,0.32702,2.03567,299.0,19.0,0.0010000000000000009,ETH,2493.27,1141.81
2026-09-06T17:36:33.120547+00:00,ETH-11SEP26-3200-P,2494.78,ETH-11SEP26,put,3200.0,2026-09-11T08:00:00+00:00,0.01259306409400588,0.2785,0.2875,0.282918,0.283,2494.78,ETH-11SEP26,0.8693000000000001,-0.99388,0.04846,0.0,0.0,0.008999999999999952,ETH,2493.27,0.0
2026-09-06T17:36:33.120547+00:00,ETH-25DEC26-2100-C,2518.79,ETH-25DEC26,call,2100.0,2026-12-25T08:00:00+00:00,0.3000673967428765,0.207,0.213,0.210555,0.21,2518.79,ETH-25DEC26,0.5405,0.77684,4.1195,1480.0,0.0,0.006000000000000005,ETH,2493.27,0.0
2026-09-06T17:36:33.120547+00:00,ETH-30OCT26-2500-P,2505.18,ETH-30OCT26,put,2500.0,2026-10-30T08:00:00+00:00,0.14674775266347884,0.0765,0.0775,0.076995,0.077,2505.18,ETH-30OCT26,0.5115,-0.45709,3.80701,501.0,2.0,0.0010000000000000009,ETH,2493.23,391.91
2026-09-06T17:36:33.120547+00:00,ETH-10SEP26-2700-C,2494.48,ETH-10SEP26,call,2700.0,2026-09-10T08:00:00+00:00,0.00985521330687378,0.0017,0.0021,0.0019,0.0019,2494.48,ETH-10SEP26,0.5534,0.07835,0.36233,10.0,10.0,0.00039999999999999996,ETH,2493.27,39.6
2026-09-06T17:36:33.120547+00:00,ETH-11SEP26-2470-C,2494.82,ETH-11SEP26,call,2470.0,2026-09-11T08:00:00+00:00,0.01259306409400588,0.024,0.025,0.024442,0.0245,2494.82,ETH-11SEP26,0.4285,0.59044,1.088,118.0,0.0,0.0010000000000000009,ETH,2493.23,0.0
2026-09-06T17:36:33.120547+00:00,ETH-27NOV26-1800-P,2512.25,ETH-27NOV26,put,1800.0,2026-11-27T08:00:00+00:00,0.22340757470317768,0.0125,0.013,0.012857,0.01275,2512.25,ETH-27NOV26,0.5841,-0.08937,1.91859,403.0,168.0,0.0004999999999999987,ETH,2493.23,5416.31
2026-09-06T17:36:33.120547+00:00,ETH-18SEP26-2550-P,2496.96,ETH-18SEP26,put,2550.0,2026-09-18T08:00:00+00:00,0.03175801960393059,0.0465,0.048,0.047264,0.04725,2496.96,ETH-18SEP26,0.49479999999999996,-0.57742,1.74191,698.0,21.0,0.0015000000000000013,ETH,2493.23,2463.11
2026-09-06T17:36:33.120547+00:00,ETH-7SEP26-2540-C,2493.59,ETH-7SEP26,call,2540.0,2026-09-07T08:00:00+00:00,0.0016416609454774761,0.001,0.0013,0.00125,0.00115,2493.59,ETH-7SEP26,0.425,0.14097,0.22552,2123.0,1574.0,0.0002999999999999999,ETH,2493.23,7221.85
2026-09-06T17:36:33.120547+00:00,ETH-7SEP26-2280-P,2493.59,ETH-7SEP26,put,2280.0,2026-09-07T08:00:00+00:00,0.0016416609454774761,,0.0001,2e-06,,2493.59,ETH-7SEP26,0.6515000000000001,-0.00033,0.00123,167.0,0.0,,ETH,2493.23,0.0
2026-09-06T17:36:33.120547+00:00,ETH-11SEP26-2650-P,2494.78,ETH-11SEP26,put,2650.0,2026-09-11T08:00:00+00:00,0.01259306409400588,0.0635,0.0705,0.066779,0.067,2494.78,ETH-11SEP26,0.5138,-0.84642,0.66302,125.0,20.0,0.006999999999999992,ETH,2493.23,3270.52
2026-09-06T17:36:33.120547+00:00,ETH-7SEP26-2440-P,2493.59,ETH-7SEP26,put,2440.0,2026-09-07T08:00:00+00:00,0.0016416609454774761,0.0006,0.0009,0.000644,0.00075,2493.59,ETH-7SEP26,0.3958,-0.08846,0.16168,972.0,615.0,0.00030000000000000003,ETH,2493.22,1316.33
2026-09-06T17:36:33.120547+00:00,ETH-26MAR27-4800-C,2544.86,ETH-26MAR27,call,4800.0,2027-03-26T08:00:00+00:00,0.5492118183718977,0.019,0.021,0.020087,0.02,2544.86,ETH-26MAR27,0.5954,0.11176,3.58749,2953.0,0.0,0.0020000000000000018,ETH,2493.23,0.0
2026-09-06T17:36:33.120547+00:00,ETH-18SEP26-2250-P,2497.1,ETH-18SEP26,put,2250.0,2026-09-18T08:00:00+00:00,0.03175801960393059,0.005,0.006,0.005342,0.0055,2497.1,ETH-18SEP26,0.5077,-0.11622,0.87029,149.0,31.0,0.001,ETH,2493.22,410.72
2026-09-06T17:36:33.120547+00:00,ETH-25SEP26-3100-C,2499.73,ETH-25SEP26,call,3100.0,2026-09-25T08:00:00+00:00,0.050922975113855296,0.0038,0.0042,0.004072,0.004,2499.73,ETH-25SEP26,0.6164999999999999,0.06965,0.75454,14955.0,83.0,0.00039999999999999975,ETH,2493.23,872.65
2026-09-06T17:36:33.120547+00:00,ETH-11SEP26-2100-P,2494.82,ETH-11SEP26,put,2100.0,2026-09-11T08:00:00+00:00,0.01259306409400588,0.0003,0.0005,0.00039,0.0004,2494.82,ETH-11SEP26,0.7079000000000001,-0.01369,0.09798,2960.0,0.0,0.00020000000000000004,ETH,2493.22,0.0
2026-09-06T17:36:33.120547+00:00,ETH-30OCT26-2850-C,2505.18,ETH-30OCT26,call,2850.0,2026-10-30T08:00:00+00:00,0.14674775266347884,0.034,0.035,0.034626,0.0345,2505.18,ETH-30OCT26,0.5318,0.29739,3.32394,1149.0,0.0,0.0010000000000000009,ETH,2493.23,0.0
2026-09-06T17:36:33.120547+00:00,ETH-25SEP26-1600-P,2499.73,ETH-25SEP26,put,1600.0,2026-09-25T08:00:00+00:00,0.050922975113855296,0.0003,0.0006,0.000425,0.00045,2499.73,ETH-25SEP26,0.8287,-0.00662,0.10458,11734.0,0.0,0.0003,ETH,2493.23,0.0
2026-09-06T17:36:33.120547+00:00,ETH-25DEC26-3300-C,2518.75,ETH-25DEC26,call,3300.0,2026-12-25T08:00:00+00:00,0.3000673967428765,0.034,0.035,0.034573,0.0345,2518.75,ETH-25DEC26,0.5497,0.22759,4.16557,2940.0,0.0,0.0010000000000000009,ETH,2493.25,0.0
2026-09-06T17:36:33.120547+00:00,ETH-10SEP26-2400-P,2494.52,ETH-10SEP26,put,2400.0,2026-09-10T08:00:00+00:00,0.00985521330687378,0.0039,0.0044,0.004103,0.00415,2494.52,ETH-10SEP26,0.4261,-0.17622,0.64106,0.0,0.0,0.0005000000000000004,ETH,2493.23,0.0
2026-09-06T17:36:33.120547+00:00,ETH-9SEP26-2680-C,2494.33,ETH-9SEP26,call,2680.0,2026-09-09T08:00:00+00:00,0.007117362519741679,0.0012,0.0015,0.001433,0.00135,2494.33,ETH-9SEP26,0.5657,0.06815,0.2767,362.0,362.0,0.00030000000000000014,ETH,2493.25,1223.35
2026-09-06T17:36:33.120547+00:00,ETH-30OCT26-2150-P,2505.18,ETH-30OCT26,put,2150.0,2026-10-30T08:00:00+00:00,0.14674775266347884,0.0235,0.0245,0.023879,0.024,2505.18,ETH-30OCT26,0.5241,-0.1947,2.64383,1099.0,1.0,0.0010000000000000009,ETH,2493.25,57.44
2026-09-06T17:36:33.120547+00:00,ETH-27NOV26-2500-C,2512.25,ETH-27NOV26,call,2500.0,2026-11-27T08:00:00+00:00,0.22340757470317768,0.0995,0.101,0.100381,0.10025,2512.25,ETH-27NOV26,0.5222,0.55671,4.69007,420.0,0.0,0.0015000000000000013,ETH,2493.25,0.0
2026-09-06T17:36:33.120547+00:00,ETH-10SEP26-2300-P,2494.52,ETH-10SEP26,put,2300.0,2026-09-10T08:00:00+00:00,0.00985521330687378,0.001,0.0012,0.001072,0.0011,2494.52,ETH-10SEP26,0.5044,-0.05025,0.25638,34.0,34.0,0.00019999999999999987,ETH,2493.25,125.73
2026-09-06T17:36:33.120547+00:00,ETH-25DEC26-1200-C,2518.75,ETH-25DEC26,call,1200.0,2026-12-25T08:00:00+00:00,0.3000673967428765,0.5245,0.528,0.526907,0.52625,2518.75,ETH-25DEC26,0.7286,0.98012,0.66467,341.0,0.0,0.0035000000000000586,ETH,2493.29,0.0
2026-09-06T17:36:33.120547+00:00,ETH-8SEP26-2320-P,2493.86,ETH-8SEP26,put,2320.0,2026-09-08T08:00:00+00:00,0.004379511732609577,0.0002,0.0005,0.000306,0.00035,2493.86,ETH-8SEP26,0.5478000000000001,-0.02241,0.08792,97.0,73.0,0.00030000000000000003,ETH,2493.25,104.74
2026-09-06T17:36:33.120547+00:00,ETH-27NOV26-2450-P,2512.25,ETH-27NOV26,put,2450.0,2026-11-27T08:00:00+00:00,0.22340757470317768,0.0845,0.086,0.085474,0.08525,2512.25,ETH-27NOV26,0.5235,-0.41117,4.62012,354.0,0.0,0.0014999999999999875,ETH,2493.29,0.0
2026-09-06T17:36:33.120547+00:00,ETH-7SEP26-2220-P,2493.44,ETH-7SEP26,put,2220.0,2026-09-07T08:00:00+00:00,0.0016416609454774761,,0.0001,0.0,,2493.44,ETH-7SEP26,0.6516,-1e-05,2e-05,20.0,0.0,,ETH,2493.29,0.0
2026-09-06T17:36:33.120547+00:00,ETH-25DEC26-3500-C,2518.75,ETH-25DEC26,call,3500.0,2026-12-25T08:00:00+00:00,0.3000673967428765,0.025,0.0265,0.025933,0.02575,2518.75,ETH-25DEC26,0.5594,0.17862,3.60353,29314.0,0.0,0.0014999999999999979,ETH,2493.23,0.0
2026-09-06T17:36:33.120547+00:00,ETH-9SEP26-2360-C,2494.33,ETH-9SEP26,call,2360.0,2026-09-09T08:00:00+00:00,0.007117362519741679,0.052,0.057,0.055138,0.0545,2494.33,ETH-9SEP26,0.4611,0.92481,0.29837,0.0,0.0,0.0050000000000000044,ETH,2493.23,0.0
2026-09-06T17:36:33.120547+00:00,ETH-9SEP26-2640-P,2494.33,ETH-9SEP26,put,2640.0,2026-09-09T08:00:00+00:00,0.007117362519741679,0.057,0.064,0.060543,0.0605,2494.33,ETH-9SEP26,0.5215,-0.89898,0.37196,0.0,0.0,0.006999999999999999,ETH,2493.23,0.0
2026-09-06T17:36:33.120547+00:00,ETH-8SEP26-2100-C,2493.86,ETH-8SEP26,call,2100.0,2026-09-08T08:00:00+00:00,0.004379511732609577,0.1565,0.159,0.157808,0.15775,2493.86,ETH-8SEP26,0.9014,0.99819,0.00953,1.0,0.0,0.0025000000000000022,ETH,2493.29,0.0
2026-09-06T17:36:33.120547+00:00,ETH-26MAR27-2500-P,2544.86,ETH-26MAR27,put,2500.0,2027-03-26T08:00:00+00:00,0.5492118183718977,0.149,0.152,0.150412,0.1505,2544.86,ETH-26MAR27,0.546,-0.40284,7.30113,589.0,0.0,0.0030000000000000027,ETH,2493.23,0.0
2026-09-06T17:36:33.120547+00:00,ETH-25DEC26-1200-P,2518.75,ETH-25DEC26,put,1200.0,2026-12-25T08:00:00+00:00,0.3000673967428765,0.0031,0.0035,0.003353,0.0033,2518.75,ETH-25DEC26,0.7286,-0.01988,0.66474,6766.0,0.0,0.0004000000000000002,ETH,2493.23,0.0
2026-09-06T17:36:33.120547+00:00,ETH-25SEP26-4400-C,2499.73,ETH-25SEP26,call,4400.0,2026-09-25T08:00:00+00:00,0.050922975113855296,0.0001,0.0003,0.000183,0.0002,2499.73,ETH-25SEP26,0.8861,0.00318,0.05447,4349.0,0.0,0.00019999999999999998,ETH,2493.23,0.0
2026-09-06T17:36:33.120547+00:00,ETH-30OCT26-4000-C,2505.15,ETH-30OCT26,call,4000.0,2026-10-30T08:00:00+00:00,0.14674775266347884,0.0036,0.0041,0.00393,0.00385,2505.15,ETH-30OCT26,0.6583,0.04181,0.85726,778.0,0.0,0.0005000000000000004,ETH,2493.23,0.0
2026-09-06T17:36:33.120547+00:00,ETH-25JUN27-5500-C,2573.93,ETH-25JUN27,call,5500.0,2027-06-25T08:00:00+00:00,0.798356240000919,0.026,0.028,0.027091,0.027,2573.93,ETH-25JUN27,0.6002000000000001,0.12561,4.75143,644.0,0.0,0.0020000000000000018,ETH,2493.23,0.0
2026-09-06T17:36:33.120547+00:00,ETH-25JUN27-4600-C,2573.93,ETH-25JUN27,call,4600.0,2027-06-25T08:00:00+00:00,0.798356240000919,0.044,0.0465,0.04539,0.04525,2573.93,ETH-25JUN27,0.5828,0.19643,6.37051,54.0,0.0,0.0025000000000000022,ETH,2493.23,0.0
2026-09-06T17:36:33.120547+00:00,ETH-18SEP26-2550-C,2496.96,ETH-18SEP26,call,2550.0,2026-09-18T08:00:00+00:00,0.03175801960393059,0.0255,0.0265,0.025875,0.026,2496.96,ETH-18SEP26,0.49479999999999996,0.4226,1.74194,2391.0,664.0,0.0010000000000000009,ETH,2493.23,41567.74
2026-09-06T17:36:33.120547+00:00,ETH-11SEP26-2300-P,2494.82,ETH-11SEP26,put,2300.0,2026-09-11T08:00:00+00:00,0.01259306409400588,0.0015,0.0019,0.001645,0.0017,2494.82,ETH-11SEP26,0.4911,-0.06688,0.36287,3813.0,333.0,0.00039999999999999996,ETH,2493.23,1481.46
2026-09-06T17:36:33.120547+00:00,ETH-30OCT26-2400-C,2505.18,ETH-30OCT26,call,2400.0,2026-10-30T08:00:00+00:00,0.14674775266347884,0.098,0.1,0.099049,0.099,2505.18,ETH-30OCT26,0.5104,0.62411,3.64235,2534.0,1.0,0.0020000000000000018,ETH,2493.23,249.88
2026-09-06T17:36:33.120547+00:00,ETH-8SEP26-2360-P,2493.82,ETH-8SEP26,put,2360.0,2026-09-08T08:00:00+00:00,0.004379511732609577,0.0004,0.0007,0.00055,0.00055,2493.82,ETH-8SEP26,0.48460000000000003,-0.04166,0.14692,211.0,245.0,0.0003,ETH,2493.23,510.36
2026-09-06T17:36:33.120547+00:00,ETH-26MAR27-1300-P,2544.86,ETH-26MAR27,put,1300.0,2027-03-26T08:00:00+00:00,0.5492118183718977,0.0125,0.014,0.013177,0.01325,2544.86,ETH-26MAR27,0.6579999999999999,-0.05255,2.02416,1574.0,0.0,0.0014999999999999996,ETH,2493.23,0.0
2026-09-06T17:36:33.120547+00:00,ETH-27NOV26-2350-C,2512.25,ETH-27NOV26,call,2350.0,2026-11-27T08:00:00+00:00,0.22340757470317768,0.1295,0.132,0.131133,0.13075,2512.25,ETH-27NOV26,0.5246,0.65271,4.38662,50.0,0.0,0.0025000000000000022,ETH,2493.23,0.0
2026-09-06T17:36:33.120547+00:00,ETH-25JUN27-4500-P,2573.96,ETH-25JUN27,put,4500.0,2027-06-25T08:00:00+00:00,0.798356240000919,0.7805,0.8165,0.796711,0.7985,2573.96,ETH-25JUN27,0.581,-0.79287,6.57621,1.0,0.0,0.03600000000000003,ETH,2493.21,0.0
2026-09-06T17:36:33.120547+00:00,ETH-30OCT26-2100-C,2505.18,ETH-30OCT26,call,2100.0,2026-10-30T08:00:00+00:00,0.14674775266347884,0.179,0.183,0.181475,0.181,2505.18,ETH-30OCT26,0.5307,0.83352,2.39636,1550.0,0.0,0.0040000000000000036,ETH,2493.21,0.0
2026-09-06T17:36:33.120547+00:00,ETH-25DEC26-2700-C,2518.75,ETH-25DEC26,call,2700.0,2026-12-25T08:00:00+00:00,0.3000673967428765,0.0855,0.087,0.086683,0.08625,2518.75,ETH-25DEC26,0.5286,0.46191,5.48011,6995.0,8.0,0.0014999999999999875,ETH,2493.21,1700.14
2026-09-06T17:36:33.120547+00:00,ETH-30OCT26-2000-P,2505.15,ETH-30OCT26,put,2000.0,2026-10-30T08:00:00+00:00,0.14674775266347884,0.013,0.014,0.013407,0.0135,2505.15,ETH-30OCT26,0.5461,-0.11905,1.9092,1064.0,10.0,0.0010000000000000009,ETH,2493.21,325.19
2026-09-06T17:36:33.120547+00:00,ETH-7SEP26-2520-C,2493.59,ETH-7SEP26,call,2520.0,2026-09-07T08:00:00+00:00,0.0016416609454774761,0.002,0.0025,0.002356,0.00225,2493.59,ETH-7SEP26,0.3882,0.24957,0.32018,1052.0,562.0,0.0005,ETH,2493.21,6258.03
2026-09-06T17:36:33.120547+00:00,ETH-25JUN27-1800-C,2573.96,ETH-25JUN27,call,1800.0,2027-06-25T08:00:00+00:00,0.798356240000919,0.3515,0.3645,0.362439,0.358,2573.96,ETH-25JUN27,0.5798,0.82871,5.84943,1618.0,0.0,0.013000000000000012,ETH,2493.18,0.0
2026-09-06T17:36:33.120547+00:00,ETH-30OCT26-3000-C,2505.15,ETH-30OCT26,call,3000.0,2026-10-30T08:00:00+00:00,0.14674775266347884,0.024,0.025,0.024447,0.0245,2505.15,ETH-30OCT26,0.5449,0.22371,2.8691,1984.0,53.0,0.0010000000000000009,ETH,2493.18,3240.33
2026-09-06T17:36:33.120547+00:00,ETH-25SEP26-2000-C,2499.69,ETH-25SEP26,call,2000.0,2026-09-25T08:00:00+00:00,0.050922975113855296,0.1995,0.2035,0.202224,0.2015,2499.69,ETH-25SEP26,0.5920000000000001,0.95855,0.50036,29090.0,23.0,0.003999999999999976,ETH,2493.18,11433.85
2026-09-06T17:36:33.120547+00:00,ETH-25SEP26-2250-C,2499.73,ETH-25SEP26,call,2250.0,2026-09-25T08:00:00+00:00,0.050922975113855296,0.1095,0.1115,0.110532,0.1105,2499.73,ETH-25SEP26,0.5099,0.834,1.40588,360.0,0.0,0.0020000000000000018,ETH,2493.18,0.0
2026-09-06T17:36:33.120547+00:00,ETH-25DEC26-4500-P,2518.75,ETH-25DEC26,put,4500.0,2026-12-25T08:00:00+00:00,0.3000673967428765,0.7825,0.809,0.79435,0.79575,2518.75,ETH-25DEC26,0.6143,-0.94022,1.63919,2.0,0.0,0.02650000000000008,ETH,2493.18,0.0
2026-09-06T17:36:33.120547+00:00,ETH-8SEP26-2540-P,2493.82,ETH-8SEP26,put,2540.0,2026-09-08T08:00:00+00:00,0.004379511732609577,0.021,0.0235,0.022359,0.02225,2493.82,ETH-8SEP26,0.39280000000000004,-0.75777,0.51535,4.0,3.0,0.0024999999999999988,ETH,2493.18,153.69
2026-09-06T17:36:33.120547+00:00,ETH-30OCT26-2600-P,2505.18,ETH-30OCT26,put,2600.0,2026-10-30T08:00:00+00:00,0.14674775266347884,0.1,0.101,0.1005,0.1005,2505.18,ETH-30OCT26,0.5153,-0.53602,3.81342,1240.0,0.0,0.0010000000000000009,ETH,2493.18,0.0
2026-09-06T17:36:33.120547+00:00,ETH-25DEC26-2900-P,2518.75,ETH-25DEC26,put,2900.0,2026-12-25T08:00:00+00:00,0.3000673967428765,0.2125,0.218,0.214825,0.21525,2518.75,ETH-25DEC26,0.5334,-0.63183,5.20179,880.0,54.0,0.005500000000000005,ETH,2493.18,29375.99
2026-09-06T17:36:33.120547+00:00,ETH-25JUN27-2000-C,2573.96,ETH-25JUN27,call,2000.0,2027-06-25T08:00:00+00:00,0.798356240000919,0.302,0.313,0.310394,0.3075,2573.96,ETH-25JUN27,0.5678,0.77357,6.9238,1759.0,0.0,0.01100000000000001,ETH,2493.18,0.0
2026-09-06T17:36:33.120547+00:00,ETH-8SEP26-2700-P,2493.86,ETH-8SEP26,put,2700.0,2026-09-08T08:00:00+00:00,0.004379511732609577,0.08,0.0875,0.083332,0.08375,2493.86,ETH-8SEP26,0.6313,-0.97039,0.11102,0.0,0.0,0.007499999999999993,ETH,2493.18,0.0
2026-09-06T17:36:33.120547+00:00,ETH-25DEC26-4800-P,2518.75,ETH-25DEC26,put,4800.0,2026-12-25T08:00:00+00:00,0.3000673967428765,0.8995,0.9275,0.911539,0.9135,2518.75,ETH-25DEC26,0.6319,-0.95451,1.31955,77.0,0.0,0.028000000000000025,ETH,2493.17,0.0
2026-09-06T17:36:33.120547+00:00,ETH-9SEP26-2640-C,2494.33,ETH-9SEP26,call,2640.0,2026-09-09T08:00:00+00:00,0.007117362519741679,0.0018,0.0023,0.0021,0.00205,2494.33,ETH-9SEP26,0.5215,0.1009,0.37162,48.0,50.0,0.0005,ETH,2493.17,251.07
2026-09-06T17:36:33.120547+00:00,ETH-30OCT26-4000-P,2505.15,ETH-30OCT26,put,4000.0,2026-10-30T08:00:00+00:00,0.14674775266347884,0.594,0.607,0.600711,0.6005,2505.15,ETH-30OCT26,0.6583,-0.95821,0.85699,0.0,0.0,0.013000000000000012,ETH,2493.17,0.0
2026-09-06T17:36:33.120547+00:00,ETH-25SEP26-2150-P,2499.69,ETH-25SEP26,put,2150.0,2026-09-25T08:00:00+00:00,0.050922975113855296,0.0055,0.006,0.005651,0.00575,2499.69,ETH-25SEP26,0.534,-0.09533,0.95594,17194.0,2.0,0.0005000000000000004,ETH,2493.17,29.85
2026-09-06T17:36:33.120547+00:00,ETH-10SEP26-2750-C,2494.52,ETH-10SEP26,call,2750.0,2026-09-10T08:00:00+00:00,0.00985521330687378,0.0011,0.0014,0.001236,0.00125,2494.52,ETH-10SEP26,0.5919,0.05123,0.26035,0.0,0.0,0.0002999999999999999,ETH,2493.17,0.0
2026-09-06T17:36:33.120547+00:00,ETH-10SEP26-2520-C,2494.52,ETH-10SEP26,call,2520.0,2026-09-10T08:00:00+00:00,0.00985521330687378,0.012,0.013,0.012416,0.0125,2494.52,ETH-10SEP26,0.43,0.41253,0.96393,100.0,100.0,0.0009999999999999992,ETH,2493.17,2990.63
2026-09-06T17:36:33.120547+00:00,ETH-25JUN27-3000-C,2573.93,ETH-25JUN27,call,3000.0,2027-06-25T08:00:00+00:00,0.798356240000919,0.138,0.1415,0.139992,0.13975,2573.93,ETH-25JUN27,0.5574,0.47662,9.16107,1316.0,1.0,0.0034999999999999754,ETH,2493.17,338.93
2026-09-06T17:36:33.120547+00:00,ETH-25DEC26-5000-P,2518.75,ETH-25DEC26,put,5000.0,2026-12-25T08:00:00+00:00,0.3000673967428765,0.9775,1.006,0.990181,0.99175,2518.75,ETH-25DEC26,0.647,-0.96057,1.17541,0.0,0.0,0.02849999999999997,ETH,2493.17,0.0
2026-09-06T17:36:33.120547+00:00,ETH-30OCT26-2600-C,2505.18,ETH-30OCT26,call,2600.0,2026-10-30T08:00:00+00:00,0.14674775266347884,0.062,0.063,0.062593,0.0625,2505.18,ETH-30OCT26,0.5153,0.46394,3.81334,3567.0,2.0,0.0010000000000000009,ETH,2493.17,315.72
2026-09-06T17:36:33.120547+00:00,ETH-26MAR27-3800-P,2544.86,ETH-26MAR27,put,3800.0,2027-03-26T08:00:00+00:00,0.5492118183718977,0.5265,0.552,0.539414,0.53925,2544.86,ETH-26MAR27,0.5667,-0.77175,5.7032,1.0,0.0,0.025500000000000078,ETH,2493.17,0.0
2026-09-06T17:36:33.120547+00:00,ETH-25DEC26-2300-P,2518.75,ETH-25DEC26,put,2300.0,2026-12-25T08:00:00+00:00,0.3000673967428765,0.0715,0.073,0.072252,0.07225,2518.75,ETH-25DEC26,0.5295000000000001,-0.32363,4.95796,6036.0,0.0,0.0015000000000000013,ETH,2493.17,0.0
2026-09-06T17:36:33.120547+00:00,ETH-25SEP26-6000-P,2499.69,ETH-25SEP26,put,6000.0,2026-09-25T08:00:00+00:00,0.050922975113855296,1.392,1.411,1.400265,1.4015,2499.69,ETH-25SEP26,1.0195999999999998,-0.99989,0.00249,0.0,0.0,0.019000000000000128,ETH,2493.17,0.0
2026-09-06T17:36:33.120547+00:00,ETH-25DEC26-2100-P,2518.75,ETH-25DEC26,put,2100.0,2026-12-25T08:00:00+00:00,0.3000673967428765,0.0435,0.045,0.044335,0.04425,2518.75,ETH-25DEC26,0.5405,-0.2232,4.11973,3268.0,0.0,0.0015000000000000013,ETH,2493.17,0.0
2026-09-06T17:36:33.120547+00:00,ETH-7SEP26-2260-C,2493.59,ETH-7SEP26,call,2260.0,2026-09-07T08:00:00+00:00,0.0016416609454774761,0.091,0.0965,0.093499,0.09375,2493.59,ETH-7SEP26,0.6515000000000001,0.99991,0.00037,0.0,0.0,0.005500000000000005,ETH,2493.17,0.0
2026-09-06T17:36:33.120547+00:00,ETH-26MAR27-2200-C,2544.86,ETH-26MAR27,call,2200.0,2027-03-26T08:00:00+00:00,0.5492118183718977,0.2265,0.2295,0.227916,0.228,2544.86,ETH-26MAR27,0.5512,0.71236,6.43211,4061.0,0.0,0.0030000000000000027,ETH,2493.17,0.0
2026-09-06T17:36:33.120547+00:00,ETH-25DEC26-3100-C,2518.75,ETH-25DEC26,call,3100.0,2026-12-25T08:00:00+00:00,0.3000673967428765,0.046,0.0475,0.04665,0.04675,2518.75,ETH-25DEC26,0.541,0.2902,4.72508,2517.0,8.0,0.0015000000000000013,ETH,2493.17,939.44
2026-09-06T17:36:33.120547+00:00,ETH-30OCT26-2050-C,2505.15,ETH-30OCT26,call,2050.0,2026-10-30T08:00:00+00:00,0.14674775266347884,0.1955,0.2,0.197984,0.19775,2505.15,ETH-30OCT26,0.5382,0.85864,2.15033,479.0,0.0,0.004500000000000004,ETH,2493.17,0.0
2026-09-06T17:36:33.120547+00:00,ETH-26MAR27-1600-C,2544.86,ETH-26MAR27,call,1600.0,2027-03-26T08:00:00+00:00,0.5492118183718977,0.3955,0.3995,0.398143,0.3975,2544.86,ETH-26MAR27,0.6025,0.89651,3.39404,879.0,0.0,0.0040000000000000036,ETH,2493.17,0.0
2026-09-06T17:36:33.120547+00:00,ETH-25DEC26-3200-C,2518.75,ETH-25DEC26,call,3200.0,2026-12-25T08:00:00+00:00,0.3000673967428765,0.0395,0.041,0.040125,0.04025,2518.75,ETH-25DEC26,0.5453,0.25709,4.45003,68127.0,3.0,0.0015000000000000013,ETH,2493.17,286.34
2026-09-06T17:36:33.120547+00:00,ETH-25DEC26-4400-C,2518.79,ETH-25DEC26,call,4400.0,2026-12-25T08:00:00+00:00,0.3000673967428765,0.008,0.009,0.008569,0.0085,2518.79,ETH-25DEC26,0.6093,0.0662,1.77465,3718.0,0.0,0.0009999999999999992,ETH,2493.16,0.0
2026-09-06T17:36:33.120547+00:00,ETH-26MAR27-4000-C,2544.86,ETH-26MAR27,call,4000.0,2027-03-26T08:00:00+00:00,0.5492118183718977,0.0375,0.0395,0.038436,0.0385,2544.86,ETH-26MAR27,0.5722999999999999,0.19652,5.22525,2561.0,9.0,0.0020000000000000018,ETH,2493.17,847.45
2026-09-06T17:36:33.120547+00:00,ETH-25SEP26-7400-P,2499.69,ETH-25SEP26,put,7400.0,2026-09-25T08:00:00+00:00,0.050922975113855296,1.9505,1.9735,1.960322,1.962,2499.69,ETH-25SEP26,1.1765,-0.99996,0.0009,0.0,0.0,0.02300000000000013,ETH,2493.16,0.0
2026-09-06T17:36:33.120547+00:00,ETH-8SEP26-2200-C,2493.86,ETH-8SEP26,call,2200.0,2026-09-08T08:00:00+00:00,0.004379511732609577,0.1155,0.119,0.117757,0.11725,2493.86,ETH-8SEP26,0.7489,0.99464,0.02538,0.0,0.0,0.0034999999999999892,ETH,2493.17,0.0
2026-09-06T17:36:33.120547+00:00,ETH-30OCT26-2100-P,2505.15,ETH-30OCT26,put,2100.0,2026-10-30T08:00:00+00:00,0.14674775266347884,0.0195,0.0205,0.019785,0.02,2505.15,ETH-30OCT26,0.5307,-0.16653,2.39672,3449.0,8.0,0.0010000000000000009,ETH,2493.16,382.57
2026-09-06T17:36:33.120547+00:00,ETH-7SEP26-2540-P,2493.44,ETH-7SEP26,put,2540.0,2026-09-07T08:00:00+00:00,0.0016416609454774761,0.018,0.0235,0.020042,0.02075,2493.44,ETH-7SEP26,0.425,-0.85939,0.22513,3.0,0.0,0.005500000000000001,ETH,2493.16,0.0
2026-09-06T17:36:33.120547+00:00,ETH-10SEP26-2580-P,2494.48,ETH-10SEP26,put,2580.0,2026-09-10T08:00:00+00:00,0.00985521330687378,0.0395,0.0415,0.040751,0.0405,2494.48,ETH-10SEP26,0.4636,-0.76213,0.76596,0.0,0.0,0.0020000000000000018,ETH,2493.16,0.0
2026-09-06T17:36:33.120547+00:00,ETH-10SEP26-2250-C,2494.52,ETH-10SEP26,call,2250.0,2026-09-10T08:00:00+00:00,0.00985521330687378,0.0955,0.1005,0.098545,0.098,2494.52,ETH-10SEP26,0.5646,0.9688,0.17401,0.0,0.0,0.0050000000000000044,ETH,2493.16,0.0
2026-09-06T17:36:33.120547+00:00,ETH-27NOV26-3200-C,2512.25,ETH-27NOV26,call,3200.0,2026-11-27T08:00:00+00:00,0.22340757470317768,0.0275,0.029,0.028228,0.02825,2512.25,ETH-27NOV26,0.5539999999999999,0.21372,3.45809,123.0,0.0,0.0015000000000000013,ETH,2492.98,0.0
2026-09-06T17:36:33.120547+00:00,ETH-25SEP26-2800-P,2499.73,ETH-25SEP26,put,2800.0,2026-09-25T08:00:00+00:00,0.050922975113855296,0.1285,0.1375,0.13238,0.133,2499.73,ETH-25SEP26,0.5396,-0.8085,1.53827,1340.0,0.0,0.009000000000000008,ETH,2492.98,0.0
2026-09-06T17:36:33.120547+00:00,ETH-9SEP26-2440-C,2494.37,ETH-9SEP26,call,2440.0,2026-09-09T08:00:00+00:00,0.007117362519741679,0.0255,0.028,0.026932,0.02675,2494.37,ETH-9SEP26,0.4006,0.74528,0.67507,46.0,46.0,0.0025000000000000022,ETH,2492.95,2693.68
2026-09-06T17:36:33.120547+00:00,ETH-25SEP26-6200-C,2499.69,ETH-25SEP26,call,6200.0,2026-09-25T08:00:00+00:00,0.050922975113855296,,0.0001,4e-06,,2499.69,ETH-25SEP26,1.0378,8e-05,0.0019,2798.0,0.0,,ETH,2492.95,0.0
2026-09-06T17:36:33.120547+00:00,ETH-11SEP26-2150-P,2494.82,ETH-11SEP26,put,2150.0,2026-09-11T08:00:00+00:00,0.01259306409400588,0.0004,0.0007,0.000535,0.00055,2494.82,ETH-11SEP26,0.6531999999999999,-0.01956,0.13299,4825.0,45.0,0.0003,ETH,2492.98,64.57
2026-09-06T17:36:33.120547+00:00,ETH-11SEP26-2150-C,2494.78,ETH-11SEP26,call,2150.0,2026-09-11T08:00:00+00:00,0.01259306409400588,0.1355,0.14,0.138701,0.13775,2494.78,ETH-11SEP26,0.6531999999999999,0.98039,0.13325,0.0,0.0,0.004500000000000004,ETH,2492.98,0.0
2026-09-06T17:36:33.120547+00:00,ETH-11SEP26-2570-C,2494.78,ETH-11SEP26,call,2570.0,2026-09-11T08:00:00+00:00,0.01259306409400588,0.009,0.01,0.009466,0.0095,2494.78,ETH-11SEP26,0.4673,0.29277,0.96239,30.0,11.0,0.0010000000000000009,ETH,2492.95,313.6
2026-09-06T17:36:33.120547+00:00,ETH-27NOV26-3600-P,2512.25,ETH-27NOV26,put,3600.0,2026-11-27T08:00:00+00:00,0.22340757470317768,0.44,0.4575,0.447996,0.44875,2512.25,ETH-27NOV26,0.5831000000000001,-0.87859,2.39514,0.0,0.0,0.017500000000000016,ETH,2492.95,0.0
2026-09-06T17:36:33.120547+00:00,ETH-26MAR27-4600-C,2544.86,ETH-26MAR27,call,4600.0,2027-03-26T08:00:00+00:00,0.5492118183718977,0.0225,0.0245,0.023496,0.0235,2544.86,ETH-26MAR27,0.5902000000000001,0.12825,3.95277,1405.0,0.0,0.0020000000000000018,ETH,2492.95,0.0
2026-09-06T17:36:33.120547+00:00,ETH-25SEP26-1700-P,2499.69,ETH-25SEP26,put,1700.0,2026-09-25T08:00:00+00:00,0.050922975113855296,0.0005,0.0007,0.000594,0.0006,2499.69,ETH-25SEP26,0.7585999999999999,-0.00976,0.14724,10021.0,0.0,0.00019999999999999998,ETH,2492.95,0.0
2026-09-06T17:36:33.120547+00:00,ETH-27NOV26-4400-P,2512.25,ETH-27NOV26,put,4400.0,2026-11-27T08:00:00+00:00,0.22340757470317768,0.7475,0.7685,0.757269,0.758,2512.25,ETH-27NOV26,0.6525,-0.95188,1.18776,0.0,0.0,0.020999999999999908,ETH,2492.95,0.0
2026-09-06T17:36:33.120547+00:00,ETH-30OCT26-3600-C,2505.15,ETH-30OCT26,call,3600.0,2026-10-30T08:00:00+00:00,0.14674775266347884,0.0065,0.0075,0.007253,0.007,2505.15,ETH-30OCT26,0.6098,0.07538,1.36369,4569.0,1.0,0.001,ETH,2492.95,14.87
2026-09-06T17:36:33.120547+00:00,ETH-18SEP26-2700-C,2496.96,ETH-18SEP26,call,2700.0,2026-09-18T08:00:00+00:00,0.03175801960393059,0.0105,0.0115,0.011181,0.011,2496.96,ETH-18SEP26,0.5294,0.21647,1.30533,4009.0,0.0,0.0009999999999999992,ETH,2492.95,0.0
2026-09-06T17:36:33.120547+00:00,ETH-26MAR27-2000-C,2544.86,ETH-26MAR27,call,2000.0,2027-03-26T08:00:00+00:00,0.5492118183718977,0.275,0.28,0.277413,0.2775,2544.86,ETH-26MAR27,0.5602,0.78441,5.51988,1843.0,0.0,0.0050000000000000044,ETH,2492.95,0.0
2026-09-06T17:36:33.120547+00:00,ETH-7SEP26-2360-C,2493.59,ETH-7SEP26,call,2360.0,2026-09-07T08:00:00+00:00,0.0016416609454774761,0.05,0.0565,0.053436,0.05325,2493.59,ETH-7SEP26,0.55,0.99331,0.01887,0.0,0.0,0.006499999999999999,ETH,2493.0,0.0
2026-09-06T17:36:33.120547+00:00,ETH-25SEP26-5600-P,2499.73,ETH-25SEP26,put,5600.0,2026-09-25T08:00:00+00:00,0.050922975113855296,1.2335,1.2505,1.240376,1.242,2499.73,ETH-25SEP26,0.9643,-0.99984,0.00348,0.0,0.0,0.016999999999999904,ETH,2493.0,0.0
2026-09-06T17:36:33.120547+00:00,ETH-25SEP26-5500-C,2499.69,ETH-25SEP26,call,5500.0,2026-09-25T08:00:00+00:00,0.050922975113855296,,0.0001,9e-06,,2499.69,ETH-25SEP26,0.9501999999999999,0.00018,0.00384,2169.0,0.0,,ETH,2493.0,0.0
2026-09-06T17:36:33.120547+00:00,ETH-7SEP26-2100-C,2493.59,ETH-7SEP26,call,2100.0,2026-09-07T08:00:00+00:00,0.0016416609454774761,0.1555,0.159,0.157675,0.15725,2493.59,ETH-7SEP26,0.7444,1.0,0.0,0.0,0.0,0.003500000000000003,ETH,2493.0,0.0
2026-09-06T17:36:33.120547+00:00,ETH-25JUN27-5000-P,2573.93,ETH-25JUN27,put,5000.0,2027-06-25T08:00:00+00:00,0.798356240000919,0.96,1.0,0.978456,0.98,2573.93,ETH-25JUN27,0.5909,-0.83978,5.60143,0.0,0.0,0.040000000000000036,ETH,2493.0,0.0
2026-09-06T17:36:33.120547+00:00,ETH-30OCT26-3100-C,2505.18,ETH-30OCT26,call,3100.0,2026-10-30T08:00:00+00:00,0.14674775266347884,0.019,0.02,0.01959,0.0195,2505.18,ETH-30OCT26,0.5552,0.18499,2.56161,1113.0,25.0,0.0010000000000000009,ETH,2493.0,1181.72
2026-09-06T17:36:33.120547+00:00,ETH-27NOV26-3300-P,2512.25,ETH-27NOV26,put,3300.0,2026-11-27T08:00:00+00:00,0.22340757470317768,0.33,0.347,0.337575,0.3385,2512.25,ETH-27NOV26,0.5605,-0.81532,3.16634,0.0,0.0,0.01699999999999996,ETH,2493.0,0.0
2026-09-06T17:36:33.120547+00:00,ETH-18SEP26-2250-C,2496.96,ETH-18SEP26,call,2250.0,2026-09-18T08:00:00+00:00,0.03175801960393059,0.1015,0.1055,0.104116,0.1035,2496.96,ETH-18SEP26,0.5077,0.88346,0.8719,0.0,0.0,0.00399999999999999,ETH,2493.0,0.0
2026-09-06T17:36:33.120547+00:00,ETH-27NOV26-2250-P,2512.25,ETH-27NOV26,put,2250.0,2026-11-27T08:00:00+00:00,0.22340757470317768,0.0505,0.0515,0.051052,0.051,2512.25,ETH-27NOV26,0.5283,-0.28599,4.03823,821.0,0.0,0.000999999999999994,ETH,2493.0,0.0
2026-09-06T17:36:33.120547+00:00,ETH-25JUN27-3500-C,2573.96,ETH-25JUN27,call,3500.0,2027-06-25T08:00:00+00:00,0.798356240000919,0.094,0.097,0.095725,0.0955,2573.96,ETH-25JUN27,0.5634,0.35977,8.60313,2813.0,0.0,0.0030000000000000027,ETH,2493.0,0.0
2026-09-06T17:36:33.120547+00:00,ETH-25JUN27-3600-P,2573.93,ETH-25JUN27,put,3600.0,2027-06-25T08:00:00+00:00,0.798356240000919,0.4755,0.503,0.487519,0.48925,2573.93,ETH-25JUN27,0.5644,-0.66028,8.42506,0.0,0.0,0.027500000000000024,ETH,2493.0,0.0
2026-09-06T17:36:33.120547+00:00,ETH-25SEP26-1700-C,2499.73,ETH-25SEP26,call,1700.0,2026-09-25T08:00:00+00:00,0.050922975113855296,0.318,0.3215,0.320482,0.31975,2499.73,ETH-25SEP26,0.7585999999999999,0.99023,0.14726,2190.0,1.0,0.003500000000000003,ETH,2493.0,806.3
2026-09-06T17:36:33.120547+00:00,ETH-26MAR27-1400-P,2544.86,ETH-26MAR27,put,1400.0,2027-03-26T08:00:00+00:00,0.5492118183718977,0.016,0.018,0.016884,0.017,2544.86,ETH-26MAR27,0.6374,-0.06677,2.4419,1850.0,0.0,0.0019999999999999983,ETH,2493.0,0.0
2026-09-06T17:36:33.120547+00:00,ETH-25SEP26-7500-P,2499.69,ETH-25SEP26,put,7500.0,2026-09-25T08:00:00+00:00,0.050922975113855296,1.9895,2.0135,2.000494,2.0015,2499.69,ETH-25SEP26,1.1895,-0.99996,0.00089,0.0,0.0,0.02400000000000002,ETH,2492.87,0.0
2026-09-06T17:36:33.120547+00:00,ETH-25SEP26-2360-P,2499.69,ETH-25SEP26,put,2360.0,2026-09-25T08:00:00+00:00,0.050922975113855296,0.0205,0.0215,0.021025,0.021,2499.69,ETH-25SEP26,0.4955,-0.28525,1.91581,264.0,0.0,0.0009999999999999974,ETH,2492.87,0.0
2026-09-06T17:36:33.120547+00:00,ETH-26MAR27-1800-P,2544.86,ETH-26MAR27,put,1800.0,2027-03-26T08:00:00+00:00,0.5492118183718977,0.041,0.043,0.041874,0.042,2544.86,ETH-26MAR27,0.5764,-0.15304,4.45688,3700.0,1.0,0.001999999999999995,ETH,2493.0,106.29
2026-09-06T17:36:33.120547+00:00,ETH-25SEP26-2200-C,2499.73,ETH-25SEP26,call,2200.0,2026-09-25T08:00:00+00:00,0.050922975113855296,0.125,0.1285,0.127651,0.12675,2499.73,ETH-25SEP26,0.5213,0.87314,1.17324,7962.0,0.0,0.003500000000000003,ETH,2492.87,0.0
2026-09-06T17:36:33.120547+00:00,ETH-10SEP26-2380-P,2494.48,ETH-10SEP26,put,2380.0,2026-09-10T08:00:00+00:00,0.00985521330687378,0.0028,0.0032,0.00299,0.003,2494.48,ETH-10SEP26,0.4351,-0.13533,0.53841,0.0,0.0,0.0004000000000000002,ETH,2492.87,0.0
2026-09-06T17:36:33.120547+00:00,ETH-26MAR27-3500-C,2544.86,ETH-26MAR27,call,3500.0,2027-03-26T08:00:00+00:00,0.5492118183718977,0.06,0.062,0.060838,0.061,2544.86,ETH-26MAR27,0.5589,0.28682,6.42252,4190.0,0.0,0.0020000000000000018,ETH,2492.87,0.0
2026-09-06T17:36:33.120547+00:00,ETH-30OCT26-3800-P,2505.18,ETH-30OCT26,put,3800.0,2026-10-30T08:00:00+00:00,0.14674775266347884,0.516,0.5315,0.522242,0.52375,2505.18,ETH-30OCT26,0.6353,-0.94427,1.07873,0.0,0.0,0.015499999999999958,ETH,2492.54,0.0
2026-09-06T17:36:33.120547+00:00,ETH-27NOV26-2100-C,2512.25,ETH-27NOV26,call,2100.0,2026-11-27T08:00:00+00:00,0.22340757470317768,0.1945,0.1985,0.197029,0.1965,2512.25,ETH-27NOV26,0.5397,0.79639,3.3602,1.0,0.0,0.0040000000000000036,ETH,2492.54,0.0
2026-09-06T17:36:33.120547+00:00,ETH-25SEP26-5500-P,2499.69,ETH-25SEP26,put,5500.0,2026-09-25T08:00:00+00:00,0.050922975113855296,1.1925,1.21,1.20037,1.20125,2499.69,ETH-25SEP26,0.9501999999999999,-0.99982,0.00382,1.0,0.0,0.01750000000000007,ETH,2492.54,0.0
2026-09-06T17:36:33.120547+00:00,ETH-30OCT26-2200-C,2505.18,ETH-30OCT26,call,2200.0,2026-10-30T08:00:00+00:00,0.14674775266347884,0.1485,0.152,0.150553,0.15025,2505.18,ETH-30OCT26,0.5194,0.77347,2.88917,1295.0,0.0,0.003500000000000003,ETH,2492.54,0.0
2026-09-06T17:36:33.120547+00:00,ETH-25JUN27-1500-P,2573.93,ETH-25JUN27,put,1500.0,2027-06-25T08:00:00+00:00,0.798356240000919,0.0335,0.0355,0.034413,0.0345,2573.93,ETH-25JUN27,0.6093999999999999,-0.10334,4.13331,502.0,0.0,0.001999999999999995,ETH,2492.44,0.0
2026-09-06T17:36:33.120547+00:00,ETH-26MAR27-3600-P,2544.86,ETH-26MAR27,put,3600.0,2027-03-26T08:00:00+00:00,0.5492118183718977,0.458,0.4825,0.470158,0.47025,2544.86,ETH-26MAR27,0.5613,-0.73452,6.18241,1.0,0.0,0.024499999999999966,ETH,2492.54,0.0
2026-09-06T17:36:33.120547+00:00,ETH-7SEP26-2320-C,2493.59,ETH-7SEP26,call,2320.0,2026-09-07T08:00:00+00:00,0.0016416609454774761,0.066,0.0725,0.069448,0.06925,2493.59,ETH-7SEP26,0.6254,0.99778,0.00704,18.0,0.0,0.006499999999999992,ETH,2492.44,0.0
2026-09-06T17:36:33.120547+00:00,ETH-25SEP26-2900-C,2499.73,ETH-25SEP26,call,2900.0,2026-09-25T08:00:00+00:00,0.050922975113855296,0.0075,0.0085,0.008158,0.008,2499.73,ETH-25SEP26,0.5628,0.13353,1.21536,16766.0,11.0,0.0010000000000000009,ETH,2492.44,248.35
2026-09-06T17:36:33.120547+00:00,ETH-26MAR27-1900-C,2544.89,ETH-26MAR27,call,1900.0,2027-03-26T08:00:00+00:00,0.5492118183718977,0.302,0.3075,0.305102,0.30475,2544.89,ETH-26MAR27,0.5676,0.81694,5.00083,2451.0,0.0,0.005500000000000005,ETH,2492.44,0.0
2026-09-06T17:36:33.120547+00:00,ETH-18SEP26-2650-P,2497.1,ETH-18SEP26,put,2650.0,2026-09-18T08:00:00+00:00,0.03175801960393059,0.075,0.077,0.0762,0.076,2497.1,ETH-18SEP26,0.516,-0.72771,1.47717,0.0,0.0,0.0020000000000000018,ETH,2492.44,0.0
2026-09-06T17:36:33.120547+00:00,ETH-25SEP26-5400-P,2499.69,ETH-25SEP26,put,5400.0,2026-09-25T08:00:00+00:00,0.050922975113855296,1.1525,1.1695,1.160364,1.161,2499.69,ETH-25SEP26,0.9339,-0.99981,0.00412,4.0,0.0,0.016999999999999904,ETH,2492.41,0.0
2026-09-06T17:36:33.120547+00:00,ETH-25SEP26-1900-P,2499.73,ETH-25SEP26,put,1900.0,2026-09-25T08:00:00+00:00,0.050922975113855296,0.0012,0.0016,0.00139,0.0014,2499.73,ETH-25SEP26,0.6396000000000001,-0.02449,0.32396,20819.0,3.0,0.0004000000000000002,ETH,2492.41,9.22
2026-09-06T17:36:33.120547+00:00,ETH-25SEP26-3400-P,2499.73,ETH-25SEP26,put,3400.0,2026-09-25T08:00:00+00:00,0.050922975113855296,0.3575,0.368,0.361983,0.36275,2499.73,ETH-25SEP26,0.6976,-0.96981,0.38576,870.0,0.0,0.01050000000000001,ETH,2492.41,0.0
2026-09-06T17:36:33.120547+00:00,ETH-26MAR27-1900-P,2544.86,ETH-26MAR27,put,1900.0,2027-03-26T08:00:00+00:00,0.5492118183718977,0.051,0.053,0.051831,0.052,2544.86,ETH-26MAR27,0.5676,-0.1831,5.00115,3282.0,0.0,0.0020000000000000018,ETH,2492.41,0.0
2026-09-06T17:36:33.120547+00:00,ETH-8SEP26-2280-P,2493.86,ETH-8SEP26,put,2280.0,2026-09-08T08:00:00+00:00,0.004379511732609577,0.0001,0.0004,0.000196,0.00025,2493.86,ETH-8SEP26,0.6172,-0.01386,0.05832,103.0,138.0,0.00030000000000000003,ETH,2492.41,54.25
2026-09-06T17:36:33.120547+00:00,ETH-27NOV26-2250-C,2512.25,ETH-27NOV26,call,2250.0,2026-11-27T08:00:00+00:00,0.22340757470317768,0.154,0.1565,0.155276,0.15525,2512.25,ETH-27NOV26,0.5283,0.71368,4.03946,51.0,0.0,0.0025000000000000022,ETH,2492.43,0.0
2026-09-06T17:36:33.120547+00:00,ETH-30OCT26-2700-C,2505.18,ETH-30OCT26,call,2700.0,2026-10-30T08:00:00+00:00,0.14674775266347884,0.049,0.05,0.049414,0.0495,2505.18,ETH-30OCT26,0.5209,0.39048,3.68252,1346.0,9.0,0.0010000000000000009,ETH,2492.43,1151.31
2026-09-06T17:36:33.120547+00:00,ETH-10SEP26-2580-C,2494.52,ETH-10SEP26,call,2580.0,2026-09-10T08:00:00+00:00,0.00985521330687378,0.006,0.007,0.006289,0.0065,2494.52,ETH-10SEP26,0.4636,0.23566,0.76179,25.0,25.0,0.001,ETH,2492.43,309.4
2026-09-06T17:36:33.120547+00:00,ETH-25SEP26-7400-C,2499.69,ETH-25SEP26,call,7400.0,2026-09-25T08:00:00+00:00,0.050922975113855296,,0.0001,2e-06,,2499.69,ETH-25SEP26,1.1765,4e-05,0.0009,1322.0,0.0,,ETH,2492.43,0.0
2026-09-06T17:36:33.120547+00:00,ETH-25SEP26-5200-P,2499.73,ETH-25SEP26,put,5200.0,2026-09-25T08:00:00+00:00,0.050922975113855296,1.074,1.0895,1.08036,1.08175,2499.73,ETH-25SEP26,0.9304000000000001,-0.99964,0.00731,3.0,0.0,0.015499999999999847,ETH,2492.44,0.0
2026-09-06T17:36:33.120547+00:00,ETH-25SEP26-14000-P,2499.73,ETH-25SEP26,put,14000.0,2026-09-25T08:00:00+00:00,0.050922975113855296,4.5775,4.633,4.60092,4.60525,2499.73,ETH-25SEP26,1.7753,-0.99998,0.0005,0.0,0.0,0.05550000000000033,ETH,2492.44,0.0
2026-09-06T17:36:33.120547+00:00,ETH-8SEP26-2440-C,2493.82,ETH-8SEP26,call,2440.0,2026-09-08T08:00:00+00:00,0.004379511732609577,0.0225,0.025,0.02393,0.02375,2493.82,ETH-8SEP26,0.37060000000000004,0.81096,0.44605,18.0,19.0,0.0025000000000000022,ETH,2492.43,1078.88
2026-09-06T17:36:33.120547+00:00,ETH-18SEP26-2700-P,2496.96,ETH-18SEP26,put,2700.0,2026-09-18T08:00:00+00:00,0.03175801960393059,0.0915,0.096,0.092652,0.09375,2496.96,ETH-18SEP26,0.5294,-0.78429,1.30236,7.0,0.0,0.004500000000000004,ETH,2492.44,0.0
2026-09-06T17:36:33.120547+00:00,ETH-25DEC26-2600-P,2518.79,ETH-25DEC26,put,2600.0,2026-12-25T08:00:00+00:00,0.3000673967428765,0.133,0.1345,0.133283,0.13375,2518.79,ETH-25DEC26,0.526,-0.48716,5.50053,1195.0,0.0,0.0015000000000000013,ETH,2492.44,0.0
2026-09-06T17:36:33.120547+00:00,ETH-25SEP26-6400-P,2499.69,ETH-25SEP26,put,6400.0,2026-09-25T08:00:00+00:00,0.050922975113855296,1.552,1.5715,1.560424,1.56175,2499.69,ETH-25SEP26,1.0674,-0.99992,0.00175,0.0,0.0,0.01949999999999985,ETH,2492.44,0.0
2026-09-06T17:36:33.120547+00:00,ETH-11SEP26-2350-P,2494.82,ETH-11SEP26,put,2350.0,2026-09-11T08:00:00+00:00,0.01259306409400588,0.0026,0.003,0.002774,0.0028,2494.82,ETH-11SEP26,0.44659999999999994,-0.11353,0.53822,3182.0,327.0,0.0004000000000000002,ETH,2492.44,2649.03
2026-09-06T17:36:33.120547+00:00,ETH-25SEP26-6600-P,2499.69,ETH-25SEP26,put,6600.0,2026-09-25T08:00:00+00:00,0.050922975113855296,1.631,1.652,1.640289,1.6415,2499.69,ETH-25SEP26,1.0931,-0.99993,0.00156,0.0,0.0,0.020999999999999908,ETH,2492.44,0.0
2026-09-06T17:36:33.120547+00:00,ETH-25SEP26-2800-C,2499.73,ETH-25SEP26,call,2800.0,2026-09-25T08:00:00+00:00,0.050922975113855296,0.0115,0.0125,0.012196,0.012,2499.73,ETH-25SEP26,0.5396,0.19076,1.53414,17080.0,51.0,0.0010000000000000009,ETH,2492.44,1601.53
2026-09-06T17:36:33.120547+00:00,ETH-25DEC26-2900-C,2518.75,ETH-25DEC26,call,2900.0,2026-12-25T08:00:00+00:00,0.3000673967428765,0.0625,0.064,0.063415,0.06325,2518.75,ETH-25DEC26,0.5334,0.36776,5.19819,3740.0,0.0,0.0015000000000000013,ETH,2492.44,0.0
2026-09-06T17:36:33.120547+00:00,ETH-7SEP26-2460-C,2493.59,ETH-7SEP26,call,2460.0,2026-09-07T08:00:00+00:00,0.0016416609454774761,0.013,0.016,0.014698,0.0145,2493.59,ETH-7SEP26,0.3613,0.81537,0.26861,494.0,2.0,0.003000000000000001,ETH,2492.44,104.03
2026-09-06T17:36:33.120547+00:00,ETH-27NOV26-4000-P,2512.25,ETH-27NOV26,put,4000.0,2026-11-27T08:00:00+00:00,0.22340757470317768,0.592,0.6125,0.601049,0.60225,2512.25,ETH-27NOV26,0.6164999999999999,-0.92672,1.65102,0.0,0.0,0.020500000000000074,ETH,2492.43,0.0
2026-09-06T17:36:33.120547+00:00,ETH-18SEP26-2450-P,2496.96,ETH-18SEP26,put,2450.0,2026-09-18T08:00:00+00:00,0.03175801960393059,0.025,0.026,0.025579,0.0255,2496.96,ETH-18SEP26,0.4842,-0.39838,1.71684,1549.0,20.0,0.0009999999999999974,ETH,2492.43,1246.91
2026-09-06T17:36:33.120547+00:00,ETH-9SEP26-2100-P,2494.33,ETH-9SEP26,put,2100.0,2026-09-09T08:00:00+00:00,0.007117362519741679,0.0001,0.0003,0.000179,0.0002,2494.33,ETH-9SEP26,0.8498,-0.00758,0.04398,402.0,382.0,0.00019999999999999998,ETH,2492.44,279.59
2026-09-06T17:36:33.120547+00:00,ETH-7SEP26-2100-P,2493.59,ETH-7SEP26,put,2100.0,2026-09-07T08:00:00+00:00,0.0016416609454774761,,0.0001,0.0,,2493.59,ETH-7SEP26,0.7444,0.0,0.0,398.0,0.0,,ETH,2492.43,0.0
2026-09-06T17:36:33.120547+00:00,ETH-26MAR27-2700-P,2544.86,ETH-26MAR27,put,2700.0,2027-03-26T08:00:00+00:00,0.5492118183718977,0.196,0.199,0.197537,0.1975,2544.86,ETH-26MAR27,0.5458,-0.47813,7.51152,191.0,20.0,0.0030000000000000027,ETH,2492.43,9639.78
2026-09-06T17:36:33.120547+00:00,ETH-11SEP26-2520-C,2494.82,ETH-11SEP26,call,2520.0,2026-09-11T08:00:00+00:00,0.01259306409400588,0.0145,0.0155,0.015246,0.015,2494.82,ETH-11SEP26,0.4425,0.4256,1.09687,122.0,1.0,0.0009999999999999992,ETH,2492.43,52.93
2026-09-06T17:36:33.120547+00:00,ETH-8SEP26-2750-C,2493.86,ETH-8SEP26,call,2750.0,2026-09-08T08:00:00+00:00,0.004379511732609577,0.0002,0.0004,0.000253,0.0003,2493.86,ETH-8SEP26,0.6825,0.01549,0.06416,15.0,10.0,0.0002,ETH,2492.43,9.93
2026-09-06T17:36:33.120547+00:00,ETH-11SEP26-2500-P,2494.78,ETH-11SEP26,put,2500.0,2026-09-11T08:00:00+00:00,0.01259306409400588,0.02,0.021,0.02064,0.0205,2494.78,ETH-11SEP26,0.4363,-0.51131,1.11589,1055.0,66.0,0.0010000000000000009,ETH,2492.43,3075.24
2026-09-06T17:36:33.120547+00:00,ETH-25SEP26-3500-C,2499.73,ETH-25SEP26,call,3500.0,2026-09-25T08:00:00+00:00,0.050922975113855296,0.0012,0.0015,0.001366,0.00135,2499.73,ETH-25SEP26,0.7219,0.02342,0.31202,20856.0,211.0,0.00030000000000000014,ETH,2492.43,683.64
2026-09-06T17:36:33.120547+00:00,ETH-25SEP26-1800-C,2499.73,ETH-25SEP26,call,1800.0,2026-09-25T08:00:00+00:00,0.050922975113855296,0.2785,0.282,0.280775,0.28025,2499.73,ETH-25SEP26,0.6969,0.98473,0.21687,6238.0,0.0,0.0034999999999999476,ETH,2492.44,0.0
2026-09-06T17:36:33.120547+00:00,ETH-26MAR27-3400-C,2544.86,ETH-26MAR27,call,3400.0,2027-03-26T08:00:00+00:00,0.5492118183718977,0.066,0.068,0.066991,0.067,2544.86,ETH-26MAR27,0.5564,0.30948,6.64774,1881.0,0.0,0.0020000000000000018,ETH,2492.43,0.0
2026-09-06T17:36:33.120547+00:00,ETH-25JUN27-900-P,2573.93,ETH-25JUN27,put,900.0,2027-06-25T08:00:00+00:00,0.798356240000919,0.008,0.0095,0.00867,0.00875,2573.93,ETH-25JUN27,0.7347,-0.02695,1.431,848.0,0.0,0.0014999999999999996,ETH,2492.44,0.0
2026-09-06T17:36:33.120547+00:00,ETH-7SEP26-2580-C,2493.59,ETH-7SEP26,call,2580.0,2026-09-07T08:00:00+00:00,0.0016416609454774761,0.0003,0.0004,0.000348,0.00035,2493.59,ETH-7SEP26,0.4893,0.04072,0.08809,1453.0,750.0,0.00010000000000000005,ETH,2492.44,1415.6
2026-09-06T17:36:33.120547+00:00,ETH-25JUN27-1300-C,2573.96,ETH-25JUN27,call,1300.0,2027-06-25T08:00:00+00:00,0.798356240000919,0.515,0.5195,0.517295,0.51725,2573.96,ETH-25JUN27,0.6393,0.93058,3.06765,108.0,0.0,0.0044999999999999485,ETH,2492.44,0.0
2026-09-06T17:36:33.120547+00:00,ETH-25SEP26-1850-P,2499.69,ETH-25SEP26,put,1850.0,2026-09-25T08:00:00+00:00,0.050922975113855296,0.0009,0.0013,0.001094,0.0011,2499.69,ETH-25SEP26,0.6664,-0.01905,0.26197,5691.0,0.0,0.00039999999999999996,ETH,2492.71,0.0
2026-09-06T17:36:33.120547+00:00,ETH-25DEC26-1500-C,2518.75,ETH-25DEC26,call,1500.0,2026-12-25T08:00:00+00:00,0.3000673967428765,0.41,0.414,0.412817,0.412,2518.75,ETH-25DEC26,0.6422,0.95034,1.41511,749.0,0.0,0.0040000000000000036,ETH,2492.44,0.0
2026-09-06T17:36:33.120547+00:00,ETH-8SEP26-2420-P,2493.86,ETH-8SEP26,put,2420.0,2026-09-08T08:00:00+00:00,0.004379511732609577,0.0015,0.0019,0.001617,0.0017,2493.86,ETH-8SEP26,0.3947,-0.12632,0.34186,182.0,249.0,0.00039999999999999996,ETH,2492.44,944.72
2026-09-06T17:36:33.120547+00:00,ETH-30OCT26-3400-C,2505.15,ETH-30OCT26,call,3400.0,2026-10-30T08:00:00+00:00,0.14674775266347884,0.01,0.011,0.010534,0.0105,2505.15,ETH-30OCT26,0.5877,0.10646,1.76231,3372.0,45.0,0.0009999999999999992,ETH,2492.71,1194.24
2026-09-06T17:36:33.120547+00:00,ETH-27NOV26-2750-P,2512.25,ETH-27NOV26,put,2750.0,2026-11-27T08:00:00+00:00,0.22340757470317768,0.158,0.1595,0.158438,0.15875,2512.25,ETH-27NOV26,0.5293,-0.59416,4.60375,52.0,0.0,0.0015000000000000013,ETH,2492.71,0.0
2026-09-06T17:36:33.120547+00:00,ETH-25SEP26-5000-P,2499.69,ETH-25SEP26,put,5000.0,2026-09-25T08:00:00+00:00,0.050922975113855296,0.9935,1.009,1.000365,1.00125,2499.69,ETH-25SEP26,0.9303,-0.99931,0.01351,2.0,0.0,0.015499999999999847,ETH,2492.69,0.0
2026-09-06T17:36:33.120547+00:00,ETH-18SEP26-2800-P,2497.1,ETH-18SEP26,put,2800.0,2026-09-18T08:00:00+00:00,0.03175801960393059,0.124,0.1325,0.128188,0.12825,2497.1,ETH-18SEP26,0.5623,-0.86397,0.97089,0.0,0.0,0.008500000000000008,ETH,2492.71,0.0
2026-09-06T17:36:33.120547+00:00,ETH-25DEC26-11000-P,2518.79,ETH-25DEC26,put,11000.0,2026-12-25T08:00:00+00:00,0.3000673967428765,3.3345,3.4065,3.367632,3.3705,2518.79,ETH-25DEC26,0.8542000000000001,-0.99823,0.07814,699.0,0.0,0.07200000000000006,ETH,2492.71,0.0
2026-09-06T17:36:33.120547+00:00,ETH-9SEP26-2800-C,2494.33,ETH-9SEP26,call,2800.0,2026-09-09T08:00:00+00:00,0.007117362519741679,0.0004,0.0007,0.000559,0.00055,2494.33,ETH-9SEP26,0.6933,0.0251,0.12331,0.0,0.0,0.0003,ETH,2492.71,0.0
2026-09-06T17:36:33.120547+00:00,ETH-25DEC26-2800-C,2518.79,ETH-25DEC26,call,2800.0,2026-12-25T08:00:00+00:00,0.3000673967428765,0.0735,0.0745,0.074304,0.074,2518.79,ETH-25DEC26,0.5314,0.41311,5.37236,6830.0,0.0,0.0010000000000000009,ETH,2492.71,0.0
2026-09-06T17:36:33.120547+00:00,ETH-27NOV26-4200-C,2512.25,ETH-27NOV26,call,4200.0,2026-11-27T08:00:00+00:00,0.22340757470317768,0.006,0.007,0.006637,0.0065,2512.25,ETH-27NOV26,0.6315,0.05774,1.3725,40.0,0.0,0.001,ETH,2492.69,0.0
2026-09-06T17:36:33.120547+00:00,ETH-30OCT26-1800-C,2505.18,ETH-30OCT26,call,1800.0,2026-10-30T08:00:00+00:00,0.14674775266347884,0.285,0.2895,0.287734,0.28725,2505.18,ETH-30OCT26,0.5943,0.94117,1.12552,105.0,1.0,0.004500000000000004,ETH,2492.64,723.8
2026-09-06T17:36:33.120547+00:00,ETH-25JUN27-1800-P,2573.93,ETH-25JUN27,put,1800.0,2027-06-25T08:00:00+00:00,0.798356240000919,0.0605,0.063,0.061789,0.06175,2573.93,ETH-25JUN27,0.5798,-0.17143,5.85079,769.0,0.0,0.0025000000000000022,ETH,2492.64,0.0
2026-09-06T17:36:33.120547+00:00,ETH-9SEP26-2200-P,2494.37,ETH-9SEP26,put,2200.0,2026-09-09T08:00:00+00:00,0.007117362519741679,0.0003,0.0005,0.00033,0.0004,2494.37,ETH-9SEP26,0.6987000000000001,-0.01566,0.08264,111.0,111.0,0.00020000000000000004,ETH,2492.69,146.62
2026-09-06T17:36:33.120547+00:00,ETH-25DEC26-3400-P,2518.75,ETH-25DEC26,put,3400.0,2026-12-25T08:00:00+00:00,0.3000673967428765,0.3705,0.39,0.379851,0.38025,2518.75,ETH-25DEC26,0.5546,-0.7986,3.87863,89.0,0.0,0.019500000000000017,ETH,2492.69,0.0
2026-09-06T17:36:33.120547+00:00,ETH-9SEP26-2460-P,2494.33,ETH-9SEP26,put,2460.0,2026-09-09T08:00:00+00:00,0.007117362519741679,0.007,0.008,0.007485,0.0075,2494.33,ETH-9SEP26,0.3958,-0.33743,0.76829,289.0,288.0,0.001,ETH,2492.64,5235.66
2026-09-06T17:36:33.120547+00:00,ETH-25DEC26-1000-P,2518.75,ETH-25DEC26,put,1000.0,2026-12-25T08:00:00+00:00,0.3000673967428765,0.0015,0.0018,0.001739,0.00165,2518.75,ETH-25DEC26,0.8014,-0.01011,0.37118,18446.0,0.0,0.0002999999999999999,ETH,2492.64,0.0
2026-09-06T17:36:33.120547+00:00,ETH-8SEP26-2620-C,2493.86,ETH-8SEP26,call,2620.0,2026-09-08T08:00:00+00:00,0.004379511732609577,0.001,0.0012,0.001055,0.0011,2493.86,ETH-8SEP26,0.5062,0.0708,0.22331,841.0,94.0,0.00019999999999999987,ETH,2492.64,287.28
2026-09-06T17:36:33.120547+00:00,ETH-27NOV26-2200-P,2512.25,ETH-27NOV26,put,2200.0,2026-11-27T08:00:00+00:00,0.22340757470317768,0.0435,0.045,0.044318,0.04425,2512.25,ETH-27NOV26,0.5311,-0.25707,3.82868,18.0,0.0,0.0015000000000000013,ETH,2492.62,0.0
2026-09-06T17:36:33.120547+00:00,ETH-25SEP26-14000-C,2499.73,ETH-25SEP26,call,14000.0,2026-09-25T08:00:00+00:00,0.050922975113855296,,0.0001,2e-06,,2499.73,ETH-25SEP26,1.7753,2e-05,0.0005,2121.0,0.0,,ETH,2492.62,0.0
2026-09-06T17:36:33.120547+00:00,ETH-25JUN27-3700-P,2573.96,ETH-25JUN27,put,3700.0,2027-06-25T08:00:00+00:00,0.798356240000919,0.509,0.539,0.520269,0.524,2573.96,ETH-25JUN27,0.5663,-0.67895,8.2352,0.0,0.0,0.030000000000000027,ETH,2492.62,0.0
2026-09-06T17:36:33.120547+00:00,ETH-7SEP26-2600-C,2493.59,ETH-7SEP26,call,2600.0,2026-09-07T08:00:00+00:00,0.0016416609454774761,0.0001,0.0003,0.000197,0.0002,2493.59,ETH-7SEP26,0.5236,0.02346,0.05583,1011.0,311.0,0.00019999999999999998,ETH,2492.62,438.14
2026-09-06T17:36:33.120547+00:00,ETH-25SEP26-2440-C,2499.73,ETH-25SEP26,call,2440.0,2026-09-25T08:00:00+00:00,0.050922975113855296,0.056,0.0575,0.056856,0.05675,2499.73,ETH-25SEP26,0.4938,0.60592,2.17021,5076.0,0.0,0.0015000000000000013,ETH,2492.63,0.0
2026-09-06T17:36:33.120547+00:00,ETH-8SEP26-2480-P,2493.86,ETH-8SEP26,put,2480.0,2026-09-08T08:00:00+00:00,0.004379511732609577,0.0065,0.0075,0.006927,0.007,2493.86,ETH-8SEP26,0.35590000000000005,-0.40885,0.64048,187.0,117.0,0.001,ETH,2492.62,2027.74
2026-09-06T17:36:33.120547+00:00,ETH-11SEP26-2420-C,2494.78,ETH-11SEP26,call,2420.0,2026-09-11T08:00:00+00:00,0.01259306409400588,0.0365,0.0385,0.037379,0.0375,2494.78,ETH-11SEP26,0.42469999999999997,0.74326,0.9018,0.0,0.0,0.0020000000000000018,ETH,2492.63,0.0
2026-09-06T17:36:33.120547+00:00,ETH-25SEP26-1850-C,2499.73,ETH-25SEP26,call,1850.0,2026-09-25T08:00:00+00:00,0.050922975113855296,0.2585,0.2625,0.260973,0.2605,2499.73,ETH-25SEP26,0.6664,0.98095,0.26206,2242.0,0.0,0.0040000000000000036,ETH,2492.61,0.0
2026-09-06T17:36:33.120547+00:00,ETH-25SEP26-10000-C,2499.73,ETH-25SEP26,call,10000.0,2026-09-25T08:00:00+00:00,0.050922975113855296,,0.0001,2e-06,,2499.73,ETH-25SEP26,1.4631999999999998,3e-05,0.00066,1965.0,0.0,,ETH,2492.61,0.0
2026-09-06T17:36:33.120547+00:00,ETH-25JUN27-2300-C,2573.93,ETH-25JUN27,call,2300.0,2027-06-25T08:00:00+00:00,0.798356240000919,0.242,0.246,0.244452,0.244,2573.93,ETH-25JUN27,0.5586,0.68232,8.19871,234.0,0.0,0.0040000000000000036,ETH,2492.61,0.0
2026-09-06T17:36:33.120547+00:00,ETH-25JUN27-2700-C,2573.93,ETH-25JUN27,call,2700.0,2027-06-25T08:00:00+00:00,0.798356240000919,0.175,0.179,0.177354,0.177,2573.93,ETH-25JUN27,0.5557,0.5601,9.07,444.0,10.0,0.0040000000000000036,ETH,2492.61,4439.43
2026-09-06T17:36:33.120547+00:00,ETH-9SEP26-2700-P,2494.37,ETH-9SEP26,put,2700.0,2026-09-09T08:00:00+00:00,0.007117362519741679,0.0805,0.088,0.083739,0.08425,2494.37,ETH-9SEP26,0.5916,-0.94332,0.23955,0.0,0.0,0.007499999999999993,ETH,2492.63,0.0
2026-09-06T17:36:33.120547+00:00,ETH-8SEP26-2400-C,2493.86,ETH-8SEP26,call,2400.0,2026-09-08T08:00:00+00:00,0.004379511732609577,0.0355,0.0405,0.038554,0.038,2493.86,ETH-8SEP26,0.4236,0.91419,0.25838,18.0,0.0,0.0050000000000000044,ETH,2492.61,0.0
2026-09-06T17:36:33.120547+00:00,ETH-25SEP26-16000-C,2499.73,ETH-25SEP26,call,16000.0,2026-09-25T08:00:00+00:00,0.050922975113855296,,0.0001,2e-06,,2499.73,ETH-25SEP26,1.8954,2e-05,0.00045,9830.0,0.0,,ETH,2492.62,0.0
2026-09-06T17:36:33.120547+00:00,ETH-7SEP26-2680-C,2493.59,ETH-7SEP26,call,2680.0,2026-09-07T08:00:00+00:00,0.0016416609454774761,,0.0001,2.5e-05,,2493.59,ETH-7SEP26,0.6494,0.00298,0.00916,96.0,1.0,,ETH,2492.62,0.75
2026-09-06T17:36:33.120547+00:00,ETH-25DEC26-3300-P,2518.79,ETH-25DEC26,put,3300.0,2026-12-25T08:00:00+00:00,0.3000673967428765,0.336,0.355,0.344798,0.3455,2518.79,ETH-25DEC26,0.5497,-0.77267,4.16177,10.0,0.0,0.01899999999999996,ETH,2492.61,0.0
2026-09-06T17:36:33.120547+00:00,ETH-25DEC26-3400-C,2518.75,ETH-25DEC26,call,3400.0,2026-12-25T08:00:00+00:00,0.3000673967428765,0.029,0.0305,0.029921,0.02975,2518.75,ETH-25DEC26,0.5546,0.20136,3.87815,14533.0,8.0,0.0014999999999999979,ETH,2492.61,611.06
2026-09-06T17:36:33.120547+00:00,ETH-27NOV26-2800-P,2512.25,ETH-27NOV26,put,2800.0,2026-11-27T08:00:00+00:00,0.22340757470317768,0.1705,0.176,0.172689,0.17325,2512.25,ETH-27NOV26,0.5311,-0.62098,4.51718,34.0,0.0,0.005499999999999977,ETH,2492.62,0.0
2026-09-06T17:36:33.120547+00:00,ETH-25SEP26-6200-P,2499.69,ETH-25SEP26,put,6200.0,2026-09-25T08:00:00+00:00,0.050922975113855296,1.4725,1.4915,1.480411,1.482,2499.69,ETH-25SEP26,1.0378,-0.99992,0.0019,0.0,0.0,0.019000000000000128,ETH,2492.61,0.0
2026-09-06T17:36:33.120547+00:00,ETH-25DEC26-2000-C,2518.75,ETH-25DEC26,call,2000.0,2026-12-25T08:00:00+00:00,0.3000673967428765,0.2365,0.242,0.239985,0.23925,2518.75,ETH-25DEC26,0.5498,0.8198,3.62254,10828.0,1.0,0.005500000000000005,ETH,2492.62,584.94
2026-09-06T17:36:33.120547+00:00,ETH-25JUN27-5500-P,2573.93,ETH-25JUN27,put,5500.0,2027-06-25T08:00:00+00:00,0.798356240000919,1.143,1.1945,1.163993,1.16875,2573.93,ETH-25JUN27,0.6002000000000001,-0.87452,4.74659,0.0,0.0,0.05149999999999988,ETH,2492.61,0.0
2026-09-06T17:36:33.120547+00:00,ETH-30OCT26-1850-C,2505.18,ETH-30OCT26,call,1850.0,2026-10-30T08:00:00+00:00,0.14674775266347884,0.267,0.2705,0.269015,0.26875,2505.18,ETH-30OCT26,0.5796,0.92979,1.29129,1008.0,0.0,0.003500000000000003,ETH,2492.62,0.0
2026-09-06T17:36:33.120547+00:00,ETH-27NOV26-2000-P,2512.25,ETH-27NOV26,put,2000.0,2026-11-27T08:00:00+00:00,0.22340757470317768,0.0235,0.025,0.024266,0.02425,2512.25,ETH-27NOV26,0.5504,-0.15753,2.85959,480.0,0.0,0.0015000000000000013,ETH,2492.61,0.0
2026-09-06T17:36:33.120547+00:00,ETH-25JUN27-3800-P,2573.93,ETH-25JUN27,put,3800.0,2027-06-25T08:00:00+00:00,0.798356240000919,0.542,0.5695,0.553422,0.55575,2573.93,ETH-25JUN27,0.5679,-0.69656,8.03673,2.0,0.0,0.02749999999999997,ETH,2492.58,0.0
2026-09-06T17:36:33.120547+00:00,ETH-27NOV26-2950-P,2512.25,ETH-27NOV26,put,2950.0,2026-11-27T08:00:00+00:00,0.22340757470317768,0.2115,0.2265,0.218483,0.219,2512.25,ETH-27NOV26,0.5386,-0.69326,4.16943,0.0,0.0,0.015000000000000013,ETH,2492.58,0.0
2026-09-06T17:36:33.120547+00:00,ETH-25DEC26-800-P,2518.75,ETH-25DEC26,put,800.0,2026-12-25T08:00:00+00:00,0.3000673967428765,0.0006,0.0011,0.000799,0.00085,2518.75,ETH-25DEC26,0.8841,-0.00455,0.18345,7348.0,0.0,0.0005000000000000001,ETH,2492.61,0.0
2026-09-06T17:36:33.120547+00:00,ETH-9SEP26-2700-C,2494.33,ETH-9SEP26,call,2700.0,2026-09-09T08:00:00+00:00,0.007117362519741679,0.0011,0.0013,0.001241,0.0012,2494.33,ETH-9SEP26,0.5916,0.05668,0.23955,374.0,382.0,0.00019999999999999987,ETH,2492.61,1172.5
2026-09-06T17:36:33.120547+00:00,ETH-18SEP26-3000-P,2496.96,ETH-18SEP26,put,3000.0,2026-09-18T08:00:00+00:00,0.03175801960393059,0.2,0.209,0.204413,0.2045,2496.96,ETH-18SEP26,0.6373,-0.94097,0.52327,0.0,0.0,0.00899999999999998,ETH,2492.58,0.0
2026-09-06T17:36:33.120547+00:00,ETH-9SEP26-2420-C,2494.37,ETH-9SEP26,call,2420.0,2026-09-09T08:00:00+00:00,0.007117362519741679,0.0325,0.0345,0.033348,0.0335,2494.37,ETH-9SEP26,0.40979999999999994,0.81015,0.57038,0.0,0.0,0.0020000000000000018,ETH,2492.58,0.0
2026-09-06T17:36:33.120547+00:00,ETH-25JUN27-3000-P,2573.93,ETH-25JUN27,put,3000.0,2027-06-25T08:00:00+00:00,0.798356240000919,0.3035,0.3085,0.305575,0.306,2573.93,ETH-25JUN27,0.5574,-0.52361,9.15815,220.0,0.0,0.0050000000000000044,ETH,2492.6,0.0
2026-09-06T17:36:33.120547+00:00,ETH-26MAR27-800-P,2544.86,ETH-26MAR27,put,800.0,2027-03-26T08:00:00+00:00,0.5492118183718977,0.003,0.0039,0.00335,0.00345,2544.86,ETH-26MAR27,0.81,-0.013,0.63126,2706.0,0.0,0.0008999999999999998,ETH,2492.58,0.0
2026-09-06T17:36:33.120547+00:00,ETH-30OCT26-2300-C,2505.18,ETH-30OCT26,call,2300.0,2026-10-30T08:00:00+00:00,0.14674775266347884,0.1215,0.124,0.122945,0.12275,2505.18,ETH-30OCT26,0.5128,0.70221,3.32505,1216.0,0.0,0.0025000000000000022,ETH,2492.58,0.0
2026-09-06T17:36:33.120547+00:00,ETH-25DEC26-2000-P,2518.79,ETH-25DEC26,put,2000.0,2026-12-25T08:00:00+00:00,0.3000673967428765,0.0335,0.035,0.034062,0.03425,2518.79,ETH-25DEC26,0.5498,-0.1802,3.6226,8741.0,0.0,0.0015000000000000013,ETH,2492.6,0.0
2026-09-06T17:36:33.120547+00:00,ETH-9SEP26-2540-C,2494.33,ETH-9SEP26,call,2540.0,2026-09-09T08:00:00+00:00,0.007117362519741679,0.0065,0.0075,0.007007,0.007,2494.33,ETH-9SEP26,0.4227,0.30753,0.7393,41.0,1.0,0.001,ETH,2492.6,14.91
2026-09-06T17:36:33.120547+00:00,ETH-25DEC26-800-C,2518.75,ETH-25DEC26,call,800.0,2026-12-25T08:00:00+00:00,0.3000673967428765,0.6815,0.684,0.683169,0.68275,2518.75,ETH-25DEC26,0.8841,0.99545,0.18346,171.0,0.0,0.0025000000000000577,ETH,2492.6,0.0
2026-09-06T17:36:33.120547+00:00,ETH-26MAR27-4500-C,2544.89,ETH-26MAR27,call,4500.0,2027-03-26T08:00:00+00:00,0.5492118183718977,0.024,0.0265,0.025238,0.02525,2544.89,ETH-26MAR27,0.5863,0.13672,4.1301,2106.0,0.0,0.0024999999999999988,ETH,2492.6,0.0
2026-09-06T17:36:33.120547+00:00,ETH-25DEC26-5500-C,2518.79,ETH-25DEC26,call,5500.0,2026-12-25T08:00:00+00:00,0.3000673967428765,0.0029,0.0037,0.003306,0.0033,2518.79,ETH-25DEC26,0.6729,0.02647,0.84589,2173.0,0.0,0.0008000000000000004,ETH,2492.6,0.0
2026-09-06T17:36:33.120547+00:00,ETH-30OCT26-2750-P,2505.18,ETH-30OCT26,put,2750.0,2026-10-30T08:00:00+00:00,0.14674775266347884,0.1395,0.144,0.141682,0.14175,2505.18,ETH-30OCT26,0.5243,-0.64273,3.58034,0.0,0.0,0.004499999999999976,ETH,2492.55,0.0
2026-09-06T17:36:33.120547+00:00,ETH-25DEC26-4000-C,2518.79,ETH-25DEC26,call,4000.0,2026-12-25T08:00:00+00:00,0.3000673967428765,0.013,0.014,0.013556,0.0135,2518.79,ETH-25DEC26,0.5871999999999999,0.10063,2.4322,14639.0,0.0,0.0010000000000000009,ETH,2492.55,0.0
2026-09-06T17:36:33.120547+00:00,ETH-9SEP26-2300-P,2494.33,ETH-9SEP26,put,2300.0,2026-09-09T08:00:00+00:00,0.007117362519741679,0.0005,0.0008,0.000639,0.00065,2494.33,ETH-9SEP26,0.5372,-0.03568,0.16509,0.0,0.0,0.00030000000000000003,ETH,2492.55,0.0
2026-09-06T17:36:33.120547+00:00,ETH-25SEP26-1200-C,2499.69,ETH-25SEP26,call,1200.0,2026-09-25T08:00:00+00:00,0.050922975113855296,0.5185,0.521,0.520008,0.51975,2499.69,ETH-25SEP26,1.1127,0.99884,0.02179,138.0,0.0,0.0025000000000000577,ETH,2492.4,0.0
2026-09-06T17:36:33.120547+00:00,ETH-9SEP26-2560-P,2494.33,ETH-9SEP26,put,2560.0,2026-09-09T08:00:00+00:00,0.007117362519741679,0.0305,0.033,0.031738,0.03175,2494.33,ETH-9SEP26,0.4403,-0.75661,0.65873,0.0,0.0,0.0025000000000000022,ETH,2492.55,0.0
2026-09-06T17:36:33.120547+00:00,ETH-9SEP26-2500-C,2494.33,ETH-9SEP26,call,2500.0,2026-09-09T08:00:00+00:00,0.007117362519741679,0.012,0.013,0.012444,0.0125,2494.33,ETH-9SEP26,0.40270000000000006,0.47429,0.83713,446.0,410.0,0.0009999999999999992,ETH,2492.4,12234.32
2026-09-06T17:36:33.120547+00:00,ETH-7SEP26-2520-P,2493.59,ETH-7SEP26,put,2520.0,2026-09-07T08:00:00+00:00,0.0016416609454774761,0.012,0.014,0.013112,0.013,2493.59,ETH-7SEP26,0.3882,-0.75744,0.31503,11.0,0.0,0.002,ETH,2492.4,0.0
2026-09-06T17:36:33.120547+00:00,ETH-11SEP26-1800-P,2494.82,ETH-11SEP26,put,1800.0,2026-09-11T08:00:00+00:00,0.01259306409400588,,0.0001,2.9e-05,,2494.82,ETH-11SEP26,0.9538,-0.00097,0.00917,4345.0,39.0,,ETH,2492.4,9.73
2026-09-06T17:36:33.120547+00:00,ETH-25SEP26-3000-C,2499.73,ETH-25SEP26,call,3000.0,2026-09-25T08:00:00+00:00,0.050922975113855296,0.005,0.0055,0.005357,0.00525,2499.73,ETH-25SEP26,0.5809000000000001,0.0917,0.9286,41782.0,33.0,0.0004999999999999996,ETH,2492.37,452.95
2026-09-06T17:36:33.120547+00:00,ETH-25SEP26-4000-P,2499.73,ETH-25SEP26,put,4000.0,2026-09-25T08:00:00+00:00,0.050922975113855296,0.5955,0.6075,0.600665,0.6015,2499.73,ETH-25SEP26,0.8177,-0.99302,0.1096,138.0,0.0,0.01200000000000001,ETH,2492.37,0.0
2026-09-06T17:36:33.120547+00:00,ETH-10SEP26-2480-P,2494.52,ETH-10SEP26,put,2480.0,2026-09-10T08:00:00+00:00,0.00985521330687378,0.013,0.0145,0.01383,0.01375,2494.52,ETH-10SEP26,0.41759999999999997,-0.44101,0.9765,1.0,1.0,0.0015000000000000013,ETH,2492.37,30.06
2026-09-06T17:36:33.120547+00:00,ETH-25SEP26-2150-C,2499.69,ETH-25SEP26,call,2150.0,2026-09-25T08:00:00+00:00,0.050922975113855296,0.143,0.147,0.145553,0.145,2499.69,ETH-25SEP26,0.534,0.90415,0.95938,167.0,18.0,0.0040000000000000036,ETH,2492.34,6432.47
2026-09-06T17:36:33.120547+00:00,ETH-25SEP26-6500-P,2499.69,ETH-25SEP26,put,6500.0,2026-09-25T08:00:00+00:00,0.050922975113855296,1.5915,1.612,1.600285,1.60175,2499.69,ETH-25SEP26,1.0823,-0.99993,0.0017,0.0,0.0,0.020500000000000185,ETH,2492.34,0.0
2026-09-06T17:36:33.120547+00:00,ETH-25JUN27-4600-P,2573.93,ETH-25JUN27,put,4600.0,2027-06-25T08:00:00+00:00,0.798356240000919,0.8185,0.855,0.832617,0.83675,2573.93,ETH-25JUN27,0.5828,-0.8038,6.36331,0.0,0.0,0.03649999999999998,ETH,2492.37,0.0
2026-09-06T17:36:33.120547+00:00,ETH-25SEP26-5800-P,2499.69,ETH-25SEP26,put,5800.0,2026-09-25T08:00:00+00:00,0.050922975113855296,1.3125,1.3305,1.320388,1.3215,2499.69,ETH-25SEP26,0.9994,-0.99985,0.0032,0.0,0.0,0.018000000000000016,ETH,2492.34,0.0
2026-09-06T17:36:33.120547+00:00,ETH-10SEP26-2420-P,2494.52,ETH-10SEP26,put,2420.0,2026-09-10T08:00:00+00:00,0.00985521330687378,0.005,0.006,0.005622,0.0055,2494.52,ETH-10SEP26,0.4192,-0.23101,0.75331,0.0,0.0,0.001,ETH,2492.34,0.0
2026-09-06T17:36:33.120547+00:00,ETH-25JUN27-1200-C,2573.93,ETH-25JUN27,call,1200.0,2027-06-25T08:00:00+00:00,0.798356240000919,0.5485,0.5535,0.551638,0.551,2573.93,ETH-25JUN27,0.6583,0.94409,2.59112,55.0,0.0,0.0050000000000000044,ETH,2492.34,0.0
2026-09-06T17:36:33.120547+00:00,ETH-25SEP26-2440-P,2499.69,ETH-25SEP26,put,2440.0,2026-09-25T08:00:00+00:00,0.050922975113855296,0.0325,0.0335,0.033016,0.033,2499.69,ETH-25SEP26,0.4938,-0.39448,2.17057,75.0,1.0,0.0010000000000000009,ETH,2492.33,84.55
2026-09-06T17:36:33.120547+00:00,ETH-30OCT26-1200-C,2505.15,ETH-30OCT26,call,1200.0,2026-10-30T08:00:00+00:00,0.14674775266347884,0.52,0.523,0.521664,0.5215,2505.15,ETH-30OCT26,0.8204,0.99372,0.16986,0.0,0.0,0.0030000000000000027,ETH,2492.34,0.0
2026-09-06T17:36:33.120547+00:00,ETH-30OCT26-1700-C,2505.18,ETH-30OCT26,call,1700.0,2026-10-30T08:00:00+00:00,0.14674775266347884,0.3235,0.3275,0.325652,0.3255,2505.18,ETH-30OCT26,0.6225999999999999,0.95928,0.8388,74.0,0.0,0.0040000000000000036,ETH,2492.34,0.0
2026-09-06T17:36:33.120547+00:00,ETH-25DEC26-1300-P,2518.79,ETH-25DEC26,put,1300.0,2026-12-25T08:00:00+00:00,0.3000673967428765,0.0043,0.0048,0.004554,0.00455,2518.79,ETH-25DEC26,0.6962,-0.02724,0.86616,2064.0,0.0,0.0004999999999999996,ETH,2492.33,0.0
2026-09-06T17:36:33.120547+00:00,ETH-25SEP26-2600-C,2499.73,ETH-25SEP26,call,2600.0,2026-09-25T08:00:00+00:00,0.050922975113855296,0.0285,0.0295,0.028967,0.029,2499.73,ETH-25SEP26,0.5044,0.38464,2.155,21235.0,89.0,0.0009999999999999974,ETH,2492.34,6904.55
2026-09-06T17:36:33.120547+00:00,ETH-26MAR27-1200-P,2544.86,ETH-26MAR27,put,1200.0,2027-03-26T08:00:00+00:00,0.5492118183718977,0.0095,0.011,0.010168,0.01025,2544.86,ETH-26MAR27,0.6807,-0.04086,1.65309,1661.0,0.0,0.0014999999999999996,ETH,2492.33,0.0
2026-09-06T17:36:33.120547+00:00,ETH-10SEP26-2680-C,2494.48,ETH-10SEP26,call,2680.0,2026-09-10T08:00:00+00:00,0.00985521330687378,0.002,0.0024,0.002235,0.0022,2494.48,ETH-10SEP26,0.5351,0.09096,0.40505,67.0,67.0,0.00039999999999999975,ETH,2492.34,333.25
2026-09-06T17:36:33.120547+00:00,ETH-25SEP26-7000-P,2499.73,ETH-25SEP26,put,7000.0,2026-09-25T08:00:00+00:00,0.050922975113855296,1.7905,1.813,1.800462,1.80175,2499.73,ETH-25SEP26,1.1240999999999999,-0.99996,0.00098,0.0,0.0,0.022499999999999964,ETH,2492.34,0.0
2026-09-06T17:36:33.120547+00:00,ETH-25SEP26-1900-C,2499.73,ETH-25SEP26,call,1900.0,2026-09-25T08:00:00+00:00,0.050922975113855296,0.239,0.2425,0.241265,0.24075,2499.73,ETH-25SEP26,0.6396000000000001,0.97549,0.32412,10557.0,0.0,0.003500000000000003,ETH,2492.34,0.0
2026-09-06T17:36:33.120547+00:00,ETH-25DEC26-2300-C,2518.75,ETH-25DEC26,call,2300.0,2026-12-25T08:00:00+00:00,0.3000673967428765,0.158,0.16,0.159064,0.159,2518.75,ETH-25DEC26,0.5295000000000001,0.67593,4.95897,7409.0,0.0,0.0020000000000000018,ETH,2492.34,0.0
2026-09-06T17:36:33.120547+00:00,ETH-30OCT26-3000-P,2505.15,ETH-30OCT26,put,3000.0,2026-10-30T08:00:00+00:00,0.14674775266347884,0.2155,0.229,0.222033,0.22225,2505.15,ETH-30OCT26,0.5449,-0.7768,2.86438,72.0,0.0,0.013500000000000012,ETH,2492.34,0.0
2026-09-06T17:36:33.120547+00:00,ETH-8SEP26-2800-C,2493.86,ETH-8SEP26,call,2800.0,2026-09-08T08:00:00+00:00,0.004379511732609577,0.0001,0.0002,0.000187,0.00015,2493.86,ETH-8SEP26,0.7576999999999999,0.01079,0.04693,1923.0,1902.0,0.0001,ETH,2492.34,623.13
2026-09-06T17:36:33.120547+00:00,ETH-30OCT26-2650-C,2505.18,ETH-30OCT26,call,2650.0,2026-10-30T08:00:00+00:00,0.14674775266347884,0.055,0.056,0.055621,0.0555,2505.18,ETH-30OCT26,0.5178,0.42587,3.7613,868.0,0.0,0.0010000000000000009,ETH,2492.34,0.0
2026-09-06T17:36:33.120547+00:00,ETH-11SEP26-2200-C,2494.78,ETH-11SEP26,call,2200.0,2026-09-11T08:00:00+00:00,0.01259306409400588,0.116,0.12,0.118897,0.118,2494.78,ETH-11SEP26,0.6015999999999999,0.97035,0.18853,201.0,160.0,0.00399999999999999,ETH,2492.32,44651.39
2026-09-06T17:36:33.120547+00:00,ETH-30OCT26-4200-C,2505.15,ETH-30OCT26,call,4200.0,2026-10-30T08:00:00+00:00,0.14674775266347884,0.0026,0.0033,0.002984,0.00295,2505.15,ETH-30OCT26,0.6803,0.03183,0.68556,478.0,0.0,0.0007000000000000001,ETH,2492.32,0.0
2026-09-06T17:36:33.120547+00:00,ETH-18SEP26-2900-C,2496.96,ETH-18SEP26,call,2900.0,2026-09-18T08:00:00+00:00,0.03175801960393059,0.004,0.0044,0.004227,0.0042,2496.96,ETH-18SEP26,0.6003000000000001,0.08849,0.71334,580.0,2.0,0.0004000000000000002,ETH,2492.14,22.54
2026-09-06T17:36:33.120547+00:00,ETH-8SEP26-2560-P,2493.86,ETH-8SEP26,put,2560.0,2026-09-08T08:00:00+00:00,0.004379511732609577,0.027,0.032,0.029241,0.0295,2493.86,ETH-8SEP26,0.4168,-0.83044,0.41645,5.0,0.0,0.005000000000000001,ETH,2492.32,0.0
2026-09-06T17:36:33.120547+00:00,ETH-26MAR27-3700-C,2544.86,ETH-26MAR27,call,3700.0,2027-03-26T08:00:00+00:00,0.5492118183718977,0.0495,0.0515,0.050363,0.0505,2544.86,ETH-26MAR27,0.5639,0.24588,5.93872,1531.0,0.0,0.001999999999999995,ETH,2492.14,0.0
2026-09-06T17:36:33.120547+00:00,ETH-26MAR27-5000-C,2544.86,ETH-26MAR27,call,5000.0,2027-03-26T08:00:00+00:00,0.5492118183718977,0.0165,0.0185,0.01742,0.0175,2544.86,ETH-26MAR27,0.6017,0.09816,3.2644,2449.0,0.0,0.0019999999999999983,ETH,2492.14,0.0
2026-09-06T17:36:33.120547+00:00,ETH-9SEP26-2520-C,2494.33,ETH-9SEP26,call,2520.0,2026-09-09T08:00:00+00:00,0.007117362519741679,0.009,0.01,0.0094,0.0095,2494.33,ETH-9SEP26,0.4127,0.38461,0.80345,106.0,69.0,0.0010000000000000009,ETH,2492.14,1514.54
2026-09-06T17:36:33.120547+00:00,ETH-10SEP26-2440-C,2494.52,ETH-10SEP26,call,2440.0,2026-09-10T08:00:00+00:00,0.00985521330687378,0.0285,0.0305,0.029303,0.0295,2494.52,ETH-10SEP26,0.4139,0.70673,0.85156,0.0,0.0,0.0019999999999999983,ETH,2492.14,0.0
2026-09-06T17:36:33.120547+00:00,ETH-26MAR27-1200-C,2544.86,ETH-26MAR27,call,1200.0,2027-03-26T08:00:00+00:00,0.5492118183718977,0.536,0.5405,0.53855,0.53825,2544.86,ETH-26MAR27,0.6807,0.95913,1.65342,68.0,0.0,0.0044999999999999485,ETH,2492.14,0.0
2026-09-06T17:36:33.120547+00:00,ETH-25SEP26-2700-P,2499.73,ETH-25SEP26,put,2700.0,2026-09-25T08:00:00+00:00,0.050922975113855296,0.098,0.1005,0.098961,0.09925,2499.73,ETH-25SEP26,0.5209,-0.72638,1.87683,557.0,0.0,0.0025000000000000022,ETH,2492.14,0.0
2026-09-06T17:36:33.120547+00:00,ETH-11SEP26-2450-P,2494.78,ETH-11SEP26,put,2450.0,2026-09-11T08:00:00+00:00,0.01259306409400588,0.011,0.0115,0.011241,0.01125,2494.78,ETH-11SEP26,0.425,-0.34814,1.03432,2253.0,65.0,0.0005000000000000004,ETH,2492.14,1806.69
2026-09-06T17:36:33.120547+00:00,ETH-26MAR27-2500-C,2544.86,ETH-26MAR27,call,2500.0,2027-03-26T08:00:00+00:00,0.5492118183718977,0.166,0.1695,0.167873,0.16775,2544.86,ETH-26MAR27,0.546,0.59672,7.29977,9835.0,3.0,0.003500000000000003,ETH,2492.14,1220.05
2026-09-06T17:36:33.120547+00:00,ETH-7SEP26-2350-P,2493.59,ETH-7SEP26,put,2350.0,2026-09-07T08:00:00+00:00,0.0016416609454774761,,0.0001,3.2e-05,,2493.59,ETH-7SEP26,0.5617,-0.00473,0.01387,20.0,20.0,,ETH,2492.16,7.52
2026-09-06T17:36:33.120547+00:00,ETH-25SEP26-2300-C,2499.73,ETH-25SEP26,call,2300.0,2026-09-25T08:00:00+00:00,0.050922975113855296,0.0935,0.0955,0.094486,0.0945,2499.73,ETH-25SEP26,0.5021,0.78413,1.65158,14119.0,0.0,0.0020000000000000018,ETH,2492.14,0.0
2026-09-06T17:36:33.120547+00:00,ETH-8SEP26-2250-P,2493.86,ETH-8SEP26,put,2250.0,2026-09-08T08:00:00+00:00,0.004379511732609577,,0.0003,0.000127,,2493.86,ETH-8SEP26,0.6577,-0.00882,0.03938,235.0,240.0,,ETH,2492.16,86.88
2026-09-06T17:36:33.120547+00:00,ETH-25SEP26-1400-P,2499.73,ETH-25SEP26,put,1400.0,2026-09-25T08:00:00+00:00,0.050922975113855296,0.0002,0.0003,0.000182,0.00025,2499.73,ETH-25SEP26,0.9578,-0.00266,0.04637,11566.0,60.0,9.999999999999996e-05,ETH,2492.14,44.86
2026-09-06T17:36:33.120547+00:00,ETH-26MAR27-1500-P,2544.86,ETH-26MAR27,put,1500.0,2027-03-26T08:00:00+00:00,0.5492118183718977,0.0205,0.0225,0.021383,0.0215,2544.86,ETH-26MAR27,0.6186,-0.0837,2.90019,4076.0,0.0,0.0019999999999999983,ETH,2492.16,0.0
2026-09-06T17:36:33.120547+00:00,ETH-27NOV26-2850-C,2512.25,ETH-27NOV26,call,2850.0,2026-11-27T08:00:00+00:00,0.22340757470317768,0.052,0.0535,0.052827,0.05275,2512.25,ETH-27NOV26,0.5333,0.35322,4.41157,11.0,0.0,0.0015000000000000013,ETH,2492.18,0.0
2026-09-06T17:36:33.120547+00:00,ETH-9SEP26-2250-P,2494.37,ETH-9SEP26,put,2250.0,2026-09-09T08:00:00+00:00,0.007117362519741679,0.0003,0.0006,0.000423,0.00045,2494.37,ETH-9SEP26,0.6124,-0.02237,0.11191,253.0,3.0,0.0003,ETH,2492.16,3.98
2026-09-06T17:36:33.120547+00:00,ETH-25SEP26-2550-P,2499.69,ETH-25SEP26,put,2550.0,2026-09-25T08:00:00+00:00,0.050922975113855296,0.056,0.057,0.056327,0.0565,2499.69,ETH-25SEP26,0.5009,-0.54983,2.23198,45.0,15.0,0.0010000000000000009,ETH,2492.16,2158.21
2026-09-06T17:36:33.120547+00:00,ETH-25JUN27-2700-P,2573.93,ETH-25JUN27,put,2700.0,2027-06-25T08:00:00+00:00,0.798356240000919,0.2245,0.2285,0.226378,0.2265,2573.93,ETH-25JUN27,0.5557,-0.44006,9.06878,7.0,0.0,0.0040000000000000036,ETH,2492.18,0.0
2026-09-06T17:36:33.120547+00:00,ETH-25JUN27-2900-C,2573.93,ETH-25JUN27,call,2900.0,2027-06-25T08:00:00+00:00,0.798356240000919,0.1495,0.153,0.151351,0.15125,2573.93,ETH-25JUN27,0.5565,0.50307,9.17224,283.0,0.0,0.003500000000000003,ETH,2492.18,0.0
2026-09-06T17:36:33.120547+00:00,ETH-7SEP26-2360-P,2493.59,ETH-7SEP26,put,2360.0,2026-09-07T08:00:00+00:00,0.0016416609454774761,,0.0002,4.7e-05,,2493.59,ETH-7SEP26,0.55,-0.00696,0.01953,401.0,252.0,,ETH,2492.19,105.14
2026-09-06T17:36:33.120547+00:00,ETH-25JUN27-1700-P,2573.93,ETH-25JUN27,put,1700.0,2027-06-25T08:00:00+00:00,0.798356240000919,0.05,0.0525,0.051149,0.05125,2573.93,ETH-25JUN27,0.5874,-0.14653,5.27748,3041.0,0.0,0.0024999999999999953,ETH,2492.18,0.0
2026-09-06T17:36:33.120547+00:00,ETH-30OCT26-1200-P,2505.18,ETH-30OCT26,put,1200.0,2026-10-30T08:00:00+00:00,0.14674775266347884,0.0005,0.001,0.000699,0.00075,2505.18,ETH-30OCT26,0.8204,-0.00629,0.16997,2674.0,0.0,0.0005,ETH,2492.18,0.0
2026-09-06T17:36:33.120547+00:00,ETH-10SEP26-2640-P,2494.52,ETH-10SEP26,put,2640.0,2026-09-10T08:00:00+00:00,0.00985521330687378,0.0585,0.0655,0.06188,0.062,2494.52,ETH-10SEP26,0.5075999999999999,-0.86702,0.53175,0.0,0.0,0.006999999999999999,ETH,2492.19,0.0
2026-09-06T17:36:33.120547+00:00,ETH-18SEP26-2400-P,2496.96,ETH-18SEP26,put,2400.0,2026-09-18T08:00:00+00:00,0.03175801960393059,0.0175,0.0185,0.017923,0.018,2496.96,ETH-18SEP26,0.485,-0.31041,1.57019,1159.0,4.0,0.0009999999999999974,ETH,2492.19,176.84
2026-09-06T17:36:33.120547+00:00,ETH-26MAR27-1500-C,2544.86,ETH-26MAR27,call,1500.0,2027-03-26T08:00:00+00:00,0.5492118183718977,0.429,0.4335,0.43186,0.43125,2544.86,ETH-26MAR27,0.6186,0.91631,2.90013,242.0,0.0,0.004500000000000004,ETH,2492.19,0.0
2026-09-06T17:36:33.120547+00:00,ETH-10SEP26-2340-P,2494.52,ETH-10SEP26,put,2340.0,2026-09-10T08:00:00+00:00,0.00985521330687378,0.0015,0.0018,0.001648,0.00165,2494.52,ETH-10SEP26,0.4608,-0.07987,0.36744,124.0,124.0,0.0002999999999999999,ETH,2492.19,707.34
2026-09-06T17:36:33.120547+00:00,ETH-30OCT26-2450-P,2505.18,ETH-30OCT26,put,2450.0,2026-10-30T08:00:00+00:00,0.14674775266347884,0.066,0.067,0.06661,0.0665,2505.18,ETH-30OCT26,0.5108,-0.41746,3.7451,290.0,0.0,0.0010000000000000009,ETH,2492.19,0.0
2026-09-06T17:36:33.120547+00:00,ETH-11SEP26-2400-C,2494.78,ETH-11SEP26,call,2400.0,2026-09-11T08:00:00+00:00,0.01259306409400588,0.0425,0.0445,0.043598,0.0435,2494.78,ETH-11SEP26,0.4292,0.7926,0.80046,1300.0,13.0,0.001999999999999995,ETH,2492.2,1403.2
2026-09-06T17:36:33.120547+00:00,ETH-25SEP26-3800-C,2499.69,ETH-25SEP26,call,3800.0,2026-09-25T08:00:00+00:00,0.050922975113855296,0.0005,0.0008,0.000656,0.00065,2499.69,ETH-25SEP26,0.7844,0.01127,0.16674,4277.0,2501.0,0.00030000000000000003,ETH,2492.2,4390.37
2026-09-06T17:36:33.120547+00:00,ETH-27NOV26-2600-P,2512.22,ETH-27NOV26,put,2600.0,2026-11-27T08:00:00+00:00,0.22340757470317768,0.1185,0.12,0.118748,0.11925,2512.22,ETH-27NOV26,0.5239,-0.50684,4.73521,131.0,0.0,0.0015000000000000013,ETH,2492.2,0.0
2026-09-06T17:36:33.120547+00:00,ETH-27NOV26-3000-P,2512.25,ETH-27NOV26,put,3000.0,2026-11-27T08:00:00+00:00,0.22340757470317768,0.2275,0.242,0.23457,0.23475,2512.25,ETH-27NOV26,0.5414,-0.71479,4.03171,10.0,0.0,0.014499999999999985,ETH,2492.2,0.0
2026-09-06T17:36:33.120547+00:00,ETH-10SEP26-2200-P,2494.52,ETH-10SEP26,put,2200.0,2026-09-10T08:00:00+00:00,0.00985521330687378,0.0004,0.0007,0.000496,0.00055,2494.52,ETH-10SEP26,0.6311,-0.02146,0.12719,201.0,201.0,0.0003,ETH,2492.2,151.14
2026-09-06T17:36:33.120547+00:00,ETH-10SEP26-2480-C,2494.52,ETH-10SEP26,call,2480.0,2026-09-10T08:00:00+00:00,0.00985521330687378,0.019,0.02,0.019463,0.0195,2494.52,ETH-10SEP26,0.41759999999999997,0.55819,0.97671,0.0,0.0,0.0010000000000000009,ETH,2492.2,0.0
2026-09-06T17:36:33.120547+00:00,ETH-9SEP26-2520-P,2494.33,ETH-9SEP26,put,2520.0,2026-09-09T08:00:00+00:00,0.007117362519741679,0.019,0.0205,0.019732,0.01975,2494.33,ETH-9SEP26,0.4127,-0.61511,0.80364,0.0,0.0,0.0015000000000000013,ETH,2492.2,0.0
2026-09-06T17:36:33.120547+00:00,ETH-9SEP26-2500-P,2494.37,ETH-9SEP26,put,2500.0,2026-09-09T08:00:00+00:00,0.007117362519741679,0.014,0.0155,0.014757,0.01475,2494.37,ETH-9SEP26,0.40270000000000006,-0.52674,0.83691,220.0,219.0,0.0014999999999999996,ETH,2492.2,6191.36
2026-09-06T17:36:33.120547+00:00,ETH-25SEP26-3300-C,2499.69,ETH-25SEP26,call,3300.0,2026-09-25T08:00:00+00:00,0.050922975113855296,0.0021,0.0024,0.002269,0.00225,2499.69,ETH-25SEP26,0.6707,0.03894,0.47544,20567.0,0.0,0.0002999999999999999,ETH,2492.2,0.0
2026-09-06T17:36:33.120547+00:00,ETH-30OCT26-1950-P,2505.18,ETH-30OCT26,put,1950.0,2026-10-30T08:00:00+00:00,0.14674775266347884,0.011,0.0115,0.011056,0.01125,2505.18,ETH-30OCT26,0.5562,-0.1004,1.68863,900.0,0.0,0.0005000000000000004,ETH,2492.2,0.0
2026-09-06T17:36:33.120547+00:00,ETH-18SEP26-2600-C,2496.96,ETH-18SEP26,call,2600.0,2026-09-18T08:00:00+00:00,0.03175801960393059,0.019,0.02,0.019497,0.0195,2496.96,ETH-18SEP26,0.5035000000000001,0.34017,1.63017,1099.0,177.0,0.0010000000000000009,ETH,2492.19,8028.35
2026-09-06T17:36:33.120547+00:00,ETH-9SEP26-2660-C,2494.37,ETH-9SEP26,call,2660.0,2026-09-09T08:00:00+00:00,0.007117362519741679,0.0015,0.0018,0.001738,0.00165,2494.37,ETH-9SEP26,0.5446,0.08143,0.3168,124.0,124.0,0.0002999999999999999,ETH,2492.19,408.73
2026-09-06T17:36:33.120547+00:00,ETH-26MAR27-3300-C,2544.86,ETH-26MAR27,call,3300.0,2027-03-26T08:00:00+00:00,0.5492118183718977,0.073,0.075,0.073953,0.074,2544.86,ETH-26MAR27,0.5543,0.33422,6.86288,2246.0,0.0,0.0020000000000000018,ETH,2492.19,0.0
2026-09-06T17:36:33.120547+00:00,ETH-18SEP26-2500-C,2496.96,ETH-18SEP26,call,2500.0,2026-09-18T08:00:00+00:00,0.03175801960393059,0.0335,0.0345,0.034035,0.034,2496.96,ETH-18SEP26,0.4879,0.50916,1.7741,1342.0,6.0,0.0010000000000000009,ETH,2492.2,480.58
2026-09-06T17:36:33.120547+00:00,ETH-25JUN27-4200-P,2573.93,ETH-25JUN27,put,4200.0,2027-06-25T08:00:00+00:00,0.798356240000919,0.678,0.71,0.6904,0.694,2573.93,ETH-25JUN27,0.575,-0.75713,7.19395,3.0,0.0,0.03199999999999992,ETH,2492.19,0.0
2026-09-06T17:36:33.120547+00:00,ETH-25SEP26-2200-P,2499.73,ETH-25SEP26,put,2200.0,2026-09-25T08:00:00+00:00,0.050922975113855296,0.0075,0.0085,0.007795,0.008,2499.73,ETH-25SEP26,0.5213,-0.12751,1.17697,9929.0,36.0,0.0010000000000000009,ETH,2492.19,721.26
2026-09-06T17:36:33.120547+00:00,ETH-25DEC26-1300-C,2518.75,ETH-25DEC26,call,1300.0,2026-12-25T08:00:00+00:00,0.3000673967428765,0.4865,0.4895,0.488405,0.488,2518.75,ETH-25DEC26,0.6962,0.97275,0.86639,50.0,0.0,0.0030000000000000027,ETH,2492.2,0.0
2026-09-06T17:36:33.120547+00:00,ETH-27NOV26-2550-C,2512.25,ETH-27NOV26,call,2550.0,2026-11-27T08:00:00+00:00,0.22340757470317768,0.091,0.0925,0.091759,0.09175,2512.25,ETH-27NOV26,0.5232,0.52431,4.72711,124.0,0.0,0.0015000000000000013,ETH,2492.04,0.0
2026-09-06T17:36:33.120547+00:00,ETH-8SEP26-2460-P,2493.82,ETH-8SEP26,put,2460.0,2026-09-08T08:00:00+00:00,0.004379511732609577,0.0039,0.0045,0.004179,0.0042,2493.82,ETH-8SEP26,0.35840000000000005,-0.28687,0.56136,650.0,29.0,0.0005999999999999998,ETH,2492.2,350.77
2026-09-06T17:36:33.120547+00:00,ETH-25SEP26-3200-P,2499.73,ETH-25SEP26,put,3200.0,2026-09-25T08:00:00+00:00,0.050922975113855296,0.279,0.289,0.283185,0.284,2499.73,ETH-25SEP26,0.6426000000000001,-0.94893,0.59151,1323.0,0.0,0.009999999999999953,ETH,2492.2,0.0
2026-09-06T17:36:33.120547+00:00,ETH-26MAR27-3000-C,2544.86,ETH-26MAR27,call,3000.0,2027-03-26T08:00:00+00:00,0.5492118183718977,0.099,0.1015,0.100102,0.10025,2544.86,ETH-26MAR27,0.5489,0.41981,7.36915,6743.0,0.0,0.0025000000000000022,ETH,2492.04,0.0
2026-09-06T17:36:33.120547+00:00,ETH-25SEP26-1200-P,2499.73,ETH-25SEP26,put,1200.0,2026-09-25T08:00:00+00:00,0.050922975113855296,0.0001,0.0002,8.7e-05,0.00015,2499.73,ETH-25SEP26,1.1127,-0.00116,0.02182,12309.0,60.0,0.0001,ETH,2492.04,29.74
2026-09-06T17:36:33.120547+00:00,ETH-18SEP26-2200-C,2497.1,ETH-18SEP26,call,2200.0,2026-09-18T08:00:00+00:00,0.03175801960393059,0.12,0.1235,0.122323,0.12175,2497.1,ETH-18SEP26,0.5228,0.91892,0.66801,0.0,0.0,0.003500000000000003,ETH,2492.04,0.0
2026-09-06T17:36:33.120547+00:00,ETH-30OCT26-1700-P,2505.18,ETH-30OCT26,put,1700.0,2026-10-30T08:00:00+00:00,0.14674775266347884,0.004,0.0045,0.004284,0.00425,2505.18,ETH-30OCT26,0.6225999999999999,-0.04074,0.83915,1484.0,0.0,0.0004999999999999996,ETH,2492.04,0.0
2026-09-06T17:36:33.120547+00:00,ETH-25DEC26-1900-P,2518.75,ETH-25DEC26,put,1900.0,2026-12-25T08:00:00+00:00,0.3000673967428765,0.0255,0.0265,0.025929,0.026,2518.75,ETH-25DEC26,0.562,-0.14294,3.11349,5476.0,300.0,0.0010000000000000009,ETH,2492.04,19407.8
2026-09-06T17:36:33.120547+00:00,ETH-25SEP26-7200-C,2499.69,ETH-25SEP26,call,7200.0,2026-09-25T08:00:00+00:00,0.050922975113855296,,0.0001,2e-06,,2499.69,ETH-25SEP26,1.1496,4e-05,0.00092,1772.0,0.0,,ETH,2492.04,0.0
2026-09-06T17:36:33.120547+00:00,ETH-8SEP26-2500-P,2493.82,ETH-8SEP26,put,2500.0,2026-09-08T08:00:00+00:00,0.004379511732609577,0.01,0.0115,0.010885,0.01075,2493.82,ETH-8SEP26,0.35950000000000004,-0.54766,0.65286,75.0,72.0,0.0014999999999999996,ETH,2492.06,1638.28
2026-09-06T17:36:33.120547+00:00,ETH-11SEP26-2800-C,2494.78,ETH-11SEP26,call,2800.0,2026-09-11T08:00:00+00:00,0.01259306409400588,0.0012,0.0015,0.00144,0.00135,2494.78,ETH-11SEP26,0.616,0.0498,0.28761,6216.0,145.0,0.00030000000000000014,ETH,2492.06,429.05
2026-09-06T17:36:33.120547+00:00,ETH-25JUN27-3200-C,2573.93,ETH-25JUN27,call,3200.0,2027-06-25T08:00:00+00:00,0.798356240000919,0.118,0.1215,0.119817,0.11975,2573.93,ETH-25JUN27,0.5590999999999999,0.42577,9.01277,1379.0,0.0,0.003500000000000003,ETH,2492.06,0.0
2026-09-06T17:36:33.120547+00:00,ETH-27NOV26-3800-P,2512.25,ETH-27NOV26,put,3800.0,2026-11-27T08:00:00+00:00,0.22340757470317768,0.515,0.5335,0.523948,0.52425,2512.25,ETH-27NOV26,0.5993999999999999,-0.90677,1.97872,0.0,0.0,0.01849999999999996,ETH,2491.98,0.0
2026-09-06T17:36:33.120547+00:00,ETH-11SEP26-2500-C,2494.82,ETH-11SEP26,call,2500.0,2026-09-11T08:00:00+00:00,0.01259306409400588,0.018,0.019,0.018507,0.0185,2494.82,ETH-11SEP26,0.4363,0.48736,1.11559,5033.0,9.0,0.0010000000000000009,ETH,2491.98,449.05
2026-09-06T17:36:33.120547+00:00,ETH-25SEP26-6600-C,2499.73,ETH-25SEP26,call,6600.0,2026-09-25T08:00:00+00:00,0.050922975113855296,,0.0001,4e-06,,2499.73,ETH-25SEP26,1.0931,7e-05,0.00156,1986.0,0.0,,ETH,2491.98,0.0
2026-09-06T17:36:33.120547+00:00,ETH-7SEP26-2350-C,2493.59,ETH-7SEP26,call,2350.0,2026-09-07T08:00:00+00:00,0.0016416609454774761,0.054,0.0605,0.057431,0.05725,2493.59,ETH-7SEP26,0.5617,0.99522,0.01399,0.0,0.0,0.006499999999999999,ETH,2491.97,0.0
2026-09-06T17:36:33.120547+00:00,ETH-7SEP26-2320-P,2493.59,ETH-7SEP26,put,2320.0,2026-09-07T08:00:00+00:00,0.0016416609454774761,,0.0001,1.6e-05,,2493.59,ETH-7SEP26,0.6254,-0.00227,0.00716,501.0,86.0,,ETH,2491.97,46.61
2026-09-06T17:36:33.120547+00:00,ETH-30OCT26-1600-C,2505.15,ETH-30OCT26,call,1600.0,2026-10-30T08:00:00+00:00,0.14674775266347884,0.362,0.3655,0.364238,0.36375,2505.15,ETH-30OCT26,0.6551,0.97186,0.61893,68.0,0.0,0.003500000000000003,ETH,2491.98,0.0
2026-09-06T17:36:33.120547+00:00,ETH-7SEP26-2660-C,2493.59,ETH-7SEP26,call,2660.0,2026-09-07T08:00:00+00:00,0.0016416609454774761,,0.0001,5.3e-05,,2493.59,ETH-7SEP26,0.6379,0.00586,0.01678,262.0,125.0,,ETH,2491.97,44.34
2026-09-06T17:36:33.120547+00:00,ETH-25SEP26-2350-P,2499.73,ETH-25SEP26,put,2350.0,2026-09-25T08:00:00+00:00,0.050922975113855296,0.0195,0.0205,0.019883,0.02,2499.73,ETH-25SEP26,0.4972,-0.27426,1.87887,46.0,2.0,0.0010000000000000009,ETH,2491.97,101.94
2026-09-06T17:36:33.120547+00:00,ETH-8SEP26-2600-P,2493.86,ETH-8SEP26,put,2600.0,2026-09-08T08:00:00+00:00,0.004379511732609577,0.041,0.048,0.044133,0.0445,2493.86,ETH-8SEP26,0.4764,-0.90835,0.27128,2.0,0.0,0.006999999999999999,ETH,2491.97,0.0
2026-09-06T17:36:33.120547+00:00,ETH-7SEP26-2400-P,2493.59,ETH-7SEP26,put,2400.0,2026-09-07T08:00:00+00:00,0.0016416609454774761,0.0001,0.0002,0.000129,0.00015,2493.59,ETH-7SEP26,0.457,-0.02079,0.0504,1261.0,592.0,0.0001,ETH,2491.98,1035.32
2026-09-06T17:36:33.120547+00:00,ETH-8SEP26-2280-C,2493.86,ETH-8SEP26,call,2280.0,2026-09-08T08:00:00+00:00,0.004379511732609577,0.0825,0.089,0.085782,0.08575,2493.86,ETH-8SEP26,0.6172,0.98598,0.05888,0.0,0.0,0.006499999999999992,ETH,2491.98,0.0
2026-09-06T17:36:33.120547+00:00,ETH-26MAR27-3100-C,2544.86,ETH-26MAR27,call,3100.0,2027-03-26T08:00:00+00:00,0.5492118183718977,0.0895,0.0915,0.090397,0.0905,2544.86,ETH-26MAR27,0.5505,0.38932,7.23005,2006.0,0.0,0.0020000000000000018,ETH,2491.98,0.0
2026-09-06T17:36:33.120547+00:00,ETH-11SEP26-2300-C,2494.78,ETH-11SEP26,call,2300.0,2026-09-11T08:00:00+00:00,0.01259306409400588,0.077,0.081,0.079683,0.079,2494.78,ETH-11SEP26,0.4911,0.93176,0.36833,112.0,0.0,0.0040000000000000036,ETH,2491.98,0.0
2026-09-06T17:36:33.120547+00:00,ETH-9SEP26-2620-C,2494.33,ETH-9SEP26,call,2620.0,2026-09-09T08:00:00+00:00,0.007117362519741679,0.0023,0.0028,0.002591,0.00255,2494.33,ETH-9SEP26,0.4996,0.12227,0.42614,122.0,122.0,0.0005,ETH,2491.98,697.97
2026-09-06T17:36:33.120547+00:00,ETH-11SEP26-3000-C,2494.78,ETH-11SEP26,call,3000.0,2026-09-11T08:00:00+00:00,0.01259306409400588,0.0003,0.0005,0.000454,0.0004,2494.78,ETH-11SEP26,0.7481,0.01509,0.10652,5204.0,79.0,0.00020000000000000004,ETH,2491.98,58.82
2026-09-06T17:36:33.120547+00:00,ETH-25SEP26-2400-P,2499.69,ETH-25SEP26,put,2400.0,2026-09-25T08:00:00+00:00,0.050922975113855296,0.026,0.027,0.026503,0.0265,2499.69,ETH-25SEP26,0.4938,-0.3392,2.06411,7614.0,54.0,0.0010000000000000009,ETH,2491.98,3590.14
2026-09-06T17:36:33.120547+00:00,ETH-25SEP26-2900-P,2499.73,ETH-25SEP26,put,2900.0,2026-09-25T08:00:00+00:00,0.050922975113855296,0.1645,0.1725,0.168348,0.1685,2499.73,ETH-25SEP26,0.5628,-0.86691,1.21226,799.0,0.0,0.00799999999999998,ETH,2491.98,0.0
2026-09-06T17:36:33.120547+00:00,ETH-25JUN27-6000-P,2573.93,ETH-25JUN27,put,6000.0,2027-06-25T08:00:00+00:00,0.798356240000919,1.3315,1.3825,1.352123,1.357,2573.93,ETH-25JUN27,0.6093999999999999,-0.90029,4.02608,1.0,1.0,0.051000000000000156,ETH,2491.92,3378.63
2026-09-06T17:36:33.120547+00:00,ETH-25SEP26-15000-C,2499.73,ETH-25SEP26,call,15000.0,2026-09-25T08:00:00+00:00,0.050922975113855296,,0.0001,2e-06,,2499.73,ETH-25SEP26,1.8378999999999999,2e-05,0.00048,2390.0,0.0,,ETH,2491.92,0.0
2026-09-06T17:36:33.120547+00:00,ETH-25SEP26-5600-C,2499.73,ETH-25SEP26,call,5600.0,2026-09-25T08:00:00+00:00,0.050922975113855296,,0.0001,8e-06,,2499.73,ETH-25SEP26,0.9643,0.00016,0.00345,8185.0,0.0,,ETH,2491.92,0.0
2026-09-06T17:36:33.120547+00:00,ETH-25JUN27-3100-C,2573.93,ETH-25JUN27,call,3100.0,2027-06-25T08:00:00+00:00,0.798356240000919,0.1275,0.131,0.129476,0.12925,2573.93,ETH-25JUN27,0.5582,0.45035,9.10032,209.0,0.0,0.003500000000000003,ETH,2491.92,0.0
2026-09-06T17:36:33.120547+00:00,ETH-26MAR27-2700-C,2544.86,ETH-26MAR27,call,2700.0,2027-03-26T08:00:00+00:00,0.5492118183718977,0.1345,0.138,0.136395,0.13625,2544.86,ETH-26MAR27,0.5458,0.52166,7.51014,3034.0,0.0,0.003500000000000003,ETH,2491.92,0.0
2026-09-06T17:36:33.120547+00:00,ETH-7SEP26-2680-P,2493.44,ETH-7SEP26,put,2680.0,2026-09-07T08:00:00+00:00,0.0016416609454774761,0.072,0.079,0.074991,0.0755,2493.44,ETH-7SEP26,0.6494,-0.99711,0.00892,0.0,0.0,0.007000000000000006,ETH,2491.92,0.0
2026-09-06T17:36:33.120547+00:00,ETH-25SEP26-3000-P,2499.73,ETH-25SEP26,put,3000.0,2026-09-25T08:00:00+00:00,0.050922975113855296,0.202,0.21,0.205554,0.206,2499.73,ETH-25SEP26,0.5809000000000001,-0.90853,0.92669,7499.0,0.0,0.00799999999999998,ETH,2491.92,0.0
2026-09-06T17:36:33.120547+00:00,ETH-25DEC26-3600-P,2518.79,ETH-25DEC26,put,3600.0,2026-12-25T08:00:00+00:00,0.3000673967428765,0.442,0.4635,0.451929,0.45275,2518.79,ETH-25DEC26,0.5647,-0.84181,3.33095,93.0,0.0,0.02150000000000002,ETH,2491.92,0.0
2026-09-06T17:36:33.120547+00:00,ETH-25SEP26-5000-C,2499.69,ETH-25SEP26,call,5000.0,2026-09-25T08:00:00+00:00,0.050922975113855296,,0.0001,3.7e-05,,2499.69,ETH-25SEP26,0.9303,0.00069,0.01345,4611.0,0.0,,ETH,2491.92,0.0
2026-09-06T17:36:33.120547+00:00,ETH-10SEP26-2640-C,2494.52,ETH-10SEP26,call,2640.0,2026-09-10T08:00:00+00:00,0.00985521330687378,0.0031,0.0036,0.003361,0.00335,2494.52,ETH-10SEP26,0.5075999999999999,0.13255,0.53051,0.0,0.0,0.0005,ETH,2491.91,0.0
2026-09-06T17:36:33.120547+00:00,ETH-25JUN27-2200-C,2573.96,ETH-25JUN27,call,2200.0,2027-06-25T08:00:00+00:00,0.798356240000919,0.2625,0.2665,0.264847,0.2645,2573.96,ETH-25JUN27,0.5608,0.71306,7.83008,1055.0,0.0,0.0040000000000000036,ETH,2491.91,0.0
2026-09-06T17:36:33.120547+00:00,ETH-18SEP26-2000-P,2496.96,ETH-18SEP26,put,2000.0,2026-09-18T08:00:00+00:00,0.03175801960393059,0.0008,0.0011,0.000947,0.00095,2496.96,ETH-18SEP26,0.6339,-0.02195,0.23303,2122.0,0.0,0.00030000000000000003,ETH,2491.91,0.0
2026-09-06T17:36:33.120547+00:00,ETH-25DEC26-3600-C,2518.75,ETH-25DEC26,call,3600.0,2026-12-25T08:00:00+00:00,0.3000673967428765,0.022,0.023,0.022592,0.0225,2518.75,ETH-25DEC26,0.5647,0.15817,3.33061,2545.0,3.0,0.0010000000000000009,ETH,2491.91,172.38
2026-09-06T17:36:33.120547+00:00,ETH-25JUN27-900-C,2573.93,ETH-25JUN27,call,900.0,2027-06-25T08:00:00+00:00,0.798356240000919,0.656,0.6605,0.658995,0.65825,2573.93,ETH-25JUN27,0.7347,0.97303,1.43181,0.0,0.0,0.0044999999999999485,ETH,2491.91,0.0
2026-09-06T17:36:33.120547+00:00,ETH-25DEC26-9000-C,2518.75,ETH-25DEC26,call,9000.0,2026-12-25T08:00:00+00:00,0.3000673967428765,0.0002,0.0007,0.000396,0.00045,2518.75,ETH-25DEC26,0.7938,0.00334,0.13901,2069.0,0.0,0.0005,ETH,2491.91,0.0
2026-09-06T17:36:33.120547+00:00,ETH-30OCT26-2350-C,2505.18,ETH-30OCT26,call,2350.0,2026-10-30T08:00:00+00:00,0.14674775266347884,0.1095,0.1115,0.110523,0.1105,2505.18,ETH-30OCT26,0.5112,0.66297,3.50299,246.0,0.0,0.0020000000000000018,ETH,2491.91,0.0
2026-09-06T17:36:33.120547+00:00,ETH-25SEP26-2700-C,2499.73,ETH-25SEP26,call,2700.0,2026-09-25T08:00:00+00:00,0.050922975113855296,0.0185,0.0195,0.018784,0.019,2499.73,ETH-25SEP26,0.5209,0.27337,1.87582,11111.0,38.0,0.0010000000000000009,ETH,2491.91,1863.56
2026-09-06T17:36:33.120547+00:00,ETH-25SEP26-11000-C,2499.69,ETH-25SEP26,call,11000.0,2026-09-25T08:00:00+00:00,0.050922975113855296,,0.0001,2e-06,,2499.69,ETH-25SEP26,1.5529,3e-05,0.00061,3423.0,0.0,,ETH,2491.91,0.0
2026-09-06T17:36:33.120547+00:00,ETH-30OCT26-2750-C,2505.18,ETH-30OCT26,call,2750.0,2026-10-30T08:00:00+00:00,0.14674775266347884,0.0435,0.0445,0.043895,0.044,2505.18,ETH-30OCT26,0.5243,0.35673,3.5774,652.0,0.0,0.0010000000000000009,ETH,2491.91,0.0
2026-09-06T17:36:33.120547+00:00,ETH-25JUN27-3700-C,2573.96,ETH-25JUN27,call,3700.0,2027-06-25T08:00:00+00:00,0.798356240000919,0.081,0.084,0.082717,0.0825,2573.96,ETH-25JUN27,0.5663,0.32081,8.22993,10.0,0.0,0.0030000000000000027,ETH,2491.92,0.0
2026-09-06T17:36:33.120547+00:00,ETH-25SEP26-10000-P,2499.73,ETH-25SEP26,put,10000.0,2026-09-25T08:00:00+00:00,0.050922975113855296,2.9865,3.015,3.000658,3.00075,2499.73,ETH-25SEP26,1.4631999999999998,-0.99997,0.00066,759.0,0.0,0.028500000000000192,ETH,2491.92,0.0
2026-09-06T17:36:33.120547+00:00,ETH-25DEC26-2200-C,2518.75,ETH-25DEC26,call,2200.0,2026-12-25T08:00:00+00:00,0.3000673967428765,0.1825,0.1845,0.183523,0.1835,2518.75,ETH-25DEC26,0.5338,0.72785,4.57833,52403.0,2.0,0.0020000000000000018,ETH,2491.92,917.64
2026-09-06T17:36:33.120547+00:00,ETH-26MAR27-2100-P,2544.86,ETH-26MAR27,put,2100.0,2027-03-26T08:00:00+00:00,0.5492118183718977,0.076,0.078,0.077034,0.077,2544.86,ETH-26MAR27,0.555,-0.25111,6.00508,709.0,0.0,0.0020000000000000018,ETH,2491.92,0.0
2026-09-06T17:36:33.120547+00:00,ETH-11SEP26-2700-C,2494.78,ETH-11SEP26,call,2700.0,2026-09-11T08:00:00+00:00,0.01259306409400588,0.0027,0.0031,0.003003,0.0029,2494.78,ETH-11SEP26,0.5481,0.10246,0.49976,2918.0,455.0,0.00039999999999999975,ETH,2491.94,3166.3
2026-09-06T17:36:33.120547+00:00,ETH-8SEP26-2340-P,2493.86,ETH-8SEP26,put,2340.0,2026-09-08T08:00:00+00:00,0.004379511732609577,0.0003,0.0005,0.000397,0.0004,2493.86,ETH-8SEP26,0.5141,-0.03087,0.11484,128.0,1.0,0.00020000000000000004,ETH,2491.94,1.26
2026-09-06T17:36:33.120547+00:00,ETH-18SEP26-2800-C,2496.96,ETH-18SEP26,call,2800.0,2026-09-18T08:00:00+00:00,0.03175801960393059,0.006,0.007,0.006663,0.0065,2496.96,ETH-18SEP26,0.5623,0.13554,0.9683,19598.0,26.0,0.001,ETH,2491.94,488.05
2026-09-06T17:36:33.120547+00:00,ETH-27NOV26-2850-P,2512.25,ETH-27NOV26,put,2850.0,2026-11-27T08:00:00+00:00,0.22340757470317768,0.1855,0.1905,0.187476,0.188,2512.25,ETH-27NOV26,0.5333,-0.6469,4.41071,0.0,0.0,0.0050000000000000044,ETH,2491.99,0.0
2026-09-06T17:36:33.120547+00:00,ETH-25SEP26-2380-C,2499.73,ETH-25SEP26,call,2380.0,2026-09-25T08:00:00+00:00,0.050922975113855296,0.0705,0.0725,0.071478,0.0715,2499.73,ETH-25SEP26,0.49439999999999995,0.68759,1.99585,78.0,0.0,0.0020000000000000018,ETH,2491.94,0.0
2026-09-06T17:36:33.120547+00:00,ETH-25JUN27-2500-C,2573.96,ETH-25JUN27,call,2500.0,2027-06-25T08:00:00+00:00,0.798356240000919,0.206,0.21,0.208227,0.208,2573.96,ETH-25JUN27,0.5564,0.62013,8.75242,3193.0,0.0,0.0040000000000000036,ETH,2491.94,0.0
2026-09-06T17:36:33.120547+00:00,ETH-7SEP26-2200-C,2493.59,ETH-7SEP26,call,2200.0,2026-09-07T08:00:00+00:00,0.0016416609454774761,0.1145,0.1195,0.117564,0.117,2493.59,ETH-7SEP26,0.6516,1.0,1e-05,18.0,18.0,0.0049999999999999906,ETH,2491.99,5319.32
2026-09-06T17:36:33.120547+00:00,ETH-25DEC26-4000-P,2518.75,ETH-25DEC26,put,4000.0,2026-12-25T08:00:00+00:00,0.3000673967428765,0.591,0.6145,0.601709,0.60275,2518.75,ETH-25DEC26,0.5871999999999999,-0.89952,2.42908,223.0,0.0,0.023500000000000076,ETH,2491.99,0.0
2026-09-06T17:36:33.120547+00:00,ETH-25JUN27-800-P,2573.93,ETH-25JUN27,put,800.0,2027-06-25T08:00:00+00:00,0.798356240000919,0.0055,0.0075,0.006453,0.0065,2573.93,ETH-25JUN27,0.7633,-0.02003,1.11471,689.0,0.0,0.002,ETH,2491.99,0.0
2026-09-06T17:36:33.120547+00:00,ETH-26MAR27-6000-P,2544.86,ETH-26MAR27,put,6000.0,2027-03-26T08:00:00+00:00,0.5492118183718977,1.347,1.3885,1.367345,1.36775,2544.86,ETH-26MAR27,0.6314,-0.94516,2.09233,1.0,0.0,0.04150000000000009,ETH,2491.99,0.0
2026-09-06T17:36:33.120547+00:00,ETH-18SEP26-2600-P,2497.1,ETH-18SEP26,put,2600.0,2026-09-18T08:00:00+00:00,0.03175801960393059,0.0595,0.062,0.060913,0.06075,2497.1,ETH-18SEP26,0.5035000000000001,-0.66013,1.6295,88.0,0.0,0.0025000000000000022,ETH,2492.0,0.0
2026-09-06T17:36:33.120547+00:00,ETH-25SEP26-3100-P,2499.73,ETH-25SEP26,put,3100.0,2026-09-25T08:00:00+00:00,0.050922975113855296,0.24,0.248,0.244275,0.244,2499.73,ETH-25SEP26,0.6164999999999999,-0.93091,0.74948,1.0,0.0,0.008000000000000007,ETH,2491.99,0.0
2026-09-06T17:36:33.120547+00:00,ETH-25DEC26-1600-C,2518.75,ETH-25DEC26,call,1600.0,2026-12-25T08:00:00+00:00,0.3000673967428765,0.373,0.3775,0.375664,0.37525,2518.75,ETH-25DEC26,0.6145,0.93497,1.74947,620.0,0.0,0.004500000000000004,ETH,2492.0,0.0
2026-09-06T17:36:33.120547+00:00,ETH-9SEP26-2650-P,2494.33,ETH-9SEP26,put,2650.0,2026-09-09T08:00:00+00:00,0.007117362519741679,0.061,0.0675,0.064348,0.06425,2494.33,ETH-9SEP26,0.5322,-0.91099,0.33862,0.0,0.0,0.006500000000000006,ETH,2492.0,0.0
2026-09-06T17:36:33.120547+00:00,ETH-8SEP26-2480-C,2493.86,ETH-8SEP26,call,2480.0,2026-09-08T08:00:00+00:00,0.004379511732609577,0.012,0.013,0.012301,0.0125,2493.86,ETH-8SEP26,0.35590000000000005,0.58673,0.64195,561.0,0.0,0.0009999999999999992,ETH,2492.0,0.0
2026-09-06T17:36:33.120547+00:00,ETH-26MAR27-3100-P,2544.86,ETH-26MAR27,put,3100.0,2027-03-26T08:00:00+00:00,0.5492118183718977,0.2995,0.3235,0.308745,0.3115,2544.86,ETH-26MAR27,0.5505,-0.61067,7.23024,99.0,0.0,0.02400000000000002,ETH,2492.02,0.0
2026-09-06T17:36:33.120547+00:00,ETH-30OCT26-4400-C,2505.18,ETH-30OCT26,call,4400.0,2026-10-30T08:00:00+00:00,0.14674775266347884,0.002,0.0027,0.002359,0.00235,2505.18,ETH-30OCT26,0.7034,0.02513,0.56305,689.0,3.0,0.0007000000000000001,ETH,2492.02,14.94
2026-09-06T17:36:33.120547+00:00,ETH-9SEP26-2340-P,2494.33,ETH-9SEP26,put,2340.0,2026-09-09T08:00:00+00:00,0.007117362519741679,0.0009,0.0012,0.00101,0.00105,2494.33,ETH-9SEP26,0.48479999999999995,-0.05901,0.24721,612.0,842.0,0.0002999999999999999,ETH,2492.02,2693.05
2026-09-06T17:36:33.120547+00:00,ETH-25JUN27-3400-P,2573.96,ETH-25JUN27,put,3400.0,2027-06-25T08:00:00+00:00,0.798356240000919,0.413,0.4385,0.424003,0.42575,2573.96,ETH-25JUN27,0.5617,-0.61972,8.75554,5.0,0.0,0.025500000000000023,ETH,2492.02,0.0
2026-09-06T17:36:33.120547+00:00,ETH-8SEP26-2500-C,2493.82,ETH-8SEP26,call,2500.0,2026-09-08T08:00:00+00:00,0.004379511732609577,0.008,0.009,0.008296,0.0085,2493.82,ETH-8SEP26,0.35950000000000004,0.45221,0.65282,1226.0,39.0,0.0009999999999999992,ETH,2492.02,650.97
2026-09-06T17:36:33.120547+00:00,ETH-25SEP26-13000-P,2499.73,ETH-25SEP26,put,13000.0,2026-09-25T08:00:00+00:00,0.050922975113855296,4.1815,4.221,4.200855,4.20125,2499.73,ETH-25SEP26,1.7075,-0.99998,0.00053,0.0,0.0,0.03950000000000031,ETH,2492.02,0.0
2026-09-06T17:36:33.120547+00:00,ETH-9SEP26-2440-P,2494.33,ETH-9SEP26,put,2440.0,2026-09-09T08:00:00+00:00,0.007117362519741679,0.005,0.0055,0.00519,0.00525,2494.33,ETH-9SEP26,0.4006,-0.25874,0.68023,23.0,8.0,0.0004999999999999996,ETH,2492.01,105.23
2026-09-06T17:36:33.120547+00:00,ETH-25DEC26-3800-P,2518.75,ETH-25DEC26,put,3800.0,2026-12-25T08:00:00+00:00,0.3000673967428765,0.5165,0.537,0.526082,0.52675,2518.75,ETH-25DEC26,0.5756,-0.87462,2.84525,26.0,0.0,0.020500000000000074,ETH,2492.01,0.0
2026-09-06T17:36:33.120547+00:00,ETH-25JUN27-1200-P,2573.96,ETH-25JUN27,put,1200.0,2027-06-25T08:00:00+00:00,0.798356240000919,0.017,0.019,0.017872,0.018,2573.96,ETH-25JUN27,0.6583,-0.05594,2.59191,531.0,6.0,0.0019999999999999983,ETH,2492.01,263.55
2026-09-06T17:36:33.120547+00:00,ETH-25SEP26-1300-P,2499.69,ETH-25SEP26,put,1300.0,2026-09-25T08:00:00+00:00,0.050922975113855296,0.0001,0.0002,0.000142,0.00015,2499.69,ETH-25SEP26,1.0456,-0.00196,0.03503,4963.0,22.0,0.0001,ETH,2492.01,16.36
2026-09-06T17:36:33.120547+00:00,ETH-27NOV26-2150-P,2512.25,ETH-27NOV26,put,2150.0,2026-11-27T08:00:00+00:00,0.22340757470317768,0.0375,0.039,0.038331,0.03825,2512.25,ETH-27NOV26,0.5347999999999999,-0.22975,3.60224,10.0,0.0,0.0015000000000000013,ETH,2492.28,0.0
2026-09-06T17:36:33.120547+00:00,ETH-25SEP26-1400-C,2499.73,ETH-25SEP26,call,1400.0,2026-09-25T08:00:00+00:00,0.050922975113855296,0.438,0.441,0.44009,0.4395,2499.73,ETH-25SEP26,0.9578,0.99733,0.04643,1553.0,0.0,0.0030000000000000027,ETH,2492.01,0.0
2026-09-06T17:36:33.120547+00:00,ETH-7SEP26-2750-P,2493.59,ETH-7SEP26,put,2750.0,2026-09-07T08:00:00+00:00,0.0016416609454774761,0.0995,0.107,0.103051,0.10325,2493.59,ETH-7SEP26,0.7606,-0.99928,0.0025,0.0,0.0,0.007499999999999993,ETH,2492.28,0.0
2026-09-06T17:36:33.120547+00:00,ETH-10SEP26-2900-P,2494.52,ETH-10SEP26,put,2900.0,2026-09-10T08:00:00+00:00,0.00985521330687378,0.159,0.1675,0.163179,0.16325,2494.52,ETH-10SEP26,0.7031000000000001,-0.98361,0.10111,0.0,0.0,0.008500000000000008,ETH,2492.28,0.0
2026-09-06T17:36:33.120547+00:00,ETH-27NOV26-3300-C,2512.25,ETH-27NOV26,call,3300.0,2026-11-27T08:00:00+00:00,0.22340757470317768,0.023,0.0245,0.023771,0.02375,2512.25,ETH-27NOV26,0.5605,0.18441,3.16259,13.0,0.0,0.0015000000000000013,ETH,2492.43,0.0
2026-09-06T17:36:33.120547+00:00,ETH-9SEP26-2600-P,2494.33,ETH-9SEP26,put,2600.0,2026-09-09T08:00:00+00:00,0.007117362519741679,0.0425,0.049,0.045655,0.04575,2494.33,ETH-9SEP26,0.47850000000000004,-0.847,0.49675,0.0,0.0,0.006499999999999999,ETH,2492.28,0.0
2026-09-06T17:36:33.120547+00:00,ETH-26MAR27-5500-C,2544.89,ETH-26MAR27,call,5500.0,2027-03-26T08:00:00+00:00,0.5492118183718977,0.0115,0.013,0.012367,0.01225,2544.89,ETH-26MAR27,0.6157,0.0719,2.58424,2976.0,0.0,0.0014999999999999996,ETH,2492.43,0.0
2026-09-06T17:36:33.120547+00:00,ETH-25SEP26-3600-P,2499.73,ETH-25SEP26,put,3600.0,2026-09-25T08:00:00+00:00,0.050922975113855296,0.4365,0.4475,0.441301,0.442,2499.73,ETH-25SEP26,0.7442,-0.98175,0.25254,907.0,0.0,0.01100000000000001,ETH,2492.43,0.0
2026-09-06T17:36:33.120547+00:00,ETH-10SEP26-2360-P,2494.52,ETH-10SEP26,put,2360.0,2026-09-10T08:00:00+00:00,0.00985521330687378,0.002,0.0024,0.00218,0.0022,2494.52,ETH-10SEP26,0.44549999999999995,-0.10353,0.44542,28.0,28.0,0.00039999999999999975,ETH,2492.43,173.22
2026-09-06T17:36:33.120547+00:00,ETH-8SEP26-2650-C,2493.86,ETH-8SEP26,call,2650.0,2026-09-08T08:00:00+00:00,0.004379511732609577,0.0007,0.0008,0.000754,0.00075,2493.86,ETH-8SEP26,0.5535,0.04863,0.16628,7.0,9.0,0.00010000000000000005,ETH,2492.43,20.62
2026-09-06T17:36:33.120547+00:00,ETH-25SEP26-1300-C,2499.69,ETH-25SEP26,call,1300.0,2026-09-25T08:00:00+00:00,0.050922975113855296,0.478,0.481,0.480057,0.4795,2499.69,ETH-25SEP26,1.0456,0.99805,0.03496,68.0,0.0,0.0030000000000000027,ETH,2492.43,0.0
2026-09-06T17:36:33.120547+00:00,ETH-25DEC26-1600-P,2518.79,ETH-25DEC26,put,1600.0,2026-12-25T08:00:00+00:00,0.3000673967428765,0.0105,0.0115,0.010925,0.011,2518.79,ETH-25DEC26,0.6145,-0.06496,1.74838,8359.0,1.0,0.0009999999999999992,ETH,2492.41,27.33
2026-09-06T17:36:33.120547+00:00,ETH-30OCT26-2050-P,2505.15,ETH-30OCT26,put,2050.0,2026-10-30T08:00:00+00:00,0.14674775266347884,0.016,0.017,0.016334,0.0165,2505.15,ETH-30OCT26,0.5382,-0.14171,2.15329,397.0,1.0,0.0010000000000000009,ETH,2492.41,42.16
2026-09-06T17:36:33.120547+00:00,ETH-11SEP26-2650-C,2494.82,ETH-11SEP26,call,2650.0,2026-09-11T08:00:00+00:00,0.01259306409400588,0.0042,0.0046,0.004519,0.0044,2494.82,ETH-11SEP26,0.5138,0.152,0.65819,4387.0,24.0,0.0004000000000000002,ETH,2492.41,288.79
2026-09-06T17:36:33.120547+00:00,ETH-8SEP26-2460-C,2493.86,ETH-8SEP26,call,2460.0,2026-09-08T08:00:00+00:00,0.004379511732609577,0.0165,0.0185,0.017574,0.0175,2493.86,ETH-8SEP26,0.35840000000000005,0.7145,0.56014,539.0,15.0,0.0019999999999999983,ETH,2492.41,730.35
2026-09-06T17:36:33.120547+00:00,ETH-9SEP26-2360-P,2494.33,ETH-9SEP26,put,2360.0,2026-09-09T08:00:00+00:00,0.007117362519741679,0.0012,0.0015,0.001321,0.00135,2494.33,ETH-9SEP26,0.4611,-0.07656,0.30236,144.0,146.0,0.00030000000000000014,ETH,2492.41,512.69
2026-09-06T17:36:33.120547+00:00,ETH-25DEC26-11000-C,2518.75,ETH-25DEC26,call,11000.0,2026-12-25T08:00:00+00:00,0.3000673967428765,0.0001,0.0003,0.000213,0.0002,2518.75,ETH-25DEC26,0.8542000000000001,0.00177,0.0781,2175.0,0.0,0.00019999999999999998,ETH,2492.4,0.0
2026-09-06T17:36:33.120547+00:00,ETH-25JUN27-1000-C,2573.93,ETH-25JUN27,call,1000.0,2027-06-25T08:00:00+00:00,0.798356240000919,0.62,0.625,0.62277,0.6225,2573.93,ETH-25JUN27,0.7079000000000001,0.96485,1.78299,96.0,0.0,0.0050000000000000044,ETH,2492.4,0.0
2026-09-06T17:36:33.120547+00:00,ETH-10SEP26-2620-C,2494.52,ETH-10SEP26,call,2620.0,2026-09-10T08:00:00+00:00,0.00985521330687378,0.0039,0.0044,0.004129,0.00415,2494.52,ETH-10SEP26,0.49310000000000004,0.16132,0.6054,0.0,0.0,0.0005000000000000004,ETH,2492.4,0.0
2026-09-06T17:36:33.120547+00:00,ETH-25JUN27-2300-P,2573.93,ETH-25JUN27,put,2300.0,2027-06-25T08:00:00+00:00,0.798356240000919,0.1365,0.14,0.138065,0.13825,2573.93,ETH-25JUN27,0.5586,-0.31777,8.19866,756.0,0.0,0.003500000000000003,ETH,2492.4,0.0
2026-09-06T17:36:33.120547+00:00,ETH-25SEP26-2380-P,2499.73,ETH-25SEP26,put,2380.0,2026-09-25T08:00:00+00:00,0.050922975113855296,0.023,0.024,0.023634,0.0235,2499.73,ETH-25SEP26,0.49439999999999995,-0.31175,1.99445,131.0,0.0,0.0010000000000000009,ETH,2492.4,0.0
2026-09-06T17:36:33.120547+00:00,ETH-30OCT26-2400-P,2505.15,ETH-30OCT26,put,2400.0,2026-10-30T08:00:00+00:00,0.14674775266347884,0.0565,0.0575,0.057117,0.057,2505.15,ETH-30OCT26,0.5104,-0.37653,3.64307,4426.0,6.0,0.0010000000000000009,ETH,2492.49,867.19
2026-09-06T17:36:33.120547+00:00,ETH-27NOV26-3200-P,2512.25,ETH-27NOV26,put,3200.0,2026-11-27T08:00:00+00:00,0.22340757470317768,0.295,0.3105,0.30222,0.30275,2512.25,ETH-27NOV26,0.5539999999999999,-0.78664,3.45355,0.0,0.0,0.015500000000000014,ETH,2492.49,0.0
2026-09-06T17:36:33.120547+00:00,ETH-10SEP26-2560-P,2494.48,ETH-10SEP26,put,2560.0,2026-09-10T08:00:00+00:00,0.00985521330687378,0.033,0.0355,0.034314,0.03425,2494.48,ETH-10SEP26,0.4511,-0.71442,0.84107,0.0,0.0,0.0024999999999999953,ETH,2492.49,0.0
2026-09-06T17:36:33.120547+00:00,ETH-11SEP26-2900-C,2494.78,ETH-11SEP26,call,2900.0,2026-09-11T08:00:00+00:00,0.01259306409400588,0.0006,0.0008,0.000767,0.0007,2494.78,ETH-11SEP26,0.6823,0.02636,0.17093,1353.0,17.0,0.0002000000000000001,ETH,2492.49,21.07
2026-09-06T17:36:33.120547+00:00,ETH-8SEP26-2900-C,2493.86,ETH-8SEP26,call,2900.0,2026-09-08T08:00:00+00:00,0.004379511732609577,,0.0001,3e-05,,2493.86,ETH-8SEP26,0.7873,0.00198,0.01035,340.0,90.0,,ETH,2492.49,22.49
2026-09-06T17:36:33.120547+00:00,ETH-18SEP26-2350-C,2496.96,ETH-18SEP26,call,2350.0,2026-09-18T08:00:00+00:00,0.03175801960393059,0.07,0.072,0.070812,0.071,2496.96,ETH-18SEP26,0.48710000000000003,0.76936,1.35291,172.0,0.0,0.001999999999999988,ETH,2492.49,0.0
2026-09-06T17:36:33.120547+00:00,ETH-8SEP26-2300-P,2493.86,ETH-8SEP26,put,2300.0,2026-09-08T08:00:00+00:00,0.004379511732609577,0.0001,0.0004,0.000236,0.00025,2493.86,ETH-8SEP26,0.5799,-0.01705,0.06968,226.0,55.0,0.00030000000000000003,ETH,2492.49,42.32
2026-09-06T17:36:33.120547+00:00,ETH-9SEP26-2680-P,2494.33,ETH-9SEP26,put,2680.0,2026-09-09T08:00:00+00:00,0.007117362519741679,0.0725,0.08,0.075912,0.07625,2494.33,ETH-9SEP26,0.5657,-0.93281,0.27356,0.0,0.0,0.007500000000000007,ETH,2492.49,0.0
2026-09-06T17:36:33.120547+00:00,ETH-7SEP26-2260-P,2493.59,ETH-7SEP26,put,2260.0,2026-09-07T08:00:00+00:00,0.0016416609454774761,,0.0001,1e-06,,2493.59,ETH-7SEP26,0.6515000000000001,-0.0001,0.00039,5.0,0.0,,ETH,2492.43,0.0
2026-09-06T17:36:33.120547+00:00,ETH-25JUN27-3200-P,2573.93,ETH-25JUN27,put,3200.0,2027-06-25T08:00:00+00:00,0.798356240000919,0.358,0.3655,0.363105,0.36175,2573.93,ETH-25JUN27,0.5590999999999999,-0.5741,9.01475,0.0,0.0,0.007500000000000007,ETH,2492.49,0.0
2026-09-06T17:36:33.120547+00:00,ETH-27NOV26-4600-C,2512.25,ETH-27NOV26,call,4600.0,2026-11-27T08:00:00+00:00,0.22340757470317768,0.0041,0.0045,0.00443,0.0043,2512.25,ETH-27NOV26,0.6665000000000001,0.03887,0.99961,364.0,2.0,0.0003999999999999993,ETH,2492.43,19.48
2026-09-06T17:36:33.120547+00:00,ETH-25SEP26-9000-C,2499.73,ETH-25SEP26,call,9000.0,2026-09-25T08:00:00+00:00,0.050922975113855296,,0.0001,2e-06,,2499.73,ETH-25SEP26,1.3633000000000002,3e-05,0.00072,2096.0,0.0,,ETH,2492.43,0.0
2026-09-06T17:36:33.120547+00:00,ETH-11SEP26-2000-P,2494.78,ETH-11SEP26,put,2000.0,2026-09-11T08:00:00+00:00,0.01259306409400588,0.0001,0.0003,0.00017,0.0002,2494.78,ETH-11SEP26,0.7942,-0.00591,0.04697,6193.0,104.0,0.00019999999999999998,ETH,2492.43,56.1
2026-09-06T17:36:33.120547+00:00,ETH-25JUN27-2100-C,2573.93,ETH-25JUN27,call,2100.0,2027-06-25T08:00:00+00:00,0.798356240000919,0.2845,0.2885,0.286776,0.2865,2573.93,ETH-25JUN27,0.5636,0.74369,7.40338,142.0,0.0,0.0040000000000000036,ETH,2492.43,0.0
2026-09-06T17:36:33.120547+00:00,ETH-10SEP26-2660-P,2494.52,ETH-10SEP26,put,2660.0,2026-09-10T08:00:00+00:00,0.00985521330687378,0.066,0.0735,0.069241,0.06975,2494.52,ETH-10SEP26,0.5196999999999999,-0.89051,0.46383,0.0,0.0,0.007499999999999993,ETH,2492.51,0.0
2026-09-06T17:36:33.120547+00:00,ETH-30OCT26-1950-C,2505.18,ETH-30OCT26,call,1950.0,2026-10-30T08:00:00+00:00,0.14674775266347884,0.23,0.2345,0.232625,0.23225,2505.18,ETH-30OCT26,0.5562,0.89972,1.68739,744.0,0.0,0.004499999999999976,ETH,2492.51,0.0
2026-09-06T17:36:33.120547+00:00,ETH-30OCT26-2650-P,2505.15,ETH-30OCT26,put,2650.0,2026-10-30T08:00:00+00:00,0.14674775266347884,0.113,0.114,0.113489,0.1135,2505.15,ETH-30OCT26,0.5178,-0.574,3.76178,302.0,18.0,0.0010000000000000009,ETH,2492.51,4863.68
2026-09-06T17:36:33.120547+00:00,ETH-26MAR27-3200-C,2544.86,ETH-26MAR27,call,3200.0,2027-03-26T08:00:00+00:00,0.5492118183718977,0.0805,0.083,0.081716,0.08175,2544.86,ETH-26MAR27,0.5523,0.36098,7.0615,4838.0,0.0,0.0025000000000000022,ETH,2492.51,0.0
2026-09-06T17:36:33.120547+00:00,ETH-30OCT26-4200-P,2505.15,ETH-30OCT26,put,4200.0,2026-10-30T08:00:00+00:00,0.14674775266347884,0.672,0.6905,0.679604,0.68125,2505.15,ETH-30OCT26,0.6803,-0.96815,0.68602,0.0,0.0,0.01849999999999996,ETH,2492.51,0.0
2026-09-06T17:36:33.120547+00:00,ETH-25DEC26-3800-C,2518.75,ETH-25DEC26,call,3800.0,2026-12-25T08:00:00+00:00,0.3000673967428765,0.0165,0.018,0.017337,0.01725,2518.75,ETH-25DEC26,0.5756,0.12551,2.84796,3134.0,0.0,0.0014999999999999979,ETH,2492.5,0.0
2026-09-06T17:36:33.120547+00:00,ETH-25SEP26-4800-C,2499.69,ETH-25SEP26,call,4800.0,2026-09-25T08:00:00+00:00,0.050922975113855296,,0.0001,7.5e-05,,2499.69,ETH-25SEP26,0.9301,0.00133,0.02461,1700.0,0.0,,ETH,2492.5,0.0
2026-09-06T17:36:33.120547+00:00,ETH-9SEP26-2300-C,2494.33,ETH-9SEP26,call,2300.0,2026-09-09T08:00:00+00:00,0.007117362519741679,0.0755,0.08,0.07851,0.07775,2494.33,ETH-9SEP26,0.5372,0.9643,0.16514,18.0,18.0,0.004500000000000004,ETH,2492.5,4037.62
2026-09-06T17:36:33.120547+00:00,ETH-26MAR27-2400-C,2544.86,ETH-26MAR27,call,2400.0,2027-03-26T08:00:00+00:00,0.5492118183718977,0.1845,0.1875,0.185971,0.186,2544.86,ETH-26MAR27,0.5466,0.63537,7.08562,2363.0,0.0,0.0030000000000000027,ETH,2492.5,0.0
2026-09-06T17:36:33.120547+00:00,ETH-26MAR27-4000-P,2544.86,ETH-26MAR27,put,4000.0,2027-03-26T08:00:00+00:00,0.5492118183718977,0.599,0.6255,0.610498,0.61225,2544.86,ETH-26MAR27,0.5722999999999999,-0.80365,5.22093,0.0,0.0,0.026499999999999968,ETH,2492.5,0.0
2026-09-06T17:36:33.120547+00:00,ETH-10SEP26-2100-P,2494.52,ETH-10SEP26,put,2100.0,2026-09-10T08:00:00+00:00,0.00985521330687378,0.0003,0.0005,0.000309,0.0004,2494.52,ETH-10SEP26,0.7737999999999999,-0.01158,0.07496,60.0,60.0,0.00020000000000000004,ETH,2492.51,35.37
2026-09-06T17:36:33.120547+00:00,ETH-11SEP26-2550-C,2494.82,ETH-11SEP26,call,2550.0,2026-09-11T08:00:00+00:00,0.01259306409400588,0.011,0.012,0.011476,0.0115,2494.82,ETH-11SEP26,0.4573,0.34075,1.02618,2147.0,278.0,0.0010000000000000009,ETH,2492.51,8509.67
2026-09-06T17:36:33.120547+00:00,ETH-27NOV26-2550-P,2512.25,ETH-27NOV26,put,2550.0,2026-11-27T08:00:00+00:00,0.22340757470317768,0.1065,0.108,0.106972,0.10725,2512.25,ETH-27NOV26,0.5232,-0.47552,4.72747,43.0,0.0,0.0015000000000000013,ETH,2492.51,0.0
2026-09-06T17:36:33.120547+00:00,ETH-8SEP26-2620-P,2493.86,ETH-8SEP26,put,2620.0,2026-09-08T08:00:00+00:00,0.004379511732609577,0.0485,0.0555,0.051829,0.052,2493.86,ETH-8SEP26,0.5062,-0.92949,0.22258,0.0,0.0,0.006999999999999999,ETH,2492.51,0.0
2026-09-06T17:36:33.120547+00:00,ETH-8SEP26-2580-P,2493.82,ETH-8SEP26,put,2580.0,2026-09-08T08:00:00+00:00,0.004379511732609577,0.033,0.0405,0.036565,0.03675,2493.82,ETH-8SEP26,0.4457,-0.87574,0.33796,0.0,0.0,0.0075,ETH,2492.51,0.0
2026-09-06T17:36:33.120547+00:00,ETH-25SEP26-4000-C,2499.73,ETH-25SEP26,call,4000.0,2026-09-25T08:00:00+00:00,0.050922975113855296,0.0003,0.0005,0.000402,0.0004,2499.73,ETH-25SEP26,0.8177,0.00698,0.10962,21302.0,500.0,0.00020000000000000004,ETH,2492.51,498.98
2026-09-06T17:36:33.120547+00:00,ETH-25SEP26-2100-C,2499.73,ETH-25SEP26,call,2100.0,2026-09-25T08:00:00+00:00,0.050922975113855296,0.1615,0.165,0.164008,0.16325,2499.73,ETH-25SEP26,0.5502,0.92797,0.77401,5723.0,15.0,0.003500000000000003,ETH,2492.5,6145.01
2026-09-06T17:36:33.120547+00:00,ETH-25DEC26-2500-P,2518.75,ETH-25DEC26,put,2500.0,2026-12-25T08:00:00+00:00,0.3000673967428765,0.11,0.1115,0.110251,0.11075,2518.75,ETH-25DEC26,0.5247999999999999,-0.43322,5.42632,1501.0,0.0,0.0015000000000000013,ETH,2492.5,0.0
2026-09-06T17:36:33.120547+00:00,ETH-11SEP26-2570-P,2494.82,ETH-11SEP26,put,2570.0,2026-09-11T08:00:00+00:00,0.01259306409400588,0.0385,0.0405,0.039658,0.0395,2494.82,ETH-11SEP26,0.4673,-0.70863,0.95998,0.0,0.0,0.0020000000000000018,ETH,2492.5,0.0
2026-09-06T17:36:33.120547+00:00,ETH-26MAR27-4600-P,2544.86,ETH-26MAR27,put,4600.0,2027-03-26T08:00:00+00:00,0.5492118183718977,0.8155,0.852,0.831366,0.83375,2544.86,ETH-26MAR27,0.5902000000000001,-0.87184,3.94999,0.0,0.0,0.03649999999999998,ETH,2492.5,0.0
2026-09-06T17:36:33.120547+00:00,ETH-26MAR27-3700-P,2544.86,ETH-26MAR27,put,3700.0,2027-03-26T08:00:00+00:00,0.5492118183718977,0.494,0.521,0.50452,0.5075,2544.86,ETH-26MAR27,0.5639,-0.75399,5.94124,0.0,0.0,0.027000000000000024,ETH,2492.5,0.0
2026-09-06T17:36:33.120547+00:00,ETH-26MAR27-2200-P,2544.86,ETH-26MAR27,put,2200.0,2027-03-26T08:00:00+00:00,0.5492118183718977,0.0915,0.0935,0.09255,0.0925,2544.86,ETH-26MAR27,0.5512,-0.28789,6.43283,1732.0,0.0,0.0020000000000000018,ETH,2492.5,0.0
2026-09-06T17:36:33.120547+00:00,ETH-25DEC26-1700-C,2518.75,ETH-25DEC26,call,1700.0,2026-12-25T08:00:00+00:00,0.3000673967428765,0.3375,0.341,0.339771,0.33925,2518.75,ETH-25DEC26,0.5952000000000001,0.91421,2.1616,365.0,0.0,0.003500000000000003,ETH,2492.5,0.0
2026-09-06T17:36:33.120547+00:00,ETH-30OCT26-2850-P,2505.18,ETH-30OCT26,put,2850.0,2026-10-30T08:00:00+00:00,0.14674775266347884,0.17,0.1755,0.172333,0.17275,2505.18,ETH-30OCT26,0.5318,-0.70312,3.32035,0.0,0.0,0.005499999999999977,ETH,2492.5,0.0
2026-09-06T17:36:33.120547+00:00,ETH-7SEP26-2900-P,2493.59,ETH-7SEP26,put,2900.0,2026-09-07T08:00:00+00:00,0.0016416609454774761,0.1595,0.1675,0.16321,0.1635,2493.59,ETH-7SEP26,0.7617,-1.0,0.0,0.0,0.0,0.008000000000000007,ETH,2492.46,0.0
2026-09-06T17:36:33.120547+00:00,ETH-25SEP26-6000-C,2499.69,ETH-25SEP26,call,6000.0,2026-09-25T08:00:00+00:00,0.050922975113855296,,0.0001,6e-06,,2499.69,ETH-25SEP26,1.0195999999999998,0.00011,0.00247,3711.0,0.0,,ETH,2492.5,0.0
2026-09-06T17:36:33.120547+00:00,ETH-8SEP26-2640-C,2493.86,ETH-8SEP26,call,2640.0,2026-09-08T08:00:00+00:00,0.004379511732609577,0.0008,0.0009,0.000841,0.00085,2493.86,ETH-8SEP26,0.5379,0.05499,0.18335,442.0,282.0,9.999999999999994e-05,ETH,2492.46,792.7
2026-09-06T17:36:33.120547+00:00,ETH-30OCT26-4400-P,2505.15,ETH-30OCT26,put,4400.0,2026-10-30T08:00:00+00:00,0.14674775266347884,0.7515,0.7655,0.758721,0.7585,2505.15,ETH-30OCT26,0.7034,-0.97483,0.56395,0.0,0.0,0.014000000000000012,ETH,2492.46,0.0
2026-09-06T17:36:33.120547+00:00,ETH-25DEC26-3200-P,2518.79,ETH-25DEC26,put,3200.0,2026-12-25T08:00:00+00:00,0.3000673967428765,0.3025,0.3205,0.310647,0.3115,2518.79,ETH-25DEC26,0.5453,-0.74321,4.44606,261.0,0.0,0.018000000000000016,ETH,2492.46,0.0
2026-09-06T17:36:33.120547+00:00,ETH-25SEP26-5400-C,2499.73,ETH-25SEP26,call,5400.0,2026-09-25T08:00:00+00:00,0.050922975113855296,,0.0001,1e-05,,2499.73,ETH-25SEP26,0.9339,0.00019,0.00412,1738.0,0.0,,ETH,2492.46,0.0
2026-09-06T17:36:33.120547+00:00,ETH-25DEC26-10000-C,2518.75,ETH-25DEC26,call,10000.0,2026-12-25T08:00:00+00:00,0.3000673967428765,0.0002,0.0005,0.000253,0.00035,2518.75,ETH-25DEC26,0.8175,0.00214,0.0932,1743.0,0.0,0.00030000000000000003,ETH,2492.46,0.0
2026-09-06T17:36:33.120547+00:00,ETH-8SEP26-2440-P,2493.86,ETH-8SEP26,put,2440.0,2026-09-08T08:00:00+00:00,0.004379511732609577,0.0023,0.0028,0.002513,0.00255,2493.86,ETH-8SEP26,0.37060000000000004,-0.18885,0.44568,177.0,51.0,0.0005,ETH,2492.37,608.36
2026-09-06T17:36:33.120547+00:00,ETH-25JUN27-2800-C,2573.93,ETH-25JUN27,call,2800.0,2027-06-25T08:00:00+00:00,0.798356240000919,0.1615,0.1655,0.163832,0.1635,2573.93,ETH-25JUN27,0.5561,0.53107,9.1451,1231.0,0.0,0.0040000000000000036,ETH,2492.37,0.0
2026-09-06T17:36:33.120547+00:00,ETH-25SEP26-4800-P,2499.73,ETH-25SEP26,put,4800.0,2026-09-25T08:00:00+00:00,0.050922975113855296,0.914,0.929,0.92039,0.9215,2499.73,ETH-25SEP26,0.9301,-0.99867,0.02461,110.0,0.0,0.015000000000000013,ETH,2492.37,0.0
2026-09-06T17:36:33.120547+00:00,ETH-18SEP26-2350-P,2496.96,ETH-18SEP26,put,2350.0,2026-09-18T08:00:00+00:00,0.03175801960393059,0.0115,0.0125,0.012092,0.012,2496.96,ETH-18SEP26,0.48710000000000003,-0.23068,1.35303,1472.0,13.0,0.0010000000000000009,ETH,2492.36,395.66
2026-09-06T17:36:33.120547+00:00,ETH-25DEC26-5500-P,2518.75,ETH-25DEC26,put,5500.0,2026-12-25T08:00:00+00:00,0.3000673967428765,1.1725,1.204,1.187015,1.18825,2518.75,ETH-25DEC26,0.6729,-0.97355,0.84522,0.0,0.0,0.03149999999999986,ETH,2492.36,0.0
2026-09-06T17:36:33.120547+00:00,ETH-30OCT26-2350-P,2505.15,ETH-30OCT26,put,2350.0,2026-10-30T08:00:00+00:00,0.14674775266347884,0.048,0.049,0.048632,0.0485,2505.15,ETH-30OCT26,0.5112,-0.33666,3.50219,657.0,12.0,0.0010000000000000009,ETH,2492.36,1418.15
2026-09-06T17:36:33.120547+00:00,ETH-25SEP26-4200-C,2499.69,ETH-25SEP26,call,4200.0,2026-09-25T08:00:00+00:00,0.050922975113855296,0.0001,0.0004,0.000275,0.00025,2499.69,ETH-25SEP26,0.8554,0.00462,0.07601,2651.0,1.0,0.00030000000000000003,ETH,2492.36,0.5
2026-09-06T17:36:33.120547+00:00,ETH-7SEP26-2340-P,2493.44,ETH-7SEP26,put,2340.0,2026-09-07T08:00:00+00:00,0.0016416609454774761,,0.0001,1.9e-05,,2493.44,ETH-7SEP26,0.5656,-0.00281,0.00869,1237.0,234.0,,ETH,2492.31,70.12
2026-09-06T17:36:33.120547+00:00,ETH-30OCT26-2700-P,2505.18,ETH-30OCT26,put,2700.0,2026-10-30T08:00:00+00:00,0.14674775266347884,0.126,0.1285,0.127241,0.12725,2505.18,ETH-30OCT26,0.5209,-0.60949,3.68264,126.0,17.0,0.0025000000000000022,ETH,2492.36,5118.95
2026-09-06T17:36:33.120547+00:00,ETH-11SEP26-2470-P,2494.78,ETH-11SEP26,put,2470.0,2026-09-11T08:00:00+00:00,0.01259306409400588,0.014,0.015,0.014549,0.0145,2494.78,ETH-11SEP26,0.4285,-0.41291,1.08948,772.0,452.0,0.0009999999999999992,ETH,2492.31,17485.96
2026-09-06T17:36:33.120547+00:00,ETH-25JUN27-2800-P,2573.93,ETH-25JUN27,put,2800.0,2027-06-25T08:00:00+00:00,0.798356240000919,0.2495,0.254,0.251709,0.25175,2573.93,ETH-25JUN27,0.5561,-0.46895,9.14488,667.0,0.0,0.004500000000000004,ETH,2492.31,0.0
2026-09-06T17:36:33.120547+00:00,ETH-8SEP26-2580-C,2493.82,ETH-8SEP26,call,2580.0,2026-09-08T08:00:00+00:00,0.004379511732609577,0.0017,0.002,0.001833,0.00185,2493.82,ETH-8SEP26,0.4457,0.12373,0.33686,98.0,57.0,0.00030000000000000014,ETH,2492.31,310.67
2026-09-06T17:36:33.120547+00:00,ETH-27NOV26-2650-C,2512.25,ETH-27NOV26,call,2650.0,2026-11-27T08:00:00+00:00,0.22340757470317768,0.0755,0.077,0.07631,0.07625,2512.25,ETH-27NOV26,0.5249,0.46284,4.71544,314.0,2.0,0.0015000000000000013,ETH,2492.31,364.5
2026-09-06T17:36:33.120547+00:00,ETH-25JUN27-2600-C,2573.93,ETH-25JUN27,call,2600.0,2027-06-25T08:00:00+00:00,0.798356240000919,0.1895,0.194,0.192117,0.19175,2573.93,ETH-25JUN27,0.5558,0.58975,8.93956,346.0,0.0,0.004500000000000004,ETH,2492.31,0.0
2026-09-06T17:36:33.120547+00:00,ETH-25JUN27-1300-P,2573.93,ETH-25JUN27,put,1300.0,2027-06-25T08:00:00+00:00,0.798356240000919,0.0215,0.0235,0.022381,0.0225,2573.93,ETH-25JUN27,0.6393,-0.06945,3.0683,1679.0,0.0,0.0020000000000000018,ETH,2492.31,0.0
2026-09-06T17:36:33.120547+00:00,ETH-26MAR27-5500-P,2544.86,ETH-26MAR27,put,5500.0,2027-03-26T08:00:00+00:00,0.5492118183718977,1.1555,1.1955,1.173952,1.1755,2544.86,ETH-26MAR27,0.6157,-0.9281,2.58435,0.0,0.0,0.040000000000000036,ETH,2492.34,0.0
2026-09-06T17:36:33.120547+00:00,ETH-26MAR27-1400-C,2544.86,ETH-26MAR27,call,1400.0,2027-03-26T08:00:00+00:00,0.5492118183718977,0.464,0.4685,0.466663,0.46625,2544.86,ETH-26MAR27,0.6374,0.93314,2.44366,31.0,0.0,0.004500000000000004,ETH,2492.34,0.0
2026-09-06T17:36:33.120547+00:00,ETH-8SEP26-2650-P,2493.86,ETH-8SEP26,put,2650.0,2026-09-08T08:00:00+00:00,0.004379511732609577,0.06,0.0675,0.06356,0.06375,2493.86,ETH-8SEP26,0.5535,-0.95137,0.16623,0.0,0.0,0.007500000000000007,ETH,2492.34,0.0
2026-09-06T17:36:33.120547+00:00,ETH-8SEP26-2600-C,2493.86,ETH-8SEP26,call,2600.0,2026-09-08T08:00:00+00:00,0.004379511732609577,0.0012,0.0015,0.00138,0.00135,2493.86,ETH-8SEP26,0.4764,0.09226,0.27259,234.0,197.0,0.00030000000000000014,ETH,2492.34,803.78
2026-09-06T17:36:33.120547+00:00,ETH-25JUN27-2400-P,2573.96,ETH-25JUN27,put,2400.0,2027-06-25T08:00:00+00:00,0.798356240000919,0.1565,0.16,0.158054,0.15825,2573.96,ETH-25JUN27,0.5571,-0.34889,8.50654,38.0,0.0,0.003500000000000003,ETH,2492.34,0.0
2026-09-06T17:36:33.120547+00:00,ETH-10SEP26-2320-C,2494.52,ETH-10SEP26,call,2320.0,2026-09-10T08:00:00+00:00,0.00985521330687378,0.0685,0.0725,0.071099,0.0705,2494.52,ETH-10SEP26,0.4817,0.93684,0.30683,0.0,0.0,0.00399999999999999,ETH,2492.35,0.0
2026-09-06T17:36:33.120547+00:00,ETH-9SEP26-2100-C,2494.33,ETH-9SEP26,call,2100.0,2026-09-09T08:00:00+00:00,0.007117362519741679,0.156,0.1595,0.158236,0.15775,2494.33,ETH-9SEP26,0.8498,0.99243,0.04391,0.0,0.0,0.003500000000000003,ETH,2492.35,0.0
2026-09-06T17:36:33.120547+00:00,ETH-25SEP26-1950-C,2499.73,ETH-25SEP26,call,1950.0,2026-09-25T08:00:00+00:00,0.050922975113855296,0.219,0.223,0.221656,0.221,2499.73,ETH-25SEP26,0.6141,0.96834,0.40116,3696.0,0.0,0.0040000000000000036,ETH,2492.35,0.0
2026-09-06T17:36:33.120547+00:00,ETH-10SEP26-2800-P,2494.52,ETH-10SEP26,put,2800.0,2026-09-10T08:00:00+00:00,0.00985521330687378,0.12,0.127,0.123506,0.1235,2494.52,ETH-10SEP26,0.6301,-0.96608,0.18633,0.0,0.0,0.007000000000000006,ETH,2492.34,0.0
2026-09-06T17:36:33.120547+00:00,ETH-9SEP26-2380-C,2494.33,ETH-9SEP26,call,2380.0,2026-09-09T08:00:00+00:00,0.007117362519741679,0.0445,0.0495,0.047604,0.047,2494.33,ETH-9SEP26,0.4414,0.89664,0.37796,0.0,0.0,0.0050000000000000044,ETH,2492.35,0.0
2026-09-06T17:36:33.120547+00:00,ETH-27NOV26-1600-C,2512.25,ETH-27NOV26,call,1600.0,2026-11-27T08:00:00+00:00,0.22340757470317768,0.368,0.3715,0.369892,0.36975,2512.25,ETH-27NOV26,0.6341,0.95077,1.20937,0.0,0.0,0.003500000000000003,ETH,2492.35,0.0
2026-09-06T17:36:33.120547+00:00,ETH-10SEP26-2500-C,2494.52,ETH-10SEP26,call,2500.0,2026-09-10T08:00:00+00:00,0.00985521330687378,0.015,0.0165,0.015597,0.01575,2494.52,ETH-10SEP26,0.4227,0.48234,0.98625,10.0,10.0,0.0015000000000000013,ETH,2492.34,334.62
2026-09-06T17:36:33.120547+00:00,ETH-26MAR27-1600-P,2544.86,ETH-26MAR27,put,1600.0,2027-03-26T08:00:00+00:00,0.5492118183718977,0.026,0.028,0.026968,0.027,2544.86,ETH-26MAR27,0.6025,-0.10363,3.39621,1520.0,0.0,0.0020000000000000018,ETH,2492.34,0.0
2026-09-06T17:36:33.120547+00:00,ETH-8SEP26-2520-C,2493.86,ETH-8SEP26,call,2520.0,2026-09-08T08:00:00+00:00,0.004379511732609577,0.005,0.006,0.005477,0.0055,2493.86,ETH-8SEP26,0.3735,0.33294,0.59896,1077.0,155.0,0.001,ETH,2492.34,2384.21
2026-09-06T17:36:33.120547+00:00,ETH-25JUN27-3800-C,2573.93,ETH-25JUN27,call,3800.0,2027-06-25T08:00:00+00:00,0.798356240000919,0.0755,0.0785,0.077018,0.077,2573.93,ETH-25JUN27,0.5679,0.30335,8.03444,436.0,0.0,0.0030000000000000027,ETH,2492.34,0.0
2026-09-06T17:36:33.120547+00:00,ETH-27NOV26-2800-C,2512.25,ETH-27NOV26,call,2800.0,2026-11-27T08:00:00+00:00,0.22340757470317768,0.057,0.0585,0.057946,0.05775,2512.25,ETH-27NOV26,0.5311,0.3788,4.51573,237.0,0.0,0.0015000000000000013,ETH,2492.34,0.0
2026-09-06T17:36:33.120547+00:00,ETH-30OCT26-1500-C,2505.15,ETH-30OCT26,call,1500.0,2026-10-30T08:00:00+00:00,0.14674775266347884,0.4015,0.405,0.403225,0.40325,2505.15,ETH-30OCT26,0.6895,0.98081,0.44851,50.0,0.0,0.003500000000000003,ETH,2492.33,0.0
2026-09-06T17:36:33.120547+00:00,ETH-25DEC26-2500-C,2518.75,ETH-25DEC26,call,2500.0,2026-12-25T08:00:00+00:00,0.3000673967428765,0.117,0.118,0.117655,0.1175,2518.75,ETH-25DEC26,0.5247999999999999,0.56668,5.42614,28617.0,2.0,0.000999999999999987,ETH,2492.33,591.04
2026-09-06T17:36:33.120547+00:00,ETH-10SEP26-2540-P,2494.52,ETH-10SEP26,put,2540.0,2026-09-10T08:00:00+00:00,0.00985521330687378,0.027,0.029,0.028319,0.028,2494.52,ETH-10SEP26,0.44020000000000004,-0.65681,0.90993,0.0,0.0,0.0020000000000000018,ETH,2492.32,0.0
2026-09-06T17:36:33.120547+00:00,ETH-30OCT26-2800-C,2505.18,ETH-30OCT26,call,2800.0,2026-10-30T08:00:00+00:00,0.14674775266347884,0.0385,0.0395,0.038974,0.039,2505.18,ETH-30OCT26,0.5279,0.32584,3.45681,4041.0,17.0,0.0010000000000000009,ETH,2492.33,1677.0
2026-09-06T17:36:33.120547+00:00,ETH-10SEP26-2320-P,2494.52,ETH-10SEP26,put,2320.0,2026-09-10T08:00:00+00:00,0.00985521330687378,0.0012,0.0015,0.001313,0.00135,2494.52,ETH-10SEP26,0.4817,-0.06319,0.30694,1.0,1.0,0.00030000000000000014,ETH,2492.32,3.47
2026-09-06T17:36:33.120547+00:00,ETH-26MAR27-2400-P,2544.86,ETH-26MAR27,put,2400.0,2027-03-26T08:00:00+00:00,0.5492118183718977,0.128,0.1305,0.129208,0.12925,2544.86,ETH-26MAR27,0.5466,-0.3647,7.08553,523.0,0.0,0.0025000000000000022,ETH,2492.32,0.0
2026-09-06T17:36:33.120547+00:00,ETH-7SEP26-2750-C,2493.59,ETH-7SEP26,call,2750.0,2026-09-07T08:00:00+00:00,0.0016416609454774761,,0.0001,6e-06,,2493.59,ETH-7SEP26,0.7606,0.00072,0.00249,49.0,48.0,,ETH,2492.28,14.5
2026-09-06T17:36:33.120547+00:00,ETH-7SEP26-2240-P,2493.59,ETH-7SEP26,put,2240.0,2026-09-07T08:00:00+00:00,0.0016416609454774761,,0.0001,0.0,,2493.59,ETH-7SEP26,0.6515000000000001,-2e-05,0.0001,87.0,0.0,,ETH,2492.28,0.0
2026-09-06T17:36:33.120547+00:00,ETH-7SEP26-2660-P,2493.59,ETH-7SEP26,put,2660.0,2026-09-07T08:00:00+00:00,0.0016416609454774761,0.064,0.071,0.066997,0.0675,2493.59,ETH-7SEP26,0.6379,-0.99408,0.01692,0.0,0.0,0.006999999999999992,ETH,2492.28,0.0
2026-09-06T17:36:33.120547+00:00,ETH-27NOV26-2350-P,2512.25,ETH-27NOV26,put,2350.0,2026-11-27T08:00:00+00:00,0.22340757470317768,0.066,0.0675,0.066721,0.06675,2512.25,ETH-27NOV26,0.5246,-0.34796,4.3877,150.0,0.0,0.0015000000000000013,ETH,2492.32,0.0
2026-09-06T17:36:33.120547+00:00,ETH-25DEC26-6000-P,2518.75,ETH-25DEC26,put,6000.0,2026-12-25T08:00:00+00:00,0.3000673967428765,1.369,1.404,1.384358,1.3865,2518.75,ETH-25DEC26,0.6899,-0.98251,0.59581,0.0,0.0,0.03499999999999992,ETH,2492.28,0.0
2026-09-06T17:36:33.120547+00:00,ETH-26MAR27-1700-C,2544.86,ETH-26MAR27,call,1700.0,2027-03-26T08:00:00+00:00,0.5492118183718977,0.3625,0.367,0.365659,0.36475,2544.86,ETH-26MAR27,0.5888,0.8731,3.92259,1256.0,0.0,0.004500000000000004,ETH,2492.28,0.0
2026-09-06T17:36:33.120547+00:00,ETH-10SEP26-2100-C,2494.52,ETH-10SEP26,call,2100.0,2026-09-10T08:00:00+00:00,0.00985521330687378,0.1555,0.16,0.158305,0.15775,2494.52,ETH-10SEP26,0.7737999999999999,0.98839,0.07511,0.0,0.0,0.004500000000000004,ETH,2492.28,0.0
2026-09-06T17:36:33.120547+00:00,ETH-25JUN27-1000-P,2573.93,ETH-25JUN27,put,1000.0,2027-06-25T08:00:00+00:00,0.798356240000919,0.0105,0.012,0.011297,0.01125,2573.93,ETH-25JUN27,0.7079000000000001,-0.03516,1.78312,4810.0,0.0,0.0014999999999999996,ETH,2492.28,0.0
2026-09-06T17:36:33.120547+00:00,ETH-8SEP26-2700-C,2493.82,ETH-8SEP26,call,2700.0,2026-09-08T08:00:00+00:00,0.004379511732609577,0.0004,0.0006,0.000473,0.0005,2493.82,ETH-8SEP26,0.6313,0.02886,0.10858,7.0,0.0,0.00019999999999999993,ETH,2492.28,0.0
2026-09-06T17:36:33.120547+00:00,ETH-27NOV26-2400-P,2512.25,ETH-27NOV26,put,2400.0,2026-11-27T08:00:00+00:00,0.22340757470317768,0.075,0.0765,0.075717,0.07575,2512.25,ETH-27NOV26,0.5238,-0.37978,4.51927,270.0,0.0,0.0015000000000000013,ETH,2492.28,0.0
2026-09-06T17:36:33.120547+00:00,ETH-25SEP26-2000-P,2499.73,ETH-25SEP26,put,2000.0,2026-09-25T08:00:00+00:00,0.050922975113855296,0.0022,0.0026,0.002355,0.0024,2499.73,ETH-25SEP26,0.5920000000000001,-0.04171,0.50272,21040.0,20.0,0.00039999999999999975,ETH,2492.28,124.09
2026-09-06T17:36:33.120547+00:00,ETH-9SEP26-2460-C,2494.33,ETH-9SEP26,call,2460.0,2026-09-09T08:00:00+00:00,0.007117362519741679,0.02,0.022,0.021209,0.021,2494.33,ETH-9SEP26,0.3958,0.66085,0.76959,0.0,0.0,0.0019999999999999983,ETH,2492.28,0.0
2026-09-06T17:36:33.120547+00:00,ETH-30OCT26-2550-P,2505.15,ETH-30OCT26,put,2550.0,2026-10-30T08:00:00+00:00,0.14674775266347884,0.0875,0.089,0.088307,0.08825,2505.15,ETH-30OCT26,0.5131,-0.49794,3.82748,725.0,0.0,0.0015000000000000013,ETH,2492.28,0.0
2026-09-06T17:36:33.120547+00:00,ETH-25DEC26-1400-P,2518.75,ETH-25DEC26,put,1400.0,2026-12-25T08:00:00+00:00,0.3000673967428765,0.0055,0.0065,0.006091,0.006,2518.75,ETH-25DEC26,0.6655,-0.03656,1.1046,13611.0,0.0,0.001,ETH,2492.29,0.0
2026-09-06T17:36:33.120547+00:00,ETH-7SEP26-2560-C,2493.59,ETH-7SEP26,call,2560.0,2026-09-07T08:00:00+00:00,0.0016416609454774761,0.0005,0.0008,0.000719,0.00065,2493.59,ETH-7SEP26,0.4682,0.07837,0.14737,811.0,551.0,0.00030000000000000003,ETH,2492.29,827.01
2026-09-06T17:36:33.120547+00:00,ETH-30OCT26-2000-C,2505.15,ETH-30OCT26,call,2000.0,2026-10-30T08:00:00+00:00,0.14674775266347884,0.213,0.217,0.215017,0.215,2505.15,ETH-30OCT26,0.5461,0.88058,1.91265,753.0,0.0,0.0040000000000000036,ETH,2492.29,0.0
2026-09-06T17:36:33.120547+00:00,ETH-10SEP26-2420-C,2494.52,ETH-10SEP26,call,2420.0,2026-09-10T08:00:00+00:00,0.00985521330687378,0.0345,0.0365,0.035313,0.0355,2494.52,ETH-10SEP26,0.4192,0.76874,0.75368,0.0,0.0,0.001999999999999995,ETH,2492.41,0.0
2026-09-06T17:36:33.120547+00:00,ETH-7SEP26-2500-P,2493.59,ETH-7SEP26,put,2500.0,2026-09-07T08:00:00+00:00,0.0016416609454774761,0.0065,0.008,0.0073,0.00725,2493.59,ETH-7SEP26,0.3644,-0.58203,0.39317,478.0,75.0,0.0015000000000000005,ETH,2492.41,1286.29
2026-09-06T17:36:33.120547+00:00,ETH-27NOV26-2700-P,2512.22,ETH-27NOV26,put,2700.0,2026-11-27T08:00:00+00:00,0.22340757470317768,0.144,0.1455,0.144541,0.14475,2512.22,ETH-27NOV26,0.5272,-0.56626,4.67041,94.0,0.0,0.0015000000000000013,ETH,2492.29,0.0
2026-09-06T17:36:33.120547+00:00,ETH-25SEP26-1800-P,2499.73,ETH-25SEP26,put,1800.0,2026-09-25T08:00:00+00:00,0.050922975113855296,0.0008,0.0011,0.000893,0.00095,2499.73,ETH-25SEP26,0.6969,-0.01527,0.21689,12901.0,0.0,0.00030000000000000003,ETH,2492.41,0.0
2026-09-06T17:36:33.120547+00:00,ETH-10SEP26-2520-P,2494.48,ETH-10SEP26,put,2520.0,2026-09-10T08:00:00+00:00,0.00985521330687378,0.022,0.0235,0.022821,0.02275,2494.48,ETH-10SEP26,0.43,-0.59041,0.96178,2.0,2.0,0.0015000000000000013,ETH,2492.41,103.79
2026-09-06T17:36:33.120547+00:00,ETH-25DEC26-9000-P,2518.75,ETH-25DEC26,put,9000.0,2026-12-25T08:00:00+00:00,0.3000673967428765,2.5505,2.6065,2.573739,2.5785,2518.75,ETH-25DEC26,0.7938,-0.99666,0.1392,0.0,0.0,0.05600000000000005,ETH,2492.41,0.0
2026-09-06T17:36:33.120547+00:00,ETH-7SEP26-2600-P,2493.59,ETH-7SEP26,put,2600.0,2026-09-07T08:00:00+00:00,0.0016416609454774761,0.04,0.047,0.043072,0.0435,2493.59,ETH-7SEP26,0.5236,-0.97682,0.05522,5.0,0.0,0.006999999999999999,ETH,2492.39,0.0
2026-09-06T17:36:33.120547+00:00,ETH-25JUN27-3600-C,2573.96,ETH-25JUN27,call,3600.0,2027-06-25T08:00:00+00:00,0.798356240000919,0.0875,0.09,0.08882,0.08875,2573.96,ETH-25JUN27,0.5644,0.33948,8.42004,205.0,0.0,0.0025000000000000022,ETH,2492.39,0.0
2026-09-06T17:36:33.120547+00:00,ETH-25JUN27-4800-C,2573.93,ETH-25JUN27,call,4800.0,2027-06-25T08:00:00+00:00,0.798356240000919,0.039,0.0415,0.040288,0.04025,2573.93,ETH-25JUN27,0.5871,0.17714,5.97279,142.0,0.0,0.0025000000000000022,ETH,2492.39,0.0
2026-09-06T17:36:33.120547+00:00,ETH-25JUN27-4000-P,2573.93,ETH-25JUN27,put,4000.0,2027-06-25T08:00:00+00:00,0.798356240000919,0.6065,0.642,0.621124,0.62425,2573.93,ETH-25JUN27,0.5714,-0.7288,7.61939,2.0,0.0,0.035499999999999976,ETH,2492.39,0.0
2026-09-06T17:36:33.120547+00:00,ETH-25DEC26-4600-C,2518.75,ETH-25DEC26,call,4600.0,2026-12-25T08:00:00+00:00,0.3000673967428765,0.0065,0.0075,0.007052,0.007,2518.75,ETH-25DEC26,0.6219,0.05492,1.5327,11164.0,0.0,0.001,ETH,2492.39,0.0
2026-09-06T17:36:33.120547+00:00,ETH-8SEP26-2360-C,2493.86,ETH-8SEP26,call,2360.0,2026-09-08T08:00:00+00:00,0.004379511732609577,0.0505,0.057,0.054051,0.05375,2493.86,ETH-8SEP26,0.48460000000000003,0.95735,0.14959,0.0,0.0,0.006499999999999999,ETH,2492.5,0.0
2026-09-06T17:36:33.120547+00:00,ETH-25DEC26-10000-P,2518.75,ETH-25DEC26,put,10000.0,2026-12-25T08:00:00+00:00,0.3000673967428765,2.9415,3.0065,2.970633,2.974,2518.75,ETH-25DEC26,0.8175,-0.99786,0.09318,0.0,0.0,0.06499999999999995,ETH,2492.5,0.0
2026-09-06T17:36:33.120547+00:00,ETH-7SEP26-2220-C,2493.59,ETH-7SEP26,call,2220.0,2026-09-07T08:00:00+00:00,0.0016416609454774761,0.1065,0.111,0.109542,0.10875,2493.59,ETH-7SEP26,0.6516,0.99999,2e-05,138.0,0.0,0.004500000000000004,ETH,2492.5,0.0
2026-09-06T17:36:33.120547+00:00,ETH-26MAR27-3200-P,2544.86,ETH-26MAR27,put,3200.0,2027-03-26T08:00:00+00:00,0.5492118183718977,0.33,0.3545,0.339365,0.34225,2544.86,ETH-26MAR27,0.5523,-0.63903,7.06136,20.0,0.0,0.024499999999999966,ETH,2492.5,0.0
2026-09-06T17:36:33.120547+00:00,ETH-26MAR27-2600-C,2544.86,ETH-26MAR27,call,2600.0,2027-03-26T08:00:00+00:00,0.5492118183718977,0.1495,0.153,0.151301,0.15125,2544.86,ETH-26MAR27,0.5455,0.55884,7.44095,3223.0,0.0,0.003500000000000003,ETH,2492.5,0.0
2026-09-06T17:36:33.120547+00:00,ETH-25SEP26-2500-C,2499.69,ETH-25SEP26,call,2500.0,2026-09-25T08:00:00+00:00,0.050922975113855296,0.0435,0.045,0.044473,0.04425,2499.69,ETH-25SEP26,0.495,0.52015,2.24697,22893.0,198.0,0.0015000000000000013,ETH,2492.5,20222.58
2026-09-06T17:36:33.120547+00:00,ETH-25JUN27-3300-P,2573.93,ETH-25JUN27,put,3300.0,2027-06-25T08:00:00+00:00,0.798356240000919,0.3875,0.395,0.393212,0.39125,2573.93,ETH-25JUN27,0.5604,-0.59739,8.89894,0.0,0.0,0.007500000000000007,ETH,2492.61,0.0
2026-09-06T17:36:33.120547+00:00,ETH-18SEP26-2300-P,2497.1,ETH-18SEP26,put,2300.0,2026-09-18T08:00:00+00:00,0.03175801960393059,0.0075,0.0085,0.008048,0.008,2497.1,ETH-18SEP26,0.4949,-0.16573,1.10749,3545.0,73.0,0.0010000000000000009,ETH,2492.61,1385.26
2026-09-06T17:36:33.120547+00:00,ETH-25JUN27-1700-C,2573.96,ETH-25JUN27,call,1700.0,2027-06-25T08:00:00+00:00,0.798356240000919,0.387,0.3925,0.390652,0.38975,2573.96,ETH-25JUN27,0.5874,0.85351,5.27702,676.0,0.0,0.005500000000000005,ETH,2492.61,0.0
2026-09-06T17:36:33.120547+00:00,ETH-25SEP26-2360-C,2499.73,ETH-25SEP26,call,2360.0,2026-09-25T08:00:00+00:00,0.050922975113855296,0.076,0.078,0.07687,0.077,2499.73,ETH-25SEP26,0.4955,0.71416,1.91731,240.0,96.0,0.0020000000000000018,ETH,2492.61,17374.16
2026-09-06T17:36:33.120547+00:00,ETH-25SEP26-2600-P,2499.73,ETH-25SEP26,put,2600.0,2026-09-25T08:00:00+00:00,0.050922975113855296,0.068,0.0705,0.069137,0.06925,2499.73,ETH-25SEP26,0.5044,-0.61513,2.1555,9379.0,0.0,0.0024999999999999883,ETH,2492.61,0.0
2026-09-06T17:36:33.120547+00:00,ETH-10SEP26-2600-C,2494.52,ETH-10SEP26,call,2600.0,2026-09-10T08:00:00+00:00,0.00985521330687378,0.0048,0.0055,0.005183,0.00515,2494.52,ETH-10SEP26,0.4818,0.19727,0.68715,45.0,45.0,0.0007000000000000001,ETH,2492.6,545.22
2026-09-06T17:36:33.120547+00:00,ETH-27NOV26-2450-C,2512.25,ETH-27NOV26,call,2450.0,2026-11-27T08:00:00+00:00,0.22340757470317768,0.109,0.1105,0.110074,0.10975,2512.25,ETH-27NOV26,0.5235,0.58834,4.61994,132.0,0.0,0.0015000000000000013,ETH,2492.6,0.0
2026-09-06T17:36:33.120547+00:00,ETH-9SEP26-2480-P,2494.33,ETH-9SEP26,put,2480.0,2026-09-09T08:00:00+00:00,0.007117362519741679,0.01,0.011,0.010712,0.0105,2494.33,ETH-9SEP26,0.39840000000000003,-0.43014,0.82594,168.0,168.0,0.0009999999999999992,ETH,2492.6,3999.35
2026-09-06T17:36:33.120547+00:00,ETH-7SEP26-2700-C,2493.59,ETH-7SEP26,call,2700.0,2026-09-07T08:00:00+00:00,0.0016416609454774761,,0.0001,1.4e-05,,2493.59,ETH-7SEP26,0.6714,0.00167,0.00542,203.0,187.0,,ETH,2492.61,83.58
2026-09-06T17:36:33.120547+00:00,ETH-11SEP26-2600-C,2494.82,ETH-11SEP26,call,2600.0,2026-09-11T08:00:00+00:00,0.01259306409400588,0.0065,0.0075,0.007174,0.007,2494.82,ETH-11SEP26,0.4852,0.22952,0.84868,2477.0,108.0,0.001,ETH,2492.61,2175.05
2026-09-06T17:36:33.120547+00:00,ETH-10SEP26-2380-C,2494.48,ETH-10SEP26,call,2380.0,2026-09-10T08:00:00+00:00,0.00985521330687378,0.0455,0.051,0.048719,0.04825,2494.48,ETH-10SEP26,0.4351,0.8641,0.53979,0.0,0.0,0.005499999999999998,ETH,2492.61,0.0
2026-09-06T17:36:33.120547+00:00,ETH-30OCT26-3800-C,2505.18,ETH-30OCT26,call,3800.0,2026-10-30T08:00:00+00:00,0.14674775266347884,0.0049,0.0055,0.005301,0.0052,2505.18,ETH-30OCT26,0.6353,0.05565,1.07733,814.0,0.0,0.0005999999999999998,ETH,2492.61,0.0
2026-09-06T17:36:33.120547+00:00,ETH-25SEP26-2420-P,2499.73,ETH-25SEP26,put,2420.0,2026-09-25T08:00:00+00:00,0.050922975113855296,0.029,0.03,0.029648,0.0295,2499.73,ETH-25SEP26,0.4938,-0.36602,2.12182,5115.0,0.0,0.0009999999999999974,ETH,2492.61,0.0
2026-09-06T17:36:33.120547+00:00,ETH-25DEC26-8000-C,2518.79,ETH-25DEC26,call,8000.0,2026-12-25T08:00:00+00:00,0.3000673967428765,0.0004,0.001,0.000646,0.0007,2518.79,ETH-25DEC26,0.7652,0.00543,0.21467,2942.0,0.0,0.0006000000000000001,ETH,2492.61,0.0
2026-09-06T17:36:33.120547+00:00,ETH-10SEP26-2900-C,2494.48,ETH-10SEP26,call,2900.0,2026-09-10T08:00:00+00:00,0.00985521330687378,0.0003,0.0005,0.000411,0.0004,2494.48,ETH-10SEP26,0.7031000000000001,0.01652,0.1018,20.0,20.0,0.00020000000000000004,ETH,2492.6,20.01
2026-09-06T17:36:33.120547+00:00,ETH-25JUN27-1600-P,2573.93,ETH-25JUN27,put,1600.0,2027-06-25T08:00:00+00:00,0.798356240000919,0.041,0.0435,0.04212,0.04225,2573.93,ETH-25JUN27,0.5974,-0.12377,4.70092,1978.0,0.0,0.0024999999999999953,ETH,2492.6,0.0
2026-09-06T17:36:33.120547+00:00,ETH-10SEP26-2250-P,2494.48,ETH-10SEP26,put,2250.0,2026-09-10T08:00:00+00:00,0.00985521330687378,0.0006,0.0009,0.000692,0.00075,2494.48,ETH-10SEP26,0.5646,-0.03158,0.17569,50.0,50.0,0.00030000000000000003,ETH,2492.6,62.56
2026-09-06T17:36:33.120547+00:00,ETH-18SEP26-2300-C,2496.96,ETH-18SEP26,call,2300.0,2026-09-18T08:00:00+00:00,0.03175801960393059,0.086,0.088,0.086795,0.087,2496.96,ETH-18SEP26,0.4949,0.83429,1.10743,50.0,0.0,0.0020000000000000018,ETH,2492.6,0.0
2026-09-06T17:36:33.120547+00:00,ETH-7SEP26-2460-P,2493.59,ETH-7SEP26,put,2460.0,2026-09-07T08:00:00+00:00,0.0016416609454774761,0.0015,0.0017,0.001397,0.0016,2493.59,ETH-7SEP26,0.3613,-0.18327,0.26724,969.0,336.0,0.00019999999999999987,ETH,2492.6,1476.13
2026-09-06T17:36:33.120547+00:00,ETH-25SEP26-2550-C,2499.73,ETH-25SEP26,call,2550.0,2026-09-25T08:00:00+00:00,0.050922975113855296,0.0355,0.0365,0.03616,0.036,2499.73,ETH-25SEP26,0.5009,0.45084,2.23284,277.0,0.0,0.0010000000000000009,ETH,2492.6,0.0
2026-09-06T17:36:33.120547+00:00,ETH-8SEP26-2100-P,2493.86,ETH-8SEP26,put,2100.0,2026-09-08T08:00:00+00:00,0.004379511732609577,,0.0001,3.2e-05,,2493.86,ETH-8SEP26,0.9014,-0.00183,0.00963,3151.0,284.0,,ETH,2492.6,96.53
2026-09-06T17:36:33.120547+00:00,ETH-30OCT26-1900-C,2505.18,ETH-30OCT26,call,1900.0,2026-10-30T08:00:00+00:00,0.14674775266347884,0.248,0.2525,0.250672,0.25025,2505.18,ETH-30OCT26,0.5678,0.91599,1.48013,275.0,0.0,0.004500000000000004,ETH,2492.6,0.0
2026-09-06T17:36:33.120547+00:00,ETH-8SEP26-2640-P,2493.86,ETH-8SEP26,put,2640.0,2026-09-08T08:00:00+00:00,0.004379511732609577,0.0565,0.0635,0.059636,0.06,2493.86,ETH-8SEP26,0.5379,-0.94487,0.18369,0.0,0.0,0.006999999999999999,ETH,2492.6,0.0
2026-09-06T17:36:33.120547+00:00,ETH-25DEC26-3100-P,2518.79,ETH-25DEC26,put,3100.0,2026-12-25T08:00:00+00:00,0.3000673967428765,0.2695,0.287,0.277468,0.27825,2518.79,ETH-25DEC26,0.541,-0.71008,4.7218,0.0,0.0,0.01749999999999996,ETH,2492.6,0.0
2026-09-06T17:36:33.120547+00:00,ETH-9SEP26-2620-P,2494.33,ETH-9SEP26,put,2620.0,2026-09-09T08:00:00+00:00,0.007117362519741679,0.0495,0.0565,0.053016,0.053,2494.33,ETH-9SEP26,0.4996,-0.87648,0.42923,0.0,0.0,0.006999999999999999,ETH,2492.58,0.0
2026-09-06T17:36:33.120547+00:00,ETH-10SEP26-2540-C,2494.48,ETH-10SEP26,call,2540.0,2026-09-10T08:00:00+00:00,0.00985521330687378,0.0095,0.0105,0.009895,0.01,2494.48,ETH-10SEP26,0.44020000000000004,0.34409,0.91092,100.0,100.0,0.0010000000000000009,ETH,2492.58,2368.07
2026-09-06T17:36:33.120547+00:00,ETH-9SEP26-2480-C,2494.33,ETH-9SEP26,call,2480.0,2026-09-09T08:00:00+00:00,0.007117362519741679,0.016,0.017,0.016417,0.0165,2494.33,ETH-9SEP26,0.39840000000000003,0.56971,0.82598,0.0,0.0,0.0010000000000000009,ETH,2492.58,0.0
2026-09-06T17:36:33.120547+00:00,ETH-25DEC26-6500-C,2518.79,ETH-25DEC26,call,6500.0,2026-12-25T08:00:00+00:00,0.3000673967428765,0.0014,0.002,0.001661,0.0017,2518.79,ETH-25DEC26,0.7190000000000001,0.01354,0.47842,1846.0,0.0,0.0006000000000000001,ETH,2492.58,0.0
2026-09-06T17:36:33.120547+00:00,ETH-26MAR27-3800-C,2544.86,ETH-26MAR27,call,3800.0,2027-03-26T08:00:00+00:00,0.5492118183718977,0.045,0.047,0.045956,0.046,2544.86,ETH-26MAR27,0.5667,0.22808,5.69934,1401.0,0.0,0.0020000000000000018,ETH,2492.58,0.0
2026-09-06T17:36:33.120547+00:00,ETH-7SEP26-2200-P,2493.59,ETH-7SEP26,put,2200.0,2026-09-07T08:00:00+00:00,0.0016416609454774761,,0.0001,0.0,,2493.59,ETH-7SEP26,0.6516,0.0,0.0,507.0,0.0,,ETH,2492.58,0.0
2026-09-06T17:36:33.120547+00:00,ETH-25SEP26-1500-P,2499.73,ETH-25SEP26,put,1500.0,2026-09-25T08:00:00+00:00,0.050922975113855296,0.0003,0.0004,0.000314,0.00035,2499.73,ETH-25SEP26,0.9042,-0.00464,0.07632,17058.0,1.0,0.00010000000000000005,ETH,2492.58,0.75
2026-09-06T17:36:33.120547+00:00,ETH-7SEP26-2300-C,2493.59,ETH-7SEP26,call,2300.0,2026-09-07T08:00:00+00:00,0.0016416609454774761,0.074,0.0805,0.077462,0.07725,2493.59,ETH-7SEP26,0.6515000000000001,0.99891,0.00365,0.0,0.0,0.006500000000000006,ETH,2492.58,0.0
2026-09-06T17:36:33.120547+00:00,ETH-25DEC26-2400-P,2518.79,ETH-25DEC26,put,2400.0,2026-12-25T08:00:00+00:00,0.3000673967428765,0.0895,0.091,0.090193,0.09025,2518.79,ETH-25DEC26,0.5275,-0.37822,5.24535,4649.0,363.0,0.0015000000000000013,ETH,2492.58,80283.21
2026-09-06T17:36:33.120547+00:00,ETH-25SEP26-1950-P,2499.69,ETH-25SEP26,put,1950.0,2026-09-25T08:00:00+00:00,0.050922975113855296,0.0016,0.002,0.001784,0.0018,2499.69,ETH-25SEP26,0.6141,-0.03161,0.40067,4380.0,0.0,0.00039999999999999996,ETH,2492.58,0.0
2026-09-06T17:36:33.120547+00:00,ETH-7SEP26-2900-C,2493.59,ETH-7SEP26,call,2900.0,2026-09-07T08:00:00+00:00,0.0016416609454774761,,0.0001,0.0,,2493.59,ETH-7SEP26,0.7617,0.0,0.0,100.0,0.0,,ETH,2492.58,0.0
2026-09-06T17:36:33.120547+00:00,ETH-7SEP26-2380-P,2493.59,ETH-7SEP26,put,2380.0,2026-09-07T08:00:00+00:00,0.0016416609454774761,,0.0002,9.3e-05,,2493.59,ETH-7SEP26,0.5173,-0.01323,0.03423,429.0,135.0,,ETH,2492.58,83.92
2026-09-06T17:36:33.120547+00:00,ETH-30OCT26-3200-P,2505.15,ETH-30OCT26,put,3200.0,2026-10-30T08:00:00+00:00,0.14674775266347884,0.2865,0.3015,0.293106,0.294,2505.15,ETH-30OCT26,0.5645,-0.84759,2.2611,2.0,0.0,0.015000000000000013,ETH,2492.6,0.0
2026-09-06T17:36:33.120547+00:00,ETH-8SEP26-2380-C,2493.86,ETH-8SEP26,call,2380.0,2026-09-08T08:00:00+00:00,0.004379511732609577,0.0425,0.0495,0.046261,0.046,2493.86,ETH-8SEP26,0.4558,0.93915,0.19852,0.0,0.0,0.006999999999999999,ETH,2492.6,0.0
2026-09-06T17:36:33.120547+00:00,ETH-7SEP26-2800-C,2493.59,ETH-7SEP26,call,2800.0,2026-09-07T08:00:00+00:00,0.0016416609454774761,,0.0001,1e-06,,2493.59,ETH-7SEP26,0.7606,8e-05,0.00033,38.0,4.0,,ETH,2492.6,1.0
2026-09-06T17:36:33.120547+00:00,ETH-30OCT26-1400-P,2505.15,ETH-30OCT26,put,1400.0,2026-10-30T08:00:00+00:00,0.14674775266347884,0.0012,0.0017,0.001412,0.00145,2505.15,ETH-30OCT26,0.7295,-0.01324,0.32632,2801.0,20.0,0.0005,ETH,2492.6,74.56
2026-09-06T17:36:33.120547+00:00,ETH-8SEP26-2560-C,2493.86,ETH-8SEP26,call,2560.0,2026-09-08T08:00:00+00:00,0.004379511732609577,0.0023,0.0028,0.00253,0.00255,2493.86,ETH-8SEP26,0.4168,0.17056,0.41798,140.0,20.0,0.0005,ETH,2492.58,177.24
2026-09-06T17:36:33.120547+00:00,ETH-26MAR27-2300-P,2544.86,ETH-26MAR27,put,2300.0,2027-03-26T08:00:00+00:00,0.5492118183718977,0.1085,0.111,0.109982,0.10975,2544.86,ETH-26MAR27,0.5485,-0.32597,6.79555,1688.0,0.0,0.0025000000000000022,ETH,2492.58,0.0
2026-09-06T17:36:33.120547+00:00,ETH-26MAR27-1700-P,2544.86,ETH-26MAR27,put,1700.0,2027-03-26T08:00:00+00:00,0.5492118183718977,0.033,0.0345,0.033785,0.03375,2544.86,ETH-26MAR27,0.5888,-0.12685,3.92188,1637.0,0.0,0.0015000000000000013,ETH,2492.58,0.0
2026-09-06T17:36:33.120547+00:00,ETH-10SEP26-2400-C,2494.52,ETH-10SEP26,call,2400.0,2026-09-10T08:00:00+00:00,0.00985521330687378,0.041,0.043,0.041813,0.042,2494.52,ETH-10SEP26,0.4261,0.82205,0.64473,0.0,0.0,0.001999999999999995,ETH,2492.58,0.0
2026-09-06T17:36:33.120547+00:00,ETH-27NOV26-3100-P,2512.25,ETH-27NOV26,put,3100.0,2026-11-27T08:00:00+00:00,0.22340757470317768,0.2605,0.276,0.267868,0.26825,2512.25,ETH-27NOV26,0.5478999999999999,-0.75296,3.74905,0.0,0.0,0.015500000000000014,ETH,2492.58,0.0
2026-09-06T17:36:33.120547+00:00,ETH-9SEP26-2400-C,2494.33,ETH-9SEP26,call,2400.0,2026-09-09T08:00:00+00:00,0.007117362519741679,0.0375,0.0415,0.04029,0.0395,2494.33,ETH-9SEP26,0.4235,0.86052,0.4668,0.0,0.0,0.0040000000000000036,ETH,2492.58,0.0
2026-09-06T17:36:33.120547+00:00,ETH-25SEP26-12000-C,2499.73,ETH-25SEP26,call,12000.0,2026-09-25T08:00:00+00:00,0.050922975113855296,,0.0001,2e-06,,2499.73,ETH-25SEP26,1.6338,2e-05,0.00057,1953.0,0.0,,ETH,2492.58,0.0
2026-09-06T17:36:33.120547+00:00,ETH-25JUN27-2900-P,2573.96,ETH-25JUN27,put,2900.0,2027-06-25T08:00:00+00:00,0.798356240000919,0.276,0.2805,0.278081,0.27825,2573.96,ETH-25JUN27,0.5565,-0.49683,9.17328,284.0,0.0,0.004500000000000004,ETH,2492.58,0.0
2026-09-06T17:36:33.120547+00:00,ETH-30OCT26-2150-C,2505.18,ETH-30OCT26,call,2150.0,2026-10-30T08:00:00+00:00,0.14674775266347884,0.1635,0.167,0.165609,0.16525,2505.18,ETH-30OCT26,0.5241,0.80493,2.64615,1035.0,0.0,0.003500000000000003,ETH,2492.58,0.0
2026-09-06T17:36:33.120547+00:00,ETH-25JUN27-4800-P,2573.93,ETH-25JUN27,put,4800.0,2027-06-25T08:00:00+00:00,0.798356240000919,0.8905,0.9285,0.90522,0.9095,2573.93,ETH-25JUN27,0.5871,-0.82283,5.97382,0.0,0.0,0.038000000000000034,ETH,2492.58,0.0
2026-09-06T17:36:33.120547+00:00,ETH-25SEP26-2350-C,2499.73,ETH-25SEP26,call,2350.0,2026-09-25T08:00:00+00:00,0.050922975113855296,0.0785,0.0805,0.079728,0.0795,2499.73,ETH-25SEP26,0.4972,0.72643,1.87698,0.0,0.0,0.0020000000000000018,ETH,2492.48,0.0
2026-09-06T17:36:33.120547+00:00,ETH-10SEP26-2440-P,2494.52,ETH-10SEP26,put,2440.0,2026-09-10T08:00:00+00:00,0.00985521330687378,0.007,0.008,0.007631,0.0075,2494.52,ETH-10SEP26,0.4139,-0.29238,0.85039,201.0,201.0,0.001,ETH,2492.48,3635.04
2026-09-06T17:36:33.120547+00:00,ETH-8SEP26-2380-P,2493.86,ETH-8SEP26,put,2380.0,2026-09-08T08:00:00+00:00,0.004379511732609577,0.0007,0.001,0.000781,0.00085,2493.86,ETH-8SEP26,0.4558,-0.06087,0.19858,334.0,321.0,0.00030000000000000003,ETH,2492.48,800.16
2026-09-06T17:36:33.120547+00:00,ETH-25DEC26-1900-C,2518.75,ETH-25DEC26,call,1900.0,2026-12-25T08:00:00+00:00,0.3000673967428765,0.269,0.2735,0.271557,0.27125,2518.75,ETH-25DEC26,0.562,0.8572,3.11194,3837.0,0.0,0.004500000000000004,ETH,2492.48,0.0
2026-09-06T17:36:33.120547+00:00,ETH-11SEP26-2250-P,2494.78,ETH-11SEP26,put,2250.0,2026-09-11T08:00:00+00:00,0.01259306409400588,0.001,0.0013,0.001101,0.00115,2494.78,ETH-11SEP26,0.5457,-0.0438,0.25952,5638.0,0.0,0.0002999999999999999,ETH,2492.51,0.0
2026-09-06T17:36:33.120547+00:00,ETH-30OCT26-2450-C,2505.15,ETH-30OCT26,call,2450.0,2026-10-30T08:00:00+00:00,0.14674775266347884,0.088,0.089,0.088582,0.0885,2505.15,ETH-30OCT26,0.5108,0.58284,3.74504,420.0,0.0,0.0010000000000000009,ETH,2492.51,0.0
2026-09-06T17:36:33.120547+00:00,ETH-11SEP26-2800-P,2494.82,ETH-11SEP26,put,2800.0,2026-09-11T08:00:00+00:00,0.01259306409400588,0.12,0.1285,0.123829,0.12425,2494.82,ETH-11SEP26,0.616,-0.95003,0.28845,67.0,0.0,0.008500000000000008,ETH,2492.51,0.0
2026-09-06T17:36:33.120547+00:00,ETH-7SEP26-2240-C,2493.44,ETH-7SEP26,call,2240.0,2026-09-07T08:00:00+00:00,0.0016416609454774761,0.1,0.103,0.10152,0.1015,2493.44,ETH-7SEP26,0.6515000000000001,0.99998,0.0001,18.0,18.0,0.002999999999999989,ETH,2492.51,4700.69
2026-09-06T17:36:33.120547+00:00,ETH-11SEP26-2200-P,2494.78,ETH-11SEP26,put,2200.0,2026-09-11T08:00:00+00:00,0.01259306409400588,0.0007,0.001,0.000773,0.00085,2494.78,ETH-11SEP26,0.6015999999999999,-0.02959,0.18821,10294.0,97.0,0.00030000000000000003,ETH,2492.51,229.64
2026-09-06T17:36:33.120547+00:00,ETH-30OCT26-1750-P,2505.15,ETH-30OCT26,put,1750.0,2026-10-30T08:00:00+00:00,0.14674775266347884,0.0049,0.0055,0.005239,0.0052,2505.15,ETH-30OCT26,0.6093999999999999,-0.04931,0.97868,779.0,1.0,0.0005999999999999998,ETH,2492.51,12.55
2026-09-06T17:36:33.120547+00:00,ETH-9SEP26-2650-C,2494.33,ETH-9SEP26,call,2650.0,2026-09-09T08:00:00+00:00,0.007117362519741679,0.0016,0.002,0.001896,0.0018,2494.33,ETH-9SEP26,0.5322,0.08976,0.34076,40.0,38.0,0.00039999999999999996,ETH,2492.52,158.99
2026-09-06T17:36:33.120547+00:00,ETH-25DEC26-1700-P,2518.79,ETH-25DEC26,put,1700.0,2026-12-25T08:00:00+00:00,0.3000673967428765,0.014,0.0155,0.014736,0.01475,2518.79,ETH-25DEC26,0.5952000000000001,-0.08578,2.16149,13364.0,0.0,0.0014999999999999996,ETH,2492.52,0.0
2026-09-06T17:36:33.120547+00:00,ETH-18SEP26-3200-P,2496.96,ETH-18SEP26,put,3200.0,2026-09-18T08:00:00+00:00,0.03175801960393059,0.2785,0.288,0.28309,0.28325,2496.96,ETH-18SEP26,0.71,-0.97133,0.29152,0.0,0.0,0.009499999999999953,ETH,2492.52,0.0
2026-09-06T17:36:33.120547+00:00,ETH-30OCT26-1500-P,2505.15,ETH-30OCT26,put,1500.0,2026-10-30T08:00:00+00:00,0.14674775266347884,0.0018,0.0023,0.002017,0.00205,2505.15,ETH-30OCT26,0.6895,-0.01918,0.44832,2662.0,0.0,0.0005,ETH,2492.52,0.0
2026-09-06T17:36:33.120547+00:00,ETH-25SEP26-2850-P,2499.73,ETH-25SEP26,put,2850.0,2026-09-25T08:00:00+00:00,0.050922975113855296,0.1465,0.1555,0.150234,0.151,2499.73,ETH-25SEP26,0.5528,-0.83951,1.37493,0.0,0.0,0.009000000000000008,ETH,2492.52,0.0
2026-09-06T17:36:33.120547+00:00,ETH-11SEP26-2000-C,2494.78,ETH-11SEP26,call,2000.0,2026-09-11T08:00:00+00:00,0.01259306409400588,0.196,0.1995,0.198464,0.19775,2494.78,ETH-11SEP26,0.7942,0.99412,0.04673,19.0,0.0,0.003500000000000003,ETH,2492.91,0.0
2026-09-06T17:36:33.120547+00:00,ETH-25DEC26-6000-C,2518.79,ETH-25DEC26,call,6000.0,2026-12-25T08:00:00+00:00,0.3000673967428765,0.0019,0.0023,0.002129,0.0021,2518.79,ETH-25DEC26,0.6899,0.0175,0.5963,10852.0,20.0,0.00039999999999999996,ETH,2492.91,109.38
2026-09-06T17:36:33.120547+00:00,ETH-30OCT26-2800-P,2505.15,ETH-30OCT26,put,2800.0,2026-10-30T08:00:00+00:00,0.14674775266347884,0.1545,0.159,0.156721,0.15675,2505.15,ETH-30OCT26,0.5279,-0.67375,3.4594,20.0,0.0,0.004500000000000004,ETH,2492.91,0.0
2026-09-06T17:36:33.120547+00:00,ETH-8SEP26-2320-C,2493.86,ETH-8SEP26,call,2320.0,2026-09-08T08:00:00+00:00,0.004379511732609577,0.0665,0.073,0.06985,0.06975,2493.86,ETH-8SEP26,0.5478000000000001,0.9771,0.0895,0.0,0.0,0.006499999999999992,ETH,2492.91,0.0
2026-09-06T17:36:33.120547+00:00,ETH-11SEP26-2600-P,2494.82,ETH-11SEP26,put,2600.0,2026-09-11T08:00:00+00:00,0.01259306409400588,0.048,0.0505,0.049391,0.04925,2494.82,ETH-11SEP26,0.4852,-0.76975,0.85029,287.0,1.0,0.0025000000000000022,ETH,2492.73,118.84
2026-09-06T17:36:33.120547+00:00,ETH-7SEP26-2440-C,2493.59,ETH-7SEP26,call,2440.0,2026-09-07T08:00:00+00:00,0.0016416609454774761,0.0185,0.0255,0.022077,0.022,2493.59,ETH-7SEP26,0.3958,0.90993,0.16364,156.0,0.0,0.006999999999999999,ETH,2492.91,0.0
2026-09-06T17:36:33.120547+00:00,ETH-25JUN27-800-C,2573.93,ETH-25JUN27,call,800.0,2027-06-25T08:00:00+00:00,0.798356240000919,0.6935,0.6965,0.695631,0.695,2573.93,ETH-25JUN27,0.7633,0.97999,1.11411,118.0,0.0,0.0030000000000000027,ETH,2492.73,0.0
2026-09-06T17:36:33.120547+00:00,ETH-27NOV26-4600-P,2512.22,ETH-27NOV26,put,4600.0,2026-11-27T08:00:00+00:00,0.22340757470317768,0.8255,0.848,0.835793,0.83675,2512.22,ETH-27NOV26,0.6665000000000001,-0.96111,0.99999,0.0,0.0,0.022499999999999964,ETH,2492.73,0.0
