timestamp,instrument_name,underlying,underlying_name,option_type,strike,expiry_datetime,time_to_maturity,bid_price,ask_price,mark_price,mid_price,futures_price,futures_instrument_name,implied_volatility,delta,vega,open_interest,volume,bid_ask_spread,currency,index_price,volume_usd
2026-09-05T22:48:01.094055+00:00,BTC-11SEP26-72000-C,79766.31,BTC-11SEP26,call,72000.0,2026-09-11T08:00:00+00:00,0.014738728735550231,0.0955,0.1015,0.09790675,0.0985,79766.31,BTC-11SEP26,0.4409,0.9738,5.88873,147.8,0.0,0.006000000000000005,BTC,79776.0,0.0
2026-09-05T22:48:01.094055+00:00,BTC-25SEP26-125000-P,79865.08,BTC-25SEP26,put,125000.0,2026-09-25T08:00:00+00:00,0.05306863975539965,0.561,0.5695,0.56527667,0.56525,79865.08,BTC-25SEP26,0.69,-0.99691,1.72959,21.7,0.0,0.008499999999999952,BTC,79776.0,0.0
2026-09-05T22:48:01.094055+00:00,BTC-11SEP26-65000-C,79766.31,BTC-11SEP26,call,65000.0,2026-09-11T08:00:00+00:00,0.014738728735550231,0.1835,0.187,0.18516904,0.18525,79766.31,BTC-11SEP26,0.6011,0.99775,0.68343,0.0,0.0,0.003500000000000003,BTC,79776.0,0.0
2026-09-05T22:48:01.094055+00:00,BTC-25JUN27-55000-P,82700.52,BTC-25JUN27,put,55000.0,2027-06-25T08:00:00+00:00,0.8005019046424633,0.0275,0.03,0.02862613,0.02875,82700.52,BTC-25JUN27,0.46299999999999997,-0.11674,145.21103,35.6,0.0,0.0024999999999999988,BTC,79776.0,0.0
2026-09-05T22:48:01.094055+00:00,BTC-6SEP26-75000-P,79741.43,BTC-6SEP26,put,75000.0,2026-09-06T08:00:00+00:00,0.0010494747998897253,,0.0001,0.0,,79741.43,BTC-6SEP26,0.397,0.0,0.00012,44.6,0.0,,BTC,79776.0,0.0
2026-09-05T22:48:01.094055+00:00,BTC-26MAR27-96000-C,81760.67,BTC-26MAR27,call,96000.0,2027-03-26T08:00:00+00:00,0.5513574830134421,0.0605,0.0625,0.06142213,0.0615,81760.67,BTC-26MAR27,0.4073,0.35218,225.4533,141.6,0.0,0.0020000000000000018,BTC,79776.0,0.0
2026-09-05T22:48:01.094055+00:00,BTC-30OCT26-60000-C,80203.36,BTC-30OCT26,call,60000.0,2026-10-30T08:00:00+00:00,0.1488934173050232,0.254,0.26,0.25581535,0.257,80203.36,BTC-30OCT26,0.47729999999999995,0.95228,30.76202,16.5,0.0,0.006000000000000005,BTC,79776.0,0.0
2026-09-05T22:48:01.094055+00:00,BTC-30OCT26-76000-P,80203.39,BTC-30OCT26,put,76000.0,2026-10-30T08:00:00+00:00,0.1488934173050232,0.0335,0.035,0.03416704,0.03425,80203.39,BTC-30OCT26,0.3775,-0.32915,111.99924,101.9,0.0,0.0015000000000000013,BTC,79776.0,0.0
2026-09-05T22:48:01.094055+00:00,BTC-30OCT26-45000-C,80203.36,BTC-30OCT26,call,45000.0,2026-10-30T08:00:00+00:00,0.1488934173050232,0.438,0.442,0.43982531,0.44,80203.36,BTC-30OCT26,0.6748999999999999,0.99058,7.83308,0.1,0.0,0.0040000000000000036,BTC,79776.0,0.0
2026-09-05T22:48:01.094055+00:00,BTC-30OCT26-66000-C,80203.36,BTC-30OCT26,call,66000.0,2026-10-30T08:00:00+00:00,0.1488934173050232,0.1825,0.19,0.18559683,0.18625,80203.36,BTC-30OCT26,0.42460000000000003,0.89819,55.04725,89.5,0.0,0.007500000000000007,BTC,79776.0,0.0
2026-09-05T22:48:01.094055+00:00,BTC-25DEC26-70000-P,80843.03,BTC-25DEC26,put,70000.0,2026-12-25T08:00:00+00:00,0.30221306138442083,0.032,0.0335,0.03274602,0.03275,80843.03,BTC-25DEC26,0.4079,-0.22536,133.45684,1501.2,0.0,0.0015000000000000013,BTC,79776.0,0.0
2026-09-05T22:48:01.094055+00:00,BTC-30OCT26-58000-C,80203.36,BTC-30OCT26,call,58000.0,2026-10-30T08:00:00+00:00,0.1488934173050232,0.2775,0.284,0.27996641,0.28075,80203.36,BTC-30OCT26,0.49950000000000006,0.96226,25.44295,0.0,0.0,0.00649999999999995,BTC,79776.0,0.0
2026-09-05T22:48:01.094055+00:00,BTC-30OCT26-90000-C,80203.36,BTC-30OCT26,call,90000.0,2026-10-30T08:00:00+00:00,0.1488934173050232,0.02,0.021,0.02044336,0.0205,80203.36,BTC-30OCT26,0.391,0.24566,97.46242,2655.8,4.7,0.0010000000000000009,BTC,79776.0,7827.65
2026-09-05T22:48:01.094055+00:00,BTC-27NOV26-98000-C,80524.56,BTC-27NOV26,call,98000.0,2026-11-27T08:00:00+00:00,0.22555323934472205,0.017,0.0185,0.01776687,0.01775,80524.56,BTC-27NOV26,0.41159999999999997,0.18229,101.18239,51.3,5.0,0.0014999999999999979,BTC,79776.0,6779.85
2026-09-05T22:48:01.094055+00:00,BTC-25DEC26-125000-C,80843.03,BTC-25DEC26,call,125000.0,2026-12-25T08:00:00+00:00,0.30221306138442083,0.0055,0.006,0.00595909,0.00575,80843.03,BTC-25DEC26,0.46869999999999995,0.05917,52.38365,559.4,0.0,0.0005000000000000004,BTC,79776.0,0.0
2026-09-05T22:48:01.094055+00:00,BTC-25JUN27-40000-P,82700.52,BTC-25JUN27,put,40000.0,2027-06-25T08:00:00+00:00,0.8005019046424633,0.009,0.0105,0.00963795,0.00975,82700.52,BTC-25JUN27,0.5407,-0.04068,64.66018,1213.0,0.1,0.0015000000000000013,BTC,79776.0,83.73
2026-09-05T22:48:01.094055+00:00,BTC-8SEP26-75000-P,79753.99,BTC-8SEP26,put,75000.0,2026-09-08T08:00:00+00:00,0.006525176374153928,0.0002,0.0005,0.00038522,0.00035,79753.99,BTC-8SEP26,0.4075,-0.02985,4.36702,1.6,0.1,0.00030000000000000003,BTC,79776.0,3.19
2026-09-05T22:48:01.094055+00:00,BTC-25SEP26-140000-C,79865.08,BTC-25SEP26,call,140000.0,2026-09-25T08:00:00+00:00,0.05306863975539965,,0.0001,4.197e-05,,79865.08,BTC-25SEP26,0.7598999999999999,0.00091,0.56891,1210.3,0.0,,BTC,79776.0,0.0
2026-09-05T22:48:01.094055+00:00,BTC-30OCT26-94000-P,80203.36,BTC-30OCT26,put,94000.0,2026-10-30T08:00:00+00:00,0.1488934173050232,0.18,0.19,0.18547261,0.185,80203.36,BTC-30OCT26,0.4028,-0.82717,79.17125,0.0,0.0,0.010000000000000009,BTC,79776.0,0.0
2026-09-05T22:48:01.094055+00:00,BTC-18SEP26-95000-P,79823.61,BTC-18SEP26,put,95000.0,2026-09-18T08:00:00+00:00,0.03390368424547494,0.1865,0.195,0.19115594,0.19075,79823.61,BTC-18SEP26,0.4916,-0.96974,10.07485,0.0,0.0,0.008500000000000008,BTC,79776.0,0.0
2026-09-05T22:48:01.094055+00:00,BTC-25DEC26-100000-C,80843.07,BTC-25DEC26,call,100000.0,2026-12-25T08:00:00+00:00,0.30221306138442083,0.023,0.0235,0.02313435,0.02325,80843.07,BTC-25DEC26,0.40979999999999994,0.20302,125.58666,6018.4,0.3,0.0005000000000000004,BTC,79776.0,525.99
2026-09-05T22:48:01.094055+00:00,BTC-8SEP26-81000-C,79753.99,BTC-8SEP26,call,81000.0,2026-09-08T08:00:00+00:00,0.006525176374153928,0.0037,0.0042,0.0039147,0.00395,79753.99,BTC-8SEP26,0.30210000000000004,0.26671,21.17811,109.9,15.3,0.0004999999999999996,BTC,79776.0,5032.32
2026-09-05T22:48:01.094055+00:00,BTC-26MAR27-62000-P,81760.67,BTC-26MAR27,put,62000.0,2027-03-26T08:00:00+00:00,0.5513574830134421,0.0295,0.0315,0.03054895,0.0305,81760.67,BTC-26MAR27,0.4361,-0.1548,144.58799,260.1,0.0,0.0020000000000000018,BTC,79776.0,0.0
2026-09-05T22:48:01.094055+00:00,BTC-25SEP26-102000-P,79865.08,BTC-25SEP26,put,102000.0,2026-09-25T08:00:00+00:00,0.05306863975539965,0.2745,0.282,0.27811749,0.27825,79865.08,BTC-25SEP26,0.5154,-0.97728,9.92652,0.4,0.0,0.007499999999999951,BTC,79776.0,0.0
2026-09-05T22:48:01.094055+00:00,BTC-9SEP26-86000-P,79758.69,BTC-9SEP26,put,86000.0,2026-09-09T08:00:00+00:00,0.00926302716128603,0.0755,0.0815,0.07880907,0.0785,79758.69,BTC-9SEP26,0.4268,-0.96507,5.9232,0.0,0.0,0.006000000000000005,BTC,79776.0,0.0
2026-09-05T22:48:01.094055+00:00,BTC-27NOV26-80000-C,80524.56,BTC-27NOV26,call,80000.0,2026-11-27T08:00:00+00:00,0.22555323934472205,0.0755,0.0775,0.07651476,0.0765,80524.56,BTC-27NOV26,0.3881,0.55078,151.38199,815.2,11.9,0.0020000000000000018,BTC,79776.0,72497.87
2026-09-05T22:48:01.094055+00:00,BTC-9SEP26-75000-C,79758.69,BTC-9SEP26,call,75000.0,2026-09-09T08:00:00+00:00,0.00926302716128603,0.058,0.064,0.06031075,0.061,79758.69,BTC-9SEP26,0.3762,0.95697,7.01999,0.0,0.0,0.005999999999999998,BTC,79776.0,0.0
2026-09-05T22:48:01.094055+00:00,BTC-11SEP26-76000-C,79766.31,BTC-11SEP26,call,76000.0,2026-09-11T08:00:00+00:00,0.014738728735550231,0.048,0.0535,0.05001159,0.05075,79766.31,BTC-11SEP26,0.35619999999999996,0.8728,20.18521,103.8,0.0,0.005499999999999998,BTC,79776.0,0.0
2026-09-05T22:48:01.094055+00:00,BTC-25JUN27-94000-P,82700.6,BTC-25JUN27,put,94000.0,2027-06-25T08:00:00+00:00,0.8005019046424633,0.224,0.244,0.23544041,0.234,82700.6,BTC-25JUN27,0.41659999999999997,-0.56238,291.67217,0.1,0.0,0.01999999999999999,BTC,79776.0,0.0
2026-09-05T22:48:01.094055+00:00,BTC-27NOV26-92000-C,80524.56,BTC-27NOV26,call,92000.0,2026-11-27T08:00:00+00:00,0.22555323934472205,0.028,0.0295,0.02870543,0.02875,80524.56,BTC-27NOV26,0.39880000000000004,0.27144,126.82875,52.1,0.5,0.0014999999999999979,BTC,79776.0,1114.59
2026-09-05T22:48:01.094055+00:00,BTC-25DEC26-58000-P,80843.03,BTC-25DEC26,put,58000.0,2026-12-25T08:00:00+00:00,0.30221306138442083,0.0095,0.0105,0.00994305,0.01,80843.03,BTC-25DEC26,0.4664,-0.07737,64.44115,1834.3,0.0,0.0010000000000000009,BTC,79775.17,0.0
2026-09-05T22:48:01.094055+00:00,BTC-11SEP26-81000-P,79766.31,BTC-11SEP26,put,81000.0,2026-09-11T08:00:00+00:00,0.014738728735550231,0.025,0.027,0.02614046,0.026,79766.31,BTC-11SEP26,0.35479999999999995,-0.63107,36.54146,162.9,0.1,0.0019999999999999983,BTC,79776.0,210.89
2026-09-05T22:48:01.094055+00:00,BTC-18SEP26-86000-P,79823.7,BTC-18SEP26,put,86000.0,2026-09-18T08:00:00+00:00,0.03390368424547494,0.0795,0.087,0.08382029,0.08325,79823.7,BTC-18SEP26,0.4046,-0.83215,36.90369,0.0,0.0,0.007499999999999993,BTC,79776.0,0.0
2026-09-05T22:48:01.094055+00:00,BTC-30OCT26-100000-P,80203.36,BTC-30OCT26,put,100000.0,2026-10-30T08:00:00+00:00,0.1488934173050232,0.2485,0.259,0.25429568,0.25375,80203.36,BTC-30OCT26,0.4236,-0.89747,55.32808,0.3,0.0,0.01050000000000001,BTC,79776.0,0.0
2026-09-05T22:48:01.094055+00:00,BTC-11SEP26-85000-P,79766.26,BTC-11SEP26,put,85000.0,2026-09-11T08:00:00+00:00,0.014738728735550231,0.065,0.07,0.06791158,0.0675,79766.26,BTC-11SEP26,0.40259999999999996,-0.8989,17.13739,32.4,0.6,0.0050000000000000044,BTC,79776.0,3100.19
2026-09-05T22:48:01.094055+00:00,BTC-25DEC26-220000-C,80843.07,BTC-25DEC26,call,220000.0,2026-12-25T08:00:00+00:00,0.30221306138442083,0.0003,0.0007,0.00046802,0.0005,80843.07,BTC-25DEC26,0.6537000000000001,0.00459,5.95535,254.0,0.0,0.0004,BTC,79774.39,0.0
2026-09-05T22:48:01.094055+00:00,BTC-26MAR27-80000-C,81760.67,BTC-26MAR27,call,80000.0,2027-03-26T08:00:00+00:00,0.5513574830134421,0.128,0.1315,0.12936014,0.12975,81760.67,BTC-26MAR27,0.405,0.58813,236.34146,1062.6,1.0,0.003500000000000003,BTC,79775.17,10243.77
2026-09-05T22:48:01.094055+00:00,BTC-25SEP26-175000-P,79865.08,BTC-25SEP26,put,175000.0,2026-09-25T08:00:00+00:00,0.05306863975539965,1.185,1.1965,1.19119267,1.19075,79865.08,BTC-25SEP26,0.89,-0.9999,0.07198,3.3,0.0,0.011499999999999844,BTC,79774.39,0.0
2026-09-05T22:48:01.094055+00:00,BTC-25SEP26-77000-C,79865.08,BTC-25SEP26,call,77000.0,2026-09-25T08:00:00+00:00,0.05306863975539965,0.0515,0.0565,0.05388576,0.054,79865.08,BTC-25SEP26,0.3643,0.68327,65.53114,290.3,0.0,0.0050000000000000044,BTC,79774.39,0.0
2026-09-05T22:48:01.094055+00:00,BTC-25DEC26-56000-P,80843.03,BTC-25DEC26,put,56000.0,2026-12-25T08:00:00+00:00,0.30221306138442083,0.0075,0.0085,0.00801161,0.008,80843.03,BTC-25DEC26,0.4777,-0.06315,55.1173,507.4,0.1,0.0010000000000000009,BTC,79774.39,63.82
2026-09-05T22:48:01.094055+00:00,BTC-25SEP26-75000-P,79865.08,BTC-25SEP26,put,75000.0,2026-09-25T08:00:00+00:00,0.05306863975539965,0.0105,0.011,0.01093595,0.01075,79865.08,BTC-25SEP26,0.368,-0.2167,54.02107,4592.9,43.1,0.0004999999999999987,BTC,79774.39,35348.0
2026-09-05T22:48:01.094055+00:00,BTC-7SEP26-89000-P,79747.67,BTC-7SEP26,put,89000.0,2026-09-07T08:00:00+00:00,0.003787325587021827,0.113,0.119,0.11602126,0.116,79747.67,BTC-7SEP26,0.5085999999999999,-0.99976,0.04429,0.0,0.0,0.0059999999999999915,BTC,79774.39,0.0
2026-09-05T22:48:01.094055+00:00,BTC-6SEP26-68000-P,79741.44,BTC-6SEP26,put,68000.0,2026-09-06T08:00:00+00:00,0.0010494747998897253,,0.0001,0.0,,79741.44,BTC-6SEP26,0.8551000000000001,0.0,0.0,30.3,0.0,,BTC,79774.39,0.0
2026-09-05T22:48:01.094055+00:00,BTC-25DEC26-140000-C,80843.07,BTC-25DEC26,call,140000.0,2026-12-25T08:00:00+00:00,0.30221306138442083,0.0029,0.0036,0.00325268,0.00325,80843.07,BTC-25DEC26,0.5045000000000001,0.03284,32.60083,1435.0,0.0,0.0007000000000000001,BTC,79775.1,0.0
2026-09-05T22:48:01.094055+00:00,BTC-30OCT26-71000-C,80203.36,BTC-30OCT26,call,71000.0,2026-10-30T08:00:00+00:00,0.1488934173050232,0.1285,0.1355,0.13178822,0.132,80203.36,BTC-30OCT26,0.3931,0.81029,83.93093,977.5,0.0,0.007000000000000006,BTC,79774.39,0.0
2026-09-05T22:48:01.094055+00:00,BTC-25SEP26-90000-C,79865.08,BTC-25SEP26,call,90000.0,2026-09-25T08:00:00+00:00,0.05306863975539965,0.0049,0.0055,0.00517596,0.0052,79865.08,BTC-25SEP26,0.4158,0.11526,35.77946,8841.2,26.3,0.0005999999999999998,BTC,79775.1,10299.85
2026-09-05T22:48:01.094055+00:00,BTC-25SEP26-73000-C,79865.12,BTC-25SEP26,call,73000.0,2026-09-25T08:00:00+00:00,0.05306863975539965,0.09,0.096,0.09249828,0.093,79865.12,BTC-25SEP26,0.3782,0.8587,41.22123,41.0,0.0,0.006000000000000005,BTC,79775.1,0.0
2026-09-05T22:48:01.094055+00:00,BTC-25DEC26-76000-P,80843.03,BTC-25DEC26,put,76000.0,2026-12-25T08:00:00+00:00,0.30221306138442083,0.057,0.0585,0.05756199,0.05775,80843.03,BTC-25DEC26,0.39630000000000004,-0.34739,164.21825,387.1,0.0,0.0015000000000000013,BTC,79775.1,0.0
2026-09-05T22:48:01.094055+00:00,BTC-25DEC26-250000-C,80843.03,BTC-25DEC26,call,250000.0,2026-12-25T08:00:00+00:00,0.30221306138442083,0.0001,0.0005,0.00023966,0.0003,80843.03,BTC-25DEC26,0.682,0.00238,3.3039,1280.3,0.0,0.0004,BTC,79775.1,0.0
2026-09-05T22:48:01.094055+00:00,BTC-25JUN27-85000-C,82700.6,BTC-25JUN27,call,85000.0,2027-06-25T08:00:00+00:00,0.8005019046424633,0.135,0.138,0.13627022,0.1365,82700.6,BTC-25JUN27,0.41609999999999997,0.54482,293.42397,152.8,0.0,0.0030000000000000027,BTC,79775.1,0.0
2026-09-05T22:48:01.094055+00:00,BTC-25JUN27-45000-P,82700.52,BTC-25JUN27,put,45000.0,2027-06-25T08:00:00+00:00,0.8005019046424633,0.013,0.015,0.01375482,0.014,82700.52,BTC-25JUN27,0.5075,-0.05857,86.51749,121.8,3.3,0.002,BTC,79775.1,3541.51
2026-09-05T22:48:01.094055+00:00,BTC-6SEP26-81500-P,79741.44,BTC-6SEP26,put,81500.0,2026-09-06T08:00:00+00:00,0.0010494747998897253,0.019,0.025,0.02222317,0.022,79741.44,BTC-6SEP26,0.3667,-0.96646,1.92802,0.6,0.0,0.006000000000000002,BTC,79775.1,0.0
2026-09-05T22:48:01.094055+00:00,BTC-25JUN27-106000-C,82700.52,BTC-25JUN27,call,106000.0,2027-06-25T08:00:00+00:00,0.8005019046424633,0.064,0.0665,0.06519136,0.06525,82700.52,BTC-25JUN27,0.4226,0.32019,264.76167,0.0,0.0,0.0025000000000000022,BTC,79775.1,0.0
2026-09-05T22:48:01.094055+00:00,BTC-26MAR27-70000-C,81760.67,BTC-26MAR27,call,70000.0,2027-03-26T08:00:00+00:00,0.5513574830134421,0.1965,0.204,0.19988827,0.20025,81760.67,BTC-26MAR27,0.4163,0.74435,195.27057,797.8,0.0,0.007499999999999979,BTC,79775.1,0.0
2026-09-05T22:48:01.094055+00:00,BTC-6SEP26-87000-C,79741.44,BTC-6SEP26,call,87000.0,2026-09-06T08:00:00+00:00,0.0010494747998897253,,0.0001,0.0,,79741.44,BTC-6SEP26,0.5346,0.0,3e-05,16.0,0.0,,BTC,79775.1,0.0
2026-09-05T22:48:01.094055+00:00,BTC-9SEP26-79500-C,79758.69,BTC-9SEP26,call,79500.0,2026-09-09T08:00:00+00:00,0.00926302716128603,0.013,0.0145,0.01367166,0.01375,79758.69,BTC-9SEP26,0.3124,0.54865,30.40592,0.5,0.6,0.0015000000000000013,BTC,79775.1,609.98
2026-09-05T22:48:01.094055+00:00,BTC-27NOV26-92000-P,80524.5,BTC-27NOV26,put,92000.0,2026-11-27T08:00:00+00:00,0.22555323934472205,0.166,0.176,0.17121344,0.171,80524.5,BTC-27NOV26,0.39880000000000004,-0.72858,126.82254,2.1,0.0,0.009999999999999981,BTC,79775.1,0.0
2026-09-05T22:48:01.094055+00:00,BTC-30OCT26-40000-P,80203.36,BTC-30OCT26,put,40000.0,2026-10-30T08:00:00+00:00,0.1488934173050232,0.0003,0.0007,0.00045396,0.0005,80203.36,BTC-30OCT26,0.7336,-0.00469,4.22459,77.8,1.2,0.0004,BTC,79775.1,47.0
2026-09-05T22:48:01.094055+00:00,BTC-11SEP26-95000-P,79766.31,BTC-11SEP26,put,95000.0,2026-09-11T08:00:00+00:00,0.014738728735550231,0.188,0.194,0.19114096,0.191,79766.31,BTC-11SEP26,0.5795,-0.99283,1.92913,0.1,0.0,0.006000000000000005,BTC,79775.1,0.0
2026-09-05T22:48:01.094055+00:00,BTC-7SEP26-90000-P,79747.67,BTC-7SEP26,put,90000.0,2026-09-07T08:00:00+00:00,0.003787325587021827,0.1255,0.1315,0.12855962,0.1285,79747.67,BTC-7SEP26,0.5233,-0.99991,0.01808,0.0,0.0,0.006000000000000005,BTC,79775.1,0.0
2026-09-05T22:48:01.094055+00:00,BTC-25JUN27-108000-C,82700.6,BTC-25JUN27,call,108000.0,2027-06-25T08:00:00+00:00,0.8005019046424633,0.06,0.0625,0.0611722,0.06125,82700.6,BTC-25JUN27,0.42460000000000003,0.30421,258.97181,12.7,0.0,0.0025000000000000022,BTC,79775.1,0.0
2026-09-05T22:48:01.094055+00:00,BTC-7SEP26-74000-P,79747.72,BTC-7SEP26,put,74000.0,2026-09-07T08:00:00+00:00,0.003787325587021827,,0.0003,0.00010971,,79747.72,BTC-7SEP26,0.5253,-0.00994,1.30122,0.4,0.0,,BTC,79775.1,0.0
2026-09-05T22:48:01.094055+00:00,BTC-11SEP26-67000-P,79766.26,BTC-11SEP26,put,67000.0,2026-09-11T08:00:00+00:00,0.014738728735550231,,0.0002,9.701e-05,,79766.26,BTC-11SEP26,0.5569,-0.0045,1.27386,410.4,0.0,,BTC,79775.1,0.0
2026-09-05T22:48:01.094055+00:00,BTC-25JUN27-115000-P,82700.6,BTC-25JUN27,put,115000.0,2027-06-25T08:00:00+00:00,0.8005019046424633,0.4245,0.449,0.43937707,0.43675,82700.6,BTC-25JUN27,0.4301,-0.74665,236.87025,0.0,0.0,0.024500000000000022,BTC,79775.1,0.0
2026-09-05T22:48:01.094055+00:00,BTC-6SEP26-70000-P,79741.43,BTC-6SEP26,put,70000.0,2026-09-06T08:00:00+00:00,0.0010494747998897253,,0.0001,0.0,,79741.43,BTC-6SEP26,0.7228,0.0,0.0,36.0,0.0,,BTC,79775.1,0.0
2026-09-05T22:48:01.094055+00:00,BTC-26MAR27-45000-P,81760.67,BTC-26MAR27,put,45000.0,2027-03-26T08:00:00+00:00,0.5513574830134421,0.007,0.0085,0.00762487,0.00775,81760.67,BTC-26MAR27,0.5226,-0.04161,54.03919,259.3,0.0,0.0015000000000000005,BTC,79775.1,0.0
2026-09-05T22:48:01.094055+00:00,BTC-30OCT26-95000-P,80203.36,BTC-30OCT26,put,95000.0,2026-10-30T08:00:00+00:00,0.1488934173050232,0.191,0.201,0.19657705,0.196,80203.36,BTC-30OCT26,0.4054,-0.84225,74.62937,0.4,0.0,0.010000000000000009,BTC,79775.1,0.0
2026-09-05T22:48:01.094055+00:00,BTC-27NOV26-108000-C,80524.56,BTC-27NOV26,call,108000.0,2026-11-27T08:00:00+00:00,0.22555323934472205,0.008,0.009,0.00846665,0.0085,80524.56,BTC-27NOV26,0.4364,0.09469,64.50453,11.9,0.0,0.0009999999999999992,BTC,79775.1,0.0
2026-09-05T22:48:01.094055+00:00,BTC-27NOV26-83000-C,80524.5,BTC-27NOV26,call,83000.0,2026-11-27T08:00:00+00:00,0.22555323934472205,0.0595,0.061,0.06024253,0.06025,80524.5,BTC-27NOV26,0.3883,0.4713,152.22313,16.5,0.0,0.0015000000000000013,BTC,79775.1,0.0
2026-09-05T22:48:01.094055+00:00,BTC-27NOV26-98000-P,80524.5,BTC-27NOV26,put,98000.0,2026-11-27T08:00:00+00:00,0.22555323934472205,0.2275,0.24,0.23478626,0.23375,80524.5,BTC-27NOV26,0.41159999999999997,-0.81773,101.17418,0.0,0.0,0.012499999999999983,BTC,79775.1,0.0
2026-09-05T22:48:01.094055+00:00,BTC-18SEP26-72000-P,79823.61,BTC-18SEP26,put,72000.0,2026-09-18T08:00:00+00:00,0.03390368424547494,0.0025,0.0028,0.00262427,0.00265,79823.61,BTC-18SEP26,0.4023,-0.0765,21.12912,1311.0,4.9,0.0002999999999999999,BTC,79775.1,1152.34
2026-09-05T22:48:01.094055+00:00,BTC-27NOV26-78000-P,80524.56,BTC-27NOV26,put,78000.0,2026-11-27T08:00:00+00:00,0.22555323934472205,0.0575,0.0585,0.05792815,0.058,80524.56,BTC-27NOV26,0.38939999999999997,-0.39567,147.36769,57.4,0.1,0.0010000000000000009,BTC,79775.1,458.4
2026-09-05T22:48:01.094055+00:00,BTC-25DEC26-65000-P,80843.07,BTC-25DEC26,put,65000.0,2026-12-25T08:00:00+00:00,0.30221306138442083,0.019,0.0205,0.0197534,0.01975,80843.07,BTC-25DEC26,0.4253,-0.147,102.26281,809.9,0.0,0.0015000000000000013,BTC,79775.1,0.0
2026-09-05T22:48:01.094055+00:00,BTC-8SEP26-77500-P,79753.99,BTC-8SEP26,put,77500.0,2026-09-08T08:00:00+00:00,0.006525176374153928,0.0013,0.0015,0.00139872,0.0014,79753.99,BTC-8SEP26,0.3005,-0.11663,12.63437,68.6,61.3,0.0002000000000000001,BTC,79775.1,6291.51
2026-09-05T22:48:01.094055+00:00,BTC-11SEP26-90000-P,79766.26,BTC-11SEP26,put,90000.0,2026-09-11T08:00:00+00:00,0.014738728735550231,0.125,0.1315,0.12879817,0.12825,79766.26,BTC-11SEP26,0.49079999999999996,-0.977,5.27941,0.1,0.0,0.006500000000000006,BTC,79775.1,0.0
2026-09-05T22:48:01.094055+00:00,BTC-18SEP26-70000-C,79823.61,BTC-18SEP26,call,70000.0,2026-09-18T08:00:00+00:00,0.03390368424547494,0.122,0.128,0.12456116,0.125,79823.61,BTC-18SEP26,0.42979999999999996,0.95527,13.8692,0.0,0.0,0.006000000000000005,BTC,79774.6,0.0
2026-09-05T22:48:01.094055+00:00,BTC-27NOV26-104000-C,80524.56,BTC-27NOV26,call,104000.0,2026-11-27T08:00:00+00:00,0.22555323934472205,0.011,0.012,0.01146122,0.0115,80524.56,BTC-27NOV26,0.42810000000000004,0.1238,78.22077,8.2,1.3,0.0010000000000000009,BTC,79774.6,1103.39
2026-09-05T22:48:01.094055+00:00,BTC-11SEP26-75000-P,79766.31,BTC-11SEP26,put,75000.0,2026-09-11T08:00:00+00:00,0.014738728735550231,0.0016,0.0019,0.00173046,0.00175,79766.31,BTC-11SEP26,0.3716,-0.0826,14.75332,904.3,16.5,0.0002999999999999999,BTC,79774.6,2298.89
2026-09-05T22:48:01.094055+00:00,BTC-7SEP26-75500-P,79747.67,BTC-7SEP26,put,75500.0,2026-09-07T08:00:00+00:00,0.003787325587021827,0.0001,0.0003,0.00018583,0.0002,79747.67,BTC-7SEP26,0.4313,-0.01904,2.2797,17.9,2.5,0.00019999999999999998,BTC,79774.56,39.07
2026-09-05T22:48:01.094055+00:00,BTC-25JUN27-130000-C,82700.52,BTC-25JUN27,call,130000.0,2027-06-25T08:00:00+00:00,0.8005019046424633,0.0305,0.0325,0.03170068,0.0315,82700.52,BTC-25JUN27,0.4459,0.17516,190.90826,762.1,0.0,0.0020000000000000018,BTC,79774.6,0.0
2026-09-05T22:48:01.094055+00:00,BTC-27NOV26-90000-P,80524.56,BTC-27NOV26,put,90000.0,2026-11-27T08:00:00+00:00,0.22555323934472205,0.1465,0.1565,0.15149569,0.1515,80524.56,BTC-27NOV26,0.3953,-0.69098,134.77673,0.3,0.0,0.010000000000000009,BTC,79774.56,0.0
2026-09-05T22:48:01.094055+00:00,BTC-11SEP26-64000-P,79766.26,BTC-11SEP26,put,64000.0,2026-09-11T08:00:00+00:00,0.014738728735550231,,0.0001,4.391e-05,,79766.26,BTC-11SEP26,0.6355,-0.00192,0.5907,77.4,0.3,,BTC,79774.6,2.39
2026-09-05T22:48:01.094055+00:00,BTC-25DEC26-40000-C,80843.03,BTC-25DEC26,call,40000.0,2026-12-25T08:00:00+00:00,0.30221306138442083,0.507,0.5085,0.50764489,0.50775,80843.03,BTC-25DEC26,0.6562,0.98343,18.3406,250.9,0.0,0.0014999999999999458,BTC,79774.56,0.0
2026-09-05T22:48:01.094055+00:00,BTC-27NOV26-86000-C,80524.56,BTC-27NOV26,call,86000.0,2026-11-27T08:00:00+00:00,0.22555323934472205,0.0465,0.048,0.04716676,0.04725,80524.56,BTC-27NOV26,0.39049999999999996,0.3967,147.4719,128.2,0.2,0.0015000000000000013,BTC,79774.56,724.33
2026-09-05T22:48:01.094055+00:00,BTC-25DEC26-135000-P,80843.03,BTC-25DEC26,put,135000.0,2026-12-25T08:00:00+00:00,0.30221306138442083,0.662,0.682,0.67379506,0.672,80843.03,BTC-25DEC26,0.4921,-0.96075,37.72232,0.7,0.0,0.020000000000000018,BTC,79774.56,0.0
2026-09-05T22:48:01.094055+00:00,BTC-8SEP26-82500-P,79753.99,BTC-8SEP26,put,82500.0,2026-09-08T08:00:00+00:00,0.006525176374153928,0.033,0.038,0.03588287,0.0355,79753.99,BTC-8SEP26,0.3382,-0.88979,12.13487,0.0,0.0,0.0049999999999999975,BTC,79774.56,0.0
2026-09-05T22:48:01.094055+00:00,BTC-26MAR27-105000-C,81760.67,BTC-26MAR27,call,105000.0,2027-03-26T08:00:00+00:00,0.5513574830134421,0.04,0.042,0.04089094,0.041,81760.67,BTC-26MAR27,0.4152,0.25555,195.22878,162.4,0.0,0.0020000000000000018,BTC,79774.56,0.0
2026-09-05T22:48:01.094055+00:00,BTC-26MAR27-100000-P,81760.79,BTC-26MAR27,put,100000.0,2027-03-26T08:00:00+00:00,0.5513574830134421,0.2625,0.281,0.27417299,0.27175,81760.79,BTC-26MAR27,0.4102,-0.6945,212.87745,12.3,0.0,0.018500000000000016,BTC,79774.56,0.0
2026-09-05T22:48:01.094055+00:00,BTC-7SEP26-75000-C,79747.67,BTC-7SEP26,call,75000.0,2026-09-07T08:00:00+00:00,0.003787325587021827,0.0575,0.0625,0.05969945,0.06,79747.67,BTC-7SEP26,0.46759999999999996,0.98402,1.96333,0.0,0.0,0.0049999999999999975,BTC,79774.56,0.0
2026-09-05T22:48:01.094055+00:00,BTC-8SEP26-80500-C,79753.99,BTC-8SEP26,call,80500.0,2026-09-08T08:00:00+00:00,0.006525176374153928,0.0055,0.006,0.00564136,0.00575,79753.99,BTC-8SEP26,0.2966,0.35306,23.94568,6.1,2.4,0.0005000000000000004,BTC,79774.56,1058.43
2026-09-05T22:48:01.094055+00:00,BTC-25JUN27-130000-P,82700.52,BTC-25JUN27,put,130000.0,2027-06-25T08:00:00+00:00,0.8005019046424633,0.586,0.6145,0.60366496,0.60025,82700.52,BTC-25JUN27,0.4459,-0.82485,190.90439,1.4,0.0,0.02850000000000008,BTC,79774.56,0.0
2026-09-05T22:48:01.094055+00:00,BTC-25DEC26-20000-P,80843.07,BTC-25DEC26,put,20000.0,2026-12-25T08:00:00+00:00,0.30221306138442083,0.0003,0.0006,0.00041265,0.00045,80843.07,BTC-25DEC26,0.9859,-0.00221,3.08125,640.4,0.0,0.0003,BTC,79774.56,0.0
2026-09-05T22:48:01.094055+00:00,BTC-30OCT26-74000-C,80203.36,BTC-30OCT26,call,74000.0,2026-10-30T08:00:00+00:00,0.1488934173050232,0.101,0.1085,0.10336763,0.10475,80203.36,BTC-30OCT26,0.382,0.73223,101.93584,252.6,0.0,0.007499999999999993,BTC,79774.56,0.0
2026-09-05T22:48:01.094055+00:00,BTC-9SEP26-74000-P,79758.69,BTC-9SEP26,put,74000.0,2026-09-09T08:00:00+00:00,0.00926302716128603,0.0003,0.0006,0.00042457,0.00045,79758.69,BTC-9SEP26,0.4104,-0.02772,4.89238,5.1,5.1,0.0003,BTC,79774.56,82.02
2026-09-05T22:48:01.094055+00:00,BTC-11SEP26-72000-P,79766.31,BTC-11SEP26,put,72000.0,2026-09-11T08:00:00+00:00,0.014738728735550231,0.0005,0.0007,0.00054346,0.0006,79766.31,BTC-11SEP26,0.4409,-0.02621,5.89018,501.5,0.2,0.00019999999999999998,BTC,79774.56,9.58
2026-09-05T22:48:01.094055+00:00,BTC-9SEP26-79000-P,79758.69,BTC-9SEP26,put,79000.0,2026-09-09T08:00:00+00:00,0.00926302716128603,0.0075,0.0085,0.00780118,0.008,79758.69,BTC-9SEP26,0.3129,-0.37015,28.99663,0.0,0.0,0.0010000000000000009,BTC,79774.56,0.0
2026-09-05T22:48:01.094055+00:00,BTC-25JUN27-80000-C,82700.6,BTC-25JUN27,call,80000.0,2027-06-25T08:00:00+00:00,0.8005019046424633,0.1615,0.165,0.16281779,0.16325,82700.6,BTC-25JUN27,0.4179,0.60864,284.27051,107.0,1.0,0.003500000000000003,BTC,79774.56,12918.53
2026-09-05T22:48:01.094055+00:00,BTC-7SEP26-77000-C,79747.67,BTC-7SEP26,call,77000.0,2026-09-07T08:00:00+00:00,0.003787325587021827,0.0325,0.0375,0.03475291,0.035,79747.67,BTC-7SEP26,0.3214,0.96247,4.01639,0.0,0.0,0.0049999999999999975,BTC,79772.89,0.0
2026-09-05T22:48:01.094055+00:00,BTC-26MAR27-140000-C,81760.67,BTC-26MAR27,call,140000.0,2027-03-26T08:00:00+00:00,0.5513574830134421,0.0105,0.012,0.01121517,0.01125,81760.67,BTC-26MAR27,0.46259999999999996,0.08173,91.74916,909.8,0.1,0.0014999999999999996,BTC,79772.89,83.62
2026-09-05T22:48:01.094055+00:00,BTC-27NOV26-73000-C,80524.56,BTC-27NOV26,call,73000.0,2026-11-27T08:00:00+00:00,0.22555323934472205,0.1245,0.133,0.1277235,0.12875,80524.56,BTC-27NOV26,0.39659999999999995,0.73064,126.33992,0.0,0.0,0.008500000000000008,BTC,79772.89,0.0
2026-09-05T22:48:01.094055+00:00,BTC-25DEC26-62000-C,80843.03,BTC-25DEC26,call,62000.0,2026-12-25T08:00:00+00:00,0.30221306138442083,0.245,0.2525,0.2476152,0.24875,80843.03,BTC-25DEC26,0.4397,0.88844,84.4431,247.1,0.0,0.007500000000000007,BTC,79772.89,0.0
2026-09-05T22:48:01.094055+00:00,BTC-25JUN27-82000-C,82700.6,BTC-25JUN27,call,82000.0,2027-06-25T08:00:00+00:00,0.8005019046424633,0.1505,0.1535,0.1516762,0.152,82700.6,BTC-25JUN27,0.41700000000000004,0.58292,288.88195,81.1,0.0,0.0030000000000000027,BTC,79772.89,0.0
2026-09-05T22:48:01.094055+00:00,BTC-30OCT26-71000-P,80203.36,BTC-30OCT26,put,71000.0,2026-10-30T08:00:00+00:00,0.1488934173050232,0.0165,0.0175,0.01703758,0.017,80203.36,BTC-30OCT26,0.3931,-0.18974,83.93667,112.7,0.0,0.0010000000000000009,BTC,79772.89,0.0
2026-09-05T22:48:01.094055+00:00,BTC-25JUN27-110000-C,82700.52,BTC-25JUN27,call,110000.0,2027-06-25T08:00:00+00:00,0.8005019046424633,0.056,0.0585,0.05717635,0.05725,82700.52,BTC-25JUN27,0.4257,0.2884,252.7074,270.0,0.0,0.0025000000000000022,BTC,79772.89,0.0
2026-09-05T22:48:01.094055+00:00,BTC-25SEP26-30000-C,79865.08,BTC-25SEP26,call,30000.0,2026-09-25T08:00:00+00:00,0.05306863975539965,0.6235,0.6255,0.62438101,0.6245,79865.08,BTC-25SEP26,1.238,0.99982,0.12337,136.0,0.0,0.0019999999999998908,BTC,79770.75,0.0
2026-09-05T22:48:01.094055+00:00,BTC-25JUN27-85000-P,82700.6,BTC-25JUN27,put,85000.0,2027-06-25T08:00:00+00:00,0.8005019046424633,0.1625,0.166,0.16409302,0.16425,82700.6,BTC-25JUN27,0.41609999999999997,-0.45523,293.41361,10.7,0.0,0.003500000000000003,BTC,79770.75,0.0
2026-09-05T22:48:01.094055+00:00,BTC-26MAR27-108000-C,81760.79,BTC-26MAR27,call,108000.0,2027-03-26T08:00:00+00:00,0.5513574830134421,0.0345,0.037,0.03581116,0.03575,81760.79,BTC-26MAR27,0.418,0.22925,184.06099,68.6,0.0,0.0024999999999999953,BTC,79770.75,0.0
2026-09-05T22:48:01.094055+00:00,BTC-27NOV26-74000-C,80524.5,BTC-27NOV26,call,74000.0,2026-11-27T08:00:00+00:00,0.22555323934472205,0.117,0.123,0.11929692,0.12,80524.5,BTC-27NOV26,0.3946,0.70681,131.61241,0.0,0.0,0.0059999999999999915,BTC,79770.75,0.0
2026-09-05T22:48:01.094055+00:00,BTC-25JUN27-104000-C,82700.6,BTC-25JUN27,call,104000.0,2027-06-25T08:00:00+00:00,0.8005019046424633,0.0685,0.071,0.06968591,0.06975,82700.6,BTC-25JUN27,0.4211,0.33735,270.3798,13.1,0.0,0.0024999999999999883,BTC,79770.75,0.0
2026-09-05T22:48:01.094055+00:00,BTC-18SEP26-85000-C,79823.7,BTC-18SEP26,call,85000.0,2026-09-18T08:00:00+00:00,0.03390368424547494,0.0075,0.0085,0.00802331,0.008,79823.7,BTC-18SEP26,0.3944,0.20338,41.57492,336.2,2.4,0.0010000000000000009,BTC,79769.97,1323.68
2026-09-05T22:48:01.094055+00:00,BTC-25SEP26-170000-C,79865.12,BTC-25SEP26,call,170000.0,2026-09-25T08:00:00+00:00,0.05306863975539965,,0.0001,5.6e-06,,79865.12,BTC-25SEP26,0.8693000000000001,0.00012,0.08684,444.9,0.0,,BTC,79769.97,0.0
2026-09-05T22:48:01.094055+00:00,BTC-25DEC26-60000-C,80843.03,BTC-25DEC26,call,60000.0,2026-12-25T08:00:00+00:00,0.30221306138442083,0.266,0.275,0.2698344,0.2705,80843.03,BTC-25DEC26,0.4525,0.90696,73.99136,787.4,0.0,0.009000000000000008,BTC,79770.75,0.0
2026-09-05T22:48:01.094055+00:00,BTC-25SEP26-190000-P,79865.12,BTC-25SEP26,put,190000.0,2026-09-25T08:00:00+00:00,0.05306863975539965,1.3685,1.3845,1.37900646,1.3765,79865.12,BTC-25SEP26,0.9386,-0.99995,0.03668,0.0,0.0,0.016000000000000014,BTC,79769.97,0.0
2026-09-05T22:48:01.094055+00:00,BTC-18SEP26-76000-C,79823.61,BTC-18SEP26,call,76000.0,2026-09-18T08:00:00+00:00,0.03390368424547494,0.0545,0.0605,0.05695815,0.0575,79823.61,BTC-18SEP26,0.3679,0.77551,44.03494,19.0,0.0,0.005999999999999998,BTC,79769.97,0.0
2026-09-05T22:48:01.094055+00:00,BTC-8SEP26-80000-P,79753.99,BTC-8SEP26,put,80000.0,2026-09-08T08:00:00+00:00,0.006525176374153928,0.0105,0.0115,0.01101415,0.011,79753.99,BTC-8SEP26,0.2907,-0.54865,25.51727,6.5,1.9,0.0009999999999999992,BTC,79769.97,1403.18
2026-09-05T22:48:01.094055+00:00,BTC-26MAR27-55000-P,81760.67,BTC-26MAR27,put,55000.0,2027-03-26T08:00:00+00:00,0.5513574830134421,0.0165,0.018,0.01727514,0.01725,81760.67,BTC-26MAR27,0.4632,-0.09274,100.82845,1258.1,0.0,0.0014999999999999979,BTC,79770.01,0.0
2026-09-05T22:48:01.094055+00:00,BTC-25JUN27-150000-C,82700.6,BTC-25JUN27,call,150000.0,2027-06-25T08:00:00+00:00,0.8005019046424633,0.0185,0.02,0.01934382,0.01925,82700.6,BTC-25JUN27,0.46759999999999996,0.11241,141.34712,218.1,0.0,0.0015000000000000013,BTC,79770.01,0.0
2026-09-05T22:48:01.094055+00:00,BTC-18SEP26-78000-P,79823.7,BTC-18SEP26,put,78000.0,2026-09-18T08:00:00+00:00,0.03390368424547494,0.016,0.0175,0.01671194,0.01675,79823.7,BTC-18SEP26,0.3661,-0.35377,54.66574,292.4,5.0,0.0015000000000000013,BTC,79770.01,6790.05
2026-09-05T22:48:01.094055+00:00,BTC-25SEP26-58000-C,79865.08,BTC-25SEP26,call,58000.0,2026-09-25T08:00:00+00:00,0.05306863975539965,0.272,0.277,0.27416876,0.2745,79865.08,BTC-25SEP26,0.5957,0.99176,4.13861,460.7,0.0,0.0050000000000000044,BTC,79770.01,0.0
2026-09-05T22:48:01.094055+00:00,BTC-30OCT26-54000-C,80203.36,BTC-30OCT26,call,54000.0,2026-10-30T08:00:00+00:00,0.1488934173050232,0.327,0.331,0.3287674,0.329,80203.36,BTC-30OCT26,0.5476,0.97596,17.50509,0.1,0.0,0.0040000000000000036,BTC,79770.01,0.0
2026-09-05T22:48:01.094055+00:00,BTC-7SEP26-86000-C,79747.72,BTC-7SEP26,call,86000.0,2026-09-07T08:00:00+00:00,0.003787325587021827,,0.0001,1.131e-05,,79747.72,BTC-7SEP26,0.4131,0.00155,0.24639,22.9,0.0,,BTC,79770.01,0.0
2026-09-05T22:48:01.094055+00:00,BTC-30OCT26-91000-C,80203.36,BTC-30OCT26,call,91000.0,2026-10-30T08:00:00+00:00,0.1488934173050232,0.018,0.019,0.01843918,0.0185,80203.36,BTC-30OCT26,0.3942,0.22529,92.90859,34.1,0.1,0.0010000000000000009,BTC,79770.01,135.37
2026-09-05T22:48:01.094055+00:00,BTC-30OCT26-82000-P,80203.36,BTC-30OCT26,put,82000.0,2026-10-30T08:00:00+00:00,0.1488934173050232,0.0695,0.0715,0.07026834,0.0705,80203.36,BTC-30OCT26,0.3753,-0.5323,123.09141,45.0,0.0,0.001999999999999988,BTC,79770.01,0.0
2026-09-05T22:48:01.094055+00:00,BTC-26MAR27-106000-P,81760.67,BTC-26MAR27,put,106000.0,2027-03-26T08:00:00+00:00,0.5513574830134421,0.3235,0.3425,0.3355292,0.333,81760.67,BTC-26MAR27,0.4158,-0.75379,191.40454,0.1,0.0,0.019000000000000017,BTC,79770.01,0.0
2026-09-05T22:48:01.094055+00:00,BTC-6SEP26-81000-P,79741.43,BTC-6SEP26,put,81000.0,2026-09-06T08:00:00+00:00,0.0010494747998897253,0.0135,0.0175,0.01602643,0.0155,79741.43,BTC-6SEP26,0.3024,-0.94544,2.85629,100.2,0.5,0.004000000000000002,BTC,79770.01,571.23
2026-09-05T22:48:01.094055+00:00,BTC-25SEP26-300000-P,79865.08,BTC-25SEP26,put,300000.0,2026-09-25T08:00:00+00:00,0.05306863975539965,2.738,2.766,2.75632399,2.752,79865.08,BTC-25SEP26,1.3629,-0.99998,0.01956,0.0,0.0,0.028000000000000025,BTC,79769.85,0.0
2026-09-05T22:48:01.094055+00:00,BTC-7SEP26-71000-C,79747.67,BTC-7SEP26,call,71000.0,2026-09-07T08:00:00+00:00,0.003787325587021827,0.1075,0.112,0.10969488,0.10975,79747.67,BTC-7SEP26,0.5503,0.99971,0.05205,0.0,0.0,0.004500000000000004,BTC,79769.85,0.0
2026-09-05T22:48:01.094055+00:00,BTC-8SEP26-79000-P,79753.99,BTC-8SEP26,put,79000.0,2026-09-08T08:00:00+00:00,0.006525176374153928,0.0048,0.0055,0.00512643,0.00515,79753.99,BTC-8SEP26,0.2829,-0.33599,23.50394,112.1,19.4,0.0007000000000000001,BTC,79770.01,9872.59
2026-09-05T22:48:01.094055+00:00,BTC-6SEP26-71000-C,79741.43,BTC-6SEP26,call,71000.0,2026-09-06T08:00:00+00:00,0.0010494747998897253,0.1075,0.112,0.10961046,0.10975,79741.43,BTC-6SEP26,0.6544,1.0,0.0,0.0,0.0,0.004500000000000004,BTC,79769.85,0.0
2026-09-05T22:48:01.094055+00:00,BTC-25DEC26-210000-P,80843.07,BTC-25DEC26,put,210000.0,2026-12-25T08:00:00+00:00,0.30221306138442083,1.5795,1.612,1.59820437,1.59575,80843.07,BTC-25DEC26,0.6409999999999999,-0.99432,7.19952,0.0,0.0,0.032500000000000195,BTC,79769.85,0.0
2026-09-05T22:48:01.094055+00:00,BTC-30OCT26-54000-P,80203.36,BTC-30OCT26,put,54000.0,2026-10-30T08:00:00+00:00,0.1488934173050232,0.0018,0.0023,0.00205565,0.00205,80203.36,BTC-30OCT26,0.5476,-0.02404,17.50567,189.7,0.0,0.0005,BTC,79769.85,0.0
2026-09-05T22:48:01.094055+00:00,BTC-25SEP26-35000-P,79865.12,BTC-25SEP26,put,35000.0,2026-09-25T08:00:00+00:00,0.05306863975539965,,0.0001,1.873e-05,,79865.12,BTC-25SEP26,1.0761,-0.00028,0.19077,1201.7,0.0,,BTC,79770.0,0.0
2026-09-05T22:48:01.094055+00:00,BTC-11SEP26-88000-P,79766.31,BTC-11SEP26,put,88000.0,2026-09-11T08:00:00+00:00,0.014738728735550231,0.1005,0.107,0.10403289,0.10375,79766.31,BTC-11SEP26,0.4486,-0.96224,7.96484,0.0,0.0,0.006499999999999992,BTC,79769.85,0.0
2026-09-05T22:48:01.094055+00:00,BTC-9SEP26-82000-C,79758.69,BTC-9SEP26,call,82000.0,2026-09-09T08:00:00+00:00,0.00926302716128603,0.0036,0.0041,0.00374201,0.00385,79758.69,BTC-9SEP26,0.3425,0.20441,21.77886,0.2,0.2,0.0005000000000000004,BTC,79769.85,41.44
2026-09-05T22:48:01.094055+00:00,BTC-25SEP26-64000-P,79865.08,BTC-25SEP26,put,64000.0,2026-09-25T08:00:00+00:00,0.05306863975539965,0.001,0.0011,0.00098329,0.00105,79865.08,BTC-25SEP26,0.4927,-0.02242,9.81294,1202.6,26.3,0.00010000000000000005,BTC,79770.0,2489.35
2026-09-05T22:48:01.094055+00:00,BTC-25SEP26-135000-P,79865.12,BTC-25SEP26,put,135000.0,2026-09-25T08:00:00+00:00,0.05306863975539965,0.686,0.695,0.69038814,0.6905,79865.12,BTC-25SEP26,0.7168000000000001,-0.99902,0.60925,11.5,0.0,0.008999999999999897,BTC,79770.0,0.0
2026-09-05T22:48:01.094055+00:00,BTC-25DEC26-80000-C,80843.03,BTC-25DEC26,call,80000.0,2026-12-25T08:00:00+00:00,0.30221306138442083,0.09,0.092,0.0908747,0.091,80843.03,BTC-25DEC26,0.39280000000000004,0.56203,175.19664,8777.5,4.8,0.0020000000000000018,BTC,79770.0,34462.08
2026-09-05T22:48:01.094055+00:00,BTC-25SEP26-81000-P,79865.08,BTC-25SEP26,put,81000.0,2026-09-25T08:00:00+00:00,0.05306863975539965,0.041,0.0425,0.04162813,0.04175,79865.08,BTC-25SEP26,0.3679,-0.5498,72.8435,486.6,0.8,0.0015000000000000013,BTC,79769.85,2584.42
2026-09-05T22:48:01.094055+00:00,BTC-25DEC26-105000-P,80843.03,BTC-25DEC26,put,105000.0,2026-12-25T08:00:00+00:00,0.30221306138442083,0.3085,0.3215,0.31563949,0.315,80843.03,BTC-25DEC26,0.41960000000000003,-0.84568,105.62111,109.4,0.0,0.013000000000000012,BTC,79770.0,0.0
2026-09-05T22:48:01.094055+00:00,BTC-25SEP26-73000-P,79865.08,BTC-25SEP26,put,73000.0,2026-09-25T08:00:00+00:00,0.05306863975539965,0.006,0.007,0.00653673,0.0065,79865.08,BTC-25SEP26,0.3782,-0.14148,41.25282,764.1,1.2,0.001,BTC,79769.85,622.65
2026-09-05T22:48:01.094055+00:00,BTC-6SEP26-76500-P,79741.44,BTC-6SEP26,put,76500.0,2026-09-06T08:00:00+00:00,0.0010494747998897253,,0.0002,7e-08,,79741.44,BTC-6SEP26,0.3193,-3e-05,0.00337,48.4,0.0,,BTC,79769.85,0.0
2026-09-05T22:48:01.094055+00:00,BTC-25DEC26-200000-P,80843.07,BTC-25DEC26,put,200000.0,2026-12-25T08:00:00+00:00,0.30221306138442083,1.4575,1.4875,1.47460977,1.4725,80843.07,BTC-25DEC26,0.6234000000000001,-0.99327,8.37228,0.0,0.0,0.030000000000000027,BTC,79769.85,0.0
2026-09-05T22:48:01.094055+00:00,BTC-27NOV26-106000-C,80524.5,BTC-27NOV26,call,106000.0,2026-11-27T08:00:00+00:00,0.22555323934472205,0.0095,0.0105,0.00996414,0.01,80524.5,BTC-27NOV26,0.4336,0.10905,71.48071,15.3,0.0,0.0010000000000000009,BTC,79769.85,0.0
2026-09-05T22:48:01.094055+00:00,BTC-27NOV26-102000-P,80524.56,BTC-27NOV26,put,102000.0,2026-11-27T08:00:00+00:00,0.22555323934472205,0.2735,0.285,0.27967051,0.27925,80524.56,BTC-27NOV26,0.4202,-0.86099,84.73384,0.0,0.0,0.011499999999999955,BTC,79769.85,0.0
2026-09-05T22:48:01.094055+00:00,BTC-27NOV26-67000-P,80524.56,BTC-27NOV26,put,67000.0,2026-11-27T08:00:00+00:00,0.22555323934472205,0.0165,0.018,0.01717949,0.01725,80524.56,BTC-27NOV26,0.41700000000000004,-0.15228,90.09035,19.6,10.0,0.0014999999999999979,BTC,79769.85,13595.03
2026-09-05T22:48:01.094055+00:00,BTC-30OCT26-64000-P,80203.36,BTC-30OCT26,put,64000.0,2026-10-30T08:00:00+00:00,0.1488934173050232,0.006,0.007,0.00650814,0.0065,80203.36,BTC-30OCT26,0.44049999999999995,-0.079,45.58682,614.1,0.0,0.001,BTC,79769.85,0.0
2026-09-05T22:48:01.094055+00:00,BTC-30OCT26-75000-C,80203.36,BTC-30OCT26,call,75000.0,2026-10-30T08:00:00+00:00,0.1488934173050232,0.091,0.0985,0.09454201,0.09475,80203.36,BTC-30OCT26,0.37799999999999995,0.70265,107.19703,1172.1,0.0,0.007500000000000007,BTC,79769.85,0.0
2026-09-05T22:48:01.094055+00:00,BTC-6SEP26-72000-C,79741.43,BTC-6SEP26,call,72000.0,2026-09-06T08:00:00+00:00,0.0010494747998897253,0.095,0.0995,0.09706977,0.09725,79741.43,BTC-6SEP26,0.6036,1.0,1e-05,0.0,0.0,0.004500000000000004,BTC,79769.05,0.0
2026-09-05T22:48:01.094055+00:00,BTC-26MAR27-60000-C,81760.67,BTC-26MAR27,call,60000.0,2027-03-26T08:00:00+00:00,0.5513574830134421,0.287,0.299,0.29218628,0.293,81760.67,BTC-26MAR27,0.4429,0.86537,131.5925,649.0,0.0,0.01200000000000001,BTC,79769.05,0.0
2026-09-05T22:48:01.094055+00:00,BTC-25DEC26-170000-P,80843.03,BTC-25DEC26,put,170000.0,2026-12-25T08:00:00+00:00,0.30221306138442083,1.09,1.115,1.10415964,1.1025,80843.03,BTC-25DEC26,0.5692,-0.98673,15.14848,0.1,0.0,0.02499999999999991,BTC,79769.05,0.0
2026-09-05T22:48:01.094055+00:00,BTC-6SEP26-84000-C,79741.44,BTC-6SEP26,call,84000.0,2026-09-06T08:00:00+00:00,0.0010494747998897253,,0.0001,1.3e-07,,79741.44,BTC-6SEP26,0.40759999999999996,4e-05,0.00441,104.9,0.1,,BTC,79769.05,0.8
2026-09-05T22:48:01.094055+00:00,BTC-6SEP26-80500-P,79741.44,BTC-6SEP26,put,80500.0,2026-09-06T08:00:00+00:00,0.0010494747998897253,0.006,0.0125,0.00990062,0.00925,79741.44,BTC-6SEP26,0.2322,-0.8978,4.60716,48.5,6.6,0.006500000000000001,BTC,79768.19,3667.22
2026-09-05T22:48:01.094055+00:00,BTC-30OCT26-85000-C,80203.36,BTC-30OCT26,call,85000.0,2026-10-30T08:00:00+00:00,0.1488934173050232,0.034,0.0355,0.03484441,0.03475,80203.36,BTC-30OCT26,0.37920000000000004,0.37284,117.16668,2048.5,36.0,0.0014999999999999944,BTC,79769.05,101348.98
2026-09-05T22:48:01.094055+00:00,BTC-30OCT26-66000-P,80203.36,BTC-30OCT26,put,66000.0,2026-10-30T08:00:00+00:00,0.1488934173050232,0.008,0.009,0.00850469,0.0085,80203.36,BTC-30OCT26,0.42460000000000003,-0.10192,55.08539,163.2,1.3,0.0009999999999999992,BTC,79768.19,780.61
2026-09-05T22:48:01.094055+00:00,BTC-25DEC26-72000-C,80843.03,BTC-25DEC26,call,72000.0,2026-12-25T08:00:00+00:00,0.30221306138442083,0.1455,0.1545,0.14915742,0.15,80843.03,BTC-25DEC26,0.4029,0.73667,145.13234,1273.4,0.0,0.009000000000000008,BTC,79768.19,0.0
2026-09-05T22:48:01.094055+00:00,BTC-25SEP26-78000-C,79865.08,BTC-25SEP26,call,78000.0,2026-09-25T08:00:00+00:00,0.05306863975539965,0.045,0.047,0.04594068,0.046,79865.08,BTC-25SEP26,0.3628,0.62669,69.68108,5366.3,0.0,0.0020000000000000018,BTC,79768.79,0.0
2026-09-05T22:48:01.094055+00:00,BTC-25DEC26-40000-P,80843.03,BTC-25DEC26,put,40000.0,2026-12-25T08:00:00+00:00,0.30221306138442083,0.0023,0.0027,0.00243065,0.0025,80843.03,BTC-25DEC26,0.6562,-0.01659,18.35183,4513.1,0.0,0.0004000000000000002,BTC,79768.19,0.0
2026-09-05T22:48:01.094055+00:00,BTC-25DEC26-135000-C,80843.03,BTC-25DEC26,call,135000.0,2026-12-25T08:00:00+00:00,0.30221306138442083,0.0035,0.0041,0.00389312,0.0038,80843.03,BTC-25DEC26,0.4921,0.03921,37.69364,1372.4,0.0,0.0006000000000000003,BTC,79768.19,0.0
2026-09-05T22:48:01.094055+00:00,BTC-9SEP26-81500-C,79758.69,BTC-9SEP26,call,81500.0,2026-09-09T08:00:00+00:00,0.00926302716128603,0.0047,0.0055,0.00498196,0.0051,79758.69,BTC-9SEP26,0.3375,0.25745,24.77881,0.1,0.1,0.0007999999999999995,BTC,79768.19,44.0
2026-09-05T22:48:01.094055+00:00,BTC-25DEC26-104000-P,80843.03,BTC-25DEC26,put,104000.0,2026-12-25T08:00:00+00:00,0.30221306138442083,0.296,0.31,0.30433434,0.303,80843.03,BTC-25DEC26,0.4175,-0.8372,109.38882,0.1,0.0,0.014000000000000012,BTC,79768.79,0.0
2026-09-05T22:48:01.094055+00:00,BTC-30OCT26-76000-C,80203.36,BTC-30OCT26,call,76000.0,2026-10-30T08:00:00+00:00,0.1488934173050232,0.084,0.0895,0.08657618,0.08675,80203.36,BTC-30OCT26,0.3775,0.67059,112.0234,356.1,0.0,0.005499999999999991,BTC,79768.79,0.0
2026-09-05T22:48:01.094055+00:00,BTC-7SEP26-78500-P,79747.72,BTC-7SEP26,put,78500.0,2026-09-07T08:00:00+00:00,0.003787325587021827,0.001,0.0012,0.00110417,0.0011,79747.72,BTC-7SEP26,0.24230000000000002,-0.14518,11.1978,171.5,56.4,0.00019999999999999987,BTC,79768.79,5887.88
2026-09-05T22:48:01.094055+00:00,BTC-25JUN27-68000-P,82700.6,BTC-25JUN27,put,68000.0,2027-06-25T08:00:00+00:00,0.8005019046424633,0.0665,0.069,0.06763891,0.06775,82700.6,BTC-25JUN27,0.43060000000000004,-0.24187,231.05496,13.4,0.0,0.0025000000000000022,BTC,79768.79,0.0
2026-09-05T22:48:01.094055+00:00,BTC-25DEC26-85000-P,80843.03,BTC-25DEC26,put,85000.0,2026-12-25T08:00:00+00:00,0.30221306138442083,0.11,0.122,0.11611757,0.116,80843.03,BTC-25DEC26,0.392,-0.54986,175.95359,584.6,0.6,0.011999999999999997,BTC,79768.79,5573.5
2026-09-05T22:48:01.094055+00:00,BTC-27NOV26-95000-C,80524.56,BTC-27NOV26,call,95000.0,2026-11-27T08:00:00+00:00,0.22555323934472205,0.022,0.023,0.02245139,0.0225,80524.56,BTC-27NOV26,0.4044,0.22213,113.88701,32.0,0.3,0.0010000000000000009,BTC,79768.79,535.15
2026-09-05T22:48:01.094055+00:00,BTC-25DEC26-84000-P,80843.03,BTC-25DEC26,put,84000.0,2026-12-25T08:00:00+00:00,0.30221306138442083,0.107,0.11,0.10835754,0.1085,80843.03,BTC-25DEC26,0.3918,-0.52815,176.8988,86.9,0.0,0.0030000000000000027,BTC,79768.79,0.0
2026-09-05T22:48:01.094055+00:00,BTC-6SEP26-88000-P,79741.43,BTC-6SEP26,put,88000.0,2026-09-06T08:00:00+00:00,0.0010494747998897253,0.1005,0.1065,0.1035814,0.1035,79741.43,BTC-6SEP26,0.5775,-1.0,1e-05,0.0,0.0,0.0059999999999999915,BTC,79768.79,0.0
2026-09-05T22:48:01.094055+00:00,BTC-30OCT26-70000-C,80203.36,BTC-30OCT26,call,70000.0,2026-10-30T08:00:00+00:00,0.1488934173050232,0.1385,0.1465,0.14176396,0.1425,80203.36,BTC-30OCT26,0.3957,0.83314,77.39884,1099.6,0.0,0.00799999999999998,BTC,79768.79,0.0
2026-09-05T22:48:01.094055+00:00,BTC-18SEP26-81000-P,79823.61,BTC-18SEP26,put,81000.0,2026-09-18T08:00:00+00:00,0.03390368424547494,0.035,0.0365,0.03566959,0.03575,79823.61,BTC-18SEP26,0.374,-0.57124,57.71202,32.9,0.0,0.0014999999999999944,BTC,79768.79,0.0
2026-09-05T22:48:01.094055+00:00,BTC-30OCT26-86000-C,80203.36,BTC-30OCT26,call,86000.0,2026-10-30T08:00:00+00:00,0.1488934173050232,0.0305,0.032,0.03132031,0.03125,80203.36,BTC-30OCT26,0.3812,0.34405,113.93382,748.7,0.2,0.0015000000000000013,BTC,79768.79,489.94
2026-09-05T22:48:01.094055+00:00,BTC-9SEP26-76000-P,79758.69,BTC-9SEP26,put,76000.0,2026-09-09T08:00:00+00:00,0.00926302716128603,0.001,0.0013,0.00110954,0.00115,79758.69,BTC-9SEP26,0.34909999999999997,-0.07361,10.71507,0.6,0.6,0.0002999999999999999,BTC,79768.7,43.07
2026-09-05T22:48:01.094055+00:00,BTC-25SEP26-84000-P,79865.08,BTC-25SEP26,put,84000.0,2026-09-25T08:00:00+00:00,0.05306863975539965,0.0635,0.0705,0.06747397,0.067,79865.08,BTC-25SEP26,0.3797,-0.70359,63.63391,47.4,0.0,0.006999999999999992,BTC,79768.7,0.0
2026-09-05T22:48:01.094055+00:00,BTC-27NOV26-120000-C,80524.56,BTC-27NOV26,call,120000.0,2026-11-27T08:00:00+00:00,0.22555323934472205,0.0039,0.0044,0.00416367,0.00415,80524.56,BTC-27NOV26,0.47340000000000004,0.04825,38.3476,84.0,4.9,0.0005000000000000004,BTC,79768.7,1451.21
2026-09-05T22:48:01.094055+00:00,BTC-6SEP26-74000-P,79741.44,BTC-6SEP26,put,74000.0,2026-09-06T08:00:00+00:00,0.0010494747998897253,,0.0001,0.0,,79741.44,BTC-6SEP26,0.46259999999999996,0.0,4e-05,4.4,0.0,,BTC,79768.7,0.0
2026-09-05T22:48:01.094055+00:00,BTC-26MAR27-180000-P,81760.67,BTC-26MAR27,put,180000.0,2027-03-26T08:00:00+00:00,0.5513574830134421,1.1875,1.223,1.20600907,1.20525,81760.67,BTC-26MAR27,0.5233,-0.96686,44.86108,0.1,0.0,0.03550000000000009,BTC,79768.7,0.0
2026-09-05T22:48:01.094055+00:00,BTC-18SEP26-65000-C,79823.7,BTC-18SEP26,call,65000.0,2026-09-18T08:00:00+00:00,0.03390368424547494,0.184,0.188,0.18620879,0.186,79823.7,BTC-18SEP26,0.5219,0.98549,5.41187,0.0,0.0,0.0040000000000000036,BTC,79768.7,0.0
2026-09-05T22:48:01.094055+00:00,BTC-25JUN27-72000-C,82700.52,BTC-25JUN27,call,72000.0,2027-06-25T08:00:00+00:00,0.8005019046424633,0.2135,0.2165,0.21492635,0.215,82700.52,BTC-25JUN27,0.4251,0.71027,253.23425,89.9,0.2,0.0030000000000000027,BTC,79768.7,3433.31
2026-09-05T22:48:01.094055+00:00,BTC-6SEP26-85000-C,79741.43,BTC-6SEP26,call,85000.0,2026-09-06T08:00:00+00:00,0.0010494747998897253,,0.0001,0.0,,79741.43,BTC-6SEP26,0.4104,0.0,0.0001,77.3,0.0,,BTC,79768.7,0.0
2026-09-05T22:48:01.094055+00:00,BTC-25JUN27-110000-P,82700.6,BTC-25JUN27,put,110000.0,2027-06-25T08:00:00+00:00,0.8005019046424633,0.3735,0.397,0.38729997,0.38525,82700.6,BTC-25JUN27,0.4257,-0.71167,252.65729,2.3,0.0,0.02350000000000002,BTC,79768.7,0.0
2026-09-05T22:48:01.094055+00:00,BTC-25SEP26-150000-C,79865.12,BTC-25SEP26,call,150000.0,2026-09-25T08:00:00+00:00,0.05306863975539965,,0.0001,2.476e-05,,79865.12,BTC-25SEP26,0.8114,0.00052,0.34072,768.8,0.0,,BTC,79768.7,0.0
2026-09-05T22:48:01.094055+00:00,BTC-25SEP26-165000-P,79865.08,BTC-25SEP26,put,165000.0,2026-09-25T08:00:00+00:00,0.05306863975539965,1.057,1.0725,1.06598377,1.06475,79865.08,BTC-25SEP26,0.8449,-0.99986,0.10112,0.0,0.0,0.01550000000000007,BTC,79768.7,0.0
2026-09-05T22:48:01.094055+00:00,BTC-18SEP26-69000-P,79823.7,BTC-18SEP26,put,69000.0,2026-09-18T08:00:00+00:00,0.03390368424547494,0.0011,0.0013,0.00119526,0.0012,79823.7,BTC-18SEP26,0.4482,-0.03554,11.5027,31.2,0.1,0.00019999999999999987,BTC,79768.7,7.18
2026-09-05T22:48:01.094055+00:00,BTC-25SEP26-60000-C,79865.08,BTC-25SEP26,call,60000.0,2026-09-25T08:00:00+00:00,0.05306863975539965,0.2475,0.252,0.24918439,0.24975,79865.08,BTC-25SEP26,0.5489,0.98992,4.93799,837.0,0.0,0.004500000000000004,BTC,79768.7,0.0
2026-09-05T22:48:01.094055+00:00,BTC-25SEP26-110000-P,79865.08,BTC-25SEP26,put,110000.0,2026-09-25T08:00:00+00:00,0.05306863975539965,0.3735,0.3815,0.37770646,0.3775,79865.08,BTC-25SEP26,0.5726,-0.99089,4.52032,215.7,0.0,0.008000000000000007,BTC,79768.7,0.0
2026-09-05T22:48:01.094055+00:00,BTC-6SEP26-77500-P,79741.44,BTC-6SEP26,put,77500.0,2026-09-06T08:00:00+00:00,0.0010494747998897253,,0.0001,5.24e-06,,79741.44,BTC-6SEP26,0.3032,-0.00189,0.15575,38.0,0.1,,BTC,79768.7,0.8
2026-09-05T22:48:01.094055+00:00,BTC-27NOV26-110000-C,80524.56,BTC-27NOV26,call,110000.0,2026-11-27T08:00:00+00:00,0.22555323934472205,0.007,0.008,0.00746821,0.0075,80524.56,BTC-27NOV26,0.4428,0.08414,59.06963,69.4,0.1,0.001,BTC,79768.7,63.8
2026-09-05T22:48:01.094055+00:00,BTC-7SEP26-83000-P,79747.67,BTC-7SEP26,put,83000.0,2026-09-07T08:00:00+00:00,0.003787325587021827,0.0385,0.0435,0.04105723,0.041,79747.67,BTC-7SEP26,0.3505,-0.96755,3.56334,2.1,0.0,0.0049999999999999975,BTC,79768.75,0.0
2026-09-05T22:48:01.094055+00:00,BTC-6SEP26-77500-C,79741.44,BTC-6SEP26,call,77500.0,2026-09-06T08:00:00+00:00,0.0010494747998897253,0.026,0.031,0.02810117,0.0285,79741.44,BTC-6SEP26,0.3032,0.99812,0.15444,59.1,0.0,0.005000000000000001,BTC,79768.75,0.0
2026-09-05T22:48:01.094055+00:00,BTC-25DEC26-130000-C,80843.03,BTC-25DEC26,call,130000.0,2026-12-25T08:00:00+00:00,0.30221306138442083,0.0044,0.005,0.0047242,0.0047,80843.03,BTC-25DEC26,0.47950000000000004,0.04743,43.95517,1566.5,2.0,0.0005999999999999998,BTC,79768.75,783.7
2026-09-05T22:48:01.094055+00:00,BTC-25SEP26-240000-C,79865.08,BTC-25SEP26,call,240000.0,2026-09-25T08:00:00+00:00,0.05306863975539965,,0.0001,1.82e-06,,79865.08,BTC-25SEP26,1.156,3e-05,0.02484,211.9,0.0,,BTC,79768.75,0.0
2026-09-05T22:48:01.094055+00:00,BTC-26MAR27-92000-C,81760.67,BTC-26MAR27,call,92000.0,2027-03-26T08:00:00+00:00,0.5513574830134421,0.073,0.075,0.07393185,0.074,81760.67,BTC-26MAR27,0.4048,0.40419,235.22812,261.2,0.0,0.0020000000000000018,BTC,79768.73,0.0
2026-09-05T22:48:01.094055+00:00,BTC-30OCT26-87000-C,80203.36,BTC-30OCT26,call,87000.0,2026-10-30T08:00:00+00:00,0.1488934173050232,0.0275,0.0285,0.02809824,0.028,80203.36,BTC-30OCT26,0.38299999999999995,0.31665,110.2091,107.0,40.2,0.0010000000000000009,BTC,79768.75,86604.08
2026-09-05T22:48:01.094055+00:00,BTC-25JUN27-58000-P,82700.52,BTC-25JUN27,put,58000.0,2027-06-25T08:00:00+00:00,0.8005019046424633,0.0345,0.0365,0.03538785,0.0355,82700.52,BTC-25JUN27,0.4537,-0.14086,165.41716,91.9,0.0,0.001999999999999995,BTC,79768.75,0.0
2026-09-05T22:48:01.094055+00:00,BTC-27NOV26-71000-C,80524.56,BTC-27NOV26,call,71000.0,2026-11-27T08:00:00+00:00,0.22555323934472205,0.142,0.151,0.14570095,0.1465,80524.56,BTC-27NOV26,0.4023,0.77445,114.88104,0.1,0.0,0.009000000000000008,BTC,79768.73,0.0
2026-09-05T22:48:01.094055+00:00,BTC-11SEP26-68000-P,79766.31,BTC-11SEP26,put,68000.0,2026-09-11T08:00:00+00:00,0.014738728735550231,0.0001,0.0003,0.0001829,0.0002,79766.31,BTC-11SEP26,0.5537,-0.00807,2.14002,883.5,38.1,0.00019999999999999998,BTC,79768.73,607.95
2026-09-05T22:48:01.094055+00:00,BTC-7SEP26-70000-C,79747.72,BTC-7SEP26,call,70000.0,2026-09-07T08:00:00+00:00,0.003787325587021827,0.12,0.1245,0.1222332,0.12225,79747.72,BTC-7SEP26,0.5857,0.99986,0.02677,0.0,0.0,0.004500000000000004,BTC,79768.73,0.0
2026-09-05T22:48:01.094055+00:00,BTC-26MAR27-96000-P,81760.67,BTC-26MAR27,put,96000.0,2027-03-26T08:00:00+00:00,0.5513574830134421,0.2245,0.2425,0.23558871,0.2335,81760.67,BTC-26MAR27,0.4073,-0.64799,225.38112,1.6,0.0,0.017999999999999988,BTC,79767.97,0.0
2026-09-05T22:48:01.094055+00:00,BTC-18SEP26-84000-P,79823.7,BTC-18SEP26,put,84000.0,2026-09-18T08:00:00+00:00,0.03390368424547494,0.0585,0.0655,0.06274374,0.062,79823.7,BTC-18SEP26,0.3912,-0.74956,46.75879,0.1,0.0,0.006999999999999999,BTC,79768.73,0.0
2026-09-05T22:48:01.094055+00:00,BTC-7SEP26-74000-C,79747.72,BTC-7SEP26,call,74000.0,2026-09-07T08:00:00+00:00,0.003787325587021827,0.07,0.075,0.07218349,0.0725,79747.72,BTC-7SEP26,0.5253,0.98998,1.30974,0.0,0.0,0.0049999999999999906,BTC,79768.73,0.0
2026-09-05T22:48:01.094055+00:00,BTC-30OCT26-88000-C,80203.36,BTC-30OCT26,call,88000.0,2026-10-30T08:00:00+00:00,0.1488934173050232,0.0245,0.026,0.0252856,0.02525,80203.36,BTC-30OCT26,0.3857,0.29133,106.18684,553.9,0.2,0.0014999999999999979,BTC,79768.73,385.79
2026-09-05T22:48:01.094055+00:00,BTC-18SEP26-75000-C,79823.61,BTC-18SEP26,call,75000.0,2026-09-18T08:00:00+00:00,0.03390368424547494,0.0645,0.071,0.06700751,0.06775,79823.61,BTC-18SEP26,0.3726,0.82655,37.68025,35.1,0.0,0.006499999999999992,BTC,79767.97,0.0
2026-09-05T22:48:01.094055+00:00,BTC-30OCT26-62000-C,80203.36,BTC-30OCT26,call,62000.0,2026-10-30T08:00:00+00:00,0.1488934173050232,0.23,0.2355,0.23207338,0.23275,80203.36,BTC-30OCT26,0.46,0.938,37.83352,13.5,0.0,0.005499999999999977,BTC,79767.97,0.0
2026-09-05T22:48:01.094055+00:00,BTC-25SEP26-115000-P,79865.08,BTC-25SEP26,put,115000.0,2026-09-25T08:00:00+00:00,0.05306863975539965,0.4365,0.4435,0.44014227,0.44,79865.08,BTC-25SEP26,0.601,-0.99489,2.71373,93.7,0.0,0.007000000000000006,BTC,79768.18,0.0
2026-09-05T22:48:01.094055+00:00,BTC-25JUN27-74000-C,82700.6,BTC-25JUN27,call,74000.0,2027-06-25T08:00:00+00:00,0.8005019046424633,0.199,0.2025,0.20074199,0.20075,82700.6,BTC-25JUN27,0.4227,0.68535,262.78799,20.7,0.6,0.003500000000000003,BTC,79767.97,9602.07
2026-09-05T22:48:01.094055+00:00,BTC-25JUN27-68000-C,82700.6,BTC-25JUN27,call,68000.0,2027-06-25T08:00:00+00:00,0.8005019046424633,0.2415,0.2495,0.24538067,0.2455,82700.6,BTC-25JUN27,0.43060000000000004,0.75812,231.0581,10.8,0.0,0.008000000000000007,BTC,79767.97,0.0
2026-09-05T22:48:01.094055+00:00,BTC-8SEP26-81500-P,79753.99,BTC-8SEP26,put,81500.0,2026-09-08T08:00:00+00:00,0.006525176374153928,0.022,0.027,0.02467073,0.0245,79753.99,BTC-8SEP26,0.3124,-0.80218,17.91905,0.0,0.0,0.005000000000000001,BTC,79768.18,0.0
2026-09-05T22:48:01.094055+00:00,BTC-9SEP26-83000-P,79758.69,BTC-9SEP26,put,83000.0,2026-09-09T08:00:00+00:00,0.00926302716128603,0.04,0.0455,0.04286975,0.04275,79758.69,BTC-9SEP26,0.3617,-0.87063,16.18601,0.0,0.0,0.005499999999999998,BTC,79768.18,0.0
2026-09-05T22:48:01.094055+00:00,BTC-25SEP26-75000-C,79865.08,BTC-25SEP26,call,75000.0,2026-09-25T08:00:00+00:00,0.05306863975539965,0.07,0.0755,0.07185536,0.07275,79865.08,BTC-25SEP26,0.368,0.78296,54.063,3352.8,0.0,0.005499999999999991,BTC,79768.18,0.0
2026-09-05T22:48:01.094055+00:00,BTC-26MAR27-65000-P,81760.67,BTC-26MAR27,put,65000.0,2027-03-26T08:00:00+00:00,0.5513574830134421,0.0375,0.0395,0.03856294,0.0385,81760.67,BTC-26MAR27,0.42700000000000005,-0.18904,164.26539,879.5,0.0,0.0020000000000000018,BTC,79768.55,0.0
2026-09-05T22:48:01.094055+00:00,BTC-30OCT26-57000-C,80203.36,BTC-30OCT26,call,57000.0,2026-10-30T08:00:00+00:00,0.1488934173050232,0.2905,0.296,0.29212269,0.29325,80203.36,BTC-30OCT26,0.5114,0.96626,23.20684,0.1,0.0,0.005500000000000005,BTC,79768.18,0.0
2026-09-05T22:48:01.094055+00:00,BTC-7SEP26-70000-P,79747.72,BTC-7SEP26,put,70000.0,2026-09-07T08:00:00+00:00,0.003787325587021827,,0.0001,1.24e-06,,79747.72,BTC-7SEP26,0.5857,-0.00014,0.02681,1.4,1.2,,BTC,79768.18,9.56
2026-09-05T22:48:01.094055+00:00,BTC-25DEC26-210000-C,80843.03,BTC-25DEC26,call,210000.0,2026-12-25T08:00:00+00:00,0.30221306138442083,0.0004,0.0009,0.00057912,0.00065,80843.03,BTC-25DEC26,0.6409999999999999,0.00568,7.20164,162.3,0.0,0.0005,BTC,79768.18,0.0
2026-09-05T22:48:01.094055+00:00,BTC-25DEC26-92000-C,80843.03,BTC-25DEC26,call,92000.0,2026-12-25T08:00:00+00:00,0.30221306138442083,0.039,0.0405,0.03971082,0.03975,80843.03,BTC-25DEC26,0.3973,0.3145,157.80136,376.7,0.0,0.0015000000000000013,BTC,79768.55,0.0
2026-09-05T22:48:01.094055+00:00,BTC-25SEP26-240000-P,79865.08,BTC-25SEP26,put,240000.0,2026-09-25T08:00:00+00:00,0.05306863975539965,1.995,2.015,2.00505971,2.005,79865.08,BTC-25SEP26,1.156,-0.99997,0.02484,0.0,0.0,0.020000000000000018,BTC,79768.55,0.0
2026-09-05T22:48:01.094055+00:00,BTC-7SEP26-77000-P,79747.72,BTC-7SEP26,put,77000.0,2026-09-07T08:00:00+00:00,0.003787325587021827,0.0002,0.0004,0.00029776,0.0003,79747.72,BTC-7SEP26,0.3214,-0.0378,4.03859,27.5,0.6,0.0002,BTC,79768.55,6.37
2026-09-05T22:48:01.094055+00:00,BTC-6SEP26-73000-P,79741.43,BTC-6SEP26,put,73000.0,2026-09-06T08:00:00+00:00,0.0010494747998897253,,0.0001,0.0,,79741.43,BTC-6SEP26,0.5395,0.0,3e-05,3.6,0.0,,BTC,79768.55,0.0
2026-09-05T22:48:01.094055+00:00,BTC-26MAR27-90000-C,81760.67,BTC-26MAR27,call,90000.0,2027-03-26T08:00:00+00:00,0.5513574830134421,0.08,0.0825,0.08116211,0.08125,81760.67,BTC-26MAR27,0.4039,0.43231,238.75036,555.2,0.2,0.0025000000000000022,BTC,79768.55,1294.36
2026-09-05T22:48:01.094055+00:00,BTC-9SEP26-77500-P,79758.69,BTC-9SEP26,put,77500.0,2026-09-09T08:00:00+00:00,0.00926302716128603,0.0027,0.0032,0.00288095,0.00295,79758.69,BTC-9SEP26,0.3204,-0.17307,19.65074,0.0,0.0,0.0005,BTC,79768.55,0.0
2026-09-05T22:48:01.094055+00:00,BTC-25SEP26-79000-P,79865.08,BTC-25SEP26,put,79000.0,2026-09-25T08:00:00+00:00,0.05306863975539965,0.0275,0.0285,0.02810166,0.028,79865.08,BTC-25SEP26,0.3636,-0.43237,72.35519,1035.9,3.1,0.0010000000000000009,BTC,79768.55,6874.28
2026-09-05T22:48:01.094055+00:00,BTC-9SEP26-80500-P,79758.69,BTC-9SEP26,put,80500.0,2026-09-09T08:00:00+00:00,0.00926302716128603,0.0165,0.0185,0.0176953,0.0175,79758.69,BTC-9SEP26,0.32409999999999994,-0.61206,29.41155,0.0,0.0,0.0019999999999999983,BTC,79768.55,0.0
2026-09-05T22:48:01.094055+00:00,BTC-25SEP26-95000-P,79865.08,BTC-25SEP26,put,95000.0,2026-09-25T08:00:00+00:00,0.05306863975539965,0.187,0.1955,0.19180389,0.19125,79865.08,BTC-25SEP26,0.4539,-0.94608,20.15213,147.6,0.0,0.008500000000000008,BTC,79768.55,0.0
2026-09-05T22:48:01.094055+00:00,BTC-25DEC26-86000-C,80843.03,BTC-25DEC26,call,86000.0,2026-12-25T08:00:00+00:00,0.30221306138442083,0.0595,0.061,0.06040694,0.06025,80843.03,BTC-25DEC26,0.3926,0.4289,174.51244,324.3,0.0,0.0015000000000000013,BTC,79768.55,0.0
2026-09-05T22:48:01.094055+00:00,BTC-27NOV26-84000-C,80524.5,BTC-27NOV26,call,84000.0,2026-11-27T08:00:00+00:00,0.22555323934472205,0.055,0.0565,0.05562299,0.05575,80524.5,BTC-27NOV26,0.3892,0.44565,151.18372,24.8,0.0,0.0015000000000000013,BTC,79768.55,0.0
2026-09-05T22:48:01.094055+00:00,BTC-25JUN27-90000-P,82700.6,BTC-25JUN27,put,90000.0,2027-06-25T08:00:00+00:00,0.8005019046424633,0.195,0.211,0.20218984,0.203,82700.6,BTC-25JUN27,0.4158,-0.51653,295.00789,0.5,0.0,0.015999999999999986,BTC,79768.55,0.0
2026-09-05T22:48:01.094055+00:00,BTC-30OCT26-68000-P,80203.36,BTC-30OCT26,put,68000.0,2026-10-30T08:00:00+00:00,0.1488934173050232,0.0105,0.0115,0.01103276,0.011,80203.36,BTC-30OCT26,0.40850000000000003,-0.13028,65.58107,1513.6,1.0,0.0009999999999999992,BTC,79768.55,878.43
2026-09-05T22:48:01.094055+00:00,BTC-26MAR27-160000-P,81760.79,BTC-26MAR27,put,160000.0,2027-03-26T08:00:00+00:00,0.5513574830134421,0.947,0.9775,0.96355568,0.96225,81760.79,BTC-26MAR27,0.4927,-0.95068,61.94648,0.1,0.0,0.030500000000000083,BTC,79768.6,0.0
2026-09-05T22:48:01.094055+00:00,BTC-7SEP26-81500-C,79747.67,BTC-7SEP26,call,81500.0,2026-09-07T08:00:00+00:00,0.003787325587021827,0.0008,0.0012,0.00096518,0.001,79747.67,BTC-7SEP26,0.289,0.11134,9.30845,35.7,10.8,0.00039999999999999986,BTC,79768.55,469.76
2026-09-05T22:48:01.094055+00:00,BTC-7SEP26-71000-P,79747.67,BTC-7SEP26,put,71000.0,2026-09-07T08:00:00+00:00,0.003787325587021827,,0.0001,2.47e-06,,79747.67,BTC-7SEP26,0.5503,-0.00029,0.05205,4.5,0.0,,BTC,79768.55,0.0
2026-09-05T22:48:01.094055+00:00,BTC-25DEC26-74000-C,80843.07,BTC-25DEC26,call,74000.0,2026-12-25T08:00:00+00:00,0.30221306138442083,0.1295,0.1355,0.13265934,0.1325,80843.07,BTC-25DEC26,0.39899999999999997,0.6957,155.54359,138.9,0.0,0.006000000000000005,BTC,79768.6,0.0
2026-09-05T22:48:01.094055+00:00,BTC-6SEP26-81500-C,79741.43,BTC-6SEP26,call,81500.0,2026-09-06T08:00:00+00:00,0.0010494747998897253,,0.0003,0.00015631,,79741.43,BTC-6SEP26,0.3667,0.0328,1.89124,57.4,29.0,,BTC,79768.6,477.73
2026-09-05T22:48:01.094055+00:00,BTC-8SEP26-90000-P,79753.99,BTC-8SEP26,put,90000.0,2026-09-08T08:00:00+00:00,0.006525176374153928,0.1255,0.1315,0.1285188,0.1285,79753.99,BTC-8SEP26,0.5327000000000001,-0.99735,0.52684,0.0,0.0,0.006000000000000005,BTC,79768.6,0.0
2026-09-05T22:48:01.094055+00:00,BTC-25SEP26-58000-P,79865.08,BTC-25SEP26,put,58000.0,2026-09-25T08:00:00+00:00,0.05306863975539965,0.0003,0.0006,0.00039109,0.00045,79865.08,BTC-25SEP26,0.5957,-0.00824,4.14073,1315.7,0.1,0.0003,BTC,79768.77,2.39
2026-09-05T22:48:01.094055+00:00,BTC-18SEP26-76000-P,79823.61,BTC-18SEP26,put,76000.0,2026-09-18T08:00:00+00:00,0.03390368424547494,0.0085,0.0095,0.00905944,0.009,79823.61,BTC-18SEP26,0.3679,-0.22461,44.04592,171.9,22.5,0.0009999999999999992,BTC,79768.77,16001.84
2026-09-05T22:48:01.094055+00:00,BTC-25DEC26-54000-C,80843.07,BTC-25DEC26,call,54000.0,2026-12-25T08:00:00+00:00,0.30221306138442083,0.336,0.3435,0.33874483,0.33975,80843.07,BTC-25DEC26,0.49439999999999995,0.94724,47.84984,33.1,0.0,0.007500000000000007,BTC,79768.6,0.0
2026-09-05T22:48:01.094055+00:00,BTC-25DEC26-200000-C,80843.07,BTC-25DEC26,call,200000.0,2026-12-25T08:00:00+00:00,0.30221306138442083,0.0006,0.0009,0.00068095,0.00075,80843.07,BTC-25DEC26,0.6234000000000001,0.00673,8.369,969.4,0.0,0.00030000000000000003,BTC,79768.77,0.0
2026-09-05T22:48:01.094055+00:00,BTC-27NOV26-71000-P,80524.56,BTC-27NOV26,put,71000.0,2026-11-27T08:00:00+00:00,0.22555323934472205,0.027,0.028,0.02741909,0.0275,80524.56,BTC-27NOV26,0.4023,-0.22557,114.88537,20.3,0.0,0.0010000000000000009,BTC,79768.77,0.0
2026-09-05T22:48:01.094055+00:00,BTC-7SEP26-76000-P,79747.67,BTC-7SEP26,put,76000.0,2026-09-07T08:00:00+00:00,0.003787325587021827,0.0002,0.0003,0.00019758,0.00025,79747.67,BTC-7SEP26,0.39039999999999997,-0.02254,2.62865,40.9,4.9,9.999999999999996e-05,BTC,79768.77,41.45
2026-09-05T22:48:01.094055+00:00,BTC-25SEP26-320000-C,79865.08,BTC-25SEP26,call,320000.0,2026-09-25T08:00:00+00:00,0.05306863975539965,,0.0001,1.17e-06,,79865.08,BTC-25SEP26,1.4015,2e-05,0.01413,304.6,0.0,,BTC,79768.77,0.0
2026-09-05T22:48:01.094055+00:00,BTC-25JUN27-72000-P,82700.6,BTC-25JUN27,put,72000.0,2027-06-25T08:00:00+00:00,0.8005019046424633,0.0845,0.087,0.08555272,0.08575,82700.6,BTC-25JUN27,0.4251,-0.28974,253.23593,47.5,0.1,0.0024999999999999883,BTC,79768.77,668.93
2026-09-05T22:48:01.094055+00:00,BTC-6SEP26-75500-P,79741.44,BTC-6SEP26,put,75500.0,2026-09-06T08:00:00+00:00,0.0010494747998897253,,0.0001,0.0,,79741.44,BTC-6SEP26,0.36590000000000006,0.0,0.00025,19.6,0.0,,BTC,79768.77,0.0
2026-09-05T22:48:01.094055+00:00,BTC-11SEP26-86000-P,79766.31,BTC-11SEP26,put,86000.0,2026-09-11T08:00:00+00:00,0.014738728735550231,0.0765,0.0825,0.07977067,0.0795,79766.31,BTC-11SEP26,0.4188,-0.92728,13.39099,1.4,0.0,0.006000000000000005,BTC,79768.77,0.0
2026-09-05T22:48:01.094055+00:00,BTC-25DEC26-45000-C,80843.03,BTC-25DEC26,call,45000.0,2026-12-25T08:00:00+00:00,0.30221306138442083,0.444,0.4485,0.44655196,0.44625,80843.03,BTC-25DEC26,0.584,0.9764,24.75573,54.3,0.0,0.004500000000000004,BTC,79768.77,0.0
2026-09-05T22:48:01.094055+00:00,BTC-25JUN27-70000-C,82700.52,BTC-25JUN27,call,70000.0,2027-06-25T08:00:00+00:00,0.8005019046424633,0.226,0.234,0.22970606,0.23,82700.52,BTC-25JUN27,0.4274,0.73463,242.59068,195.5,0.0,0.008000000000000007,BTC,79768.77,0.0
2026-09-05T22:48:01.094055+00:00,BTC-7SEP26-83500-C,79747.67,BTC-7SEP26,call,83500.0,2026-09-07T08:00:00+00:00,0.003787325587021827,0.0001,0.0003,0.00017439,0.0002,79747.67,BTC-7SEP26,0.3657,0.02088,2.46443,41.4,14.2,0.00019999999999999998,BTC,79768.77,132.38
2026-09-05T22:48:01.094055+00:00,BTC-11SEP26-64000-C,79766.31,BTC-11SEP26,call,64000.0,2026-09-11T08:00:00+00:00,0.014738728735550231,0.1955,0.2,0.19770016,0.19775,79766.31,BTC-11SEP26,0.6355,0.99808,0.59255,0.0,0.0,0.004500000000000004,BTC,79768.77,0.0
2026-09-05T22:48:01.094055+00:00,BTC-7SEP26-81000-P,79747.67,BTC-7SEP26,put,81000.0,2026-09-07T08:00:00+00:00,0.003787325587021827,0.015,0.0185,0.01731075,0.01675,79747.67,BTC-7SEP26,0.2723,-0.8233,12.72821,99.2,0.0,0.0034999999999999996,BTC,79768.77,0.0
2026-09-05T22:48:01.094055+00:00,BTC-25DEC26-68000-P,80843.03,BTC-25DEC26,put,68000.0,2026-12-25T08:00:00+00:00,0.30221306138442083,0.026,0.0275,0.0267736,0.02675,80843.03,BTC-25DEC26,0.41369999999999996,-0.19116,121.07613,553.3,0.4,0.0015000000000000013,BTC,79768.77,837.69
2026-09-05T22:48:01.094055+00:00,BTC-26MAR27-98000-P,81760.67,BTC-26MAR27,put,98000.0,2027-03-26T08:00:00+00:00,0.5513574830134421,0.2435,0.2615,0.25458099,0.2525,81760.67,BTC-26MAR27,0.40850000000000003,-0.67214,219.32795,0.2,0.0,0.018000000000000016,BTC,79768.77,0.0
2026-09-05T22:48:01.094055+00:00,BTC-25DEC26-115000-P,80843.03,BTC-25DEC26,put,115000.0,2026-12-25T08:00:00+00:00,0.30221306138442083,0.4225,0.4385,0.43197674,0.4305,80843.03,BTC-25DEC26,0.442,-0.90803,73.35186,5.0,0.0,0.016000000000000014,BTC,79768.77,0.0
2026-09-05T22:48:01.094055+00:00,BTC-9SEP26-79500-P,79758.69,BTC-9SEP26,put,79500.0,2026-09-09T08:00:00+00:00,0.00926302716128603,0.01,0.011,0.01042538,0.0105,79758.69,BTC-9SEP26,0.3124,-0.45262,30.41163,0.6,0.6,0.0009999999999999992,BTC,79768.77,521.47
2026-09-05T22:48:01.094055+00:00,BTC-7SEP26-82000-C,79747.72,BTC-7SEP26,call,82000.0,2026-09-07T08:00:00+00:00,0.003787325587021827,0.0005,0.0008,0.00061137,0.00065,79747.72,BTC-7SEP26,0.30879999999999996,0.07192,6.72807,95.4,40.8,0.00030000000000000003,BTC,79768.77,2189.33
2026-09-05T22:48:01.094055+00:00,BTC-25JUN27-78000-P,82700.52,BTC-25JUN27,put,78000.0,2027-06-25T08:00:00+00:00,0.8005019046424633,0.1165,0.1195,0.11781772,0.118,82700.52,BTC-25JUN27,0.419,-0.36569,278.36558,104.6,0.0,0.002999999999999989,BTC,79768.77,0.0
2026-09-05T22:48:01.094055+00:00,BTC-8SEP26-82500-C,79753.99,BTC-8SEP26,call,82500.0,2026-09-08T08:00:00+00:00,0.006525176374153928,0.0013,0.0016,0.00143838,0.00145,79753.99,BTC-8SEP26,0.3382,0.10946,12.07255,46.8,36.5,0.00030000000000000014,BTC,79768.77,2779.2
2026-09-05T22:48:01.094055+00:00,BTC-30OCT26-48000-P,80203.36,BTC-30OCT26,put,48000.0,2026-10-30T08:00:00+00:00,0.1488934173050232,0.001,0.0013,0.00112022,0.00115,80203.36,BTC-30OCT26,0.6258,-0.01235,9.91077,194.3,0.0,0.0002999999999999999,BTC,79768.77,0.0
2026-09-05T22:48:01.094055+00:00,BTC-25SEP26-84000-C,79865.12,BTC-25SEP26,call,84000.0,2026-09-25T08:00:00+00:00,0.05306863975539965,0.015,0.016,0.01570371,0.0155,79865.12,BTC-25SEP26,0.3797,0.29629,63.6195,5079.7,0.8,0.0010000000000000009,BTC,79773.92,957.13
2026-09-05T22:48:01.094055+00:00,BTC-8SEP26-87000-P,79753.99,BTC-8SEP26,put,87000.0,2026-09-08T08:00:00+00:00,0.006525176374153928,0.0885,0.094,0.09104424,0.09125,79753.99,BTC-8SEP26,0.48009999999999997,-0.98696,2.16305,0.0,0.0,0.005500000000000005,BTC,79768.77,0.0
2026-09-05T22:48:01.094055+00:00,BTC-25DEC26-102000-P,80843.03,BTC-25DEC26,put,102000.0,2026-12-25T08:00:00+00:00,0.30221306138442083,0.2755,0.288,0.28197019,0.28175,80843.03,BTC-25DEC26,0.4132,-0.81859,117.2115,7.8,0.0,0.012499999999999956,BTC,79768.77,0.0
2026-09-05T22:48:01.094055+00:00,BTC-25JUN27-120000-C,82700.52,BTC-25JUN27,call,120000.0,2027-06-25T08:00:00+00:00,0.8005019046424633,0.041,0.043,0.04205661,0.042,82700.52,BTC-25JUN27,0.4354,0.22343,221.08466,292.9,0.0,0.001999999999999995,BTC,79773.92,0.0
2026-09-05T22:48:01.094055+00:00,BTC-25SEP26-165000-C,79865.08,BTC-25SEP26,call,165000.0,2026-09-25T08:00:00+00:00,0.05306863975539965,,0.0001,6.47e-06,,79865.08,BTC-25SEP26,0.8449,0.00014,0.10118,266.6,0.0,,BTC,79773.92,0.0
2026-09-05T22:48:01.094055+00:00,BTC-25SEP26-65000-P,79865.08,BTC-25SEP26,put,65000.0,2026-09-25T08:00:00+00:00,0.05306863975539965,0.0012,0.0013,0.0011611,0.00125,79865.08,BTC-25SEP26,0.47619999999999996,-0.02671,11.36713,981.7,1.9,0.00010000000000000005,BTC,79777.71,178.46
2026-09-05T22:48:01.094055+00:00,BTC-11SEP26-74000-C,79766.31,BTC-11SEP26,call,74000.0,2026-09-11T08:00:00+00:00,0.014738728735550231,0.071,0.077,0.07344292,0.074,79766.31,BTC-11SEP26,0.39390000000000003,0.94413,10.90928,17.9,0.0,0.006000000000000005,BTC,79773.92,0.0
2026-09-05T22:48:01.094055+00:00,BTC-6SEP26-82500-C,79741.44,BTC-6SEP26,call,82500.0,2026-09-06T08:00:00+00:00,0.0010494747998897253,,0.0002,2.122e-05,,79741.44,BTC-6SEP26,0.4075,0.00494,0.36932,61.5,0.3,,BTC,79773.92,2.4
2026-09-05T22:48:01.094055+00:00,BTC-8SEP26-70000-P,79753.99,BTC-8SEP26,put,70000.0,2026-09-08T08:00:00+00:00,0.006525176374153928,,0.0001,4.64e-05,,79753.99,BTC-8SEP26,0.5958,-0.00314,0.61447,25.0,25.0,,BTC,79777.71,200.23
2026-09-05T22:48:01.094055+00:00,BTC-9SEP26-82500-C,79758.61,BTC-9SEP26,call,82500.0,2026-09-09T08:00:00+00:00,0.00926302716128603,0.0027,0.0032,0.00288334,0.00295,79758.61,BTC-9SEP26,0.3518,0.16355,18.95124,0.2,0.2,0.0005,BTC,79777.71,42.35
2026-09-05T22:48:01.094055+00:00,BTC-25JUN27-106000-P,82700.52,BTC-25JUN27,put,106000.0,2027-06-25T08:00:00+00:00,0.8005019046424633,0.3335,0.3565,0.34694685,0.345,82700.52,BTC-25JUN27,0.4226,-0.67982,264.75152,0.0,0.0,0.022999999999999965,BTC,79777.71,0.0
2026-09-05T22:48:01.094055+00:00,BTC-26MAR27-170000-P,81760.67,BTC-26MAR27,put,170000.0,2027-03-26T08:00:00+00:00,0.5513574830134421,1.0675,1.1,1.08472859,1.08375,81760.67,BTC-26MAR27,0.51,-0.95931,53.05896,0.2,0.0,0.032500000000000195,BTC,79777.71,0.0
2026-09-05T22:48:01.094055+00:00,BTC-25SEP26-160000-P,79865.08,BTC-25SEP26,put,160000.0,2026-09-25T08:00:00+00:00,0.05306863975539965,0.998,1.008,1.00337934,1.003,79865.08,BTC-25SEP26,0.8188,-0.99983,0.11751,0.6,0.0,0.010000000000000009,BTC,79782.04,0.0
2026-09-05T22:48:01.094055+00:00,BTC-25SEP26-80000-P,79865.08,BTC-25SEP26,put,80000.0,2026-09-25T08:00:00+00:00,0.05306863975539965,0.034,0.035,0.0342879,0.0345,79865.08,BTC-25SEP26,0.3635,-0.49117,73.40666,1519.3,1.2,0.0010000000000000009,BTC,79782.04,3285.71
2026-09-05T22:48:01.094055+00:00,BTC-30OCT26-104000-P,80203.36,BTC-30OCT26,put,104000.0,2026-10-30T08:00:00+00:00,0.1488934173050232,0.2955,0.3055,0.30215899,0.3005,80203.36,BTC-30OCT26,0.4432,-0.92408,44.23207,0.0,0.0,0.010000000000000009,BTC,79777.71,0.0
2026-09-05T22:48:01.094055+00:00,BTC-7SEP26-76000-C,79747.67,BTC-7SEP26,call,76000.0,2026-09-07T08:00:00+00:00,0.003787325587021827,0.045,0.05,0.04719228,0.0475,79747.67,BTC-7SEP26,0.39039999999999997,0.97773,2.60255,0.8,0.0,0.0050000000000000044,BTC,79777.71,0.0
2026-09-05T22:48:01.094055+00:00,BTC-30OCT26-91000-P,80203.36,BTC-30OCT26,put,91000.0,2026-10-30T08:00:00+00:00,0.1488934173050232,0.148,0.157,0.15305456,0.1525,80203.36,BTC-30OCT26,0.3942,-0.77446,92.97949,0.2,0.0,0.009000000000000008,BTC,79782.04,0.0
2026-09-05T22:48:01.094055+00:00,BTC-6SEP26-68000-C,79741.44,BTC-6SEP26,call,68000.0,2026-09-06T08:00:00+00:00,0.0010494747998897253,0.145,0.1495,0.14723256,0.14725,79741.44,BTC-6SEP26,0.8551000000000001,1.0,0.0,0.0,0.0,0.004500000000000004,BTC,79782.04,0.0
2026-09-05T22:48:01.094055+00:00,BTC-25SEP26-180000-C,79865.08,BTC-25SEP26,call,180000.0,2026-09-25T08:00:00+00:00,0.05306863975539965,,0.0001,4.55e-06,,79865.08,BTC-25SEP26,0.9184,9e-05,0.06898,792.3,0.0,,BTC,79781.96,0.0
2026-09-05T22:48:01.094055+00:00,BTC-8SEP26-79000-C,79753.99,BTC-8SEP26,call,79000.0,2026-09-08T08:00:00+00:00,0.006525176374153928,0.0135,0.0155,0.01456746,0.0145,79753.99,BTC-8SEP26,0.2829,0.66514,23.47125,5.7,0.0,0.002,BTC,79782.04,0.0
2026-09-05T22:48:01.094055+00:00,BTC-26MAR27-90000-P,81760.79,BTC-26MAR27,put,90000.0,2027-03-26T08:00:00+00:00,0.5513574830134421,0.172,0.189,0.18194327,0.1805,81760.79,BTC-26MAR27,0.4039,-0.56748,238.80822,14.1,0.0,0.017000000000000015,BTC,79781.96,0.0
2026-09-05T22:48:01.094055+00:00,BTC-18SEP26-68000-C,79823.7,BTC-18SEP26,call,68000.0,2026-09-18T08:00:00+00:00,0.03390368424547494,0.1465,0.1525,0.14896683,0.1495,79823.7,BTC-18SEP26,0.4569,0.97427,8.80194,2.0,0.0,0.006000000000000005,BTC,79781.96,0.0
2026-09-05T22:48:01.094055+00:00,BTC-30OCT26-80000-P,80203.36,BTC-30OCT26,put,80000.0,2026-10-30T08:00:00+00:00,0.1488934173050232,0.0555,0.057,0.05617104,0.05625,80203.36,BTC-30OCT26,0.3737,-0.4641,123.01172,951.0,2.0,0.0015000000000000013,BTC,79781.96,9081.99
2026-09-05T22:48:01.094055+00:00,BTC-26MAR27-54000-P,81760.67,BTC-26MAR27,put,54000.0,2027-03-26T08:00:00+00:00,0.5513574830134421,0.015,0.017,0.01590635,0.016,81760.67,BTC-26MAR27,0.46799999999999997,-0.08581,95.17769,84.0,0.0,0.0020000000000000018,BTC,79781.96,0.0
2026-09-05T22:48:01.094055+00:00,BTC-27NOV26-93000-C,80524.56,BTC-27NOV26,call,93000.0,2026-11-27T08:00:00+00:00,0.22555323934472205,0.026,0.027,0.02644297,0.0265,80524.56,BTC-27NOV26,0.4006,0.25421,122.651,28.2,0.0,0.0010000000000000009,BTC,79781.96,0.0
2026-09-05T22:48:01.094055+00:00,BTC-18SEP26-82000-C,79823.61,BTC-18SEP26,call,82000.0,2026-09-18T08:00:00+00:00,0.03390368424547494,0.016,0.017,0.01652084,0.0165,79823.61,BTC-18SEP26,0.377,0.3624,55.13262,1279.5,35.9,0.0010000000000000009,BTC,79781.83,45542.97
2026-09-05T22:48:01.094055+00:00,BTC-26MAR27-60000-P,81760.67,BTC-26MAR27,put,60000.0,2027-03-26T08:00:00+00:00,0.5513574830134421,0.025,0.027,0.02604039,0.026,81760.67,BTC-26MAR27,0.4429,-0.13454,131.5516,805.2,3.0,0.0019999999999999983,BTC,79781.83,6450.27
2026-09-05T22:48:01.094055+00:00,BTC-8SEP26-73000-P,79753.99,BTC-8SEP26,put,73000.0,2026-09-08T08:00:00+00:00,0.006525176374153928,0.0001,0.0003,0.00018443,0.0002,79753.99,BTC-8SEP26,0.4964,-0.01294,2.14826,8.6,2.4,0.00019999999999999998,BTC,79781.83,35.85
2026-09-05T22:48:01.094055+00:00,BTC-25DEC26-65000-C,80843.03,BTC-25DEC26,call,65000.0,2026-12-25T08:00:00+00:00,0.30221306138442083,0.211,0.221,0.21572654,0.216,80843.03,BTC-25DEC26,0.4253,0.85305,102.24515,920.8,0.0,0.010000000000000009,BTC,79781.83,0.0
2026-09-05T22:48:01.094055+00:00,BTC-30OCT26-110000-P,80203.36,BTC-30OCT26,put,110000.0,2026-10-30T08:00:00+00:00,0.1488934173050232,0.3675,0.379,0.37484663,0.37325,80203.36,BTC-30OCT26,0.4657,-0.95225,30.77877,0.0,0.0,0.01150000000000001,BTC,79781.83,0.0
2026-09-05T22:48:01.094055+00:00,BTC-9SEP26-78000-C,79758.69,BTC-9SEP26,call,78000.0,2026-09-09T08:00:00+00:00,0.00926302716128603,0.0235,0.0295,0.02605815,0.0265,79758.69,BTC-9SEP26,0.314,0.77459,23.0531,0.0,0.0,0.005999999999999998,BTC,79781.83,0.0
2026-09-05T22:48:01.094055+00:00,BTC-9SEP26-80000-C,79758.69,BTC-9SEP26,call,80000.0,2026-09-09T08:00:00+00:00,0.00926302716128603,0.0105,0.0115,0.01086113,0.011,79758.69,BTC-9SEP26,0.3201,0.46786,30.53384,0.0,0.0,0.0009999999999999992,BTC,79781.83,0.0
2026-09-05T22:48:01.094055+00:00,BTC-25DEC26-190000-C,80843.03,BTC-25DEC26,call,190000.0,2026-12-25T08:00:00+00:00,0.30221306138442083,0.0007,0.0011,0.00082542,0.0009,80843.03,BTC-25DEC26,0.6058,0.00823,9.99362,1026.7,0.0,0.0004000000000000001,BTC,79781.83,0.0
2026-09-05T22:48:01.094055+00:00,BTC-25SEP26-105000-P,79865.12,BTC-25SEP26,put,105000.0,2026-09-25T08:00:00+00:00,0.05306863975539965,0.3115,0.3195,0.31537481,0.3155,79865.12,BTC-25SEP26,0.536,-0.98437,7.21963,105.4,0.0,0.008000000000000007,BTC,79781.08,0.0
2026-09-05T22:48:01.094055+00:00,BTC-6SEP26-80000-P,79741.43,BTC-6SEP26,put,80000.0,2026-09-06T08:00:00+00:00,0.0010494747998897253,0.004,0.005,0.00452212,0.0045,79741.43,BTC-6SEP26,0.19870000000000002,-0.6889,9.12308,65.1,5.1,0.001,BTC,79781.08,1349.82
2026-09-05T22:48:01.094055+00:00,BTC-8SEP26-78500-C,79753.99,BTC-8SEP26,call,78500.0,2026-09-08T08:00:00+00:00,0.006525176374153928,0.0165,0.0225,0.01904438,0.0195,79753.99,BTC-8SEP26,0.285,0.75836,20.10705,0.2,0.0,0.005999999999999998,BTC,79781.08,0.0
2026-09-05T22:48:01.094055+00:00,BTC-25DEC26-230000-P,80843.03,BTC-25DEC26,put,230000.0,2026-12-25T08:00:00+00:00,0.30221306138442083,1.825,1.861,1.84537721,1.843,80843.03,BTC-25DEC26,0.6617000000000001,-0.99644,4.741,0.0,0.0,0.03600000000000003,BTC,79781.08,0.0
2026-09-05T22:48:01.094055+00:00,BTC-25SEP26-72000-C,79865.08,BTC-25SEP26,call,72000.0,2026-09-25T08:00:00+00:00,0.05306863975539965,0.1025,0.1055,0.10371233,0.104,79865.08,BTC-25SEP26,0.38939999999999997,0.88508,35.70515,3314.4,4.1,0.0030000000000000027,BTC,79781.08,34449.1
2026-09-05T22:48:01.094055+00:00,BTC-25SEP26-130000-P,79865.08,BTC-25SEP26,put,130000.0,2026-09-25T08:00:00+00:00,0.05306863975539965,0.621,0.6325,0.62780553,0.62675,79865.08,BTC-25SEP26,0.6939,-0.9985,0.90065,21.4,0.0,0.011499999999999955,BTC,79781.08,0.0
2026-09-05T22:48:01.094055+00:00,BTC-25SEP26-70000-P,79865.12,BTC-25SEP26,put,70000.0,2026-09-25T08:00:00+00:00,0.05306863975539965,0.0031,0.0034,0.00323512,0.00325,79865.12,BTC-25SEP26,0.40880000000000005,-0.07393,25.76963,8722.1,11.1,0.0002999999999999999,BTC,79781.08,2872.56
2026-09-05T22:48:01.094055+00:00,BTC-26MAR27-150000-C,81760.67,BTC-26MAR27,call,150000.0,2027-03-26T08:00:00+00:00,0.5513574830134421,0.008,0.009,0.00843372,0.0085,81760.67,BTC-26MAR27,0.47729999999999995,0.06241,74.60451,1901.8,0.3,0.0009999999999999992,BTC,79781.08,199.12
2026-09-05T22:48:01.094055+00:00,BTC-9SEP26-87000-P,79758.69,BTC-9SEP26,put,87000.0,2026-09-09T08:00:00+00:00,0.00926302716128603,0.088,0.094,0.09116973,0.091,79758.69,BTC-9SEP26,0.4508,-0.97607,4.32631,0.0,0.0,0.006000000000000005,BTC,79781.08,0.0
2026-09-05T22:48:01.094055+00:00,BTC-25DEC26-45000-P,80843.03,BTC-25DEC26,put,45000.0,2026-12-25T08:00:00+00:00,0.30221306138442083,0.0029,0.0035,0.00318594,0.0032,80843.03,BTC-25DEC26,0.584,-0.02358,24.73526,2844.7,0.0,0.0006000000000000003,BTC,79781.08,0.0
2026-09-05T22:48:01.094055+00:00,BTC-30OCT26-67000-P,80203.36,BTC-30OCT26,put,67000.0,2026-10-30T08:00:00+00:00,0.1488934173050232,0.009,0.01,0.00952711,0.0095,80203.36,BTC-30OCT26,0.4143,-0.11407,59.74724,411.7,1.3,0.0010000000000000009,BTC,79781.08,1023.47
2026-09-05T22:48:01.094055+00:00,BTC-25JUN27-125000-C,82700.52,BTC-25JUN27,call,125000.0,2027-06-25T08:00:00+00:00,0.8005019046424633,0.035,0.0375,0.03638708,0.03625,82700.52,BTC-25JUN27,0.44049999999999995,0.1975,205.66783,115.6,0.0,0.0024999999999999953,BTC,79781.27,0.0
2026-09-05T22:48:01.094055+00:00,BTC-6SEP26-75000-C,79741.44,BTC-6SEP26,call,75000.0,2026-09-06T08:00:00+00:00,0.0010494747998897253,0.0575,0.063,0.05944767,0.06025,79741.44,BTC-6SEP26,0.397,1.0,0.00011,0.0,0.0,0.005499999999999998,BTC,79781.27,0.0
2026-09-05T22:48:01.094055+00:00,BTC-25JUN27-60000-C,82700.52,BTC-25JUN27,call,60000.0,2027-06-25T08:00:00+00:00,0.8005019046424633,0.3105,0.3185,0.31535966,0.3145,82700.52,BTC-25JUN27,0.4495,0.84106,179.32524,961.3,0.0,0.008000000000000007,BTC,79781.27,0.0
2026-09-05T22:48:01.094055+00:00,BTC-8SEP26-74000-C,79753.99,BTC-8SEP26,call,74000.0,2026-09-08T08:00:00+00:00,0.006525176374153928,0.07,0.0745,0.07242558,0.07225,79753.99,BTC-8SEP26,0.4596,0.97926,3.21696,0.0,0.0,0.00449999999999999,BTC,79781.27,0.0
2026-09-05T22:48:01.094055+00:00,BTC-8SEP26-83000-C,79753.99,BTC-8SEP26,call,83000.0,2026-09-08T08:00:00+00:00,0.006525176374153928,0.001,0.0012,0.00108441,0.0011,79753.99,BTC-8SEP26,0.3542,0.08422,9.95844,25.3,21.2,0.00019999999999999987,BTC,79781.27,1358.33
2026-09-05T22:48:01.094055+00:00,BTC-8SEP26-88000-P,79753.99,BTC-8SEP26,put,88000.0,2026-09-08T08:00:00+00:00,0.006525176374153928,0.1005,0.1065,0.10356733,0.1035,79753.99,BTC-8SEP26,0.5275,-0.98886,1.88633,0.0,0.0,0.0059999999999999915,BTC,79781.27,0.0
2026-09-05T22:48:01.094055+00:00,BTC-27NOV26-79000-P,80524.56,BTC-27NOV26,put,79000.0,2026-11-27T08:00:00+00:00,0.22555323934472205,0.063,0.0645,0.06379565,0.06375,80524.56,BTC-27NOV26,0.3887,-0.42227,149.72013,75.7,1.0,0.0015000000000000013,BTC,79781.15,5098.34
2026-09-05T22:48:01.094055+00:00,BTC-30OCT26-59000-C,80203.36,BTC-30OCT26,call,59000.0,2026-10-30T08:00:00+00:00,0.1488934173050232,0.266,0.272,0.26784359,0.269,80203.36,BTC-30OCT26,0.4876,0.95781,27.85735,1.0,0.0,0.006000000000000005,BTC,79781.15,0.0
2026-09-05T22:48:01.094055+00:00,BTC-25JUN27-115000-C,82700.52,BTC-25JUN27,call,115000.0,2027-06-25T08:00:00+00:00,0.8005019046424633,0.0475,0.05,0.04879328,0.04875,82700.52,BTC-25JUN27,0.4301,0.25339,236.90342,38.2,0.0,0.0025000000000000022,BTC,79781.15,0.0
2026-09-05T22:48:01.094055+00:00,BTC-25SEP26-220000-C,79865.12,BTC-25SEP26,call,220000.0,2026-09-25T08:00:00+00:00,0.05306863975539965,,0.0001,1.9e-06,,79865.12,BTC-25SEP26,1.0735999999999999,4e-05,0.02756,241.9,0.0,,BTC,79780.93,0.0
2026-09-05T22:48:01.094055+00:00,BTC-26MAR27-106000-C,81760.67,BTC-26MAR27,call,106000.0,2027-03-26T08:00:00+00:00,0.5513574830134421,0.038,0.04,0.03905361,0.039,81760.67,BTC-26MAR27,0.4158,0.24629,191.45253,79.2,0.0,0.0020000000000000018,BTC,79780.93,0.0
2026-09-05T22:48:01.094055+00:00,BTC-30OCT26-48000-C,80203.36,BTC-30OCT26,call,48000.0,2026-10-30T08:00:00+00:00,0.1488934173050232,0.4005,0.4045,0.40264177,0.4025,80203.36,BTC-30OCT26,0.6258,0.98768,9.89459,0.1,0.0,0.0040000000000000036,BTC,79781.15,0.0
2026-09-05T22:48:01.094055+00:00,BTC-8SEP26-89000-C,79753.99,BTC-8SEP26,call,89000.0,2026-09-08T08:00:00+00:00,0.006525176374153928,,0.0002,7.834e-05,,79753.99,BTC-8SEP26,0.5327000000000001,0.00578,1.05997,26.3,24.0,,BTC,79780.93,383.79
2026-09-05T22:48:01.094055+00:00,BTC-11SEP26-80000-P,79766.26,BTC-11SEP26,put,80000.0,2026-09-11T08:00:00+00:00,0.014738728735550231,0.018,0.019,0.01838411,0.0185,79766.26,BTC-11SEP26,0.3479,-0.51875,38.60289,276.7,0.1,0.0010000000000000009,BTC,79780.93,139.73
2026-09-05T22:48:01.094055+00:00,BTC-25SEP26-100000-C,79865.08,BTC-25SEP26,call,100000.0,2026-09-25T08:00:00+00:00,0.05306863975539965,0.0011,0.0013,0.00123531,0.0012,79865.08,BTC-25SEP26,0.49939999999999996,0.02899,12.17356,7278.5,1.1,0.00019999999999999987,BTC,79780.93,103.68
2026-09-05T22:48:01.094055+00:00,BTC-26MAR27-98000-C,81760.67,BTC-26MAR27,call,98000.0,2027-03-26T08:00:00+00:00,0.5513574830134421,0.055,0.057,0.05595261,0.056,81760.67,BTC-26MAR27,0.40850000000000003,0.32804,219.40833,115.0,0.0,0.0020000000000000018,BTC,79780.96,0.0
2026-09-05T22:48:01.094055+00:00,BTC-7SEP26-75500-C,79747.67,BTC-7SEP26,call,75500.0,2026-09-07T08:00:00+00:00,0.003787325587021827,0.051,0.056,0.0534503,0.0535,79747.67,BTC-7SEP26,0.4313,0.98112,2.26257,0.0,0.0,0.0050000000000000044,BTC,79780.93,0.0
2026-09-05T22:48:01.094055+00:00,BTC-30OCT26-88000-P,80203.36,BTC-30OCT26,put,88000.0,2026-10-30T08:00:00+00:00,0.1488934173050232,0.118,0.1265,0.12249608,0.12225,80203.36,BTC-30OCT26,0.3857,-0.70833,106.2604,8.1,0.0,0.008500000000000008,BTC,79780.93,0.0
2026-09-05T22:48:01.094055+00:00,BTC-9SEP26-84000-C,79758.69,BTC-9SEP26,call,84000.0,2026-09-09T08:00:00+00:00,0.00926302716128603,0.0014,0.0016,0.00140705,0.0015,79758.69,BTC-9SEP26,0.38539999999999996,0.08449,11.89494,0.3,0.3,0.0002000000000000001,BTC,79780.93,33.62
2026-09-05T22:48:01.094055+00:00,BTC-7SEP26-75000-P,79747.72,BTC-7SEP26,put,75000.0,2026-09-07T08:00:00+00:00,0.003787325587021827,0.0001,0.0003,0.00016521,0.0002,79747.72,BTC-7SEP26,0.46759999999999996,-0.01595,1.95965,111.3,2.0,0.00019999999999999998,BTC,79780.93,15.98
2026-09-05T22:48:01.094055+00:00,BTC-30OCT26-102000-P,80203.39,BTC-30OCT26,put,102000.0,2026-10-30T08:00:00+00:00,0.1488934173050232,0.272,0.2815,0.27823317,0.27675,80203.39,BTC-30OCT26,0.43520000000000003,-0.91098,49.86977,0.0,0.0,0.009499999999999953,BTC,79780.96,0.0
2026-09-05T22:48:01.094055+00:00,BTC-8SEP26-72000-C,79753.98,BTC-8SEP26,call,72000.0,2026-09-08T08:00:00+00:00,0.006525176374153928,0.095,0.1,0.09736079,0.0975,79753.98,BTC-8SEP26,0.5475,0.99023,1.68277,0.0,0.0,0.0050000000000000044,BTC,79780.96,0.0
2026-09-05T22:48:01.094055+00:00,BTC-11SEP26-78000-C,79766.31,BTC-11SEP26,call,78000.0,2026-09-11T08:00:00+00:00,0.014738728735550231,0.029,0.031,0.02976379,0.03,79766.31,BTC-11SEP26,0.34159999999999996,0.71284,33.00589,943.1,1.6,0.0019999999999999983,BTC,79780.96,3716.97
2026-09-05T22:48:01.094055+00:00,BTC-25SEP26-60000-P,79865.12,BTC-25SEP26,put,60000.0,2026-09-25T08:00:00+00:00,0.05306863975539965,0.0004,0.0005,0.00044886,0.00045,79865.12,BTC-25SEP26,0.5489,-0.01005,4.92457,5321.3,1.5,9.999999999999999e-05,BTC,79781.08,48.0
2026-09-05T22:48:01.094055+00:00,BTC-27NOV26-88000-P,80524.5,BTC-27NOV26,put,88000.0,2026-11-27T08:00:00+00:00,0.22555323934472205,0.128,0.1375,0.13284189,0.13275,80524.5,BTC-27NOV26,0.39289999999999997,-0.64875,141.88972,0.0,0.0,0.009500000000000008,BTC,79781.08,0.0
2026-09-05T22:48:01.094055+00:00,BTC-7SEP26-72000-P,79747.72,BTC-7SEP26,put,72000.0,2026-09-07T08:00:00+00:00,0.003787325587021827,,0.0002,6.65e-06,,79747.72,BTC-7SEP26,0.5257000000000001,-0.00075,0.12651,11.4,0.0,,BTC,79780.96,0.0
2026-09-05T22:48:01.094055+00:00,BTC-25DEC26-72000-P,80843.07,BTC-25DEC26,put,72000.0,2026-12-25T08:00:00+00:00,0.30221306138442083,0.039,0.0405,0.03977179,0.03975,80843.07,BTC-25DEC26,0.4029,-0.26313,145.09508,780.5,0.0,0.0015000000000000013,BTC,79781.08,0.0
2026-09-05T22:48:01.094055+00:00,BTC-26MAR27-56000-C,81760.67,BTC-26MAR27,call,56000.0,2027-03-26T08:00:00+00:00,0.5513574830134421,0.3295,0.34,0.33384797,0.33475,81760.67,BTC-26MAR27,0.45880000000000004,0.89989,106.66857,16.9,0.0,0.01050000000000001,BTC,79781.08,0.0
2026-09-05T22:48:01.094055+00:00,BTC-8SEP26-81500-C,79753.99,BTC-8SEP26,call,81500.0,2026-09-08T08:00:00+00:00,0.006525176374153928,0.0026,0.0031,0.00276496,0.00285,79753.99,BTC-8SEP26,0.3124,0.19963,18.02035,9.6,3.3,0.0005,BTC,79781.08,689.04
2026-09-05T22:48:01.094055+00:00,BTC-6SEP26-79000-P,79741.44,BTC-6SEP26,put,79000.0,2026-09-06T08:00:00+00:00,0.0010494747998897253,0.0002,0.0006,0.00035952,0.0004,79741.44,BTC-6SEP26,0.2275,-0.10143,4.57844,217.4,49.2,0.00039999999999999996,BTC,79781.08,1649.8
2026-09-05T22:48:01.094055+00:00,BTC-27NOV26-105000-P,80524.56,BTC-27NOV26,put,105000.0,2026-11-27T08:00:00+00:00,0.22555323934472205,0.3065,0.32,0.3144124,0.31325,80524.56,BTC-27NOV26,0.4285,-0.88523,74.15127,0.0,0.0,0.013500000000000012,BTC,79781.08,0.0
2026-09-05T22:48:01.094055+00:00,BTC-9SEP26-76000-C,79758.69,BTC-9SEP26,call,76000.0,2026-09-09T08:00:00+00:00,0.00926302716128603,0.0455,0.052,0.04823806,0.04875,79758.69,BTC-9SEP26,0.34909999999999997,0.92699,10.64821,0.0,0.0,0.006499999999999999,BTC,79781.08,0.0
2026-09-05T22:48:01.094055+00:00,BTC-6SEP26-78000-P,79741.44,BTC-6SEP26,put,78000.0,2026-09-06T08:00:00+00:00,0.0010494747998897253,,0.0001,4.089e-05,,79741.44,BTC-6SEP26,0.3025,-0.01179,0.79429,26.6,10.4,,BTC,79781.08,140.95
2026-09-05T22:48:01.094055+00:00,BTC-25JUN27-55000-C,82700.52,BTC-25JUN27,call,55000.0,2027-06-25T08:00:00+00:00,0.8005019046424633,0.359,0.3665,0.36356432,0.36275,82700.52,BTC-25JUN27,0.46299999999999997,0.88327,145.21486,2.9,0.0,0.007500000000000007,BTC,79781.08,0.0
2026-09-05T22:48:01.094055+00:00,BTC-27NOV26-93000-P,80524.5,BTC-27NOV26,put,93000.0,2026-11-27T08:00:00+00:00,0.22555323934472205,0.176,0.187,0.18136954,0.1815,80524.5,BTC-27NOV26,0.4006,-0.7458,122.64639,2.0,0.0,0.01100000000000001,BTC,79781.08,0.0
2026-09-05T22:48:01.094055+00:00,BTC-27NOV26-108000-P,80524.5,BTC-27NOV26,put,108000.0,2026-11-27T08:00:00+00:00,0.22555323934472205,0.3415,0.3555,0.3496717,0.3485,80524.5,BTC-27NOV26,0.4364,-0.90523,64.54511,0.0,0.0,0.013999999999999957,BTC,79781.08,0.0
2026-09-05T22:48:01.094055+00:00,BTC-25DEC26-56000-C,80843.03,BTC-25DEC26,call,56000.0,2026-12-25T08:00:00+00:00,0.30221306138442083,0.3125,0.3205,0.31531154,0.3165,80843.03,BTC-25DEC26,0.4777,0.93688,55.10163,41.5,0.0,0.008000000000000007,BTC,79781.08,0.0
2026-09-05T22:48:01.094055+00:00,BTC-25SEP26-52000-P,79865.12,BTC-25SEP26,put,52000.0,2026-09-25T08:00:00+00:00,0.05306863975539965,0.0001,0.0002,0.00017948,0.00015,79865.12,BTC-25SEP26,0.7101000000000001,-0.00342,1.89474,1210.3,0.2,0.0001,BTC,79781.08,2.39
2026-09-05T22:48:01.094055+00:00,BTC-26MAR27-86000-P,81760.67,BTC-26MAR27,put,86000.0,2027-03-26T08:00:00+00:00,0.5513574830134421,0.145,0.1565,0.15000933,0.15075,81760.67,BTC-26MAR27,0.40399999999999997,-0.50734,242.23899,3.1,0.0,0.01150000000000001,BTC,79781.08,0.0
2026-09-05T22:48:01.094055+00:00,BTC-18SEP26-80000-C,79823.7,BTC-18SEP26,call,80000.0,2026-09-18T08:00:00+00:00,0.03390368424547494,0.0255,0.0265,0.02606182,0.026,79823.7,BTC-18SEP26,0.36920000000000003,0.50082,58.6565,510.0,155.5,0.0010000000000000009,BTC,79781.08,315420.21
2026-09-05T22:48:01.094055+00:00,BTC-26MAR27-40000-P,81760.67,BTC-26MAR27,put,40000.0,2027-03-26T08:00:00+00:00,0.5513574830134421,0.0045,0.005,0.00477211,0.00475,81760.67,BTC-26MAR27,0.555,-0.02616,36.86651,1883.8,0.0,0.0005000000000000004,BTC,79781.08,0.0
2026-09-05T22:48:01.094055+00:00,BTC-26MAR27-120000-C,81760.67,BTC-26MAR27,call,120000.0,2027-03-26T08:00:00+00:00,0.5513574830134421,0.021,0.023,0.02206552,0.022,81760.67,BTC-26MAR27,0.4335,0.15131,142.41908,791.2,0.0,0.0019999999999999983,BTC,79781.08,0.0
2026-09-05T22:48:01.094055+00:00,BTC-7SEP26-73000-C,79747.72,BTC-7SEP26,call,73000.0,2026-09-07T08:00:00+00:00,0.003787325587021827,0.0825,0.0875,0.08464274,0.085,79747.72,BTC-7SEP26,0.5254,0.99703,0.44561,0.0,0.0,0.0049999999999999906,BTC,79781.08,0.0
2026-09-05T22:48:01.094055+00:00,BTC-30OCT26-80000-C,80203.36,BTC-30OCT26,call,80000.0,2026-10-30T08:00:00+00:00,0.1488934173050232,0.058,0.06,0.05870697,0.059,80203.36,BTC-30OCT26,0.3737,0.53588,123.01137,1298.7,9.3,0.001999999999999995,BTC,79781.08,42096.38
2026-09-05T22:48:01.094055+00:00,BTC-8SEP26-79500-C,79753.99,BTC-8SEP26,call,79500.0,2026-09-08T08:00:00+00:00,0.006525176374153928,0.01,0.0115,0.0107029,0.01075,79753.99,BTC-8SEP26,0.2805,0.56092,25.4071,9.2,1.1,0.0014999999999999996,BTC,79781.08,953.24
2026-09-05T22:48:01.094055+00:00,BTC-25JUN27-140000-C,82700.6,BTC-25JUN27,call,140000.0,2027-06-25T08:00:00+00:00,0.8005019046424633,0.0235,0.0255,0.02456721,0.0245,82700.6,BTC-25JUN27,0.4571,0.13959,164.4277,387.6,0.5,0.0019999999999999983,BTC,79781.08,916.29
2026-09-05T22:48:01.094055+00:00,BTC-27NOV26-67000-C,80524.5,BTC-27NOV26,call,67000.0,2026-11-27T08:00:00+00:00,0.22555323934472205,0.1815,0.1895,0.18513562,0.1855,80524.5,BTC-27NOV26,0.41700000000000004,0.84786,90.0456,0.0,0.0,0.008000000000000007,BTC,79781.08,0.0
2026-09-05T22:48:01.094055+00:00,BTC-30OCT26-96000-P,80203.36,BTC-30OCT26,put,96000.0,2026-10-30T08:00:00+00:00,0.1488934173050232,0.202,0.2125,0.20791762,0.20725,80203.36,BTC-30OCT26,0.40909999999999996,-0.8552,70.49793,0.1,0.0,0.010499999999999982,BTC,79781.08,0.0
2026-09-05T22:48:01.094055+00:00,BTC-7SEP26-73000-P,79747.67,BTC-7SEP26,put,73000.0,2026-09-07T08:00:00+00:00,0.003787325587021827,,0.0002,2.941e-05,,79747.67,BTC-7SEP26,0.5254,-0.00297,0.44552,8.5,0.5,,BTC,79781.08,3.98
2026-09-05T22:48:01.094055+00:00,BTC-11SEP26-77000-P,79766.26,BTC-11SEP26,put,77000.0,2026-09-11T08:00:00+00:00,0.014738728735550231,0.0045,0.0049,0.00464231,0.0047,79766.26,BTC-11SEP26,0.34659999999999996,-0.19476,26.68788,547.5,5.8,0.0004000000000000002,BTC,79781.08,1917.91
2026-09-05T22:48:01.094055+00:00,BTC-25SEP26-190000-C,79865.12,BTC-25SEP26,call,190000.0,2026-09-25T08:00:00+00:00,0.05306863975539965,,0.0001,2.3e-06,,79865.12,BTC-25SEP26,0.9386,5e-05,0.03674,762.1,0.0,,BTC,79781.08,0.0
2026-09-05T22:48:01.094055+00:00,BTC-6SEP26-88000-C,79741.44,BTC-6SEP26,call,88000.0,2026-09-06T08:00:00+00:00,0.0010494747998897253,,0.0001,0.0,,79741.44,BTC-6SEP26,0.5775,0.0,1e-05,5.1,0.0,,BTC,79781.08,0.0
2026-09-05T22:48:01.094055+00:00,BTC-26MAR27-56000-P,81760.67,BTC-26MAR27,put,56000.0,2027-03-26T08:00:00+00:00,0.5513574830134421,0.018,0.0195,0.01877847,0.01875,81760.67,BTC-26MAR27,0.45880000000000004,-0.10011,106.66857,122.9,0.0,0.0015000000000000013,BTC,79781.08,0.0
2026-09-05T22:48:01.094055+00:00,BTC-11SEP26-84000-C,79766.31,BTC-11SEP26,call,84000.0,2026-09-11T08:00:00+00:00,0.014738728735550231,0.0032,0.0036,0.00332755,0.0034,79766.31,BTC-11SEP26,0.38780000000000003,0.14166,21.73373,1397.6,3.1,0.00039999999999999975,BTC,79781.08,700.93
2026-09-05T22:48:01.094055+00:00,BTC-25JUN27-56000-C,82700.52,BTC-25JUN27,call,56000.0,2027-06-25T08:00:00+00:00,0.8005019046424633,0.349,0.3565,0.35363848,0.35275,82700.52,BTC-25JUN27,0.46,0.87549,151.95911,3.0,0.0,0.007500000000000007,BTC,79781.08,0.0
2026-09-05T22:48:01.094055+00:00,BTC-25SEP26-64000-C,79865.08,BTC-25SEP26,call,64000.0,2026-09-25T08:00:00+00:00,0.05306863975539965,0.1975,0.202,0.19963452,0.19975,79865.08,BTC-25SEP26,0.4927,0.97763,9.79528,663.4,0.0,0.004500000000000004,BTC,79781.08,0.0
2026-09-05T22:48:01.094055+00:00,BTC-25JUN27-94000-C,82700.6,BTC-25JUN27,call,94000.0,2027-06-25T08:00:00+00:00,0.8005019046424633,0.0975,0.1005,0.09878932,0.099,82700.6,BTC-25JUN27,0.41659999999999997,0.43771,291.69947,17.7,0.0,0.0030000000000000027,BTC,79781.08,0.0
2026-09-05T22:48:01.094055+00:00,BTC-25JUN27-200000-P,82700.52,BTC-25JUN27,put,200000.0,2027-06-25T08:00:00+00:00,0.8005019046424633,1.3985,1.445,1.42610911,1.42175,82700.52,BTC-25JUN27,0.5179,-0.95297,72.69651,2.1,0.0,0.046499999999999986,BTC,79781.08,0.0
2026-09-05T22:48:01.094055+00:00,BTC-6SEP26-73000-C,79741.44,BTC-6SEP26,call,73000.0,2026-09-06T08:00:00+00:00,0.0010494747998897253,0.0825,0.087,0.08452907,0.08475,79741.44,BTC-6SEP26,0.5395,1.0,3e-05,0.0,0.0,0.00449999999999999,BTC,79781.08,0.0
2026-09-05T22:48:01.094055+00:00,BTC-27NOV26-78000-C,80524.56,BTC-27NOV26,call,78000.0,2026-11-27T08:00:00+00:00,0.22555323934472205,0.0865,0.092,0.08928006,0.08925,80524.56,BTC-27NOV26,0.38939999999999997,0.60446,147.36312,34.9,0.0,0.005500000000000005,BTC,79781.08,0.0
2026-09-05T22:48:01.094055+00:00,BTC-25SEP26-220000-P,79865.12,BTC-25SEP26,put,220000.0,2026-09-25T08:00:00+00:00,0.05306863975539965,1.7465,1.762,1.7546383,1.75425,79865.12,BTC-25SEP26,1.0735999999999999,-0.99996,0.02756,27.7,0.0,0.01550000000000007,BTC,79781.08,0.0
2026-09-05T22:48:01.094055+00:00,BTC-27NOV26-62000-P,80524.56,BTC-27NOV26,put,62000.0,2026-11-27T08:00:00+00:00,0.22555323934472205,0.009,0.01,0.00952175,0.0095,80524.56,BTC-27NOV26,0.44380000000000003,-0.08921,61.71915,107.3,0.0,0.0010000000000000009,BTC,79781.08,0.0
2026-09-05T22:48:01.094055+00:00,BTC-7SEP26-88000-P,79747.67,BTC-7SEP26,put,88000.0,2026-09-07T08:00:00+00:00,0.003787325587021827,0.1005,0.106,0.1034834,0.10325,79747.67,BTC-7SEP26,0.4808,-0.99953,0.08158,0.0,0.0,0.005499999999999991,BTC,79781.08,0.0
2026-09-05T22:48:01.094055+00:00,BTC-25DEC26-50000-C,80843.03,BTC-25DEC26,call,50000.0,2026-12-25T08:00:00+00:00,0.30221306138442083,0.3835,0.39,0.3864523,0.38675,80843.03,BTC-25DEC26,0.5351,0.96244,36.39315,260.7,0.0,0.006500000000000006,BTC,79781.08,0.0
2026-09-05T22:48:01.094055+00:00,BTC-18SEP26-82000-P,79823.7,BTC-18SEP26,put,82000.0,2026-09-18T08:00:00+00:00,0.03390368424547494,0.0405,0.046,0.04378802,0.04325,79823.7,BTC-18SEP26,0.377,-0.63764,55.1297,26.8,0.0,0.005499999999999998,BTC,79781.08,0.0
2026-09-05T22:48:01.094055+00:00,BTC-30OCT26-45000-P,80203.36,BTC-30OCT26,put,45000.0,2026-10-30T08:00:00+00:00,0.1488934173050232,0.0008,0.001,0.00089886,0.0009,80203.36,BTC-30OCT26,0.6748999999999999,-0.00941,7.82804,220.2,2.1,0.00019999999999999998,BTC,79781.08,133.3
2026-09-05T22:48:01.094055+00:00,BTC-30OCT26-69000-C,80203.36,BTC-30OCT26,call,69000.0,2026-10-30T08:00:00+00:00,0.1488934173050232,0.1495,0.157,0.15252714,0.15325,80203.36,BTC-30OCT26,0.40380000000000005,0.85155,71.68719,685.1,0.0,0.007500000000000007,BTC,79781.08,0.0
2026-09-05T22:48:01.094055+00:00,BTC-7SEP26-81500-P,79747.67,BTC-7SEP26,put,81500.0,2026-09-07T08:00:00+00:00,0.003787325587021827,0.019,0.0255,0.02293797,0.02225,79747.67,BTC-7SEP26,0.289,-0.88682,9.41993,0.1,0.1,0.006499999999999999,BTC,79781.08,206.73
2026-09-05T22:48:01.094055+00:00,BTC-8SEP26-86000-C,79753.99,BTC-8SEP26,call,86000.0,2026-09-08T08:00:00+00:00,0.006525176374153928,0.0002,0.0004,0.00027806,0.0003,79753.99,BTC-8SEP26,0.4539,0.02091,3.24026,3.4,1.2,0.0002,BTC,79781.08,19.19
2026-09-05T22:48:01.094055+00:00,BTC-6SEP26-76000-C,79741.44,BTC-6SEP26,call,76000.0,2026-09-06T08:00:00+00:00,0.0010494747998897253,0.0445,0.05,0.04690698,0.04725,79741.44,BTC-6SEP26,0.33399999999999996,1.0,0.00051,0.0,0.0,0.005500000000000005,BTC,79781.08,0.0
2026-09-05T22:48:01.094055+00:00,BTC-25JUN27-84000-C,82700.6,BTC-25JUN27,call,84000.0,2027-06-25T08:00:00+00:00,0.8005019046424633,0.14,0.143,0.14123078,0.1415,82700.6,BTC-25JUN27,0.4163,0.55752,292.23195,18.9,0.0,0.002999999999999975,BTC,79781.08,0.0
2026-09-05T22:48:01.094055+00:00,BTC-25SEP26-40000-P,79865.08,BTC-25SEP26,put,40000.0,2026-09-25T08:00:00+00:00,0.05306863975539965,,0.0001,5.089e-05,,79865.08,BTC-25SEP26,0.9834999999999999,-0.00078,0.4916,2816.8,3.0,,BTC,79781.08,23.88
2026-09-05T22:48:01.094055+00:00,BTC-25SEP26-280000-P,79865.08,BTC-25SEP26,put,280000.0,2026-09-25T08:00:00+00:00,0.05306863975539965,2.4895,2.517,2.50590254,2.50325,79865.08,BTC-25SEP26,1.2987,-0.99997,0.0208,0.0,0.0,0.027499999999999858,BTC,79781.08,0.0
2026-09-05T22:48:01.094055+00:00,BTC-30OCT26-69000-P,80203.36,BTC-30OCT26,put,69000.0,2026-10-30T08:00:00+00:00,0.1488934173050232,0.0125,0.0135,0.0128399,0.013,80203.36,BTC-30OCT26,0.40380000000000005,-0.14846,71.69108,295.4,0.0,0.0009999999999999992,BTC,79781.08,0.0
2026-09-05T22:48:01.094055+00:00,BTC-9SEP26-85000-P,79758.69,BTC-9SEP26,put,85000.0,2026-09-09T08:00:00+00:00,0.00926302716128603,0.0635,0.0695,0.06661493,0.0665,79758.69,BTC-9SEP26,0.40850000000000003,-0.94473,8.57518,0.0,0.0,0.006000000000000005,BTC,79781.08,0.0
2026-09-05T22:48:01.094055+00:00,BTC-7SEP26-79500-P,79747.72,BTC-7SEP26,put,79500.0,2026-09-07T08:00:00+00:00,0.003787325587021827,0.0041,0.0047,0.0043924,0.0044,79747.72,BTC-7SEP26,0.2371,-0.41153,19.09852,51.6,26.3,0.0005999999999999998,BTC,79781.08,10877.73
2026-09-05T22:48:01.094055+00:00,BTC-27NOV26-82000-P,80524.56,BTC-27NOV26,put,82000.0,2026-11-27T08:00:00+00:00,0.22555323934472205,0.0825,0.085,0.08360859,0.08375,80524.56,BTC-27NOV26,0.38789999999999997,-0.50245,152.62371,26.0,0.8,0.0025000000000000022,BTC,79781.08,5354.58
2026-09-05T22:48:01.094055+00:00,BTC-30OCT26-62000-P,80203.36,BTC-30OCT26,put,62000.0,2026-10-30T08:00:00+00:00,0.1488934173050232,0.0047,0.0055,0.00510804,0.0051,80203.36,BTC-30OCT26,0.46,-0.06188,37.782,1193.0,25.0,0.0007999999999999995,BTC,79781.08,8956.47
2026-09-05T22:48:01.094055+00:00,BTC-18SEP26-81000-C,79823.61,BTC-18SEP26,call,81000.0,2026-09-18T08:00:00+00:00,0.03390368424547494,0.0205,0.0215,0.02093006,0.021,79823.61,BTC-18SEP26,0.374,0.42962,57.74175,584.1,17.5,0.0009999999999999974,BTC,79781.08,27537.45
2026-09-05T22:48:01.094055+00:00,BTC-6SEP26-86000-P,79741.43,BTC-6SEP26,put,86000.0,2026-09-06T08:00:00+00:00,0.0010494747998897253,0.0755,0.081,0.0785,0.07825,79741.43,BTC-6SEP26,0.4728,-1.0,6e-05,0.0,0.0,0.005500000000000005,BTC,79781.08,0.0
2026-09-05T22:48:01.094055+00:00,BTC-6SEP26-83500-P,79741.44,BTC-6SEP26,put,83500.0,2026-09-06T08:00:00+00:00,0.0010494747998897253,0.044,0.05,0.04714909,0.047,79741.44,BTC-6SEP26,0.40759999999999996,-0.99975,0.02415,0.0,0.0,0.006000000000000005,BTC,79781.08,0.0
2026-09-05T22:48:01.094055+00:00,BTC-8SEP26-75000-C,79753.99,BTC-8SEP26,call,75000.0,2026-09-08T08:00:00+00:00,0.006525176374153928,0.0575,0.0635,0.05998114,0.0605,79753.99,BTC-8SEP26,0.4075,0.97064,4.30735,0.0,0.0,0.005999999999999998,BTC,79781.08,0.0
2026-09-05T22:48:01.094055+00:00,BTC-25JUN27-88000-P,82700.52,BTC-25JUN27,put,88000.0,2027-06-25T08:00:00+00:00,0.8005019046424633,0.1805,0.1945,0.18648902,0.1875,82700.52,BTC-25JUN27,0.4158,-0.49227,295.25251,4.7,0.0,0.014000000000000012,BTC,79781.08,0.0
2026-09-05T22:48:01.094055+00:00,BTC-30OCT26-40000-C,80203.36,BTC-30OCT26,call,40000.0,2026-10-30T08:00:00+00:00,0.1488934173050232,0.501,0.503,0.50172192,0.502,80203.36,BTC-30OCT26,0.7336,0.9953,4.23343,0.1,0.0,0.0020000000000000018,BTC,79781.08,0.0
2026-09-05T22:48:01.094055+00:00,BTC-30OCT26-86000-P,80203.36,BTC-30OCT26,put,86000.0,2026-10-30T08:00:00+00:00,0.1488934173050232,0.098,0.108,0.10359418,0.103,80203.36,BTC-30OCT26,0.3812,-0.65559,113.99475,98.5,0.0,0.009999999999999995,BTC,79781.08,0.0
2026-09-05T22:48:01.094055+00:00,BTC-6SEP26-83500-C,79741.43,BTC-6SEP26,call,83500.0,2026-09-06T08:00:00+00:00,0.0010494747998897253,,0.0001,8.3e-07,,79741.43,BTC-6SEP26,0.40759999999999996,0.00025,0.02418,55.5,0.1,,BTC,79781.08,0.8
2026-09-05T22:48:01.094055+00:00,BTC-26MAR27-82000-P,81760.67,BTC-26MAR27,put,82000.0,2027-03-26T08:00:00+00:00,0.5513574830134421,0.119,0.1225,0.1210423,0.12075,81760.67,BTC-26MAR27,0.4044,-0.44413,239.90224,6.9,0.0,0.003500000000000003,BTC,79781.08,0.0
2026-09-05T22:48:01.094055+00:00,BTC-25DEC26-64000-C,80843.03,BTC-25DEC26,call,64000.0,2026-12-25T08:00:00+00:00,0.30221306138442083,0.2225,0.2315,0.22621996,0.227,80843.03,BTC-25DEC26,0.4302,0.86556,96.25093,405.0,0.0,0.009000000000000008,BTC,79781.08,0.0
2026-09-05T22:48:01.094055+00:00,BTC-26MAR27-95000-P,81760.79,BTC-26MAR27,put,95000.0,2027-03-26T08:00:00+00:00,0.5513574830134421,0.2155,0.233,0.22634798,0.22425,81760.79,BTC-26MAR27,0.4069,-0.63508,228.25702,0.4,0.0,0.017500000000000016,BTC,79781.08,0.0
2026-09-05T22:48:01.094055+00:00,BTC-25DEC26-95000-C,80843.03,BTC-25DEC26,call,95000.0,2026-12-25T08:00:00+00:00,0.30221306138442083,0.0315,0.033,0.03224549,0.03225,80843.03,BTC-25DEC26,0.401,0.26717,146.22162,1480.9,0.0,0.0015000000000000013,BTC,79781.08,0.0
2026-09-05T22:48:01.094055+00:00,BTC-11SEP26-82000-C,79766.26,BTC-11SEP26,call,82000.0,2026-09-11T08:00:00+00:00,0.014738728735550231,0.007,0.008,0.00731037,0.0075,79766.26,BTC-11SEP26,0.3653,0.2746,32.29997,1853.3,31.4,0.001,BTC,79781.08,18417.23
2026-09-05T22:48:01.094055+00:00,BTC-27NOV26-105000-C,80524.56,BTC-27NOV26,call,105000.0,2026-11-27T08:00:00+00:00,0.22555323934472205,0.01,0.011,0.01046304,0.0105,80524.56,BTC-27NOV26,0.4285,0.11477,74.15471,7.6,0.1,0.0009999999999999992,BTC,79781.08,84.09
2026-09-05T22:48:01.094055+00:00,BTC-25SEP26-95000-C,79865.08,BTC-25SEP26,call,95000.0,2026-09-25T08:00:00+00:00,0.05306863975539965,0.0022,0.0024,0.00230181,0.0023,79865.08,BTC-25SEP26,0.4539,0.05409,20.20566,5581.2,0.3,0.00019999999999999966,BTC,79781.08,50.26
2026-09-05T22:48:01.094055+00:00,BTC-27NOV26-94000-C,80524.56,BTC-27NOV26,call,94000.0,2026-11-27T08:00:00+00:00,0.22555323934472205,0.024,0.025,0.02442537,0.0245,80524.56,BTC-27NOV26,0.4029,0.23808,118.41251,48.3,0.0,0.0010000000000000009,BTC,79781.08,0.0
2026-09-05T22:48:01.094055+00:00,BTC-11SEP26-74000-P,79766.26,BTC-11SEP26,put,74000.0,2026-09-11T08:00:00+00:00,0.014738728735550231,0.001,0.0013,0.00115288,0.00115,79766.26,BTC-11SEP26,0.39390000000000003,-0.05548,10.8506,820.5,78.2,0.0002999999999999999,BTC,79781.08,7335.14
2026-09-05T22:48:01.094055+00:00,BTC-25SEP26-35000-C,79865.08,BTC-25SEP26,call,35000.0,2026-09-25T08:00:00+00:00,0.05306863975539965,0.561,0.563,0.56178112,0.562,79865.08,BTC-25SEP26,1.0761,0.99972,0.1904,29.3,0.0,0.0019999999999998908,BTC,79781.08,0.0
2026-09-05T22:48:01.094055+00:00,BTC-25DEC26-240000-P,80843.03,BTC-25DEC26,put,240000.0,2026-12-25T08:00:00+00:00,0.30221306138442083,1.9475,1.9855,1.96903438,1.9665,80843.03,BTC-25DEC26,0.6776000000000001,-0.99687,4.22946,0.0,0.0,0.038000000000000034,BTC,79781.08,0.0
2026-09-05T22:48:01.094055+00:00,BTC-18SEP26-88000-P,79823.7,BTC-18SEP26,put,88000.0,2026-09-18T08:00:00+00:00,0.03390368424547494,0.1025,0.1095,0.10645885,0.106,79823.7,BTC-18SEP26,0.4203,-0.8888,27.86331,0.0,0.0,0.007000000000000006,BTC,79781.08,0.0
2026-09-05T22:48:01.094055+00:00,BTC-25JUN27-105000-C,82700.6,BTC-25JUN27,call,105000.0,2027-06-25T08:00:00+00:00,0.8005019046424633,0.066,0.069,0.06752835,0.0675,82700.6,BTC-25JUN27,0.42229999999999995,0.32903,267.75706,152.5,0.0,0.0030000000000000027,BTC,79781.08,0.0
2026-09-05T22:48:01.094055+00:00,BTC-25DEC26-86000-P,80843.03,BTC-25DEC26,put,86000.0,2026-12-25T08:00:00+00:00,0.30221306138442083,0.1195,0.1285,0.12419633,0.124,80843.03,BTC-25DEC26,0.3926,-0.57084,174.5588,57.9,0.0,0.009000000000000008,BTC,79781.08,0.0
2026-09-05T22:48:01.094055+00:00,BTC-25SEP26-200000-C,79865.08,BTC-25SEP26,call,200000.0,2026-09-25T08:00:00+00:00,0.05306863975539965,,0.0001,1.99e-06,,79865.08,BTC-25SEP26,0.9823999999999999,4e-05,0.03106,1018.5,0.0,,BTC,79781.08,0.0
2026-09-05T22:48:01.094055+00:00,BTC-6SEP26-76500-C,79741.43,BTC-6SEP26,call,76500.0,2026-09-06T08:00:00+00:00,0.0010494747998897253,0.0385,0.0435,0.0406367,0.041,79741.43,BTC-6SEP26,0.3193,0.99997,0.00314,8.1,0.0,0.0049999999999999975,BTC,79781.13,0.0
2026-09-05T22:48:01.094055+00:00,BTC-6SEP26-71000-P,79741.44,BTC-6SEP26,put,71000.0,2026-09-06T08:00:00+00:00,0.0010494747998897253,,0.0001,0.0,,79741.44,BTC-6SEP26,0.6544,0.0,0.0,10.6,0.0,,BTC,79781.13,0.0
2026-09-05T22:48:01.094055+00:00,BTC-26MAR27-150000-P,81760.79,BTC-26MAR27,put,150000.0,2027-03-26T08:00:00+00:00,0.5513574830134421,0.828,0.8565,0.84306899,0.84225,81760.79,BTC-26MAR27,0.47729999999999995,-0.9376,74.59175,0.6,0.0,0.02850000000000008,BTC,79781.13,0.0
2026-09-05T22:48:01.094055+00:00,BTC-7SEP26-83500-P,79747.72,BTC-7SEP26,put,83500.0,2026-09-07T08:00:00+00:00,0.003787325587021827,0.044,0.05,0.04722627,0.047,79747.72,BTC-7SEP26,0.3657,-0.97869,2.50756,0.0,0.0,0.006000000000000005,BTC,79781.13,0.0
2026-09-05T22:48:01.094055+00:00,BTC-9SEP26-89000-P,79758.69,BTC-9SEP26,put,89000.0,2026-09-09T08:00:00+00:00,0.00926302716128603,0.1125,0.119,0.11603967,0.11575,79758.69,BTC-9SEP26,0.4925,-0.98888,2.24412,0.0,0.0,0.006499999999999992,BTC,79781.13,0.0
2026-09-05T22:48:01.094055+00:00,BTC-27NOV26-84000-P,80524.56,BTC-27NOV26,put,84000.0,2026-11-27T08:00:00+00:00,0.22555323934472205,0.0945,0.1035,0.09878248,0.099,80524.56,BTC-27NOV26,0.3892,-0.554,151.22653,3.2,1.6,0.008999999999999994,BTC,79781.13,12622.68
2026-09-05T22:48:01.094055+00:00,BTC-8SEP26-72000-P,79753.99,BTC-8SEP26,put,72000.0,2026-09-08T08:00:00+00:00,0.006525176374153928,,0.0002,0.00014871,,79753.99,BTC-8SEP26,0.5475,-0.00977,1.68238,5.4,0.0,,BTC,79781.13,0.0
2026-09-05T22:48:01.094055+00:00,BTC-25SEP26-45000-P,79865.08,BTC-25SEP26,put,45000.0,2026-09-25T08:00:00+00:00,0.05306863975539965,,0.0002,6.081e-05,,79865.08,BTC-25SEP26,0.8376,-0.00107,0.66169,2182.1,0.1,,BTC,79781.13,0.8
2026-09-05T22:48:01.094055+00:00,BTC-7SEP26-84000-P,79747.67,BTC-7SEP26,put,84000.0,2026-09-07T08:00:00+00:00,0.003787325587021827,0.051,0.056,0.05348096,0.0535,79747.67,BTC-7SEP26,0.4,-0.98196,2.1769,0.0,0.0,0.0050000000000000044,BTC,79781.13,0.0
2026-09-05T22:48:01.094055+00:00,BTC-25DEC26-20000-C,80843.03,BTC-25DEC26,call,20000.0,2026-12-25T08:00:00+00:00,0.30221306138442083,0.7525,0.754,0.75301977,0.75325,80843.03,BTC-25DEC26,0.9859,0.99779,3.0908,4.2,0.0,0.0015000000000000568,BTC,79781.13,0.0
2026-09-05T22:48:01.094055+00:00,BTC-26MAR27-110000-C,81760.67,BTC-26MAR27,call,110000.0,2027-03-26T08:00:00+00:00,0.5513574830134421,0.0315,0.034,0.03284755,0.03275,81760.67,BTC-26MAR27,0.4201,0.21337,176.66663,1157.6,0.0,0.0025000000000000022,BTC,79781.13,0.0
2026-09-05T22:48:01.094055+00:00,BTC-25SEP26-145000-C,79865.12,BTC-25SEP26,call,145000.0,2026-09-25T08:00:00+00:00,0.05306863975539965,,0.0001,2.745e-05,,79865.12,BTC-25SEP26,0.7775,0.0006,0.38712,490.3,0.0,,BTC,79781.13,0.0
2026-09-05T22:48:01.094055+00:00,BTC-26MAR27-125000-C,81760.67,BTC-26MAR27,call,125000.0,2027-03-26T08:00:00+00:00,0.5513574830134421,0.0175,0.019,0.01832343,0.01825,81760.67,BTC-26MAR27,0.4403,0.12828,127.29108,302.8,0.0,0.0014999999999999979,BTC,79781.13,0.0
2026-09-05T22:48:01.094055+00:00,BTC-11SEP26-83000-C,79766.31,BTC-11SEP26,call,83000.0,2026-09-11T08:00:00+00:00,0.014738728735550231,0.0047,0.0055,0.0049894,0.0051,79766.31,BTC-11SEP26,0.3775,0.19978,27.10242,416.1,5.4,0.0007999999999999995,BTC,79781.13,1855.55
2026-09-05T22:48:01.094055+00:00,BTC-25DEC26-150000-P,80843.07,BTC-25DEC26,put,150000.0,2026-12-25T08:00:00+00:00,0.30221306138442083,0.8455,0.867,0.85773204,0.85625,80843.07,BTC-25DEC26,0.5261,-0.97679,24.40883,4.4,0.0,0.021499999999999964,BTC,79781.13,0.0
2026-09-05T22:48:01.094055+00:00,BTC-25JUN27-120000-P,82700.52,BTC-25JUN27,put,120000.0,2027-06-25T08:00:00+00:00,0.8005019046424633,0.4775,0.5035,0.49310056,0.4905,82700.52,BTC-25JUN27,0.4354,-0.77646,221.18692,0.1,0.0,0.025999999999999968,BTC,79781.13,0.0
2026-09-05T22:48:01.094055+00:00,BTC-30OCT26-87000-P,80203.39,BTC-30OCT26,put,87000.0,2026-10-30T08:00:00+00:00,0.1488934173050232,0.1085,0.117,0.11284042,0.11275,80203.39,BTC-30OCT26,0.38299999999999995,-0.683,110.27735,29.0,0.0,0.008500000000000008,BTC,79781.13,0.0
2026-09-05T22:48:01.094055+00:00,BTC-30OCT26-63000-P,80203.36,BTC-30OCT26,put,63000.0,2026-10-30T08:00:00+00:00,0.1488934173050232,0.005,0.006,0.00550798,0.0055,80203.36,BTC-30OCT26,0.44520000000000004,-0.06792,40.616,515.0,25.0,0.001,BTC,79781.13,10349.7
2026-09-05T22:48:01.094055+00:00,BTC-25SEP26-160000-C,79865.08,BTC-25SEP26,call,160000.0,2026-09-25T08:00:00+00:00,0.05306863975539965,,0.0001,7.41e-06,,79865.08,BTC-25SEP26,0.8188,0.00017,0.11752,1498.4,0.0,,BTC,79781.13,0.0
2026-09-05T22:48:01.094055+00:00,BTC-11SEP26-60000-P,79766.31,BTC-11SEP26,put,60000.0,2026-09-11T08:00:00+00:00,0.014738728735550231,,0.0001,1.998e-05,,79766.31,BTC-11SEP26,0.7525,-0.00078,0.26034,98.1,0.0,,BTC,79781.05,0.0
2026-09-05T22:48:01.094055+00:00,BTC-9SEP26-72000-C,79758.69,BTC-9SEP26,call,72000.0,2026-09-09T08:00:00+00:00,0.00926302716128603,0.095,0.1,0.09746207,0.0975,79758.69,BTC-9SEP26,0.47229999999999994,0.98856,2.30007,0.0,0.0,0.0050000000000000044,BTC,79781.05,0.0
2026-09-05T22:48:01.094055+00:00,BTC-25JUN27-64000-P,82700.6,BTC-25JUN27,put,64000.0,2027-06-25T08:00:00+00:00,0.8005019046424633,0.0515,0.054,0.05270784,0.05275,82700.6,BTC-25JUN27,0.43810000000000004,-0.19768,205.78284,62.4,0.0,0.0025000000000000022,BTC,79781.05,0.0
2026-09-05T22:48:01.094055+00:00,BTC-8SEP26-76000-C,79753.99,BTC-8SEP26,call,76000.0,2026-09-08T08:00:00+00:00,0.006525176374153928,0.045,0.0505,0.04761477,0.04775,79753.99,BTC-8SEP26,0.3576,0.95387,6.23124,0.0,0.0,0.005500000000000005,BTC,79781.05,0.0
2026-09-05T22:48:01.094055+00:00,BTC-25JUN27-95000-C,82700.52,BTC-25JUN27,call,95000.0,2027-06-25T08:00:00+00:00,0.8005019046424633,0.094,0.097,0.09530797,0.0955,82700.52,BTC-25JUN27,0.4168,0.42667,290.30754,56.9,0.0,0.0030000000000000027,BTC,79781.05,0.0
2026-09-05T22:48:01.094055+00:00,BTC-25JUN27-65000-C,82700.52,BTC-25JUN27,call,65000.0,2027-06-25T08:00:00+00:00,0.8005019046424633,0.266,0.274,0.27022089,0.27,82700.52,BTC-25JUN27,0.4362,0.79169,212.32416,1.6,0.1,0.008000000000000007,BTC,79781.05,2142.27
2026-09-05T22:48:01.094055+00:00,BTC-6SEP26-85000-P,79741.44,BTC-6SEP26,put,85000.0,2026-09-06T08:00:00+00:00,0.0010494747998897253,0.063,0.0685,0.06595931,0.06575,79741.44,BTC-6SEP26,0.4104,-1.0,0.0001,0.0,0.0,0.005500000000000005,BTC,79781.05,0.0
2026-09-05T22:48:01.094055+00:00,BTC-25DEC26-98000-C,80843.07,BTC-25DEC26,call,98000.0,2026-12-25T08:00:00+00:00,0.30221306138442083,0.026,0.027,0.02633827,0.0265,80843.07,BTC-25DEC26,0.40590000000000004,0.22643,133.81459,342.1,0.0,0.0010000000000000009,BTC,79781.05,0.0
2026-09-05T22:48:01.094055+00:00,BTC-30OCT26-79000-P,80203.36,BTC-30OCT26,put,79000.0,2026-10-30T08:00:00+00:00,0.1488934173050232,0.0495,0.0505,0.04997448,0.05,80203.36,BTC-30OCT26,0.37439999999999996,-0.42967,121.58742,483.4,7.0,0.0010000000000000009,BTC,79781.05,27284.37
2026-09-05T22:48:01.094055+00:00,BTC-30OCT26-98000-C,80203.36,BTC-30OCT26,call,98000.0,2026-10-30T08:00:00+00:00,0.1488934173050232,0.0085,0.0095,0.00896705,0.009,80203.36,BTC-30OCT26,0.4156,0.12131,62.40572,282.2,0.0,0.0009999999999999992,BTC,79781.05,0.0
2026-09-05T22:48:01.094055+00:00,BTC-25DEC26-108000-P,80843.07,BTC-25DEC26,put,108000.0,2026-12-25T08:00:00+00:00,0.30221306138442083,0.343,0.356,0.34988759,0.3495,80843.07,BTC-25DEC26,0.4255,-0.86879,94.65483,0.1,0.0,0.012999999999999956,BTC,79781.05,0.0
2026-09-05T22:48:01.094055+00:00,BTC-6SEP26-80000-C,79741.43,BTC-6SEP26,call,80000.0,2026-09-06T08:00:00+00:00,0.0010494747998897253,0.001,0.0016,0.00126631,0.0013,79741.43,BTC-6SEP26,0.19870000000000002,0.31069,9.11774,201.3,52.7,0.0006000000000000001,BTC,79779.39,7012.67
2026-09-05T22:48:01.094055+00:00,BTC-25JUN27-74000-P,82700.6,BTC-25JUN27,put,74000.0,2027-06-25T08:00:00+00:00,0.8005019046424633,0.0945,0.097,0.09555243,0.09575,82700.6,BTC-25JUN27,0.4227,-0.31451,262.77848,12.2,0.4,0.0025000000000000022,BTC,79779.39,3063.34
2026-09-05T22:48:01.094055+00:00,BTC-7SEP26-79000-C,79747.67,BTC-7SEP26,call,79000.0,2026-09-07T08:00:00+00:00,0.003787325587021827,0.0095,0.0145,0.01163907,0.012,79747.67,BTC-7SEP26,0.2365,0.74385,15.79833,4.0,0.6,0.005000000000000001,BTC,79779.39,461.88
2026-09-05T22:48:01.094055+00:00,BTC-27NOV26-66000-C,80524.56,BTC-27NOV26,call,66000.0,2026-11-27T08:00:00+00:00,0.22555323934472205,0.192,0.201,0.19573236,0.1965,80524.56,BTC-27NOV26,0.4225,0.86239,84.15924,0.0,0.0,0.009000000000000008,BTC,79779.39,0.0
2026-09-05T22:48:01.094055+00:00,BTC-25SEP26-86000-C,79865.12,BTC-25SEP26,call,86000.0,2026-09-25T08:00:00+00:00,0.05306863975539965,0.01,0.011,0.01074413,0.0105,79865.12,BTC-25SEP26,0.3899,0.21785,54.18889,1846.4,26.0,0.0009999999999999992,BTC,79779.39,21411.43
2026-09-05T22:48:01.094055+00:00,BTC-8SEP26-87000-C,79753.99,BTC-8SEP26,call,87000.0,2026-09-08T08:00:00+00:00,0.006525176374153928,0.0001,0.0003,0.0001755,0.0002,79753.99,BTC-8SEP26,0.48009999999999997,0.01318,2.1834,8.0,8.0,0.00019999999999999998,BTC,79779.45,192.13
2026-09-05T22:48:01.094055+00:00,BTC-25DEC26-115000-C,80843.03,BTC-25DEC26,call,115000.0,2026-12-25T08:00:00+00:00,0.30221306138442083,0.009,0.01,0.00946768,0.0095,80843.03,BTC-25DEC26,0.442,0.09207,73.42054,2332.6,1.0,0.0010000000000000009,BTC,79779.45,798.41
2026-09-05T22:48:01.094055+00:00,BTC-6SEP26-72000-P,79741.43,BTC-6SEP26,put,72000.0,2026-09-06T08:00:00+00:00,0.0010494747998897253,,0.0001,0.0,,79741.43,BTC-6SEP26,0.6036,0.0,1e-05,0.5,0.0,,BTC,79779.45,0.0
2026-09-05T22:48:01.094055+00:00,BTC-26MAR27-140000-P,81760.67,BTC-26MAR27,put,140000.0,2027-03-26T08:00:00+00:00,0.5513574830134421,0.709,0.736,0.72354142,0.7225,81760.67,BTC-26MAR27,0.46259999999999996,-0.91825,91.77479,1.7,0.1,0.027000000000000024,BTC,79779.45,5817.74
2026-09-05T22:48:01.094055+00:00,BTC-25DEC26-80000-P,80843.03,BTC-25DEC26,put,80000.0,2026-12-25T08:00:00+00:00,0.30221306138442083,0.079,0.0815,0.08044623,0.08025,80843.03,BTC-25DEC26,0.39280000000000004,-0.43782,175.19984,1262.9,0.0,0.0025000000000000022,BTC,79779.45,0.0
2026-09-05T22:48:01.094055+00:00,BTC-25SEP26-56000-P,79865.08,BTC-25SEP26,put,56000.0,2026-09-25T08:00:00+00:00,0.05306863975539965,0.0002,0.0003,0.00030468,0.00025,79865.08,BTC-25SEP26,0.6343,-0.00622,3.22965,1664.0,0.1,9.999999999999996e-05,BTC,79779.45,1.6
2026-09-05T22:48:01.094055+00:00,BTC-11SEP26-69000-P,79766.26,BTC-11SEP26,put,69000.0,2026-09-11T08:00:00+00:00,0.014738728735550231,0.0002,0.0003,0.00018817,0.00025,79766.26,BTC-11SEP26,0.5105,-0.00887,2.32356,609.6,0.0,9.999999999999996e-05,BTC,79779.45,0.0
2026-09-05T22:48:01.094055+00:00,BTC-26MAR27-70000-P,81760.79,BTC-26MAR27,put,70000.0,2027-03-26T08:00:00+00:00,0.5513574830134421,0.055,0.057,0.05605139,0.056,81760.79,BTC-26MAR27,0.4163,-0.25564,195.26623,772.8,0.0,0.0020000000000000018,BTC,79779.45,0.0
2026-09-05T22:48:01.094055+00:00,BTC-25JUN27-86000-C,82700.52,BTC-25JUN27,call,86000.0,2027-06-25T08:00:00+00:00,0.8005019046424633,0.13,0.133,0.13137301,0.1315,82700.52,BTC-25JUN27,0.4157,0.53229,294.33716,26.8,0.0,0.0030000000000000027,BTC,79779.43,0.0
2026-09-05T22:48:01.094055+00:00,BTC-7SEP26-91000-P,79747.72,BTC-7SEP26,put,91000.0,2026-09-07T08:00:00+00:00,0.003787325587021827,0.138,0.144,0.141099,0.141,79747.72,BTC-7SEP26,0.5595,-0.99993,0.01354,0.0,0.0,0.005999999999999978,BTC,79779.43,0.0
2026-09-05T22:48:01.094055+00:00,BTC-8SEP26-70000-C,79753.99,BTC-8SEP26,call,70000.0,2026-09-08T08:00:00+00:00,0.006525176374153928,0.12,0.125,0.12233592,0.1225,79753.99,BTC-8SEP26,0.5958,0.99687,0.61211,0.0,0.0,0.0050000000000000044,BTC,79779.43,0.0
2026-09-05T22:48:01.094055+00:00,BTC-27NOV26-100000-C,80524.56,BTC-27NOV26,call,100000.0,2026-11-27T08:00:00+00:00,0.22555323934472205,0.015,0.016,0.01549163,0.0155,80524.56,BTC-27NOV26,0.41869999999999996,0.16122,93.54783,72.7,6.6,0.0010000000000000009,BTC,79780.15,8166.12
2026-09-05T22:48:01.094055+00:00,BTC-7SEP26-78000-P,79747.67,BTC-7SEP26,put,78000.0,2026-09-07T08:00:00+00:00,0.003787325587021827,0.0006,0.0008,0.00065084,0.0007,79747.67,BTC-7SEP26,0.26530000000000004,-0.08584,7.69401,91.3,15.2,0.0002000000000000001,BTC,79779.43,756.5
2026-09-05T22:48:01.094055+00:00,BTC-26MAR27-64000-C,81760.67,BTC-26MAR27,call,64000.0,2027-03-26T08:00:00+00:00,0.5513574830134421,0.2475,0.26,0.25287976,0.25375,81760.67,BTC-26MAR27,0.4296,0.82309,157.62534,137.8,0.0,0.012500000000000011,BTC,79779.43,0.0
2026-09-05T22:48:01.094055+00:00,BTC-25DEC26-82000-P,80843.07,BTC-25DEC26,put,82000.0,2026-12-25T08:00:00+00:00,0.30221306138442083,0.0925,0.095,0.09375267,0.09375,80843.07,BTC-25DEC26,0.3918,-0.48334,177.20378,254.7,0.0,0.0025000000000000022,BTC,79780.15,0.0
2026-09-05T22:48:01.094055+00:00,BTC-9SEP26-82000-P,79758.69,BTC-9SEP26,put,82000.0,2026-09-09T08:00:00+00:00,0.00926302716128603,0.028,0.034,0.03184019,0.031,79758.69,BTC-9SEP26,0.3425,-0.79435,21.85754,0.0,0.0,0.006000000000000002,BTC,79780.15,0.0
2026-09-05T22:48:01.094055+00:00,BTC-25DEC26-90000-P,80843.07,BTC-25DEC26,put,90000.0,2026-12-25T08:00:00+00:00,0.30221306138442083,0.1535,0.1655,0.15895434,0.1595,80843.07,BTC-25DEC26,0.3953,-0.64983,164.69752,654.7,0.0,0.01200000000000001,BTC,79780.15,0.0
2026-09-05T22:48:01.094055+00:00,BTC-26MAR27-50000-C,81760.67,BTC-26MAR27,call,50000.0,2027-03-26T08:00:00+00:00,0.5513574830134421,0.396,0.4025,0.39997664,0.39925,81760.67,BTC-26MAR27,0.4905,0.9372,74.96996,21.6,0.0,0.006500000000000006,BTC,79780.15,0.0
2026-09-05T22:48:01.094055+00:00,BTC-30OCT26-74000-P,80203.36,BTC-30OCT26,put,74000.0,2026-10-30T08:00:00+00:00,0.1488934173050232,0.0255,0.0265,0.02602189,0.026,80203.36,BTC-30OCT26,0.382,-0.26765,101.91724,239.1,0.2,0.0010000000000000009,BTC,79780.15,418.14
2026-09-05T22:48:01.094055+00:00,BTC-25JUN27-140000-P,82700.6,BTC-25JUN27,put,140000.0,2027-06-25T08:00:00+00:00,0.8005019046424633,0.6985,0.7295,0.71745183,0.714,82700.6,BTC-25JUN27,0.4571,-0.86042,164.42075,0.5,0.0,0.031000000000000028,BTC,79780.23,0.0
2026-09-05T22:48:01.094055+00:00,BTC-25DEC26-180000-P,80843.07,BTC-25DEC26,put,180000.0,2026-12-25T08:00:00+00:00,0.30221306138442083,1.212,1.2385,1.22756276,1.22525,80843.07,BTC-25DEC26,0.5877,-0.9897,12.15931,0.1,0.0,0.026499999999999968,BTC,79780.23,0.0
2026-09-05T22:48:01.094055+00:00,BTC-25SEP26-83000-C,79865.08,BTC-25SEP26,call,83000.0,2026-09-25T08:00:00+00:00,0.05306863975539965,0.0185,0.0195,0.01892603,0.019,79865.08,BTC-25SEP26,0.37479999999999997,0.34376,67.71771,1216.4,2.0,0.0010000000000000009,BTC,79780.23,2787.51
2026-09-05T22:48:01.094055+00:00,BTC-6SEP26-77000-C,79741.43,BTC-6SEP26,call,77000.0,2026-09-06T08:00:00+00:00,0.0010494747998897253,0.032,0.0365,0.03436683,0.03425,79741.43,BTC-6SEP26,0.30760000000000004,0.99978,0.02095,70.1,0.0,0.004499999999999997,BTC,79780.23,0.0
2026-09-05T22:48:01.094055+00:00,BTC-9SEP26-89000-C,79758.69,BTC-9SEP26,call,89000.0,2026-09-09T08:00:00+00:00,0.00926302716128603,0.0001,0.0003,0.00017702,0.0002,79758.69,BTC-9SEP26,0.4925,0.01111,2.24288,8.0,8.0,0.00019999999999999998,BTC,79780.23,127.94
2026-09-05T22:48:01.094055+00:00,BTC-27NOV26-110000-P,80524.56,BTC-27NOV26,put,110000.0,2026-11-27T08:00:00+00:00,0.22555323934472205,0.367,0.379,0.37351038,0.373,80524.56,BTC-27NOV26,0.4428,-0.91575,59.13823,0.0,0.0,0.01200000000000001,BTC,79780.23,0.0
2026-09-05T22:48:01.094055+00:00,BTC-8SEP26-80500-P,79753.99,BTC-8SEP26,put,80500.0,2026-09-08T08:00:00+00:00,0.006525176374153928,0.014,0.0155,0.01500841,0.01475,79753.99,BTC-8SEP26,0.2966,-0.64659,23.95138,1.4,0.0,0.0014999999999999996,BTC,79780.23,0.0
2026-09-05T22:48:01.094055+00:00,BTC-25JUN27-76000-C,82700.52,BTC-25JUN27,call,76000.0,2027-06-25T08:00:00+00:00,0.8005019046424633,0.186,0.189,0.1873282,0.1875,82700.52,BTC-25JUN27,0.4207,0.66013,271.18639,22.4,0.0,0.0030000000000000027,BTC,79780.23,0.0
2026-09-05T22:48:01.094055+00:00,BTC-25DEC26-35000-P,80843.03,BTC-25DEC26,put,35000.0,2026-12-25T08:00:00+00:00,0.30221306138442083,0.0013,0.0017,0.00151707,0.0015,80843.03,BTC-25DEC26,0.7148,-0.00999,11.84348,2387.5,0.0,0.00039999999999999996,BTC,79780.23,0.0
2026-09-05T22:48:01.094055+00:00,BTC-6SEP26-84000-P,79741.44,BTC-6SEP26,put,84000.0,2026-09-06T08:00:00+00:00,0.0010494747998897253,0.0505,0.056,0.05341873,0.05325,79741.44,BTC-6SEP26,0.40759999999999996,-0.99996,0.00451,0.0,0.0,0.005499999999999998,BTC,79780.23,0.0
2026-09-05T22:48:01.094055+00:00,BTC-6SEP26-82000-C,79741.43,BTC-6SEP26,call,82000.0,2026-09-06T08:00:00+00:00,0.0010494747998897253,,0.0002,6.583e-05,,79741.43,BTC-6SEP26,0.3944,0.01463,0.95724,80.1,37.7,,BTC,79778.4,463.81
2026-09-05T22:48:01.094055+00:00,BTC-25SEP26-150000-P,79865.08,BTC-25SEP26,put,150000.0,2026-09-25T08:00:00+00:00,0.05306863975539965,0.8705,0.8825,0.87818594,0.8765,79865.08,BTC-25SEP26,0.8114,-0.99948,0.34149,4.5,0.0,0.0119999999999999,BTC,79780.23,0.0
2026-09-05T22:48:01.094055+00:00,BTC-11SEP26-83000-P,79766.31,BTC-11SEP26,put,83000.0,2026-09-11T08:00:00+00:00,0.014738728735550231,0.0415,0.0475,0.04552895,0.0445,79766.31,BTC-11SEP26,0.3775,-0.8003,27.09496,12.9,0.0,0.005999999999999998,BTC,79778.4,0.0
2026-09-05T22:48:01.094055+00:00,BTC-9SEP26-81500-P,79758.69,BTC-9SEP26,put,81500.0,2026-09-09T08:00:00+00:00,0.00926302716128603,0.023,0.0295,0.02681124,0.02625,79758.69,BTC-9SEP26,0.3375,-0.74104,24.85505,0.0,0.0,0.006499999999999999,BTC,79778.4,0.0
2026-09-05T22:48:01.094055+00:00,BTC-30OCT26-61000-C,80203.36,BTC-30OCT26,call,61000.0,2026-10-30T08:00:00+00:00,0.1488934173050232,0.242,0.248,0.24380845,0.245,80203.36,BTC-30OCT26,0.46630000000000005,0.94636,33.76555,7.7,0.0,0.006000000000000005,BTC,79778.4,0.0
2026-09-05T22:48:01.094055+00:00,BTC-26MAR27-50000-P,81760.67,BTC-26MAR27,put,50000.0,2027-03-26T08:00:00+00:00,0.5513574830134421,0.011,0.0125,0.01152173,0.01175,81760.67,BTC-26MAR27,0.4905,-0.06281,74.97586,2458.6,0.1,0.0015000000000000013,BTC,79778.4,87.62
2026-09-05T22:48:01.094055+00:00,BTC-30OCT26-92000-P,80203.36,BTC-30OCT26,put,92000.0,2026-10-30T08:00:00+00:00,0.1488934173050232,0.1585,0.168,0.16354639,0.16325,80203.36,BTC-30OCT26,0.3958,-0.79433,88.1319,0.1,0.0,0.009500000000000008,BTC,79778.4,0.0
2026-09-05T22:48:01.094055+00:00,BTC-18SEP26-77000-P,79823.7,BTC-18SEP26,put,77000.0,2026-09-18T08:00:00+00:00,0.03390368424547494,0.012,0.013,0.01252898,0.0125,79823.7,BTC-18SEP26,0.3679,-0.28589,49.98922,457.8,15.6,0.0009999999999999992,BTC,79783.09,14580.56
2026-09-05T22:48:01.094055+00:00,BTC-26MAR27-190000-C,81760.67,BTC-26MAR27,call,190000.0,2027-03-26T08:00:00+00:00,0.5513574830134421,0.0035,0.0041,0.00378647,0.0038,81760.67,BTC-26MAR27,0.5383,0.02814,39.17869,627.2,0.0,0.0006000000000000003,BTC,79778.4,0.0
2026-09-05T22:48:01.094055+00:00,BTC-9SEP26-79000-C,79758.69,BTC-9SEP26,call,79000.0,2026-09-09T08:00:00+00:00,0.00926302716128603,0.0165,0.018,0.01731636,0.01725,79758.69,BTC-9SEP26,0.3129,0.63007,28.98911,0.0,0.0,0.0014999999999999979,BTC,79783.09,0.0
2026-09-05T22:48:01.094055+00:00,BTC-25DEC26-110000-C,80843.03,BTC-25DEC26,call,110000.0,2026-12-25T08:00:00+00:00,0.30221306138442083,0.012,0.013,0.01246323,0.0125,80843.03,BTC-25DEC26,0.4303,0.11841,88.10402,2753.1,0.0,0.0009999999999999992,BTC,79783.09,0.0
2026-09-05T22:48:01.094055+00:00,BTC-8SEP26-77500-C,79753.99,BTC-8SEP26,call,77500.0,2026-09-08T08:00:00+00:00,0.006525176374153928,0.027,0.0335,0.02964783,0.03025,79753.99,BTC-8SEP26,0.3005,0.88351,12.622,0.0,0.0,0.006500000000000002,BTC,79783.09,0.0
2026-09-05T22:48:01.094055+00:00,BTC-7SEP26-91000-C,79747.72,BTC-7SEP26,call,91000.0,2026-09-07T08:00:00+00:00,0.003787325587021827,,0.0001,5.5e-07,,79747.72,BTC-7SEP26,0.5595,7e-05,0.01352,0.0,0.0,,BTC,79783.09,0.0
2026-09-05T22:48:01.094055+00:00,BTC-25JUN27-190000-P,82700.6,BTC-25JUN27,put,190000.0,2027-06-25T08:00:00+00:00,0.8005019046424633,1.2805,1.324,1.30645509,1.30225,82700.6,BTC-25JUN27,0.5082,-0.94534,81.94851,0.5,0.0,0.043500000000000094,BTC,79783.29,0.0
2026-09-05T22:48:01.094055+00:00,BTC-25SEP26-88000-P,79865.12,BTC-25SEP26,put,88000.0,2026-09-25T08:00:00+00:00,0.05306863975539965,0.1045,0.113,0.10929727,0.10875,79865.12,BTC-25SEP26,0.4028,-0.84095,44.60507,5.8,0.0,0.008500000000000008,BTC,79783.09,0.0
2026-09-05T22:48:01.094055+00:00,BTC-8SEP26-77000-P,79753.99,BTC-8SEP26,put,77000.0,2026-09-08T08:00:00+00:00,0.006525176374153928,0.0009,0.0011,0.00102041,0.001,79753.99,BTC-8SEP26,0.32,-0.08487,10.01594,16.1,11.6,0.0002000000000000001,BTC,79783.29,732.1
2026-09-05T22:48:01.094055+00:00,BTC-25JUN27-102000-P,82700.52,BTC-25JUN27,put,102000.0,2027-06-25T08:00:00+00:00,0.8005019046424633,0.2955,0.317,0.30806348,0.30625,82700.52,BTC-25JUN27,0.4201,-0.64414,275.82549,0.0,0.0,0.02150000000000002,BTC,79783.29,0.0
2026-09-05T22:48:01.094055+00:00,BTC-26MAR27-76000-P,81760.67,BTC-26MAR27,put,76000.0,2027-03-26T08:00:00+00:00,0.5513574830134421,0.083,0.085,0.08417062,0.084,81760.67,BTC-26MAR27,0.4075,-0.34722,224.2964,223.6,4.0,0.0020000000000000018,BTC,79783.29,27070.1
2026-09-05T22:48:01.094055+00:00,BTC-30OCT26-98000-P,80203.36,BTC-30OCT26,put,98000.0,2026-10-30T08:00:00+00:00,0.1488934173050232,0.2245,0.2345,0.23086054,0.2295,80203.36,BTC-30OCT26,0.4156,-0.87867,62.41757,0.0,0.0,0.009999999999999981,BTC,79783.29,0.0
2026-09-05T22:48:01.094055+00:00,BTC-25SEP26-76000-C,79865.12,BTC-25SEP26,call,76000.0,2026-09-25T08:00:00+00:00,0.05306863975539965,0.0595,0.0645,0.06247385,0.062,79865.12,BTC-25SEP26,0.3651,0.73647,60.11443,2856.3,25.7,0.0050000000000000044,BTC,79783.29,121862.11
2026-09-05T22:48:01.094055+00:00,BTC-30OCT26-64000-C,80203.39,BTC-30OCT26,call,64000.0,2026-10-30T08:00:00+00:00,0.1488934173050232,0.2055,0.213,0.20853688,0.20925,80203.39,BTC-30OCT26,0.44049999999999995,0.92114,45.52934,416.8,0.0,0.007500000000000007,BTC,79783.29,0.0
2026-09-05T22:48:01.094055+00:00,BTC-6SEP26-89000-C,79741.43,BTC-6SEP26,call,89000.0,2026-09-06T08:00:00+00:00,0.0010494747998897253,,0.0001,0.0,,79741.43,BTC-6SEP26,0.5972999999999999,0.0,0.0,23.9,0.0,,BTC,79783.29,0.0
2026-09-05T22:48:01.094055+00:00,BTC-25SEP26-110000-C,79865.08,BTC-25SEP26,call,110000.0,2026-09-25T08:00:00+00:00,0.05306863975539965,0.0003,0.0005,0.00038827,0.0004,79865.08,BTC-25SEP26,0.5726,0.00915,4.537,1519.0,2.2,0.00020000000000000004,BTC,79783.29,67.27
2026-09-05T22:48:01.094055+00:00,BTC-25DEC26-82000-C,80843.07,BTC-25DEC26,call,82000.0,2026-12-25T08:00:00+00:00,0.30221306138442083,0.079,0.0805,0.07944186,0.07975,80843.07,BTC-25DEC26,0.3918,0.51674,177.21021,1255.1,2.4,0.0015000000000000013,BTC,79783.29,15450.44
2026-09-05T22:48:01.094055+00:00,BTC-27NOV26-115000-P,80524.56,BTC-27NOV26,put,115000.0,2026-11-27T08:00:00+00:00,0.22555323934472205,0.4265,0.4395,0.43360498,0.433,80524.56,BTC-27NOV26,0.4575,-0.93706,47.31241,0.0,0.0,0.013000000000000012,BTC,79783.29,0.0
2026-09-05T22:48:01.094055+00:00,BTC-18SEP26-72000-C,79823.7,BTC-18SEP26,call,72000.0,2026-09-18T08:00:00+00:00,0.03390368424547494,0.098,0.103,0.10063357,0.1005,79823.7,BTC-18SEP26,0.4023,0.92368,21.09291,0.1,0.0,0.0049999999999999906,BTC,79783.29,0.0
2026-09-05T22:48:01.094055+00:00,BTC-25JUN27-108000-P,82700.6,BTC-25JUN27,put,108000.0,2027-06-25T08:00:00+00:00,0.8005019046424633,0.3535,0.3765,0.36711176,0.365,82700.6,BTC-25JUN27,0.42460000000000003,-0.6957,259.03251,0.0,0.0,0.02300000000000002,BTC,79783.29,0.0
2026-09-05T22:48:01.094055+00:00,BTC-27NOV26-64000-C,80524.5,BTC-27NOV26,call,64000.0,2026-11-27T08:00:00+00:00,0.22555323934472205,0.214,0.2215,0.21724197,0.21775,80524.5,BTC-27NOV26,0.4318,0.88914,72.34322,0.0,0.0,0.007500000000000007,BTC,79783.29,0.0
2026-09-05T22:48:01.094055+00:00,BTC-25SEP26-55000-P,79865.08,BTC-25SEP26,put,55000.0,2026-09-25T08:00:00+00:00,0.05306863975539965,0.0002,0.0004,0.00024385,0.0003,79865.08,BTC-25SEP26,0.6463,-0.00495,2.63718,3073.6,0.0,0.0002,BTC,79783.29,0.0
2026-09-05T22:48:01.094055+00:00,BTC-25DEC26-130000-P,80843.03,BTC-25DEC26,put,130000.0,2026-12-25T08:00:00+00:00,0.30221306138442083,0.604,0.62,0.61277793,0.612,80843.03,BTC-25DEC26,0.47950000000000004,-0.95252,43.99421,54.0,0.0,0.016000000000000014,BTC,79783.29,0.0
2026-09-05T22:48:01.094055+00:00,BTC-25DEC26-106000-C,80843.07,BTC-25DEC26,call,106000.0,2026-12-25T08:00:00+00:00,0.30221306138442083,0.015,0.0165,0.01583167,0.01575,80843.07,BTC-25DEC26,0.4218,0.14634,101.96045,720.4,0.0,0.0015000000000000013,BTC,79783.29,0.0
2026-09-05T22:48:01.094055+00:00,BTC-9SEP26-78500-C,79758.69,BTC-9SEP26,call,78500.0,2026-09-09T08:00:00+00:00,0.00926302716128603,0.0195,0.025,0.02146366,0.02225,79758.69,BTC-9SEP26,0.3136,0.70657,26.42914,0.0,0.0,0.005500000000000001,BTC,79782.1,0.0
2026-09-05T22:48:01.094055+00:00,BTC-25DEC26-30000-C,80843.03,BTC-25DEC26,call,30000.0,2026-12-25T08:00:00+00:00,0.30221306138442083,0.629,0.6305,0.62981459,0.62975,80843.03,BTC-25DEC26,0.7794,0.99422,7.30796,300.6,0.0,0.0014999999999999458,BTC,79782.1,0.0
2026-09-05T22:48:01.094055+00:00,BTC-27NOV26-75000-P,80524.56,BTC-27NOV26,put,75000.0,2026-11-27T08:00:00+00:00,0.22555323934472205,0.042,0.0435,0.04265834,0.04275,80524.56,BTC-27NOV26,0.3931,-0.31764,136.39255,282.1,0.1,0.0014999999999999944,BTC,79782.1,334.82
2026-09-05T22:48:01.094055+00:00,BTC-25DEC26-180000-C,80843.03,BTC-25DEC26,call,180000.0,2026-12-25T08:00:00+00:00,0.30221306138442083,0.0008,0.0013,0.00102683,0.00105,80843.03,BTC-25DEC26,0.5877,0.0103,12.16147,934.5,0.0,0.0004999999999999999,BTC,79782.1,0.0
2026-09-05T22:48:01.094055+00:00,BTC-25SEP26-74000-P,79865.12,BTC-25SEP26,put,74000.0,2026-09-25T08:00:00+00:00,0.05306863975539965,0.008,0.009,0.00854994,0.0085,79865.12,BTC-25SEP26,0.3739,-0.17634,47.67444,525.8,42.4,0.0009999999999999992,BTC,79782.1,28737.51
2026-09-05T22:48:01.094055+00:00,BTC-25DEC26-106000-P,80843.07,BTC-25DEC26,put,106000.0,2026-12-25T08:00:00+00:00,0.30221306138442083,0.3185,0.333,0.32701394,0.32575,80843.07,BTC-25DEC26,0.4218,-0.85367,101.9583,0.2,0.0,0.014500000000000013,BTC,79782.1,0.0
2026-09-05T22:48:01.094055+00:00,BTC-30OCT26-94000-C,80203.36,BTC-30OCT26,call,94000.0,2026-10-30T08:00:00+00:00,0.1488934173050232,0.013,0.014,0.01345232,0.0135,80203.36,BTC-30OCT26,0.4028,0.17301,79.23075,447.8,0.6,0.0010000000000000009,BTC,79784.09,573.29
2026-09-05T22:48:01.094055+00:00,BTC-26MAR27-88000-P,81760.79,BTC-26MAR27,put,88000.0,2027-03-26T08:00:00+00:00,0.5513574830134421,0.156,0.1725,0.16550825,0.16425,81760.79,BTC-26MAR27,0.4035,-0.53798,241.19031,4.7,0.0,0.016499999999999987,BTC,79782.1,0.0
2026-09-05T22:48:01.094055+00:00,BTC-30OCT26-57000-P,80203.36,BTC-30OCT26,put,57000.0,2026-10-30T08:00:00+00:00,0.1488934173050232,0.0025,0.0031,0.00281585,0.0028,80203.36,BTC-30OCT26,0.5114,-0.03364,23.15868,207.7,0.0,0.0005999999999999998,BTC,79784.09,0.0
2026-09-05T22:48:01.094055+00:00,BTC-25DEC26-62000-P,80843.03,BTC-25DEC26,put,62000.0,2026-12-25T08:00:00+00:00,0.30221306138442083,0.014,0.015,0.01453313,0.0145,80843.03,BTC-25DEC26,0.4397,-0.11148,84.40341,1540.0,0.0,0.0009999999999999992,BTC,79784.09,0.0
2026-09-05T22:48:01.094055+00:00,BTC-25SEP26-45000-C,79865.08,BTC-25SEP26,call,45000.0,2026-09-25T08:00:00+00:00,0.05306863975539965,0.435,0.438,0.43661246,0.4365,79865.08,BTC-25SEP26,0.8376,0.99893,0.66139,224.9,0.0,0.0030000000000000027,BTC,79784.09,0.0
2026-09-05T22:48:01.094055+00:00,BTC-25JUN27-96000-C,82700.6,BTC-25JUN27,call,96000.0,2027-06-25T08:00:00+00:00,0.8005019046424633,0.091,0.0935,0.09206117,0.09225,82700.6,BTC-25JUN27,0.41729999999999995,0.41603,288.76668,32.2,0.0,0.0025000000000000022,BTC,79787.5,0.0
2026-09-05T22:48:01.094055+00:00,BTC-26MAR27-200000-C,81760.67,BTC-26MAR27,call,200000.0,2027-03-26T08:00:00+00:00,0.5513574830134421,0.0028,0.0036,0.00322503,0.0032,81760.67,BTC-26MAR27,0.5515,0.02389,34.16467,485.6,0.1,0.0007999999999999999,BTC,79784.09,22.31
2026-09-05T22:48:01.094055+00:00,BTC-8SEP26-82000-P,79753.99,BTC-8SEP26,put,82000.0,2026-09-08T08:00:00+00:00,0.006525176374153928,0.026,0.0325,0.03012449,0.02925,79753.99,BTC-8SEP26,0.3231,-0.85238,14.86524,0.0,0.0,0.006500000000000002,BTC,79787.5,0.0
2026-09-05T22:48:01.094055+00:00,BTC-30OCT26-60000-P,80203.36,BTC-30OCT26,put,60000.0,2026-10-30T08:00:00+00:00,0.1488934173050232,0.0037,0.0042,0.00391341,0.00395,80203.36,BTC-30OCT26,0.47729999999999995,-0.0477,30.75176,1544.2,0.2,0.0004999999999999996,BTC,79787.5,59.01
2026-09-05T22:48:01.094055+00:00,BTC-9SEP26-74000-C,79758.69,BTC-9SEP26,call,74000.0,2026-09-09T08:00:00+00:00,0.00926302716128603,0.0705,0.0755,0.07262865,0.073,79758.69,BTC-9SEP26,0.4104,0.97242,4.87251,0.0,0.0,0.0050000000000000044,BTC,79787.5,0.0
2026-09-05T22:48:01.094055+00:00,BTC-30OCT26-52000-P,80203.36,BTC-30OCT26,put,52000.0,2026-10-30T08:00:00+00:00,0.1488934173050232,0.0014,0.0018,0.00165305,0.0016,80203.36,BTC-30OCT26,0.5716,-0.019,14.34941,122.0,0.1,0.00039999999999999996,BTC,79787.5,15.93
2026-09-05T22:48:01.094055+00:00,BTC-25DEC26-140000-P,80843.03,BTC-25DEC26,put,140000.0,2026-12-25T08:00:00+00:00,0.30221306138442083,0.723,0.7435,0.73500285,0.73325,80843.03,BTC-25DEC26,0.5045000000000001,-0.96714,32.61426,0.4,0.0,0.020500000000000074,BTC,79787.5,0.0
2026-09-05T22:48:01.094055+00:00,BTC-9SEP26-73000-C,79758.69,BTC-9SEP26,call,73000.0,2026-09-09T08:00:00+00:00,0.00926302716128603,0.0825,0.0885,0.085016,0.0855,79758.69,BTC-9SEP26,0.4412,0.98242,3.33216,0.0,0.0,0.0059999999999999915,BTC,79787.88,0.0
2026-09-05T22:48:01.094055+00:00,BTC-6SEP26-86000-C,79741.44,BTC-6SEP26,call,86000.0,2026-09-06T08:00:00+00:00,0.0010494747998897253,,0.0001,0.0,,79741.44,BTC-6SEP26,0.4728,0.0,6e-05,22.1,0.0,,BTC,79787.88,0.0
2026-09-05T22:48:01.094055+00:00,BTC-26MAR27-102000-P,81760.67,BTC-26MAR27,put,102000.0,2027-03-26T08:00:00+00:00,0.5513574830134421,0.2825,0.301,0.29412688,0.29175,81760.67,BTC-26MAR27,0.41159999999999997,-0.71577,205.93657,0.1,0.0,0.018500000000000016,BTC,79787.88,0.0
2026-09-05T22:48:01.094055+00:00,BTC-25JUN27-104000-P,82700.6,BTC-25JUN27,put,104000.0,2027-06-25T08:00:00+00:00,0.8005019046424633,0.3145,0.3365,0.32725734,0.3255,82700.6,BTC-25JUN27,0.4211,-0.66244,270.5002,0.0,0.0,0.02200000000000002,BTC,79787.88,0.0
2026-09-05T22:48:01.094055+00:00,BTC-25SEP26-98000-P,79865.08,BTC-25SEP26,put,98000.0,2026-09-25T08:00:00+00:00,0.05306863975539965,0.2235,0.2325,0.22864683,0.228,79865.08,BTC-25SEP26,0.48229999999999995,-0.96287,14.92653,0.1,0.0,0.009000000000000008,BTC,79787.88,0.0
2026-09-05T22:48:01.094055+00:00,BTC-25JUN27-98000-P,82700.6,BTC-25JUN27,put,98000.0,2027-06-25T08:00:00+00:00,0.8005019046424633,0.2585,0.28,0.27069661,0.26925,82700.6,BTC-25JUN27,0.4177,-0.60513,285.01854,0.1,0.1,0.02150000000000002,BTC,79787.42,2151.83
2026-09-05T22:48:01.094055+00:00,BTC-25SEP26-40000-C,79865.08,BTC-25SEP26,call,40000.0,2026-09-25T08:00:00+00:00,0.05306863975539965,0.4975,0.501,0.49920791,0.49925,79865.08,BTC-25SEP26,0.9834999999999999,0.99922,0.49103,34.4,0.0,0.003500000000000003,BTC,79787.88,0.0
2026-09-05T22:48:01.094055+00:00,BTC-25JUN27-100000-P,82700.52,BTC-25JUN27,put,100000.0,2027-06-25T08:00:00+00:00,0.8005019046424633,0.277,0.298,0.28925702,0.2875,82700.52,BTC-25JUN27,0.4191,-0.62492,280.73482,1.4,0.0,0.020999999999999963,BTC,79787.42,0.0
2026-09-05T22:48:01.094055+00:00,BTC-25SEP26-155000-C,79865.12,BTC-25SEP26,call,155000.0,2026-09-25T08:00:00+00:00,0.05306863975539965,,0.0001,1.306e-05,,79865.12,BTC-25SEP26,0.8133,0.00029,0.19521,378.0,0.0,,BTC,79787.42,0.0
2026-09-05T22:48:01.094055+00:00,BTC-7SEP26-79000-P,79747.72,BTC-7SEP26,put,79000.0,2026-09-07T08:00:00+00:00,0.003787325587021827,0.002,0.0025,0.002263,0.00225,79747.72,BTC-7SEP26,0.2365,-0.2539,15.72715,90.0,22.9,0.0005,BTC,79787.42,5436.12
2026-09-05T22:48:01.094055+00:00,BTC-8SEP26-89000-P,79753.99,BTC-8SEP26,put,89000.0,2026-09-08T08:00:00+00:00,0.006525176374153928,0.113,0.119,0.11602452,0.116,79753.99,BTC-8SEP26,0.5327000000000001,-0.99418,1.0665,0.0,0.0,0.0059999999999999915,BTC,79787.42,0.0
2026-09-05T22:48:01.094055+00:00,BTC-27NOV26-94000-P,80524.56,BTC-27NOV26,put,94000.0,2026-11-27T08:00:00+00:00,0.22555323934472205,0.1865,0.1975,0.1917705,0.192,80524.56,BTC-27NOV26,0.4029,-0.76176,118.46549,0.0,0.0,0.01100000000000001,BTC,79787.42,0.0
2026-09-05T22:48:01.094055+00:00,BTC-25SEP26-68000-P,79865.08,BTC-25SEP26,put,68000.0,2026-09-25T08:00:00+00:00,0.05306863975539965,0.002,0.0023,0.00209526,0.00215,79865.08,BTC-25SEP26,0.4337,-0.04839,18.49307,1859.7,12.2,0.0002999999999999999,BTC,79787.42,1898.17
2026-09-05T22:48:01.094055+00:00,BTC-6SEP26-70000-C,79741.43,BTC-6SEP26,call,70000.0,2026-09-06T08:00:00+00:00,0.0010494747998897253,0.12,0.1245,0.12215116,0.12225,79741.43,BTC-6SEP26,0.7228,1.0,0.0,0.0,0.0,0.004500000000000004,BTC,79787.42,0.0
2026-09-05T22:48:01.094055+00:00,BTC-18SEP26-75000-P,79823.7,BTC-18SEP26,put,75000.0,2026-09-18T08:00:00+00:00,0.03390368424547494,0.0065,0.007,0.00658115,0.00675,79823.7,BTC-18SEP26,0.3726,-0.1725,37.55925,352.8,44.7,0.0005000000000000004,BTC,79787.42,23018.35
2026-09-05T22:48:01.094055+00:00,BTC-26MAR27-95000-C,81760.79,BTC-26MAR27,call,95000.0,2027-03-26T08:00:00+00:00,0.5513574830134421,0.0635,0.0655,0.06441231,0.0645,81760.79,BTC-26MAR27,0.4069,0.36504,228.30364,545.1,0.0,0.0020000000000000018,BTC,79787.42,0.0
2026-09-05T22:48:01.094055+00:00,BTC-30OCT26-56000-C,80203.36,BTC-30OCT26,call,56000.0,2026-10-30T08:00:00+00:00,0.1488934173050232,0.302,0.308,0.30429543,0.305,80203.36,BTC-30OCT26,0.5228,0.9701,21.00834,0.0,0.0,0.006000000000000005,BTC,79787.42,0.0
2026-09-05T22:48:01.094055+00:00,BTC-25DEC26-70000-C,80843.03,BTC-25DEC26,call,70000.0,2026-12-25T08:00:00+00:00,0.30221306138442083,0.162,0.172,0.16687093,0.167,80843.03,BTC-25DEC26,0.4079,0.77475,133.42952,1922.4,0.0,0.009999999999999981,BTC,79787.42,0.0
2026-09-05T22:48:01.094055+00:00,BTC-25DEC26-30000-P,80843.07,BTC-25DEC26,put,30000.0,2026-12-25T08:00:00+00:00,0.30221306138442083,0.0007,0.0013,0.00090392,0.001,80843.07,BTC-25DEC26,0.7794,-0.00577,7.30662,2122.5,0.0,0.0006,BTC,79787.42,0.0
2026-09-05T22:48:01.094055+00:00,BTC-25JUN27-95000-P,82700.52,BTC-25JUN27,put,95000.0,2027-06-25T08:00:00+00:00,0.8005019046424633,0.2325,0.2525,0.2440511,0.2425,82700.52,BTC-25JUN27,0.4168,-0.57324,290.34304,20.2,0.0,0.01999999999999999,BTC,79787.42,0.0
2026-09-05T22:48:01.094055+00:00,BTC-30OCT26-70000-P,80203.39,BTC-30OCT26,put,70000.0,2026-10-30T08:00:00+00:00,0.1488934173050232,0.014,0.015,0.01454502,0.0145,80203.39,BTC-30OCT26,0.3957,-0.16645,77.29468,878.4,0.3,0.0009999999999999992,BTC,79787.42,342.5
2026-09-05T22:48:01.094055+00:00,BTC-25JUN27-82000-P,82700.52,BTC-25JUN27,put,82000.0,2027-06-25T08:00:00+00:00,0.8005019046424633,0.1415,0.1455,0.1432229,0.1435,82700.52,BTC-25JUN27,0.41700000000000004,-0.41688,288.90112,24.3,0.0,0.0040000000000000036,BTC,79787.42,0.0
2026-09-05T22:48:01.094055+00:00,BTC-25SEP26-180000-P,79865.08,BTC-25SEP26,put,180000.0,2026-09-25T08:00:00+00:00,0.05306863975539965,1.246,1.2605,1.25379796,1.25325,79865.08,BTC-25SEP26,0.9184,-0.99991,0.06908,10.5,0.0,0.014499999999999957,BTC,79787.42,0.0
2026-09-05T22:48:01.094055+00:00,BTC-25JUN27-200000-C,82700.6,BTC-25JUN27,call,200000.0,2027-06-25T08:00:00+00:00,0.8005019046424633,0.0065,0.0085,0.00770252,0.0075,82700.6,BTC-25JUN27,0.5179,0.04698,72.64289,27.0,0.0,0.002000000000000001,BTC,79787.42,0.0
2026-09-05T22:48:01.094055+00:00,BTC-30OCT26-68000-C,80203.36,BTC-30OCT26,call,68000.0,2026-10-30T08:00:00+00:00,0.1488934173050232,0.16,0.167,0.1631883,0.1635,80203.36,BTC-30OCT26,0.40850000000000003,0.87006,65.4765,518.8,0.0,0.007000000000000006,BTC,79787.42,0.0
2026-09-05T22:48:01.094055+00:00,BTC-27NOV26-75000-C,80524.56,BTC-27NOV26,call,75000.0,2026-11-27T08:00:00+00:00,0.22555323934472205,0.109,0.1145,0.11126595,0.11175,80524.56,BTC-27NOV26,0.3931,0.68248,136.37969,260.6,0.2,0.005500000000000005,BTC,79787.42,1799.19
2026-09-05T22:48:01.094055+00:00,BTC-30OCT26-100000-C,80203.36,BTC-30OCT26,call,100000.0,2026-10-30T08:00:00+00:00,0.1488934173050232,0.007,0.008,0.00746559,0.0075,80203.36,BTC-30OCT26,0.4236,0.1027,55.4023,1722.2,0.6,0.001,BTC,79787.42,358.32
2026-09-05T22:48:01.094055+00:00,BTC-6SEP26-79000-C,79741.44,BTC-6SEP26,call,79000.0,2026-09-06T08:00:00+00:00,0.0010494747998897253,0.007,0.0135,0.0096444,0.01025,79741.44,BTC-6SEP26,0.2275,0.90005,4.5301,24.8,0.0,0.0065,BTC,79787.42,0.0
2026-09-05T22:48:01.094055+00:00,BTC-25DEC26-105000-C,80843.03,BTC-25DEC26,call,105000.0,2026-12-25T08:00:00+00:00,0.30221306138442083,0.016,0.0175,0.01682687,0.01675,80843.03,BTC-25DEC26,0.41960000000000003,0.15445,105.69788,914.2,0.0,0.0015000000000000013,BTC,79787.42,0.0
2026-09-05T22:48:01.094055+00:00,BTC-8SEP26-81000-P,79753.99,BTC-8SEP26,put,81000.0,2026-09-08T08:00:00+00:00,0.006525176374153928,0.017,0.021,0.01955111,0.019,79753.99,BTC-8SEP26,0.30210000000000004,-0.73151,21.24848,25.0,0.0,0.004,BTC,79787.42,0.0
2026-09-05T22:48:01.094055+00:00,BTC-8SEP26-78000-P,79753.99,BTC-8SEP26,put,78000.0,2026-09-08T08:00:00+00:00,0.006525176374153928,0.002,0.0025,0.00217735,0.00225,79753.99,BTC-8SEP26,0.2924,-0.1694,16.27074,67.3,26.3,0.0005,BTC,79787.42,4632.26
2026-09-05T22:48:01.094055+00:00,BTC-25DEC26-52000-C,80843.03,BTC-25DEC26,call,52000.0,2026-12-25T08:00:00+00:00,0.30221306138442083,0.3595,0.3665,0.3622804,0.363,80843.03,BTC-25DEC26,0.5095000000000001,0.95686,40.73503,0.1,0.0,0.007000000000000006,BTC,79787.42,0.0
2026-09-05T22:48:01.094055+00:00,BTC-18SEP26-90000-P,79823.61,BTC-18SEP26,put,90000.0,2026-09-18T08:00:00+00:00,0.03390368424547494,0.126,0.1335,0.130138,0.12975,79823.61,BTC-18SEP26,0.44060000000000005,-0.92445,20.92988,0.0,0.0,0.007500000000000007,BTC,79787.42,0.0
2026-09-05T22:48:01.094055+00:00,BTC-7SEP26-82500-C,79747.67,BTC-7SEP26,call,82500.0,2026-09-07T08:00:00+00:00,0.003787325587021827,0.0003,0.0005,0.00038487,0.0004,79747.67,BTC-7SEP26,0.3265,0.04739,4.8502,25.8,0.7,0.00020000000000000004,BTC,79787.42,12.75
2026-09-05T22:48:01.094055+00:00,BTC-25SEP26-145000-P,79865.12,BTC-25SEP26,put,145000.0,2026-09-25T08:00:00+00:00,0.05306863975539965,0.8105,0.821,0.81558326,0.81575,79865.12,BTC-25SEP26,0.7775,-0.9994,0.38773,0.2,0.0,0.010499999999999954,BTC,79787.42,0.0
2026-09-05T22:48:01.094055+00:00,BTC-18SEP26-85000-P,79823.61,BTC-18SEP26,put,85000.0,2026-09-18T08:00:00+00:00,0.03390368424547494,0.0705,0.076,0.07287343,0.07325,79823.61,BTC-18SEP26,0.3944,-0.79592,41.66594,1.2,0.1,0.005500000000000005,BTC,79787.79,593.45
2026-09-05T22:48:01.094055+00:00,BTC-30OCT26-81000-C,80203.36,BTC-30OCT26,call,81000.0,2026-10-30T08:00:00+00:00,0.1488934173050232,0.0525,0.0535,0.05306677,0.053,80203.36,BTC-30OCT26,0.37439999999999996,0.5019,123.51905,323.0,20.1,0.0010000000000000009,BTC,79787.79,83881.39
2026-09-05T22:48:01.094055+00:00,BTC-30OCT26-55000-C,80203.36,BTC-30OCT26,call,55000.0,2026-10-30T08:00:00+00:00,0.1488934173050232,0.315,0.319,0.31652943,0.317,80203.36,BTC-30OCT26,0.5356000000000001,0.97312,19.22818,0.1,0.0,0.0040000000000000036,BTC,79787.79,0.0
2026-09-05T22:48:01.094055+00:00,BTC-8SEP26-78500-P,79753.99,BTC-8SEP26,put,78500.0,2026-09-08T08:00:00+00:00,0.006525176374153928,0.0032,0.0037,0.00333399,0.00345,79753.99,BTC-8SEP26,0.285,-0.2408,20.06757,37.7,28.1,0.0005,BTC,79787.79,8040.74
2026-09-05T22:48:01.094055+00:00,BTC-25DEC26-94000-P,80843.03,BTC-25DEC26,put,94000.0,2026-12-25T08:00:00+00:00,0.30221306138442083,0.19,0.2035,0.19742457,0.19675,80843.03,BTC-25DEC26,0.4003,-0.71712,150.40904,5.3,0.0,0.013499999999999984,BTC,79787.79,0.0
2026-09-05T22:48:01.094055+00:00,BTC-27NOV26-60000-C,80524.56,BTC-27NOV26,call,60000.0,2026-11-27T08:00:00+00:00,0.22555323934472205,0.2595,0.267,0.26240012,0.26325,80524.56,BTC-27NOV26,0.45649999999999996,0.92845,52.24189,0.1,0.0,0.007500000000000007,BTC,79788.7,0.0
2026-09-05T22:48:01.094055+00:00,BTC-25JUN27-66000-C,82700.6,BTC-25JUN27,call,66000.0,2027-06-25T08:00:00+00:00,0.8005019046424633,0.2575,0.2655,0.26164805,0.2615,82700.6,BTC-25JUN27,0.4337,0.78098,218.63424,25.7,0.0,0.008000000000000007,BTC,79788.7,0.0
2026-09-05T22:48:01.094055+00:00,BTC-25JUN27-66000-P,82700.6,BTC-25JUN27,put,66000.0,2027-06-25T08:00:00+00:00,0.8005019046424633,0.0585,0.061,0.05972222,0.05975,82700.6,BTC-25JUN27,0.4337,-0.21902,218.63424,35.9,0.0,0.0024999999999999953,BTC,79788.7,0.0
2026-09-05T22:48:01.094055+00:00,BTC-6SEP26-83000-P,79741.43,BTC-6SEP26,put,83000.0,2026-09-06T08:00:00+00:00,0.0010494747998897253,0.038,0.0435,0.04088249,0.04075,79741.43,BTC-6SEP26,0.40759999999999996,-0.99873,0.10783,0.0,0.0,0.005499999999999998,BTC,79788.7,0.0
2026-09-05T22:48:01.094055+00:00,BTC-25DEC26-94000-C,80843.03,BTC-25DEC26,call,94000.0,2026-12-25T08:00:00+00:00,0.30221306138442083,0.034,0.0355,0.03467803,0.03475,80843.03,BTC-25DEC26,0.4003,0.2829,150.41595,393.5,0.0,0.0014999999999999944,BTC,79788.7,0.0
2026-09-05T22:48:01.094055+00:00,BTC-27NOV26-68000-C,80524.5,BTC-27NOV26,call,68000.0,2026-11-27T08:00:00+00:00,0.22555323934472205,0.1725,0.179,0.17493053,0.17575,80524.5,BTC-27NOV26,0.4133,0.8314,96.31046,0.0,0.0,0.006500000000000006,BTC,79788.7,0.0
2026-09-05T22:48:01.094055+00:00,BTC-25SEP26-56000-C,79865.08,BTC-25SEP26,call,56000.0,2026-09-25T08:00:00+00:00,0.05306863975539965,0.2975,0.301,0.2991245,0.29925,79865.08,BTC-25SEP26,0.6343,0.99379,3.22739,13.4,0.0,0.003500000000000003,BTC,79788.7,0.0
2026-09-05T22:48:01.094055+00:00,BTC-25SEP26-62000-C,79865.12,BTC-25SEP26,call,62000.0,2026-09-25T08:00:00+00:00,0.05306863975539965,0.2225,0.2275,0.22440458,0.225,79865.12,BTC-25SEP26,0.526,0.98421,7.28315,597.4,0.0,0.0050000000000000044,BTC,79788.7,0.0
2026-09-05T22:48:01.094055+00:00,BTC-30OCT26-105000-C,80203.36,BTC-30OCT26,call,105000.0,2026-10-30T08:00:00+00:00,0.1488934173050232,0.0047,0.0055,0.00507164,0.0051,80203.36,BTC-30OCT26,0.4482,0.07083,41.95071,1143.2,0.0,0.0007999999999999995,BTC,79788.79,0.0
2026-09-05T22:48:01.094055+00:00,BTC-8SEP26-77000-C,79753.99,BTC-8SEP26,call,77000.0,2026-09-08T08:00:00+00:00,0.006525176374153928,0.033,0.0385,0.03553888,0.03575,79753.99,BTC-8SEP26,0.32,0.91557,9.9762,0.0,0.0,0.005499999999999998,BTC,79788.79,0.0
2026-09-05T22:48:01.094055+00:00,BTC-30OCT26-55000-P,80203.36,BTC-30OCT26,put,55000.0,2026-10-30T08:00:00+00:00,0.1488934173050232,0.002,0.0026,0.00228598,0.0023,80203.36,BTC-30OCT26,0.5356000000000001,-0.02688,19.2258,311.1,0.0,0.0005999999999999998,BTC,79788.79,0.0
2026-09-05T22:48:01.094055+00:00,BTC-25JUN27-160000-P,82700.6,BTC-25JUN27,put,160000.0,2027-06-25T08:00:00+00:00,0.8005019046424633,0.9285,0.964,0.95029911,0.94625,82700.6,BTC-25JUN27,0.4782,-0.90794,122.25405,0.2,0.0,0.035499999999999976,BTC,79788.79,0.0
2026-09-05T22:48:01.094055+00:00,BTC-25SEP26-70000-C,79865.08,BTC-25SEP26,call,70000.0,2026-09-25T08:00:00+00:00,0.05306863975539965,0.124,0.1305,0.12675991,0.12725,79865.08,BTC-25SEP26,0.40880000000000005,0.92623,25.72855,10965.4,0.1,0.006500000000000006,BTC,79788.79,990.36
2026-09-05T22:48:01.094055+00:00,BTC-27NOV26-85000-P,80524.56,BTC-27NOV26,put,85000.0,2026-11-27T08:00:00+00:00,0.22555323934472205,0.1025,0.1115,0.10676133,0.107,80524.56,BTC-27NOV26,0.3895,-0.57883,149.65224,11.0,1.6,0.009000000000000008,BTC,79789.18,13643.65
2026-09-05T22:48:01.094055+00:00,BTC-25SEP26-260000-P,79865.08,BTC-25SEP26,put,260000.0,2026-09-25T08:00:00+00:00,0.05306863975539965,2.2405,2.2635,2.25548113,2.252,79865.08,BTC-25SEP26,1.2309,-0.99997,0.02281,0.0,0.0,0.02300000000000013,BTC,79788.79,0.0
2026-09-05T22:48:01.094055+00:00,BTC-7SEP26-85000-C,79747.72,BTC-7SEP26,call,85000.0,2026-09-07T08:00:00+00:00,0.003787325587021827,,0.0002,4.343e-05,,79747.72,BTC-7SEP26,0.4054,0.00557,0.78085,28.2,0.2,,BTC,79789.18,1.6
2026-09-05T22:48:01.094055+00:00,BTC-26MAR27-85000-C,81760.67,BTC-26MAR27,call,85000.0,2027-03-26T08:00:00+00:00,0.5513574830134421,0.1015,0.104,0.10273397,0.10275,81760.67,BTC-26MAR27,0.40369999999999995,0.50828,242.25848,345.7,0.0,0.0024999999999999883,BTC,79789.18,0.0
2026-09-05T22:48:01.094055+00:00,BTC-25JUN27-102000-C,82700.52,BTC-25JUN27,call,102000.0,2027-06-25T08:00:00+00:00,0.8005019046424633,0.0735,0.076,0.07467612,0.07475,82700.52,BTC-25JUN27,0.4201,0.35592,275.85945,28.4,0.0,0.0025000000000000022,BTC,79789.18,0.0
2026-09-05T22:48:01.094055+00:00,BTC-25DEC26-110000-P,80843.07,BTC-25DEC26,put,110000.0,2026-12-25T08:00:00+00:00,0.30221306138442083,0.366,0.3795,0.37312408,0.37275,80843.07,BTC-25DEC26,0.4303,-0.88153,88.13867,55.6,0.0,0.013500000000000012,BTC,79789.18,0.0
2026-09-05T22:48:01.094055+00:00,BTC-26MAR27-52000-P,81760.67,BTC-26MAR27,put,52000.0,2027-03-26T08:00:00+00:00,0.5513574830134421,0.013,0.0145,0.01345979,0.01375,81760.67,BTC-26MAR27,0.478,-0.07322,84.41844,123.8,0.0,0.0015000000000000013,BTC,79789.18,0.0
2026-09-05T22:48:01.094055+00:00,BTC-27NOV26-87000-P,80524.5,BTC-27NOV26,put,87000.0,2026-11-27T08:00:00+00:00,0.22555323934472205,0.1175,0.129,0.12381023,0.12325,80524.5,BTC-27NOV26,0.3914,-0.62637,144.91948,3.7,0.0,0.01150000000000001,BTC,79789.27,0.0
2026-09-05T22:48:01.094055+00:00,BTC-30OCT26-89000-C,80203.36,BTC-30OCT26,call,89000.0,2026-10-30T08:00:00+00:00,0.1488934173050232,0.022,0.023,0.02266445,0.0225,80203.36,BTC-30OCT26,0.38770000000000004,0.26764,101.92739,76.3,0.1,0.0010000000000000009,BTC,79789.27,171.04
2026-09-05T22:48:01.094055+00:00,BTC-30OCT26-61000-P,80203.36,BTC-30OCT26,put,61000.0,2026-10-30T08:00:00+00:00,0.1488934173050232,0.0041,0.0047,0.0043748,0.0044,80203.36,BTC-30OCT26,0.46630000000000005,-0.05356,33.72959,261.4,0.0,0.0005999999999999998,BTC,79789.27,0.0
2026-09-05T22:48:01.094055+00:00,BTC-25JUN27-60000-P,82700.6,BTC-25JUN27,put,60000.0,2027-06-25T08:00:00+00:00,0.8005019046424633,0.0405,0.042,0.04088163,0.04125,82700.6,BTC-25JUN27,0.4495,-0.15889,179.30853,196.2,0.1,0.0015000000000000013,BTC,79789.27,312.52
2026-09-05T22:48:01.094055+00:00,BTC-25DEC26-125000-P,80843.03,BTC-25DEC26,put,125000.0,2026-12-25T08:00:00+00:00,0.30221306138442083,0.5415,0.559,0.5521646,0.55025,80843.03,BTC-25DEC26,0.46869999999999995,-0.94076,52.4403,9.1,0.0,0.01750000000000007,BTC,79789.27,0.0
2026-09-05T22:48:01.094055+00:00,BTC-11SEP26-71000-C,79766.26,BTC-11SEP26,call,71000.0,2026-09-11T08:00:00+00:00,0.014738728735550231,0.108,0.1125,0.11027579,0.11025,79766.26,BTC-11SEP26,0.4637,0.98211,4.26628,26.0,0.0,0.004500000000000004,BTC,79789.27,0.0
2026-09-05T22:48:01.094055+00:00,BTC-27NOV26-58000-C,80524.5,BTC-27NOV26,call,58000.0,2026-11-27T08:00:00+00:00,0.22555323934472205,0.283,0.2895,0.28595128,0.28625,80524.5,BTC-27NOV26,0.4755,0.94108,44.93599,0.0,0.0,0.006500000000000006,BTC,79789.34,0.0
2026-09-05T22:48:01.094055+00:00,BTC-11SEP26-80000-C,79766.31,BTC-11SEP26,call,80000.0,2026-09-11T08:00:00+00:00,0.014738728735550231,0.015,0.016,0.01545443,0.0155,79766.31,BTC-11SEP26,0.3479,0.48235,38.60984,673.6,122.3,0.0010000000000000009,BTC,79789.34,139702.66
2026-09-05T22:48:01.094055+00:00,BTC-7SEP26-69000-P,79747.72,BTC-7SEP26,put,69000.0,2026-09-07T08:00:00+00:00,0.003787325587021827,,0.0001,9.4e-07,,79747.72,BTC-7SEP26,0.6355,-0.0001,0.01897,0.6,0.0,,BTC,79789.34,0.0
2026-09-05T22:48:01.094055+00:00,BTC-18SEP26-86000-C,79823.61,BTC-18SEP26,call,86000.0,2026-09-18T08:00:00+00:00,0.03390368424547494,0.006,0.007,0.00644252,0.0065,79823.61,BTC-18SEP26,0.4046,0.16845,36.99176,351.4,14.3,0.001,BTC,79789.34,6110.85
2026-09-05T22:48:01.094055+00:00,BTC-26MAR27-110000-P,81760.67,BTC-26MAR27,put,110000.0,2027-03-26T08:00:00+00:00,0.5513574830134421,0.368,0.3855,0.37824675,0.37675,81760.67,BTC-26MAR27,0.4201,-0.78654,176.73373,4.1,0.0,0.017500000000000016,BTC,79789.34,0.0
2026-09-05T22:48:01.094055+00:00,BTC-26MAR27-52000-C,81760.67,BTC-26MAR27,call,52000.0,2027-03-26T08:00:00+00:00,0.5513574830134421,0.3735,0.3805,0.37745289,0.377,81760.67,BTC-26MAR27,0.478,0.92678,84.41801,5.3,0.0,0.007000000000000006,BTC,79789.34,0.0
2026-09-05T22:48:01.094055+00:00,BTC-25SEP26-90000-P,79865.08,BTC-25SEP26,put,90000.0,2026-09-25T08:00:00+00:00,0.05306863975539965,0.129,0.1355,0.13207267,0.13225,79865.08,BTC-25SEP26,0.4158,-0.88438,35.86409,579.9,0.0,0.006500000000000006,BTC,79789.34,0.0
2026-09-05T22:48:01.094055+00:00,BTC-25JUN27-50000-P,82700.52,BTC-25JUN27,put,50000.0,2027-06-25T08:00:00+00:00,0.8005019046424633,0.019,0.021,0.01991179,0.02,82700.52,BTC-25JUN27,0.4825,-0.08359,113.75949,402.1,0.0,0.0020000000000000018,BTC,79789.41,0.0
2026-09-05T22:48:01.094055+00:00,BTC-25SEP26-320000-P,79865.08,BTC-25SEP26,put,320000.0,2026-09-25T08:00:00+00:00,0.05306863975539965,2.9875,3.0175,3.00674502,3.0025,79865.08,BTC-25SEP26,1.4015,-0.99998,0.01418,25.1,0.0,0.03000000000000025,BTC,79789.41,0.0
2026-09-05T22:48:01.094055+00:00,BTC-30OCT26-105000-P,80203.36,BTC-30OCT26,put,105000.0,2026-10-30T08:00:00+00:00,0.1488934173050232,0.3075,0.3175,0.31424323,0.3125,80203.36,BTC-30OCT26,0.4482,-0.92916,41.95582,0.0,0.0,0.010000000000000009,BTC,79789.41,0.0
2026-09-05T22:48:01.094055+00:00,BTC-26MAR27-68000-C,81760.67,BTC-26MAR27,call,68000.0,2027-03-26T08:00:00+00:00,0.5513574830134421,0.2135,0.221,0.21683686,0.21725,81760.67,BTC-26MAR27,0.42060000000000003,0.77233,183.38079,196.5,0.0,0.007500000000000007,BTC,79789.41,0.0
2026-09-05T22:48:01.094055+00:00,BTC-6SEP26-77000-P,79741.43,BTC-6SEP26,put,77000.0,2026-09-06T08:00:00+00:00,0.0010494747998897253,,0.0001,5.6e-07,,79741.43,BTC-6SEP26,0.30760000000000004,-0.0002,0.01974,92.3,20.8,,BTC,79789.41,165.47
2026-09-05T22:48:01.094055+00:00,BTC-25DEC26-52000-P,80843.03,BTC-25DEC26,put,52000.0,2026-12-25T08:00:00+00:00,0.30221306138442083,0.005,0.006,0.00550189,0.0055,80843.03,BTC-25DEC26,0.5095000000000001,-0.04313,40.72874,542.5,0.0,0.001,BTC,79789.41,0.0
2026-09-05T22:48:01.094055+00:00,BTC-25SEP26-94000-C,79865.08,BTC-25SEP26,call,94000.0,2026-09-25T08:00:00+00:00,0.05306863975539965,0.0026,0.0029,0.0026933,0.00275,79865.08,BTC-25SEP26,0.4465,0.06292,22.75638,876.5,1.0,0.0002999999999999999,BTC,79789.41,231.9
2026-09-05T22:48:01.094055+00:00,BTC-30OCT26-83000-P,80203.36,BTC-30OCT26,put,83000.0,2026-10-30T08:00:00+00:00,0.1488934173050232,0.073,0.0825,0.07797821,0.07775,80203.36,BTC-30OCT26,0.3764,-0.56447,121.90755,103.9,10.8,0.009500000000000008,BTC,79789.41,67659.18
2026-09-05T22:48:01.094055+00:00,BTC-25DEC26-96000-C,80843.03,BTC-25DEC26,call,96000.0,2026-12-25T08:00:00+00:00,0.30221306138442083,0.0295,0.031,0.03019204,0.03025,80843.03,BTC-25DEC26,0.4029,0.25332,142.27763,1494.7,0.9,0.0015000000000000013,BTC,79789.41,2152.78
2026-09-05T22:48:01.094055+00:00,BTC-18SEP26-74000-P,79823.7,BTC-18SEP26,put,74000.0,2026-09-18T08:00:00+00:00,0.03390368424547494,0.0046,0.005,0.00489883,0.0048,79823.7,BTC-18SEP26,0.38280000000000003,-0.13317,31.62767,189.0,11.0,0.0004000000000000002,BTC,79789.41,4036.45
2026-09-05T22:48:01.094055+00:00,BTC-27NOV26-69000-P,80524.56,BTC-27NOV26,put,69000.0,2026-11-27T08:00:00+00:00,0.22555323934472205,0.021,0.0225,0.02172025,0.02175,80524.56,BTC-27NOV26,0.40869999999999995,-0.18585,102.42365,24.7,0.1,0.0014999999999999979,BTC,79789.41,167.33
2026-09-05T22:48:01.094055+00:00,BTC-11SEP26-70000-C,79766.31,BTC-11SEP26,call,70000.0,2026-09-11T08:00:00+00:00,0.014738728735550231,0.1205,0.1255,0.12272809,0.123,79766.31,BTC-11SEP26,0.4936,0.98652,3.34639,286.9,0.0,0.0050000000000000044,BTC,79789.41,0.0
2026-09-05T22:48:01.094055+00:00,BTC-6SEP26-78500-P,79741.43,BTC-6SEP26,put,78500.0,2026-09-06T08:00:00+00:00,0.0010494747998897253,0.0001,0.0003,0.00017828,0.0002,79741.43,BTC-6SEP26,0.28809999999999997,-0.0444,2.41915,46.2,28.3,0.00019999999999999998,BTC,79789.41,778.2
2026-09-05T22:48:01.094055+00:00,BTC-7SEP26-78500-C,79747.72,BTC-7SEP26,call,78500.0,2026-09-07T08:00:00+00:00,0.003787325587021827,0.0145,0.0205,0.01675001,0.0175,79747.72,BTC-7SEP26,0.24230000000000002,0.85899,10.97708,1.5,0.0,0.006,BTC,79789.41,0.0
2026-09-05T22:48:01.094055+00:00,BTC-25JUN27-170000-C,82700.6,BTC-25JUN27,call,170000.0,2027-06-25T08:00:00+00:00,0.8005019046424633,0.012,0.0135,0.01271715,0.01275,82700.6,BTC-25JUN27,0.48810000000000003,0.07629,106.16948,91.9,0.0,0.0014999999999999996,BTC,79789.41,0.0
2026-09-05T22:48:01.094055+00:00,BTC-25DEC26-68000-C,80843.03,BTC-25DEC26,call,68000.0,2026-12-25T08:00:00+00:00,0.30221306138442083,0.182,0.191,0.18563781,0.1865,80843.03,BTC-25DEC26,0.41369999999999996,0.80915,120.98732,1033.6,0.0,0.009000000000000008,BTC,79789.41,0.0
2026-09-05T22:48:01.094055+00:00,BTC-27NOV26-102000-C,80524.56,BTC-27NOV26,call,102000.0,2026-11-27T08:00:00+00:00,0.22555323934472205,0.0125,0.0135,0.01297685,0.013,80524.56,BTC-27NOV26,0.4202,0.13931,84.87514,93.4,0.8,0.0009999999999999992,BTC,79789.5,825.77
2026-09-05T22:48:01.094055+00:00,BTC-25JUN27-40000-C,82700.6,BTC-25JUN27,call,40000.0,2027-06-25T08:00:00+00:00,0.8005019046424633,0.525,0.527,0.52595664,0.526,82700.6,BTC-25JUN27,0.5407,0.9593,64.69385,17.1,0.0,0.0020000000000000018,BTC,79789.5,0.0
2026-09-05T22:48:01.094055+00:00,BTC-27NOV26-100000-P,80524.5,BTC-27NOV26,put,100000.0,2026-11-27T08:00:00+00:00,0.22555323934472205,0.251,0.2625,0.25734816,0.25675,80524.5,BTC-27NOV26,0.41869999999999996,-0.83861,93.62547,0.0,0.0,0.01150000000000001,BTC,79789.5,0.0
2026-09-05T22:48:01.094055+00:00,BTC-25SEP26-94000-P,79865.12,BTC-25SEP26,put,94000.0,2026-09-25T08:00:00+00:00,0.05306863975539965,0.1765,0.1825,0.17967431,0.1795,79865.12,BTC-25SEP26,0.4465,-0.93707,22.75724,1.9,0.0,0.006000000000000005,BTC,79789.5,0.0
2026-09-05T22:48:01.094055+00:00,BTC-26MAR27-100000-C,81760.67,BTC-26MAR27,call,100000.0,2027-03-26T08:00:00+00:00,0.5513574830134421,0.0505,0.052,0.05108281,0.05125,81760.67,BTC-26MAR27,0.4102,0.30571,212.97365,669.1,0.0,0.0014999999999999944,BTC,79789.5,0.0
2026-09-05T22:48:01.094055+00:00,BTC-26MAR27-68000-P,81760.67,BTC-26MAR27,put,68000.0,2027-03-26T08:00:00+00:00,0.5513574830134421,0.0475,0.0495,0.04853818,0.0485,81760.67,BTC-26MAR27,0.42060000000000003,-0.22767,183.37984,290.8,0.0,0.0020000000000000018,BTC,79789.5,0.0
2026-09-05T22:48:01.094055+00:00,BTC-9SEP26-84000-P,79758.69,BTC-9SEP26,put,84000.0,2026-09-09T08:00:00+00:00,0.00926302716128603,0.0505,0.0575,0.05458079,0.054,79758.69,BTC-9SEP26,0.38539999999999996,-0.91485,11.96407,0.0,0.0,0.006999999999999999,BTC,79791.82,0.0
2026-09-05T22:48:01.094055+00:00,BTC-27NOV26-87000-C,80524.56,BTC-27NOV26,call,87000.0,2026-11-27T08:00:00+00:00,0.22555323934472205,0.0425,0.044,0.04339506,0.04325,80524.56,BTC-27NOV26,0.3914,0.37365,144.92359,9.8,0.0,0.0014999999999999944,BTC,79791.82,0.0
2026-09-05T22:48:01.094055+00:00,BTC-7SEP26-86000-P,79747.72,BTC-7SEP26,put,86000.0,2026-09-07T08:00:00+00:00,0.003787325587021827,0.075,0.081,0.07841204,0.078,79747.72,BTC-7SEP26,0.4131,-0.99841,0.25222,0.0,0.0,0.006000000000000005,BTC,79791.82,0.0
2026-09-05T22:48:01.094055+00:00,BTC-8SEP26-82000-C,79753.99,BTC-8SEP26,call,82000.0,2026-09-08T08:00:00+00:00,0.006525176374153928,0.0018,0.0022,0.00194936,0.002,79753.99,BTC-8SEP26,0.3231,0.14831,14.91088,301.9,1.9,0.0004000000000000002,BTC,79791.82,326.85
2026-09-05T22:48:01.094055+00:00,BTC-8SEP26-74000-P,79753.99,BTC-8SEP26,put,74000.0,2026-09-08T08:00:00+00:00,0.006525176374153928,0.0002,0.0004,0.00029094,0.0003,79753.99,BTC-8SEP26,0.4596,-0.02058,3.19646,1.8,1.7,0.0002,BTC,79791.82,34.25
2026-09-05T22:48:01.094055+00:00,BTC-25JUN27-52000-P,82700.6,BTC-25JUN27,put,52000.0,2027-06-25T08:00:00+00:00,0.8005019046424633,0.022,0.024,0.02292177,0.023,82700.6,BTC-25JUN27,0.4733,-0.09552,125.63408,40.4,0.1,0.0020000000000000018,BTC,79792.74,179.28
2026-09-05T22:48:01.094055+00:00,BTC-25SEP26-78000-P,79865.08,BTC-25SEP26,put,78000.0,2026-09-25T08:00:00+00:00,0.05306863975539965,0.022,0.023,0.02258449,0.0225,79865.08,BTC-25SEP26,0.3628,-0.37193,69.61687,2701.8,35.0,0.0010000000000000009,BTC,79791.82,61997.24
2026-09-05T22:48:01.094055+00:00,BTC-11SEP26-85000-C,79766.31,BTC-11SEP26,call,85000.0,2026-09-11T08:00:00+00:00,0.014738728735550231,0.0022,0.0025,0.00229879,0.00235,79766.31,BTC-11SEP26,0.40259999999999996,0.10203,17.25286,723.1,0.1,0.0002999999999999999,BTC,79792.74,17.6
2026-09-05T22:48:01.094055+00:00,BTC-7SEP26-80500-P,79747.67,BTC-7SEP26,put,80500.0,2026-09-07T08:00:00+00:00,0.003787325587021827,0.0095,0.0135,0.01216678,0.0115,79747.67,BTC-7SEP26,0.2581,-0.71556,16.64724,25.7,2.4,0.004,BTC,79792.74,2488.0
2026-09-05T22:48:01.094055+00:00,BTC-27NOV26-77000-P,80524.5,BTC-27NOV26,put,77000.0,2026-11-27T08:00:00+00:00,0.22555323934472205,0.052,0.053,0.05243107,0.0525,80524.5,BTC-27NOV26,0.39020000000000005,-0.36871,144.30814,28.5,0.2,0.0010000000000000009,BTC,79792.74,828.67
2026-09-05T22:48:01.094055+00:00,BTC-6SEP26-74500-C,79741.44,BTC-6SEP26,call,74500.0,2026-09-06T08:00:00+00:00,0.0010494747998897253,0.0635,0.0685,0.06571802,0.066,79741.44,BTC-6SEP26,0.4305,1.0,6e-05,0.0,0.0,0.0050000000000000044,BTC,79792.95,0.0
2026-09-05T22:48:01.094055+00:00,BTC-27NOV26-77000-C,80524.56,BTC-27NOV26,call,77000.0,2026-11-27T08:00:00+00:00,0.22555323934472205,0.0935,0.099,0.09620155,0.09625,80524.56,BTC-27NOV26,0.39020000000000005,0.63129,144.30812,3.0,0.0,0.005500000000000005,BTC,79792.95,0.0
2026-09-05T22:48:01.094055+00:00,BTC-25SEP26-87000-C,79865.08,BTC-25SEP26,call,87000.0,2026-09-25T08:00:00+00:00,0.05306863975539965,0.0085,0.0095,0.00893587,0.009,79865.08,BTC-25SEP26,0.39630000000000004,0.18707,49.47456,8.4,0.0,0.0009999999999999992,BTC,79792.74,0.0
2026-09-05T22:48:01.094055+00:00,BTC-6SEP26-78500-C,79741.44,BTC-6SEP26,call,78500.0,2026-09-06T08:00:00+00:00,0.0010494747998897253,0.0135,0.0195,0.01573351,0.0165,79741.44,BTC-6SEP26,0.28809999999999997,0.95607,2.39876,0.8,0.0,0.006,BTC,79792.95,0.0
2026-09-05T22:48:01.094055+00:00,BTC-26MAR27-125000-P,81760.67,BTC-26MAR27,put,125000.0,2027-03-26T08:00:00+00:00,0.5513574830134421,0.5345,0.5585,0.54718616,0.5465,81760.67,BTC-26MAR27,0.4403,-0.87164,127.37204,0.1,0.0,0.02400000000000002,BTC,79792.95,0.0
2026-09-05T22:48:01.094055+00:00,BTC-26MAR27-115000-C,81760.67,BTC-26MAR27,call,115000.0,2027-03-26T08:00:00+00:00,0.5513574830134421,0.0255,0.0275,0.02666634,0.0265,81760.67,BTC-26MAR27,0.426,0.17883,158.73406,808.0,0.0,0.0020000000000000018,BTC,79792.95,0.0
2026-09-05T22:48:01.094055+00:00,BTC-26MAR27-86000-C,81760.67,BTC-26MAR27,call,86000.0,2027-03-26T08:00:00+00:00,0.5513574830134421,0.097,0.0995,0.09815177,0.09825,81760.67,BTC-26MAR27,0.40399999999999997,0.49291,242.28542,141.7,0.0,0.0025000000000000022,BTC,79792.95,0.0
2026-09-05T22:48:01.094055+00:00,BTC-11SEP26-95000-C,79766.26,BTC-11SEP26,call,95000.0,2026-09-11T08:00:00+00:00,0.014738728735550231,0.0001,0.0002,0.00016196,0.00015,79766.26,BTC-11SEP26,0.5795,0.00725,1.94809,615.8,2.6,0.0001,BTC,79792.95,24.72
2026-09-05T22:48:01.094055+00:00,BTC-27NOV26-62000-C,80524.56,BTC-27NOV26,call,62000.0,2026-11-27T08:00:00+00:00,0.22555323934472205,0.2365,0.2435,0.2395707,0.24,80524.56,BTC-27NOV26,0.44380000000000003,0.91094,61.65644,0.0,0.0,0.007000000000000006,BTC,79793.17,0.0
2026-09-05T22:48:01.094055+00:00,BTC-11SEP26-67000-C,79766.26,BTC-11SEP26,call,67000.0,2026-09-11T08:00:00+00:00,0.014738728735550231,0.158,0.1625,0.1601434,0.16025,79766.26,BTC-11SEP26,0.5569,0.99555,1.2614,0.2,0.0,0.004500000000000004,BTC,79793.17,0.0
2026-09-05T22:48:01.094055+00:00,BTC-27NOV26-80000-P,80524.5,BTC-27NOV26,put,80000.0,2026-11-27T08:00:00+00:00,0.22555323934472205,0.069,0.071,0.06999998,0.07,80524.5,BTC-27NOV26,0.3881,-0.44874,151.39091,51.6,0.0,0.001999999999999988,BTC,79793.17,0.0
2026-09-05T22:48:01.094055+00:00,BTC-25JUN27-80000-P,82700.6,BTC-25JUN27,put,80000.0,2027-06-25T08:00:00+00:00,0.8005019046424633,0.1285,0.1325,0.13018043,0.1305,82700.6,BTC-25JUN27,0.4179,-0.39111,284.28331,44.1,0.0,0.0040000000000000036,BTC,79793.17,0.0
2026-09-05T22:48:01.094055+00:00,BTC-25DEC26-55000-P,80843.03,BTC-25DEC26,put,55000.0,2026-12-25T08:00:00+00:00,0.30221306138442083,0.007,0.008,0.00750757,0.0075,80843.03,BTC-25DEC26,0.4888,-0.05843,51.87408,2657.5,0.0,0.001,BTC,79793.17,0.0
2026-09-05T22:48:01.094055+00:00,BTC-25SEP26-98000-C,79865.12,BTC-25SEP26,call,98000.0,2026-09-25T08:00:00+00:00,0.05306863975539965,0.0014,0.0017,0.00158153,0.00155,79865.12,BTC-25SEP26,0.48229999999999995,0.03718,14.94592,1127.3,2.2,0.0002999999999999999,BTC,79793.17,260.81
2026-09-05T22:48:01.094055+00:00,BTC-6SEP26-75500-C,79741.44,BTC-6SEP26,call,75500.0,2026-09-06T08:00:00+00:00,0.0010494747998897253,0.051,0.056,0.05317733,0.0535,79741.44,BTC-6SEP26,0.36590000000000006,1.0,0.00021,0.0,0.0,0.0050000000000000044,BTC,79793.17,0.0
2026-09-05T22:48:01.094055+00:00,BTC-25JUN27-30000-P,82700.52,BTC-25JUN27,put,30000.0,2027-06-25T08:00:00+00:00,0.8005019046424633,0.0037,0.0049,0.00423022,0.0043,82700.52,BTC-25JUN27,0.6175999999999999,-0.0174,31.83989,332.0,0.5,0.0011999999999999997,BTC,79793.17,186.53
2026-09-05T22:48:01.094055+00:00,BTC-25SEP26-100000-P,79865.12,BTC-25SEP26,put,100000.0,2026-09-25T08:00:00+00:00,0.05306863975539965,0.25,0.257,0.25334277,0.2535,79865.12,BTC-25SEP26,0.49939999999999996,-0.9709,12.21122,336.1,0.0,0.007000000000000006,BTC,79793.17,0.0
2026-09-05T22:48:01.094055+00:00,BTC-27NOV26-72000-C,80524.5,BTC-27NOV26,call,72000.0,2026-11-27T08:00:00+00:00,0.22555323934472205,0.132,0.1415,0.13654164,0.13675,80524.5,BTC-27NOV26,0.3993,0.75358,120.66297,0.0,0.0,0.00949999999999998,BTC,79793.17,0.0
2026-09-05T22:48:01.094055+00:00,BTC-30OCT26-102000-C,80203.36,BTC-30OCT26,call,102000.0,2026-10-30T08:00:00+00:00,0.1488934173050232,0.006,0.007,0.00646648,0.0065,80203.36,BTC-30OCT26,0.43520000000000003,0.08919,49.94826,198.3,0.0,0.001,BTC,79793.17,0.0
2026-09-05T22:48:01.094055+00:00,BTC-8SEP26-83500-C,79753.99,BTC-8SEP26,call,83500.0,2026-09-08T08:00:00+00:00,0.006525176374153928,0.0008,0.001,0.00080886,0.0009,79753.99,BTC-8SEP26,0.36829999999999996,0.06462,8.1332,2.3,2.1,0.00019999999999999998,BTC,79793.93,70.92
2026-09-05T22:48:01.094055+00:00,BTC-8SEP26-86000-P,79753.99,BTC-8SEP26,put,86000.0,2026-09-08T08:00:00+00:00,0.006525176374153928,0.076,0.0815,0.07860808,0.07875,79753.99,BTC-8SEP26,0.4539,-0.97882,3.27525,0.0,0.0,0.005500000000000005,BTC,79793.93,0.0
2026-09-05T22:48:01.094055+00:00,BTC-6SEP26-89000-P,79741.44,BTC-6SEP26,put,89000.0,2026-09-06T08:00:00+00:00,0.0010494747998897253,0.113,0.119,0.1161221,0.116,79741.44,BTC-6SEP26,0.5972999999999999,-1.0,0.0,0.0,0.0,0.0059999999999999915,BTC,79793.93,0.0
2026-09-05T22:48:01.094055+00:00,BTC-27NOV26-83000-P,80524.5,BTC-27NOV26,put,83000.0,2026-11-27T08:00:00+00:00,0.22555323934472205,0.087,0.0945,0.09098345,0.09075,80524.5,BTC-27NOV26,0.3883,-0.52817,152.27374,43.3,0.8,0.007500000000000007,BTC,79793.93,5803.21
2026-09-05T22:48:01.094055+00:00,BTC-27NOV26-79000-C,80524.5,BTC-27NOV26,call,79000.0,2026-11-27T08:00:00+00:00,0.22555323934472205,0.082,0.084,0.08272899,0.083,80524.5,BTC-27NOV26,0.3887,0.57813,149.71768,50.1,0.0,0.0020000000000000018,BTC,79793.93,0.0
2026-09-05T22:48:01.094055+00:00,BTC-25SEP26-102000-C,79865.08,BTC-25SEP26,call,102000.0,2026-09-25T08:00:00+00:00,0.05306863975539965,0.0009,0.0011,0.00096788,0.001,79865.08,BTC-25SEP26,0.5154,0.02276,9.9436,199.1,1.0,0.0002000000000000001,BTC,79793.93,71.78
2026-09-05T22:48:01.094055+00:00,BTC-7SEP26-85000-P,79747.67,BTC-7SEP26,put,85000.0,2026-09-07T08:00:00+00:00,0.003787325587021827,0.063,0.0685,0.06590462,0.06575,79747.67,BTC-7SEP26,0.4054,-0.99438,0.78743,0.0,0.0,0.005500000000000005,BTC,79793.93,0.0
2026-09-05T22:48:01.094055+00:00,BTC-26MAR27-102000-C,81760.67,BTC-26MAR27,call,102000.0,2027-03-26T08:00:00+00:00,0.5513574830134421,0.0455,0.0475,0.04657489,0.0465,81760.67,BTC-26MAR27,0.41159999999999997,0.28433,205.9872,127.5,0.0,0.0020000000000000018,BTC,79793.93,0.0
2026-09-05T22:48:01.094055+00:00,BTC-25DEC26-78000-P,80843.07,BTC-25DEC26,put,78000.0,2026-12-25T08:00:00+00:00,0.30221306138442083,0.0675,0.069,0.06830841,0.06825,80843.07,BTC-25DEC26,0.39390000000000003,-0.39191,170.83755,1405.4,0.0,0.0015000000000000013,BTC,79795.96,0.0
2026-09-05T22:48:01.094055+00:00,BTC-25JUN27-76000-P,82700.52,BTC-25JUN27,put,76000.0,2027-06-25T08:00:00+00:00,0.8005019046424633,0.105,0.108,0.10632271,0.1065,82700.52,BTC-25JUN27,0.4207,-0.3397,271.1818,74.5,0.0,0.0030000000000000027,BTC,79795.96,0.0
2026-09-05T22:48:01.094055+00:00,BTC-11SEP26-79000-C,79766.31,BTC-11SEP26,call,79000.0,2026-09-11T08:00:00+00:00,0.014738728735550231,0.021,0.0225,0.02177986,0.02175,79766.31,BTC-11SEP26,0.3429,0.60186,37.38345,276.7,0.6,0.0014999999999999979,BTC,79795.96,1104.34
2026-09-05T22:48:01.094055+00:00,BTC-25SEP26-80000-C,79865.08,BTC-25SEP26,call,80000.0,2026-09-25T08:00:00+00:00,0.05306863975539965,0.032,0.0335,0.03260194,0.03275,79865.08,BTC-25SEP26,0.3635,0.50981,73.41623,6926.1,6.9,0.0015000000000000013,BTC,79795.96,17655.17
2026-09-05T22:48:01.094055+00:00,BTC-27NOV26-81000-C,80524.5,BTC-27NOV26,call,81000.0,2026-11-27T08:00:00+00:00,0.22555323934472205,0.07,0.072,0.07076567,0.071,80524.5,BTC-27NOV26,0.3882,0.52463,152.36815,112.0,1.0,0.001999999999999988,BTC,79796.42,5535.88
2026-09-05T22:48:01.094055+00:00,BTC-25JUN27-78000-C,82700.6,BTC-25JUN27,call,78000.0,2027-06-25T08:00:00+00:00,0.8005019046424633,0.174,0.177,0.17463915,0.1755,82700.6,BTC-25JUN27,0.419,0.63467,278.37304,52.2,0.0,0.0030000000000000027,BTC,79796.42,0.0
2026-09-05T22:48:01.094055+00:00,BTC-27NOV26-96000-P,80524.5,BTC-27NOV26,put,96000.0,2026-11-27T08:00:00+00:00,0.22555323934472205,0.2075,0.218,0.21296938,0.21275,80524.5,BTC-27NOV26,0.40700000000000003,-0.79141,109.84607,0.0,0.0,0.01050000000000001,BTC,79796.42,0.0
2026-09-05T22:48:01.094055+00:00,BTC-25JUN27-62000-C,82700.52,BTC-25JUN27,call,62000.0,2027-06-25T08:00:00+00:00,0.8005019046424633,0.2925,0.3,0.29649611,0.29625,82700.52,BTC-25JUN27,0.44229999999999997,0.82284,192.33615,117.0,0.0,0.007500000000000007,BTC,79796.42,0.0
2026-09-05T22:48:01.094055+00:00,BTC-25SEP26-92000-P,79865.08,BTC-25SEP26,put,92000.0,2026-09-25T08:00:00+00:00,0.05306863975539965,0.151,0.159,0.15561547,0.155,79865.08,BTC-25SEP26,0.4303,-0.91536,28.55482,7.7,0.0,0.008000000000000007,BTC,79796.42,0.0
2026-09-05T22:48:01.094055+00:00,BTC-27NOV26-104000-P,80524.56,BTC-27NOV26,put,104000.0,2026-11-27T08:00:00+00:00,0.22555323934472205,0.2965,0.308,0.302992,0.30225,80524.56,BTC-27NOV26,0.42810000000000004,-0.87589,78.3797,0.0,0.0,0.01150000000000001,BTC,79796.55,0.0
2026-09-05T22:48:01.094055+00:00,BTC-26MAR27-58000-C,81760.67,BTC-26MAR27,call,58000.0,2027-03-26T08:00:00+00:00,0.5513574830134421,0.3085,0.3195,0.31286815,0.314,81760.67,BTC-26MAR27,0.45130000000000003,0.88354,118.96323,4.3,0.0,0.01100000000000001,BTC,79796.42,0.0
2026-09-05T22:48:01.094055+00:00,BTC-6SEP26-74000-C,79741.44,BTC-6SEP26,call,74000.0,2026-09-06T08:00:00+00:00,0.0010494747998897253,0.07,0.0745,0.07198837,0.07225,79741.44,BTC-6SEP26,0.46259999999999996,1.0,3e-05,0.0,0.0,0.00449999999999999,BTC,79796.55,0.0
2026-09-05T22:48:01.094055+00:00,BTC-26MAR27-94000-C,81760.67,BTC-26MAR27,call,94000.0,2027-03-26T08:00:00+00:00,0.5513574830134421,0.0665,0.0685,0.0674357,0.0675,81760.67,BTC-26MAR27,0.40619999999999995,0.378,230.91169,166.3,0.0,0.0020000000000000018,BTC,79796.42,0.0
2026-09-05T22:48:01.094055+00:00,BTC-26MAR27-72000-C,81760.67,BTC-26MAR27,call,72000.0,2027-03-26T08:00:00+00:00,0.5513574830134421,0.1805,0.188,0.18372279,0.18425,81760.67,BTC-26MAR27,0.4122,0.71535,206.10518,95.2,0.0,0.007500000000000007,BTC,79796.55,0.0
2026-09-05T22:48:01.094055+00:00,BTC-6SEP26-74500-P,79741.44,BTC-6SEP26,put,74500.0,2026-09-06T08:00:00+00:00,0.0010494747998897253,,0.0001,0.0,,79741.44,BTC-6SEP26,0.4305,0.0,6e-05,21.9,10.0,,BTC,79796.55,79.73
2026-09-05T22:48:01.094055+00:00,BTC-25JUN27-50000-C,82700.52,BTC-25JUN27,call,50000.0,2027-06-25T08:00:00+00:00,0.8005019046424633,0.411,0.418,0.41531015,0.4145,82700.52,BTC-25JUN27,0.4825,0.91644,113.74029,17.5,0.0,0.007000000000000006,BTC,79796.55,0.0
2026-09-05T22:48:01.094055+00:00,BTC-25DEC26-55000-C,80843.03,BTC-25DEC26,call,55000.0,2026-12-25T08:00:00+00:00,0.30221306138442083,0.324,0.3315,0.32717715,0.32775,80843.03,BTC-25DEC26,0.4888,0.94159,51.86446,44.9,0.0,0.007500000000000007,BTC,79796.55,0.0
2026-09-05T22:48:01.094055+00:00,BTC-7SEP26-90000-C,79747.67,BTC-7SEP26,call,90000.0,2026-09-07T08:00:00+00:00,0.003787325587021827,,0.0001,7.1e-07,,79747.67,BTC-7SEP26,0.5233,0.0001,0.01852,0.3,0.0,,BTC,79796.55,0.0
2026-09-05T22:48:01.094055+00:00,BTC-25SEP26-52000-C,79865.12,BTC-25SEP26,call,52000.0,2026-09-25T08:00:00+00:00,0.05306863975539965,0.347,0.351,0.3490836,0.349,79865.12,BTC-25SEP26,0.7101000000000001,0.99659,1.88769,150.2,0.0,0.0040000000000000036,BTC,79796.55,0.0
2026-09-05T22:48:01.094055+00:00,BTC-6SEP26-78000-C,79741.44,BTC-6SEP26,call,78000.0,2026-09-06T08:00:00+00:00,0.0010494747998897253,0.0195,0.025,0.02186647,0.02225,79741.44,BTC-6SEP26,0.3025,0.98898,0.74868,10.5,1.1,0.005500000000000001,BTC,79796.88,1909.09
2026-09-05T22:48:01.094055+00:00,BTC-25DEC26-240000-C,80843.03,BTC-25DEC26,call,240000.0,2026-12-25T08:00:00+00:00,0.30221306138442083,0.0002,0.0005,0.00031981,0.00035,80843.03,BTC-25DEC26,0.6776000000000001,0.00314,4.23624,785.2,0.0,0.00030000000000000003,BTC,79796.88,0.0
2026-09-05T22:48:01.094055+00:00,BTC-7SEP26-76500-C,79747.67,BTC-7SEP26,call,76500.0,2026-09-07T08:00:00+00:00,0.003787325587021827,0.0385,0.0445,0.04099624,0.0415,79747.67,BTC-7SEP26,0.3638,0.96964,3.37283,0.0,0.0,0.005999999999999998,BTC,79796.88,0.0
2026-09-05T22:48:01.094055+00:00,BTC-11SEP26-86000-C,79766.26,BTC-11SEP26,call,86000.0,2026-09-11T08:00:00+00:00,0.014738728735550231,0.0016,0.0018,0.00162126,0.0017,79766.26,BTC-11SEP26,0.4188,0.07386,13.55506,1505.2,2.6,0.00019999999999999987,BTC,79796.88,208.63
2026-09-05T22:48:01.094055+00:00,BTC-6SEP26-69000-P,79741.44,BTC-6SEP26,put,69000.0,2026-09-06T08:00:00+00:00,0.0010494747998897253,,0.0001,0.0,,79741.44,BTC-6SEP26,0.7898999999999999,0.0,0.0,3.3,0.0,,BTC,79796.88,0.0
2026-09-05T22:48:01.094055+00:00,BTC-26MAR27-66000-P,81760.67,BTC-26MAR27,put,66000.0,2027-03-26T08:00:00+00:00,0.5513574830134421,0.0405,0.043,0.04162668,0.04175,81760.67,BTC-26MAR27,0.4244,-0.20116,170.65413,110.2,0.0,0.0024999999999999953,BTC,79796.88,0.0
2026-09-05T22:48:01.094055+00:00,BTC-25DEC26-75000-C,80843.07,BTC-25DEC26,call,75000.0,2026-12-25T08:00:00+00:00,0.30221306138442083,0.1215,0.1275,0.12486713,0.1245,80843.07,BTC-25DEC26,0.3973,0.67486,160.06797,1881.8,0.0,0.006000000000000005,BTC,79796.88,0.0
2026-09-05T22:48:01.094055+00:00,BTC-6SEP26-80500-C,79741.44,BTC-6SEP26,call,80500.0,2026-09-06T08:00:00+00:00,0.0010494747998897253,0.0002,0.0005,0.00037446,0.00035,79741.44,BTC-6SEP26,0.2322,0.11121,4.89006,106.1,26.6,0.00030000000000000003,BTC,79796.88,1252.68
2026-09-05T22:48:01.094055+00:00,BTC-18SEP26-78000-C,79823.7,BTC-18SEP26,call,78000.0,2026-09-18T08:00:00+00:00,0.03390368424547494,0.0385,0.0405,0.03955535,0.0395,79823.7,BTC-18SEP26,0.3661,0.64802,54.58075,97.9,0.0,0.0020000000000000018,BTC,79796.88,0.0
2026-09-05T22:48:01.094055+00:00,BTC-9SEP26-81000-P,79758.65,BTC-9SEP26,put,81000.0,2026-09-09T08:00:00+00:00,0.00926302716128603,0.0195,0.024,0.02201233,0.02175,79758.65,BTC-9SEP26,0.32939999999999997,-0.67804,27.53252,0.0,0.0,0.0045000000000000005,BTC,79796.88,0.0
2026-09-05T22:48:01.094055+00:00,BTC-11SEP26-88000-C,79766.31,BTC-11SEP26,call,88000.0,2026-09-11T08:00:00+00:00,0.014738728735550231,0.0007,0.0009,0.00081024,0.0008,79766.31,BTC-11SEP26,0.4486,0.03834,8.06535,1323.3,8.5,0.00019999999999999998,BTC,79796.88,503.02
2026-09-05T22:48:01.094055+00:00,BTC-25SEP26-77000-P,79865.12,BTC-25SEP26,put,77000.0,2026-09-25T08:00:00+00:00,0.05306863975539965,0.0175,0.0185,0.0180085,0.018,79865.12,BTC-25SEP26,0.3643,-0.31559,65.44553,1094.3,0.7,0.0009999999999999974,BTC,79796.88,958.44
2026-09-05T22:48:01.094055+00:00,BTC-26MAR27-35000-P,81760.67,BTC-26MAR27,put,35000.0,2027-03-26T08:00:00+00:00,0.5513574830134421,0.0028,0.0039,0.00328406,0.00335,81760.67,BTC-26MAR27,0.6049,-0.01731,26.00245,623.5,0.0,0.0010999999999999998,BTC,79796.88,0.0
2026-09-05T22:48:01.094055+00:00,BTC-9SEP26-75000-P,79758.69,BTC-9SEP26,put,75000.0,2026-09-09T08:00:00+00:00,0.00926302716128603,0.0005,0.0008,0.00064445,0.00065,79758.69,BTC-9SEP26,0.3762,-0.04231,6.92587,5.0,5.0,0.00030000000000000003,BTC,79796.88,119.47
2026-09-05T22:48:01.094055+00:00,BTC-7SEP26-80000-P,79747.72,BTC-7SEP26,put,80000.0,2026-09-07T08:00:00+00:00,0.003787325587021827,0.007,0.0085,0.007885,0.00775,79747.72,BTC-7SEP26,0.251,-0.57147,19.26615,74.0,55.9,0.0015000000000000005,BTC,79796.88,26252.7
2026-09-05T22:48:01.094055+00:00,BTC-25JUN27-30000-C,82700.52,BTC-25JUN27,call,30000.0,2027-06-25T08:00:00+00:00,0.8005019046424633,0.6405,0.643,0.64146923,0.64175,82700.52,BTC-25JUN27,0.6175999999999999,0.9826,31.83777,69.5,0.0,0.0025000000000000577,BTC,79796.88,0.0
2026-09-05T22:48:01.094055+00:00,BTC-30OCT26-73000-C,80203.36,BTC-30OCT26,call,73000.0,2026-10-30T08:00:00+00:00,0.1488934173050232,0.1085,0.1175,0.11236943,0.113,80203.36,BTC-30OCT26,0.3845,0.76117,96.00785,634.1,0.0,0.008999999999999994,BTC,79796.88,0.0
2026-09-05T22:48:01.094055+00:00,BTC-30OCT26-81000-P,80203.36,BTC-30OCT26,put,81000.0,2026-10-30T08:00:00+00:00,0.1488934173050232,0.062,0.064,0.06299914,0.063,80203.36,BTC-30OCT26,0.37439999999999996,-0.49776,123.53389,167.0,0.0,0.0020000000000000018,BTC,79796.88,0.0
2026-09-05T22:48:01.094055+00:00,BTC-25SEP26-50000-P,79865.08,BTC-25SEP26,put,50000.0,2026-09-25T08:00:00+00:00,0.05306863975539965,,0.0002,9.379e-05,,79865.08,BTC-25SEP26,0.7211,-0.00185,1.08617,3750.9,0.6,,BTC,79796.88,4.78
2026-09-05T22:48:01.094055+00:00,BTC-6SEP26-82500-P,79741.44,BTC-6SEP26,put,82500.0,2026-09-06T08:00:00+00:00,0.0010494747998897253,0.0315,0.0375,0.03462878,0.0345,79741.44,BTC-6SEP26,0.4075,-0.99465,0.39612,0.0,0.0,0.005999999999999998,BTC,79796.88,0.0
2026-09-05T22:48:01.094055+00:00,BTC-26MAR27-64000-P,81760.67,BTC-26MAR27,put,64000.0,2027-03-26T08:00:00+00:00,0.5513574830134421,0.0345,0.0365,0.03565747,0.0355,81760.67,BTC-26MAR27,0.4296,-0.1767,157.54437,126.0,0.0,0.001999999999999995,BTC,79796.88,0.0
2026-09-05T22:48:01.094055+00:00,BTC-8SEP26-78000-C,79753.99,BTC-8SEP26,call,78000.0,2026-09-08T08:00:00+00:00,0.006525176374153928,0.0215,0.028,0.0241571,0.02475,79753.99,BTC-8SEP26,0.2924,0.83194,16.18818,0.1,0.0,0.006500000000000002,BTC,79797.81,0.0
2026-09-05T22:48:01.094055+00:00,BTC-26MAR27-115000-P,81760.67,BTC-26MAR27,put,115000.0,2027-03-26T08:00:00+00:00,0.5513574830134421,0.422,0.4435,0.43322005,0.43275,81760.67,BTC-26MAR27,0.426,-0.82114,158.75624,2.2,0.0,0.02150000000000002,BTC,79796.88,0.0
2026-09-05T22:48:01.094055+00:00,BTC-26MAR27-35000-C,81760.79,BTC-26MAR27,call,35000.0,2027-03-26T08:00:00+00:00,0.5513574830134421,0.5745,0.577,0.57520249,0.57575,81760.79,BTC-26MAR27,0.6049,0.98269,26.00377,19.9,0.0,0.0024999999999999467,BTC,79797.81,0.0
2026-09-05T22:48:01.094055+00:00,BTC-9SEP26-77000-P,79758.69,BTC-9SEP26,put,77000.0,2026-09-09T08:00:00+00:00,0.00926302716128603,0.0019,0.0023,0.00207539,0.0021,79758.69,BTC-9SEP26,0.3284,-0.12805,16.07605,1.5,1.5,0.00039999999999999996,BTC,79797.81,169.61
2026-09-05T22:48:01.094055+00:00,BTC-25JUN27-54000-P,82700.6,BTC-25JUN27,put,54000.0,2027-06-25T08:00:00+00:00,0.8005019046424633,0.026,0.028,0.02673337,0.027,82700.6,BTC-25JUN27,0.4671,-0.10958,138.84099,50.1,0.0,0.0020000000000000018,BTC,79797.81,0.0
2026-09-05T22:48:01.094055+00:00,BTC-8SEP26-85000-C,79753.99,BTC-8SEP26,call,85000.0,2026-09-08T08:00:00+00:00,0.006525176374153928,0.0003,0.0006,0.00038464,0.00045,79753.99,BTC-8SEP26,0.4154,0.03078,4.47934,0.5,0.2,0.0003,BTC,79797.81,3.98
2026-09-05T22:48:01.094055+00:00,BTC-30OCT26-77000-C,80203.36,BTC-30OCT26,call,77000.0,2026-10-30T08:00:00+00:00,0.1488934173050232,0.076,0.0815,0.07887533,0.07875,80203.36,BTC-30OCT26,0.376,0.63879,115.98317,116.0,0.0,0.005500000000000005,BTC,79797.81,0.0
2026-09-05T22:48:01.094055+00:00,BTC-9SEP26-88000-P,79758.69,BTC-9SEP26,put,88000.0,2026-09-09T08:00:00+00:00,0.00926302716128603,0.1005,0.1065,0.10360653,0.1035,79758.69,BTC-9SEP26,0.4778,-0.98247,3.32423,0.0,0.0,0.0059999999999999915,BTC,79797.81,0.0
2026-09-05T22:48:01.094055+00:00,BTC-25SEP26-140000-P,79865.08,BTC-25SEP26,put,140000.0,2026-09-25T08:00:00+00:00,0.05306863975539965,0.7455,0.758,0.7529924,0.75175,79865.08,BTC-25SEP26,0.7598999999999999,-0.99908,0.57149,1.4,0.0,0.012499999999999956,BTC,79797.81,0.0
2026-09-05T22:48:01.094055+00:00,BTC-27NOV26-106000-P,80524.5,BTC-27NOV26,put,106000.0,2026-11-27T08:00:00+00:00,0.22555323934472205,0.318,0.3315,0.32633206,0.32475,80524.5,BTC-27NOV26,0.4336,-0.89059,71.67573,0.0,0.0,0.013500000000000012,BTC,79797.81,0.0
2026-09-05T22:48:01.094055+00:00,BTC-30OCT26-104000-C,80203.36,BTC-30OCT26,call,104000.0,2026-10-30T08:00:00+00:00,0.1488934173050232,0.005,0.0055,0.00545569,0.00525,80203.36,BTC-30OCT26,0.4432,0.07615,44.34761,88.7,0.0,0.0004999999999999996,BTC,79797.81,0.0
2026-09-05T22:48:01.094055+00:00,BTC-27NOV26-91000-P,80524.56,BTC-27NOV26,put,91000.0,2026-11-27T08:00:00+00:00,0.22555323934472205,0.155,0.167,0.16127681,0.161,80524.56,BTC-27NOV26,0.3972,-0.70961,131.0697,0.0,0.0,0.01200000000000001,BTC,79797.81,0.0
2026-09-05T22:48:01.094055+00:00,BTC-11SEP26-84000-P,79766.31,BTC-11SEP26,put,84000.0,2026-09-11T08:00:00+00:00,0.014738728735550231,0.0535,0.0585,0.05640372,0.056,79766.31,BTC-11SEP26,0.38780000000000003,-0.85718,21.85819,2.9,0.1,0.0050000000000000044,BTC,79797.77,453.2
2026-09-05T22:48:01.094055+00:00,BTC-26MAR27-108000-P,81760.67,BTC-26MAR27,put,108000.0,2027-03-26T08:00:00+00:00,0.5513574830134421,0.346,0.364,0.35674856,0.355,81760.67,BTC-26MAR27,0.418,-0.77052,184.21758,0.1,0.0,0.018000000000000016,BTC,79797.81,0.0
2026-09-05T22:48:01.094055+00:00,BTC-26MAR27-180000-C,81760.67,BTC-26MAR27,call,180000.0,2027-03-26T08:00:00+00:00,0.5513574830134421,0.0039,0.0049,0.00444675,0.0044,81760.67,BTC-26MAR27,0.5233,0.03315,44.88991,503.3,0.0,0.001,BTC,79797.77,0.0
2026-09-05T22:48:01.094055+00:00,BTC-26MAR27-84000-P,81760.79,BTC-26MAR27,put,84000.0,2027-03-26T08:00:00+00:00,0.5513574830134421,0.133,0.1365,0.13506132,0.13475,81760.79,BTC-26MAR27,0.4039,-0.47577,241.89051,55.2,0.0,0.003500000000000003,BTC,79797.77,0.0
2026-09-05T22:48:01.094055+00:00,BTC-30OCT26-72000-P,80203.36,BTC-30OCT26,put,72000.0,2026-10-30T08:00:00+00:00,0.1488934173050232,0.019,0.02,0.01955251,0.0195,80203.36,BTC-30OCT26,0.38799999999999996,-0.21267,89.90777,408.2,0.4,0.0010000000000000009,BTC,79797.77,610.0
2026-09-05T22:48:01.094055+00:00,BTC-30OCT26-50000-P,80203.36,BTC-30OCT26,put,50000.0,2026-10-30T08:00:00+00:00,0.1488934173050232,0.0012,0.0016,0.00139509,0.0014,80203.36,BTC-30OCT26,0.6007,-0.01557,12.10661,329.1,0.5,0.0004000000000000002,BTC,79797.77,47.78
2026-09-05T22:48:01.094055+00:00,BTC-6SEP26-79500-C,79741.44,BTC-6SEP26,call,79500.0,2026-09-06T08:00:00+00:00,0.0010494747998897253,0.0038,0.0048,0.00423478,0.0043,79741.44,BTC-6SEP26,0.1888,0.70654,8.88129,32.0,5.6,0.0009999999999999996,BTC,79797.77,1603.66
2026-09-05T22:48:01.094055+00:00,BTC-25SEP26-120000-C,79865.08,BTC-25SEP26,call,120000.0,2026-09-25T08:00:00+00:00,0.05306863975539965,0.0001,0.0002,0.00017109,0.00015,79865.08,BTC-25SEP26,0.6456000000000001,0.00381,2.09007,1331.6,30.1,0.0001,BTC,79797.77,478.46
2026-09-05T22:48:01.094055+00:00,BTC-30OCT26-78000-C,80203.36,BTC-30OCT26,call,78000.0,2026-10-30T08:00:00+00:00,0.1488934173050232,0.0685,0.074,0.07166871,0.07125,80203.36,BTC-30OCT26,0.3749,0.60513,119.22269,462.4,0.0,0.005499999999999991,BTC,79797.77,0.0
2026-09-05T22:48:01.094055+00:00,BTC-25SEP26-170000-P,79865.08,BTC-25SEP26,put,170000.0,2026-09-25T08:00:00+00:00,0.05306863975539965,1.1195,1.1335,1.12858827,1.1265,79865.08,BTC-25SEP26,0.8693000000000001,-0.99988,0.08736,0.0,0.0,0.014000000000000012,BTC,79797.77,0.0
2026-09-05T22:48:01.094055+00:00,BTC-18SEP26-69000-C,79823.7,BTC-18SEP26,call,69000.0,2026-09-18T08:00:00+00:00,0.03390368424547494,0.1345,0.1395,0.13678751,0.137,79823.7,BTC-18SEP26,0.4482,0.96482,11.4124,0.0,0.0,0.0050000000000000044,BTC,79797.77,0.0
2026-09-05T22:48:01.094055+00:00,BTC-26MAR27-88000-C,81760.79,BTC-26MAR27,call,88000.0,2027-03-26T08:00:00+00:00,0.5513574830134421,0.088,0.0905,0.08918889,0.08925,81760.79,BTC-26MAR27,0.4035,0.46229,241.25392,77.0,0.0,0.0025000000000000022,BTC,79797.77,0.0
2026-09-05T22:48:01.094055+00:00,BTC-30OCT26-83000-C,80203.36,BTC-30OCT26,call,83000.0,2026-10-30T08:00:00+00:00,0.1488934173050232,0.0425,0.0435,0.04310923,0.043,80203.36,BTC-30OCT26,0.3764,0.43583,121.93518,225.3,6.2,0.000999999999999994,BTC,79797.77,21403.05
2026-09-05T22:48:01.094055+00:00,BTC-26MAR27-74000-P,81760.67,BTC-26MAR27,put,74000.0,2027-03-26T08:00:00+00:00,0.5513574830134421,0.0725,0.075,0.07384362,0.07375,81760.67,BTC-26MAR27,0.40979999999999994,-0.31538,215.90133,197.2,0.0,0.0025000000000000022,BTC,79797.77,0.0
2026-09-05T22:48:01.094055+00:00,BTC-26MAR27-170000-C,81760.67,BTC-26MAR27,call,170000.0,2027-03-26T08:00:00+00:00,0.5513574830134421,0.005,0.006,0.00547529,0.0055,81760.67,BTC-26MAR27,0.51,0.04076,53.14838,648.6,0.0,0.001,BTC,79797.77,0.0
2026-09-05T22:48:01.094055+00:00,BTC-27NOV26-85000-C,80524.56,BTC-27NOV26,call,85000.0,2026-11-27T08:00:00+00:00,0.22555323934472205,0.0505,0.052,0.05118328,0.05125,80524.56,BTC-27NOV26,0.3895,0.42145,149.69258,528.9,0.0,0.0014999999999999944,BTC,79797.77,0.0
2026-09-05T22:48:01.094055+00:00,BTC-26MAR27-74000-C,81760.67,BTC-26MAR27,call,74000.0,2027-03-26T08:00:00+00:00,0.5513574830134421,0.1655,0.1725,0.16875688,0.169,81760.67,BTC-26MAR27,0.40979999999999994,0.68462,215.90133,76.8,0.0,0.0069999999999999785,BTC,79797.77,0.0
2026-09-05T22:48:01.094055+00:00,BTC-9SEP26-71000-P,79758.69,BTC-9SEP26,put,71000.0,2026-09-09T08:00:00+00:00,0.00926302716128603,,0.0002,7.759e-05,,79758.69,BTC-9SEP26,0.4765,-0.00516,1.1411,0.0,0.0,,BTC,79797.77,0.0
2026-09-05T22:48:01.094055+00:00,BTC-25DEC26-64000-P,80843.03,BTC-25DEC26,put,64000.0,2026-12-25T08:00:00+00:00,0.30221306138442083,0.0175,0.0185,0.01787718,0.018,80843.03,BTC-25DEC26,0.4302,-0.13433,96.21337,361.1,0.0,0.0009999999999999974,BTC,79796.36,0.0
2026-09-05T22:48:01.094055+00:00,BTC-25SEP26-81000-C,79865.08,BTC-25SEP26,call,81000.0,2026-09-25T08:00:00+00:00,0.05306863975539965,0.027,0.028,0.0274211,0.0275,79865.08,BTC-25SEP26,0.3679,0.45189,72.90536,2502.1,40.9,0.0010000000000000009,BTC,79797.77,83694.01
2026-09-05T22:48:01.094055+00:00,BTC-26MAR27-54000-C,81760.79,BTC-26MAR27,call,54000.0,2027-03-26T08:00:00+00:00,0.5513574830134421,0.3515,0.3585,0.35543766,0.355,81760.79,BTC-26MAR27,0.46799999999999997,0.91426,95.14129,0.1,0.0,0.007000000000000006,BTC,79796.36,0.0
2026-09-05T22:48:01.094055+00:00,BTC-25JUN27-96000-P,82700.52,BTC-25JUN27,put,96000.0,2027-06-25T08:00:00+00:00,0.8005019046424633,0.241,0.262,0.25289634,0.2515,82700.52,BTC-25JUN27,0.41729999999999995,-0.58383,288.82538,0.0,0.0,0.02100000000000002,BTC,79796.36,0.0
2026-09-05T22:48:01.094055+00:00,BTC-27NOV26-91000-C,80524.56,BTC-27NOV26,call,91000.0,2026-11-27T08:00:00+00:00,0.22555323934472205,0.0305,0.032,0.03118737,0.03125,80524.56,BTC-27NOV26,0.3972,0.29041,131.07509,70.3,0.0,0.0015000000000000013,BTC,79796.36,0.0
2026-09-05T22:48:01.094055+00:00,BTC-9SEP26-71000-C,79758.65,BTC-9SEP26,call,71000.0,2026-09-09T08:00:00+00:00,0.00926302716128603,0.108,0.112,0.10989503,0.11,79758.65,BTC-9SEP26,0.4765,0.99484,1.14223,0.0,0.0,0.0040000000000000036,BTC,79796.36,0.0
2026-09-05T22:48:01.094055+00:00,BTC-18SEP26-83000-P,79823.61,BTC-18SEP26,put,83000.0,2026-09-18T08:00:00+00:00,0.03390368424547494,0.049,0.056,0.05279795,0.0525,79823.61,BTC-18SEP26,0.3818,-0.69727,51.33868,0.0,0.0,0.006999999999999999,BTC,79796.36,0.0
2026-09-05T22:48:01.094055+00:00,BTC-25SEP26-115000-C,79865.12,BTC-25SEP26,call,115000.0,2026-09-25T08:00:00+00:00,0.05306863975539965,0.0001,0.0003,0.00021869,0.0002,79865.12,BTC-25SEP26,0.601,0.00503,2.67768,2159.9,0.5,0.00019999999999999998,BTC,79796.36,7.17
2026-09-05T22:48:01.094055+00:00,BTC-25JUN27-84000-P,82700.52,BTC-25JUN27,put,84000.0,2027-06-25T08:00:00+00:00,0.8005019046424633,0.155,0.159,0.15696155,0.157,82700.52,BTC-25JUN27,0.4163,-0.44226,292.26592,6.5,0.0,0.0040000000000000036,BTC,79797.11,0.0
2026-09-05T22:48:01.094055+00:00,BTC-26MAR27-120000-P,81760.79,BTC-26MAR27,put,120000.0,2027-03-26T08:00:00+00:00,0.5513574830134421,0.4775,0.5,0.48977374,0.48875,81760.79,BTC-26MAR27,0.4335,-0.84857,142.52536,1.8,0.0,0.02250000000000002,BTC,79797.11,0.0
2026-09-05T22:48:01.094055+00:00,BTC-18SEP26-84000-C,79823.7,BTC-18SEP26,call,84000.0,2026-09-18T08:00:00+00:00,0.03390368424547494,0.01,0.011,0.01042126,0.0105,79823.7,BTC-18SEP26,0.3912,0.25205,46.93307,532.8,1.9,0.0009999999999999992,BTC,79797.11,1520.96
2026-09-05T22:48:01.094055+00:00,BTC-9SEP26-82500-P,79758.69,BTC-9SEP26,put,82500.0,2026-09-09T08:00:00+00:00,0.00926302716128603,0.0345,0.04,0.03725056,0.03725,79758.69,BTC-9SEP26,0.3518,-0.83425,19.11907,0.0,0.0,0.005499999999999998,BTC,79797.11,0.0
2026-09-05T22:48:01.094055+00:00,BTC-11SEP26-81000-C,79766.31,BTC-11SEP26,call,81000.0,2026-09-11T08:00:00+00:00,0.014738728735550231,0.0105,0.011,0.01067416,0.01075,79766.31,BTC-11SEP26,0.35479999999999995,0.37108,36.61524,719.7,27.7,0.0004999999999999987,BTC,79797.11,25047.43
2026-09-05T22:48:01.094055+00:00,BTC-8SEP26-84000-P,79753.99,BTC-8SEP26,put,84000.0,2026-09-08T08:00:00+00:00,0.006525176374153928,0.0505,0.0565,0.05385944,0.0535,79753.99,BTC-8SEP26,0.382,-0.95092,6.54862,0.0,0.0,0.005999999999999998,BTC,79797.11,0.0
2026-09-05T22:48:01.094055+00:00,BTC-30OCT26-78000-P,80203.36,BTC-30OCT26,put,78000.0,2026-10-30T08:00:00+00:00,0.1488934173050232,0.0435,0.045,0.04419618,0.04425,80203.36,BTC-30OCT26,0.3749,-0.3949,119.22378,415.7,0.0,0.0015000000000000013,BTC,79797.11,0.0
2026-09-05T22:48:01.094055+00:00,BTC-11SEP26-82000-P,79766.26,BTC-11SEP26,put,82000.0,2026-09-11T08:00:00+00:00,0.014738728735550231,0.0315,0.038,0.03531329,0.03475,79766.26,BTC-11SEP26,0.3653,-0.72371,32.40236,66.1,0.0,0.006499999999999999,BTC,79797.11,0.0
2026-09-05T22:48:01.094055+00:00,BTC-7SEP26-77500-C,79747.67,BTC-7SEP26,call,77500.0,2026-09-07T08:00:00+00:00,0.003787325587021827,0.027,0.0305,0.02860971,0.02875,79747.67,BTC-7SEP26,0.2925,0.94639,5.3503,7.6,0.4,0.0034999999999999996,BTC,79797.11,876.64
2026-09-05T22:48:01.094055+00:00,BTC-18SEP26-79000-C,79823.61,BTC-18SEP26,call,79000.0,2026-09-18T08:00:00+00:00,0.03390368424547494,0.0315,0.033,0.0323114,0.03225,79823.61,BTC-18SEP26,0.36719999999999997,0.5756,57.61018,330.8,0.1,0.0015000000000000013,BTC,79797.11,271.82
2026-09-05T22:48:01.094055+00:00,BTC-26MAR27-104000-P,81760.67,BTC-26MAR27,put,104000.0,2027-03-26T08:00:00+00:00,0.5513574830134421,0.3045,0.322,0.31459334,0.31325,81760.67,BTC-26MAR27,0.41350000000000003,-0.7354,198.81372,0.1,0.0,0.017500000000000016,BTC,79797.11,0.0
2026-09-05T22:48:01.094055+00:00,BTC-18SEP26-77000-C,79823.61,BTC-18SEP26,call,77000.0,2026-09-18T08:00:00+00:00,0.03390368424547494,0.0455,0.05,0.04790005,0.04775,79823.61,BTC-18SEP26,0.3679,0.71529,49.90116,53.3,0.0,0.004500000000000004,BTC,79797.11,0.0
2026-09-05T22:48:01.094055+00:00,BTC-8SEP26-80000-C,79753.99,BTC-8SEP26,call,80000.0,2026-09-08T08:00:00+00:00,0.006525176374153928,0.0075,0.0085,0.00791646,0.008,79753.99,BTC-8SEP26,0.2907,0.45683,25.55879,17.0,12.5,0.0010000000000000009,BTC,79797.15,6686.59
2026-09-05T22:48:01.094055+00:00,BTC-26MAR27-94000-P,81760.67,BTC-26MAR27,put,94000.0,2027-03-26T08:00:00+00:00,0.5513574830134421,0.2065,0.224,0.21714047,0.21525,81760.67,BTC-26MAR27,0.40619999999999995,-0.62199,230.91607,9.7,0.0,0.017500000000000016,BTC,79797.15,0.0
2026-09-05T22:48:01.094055+00:00,BTC-25DEC26-100000-P,80843.03,BTC-25DEC26,put,100000.0,2026-12-25T08:00:00+00:00,0.30221306138442083,0.252,0.266,0.26009875,0.259,80843.03,BTC-25DEC26,0.40979999999999994,-0.79679,125.68012,303.3,0.0,0.014000000000000012,BTC,79797.15,0.0
2026-09-05T22:48:01.094055+00:00,BTC-25DEC26-75000-P,80843.03,BTC-25DEC26,put,75000.0,2026-12-25T08:00:00+00:00,0.30221306138442083,0.052,0.0535,0.05259043,0.05275,80843.03,BTC-25DEC26,0.3973,-0.32515,160.07006,1209.8,0.0,0.0015000000000000013,BTC,79797.15,0.0
2026-09-05T22:48:01.094055+00:00,BTC-27NOV26-76000-P,80524.56,BTC-27NOV26,put,76000.0,2026-11-27T08:00:00+00:00,0.22555323934472205,0.0465,0.048,0.04730443,0.04725,80524.56,BTC-27NOV26,0.3912,-0.34253,140.60718,43.2,0.2,0.0015000000000000013,BTC,79797.15,745.31
2026-09-05T22:48:01.094055+00:00,BTC-9SEP26-77000-C,79758.69,BTC-9SEP26,call,77000.0,2026-09-09T08:00:00+00:00,0.00926302716128603,0.034,0.0405,0.03666613,0.03725,79758.69,BTC-9SEP26,0.3284,0.87193,16.07759,0.0,0.0,0.006499999999999999,BTC,79797.31,0.0
2026-09-05T22:48:01.094055+00:00,BTC-27NOV26-120000-P,80524.56,BTC-27NOV26,put,120000.0,2026-11-27T08:00:00+00:00,0.22555323934472205,0.4865,0.5005,0.4943915,0.4935,80524.56,BTC-27NOV26,0.47340000000000004,-0.95159,38.45848,0.0,0.0,0.013999999999999957,BTC,79797.15,0.0
2026-09-05T22:48:01.094055+00:00,BTC-25SEP26-130000-C,79865.08,BTC-25SEP26,call,130000.0,2026-09-25T08:00:00+00:00,0.05306863975539965,,0.0001,6.584e-05,,79865.08,BTC-25SEP26,0.6939,0.00151,0.90456,1452.2,0.0,,BTC,79797.31,0.0
2026-09-05T22:48:01.094055+00:00,BTC-26MAR27-76000-C,81760.67,BTC-26MAR27,call,76000.0,2027-03-26T08:00:00+00:00,0.5513574830134421,0.1535,0.1565,0.15462208,0.155,81760.67,BTC-26MAR27,0.4075,0.65302,224.28246,530.3,0.2,0.0030000000000000027,BTC,79797.31,2479.48
2026-09-05T22:48:01.094055+00:00,BTC-11SEP26-90000-C,79766.31,BTC-11SEP26,call,90000.0,2026-09-11T08:00:00+00:00,0.014738728735550231,0.0005,0.0006,0.00050228,0.00055,79766.31,BTC-11SEP26,0.49079999999999996,0.02338,5.35252,1488.6,11.3,9.999999999999994e-05,BTC,79797.31,360.6
2026-09-05T22:48:01.094055+00:00,BTC-25JUN27-92000-C,82700.52,BTC-25JUN27,call,92000.0,2027-06-25T08:00:00+00:00,0.8005019046424633,0.105,0.1075,0.10607673,0.10625,82700.52,BTC-25JUN27,0.41619999999999996,0.46054,293.92222,15.7,0.0,0.0025000000000000022,BTC,79798.59,0.0
2026-09-05T22:48:01.094055+00:00,BTC-18SEP26-68000-P,79823.7,BTC-18SEP26,put,68000.0,2026-09-18T08:00:00+00:00,0.03390368424547494,0.0008,0.0009,0.00084693,0.00085,79823.7,BTC-18SEP26,0.4569,-0.0256,8.76853,78.4,9.0,9.999999999999994e-05,BTC,79797.31,535.33
2026-09-05T22:48:01.094055+00:00,BTC-30OCT26-65000-P,80203.36,BTC-30OCT26,put,65000.0,2026-10-30T08:00:00+00:00,0.1488934173050232,0.007,0.008,0.00747224,0.0075,80203.36,BTC-30OCT26,0.433,-0.08971,50.16479,547.1,0.3,0.001,BTC,79798.59,183.51
2026-09-05T22:48:01.094055+00:00,BTC-30OCT26-59000-P,80203.36,BTC-30OCT26,put,59000.0,2026-10-30T08:00:00+00:00,0.1488934173050232,0.0032,0.0037,0.00347334,0.00345,80203.36,BTC-30OCT26,0.4876,-0.04206,27.79412,84.7,0.0,0.0005,BTC,79798.59,0.0
2026-09-05T22:48:01.094055+00:00,BTC-25SEP26-92000-C,79865.12,BTC-25SEP26,call,92000.0,2026-09-25T08:00:00+00:00,0.05306863975539965,0.0036,0.0039,0.00367661,0.00375,79865.12,BTC-25SEP26,0.4303,0.08466,28.55959,1294.6,2.3,0.0002999999999999999,BTC,79798.59,617.86
2026-09-05T22:48:01.094055+00:00,BTC-25SEP26-125000-C,79865.12,BTC-25SEP26,call,125000.0,2026-09-25T08:00:00+00:00,0.05306863975539965,0.0001,0.0002,0.00014235,0.00015,79865.12,BTC-25SEP26,0.69,0.00311,1.73934,2322.3,5.1,0.0001,BTC,79798.59,40.66
2026-09-05T22:48:01.094055+00:00,BTC-25SEP26-83000-P,79865.12,BTC-25SEP26,put,83000.0,2026-09-25T08:00:00+00:00,0.05306863975539965,0.0545,0.0615,0.05817522,0.058,79865.12,BTC-25SEP26,0.37479999999999997,-0.65522,67.80847,20.3,0.0,0.006999999999999999,BTC,79798.59,0.0
2026-09-05T22:48:01.094055+00:00,BTC-30OCT26-82000-C,80203.36,BTC-30OCT26,call,82000.0,2026-10-30T08:00:00+00:00,0.1488934173050232,0.047,0.0485,0.04786766,0.04775,80203.36,BTC-30OCT26,0.3753,0.46867,123.15822,1113.9,76.6,0.0015000000000000013,BTC,79799.5,289767.93
2026-09-05T22:48:01.094055+00:00,BTC-25DEC26-120000-P,80843.03,BTC-25DEC26,put,120000.0,2026-12-25T08:00:00+00:00,0.30221306138442083,0.4835,0.4985,0.49179155,0.491,80843.03,BTC-25DEC26,0.45530000000000004,-0.92663,61.90002,35.7,0.0,0.015000000000000013,BTC,79799.5,0.0
2026-09-05T22:48:01.094055+00:00,BTC-9SEP26-78500-P,79758.69,BTC-9SEP26,put,78500.0,2026-09-09T08:00:00+00:00,0.00926302716128603,0.0055,0.0065,0.00567959,0.006,79758.69,BTC-9SEP26,0.3136,-0.29086,26.32425,0.9,0.9,0.001,BTC,79799.5,344.52
2026-09-05T22:48:01.094055+00:00,BTC-30OCT26-110000-C,80203.36,BTC-30OCT26,call,110000.0,2026-10-30T08:00:00+00:00,0.1488934173050232,0.0031,0.0036,0.00333353,0.00335,80203.36,BTC-30OCT26,0.4657,0.04789,30.85384,1038.4,1.1,0.0005,BTC,79799.5,246.06
2026-09-05T22:48:01.094055+00:00,BTC-7SEP26-82500-P,79747.67,BTC-7SEP26,put,82500.0,2026-09-07T08:00:00+00:00,0.003787325587021827,0.031,0.0375,0.0348972,0.03425,79747.67,BTC-7SEP26,0.3265,-0.95177,4.91884,3.6,0.0,0.006499999999999999,BTC,79799.5,0.0
2026-09-05T22:48:01.094055+00:00,BTC-25JUN27-70000-P,82700.6,BTC-25JUN27,put,70000.0,2027-06-25T08:00:00+00:00,0.8005019046424633,0.075,0.0775,0.07614837,0.07625,82700.6,BTC-25JUN27,0.4274,-0.26506,242.5379,20.4,0.3,0.0025000000000000022,BTC,79798.8,1840.73
2026-09-05T22:48:01.094055+00:00,BTC-25DEC26-220000-P,80843.03,BTC-25DEC26,put,220000.0,2026-12-25T08:00:00+00:00,0.30221306138442083,1.7025,1.7365,1.72178971,1.7195,80843.03,BTC-25DEC26,0.6537000000000001,-0.9954,5.96678,0.0,0.0,0.03400000000000003,BTC,79798.8,0.0
2026-09-05T22:48:01.094055+00:00,BTC-8SEP26-71000-P,79753.99,BTC-8SEP26,put,71000.0,2026-09-08T08:00:00+00:00,0.006525176374153928,,0.0002,0.00011826,,79753.99,BTC-8SEP26,0.5958,-0.00723,1.29257,0.0,0.0,,BTC,79798.8,0.0
2026-09-05T22:48:01.094055+00:00,BTC-26MAR27-65000-C,81760.67,BTC-26MAR27,call,65000.0,2027-03-26T08:00:00+00:00,0.5513574830134421,0.24,0.2475,0.24355432,0.24375,81760.67,BTC-26MAR27,0.42700000000000005,0.81131,164.14196,366.9,0.0,0.007500000000000007,BTC,79798.8,0.0
2026-09-05T22:48:01.094055+00:00,BTC-9SEP26-81000-C,79758.69,BTC-9SEP26,call,81000.0,2026-09-09T08:00:00+00:00,0.00926302716128603,0.006,0.007,0.00645194,0.0065,79758.69,BTC-9SEP26,0.32939999999999997,0.32245,27.55109,1.2,1.2,0.001,BTC,79798.8,541.74
2026-09-05T22:48:01.094055+00:00,BTC-7SEP26-69000-C,79747.67,BTC-7SEP26,call,69000.0,2026-09-07T08:00:00+00:00,0.003787325587021827,0.133,0.137,0.13477244,0.135,79747.67,BTC-7SEP26,0.6355,0.9999,0.01871,0.0,0.0,0.0040000000000000036,BTC,79798.8,0.0
2026-09-05T22:48:01.094055+00:00,BTC-26MAR27-130000-C,81760.67,BTC-26MAR27,call,130000.0,2027-03-26T08:00:00+00:00,0.5513574830134421,0.0145,0.016,0.01532679,0.01525,81760.67,BTC-26MAR27,0.4471,0.10933,113.72291,1136.6,0.0,0.0014999999999999996,BTC,79798.8,0.0
2026-09-05T22:48:01.094055+00:00,BTC-25JUN27-180000-C,82700.52,BTC-25JUN27,call,180000.0,2027-06-25T08:00:00+00:00,0.8005019046424633,0.0095,0.0115,0.01060847,0.0105,82700.52,BTC-25JUN27,0.49829999999999997,0.06411,92.8759,47.0,0.0,0.002,BTC,79798.52,0.0
2026-09-05T22:48:01.094055+00:00,BTC-25SEP26-175000-C,79865.08,BTC-25SEP26,call,175000.0,2026-09-25T08:00:00+00:00,0.05306863975539965,,0.0001,4.63e-06,,79865.08,BTC-25SEP26,0.89,0.0001,0.07235,1904.8,0.0,,BTC,79798.52,0.0
2026-09-05T22:48:01.094055+00:00,BTC-9SEP26-80500-C,79758.69,BTC-9SEP26,call,80500.0,2026-09-09T08:00:00+00:00,0.00926302716128603,0.008,0.009,0.0084038,0.0085,79758.69,BTC-9SEP26,0.32409999999999994,0.39315,29.53195,0.7,0.7,0.0009999999999999992,BTC,79798.52,487.4
2026-09-05T22:48:01.094055+00:00,BTC-30OCT26-77000-P,80203.36,BTC-30OCT26,put,77000.0,2026-10-30T08:00:00+00:00,0.1488934173050232,0.0385,0.0395,0.0389345,0.039,80203.36,BTC-30OCT26,0.376,-0.3612,115.98233,127.9,0.0,0.0010000000000000009,BTC,79798.52,0.0
2026-09-05T22:48:01.094055+00:00,BTC-27NOV26-60000-P,80524.5,BTC-27NOV26,put,60000.0,2026-11-27T08:00:00+00:00,0.22555323934472205,0.007,0.008,0.00751404,0.0075,80524.5,BTC-27NOV26,0.45649999999999996,-0.07153,52.24351,34.3,2.0,0.001,BTC,79798.52,1155.22
2026-09-05T22:48:01.094055+00:00,BTC-8SEP26-83500-P,79753.99,BTC-8SEP26,put,83500.0,2026-09-08T08:00:00+00:00,0.006525176374153928,0.045,0.0505,0.04779208,0.04775,79753.99,BTC-8SEP26,0.36829999999999996,-0.93501,8.17048,0.0,0.0,0.005500000000000005,BTC,79798.97,0.0
2026-09-05T22:48:01.094055+00:00,BTC-18SEP26-70000-P,79823.7,BTC-18SEP26,put,70000.0,2026-09-18T08:00:00+00:00,0.03390368424547494,0.0014,0.0017,0.00149655,0.00155,79823.7,BTC-18SEP26,0.42979999999999996,-0.04437,13.78295,85.8,4.9,0.0002999999999999999,BTC,79798.52,513.17
2026-09-05T22:48:01.094055+00:00,BTC-11SEP26-76000-P,79766.31,BTC-11SEP26,put,76000.0,2026-09-11T08:00:00+00:00,0.014738728735550231,0.0026,0.0029,0.00279479,0.00275,79766.31,BTC-11SEP26,0.35619999999999996,-0.12587,20.04078,976.9,18.9,0.0002999999999999999,BTC,79798.97,4152.39
2026-09-05T22:48:01.094055+00:00,BTC-26MAR27-84000-C,81760.67,BTC-26MAR27,call,84000.0,2027-03-26T08:00:00+00:00,0.5513574830134421,0.1065,0.109,0.10766557,0.10775,81760.67,BTC-26MAR27,0.4039,0.52425,241.89386,263.2,0.0,0.0025000000000000022,BTC,79798.97,0.0
2026-09-05T22:48:01.094055+00:00,BTC-8SEP26-71000-C,79753.99,BTC-8SEP26,call,71000.0,2026-09-08T08:00:00+00:00,0.006525176374153928,0.1075,0.1125,0.10986906,0.11,79753.99,BTC-8SEP26,0.5958,0.99277,1.29296,0.0,0.0,0.0050000000000000044,BTC,79800.14,0.0
2026-09-05T22:48:01.094055+00:00,BTC-25JUN27-160000-C,82700.6,BTC-25JUN27,call,160000.0,2027-06-25T08:00:00+00:00,0.8005019046424633,0.0145,0.0165,0.01557384,0.0155,82700.6,BTC-25JUN27,0.4782,0.09209,122.2964,553.6,0.0,0.002,BTC,79800.14,0.0
2026-09-05T22:48:01.094055+00:00,BTC-25JUN27-170000-P,82700.6,BTC-25JUN27,put,170000.0,2027-06-25T08:00:00+00:00,0.8005019046424633,1.0455,1.0835,1.06836275,1.0645,82700.6,BTC-25JUN27,0.48810000000000003,-0.92366,106.22829,14.7,0.0,0.03799999999999981,BTC,79800.14,0.0
2026-09-05T22:48:01.094055+00:00,BTC-9SEP26-77500-C,79758.65,BTC-9SEP26,call,77500.0,2026-09-09T08:00:00+00:00,0.00926302716128603,0.0285,0.035,0.03120279,0.03175,79758.65,BTC-9SEP26,0.3204,0.83002,19.43265,0.0,0.0,0.006500000000000002,BTC,79800.14,0.0
2026-09-05T22:48:01.094055+00:00,BTC-25SEP26-86000-P,79865.12,BTC-25SEP26,put,86000.0,2026-09-25T08:00:00+00:00,0.05306863975539965,0.083,0.091,0.08755654,0.087,79865.12,BTC-25SEP26,0.3899,-0.78145,54.30111,11.7,0.0,0.007999999999999993,BTC,79800.14,0.0
2026-09-05T22:48:01.094055+00:00,BTC-8SEP26-76000-P,79753.99,BTC-8SEP26,put,76000.0,2026-09-08T08:00:00+00:00,0.006525176374153928,0.0005,0.0007,0.00055758,0.0006,79753.99,BTC-8SEP26,0.3576,-0.04541,6.15314,13.7,3.6,0.00019999999999999998,BTC,79800.14,122.78
2026-09-05T22:48:01.094055+00:00,BTC-7SEP26-87000-C,79747.72,BTC-7SEP26,call,87000.0,2026-09-07T08:00:00+00:00,0.003787325587021827,,0.0001,4.44e-06,,79747.72,BTC-7SEP26,0.4361,0.00064,0.10999,12.1,0.0,,BTC,79800.14,0.0
2026-09-05T22:48:01.094055+00:00,BTC-25SEP26-68000-C,79865.12,BTC-25SEP26,call,68000.0,2026-09-25T08:00:00+00:00,0.05306863975539965,0.148,0.154,0.15066219,0.151,79865.12,BTC-25SEP26,0.4337,0.9518,18.43707,890.2,0.0,0.006000000000000005,BTC,79800.14,0.0
2026-09-05T22:48:01.094055+00:00,BTC-11SEP26-73000-P,79766.26,BTC-11SEP26,put,73000.0,2026-09-11T08:00:00+00:00,0.014738728735550231,0.0007,0.0009,0.0007907,0.0008,79766.26,BTC-11SEP26,0.4178,-0.0376,7.9393,1128.6,0.1,0.00019999999999999998,BTC,79800.14,4.78
2026-09-05T22:48:01.094055+00:00,BTC-7SEP26-88000-C,79747.72,BTC-7SEP26,call,88000.0,2026-09-07T08:00:00+00:00,0.003787325587021827,,0.0001,3.58e-06,,79747.72,BTC-7SEP26,0.4808,0.00048,0.08363,9.7,0.0,,BTC,79800.14,0.0
2026-09-05T22:48:01.094055+00:00,BTC-6SEP26-69000-C,79741.44,BTC-6SEP26,call,69000.0,2026-09-06T08:00:00+00:00,0.0010494747998897253,0.1325,0.137,0.13469186,0.13475,79741.44,BTC-6SEP26,0.7898999999999999,1.0,0.0,0.0,0.0,0.004500000000000004,BTC,79800.14,0.0
2026-09-05T22:48:01.094055+00:00,BTC-27NOV26-74000-P,80524.5,BTC-27NOV26,put,74000.0,2026-11-27T08:00:00+00:00,0.22555323934472205,0.0375,0.039,0.03827075,0.03825,80524.5,BTC-27NOV26,0.3946,-0.2925,131.51653,31.0,0.2,0.0015000000000000013,BTC,79800.14,613.12
2026-09-05T22:48:01.094055+00:00,BTC-25SEP26-280000-C,79865.12,BTC-25SEP26,call,280000.0,2026-09-25T08:00:00+00:00,0.05306863975539965,,0.0001,1.67e-06,,79865.12,BTC-25SEP26,1.2987,3e-05,0.02087,76.1,0.0,,BTC,79800.14,0.0
2026-09-05T22:48:01.094055+00:00,BTC-25DEC26-230000-C,80843.03,BTC-25DEC26,call,230000.0,2026-12-25T08:00:00+00:00,0.30221306138442083,0.0002,0.0006,0.00035908,0.0004,80843.03,BTC-25DEC26,0.6617000000000001,0.00356,4.74863,190.5,0.0,0.00039999999999999996,BTC,79799.45,0.0
2026-09-05T22:48:01.094055+00:00,BTC-9SEP26-87000-C,79758.69,BTC-9SEP26,call,87000.0,2026-09-09T08:00:00+00:00,0.00926302716128603,0.0003,0.0005,0.00038264,0.0004,79758.69,BTC-9SEP26,0.4508,0.02429,4.3816,0.1,0.1,0.00020000000000000004,BTC,79799.45,2.4
2026-09-05T22:48:01.094055+00:00,BTC-27NOV26-95000-P,80524.5,BTC-27NOV26,put,95000.0,2026-11-27T08:00:00+00:00,0.22555323934472205,0.1965,0.208,0.20221509,0.20225,80524.5,BTC-27NOV26,0.4044,-0.77721,114.12869,0.0,0.0,0.011499999999999982,BTC,79800.14,0.0
2026-09-05T22:48:01.094055+00:00,BTC-18SEP26-79000-P,79823.61,BTC-18SEP26,put,79000.0,2026-09-18T08:00:00+00:00,0.03390368424547494,0.0215,0.0225,0.02199564,0.022,79823.61,BTC-18SEP26,0.36719999999999997,-0.42418,57.60629,179.8,5.8,0.0010000000000000009,BTC,79800.14,10084.79
2026-09-05T22:48:01.094055+00:00,BTC-9SEP26-80000-P,79758.69,BTC-9SEP26,put,80000.0,2026-09-09T08:00:00+00:00,0.00926302716128603,0.013,0.0145,0.01388374,0.01375,79758.69,BTC-9SEP26,0.3201,-0.52884,30.55788,0.4,0.4,0.0015000000000000013,BTC,79799.45,419.06
2026-09-05T22:48:01.094055+00:00,BTC-18SEP26-95000-C,79823.7,BTC-18SEP26,call,95000.0,2026-09-18T08:00:00+00:00,0.03390368424547494,0.0009,0.001,0.00102933,0.00095,79823.7,BTC-18SEP26,0.4916,0.03045,10.13059,144.5,10.1,0.00010000000000000005,BTC,79799.45,734.02
2026-09-05T22:48:01.094055+00:00,BTC-25JUN27-98000-C,82700.52,BTC-25JUN27,call,98000.0,2027-06-25T08:00:00+00:00,0.8005019046424633,0.0845,0.087,0.08567738,0.08575,82700.52,BTC-25JUN27,0.4177,0.39502,285.08671,42.6,0.0,0.0024999999999999883,BTC,79799.93,0.0
2026-09-05T22:48:01.094055+00:00,BTC-7SEP26-87000-P,79747.72,BTC-7SEP26,put,87000.0,2026-09-07T08:00:00+00:00,0.003787325587021827,0.0875,0.0935,0.09094472,0.0905,79747.72,BTC-7SEP26,0.4361,-0.99936,0.11007,0.0,0.0,0.006000000000000005,BTC,79799.93,0.0
2026-09-05T22:48:01.094055+00:00,BTC-25DEC26-50000-P,80843.03,BTC-25DEC26,put,50000.0,2026-12-25T08:00:00+00:00,0.30221306138442083,0.0045,0.0055,0.00493451,0.005,80843.03,BTC-25DEC26,0.5351,-0.03753,36.38369,2146.3,4.0,0.001,BTC,79799.93,1440.05
2026-09-05T22:48:01.094055+00:00,BTC-7SEP26-79500-C,79747.67,BTC-7SEP26,call,79500.0,2026-09-07T08:00:00+00:00,0.003787325587021827,0.007,0.0085,0.00749869,0.00775,79747.67,BTC-7SEP26,0.2371,0.59529,19.02093,36.9,21.9,0.0015000000000000005,BTC,79799.93,12502.67
2026-09-05T22:48:01.094055+00:00,BTC-25DEC26-54000-P,80843.07,BTC-25DEC26,put,54000.0,2026-12-25T08:00:00+00:00,0.30221306138442083,0.0065,0.0075,0.00670561,0.007,80843.07,BTC-25DEC26,0.49439999999999995,-0.05285,47.92959,1856.4,2.5,0.001,BTC,79799.93,1215.13
2026-09-05T22:48:01.094055+00:00,BTC-11SEP26-75000-C,79766.26,BTC-11SEP26,call,75000.0,2026-09-11T08:00:00+00:00,0.014738728735550231,0.059,0.065,0.06148388,0.062,79766.26,BTC-11SEP26,0.3716,0.9185,14.60808,96.4,0.7,0.006000000000000005,BTC,79799.93,3550.15
2026-09-05T22:48:01.094055+00:00,BTC-25DEC26-92000-P,80843.03,BTC-25DEC26,put,92000.0,2026-12-25T08:00:00+00:00,0.30221306138442083,0.1705,0.184,0.17771807,0.17725,80843.03,BTC-25DEC26,0.3973,-0.6849,157.98571,6.6,0.0,0.013499999999999984,BTC,79799.93,0.0
2026-09-05T22:48:01.094055+00:00,BTC-26MAR27-78000-P,81760.67,BTC-26MAR27,put,78000.0,2027-03-26T08:00:00+00:00,0.5513574830134421,0.094,0.096,0.09510575,0.095,81760.67,BTC-26MAR27,0.4045,-0.37911,231.13021,262.3,6.0,0.0020000000000000018,BTC,79799.93,45576.48
2026-09-05T22:48:01.094055+00:00,BTC-25SEP26-54000-C,79865.12,BTC-25SEP26,call,54000.0,2026-09-25T08:00:00+00:00,0.05306863975539965,0.322,0.326,0.32404337,0.324,79865.12,BTC-25SEP26,0.6534,0.99628,2.04339,7.4,0.0,0.0040000000000000036,BTC,79799.93,0.0
2026-09-05T22:48:01.094055+00:00,BTC-27NOV26-90000-C,80524.56,BTC-27NOV26,call,90000.0,2026-11-27T08:00:00+00:00,0.22555323934472205,0.033,0.0345,0.03382482,0.03375,80524.56,BTC-27NOV26,0.3953,0.3096,134.92806,28.1,0.1,0.0015000000000000013,BTC,79799.93,279.96
2026-09-05T22:48:01.094055+00:00,BTC-9SEP26-72000-P,79758.69,BTC-9SEP26,put,72000.0,2026-09-09T08:00:00+00:00,0.00926302716128603,0.0001,0.0002,0.00018242,0.00015,79758.69,BTC-9SEP26,0.47229999999999994,-0.01127,2.2713,0.0,0.0,0.0001,BTC,79799.93,0.0
2026-09-05T22:48:01.094055+00:00,BTC-25DEC26-108000-C,80843.03,BTC-25DEC26,call,108000.0,2026-12-25T08:00:00+00:00,0.30221306138442083,0.0135,0.0145,0.01396603,0.014,80843.03,BTC-25DEC26,0.4255,0.13141,94.77372,152.1,0.0,0.0010000000000000009,BTC,79799.93,0.0
2026-09-05T22:48:01.094055+00:00,BTC-25DEC26-60000-P,80843.03,BTC-25DEC26,put,60000.0,2026-12-25T08:00:00+00:00,0.30221306138442083,0.0115,0.0125,0.01201304,0.012,80843.03,BTC-25DEC26,0.4525,-0.09283,73.88998,6245.0,6.2,0.0010000000000000009,BTC,79799.93,5817.57
2026-09-05T22:48:01.094055+00:00,BTC-25JUN27-58000-C,82700.52,BTC-25JUN27,call,58000.0,2027-06-25T08:00:00+00:00,0.8005019046424633,0.3295,0.3375,0.33404994,0.3335,82700.52,BTC-25JUN27,0.4537,0.85931,165.34485,13.8,0.0,0.008000000000000007,BTC,79799.93,0.0
2026-09-05T22:48:01.094055+00:00,BTC-25DEC26-250000-P,80843.03,BTC-25DEC26,put,250000.0,2026-12-25T08:00:00+00:00,0.30221306138442083,2.0705,2.11,2.09265067,2.09025,80843.03,BTC-25DEC26,0.682,-0.99761,3.31161,10.0,0.0,0.03949999999999987,BTC,79799.93,0.0
2026-09-05T22:48:01.094055+00:00,BTC-11SEP26-69000-C,79766.26,BTC-11SEP26,call,69000.0,2026-09-11T08:00:00+00:00,0.014738728735550231,0.133,0.138,0.13516132,0.1355,79766.26,BTC-11SEP26,0.5105,0.99124,2.299,3.8,0.0,0.0050000000000000044,BTC,79799.93,0.0
2026-09-05T22:48:01.094055+00:00,BTC-25SEP26-85000-C,79865.12,BTC-25SEP26,call,85000.0,2026-09-25T08:00:00+00:00,0.05306863975539965,0.0125,0.0135,0.01293884,0.013,79865.12,BTC-25SEP26,0.3839,0.25571,59.19977,9074.3,40.2,0.0009999999999999992,BTC,79799.93,36847.53
2026-09-05T22:48:01.094055+00:00,BTC-26MAR27-190000-P,81760.67,BTC-26MAR27,put,190000.0,2027-03-26T08:00:00+00:00,0.5513574830134421,1.3085,1.345,1.32765782,1.32675,81760.67,BTC-26MAR27,0.5383,-0.97182,39.24422,0.9,0.0,0.03649999999999998,BTC,79799.93,0.0
2026-09-05T22:48:01.094055+00:00,BTC-11SEP26-78000-P,79766.31,BTC-11SEP26,put,78000.0,2026-09-11T08:00:00+00:00,0.014738728735550231,0.007,0.008,0.00762023,0.0075,79766.31,BTC-11SEP26,0.34159999999999996,-0.28497,32.89174,371.2,106.6,0.001,BTC,79799.93,63900.48
2026-09-05T22:48:01.094055+00:00,BTC-25DEC26-160000-C,80843.03,BTC-25DEC26,call,160000.0,2026-12-25T08:00:00+00:00,0.30221306138442083,0.0014,0.0019,0.00167131,0.00165,80843.03,BTC-25DEC26,0.5467,0.01703,18.77357,1291.9,0.0,0.0005,BTC,79799.93,0.0
2026-09-05T22:48:01.094055+00:00,BTC-11SEP26-77000-C,79766.26,BTC-11SEP26,call,77000.0,2026-09-11T08:00:00+00:00,0.014738728735550231,0.0375,0.043,0.03932249,0.04025,79766.26,BTC-11SEP26,0.34659999999999996,0.80669,26.57202,128.1,0.0,0.005499999999999998,BTC,79799.93,0.0
2026-09-05T22:48:01.094055+00:00,BTC-27NOV26-82000-C,80524.56,BTC-27NOV26,call,82000.0,2026-11-27T08:00:00+00:00,0.22555323934472205,0.0645,0.066,0.06528624,0.06525,80524.56,BTC-27NOV26,0.38789999999999997,0.49808,152.66238,53.0,0.0,0.0015000000000000013,BTC,79799.93,0.0
2026-09-05T22:48:01.094055+00:00,BTC-25DEC26-88000-P,80843.03,BTC-25DEC26,put,88000.0,2026-12-25T08:00:00+00:00,0.30221306138442083,0.136,0.1475,0.14104953,0.14175,80843.03,BTC-25DEC26,0.3936,-0.61125,170.45663,7.5,0.0,0.011499999999999982,BTC,79799.93,0.0
2026-09-05T22:48:01.094055+00:00,BTC-9SEP26-85000-C,79758.69,BTC-9SEP26,call,85000.0,2026-09-09T08:00:00+00:00,0.00926302716128603,0.0008,0.0011,0.00090341,0.00095,79758.69,BTC-9SEP26,0.40850000000000003,0.05614,8.68238,0.0,0.0,0.00030000000000000003,BTC,79799.93,0.0
2026-09-05T22:48:01.094055+00:00,BTC-25SEP26-96000-P,79865.12,BTC-25SEP26,put,96000.0,2026-09-25T08:00:00+00:00,0.05306863975539965,0.2005,0.2075,0.20404742,0.204,79865.12,BTC-25SEP26,0.4635,-0.95231,18.28243,1.0,0.0,0.0069999999999999785,BTC,79799.93,0.0
2026-09-05T22:48:01.094055+00:00,BTC-25DEC26-96000-P,80843.07,BTC-25DEC26,put,96000.0,2026-12-25T08:00:00+00:00,0.30221306138442083,0.21,0.224,0.21767787,0.217,80843.07,BTC-25DEC26,0.4029,-0.74652,142.34097,23.9,0.0,0.014000000000000012,BTC,79799.93,0.0
2026-09-05T22:48:01.094055+00:00,BTC-7SEP26-77500-P,79747.67,BTC-7SEP26,put,77500.0,2026-09-07T08:00:00+00:00,0.003787325587021827,0.0003,0.0005,0.00042433,0.0004,79747.67,BTC-7SEP26,0.2925,-0.05342,5.33552,38.6,3.7,0.00020000000000000004,BTC,79799.93,177.41
2026-09-05T22:48:01.094055+00:00,BTC-25DEC26-90000-C,80843.03,BTC-25DEC26,call,90000.0,2026-12-25T08:00:00+00:00,0.30221306138442083,0.045,0.0465,0.04568638,0.04575,80843.03,BTC-25DEC26,0.3953,0.35057,164.80483,3688.0,0.0,0.0015000000000000013,BTC,79799.93,0.0
2026-09-05T22:48:01.094055+00:00,BTC-26MAR27-66000-C,81760.67,BTC-26MAR27,call,66000.0,2027-03-26T08:00:00+00:00,0.5513574830134421,0.231,0.2385,0.23438716,0.23475,81760.67,BTC-26MAR27,0.4244,0.79888,170.63964,23.8,0.0,0.007499999999999979,BTC,79799.93,0.0
2026-09-05T22:48:01.094055+00:00,BTC-25JUN27-62000-P,82700.6,BTC-25JUN27,put,62000.0,2027-06-25T08:00:00+00:00,0.8005019046424633,0.045,0.0475,0.04620215,0.04625,82700.6,BTC-25JUN27,0.44229999999999997,-0.17714,192.33142,115.3,0.0,0.0025000000000000022,BTC,79799.93,0.0
2026-09-05T22:48:01.094055+00:00,BTC-7SEP26-78000-C,79747.72,BTC-7SEP26,call,78000.0,2026-09-07T08:00:00+00:00,0.003787325587021827,0.021,0.0245,0.02256645,0.02275,79747.72,BTC-7SEP26,0.26530000000000004,0.91673,7.52087,87.5,0.0,0.0034999999999999996,BTC,79799.93,0.0
2026-09-05T22:48:01.094055+00:00,BTC-27NOV26-89000-C,80524.56,BTC-27NOV26,call,89000.0,2026-11-27T08:00:00+00:00,0.22555323934472205,0.036,0.0375,0.03676554,0.03675,80524.56,BTC-27NOV26,0.39390000000000003,0.33009,138.5992,180.0,0.1,0.0015000000000000013,BTC,79799.93,291.16
2026-09-05T22:48:01.094055+00:00,BTC-26MAR27-200000-P,81760.67,BTC-26MAR27,put,200000.0,2027-03-26T08:00:00+00:00,0.5513574830134421,1.429,1.4685,1.44940539,1.44875,81760.67,BTC-26MAR27,0.5515,-0.9761,34.18193,1.0,0.0,0.03949999999999987,BTC,79799.93,0.0
2026-09-05T22:48:01.094055+00:00,BTC-26MAR27-45000-C,81760.67,BTC-26MAR27,call,45000.0,2027-03-26T08:00:00+00:00,0.5513574830134421,0.454,0.46,0.45723429,0.457,81760.67,BTC-26MAR27,0.5226,0.95837,54.07335,3.3,0.0,0.006000000000000005,BTC,79799.93,0.0
2026-09-05T22:48:01.094055+00:00,BTC-6SEP26-76000-P,79741.43,BTC-6SEP26,put,76000.0,2026-09-06T08:00:00+00:00,0.0010494747998897253,,0.0001,1e-08,,79741.43,BTC-6SEP26,0.33399999999999996,0.0,0.00044,56.8,32.0,,BTC,79799.93,255.12
2026-09-05T22:48:01.094055+00:00,BTC-25SEP26-30000-P,79865.12,BTC-25SEP26,put,30000.0,2026-09-25T08:00:00+00:00,0.05306863975539965,,0.0001,1.324e-05,,79865.12,BTC-25SEP26,1.238,-0.00017,0.1228,2959.5,0.0,,BTC,79799.93,0.0
2026-09-05T22:48:01.094055+00:00,BTC-11SEP26-70000-P,79766.31,BTC-11SEP26,put,70000.0,2026-09-11T08:00:00+00:00,0.014738728735550231,0.0002,0.0004,0.00029156,0.0003,79766.31,BTC-11SEP26,0.4936,-0.01341,3.33219,723.2,0.1,0.0002,BTC,79799.93,1.6
2026-09-05T22:48:01.094055+00:00,BTC-7SEP26-83000-C,79747.67,BTC-7SEP26,call,83000.0,2026-09-07T08:00:00+00:00,0.003787325587021827,0.0002,0.0004,0.00027512,0.0003,79747.67,BTC-7SEP26,0.3505,0.03402,3.70523,89.2,3.9,0.0002,BTC,79799.93,74.08
2026-09-05T22:48:01.094055+00:00,BTC-30OCT26-95000-C,80203.36,BTC-30OCT26,call,95000.0,2026-10-30T08:00:00+00:00,0.1488934173050232,0.0115,0.0125,0.01208846,0.012,80203.36,BTC-30OCT26,0.4054,0.15802,74.7336,2092.9,0.0,0.0010000000000000009,BTC,79799.93,0.0
2026-09-05T22:48:01.094055+00:00,BTC-26MAR27-160000-C,81760.67,BTC-26MAR27,call,160000.0,2027-03-26T08:00:00+00:00,0.5513574830134421,0.006,0.0075,0.00661139,0.00675,81760.67,BTC-26MAR27,0.4927,0.04953,62.18533,1034.1,0.0,0.0014999999999999996,BTC,79799.93,0.0
2026-09-05T22:48:01.094055+00:00,BTC-25SEP26-260000-C,79865.08,BTC-25SEP26,call,260000.0,2026-09-25T08:00:00+00:00,0.05306863975539965,,0.0001,1.75e-06,,79865.08,BTC-25SEP26,1.2309,3e-05,0.02287,293.3,0.0,,BTC,79799.93,0.0
2026-09-05T22:48:01.094055+00:00,BTC-30OCT26-50000-C,80203.36,BTC-30OCT26,call,50000.0,2026-10-30T08:00:00+00:00,0.1488934173050232,0.3765,0.38,0.37798004,0.37825,80203.36,BTC-30OCT26,0.6007,0.98444,12.10521,0.1,0.0,0.003500000000000003,BTC,79799.93,0.0
2026-09-05T22:48:01.094055+00:00,BTC-25DEC26-66000-P,80843.03,BTC-25DEC26,put,66000.0,2026-12-25T08:00:00+00:00,0.30221306138442083,0.0215,0.0225,0.02189295,0.022,80843.03,BTC-25DEC26,0.4213,-0.1606,108.46028,423.0,0.2,0.0010000000000000009,BTC,79799.88,342.46
2026-09-05T22:48:01.094055+00:00,BTC-25SEP26-82000-C,79865.12,BTC-25SEP26,call,82000.0,2026-09-25T08:00:00+00:00,0.05306863975539965,0.022,0.0235,0.02284098,0.02275,79865.12,BTC-25SEP26,0.3712,0.39656,70.95932,7083.9,28.7,0.0015000000000000013,BTC,79799.88,52662.8
2026-09-05T22:48:01.094055+00:00,BTC-30OCT26-96000-C,80203.36,BTC-30OCT26,call,96000.0,2026-10-30T08:00:00+00:00,0.1488934173050232,0.0105,0.0115,0.01096073,0.011,80203.36,BTC-30OCT26,0.40909999999999996,0.14513,70.62189,193.9,0.1,0.0009999999999999992,BTC,79799.88,79.64
2026-09-05T22:48:01.094055+00:00,BTC-26MAR27-92000-P,81760.67,BTC-26MAR27,put,92000.0,2027-03-26T08:00:00+00:00,0.5513574830134421,0.189,0.206,0.19917482,0.1975,81760.67,BTC-26MAR27,0.4048,-0.59529,235.39568,1.4,0.0,0.016999999999999987,BTC,79799.88,0.0
2026-09-05T22:48:01.094055+00:00,BTC-6SEP26-83000-C,79741.44,BTC-6SEP26,call,83000.0,2026-09-06T08:00:00+00:00,0.0010494747998897253,,0.0002,4.58e-06,,79741.44,BTC-6SEP26,0.40759999999999996,0.00132,0.11213,22.1,0.1,,BTC,79799.88,0.8
2026-09-05T22:48:01.094055+00:00,BTC-25DEC26-190000-P,80843.03,BTC-25DEC26,put,190000.0,2026-12-25T08:00:00+00:00,0.30221306138442083,1.335,1.363,1.35105779,1.349,80843.03,BTC-25DEC26,0.6058,-0.99175,10.00947,0.0,0.0,0.028000000000000025,BTC,79799.88,0.0
2026-09-05T22:48:01.094055+00:00,BTC-18SEP26-80000-P,79823.7,BTC-18SEP26,put,80000.0,2026-09-18T08:00:00+00:00,0.03390368424547494,0.0275,0.029,0.0282737,0.02825,79823.7,BTC-18SEP26,0.36920000000000003,-0.49781,58.66776,122.1,10.8,0.0015000000000000013,BTC,79799.88,24144.55
2026-09-05T22:48:01.094055+00:00,BTC-27NOV26-64000-P,80524.56,BTC-27NOV26,put,64000.0,2026-11-27T08:00:00+00:00,0.22555323934472205,0.0115,0.0125,0.01203015,0.012,80524.56,BTC-27NOV26,0.4318,-0.1107,72.28572,23.3,0.9,0.0010000000000000009,BTC,79799.88,897.96
2026-09-05T22:48:01.094055+00:00,BTC-25DEC26-35000-C,80843.03,BTC-25DEC26,call,35000.0,2026-12-25T08:00:00+00:00,0.30221306138442083,0.568,0.5695,0.56857953,0.56875,80843.03,BTC-25DEC26,0.7148,0.99002,11.82579,87.8,0.0,0.0015000000000000568,BTC,79799.88,0.0
2026-09-05T22:48:01.094055+00:00,BTC-25DEC26-160000-P,80843.03,BTC-25DEC26,put,160000.0,2026-12-25T08:00:00+00:00,0.30221306138442083,0.9675,0.991,0.98081436,0.97925,80843.03,BTC-25DEC26,0.5467,-0.98297,18.77351,0.1,0.0,0.023499999999999965,BTC,79799.88,0.0
2026-09-05T22:48:01.094055+00:00,BTC-27NOV26-89000-P,80524.56,BTC-27NOV26,put,89000.0,2026-11-27T08:00:00+00:00,0.22555323934472205,0.136,0.1475,0.14201785,0.14175,80524.56,BTC-27NOV26,0.39390000000000003,-0.6699,138.60105,0.0,0.0,0.011499999999999982,BTC,79799.88,0.0
2026-09-05T22:48:01.094055+00:00,BTC-25DEC26-120000-C,80843.03,BTC-25DEC26,call,120000.0,2026-12-25T08:00:00+00:00,0.30221306138442083,0.007,0.0075,0.00743426,0.00725,80843.03,BTC-25DEC26,0.45530000000000004,0.07338,61.90178,5827.6,0.0,0.0004999999999999996,BTC,79799.88,0.0
2026-09-05T22:48:01.094055+00:00,BTC-9SEP26-88000-C,79758.69,BTC-9SEP26,call,88000.0,2026-09-09T08:00:00+00:00,0.00926302716128603,0.0002,0.0004,0.00028166,0.0003,79758.69,BTC-9SEP26,0.4778,0.01757,3.33077,0.1,0.1,0.0002,BTC,79799.88,1.6
2026-09-05T22:48:01.094055+00:00,BTC-26MAR27-72000-P,81760.79,BTC-26MAR27,put,72000.0,2027-03-26T08:00:00+00:00,0.5513574830134421,0.063,0.0655,0.06434772,0.06425,81760.79,BTC-26MAR27,0.4122,-0.2846,206.09813,159.3,0.3,0.0025000000000000022,BTC,79799.88,1552.34
2026-09-05T22:48:01.094055+00:00,BTC-25DEC26-150000-C,80843.03,BTC-25DEC26,call,150000.0,2026-12-25T08:00:00+00:00,0.30221306138442083,0.002,0.0025,0.00228544,0.00225,80843.03,BTC-25DEC26,0.5261,0.02325,24.44808,1694.2,6.6,0.0005,BTC,79799.88,1179.84
2026-09-05T22:48:01.094055+00:00,BTC-18SEP26-83000-C,79823.61,BTC-18SEP26,call,83000.0,2026-09-18T08:00:00+00:00,0.03390368424547494,0.0125,0.0135,0.01300312,0.013,79823.61,BTC-18SEP26,0.3818,0.30289,51.35315,556.0,0.8,0.0009999999999999992,BTC,79799.88,752.59
2026-09-05T22:48:01.094055+00:00,BTC-30OCT26-58000-P,80203.36,BTC-30OCT26,put,58000.0,2026-10-30T08:00:00+00:00,0.1488934173050232,0.0028,0.0034,0.00312786,0.0031,80203.36,BTC-30OCT26,0.49950000000000006,-0.03756,25.34905,329.8,4.3,0.0005999999999999998,BTC,79799.88,1117.63
2026-09-05T22:48:01.094055+00:00,BTC-25JUN27-190000-C,82700.52,BTC-25JUN27,call,190000.0,2027-06-25T08:00:00+00:00,0.8005019046424633,0.008,0.01,0.00896883,0.009,82700.52,BTC-25JUN27,0.5082,0.0547,82.01122,48.7,0.0,0.002,BTC,79799.88,0.0
2026-09-05T22:48:01.094055+00:00,BTC-26MAR27-58000-P,81760.67,BTC-26MAR27,put,58000.0,2027-03-26T08:00:00+00:00,0.5513574830134421,0.0215,0.023,0.02226046,0.02225,81760.67,BTC-26MAR27,0.45130000000000003,-0.1164,118.92926,137.1,0.0,0.0015000000000000013,BTC,79799.88,0.0
2026-09-05T22:48:01.094055+00:00,BTC-27NOV26-96000-C,80524.5,BTC-27NOV26,call,96000.0,2026-11-27T08:00:00+00:00,0.22555323934472205,0.02,0.0215,0.02078712,0.02075,80524.5,BTC-27NOV26,0.40700000000000003,0.20861,109.85713,34.0,0.0,0.0014999999999999979,BTC,79799.88,0.0
2026-09-05T22:48:01.094055+00:00,BTC-25JUN27-100000-C,82700.52,BTC-25JUN27,call,100000.0,2027-06-25T08:00:00+00:00,0.8005019046424633,0.079,0.0815,0.08005373,0.08025,82700.52,BTC-25JUN27,0.4191,0.37524,280.81195,203.8,0.1,0.0025000000000000022,BTC,79799.88,626.01
2026-09-05T22:48:01.094055+00:00,BTC-27NOV26-72000-P,80524.5,BTC-27NOV26,put,72000.0,2026-11-27T08:00:00+00:00,0.22555323934472205,0.03,0.0315,0.03067833,0.03075,80524.5,BTC-27NOV26,0.3993,-0.24632,120.64538,28.7,0.1,0.0015000000000000013,BTC,79799.88,246.61
2026-09-05T22:48:01.094055+00:00,BTC-25SEP26-88000-C,79865.08,BTC-25SEP26,call,88000.0,2026-09-25T08:00:00+00:00,0.05306863975539965,0.007,0.008,0.00744271,0.0075,79865.08,BTC-25SEP26,0.4028,0.15984,44.76272,1526.2,3.0,0.001,BTC,79799.88,1608.23
2026-09-05T22:48:01.094055+00:00,BTC-25DEC26-66000-C,80843.03,BTC-25DEC26,call,66000.0,2026-12-25T08:00:00+00:00,0.30221306138442083,0.202,0.2105,0.20549644,0.20625,80843.03,BTC-25DEC26,0.4213,0.8394,108.46028,280.4,0.0,0.00849999999999998,BTC,79799.88,0.0
2026-09-05T22:48:01.094055+00:00,BTC-25DEC26-102000-C,80843.03,BTC-25DEC26,call,102000.0,2026-12-25T08:00:00+00:00,0.30221306138442083,0.02,0.021,0.02026649,0.0205,80843.03,BTC-25DEC26,0.4132,0.18181,117.41521,384.4,0.0,0.0010000000000000009,BTC,79799.88,0.0
2026-09-05T22:48:01.094055+00:00,BTC-26MAR27-104000-C,81760.67,BTC-26MAR27,call,104000.0,2027-03-26T08:00:00+00:00,0.5513574830134421,0.0415,0.0435,0.04257955,0.0425,81760.67,BTC-26MAR27,0.41350000000000003,0.26462,198.82478,115.2,0.0,0.001999999999999995,BTC,79799.88,0.0
2026-09-05T22:48:01.094055+00:00,BTC-27NOV26-66000-P,80524.56,BTC-27NOV26,put,66000.0,2026-11-27T08:00:00+00:00,0.22555323934472205,0.015,0.0155,0.01535767,0.01525,80524.56,BTC-27NOV26,0.4225,-0.13742,84.09996,184.8,10.0,0.0005000000000000004,BTC,79799.88,12155.56
2026-09-05T22:48:01.094055+00:00,BTC-7SEP26-72000-C,79747.72,BTC-7SEP26,call,72000.0,2026-09-07T08:00:00+00:00,0.003787325587021827,0.095,0.1,0.09715952,0.0975,79747.72,BTC-7SEP26,0.5257000000000001,0.99926,0.12595,0.0,0.0,0.0050000000000000044,BTC,79799.88,0.0
2026-09-05T22:48:01.094055+00:00,BTC-30OCT26-84000-C,80203.36,BTC-30OCT26,call,84000.0,2026-10-30T08:00:00+00:00,0.1488934173050232,0.038,0.0395,0.03879837,0.03875,80203.36,BTC-30OCT26,0.3778,0.40418,119.95675,1102.8,1.4,0.0015000000000000013,BTC,79799.88,4166.41
2026-09-05T22:48:01.094055+00:00,BTC-25DEC26-170000-C,80843.07,BTC-25DEC26,call,170000.0,2026-12-25T08:00:00+00:00,0.30221306138442083,0.0011,0.0015,0.00132015,0.0013,80843.07,BTC-25DEC26,0.5692,0.01331,15.19486,2394.2,0.0,0.00039999999999999996,BTC,79799.88,0.0
2026-09-05T22:48:01.094055+00:00,BTC-25SEP26-65000-C,79865.08,BTC-25SEP26,call,65000.0,2026-09-25T08:00:00+00:00,0.05306863975539965,0.185,0.1905,0.18729126,0.18775,79865.08,BTC-25SEP26,0.47619999999999996,0.97348,11.30557,1275.9,0.0,0.005500000000000005,BTC,79799.88,0.0
2026-09-05T22:48:01.094055+00:00,BTC-30OCT26-85000-P,80203.36,BTC-30OCT26,put,85000.0,2026-10-30T08:00:00+00:00,0.1488934173050232,0.0905,0.0985,0.09464998,0.0945,80203.36,BTC-30OCT26,0.37920000000000004,-0.62622,117.30211,105.5,0.0,0.008000000000000007,BTC,79799.88,0.0
2026-09-05T22:48:01.094055+00:00,BTC-26MAR27-130000-P,81760.67,BTC-26MAR27,put,130000.0,2027-03-26T08:00:00+00:00,0.5513574830134421,0.592,0.617,0.60534403,0.6045,81760.67,BTC-26MAR27,0.4471,-0.89068,113.71789,0.4,0.0,0.025000000000000022,BTC,79799.88,0.0
2026-09-05T22:48:01.094055+00:00,BTC-27NOV26-58000-P,80524.5,BTC-27NOV26,put,58000.0,2026-11-27T08:00:00+00:00,0.22555323934472205,0.006,0.0065,0.00622807,0.00625,80524.5,BTC-27NOV26,0.4755,-0.05897,44.97348,8.2,1.1,0.0004999999999999996,BTC,79799.88,486.15
2026-09-05T22:48:01.094055+00:00,BTC-26MAR27-80000-P,81760.67,BTC-26MAR27,put,80000.0,2027-03-26T08:00:00+00:00,0.5513574830134421,0.106,0.1095,0.10783228,0.10775,81760.67,BTC-26MAR27,0.405,-0.41152,236.35802,214.5,0.0,0.003500000000000003,BTC,79799.88,0.0
2026-09-05T22:48:01.094055+00:00,BTC-8SEP26-88000-C,79753.98,BTC-8SEP26,call,88000.0,2026-09-08T08:00:00+00:00,0.006525176374153928,0.0001,0.0003,0.00015987,0.0002,79753.98,BTC-8SEP26,0.5275,0.01138,1.92295,16.8,16.5,0.00019999999999999998,BTC,79799.88,259.51
2026-09-05T22:48:01.094055+00:00,BTC-27NOV26-86000-P,80524.56,BTC-27NOV26,put,86000.0,2026-11-27T08:00:00+00:00,0.22555323934472205,0.1095,0.12,0.11516337,0.11475,80524.56,BTC-27NOV26,0.39049999999999996,-0.6026,147.58797,30.2,0.0,0.010499999999999995,BTC,79799.88,0.0
2026-09-05T22:48:01.094055+00:00,BTC-7SEP26-89000-C,79747.72,BTC-7SEP26,call,89000.0,2026-09-07T08:00:00+00:00,0.003787325587021827,,0.0001,1.89e-06,,79747.72,BTC-7SEP26,0.5085999999999999,0.00025,0.04565,8.1,0.0,,BTC,79799.88,0.0
2026-09-05T22:48:01.094055+00:00,BTC-8SEP26-85000-P,79753.99,BTC-8SEP26,put,85000.0,2026-09-08T08:00:00+00:00,0.006525176374153928,0.063,0.069,0.06617593,0.066,79753.99,BTC-8SEP26,0.4154,-0.96904,4.50143,0.0,0.0,0.006000000000000005,BTC,79799.88,0.0
2026-09-05T22:48:01.094055+00:00,BTC-30OCT26-52000-C,80203.36,BTC-30OCT26,call,52000.0,2026-10-30T08:00:00+00:00,0.1488934173050232,0.3515,0.3555,0.3533014,0.3535,80203.36,BTC-30OCT26,0.5716,0.98104,14.33155,0.1,0.0,0.0040000000000000036,BTC,79799.88,0.0
2026-09-05T22:48:01.094055+00:00,BTC-25SEP26-300000-C,79865.12,BTC-25SEP26,call,300000.0,2026-09-25T08:00:00+00:00,0.05306863975539965,,0.0001,1.63e-06,,79865.12,BTC-25SEP26,1.3629,2e-05,0.01966,196.3,0.0,,BTC,79799.88,0.0
2026-09-05T22:48:01.094055+00:00,BTC-11SEP26-68000-C,79766.31,BTC-11SEP26,call,68000.0,2026-09-11T08:00:00+00:00,0.014738728735550231,0.1455,0.151,0.14769267,0.14825,79766.31,BTC-11SEP26,0.5537,0.99206,2.10917,3.1,0.0,0.005500000000000005,BTC,79799.88,0.0
2026-09-05T22:48:01.094055+00:00,BTC-26MAR27-40000-C,81760.67,BTC-26MAR27,call,40000.0,2027-03-26T08:00:00+00:00,0.5513574830134421,0.515,0.518,0.51553604,0.5165,81760.67,BTC-26MAR27,0.555,0.97389,36.81754,82.1,0.0,0.0030000000000000027,BTC,79799.88,0.0
2026-09-05T22:48:01.094055+00:00,BTC-11SEP26-71000-P,79766.31,BTC-11SEP26,put,71000.0,2026-09-11T08:00:00+00:00,0.014738728735550231,0.0003,0.0004,0.00037588,0.00035,79766.31,BTC-11SEP26,0.4637,-0.0178,4.24751,465.9,0.0,0.00010000000000000005,BTC,79799.88,0.0
2026-09-05T22:48:01.094055+00:00,BTC-25SEP26-135000-C,79865.08,BTC-25SEP26,call,135000.0,2026-09-25T08:00:00+00:00,0.05306863975539965,,0.0001,4.308e-05,,79865.08,BTC-25SEP26,0.7168000000000001,0.00099,0.61368,472.8,0.0,,BTC,79799.88,0.0
2026-09-05T22:48:01.094055+00:00,BTC-25JUN27-64000-C,82700.6,BTC-25JUN27,call,64000.0,2027-06-25T08:00:00+00:00,0.8005019046424633,0.2745,0.2825,0.27881773,0.2785,82700.6,BTC-25JUN27,0.43810000000000004,0.80246,205.74203,33.5,0.0,0.007999999999999952,BTC,79799.88,0.0
2026-09-05T22:48:01.094055+00:00,BTC-25SEP26-72000-P,79865.12,BTC-25SEP26,put,72000.0,2026-09-25T08:00:00+00:00,0.05306863975539965,0.005,0.0055,0.00522969,0.00525,79865.12,BTC-25SEP26,0.38939999999999997,-0.11432,35.58161,2175.2,25.8,0.0004999999999999996,BTC,79799.88,10521.32
2026-09-05T22:48:01.094055+00:00,BTC-26MAR27-85000-P,81760.67,BTC-26MAR27,put,85000.0,2027-03-26T08:00:00+00:00,0.5513574830134421,0.137,0.1485,0.14236062,0.14275,81760.67,BTC-26MAR27,0.40369999999999995,-0.49155,242.28821,3.9,0.0,0.011499999999999982,BTC,79799.88,0.0
2026-09-05T22:48:01.094055+00:00,BTC-25JUN27-180000-P,82700.6,BTC-25JUN27,put,180000.0,2027-06-25T08:00:00+00:00,0.8005019046424633,1.163,1.2035,1.1871744,1.18325,82700.6,BTC-25JUN27,0.49829999999999997,-0.93591,92.85179,0.0,0.0,0.04049999999999998,BTC,79799.88,0.0
2026-09-05T22:48:01.094055+00:00,BTC-25SEP26-62000-P,79865.08,BTC-25SEP26,put,62000.0,2026-09-25T08:00:00+00:00,0.05306863975539965,0.0007,0.0008,0.0007112,0.00075,79865.08,BTC-25SEP26,0.526,-0.01577,7.27733,1426.9,3.1,0.00010000000000000005,BTC,79799.88,184.37
2026-09-05T22:48:01.094055+00:00,BTC-11SEP26-65000-P,79766.31,BTC-11SEP26,put,65000.0,2026-09-11T08:00:00+00:00,0.014738728735550231,,0.0002,4.941e-05,,79766.31,BTC-11SEP26,0.6011,-0.00222,0.67531,47.3,0.6,,BTC,79799.88,4.78
2026-09-05T22:48:01.094055+00:00,BTC-26MAR27-55000-C,81760.67,BTC-26MAR27,call,55000.0,2027-03-26T08:00:00+00:00,0.5513574830134421,0.3405,0.351,0.34457554,0.34575,81760.67,BTC-26MAR27,0.4632,0.90744,100.71971,28.6,0.0,0.010499999999999954,BTC,79799.88,0.0
2026-09-05T22:48:01.094055+00:00,BTC-25JUN27-65000-P,82700.52,BTC-25JUN27,put,65000.0,2027-06-25T08:00:00+00:00,0.8005019046424633,0.055,0.0575,0.05620303,0.05625,82700.52,BTC-25JUN27,0.4362,-0.20817,212.28555,24.7,0.0,0.0025000000000000022,BTC,79799.88,0.0
2026-09-05T22:48:01.094055+00:00,BTC-30OCT26-75000-P,80203.36,BTC-30OCT26,put,75000.0,2026-10-30T08:00:00+00:00,0.1488934173050232,0.0295,0.03,0.02966458,0.02975,80203.36,BTC-30OCT26,0.37799999999999995,-0.29646,107.08691,645.5,2.5,0.0005000000000000004,BTC,79799.88,5958.13
2026-09-05T22:48:01.094055+00:00,BTC-26MAR27-62000-C,81760.67,BTC-26MAR27,call,62000.0,2027-03-26T08:00:00+00:00,0.5513574830134421,0.267,0.279,0.27223304,0.273,81760.67,BTC-26MAR27,0.4361,0.84541,144.49688,59.7,0.0,0.01200000000000001,BTC,79799.88,0.0
2026-09-05T22:48:01.094055+00:00,BTC-25JUN27-150000-P,82700.52,BTC-25JUN27,put,150000.0,2027-06-25T08:00:00+00:00,0.8005019046424633,0.813,0.846,0.83314877,0.8295,82700.52,BTC-25JUN27,0.46759999999999996,-0.88753,141.45076,0.1,0.0,0.03300000000000003,BTC,79799.88,0.0
2026-09-05T22:48:01.094055+00:00,BTC-25SEP26-120000-P,79865.08,BTC-25SEP26,put,120000.0,2026-09-25T08:00:00+00:00,0.05306863975539965,0.4965,0.507,0.50270004,0.50175,79865.08,BTC-25SEP26,0.6456000000000001,-0.99621,2.07747,174.5,0.0,0.01050000000000001,BTC,79799.88,0.0
2026-09-05T22:48:01.094055+00:00,BTC-25SEP26-87000-P,79865.12,BTC-25SEP26,put,87000.0,2026-09-25T08:00:00+00:00,0.05306863975539965,0.0935,0.1015,0.09826935,0.0975,79865.12,BTC-25SEP26,0.39630000000000004,-0.81265,49.52516,0.0,0.0,0.008000000000000007,BTC,79799.88,0.0
2026-09-05T22:48:01.094055+00:00,BTC-30OCT26-92000-C,80203.36,BTC-30OCT26,call,92000.0,2026-10-30T08:00:00+00:00,0.1488934173050232,0.016,0.017,0.01646271,0.0165,80203.36,BTC-30OCT26,0.3958,0.20613,88.26961,1070.9,1.1,0.0010000000000000009,BTC,79799.88,1354.5
2026-09-05T22:48:01.094055+00:00,BTC-25JUN27-52000-C,82700.6,BTC-25JUN27,call,52000.0,2027-06-25T08:00:00+00:00,0.8005019046424633,0.39,0.397,0.39413605,0.3935,82700.6,BTC-25JUN27,0.4733,0.90449,125.63207,1.1,0.0,0.007000000000000006,BTC,79799.88,0.0
2026-09-05T22:48:01.094055+00:00,BTC-25JUN27-125000-P,82700.6,BTC-25JUN27,put,125000.0,2027-06-25T08:00:00+00:00,0.8005019046424633,0.5315,0.5585,0.5478912,0.545,82700.6,BTC-25JUN27,0.44049999999999995,-0.80243,205.75561,0.0,0.0,0.027000000000000024,BTC,79799.88,0.0
2026-09-05T22:48:01.094055+00:00,BTC-8SEP26-84000-C,79753.99,BTC-8SEP26,call,84000.0,2026-09-08T08:00:00+00:00,0.006525176374153928,0.0005,0.0008,0.00060686,0.00065,79753.99,BTC-8SEP26,0.382,0.04925,6.56624,1.2,1.2,0.00030000000000000003,BTC,79799.88,76.04
2026-09-05T22:48:01.094055+00:00,BTC-18SEP26-74000-C,79823.61,BTC-18SEP26,call,74000.0,2026-09-18T08:00:00+00:00,0.03390368424547494,0.0755,0.0805,0.07785284,0.078,79823.61,BTC-18SEP26,0.38280000000000003,0.86716,31.57592,23.2,0.0,0.0050000000000000044,BTC,79799.88,0.0
2026-09-05T22:48:01.094055+00:00,BTC-6SEP26-79500-P,79741.44,BTC-6SEP26,put,79500.0,2026-09-06T08:00:00+00:00,0.0010494747998897253,0.001,0.0014,0.00122025,0.0012,79741.44,BTC-6SEP26,0.1888,-0.29244,8.85907,143.5,63.5,0.00039999999999999996,BTC,79799.88,9941.29
2026-09-05T22:48:01.094055+00:00,BTC-25SEP26-50000-C,79865.08,BTC-25SEP26,call,50000.0,2026-09-25T08:00:00+00:00,0.05306863975539965,0.372,0.3765,0.37404006,0.37425,79865.08,BTC-25SEP26,0.7211,0.99815,1.08531,30.1,0.0,0.004500000000000004,BTC,79799.88,0.0
2026-09-05T22:48:01.094055+00:00,BTC-25SEP26-96000-C,79865.12,BTC-25SEP26,call,96000.0,2026-09-25T08:00:00+00:00,0.05306863975539965,0.0019,0.0022,0.00202427,0.00205,79865.12,BTC-25SEP26,0.4635,0.04766,18.2737,1825.0,1.3,0.00030000000000000014,BTC,79796.34,216.46
2026-09-05T22:48:01.094055+00:00,BTC-26MAR27-112000-C,81760.67,BTC-26MAR27,call,112000.0,2027-03-26T08:00:00+00:00,0.5513574830134421,0.029,0.031,0.03019132,0.03,81760.67,BTC-26MAR27,0.4224,0.19874,169.41053,67.4,0.0,0.0019999999999999983,BTC,79796.34,0.0
2026-09-05T22:48:01.094055+00:00,BTC-30OCT26-84000-P,80203.39,BTC-30OCT26,put,84000.0,2026-10-30T08:00:00+00:00,0.1488934173050232,0.081,0.0905,0.08613565,0.08575,80203.39,BTC-30OCT26,0.3778,-0.59585,119.95221,9.5,1.4,0.009499999999999995,BTC,79796.34,9647.03
2026-09-05T22:48:01.094055+00:00,BTC-26MAR27-82000-C,81760.67,BTC-26MAR27,call,82000.0,2027-03-26T08:00:00+00:00,0.5513574830134421,0.117,0.1195,0.11810836,0.11825,81760.67,BTC-26MAR27,0.4044,0.55613,239.92563,1166.7,5.0,0.0024999999999999883,BTC,79796.34,46060.04
2026-09-05T22:48:01.094055+00:00,BTC-30OCT26-67000-C,80203.36,BTC-30OCT26,call,67000.0,2026-10-30T08:00:00+00:00,0.1488934173050232,0.171,0.178,0.17415095,0.1745,80203.36,BTC-30OCT26,0.4143,0.88608,59.69791,108.4,0.0,0.0069999999999999785,BTC,79792.1,0.0
2026-09-05T22:48:01.094055+00:00,BTC-30OCT26-89000-P,80203.36,BTC-30OCT26,put,89000.0,2026-10-30T08:00:00+00:00,0.1488934173050232,0.1275,0.1365,0.13234323,0.132,80203.36,BTC-30OCT26,0.38770000000000004,-0.73232,101.93324,5.0,0.0,0.009000000000000008,BTC,79792.1,0.0
2026-09-05T22:48:01.094055+00:00,BTC-25SEP26-55000-C,79865.12,BTC-25SEP26,call,55000.0,2026-09-25T08:00:00+00:00,0.05306863975539965,0.31,0.314,0.31158475,0.312,79865.12,BTC-25SEP26,0.6463,0.99506,2.63138,143.7,0.0,0.0040000000000000036,BTC,79792.1,0.0
2026-09-05T22:48:01.094055+00:00,BTC-11SEP26-60000-C,79766.26,BTC-11SEP26,call,60000.0,2026-09-11T08:00:00+00:00,0.014738728735550231,0.246,0.2505,0.24782271,0.24825,79766.26,BTC-11SEP26,0.7525,0.99922,0.25886,0.0,0.0,0.004500000000000004,BTC,79792.1,0.0
2026-09-05T22:48:01.094055+00:00,BTC-25JUN27-88000-C,82700.52,BTC-25JUN27,call,88000.0,2027-06-25T08:00:00+00:00,0.8005019046424633,0.121,0.124,0.12239012,0.1225,82700.52,BTC-25JUN27,0.4158,0.50796,295.31122,21.3,0.0,0.0030000000000000027,BTC,79796.34,0.0
2026-09-05T22:48:01.094055+00:00,BTC-25DEC26-74000-P,80843.07,BTC-25DEC26,put,74000.0,2026-12-25T08:00:00+00:00,0.30221306138442083,0.0475,0.049,0.048013,0.04825,80843.07,BTC-25DEC26,0.39899999999999997,-0.30382,155.48191,162.0,0.2,0.0015000000000000013,BTC,79792.1,764.57
2026-09-05T22:48:01.094055+00:00,BTC-25JUN27-45000-C,82700.52,BTC-25JUN27,call,45000.0,2027-06-25T08:00:00+00:00,0.8005019046424633,0.4685,0.471,0.46961333,0.46975,82700.52,BTC-25JUN27,0.5075,0.94135,86.6346,0.5,0.0,0.0024999999999999467,BTC,79792.1,0.0
2026-09-05T22:48:01.094055+00:00,BTC-11SEP26-73000-C,79766.31,BTC-11SEP26,call,73000.0,2026-09-11T08:00:00+00:00,0.014738728735550231,0.083,0.0885,0.08561736,0.08575,79766.31,BTC-11SEP26,0.4178,0.96221,7.97086,17.0,0.0,0.005499999999999991,BTC,79791.9,0.0
2026-09-05T22:48:01.094055+00:00,BTC-25SEP26-74000-C,79865.08,BTC-25SEP26,call,74000.0,2026-09-25T08:00:00+00:00,0.05306863975539965,0.08,0.084,0.08199043,0.082,79865.08,BTC-25SEP26,0.3739,0.82403,47.61416,1467.6,25.0,0.0040000000000000036,BTC,79791.9,154380.08
2026-09-05T22:48:01.094055+00:00,BTC-27NOV26-88000-C,80524.56,BTC-27NOV26,call,88000.0,2026-11-27T08:00:00+00:00,0.22555323934472205,0.0395,0.0405,0.04000814,0.04,80524.56,BTC-27NOV26,0.39289999999999997,0.3516,141.96795,78.7,0.0,0.0010000000000000009,BTC,79792.1,0.0
2026-09-05T22:48:01.094055+00:00,BTC-25JUN27-54000-C,82700.52,BTC-25JUN27,call,54000.0,2027-06-25T08:00:00+00:00,0.8005019046424633,0.369,0.3765,0.3737636,0.37275,82700.52,BTC-25JUN27,0.4671,0.89036,138.88489,0.9,0.0,0.007500000000000007,BTC,79792.1,0.0
2026-09-05T22:48:01.094055+00:00,BTC-9SEP26-86000-C,79758.69,BTC-9SEP26,call,86000.0,2026-09-09T08:00:00+00:00,0.00926302716128603,0.0005,0.0006,0.00055977,0.00055,79758.69,BTC-9SEP26,0.4268,0.03561,6.01715,0.0,0.0,9.999999999999994e-05,BTC,79791.9,0.0
2026-09-05T22:48:01.094055+00:00,BTC-6SEP26-81000-C,79741.43,BTC-6SEP26,call,81000.0,2026-09-06T08:00:00+00:00,0.0010494747998897253,0.0001,0.0004,0.00022991,0.00025,79741.43,BTC-6SEP26,0.3024,0.05785,2.98404,138.0,69.4,0.00030000000000000003,BTC,79791.9,2835.86
2026-09-05T22:48:01.094055+00:00,BTC-25DEC26-84000-C,80843.03,BTC-25DEC26,call,84000.0,2026-12-25T08:00:00+00:00,0.30221306138442083,0.0685,0.07,0.06930744,0.06925,80843.03,BTC-25DEC26,0.3918,0.47223,176.9486,1345.6,0.0,0.0015000000000000013,BTC,79791.73,0.0
2026-09-05T22:48:01.094055+00:00,BTC-30OCT26-65000-C,80203.36,BTC-30OCT26,call,65000.0,2026-10-30T08:00:00+00:00,0.1488934173050232,0.194,0.2005,0.19703269,0.19725,80203.36,BTC-30OCT26,0.433,0.91016,50.21342,434.5,0.0,0.006500000000000006,BTC,79791.73,0.0
2026-09-05T22:48:01.094055+00:00,BTC-7SEP26-84000-C,79747.67,BTC-7SEP26,call,84000.0,2026-09-07T08:00:00+00:00,0.003787325587021827,0.0001,0.0002,0.00015931,0.00015,79747.67,BTC-7SEP26,0.4,0.01829,2.20165,97.1,4.9,0.0001,BTC,79791.73,43.9
2026-09-05T22:48:01.094055+00:00,BTC-25SEP26-76000-P,79865.12,BTC-25SEP26,put,76000.0,2026-09-25T08:00:00+00:00,0.05306863975539965,0.0135,0.0145,0.01407551,0.014,79865.12,BTC-25SEP26,0.3651,-0.26306,60.06436,946.9,0.3,0.0010000000000000009,BTC,79791.73,314.7
2026-09-05T22:48:01.094055+00:00,BTC-25SEP26-54000-P,79865.08,BTC-25SEP26,put,54000.0,2026-09-25T08:00:00+00:00,0.05306863975539965,0.0001,0.0003,0.00018139,0.0002,79865.08,BTC-25SEP26,0.6534,-0.00373,2.04713,768.9,0.1,0.00019999999999999998,BTC,79791.73,1.6
2026-09-05T22:48:01.094055+00:00,BTC-25DEC26-76000-C,80843.03,BTC-25DEC26,call,76000.0,2026-12-25T08:00:00+00:00,0.30221306138442083,0.114,0.12,0.11746904,0.117,80843.03,BTC-25DEC26,0.39630000000000004,0.65277,164.20476,410.0,0.0,0.0059999999999999915,BTC,79790.35,0.0
2026-09-05T22:48:01.094055+00:00,BTC-27NOV26-73000-P,80524.5,BTC-27NOV26,put,73000.0,2026-11-27T08:00:00+00:00,0.22555323934472205,0.0335,0.035,0.03427876,0.03425,80524.5,BTC-27NOV26,0.39659999999999995,-0.26901,126.28116,17.5,0.0,0.0015000000000000013,BTC,79791.73,0.0
2026-09-05T22:48:01.094055+00:00,BTC-25JUN27-86000-P,82700.6,BTC-25JUN27,put,86000.0,2027-06-25T08:00:00+00:00,0.8005019046424633,0.1655,0.1775,0.17128784,0.1715,82700.6,BTC-25JUN27,0.4157,-0.46758,294.36307,1.4,0.0,0.011999999999999983,BTC,79791.73,0.0
2026-09-05T22:48:01.094055+00:00,BTC-25JUN27-92000-P,82700.6,BTC-25JUN27,put,92000.0,2027-06-25T08:00:00+00:00,0.8005019046424633,0.2075,0.2275,0.21854376,0.2175,82700.6,BTC-25JUN27,0.41619999999999996,-0.53956,293.88505,0.2,0.0,0.020000000000000018,BTC,79791.73,0.0
2026-09-05T22:48:01.094055+00:00,BTC-25DEC26-104000-C,80843.03,BTC-25DEC26,call,104000.0,2026-12-25T08:00:00+00:00,0.30221306138442083,0.0175,0.0185,0.01789136,0.018,80843.03,BTC-25DEC26,0.4175,0.16302,109.50544,90.7,0.0,0.0009999999999999974,BTC,79790.35,0.0
2026-09-05T22:48:01.094055+00:00,BTC-25SEP26-66000-C,79865.08,BTC-25SEP26,call,66000.0,2026-09-25T08:00:00+00:00,0.05306863975539965,0.1725,0.1775,0.17504781,0.175,79865.08,BTC-25SEP26,0.4636,0.96712,13.51077,970.0,0.0,0.0050000000000000044,BTC,79790.35,0.0
2026-09-05T22:48:01.094055+00:00,BTC-6SEP26-87000-P,79741.43,BTC-6SEP26,put,87000.0,2026-09-06T08:00:00+00:00,0.0010494747998897253,0.088,0.0935,0.0910407,0.09075,79741.43,BTC-6SEP26,0.5346,-1.0,3e-05,0.0,0.0,0.005500000000000005,BTC,79790.35,0.0
2026-09-05T22:48:01.094055+00:00,BTC-27NOV26-70000-P,80524.56,BTC-27NOV26,put,70000.0,2026-11-27T08:00:00+00:00,0.22555323934472205,0.024,0.025,0.02442365,0.0245,80524.56,BTC-27NOV26,0.4054,-0.20491,108.68428,47.4,1.5,0.0010000000000000009,BTC,79790.35,2921.29
2026-09-05T22:48:01.094055+00:00,BTC-7SEP26-80000-C,79747.72,BTC-7SEP26,call,80000.0,2026-09-07T08:00:00+00:00,0.003787325587021827,0.0043,0.005,0.00472152,0.00465,79747.72,BTC-7SEP26,0.251,0.42651,19.24152,17.4,1.8,0.0007000000000000001,BTC,79789.85,556.73
2026-09-05T22:48:01.094055+00:00,BTC-27NOV26-76000-C,80524.56,BTC-27NOV26,call,76000.0,2026-11-27T08:00:00+00:00,0.22555323934472205,0.101,0.107,0.10349347,0.104,80524.56,BTC-27NOV26,0.3912,0.65728,140.62271,10.6,0.0,0.0059999999999999915,BTC,79790.35,0.0
2026-09-05T22:48:01.094055+00:00,BTC-8SEP26-90000-C,79753.99,BTC-8SEP26,call,90000.0,2026-09-08T08:00:00+00:00,0.006525176374153928,,0.0001,3.389e-05,,79753.99,BTC-8SEP26,0.5327000000000001,0.00271,0.53825,8.2,0.1,,BTC,79789.85,0.8
2026-09-05T22:48:01.094055+00:00,BTC-11SEP26-79000-P,79766.26,BTC-11SEP26,put,79000.0,2026-09-11T08:00:00+00:00,0.014738728735550231,0.0115,0.0125,0.01217293,0.012,79766.26,BTC-11SEP26,0.3429,-0.39892,37.39725,344.7,59.5,0.0010000000000000009,BTC,79789.85,56739.33
2026-09-05T22:48:01.094055+00:00,BTC-25SEP26-155000-P,79865.08,BTC-25SEP26,put,155000.0,2026-09-25T08:00:00+00:00,0.05306863975539965,0.9355,0.9455,0.94077961,0.9405,79865.08,BTC-25SEP26,0.8133,-0.99971,0.1952,0.1,0.0,0.010000000000000009,BTC,79789.85,0.0
2026-09-05T22:48:01.094055+00:00,BTC-11SEP26-66000-C,79766.31,BTC-11SEP26,call,66000.0,2026-09-11T08:00:00+00:00,0.014738728735550231,0.1705,0.1745,0.1726488,0.1725,79766.31,BTC-11SEP26,0.5761,0.99698,0.89247,0.1,0.0,0.003999999999999976,BTC,79789.85,0.0
2026-09-05T22:48:01.094055+00:00,BTC-25SEP26-105000-C,79865.08,BTC-25SEP26,call,105000.0,2026-09-25T08:00:00+00:00,0.05306863975539965,0.0006,0.0008,0.00066198,0.0007,79865.08,BTC-25SEP26,0.536,0.0156,7.20965,1537.8,1.1,0.0002000000000000001,BTC,79789.85,43.82
2026-09-05T22:48:01.094055+00:00,BTC-25DEC26-88000-C,80843.03,BTC-25DEC26,call,88000.0,2026-12-25T08:00:00+00:00,0.30221306138442083,0.052,0.053,0.05252086,0.0525,80843.03,BTC-25DEC26,0.3936,0.3885,170.40057,3439.5,6.0,0.0010000000000000009,BTC,79789.85,25197.53
2026-09-05T22:48:01.094055+00:00,BTC-18SEP26-90000-C,79823.61,BTC-18SEP26,call,90000.0,2026-09-18T08:00:00+00:00,0.03390368424547494,0.0025,0.0028,0.00264964,0.00265,79823.61,BTC-18SEP26,0.44060000000000005,0.07559,20.93791,409.7,3.0,0.0002999999999999999,BTC,79789.85,501.68
2026-09-05T22:48:01.094055+00:00,BTC-27NOV26-70000-C,80524.5,BTC-27NOV26,call,70000.0,2026-11-27T08:00:00+00:00,0.22555323934472205,0.1515,0.1605,0.15512408,0.156,80524.5,BTC-27NOV26,0.4054,0.79505,108.69367,4.2,0.0,0.009000000000000008,BTC,79789.85,0.0
2026-09-05T22:48:01.094055+00:00,BTC-9SEP26-78000-P,79758.69,BTC-9SEP26,put,78000.0,2026-09-09T08:00:00+00:00,0.00926302716128603,0.0039,0.0043,0.00400519,0.0041,79758.69,BTC-9SEP26,0.314,-0.22482,23.01627,0.0,0.0,0.0004000000000000002,BTC,79789.85,0.0
2026-09-05T22:48:01.094055+00:00,BTC-30OCT26-72000-C,80203.36,BTC-30OCT26,call,72000.0,2026-10-30T08:00:00+00:00,0.1488934173050232,0.1185,0.127,0.12183485,0.12275,80203.36,BTC-30OCT26,0.38799999999999996,0.78705,89.96371,468.4,0.0,0.008500000000000008,BTC,79789.85,0.0
2026-09-05T22:48:01.094055+00:00,BTC-7SEP26-80500-C,79747.67,BTC-7SEP26,call,80500.0,2026-09-07T08:00:00+00:00,0.003787325587021827,0.0024,0.0031,0.00273353,0.00275,79747.67,BTC-7SEP26,0.2581,0.28344,16.61409,34.4,6.7,0.0007000000000000001,BTC,79789.85,1621.89
2026-09-05T22:48:01.094055+00:00,BTC-7SEP26-76500-P,79747.72,BTC-7SEP26,put,76500.0,2026-09-07T08:00:00+00:00,0.003787325587021827,0.0002,0.0004,0.00027131,0.0003,79747.72,BTC-7SEP26,0.3638,-0.03077,3.40955,60.5,15.1,0.0002,BTC,79789.85,229.96
2026-09-05T22:48:01.094055+00:00,BTC-25JUN27-56000-P,82700.6,BTC-25JUN27,put,56000.0,2027-06-25T08:00:00+00:00,0.8005019046424633,0.03,0.032,0.03079232,0.031,82700.6,BTC-25JUN27,0.46,-0.12454,151.99691,84.6,0.0,0.0020000000000000018,BTC,79789.85,0.0
2026-09-05T22:48:01.094055+00:00,BTC-8SEP26-83000-P,79753.99,BTC-8SEP26,put,83000.0,2026-09-08T08:00:00+00:00,0.006525176374153928,0.039,0.0445,0.04179827,0.04175,79753.99,BTC-8SEP26,0.3542,-0.91499,10.02607,0.0,0.0,0.005499999999999998,BTC,79789.85,0.0
2026-09-05T22:48:01.094055+00:00,BTC-6SEP26-82000-P,79741.43,BTC-6SEP26,put,82000.0,2026-09-06T08:00:00+00:00,0.0010494747998897253,0.0255,0.031,0.02840304,0.02825,79741.43,BTC-6SEP26,0.3944,-0.98505,0.97346,5.5,0.0,0.005500000000000001,BTC,79789.85,0.0
2026-09-05T22:48:01.094055+00:00,BTC-26MAR27-105000-P,81760.67,BTC-26MAR27,put,105000.0,2027-03-26T08:00:00+00:00,0.5513574830134421,0.313,0.332,0.32513563,0.3225,81760.67,BTC-26MAR27,0.4152,-0.74426,195.32798,0.5,0.0,0.019000000000000017,BTC,79789.85,0.0
2026-09-05T22:48:01.094055+00:00,BTC-9SEP26-73000-P,79758.65,BTC-9SEP26,put,73000.0,2026-09-09T08:00:00+00:00,0.00926302716128603,0.0002,0.0004,0.00027413,0.0003,79758.65,BTC-9SEP26,0.4412,-0.01764,3.34089,0.1,0.1,0.0002,BTC,79789.85,1.6
2026-09-05T22:48:01.094055+00:00,BTC-18SEP26-65000-P,79823.61,BTC-18SEP26,put,65000.0,2026-09-18T08:00:00+00:00,0.03390368424547494,0.0004,0.0006,0.00050594,0.0005,79823.61,BTC-18SEP26,0.5219,-0.01453,5.41861,90.0,2.1,0.00019999999999999993,BTC,79789.85,62.35
2026-09-05T22:48:01.094055+00:00,BTC-30OCT26-63000-C,80203.39,BTC-30OCT26,call,63000.0,2026-10-30T08:00:00+00:00,0.1488934173050232,0.2175,0.2245,0.22000502,0.221,80203.39,BTC-30OCT26,0.44520000000000004,0.93214,40.59026,153.2,0.0,0.007000000000000006,BTC,79789.85,0.0
2026-09-05T22:48:01.094055+00:00,BTC-30OCT26-90000-P,80203.36,BTC-30OCT26,put,90000.0,2026-10-30T08:00:00+00:00,0.1488934173050232,0.1375,0.1465,0.14259044,0.142,80203.36,BTC-30OCT26,0.391,-0.75405,97.53378,5.6,0.0,0.00899999999999998,BTC,79789.85,0.0
2026-09-05T22:48:01.094055+00:00,BTC-25JUN27-105000-P,82700.6,BTC-25JUN27,put,105000.0,2027-06-25T08:00:00+00:00,0.8005019046424633,0.324,0.3465,0.33719181,0.33525,82700.6,BTC-25JUN27,0.42229999999999995,-0.67093,267.78823,0.1,0.0,0.022499999999999964,BTC,79789.85,0.0
2026-09-05T22:48:01.094055+00:00,BTC-8SEP26-73000-C,79753.99,BTC-8SEP26,call,73000.0,2026-09-08T08:00:00+00:00,0.006525176374153928,0.0825,0.0875,0.08485779,0.085,79753.99,BTC-8SEP26,0.4964,0.98717,2.13242,0.0,0.0,0.0049999999999999906,BTC,79789.85,0.0
2026-09-05T22:48:01.094055+00:00,BTC-30OCT26-73000-P,80203.36,BTC-30OCT26,put,73000.0,2026-10-30T08:00:00+00:00,0.1488934173050232,0.022,0.023,0.02255539,0.0225,80203.36,BTC-30OCT26,0.3845,-0.23917,96.06594,95.9,0.0,0.0010000000000000009,BTC,79788.53,0.0
2026-09-05T22:48:01.094055+00:00,BTC-25SEP26-82000-P,79865.08,BTC-25SEP26,put,82000.0,2026-09-25T08:00:00+00:00,0.05306863975539965,0.046,0.0515,0.04956909,0.04875,79865.08,BTC-25SEP26,0.3712,-0.60421,70.90854,273.9,0.2,0.005499999999999998,BTC,79788.53,803.59
2026-09-05T22:48:01.094055+00:00,BTC-26MAR27-112000-P,81760.67,BTC-26MAR27,put,112000.0,2027-03-26T08:00:00+00:00,0.5513574830134421,0.389,0.4075,0.40005232,0.39825,81760.67,BTC-26MAR27,0.4224,-0.80136,169.34173,0.1,0.0,0.01849999999999996,BTC,79788.53,0.0
2026-09-05T22:48:01.094055+00:00,BTC-25DEC26-58000-C,80843.03,BTC-25DEC26,call,58000.0,2026-12-25T08:00:00+00:00,0.30221306138442083,0.29,0.2975,0.2925037,0.29375,80843.03,BTC-25DEC26,0.4664,0.9226,64.46155,40.3,0.0,0.007500000000000007,BTC,79788.53,0.0
2026-09-05T22:48:01.094055+00:00,BTC-7SEP26-81000-C,79747.67,BTC-7SEP26,call,81000.0,2026-09-07T08:00:00+00:00,0.003787325587021827,0.0014,0.0019,0.00160773,0.00165,79747.67,BTC-7SEP26,0.2723,0.1806,12.9014,51.8,4.3,0.0005,BTC,79788.53,521.52
2026-09-05T22:48:01.094055+00:00,BTC-30OCT26-56000-P,80203.36,BTC-30OCT26,put,56000.0,2026-10-30T08:00:00+00:00,0.1488934173050232,0.0022,0.0028,0.00252029,0.0025,80203.36,BTC-30OCT26,0.5228,-0.02989,21.00031,463.9,0.1,0.0005999999999999998,BTC,79788.53,20.7
2026-09-05T22:48:01.094055+00:00,BTC-30OCT26-79000-C,80203.39,BTC-30OCT26,call,79000.0,2026-10-30T08:00:00+00:00,0.1488934173050232,0.064,0.066,0.06497871,0.065,80203.39,BTC-30OCT26,0.37439999999999996,0.5705,121.58429,186.9,0.1,0.0020000000000000018,BTC,79788.53,501.37
2026-09-05T22:48:01.094055+00:00,BTC-9SEP26-83000-C,79758.69,BTC-9SEP26,call,83000.0,2026-09-09T08:00:00+00:00,0.00926302716128603,0.0021,0.0025,0.00223379,0.0023,79758.69,BTC-9SEP26,0.3617,0.13158,16.37782,0.4,0.4,0.0004000000000000002,BTC,79788.53,44.65
2026-09-05T22:48:01.094055+00:00,BTC-18SEP26-88000-C,79823.61,BTC-18SEP26,call,88000.0,2026-09-18T08:00:00+00:00,0.03390368424547494,0.0039,0.0042,0.00402578,0.00405,79823.61,BTC-18SEP26,0.4203,0.11137,27.89265,394.5,0.3,0.0002999999999999999,BTC,79788.53,84.6
2026-09-05T22:48:01.094055+00:00,BTC-25SEP26-66000-P,79865.08,BTC-25SEP26,put,66000.0,2026-09-25T08:00:00+00:00,0.05306863975539965,0.0014,0.0016,0.00143873,0.0015,79865.08,BTC-25SEP26,0.4636,-0.0329,13.51807,1602.4,0.1,0.0002000000000000001,BTC,79788.53,11.94
2026-09-05T22:48:01.094055+00:00,BTC-27NOV26-69000-C,80524.56,BTC-27NOV26,call,69000.0,2026-11-27T08:00:00+00:00,0.22555323934472205,0.161,0.169,0.16483925,0.165,80524.56,BTC-27NOV26,0.40869999999999995,0.81411,102.43713,0.0,0.0,0.008000000000000007,BTC,79788.53,0.0
2026-09-05T22:48:01.094055+00:00,BTC-25JUN27-90000-C,82700.6,BTC-25JUN27,call,90000.0,2027-06-25T08:00:00+00:00,0.8005019046424633,0.1125,0.1155,0.11390687,0.114,82700.6,BTC-25JUN27,0.4158,0.4837,295.07572,715.0,0.0,0.0030000000000000027,BTC,79788.53,0.0
2026-09-05T22:48:01.094055+00:00,BTC-25SEP26-79000-C,79865.08,BTC-25SEP26,call,79000.0,2026-09-25T08:00:00+00:00,0.05306863975539965,0.038,0.0395,0.03893677,0.03875,79865.08,BTC-25SEP26,0.3636,0.5688,72.33362,2289.7,0.0,0.0015000000000000013,BTC,79788.53,0.0
2026-09-05T22:48:01.094055+00:00,BTC-25DEC26-85000-C,80843.07,BTC-25DEC26,call,85000.0,2026-12-25T08:00:00+00:00,0.30221306138442083,0.064,0.0655,0.06469783,0.06475,80843.07,BTC-25DEC26,0.392,0.4505,176.00691,2213.7,0.0,0.0015000000000000013,BTC,79788.53,0.0
2026-09-05T22:48:01.094055+00:00,BTC-25DEC26-98000-P,80843.03,BTC-25DEC26,put,98000.0,2026-12-25T08:00:00+00:00,0.30221306138442083,0.2325,0.2445,0.23856339,0.2385,80843.03,BTC-25DEC26,0.40590000000000004,-0.77357,133.82191,1.2,0.0,0.011999999999999983,BTC,79788.53,0.0
2026-09-05T22:48:01.094055+00:00,BTC-26MAR27-78000-C,81760.67,BTC-26MAR27,call,78000.0,2027-03-26T08:00:00+00:00,0.5513574830134421,0.1405,0.143,0.14109541,0.14175,81760.67,BTC-26MAR27,0.4045,0.62068,231.13069,583.9,0.0,0.0024999999999999745,BTC,79788.53,0.0
2026-09-05T22:48:01.094055+00:00,BTC-25SEP26-200000-P,79865.08,BTC-25SEP26,put,200000.0,2026-09-25T08:00:00+00:00,0.05306863975539965,1.493,1.5115,1.5042169,1.50225,79865.08,BTC-25SEP26,0.9823999999999999,-0.99996,0.03109,3.2,0.0,0.01849999999999996,BTC,79788.53,0.0
2026-09-05T22:48:01.094055+00:00,BTC-25DEC26-78000-C,80843.03,BTC-25DEC26,call,78000.0,2026-12-25T08:00:00+00:00,0.30221306138442083,0.102,0.105,0.10347617,0.1035,80843.03,BTC-25DEC26,0.39390000000000003,0.60791,170.84173,1046.4,0.0,0.0030000000000000027,BTC,79788.55,0.0
2026-09-05T22:48:01.094055+00:00,BTC-8SEP26-79500-P,79753.99,BTC-8SEP26,put,79500.0,2026-09-08T08:00:00+00:00,0.006525176374153928,0.007,0.008,0.00753123,0.0075,79753.99,BTC-8SEP26,0.2805,-0.43717,25.38344,3.7,0.5,0.001,BTC,79788.53,307.08
2026-09-05T22:48:01.094055+00:00,BTC-25SEP26-85000-P,79865.08,BTC-25SEP26,put,85000.0,2026-09-25T08:00:00+00:00,0.05306863975539965,0.073,0.0805,0.07723018,0.07675,79865.08,BTC-25SEP26,0.3839,-0.7449,59.11464,454.8,0.1,0.007500000000000007,BTC,79788.55,609.43
2026-09-05T22:48:01.094055+00:00,BTC-27NOV26-115000-C,80524.56,BTC-27NOV26,call,115000.0,2026-11-27T08:00:00+00:00,0.22555323934472205,0.005,0.006,0.00546998,0.0055,80524.56,BTC-27NOV26,0.4575,0.06298,47.334,26.1,0.0,0.001,BTC,79788.55,0.0
2026-09-05T22:48:01.094055+00:00,BTC-11SEP26-66000-P,79766.31,BTC-11SEP26,put,66000.0,2026-09-11T08:00:00+00:00,0.014738728735550231,,0.0002,6.579e-05,,79766.31,BTC-11SEP26,0.5761,-0.00303,0.89367,363.6,2.8,,BTC,79787.73,22.3
2026-09-05T22:48:01.094055+00:00,BTC-27NOV26-68000-P,80524.56,BTC-27NOV26,put,68000.0,2026-11-27T08:00:00+00:00,0.22555323934472205,0.019,0.02,0.01939297,0.0195,80524.56,BTC-27NOV26,0.4133,-0.1687,96.34254,34.5,10.3,0.0010000000000000009,BTC,79788.55,14536.68
2026-09-05T22:48:01.094055+00:00,BTC-7SEP26-82000-P,79747.67,BTC-7SEP26,put,82000.0,2026-09-07T08:00:00+00:00,0.003787325587021827,0.027,0.0305,0.02885394,0.02875,79747.67,BTC-7SEP26,0.30879999999999996,-0.92628,6.85424,11.6,0.0,0.0034999999999999996,BTC,79787.73,0.0
2026-09-05T22:48:01.094055+00:00,BTC-25DEC26-95000-P,80843.03,BTC-25DEC26,put,95000.0,2026-12-25T08:00:00+00:00,0.30221306138442083,0.2,0.2135,0.20736168,0.20675,80843.03,BTC-25DEC26,0.401,-0.73279,146.23891,110.6,0.2,0.013499999999999984,BTC,79787.73,3287.99
2026-09-05T22:48:01.094055+00:00,BTC-27NOV26-81000-P,80524.5,BTC-27NOV26,put,81000.0,2026-11-27T08:00:00+00:00,0.22555323934472205,0.0755,0.078,0.07666946,0.07675,80524.5,BTC-27NOV26,0.3882,-0.4757,152.35191,21.3,0.8,0.0025000000000000022,BTC,79787.73,4907.27
2026-09-05T22:48:01.094055+00:00,ETH-25DEC26-8000-P,2503.92,ETH-25DEC26,put,8000.0,2026-12-25T08:00:00+00:00,0.30221306138442083,2.1715,2.2135,2.19563,2.1925,2503.92,ETH-25DEC26,0.768,-0.99444,0.2187,0.0,0.0,0.041999999999999815,ETH,2480.07,0.0
2026-09-05T22:48:01.094055+00:00,ETH-30OCT26-2500-C,2490.32,ETH-30OCT26,call,2500.0,2026-10-30T08:00:00+00:00,0.1488934173050232,0.0755,0.0775,0.076078,0.0765,2490.32,ETH-30OCT26,0.5064,0.53102,3.82317,2829.0,13.0,0.0020000000000000018,ETH,2480.07,2299.31
2026-09-05T22:48:01.094055+00:00,ETH-27NOV26-2400-C,2497.43,ETH-27NOV26,call,2400.0,2026-11-27T08:00:00+00:00,0.22555323934472205,0.1155,0.12,0.117123,0.11775,2497.43,ETH-27NOV26,0.5197999999999999,0.61202,4.5455,307.0,0.0,0.00449999999999999,ETH,2480.07,0.0
2026-09-05T22:48:01.094055+00:00,ETH-26MAR27-3300-P,2529.79,ETH-26MAR27,put,3300.0,2027-03-26T08:00:00+00:00,0.5513574830134421,0.362,0.387,0.376841,0.3745,2529.79,ETH-26MAR27,0.5531,-0.67059,6.80019,101.0,0.0,0.025000000000000022,ETH,2480.07,0.0
2026-09-05T22:48:01.094055+00:00,ETH-8SEP26-2680-P,2480.26,ETH-8SEP26,put,2680.0,2026-09-08T08:00:00+00:00,0.006525176374153928,0.077,0.084,0.080985,0.0805,2480.26,ETH-8SEP26,0.5074000000000001,-0.96924,0.13918,0.0,0.0,0.007000000000000006,ETH,2480.07,0.0
2026-09-05T22:48:01.094055+00:00,ETH-6SEP26-2480-C,2479.62,ETH-6SEP26,call,2480.0,2026-09-06T08:00:00+00:00,0.0010494747998897253,0.0029,0.0039,0.003214,0.0034,2479.62,ETH-6SEP26,0.2535,0.49378,0.31967,290.0,368.0,0.001,ETH,2480.07,3382.86
2026-09-05T22:48:01.094055+00:00,ETH-25DEC26-1400-C,2503.92,ETH-25DEC26,call,1400.0,2026-12-25T08:00:00+00:00,0.30221306138442083,0.446,0.4495,0.4474,0.44775,2503.92,ETH-25DEC26,0.6668999999999999,0.96151,1.14992,939.0,0.0,0.003500000000000003,ETH,2480.07,0.0
2026-09-05T22:48:01.094055+00:00,ETH-26MAR27-2600-P,2529.79,ETH-26MAR27,put,2600.0,2027-03-26T08:00:00+00:00,0.5513574830134421,0.1745,0.178,0.176327,0.17625,2529.79,ETH-26MAR27,0.5432,-0.44674,7.42955,645.0,19.0,0.003500000000000003,ETH,2480.07,8184.27
2026-09-05T22:48:01.094055+00:00,ETH-11SEP26-2550-P,2480.64,ETH-11SEP26,put,2550.0,2026-09-11T08:00:00+00:00,0.014738728735550231,0.035,0.039,0.037676,0.037,2480.64,ETH-11SEP26,0.42310000000000003,-0.69538,1.05446,475.0,0.0,0.003999999999999997,ETH,2480.07,0.0
2026-09-05T22:48:01.094055+00:00,ETH-25SEP26-4600-C,2485.16,ETH-25SEP26,call,4600.0,2026-09-25T08:00:00+00:00,0.05306863975539965,,0.0001,9.3e-05,,2485.16,ETH-25SEP26,0.8802,0.00167,0.03084,4400.0,0.0,,ETH,2480.07,0.0
2026-09-05T22:48:01.094055+00:00,ETH-26MAR27-2800-C,2529.79,ETH-26MAR27,call,2800.0,2027-03-26T08:00:00+00:00,0.5513574830134421,0.1195,0.1225,0.120546,0.121,2529.79,ETH-26MAR27,0.5442,0.48048,7.48748,5034.0,0.0,0.0030000000000000027,ETH,2480.07,0.0
2026-09-05T22:48:01.094055+00:00,ETH-7SEP26-2650-C,2480.01,ETH-7SEP26,call,2650.0,2026-09-07T08:00:00+00:00,0.003787325587021827,0.0002,0.0004,0.00026,0.0003,2480.01,ETH-7SEP26,0.5294,0.02176,0.07933,416.0,232.0,0.0002,ETH,2480.08,115.55
2026-09-05T22:48:01.094055+00:00,ETH-25SEP26-3800-P,2485.16,ETH-25SEP26,put,3800.0,2026-09-25T08:00:00+00:00,0.05306863975539965,0.524,0.535,0.529679,0.5295,2485.16,ETH-25SEP26,0.7722,-0.98921,0.16309,943.0,0.0,0.01100000000000001,ETH,2480.07,0.0
2026-09-05T22:48:01.094055+00:00,ETH-18SEP26-2450-C,2482.8,ETH-18SEP26,call,2450.0,2026-09-18T08:00:00+00:00,0.03390368424547494,0.0405,0.042,0.04117,0.04125,2482.8,ETH-18SEP26,0.4678,0.57822,1.78908,932.0,0.0,0.0015000000000000013,ETH,2480.08,0.0
2026-09-05T22:48:01.094055+00:00,ETH-25SEP26-3200-C,2485.16,ETH-25SEP26,call,3200.0,2026-09-25T08:00:00+00:00,0.05306863975539965,0.0024,0.0029,0.002564,0.00265,2485.16,ETH-25SEP26,0.6232,0.04565,0.54915,13423.0,407.0,0.0005,ETH,2480.08,1961.2
2026-09-05T22:48:01.094055+00:00,ETH-25SEP26-1000-P,2485.18,ETH-25SEP26,put,1000.0,2026-09-25T08:00:00+00:00,0.05306863975539965,,0.0001,5.8e-05,,2485.18,ETH-25SEP26,1.2915,-0.00067,0.01332,10805.0,0.0,,ETH,2480.08,0.0
2026-09-05T22:48:01.094055+00:00,ETH-8SEP26-2340-C,2480.26,ETH-8SEP26,call,2340.0,2026-09-08T08:00:00+00:00,0.006525176374153928,0.0545,0.0605,0.057223,0.0575,2480.26,ETH-8SEP26,0.4291,0.95508,0.18963,0.0,0.0,0.005999999999999998,ETH,2480.08,0.0
2026-09-05T22:48:01.094055+00:00,ETH-25SEP26-1000-C,2485.16,ETH-25SEP26,call,1000.0,2026-09-25T08:00:00+00:00,0.05306863975539965,0.5965,0.5985,0.597674,0.5975,2485.16,ETH-25SEP26,1.2915,0.99933,0.01332,5785.0,0.0,0.0020000000000000018,ETH,2480.08,0.0
2026-09-05T22:48:01.094055+00:00,ETH-27NOV26-2000-C,2497.43,ETH-27NOV26,call,2000.0,2026-11-27T08:00:00+00:00,0.22555323934472205,0.2225,0.2275,0.224526,0.225,2497.43,ETH-27NOV26,0.5478999999999999,0.83731,2.91838,9.0,0.0,0.0050000000000000044,ETH,2480.07,0.0
2026-09-05T22:48:01.094055+00:00,ETH-6SEP26-2200-C,2479.66,ETH-6SEP26,call,2200.0,2026-09-06T08:00:00+00:00,0.0010494747998897253,0.112,0.115,0.112807,0.1135,2479.66,ETH-6SEP26,0.6804000000000001,1.0,0.0,0.0,0.0,0.0030000000000000027,ETH,2480.07,0.0
2026-09-05T22:48:01.094055+00:00,ETH-25DEC26-1800-C,2503.92,ETH-25DEC26,call,1800.0,2026-12-25T08:00:00+00:00,0.30221306138442083,0.3,0.3045,0.301592,0.30225,2503.92,ETH-25DEC26,0.5759000000000001,0.88505,2.6719,2434.0,0.0,0.004500000000000004,ETH,2480.07,0.0
2026-09-05T22:48:01.094055+00:00,ETH-25SEP26-2420-C,2485.18,ETH-25SEP26,call,2420.0,2026-09-25T08:00:00+00:00,0.05306863975539965,0.0565,0.06,0.058083,0.05825,2485.18,ETH-25SEP26,0.48219999999999996,0.61587,2.18754,122.0,0.0,0.003499999999999996,ETH,2480.07,0.0
2026-09-05T22:48:01.094055+00:00,ETH-30OCT26-2250-P,2490.32,ETH-30OCT26,put,2250.0,2026-10-30T08:00:00+00:00,0.1488934173050232,0.036,0.037,0.036283,0.0365,2490.32,ETH-30OCT26,0.512,-0.27018,3.17932,1345.0,0.0,0.0010000000000000009,ETH,2480.07,0.0
2026-09-05T22:48:01.094055+00:00,ETH-26MAR27-4800-P,2529.79,ETH-26MAR27,put,4800.0,2027-03-26T08:00:00+00:00,0.5513574830134421,0.8985,0.93,0.917024,0.91425,2529.79,ETH-26MAR27,0.5953,-0.89018,3.52926,0.0,0.0,0.031500000000000083,ETH,2480.08,0.0
2026-09-05T22:48:01.094055+00:00,ETH-25SEP26-5200-C,2485.18,ETH-25SEP26,call,5200.0,2026-09-25T08:00:00+00:00,0.05306863975539965,,0.0001,2.1e-05,,2485.18,ETH-25SEP26,0.9251,0.00039,0.00816,2392.0,0.0,,ETH,2480.07,0.0
2026-09-05T22:48:01.094055+00:00,ETH-30OCT26-2900-C,2490.32,ETH-30OCT26,call,2900.0,2026-10-30T08:00:00+00:00,0.1488934173050232,0.028,0.0295,0.028933,0.02875,2490.32,ETH-30OCT26,0.5283,0.25946,3.11455,2713.0,39.0,0.0014999999999999979,ETH,2480.08,2636.86
2026-09-05T22:48:01.094055+00:00,ETH-27NOV26-3800-C,2497.43,ETH-27NOV26,call,3800.0,2026-11-27T08:00:00+00:00,0.22555323934472205,0.0095,0.011,0.010382,0.01025,2497.43,ETH-27NOV26,0.5934,0.08884,1.90813,319.0,1000.0,0.0014999999999999996,ETH,2480.08,24070.0
2026-09-05T22:48:01.094055+00:00,ETH-25JUN27-4400-P,2558.44,ETH-25JUN27,put,4400.0,2027-06-25T08:00:00+00:00,0.8005019046424633,0.748,0.785,0.769751,0.7665,2558.44,ETH-25JUN27,0.5761999999999999,-0.78624,6.66815,1.0,0.0,0.03700000000000003,ETH,2480.08,0.0
2026-09-05T22:48:01.094055+00:00,ETH-9SEP26-2320-P,2480.16,ETH-9SEP26,put,2320.0,2026-09-09T08:00:00+00:00,0.00926302716128603,0.0008,0.0012,0.001009,0.001,2480.16,ETH-9SEP26,0.4403,-0.05518,0.26624,2.0,2.0,0.00039999999999999986,ETH,2480.08,6.9
2026-09-05T22:48:01.094055+00:00,ETH-25DEC26-1500-P,2503.92,ETH-25DEC26,put,1500.0,2026-12-25T08:00:00+00:00,0.30221306138442083,0.008,0.009,0.008552,0.0085,2503.92,ETH-25DEC26,0.637,-0.05073,1.43657,16259.0,3.0,0.0009999999999999992,ETH,2480.08,67.48
2026-09-05T22:48:01.094055+00:00,ETH-26MAR27-4200-C,2529.79,ETH-26MAR27,call,4200.0,2027-03-26T08:00:00+00:00,0.5513574830134421,0.0305,0.0325,0.031661,0.0315,2529.79,ETH-26MAR27,0.5772999999999999,0.16657,4.69329,2903.0,0.0,0.0020000000000000018,ETH,2480.11,0.0
2026-09-05T22:48:01.094055+00:00,ETH-9SEP26-2560-C,2480.16,ETH-9SEP26,call,2560.0,2026-09-09T08:00:00+00:00,0.00926302716128603,0.004,0.0045,0.004152,0.00425,2480.16,ETH-9SEP26,0.3868,0.20258,0.67345,17.0,17.0,0.0004999999999999996,ETH,2480.11,70.99
2026-09-05T22:48:01.094055+00:00,ETH-30OCT26-1000-C,2490.3,ETH-30OCT26,call,1000.0,2026-10-30T08:00:00+00:00,0.1488934173050232,0.598,0.6,0.598844,0.599,2490.3,ETH-30OCT26,0.9309999999999999,0.99672,0.09525,0.0,0.0,0.0020000000000000018,ETH,2480.11,0.0
2026-09-05T22:48:01.094055+00:00,ETH-25JUN27-3100-P,2558.47,ETH-25JUN27,put,3100.0,2027-06-25T08:00:00+00:00,0.8005019046424633,0.334,0.3425,0.338907,0.33825,2558.47,ETH-25JUN27,0.5566,-0.55424,9.05051,0.0,0.0,0.008500000000000008,ETH,2480.11,0.0
2026-09-05T22:48:01.094055+00:00,ETH-25SEP26-9000-P,2485.18,ETH-25SEP26,put,9000.0,2026-09-25T08:00:00+00:00,0.05306863975539965,2.602,2.6345,2.621456,2.61825,2485.18,ETH-25SEP26,1.3633000000000002,-0.99996,0.00098,0.0,0.0,0.032500000000000195,ETH,2480.11,0.0
2026-09-05T22:48:01.094055+00:00,ETH-9SEP26-2420-P,2480.16,ETH-9SEP26,put,2420.0,2026-09-09T08:00:00+00:00,0.00926302716128603,0.0048,0.0055,0.005175,0.00515,2480.16,ETH-9SEP26,0.37200000000000005,-0.24059,0.7431,2.0,2.0,0.0007000000000000001,ETH,2480.15,29.58
2026-09-05T22:48:01.094055+00:00,ETH-6SEP26-2260-P,2479.62,ETH-6SEP26,put,2260.0,2026-09-06T08:00:00+00:00,0.0010494747998897253,,0.0001,0.0,,2479.62,ETH-6SEP26,0.5772999999999999,0.0,0.0,92.0,0.0,,ETH,2480.15,0.0
2026-09-05T22:48:01.094055+00:00,ETH-27NOV26-2700-C,2497.43,ETH-27NOV26,call,2700.0,2026-11-27T08:00:00+00:00,0.22555323934472205,0.0665,0.068,0.067309,0.06725,2497.43,ETH-27NOV26,0.5229,0.42477,4.64905,346.0,0.0,0.0015000000000000013,ETH,2480.15,0.0
2026-09-05T22:48:01.094055+00:00,ETH-18SEP26-2200-P,2482.83,ETH-18SEP26,put,2200.0,2026-09-18T08:00:00+00:00,0.03390368424547494,0.0038,0.0041,0.003977,0.00395,2482.83,ETH-18SEP26,0.505,-0.08901,0.73652,3915.0,156.0,0.00030000000000000035,ETH,2480.15,1715.85
2026-09-05T22:48:01.094055+00:00,ETH-25SEP26-2300-P,2485.18,ETH-25SEP26,put,2300.0,2026-09-25T08:00:00+00:00,0.05306863975539965,0.0155,0.0165,0.01602,0.016,2485.18,ETH-25SEP26,0.49200000000000005,-0.22973,1.73775,5624.0,13.0,0.0010000000000000009,ETH,2480.15,585.0
2026-09-05T22:48:01.094055+00:00,ETH-6SEP26-2500-C,2479.62,ETH-6SEP26,call,2500.0,2026-09-06T08:00:00+00:00,0.0010494747998897253,0.0009,0.0015,0.001044,0.0012,2479.62,ETH-6SEP26,0.2948,0.19665,0.22208,1599.0,1670.0,0.0006000000000000001,ETH,2480.15,4015.72
2026-09-05T22:48:01.094055+00:00,ETH-25JUN27-2100-P,2558.44,ETH-25JUN27,put,2100.0,2027-06-25T08:00:00+00:00,0.8005019046424633,0.103,0.1065,0.104829,0.10475,2558.44,ETH-25JUN27,0.5628,-0.25982,7.42489,589.0,0.0,0.003500000000000003,ETH,2480.15,0.0
2026-09-05T22:48:01.094055+00:00,ETH-9SEP26-2540-P,2480.19,ETH-9SEP26,put,2540.0,2026-09-09T08:00:00+00:00,0.00926302716128603,0.027,0.0315,0.029784,0.02925,2480.19,ETH-9SEP26,0.3779,-0.7378,0.77767,0.0,0.0,0.0045000000000000005,ETH,2480.25,0.0
2026-09-05T22:48:01.094055+00:00,ETH-25DEC26-1000-C,2503.92,ETH-25DEC26,call,1000.0,2026-12-25T08:00:00+00:00,0.30221306138442083,0.6015,0.604,0.602489,0.60275,2503.92,ETH-25DEC26,0.8018000000000001,0.98934,0.38796,73.0,0.0,0.0024999999999999467,ETH,2480.25,0.0
2026-09-05T22:48:01.094055+00:00,ETH-25DEC26-2800-P,2503.91,ETH-25DEC26,put,2800.0,2026-12-25T08:00:00+00:00,0.30221306138442083,0.187,0.192,0.190054,0.1895,2503.91,ETH-25DEC26,0.5271,-0.59501,5.33711,2545.0,0.0,0.0050000000000000044,ETH,2480.25,0.0
2026-09-05T22:48:01.094055+00:00,ETH-25SEP26-2450-P,2485.18,ETH-25SEP26,put,2450.0,2026-09-25T08:00:00+00:00,0.05306863975539965,0.0365,0.038,0.037263,0.03725,2485.18,ETH-25SEP26,0.48210000000000003,-0.427,2.24629,62.0,43.0,0.0015000000000000013,ETH,2480.25,4385.79
2026-09-05T22:48:01.094055+00:00,ETH-30OCT26-1800-P,2490.3,ETH-30OCT26,put,1800.0,2026-10-30T08:00:00+00:00,0.1488934173050232,0.006,0.007,0.006568,0.0065,2490.3,ETH-30OCT26,0.5876,-0.0612,1.16296,1273.0,0.0,0.001,ETH,2480.25,0.0
2026-09-05T22:48:01.094055+00:00,ETH-27NOV26-3100-C,2497.43,ETH-27NOV26,call,3100.0,2026-11-27T08:00:00+00:00,0.22555323934472205,0.031,0.0325,0.031954,0.03175,2497.43,ETH-27NOV26,0.5417000000000001,0.23852,3.67617,12.0,5.0,0.0015000000000000013,ETH,2480.28,375.29
2026-09-05T22:48:01.094055+00:00,ETH-6SEP26-2560-C,2479.62,ETH-6SEP26,call,2560.0,2026-09-06T08:00:00+00:00,0.0010494747998897253,0.0002,0.0003,0.000171,0.00025,2479.62,ETH-6SEP26,0.5107,0.02748,0.0507,527.0,122.0,9.999999999999996e-05,ETH,2480.28,55.49
2026-09-05T22:48:01.094055+00:00,ETH-25DEC26-4400-P,2503.94,ETH-25DEC26,put,4400.0,2026-12-25T08:00:00+00:00,0.30221306138442083,0.7525,0.775,0.76534,0.76375,2503.94,ETH-25DEC26,0.6053000000000001,-0.93664,1.71163,20.0,0.0,0.022500000000000075,ETH,2480.28,0.0
2026-09-05T22:48:01.094055+00:00,ETH-25SEP26-3400-C,2485.16,ETH-25SEP26,call,3400.0,2026-09-25T08:00:00+00:00,0.05306863975539965,0.0013,0.0017,0.00148,0.0015,2485.16,ETH-25SEP26,0.675,0.02639,0.35019,9690.0,229.0,0.00039999999999999996,ETH,2480.28,652.54
2026-09-05T22:48:01.094055+00:00,ETH-25SEP26-4400-P,2485.16,ETH-25SEP26,put,4400.0,2026-09-25T08:00:00+00:00,0.05306863975539965,0.7645,0.777,0.770663,0.77075,2485.16,ETH-25SEP26,0.8715999999999999,-0.99696,0.05303,281.0,0.0,0.012500000000000067,ETH,2480.28,0.0
2026-09-05T22:48:01.094055+00:00,ETH-11SEP26-1800-C,2480.64,ETH-11SEP26,call,1800.0,2026-09-11T08:00:00+00:00,0.014738728735550231,0.2735,0.277,0.274464,0.27525,2480.64,ETH-11SEP26,0.9538,0.99766,0.02204,0.0,0.0,0.003500000000000003,ETH,2480.28,0.0
2026-09-05T22:48:01.094055+00:00,ETH-25DEC26-7000-P,2503.92,ETH-25DEC26,put,7000.0,2026-12-25T08:00:00+00:00,0.30221306138442083,1.776,1.8135,1.79673,1.79475,2503.92,ETH-25DEC26,0.7331,-0.99058,0.34845,0.0,0.0,0.03749999999999987,ETH,2480.28,0.0
2026-09-05T22:48:01.094055+00:00,ETH-7SEP26-2650-P,2480.01,ETH-7SEP26,put,2650.0,2026-09-07T08:00:00+00:00,0.003787325587021827,0.065,0.0715,0.068795,0.06825,2480.01,ETH-7SEP26,0.5294,-0.97809,0.07979,0.0,0.0,0.006499999999999992,ETH,2480.28,0.0
2026-09-05T22:48:01.094055+00:00,ETH-25JUN27-4000-C,2558.47,ETH-25JUN27,call,4000.0,2027-06-25T08:00:00+00:00,0.8005019046424633,0.0645,0.067,0.065413,0.06575,2558.47,ETH-25JUN27,0.5693,0.2669,7.52792,4555.0,0.0,0.0025000000000000022,ETH,2480.28,0.0
2026-09-05T22:48:01.094055+00:00,ETH-7SEP26-2480-P,2480.01,ETH-7SEP26,put,2480.0,2026-09-07T08:00:00+00:00,0.003787325587021827,0.007,0.008,0.007524,0.0075,2480.01,ETH-7SEP26,0.3068,-0.49445,0.60862,244.0,40.0,0.001,ETH,2480.28,780.87
2026-09-05T22:48:01.094055+00:00,ETH-18SEP26-2900-P,2482.83,ETH-18SEP26,put,2900.0,2026-09-18T08:00:00+00:00,0.03390368424547494,0.1665,0.1755,0.171551,0.171,2482.83,ETH-18SEP26,0.573,-0.92196,0.66719,0.0,0.0,0.00899999999999998,ETH,2480.28,0.0
2026-09-05T22:48:01.094055+00:00,ETH-26MAR27-1800-C,2529.79,ETH-26MAR27,call,1800.0,2027-03-26T08:00:00+00:00,0.5513574830134421,0.3295,0.3345,0.331685,0.332,2529.79,ETH-26MAR27,0.5761999999999999,0.8436,4.50467,3427.0,0.0,0.0050000000000000044,ETH,2480.28,0.0
2026-09-05T22:48:01.094055+00:00,ETH-9SEP26-2250-C,2480.19,ETH-9SEP26,call,2250.0,2026-09-09T08:00:00+00:00,0.00926302716128603,0.0925,0.096,0.093268,0.09425,2480.19,ETH-9SEP26,0.5181,0.97614,0.13418,0.0,0.0,0.003500000000000003,ETH,2480.3,0.0
2026-09-05T22:48:01.094055+00:00,ETH-7SEP26-2400-C,2480.03,ETH-7SEP26,call,2400.0,2026-09-07T08:00:00+00:00,0.003787325587021827,0.0305,0.0365,0.033099,0.0335,2480.03,ETH-7SEP26,0.3791,0.92236,0.22174,1356.0,46.0,0.005999999999999998,ETH,2480.3,3846.48
2026-09-05T22:48:01.094055+00:00,ETH-11SEP26-2100-C,2480.66,ETH-11SEP26,call,2100.0,2026-09-11T08:00:00+00:00,0.014738728735550231,0.153,0.156,0.153894,0.1545,2480.66,ETH-11SEP26,0.6474,0.98459,0.11673,19.0,0.0,0.0030000000000000027,ETH,2480.3,0.0
2026-09-05T22:48:01.094055+00:00,ETH-25JUN27-1900-C,2558.44,ETH-25JUN27,call,1900.0,2027-06-25T08:00:00+00:00,0.8005019046424633,0.3305,0.337,0.332788,0.33375,2558.44,ETH-25JUN27,0.5721,0.79878,6.43468,115.0,0.0,0.006500000000000006,ETH,2480.3,0.0
2026-09-05T22:48:01.094055+00:00,ETH-26MAR27-2000-P,2529.79,ETH-26MAR27,put,2000.0,2027-03-26T08:00:00+00:00,0.5513574830134421,0.064,0.0665,0.065392,0.06525,2529.79,ETH-26MAR27,0.5606,-0.21984,5.56201,1916.0,0.0,0.0025000000000000022,ETH,2480.3,0.0
2026-09-05T22:48:01.094055+00:00,ETH-25JUN27-3900-C,2558.44,ETH-25JUN27,call,3900.0,2027-06-25T08:00:00+00:00,0.8005019046424633,0.069,0.072,0.070128,0.0705,2558.44,ETH-25JUN27,0.5675,0.28238,7.74035,160.0,0.0,0.002999999999999989,ETH,2480.3,0.0
2026-09-05T22:48:01.094055+00:00,ETH-25SEP26-2100-P,2485.16,ETH-25SEP26,put,2100.0,2026-09-25T08:00:00+00:00,0.05306863975539965,0.0044,0.0049,0.004674,0.00465,2485.16,ETH-25SEP26,0.5411,-0.07872,0.84109,37104.0,1.0,0.0004999999999999996,ETH,2480.3,12.11
2026-09-05T22:48:01.094055+00:00,ETH-27NOV26-2150-C,2497.43,ETH-27NOV26,call,2150.0,2026-11-27T08:00:00+00:00,0.22555323934472205,0.1775,0.1815,0.178992,0.1795,2497.43,ETH-27NOV26,0.532,0.764,3.65481,0.0,0.0,0.0040000000000000036,ETH,2480.32,0.0
2026-09-05T22:48:01.094055+00:00,ETH-7SEP26-2280-C,2480.01,ETH-7SEP26,call,2280.0,2026-09-07T08:00:00+00:00,0.003787325587021827,0.0785,0.0845,0.080761,0.0815,2480.01,ETH-7SEP26,0.5794,0.99133,0.03587,0.0,0.0,0.006000000000000005,ETH,2480.32,0.0
2026-09-05T22:48:01.094055+00:00,ETH-27NOV26-3400-C,2497.43,ETH-27NOV26,call,3400.0,2026-11-27T08:00:00+00:00,0.22555323934472205,0.0185,0.0195,0.019051,0.019,2497.43,ETH-27NOV26,0.5622,0.15356,2.80996,314.0,0.0,0.0010000000000000009,ETH,2480.32,0.0
2026-09-05T22:48:01.094055+00:00,ETH-11SEP26-2400-P,2480.64,ETH-11SEP26,put,2400.0,2026-09-11T08:00:00+00:00,0.014738728735550231,0.007,0.008,0.007228,0.0075,2480.64,ETH-11SEP26,0.4046,-0.24229,0.94129,5649.0,252.0,0.001,ETH,2480.32,6684.8
2026-09-05T22:48:01.094055+00:00,ETH-27NOV26-3000-C,2497.43,ETH-27NOV26,call,3000.0,2026-11-27T08:00:00+00:00,0.22555323934472205,0.0375,0.039,0.038373,0.03825,2497.43,ETH-27NOV26,0.536,0.27677,3.97168,352.0,0.0,0.0015000000000000013,ETH,2480.3,0.0
2026-09-05T22:48:01.094055+00:00,ETH-25SEP26-16000-P,2485.18,ETH-25SEP26,put,16000.0,2026-09-25T08:00:00+00:00,0.05306863975539965,5.399,5.4665,5.438142,5.43275,2485.18,ETH-25SEP26,1.8954,-0.99997,0.00064,30.0,0.0,0.0674999999999999,ETH,2480.32,0.0
2026-09-05T22:48:01.094055+00:00,ETH-25SEP26-2050-P,2485.16,ETH-25SEP26,put,2050.0,2026-09-25T08:00:00+00:00,0.05306863975539965,0.0032,0.0037,0.003476,0.00345,2485.16,ETH-25SEP26,0.5593,-0.05954,0.67816,3957.0,12.0,0.0005,ETH,2480.32,108.15
2026-09-05T22:48:01.094055+00:00,ETH-6SEP26-2280-C,2479.62,ETH-6SEP26,call,2280.0,2026-09-06T08:00:00+00:00,0.0010494747998897253,0.078,0.0835,0.080545,0.08075,2479.62,ETH-6SEP26,0.5406,1.0,0.0,0.0,0.0,0.005500000000000005,ETH,2480.3,0.0
2026-09-05T22:48:01.094055+00:00,ETH-7SEP26-2560-P,2480.03,ETH-7SEP26,put,2560.0,2026-09-07T08:00:00+00:00,0.003787325587021827,0.0295,0.0365,0.033263,0.033,2480.03,ETH-7SEP26,0.3862,-0.90647,0.25492,1.0,0.0,0.006999999999999999,ETH,2480.3,0.0
2026-09-05T22:48:01.094055+00:00,ETH-25JUN27-6000-C,2558.44,ETH-25JUN27,call,6000.0,2027-06-25T08:00:00+00:00,0.8005019046424633,0.0195,0.0215,0.02033,0.0205,2558.44,ETH-25JUN27,0.6076,0.09758,3.94766,1393.0,37.0,0.0019999999999999983,ETH,2480.3,1700.24
2026-09-05T22:48:01.094055+00:00,ETH-11SEP26-3000-P,2480.64,ETH-11SEP26,put,3000.0,2026-09-11T08:00:00+00:00,0.014738728735550231,0.205,0.213,0.209662,0.209,2480.64,ETH-11SEP26,0.6736,-0.98875,0.08892,0.0,0.0,0.008000000000000007,ETH,2480.31,0.0
2026-09-05T22:48:01.094055+00:00,ETH-7SEP26-2620-P,2480.03,ETH-7SEP26,put,2620.0,2026-09-07T08:00:00+00:00,0.003787325587021827,0.053,0.0595,0.056814,0.05625,2480.03,ETH-7SEP26,0.4806,-0.96696,0.11244,0.0,0.0,0.006499999999999999,ETH,2480.31,0.0
2026-09-05T22:48:01.094055+00:00,ETH-7SEP26-2500-C,2480.01,ETH-7SEP26,call,2500.0,2026-09-07T08:00:00+00:00,0.003787325587021827,0.0041,0.0047,0.004373,0.0044,2480.01,ETH-7SEP26,0.31420000000000003,0.34428,0.56171,726.0,98.0,0.0005999999999999998,ETH,2480.31,461.17
2026-09-05T22:48:01.094055+00:00,ETH-26MAR27-4500-P,2529.79,ETH-26MAR27,put,4500.0,2027-03-26T08:00:00+00:00,0.5513574830134421,0.786,0.815,0.803593,0.8005,2529.79,ETH-26MAR27,0.5867,-0.86508,4.07854,0.0,0.0,0.028999999999999915,ETH,2480.31,0.0
2026-09-05T22:48:01.094055+00:00,ETH-9SEP26-2800-P,2480.16,ETH-9SEP26,put,2800.0,2026-09-09T08:00:00+00:00,0.00926302716128603,0.1255,0.1325,0.129314,0.129,2480.16,ETH-9SEP26,0.5935,-0.9818,0.10668,0.0,0.0,0.007000000000000006,ETH,2480.31,0.0
2026-09-05T22:48:01.094055+00:00,ETH-25SEP26-1600-C,2485.18,ETH-25SEP26,call,1600.0,2026-09-25T08:00:00+00:00,0.05306863975539965,0.3555,0.3585,0.356683,0.357,2485.18,ETH-25SEP26,0.8181,0.99246,0.1191,3418.0,0.0,0.0030000000000000027,ETH,2480.31,0.0
2026-09-05T22:48:01.094055+00:00,ETH-27NOV26-4200-P,2497.43,ETH-27NOV26,put,4200.0,2026-11-27T08:00:00+00:00,0.22555323934472205,0.677,0.696,0.687663,0.6865,2497.43,ETH-27NOV26,0.6215999999999999,-0.94658,1.28983,0.0,0.0,0.018999999999999906,ETH,2480.28,0.0
2026-09-05T22:48:01.094055+00:00,ETH-27NOV26-1600-P,2497.43,ETH-27NOV26,put,1600.0,2026-11-27T08:00:00+00:00,0.22555323934472205,0.0065,0.007,0.007031,0.00675,2497.43,ETH-27NOV26,0.6274000000000001,-0.05018,1.22726,15.0,1.0,0.0005000000000000004,ETH,2480.28,16.12
2026-09-05T22:48:01.094055+00:00,ETH-27NOV26-2300-P,2497.43,ETH-27NOV26,put,2300.0,2026-11-27T08:00:00+00:00,0.22555323934472205,0.06,0.0615,0.060492,0.06075,2497.43,ETH-27NOV26,0.5226,-0.32419,4.26615,302.0,0.0,0.0015000000000000013,ETH,2480.28,0.0
2026-09-05T22:48:01.094055+00:00,ETH-26MAR27-3000-P,2529.79,ETH-26MAR27,put,3000.0,2027-03-26T08:00:00+00:00,0.5513574830134421,0.281,0.288,0.283751,0.2845,2529.79,ETH-26MAR27,0.5466,-0.58577,7.32322,370.0,18.0,0.006999999999999951,ETH,2480.28,12327.13
2026-09-05T22:48:01.094055+00:00,ETH-8SEP26-2250-C,2480.26,ETH-8SEP26,call,2250.0,2026-09-08T08:00:00+00:00,0.006525176374153928,0.092,0.0955,0.093159,0.09375,2480.26,ETH-8SEP26,0.5777,0.98271,0.08569,0.0,0.0,0.003500000000000003,ETH,2480.28,0.0
2026-09-05T22:48:01.094055+00:00,ETH-25JUN27-3900-P,2558.47,ETH-25JUN27,put,3900.0,2027-06-25T08:00:00+00:00,0.8005019046424633,0.5755,0.6075,0.594476,0.5915,2558.47,ETH-25JUN27,0.5675,-0.71761,7.74052,0.0,0.0,0.03200000000000003,ETH,2480.28,0.0
2026-09-05T22:48:01.094055+00:00,ETH-25DEC26-5200-P,2503.94,ETH-25DEC26,put,5200.0,2026-12-25T08:00:00+00:00,0.30221306138442083,1.064,1.091,1.080603,1.0775,2503.94,ETH-25DEC26,0.6512,-0.96867,0.97132,0.0,0.0,0.026999999999999913,ETH,2480.28,0.0
2026-09-05T22:48:01.094055+00:00,ETH-25DEC26-4800-C,2503.92,ETH-25DEC26,call,4800.0,2026-12-25T08:00:00+00:00,0.30221306138442083,0.005,0.006,0.005441,0.0055,2503.92,ETH-25DEC26,0.628,0.0435,1.27015,2708.0,0.0,0.001,ETH,2480.28,0.0
2026-09-05T22:48:01.094055+00:00,ETH-25JUN27-4400-C,2558.47,ETH-25JUN27,call,4400.0,2027-06-25T08:00:00+00:00,0.8005019046424633,0.049,0.0515,0.049973,0.05025,2558.47,ETH-25JUN27,0.5761999999999999,0.21382,6.66993,173.0,0.0,0.0024999999999999953,ETH,2480.28,0.0
2026-09-05T22:48:01.094055+00:00,ETH-9SEP26-2400-P,2480.16,ETH-9SEP26,put,2400.0,2026-09-09T08:00:00+00:00,0.00926302716128603,0.0035,0.0039,0.003628,0.0037,2480.16,ETH-9SEP26,0.38020000000000004,-0.17928,0.62485,5.0,5.0,0.00039999999999999975,ETH,2480.28,59.04
2026-09-05T22:48:01.094055+00:00,ETH-25JUN27-2000-P,2558.44,ETH-25JUN27,put,2000.0,2027-06-25T08:00:00+00:00,0.8005019046424633,0.0875,0.091,0.089228,0.08925,2558.44,ETH-25JUN27,0.5666,-0.22986,6.95118,1802.0,1.0,0.003500000000000003,ETH,2480.28,224.88
2026-09-05T22:48:01.094055+00:00,ETH-25SEP26-2050-C,2485.16,ETH-25SEP26,call,2050.0,2026-09-25T08:00:00+00:00,0.05306863975539965,0.177,0.181,0.17858,0.179,2485.16,ETH-25SEP26,0.5593,0.94046,0.67814,19.0,0.0,0.0040000000000000036,ETH,2480.28,0.0
2026-09-05T22:48:01.094055+00:00,ETH-8SEP26-2300-C,2480.26,ETH-8SEP26,call,2300.0,2026-09-08T08:00:00+00:00,0.006525176374153928,0.0705,0.0765,0.07314,0.0735,2480.26,ETH-8SEP26,0.49439999999999995,0.97203,0.12862,0.0,0.0,0.006000000000000005,ETH,2480.28,0.0
2026-09-05T22:48:01.094055+00:00,ETH-25DEC26-2700-P,2503.92,ETH-25DEC26,put,2700.0,2026-12-25T08:00:00+00:00,0.30221306138442083,0.159,0.1645,0.162461,0.16175,2503.92,ETH-25DEC26,0.5251,-0.54632,5.45676,788.0,0.0,0.005500000000000005,ETH,2480.29,0.0
2026-09-05T22:48:01.094055+00:00,ETH-25SEP26-7500-C,2485.18,ETH-25SEP26,call,7500.0,2026-09-25T08:00:00+00:00,0.05306863975539965,,0.0001,3e-06,,2485.18,ETH-25SEP26,1.1895,5e-05,0.00117,2159.0,0.0,,ETH,2480.28,0.0
2026-09-05T22:48:01.094055+00:00,ETH-25SEP26-6800-P,2485.16,ETH-25SEP26,put,6800.0,2026-09-25T08:00:00+00:00,0.05306863975539965,1.727,1.7445,1.736246,1.73575,2485.16,ETH-25SEP26,1.1040999999999999,-0.99994,0.0015,0.0,0.0,0.01749999999999985,ETH,2480.29,0.0
2026-09-05T22:48:01.094055+00:00,ETH-27NOV26-2650-P,2497.43,ETH-27NOV26,put,2650.0,2026-11-27T08:00:00+00:00,0.22555323934472205,0.132,0.1365,0.13502,0.13425,2497.43,ETH-27NOV26,0.5216,-0.5459,4.70215,100.0,0.0,0.004500000000000004,ETH,2480.29,0.0
2026-09-05T22:48:01.094055+00:00,ETH-7SEP26-2620-C,2480.01,ETH-7SEP26,call,2620.0,2026-09-07T08:00:00+00:00,0.003787325587021827,0.0003,0.0006,0.000375,0.00045,2480.01,ETH-7SEP26,0.4806,0.03305,0.11247,226.0,3.0,0.0003,ETH,2480.29,1.72
2026-09-05T22:48:01.094055+00:00,ETH-25DEC26-7000-C,2503.92,ETH-25DEC26,call,7000.0,2026-12-25T08:00:00+00:00,0.30221306138442083,0.0008,0.0015,0.001136,0.00115,2503.92,ETH-25DEC26,0.7331,0.00942,0.34846,3002.0,0.0,0.0007,ETH,2480.29,0.0
2026-09-05T22:48:01.094055+00:00,ETH-25SEP26-2250-P,2485.16,ETH-25SEP26,put,2250.0,2026-09-25T08:00:00+00:00,0.05306863975539965,0.0115,0.0125,0.01174,0.012,2485.16,ETH-25SEP26,0.49950000000000006,-0.17834,1.49407,4453.0,8.0,0.0010000000000000009,ETH,2480.29,260.44
2026-09-05T22:48:01.094055+00:00,ETH-8SEP26-2400-P,2480.23,ETH-8SEP26,put,2400.0,2026-09-08T08:00:00+00:00,0.006525176374153928,0.0017,0.002,0.001855,0.00185,2480.23,ETH-8SEP26,0.36060000000000003,-0.12585,0.41437,234.0,21.0,0.00030000000000000014,ETH,2480.29,151.99
2026-09-05T22:48:01.094055+00:00,ETH-11SEP26-2350-C,2480.64,ETH-11SEP26,call,2350.0,2026-09-11T08:00:00+00:00,0.014738728735550231,0.055,0.06,0.0564,0.0575,2480.64,ETH-11SEP26,0.42219999999999996,0.86051,0.66881,186.0,0.0,0.0049999999999999975,ETH,2480.29,0.0
2026-09-05T22:48:01.094055+00:00,ETH-25DEC26-1800-P,2503.92,ETH-25DEC26,put,1800.0,2026-12-25T08:00:00+00:00,0.30221306138442083,0.02,0.021,0.020459,0.0205,2503.92,ETH-25DEC26,0.5759000000000001,-0.11489,2.67112,5257.0,0.0,0.0010000000000000009,ETH,2480.29,0.0
2026-09-05T22:48:01.094055+00:00,ETH-18SEP26-3000-C,2482.83,ETH-18SEP26,call,3000.0,2026-09-18T08:00:00+00:00,0.03390368424547494,0.0023,0.0026,0.002393,0.00245,2482.83,ETH-18SEP26,0.6124,0.05256,0.4908,724.0,0.0,0.0002999999999999999,ETH,2480.29,0.0
2026-09-05T22:48:01.094055+00:00,ETH-27NOV26-3600-C,2497.43,ETH-27NOV26,call,3600.0,2026-11-27T08:00:00+00:00,0.22555323934472205,0.013,0.014,0.013844,0.0135,2497.43,ETH-27NOV26,0.5770000000000001,0.11567,2.31254,1721.0,2.0,0.0010000000000000009,ETH,2480.29,68.35
2026-09-05T22:48:01.094055+00:00,ETH-25JUN27-1400-P,2558.44,ETH-25JUN27,put,1400.0,2027-06-25T08:00:00+00:00,0.8005019046424633,0.0275,0.0295,0.028426,0.0285,2558.44,ETH-25JUN27,0.6214999999999999,-0.08658,3.61295,1801.0,0.0,0.0019999999999999983,ETH,2480.29,0.0
2026-09-05T22:48:01.094055+00:00,ETH-8SEP26-2680-C,2480.23,ETH-8SEP26,call,2680.0,2026-09-08T08:00:00+00:00,0.006525176374153928,0.0004,0.0007,0.000483,0.00055,2480.23,ETH-8SEP26,0.5074000000000001,0.03094,0.13986,20.0,20.0,0.0003,ETH,2480.29,14.88
2026-09-05T22:48:01.094055+00:00,ETH-25JUN27-1600-C,2558.47,ETH-25JUN27,call,1600.0,2027-06-25T08:00:00+00:00,0.8005019046424633,0.415,0.4215,0.417707,0.41825,2558.47,ETH-25JUN27,0.5964,0.87418,4.73566,379.0,0.0,0.006500000000000006,ETH,2480.29,0.0
2026-09-05T22:48:01.094055+00:00,ETH-27NOV26-2950-C,2497.43,ETH-27NOV26,call,2950.0,2026-11-27T08:00:00+00:00,0.22555323934472205,0.0415,0.0425,0.042056,0.042,2497.43,ETH-27NOV26,0.5331,0.29777,4.11147,150.0,0.0,0.0010000000000000009,ETH,2480.29,0.0
2026-09-05T22:48:01.094055+00:00,ETH-27NOV26-2750-C,2497.43,ETH-27NOV26,call,2750.0,2026-11-27T08:00:00+00:00,0.22555323934472205,0.0605,0.062,0.061278,0.06125,2497.43,ETH-27NOV26,0.5246,0.39674,4.57406,533.0,0.0,0.0015000000000000013,ETH,2480.29,0.0
2026-09-05T22:48:01.094055+00:00,ETH-25DEC26-5000-C,2503.94,ETH-25DEC26,call,5000.0,2026-12-25T08:00:00+00:00,0.30221306138442083,0.0041,0.005,0.00457,0.00455,2503.94,ETH-25DEC26,0.6397999999999999,0.03676,1.10772,4228.0,0.0,0.0008999999999999998,ETH,2480.29,0.0
2026-09-05T22:48:01.094055+00:00,ETH-26MAR27-2900-P,2529.82,ETH-26MAR27,put,2900.0,2027-03-26T08:00:00+00:00,0.5513574830134421,0.2515,0.259,0.254892,0.25525,2529.82,ETH-26MAR27,0.5452,-0.5535,7.42965,258.0,0.0,0.007500000000000007,ETH,2480.29,0.0
2026-09-05T22:48:01.094055+00:00,ETH-7SEP26-2480-C,2480.01,ETH-7SEP26,call,2480.0,2026-09-07T08:00:00+00:00,0.003787325587021827,0.007,0.008,0.007536,0.0075,2480.01,ETH-7SEP26,0.3068,0.50572,0.60862,281.0,18.0,0.001,ETH,2480.29,201.63
2026-09-05T22:48:01.094055+00:00,ETH-9SEP26-2280-C,2480.16,ETH-9SEP26,call,2280.0,2026-09-09T08:00:00+00:00,0.00926302716128603,0.0805,0.084,0.081364,0.08225,2480.16,ETH-9SEP26,0.48700000000000004,0.96567,0.18158,0.0,0.0,0.003500000000000003,ETH,2480.29,0.0
2026-09-05T22:48:01.094055+00:00,ETH-25JUN27-4500-C,2558.44,ETH-25JUN27,call,4500.0,2027-06-25T08:00:00+00:00,0.8005019046424633,0.046,0.0485,0.046879,0.04725,2558.44,ETH-25JUN27,0.5782,0.20263,6.46157,1489.0,0.0,0.0025000000000000022,ETH,2480.29,0.0
2026-09-05T22:48:01.094055+00:00,ETH-6SEP26-2200-P,2479.62,ETH-6SEP26,put,2200.0,2026-09-06T08:00:00+00:00,0.0010494747998897253,,0.0001,0.0,,2479.62,ETH-6SEP26,0.6804000000000001,0.0,0.0,2322.0,0.0,,ETH,2480.29,0.0
2026-09-05T22:48:01.094055+00:00,ETH-25SEP26-4500-C,2485.18,ETH-25SEP26,call,4500.0,2026-09-25T08:00:00+00:00,0.05306863975539965,,0.0002,0.000131,,2485.18,ETH-25SEP26,0.8786,0.00232,0.04154,8196.0,0.0,,ETH,2480.29,0.0
2026-09-05T22:48:01.094055+00:00,ETH-25SEP26-2750-P,2485.18,ETH-25SEP26,put,2750.0,2026-09-25T08:00:00+00:00,0.05306863975539965,0.115,0.1235,0.119974,0.11925,2485.18,ETH-25SEP26,0.5118,-0.78786,1.6604,0.0,0.0,0.008499999999999994,ETH,2480.29,0.0
2026-09-05T22:48:01.094055+00:00,ETH-6SEP26-2000-C,2479.66,ETH-6SEP26,call,2000.0,2026-09-06T08:00:00+00:00,0.0010494747998897253,0.1925,0.196,0.193461,0.19425,2479.66,ETH-6SEP26,1.0279,1.0,0.0,0.0,0.0,0.003500000000000003,ETH,2480.3,0.0
2026-09-05T22:48:01.094055+00:00,ETH-27NOV26-2900-C,2497.43,ETH-27NOV26,call,2900.0,2026-11-27T08:00:00+00:00,0.22555323934472205,0.0455,0.0465,0.046183,0.046,2497.43,ETH-27NOV26,0.5307,0.32035,4.24496,137.0,0.0,0.0010000000000000009,ETH,2480.3,0.0
2026-09-05T22:48:01.094055+00:00,ETH-26MAR27-4400-P,2529.79,ETH-26MAR27,put,4400.0,2027-03-26T08:00:00+00:00,0.5513574830134421,0.7495,0.7775,0.766065,0.7635,2529.79,ETH-26MAR27,0.5832999999999999,-0.85554,4.27256,2.0,0.0,0.027999999999999914,ETH,2480.3,0.0
2026-09-05T22:48:01.094055+00:00,ETH-9SEP26-2580-C,2480.16,ETH-9SEP26,call,2580.0,2026-09-09T08:00:00+00:00,0.00926302716128603,0.003,0.0034,0.003104,0.0032,2480.16,ETH-9SEP26,0.3994,0.15747,0.57483,23.0,23.0,0.00039999999999999975,ETH,2480.3,176.71
2026-09-05T22:48:01.094055+00:00,ETH-30OCT26-1600-P,2490.3,ETH-30OCT26,put,1600.0,2026-10-30T08:00:00+00:00,0.1488934173050232,0.003,0.0035,0.003169,0.00325,2490.3,ETH-30OCT26,0.6516,-0.0297,0.64866,2131.0,0.0,0.0005,ETH,2480.3,0.0
2026-09-05T22:48:01.094055+00:00,ETH-25JUN27-4200-C,2558.44,ETH-25JUN27,call,4200.0,2027-06-25T08:00:00+00:00,0.8005019046424633,0.056,0.0585,0.057035,0.05725,2558.44,ETH-25JUN27,0.5726,0.23865,7.09719,574.0,0.0,0.0025000000000000022,ETH,2480.29,0.0
2026-09-05T22:48:01.094055+00:00,ETH-25SEP26-7000-C,2485.18,ETH-25SEP26,call,7000.0,2026-09-25T08:00:00+00:00,0.05306863975539965,,0.0001,3e-06,,2485.18,ETH-25SEP26,1.1240999999999999,5e-05,0.00129,2135.0,0.0,,ETH,2480.3,0.0
2026-09-05T22:48:01.094055+00:00,ETH-7SEP26-2640-C,2480.01,ETH-7SEP26,call,2640.0,2026-09-07T08:00:00+00:00,0.003787325587021827,0.0003,0.0005,0.000326,0.0004,2480.01,ETH-7SEP26,0.5224,0.02714,0.09552,504.0,500.0,0.00020000000000000004,ETH,2480.29,123.64
2026-09-05T22:48:01.094055+00:00,ETH-27NOV26-2500-P,2497.43,ETH-27NOV26,put,2500.0,2026-11-27T08:00:00+00:00,0.22555323934472205,0.097,0.0995,0.098751,0.09825,2497.43,ETH-27NOV26,0.5195000000000001,-0.45254,4.69986,422.0,0.0,0.0025000000000000022,ETH,2480.29,0.0
2026-09-05T22:48:01.094055+00:00,ETH-25SEP26-11000-P,2485.18,ETH-25SEP26,put,11000.0,2026-09-25T08:00:00+00:00,0.05306863975539965,3.403,3.4425,3.426224,3.42275,2485.18,ETH-25SEP26,1.5529,-0.99997,0.00084,0.0,0.0,0.03949999999999987,ETH,2480.29,0.0
2026-09-05T22:48:01.094055+00:00,ETH-11SEP26-2250-C,2480.64,ETH-11SEP26,call,2250.0,2026-09-11T08:00:00+00:00,0.014738728735550231,0.0935,0.097,0.094256,0.09525,2480.64,ETH-11SEP26,0.4963,0.95067,0.30735,279.0,0.0,0.003500000000000003,ETH,2480.29,0.0
2026-09-05T22:48:01.094055+00:00,ETH-18SEP26-2650-C,2482.83,ETH-18SEP26,call,2650.0,2026-09-18T08:00:00+00:00,0.03390368424547494,0.0125,0.0135,0.013056,0.013,2482.83,ETH-18SEP26,0.4939,0.25138,1.45747,1387.0,85.0,0.0009999999999999992,ETH,2480.29,2196.17
2026-09-05T22:48:01.094055+00:00,ETH-25SEP26-3300-P,2485.16,ETH-25SEP26,put,3300.0,2026-09-25T08:00:00+00:00,0.05306863975539965,0.3255,0.334,0.32981,0.32975,2485.16,ETH-25SEP26,0.6503,-0.96536,0.43876,3.0,0.0,0.008500000000000008,ETH,2480.29,0.0
2026-09-05T22:48:01.094055+00:00,ETH-26MAR27-1000-C,2529.79,ETH-26MAR27,call,1000.0,2027-03-26T08:00:00+00:00,0.5513574830134421,0.61,0.6125,0.610982,0.61125,2529.79,ETH-26MAR27,0.7386,0.97536,1.08489,269.0,0.0,0.0025000000000000577,ETH,2480.29,0.0
2026-09-05T22:48:01.094055+00:00,ETH-25JUN27-3300-C,2558.44,ETH-25JUN27,call,3300.0,2027-06-25T08:00:00+00:00,0.8005019046424633,0.108,0.111,0.108989,0.1095,2558.44,ETH-25JUN27,0.5587,0.39789,8.83505,2273.0,0.0,0.0030000000000000027,ETH,2480.29,0.0
2026-09-05T22:48:01.094055+00:00,ETH-27NOV26-4000-C,2497.43,ETH-27NOV26,call,4000.0,2026-11-27T08:00:00+00:00,0.22555323934472205,0.0075,0.0085,0.007912,0.008,2497.43,ETH-27NOV26,0.6091,0.06905,1.57639,77.0,0.0,0.0010000000000000009,ETH,2480.29,0.0
2026-09-05T22:48:01.094055+00:00,ETH-9SEP26-2280-P,2480.16,ETH-9SEP26,put,2280.0,2026-09-09T08:00:00+00:00,0.00926302716128603,0.0005,0.0008,0.000649,0.00065,2480.16,ETH-9SEP26,0.48700000000000004,-0.03433,0.18157,13.0,13.0,0.00030000000000000003,ETH,2480.29,19.16
2026-09-05T22:48:01.094055+00:00,ETH-25JUN27-1500-C,2558.47,ETH-25JUN27,call,1500.0,2027-06-25T08:00:00+00:00,0.8005019046424633,0.4465,0.453,0.448865,0.44975,2558.47,ETH-25JUN27,0.608,0.89497,4.16507,50.0,0.0,0.006500000000000006,ETH,2480.29,0.0
2026-09-05T22:48:01.094055+00:00,ETH-25SEP26-8000-C,2485.18,ETH-25SEP26,call,8000.0,2026-09-25T08:00:00+00:00,0.05306863975539965,,0.0001,3e-06,,2485.18,ETH-25SEP26,1.2502,5e-05,0.00108,1654.0,0.0,,ETH,2480.29,0.0
2026-09-05T22:48:01.094055+00:00,ETH-9SEP26-2580-P,2480.16,ETH-9SEP26,put,2580.0,2026-09-09T08:00:00+00:00,0.00926302716128603,0.0405,0.045,0.043348,0.04275,2480.16,ETH-9SEP26,0.3994,-0.84255,0.57478,0.0,0.0,0.004499999999999997,ETH,2480.29,0.0
2026-09-05T22:48:01.094055+00:00,ETH-25DEC26-6500-P,2503.92,ETH-25DEC26,put,6500.0,2026-12-25T08:00:00+00:00,0.30221306138442083,1.5785,1.6115,1.597473,1.595,2503.92,ETH-25DEC26,0.7149,-0.98712,0.45736,0.0,0.0,0.03299999999999992,ETH,2480.29,0.0
2026-09-05T22:48:01.094055+00:00,ETH-25SEP26-4200-P,2485.16,ETH-25SEP26,put,4200.0,2026-09-25T08:00:00+00:00,0.05306863975539965,0.684,0.6955,0.690219,0.68975,2485.16,ETH-25SEP26,0.8226,-0.99624,0.06417,551.0,0.0,0.011499999999999955,ETH,2480.29,0.0
2026-09-05T22:48:01.094055+00:00,ETH-26MAR27-3600-C,2529.79,ETH-26MAR27,call,3600.0,2027-03-26T08:00:00+00:00,0.5513574830134421,0.053,0.0555,0.054172,0.05425,2529.79,ETH-26MAR27,0.5605,0.26142,6.11274,2292.0,0.0,0.0025000000000000022,ETH,2480.29,0.0
2026-09-05T22:48:01.094055+00:00,ETH-26MAR27-3400-P,2529.79,ETH-26MAR27,put,3400.0,2027-03-26T08:00:00+00:00,0.5513574830134421,0.3945,0.4205,0.409471,0.4075,2529.79,ETH-26MAR27,0.555,-0.69523,6.58043,6.0,0.0,0.025999999999999968,ETH,2480.29,0.0
2026-09-05T22:48:01.094055+00:00,ETH-30OCT26-1400-C,2490.3,ETH-30OCT26,call,1400.0,2026-10-30T08:00:00+00:00,0.1488934173050232,0.4385,0.4415,0.43938,0.44,2490.3,ETH-30OCT26,0.7283,0.98573,0.34876,50.0,0.0,0.0030000000000000027,ETH,2480.29,0.0
2026-09-05T22:48:01.094055+00:00,ETH-25DEC26-2600-C,2503.92,ETH-25DEC26,call,2600.0,2026-12-25T08:00:00+00:00,0.30221306138442083,0.0975,0.099,0.098468,0.09825,2503.92,ETH-25DEC26,0.5236,0.50539,5.49333,9733.0,3.0,0.0015000000000000013,ETH,2480.29,736.35
2026-09-05T22:48:01.094055+00:00,ETH-25JUN27-2400-C,2558.44,ETH-25JUN27,call,2400.0,2027-06-25T08:00:00+00:00,0.8005019046424633,0.22,0.2265,0.223104,0.22325,2558.44,ETH-25JUN27,0.5566,0.64713,8.50736,907.0,0.0,0.006500000000000006,ETH,2480.29,0.0
2026-09-05T22:48:01.094055+00:00,ETH-25JUN27-5000-C,2558.44,ETH-25JUN27,call,5000.0,2027-06-25T08:00:00+00:00,0.8005019046424633,0.0335,0.036,0.034536,0.03475,2558.44,ETH-25JUN27,0.5876,0.15605,5.48123,2381.0,8.0,0.0024999999999999953,ETH,2480.29,648.17
2026-09-05T22:48:01.094055+00:00,ETH-25JUN27-2500-P,2558.44,ETH-25JUN27,put,2500.0,2027-06-25T08:00:00+00:00,0.8005019046424633,0.1805,0.1845,0.182871,0.1825,2558.44,ETH-25JUN27,0.5555,-0.3839,8.74629,1150.0,0.0,0.0040000000000000036,ETH,2480.29,0.0
2026-09-05T22:48:01.094055+00:00,ETH-18SEP26-2100-C,2482.83,ETH-18SEP26,call,2100.0,2026-09-18T08:00:00+00:00,0.03390368424547494,0.155,0.1595,0.156149,0.15725,2482.83,ETH-18SEP26,0.5517,0.95539,0.43042,0.0,0.0,0.004500000000000004,ETH,2480.21,0.0
2026-09-05T22:48:01.094055+00:00,ETH-30OCT26-1850-P,2490.32,ETH-30OCT26,put,1850.0,2026-10-30T08:00:00+00:00,0.1488934173050232,0.0075,0.0085,0.008052,0.008,2490.32,ETH-30OCT26,0.5764,-0.07387,1.34518,1324.0,0.0,0.0010000000000000009,ETH,2480.21,0.0
2026-09-05T22:48:01.094055+00:00,ETH-18SEP26-2400-C,2482.83,ETH-18SEP26,call,2400.0,2026-09-18T08:00:00+00:00,0.03390368424547494,0.052,0.055,0.053086,0.0535,2482.83,ETH-18SEP26,0.46799999999999997,0.66913,1.6579,162.0,0.0,0.0030000000000000027,ETH,2480.21,0.0
2026-09-05T22:48:01.094055+00:00,ETH-25SEP26-2650-P,2485.16,ETH-25SEP26,put,2650.0,2026-09-25T08:00:00+00:00,0.05306863975539965,0.085,0.0895,0.087481,0.08725,2485.16,ETH-25SEP26,0.496,-0.6929,2.01217,0.0,0.0,0.00449999999999999,ETH,2480.21,0.0
2026-09-05T22:48:01.094055+00:00,ETH-25DEC26-4200-C,2503.92,ETH-25DEC26,call,4200.0,2026-12-25T08:00:00+00:00,0.30221306138442083,0.0095,0.0105,0.010199,0.01,2503.92,ETH-25DEC26,0.5949,0.07819,2.01196,5295.0,0.0,0.0010000000000000009,ETH,2480.21,0.0
2026-09-05T22:48:01.094055+00:00,ETH-7SEP26-2580-P,2480.01,ETH-7SEP26,put,2580.0,2026-09-07T08:00:00+00:00,0.003787325587021827,0.0375,0.044,0.041052,0.04075,2480.01,ETH-7SEP26,0.4226,-0.93362,0.19662,0.0,0.0,0.006499999999999999,ETH,2480.2,0.0
2026-09-05T22:48:01.094055+00:00,ETH-30OCT26-2550-C,2490.32,ETH-30OCT26,call,2550.0,2026-10-30T08:00:00+00:00,0.1488934173050232,0.067,0.0685,0.067745,0.06775,2490.32,ETH-30OCT26,0.5088,0.49117,3.83407,1490.0,1.0,0.0015000000000000013,ETH,2480.2,156.14
2026-09-05T22:48:01.094055+00:00,ETH-25SEP26-8500-C,2485.16,ETH-25SEP26,call,8500.0,2026-09-25T08:00:00+00:00,0.05306863975539965,,0.0001,3e-06,,2485.16,ETH-25SEP26,1.3075,4e-05,0.00101,1699.0,0.0,,ETH,2480.21,0.0
2026-09-05T22:48:01.094055+00:00,ETH-27NOV26-2600-C,2497.41,ETH-27NOV26,call,2600.0,2026-11-27T08:00:00+00:00,0.22555323934472205,0.0805,0.082,0.08124,0.08125,2497.41,ETH-27NOV26,0.5207,0.48437,4.72956,197.0,0.0,0.0015000000000000013,ETH,2480.2,0.0
2026-09-05T22:48:01.094055+00:00,ETH-26MAR27-5000-P,2529.79,ETH-26MAR27,put,5000.0,2027-03-26T08:00:00+00:00,0.5513574830134421,0.974,1.008,0.993423,0.991,2529.79,ETH-26MAR27,0.6013000000000001,-0.90355,3.21188,0.0,0.0,0.03400000000000003,ETH,2480.2,0.0
2026-09-05T22:48:01.094055+00:00,ETH-25SEP26-4500-P,2485.18,ETH-25SEP26,put,4500.0,2026-09-25T08:00:00+00:00,0.05306863975539965,0.8045,0.8165,0.810858,0.8105,2485.18,ETH-25SEP26,0.8786,-0.99768,0.04152,6.0,0.0,0.01200000000000001,ETH,2480.2,0.0
2026-09-05T22:48:01.094055+00:00,ETH-6SEP26-2000-P,2479.62,ETH-6SEP26,put,2000.0,2026-09-06T08:00:00+00:00,0.0010494747998897253,,0.0001,0.0,,2479.62,ETH-6SEP26,1.0279,0.0,0.0,177.0,0.0,,ETH,2480.2,0.0
2026-09-05T22:48:01.094055+00:00,ETH-30OCT26-3200-C,2490.32,ETH-30OCT26,call,3200.0,2026-10-30T08:00:00+00:00,0.1488934173050232,0.014,0.015,0.014446,0.0145,2490.32,ETH-30OCT26,0.5554,0.14406,2.18145,5027.0,51.0,0.0009999999999999992,ETH,2480.2,1577.95
2026-09-05T22:48:01.094055+00:00,ETH-18SEP26-2000-C,2482.83,ETH-18SEP26,call,2000.0,2026-09-18T08:00:00+00:00,0.03390368424547494,0.1945,0.1985,0.195507,0.1965,2482.83,ETH-18SEP26,0.6074,0.97666,0.25229,18.0,0.0,0.0040000000000000036,ETH,2480.2,0.0
2026-09-05T22:48:01.094055+00:00,ETH-26MAR27-800-C,2529.82,ETH-26MAR27,call,800.0,2027-03-26T08:00:00+00:00,0.5513574830134421,0.6865,0.689,0.687202,0.68775,2529.82,ETH-26MAR27,0.8075,0.98677,0.63852,0.0,0.0,0.0024999999999999467,ETH,2480.2,0.0
2026-09-05T22:48:01.094055+00:00,ETH-26MAR27-4400-C,2529.79,ETH-26MAR27,call,4400.0,2027-03-26T08:00:00+00:00,0.5513574830134421,0.026,0.028,0.026859,0.027,2529.79,ETH-26MAR27,0.5832999999999999,0.14445,4.27214,1063.0,0.0,0.0020000000000000018,ETH,2480.2,0.0
2026-09-05T22:48:01.094055+00:00,ETH-6SEP26-2100-P,2479.62,ETH-6SEP26,put,2100.0,2026-09-06T08:00:00+00:00,0.0010494747998897253,,0.0001,0.0,,2479.62,ETH-6SEP26,0.9342,0.0,0.0,507.0,0.0,,ETH,2480.2,0.0
2026-09-05T22:48:01.094055+00:00,ETH-25DEC26-3000-P,2503.94,ETH-25DEC26,put,3000.0,2026-12-25T08:00:00+00:00,0.30221306138442083,0.2415,0.257,0.250527,0.24925,2503.94,ETH-25DEC26,0.5333,-0.68065,4.92029,781.0,0.0,0.015500000000000014,ETH,2480.2,0.0
2026-09-05T22:48:01.094055+00:00,ETH-8SEP26-2520-P,2480.26,ETH-8SEP26,put,2520.0,2026-09-08T08:00:00+00:00,0.006525176374153928,0.018,0.0225,0.020799,0.02025,2480.26,ETH-8SEP26,0.3387,-0.71408,0.68122,0.0,0.0,0.0045000000000000005,ETH,2480.2,0.0
2026-09-05T22:48:01.094055+00:00,ETH-25SEP26-2500-P,2485.18,ETH-25SEP26,put,2500.0,2026-09-25T08:00:00+00:00,0.05306863975539965,0.047,0.0485,0.047549,0.04775,2485.18,ETH-25SEP26,0.4829,-0.49896,2.2847,4563.0,42.0,0.0015000000000000013,ETH,2480.2,5243.42
2026-09-05T22:48:01.094055+00:00,ETH-25SEP26-13000-C,2485.18,ETH-25SEP26,call,13000.0,2026-09-25T08:00:00+00:00,0.05306863975539965,,0.0001,2e-06,,2485.18,ETH-25SEP26,1.7075,3e-05,0.00074,3307.0,0.0,,ETH,2480.2,0.0
2026-09-05T22:48:01.094055+00:00,ETH-25SEP26-7200-P,2485.18,ETH-25SEP26,put,7200.0,2026-09-25T08:00:00+00:00,0.05306863975539965,1.8825,1.9075,1.897166,1.895,2485.18,ETH-25SEP26,1.1496,-0.99995,0.00122,0.0,0.0,0.02499999999999991,ETH,2480.2,0.0
2026-09-05T22:48:01.094055+00:00,ETH-6SEP26-2620-C,2479.62,ETH-6SEP26,call,2620.0,2026-09-06T08:00:00+00:00,0.0010494747998897253,,0.0002,8e-06,,2479.62,ETH-6SEP26,0.5704,0.00147,0.00383,114.0,0.0,,ETH,2480.2,0.0
2026-09-05T22:48:01.094055+00:00,ETH-25JUN27-1900-P,2558.44,ETH-25JUN27,put,1900.0,2027-06-25T08:00:00+00:00,0.8005019046424633,0.074,0.0765,0.075419,0.07525,2558.44,ETH-25JUN27,0.5721,-0.20124,6.43478,3367.0,0.0,0.0025000000000000022,ETH,2480.2,0.0
2026-09-05T22:48:01.094055+00:00,ETH-27NOV26-3400-P,2497.43,ETH-27NOV26,put,3400.0,2026-11-27T08:00:00+00:00,0.22555323934472205,0.372,0.387,0.380407,0.3795,2497.43,ETH-27NOV26,0.5622,-0.84653,2.80866,0.0,0.0,0.015000000000000013,ETH,2480.2,0.0
2026-09-05T22:48:01.094055+00:00,ETH-7SEP26-2420-C,2480.01,ETH-7SEP26,call,2420.0,2026-09-07T08:00:00+00:00,0.003787325587021827,0.024,0.0285,0.025504,0.02625,2480.01,ETH-7SEP26,0.3457,0.87801,0.30875,1.0,0.0,0.0045000000000000005,ETH,2480.2,0.0
2026-09-05T22:48:01.094055+00:00,ETH-25DEC26-4500-C,2503.94,ETH-25DEC26,call,4500.0,2026-12-25T08:00:00+00:00,0.30221306138442083,0.007,0.008,0.007428,0.0075,2503.94,ETH-25DEC26,0.6129,0.05817,1.60105,3051.0,0.0,0.001,ETH,2480.2,0.0
2026-09-05T22:48:01.094055+00:00,ETH-9SEP26-2660-P,2480.16,ETH-9SEP26,put,2660.0,2026-09-09T08:00:00+00:00,0.00926302716128603,0.0695,0.0765,0.073659,0.073,2480.16,ETH-9SEP26,0.46399999999999997,-0.93863,0.28942,0.0,0.0,0.006999999999999992,ETH,2480.2,0.0
2026-09-05T22:48:01.094055+00:00,ETH-30OCT26-1000-P,2490.3,ETH-30OCT26,put,1000.0,2026-10-30T08:00:00+00:00,0.1488934173050232,0.0002,0.0007,0.000399,0.00045,2490.3,ETH-30OCT26,0.9309999999999999,-0.00328,0.0952,1893.0,0.0,0.0005,ETH,2480.2,0.0
2026-09-05T22:48:01.094055+00:00,ETH-25JUN27-1400-C,2558.44,ETH-25JUN27,call,1400.0,2027-06-25T08:00:00+00:00,0.8005019046424633,0.4785,0.4845,0.481219,0.4815,2558.44,ETH-25JUN27,0.6214999999999999,0.91341,3.61315,50.0,0.0,0.006000000000000005,ETH,2480.2,0.0
2026-09-05T22:48:01.094055+00:00,ETH-26MAR27-2300-C,2529.79,ETH-26MAR27,call,2300.0,2027-03-26T08:00:00+00:00,0.5513574830134421,0.2015,0.2065,0.203277,0.204,2529.79,ETH-26MAR27,0.5471,0.66918,6.81222,7621.0,0.0,0.004999999999999977,ETH,2480.18,0.0
2026-09-05T22:48:01.094055+00:00,ETH-25SEP26-6400-C,2485.18,ETH-25SEP26,call,6400.0,2026-09-25T08:00:00+00:00,0.05306863975539965,,0.0001,5e-06,,2485.18,ETH-25SEP26,1.0674,0.0001,0.00223,2860.0,0.0,,ETH,2480.18,0.0
2026-09-05T22:48:01.094055+00:00,ETH-26MAR27-6000-C,2529.79,ETH-26MAR27,call,6000.0,2027-03-26T08:00:00+00:00,0.5513574830134421,0.008,0.01,0.009098,0.009,2529.79,ETH-26MAR27,0.6315,0.05406,2.06207,5140.0,5.0,0.002,ETH,2480.18,92.16
2026-09-05T22:48:01.094055+00:00,ETH-25DEC26-3500-P,2503.92,ETH-25DEC26,put,3500.0,2026-12-25T08:00:00+00:00,0.30221306138442083,0.413,0.43,0.422591,0.4215,2503.92,ETH-25DEC26,0.5556,-0.82719,3.52131,62.0,0.0,0.017000000000000015,ETH,2480.18,0.0
2026-09-05T22:48:01.094055+00:00,ETH-11SEP26-2700-P,2480.66,ETH-11SEP26,put,2700.0,2026-09-11T08:00:00+00:00,0.014738728735550231,0.087,0.0935,0.090718,0.09025,2480.66,ETH-11SEP26,0.4975,-0.91484,0.4694,1.0,0.0,0.006500000000000006,ETH,2480.18,0.0
2026-09-05T22:48:01.094055+00:00,ETH-8SEP26-2540-C,2480.23,ETH-8SEP26,call,2540.0,2026-09-08T08:00:00+00:00,0.006525176374153928,0.0031,0.0035,0.003229,0.0033,2480.23,ETH-8SEP26,0.35159999999999997,0.20554,0.57012,416.0,458.0,0.0004000000000000002,ETH,2480.18,2179.87
2026-09-05T22:48:01.094055+00:00,ETH-30OCT26-3400-P,2490.3,ETH-30OCT26,put,3400.0,2026-10-30T08:00:00+00:00,0.1488934173050232,0.3665,0.3805,0.374777,0.3735,2490.3,ETH-30OCT26,0.5761999999999999,-0.90122,1.672,0.0,0.0,0.014000000000000012,ETH,2480.18,0.0
2026-09-05T22:48:01.094055+00:00,ETH-26MAR27-3500-P,2529.79,ETH-26MAR27,put,3500.0,2027-03-26T08:00:00+00:00,0.5513574830134421,0.427,0.4525,0.442999,0.43975,2529.79,ETH-26MAR27,0.5577000000000001,-0.7178,6.34975,24.0,0.0,0.025500000000000023,ETH,2480.18,0.0
2026-09-05T22:48:01.094055+00:00,ETH-25SEP26-3500-P,2485.18,ETH-25SEP26,put,3500.0,2026-09-25T08:00:00+00:00,0.05306863975539965,0.403,0.414,0.409512,0.4085,2485.18,ETH-25SEP26,0.7009000000000001,-0.97927,0.28585,1121.0,0.0,0.010999999999999954,ETH,2480.18,0.0
2026-09-05T22:48:01.094055+00:00,ETH-25DEC26-5200-C,2503.94,ETH-25DEC26,call,5200.0,2026-12-25T08:00:00+00:00,0.30221306138442083,0.0034,0.0043,0.003876,0.00385,2503.94,ETH-25DEC26,0.6512,0.03132,0.97099,9215.0,0.0,0.0009000000000000002,ETH,2480.18,0.0
2026-09-05T22:48:01.094055+00:00,ETH-27NOV26-4400-C,2497.43,ETH-27NOV26,call,4400.0,2026-11-27T08:00:00+00:00,0.22555323934472205,0.0046,0.0055,0.004995,0.00505,2497.43,ETH-27NOV26,0.6428,0.04439,1.11238,110.0,0.0,0.0008999999999999998,ETH,2480.18,0.0
2026-09-05T22:48:01.094055+00:00,ETH-25SEP26-6500-C,2485.18,ETH-25SEP26,call,6500.0,2026-09-25T08:00:00+00:00,0.05306863975539965,,0.0001,5e-06,,2485.18,ETH-25SEP26,1.0823,0.0001,0.00218,1922.0,0.0,,ETH,2480.18,0.0
2026-09-05T22:48:01.094055+00:00,ETH-30OCT26-2250-C,2490.3,ETH-30OCT26,call,2250.0,2026-10-30T08:00:00+00:00,0.1488934173050232,0.132,0.1355,0.132785,0.13375,2490.3,ETH-30OCT26,0.512,0.72989,3.17908,787.0,0.0,0.003500000000000003,ETH,2480.18,0.0
2026-09-05T22:48:01.094055+00:00,ETH-8SEP26-2660-C,2480.23,ETH-8SEP26,call,2660.0,2026-09-08T08:00:00+00:00,0.006525176374153928,0.0005,0.0008,0.000592,0.00065,2480.23,ETH-8SEP26,0.4838,0.03846,0.16723,20.0,20.0,0.00030000000000000003,ETH,2480.18,19.84
2026-09-05T22:48:01.094055+00:00,ETH-30OCT26-1900-P,2490.32,ETH-30OCT26,put,1900.0,2026-10-30T08:00:00+00:00,0.1488934173050232,0.0095,0.0105,0.009659,0.01,2490.32,ETH-30OCT26,0.5629,-0.08793,1.53421,1372.0,100.0,0.0010000000000000009,ETH,2480.18,2230.6
2026-09-05T22:48:01.094055+00:00,ETH-30OCT26-2900-P,2490.3,ETH-30OCT26,put,2900.0,2026-10-30T08:00:00+00:00,0.1488934173050232,0.1865,0.198,0.193442,0.19225,2490.3,ETH-30OCT26,0.5283,-0.74048,3.11509,0.0,0.0,0.01150000000000001,ETH,2480.18,0.0
2026-09-05T22:48:01.094055+00:00,ETH-11SEP26-3200-C,2480.64,ETH-11SEP26,call,3200.0,2026-09-11T08:00:00+00:00,0.014738728735550231,,0.0001,5.1e-05,,2480.64,ETH-11SEP26,0.7193999999999999,0.00204,0.01948,5394.0,80.0,,ETH,2480.17,19.82
2026-09-05T22:48:01.094055+00:00,ETH-25SEP26-2750-C,2485.16,ETH-25SEP26,call,2750.0,2026-09-25T08:00:00+00:00,0.05306863975539965,0.013,0.014,0.013418,0.0135,2485.16,ETH-25SEP26,0.5118,0.21205,1.65991,38.0,2.0,0.0010000000000000009,ETH,2480.18,56.45
2026-09-05T22:48:01.094055+00:00,ETH-25SEP26-2450-C,2485.18,ETH-25SEP26,call,2450.0,2026-09-25T08:00:00+00:00,0.05306863975539965,0.0505,0.0525,0.051423,0.0515,2485.18,ETH-25SEP26,0.48210000000000003,0.57309,2.24625,2.0,2.0,0.001999999999999995,ETH,2480.18,221.01
2026-09-05T22:48:01.094055+00:00,ETH-8SEP26-2200-P,2480.23,ETH-8SEP26,put,2200.0,2026-09-08T08:00:00+00:00,0.006525176374153928,,0.0003,0.000197,,2480.23,ETH-8SEP26,0.6531,-0.01071,0.05668,277.0,141.0,,ETH,2480.17,121.74
2026-09-05T22:48:01.094055+00:00,ETH-6SEP26-2640-C,2479.62,ETH-6SEP26,call,2640.0,2026-09-06T08:00:00+00:00,0.0010494747998897253,,0.0002,2e-06,,2479.62,ETH-6SEP26,0.5704,0.00035,0.00103,197.0,0.0,,ETH,2480.17,0.0
2026-09-05T22:48:01.094055+00:00,ETH-25SEP26-8000-P,2485.18,ETH-25SEP26,put,8000.0,2026-09-25T08:00:00+00:00,0.05306863975539965,2.2025,2.23,2.219073,2.21625,2485.18,ETH-25SEP26,1.2502,-0.99995,0.00108,0.0,0.0,0.027499999999999858,ETH,2480.17,0.0
2026-09-05T22:48:01.094055+00:00,ETH-8SEP26-2900-P,2480.26,ETH-8SEP26,put,2900.0,2026-09-08T08:00:00+00:00,0.006525176374153928,0.165,0.1725,0.169232,0.16875,2480.26,ETH-8SEP26,0.6692,-0.99791,0.01324,0.0,0.0,0.007499999999999979,ETH,2480.17,0.0
2026-09-05T22:48:01.094055+00:00,ETH-25SEP26-6800-C,2485.16,ETH-25SEP26,call,6800.0,2026-09-25T08:00:00+00:00,0.05306863975539965,,0.0001,4e-06,,2485.16,ETH-25SEP26,1.1040999999999999,6e-05,0.0015,1995.0,0.0,,ETH,2480.17,0.0
2026-09-05T22:48:01.094055+00:00,ETH-26MAR27-900-C,2529.79,ETH-26MAR27,call,900.0,2027-03-26T08:00:00+00:00,0.5513574830134421,0.648,0.651,0.649025,0.6495,2529.79,ETH-26MAR27,0.774,0.98146,0.85315,68.0,0.0,0.0030000000000000027,ETH,2480.12,0.0
2026-09-05T22:48:01.094055+00:00,ETH-25DEC26-4600-P,2503.92,ETH-25DEC26,put,4600.0,2026-12-25T08:00:00+00:00,0.30221306138442083,0.831,0.8545,0.843607,0.84275,2503.92,ETH-25DEC26,0.615,-0.94835,1.45727,0.0,0.0,0.023500000000000076,ETH,2480.12,0.0
2026-09-05T22:48:01.094055+00:00,ETH-6SEP26-2300-C,2479.62,ETH-6SEP26,call,2300.0,2026-09-06T08:00:00+00:00,0.0010494747998897253,0.07,0.0755,0.07248,0.07275,2479.62,ETH-6SEP26,0.4875,1.0,0.0,0.0,0.0,0.005499999999999991,ETH,2480.12,0.0
2026-09-05T22:48:01.094055+00:00,ETH-25SEP26-3600-C,2485.16,ETH-25SEP26,call,3600.0,2026-09-25T08:00:00+00:00,0.05306863975539965,0.0008,0.0012,0.000941,0.001,2485.16,ETH-25SEP26,0.7261,0.01657,0.23619,3049.0,1.0,0.00039999999999999986,ETH,2480.12,1.23
2026-09-05T22:48:01.094055+00:00,ETH-7SEP26-2700-P,2480.01,ETH-7SEP26,put,2700.0,2026-09-07T08:00:00+00:00,0.003787325587021827,0.085,0.092,0.088831,0.0885,2480.01,ETH-7SEP26,0.5971,-0.98909,0.04388,0.0,0.0,0.006999999999999992,ETH,2480.12,0.0
2026-09-05T22:48:01.094055+00:00,ETH-25SEP26-4600-P,2485.16,ETH-25SEP26,put,4600.0,2026-09-25T08:00:00+00:00,0.05306863975539965,0.845,0.857,0.851058,0.851,2485.16,ETH-25SEP26,0.8802,-0.99833,0.03085,38.0,0.0,0.01200000000000001,ETH,2480.12,0.0
2026-09-05T22:48:01.094055+00:00,ETH-18SEP26-2100-P,2482.83,ETH-18SEP26,put,2100.0,2026-09-18T08:00:00+00:00,0.03390368424547494,0.0017,0.0022,0.001934,0.00195,2482.83,ETH-18SEP26,0.5517,-0.04466,0.43078,1458.0,50.0,0.0005000000000000002,ETH,2480.12,306.75
2026-09-05T22:48:01.094055+00:00,ETH-27NOV26-1800-C,2497.43,ETH-27NOV26,call,1800.0,2026-11-27T08:00:00+00:00,0.22555323934472205,0.291,0.2955,0.292633,0.29325,2497.43,ETH-27NOV26,0.58,0.90758,1.96499,0.0,0.0,0.004500000000000004,ETH,2480.12,0.0
2026-09-05T22:48:01.094055+00:00,ETH-26MAR27-900-P,2529.82,ETH-26MAR27,put,900.0,2027-03-26T08:00:00+00:00,0.5513574830134421,0.0043,0.0055,0.004772,0.0049,2529.82,ETH-26MAR27,0.774,-0.01854,0.8531,828.0,0.0,0.0011999999999999997,ETH,2480.12,0.0
2026-09-05T22:48:01.094055+00:00,ETH-6SEP26-2480-P,2479.62,ETH-6SEP26,put,2480.0,2026-09-06T08:00:00+00:00,0.0010494747998897253,0.0029,0.004,0.003323,0.00345,2479.62,ETH-6SEP26,0.2535,-0.50444,0.3197,376.0,140.0,0.0011000000000000003,ETH,2480.12,917.21
2026-09-05T22:48:01.094055+00:00,ETH-25JUN27-2600-P,2558.44,ETH-25JUN27,put,2600.0,2027-06-25T08:00:00+00:00,0.8005019046424633,0.2035,0.208,0.205655,0.20575,2558.44,ETH-25JUN27,0.5540999999999999,-0.41467,8.9255,75.0,0.0,0.004500000000000004,ETH,2480.12,0.0
2026-09-05T22:48:01.094055+00:00,ETH-18SEP26-2500-P,2482.83,ETH-18SEP26,put,2500.0,2026-09-18T08:00:00+00:00,0.03390368424547494,0.0375,0.039,0.038259,0.03825,2482.83,ETH-18SEP26,0.47090000000000004,-0.51442,1.82309,1874.0,0.0,0.0015000000000000013,ETH,2480.12,0.0
2026-09-05T22:48:01.094055+00:00,ETH-11SEP26-2520-P,2480.64,ETH-11SEP26,put,2520.0,2026-09-11T08:00:00+00:00,0.014738728735550231,0.028,0.0305,0.029061,0.02925,2480.64,ETH-11SEP26,0.41259999999999997,-0.61352,1.15268,0.0,0.0,0.0024999999999999988,ETH,2480.12,0.0
2026-09-05T22:48:01.094055+00:00,ETH-25SEP26-15000-P,2485.18,ETH-25SEP26,put,15000.0,2026-09-25T08:00:00+00:00,0.05306863975539965,5.001,5.06,5.035758,5.0305,2485.18,ETH-25SEP26,1.8378999999999999,-0.99997,0.00067,0.0,0.0,0.058999999999999275,ETH,2480.11,0.0
2026-09-05T22:48:01.094055+00:00,ETH-30OCT26-3100-P,2490.3,ETH-30OCT26,put,3100.0,2026-10-30T08:00:00+00:00,0.1488934173050232,0.255,0.268,0.262927,0.2615,2490.3,ETH-30OCT26,0.546,-0.82481,2.47954,0.0,0.0,0.013000000000000012,ETH,2480.11,0.0
2026-09-05T22:48:01.094055+00:00,ETH-7SEP26-2340-C,2480.01,ETH-7SEP26,call,2340.0,2026-09-07T08:00:00+00:00,0.003787325587021827,0.054,0.0605,0.056805,0.05725,2480.01,ETH-7SEP26,0.5007,0.97139,0.09981,0.0,0.0,0.006499999999999999,ETH,2480.12,0.0
2026-09-05T22:48:01.094055+00:00,ETH-25SEP26-12000-P,2485.18,ETH-25SEP26,put,12000.0,2026-09-25T08:00:00+00:00,0.05306863975539965,3.8105,3.847,3.828607,3.82875,2485.18,ETH-25SEP26,1.6338,-0.99997,0.00078,0.0,0.0,0.036499999999999755,ETH,2480.11,0.0
2026-09-05T22:48:01.094055+00:00,ETH-6SEP26-2280-P,2479.62,ETH-6SEP26,put,2280.0,2026-09-06T08:00:00+00:00,0.0010494747998897253,,0.0001,0.0,,2479.62,ETH-6SEP26,0.5406,0.0,0.0,695.0,0.0,,ETH,2480.1,0.0
2026-09-05T22:48:01.094055+00:00,ETH-8SEP26-2750-P,2480.26,ETH-8SEP26,put,2750.0,2026-09-08T08:00:00+00:00,0.006525176374153928,0.1055,0.112,0.109051,0.10875,2480.26,ETH-8SEP26,0.6065999999999999,-0.98127,0.09173,0.0,0.0,0.006500000000000006,ETH,2480.1,0.0
2026-09-05T22:48:01.094055+00:00,ETH-30OCT26-2300-P,2490.3,ETH-30OCT26,put,2300.0,2026-10-30T08:00:00+00:00,0.1488934173050232,0.0425,0.044,0.043096,0.04325,2490.3,ETH-30OCT26,0.5089,-0.30751,3.37925,8042.0,3.0,0.0014999999999999944,ETH,2480.1,346.25
2026-09-05T22:48:01.094055+00:00,ETH-30OCT26-3600-P,2490.3,ETH-30OCT26,put,3600.0,2026-10-30T08:00:00+00:00,0.1488934173050232,0.443,0.458,0.452106,0.4505,2490.3,ETH-30OCT26,0.5987,-0.93045,1.2843,17.0,0.0,0.015000000000000013,ETH,2480.1,0.0
2026-09-05T22:48:01.094055+00:00,ETH-6SEP26-2550-C,2479.62,ETH-6SEP26,call,2550.0,2026-09-06T08:00:00+00:00,0.0010494747998897253,0.0002,0.0005,0.000248,0.00035,2479.62,ETH-6SEP26,0.4894,0.0395,0.06836,31.0,31.0,0.00030000000000000003,ETH,2480.1,29.03
2026-09-05T22:48:01.094055+00:00,ETH-7SEP26-2420-P,2480.01,ETH-7SEP26,put,2420.0,2026-09-07T08:00:00+00:00,0.003787325587021827,0.0011,0.0015,0.001299,0.0013,2480.01,ETH-7SEP26,0.3457,-0.12249,0.30962,314.0,7.0,0.00039999999999999996,ETH,2480.1,25.74
2026-09-05T22:48:01.094055+00:00,ETH-27NOV26-2100-P,2497.43,ETH-27NOV26,put,2100.0,2026-11-27T08:00:00+00:00,0.22555323934472205,0.034,0.035,0.034377,0.0345,2497.43,ETH-27NOV26,0.5365,-0.20977,3.41707,519.0,0.0,0.0010000000000000009,ETH,2480.1,0.0
2026-09-05T22:48:01.094055+00:00,ETH-25DEC26-3000-C,2503.94,ETH-25DEC26,call,3000.0,2026-12-25T08:00:00+00:00,0.30221306138442083,0.0515,0.053,0.052415,0.05225,2503.94,ETH-25DEC26,0.5333,0.31928,4.91964,10284.0,632.0,0.0015000000000000013,ETH,2480.14,77431.02
2026-09-05T22:48:01.094055+00:00,ETH-6SEP26-2440-P,2479.66,ETH-6SEP26,put,2440.0,2026-09-06T08:00:00+00:00,0.0010494747998897253,0.0001,0.0004,0.000257,0.00025,2479.66,ETH-6SEP26,0.3189,-0.05806,0.09303,1523.0,803.0,0.00030000000000000003,ETH,2480.14,1126.15
2026-09-05T22:48:01.094055+00:00,ETH-25DEC26-4200-P,2503.92,ETH-25DEC26,put,4200.0,2026-12-25T08:00:00+00:00,0.30221306138442083,0.6755,0.6955,0.687555,0.6855,2503.92,ETH-25DEC26,0.5949,-0.92184,2.0113,61.0,0.0,0.020000000000000018,ETH,2480.14,0.0
2026-09-05T22:48:01.094055+00:00,ETH-9SEP26-2380-P,2480.16,ETH-9SEP26,put,2380.0,2026-09-09T08:00:00+00:00,0.00926302716128603,0.0024,0.0028,0.002564,0.0026,2480.16,ETH-9SEP26,0.39159999999999995,-0.13296,0.5129,0.0,0.0,0.0004000000000000002,ETH,2480.14,0.0
2026-09-05T22:48:01.094055+00:00,ETH-26MAR27-2100-C,2529.82,ETH-26MAR27,call,2100.0,2027-03-26T08:00:00+00:00,0.5513574830134421,0.2475,0.2525,0.249028,0.25,2529.82,ETH-26MAR27,0.5546,0.74474,6.03731,897.0,0.0,0.0050000000000000044,ETH,2480.14,0.0
2026-09-05T22:48:01.094055+00:00,ETH-9SEP26-2200-C,2480.19,ETH-9SEP26,call,2200.0,2026-09-09T08:00:00+00:00,0.00926302716128603,0.1125,0.116,0.113251,0.11425,2480.19,ETH-9SEP26,0.5749,0.98581,0.08619,0.0,0.0,0.003500000000000003,ETH,2480.22,0.0
2026-09-05T22:48:01.094055+00:00,ETH-26MAR27-1300-C,2529.79,ETH-26MAR27,call,1300.0,2027-03-26T08:00:00+00:00,0.5513574830134421,0.4975,0.5025,0.499714,0.5,2529.79,ETH-26MAR27,0.6568999999999999,0.94615,2.05583,18.0,0.0,0.004999999999999949,ETH,2480.22,0.0
2026-09-05T22:48:01.094055+00:00,ETH-25DEC26-2200-P,2503.92,ETH-25DEC26,put,2200.0,2026-12-25T08:00:00+00:00,0.30221306138442083,0.0585,0.0595,0.058851,0.059,2503.92,ETH-25DEC26,0.5313,-0.27791,4.61851,8898.0,0.0,0.000999999999999994,ETH,2480.22,0.0
2026-09-05T22:48:01.094055+00:00,ETH-7SEP26-2300-P,2480.03,ETH-7SEP26,put,2300.0,2026-09-07T08:00:00+00:00,0.003787325587021827,,0.0004,0.000111,,2480.03,ETH-7SEP26,0.5297999999999999,-0.00995,0.04048,2094.0,17.0,,ETH,2480.14,8.35
2026-09-05T22:48:01.094055+00:00,ETH-9SEP26-2320-C,2480.16,ETH-9SEP26,call,2320.0,2026-09-09T08:00:00+00:00,0.00926302716128603,0.0645,0.0685,0.065596,0.0665,2480.16,ETH-9SEP26,0.4403,0.94495,0.26576,0.0,0.0,0.0040000000000000036,ETH,2480.22,0.0
2026-09-05T22:48:01.094055+00:00,ETH-27NOV26-2900-P,2497.43,ETH-27NOV26,put,2900.0,2026-11-27T08:00:00+00:00,0.22555323934472205,0.2035,0.21,0.207339,0.20675,2497.43,ETH-27NOV26,0.5307,-0.6797,4.24452,0.0,0.0,0.006500000000000006,ETH,2480.22,0.0
2026-09-05T22:48:01.094055+00:00,ETH-25SEP26-1500-C,2485.18,ETH-25SEP26,call,1500.0,2026-09-25T08:00:00+00:00,0.05306863975539965,0.396,0.3985,0.396803,0.39725,2485.18,ETH-25SEP26,0.8959999999999999,0.9946,0.08868,969.0,0.0,0.0025000000000000022,ETH,2480.22,0.0
2026-09-05T22:48:01.094055+00:00,ETH-30OCT26-2200-P,2490.3,ETH-30OCT26,put,2200.0,2026-10-30T08:00:00+00:00,0.1488934173050232,0.03,0.031,0.030357,0.0305,2490.3,ETH-30OCT26,0.516,-0.2351,2.95473,820.0,15.0,0.0010000000000000009,ETH,2480.22,1201.65
2026-09-05T22:48:01.094055+00:00,ETH-27NOV26-2200-C,2497.43,ETH-27NOV26,call,2200.0,2026-11-27T08:00:00+00:00,0.22555323934472205,0.1635,0.168,0.165086,0.16575,2497.43,ETH-27NOV26,0.5279,0.73591,3.87929,0.0,0.0,0.004500000000000004,ETH,2480.22,0.0
2026-09-05T22:48:01.094055+00:00,ETH-8SEP26-2660-P,2480.26,ETH-8SEP26,put,2660.0,2026-09-08T08:00:00+00:00,0.006525176374153928,0.069,0.076,0.073031,0.0725,2480.26,ETH-8SEP26,0.4838,-0.96159,0.16704,0.0,0.0,0.006999999999999992,ETH,2480.22,0.0
2026-09-05T22:48:01.094055+00:00,ETH-25SEP26-2650-C,2485.18,ETH-25SEP26,call,2650.0,2026-09-25T08:00:00+00:00,0.05306863975539965,0.0205,0.0215,0.021155,0.021,2485.18,ETH-25SEP26,0.496,0.30689,2.01144,282.0,7.0,0.0009999999999999974,ETH,2480.22,314.41
2026-09-05T22:48:01.094055+00:00,ETH-11SEP26-3200-P,2480.64,ETH-11SEP26,put,3200.0,2026-09-11T08:00:00+00:00,0.014738728735550231,0.286,0.294,0.29003,0.29,2480.64,ETH-11SEP26,0.7193999999999999,-0.99795,0.0195,0.0,0.0,0.008000000000000007,ETH,2480.22,0.0
2026-09-05T22:48:01.094055+00:00,ETH-25DEC26-2100-C,2503.94,ETH-25DEC26,call,2100.0,2026-12-25T08:00:00+00:00,0.30221306138442083,0.205,0.211,0.207239,0.208,2503.94,ETH-25DEC26,0.5385,0.77104,4.17082,1480.0,0.0,0.006000000000000005,ETH,2480.25,0.0
2026-09-05T22:48:01.094055+00:00,ETH-6SEP26-2460-C,2479.62,ETH-6SEP26,call,2460.0,2026-09-06T08:00:00+00:00,0.0010494747998897253,0.008,0.0095,0.008906,0.00875,2479.62,ETH-6SEP26,0.2817,0.81218,0.21595,901.0,277.0,0.0014999999999999996,ETH,2480.25,2129.97
2026-09-05T22:48:01.094055+00:00,ETH-30OCT26-2500-P,2490.32,ETH-30OCT26,put,2500.0,2026-10-30T08:00:00+00:00,0.1488934173050232,0.079,0.081,0.079965,0.08,2490.32,ETH-30OCT26,0.5064,-0.46886,3.8233,499.0,10.0,0.0020000000000000018,ETH,2480.25,2087.52
2026-09-05T22:48:01.094055+00:00,ETH-11SEP26-2470-C,2480.66,ETH-11SEP26,call,2470.0,2026-09-11T08:00:00+00:00,0.014738728735550231,0.021,0.0225,0.021683,0.02175,2480.66,ETH-11SEP26,0.40259999999999996,0.54486,1.19404,118.0,43.0,0.0014999999999999979,ETH,2480.22,1801.21
2026-09-05T22:48:01.094055+00:00,ETH-27NOV26-1800-P,2497.43,ETH-27NOV26,put,1800.0,2026-11-27T08:00:00+00:00,0.22555323934472205,0.013,0.0135,0.013351,0.01325,2497.43,ETH-27NOV26,0.58,-0.09243,1.96508,542.0,12.0,0.0005000000000000004,ETH,2480.22,374.63
2026-09-05T22:48:01.094055+00:00,ETH-18SEP26-2550-P,2482.8,ETH-18SEP26,put,2550.0,2026-09-18T08:00:00+00:00,0.03390368424547494,0.048,0.0515,0.050536,0.04975,2482.8,ETH-18SEP26,0.4752,-0.60288,1.76334,697.0,10.0,0.003499999999999996,ETH,2480.25,1377.03
2026-09-05T22:48:01.094055+00:00,ETH-7SEP26-2540-C,2480.01,ETH-7SEP26,call,2540.0,2026-09-07T08:00:00+00:00,0.003787325587021827,0.0014,0.0017,0.00152,0.00155,2480.01,ETH-7SEP26,0.354,0.13952,0.33879,732.0,412.0,0.0002999999999999999,ETH,2480.25,977.78
2026-09-05T22:48:01.094055+00:00,ETH-7SEP26-2280-P,2480.01,ETH-7SEP26,put,2280.0,2026-09-07T08:00:00+00:00,0.003787325587021827,,0.0003,0.000105,,2480.01,ETH-7SEP26,0.5794,-0.00869,0.03595,167.0,0.0,,ETH,2480.25,0.0
2026-09-05T22:48:01.094055+00:00,ETH-11SEP26-2650-P,2480.64,ETH-11SEP26,put,2650.0,2026-09-11T08:00:00+00:00,0.014738728735550231,0.0685,0.075,0.071788,0.07175,2480.64,ETH-11SEP26,0.46659999999999996,-0.87189,0.63077,105.0,0.0,0.006499999999999992,ETH,2480.25,0.0
2026-09-05T22:48:01.094055+00:00,ETH-7SEP26-2440-P,2480.01,ETH-7SEP26,put,2440.0,2026-09-07T08:00:00+00:00,0.003787325587021827,0.0019,0.0025,0.002193,0.0022,2480.01,ETH-7SEP26,0.3173,-0.19882,0.42562,561.0,160.0,0.0006000000000000001,ETH,2480.25,1804.51
2026-09-05T22:48:01.094055+00:00,ETH-26MAR27-4800-C,2529.79,ETH-26MAR27,call,4800.0,2027-03-26T08:00:00+00:00,0.5513574830134421,0.0185,0.0205,0.019709,0.0195,2529.79,ETH-26MAR27,0.5953,0.10983,3.52963,2953.0,0.0,0.0020000000000000018,ETH,2480.24,0.0
2026-09-05T22:48:01.094055+00:00,ETH-18SEP26-2250-P,2482.8,ETH-18SEP26,put,2250.0,2026-09-18T08:00:00+00:00,0.03390368424547494,0.0055,0.0065,0.006015,0.006,2482.8,ETH-18SEP26,0.49060000000000004,-0.12807,0.95742,138.0,11.0,0.001,ETH,2480.24,163.59
2026-09-05T22:48:01.094055+00:00,ETH-25SEP26-3100-C,2485.18,ETH-25SEP26,call,3100.0,2026-09-25T08:00:00+00:00,0.05306863975539965,0.0033,0.0038,0.003491,0.00355,2485.18,ETH-25SEP26,0.5964,0.0619,0.69907,14955.0,61.0,0.0005,ETH,2480.24,407.03
2026-09-05T22:48:01.094055+00:00,ETH-11SEP26-2100-P,2480.66,ETH-11SEP26,put,2100.0,2026-09-11T08:00:00+00:00,0.014738728735550231,0.0003,0.0006,0.000443,0.00045,2480.66,ETH-11SEP26,0.6474,-0.01541,0.11672,2960.0,1.0,0.0003,ETH,2480.24,1.23
2026-09-05T22:48:01.094055+00:00,ETH-30OCT26-2850-C,2490.3,ETH-30OCT26,call,2850.0,2026-10-30T08:00:00+00:00,0.1488934173050232,0.032,0.033,0.032637,0.0325,2490.3,ETH-30OCT26,0.5244,0.28601,3.26915,1149.0,0.0,0.0010000000000000009,ETH,2480.28,0.0
2026-09-05T22:48:01.094055+00:00,ETH-25SEP26-1600-P,2485.18,ETH-25SEP26,put,1600.0,2026-09-25T08:00:00+00:00,0.05306863975539965,0.0004,0.0006,0.000497,0.0005,2485.18,ETH-25SEP26,0.8181,-0.00754,0.11911,11734.0,0.0,0.00019999999999999993,ETH,2480.28,0.0
2026-09-05T22:48:01.094055+00:00,ETH-25DEC26-3300-C,2503.92,ETH-25DEC26,call,3300.0,2026-12-25T08:00:00+00:00,0.30221306138442083,0.0325,0.0335,0.033137,0.033,2503.92,ETH-25DEC26,0.5458,0.2208,4.08604,2940.0,1.0,0.0010000000000000009,ETH,2480.28,77.41
2026-09-05T22:48:01.094055+00:00,ETH-30OCT26-2150-P,2490.32,ETH-30OCT26,put,2150.0,2026-10-30T08:00:00+00:00,0.1488934173050232,0.025,0.026,0.025284,0.0255,2490.32,ETH-30OCT26,0.5212,-0.20293,2.71482,1098.0,0.0,0.0009999999999999974,ETH,2480.28,0.0
2026-09-05T22:48:01.094055+00:00,ETH-27NOV26-2500-C,2497.43,ETH-27NOV26,call,2500.0,2026-11-27T08:00:00+00:00,0.22555323934472205,0.097,0.099,0.097754,0.098,2497.43,ETH-27NOV26,0.5195000000000001,0.54746,4.69985,420.0,0.0,0.0020000000000000018,ETH,2480.28,0.0
2026-09-05T22:48:01.094055+00:00,ETH-25DEC26-1200-C,2503.92,ETH-25DEC26,call,1200.0,2026-12-25T08:00:00+00:00,0.30221306138442083,0.5235,0.526,0.524196,0.52475,2503.92,ETH-25DEC26,0.7242000000000001,0.97965,0.67663,341.0,0.0,0.0025000000000000577,ETH,2480.29,0.0
2026-09-05T22:48:01.094055+00:00,ETH-27NOV26-2450-P,2497.43,ETH-27NOV26,put,2450.0,2026-11-27T08:00:00+00:00,0.22555323934472205,0.0865,0.089,0.087969,0.08775,2497.43,ETH-27NOV26,0.519,-0.42033,4.63867,354.0,0.0,0.0025000000000000022,ETH,2480.28,0.0
2026-09-05T22:48:01.094055+00:00,ETH-8SEP26-2320-P,2480.23,ETH-8SEP26,put,2320.0,2026-09-08T08:00:00+00:00,0.006525176374153928,0.0004,0.0007,0.000564,0.00055,2480.23,ETH-8SEP26,0.46759999999999996,-0.0367,0.16092,149.0,74.0,0.0003,ETH,2480.29,190.55
2026-09-05T22:48:01.094055+00:00,ETH-7SEP26-2220-P,2480.01,ETH-7SEP26,put,2220.0,2026-09-07T08:00:00+00:00,0.003787325587021827,,0.0002,1e-05,,2480.01,ETH-7SEP26,0.5857,-0.00099,0.00507,20.0,0.0,,ETH,2480.29,0.0
2026-09-05T22:48:01.094055+00:00,ETH-25DEC26-3500-C,2503.92,ETH-25DEC26,call,3500.0,2026-12-25T08:00:00+00:00,0.30221306138442083,0.024,0.0255,0.024794,0.02475,2503.92,ETH-25DEC26,0.5556,0.17284,3.52193,29314.0,0.0,0.0014999999999999979,ETH,2480.29,0.0
2026-09-05T22:48:01.094055+00:00,ETH-9SEP26-2360-C,2480.16,ETH-9SEP26,call,2360.0,2026-09-09T08:00:00+00:00,0.00926302716128603,0.049,0.0535,0.050365,0.05125,2480.16,ETH-9SEP26,0.4096,0.89981,0.41948,0.0,0.0,0.004499999999999997,ETH,2480.23,0.0
2026-09-05T22:48:01.094055+00:00,ETH-9SEP26-2640-P,2480.16,ETH-9SEP26,put,2640.0,2026-09-09T08:00:00+00:00,0.00926302716128603,0.062,0.0685,0.065871,0.06525,2480.16,ETH-9SEP26,0.4459,-0.92386,0.34181,0.0,0.0,0.006500000000000006,ETH,2480.23,0.0
2026-09-05T22:48:01.094055+00:00,ETH-6SEP26-2420-P,2479.62,ETH-6SEP26,put,2420.0,2026-09-06T08:00:00+00:00,0.0010494747998897253,,0.0002,0.000144,,2479.62,ETH-6SEP26,0.39899999999999997,-0.0286,0.05236,802.0,614.0,,ETH,2480.23,482.9
2026-09-05T22:48:01.094055+00:00,ETH-8SEP26-2100-C,2480.26,ETH-8SEP26,call,2100.0,2026-09-08T08:00:00+00:00,0.006525176374153928,0.1525,0.1555,0.153486,0.154,2480.26,ETH-8SEP26,0.8419,0.99349,0.03662,1.0,1.0,0.0030000000000000027,ETH,2480.23,362.29
2026-09-05T22:48:01.094055+00:00,ETH-26MAR27-2500-P,2529.79,ETH-26MAR27,put,2500.0,2027-03-26T08:00:00+00:00,0.5513574830134421,0.1515,0.155,0.1532,0.15325,2529.79,ETH-26MAR27,0.5436,-0.4085,7.29899,589.0,2.0,0.003500000000000003,ETH,2480.23,782.33
2026-09-05T22:48:01.094055+00:00,ETH-25DEC26-1200-P,2503.92,ETH-25DEC26,put,1200.0,2026-12-25T08:00:00+00:00,0.30221306138442083,0.0031,0.0037,0.00344,0.0034,2503.92,ETH-25DEC26,0.7242000000000001,-0.02035,0.67669,6766.0,25.0,0.0006000000000000003,ETH,2480.23,218.61
2026-09-05T22:48:01.094055+00:00,ETH-25SEP26-4400-C,2485.16,ETH-25SEP26,call,4400.0,2026-09-25T08:00:00+00:00,0.05306863975539965,0.0001,0.0003,0.000174,0.0002,2485.16,ETH-25SEP26,0.8715999999999999,0.00304,0.05308,4349.0,0.0,0.00019999999999999998,ETH,2480.23,0.0
2026-09-05T22:48:01.094055+00:00,ETH-6SEP26-2360-P,2479.62,ETH-6SEP26,put,2360.0,2026-09-06T08:00:00+00:00,0.0010494747998897253,,0.0002,1e-06,,2479.62,ETH-6SEP26,0.42460000000000003,-0.00015,0.00046,304.0,60.0,,ETH,2480.21,22.12
2026-09-05T22:48:01.094055+00:00,ETH-30OCT26-4000-C,2490.3,ETH-30OCT26,call,4000.0,2026-10-30T08:00:00+00:00,0.1488934173050232,0.0032,0.0036,0.003425,0.0034,2490.3,ETH-30OCT26,0.6446999999999999,0.03754,0.78663,778.0,5.0,0.00039999999999999975,ETH,2480.21,31.92
2026-09-05T22:48:01.094055+00:00,ETH-25JUN27-5500-C,2558.44,ETH-25JUN27,call,5500.0,2027-06-25T08:00:00+00:00,0.8005019046424633,0.0255,0.0275,0.026174,0.0265,2558.44,ETH-25JUN27,0.5976,0.12237,4.64419,644.0,0.0,0.0020000000000000018,ETH,2480.21,0.0
2026-09-05T22:48:01.094055+00:00,ETH-25JUN27-4600-C,2558.44,ETH-25JUN27,call,4600.0,2027-06-25T08:00:00+00:00,0.8005019046424633,0.043,0.0455,0.043976,0.04425,2558.44,ETH-25JUN27,0.5799,0.19199,6.25394,54.0,0.0,0.0025000000000000022,ETH,2480.21,0.0
2026-09-05T22:48:01.094055+00:00,ETH-11SEP26-2300-P,2480.64,ETH-11SEP26,put,2300.0,2026-09-11T08:00:00+00:00,0.014738728735550231,0.0018,0.0022,0.002021,0.002,2480.64,ETH-11SEP26,0.4512,-0.07945,0.44546,3647.0,345.0,0.0004000000000000002,ETH,2480.21,2233.33
2026-09-05T22:48:01.094055+00:00,ETH-18SEP26-2550-C,2482.83,ETH-18SEP26,call,2550.0,2026-09-18T08:00:00+00:00,0.03390368424547494,0.023,0.024,0.023493,0.0235,2482.83,ETH-18SEP26,0.4752,0.39717,1.76337,1867.0,121.0,0.0010000000000000009,ETH,2480.21,7072.38
2026-09-05T22:48:01.094055+00:00,ETH-30OCT26-2400-C,2490.32,ETH-30OCT26,call,2400.0,2026-10-30T08:00:00+00:00,0.1488934173050232,0.095,0.0985,0.095808,0.09675,2490.32,ETH-30OCT26,0.5055,0.61299,3.68011,2534.0,0.0,0.003500000000000003,ETH,2480.25,0.0
2026-09-05T22:48:01.094055+00:00,ETH-8SEP26-2360-P,2480.23,ETH-8SEP26,put,2360.0,2026-09-08T08:00:00+00:00,0.006525176374153928,0.0007,0.0011,0.000868,0.0009,2480.23,ETH-8SEP26,0.4023,-0.06086,0.24128,53.0,73.0,0.0004000000000000001,ETH,2480.25,189.49
2026-09-05T22:48:01.094055+00:00,ETH-26MAR27-1300-P,2529.79,ETH-26MAR27,put,1300.0,2027-03-26T08:00:00+00:00,0.5513574830134421,0.013,0.0145,0.01357,0.01375,2529.79,ETH-26MAR27,0.6568999999999999,-0.05384,2.05568,1574.0,1.0,0.0015000000000000013,ETH,2480.25,36.83
2026-09-05T22:48:01.094055+00:00,ETH-27NOV26-2350-C,2497.43,ETH-27NOV26,call,2350.0,2026-11-27T08:00:00+00:00,0.22555323934472205,0.1265,0.131,0.127984,0.12875,2497.43,ETH-27NOV26,0.521,0.64411,4.42095,50.0,0.0,0.004500000000000004,ETH,2480.25,0.0
2026-09-05T22:48:01.094055+00:00,ETH-25JUN27-4500-P,2558.47,ETH-25JUN27,put,4500.0,2027-06-25T08:00:00+00:00,0.8005019046424633,0.7835,0.821,0.805743,0.80225,2558.47,ETH-25JUN27,0.5782,-0.79737,6.46137,1.0,0.0,0.03749999999999998,ETH,2480.25,0.0
2026-09-05T22:48:01.094055+00:00,ETH-30OCT26-2100-C,2490.3,ETH-30OCT26,call,2100.0,2026-10-30T08:00:00+00:00,0.1488934173050232,0.176,0.1805,0.177707,0.17825,2490.3,ETH-30OCT26,0.5276,0.82621,2.46711,1550.0,0.0,0.004500000000000004,ETH,2480.27,0.0
2026-09-05T22:48:01.094055+00:00,ETH-25DEC26-2700-C,2503.92,ETH-25DEC26,call,2700.0,2026-12-25T08:00:00+00:00,0.30221306138442083,0.083,0.085,0.08416,0.084,2503.92,ETH-25DEC26,0.5251,0.45367,5.45673,6987.0,0.0,0.0020000000000000018,ETH,2480.27,0.0
2026-09-05T22:48:01.094055+00:00,ETH-30OCT26-2000-P,2490.3,ETH-30OCT26,put,2000.0,2026-10-30T08:00:00+00:00,0.1488934173050232,0.014,0.015,0.014288,0.0145,2490.3,ETH-30OCT26,0.5432,-0.12492,1.97803,1064.0,1.0,0.0009999999999999992,ETH,2480.27,39.26
2026-09-05T22:48:01.094055+00:00,ETH-7SEP26-2520-C,2480.01,ETH-7SEP26,call,2520.0,2026-09-07T08:00:00+00:00,0.003787325587021827,0.0023,0.0027,0.002501,0.0025,2480.01,ETH-7SEP26,0.32939999999999997,0.21897,0.45043,519.0,182.0,0.0004000000000000002,ETH,2480.25,413.86
2026-09-05T22:48:01.094055+00:00,ETH-25JUN27-1800-C,2558.47,ETH-25JUN27,call,1800.0,2027-06-25T08:00:00+00:00,0.8005019046424633,0.357,0.3635,0.359542,0.36025,2558.47,ETH-25JUN27,0.5785,0.8259,5.88362,1618.0,0.0,0.006500000000000006,ETH,2480.27,0.0
2026-09-05T22:48:01.094055+00:00,ETH-6SEP26-2650-C,2479.62,ETH-6SEP26,call,2650.0,2026-09-06T08:00:00+00:00,0.0010494747998897253,,0.0001,1e-06,,2479.62,ETH-6SEP26,0.5704,0.00016,0.0005,140.0,0.0,,ETH,2480.27,0.0
2026-09-05T22:48:01.094055+00:00,ETH-30OCT26-3000-C,2490.3,ETH-30OCT26,call,3000.0,2026-10-30T08:00:00+00:00,0.1488934173050232,0.022,0.0235,0.022821,0.02275,2490.3,ETH-30OCT26,0.5367999999999999,0.21337,2.79643,1984.0,1.0,0.0015000000000000013,ETH,2480.27,50.3
2026-09-05T22:48:01.094055+00:00,ETH-25SEP26-2000-C,2485.16,ETH-25SEP26,call,2000.0,2026-09-25T08:00:00+00:00,0.05306863975539965,0.1965,0.2005,0.197901,0.1985,2485.16,ETH-25SEP26,0.5821000000000001,0.95419,0.55064,29108.0,15.0,0.0040000000000000036,ETH,2480.27,6979.68
2026-09-05T22:48:01.094055+00:00,ETH-25SEP26-2250-C,2485.16,ETH-25SEP26,call,2250.0,2026-09-25T08:00:00+00:00,0.05306863975539965,0.1045,0.109,0.106369,0.10675,2485.16,ETH-25SEP26,0.4996,0.82158,1.49445,360.0,0.0,0.004500000000000004,ETH,2480.27,0.0
2026-09-05T22:48:01.094055+00:00,ETH-25DEC26-4500-P,2503.92,ETH-25DEC26,put,4500.0,2026-12-25T08:00:00+00:00,0.30221306138442083,0.7915,0.8145,0.804595,0.803,2503.92,ETH-25DEC26,0.6129,-0.94183,1.60102,2.0,0.0,0.02300000000000002,ETH,2480.27,0.0
2026-09-05T22:48:01.094055+00:00,ETH-8SEP26-2540-P,2480.26,ETH-8SEP26,put,2540.0,2026-09-08T08:00:00+00:00,0.006525176374153928,0.025,0.029,0.027292,0.027,2480.26,ETH-8SEP26,0.35159999999999997,-0.79424,0.57041,1.0,0.0,0.004,ETH,2480.27,0.0
2026-09-05T22:48:01.094055+00:00,ETH-30OCT26-2600-P,2490.32,ETH-30OCT26,put,2600.0,2026-10-30T08:00:00+00:00,0.1488934173050232,0.1015,0.105,0.104108,0.10325,2490.32,ETH-30OCT26,0.5103,-0.54777,3.80751,1240.0,0.0,0.0034999999999999892,ETH,2480.27,0.0
2026-09-05T22:48:01.094055+00:00,ETH-25DEC26-2900-P,2503.92,ETH-25DEC26,put,2900.0,2026-12-25T08:00:00+00:00,0.30221306138442083,0.216,0.2225,0.219498,0.21925,2503.92,ETH-25DEC26,0.5299,-0.6398,5.15289,826.0,0.0,0.006500000000000006,ETH,2480.25,0.0
2026-09-05T22:48:01.094055+00:00,ETH-25JUN27-2000-C,2558.47,ETH-25JUN27,call,2000.0,2027-06-25T08:00:00+00:00,0.8005019046424633,0.3055,0.312,0.30751,0.30875,2558.47,ETH-25JUN27,0.5666,0.77013,6.9512,1759.0,0.0,0.006500000000000006,ETH,2480.25,0.0
2026-09-05T22:48:01.094055+00:00,ETH-8SEP26-2700-P,2480.23,ETH-8SEP26,put,2700.0,2026-09-08T08:00:00+00:00,0.006525176374153928,0.085,0.092,0.089,0.0885,2480.23,ETH-8SEP26,0.5316,-0.97459,0.11867,0.0,0.0,0.006999999999999992,ETH,2480.25,0.0
2026-09-05T22:48:01.094055+00:00,ETH-25DEC26-4800-P,2503.92,ETH-25DEC26,put,4800.0,2026-12-25T08:00:00+00:00,0.30221306138442083,0.9085,0.934,0.922419,0.92125,2503.92,ETH-25DEC26,0.628,-0.95649,1.27034,77.0,0.0,0.025500000000000078,ETH,2480.25,0.0
2026-09-05T22:48:01.094055+00:00,ETH-9SEP26-2640-C,2480.16,ETH-9SEP26,call,2640.0,2026-09-09T08:00:00+00:00,0.00926302716128603,0.0014,0.0017,0.001436,0.00155,2480.16,ETH-9SEP26,0.4459,0.0762,0.34201,1.0,1.0,0.0002999999999999999,ETH,2480.25,3.47
2026-09-05T22:48:01.094055+00:00,ETH-30OCT26-4000-P,2490.3,ETH-30OCT26,put,4000.0,2026-10-30T08:00:00+00:00,0.1488934173050232,0.5995,0.6165,0.609645,0.608,2490.3,ETH-30OCT26,0.6446999999999999,-0.96246,0.78671,0.0,0.0,0.017000000000000015,ETH,2480.25,0.0
2026-09-05T22:48:01.094055+00:00,ETH-25SEP26-2150-P,2485.16,ETH-25SEP26,put,2150.0,2026-09-25T08:00:00+00:00,0.05306863975539965,0.006,0.007,0.006371,0.0065,2485.16,ETH-25SEP26,0.5257999999999999,-0.10447,1.03758,17196.0,3.0,0.001,ETH,2480.25,52.86
2026-09-05T22:48:01.094055+00:00,ETH-25JUN27-3000-C,2558.44,ETH-25JUN27,call,3000.0,2027-06-25T08:00:00+00:00,0.8005019046424633,0.137,0.14,0.137817,0.1385,2558.44,ETH-25JUN27,0.5562,0.4718,9.1128,1316.0,0.0,0.0030000000000000027,ETH,2480.25,0.0
2026-09-05T22:48:01.094055+00:00,ETH-25DEC26-5000-P,2503.92,ETH-25DEC26,put,5000.0,2026-12-25T08:00:00+00:00,0.30221306138442083,0.9875,1.0135,1.001423,1.0005,2503.92,ETH-25DEC26,0.6397999999999999,-0.96325,1.10749,0.0,0.0,0.026000000000000023,ETH,2480.25,0.0
2026-09-05T22:48:01.094055+00:00,ETH-30OCT26-2600-C,2490.32,ETH-30OCT26,call,2600.0,2026-10-30T08:00:00+00:00,0.1488934173050232,0.0595,0.0605,0.060066,0.06,2490.32,ETH-30OCT26,0.5103,0.45225,3.80755,3565.0,32.0,0.0010000000000000009,ETH,2480.25,4591.19
2026-09-05T22:48:01.094055+00:00,ETH-26MAR27-3800-P,2529.79,ETH-26MAR27,put,3800.0,2027-03-26T08:00:00+00:00,0.5513574830134421,0.5335,0.5565,0.546978,0.545,2529.79,ETH-26MAR27,0.5657,-0.77578,5.62508,1.0,0.0,0.02300000000000002,ETH,2480.25,0.0
2026-09-05T22:48:01.094055+00:00,ETH-25DEC26-2300-P,2503.92,ETH-25DEC26,put,2300.0,2026-12-25T08:00:00+00:00,0.30221306138442083,0.0735,0.0755,0.074419,0.0745,2503.92,ETH-25DEC26,0.5267000000000001,-0.33054,4.99037,6036.0,0.0,0.0020000000000000018,ETH,2480.25,0.0
2026-09-05T22:48:01.094055+00:00,ETH-25SEP26-6000-P,2485.18,ETH-25SEP26,put,6000.0,2026-09-25T08:00:00+00:00,0.05306863975539965,1.406,1.4225,1.41431,1.41425,2485.18,ETH-25SEP26,1.0195999999999998,-0.99986,0.0031,0.0,0.0,0.01650000000000018,ETH,2480.25,0.0
2026-09-05T22:48:01.094055+00:00,ETH-25DEC26-2100-P,2503.92,ETH-25DEC26,put,2100.0,2026-12-25T08:00:00+00:00,0.30221306138442083,0.0455,0.047,0.045917,0.04625,2503.92,ETH-25DEC26,0.5385,-0.22895,4.17073,3268.0,0.0,0.0015000000000000013,ETH,2480.24,0.0
2026-09-05T22:48:01.094055+00:00,ETH-6SEP26-2520-C,2479.62,ETH-6SEP26,call,2520.0,2026-09-06T08:00:00+00:00,0.0010494747998897253,0.0005,0.0008,0.00051,0.00065,2479.62,ETH-6SEP26,0.37310000000000004,0.093,0.13323,1003.0,788.0,0.00030000000000000003,ETH,2480.24,1093.54
2026-09-05T22:48:01.094055+00:00,ETH-7SEP26-2260-C,2480.01,ETH-7SEP26,call,2260.0,2026-09-07T08:00:00+00:00,0.003787325587021827,0.0865,0.0925,0.08877,0.0895,2480.01,ETH-7SEP26,0.5804,0.99563,0.01956,0.0,0.0,0.006000000000000005,ETH,2480.25,0.0
2026-09-05T22:48:01.094055+00:00,ETH-26MAR27-2200-C,2529.79,ETH-26MAR27,call,2200.0,2027-03-26T08:00:00+00:00,0.5513574830134421,0.223,0.229,0.225133,0.226,2529.79,ETH-26MAR27,0.55,0.70759,6.4576,4061.0,0.0,0.006000000000000005,ETH,2480.24,0.0
2026-09-05T22:48:01.094055+00:00,ETH-30OCT26-2050-C,2490.3,ETH-30OCT26,call,2050.0,2026-10-30T08:00:00+00:00,0.1488934173050232,0.193,0.197,0.194142,0.195,2490.3,ETH-30OCT26,0.5349,0.85218,2.21955,479.0,0.0,0.0040000000000000036,ETH,2480.24,0.0
2026-09-05T22:48:01.094055+00:00,ETH-25DEC26-3100-C,2503.92,ETH-25DEC26,call,3100.0,2026-12-25T08:00:00+00:00,0.30221306138442083,0.044,0.0455,0.044899,0.04475,2503.92,ETH-25DEC26,0.5372,0.28269,4.65707,2509.0,0.0,0.0015000000000000013,ETH,2480.26,0.0
2026-09-05T22:48:01.094055+00:00,ETH-26MAR27-1600-C,2529.79,ETH-26MAR27,call,1600.0,2027-03-26T08:00:00+00:00,0.5513574830134421,0.394,0.3985,0.395585,0.39625,2529.79,ETH-26MAR27,0.6035,0.89368,3.44825,879.0,0.0,0.004500000000000004,ETH,2480.26,0.0
2026-09-05T22:48:01.094055+00:00,ETH-25DEC26-3200-C,2503.91,ETH-25DEC26,call,3200.0,2026-12-25T08:00:00+00:00,0.30221306138442083,0.0375,0.039,0.038504,0.03825,2503.91,ETH-25DEC26,0.5413,0.24981,4.37432,68127.0,23.0,0.0015000000000000013,ETH,2480.26,2126.08
2026-09-05T22:48:01.094055+00:00,ETH-25DEC26-4400-C,2503.94,ETH-25DEC26,call,4400.0,2026-12-25T08:00:00+00:00,0.30221306138442083,0.0075,0.0085,0.008109,0.008,2503.94,ETH-25DEC26,0.6053000000000001,0.06334,1.71124,3718.0,0.0,0.0010000000000000009,ETH,2480.26,0.0
2026-09-05T22:48:01.094055+00:00,ETH-26MAR27-4000-C,2529.79,ETH-26MAR27,call,4000.0,2027-03-26T08:00:00+00:00,0.5513574830134421,0.0365,0.039,0.037591,0.03775,2529.79,ETH-26MAR27,0.5714,0.193,5.1489,2561.0,110.0,0.0025000000000000022,ETH,2480.26,9896.03
2026-09-05T22:48:01.094055+00:00,ETH-25SEP26-7400-P,2485.18,ETH-25SEP26,put,7400.0,2026-09-25T08:00:00+00:00,0.05306863975539965,1.967,1.988,1.977643,1.9775,2485.18,ETH-25SEP26,1.1765,-0.99995,0.00119,0.0,0.0,0.020999999999999908,ETH,2480.26,0.0
2026-09-05T22:48:01.094055+00:00,ETH-8SEP26-2200-C,2480.26,ETH-8SEP26,call,2200.0,2026-09-08T08:00:00+00:00,0.006525176374153928,0.1125,0.1155,0.113218,0.114,2480.26,ETH-8SEP26,0.6531999999999999,0.98933,0.05651,0.0,0.0,0.0030000000000000027,ETH,2480.26,0.0
2026-09-05T22:48:01.094055+00:00,ETH-6SEP26-2640-P,2479.62,ETH-6SEP26,put,2640.0,2026-09-06T08:00:00+00:00,0.0010494747998897253,0.0605,0.0675,0.064634,0.064,2479.62,ETH-6SEP26,0.5704,-0.99965,0.00103,0.0,0.0,0.007000000000000006,ETH,2480.26,0.0
2026-09-05T22:48:01.094055+00:00,ETH-30OCT26-2100-P,2490.3,ETH-30OCT26,put,2100.0,2026-10-30T08:00:00+00:00,0.1488934173050232,0.0205,0.0215,0.020977,0.021,2490.3,ETH-30OCT26,0.5275,-0.17379,2.46708,3443.0,12.0,0.0009999999999999974,ETH,2480.26,643.48
2026-09-05T22:48:01.094055+00:00,ETH-7SEP26-2540-P,2480.03,ETH-7SEP26,put,2540.0,2026-09-07T08:00:00+00:00,0.003787325587021827,0.0225,0.0275,0.025701,0.025,2480.03,ETH-7SEP26,0.354,-0.86054,0.33862,3.0,0.0,0.005000000000000001,ETH,2480.26,0.0
2026-09-05T22:48:01.094055+00:00,ETH-27NOV26-3200-C,2497.43,ETH-27NOV26,call,3200.0,2026-11-27T08:00:00+00:00,0.22555323934472205,0.026,0.0275,0.026742,0.02675,2497.43,ETH-27NOV26,0.5479999999999999,0.20551,3.37597,123.0,0.0,0.0015000000000000013,ETH,2480.26,0.0
2026-09-05T22:48:01.094055+00:00,ETH-25SEP26-2800-P,2485.18,ETH-25SEP26,put,2800.0,2026-09-25T08:00:00+00:00,0.05306863975539965,0.132,0.1415,0.137495,0.13675,2485.18,ETH-25SEP26,0.5224,-0.82377,1.48285,1340.0,0.0,0.00949999999999998,ETH,2480.26,0.0
2026-09-05T22:48:01.094055+00:00,ETH-9SEP26-2440-C,2480.16,ETH-9SEP26,call,2440.0,2026-09-09T08:00:00+00:00,0.00926302716128603,0.022,0.0265,0.023408,0.02425,2480.16,ETH-9SEP26,0.36310000000000003,0.68658,0.84613,46.0,46.0,0.0045000000000000005,ETH,2480.26,2693.68
2026-09-05T22:48:01.094055+00:00,ETH-6SEP26-2560-P,2479.66,ETH-6SEP26,put,2560.0,2026-09-06T08:00:00+00:00,0.0010494747998897253,0.0285,0.0355,0.032542,0.032,2479.66,ETH-6SEP26,0.5107,-0.97232,0.05096,8.0,0.0,0.006999999999999996,ETH,2480.26,0.0
2026-09-05T22:48:01.094055+00:00,ETH-25SEP26-6200-C,2485.16,ETH-25SEP26,call,6200.0,2026-09-25T08:00:00+00:00,0.05306863975539965,,0.0001,6e-06,,2485.16,ETH-25SEP26,1.0378,0.00011,0.0024,2798.0,0.0,,ETH,2480.26,0.0
2026-09-05T22:48:01.094055+00:00,ETH-11SEP26-2150-P,2480.66,ETH-11SEP26,put,2150.0,2026-09-11T08:00:00+00:00,0.014738728735550231,0.0004,0.0007,0.000561,0.00055,2480.66,ETH-11SEP26,0.5884,-0.02069,0.15008,4830.0,486.0,0.0003,ETH,2480.26,692.32
2026-09-05T22:48:01.094055+00:00,ETH-11SEP26-2150-C,2480.64,ETH-11SEP26,call,2150.0,2026-09-11T08:00:00+00:00,0.014738728735550231,0.133,0.1365,0.133856,0.13475,2480.64,ETH-11SEP26,0.5884,0.97932,0.15005,0.0,0.0,0.003500000000000003,ETH,2480.26,0.0
2026-09-05T22:48:01.094055+00:00,ETH-11SEP26-2570-C,2480.64,ETH-11SEP26,call,2570.0,2026-09-11T08:00:00+00:00,0.014738728735550231,0.0075,0.0085,0.00783,0.008,2480.64,ETH-11SEP26,0.4286,0.25719,0.97152,24.0,10.0,0.0010000000000000009,ETH,2480.26,138.18
2026-09-05T22:48:01.094055+00:00,ETH-27NOV26-3600-P,2497.43,ETH-27NOV26,put,3600.0,2026-11-27T08:00:00+00:00,0.22555323934472205,0.4465,0.462,0.45528,0.45425,2497.43,ETH-27NOV26,0.5770000000000001,-0.8844,2.31145,0.0,0.0,0.015500000000000014,ETH,2480.26,0.0
2026-09-05T22:48:01.094055+00:00,ETH-26MAR27-4600-C,2529.79,ETH-26MAR27,call,4600.0,2027-03-26T08:00:00+00:00,0.5513574830134421,0.022,0.024,0.022894,0.023,2529.79,ETH-26MAR27,0.589,0.12559,3.88122,1405.0,0.0,0.0020000000000000018,ETH,2480.26,0.0
2026-09-05T22:48:01.094055+00:00,ETH-25SEP26-1700-P,2485.16,ETH-25SEP26,put,1700.0,2026-09-25T08:00:00+00:00,0.05306863975539965,0.0005,0.0008,0.000649,0.00065,2485.16,ETH-25SEP26,0.742,-0.01053,0.15964,10021.0,0.0,0.00030000000000000003,ETH,2480.26,0.0
2026-09-05T22:48:01.094055+00:00,ETH-27NOV26-4400-P,2497.43,ETH-27NOV26,put,4400.0,2026-11-27T08:00:00+00:00,0.22555323934472205,0.7555,0.7755,0.766749,0.7655,2497.43,ETH-27NOV26,0.6428,-0.9556,1.11246,0.0,0.0,0.020000000000000018,ETH,2480.26,0.0
2026-09-05T22:48:01.094055+00:00,ETH-30OCT26-3600-C,2490.3,ETH-30OCT26,call,3600.0,2026-10-30T08:00:00+00:00,0.1488934173050232,0.006,0.007,0.006508,0.0065,2490.3,ETH-30OCT26,0.5987,0.06959,1.28489,4569.0,51.0,0.001,ETH,2480.26,750.59
2026-09-05T22:48:01.094055+00:00,ETH-18SEP26-2700-C,2482.83,ETH-18SEP26,call,2700.0,2026-09-18T08:00:00+00:00,0.03390368424547494,0.0095,0.0105,0.009792,0.01,2482.83,ETH-18SEP26,0.5065999999999999,0.19734,1.26996,4009.0,8.0,0.0010000000000000009,ETH,2480.26,147.17
2026-09-05T22:48:01.094055+00:00,ETH-26MAR27-2000-C,2529.79,ETH-26MAR27,call,2000.0,2027-03-26T08:00:00+00:00,0.5513574830134421,0.273,0.278,0.274844,0.2755,2529.79,ETH-26MAR27,0.5606,0.78017,5.56193,1843.0,0.0,0.0050000000000000044,ETH,2480.26,0.0
2026-09-05T22:48:01.094055+00:00,ETH-25SEP26-5600-P,2485.18,ETH-25SEP26,put,5600.0,2026-09-25T08:00:00+00:00,0.05306863975539965,1.246,1.261,1.253359,1.2535,2485.18,ETH-25SEP26,0.9643,-0.9998,0.00427,0.0,0.0,0.014999999999999902,ETH,2480.26,0.0
2026-09-05T22:48:01.094055+00:00,ETH-7SEP26-2360-C,2480.01,ETH-7SEP26,call,2360.0,2026-09-07T08:00:00+00:00,0.003787325587021827,0.046,0.0525,0.048815,0.04925,2480.01,ETH-7SEP26,0.4548,0.96321,0.12279,0.0,0.0,0.006499999999999999,ETH,2480.26,0.0
2026-09-05T22:48:01.094055+00:00,ETH-25SEP26-5500-C,2485.16,ETH-25SEP26,call,5500.0,2026-09-25T08:00:00+00:00,0.05306863975539965,,0.0001,1.1e-05,,2485.16,ETH-25SEP26,0.9501999999999999,0.00022,0.00469,2169.0,0.0,,ETH,2480.26,0.0
2026-09-05T22:48:01.094055+00:00,ETH-7SEP26-2100-C,2480.01,ETH-7SEP26,call,2100.0,2026-09-07T08:00:00+00:00,0.003787325587021827,0.1525,0.156,0.153237,0.15425,2480.01,ETH-7SEP26,0.7444,0.99987,0.00076,0.0,0.0,0.003500000000000003,ETH,2480.26,0.0
2026-09-05T22:48:01.094055+00:00,ETH-25JUN27-5000-P,2558.44,ETH-25JUN27,put,5000.0,2027-06-25T08:00:00+00:00,0.8005019046424633,0.963,1.0065,0.988829,0.98475,2558.44,ETH-25JUN27,0.5876,-0.84395,5.48106,0.0,0.0,0.04349999999999998,ETH,2480.26,0.0
2026-09-05T22:48:01.094055+00:00,ETH-30OCT26-3100-C,2490.32,ETH-30OCT26,call,3100.0,2026-10-30T08:00:00+00:00,0.1488934173050232,0.0175,0.0185,0.018107,0.018,2490.32,ETH-30OCT26,0.546,0.17525,2.48025,1130.0,124.0,0.0009999999999999974,ETH,2480.23,4913.05
2026-09-05T22:48:01.094055+00:00,ETH-27NOV26-3300-P,2497.43,ETH-27NOV26,put,3300.0,2026-11-27T08:00:00+00:00,0.22555323934472205,0.336,0.3505,0.343812,0.34325,2497.43,ETH-27NOV26,0.5549000000000001,-0.82263,3.08452,0.0,0.0,0.014499999999999957,ETH,2480.26,0.0
2026-09-05T22:48:01.094055+00:00,ETH-18SEP26-2250-C,2482.83,ETH-18SEP26,call,2250.0,2026-09-18T08:00:00+00:00,0.03390368424547494,0.0985,0.103,0.099816,0.10075,2482.83,ETH-18SEP26,0.49060000000000004,0.87195,0.95731,0.0,0.0,0.00449999999999999,ETH,2480.26,0.0
2026-09-05T22:48:01.094055+00:00,ETH-27NOV26-2250-P,2497.43,ETH-27NOV26,put,2250.0,2026-11-27T08:00:00+00:00,0.22555323934472205,0.0525,0.0535,0.052867,0.053,2497.43,ETH-27NOV26,0.525,-0.29362,4.08474,821.0,0.0,0.0010000000000000009,ETH,2480.26,0.0
2026-09-05T22:48:01.094055+00:00,ETH-25JUN27-3500-C,2558.47,ETH-25JUN27,call,3500.0,2027-06-25T08:00:00+00:00,0.8005019046424633,0.0925,0.0955,0.093636,0.094,2558.47,ETH-25JUN27,0.5611,0.35467,8.5225,2813.0,0.0,0.0030000000000000027,ETH,2480.23,0.0
2026-09-05T22:48:01.094055+00:00,ETH-25JUN27-3600-P,2558.44,ETH-25JUN27,put,3600.0,2027-06-25T08:00:00+00:00,0.8005019046424633,0.477,0.505,0.494101,0.491,2558.44,ETH-25JUN27,0.5627,-0.66498,8.3427,0.0,0.0,0.028000000000000025,ETH,2480.23,0.0
2026-09-05T22:48:01.094055+00:00,ETH-6SEP26-2240-P,2479.66,ETH-6SEP26,put,2240.0,2026-09-06T08:00:00+00:00,0.0010494747998897253,,0.0001,0.0,,2479.66,ETH-6SEP26,0.5787,0.0,0.0,188.0,0.0,,ETH,2480.23,0.0
2026-09-05T22:48:01.094055+00:00,ETH-25SEP26-1700-C,2485.18,ETH-25SEP26,call,1700.0,2026-09-25T08:00:00+00:00,0.05306863975539965,0.3155,0.319,0.316597,0.31725,2485.18,ETH-25SEP26,0.742,0.98947,0.15963,2191.0,1.0,0.003500000000000003,ETH,2480.23,761.34
2026-09-05T22:48:01.094055+00:00,ETH-6SEP26-2220-P,2479.62,ETH-6SEP26,put,2220.0,2026-09-06T08:00:00+00:00,0.0010494747998897253,,0.0001,0.0,,2479.62,ETH-6SEP26,0.6291,0.0,0.0,101.0,0.0,,ETH,2480.23,0.0
2026-09-05T22:48:01.094055+00:00,ETH-26MAR27-1400-P,2529.79,ETH-26MAR27,put,1400.0,2027-03-26T08:00:00+00:00,0.5513574830134421,0.0165,0.0185,0.017512,0.0175,2529.79,ETH-26MAR27,0.6376,-0.06861,2.48457,1850.0,0.0,0.0019999999999999983,ETH,2480.23,0.0
2026-09-05T22:48:01.094055+00:00,ETH-25SEP26-7500-P,2485.18,ETH-25SEP26,put,7500.0,2026-09-25T08:00:00+00:00,0.05306863975539965,2.007,2.0285,2.017881,2.01775,2485.18,ETH-25SEP26,1.1895,-0.99995,0.00117,0.0,0.0,0.021500000000000075,ETH,2480.23,0.0
2026-09-05T22:48:01.094055+00:00,ETH-25SEP26-2360-P,2485.16,ETH-25SEP26,put,2360.0,2026-09-25T08:00:00+00:00,0.05306863975539965,0.0225,0.0235,0.022796,0.023,2485.16,ETH-25SEP26,0.48479999999999995,-0.30192,1.99693,264.0,0.0,0.0010000000000000009,ETH,2480.23,0.0
2026-09-05T22:48:01.094055+00:00,ETH-26MAR27-1800-P,2529.79,ETH-26MAR27,put,1800.0,2027-03-26T08:00:00+00:00,0.5513574830134421,0.042,0.0445,0.043184,0.04325,2529.79,ETH-26MAR27,0.5761999999999999,-0.15639,4.50444,3701.0,0.0,0.0024999999999999953,ETH,2480.23,0.0
2026-09-05T22:48:01.094055+00:00,ETH-25SEP26-2200-C,2485.18,ETH-25SEP26,call,2200.0,2026-09-25T08:00:00+00:00,0.05306863975539965,0.1215,0.126,0.123358,0.12375,2485.18,ETH-25SEP26,0.5107,0.86335,1.25379,7962.0,0.0,0.004500000000000004,ETH,2480.23,0.0
2026-09-05T22:48:01.094055+00:00,ETH-26MAR27-3500-C,2529.79,ETH-26MAR27,call,3500.0,2027-03-26T08:00:00+00:00,0.5513574830134421,0.0585,0.061,0.059539,0.05975,2529.79,ETH-26MAR27,0.5577000000000001,0.28224,6.35029,4190.0,0.0,0.0024999999999999953,ETH,2480.23,0.0
2026-09-05T22:48:01.094055+00:00,ETH-30OCT26-3800-P,2490.32,ETH-30OCT26,put,3800.0,2026-10-30T08:00:00+00:00,0.1488934173050232,0.522,0.537,0.530604,0.5295,2490.32,ETH-30OCT26,0.6231,-0.94916,1.00466,0.0,0.0,0.015000000000000013,ETH,2480.23,0.0
2026-09-05T22:48:01.094055+00:00,ETH-27NOV26-2100-C,2497.43,ETH-27NOV26,call,2100.0,2026-11-27T08:00:00+00:00,0.22555323934472205,0.1915,0.1965,0.19354,0.194,2497.43,ETH-27NOV26,0.5365,0.79025,3.41698,1.0,0.0,0.0050000000000000044,ETH,2480.23,0.0
2026-09-05T22:48:01.094055+00:00,ETH-25SEP26-5500-P,2485.16,ETH-25SEP26,put,5500.0,2026-09-25T08:00:00+00:00,0.05306863975539965,1.2055,1.22,1.213122,1.21275,2485.16,ETH-25SEP26,0.9501999999999999,-0.99978,0.00469,1.0,0.0,0.014499999999999957,ETH,2480.23,0.0
2026-09-05T22:48:01.094055+00:00,ETH-30OCT26-2200-C,2490.32,ETH-30OCT26,call,2200.0,2026-10-30T08:00:00+00:00,0.1488934173050232,0.1455,0.1495,0.146936,0.1475,2490.32,ETH-30OCT26,0.516,0.76493,2.9546,1295.0,0.0,0.0040000000000000036,ETH,2480.23,0.0
2026-09-05T22:48:01.094055+00:00,ETH-25JUN27-1500-P,2558.44,ETH-25JUN27,put,1500.0,2027-06-25T08:00:00+00:00,0.8005019046424633,0.034,0.0365,0.035153,0.03525,2558.44,ETH-25JUN27,0.608,-0.10506,4.16549,502.0,0.0,0.0024999999999999953,ETH,2480.23,0.0
2026-09-05T22:48:01.094055+00:00,ETH-26MAR27-3600-P,2529.79,ETH-26MAR27,put,3600.0,2027-03-26T08:00:00+00:00,0.5513574830134421,0.461,0.4885,0.477159,0.47475,2529.79,ETH-26MAR27,0.5605,-0.73859,6.11255,1.0,0.0,0.02749999999999997,ETH,2480.23,0.0
2026-09-05T22:48:01.094055+00:00,ETH-7SEP26-2320-C,2480.01,ETH-7SEP26,call,2320.0,2026-09-07T08:00:00+00:00,0.003787325587021827,0.062,0.0685,0.064733,0.06525,2480.01,ETH-7SEP26,0.5191,0.98237,0.06634,18.0,0.0,0.006500000000000006,ETH,2480.23,0.0
2026-09-05T22:48:01.094055+00:00,ETH-25SEP26-2900-C,2485.18,ETH-25SEP26,call,2900.0,2026-09-25T08:00:00+00:00,0.05306863975539965,0.007,0.0075,0.007115,0.00725,2485.18,ETH-25SEP26,0.5440999999999999,0.12148,1.15558,16766.0,1.0,0.0004999999999999996,ETH,2480.23,14.79
2026-09-05T22:48:01.094055+00:00,ETH-26MAR27-1900-C,2529.82,ETH-26MAR27,call,1900.0,2027-03-26T08:00:00+00:00,0.5513574830134421,0.3,0.3055,0.302531,0.30275,2529.82,ETH-26MAR27,0.5683,0.81312,5.0478,2451.0,0.0,0.005500000000000005,ETH,2480.23,0.0
2026-09-05T22:48:01.094055+00:00,ETH-18SEP26-2650-P,2482.8,ETH-18SEP26,put,2650.0,2026-09-18T08:00:00+00:00,0.03390368424547494,0.077,0.0815,0.080357,0.07925,2482.8,ETH-18SEP26,0.4939,-0.74872,1.45711,0.0,0.0,0.004500000000000004,ETH,2480.23,0.0
2026-09-05T22:48:01.094055+00:00,ETH-6SEP26-2360-C,2479.62,ETH-6SEP26,call,2360.0,2026-09-06T08:00:00+00:00,0.0010494747998897253,0.046,0.052,0.048284,0.049,2479.62,ETH-6SEP26,0.42460000000000003,0.99985,0.00046,40.0,0.0,0.005999999999999998,ETH,2480.21,0.0
2026-09-05T22:48:01.094055+00:00,ETH-25SEP26-5400-P,2485.16,ETH-25SEP26,put,5400.0,2026-09-25T08:00:00+00:00,0.05306863975539965,1.1655,1.1795,1.172884,1.1725,2485.16,ETH-25SEP26,0.9338,-0.99977,0.00502,4.0,0.0,0.014000000000000012,ETH,2480.21,0.0
2026-09-05T22:48:01.094055+00:00,ETH-25SEP26-1900-P,2485.16,ETH-25SEP26,put,1900.0,2026-09-25T08:00:00+00:00,0.05306863975539965,0.0013,0.0017,0.001553,0.0015,2485.16,ETH-25SEP26,0.6271,-0.02674,0.35411,20819.0,10.0,0.00039999999999999996,ETH,2480.21,39.29
2026-09-05T22:48:01.094055+00:00,ETH-25SEP26-3400-P,2485.18,ETH-25SEP26,put,3400.0,2026-09-25T08:00:00+00:00,0.05306863975539965,0.365,0.374,0.369585,0.3695,2485.18,ETH-25SEP26,0.675,-0.97358,0.35061,870.0,0.0,0.009000000000000008,ETH,2480.21,0.0
2026-09-05T22:48:01.094055+00:00,ETH-26MAR27-1900-P,2529.79,ETH-26MAR27,put,1900.0,2027-03-26T08:00:00+00:00,0.5513574830134421,0.0525,0.0545,0.053559,0.0535,2529.79,ETH-26MAR27,0.5683,-0.18689,5.04793,3282.0,0.0,0.0020000000000000018,ETH,2480.21,0.0
2026-09-05T22:48:01.094055+00:00,ETH-8SEP26-2280-P,2480.23,ETH-8SEP26,put,2280.0,2026-09-08T08:00:00+00:00,0.006525176374153928,0.0002,0.0005,0.000343,0.00035,2480.23,ETH-8SEP26,0.5211,-0.02152,0.10319,0.0,0.0,0.00030000000000000003,ETH,2480.21,0.0
2026-09-05T22:48:01.094055+00:00,ETH-27NOV26-2250-C,2497.43,ETH-27NOV26,call,2250.0,2026-11-27T08:00:00+00:00,0.22555323934472205,0.1505,0.1545,0.15197,0.1525,2497.43,ETH-27NOV26,0.525,0.70636,4.08483,51.0,0.0,0.0040000000000000036,ETH,2480.21,0.0
2026-09-05T22:48:01.094055+00:00,ETH-6SEP26-2350-C,2479.62,ETH-6SEP26,call,2350.0,2026-09-06T08:00:00+00:00,0.0010494747998897253,0.05,0.056,0.052316,0.053,2479.62,ETH-6SEP26,0.425,0.99996,0.00015,0.0,0.0,0.005999999999999998,ETH,2480.09,0.0
2026-09-05T22:48:01.094055+00:00,ETH-30OCT26-2700-C,2490.32,ETH-30OCT26,call,2700.0,2026-10-30T08:00:00+00:00,0.1488934173050232,0.047,0.0475,0.047133,0.04725,2490.32,ETH-30OCT26,0.5151,0.37944,3.65849,1345.0,1.0,0.0005000000000000004,ETH,2480.09,115.07
2026-09-05T22:48:01.094055+00:00,ETH-25SEP26-7400-C,2485.16,ETH-25SEP26,call,7400.0,2026-09-25T08:00:00+00:00,0.05306863975539965,,0.0001,3e-06,,2485.16,ETH-25SEP26,1.1765,5e-05,0.00119,1322.0,0.0,,ETH,2480.09,0.0
2026-09-05T22:48:01.094055+00:00,ETH-25SEP26-5200-P,2485.18,ETH-25SEP26,put,5200.0,2026-09-25T08:00:00+00:00,0.05306863975539965,1.085,1.0985,1.092416,1.09175,2485.18,ETH-25SEP26,0.9251,-0.99961,0.00817,3.0,0.0,0.013500000000000068,ETH,2480.09,0.0
2026-09-05T22:48:01.094055+00:00,ETH-25SEP26-14000-P,2485.18,ETH-25SEP26,put,14000.0,2026-09-25T08:00:00+00:00,0.05306863975539965,4.6115,4.656,4.633375,4.63375,2485.18,ETH-25SEP26,1.7753,-0.99997,0.0007,0.0,0.0,0.04449999999999932,ETH,2480.09,0.0
2026-09-05T22:48:01.094055+00:00,ETH-8SEP26-2440-C,2480.23,ETH-8SEP26,call,2440.0,2026-09-08T08:00:00+00:00,0.006525176374153928,0.019,0.023,0.020649,0.021,2480.23,ETH-8SEP26,0.3322,0.73336,0.65813,11.0,20.0,0.004,ETH,2480.09,864.49
2026-09-05T22:48:01.094055+00:00,ETH-18SEP26-2700-P,2482.83,ETH-18SEP26,put,2700.0,2026-09-18T08:00:00+00:00,0.03390368424547494,0.0925,0.1005,0.09723,0.0965,2482.83,ETH-18SEP26,0.5065999999999999,-0.80267,1.26987,7.0,0.0,0.008000000000000007,ETH,2480.09,0.0
2026-09-05T22:48:01.094055+00:00,ETH-25DEC26-2600-P,2503.94,ETH-25DEC26,put,2600.0,2026-12-25T08:00:00+00:00,0.30221306138442083,0.135,0.1375,0.136832,0.13625,2503.94,ETH-25DEC26,0.5236,-0.49471,5.49298,1195.0,0.0,0.0025000000000000022,ETH,2480.11,0.0
2026-09-05T22:48:01.094055+00:00,ETH-25SEP26-6400-P,2485.16,ETH-25SEP26,put,6400.0,2026-09-25T08:00:00+00:00,0.05306863975539965,1.566,1.584,1.575292,1.575,2485.16,ETH-25SEP26,1.0674,-0.9999,0.00223,0.0,0.0,0.018000000000000016,ETH,2480.11,0.0
2026-09-05T22:48:01.094055+00:00,ETH-11SEP26-2350-P,2480.64,ETH-11SEP26,put,2350.0,2026-09-11T08:00:00+00:00,0.014738728735550231,0.0035,0.004,0.003736,0.00375,2480.64,ETH-11SEP26,0.42219999999999996,-0.13979,0.66968,3175.0,730.0,0.0005,ETH,2480.11,8492.19
2026-09-05T22:48:01.094055+00:00,ETH-6SEP26-2600-P,2479.66,ETH-6SEP26,put,2600.0,2026-09-06T08:00:00+00:00,0.0010494747998897253,0.045,0.0515,0.048532,0.04825,2479.66,ETH-6SEP26,0.5704,-0.99482,0.01196,0.0,0.0,0.006499999999999999,ETH,2480.1,0.0
2026-09-05T22:48:01.094055+00:00,ETH-6SEP26-2580-P,2479.62,ETH-6SEP26,put,2580.0,2026-09-06T08:00:00+00:00,0.0010494747998897253,0.037,0.0435,0.040536,0.04025,2479.62,ETH-6SEP26,0.5657,-0.9847,0.03085,0.0,0.0,0.006499999999999999,ETH,2480.1,0.0
2026-09-05T22:48:01.094055+00:00,ETH-25SEP26-6600-P,2485.18,ETH-25SEP26,put,6600.0,2026-09-25T08:00:00+00:00,0.05306863975539965,1.646,1.6645,1.655738,1.65525,2485.18,ETH-25SEP26,1.0931,-0.99991,0.002,0.0,0.0,0.018500000000000183,ETH,2480.1,0.0
2026-09-05T22:48:01.094055+00:00,ETH-25SEP26-2800-C,2485.18,ETH-25SEP26,call,2800.0,2026-09-25T08:00:00+00:00,0.05306863975539965,0.0105,0.0115,0.010821,0.011,2485.18,ETH-25SEP26,0.5224,0.17613,1.48221,17095.0,144.0,0.0009999999999999992,ETH,2480.1,2889.34
2026-09-05T22:48:01.094055+00:00,ETH-25DEC26-2900-C,2503.92,ETH-25DEC26,call,2900.0,2026-12-25T08:00:00+00:00,0.30221306138442083,0.0605,0.062,0.061324,0.06125,2503.92,ETH-25DEC26,0.5299,0.36012,5.15223,3740.0,0.0,0.0015000000000000013,ETH,2480.1,0.0
2026-09-05T22:48:01.094055+00:00,ETH-7SEP26-2460-C,2480.01,ETH-7SEP26,call,2460.0,2026-09-07T08:00:00+00:00,0.003787325587021827,0.0115,0.013,0.01216,0.01225,2480.01,ETH-7SEP26,0.3044,0.67062,0.55194,494.0,476.0,0.0014999999999999996,ETH,2480.1,8393.36
2026-09-05T22:48:01.094055+00:00,ETH-27NOV26-4000-P,2497.43,ETH-27NOV26,put,4000.0,2026-11-27T08:00:00+00:00,0.22555323934472205,0.5985,0.6175,0.609507,0.608,2497.43,ETH-27NOV26,0.6091,-0.93097,1.57585,0.0,0.0,0.019000000000000017,ETH,2480.1,0.0
2026-09-05T22:48:01.094055+00:00,ETH-18SEP26-2450-P,2482.8,ETH-18SEP26,put,2450.0,2026-09-18T08:00:00+00:00,0.03390368424547494,0.0275,0.0285,0.027932,0.028,2482.8,ETH-18SEP26,0.4678,-0.42172,1.78899,1531.0,24.0,0.0010000000000000009,ETH,2480.1,1884.81
2026-09-05T22:48:01.094055+00:00,ETH-9SEP26-2100-P,2480.16,ETH-9SEP26,put,2100.0,2026-09-09T08:00:00+00:00,0.00926302716128603,,0.0003,0.00015,,2480.16,ETH-9SEP26,0.7081000000000001,-0.00672,0.04485,281.0,281.0,,ETH,2480.1,211.24
2026-09-05T22:48:01.094055+00:00,ETH-7SEP26-2100-P,2480.01,ETH-7SEP26,put,2100.0,2026-09-07T08:00:00+00:00,0.003787325587021827,,0.0001,1e-06,,2480.01,ETH-7SEP26,0.7444,-0.00013,0.00076,398.0,0.0,,ETH,2480.1,0.0
2026-09-05T22:48:01.094055+00:00,ETH-26MAR27-2700-P,2529.79,ETH-26MAR27,put,2700.0,2027-03-26T08:00:00+00:00,0.5513574830134421,0.1985,0.203,0.20122,0.20075,2529.79,ETH-26MAR27,0.544,-0.48364,7.49035,211.0,40.0,0.004500000000000004,ETH,2480.1,19547.06
2026-09-05T22:48:01.094055+00:00,ETH-6SEP26-2580-C,2479.62,ETH-6SEP26,call,2580.0,2026-09-06T08:00:00+00:00,0.0010494747998897253,,0.0003,9.9e-05,,2479.62,ETH-6SEP26,0.5657,0.0153,0.03085,385.0,138.0,,ETH,2480.1,62.79
2026-09-05T22:48:01.094055+00:00,ETH-11SEP26-2520-C,2480.66,ETH-11SEP26,call,2520.0,2026-09-11T08:00:00+00:00,0.014738728735550231,0.013,0.014,0.013196,0.0135,2480.66,ETH-11SEP26,0.41259999999999997,0.38637,1.15249,121.0,120.0,0.0010000000000000009,ETH,2480.1,2920.52
2026-09-05T22:48:01.094055+00:00,ETH-8SEP26-2750-C,2480.23,ETH-8SEP26,call,2750.0,2026-09-08T08:00:00+00:00,0.006525176374153928,0.0003,0.0005,0.000327,0.0004,2480.23,ETH-8SEP26,0.6065999999999999,0.01876,0.09186,5.0,4.0,0.00020000000000000004,ETH,2480.1,2.96
2026-09-05T22:48:01.094055+00:00,ETH-11SEP26-2500-P,2480.64,ETH-11SEP26,put,2500.0,2026-09-11T08:00:00+00:00,0.014738728735550231,0.023,0.025,0.02398,0.024,2480.64,ETH-11SEP26,0.4079,-0.55254,1.19112,1016.0,85.0,0.0020000000000000018,ETH,2480.1,6095.64
2026-09-05T22:48:01.094055+00:00,ETH-25SEP26-3500-C,2485.16,ETH-25SEP26,call,3500.0,2026-09-25T08:00:00+00:00,0.05306863975539965,0.001,0.0014,0.001169,0.0012,2485.16,ETH-25SEP26,0.7009000000000001,0.02073,0.28578,20667.0,71.0,0.00039999999999999996,ETH,2480.1,156.95
2026-09-05T22:48:01.094055+00:00,ETH-6SEP26-2220-C,2479.62,ETH-6SEP26,call,2220.0,2026-09-06T08:00:00+00:00,0.0010494747998897253,0.104,0.107,0.104741,0.1055,2479.62,ETH-6SEP26,0.6291,1.0,0.0,0.0,0.0,0.0030000000000000027,ETH,2480.1,0.0
2026-09-05T22:48:01.094055+00:00,ETH-25SEP26-1800-C,2485.18,ETH-25SEP26,call,1800.0,2026-09-25T08:00:00+00:00,0.05306863975539965,0.276,0.279,0.276709,0.2775,2485.18,ETH-25SEP26,0.6838,0.98326,0.23829,6238.0,0.0,0.0030000000000000027,ETH,2480.1,0.0
2026-09-05T22:48:01.094055+00:00,ETH-26MAR27-3400-C,2529.79,ETH-26MAR27,call,3400.0,2027-03-26T08:00:00+00:00,0.5513574830134421,0.0645,0.067,0.065539,0.06575,2529.79,ETH-26MAR27,0.555,0.30472,6.57955,1881.0,1.0,0.0025000000000000022,ETH,2480.1,152.25
2026-09-05T22:48:01.094055+00:00,ETH-25JUN27-900-P,2558.44,ETH-25JUN27,put,900.0,2027-06-25T08:00:00+00:00,0.8005019046424633,0.0075,0.0095,0.008508,0.0085,2558.44,ETH-25JUN27,0.7269,-0.02673,1.41539,848.0,0.0,0.002,ETH,2480.1,0.0
2026-09-05T22:48:01.094055+00:00,ETH-6SEP26-2620-P,2479.62,ETH-6SEP26,put,2620.0,2026-09-06T08:00:00+00:00,0.0010494747998897253,0.053,0.0595,0.056574,0.05625,2479.62,ETH-6SEP26,0.5704,-0.99856,0.00377,18.0,0.0,0.006499999999999999,ETH,2480.1,0.0
2026-09-05T22:48:01.094055+00:00,ETH-7SEP26-2580-C,2480.01,ETH-7SEP26,call,2580.0,2026-09-07T08:00:00+00:00,0.003787325587021827,0.0007,0.001,0.000742,0.00085,2480.01,ETH-7SEP26,0.4226,0.06627,0.1963,1358.0,203.0,0.00030000000000000003,ETH,2480.1,226.98
2026-09-05T22:48:01.094055+00:00,ETH-25JUN27-1300-C,2558.47,ETH-25JUN27,call,1300.0,2027-06-25T08:00:00+00:00,0.8005019046424633,0.512,0.5185,0.514572,0.51525,2558.47,ETH-25JUN27,0.6364,0.92967,3.08548,108.0,0.0,0.00649999999999995,ETH,2480.1,0.0
2026-09-05T22:48:01.094055+00:00,ETH-25SEP26-1850-P,2485.16,ETH-25SEP26,put,1850.0,2026-09-25T08:00:00+00:00,0.05306863975539965,0.001,0.0014,0.001213,0.0012,2485.16,ETH-25SEP26,0.6525,-0.02075,0.28601,5691.0,0.0,0.00039999999999999996,ETH,2480.1,0.0
2026-09-05T22:48:01.094055+00:00,ETH-25DEC26-1500-C,2503.92,ETH-25DEC26,call,1500.0,2026-12-25T08:00:00+00:00,0.30221306138442083,0.408,0.4115,0.409496,0.40975,2503.92,ETH-25DEC26,0.637,0.9493,1.43609,749.0,0.0,0.003500000000000003,ETH,2480.08,0.0
2026-09-05T22:48:01.094055+00:00,ETH-8SEP26-2420-P,2480.23,ETH-8SEP26,put,2420.0,2026-09-08T08:00:00+00:00,0.006525176374153928,0.0026,0.0031,0.002828,0.00285,2480.23,ETH-8SEP26,0.34380000000000005,-0.18419,0.53321,1.0,0.0,0.0005,ETH,2480.1,0.0
2026-09-05T22:48:01.094055+00:00,ETH-30OCT26-3400-C,2490.3,ETH-30OCT26,call,3400.0,2026-10-30T08:00:00+00:00,0.1488934173050232,0.009,0.01,0.00949,0.0095,2490.3,ETH-30OCT26,0.5761999999999999,0.09874,1.67142,3393.0,377.0,0.0010000000000000009,ETH,2480.08,8360.23
2026-09-05T22:48:01.094055+00:00,ETH-27NOV26-2750-P,2497.43,ETH-27NOV26,put,2750.0,2026-11-27T08:00:00+00:00,0.22555323934472205,0.159,0.164,0.162375,0.1615,2497.43,ETH-27NOV26,0.5246,-0.60344,4.57294,52.0,0.0,0.0050000000000000044,ETH,2480.1,0.0
2026-09-05T22:48:01.094055+00:00,ETH-6SEP26-2800-P,2479.62,ETH-6SEP26,put,2800.0,2026-09-06T08:00:00+00:00,0.0010494747998897253,0.125,0.132,0.129155,0.1285,2479.62,ETH-6SEP26,0.703,-1.0,0.0,0.0,0.0,0.007000000000000006,ETH,2480.08,0.0
2026-09-05T22:48:01.094055+00:00,ETH-25SEP26-5000-P,2485.16,ETH-25SEP26,put,5000.0,2026-09-25T08:00:00+00:00,0.05306863975539965,1.0045,1.018,1.011959,1.01125,2485.16,ETH-25SEP26,0.9238,-0.99926,0.01466,2.0,0.0,0.013500000000000068,ETH,2480.08,0.0
2026-09-05T22:48:01.094055+00:00,ETH-18SEP26-2800-P,2482.83,ETH-18SEP26,put,2800.0,2026-09-18T08:00:00+00:00,0.03390368424547494,0.1295,0.1365,0.133494,0.133,2482.83,ETH-18SEP26,0.539,-0.87709,0.93023,0.0,0.0,0.007000000000000006,ETH,2480.08,0.0
2026-09-05T22:48:01.094055+00:00,ETH-25DEC26-11000-P,2503.94,ETH-25DEC26,put,11000.0,2026-12-25T08:00:00+00:00,0.30221306138442083,3.352,3.4235,3.393283,3.38775,2503.94,ETH-25DEC26,0.852,-0.99827,0.07637,699.0,0.0,0.07150000000000034,ETH,2480.09,0.0
2026-09-05T22:48:01.094055+00:00,ETH-9SEP26-2800-C,2480.16,ETH-9SEP26,call,2800.0,2026-09-09T08:00:00+00:00,0.00926302716128603,0.0003,0.0005,0.000368,0.0004,2480.16,ETH-9SEP26,0.5935,0.01824,0.10685,0.0,0.0,0.00020000000000000004,ETH,2480.08,0.0
2026-09-05T22:48:01.094055+00:00,ETH-25DEC26-2800-C,2503.94,ETH-25DEC26,call,2800.0,2026-12-25T08:00:00+00:00,0.30221306138442083,0.071,0.0725,0.07181,0.07175,2503.94,ETH-25DEC26,0.5271,0.40494,5.3367,6830.0,0.0,0.0015000000000000013,ETH,2480.09,0.0
2026-09-05T22:48:01.094055+00:00,ETH-27NOV26-4200-C,2497.43,ETH-27NOV26,call,4200.0,2026-11-27T08:00:00+00:00,0.22555323934472205,0.0055,0.0065,0.005988,0.006,2497.43,ETH-27NOV26,0.6215999999999999,0.05337,1.28879,40.0,0.0,0.001,ETH,2480.09,0.0
2026-09-05T22:48:01.094055+00:00,ETH-30OCT26-1800-C,2490.32,ETH-30OCT26,call,1800.0,2026-10-30T08:00:00+00:00,0.1488934173050232,0.2825,0.287,0.283769,0.28475,2490.32,ETH-30OCT26,0.5876,0.93874,1.16384,104.0,1.0,0.004500000000000004,ETH,2480.09,678.96
2026-09-05T22:48:01.094055+00:00,ETH-25JUN27-1800-P,2558.44,ETH-25JUN27,put,1800.0,2027-06-25T08:00:00+00:00,0.8005019046424633,0.0615,0.0645,0.063087,0.063,2558.44,ETH-25JUN27,0.5785,-0.17414,5.88404,769.0,0.0,0.0030000000000000027,ETH,2480.09,0.0
2026-09-05T22:48:01.094055+00:00,ETH-9SEP26-2200-P,2480.19,ETH-9SEP26,put,2200.0,2026-09-09T08:00:00+00:00,0.00926302716128603,0.0002,0.0005,0.00028,0.00035,2480.19,ETH-9SEP26,0.5749,-0.01424,0.08644,10.0,10.0,0.00030000000000000003,ETH,2480.09,9.91
2026-09-05T22:48:01.094055+00:00,ETH-25DEC26-3400-P,2503.92,ETH-25DEC26,put,3400.0,2026-12-25T08:00:00+00:00,0.30221306138442083,0.377,0.3935,0.386473,0.38525,2503.92,ETH-25DEC26,0.5506,-0.80482,3.79859,89.0,0.0,0.016500000000000015,ETH,2480.09,0.0
2026-09-05T22:48:01.094055+00:00,ETH-9SEP26-2460-P,2480.16,ETH-9SEP26,put,2460.0,2026-09-09T08:00:00+00:00,0.00926302716128603,0.0095,0.0105,0.010004,0.01,2480.16,ETH-9SEP26,0.358,-0.39967,0.92195,1.0,1.0,0.0010000000000000009,ETH,2480.09,34.36
2026-09-05T22:48:01.094055+00:00,ETH-25DEC26-1000-P,2503.92,ETH-25DEC26,put,1000.0,2026-12-25T08:00:00+00:00,0.30221306138442083,0.0015,0.0018,0.00186,0.00165,2503.92,ETH-25DEC26,0.8018000000000001,-0.01064,0.38725,18446.0,41.0,0.0002999999999999999,ETH,2480.09,171.33
2026-09-05T22:48:01.094055+00:00,ETH-8SEP26-2620-C,2480.23,ETH-8SEP26,call,2620.0,2026-09-08T08:00:00+00:00,0.006525176374153928,0.0009,0.0012,0.000958,0.00105,2480.23,ETH-8SEP26,0.4387,0.06333,0.24889,747.0,0.0,0.0002999999999999999,ETH,2480.09,0.0
2026-09-05T22:48:01.094055+00:00,ETH-27NOV26-2200-P,2497.41,ETH-27NOV26,put,2200.0,2026-11-27T08:00:00+00:00,0.22555323934472205,0.0455,0.047,0.045963,0.04625,2497.41,ETH-27NOV26,0.5279,-0.26416,3.87964,18.0,10.0,0.0015000000000000013,ETH,2480.09,1190.1
2026-09-05T22:48:01.094055+00:00,ETH-25SEP26-14000-C,2485.18,ETH-25SEP26,call,14000.0,2026-09-25T08:00:00+00:00,0.05306863975539965,,0.0001,2e-06,,2485.18,ETH-25SEP26,1.7753,3e-05,0.0007,2121.0,0.0,,ETH,2480.07,0.0
2026-09-05T22:48:01.094055+00:00,ETH-25JUN27-3700-P,2558.47,ETH-25JUN27,put,3700.0,2027-06-25T08:00:00+00:00,0.8005019046424633,0.509,0.5395,0.527055,0.52425,2558.47,ETH-25JUN27,0.5642,-0.68368,8.14862,0.0,0.0,0.03049999999999997,ETH,2480.07,0.0
2026-09-05T22:48:01.094055+00:00,ETH-7SEP26-2600-C,2480.01,ETH-7SEP26,call,2600.0,2026-09-07T08:00:00+00:00,0.003787325587021827,0.0004,0.0008,0.000507,0.0006,2480.01,ETH-7SEP26,0.44939999999999997,0.04527,0.14527,923.0,614.0,0.0004,ETH,2480.09,211.68
2026-09-05T22:48:01.094055+00:00,ETH-25SEP26-2440-C,2485.18,ETH-25SEP26,call,2440.0,2026-09-25T08:00:00+00:00,0.05306863975539965,0.0525,0.055,0.053574,0.05375,2485.18,ETH-25SEP26,0.48200000000000004,0.58732,2.22961,5076.0,60.0,0.0025000000000000022,ETH,2480.07,7061.67
2026-09-05T22:48:01.094055+00:00,ETH-6SEP26-2440-C,2479.62,ETH-6SEP26,call,2440.0,2026-09-06T08:00:00+00:00,0.0010494747998897253,0.0135,0.02,0.016279,0.01675,2479.62,ETH-6SEP26,0.3189,0.94213,0.09271,1314.0,10.0,0.006500000000000001,ETH,2480.07,245.91
2026-09-05T22:48:01.094055+00:00,ETH-8SEP26-2480-P,2480.23,ETH-8SEP26,put,2480.0,2026-09-08T08:00:00+00:00,0.006525176374153928,0.01,0.011,0.01046,0.0105,2480.23,ETH-8SEP26,0.32630000000000003,-0.4931,0.79898,90.0,90.0,0.0009999999999999992,ETH,2480.07,3323.53
2026-09-05T22:48:01.094055+00:00,ETH-25SEP26-1850-C,2485.18,ETH-25SEP26,call,1850.0,2026-09-25T08:00:00+00:00,0.05306863975539965,0.256,0.259,0.256803,0.2575,2485.18,ETH-25SEP26,0.6525,0.97925,0.28602,2242.0,0.0,0.0030000000000000027,ETH,2480.07,0.0
2026-09-05T22:48:01.094055+00:00,ETH-25SEP26-10000-C,2485.18,ETH-25SEP26,call,10000.0,2026-09-25T08:00:00+00:00,0.05306863975539965,,0.0001,3e-06,,2485.18,ETH-25SEP26,1.4631999999999998,4e-05,0.0009,1965.0,0.0,,ETH,2480.07,0.0
2026-09-05T22:48:01.094055+00:00,ETH-25JUN27-2300-C,2558.44,ETH-25JUN27,call,2300.0,2027-06-25T08:00:00+00:00,0.8005019046424633,0.239,0.2455,0.241746,0.24225,2558.44,ETH-25JUN27,0.5576,0.67825,8.20695,234.0,0.0,0.006500000000000006,ETH,2480.07,0.0
2026-09-05T22:48:01.094055+00:00,ETH-25JUN27-2700-C,2558.44,ETH-25JUN27,call,2700.0,2027-06-25T08:00:00+00:00,0.8005019046424633,0.174,0.1775,0.175098,0.17575,2558.44,ETH-25JUN27,0.5550999999999999,0.55567,9.04563,434.0,0.0,0.003500000000000003,ETH,2480.07,0.0
2026-09-05T22:48:01.094055+00:00,ETH-9SEP26-2700-P,2480.19,ETH-9SEP26,put,2700.0,2026-09-09T08:00:00+00:00,0.00926302716128603,0.085,0.092,0.089412,0.0885,2480.19,ETH-9SEP26,0.5003,-0.95879,0.21072,0.0,0.0,0.006999999999999992,ETH,2480.07,0.0
2026-09-05T22:48:01.094055+00:00,ETH-25SEP26-16000-C,2485.18,ETH-25SEP26,call,16000.0,2026-09-25T08:00:00+00:00,0.05306863975539965,,0.0001,2e-06,,2485.18,ETH-25SEP26,1.8954,3e-05,0.00064,9830.0,0.0,,ETH,2480.07,0.0
2026-09-05T22:48:01.094055+00:00,ETH-8SEP26-2400-C,2480.26,ETH-8SEP26,call,2400.0,2026-09-08T08:00:00+00:00,0.006525176374153928,0.033,0.0375,0.034238,0.03525,2480.26,ETH-8SEP26,0.36060000000000003,0.87365,0.41544,18.0,0.0,0.004499999999999997,ETH,2480.07,0.0
2026-09-05T22:48:01.094055+00:00,ETH-25DEC26-3300-P,2503.94,ETH-25DEC26,put,3300.0,2026-12-25T08:00:00+00:00,0.30221306138442083,0.3405,0.358,0.35106,0.34925,2503.94,ETH-25DEC26,0.5458,-0.77929,4.08468,10.0,0.0,0.01749999999999996,ETH,2480.08,0.0
2026-09-05T22:48:01.094055+00:00,ETH-7SEP26-2680-C,2480.01,ETH-7SEP26,call,2680.0,2026-09-07T08:00:00+00:00,0.003787325587021827,0.0002,0.0004,0.000199,0.0003,2480.01,ETH-7SEP26,0.5816,0.01594,0.06085,95.0,8.0,0.0002,ETH,2480.08,1.96
2026-09-05T22:48:01.094055+00:00,ETH-25DEC26-3400-C,2503.92,ETH-25DEC26,call,3400.0,2026-12-25T08:00:00+00:00,0.30221306138442083,0.028,0.029,0.028613,0.0285,2503.92,ETH-25DEC26,0.5506,0.19517,3.79845,14525.0,3.0,0.0010000000000000009,ETH,2480.08,198.98
2026-09-05T22:48:01.094055+00:00,ETH-27NOV26-2800-P,2497.43,ETH-27NOV26,put,2800.0,2026-11-27T08:00:00+00:00,0.22555323934472205,0.1735,0.179,0.176886,0.17625,2497.43,ETH-27NOV26,0.5265,-0.63021,4.47863,34.0,0.0,0.005500000000000005,ETH,2480.08,0.0
2026-09-05T22:48:01.094055+00:00,ETH-25SEP26-6200-P,2485.16,ETH-25SEP26,put,6200.0,2026-09-25T08:00:00+00:00,0.05306863975539965,1.4825,1.5025,1.494785,1.4925,2485.16,ETH-25SEP26,1.0378,-0.99989,0.0024,0.0,0.0,0.020000000000000018,ETH,2480.08,0.0
2026-09-05T22:48:01.094055+00:00,ETH-25DEC26-2000-C,2503.94,ETH-25DEC26,call,2000.0,2026-12-25T08:00:00+00:00,0.30221306138442083,0.2345,0.24,0.236655,0.23725,2503.94,ETH-25DEC26,0.5482,0.81486,3.67732,10828.0,0.0,0.005500000000000005,ETH,2480.08,0.0
2026-09-05T22:48:01.094055+00:00,ETH-25JUN27-5500-P,2558.44,ETH-25JUN27,put,5500.0,2027-06-25T08:00:00+00:00,0.8005019046424633,1.147,1.196,1.175897,1.1715,2558.44,ETH-25JUN27,0.5976,-0.87764,4.64363,0.0,0.0,0.04899999999999993,ETH,2480.08,0.0
2026-09-05T22:48:01.094055+00:00,ETH-30OCT26-1850-C,2490.32,ETH-30OCT26,call,1850.0,2026-10-30T08:00:00+00:00,0.1488934173050232,0.264,0.268,0.265175,0.266,2490.32,ETH-30OCT26,0.5764,0.92608,1.34574,1008.0,18.0,0.0040000000000000036,ETH,2480.08,11599.93
2026-09-05T22:48:01.094055+00:00,ETH-27NOV26-2000-P,2497.43,ETH-27NOV26,put,2000.0,2026-11-27T08:00:00+00:00,0.22555323934472205,0.025,0.026,0.025323,0.0255,2497.43,ETH-27NOV26,0.5478999999999999,-0.16278,2.91922,480.0,13.0,0.0009999999999999974,ETH,2480.08,829.83
2026-09-05T22:48:01.094055+00:00,ETH-25JUN27-3800-P,2558.44,ETH-25JUN27,put,3800.0,2027-06-25T08:00:00+00:00,0.8005019046424633,0.542,0.5725,0.560454,0.55725,2558.44,ETH-25JUN27,0.5656,-0.70136,7.94482,2.0,0.0,0.03049999999999997,ETH,2480.08,0.0
2026-09-05T22:48:01.094055+00:00,ETH-27NOV26-2950-P,2497.43,ETH-27NOV26,put,2950.0,2026-11-27T08:00:00+00:00,0.22555323934472205,0.2165,0.2285,0.223233,0.2225,2497.43,ETH-27NOV26,0.5331,-0.70237,4.11013,0.0,0.0,0.01200000000000001,ETH,2480.08,0.0
2026-09-05T22:48:01.094055+00:00,ETH-25DEC26-800-P,2503.92,ETH-25DEC26,put,800.0,2026-12-25T08:00:00+00:00,0.30221306138442083,0.0007,0.0013,0.001035,0.001,2503.92,ETH-25DEC26,0.9059999999999999,-0.00553,0.21788,7348.0,0.0,0.0006,ETH,2480.08,0.0
2026-09-05T22:48:01.094055+00:00,ETH-9SEP26-2700-C,2480.16,ETH-9SEP26,call,2700.0,2026-09-09T08:00:00+00:00,0.00926302716128603,0.0007,0.001,0.000785,0.00085,2480.16,ETH-9SEP26,0.5003,0.04121,0.21073,1.0,1.0,0.00030000000000000003,ETH,2480.08,0.98
2026-09-05T22:48:01.094055+00:00,ETH-18SEP26-3000-P,2482.83,ETH-18SEP26,put,3000.0,2026-09-18T08:00:00+00:00,0.03390368424547494,0.206,0.214,0.210657,0.21,2482.83,ETH-18SEP26,0.6124,-0.94748,0.49042,0.0,0.0,0.008000000000000007,ETH,2480.08,0.0
2026-09-05T22:48:01.094055+00:00,ETH-9SEP26-2420-C,2480.19,ETH-9SEP26,call,2420.0,2026-09-09T08:00:00+00:00,0.00926302716128603,0.028,0.032,0.02944,0.03,2480.19,ETH-9SEP26,0.37200000000000005,0.75915,0.74343,0.0,0.0,0.004,ETH,2480.08,0.0
2026-09-05T22:48:01.094055+00:00,ETH-25JUN27-3000-P,2558.44,ETH-25JUN27,put,3000.0,2027-06-25T08:00:00+00:00,0.8005019046424633,0.306,0.3145,0.310404,0.31025,2558.44,ETH-25JUN27,0.5562,-0.52826,9.1118,220.0,0.0,0.008500000000000008,ETH,2480.08,0.0
2026-09-05T22:48:01.094055+00:00,ETH-26MAR27-800-P,2529.79,ETH-26MAR27,put,800.0,2027-03-26T08:00:00+00:00,0.5513574830134421,0.003,0.0039,0.003421,0.00345,2529.79,ETH-26MAR27,0.8075,-0.01323,0.63866,2706.0,0.0,0.0008999999999999998,ETH,2480.08,0.0
2026-09-05T22:48:01.094055+00:00,ETH-30OCT26-2300-C,2490.32,ETH-30OCT26,call,2300.0,2026-10-30T08:00:00+00:00,0.1488934173050232,0.1185,0.122,0.119517,0.12025,2490.32,ETH-30OCT26,0.5089,0.69245,3.37937,1216.0,4.0,0.003500000000000003,ETH,2480.08,1092.47
2026-09-05T22:48:01.094055+00:00,ETH-25DEC26-2000-P,2503.94,ETH-25DEC26,put,2000.0,2026-12-25T08:00:00+00:00,0.30221306138442083,0.035,0.036,0.035396,0.0355,2503.94,ETH-25DEC26,0.5482,-0.18514,3.67732,8741.0,3.0,0.000999999999999994,ETH,2480.08,276.65
2026-09-05T22:48:01.094055+00:00,ETH-9SEP26-2540-C,2480.16,ETH-9SEP26,call,2540.0,2026-09-09T08:00:00+00:00,0.00926302716128603,0.0055,0.006,0.005666,0.00575,2480.16,ETH-9SEP26,0.3779,0.26233,0.77778,40.0,40.0,0.0005000000000000004,ETH,2480.08,268.82
2026-09-05T22:48:01.094055+00:00,ETH-6SEP26-2320-P,2479.62,ETH-6SEP26,put,2320.0,2026-09-06T08:00:00+00:00,0.0010494747998897253,,0.0001,0.0,,2479.62,ETH-6SEP26,0.4362,0.0,0.0,429.0,0.0,,ETH,2480.08,0.0
2026-09-05T22:48:01.094055+00:00,ETH-25DEC26-800-C,2503.92,ETH-25DEC26,call,800.0,2026-12-25T08:00:00+00:00,0.30221306138442083,0.6805,0.6825,0.681538,0.6815,2503.92,ETH-25DEC26,0.9059999999999999,0.99447,0.21788,171.0,0.0,0.0020000000000000018,ETH,2480.08,0.0
2026-09-05T22:48:01.094055+00:00,ETH-30OCT26-2750-P,2490.32,ETH-30OCT26,put,2750.0,2026-10-30T08:00:00+00:00,0.1488934173050232,0.142,0.1475,0.145913,0.14475,2490.32,ETH-30OCT26,0.5175,-0.65427,3.54429,0.0,0.0,0.005500000000000005,ETH,2480.08,0.0
2026-09-05T22:48:01.094055+00:00,ETH-25DEC26-5500-C,2503.94,ETH-25DEC26,call,5500.0,2026-12-25T08:00:00+00:00,0.30221306138442083,0.0027,0.0035,0.003088,0.0031,2503.94,ETH-25DEC26,0.6679,0.02507,0.80669,2173.0,0.0,0.0007999999999999999,ETH,2480.08,0.0
2026-09-05T22:48:01.094055+00:00,ETH-26MAR27-4500-C,2529.82,ETH-26MAR27,call,4500.0,2027-03-26T08:00:00+00:00,0.5513574830134421,0.024,0.026,0.02486,0.025,2529.82,ETH-26MAR27,0.5867,0.1349,4.07782,2106.0,0.0,0.0019999999999999983,ETH,2480.08,0.0
2026-09-05T22:48:01.094055+00:00,ETH-25DEC26-4000-C,2503.94,ETH-25DEC26,call,4000.0,2026-12-25T08:00:00+00:00,0.30221306138442083,0.012,0.0135,0.012863,0.01275,2503.94,ETH-25DEC26,0.5831000000000001,0.09669,2.35768,14639.0,0.0,0.0014999999999999996,ETH,2480.08,0.0
2026-09-05T22:48:01.094055+00:00,ETH-9SEP26-2300-P,2480.16,ETH-9SEP26,put,2300.0,2026-09-09T08:00:00+00:00,0.00926302716128603,0.0006,0.001,0.000805,0.0008,2480.16,ETH-9SEP26,0.4636,-0.04336,0.21956,0.0,0.0,0.0004000000000000001,ETH,2480.08,0.0
2026-09-05T22:48:01.094055+00:00,ETH-25SEP26-1200-C,2485.16,ETH-25SEP26,call,1200.0,2026-09-25T08:00:00+00:00,0.05306863975539965,0.5165,0.5185,0.517257,0.5175,2485.16,ETH-25SEP26,1.1127,0.9985,0.02796,138.0,0.0,0.0020000000000000018,ETH,2480.08,0.0
2026-09-05T22:48:01.094055+00:00,ETH-9SEP26-2560-P,2480.16,ETH-9SEP26,put,2560.0,2026-09-09T08:00:00+00:00,0.00926302716128603,0.0335,0.038,0.036333,0.03575,2480.16,ETH-9SEP26,0.3868,-0.79717,0.67389,0.0,0.0,0.004499999999999997,ETH,2480.08,0.0
2026-09-05T22:48:01.094055+00:00,ETH-6SEP26-2350-P,2479.62,ETH-6SEP26,put,2350.0,2026-09-06T08:00:00+00:00,0.0010494747998897253,,0.0001,0.0,,2479.62,ETH-6SEP26,0.425,-4e-05,0.00015,271.0,5.0,,ETH,2480.08,1.23
2026-09-05T22:48:01.094055+00:00,ETH-9SEP26-2500-C,2480.16,ETH-9SEP26,call,2500.0,2026-09-09T08:00:00+00:00,0.00926302716128603,0.01,0.011,0.010322,0.0105,2480.16,ETH-9SEP26,0.36200000000000004,0.41642,0.93124,36.0,36.0,0.0009999999999999992,ETH,2480.08,935.87
2026-09-05T22:48:01.094055+00:00,ETH-7SEP26-2520-P,2480.01,ETH-7SEP26,put,2520.0,2026-09-07T08:00:00+00:00,0.003787325587021827,0.016,0.0205,0.018619,0.01825,2480.01,ETH-7SEP26,0.32939999999999997,-0.78206,0.44917,11.0,10.0,0.0045000000000000005,ETH,2480.08,675.35
2026-09-05T22:48:01.094055+00:00,ETH-11SEP26-1800-P,2480.66,ETH-11SEP26,put,1800.0,2026-09-11T08:00:00+00:00,0.014738728735550231,,0.0001,8.3e-05,,2480.66,ETH-11SEP26,0.9538,-0.00235,0.02207,4326.0,145.0,,ETH,2480.08,75.75
2026-09-05T22:48:01.094055+00:00,ETH-25SEP26-3000-C,2485.16,ETH-25SEP26,call,3000.0,2026-09-25T08:00:00+00:00,0.05306863975539965,0.0047,0.0055,0.005013,0.0051,2485.16,ETH-25SEP26,0.5729,0.08696,0.9064,41782.0,846.0,0.0007999999999999995,ETH,2480.08,9007.25
2026-09-05T22:48:01.094055+00:00,ETH-25SEP26-4000-P,2485.18,ETH-25SEP26,put,4000.0,2026-09-25T08:00:00+00:00,0.05306863975539965,0.6045,0.615,0.609915,0.60975,2485.18,ETH-25SEP26,0.8043,-0.99329,0.10748,138.0,0.0,0.010499999999999954,ETH,2480.08,0.0
2026-09-05T22:48:01.094055+00:00,ETH-25SEP26-2150-C,2485.16,ETH-25SEP26,call,2150.0,2026-09-25T08:00:00+00:00,0.05306863975539965,0.1395,0.1435,0.141237,0.1415,2485.16,ETH-25SEP26,0.5257999999999999,0.89538,1.03855,149.0,0.0,0.003999999999999976,ETH,2480.07,0.0
2026-09-05T22:48:01.094055+00:00,ETH-25SEP26-6500-P,2485.16,ETH-25SEP26,put,6500.0,2026-09-25T08:00:00+00:00,0.05306863975539965,1.6065,1.6245,1.6155,1.6155,2485.16,ETH-25SEP26,1.0823,-0.9999,0.00217,0.0,0.0,0.018000000000000016,ETH,2480.07,0.0
2026-09-05T22:48:01.094055+00:00,ETH-25JUN27-4600-P,2558.44,ETH-25JUN27,put,4600.0,2027-06-25T08:00:00+00:00,0.8005019046424633,0.819,0.8585,0.841926,0.83875,2558.44,ETH-25JUN27,0.5799,-0.80804,6.25288,0.0,0.0,0.03950000000000009,ETH,2480.08,0.0
2026-09-05T22:48:01.094055+00:00,ETH-25SEP26-5800-P,2485.16,ETH-25SEP26,put,5800.0,2026-09-25T08:00:00+00:00,0.05306863975539965,1.3255,1.341,1.333835,1.33325,2485.16,ETH-25SEP26,0.9994,-0.99982,0.00397,0.0,0.0,0.01550000000000007,ETH,2480.07,0.0
2026-09-05T22:48:01.094055+00:00,ETH-25JUN27-1200-C,2558.44,ETH-25JUN27,call,1200.0,2027-06-25T08:00:00+00:00,0.8005019046424633,0.5475,0.5525,0.549043,0.55,2558.44,ETH-25JUN27,0.655,0.94346,2.60313,55.0,0.0,0.0050000000000000044,ETH,2480.07,0.0
2026-09-05T22:48:01.094055+00:00,ETH-30OCT26-1200-C,2490.3,ETH-30OCT26,call,1200.0,2026-10-30T08:00:00+00:00,0.1488934173050232,0.518,0.521,0.518973,0.5195,2490.3,ETH-30OCT26,0.8276,0.9928,0.19194,0.0,0.0,0.0030000000000000027,ETH,2480.06,0.0
2026-09-05T22:48:01.094055+00:00,ETH-25SEP26-2440-P,2485.16,ETH-25SEP26,put,2440.0,2026-09-25T08:00:00+00:00,0.05306863975539965,0.035,0.036,0.03539,0.0355,2485.16,ETH-25SEP26,0.48200000000000004,-0.41274,2.22965,74.0,12.0,0.000999999999999994,ETH,2480.06,1173.9
2026-09-05T22:48:01.094055+00:00,ETH-30OCT26-1700-C,2490.32,ETH-30OCT26,call,1700.0,2026-10-30T08:00:00+00:00,0.1488934173050232,0.321,0.325,0.32191,0.323,2490.32,ETH-30OCT26,0.618,0.9572,0.87507,74.0,0.0,0.0040000000000000036,ETH,2480.06,0.0
2026-09-05T22:48:01.094055+00:00,ETH-25DEC26-1300-P,2503.94,ETH-25DEC26,put,1300.0,2026-12-25T08:00:00+00:00,0.30221306138442083,0.0044,0.005,0.004699,0.0047,2503.94,ETH-25DEC26,0.6925,-0.02796,0.88356,2064.0,0.0,0.0005999999999999998,ETH,2480.06,0.0
2026-09-05T22:48:01.094055+00:00,ETH-25SEP26-2600-C,2485.18,ETH-25SEP26,call,2600.0,2026-09-25T08:00:00+00:00,0.05306863975539965,0.026,0.027,0.026562,0.0265,2485.18,ETH-25SEP26,0.48960000000000004,0.36538,2.1532,21201.0,110.0,0.0010000000000000009,ETH,2480.06,6069.86
2026-09-05T22:48:01.094055+00:00,ETH-26MAR27-1200-P,2529.79,ETH-26MAR27,put,1200.0,2027-03-26T08:00:00+00:00,0.5513574830134421,0.0095,0.0115,0.010525,0.0105,2529.79,ETH-26MAR27,0.6803,-0.04193,1.68227,1661.0,0.0,0.002,ETH,2480.06,0.0
2026-09-05T22:48:01.094055+00:00,ETH-25SEP26-7000-P,2485.18,ETH-25SEP26,put,7000.0,2026-09-25T08:00:00+00:00,0.05306863975539965,1.8025,1.8265,1.816689,1.8145,2485.18,ETH-25SEP26,1.1240999999999999,-0.99995,0.00129,0.0,0.0,0.02400000000000002,ETH,2480.06,0.0
2026-09-05T22:48:01.094055+00:00,ETH-25SEP26-1900-C,2485.18,ETH-25SEP26,call,1900.0,2026-09-25T08:00:00+00:00,0.05306863975539965,0.236,0.2395,0.237024,0.23775,2485.18,ETH-25SEP26,0.6271,0.97323,0.35441,10557.0,2.0,0.003500000000000003,ETH,2480.06,1130.23
2026-09-05T22:48:01.094055+00:00,ETH-25DEC26-2300-C,2503.92,ETH-25DEC26,call,2300.0,2026-12-25T08:00:00+00:00,0.30221306138442083,0.154,0.1605,0.155866,0.15725,2503.92,ETH-25DEC26,0.5267000000000001,0.66936,4.9906,7409.0,0.0,0.006500000000000006,ETH,2480.06,0.0
2026-09-05T22:48:01.094055+00:00,ETH-30OCT26-3000-P,2490.3,ETH-30OCT26,put,3000.0,2026-10-30T08:00:00+00:00,0.1488934173050232,0.2205,0.2325,0.227485,0.2265,2490.3,ETH-30OCT26,0.5367999999999999,-0.7868,2.79486,72.0,0.0,0.01200000000000001,ETH,2480.06,0.0
2026-09-05T22:48:01.094055+00:00,ETH-8SEP26-2800-C,2480.23,ETH-8SEP26,call,2800.0,2026-09-08T08:00:00+00:00,0.006525176374153928,0.0001,0.0004,0.000226,0.00025,2480.23,ETH-8SEP26,0.6609999999999999,0.01241,0.06441,21.0,0.0,0.00030000000000000003,ETH,2480.06,0.0
2026-09-05T22:48:01.094055+00:00,ETH-30OCT26-2650-C,2490.32,ETH-30OCT26,call,2650.0,2026-10-30T08:00:00+00:00,0.1488934173050232,0.0525,0.0535,0.053189,0.053,2490.32,ETH-30OCT26,0.5123,0.41464,3.74659,868.0,13.0,0.0010000000000000009,ETH,2480.06,1598.28
2026-09-05T22:48:01.094055+00:00,ETH-11SEP26-2200-C,2480.64,ETH-11SEP26,call,2200.0,2026-09-11T08:00:00+00:00,0.014738728735550231,0.113,0.1165,0.113992,0.11475,2480.64,ETH-11SEP26,0.5445,0.96782,0.21718,201.0,0.0,0.003500000000000003,ETH,2480.06,0.0
2026-09-05T22:48:01.094055+00:00,ETH-30OCT26-4200-C,2490.3,ETH-30OCT26,call,4200.0,2026-10-30T08:00:00+00:00,0.1488934173050232,0.0024,0.003,0.002658,0.0027,2490.3,ETH-30OCT26,0.6693000000000001,0.02912,0.63805,478.0,0.0,0.0006000000000000003,ETH,2480.06,0.0
2026-09-05T22:48:01.094055+00:00,ETH-18SEP26-2900-C,2482.83,ETH-18SEP26,call,2900.0,2026-09-18T08:00:00+00:00,0.03390368424547494,0.0034,0.0039,0.003562,0.00365,2482.83,ETH-18SEP26,0.573,0.07801,0.66691,578.0,2.0,0.0005,ETH,2480.06,12.78
2026-09-05T22:48:01.094055+00:00,ETH-8SEP26-2560-P,2480.26,ETH-8SEP26,put,2560.0,2026-09-08T08:00:00+00:00,0.006525176374153928,0.0315,0.0355,0.034344,0.0335,2480.26,ETH-8SEP26,0.3679,-0.85276,0.46127,5.0,0.0,0.003999999999999997,ETH,2480.06,0.0
2026-09-05T22:48:01.094055+00:00,ETH-26MAR27-3700-C,2529.79,ETH-26MAR27,call,3700.0,2027-03-26T08:00:00+00:00,0.5513574830134421,0.0485,0.0505,0.049312,0.0495,2529.79,ETH-26MAR27,0.5631,0.24206,5.86892,1531.0,0.0,0.0020000000000000018,ETH,2480.06,0.0
2026-09-05T22:48:01.094055+00:00,ETH-26MAR27-5000-C,2529.79,ETH-26MAR27,call,5000.0,2027-03-26T08:00:00+00:00,0.5513574830134421,0.016,0.018,0.017052,0.017,2529.79,ETH-26MAR27,0.6013000000000001,0.09642,3.21093,2449.0,0.0,0.0019999999999999983,ETH,2480.06,0.0
2026-09-05T22:48:01.094055+00:00,ETH-9SEP26-2520-C,2480.16,ETH-9SEP26,call,2520.0,2026-09-09T08:00:00+00:00,0.00926302716128603,0.0075,0.0085,0.007656,0.008,2480.16,ETH-9SEP26,0.36869999999999997,0.33321,0.86773,37.0,37.0,0.0010000000000000009,ETH,2480.06,546.8
2026-09-05T22:48:01.094055+00:00,ETH-6SEP26-2700-C,2479.62,ETH-6SEP26,call,2700.0,2026-09-06T08:00:00+00:00,0.0010494747998897253,,0.0001,0.0,,2479.62,ETH-6SEP26,0.5735,0.0,1e-05,155.0,0.0,,ETH,2480.06,0.0
2026-09-05T22:48:01.094055+00:00,ETH-26MAR27-1200-C,2529.79,ETH-26MAR27,call,1200.0,2027-03-26T08:00:00+00:00,0.5513574830134421,0.535,0.5385,0.536196,0.53675,2529.79,ETH-26MAR27,0.6803,0.95807,1.68227,68.0,0.0,0.0034999999999999476,ETH,2480.06,0.0
2026-09-05T22:48:01.094055+00:00,ETH-25SEP26-2700-P,2485.18,ETH-25SEP26,put,2700.0,2026-09-25T08:00:00+00:00,0.05306863975539965,0.1005,0.105,0.103253,0.10275,2485.18,ETH-25SEP26,0.5032,-0.74438,1.84115,557.0,0.0,0.00449999999999999,ETH,2480.06,0.0
2026-09-05T22:48:01.094055+00:00,ETH-11SEP26-2450-P,2480.64,ETH-11SEP26,put,2450.0,2026-09-11T08:00:00+00:00,0.014738728735550231,0.013,0.0145,0.013724,0.01375,2480.64,ETH-11SEP26,0.40049999999999997,-0.3898,1.15541,2218.0,217.0,0.0015000000000000013,ETH,2480.06,9103.85
2026-09-05T22:48:01.094055+00:00,ETH-26MAR27-2500-C,2529.79,ETH-26MAR27,call,2500.0,2027-03-26T08:00:00+00:00,0.5513574830134421,0.164,0.1675,0.165015,0.16575,2529.79,ETH-26MAR27,0.5436,0.59144,7.29879,9835.0,3.0,0.003500000000000003,ETH,2480.06,1220.05
2026-09-05T22:48:01.094055+00:00,ETH-7SEP26-2350-P,2480.01,ETH-7SEP26,put,2350.0,2026-09-07T08:00:00+00:00,0.003787325587021827,0.0003,0.0005,0.000409,0.0004,2480.01,ETH-7SEP26,0.4849,-0.0343,0.1159,0.0,0.0,0.00020000000000000004,ETH,2480.06,0.0
2026-09-05T22:48:01.094055+00:00,ETH-25SEP26-2300-C,2485.18,ETH-25SEP26,call,2300.0,2026-09-25T08:00:00+00:00,0.05306863975539965,0.0885,0.093,0.090537,0.09075,2485.18,ETH-25SEP26,0.49200000000000005,0.77024,1.73784,14119.0,1.0,0.004500000000000004,ETH,2480.06,214.03
2026-09-05T22:48:01.094055+00:00,ETH-8SEP26-2250-P,2480.26,ETH-8SEP26,put,2250.0,2026-09-08T08:00:00+00:00,0.006525176374153928,0.0002,0.0004,0.000296,0.0003,2480.26,ETH-8SEP26,0.5777,-0.01733,0.08583,0.0,0.0,0.0002,ETH,2480.06,0.0
2026-09-05T22:48:01.094055+00:00,ETH-25SEP26-1400-P,2485.18,ETH-25SEP26,put,1400.0,2026-09-25T08:00:00+00:00,0.05306863975539965,0.0002,0.0004,0.000269,0.0003,2485.18,ETH-25SEP26,0.9692000000000001,-0.00362,0.06204,11566.0,0.0,0.0002,ETH,2480.06,0.0
2026-09-05T22:48:01.094055+00:00,ETH-26MAR27-1500-P,2529.79,ETH-26MAR27,put,1500.0,2027-03-26T08:00:00+00:00,0.5513574830134421,0.0215,0.023,0.022182,0.02225,2529.79,ETH-26MAR27,0.619,-0.08587,2.94634,4076.0,0.0,0.0015000000000000013,ETH,2480.06,0.0
2026-09-05T22:48:01.094055+00:00,ETH-27NOV26-2850-C,2497.43,ETH-27NOV26,call,2850.0,2026-11-27T08:00:00+00:00,0.22555323934472205,0.05,0.0515,0.050753,0.05075,2497.43,ETH-27NOV26,0.5286,0.34438,4.36832,11.0,0.0,0.0014999999999999944,ETH,2480.06,0.0
2026-09-05T22:48:01.094055+00:00,ETH-9SEP26-2250-P,2480.19,ETH-9SEP26,put,2250.0,2026-09-09T08:00:00+00:00,0.00926302716128603,0.0003,0.0006,0.000457,0.00045,2480.19,ETH-9SEP26,0.5181,-0.02389,0.13428,250.0,250.0,0.0003,ETH,2480.06,306.97
2026-09-05T22:48:01.094055+00:00,ETH-25SEP26-2550-P,2485.18,ETH-25SEP26,put,2550.0,2026-09-25T08:00:00+00:00,0.05306863975539965,0.0575,0.0605,0.059352,0.059,2485.18,ETH-25SEP26,0.48479999999999995,-0.56939,2.24989,42.0,12.0,0.0029999999999999957,ETH,2480.06,1759.88
2026-09-05T22:48:01.094055+00:00,ETH-25JUN27-2700-P,2558.44,ETH-25JUN27,put,2700.0,2027-06-25T08:00:00+00:00,0.8005019046424633,0.228,0.2325,0.230427,0.23025,2558.44,ETH-25JUN27,0.5550999999999999,-0.44434,9.04554,7.0,0.0,0.004500000000000004,ETH,2480.06,0.0
2026-09-05T22:48:01.094055+00:00,ETH-25JUN27-2900-C,2558.44,ETH-25JUN27,call,2900.0,2027-06-25T08:00:00+00:00,0.8005019046424633,0.148,0.1515,0.149343,0.14975,2558.44,ETH-25JUN27,0.556,0.4988,9.13455,283.0,0.0,0.003500000000000003,ETH,2480.06,0.0
2026-09-05T22:48:01.094055+00:00,ETH-7SEP26-2360-P,2480.01,ETH-7SEP26,put,2360.0,2026-09-07T08:00:00+00:00,0.003787325587021827,0.0002,0.0006,0.000417,0.0004,2480.01,ETH-7SEP26,0.4548,-0.03706,0.12351,236.0,279.0,0.00039999999999999996,ETH,2480.06,471.86
2026-09-05T22:48:01.094055+00:00,ETH-25JUN27-1700-P,2558.44,ETH-25JUN27,put,1700.0,2027-06-25T08:00:00+00:00,0.8005019046424633,0.051,0.0535,0.052352,0.05225,2558.44,ETH-25JUN27,0.5866,-0.14894,5.31332,3041.0,0.0,0.0025000000000000022,ETH,2480.06,0.0
2026-09-05T22:48:01.094055+00:00,ETH-30OCT26-1200-P,2490.32,ETH-30OCT26,put,1200.0,2026-10-30T08:00:00+00:00,0.1488934173050232,0.0005,0.0011,0.000839,0.0008,2490.32,ETH-30OCT26,0.8276,-0.00719,0.19189,2674.0,0.0,0.0006000000000000001,ETH,2480.06,0.0
2026-09-05T22:48:01.094055+00:00,ETH-18SEP26-2400-P,2482.83,ETH-18SEP26,put,2400.0,2026-09-18T08:00:00+00:00,0.03390368424547494,0.019,0.0205,0.019698,0.01975,2482.83,ETH-18SEP26,0.46799999999999997,-0.3313,1.65855,1159.0,1.0,0.0015000000000000013,ETH,2480.06,54.09
2026-09-05T22:48:01.094055+00:00,ETH-26MAR27-1500-C,2529.79,ETH-26MAR27,call,1500.0,2027-03-26T08:00:00+00:00,0.5513574830134421,0.4275,0.432,0.42927,0.42975,2529.79,ETH-26MAR27,0.619,0.91413,2.94638,242.0,0.0,0.004500000000000004,ETH,2480.06,0.0
2026-09-05T22:48:01.094055+00:00,ETH-6SEP26-2400-P,2479.62,ETH-6SEP26,put,2400.0,2026-09-06T08:00:00+00:00,0.0010494747998897253,,0.0001,3.5e-05,,2479.62,ETH-6SEP26,0.41950000000000004,-0.00785,0.01726,1249.0,509.0,,ETH,2480.06,642.21
2026-09-05T22:48:01.094055+00:00,ETH-11SEP26-2400-C,2480.64,ETH-11SEP26,call,2400.0,2026-09-11T08:00:00+00:00,0.014738728735550231,0.039,0.042,0.039741,0.0405,2480.64,ETH-11SEP26,0.4046,0.75691,0.94282,1304.0,8.0,0.0030000000000000027,ETH,2480.06,835.11
2026-09-05T22:48:01.094055+00:00,ETH-30OCT26-2450-P,2490.32,ETH-30OCT26,put,2450.0,2026-10-30T08:00:00+00:00,0.1488934173050232,0.0685,0.07,0.069232,0.06925,2490.32,ETH-30OCT26,0.5053,-0.42816,3.77232,290.0,1.0,0.0015000000000000013,ETH,2480.05,180.65
2026-09-05T22:48:01.094055+00:00,ETH-25SEP26-3800-C,2485.16,ETH-25SEP26,call,3800.0,2026-09-25T08:00:00+00:00,0.05306863975539965,0.0005,0.0008,0.000621,0.00065,2485.16,ETH-25SEP26,0.7722,0.01081,0.1633,2080.0,0.0,0.00030000000000000003,ETH,2480.05,0.0
2026-09-05T22:48:01.094055+00:00,ETH-27NOV26-2600-P,2497.43,ETH-27NOV26,put,2600.0,2026-11-27T08:00:00+00:00,0.22555323934472205,0.1205,0.123,0.12229,0.12175,2497.43,ETH-27NOV26,0.5207,-0.51563,4.72951,131.0,30.0,0.0025000000000000022,ETH,2480.06,9438.91
2026-09-05T22:48:01.094055+00:00,ETH-27NOV26-3000-P,2497.43,ETH-27NOV26,put,3000.0,2026-11-27T08:00:00+00:00,0.22555323934472205,0.2325,0.245,0.23957,0.23875,2497.43,ETH-27NOV26,0.536,-0.7234,3.97009,10.0,0.0,0.012499999999999983,ETH,2480.06,0.0
2026-09-05T22:48:01.094055+00:00,ETH-9SEP26-2520-P,2480.16,ETH-9SEP26,put,2520.0,2026-09-09T08:00:00+00:00,0.00926302716128603,0.021,0.0255,0.023708,0.02325,2480.16,ETH-9SEP26,0.36869999999999997,-0.66678,0.86774,0.0,0.0,0.004499999999999997,ETH,2480.06,0.0
2026-09-05T22:48:01.094055+00:00,ETH-9SEP26-2500-P,2480.19,ETH-9SEP26,put,2500.0,2026-09-09T08:00:00+00:00,0.00926302716128603,0.0175,0.019,0.01831,0.01825,2480.19,ETH-9SEP26,0.36200000000000004,-0.58366,0.9312,1.0,1.0,0.0014999999999999979,ETH,2480.05,60.12
2026-09-05T22:48:01.094055+00:00,ETH-25SEP26-3300-C,2485.16,ETH-25SEP26,call,3300.0,2026-09-25T08:00:00+00:00,0.05306863975539965,0.0018,0.0022,0.001943,0.002,2485.16,ETH-25SEP26,0.6503,0.03462,0.43857,20567.0,101.0,0.0004000000000000002,ETH,2480.05,347.0
2026-09-05T22:48:01.094055+00:00,ETH-30OCT26-1950-P,2490.32,ETH-30OCT26,put,1950.0,2026-10-30T08:00:00+00:00,0.1488934173050232,0.0115,0.0125,0.011756,0.012,2490.32,ETH-30OCT26,0.5526,-0.10517,1.74991,900.0,15.0,0.0010000000000000009,ETH,2480.05,448.7
2026-09-05T22:48:01.094055+00:00,ETH-18SEP26-2600-C,2482.83,ETH-18SEP26,call,2600.0,2026-09-18T08:00:00+00:00,0.03390368424547494,0.017,0.018,0.017515,0.0175,2482.83,ETH-18SEP26,0.4833,0.31777,1.63039,1072.0,9.0,0.0009999999999999974,ETH,2480.05,321.06
2026-09-05T22:48:01.094055+00:00,ETH-9SEP26-2660-C,2480.16,ETH-9SEP26,call,2660.0,2026-09-09T08:00:00+00:00,0.00926302716128603,0.0011,0.0014,0.001161,0.00125,2480.16,ETH-9SEP26,0.46399999999999997,0.06138,0.28941,0.0,0.0,0.0002999999999999999,ETH,2480.05,0.0
2026-09-05T22:48:01.094055+00:00,ETH-6SEP26-2320-C,2479.62,ETH-6SEP26,call,2320.0,2026-09-06T08:00:00+00:00,0.0010494747998897253,0.062,0.068,0.064414,0.065,2479.62,ETH-6SEP26,0.4362,1.0,0.0,0.0,0.0,0.006000000000000005,ETH,2480.05,0.0
2026-09-05T22:48:01.094055+00:00,ETH-26MAR27-3300-C,2529.79,ETH-26MAR27,call,3300.0,2027-03-26T08:00:00+00:00,0.5513574830134421,0.0715,0.074,0.072437,0.07275,2529.79,ETH-26MAR27,0.5531,0.32947,6.80079,2246.0,0.0,0.0025000000000000022,ETH,2480.05,0.0
2026-09-05T22:48:01.094055+00:00,ETH-18SEP26-2500-C,2482.83,ETH-18SEP26,call,2500.0,2026-09-18T08:00:00+00:00,0.03390368424547494,0.0305,0.032,0.031372,0.03125,2482.83,ETH-18SEP26,0.47090000000000004,0.48544,1.82296,1341.0,23.0,0.0015000000000000013,ETH,2480.05,1584.6
2026-09-05T22:48:01.094055+00:00,ETH-25JUN27-4200-P,2558.44,ETH-25JUN27,put,4200.0,2027-06-25T08:00:00+00:00,0.8005019046424633,0.678,0.713,0.698643,0.6955,2558.44,ETH-25JUN27,0.5726,-0.76142,7.09504,3.0,0.0,0.03499999999999992,ETH,2480.05,0.0
2026-09-05T22:48:01.094055+00:00,ETH-25SEP26-2200-P,2485.16,ETH-25SEP26,put,2200.0,2026-09-25T08:00:00+00:00,0.05306863975539965,0.008,0.009,0.008604,0.0085,2485.16,ETH-25SEP26,0.5107,-0.13679,1.2546,9931.0,7.0,0.0009999999999999992,ETH,2480.05,156.68
2026-09-05T22:48:01.094055+00:00,ETH-25DEC26-1300-C,2503.92,ETH-25DEC26,call,1300.0,2026-12-25T08:00:00+00:00,0.30221306138442083,0.4845,0.4875,0.485518,0.486,2503.92,ETH-25DEC26,0.6925,0.97204,0.88359,50.0,0.0,0.0030000000000000027,ETH,2480.05,0.0
2026-09-05T22:48:01.094055+00:00,ETH-27NOV26-2550-C,2497.41,ETH-27NOV26,call,2550.0,2026-11-27T08:00:00+00:00,0.22555323934472205,0.088,0.09,0.089127,0.089,2497.41,ETH-27NOV26,0.5196999999999999,0.51553,4.72962,124.0,0.0,0.0020000000000000018,ETH,2480.05,0.0
2026-09-05T22:48:01.094055+00:00,ETH-25SEP26-3200-P,2485.18,ETH-25SEP26,put,3200.0,2026-09-25T08:00:00+00:00,0.05306863975539965,0.286,0.2945,0.290192,0.29025,2485.18,ETH-25SEP26,0.6232,-0.95427,0.54988,1323.0,0.0,0.008500000000000008,ETH,2480.05,0.0
2026-09-05T22:48:01.094055+00:00,ETH-8SEP26-2460-P,2480.23,ETH-8SEP26,put,2460.0,2026-09-08T08:00:00+00:00,0.006525176374153928,0.0065,0.0075,0.006816,0.007,2480.23,ETH-8SEP26,0.3239,-0.37222,0.75774,634.0,134.0,0.001,ETH,2480.05,3613.89
2026-09-05T22:48:01.094055+00:00,ETH-26MAR27-3000-C,2529.79,ETH-26MAR27,call,3000.0,2027-03-26T08:00:00+00:00,0.5513574830134421,0.097,0.0995,0.097904,0.09825,2529.79,ETH-26MAR27,0.5466,0.41419,7.32242,6743.0,0.0,0.0025000000000000022,ETH,2480.05,0.0
2026-09-05T22:48:01.094055+00:00,ETH-25SEP26-1200-P,2485.18,ETH-25SEP26,put,1200.0,2026-09-25T08:00:00+00:00,0.05306863975539965,0.0001,0.0002,0.000118,0.00015,2485.18,ETH-25SEP26,1.1127,-0.0015,0.02797,12309.0,60.0,0.0001,ETH,2480.06,29.74
2026-09-05T22:48:01.094055+00:00,ETH-18SEP26-2200-C,2482.8,ETH-18SEP26,call,2200.0,2026-09-18T08:00:00+00:00,0.03390368424547494,0.117,0.121,0.117894,0.119,2482.8,ETH-18SEP26,0.505,0.91093,0.73684,0.0,0.0,0.00399999999999999,ETH,2480.05,0.0
2026-09-05T22:48:01.094055+00:00,ETH-30OCT26-1700-P,2490.3,ETH-30OCT26,put,1700.0,2026-10-30T08:00:00+00:00,0.1488934173050232,0.0044,0.0049,0.004554,0.00465,2490.3,ETH-30OCT26,0.6181,-0.04281,0.87518,1484.0,0.0,0.0004999999999999996,ETH,2480.05,0.0
2026-09-05T22:48:01.094055+00:00,ETH-25DEC26-1900-P,2503.92,ETH-25DEC26,put,1900.0,2026-12-25T08:00:00+00:00,0.30221306138442083,0.0265,0.028,0.02704,0.02725,2503.92,ETH-25DEC26,0.5609000000000001,-0.14711,3.16902,5176.0,0.0,0.0015000000000000013,ETH,2480.05,0.0
2026-09-05T22:48:01.094055+00:00,ETH-25SEP26-7200-C,2485.16,ETH-25SEP26,call,7200.0,2026-09-25T08:00:00+00:00,0.05306863975539965,,0.0001,3e-06,,2485.16,ETH-25SEP26,1.1496,5e-05,0.00122,1772.0,0.0,,ETH,2480.06,0.0
2026-09-05T22:48:01.094055+00:00,ETH-11SEP26-2800-C,2480.64,ETH-11SEP26,call,2800.0,2026-09-11T08:00:00+00:00,0.014738728735550231,0.001,0.0013,0.001093,0.00115,2480.64,ETH-11SEP26,0.5611,0.04074,0.26346,6270.0,124.0,0.0002999999999999999,ETH,2480.06,242.95
2026-09-05T22:48:01.094055+00:00,ETH-8SEP26-2500-P,2480.26,ETH-8SEP26,put,2500.0,2026-09-08T08:00:00+00:00,0.006525176374153928,0.0145,0.016,0.015063,0.01525,2480.26,ETH-8SEP26,0.3286,-0.61226,0.76725,3.0,0.0,0.0014999999999999996,ETH,2480.06,0.0
2026-09-05T22:48:01.094055+00:00,ETH-25JUN27-3200-C,2558.44,ETH-25JUN27,call,3200.0,2027-06-25T08:00:00+00:00,0.8005019046424633,0.1165,0.1195,0.1177,0.118,2558.44,ETH-25JUN27,0.5575,0.42114,8.95551,1379.0,0.0,0.002999999999999989,ETH,2480.06,0.0
2026-09-05T22:48:01.094055+00:00,ETH-27NOV26-3800-P,2497.43,ETH-27NOV26,put,3800.0,2026-11-27T08:00:00+00:00,0.22555323934472205,0.5225,0.539,0.531898,0.53075,2497.43,ETH-27NOV26,0.5934,-0.91124,1.90691,0.0,0.0,0.01650000000000007,ETH,2480.16,0.0
2026-09-05T22:48:01.094055+00:00,ETH-11SEP26-2500-C,2480.64,ETH-11SEP26,call,2500.0,2026-09-11T08:00:00+00:00,0.014738728735550231,0.0155,0.0165,0.016175,0.016,2480.64,ETH-11SEP26,0.4079,0.44731,1.19105,5031.0,106.0,0.0010000000000000009,ETH,2480.16,3238.72
2026-09-05T22:48:01.094055+00:00,ETH-25SEP26-6600-C,2485.18,ETH-25SEP26,call,6600.0,2026-09-25T08:00:00+00:00,0.05306863975539965,,0.0001,5e-06,,2485.18,ETH-25SEP26,1.0931,9e-05,0.002,1986.0,0.0,,ETH,2480.16,0.0
2026-09-05T22:48:01.094055+00:00,ETH-7SEP26-2350-C,2480.01,ETH-7SEP26,call,2350.0,2026-09-07T08:00:00+00:00,0.003787325587021827,0.05,0.056,0.05284,0.053,2480.01,ETH-7SEP26,0.4849,0.96584,0.11554,0.0,0.0,0.005999999999999998,ETH,2480.16,0.0
2026-09-05T22:48:01.094055+00:00,ETH-7SEP26-2320-P,2480.01,ETH-7SEP26,put,2320.0,2026-09-07T08:00:00+00:00,0.003787325587021827,0.0001,0.0004,0.000206,0.00025,2480.01,ETH-7SEP26,0.5191,-0.01768,0.0665,501.0,181.0,0.00030000000000000003,ETH,2480.16,69.94
2026-09-05T22:48:01.094055+00:00,ETH-30OCT26-1600-C,2490.3,ETH-30OCT26,call,1600.0,2026-10-30T08:00:00+00:00,0.1488934173050232,0.36,0.363,0.360681,0.3615,2490.3,ETH-30OCT26,0.6516,0.97029,0.64877,68.0,0.0,0.0030000000000000027,ETH,2480.16,0.0
2026-09-05T22:48:01.094055+00:00,ETH-7SEP26-2660-C,2480.01,ETH-7SEP26,call,2660.0,2026-09-07T08:00:00+00:00,0.003787325587021827,0.0002,0.0004,0.00023,0.0003,2480.01,ETH-7SEP26,0.5448,0.01911,0.07105,239.0,45.0,0.0002,ETH,2480.21,22.31
2026-09-05T22:48:01.094055+00:00,ETH-25SEP26-2350-P,2485.18,ETH-25SEP26,put,2350.0,2026-09-25T08:00:00+00:00,0.05306863975539965,0.021,0.022,0.02157,0.0215,2485.18,ETH-25SEP26,0.4864,-0.28932,1.95811,45.0,45.0,0.0009999999999999974,ETH,2480.21,2415.23
2026-09-05T22:48:01.094055+00:00,ETH-8SEP26-2600-P,2480.26,ETH-8SEP26,put,2600.0,2026-09-08T08:00:00+00:00,0.006525176374153928,0.0455,0.0525,0.049476,0.049,2480.26,ETH-8SEP26,0.4138,-0.91769,0.30426,2.0,2.0,0.006999999999999999,ETH,2480.21,287.44
2026-09-05T22:48:01.094055+00:00,ETH-7SEP26-2400-P,2480.01,ETH-7SEP26,put,2400.0,2026-09-07T08:00:00+00:00,0.003787325587021827,0.0007,0.001,0.00083,0.00085,2480.01,ETH-7SEP26,0.3791,-0.07779,0.22201,1020.0,499.0,0.00030000000000000003,ETH,2480.21,1546.24
2026-09-05T22:48:01.094055+00:00,ETH-8SEP26-2280-C,2480.26,ETH-8SEP26,call,2280.0,2026-09-08T08:00:00+00:00,0.006525176374153928,0.0785,0.084,0.081109,0.08125,2480.26,ETH-8SEP26,0.5212,0.97849,0.10317,0.0,0.0,0.005500000000000005,ETH,2480.21,0.0
2026-09-05T22:48:01.094055+00:00,ETH-26MAR27-3100-C,2529.79,ETH-26MAR27,call,3100.0,2027-03-26T08:00:00+00:00,0.5513574830134421,0.0875,0.09,0.088441,0.08875,2529.79,ETH-26MAR27,0.5485,0.38406,7.17819,2006.0,0.0,0.0025000000000000022,ETH,2480.21,0.0
2026-09-05T22:48:01.094055+00:00,ETH-11SEP26-2300-C,2480.64,ETH-11SEP26,call,2300.0,2026-09-11T08:00:00+00:00,0.014738728735550231,0.074,0.0785,0.074848,0.07625,2480.64,ETH-11SEP26,0.4512,0.92057,0.44535,112.0,0.0,0.004500000000000004,ETH,2480.22,0.0
2026-09-05T22:48:01.094055+00:00,ETH-9SEP26-2620-C,2480.16,ETH-9SEP26,call,2620.0,2026-09-09T08:00:00+00:00,0.00926302716128603,0.0018,0.0021,0.001811,0.00195,2480.16,ETH-9SEP26,0.4285,0.09583,0.40605,6.0,6.0,0.0002999999999999999,ETH,2480.22,29.77
2026-09-05T22:48:01.094055+00:00,ETH-11SEP26-3000-C,2480.64,ETH-11SEP26,call,3000.0,2026-09-11T08:00:00+00:00,0.014738728735550231,0.0002,0.0005,0.000306,0.00035,2480.64,ETH-11SEP26,0.6736,0.01127,0.08912,5283.0,79.0,0.00030000000000000003,ETH,2480.22,58.82
2026-09-05T22:48:01.094055+00:00,ETH-25SEP26-2400-P,2485.16,ETH-25SEP26,put,2400.0,2026-09-25T08:00:00+00:00,0.05306863975539965,0.028,0.029,0.028596,0.0285,2485.16,ETH-25SEP26,0.4829,-0.35576,2.13375,7634.0,52.0,0.0010000000000000009,ETH,2480.32,3985.76
2026-09-05T22:48:01.094055+00:00,ETH-25SEP26-2900-P,2485.18,ETH-25SEP26,put,2900.0,2026-09-25T08:00:00+00:00,0.05306863975539965,0.17,0.1775,0.174028,0.17375,2485.18,ETH-25SEP26,0.5440999999999999,-0.87851,1.15561,799.0,0.0,0.007499999999999979,ETH,2480.32,0.0
2026-09-05T22:48:01.094055+00:00,ETH-25JUN27-6000-P,2558.44,ETH-25JUN27,put,6000.0,2027-06-25T08:00:00+00:00,0.8005019046424633,1.363,1.3875,1.365483,1.37525,2558.44,ETH-25JUN27,0.6076,-0.90245,3.94648,1.0,0.0,0.024499999999999966,ETH,2480.22,0.0
2026-09-05T22:48:01.094055+00:00,ETH-25SEP26-15000-C,2485.18,ETH-25SEP26,call,15000.0,2026-09-25T08:00:00+00:00,0.05306863975539965,,0.0001,2e-06,,2485.18,ETH-25SEP26,1.8378999999999999,3e-05,0.00067,2390.0,0.0,,ETH,2480.32,0.0
2026-09-05T22:48:01.094055+00:00,ETH-25SEP26-5600-C,2485.18,ETH-25SEP26,call,5600.0,2026-09-25T08:00:00+00:00,0.05306863975539965,,0.0001,1e-05,,2485.18,ETH-25SEP26,0.9643,0.0002,0.00427,8185.0,0.0,,ETH,2480.32,0.0
2026-09-05T22:48:01.094055+00:00,ETH-25JUN27-3100-C,2558.44,ETH-25JUN27,call,3100.0,2027-06-25T08:00:00+00:00,0.8005019046424633,0.126,0.1295,0.127246,0.12775,2558.44,ETH-25JUN27,0.5566,0.44586,9.0513,209.0,0.0,0.003500000000000003,ETH,2480.32,0.0
2026-09-05T22:48:01.094055+00:00,ETH-26MAR27-2700-C,2529.79,ETH-26MAR27,call,2700.0,2027-03-26T08:00:00+00:00,0.5513574830134421,0.1325,0.136,0.13398,0.13425,2529.79,ETH-26MAR27,0.544,0.51647,7.49103,3034.0,0.0,0.003500000000000003,ETH,2480.32,0.0
2026-09-05T22:48:01.094055+00:00,ETH-7SEP26-2680-P,2480.03,ETH-7SEP26,put,2680.0,2026-09-07T08:00:00+00:00,0.003787325587021827,0.077,0.0835,0.080831,0.08025,2480.03,ETH-7SEP26,0.5815,-0.98396,0.06118,0.0,0.0,0.006500000000000006,ETH,2480.32,0.0
2026-09-05T22:48:01.094055+00:00,ETH-25SEP26-3000-P,2485.18,ETH-25SEP26,put,3000.0,2026-09-25T08:00:00+00:00,0.05306863975539965,0.2075,0.2155,0.212164,0.2115,2485.18,ETH-25SEP26,0.5729,-0.9129,0.90757,7499.0,0.0,0.008000000000000007,ETH,2480.41,0.0
2026-09-05T22:48:01.094055+00:00,ETH-25DEC26-3600-P,2503.94,ETH-25DEC26,put,3600.0,2026-12-25T08:00:00+00:00,0.30221306138442083,0.448,0.467,0.459321,0.4575,2503.94,ETH-25DEC26,0.561,-0.84673,3.2572,93.0,0.0,0.019000000000000017,ETH,2480.32,0.0
2026-09-05T22:48:01.094055+00:00,ETH-6SEP26-2540-P,2479.62,ETH-6SEP26,put,2540.0,2026-09-06T08:00:00+00:00,0.0010494747998897253,0.0205,0.0275,0.024634,0.024,2479.62,ETH-6SEP26,0.4576,-0.94562,0.08829,2.0,0.0,0.006999999999999999,ETH,2480.32,0.0
2026-09-05T22:48:01.094055+00:00,ETH-25SEP26-5000-C,2485.16,ETH-25SEP26,call,5000.0,2026-09-25T08:00:00+00:00,0.05306863975539965,,0.0002,4.1e-05,,2485.16,ETH-25SEP26,0.9238,0.00074,0.01469,4611.0,0.0,,ETH,2480.41,0.0
2026-09-05T22:48:01.094055+00:00,ETH-25JUN27-2200-C,2558.47,ETH-25JUN27,call,2200.0,2027-06-25T08:00:00+00:00,0.8005019046424633,0.2595,0.2665,0.262092,0.263,2558.47,ETH-25JUN27,0.5598,0.70949,7.84507,1055.0,0.0,0.007000000000000006,ETH,2480.41,0.0
2026-09-05T22:48:01.094055+00:00,ETH-25DEC26-3600-C,2503.92,ETH-25DEC26,call,3600.0,2026-12-25T08:00:00+00:00,0.30221306138442083,0.021,0.022,0.021587,0.0215,2503.92,ETH-25DEC26,0.561,0.15334,3.25832,2545.0,0.0,0.0009999999999999974,ETH,2480.41,0.0
2026-09-05T22:48:01.094055+00:00,ETH-18SEP26-2000-P,2482.83,ETH-18SEP26,put,2000.0,2026-09-18T08:00:00+00:00,0.03390368424547494,0.0009,0.0012,0.001016,0.00105,2482.83,ETH-18SEP26,0.6074,-0.02333,0.25215,2122.0,10.0,0.0002999999999999999,ETH,2480.41,24.57
2026-09-05T22:48:01.094055+00:00,ETH-25DEC26-9000-C,2503.92,ETH-25DEC26,call,9000.0,2026-12-25T08:00:00+00:00,0.30221306138442083,0.0002,0.0007,0.000389,0.00045,2503.92,ETH-25DEC26,0.7928000000000001,0.0033,0.13742,2069.0,0.0,0.0005,ETH,2480.41,0.0
2026-09-05T22:48:01.094055+00:00,ETH-25JUN27-900-C,2558.44,ETH-25JUN27,call,900.0,2027-06-25T08:00:00+00:00,0.8005019046424633,0.6555,0.6595,0.656735,0.6575,2558.44,ETH-25JUN27,0.7269,0.97328,1.41498,0.0,0.0,0.0040000000000000036,ETH,2480.41,0.0
2026-09-05T22:48:01.094055+00:00,ETH-30OCT26-2350-C,2490.32,ETH-30OCT26,call,2350.0,2026-10-30T08:00:00+00:00,0.1488934173050232,0.1065,0.11,0.107185,0.10825,2490.32,ETH-30OCT26,0.5068,0.65347,3.54773,246.0,0.0,0.003500000000000003,ETH,2480.41,0.0
2026-09-05T22:48:01.094055+00:00,ETH-25SEP26-2700-C,2485.18,ETH-25SEP26,call,2700.0,2026-09-25T08:00:00+00:00,0.05306863975539965,0.0165,0.0175,0.016817,0.017,2485.18,ETH-25SEP26,0.5032,0.25594,1.84255,11103.0,556.0,0.0010000000000000009,ETH,2480.41,18566.69
2026-09-05T22:48:01.094055+00:00,ETH-25SEP26-11000-C,2485.16,ETH-25SEP26,call,11000.0,2026-09-25T08:00:00+00:00,0.05306863975539965,,0.0001,3e-06,,2485.16,ETH-25SEP26,1.5529,3e-05,0.00084,3423.0,0.0,,ETH,2480.41,0.0
2026-09-05T22:48:01.094055+00:00,ETH-30OCT26-2750-C,2490.3,ETH-30OCT26,call,2750.0,2026-10-30T08:00:00+00:00,0.1488934173050232,0.041,0.042,0.041637,0.0415,2490.3,ETH-30OCT26,0.5175,0.34592,3.5454,652.0,0.0,0.0010000000000000009,ETH,2480.41,0.0
2026-09-05T22:48:01.094055+00:00,ETH-25JUN27-3700-C,2558.47,ETH-25JUN27,call,3700.0,2027-06-25T08:00:00+00:00,0.8005019046424633,0.08,0.0825,0.080878,0.08125,2558.47,ETH-25JUN27,0.5642,0.3164,8.15011,10.0,0.0,0.0025000000000000022,ETH,2480.41,0.0
2026-09-05T22:48:01.094055+00:00,ETH-25SEP26-10000-P,2485.18,ETH-25SEP26,put,10000.0,2026-09-25T08:00:00+00:00,0.05306863975539965,3.002,3.039,3.02384,3.0205,2485.18,ETH-25SEP26,1.4631999999999998,-0.99996,0.0009,759.0,0.0,0.037000000000000366,ETH,2480.41,0.0
2026-09-05T22:48:01.094055+00:00,ETH-25DEC26-2200-C,2503.92,ETH-25DEC26,call,2200.0,2026-12-25T08:00:00+00:00,0.30221306138442083,0.178,0.185,0.180236,0.1815,2503.92,ETH-25DEC26,0.5313,0.72221,4.61808,52404.0,0.0,0.007000000000000006,ETH,2480.41,0.0
2026-09-05T22:48:01.094055+00:00,ETH-26MAR27-2100-P,2529.79,ETH-26MAR27,put,2100.0,2027-03-26T08:00:00+00:00,0.5513574830134421,0.0775,0.0805,0.079104,0.079,2529.79,ETH-26MAR27,0.5546,-0.25514,6.03671,709.0,0.0,0.0030000000000000027,ETH,2480.41,0.0
2026-09-05T22:48:01.094055+00:00,ETH-11SEP26-2700-C,2480.66,ETH-11SEP26,call,2700.0,2026-09-11T08:00:00+00:00,0.014738728735550231,0.0022,0.0026,0.002298,0.0024,2480.66,ETH-11SEP26,0.4975,0.08546,0.4706,2739.0,686.0,0.00039999999999999975,ETH,2480.41,2793.3
2026-09-05T22:48:01.094055+00:00,ETH-8SEP26-2340-P,2480.23,ETH-8SEP26,put,2340.0,2026-09-08T08:00:00+00:00,0.006525176374153928,0.0005,0.0008,0.000647,0.00065,2480.23,ETH-8SEP26,0.4291,-0.04453,0.18828,128.0,128.0,0.00030000000000000003,ETH,2480.41,412.66
2026-09-05T22:48:01.094055+00:00,ETH-18SEP26-2800-C,2482.83,ETH-18SEP26,call,2800.0,2026-09-18T08:00:00+00:00,0.03390368424547494,0.0055,0.0065,0.00578,0.006,2482.83,ETH-18SEP26,0.539,0.12316,0.93164,19572.0,27.0,0.001,ETH,2480.41,290.95
2026-09-05T22:48:01.094055+00:00,ETH-27NOV26-2850-P,2497.43,ETH-27NOV26,put,2850.0,2026-11-27T08:00:00+00:00,0.22555323934472205,0.189,0.1945,0.19189,0.19175,2497.43,ETH-27NOV26,0.5286,-0.65543,4.36982,0.0,0.0,0.005500000000000005,ETH,2480.41,0.0
2026-09-05T22:48:01.094055+00:00,ETH-25SEP26-2380-C,2485.18,ETH-25SEP26,call,2380.0,2026-09-25T08:00:00+00:00,0.05306863975539965,0.067,0.07,0.067908,0.0685,2485.18,ETH-25SEP26,0.4838,0.67166,2.06985,78.0,0.0,0.0030000000000000027,ETH,2480.41,0.0
2026-09-05T22:48:01.094055+00:00,ETH-6SEP26-2500-P,2479.62,ETH-6SEP26,put,2500.0,2026-09-06T08:00:00+00:00,0.0010494747998897253,0.0085,0.01,0.009218,0.00925,2479.62,ETH-6SEP26,0.2948,-0.79775,0.22569,382.0,0.0,0.0014999999999999996,ETH,2480.41,0.0
2026-09-05T22:48:01.094055+00:00,ETH-6SEP26-2380-C,2479.62,ETH-6SEP26,call,2380.0,2026-09-06T08:00:00+00:00,0.0010494747998897253,0.038,0.044,0.040223,0.041,2479.62,ETH-6SEP26,0.4243,0.9987,0.00344,81.0,0.0,0.005999999999999998,ETH,2480.41,0.0
2026-09-05T22:48:01.094055+00:00,ETH-25JUN27-2500-C,2558.47,ETH-25JUN27,call,2500.0,2027-06-25T08:00:00+00:00,0.8005019046424633,0.204,0.2085,0.205724,0.20625,2558.47,ETH-25JUN27,0.5555,0.61606,8.7462,3193.0,0.0,0.004500000000000004,ETH,2480.41,0.0
2026-09-05T22:48:01.094055+00:00,ETH-7SEP26-2200-C,2480.01,ETH-7SEP26,call,2200.0,2026-09-07T08:00:00+00:00,0.003787325587021827,0.112,0.1155,0.112919,0.11375,2480.01,ETH-7SEP26,0.5921,0.99954,0.00252,0.0,0.0,0.003500000000000003,ETH,2480.42,0.0
2026-09-05T22:48:01.094055+00:00,ETH-25DEC26-4000-P,2503.92,ETH-25DEC26,put,4000.0,2026-12-25T08:00:00+00:00,0.30221306138442083,0.5985,0.618,0.610346,0.60825,2503.92,ETH-25DEC26,0.5831000000000001,-0.90325,2.35921,223.0,0.0,0.019499999999999962,ETH,2480.41,0.0
2026-09-05T22:48:01.094055+00:00,ETH-6SEP26-2600-C,2479.62,ETH-6SEP26,call,2600.0,2026-09-06T08:00:00+00:00,0.0010494747998897253,,0.0003,3e-05,,2479.62,ETH-6SEP26,0.5704,0.0053,0.01219,646.0,61.0,,ETH,2480.42,15.1
2026-09-05T22:48:01.094055+00:00,ETH-25JUN27-800-P,2558.44,ETH-25JUN27,put,800.0,2027-06-25T08:00:00+00:00,0.8005019046424633,0.0055,0.007,0.006258,0.00625,2558.44,ETH-25JUN27,0.7541,-0.01969,1.09411,689.0,0.0,0.0015000000000000005,ETH,2480.42,0.0
2026-09-05T22:48:01.094055+00:00,ETH-26MAR27-6000-P,2529.79,ETH-26MAR27,put,6000.0,2027-03-26T08:00:00+00:00,0.5513574830134421,1.358,1.4005,1.380743,1.37925,2529.79,ETH-26MAR27,0.6315,-0.94595,2.06205,1.0,0.0,0.04249999999999998,ETH,2480.42,0.0
2026-09-05T22:48:01.094055+00:00,ETH-18SEP26-2600-P,2482.8,ETH-18SEP26,put,2600.0,2026-09-18T08:00:00+00:00,0.03390368424547494,0.062,0.066,0.064677,0.064,2482.8,ETH-18SEP26,0.4833,-0.68158,1.63205,88.0,0.0,0.0040000000000000036,ETH,2480.42,0.0
2026-09-05T22:48:01.094055+00:00,ETH-25SEP26-3100-P,2485.18,ETH-25SEP26,put,3100.0,2026-09-25T08:00:00+00:00,0.05306863975539965,0.245,0.255,0.250881,0.25,2485.18,ETH-25SEP26,0.5964,-0.93798,0.70019,1.0,0.0,0.010000000000000009,ETH,2480.44,0.0
2026-09-05T22:48:01.094055+00:00,ETH-25DEC26-1600-C,2503.92,ETH-25DEC26,call,1600.0,2026-12-25T08:00:00+00:00,0.30221306138442083,0.3715,0.3745,0.372564,0.373,2503.92,ETH-25DEC26,0.6148,0.93246,1.79874,620.0,0.0,0.0030000000000000027,ETH,2480.42,0.0
2026-09-05T22:48:01.094055+00:00,ETH-8SEP26-2480-C,2480.26,ETH-8SEP26,call,2480.0,2026-09-08T08:00:00+00:00,0.006525176374153928,0.01,0.0115,0.010578,0.01075,2480.26,ETH-8SEP26,0.32630000000000003,0.50922,0.79901,561.0,160.0,0.0014999999999999996,ETH,2480.44,2443.75
2026-09-05T22:48:01.094055+00:00,ETH-9SEP26-2650-P,2480.16,ETH-9SEP26,put,2650.0,2026-09-09T08:00:00+00:00,0.00926302716128603,0.066,0.073,0.069787,0.0695,2480.16,ETH-9SEP26,0.45649999999999996,-0.93058,0.31848,0.0,0.0,0.006999999999999992,ETH,2480.44,0.0
2026-09-05T22:48:01.094055+00:00,ETH-26MAR27-3100-P,2529.79,ETH-26MAR27,put,3100.0,2027-03-26T08:00:00+00:00,0.5513574830134421,0.3,0.324,0.313791,0.312,2529.79,ETH-26MAR27,0.5485,-0.61583,7.17958,99.0,0.0,0.02400000000000002,ETH,2480.44,0.0
2026-09-05T22:48:01.094055+00:00,ETH-6SEP26-2340-P,2479.62,ETH-6SEP26,put,2340.0,2026-09-06T08:00:00+00:00,0.0010494747998897253,,0.0001,0.0,,2479.62,ETH-6SEP26,0.4263,-1e-05,4e-05,450.0,19.0,,ETH,2480.44,5.89
2026-09-05T22:48:01.094055+00:00,ETH-30OCT26-4400-C,2490.32,ETH-30OCT26,call,4400.0,2026-10-30T08:00:00+00:00,0.1488934173050232,0.0018,0.0021,0.002011,0.00195,2490.32,ETH-30OCT26,0.688,0.02224,0.50918,688.0,2.0,0.0002999999999999999,ETH,2480.44,9.68
2026-09-05T22:48:01.094055+00:00,ETH-9SEP26-2340-P,2480.16,ETH-9SEP26,put,2340.0,2026-09-09T08:00:00+00:00,0.00926302716128603,0.0013,0.0015,0.001391,0.0014,2480.16,ETH-9SEP26,0.4254,-0.07431,0.33555,1.0,1.0,0.0002000000000000001,ETH,2480.44,3.93
2026-09-05T22:48:01.094055+00:00,ETH-25JUN27-3400-P,2558.47,ETH-25JUN27,put,3400.0,2027-06-25T08:00:00+00:00,0.8005019046424633,0.4135,0.44,0.429928,0.42675,2558.47,ETH-25JUN27,0.5599000000000001,-0.62419,8.68969,5.0,0.0,0.026500000000000024,ETH,2480.44,0.0
2026-09-05T22:48:01.094055+00:00,ETH-8SEP26-2500-C,2480.23,ETH-8SEP26,call,2500.0,2026-09-08T08:00:00+00:00,0.006525176374153928,0.0065,0.0075,0.007122,0.007,2480.23,ETH-8SEP26,0.3286,0.39009,0.76869,1195.0,1018.0,0.001,ETH,2480.44,10890.62
2026-09-05T22:48:01.094055+00:00,ETH-6SEP26-2660-C,2479.62,ETH-6SEP26,call,2660.0,2026-09-06T08:00:00+00:00,0.0010494747998897253,,0.0001,0.0,,2479.62,ETH-6SEP26,0.5704,7e-05,0.00024,106.0,0.0,,ETH,2480.44,0.0
2026-09-05T22:48:01.094055+00:00,ETH-6SEP26-2150-C,2479.62,ETH-6SEP26,call,2150.0,2026-09-06T08:00:00+00:00,0.0010494747998897253,0.132,0.135,0.13297,0.1335,2479.62,ETH-6SEP26,0.8066,1.0,0.0,0.0,0.0,0.0030000000000000027,ETH,2480.44,0.0
2026-09-05T22:48:01.094055+00:00,ETH-25SEP26-13000-P,2485.18,ETH-25SEP26,put,13000.0,2026-09-25T08:00:00+00:00,0.05306863975539965,4.2015,4.251,4.230991,4.22625,2485.18,ETH-25SEP26,1.7075,-0.99997,0.00074,0.0,0.0,0.0495000000000001,ETH,2480.47,0.0
2026-09-05T22:48:01.094055+00:00,ETH-9SEP26-2440-P,2480.16,ETH-9SEP26,put,2440.0,2026-09-09T08:00:00+00:00,0.00926302716128603,0.0065,0.008,0.007211,0.00725,2480.16,ETH-9SEP26,0.36310000000000003,-0.31247,0.84503,15.0,15.0,0.0015000000000000005,ETH,2480.47,368.67
2026-09-05T22:48:01.094055+00:00,ETH-25DEC26-3800-P,2503.92,ETH-25DEC26,put,3800.0,2026-12-25T08:00:00+00:00,0.30221306138442083,0.5235,0.5425,0.534117,0.533,2503.92,ETH-25DEC26,0.5717,-0.87881,2.77432,26.0,0.0,0.019000000000000017,ETH,2480.47,0.0
2026-09-05T22:48:01.094055+00:00,ETH-25JUN27-1200-P,2558.47,ETH-25JUN27,put,1200.0,2027-06-25T08:00:00+00:00,0.8005019046424633,0.017,0.019,0.018073,0.018,2558.47,ETH-25JUN27,0.655,-0.0565,2.60228,531.0,0.0,0.0019999999999999983,ETH,2480.47,0.0
2026-09-05T22:48:01.094055+00:00,ETH-25SEP26-1300-P,2485.16,ETH-25SEP26,put,1300.0,2026-09-25T08:00:00+00:00,0.05306863975539965,0.0001,0.0003,0.000182,0.0002,2485.16,ETH-25SEP26,1.0412000000000001,-0.00239,0.04264,4963.0,22.0,0.00019999999999999998,ETH,2480.49,16.36
2026-09-05T22:48:01.094055+00:00,ETH-27NOV26-2150-P,2497.43,ETH-27NOV26,put,2150.0,2026-11-27T08:00:00+00:00,0.22555323934472205,0.0395,0.0405,0.039849,0.04,2497.43,ETH-27NOV26,0.532,-0.23588,3.6542,10.0,0.0,0.0010000000000000009,ETH,2480.47,0.0
2026-09-05T22:48:01.094055+00:00,ETH-25SEP26-1400-C,2485.18,ETH-25SEP26,call,1400.0,2026-09-25T08:00:00+00:00,0.05306863975539965,0.436,0.4385,0.436932,0.43725,2485.18,ETH-25SEP26,0.9692000000000001,0.9964,0.06172,1553.0,0.0,0.0025000000000000022,ETH,2480.49,0.0
2026-09-05T22:48:01.094055+00:00,ETH-7SEP26-2750-P,2480.01,ETH-7SEP26,put,2750.0,2026-09-07T08:00:00+00:00,0.003787325587021827,0.1055,0.112,0.108893,0.10875,2480.01,ETH-7SEP26,0.6108,-0.99681,0.01475,0.0,0.0,0.006500000000000006,ETH,2480.49,0.0
2026-09-05T22:48:01.094055+00:00,ETH-27NOV26-3300-C,2497.43,ETH-27NOV26,call,3300.0,2026-11-27T08:00:00+00:00,0.22555323934472205,0.022,0.023,0.022496,0.0225,2497.43,ETH-27NOV26,0.5549000000000001,0.17758,3.08742,13.0,10.0,0.0010000000000000009,ETH,2480.49,487.94
2026-09-05T22:48:01.094055+00:00,ETH-9SEP26-2600-P,2480.16,ETH-9SEP26,put,2600.0,2026-09-09T08:00:00+00:00,0.00926302716128603,0.047,0.054,0.050633,0.0505,2480.16,ETH-9SEP26,0.41200000000000003,-0.87777,0.48373,0.0,0.0,0.006999999999999999,ETH,2480.49,0.0
2026-09-05T22:48:01.094055+00:00,ETH-26MAR27-5500-C,2529.82,ETH-26MAR27,call,5500.0,2027-03-26T08:00:00+00:00,0.5513574830134421,0.0115,0.013,0.012168,0.01225,2529.82,ETH-26MAR27,0.6159,0.07102,2.55172,2976.0,0.0,0.0014999999999999996,ETH,2480.49,0.0
2026-09-05T22:48:01.094055+00:00,ETH-25SEP26-3600-P,2485.18,ETH-25SEP26,put,3600.0,2026-09-25T08:00:00+00:00,0.05306863975539965,0.4445,0.454,0.449522,0.44925,2485.18,ETH-25SEP26,0.7261,-0.98336,0.23706,907.0,0.0,0.009500000000000008,ETH,2480.49,0.0
2026-09-05T22:48:01.094055+00:00,ETH-25SEP26-1300-C,2485.16,ETH-25SEP26,call,1300.0,2026-09-25T08:00:00+00:00,0.05306863975539965,0.4765,0.4785,0.477084,0.4775,2485.16,ETH-25SEP26,1.0412000000000001,0.99761,0.04264,68.0,0.0,0.0020000000000000018,ETH,2480.49,0.0
2026-09-05T22:48:01.094055+00:00,ETH-8SEP26-2650-C,2480.23,ETH-8SEP26,call,2650.0,2026-09-08T08:00:00+00:00,0.006525176374153928,0.0005,0.0009,0.000626,0.0007,2480.23,ETH-8SEP26,0.46740000000000004,0.04207,0.17983,0.0,0.0,0.00039999999999999996,ETH,2480.49,0.0
2026-09-05T22:48:01.094055+00:00,ETH-25DEC26-1600-P,2503.94,ETH-25DEC26,put,1600.0,2026-12-25T08:00:00+00:00,0.30221306138442083,0.011,0.012,0.011557,0.0115,2503.94,ETH-25DEC26,0.6148,-0.06752,1.79857,8358.0,0.0,0.0010000000000000009,ETH,2480.49,0.0
2026-09-05T22:48:01.094055+00:00,ETH-30OCT26-2050-P,2490.3,ETH-30OCT26,put,2050.0,2026-10-30T08:00:00+00:00,0.1488934173050232,0.017,0.018,0.017334,0.0175,2490.3,ETH-30OCT26,0.5349,-0.14774,2.2189,396.0,0.0,0.0009999999999999974,ETH,2480.49,0.0
2026-09-05T22:48:01.094055+00:00,ETH-11SEP26-2650-C,2480.64,ETH-11SEP26,call,2650.0,2026-09-11T08:00:00+00:00,0.014738728735550231,0.0035,0.0039,0.003523,0.0037,2480.64,ETH-11SEP26,0.46659999999999996,0.12871,0.63283,4372.0,501.0,0.00039999999999999975,ETH,2480.49,2416.22
2026-09-05T22:48:01.094055+00:00,ETH-8SEP26-2460-C,2480.23,ETH-8SEP26,call,2460.0,2026-09-08T08:00:00+00:00,0.006525176374153928,0.0135,0.018,0.014984,0.01575,2480.23,ETH-8SEP26,0.3239,0.6305,0.75598,524.0,24.0,0.004499999999999999,ETH,2480.49,596.93
2026-09-05T22:48:01.094055+00:00,ETH-9SEP26-2360-P,2480.16,ETH-9SEP26,put,2360.0,2026-09-09T08:00:00+00:00,0.00926302716128603,0.0017,0.0021,0.001907,0.0019,2480.16,ETH-9SEP26,0.4096,-0.09967,0.41791,0.0,0.0,0.00039999999999999996,ETH,2480.49,0.0
2026-09-05T22:48:01.094055+00:00,ETH-25DEC26-11000-C,2503.92,ETH-25DEC26,call,11000.0,2026-12-25T08:00:00+00:00,0.30221306138442083,0.0001,0.0003,0.000207,0.0002,2503.92,ETH-25DEC26,0.852,0.00173,0.07648,2175.0,0.0,0.00019999999999999998,ETH,2480.49,0.0
2026-09-05T22:48:01.094055+00:00,ETH-25JUN27-1000-C,2558.44,ETH-25JUN27,call,1000.0,2027-06-25T08:00:00+00:00,0.8005019046424633,0.619,0.6235,0.620352,0.62125,2558.44,ETH-25JUN27,0.7017,0.96485,1.77581,96.0,0.0,0.0045000000000000595,ETH,2480.5,0.0
2026-09-05T22:48:01.094055+00:00,ETH-25JUN27-2300-P,2558.44,ETH-25JUN27,put,2300.0,2027-06-25T08:00:00+00:00,0.8005019046424633,0.1385,0.1425,0.14072,0.1405,2558.44,ETH-25JUN27,0.5576,-0.32161,8.20706,756.0,0.0,0.003999999999999976,ETH,2480.5,0.0
2026-09-05T22:48:01.094055+00:00,ETH-6SEP26-2380-P,2479.62,ETH-6SEP26,put,2380.0,2026-09-06T08:00:00+00:00,0.0010494747998897253,,0.0001,5e-06,,2479.62,ETH-6SEP26,0.4243,-0.00127,0.00336,387.0,6.0,,ETH,2480.5,2.7
2026-09-05T22:48:01.094055+00:00,ETH-25SEP26-2380-P,2485.18,ETH-25SEP26,put,2380.0,2026-09-25T08:00:00+00:00,0.05306863975539965,0.025,0.026,0.025581,0.0255,2485.18,ETH-25SEP26,0.4838,-0.32807,2.0693,131.0,3.0,0.0009999999999999974,ETH,2480.5,210.2
2026-09-05T22:48:01.094055+00:00,ETH-30OCT26-2400-P,2490.3,ETH-30OCT26,put,2400.0,2026-10-30T08:00:00+00:00,0.1488934173050232,0.059,0.0605,0.05954,0.05975,2490.3,ETH-30OCT26,0.5055,-0.38677,3.67988,4423.0,3.0,0.0015000000000000013,ETH,2480.5,447.83
2026-09-05T22:48:01.094055+00:00,ETH-27NOV26-3200-P,2497.43,ETH-27NOV26,put,3200.0,2026-11-27T08:00:00+00:00,0.22555323934472205,0.3005,0.3145,0.308018,0.3075,2497.43,ETH-27NOV26,0.5479999999999999,-0.7943,3.37855,0.0,0.0,0.014000000000000012,ETH,2480.5,0.0
2026-09-05T22:48:01.094055+00:00,ETH-6SEP26-2680-C,2479.62,ETH-6SEP26,call,2680.0,2026-09-06T08:00:00+00:00,0.0010494747998897253,,0.0001,0.0,,2479.62,ETH-6SEP26,0.5705,1e-05,5e-05,138.0,6.0,,ETH,2480.5,1.47
2026-09-05T22:48:01.094055+00:00,ETH-11SEP26-2900-C,2480.64,ETH-11SEP26,call,2900.0,2026-09-11T08:00:00+00:00,0.014738728735550231,0.0005,0.0008,0.000608,0.00065,2480.64,ETH-11SEP26,0.627,0.02223,0.1595,1370.0,17.0,0.00030000000000000003,ETH,2480.5,21.07
2026-09-05T22:48:01.094055+00:00,ETH-8SEP26-2900-C,2480.23,ETH-8SEP26,call,2900.0,2026-09-08T08:00:00+00:00,0.006525176374153928,,0.0001,3.2e-05,,2480.23,ETH-8SEP26,0.6692,0.00211,0.01333,250.0,0.0,,ETH,2480.5,0.0
2026-09-05T22:48:01.094055+00:00,ETH-18SEP26-2350-C,2482.83,ETH-18SEP26,call,2350.0,2026-09-18T08:00:00+00:00,0.03390368424547494,0.0655,0.0695,0.067026,0.0675,2482.83,ETH-18SEP26,0.4718,0.75118,1.44964,172.0,0.0,0.0040000000000000036,ETH,2480.5,0.0
2026-09-05T22:48:01.094055+00:00,ETH-8SEP26-2300-P,2480.23,ETH-8SEP26,put,2300.0,2026-09-08T08:00:00+00:00,0.006525176374153928,0.0003,0.0006,0.000436,0.00045,2480.23,ETH-8SEP26,0.49439999999999995,-0.02774,0.12771,175.0,17.0,0.0003,ETH,2480.5,33.4
2026-09-05T22:48:01.094055+00:00,ETH-7SEP26-2260-P,2480.01,ETH-7SEP26,put,2260.0,2026-09-07T08:00:00+00:00,0.003787325587021827,,0.0003,5e-05,,2480.01,ETH-7SEP26,0.5804,-0.00432,0.01935,5.0,0.0,,ETH,2480.5,0.0
2026-09-05T22:48:01.094055+00:00,ETH-25JUN27-3200-P,2558.44,ETH-25JUN27,put,3200.0,2027-06-25T08:00:00+00:00,0.8005019046424633,0.3565,0.378,0.368447,0.36725,2558.44,ETH-25JUN27,0.5575,-0.57869,8.95812,0.0,0.0,0.02150000000000002,ETH,2480.5,0.0
2026-09-05T22:48:01.094055+00:00,ETH-27NOV26-4600-C,2497.41,ETH-27NOV26,call,4600.0,2026-11-27T08:00:00+00:00,0.22555323934472205,0.0036,0.004,0.003902,0.0038,2497.41,ETH-27NOV26,0.6545000000000001,0.03526,0.92254,363.0,2.0,0.0004000000000000002,ETH,2480.5,17.8
2026-09-05T22:48:01.094055+00:00,ETH-25SEP26-9000-C,2485.18,ETH-25SEP26,call,9000.0,2026-09-25T08:00:00+00:00,0.05306863975539965,,0.0001,3e-06,,2485.18,ETH-25SEP26,1.3633000000000002,4e-05,0.00098,2096.0,0.0,,ETH,2480.5,0.0
2026-09-05T22:48:01.094055+00:00,ETH-11SEP26-2000-P,2480.64,ETH-11SEP26,put,2000.0,2026-09-11T08:00:00+00:00,0.014738728735550231,,0.0003,0.000198,,2480.64,ETH-11SEP26,0.7304,-0.00665,0.05613,6268.0,878.0,,ETH,2480.5,550.59
2026-09-05T22:48:01.094055+00:00,ETH-25JUN27-2100-C,2558.44,ETH-25JUN27,call,2100.0,2027-06-25T08:00:00+00:00,0.8005019046424633,0.281,0.288,0.284026,0.2845,2558.44,ETH-25JUN27,0.5628,0.74027,7.42458,142.0,0.0,0.006999999999999951,ETH,2480.5,0.0
2026-09-05T22:48:01.094055+00:00,ETH-30OCT26-1950-C,2490.3,ETH-30OCT26,call,1950.0,2026-10-30T08:00:00+00:00,0.1488934173050232,0.228,0.2315,0.22872,0.22975,2490.3,ETH-30OCT26,0.5526,0.89498,1.74845,744.0,0.0,0.003500000000000003,ETH,2480.5,0.0
2026-09-05T22:48:01.094055+00:00,ETH-30OCT26-2650-P,2490.32,ETH-30OCT26,put,2650.0,2026-10-30T08:00:00+00:00,0.1488934173050232,0.114,0.1185,0.11731,0.11625,2490.32,ETH-30OCT26,0.5123,-0.585,3.74802,302.0,0.0,0.00449999999999999,ETH,2480.5,0.0
2026-09-05T22:48:01.094055+00:00,ETH-26MAR27-3200-C,2529.79,ETH-26MAR27,call,3200.0,2027-03-26T08:00:00+00:00,0.5513574830134421,0.079,0.0815,0.079943,0.08025,2529.79,ETH-26MAR27,0.5506,0.35589,7.00337,4838.0,0.0,0.0025000000000000022,ETH,2480.5,0.0
2026-09-05T22:48:01.094055+00:00,ETH-30OCT26-4200-P,2490.3,ETH-30OCT26,put,4200.0,2026-10-30T08:00:00+00:00,0.1488934173050232,0.6785,0.696,0.689188,0.68725,2490.3,ETH-30OCT26,0.6693000000000001,-0.97083,0.63918,0.0,0.0,0.01749999999999996,ETH,2480.5,0.0
2026-09-05T22:48:01.094055+00:00,ETH-25DEC26-3800-C,2503.92,ETH-25DEC26,call,3800.0,2026-12-25T08:00:00+00:00,0.30221306138442083,0.016,0.017,0.016509,0.0165,2503.92,ETH-25DEC26,0.5717,0.1212,2.77452,3134.0,0.0,0.0010000000000000009,ETH,2480.5,0.0
2026-09-05T22:48:01.094055+00:00,ETH-25SEP26-4800-C,2485.16,ETH-25SEP26,call,4800.0,2026-09-25T08:00:00+00:00,0.05306863975539965,,0.0001,6.8e-05,,2485.16,ETH-25SEP26,0.9113,0.00123,0.02326,1700.0,0.0,,ETH,2480.5,0.0
2026-09-05T22:48:01.094055+00:00,ETH-9SEP26-2300-C,2480.16,ETH-9SEP26,call,2300.0,2026-09-09T08:00:00+00:00,0.00926302716128603,0.0725,0.0765,0.073456,0.0745,2480.16,ETH-9SEP26,0.4636,0.95707,0.21784,0.0,0.0,0.0040000000000000036,ETH,2480.5,0.0
2026-09-05T22:48:01.094055+00:00,ETH-26MAR27-2400-C,2529.79,ETH-26MAR27,call,2400.0,2027-03-26T08:00:00+00:00,0.5513574830134421,0.1815,0.1865,0.183293,0.184,2529.79,ETH-26MAR27,0.5451,0.63045,7.09355,2363.0,0.0,0.0050000000000000044,ETH,2480.5,0.0
2026-09-05T22:48:01.094055+00:00,ETH-26MAR27-4000-P,2529.79,ETH-26MAR27,put,4000.0,2027-03-26T08:00:00+00:00,0.5513574830134421,0.6035,0.63,0.618687,0.61675,2529.79,ETH-26MAR27,0.5714,-0.80692,5.15076,0.0,0.0,0.026499999999999968,ETH,2480.5,0.0
2026-09-05T22:48:01.094055+00:00,ETH-6SEP26-2660-P,2479.66,ETH-6SEP26,put,2660.0,2026-09-06T08:00:00+00:00,0.0010494747998897253,0.0695,0.0755,0.072698,0.0725,2479.66,ETH-6SEP26,0.5704,-0.99993,0.00024,0.0,0.0,0.0059999999999999915,ETH,2480.5,0.0
2026-09-05T22:48:01.094055+00:00,ETH-11SEP26-2550-C,2480.66,ETH-11SEP26,call,2550.0,2026-09-11T08:00:00+00:00,0.014738728735550231,0.0095,0.0105,0.009724,0.01,2480.66,ETH-11SEP26,0.42310000000000003,0.3062,1.05696,2119.0,222.0,0.0010000000000000009,ETH,2480.5,5268.8
2026-09-05T22:48:01.094055+00:00,ETH-27NOV26-2550-P,2497.43,ETH-27NOV26,put,2550.0,2026-11-27T08:00:00+00:00,0.22555323934472205,0.108,0.111,0.110144,0.1095,2497.43,ETH-27NOV26,0.5196999999999999,-0.48409,4.73054,43.0,0.0,0.0030000000000000027,ETH,2480.5,0.0
2026-09-05T22:48:01.094055+00:00,ETH-8SEP26-2620-P,2480.26,ETH-8SEP26,put,2620.0,2026-09-08T08:00:00+00:00,0.006525176374153928,0.0535,0.06,0.057271,0.05675,2480.26,ETH-8SEP26,0.4386,-0.93582,0.25148,0.0,0.0,0.006499999999999999,ETH,2480.5,0.0
2026-09-05T22:48:01.094055+00:00,ETH-8SEP26-2580-P,2480.23,ETH-8SEP26,put,2580.0,2026-09-08T08:00:00+00:00,0.006525176374153928,0.038,0.0445,0.041816,0.04125,2480.23,ETH-8SEP26,0.3906,-0.88958,0.37771,0.0,0.0,0.006499999999999999,ETH,2480.5,0.0
2026-09-05T22:48:01.094055+00:00,ETH-25SEP26-4000-C,2485.18,ETH-25SEP26,call,4000.0,2026-09-25T08:00:00+00:00,0.05306863975539965,0.0003,0.0006,0.00038,0.00045,2485.18,ETH-25SEP26,0.8043,0.00675,0.10811,21302.0,0.0,0.0003,ETH,2480.65,0.0
2026-09-05T22:48:01.094055+00:00,ETH-25SEP26-2100-C,2485.18,ETH-25SEP26,call,2100.0,2026-09-25T08:00:00+00:00,0.05306863975539965,0.158,0.1625,0.159667,0.16025,2485.18,ETH-25SEP26,0.5411,0.92139,0.84024,5728.0,5.0,0.004500000000000004,ETH,2480.65,1972.76
2026-09-05T22:48:01.094055+00:00,ETH-25DEC26-2500-P,2503.92,ETH-25DEC26,put,2500.0,2026-12-25T08:00:00+00:00,0.30221306138442083,0.1115,0.1145,0.113488,0.113,2503.92,ETH-25DEC26,0.5231,-0.44034,5.43298,1501.0,0.0,0.0030000000000000027,ETH,2480.5,0.0
2026-09-05T22:48:01.094055+00:00,ETH-11SEP26-2570-P,2480.64,ETH-11SEP26,put,2570.0,2026-09-11T08:00:00+00:00,0.014738728735550231,0.041,0.0455,0.043851,0.04325,2480.64,ETH-11SEP26,0.42869999999999997,-0.74197,0.97324,0.0,0.0,0.004499999999999997,ETH,2480.65,0.0
2026-09-05T22:48:01.094055+00:00,ETH-26MAR27-4600-P,2529.79,ETH-26MAR27,put,4600.0,2027-03-26T08:00:00+00:00,0.5513574830134421,0.824,0.8535,0.841155,0.83875,2529.79,ETH-26MAR27,0.589,-0.8743,3.88426,0.0,0.0,0.02950000000000008,ETH,2480.65,0.0
2026-09-05T22:48:01.094055+00:00,ETH-26MAR27-3700-P,2529.79,ETH-26MAR27,put,3700.0,2027-03-26T08:00:00+00:00,0.5513574830134421,0.495,0.5225,0.511826,0.50875,2529.79,ETH-26MAR27,0.5631,-0.75773,5.87323,0.0,0.0,0.02749999999999997,ETH,2480.65,0.0
2026-09-05T22:48:01.094055+00:00,ETH-25DEC26-1700-C,2503.92,ETH-25DEC26,call,1700.0,2026-12-25T08:00:00+00:00,0.30221306138442083,0.3355,0.3395,0.336438,0.3375,2503.92,ETH-25DEC26,0.5934,0.91155,2.20802,365.0,0.0,0.0040000000000000036,ETH,2480.65,0.0
2026-09-05T22:48:01.094055+00:00,ETH-26MAR27-2200-P,2529.79,ETH-26MAR27,put,2200.0,2027-03-26T08:00:00+00:00,0.5513574830134421,0.093,0.0965,0.094736,0.09475,2529.79,ETH-26MAR27,0.55,-0.29224,6.45717,1732.0,0.0,0.003500000000000003,ETH,2480.65,0.0
2026-09-05T22:48:01.094055+00:00,ETH-30OCT26-2850-P,2490.32,ETH-30OCT26,put,2850.0,2026-10-30T08:00:00+00:00,0.1488934173050232,0.1735,0.1785,0.177071,0.176,2490.32,ETH-30OCT26,0.5244,-0.71382,3.27038,0.0,0.0,0.0050000000000000044,ETH,2480.65,0.0
2026-09-05T22:48:01.094055+00:00,ETH-7SEP26-2900-P,2480.01,ETH-7SEP26,put,2900.0,2026-09-07T08:00:00+00:00,0.003787325587021827,0.165,0.173,0.169352,0.169,2480.01,ETH-7SEP26,0.6943,-0.99986,0.00082,0.0,0.0,0.00799999999999998,ETH,2480.88,0.0
2026-09-05T22:48:01.094055+00:00,ETH-25SEP26-6000-C,2485.16,ETH-25SEP26,call,6000.0,2026-09-25T08:00:00+00:00,0.05306863975539965,,0.0001,8e-06,,2485.16,ETH-25SEP26,1.0195999999999998,0.00014,0.00311,3711.0,0.0,,ETH,2480.88,0.0
2026-09-05T22:48:01.094055+00:00,ETH-8SEP26-2640-C,2480.23,ETH-8SEP26,call,2640.0,2026-09-08T08:00:00+00:00,0.006525176374153928,0.0007,0.001,0.000774,0.00085,2480.23,ETH-8SEP26,0.4646,0.05107,0.21013,271.0,0.0,0.00030000000000000003,ETH,2480.88,0.0
2026-09-05T22:48:01.094055+00:00,ETH-30OCT26-4400-P,2490.3,ETH-30OCT26,put,4400.0,2026-10-30T08:00:00+00:00,0.1488934173050232,0.759,0.7765,0.768852,0.76775,2490.3,ETH-30OCT26,0.688,-0.97772,0.51012,0.0,0.0,0.01749999999999996,ETH,2480.88,0.0
2026-09-05T22:48:01.094055+00:00,ETH-25DEC26-3200-P,2503.94,ETH-25DEC26,put,3200.0,2026-12-25T08:00:00+00:00,0.30221306138442083,0.307,0.3225,0.316493,0.31475,2503.94,ETH-25DEC26,0.5413,-0.75003,4.37664,261.0,0.0,0.015500000000000014,ETH,2480.88,0.0
2026-09-05T22:48:01.094055+00:00,ETH-25SEP26-5400-C,2485.18,ETH-25SEP26,call,5400.0,2026-09-25T08:00:00+00:00,0.05306863975539965,,0.0001,1.2e-05,,2485.18,ETH-25SEP26,0.9338,0.00023,0.00504,1738.0,0.0,,ETH,2480.93,0.0
2026-09-05T22:48:01.094055+00:00,ETH-25DEC26-10000-C,2503.92,ETH-25DEC26,call,10000.0,2026-12-25T08:00:00+00:00,0.30221306138442083,0.0002,0.0005,0.000245,0.00035,2503.92,ETH-25DEC26,0.8154,0.0021,0.09126,1743.0,0.0,0.00030000000000000003,ETH,2480.88,0.0
2026-09-05T22:48:01.094055+00:00,ETH-8SEP26-2440-P,2480.23,ETH-8SEP26,put,2440.0,2026-09-08T08:00:00+00:00,0.006525176374153928,0.0041,0.0047,0.004416,0.0044,2480.23,ETH-8SEP26,0.3322,-0.26214,0.65261,126.0,6.0,0.0005999999999999998,ETH,2480.93,95.9
2026-09-05T22:48:01.094055+00:00,ETH-25SEP26-4800-P,2485.18,ETH-25SEP26,put,4800.0,2026-09-25T08:00:00+00:00,0.05306863975539965,0.925,0.9375,0.93151,0.93125,2485.18,ETH-25SEP26,0.9113,-0.99877,0.02332,110.0,0.0,0.012499999999999956,ETH,2480.93,0.0
2026-09-05T22:48:01.094055+00:00,ETH-25JUN27-2800-C,2558.44,ETH-25JUN27,call,2800.0,2027-06-25T08:00:00+00:00,0.8005019046424633,0.1605,0.164,0.161638,0.16225,2558.44,ETH-25JUN27,0.5554,0.52704,9.11713,1231.0,0.0,0.003500000000000003,ETH,2480.93,0.0
2026-09-05T22:48:01.094055+00:00,ETH-18SEP26-2350-P,2482.83,ETH-18SEP26,put,2350.0,2026-09-18T08:00:00+00:00,0.03390368424547494,0.013,0.014,0.013499,0.0135,2482.83,ETH-18SEP26,0.4718,-0.24819,1.44794,1467.0,18.0,0.0010000000000000009,ETH,2480.93,673.11
2026-09-05T22:48:01.094055+00:00,ETH-25DEC26-5500-P,2503.92,ETH-25DEC26,put,5500.0,2026-12-25T08:00:00+00:00,0.30221306138442083,1.1815,1.212,1.199626,1.19675,2503.92,ETH-25DEC26,0.6679,-0.97487,0.80866,0.0,0.0,0.03049999999999997,ETH,2480.93,0.0
2026-09-05T22:48:01.094055+00:00,ETH-30OCT26-2350-P,2490.3,ETH-30OCT26,put,2350.0,2026-10-30T08:00:00+00:00,0.1488934173050232,0.0505,0.0515,0.050839,0.051,2490.3,ETH-30OCT26,0.5068,-0.34602,3.54673,650.0,0.0,0.000999999999999994,ETH,2480.93,0.0
2026-09-05T22:48:01.094055+00:00,ETH-25SEP26-4200-C,2485.16,ETH-25SEP26,call,4200.0,2026-09-25T08:00:00+00:00,0.05306863975539965,0.0001,0.0004,0.000208,0.00025,2485.16,ETH-25SEP26,0.8226,0.00378,0.06453,2652.0,0.0,0.00030000000000000003,ETH,2480.97,0.0
2026-09-05T22:48:01.094055+00:00,ETH-7SEP26-2340-P,2480.03,ETH-7SEP26,put,2340.0,2026-09-07T08:00:00+00:00,0.003787325587021827,0.0003,0.0005,0.000342,0.0004,2480.03,ETH-7SEP26,0.5007,-0.02782,0.09748,1126.0,41.0,0.00020000000000000004,ETH,2480.97,24.96
2026-09-05T22:48:01.094055+00:00,ETH-30OCT26-2700-P,2490.32,ETH-30OCT26,put,2700.0,2026-10-30T08:00:00+00:00,0.1488934173050232,0.1275,0.133,0.131331,0.13025,2490.32,ETH-30OCT26,0.5151,-0.61998,3.66133,109.0,0.0,0.005500000000000005,ETH,2480.97,0.0
2026-09-05T22:48:01.094055+00:00,ETH-11SEP26-2470-P,2480.64,ETH-11SEP26,put,2470.0,2026-09-11T08:00:00+00:00,0.014738728735550231,0.017,0.018,0.01739,0.0175,2480.64,ETH-11SEP26,0.40259999999999996,-0.45205,1.19326,772.0,472.0,0.0009999999999999974,ETH,2480.97,18543.2
2026-09-05T22:48:01.094055+00:00,ETH-25JUN27-2800-P,2558.44,ETH-25JUN27,put,2800.0,2027-06-25T08:00:00+00:00,0.8005019046424633,0.2535,0.258,0.256042,0.25575,2558.44,ETH-25JUN27,0.5554,-0.47295,9.11725,667.0,0.0,0.004500000000000004,ETH,2480.97,0.0
2026-09-05T22:48:01.094055+00:00,ETH-8SEP26-2580-C,2480.23,ETH-8SEP26,call,2580.0,2026-09-08T08:00:00+00:00,0.006525176374153928,0.0016,0.0019,0.001629,0.00175,2480.23,ETH-8SEP26,0.3906,0.11163,0.38073,46.0,46.0,0.0002999999999999999,ETH,2480.95,124.54
2026-09-05T22:48:01.094055+00:00,ETH-27NOV26-2650-C,2497.43,ETH-27NOV26,call,2650.0,2026-11-27T08:00:00+00:00,0.22555323934472205,0.073,0.0745,0.073963,0.07375,2497.43,ETH-27NOV26,0.5216,0.45468,4.70466,312.0,0.0,0.0015000000000000013,ETH,2480.95,0.0
2026-09-05T22:48:01.094055+00:00,ETH-25JUN27-2600-C,2558.44,ETH-25JUN27,call,2600.0,2027-06-25T08:00:00+00:00,0.8005019046424633,0.188,0.192,0.189423,0.19,2558.44,ETH-25JUN27,0.5540999999999999,0.58561,8.92697,346.0,0.0,0.0040000000000000036,ETH,2480.95,0.0
2026-09-05T22:48:01.094055+00:00,ETH-25JUN27-1300-P,2558.44,ETH-25JUN27,put,1300.0,2027-06-25T08:00:00+00:00,0.8005019046424633,0.0215,0.024,0.022688,0.02275,2558.44,ETH-25JUN27,0.6364,-0.07025,3.08388,1679.0,0.0,0.0025000000000000022,ETH,2480.95,0.0
2026-09-05T22:48:01.094055+00:00,ETH-26MAR27-5500-P,2529.79,ETH-26MAR27,put,5500.0,2027-03-26T08:00:00+00:00,0.5513574830134421,1.1645,1.2005,1.186176,1.1825,2529.79,ETH-26MAR27,0.6159,-0.92892,2.55396,0.0,0.0,0.03599999999999981,ETH,2480.95,0.0
2026-09-05T22:48:01.094055+00:00,ETH-26MAR27-1400-C,2529.79,ETH-26MAR27,call,1400.0,2027-03-26T08:00:00+00:00,0.5513574830134421,0.4615,0.4665,0.464128,0.464,2529.79,ETH-26MAR27,0.6376,0.93148,2.48278,31.0,0.0,0.0050000000000000044,ETH,2480.95,0.0
2026-09-05T22:48:01.094055+00:00,ETH-8SEP26-2650-P,2480.26,ETH-8SEP26,put,2650.0,2026-09-08T08:00:00+00:00,0.006525176374153928,0.065,0.072,0.069033,0.0685,2480.26,ETH-8SEP26,0.46740000000000004,-0.95738,0.18178,0.0,0.0,0.006999999999999992,ETH,2480.95,0.0
2026-09-05T22:48:01.094055+00:00,ETH-8SEP26-2600-C,2480.23,ETH-8SEP26,call,2600.0,2026-09-08T08:00:00+00:00,0.006525176374153928,0.0012,0.0015,0.001227,0.00135,2480.23,ETH-8SEP26,0.4139,0.08399,0.30899,74.0,33.0,0.00030000000000000014,ETH,2480.95,73.97
2026-09-05T22:48:01.094055+00:00,ETH-25JUN27-2400-P,2558.47,ETH-25JUN27,put,2400.0,2027-06-25T08:00:00+00:00,0.8005019046424633,0.159,0.163,0.161165,0.161,2558.47,ETH-25JUN27,0.5566,-0.35268,8.50789,38.0,0.0,0.0040000000000000036,ETH,2480.95,0.0
2026-09-05T22:48:01.094055+00:00,ETH-9SEP26-2100-C,2480.16,ETH-9SEP26,call,2100.0,2026-09-09T08:00:00+00:00,0.00926302716128603,0.1525,0.156,0.153431,0.15425,2480.16,ETH-9SEP26,0.7081999999999999,0.99334,0.04451,0.0,0.0,0.003500000000000003,ETH,2480.95,0.0
2026-09-05T22:48:01.094055+00:00,ETH-6SEP26-2680-P,2479.66,ETH-6SEP26,put,2680.0,2026-09-06T08:00:00+00:00,0.0010494747998897253,0.0765,0.0835,0.080763,0.08,2479.66,ETH-6SEP26,0.5705,-0.99999,5e-05,0.0,0.0,0.007000000000000006,ETH,2480.95,0.0
2026-09-05T22:48:01.094055+00:00,ETH-25SEP26-1950-C,2485.18,ETH-25SEP26,call,1950.0,2026-09-25T08:00:00+00:00,0.05306863975539965,0.216,0.22,0.217363,0.218,2485.18,ETH-25SEP26,0.6031,0.96546,0.43782,3696.0,0.0,0.0040000000000000036,ETH,2480.95,0.0
2026-09-05T22:48:01.094055+00:00,ETH-9SEP26-2380-C,2480.16,ETH-9SEP26,call,2380.0,2026-09-09T08:00:00+00:00,0.00926302716128603,0.0415,0.0465,0.042959,0.044,2480.16,ETH-9SEP26,0.39159999999999995,0.869,0.50774,0.0,0.0,0.0049999999999999975,ETH,2480.95,0.0
2026-09-05T22:48:01.094055+00:00,ETH-27NOV26-1600-C,2497.43,ETH-27NOV26,call,1600.0,2026-11-27T08:00:00+00:00,0.22555323934472205,0.3655,0.3685,0.366393,0.367,2497.43,ETH-27NOV26,0.6274000000000001,0.94997,1.22474,0.0,0.0,0.0030000000000000027,ETH,2480.95,0.0
2026-09-05T22:48:01.094055+00:00,ETH-26MAR27-1600-P,2529.79,ETH-26MAR27,put,1600.0,2027-03-26T08:00:00+00:00,0.5513574830134421,0.027,0.029,0.028023,0.028,2529.79,ETH-26MAR27,0.6035,-0.10619,3.44627,1520.0,0.0,0.0020000000000000018,ETH,2480.95,0.0
2026-09-05T22:48:01.094055+00:00,ETH-8SEP26-2520-C,2480.23,ETH-8SEP26,call,2520.0,2026-09-08T08:00:00+00:00,0.006525176374153928,0.0045,0.005,0.004798,0.00475,2480.23,ETH-8SEP26,0.33880000000000005,0.2906,0.68648,959.0,989.0,0.0005000000000000004,ETH,2480.95,6077.02
2026-09-05T22:48:01.094055+00:00,ETH-25JUN27-3800-C,2558.44,ETH-25JUN27,call,3800.0,2027-06-25T08:00:00+00:00,0.8005019046424633,0.074,0.077,0.075191,0.0755,2558.44,ETH-25JUN27,0.5656,0.29892,7.95124,436.0,0.0,0.0030000000000000027,ETH,2480.95,0.0
2026-09-05T22:48:01.094055+00:00,ETH-27NOV26-2800-C,2497.43,ETH-27NOV26,call,2800.0,2026-11-27T08:00:00+00:00,0.22555323934472205,0.055,0.0565,0.055769,0.05575,2497.43,ETH-27NOV26,0.5265,0.37047,4.48339,237.0,0.0,0.0015000000000000013,ETH,2480.94,0.0
2026-09-05T22:48:01.094055+00:00,ETH-30OCT26-1500-C,2490.3,ETH-30OCT26,call,1500.0,2026-10-30T08:00:00+00:00,0.1488934173050232,0.399,0.4025,0.399783,0.40075,2490.3,ETH-30OCT26,0.6829999999999999,0.98014,0.46288,50.0,0.0,0.003500000000000003,ETH,2480.95,0.0
2026-09-05T22:48:01.094055+00:00,ETH-25DEC26-2500-C,2503.92,ETH-25DEC26,call,2500.0,2026-12-25T08:00:00+00:00,0.30221306138442083,0.114,0.1165,0.115062,0.11525,2503.92,ETH-25DEC26,0.5231,0.55991,5.43345,28619.0,29.0,0.0025000000000000022,ETH,2480.94,7914.56
2026-09-05T22:48:01.094055+00:00,ETH-30OCT26-2800-C,2490.32,ETH-30OCT26,call,2800.0,2026-10-30T08:00:00+00:00,0.1488934173050232,0.036,0.0375,0.036846,0.03675,2490.32,ETH-30OCT26,0.5207,0.31528,3.41717,4041.0,50.0,0.0015000000000000013,ETH,2480.94,4288.89
2026-09-05T22:48:01.094055+00:00,ETH-26MAR27-2400-P,2529.79,ETH-26MAR27,put,2400.0,2027-03-26T08:00:00+00:00,0.5513574830134421,0.13,0.1335,0.131951,0.13175,2529.79,ETH-26MAR27,0.5451,-0.36938,7.09377,523.0,0.0,0.003500000000000003,ETH,2480.94,0.0
2026-09-05T22:48:01.094055+00:00,ETH-7SEP26-2750-C,2480.01,ETH-7SEP26,call,2750.0,2026-09-07T08:00:00+00:00,0.003787325587021827,,0.0001,3.6e-05,,2480.01,ETH-7SEP26,0.6108,0.00324,0.01496,25.0,0.0,,ETH,2480.94,0.0
2026-09-05T22:48:01.094055+00:00,ETH-7SEP26-2240-P,2480.01,ETH-7SEP26,put,2240.0,2026-09-07T08:00:00+00:00,0.003787325587021827,,0.0001,2.2e-05,,2480.01,ETH-7SEP26,0.5814,-0.00202,0.00974,87.0,0.0,,ETH,2480.94,0.0
2026-09-05T22:48:01.094055+00:00,ETH-7SEP26-2660-P,2480.01,ETH-7SEP26,put,2660.0,2026-09-07T08:00:00+00:00,0.003787325587021827,0.069,0.0755,0.072798,0.07225,2480.01,ETH-7SEP26,0.5448,-0.98049,0.07232,0.0,0.0,0.006499999999999992,ETH,2480.94,0.0
2026-09-05T22:48:01.094055+00:00,ETH-27NOV26-2350-P,2497.43,ETH-27NOV26,put,2350.0,2026-11-27T08:00:00+00:00,0.22555323934472205,0.0685,0.0695,0.068921,0.069,2497.43,ETH-27NOV26,0.521,-0.35526,4.42004,150.0,1.0,0.0010000000000000009,ETH,2480.94,176.94
2026-09-05T22:48:01.094055+00:00,ETH-25DEC26-6000-P,2503.92,ETH-25DEC26,put,6000.0,2026-12-25T08:00:00+00:00,0.30221306138442083,1.381,1.411,1.398401,1.396,2503.92,ETH-25DEC26,0.6931999999999999,-0.98217,0.60499,0.0,0.0,0.030000000000000027,ETH,2480.94,0.0
2026-09-05T22:48:01.094055+00:00,ETH-26MAR27-1700-C,2529.79,ETH-26MAR27,call,1700.0,2027-03-26T08:00:00+00:00,0.5513574830134421,0.361,0.3655,0.363015,0.36325,2529.79,ETH-26MAR27,0.5893,0.87031,3.97011,1256.0,0.0,0.004500000000000004,ETH,2480.94,0.0
2026-09-05T22:48:01.094055+00:00,ETH-25JUN27-1000-P,2558.44,ETH-25JUN27,put,1000.0,2027-06-25T08:00:00+00:00,0.8005019046424633,0.0105,0.012,0.011211,0.01125,2558.44,ETH-25JUN27,0.7017,-0.03513,1.77523,4810.0,0.0,0.0014999999999999996,ETH,2480.94,0.0
2026-09-05T22:48:01.094055+00:00,ETH-8SEP26-2700-C,2480.23,ETH-8SEP26,call,2700.0,2026-09-08T08:00:00+00:00,0.006525176374153928,0.0003,0.0006,0.000404,0.00045,2480.23,ETH-8SEP26,0.5316,0.02592,0.12069,7.0,7.0,0.0003,ETH,2480.94,5.68
2026-09-05T22:48:01.094055+00:00,ETH-27NOV26-2400-P,2497.43,ETH-27NOV26,put,2400.0,2026-11-27T08:00:00+00:00,0.22555323934472205,0.0775,0.079,0.07808,0.07825,2497.43,ETH-27NOV26,0.5197999999999999,-0.38736,4.54519,270.0,0.0,0.0015000000000000013,ETH,2480.94,0.0
2026-09-05T22:48:01.094055+00:00,ETH-25SEP26-2000-P,2485.16,ETH-25SEP26,put,2000.0,2026-09-25T08:00:00+00:00,0.05306863975539965,0.0024,0.0029,0.002669,0.00265,2485.16,ETH-25SEP26,0.5821000000000001,-0.04558,0.54859,21043.0,26.0,0.0005,ETH,2480.94,167.25
2026-09-05T22:48:01.094055+00:00,ETH-6SEP26-2420-C,2479.66,ETH-6SEP26,call,2420.0,2026-09-06T08:00:00+00:00,0.0010494747998897253,0.0215,0.0275,0.024232,0.0245,2479.66,ETH-6SEP26,0.39899999999999997,0.97311,0.04972,271.0,0.0,0.006000000000000002,ETH,2480.94,0.0
2026-09-05T22:48:01.094055+00:00,ETH-9SEP26-2460-C,2480.16,ETH-9SEP26,call,2460.0,2026-09-09T08:00:00+00:00,0.00926302716128603,0.017,0.0205,0.018137,0.01875,2480.16,ETH-9SEP26,0.358,0.60448,0.91962,0.0,0.0,0.0034999999999999996,ETH,2480.94,0.0
2026-09-05T22:48:01.094055+00:00,ETH-30OCT26-2550-P,2490.3,ETH-30OCT26,put,2550.0,2026-10-30T08:00:00+00:00,0.1488934173050232,0.0895,0.0925,0.09171,0.091,2490.3,ETH-30OCT26,0.5088,-0.50822,3.83531,725.0,0.0,0.0030000000000000027,ETH,2480.94,0.0
2026-09-05T22:48:01.094055+00:00,ETH-25DEC26-1400-P,2503.92,ETH-25DEC26,put,1400.0,2026-12-25T08:00:00+00:00,0.30221306138442083,0.006,0.007,0.006519,0.0065,2503.92,ETH-25DEC26,0.6668999999999999,-0.03838,1.14777,13611.0,0.0,0.001,ETH,2480.94,0.0
2026-09-05T22:48:01.094055+00:00,ETH-7SEP26-2560-C,2480.01,ETH-7SEP26,call,2560.0,2026-09-07T08:00:00+00:00,0.003787325587021827,0.0009,0.0012,0.001018,0.00105,2480.01,ETH-7SEP26,0.3862,0.09605,0.25991,287.0,131.0,0.0002999999999999999,ETH,2480.94,210.68
2026-09-05T22:48:01.094055+00:00,ETH-30OCT26-2000-C,2490.3,ETH-30OCT26,call,2000.0,2026-10-30T08:00:00+00:00,0.1488934173050232,0.21,0.214,0.211171,0.212,2490.3,ETH-30OCT26,0.5432,0.87529,1.97619,753.0,0.0,0.0040000000000000036,ETH,2480.94,0.0
2026-09-05T22:48:01.094055+00:00,ETH-7SEP26-2500-P,2480.03,ETH-7SEP26,put,2500.0,2026-09-07T08:00:00+00:00,0.003787325587021827,0.0115,0.013,0.012426,0.01225,2480.03,ETH-7SEP26,0.31420000000000003,-0.65029,0.56484,408.0,2.0,0.0014999999999999996,ETH,2480.94,95.86
2026-09-05T22:48:01.094055+00:00,ETH-25SEP26-1800-P,2485.18,ETH-25SEP26,put,1800.0,2026-09-25T08:00:00+00:00,0.05306863975539965,0.0008,0.0012,0.001,0.001,2485.18,ETH-25SEP26,0.6838,-0.01664,0.23712,12901.0,1.0,0.00039999999999999986,ETH,2480.94,2.48
2026-09-05T22:48:01.094055+00:00,ETH-27NOV26-2700-P,2497.41,ETH-27NOV26,put,2700.0,2026-11-27T08:00:00+00:00,0.22555323934472205,0.1455,0.1495,0.148408,0.1475,2497.41,ETH-27NOV26,0.5229,-0.57464,4.6521,94.0,0.0,0.0040000000000000036,ETH,2480.94,0.0
2026-09-05T22:48:01.094055+00:00,ETH-25DEC26-9000-P,2503.92,ETH-25DEC26,put,9000.0,2026-12-25T08:00:00+00:00,0.30221306138442083,2.5635,2.618,2.594725,2.59075,2503.92,ETH-25DEC26,0.7928000000000001,-0.99669,0.13767,0.0,0.0,0.05449999999999999,ETH,2480.94,0.0
2026-09-05T22:48:01.094055+00:00,ETH-7SEP26-2600-P,2480.01,ETH-7SEP26,put,2600.0,2026-09-07T08:00:00+00:00,0.003787325587021827,0.045,0.052,0.048881,0.0485,2480.01,ETH-7SEP26,0.44939999999999997,-0.95325,0.14909,5.0,0.0,0.006999999999999999,ETH,2480.94,0.0
2026-09-05T22:48:01.094055+00:00,ETH-25JUN27-3600-C,2558.44,ETH-25JUN27,call,3600.0,2027-06-25T08:00:00+00:00,0.8005019046424633,0.086,0.089,0.087009,0.0875,2558.44,ETH-25JUN27,0.5627,0.33528,8.34774,205.0,0.0,0.0030000000000000027,ETH,2480.94,0.0
2026-09-05T22:48:01.094055+00:00,ETH-25JUN27-4800-C,2558.44,ETH-25JUN27,call,4800.0,2027-06-25T08:00:00+00:00,0.8005019046424633,0.038,0.0405,0.038936,0.03925,2558.44,ETH-25JUN27,0.584,0.1732,5.86599,142.0,0.0,0.0025000000000000022,ETH,2480.94,0.0
2026-09-05T22:48:01.094055+00:00,ETH-6SEP26-2150-P,2479.62,ETH-6SEP26,put,2150.0,2026-09-06T08:00:00+00:00,0.0010494747998897253,,0.0001,0.0,,2479.62,ETH-6SEP26,0.8066,0.0,0.0,400.0,0.0,,ETH,2480.94,0.0
2026-09-05T22:48:01.094055+00:00,ETH-25JUN27-4000-P,2558.44,ETH-25JUN27,put,4000.0,2027-06-25T08:00:00+00:00,0.8005019046424633,0.61,0.6425,0.628847,0.62625,2558.44,ETH-25JUN27,0.5693,-0.73285,7.53348,2.0,0.0,0.03249999999999997,ETH,2480.94,0.0
2026-09-05T22:48:01.094055+00:00,ETH-25DEC26-4600-C,2503.92,ETH-25DEC26,call,4600.0,2026-12-25T08:00:00+00:00,0.30221306138442083,0.006,0.007,0.006502,0.0065,2503.92,ETH-25DEC26,0.615,0.05176,1.46034,11164.0,0.0,0.001,ETH,2480.94,0.0
2026-09-05T22:48:01.094055+00:00,ETH-8SEP26-2360-C,2480.26,ETH-8SEP26,call,2360.0,2026-09-08T08:00:00+00:00,0.006525176374153928,0.0465,0.0525,0.04938,0.0495,2480.26,ETH-8SEP26,0.4023,0.94031,0.23772,0.0,0.0,0.005999999999999998,ETH,2480.94,0.0
2026-09-05T22:48:01.094055+00:00,ETH-25DEC26-10000-P,2503.92,ETH-25DEC26,put,10000.0,2026-12-25T08:00:00+00:00,0.30221306138442083,2.957,3.0205,2.993951,2.98875,2503.92,ETH-25DEC26,0.8154,-0.9979,0.09127,0.0,0.0,0.06350000000000033,ETH,2480.94,0.0
2026-09-05T22:48:01.094055+00:00,ETH-7SEP26-2220-C,2480.01,ETH-7SEP26,call,2220.0,2026-09-07T08:00:00+00:00,0.003787325587021827,0.104,0.1075,0.104852,0.10575,2480.01,ETH-7SEP26,0.5857,0.99904,0.00493,138.0,0.0,0.003500000000000003,ETH,2480.94,0.0
2026-09-05T22:48:01.094055+00:00,ETH-26MAR27-3200-P,2529.79,ETH-26MAR27,put,3200.0,2027-03-26T08:00:00+00:00,0.5513574830134421,0.3305,0.3535,0.344827,0.342,2529.79,ETH-26MAR27,0.5506,-0.64395,7.00577,20.0,0.0,0.022999999999999965,ETH,2480.94,0.0
2026-09-05T22:48:01.094055+00:00,ETH-26MAR27-2600-C,2529.79,ETH-26MAR27,call,2600.0,2027-03-26T08:00:00+00:00,0.5513574830134421,0.1475,0.151,0.148615,0.14925,2529.79,ETH-26MAR27,0.5432,0.55365,7.43152,3223.0,0.0,0.003500000000000003,ETH,2480.94,0.0
2026-09-05T22:48:01.094055+00:00,ETH-25SEP26-2500-C,2485.16,ETH-25SEP26,call,2500.0,2026-09-25T08:00:00+00:00,0.05306863975539965,0.041,0.042,0.04159,0.0415,2485.16,ETH-25SEP26,0.4829,0.50217,2.28532,22890.0,143.0,0.0010000000000000009,ETH,2480.94,12905.3
2026-09-05T22:48:01.094055+00:00,ETH-25JUN27-3300-P,2558.44,ETH-25JUN27,put,3300.0,2027-06-25T08:00:00+00:00,0.8005019046424633,0.387,0.408,0.398823,0.3975,2558.44,ETH-25JUN27,0.5587,-0.60186,8.83863,0.0,0.0,0.020999999999999963,ETH,2480.94,0.0
2026-09-05T22:48:01.094055+00:00,ETH-18SEP26-2300-P,2482.8,ETH-18SEP26,put,2300.0,2026-09-18T08:00:00+00:00,0.03390368424547494,0.0085,0.0095,0.009076,0.009,2482.8,ETH-18SEP26,0.4796,-0.18023,1.20123,3541.0,6.0,0.0009999999999999992,ETH,2480.94,152.59
2026-09-05T22:48:01.094055+00:00,ETH-25JUN27-1700-C,2558.47,ETH-25JUN27,call,1700.0,2027-06-25T08:00:00+00:00,0.8005019046424633,0.3855,0.392,0.387892,0.38875,2558.47,ETH-25JUN27,0.5866,0.85124,5.31116,676.0,0.0,0.006500000000000006,ETH,2480.94,0.0
2026-09-05T22:48:01.094055+00:00,ETH-6SEP26-2300-P,2479.66,ETH-6SEP26,put,2300.0,2026-09-06T08:00:00+00:00,0.0010494747998897253,,0.0001,0.0,,2479.66,ETH-6SEP26,0.4875,0.0,0.0,589.0,0.0,,ETH,2480.94,0.0
2026-09-05T22:48:01.094055+00:00,ETH-25SEP26-2360-C,2485.18,ETH-25SEP26,call,2360.0,2026-09-25T08:00:00+00:00,0.05306863975539965,0.0715,0.0755,0.07317,0.0735,2485.18,ETH-25SEP26,0.48479999999999995,0.699,1.99477,240.0,96.0,0.0040000000000000036,ETH,2480.94,17374.16
2026-09-05T22:48:01.094055+00:00,ETH-25SEP26-2600-P,2485.18,ETH-25SEP26,put,2600.0,2026-09-25T08:00:00+00:00,0.05306863975539965,0.07,0.074,0.07276,0.072,2485.18,ETH-25SEP26,0.48960000000000004,-0.63336,2.15645,9379.0,0.0,0.00399999999999999,ETH,2480.94,0.0
2026-09-05T22:48:01.094055+00:00,ETH-27NOV26-2450-C,2497.41,ETH-27NOV26,call,2450.0,2026-11-27T08:00:00+00:00,0.22555323934472205,0.106,0.108,0.106991,0.107,2497.41,ETH-27NOV26,0.519,0.58029,4.63896,132.0,0.0,0.0020000000000000018,ETH,2480.94,0.0
2026-09-05T22:48:01.094055+00:00,ETH-9SEP26-2480-P,2480.16,ETH-9SEP26,put,2480.0,2026-09-09T08:00:00+00:00,0.00926302716128603,0.013,0.0145,0.013815,0.01375,2480.16,ETH-9SEP26,0.3607,-0.48812,0.95205,0.0,0.0,0.0015000000000000013,ETH,2480.94,0.0
2026-09-05T22:48:01.094055+00:00,ETH-7SEP26-2700-C,2480.01,ETH-7SEP26,call,2700.0,2026-09-07T08:00:00+00:00,0.003787325587021827,0.0001,0.0002,0.000135,0.00015,2480.01,ETH-7SEP26,0.5971,0.01117,0.04477,221.0,129.0,0.0001,ETH,2480.94,63.99
2026-09-05T22:48:01.094055+00:00,ETH-11SEP26-2600-C,2480.66,ETH-11SEP26,call,2600.0,2026-09-11T08:00:00+00:00,0.014738728735550231,0.0055,0.0065,0.005802,0.006,2480.66,ETH-11SEP26,0.44299999999999995,0.20083,0.84556,2424.0,209.0,0.001,ETH,2480.94,1867.78
2026-09-05T22:48:01.094055+00:00,ETH-30OCT26-3800-C,2490.32,ETH-30OCT26,call,3800.0,2026-10-30T08:00:00+00:00,0.1488934173050232,0.0044,0.0049,0.004696,0.00465,2490.32,ETH-30OCT26,0.6231,0.05094,1.00649,814.0,164.0,0.0004999999999999996,ETH,2480.94,1608.47
2026-09-05T22:48:01.094055+00:00,ETH-6SEP26-2340-C,2479.62,ETH-6SEP26,call,2340.0,2026-09-06T08:00:00+00:00,0.0010494747998897253,0.054,0.06,0.056349,0.057,2479.62,ETH-6SEP26,0.4263,0.99999,4e-05,0.0,0.0,0.005999999999999998,ETH,2480.94,0.0
2026-09-05T22:48:01.094055+00:00,ETH-25DEC26-8000-C,2503.94,ETH-25DEC26,call,8000.0,2026-12-25T08:00:00+00:00,0.30221306138442083,0.0004,0.0009,0.000666,0.00065,2503.94,ETH-25DEC26,0.768,0.00553,0.21771,2942.0,0.0,0.0005,ETH,2480.94,0.0
2026-09-05T22:48:01.094055+00:00,ETH-25SEP26-2420-P,2485.18,ETH-25SEP26,put,2420.0,2026-09-25T08:00:00+00:00,0.05306863975539965,0.0315,0.0325,0.031852,0.032,2485.18,ETH-25SEP26,0.48219999999999996,-0.38286,2.18613,5115.0,21.0,0.0010000000000000009,ETH,2480.94,1881.96
2026-09-05T22:48:01.094055+00:00,ETH-25JUN27-1600-P,2558.44,ETH-25JUN27,put,1600.0,2027-06-25T08:00:00+00:00,0.8005019046424633,0.042,0.0445,0.043081,0.04325,2558.44,ETH-25JUN27,0.5964,-0.12575,4.73484,1978.0,0.0,0.0024999999999999953,ETH,2480.94,0.0
2026-09-05T22:48:01.094055+00:00,ETH-18SEP26-2300-C,2482.83,ETH-18SEP26,call,2300.0,2026-09-18T08:00:00+00:00,0.03390368424547494,0.082,0.086,0.08274,0.084,2482.83,ETH-18SEP26,0.4796,0.81976,1.20127,50.0,0.0,0.00399999999999999,ETH,2480.94,0.0
2026-09-05T22:48:01.094055+00:00,ETH-7SEP26-2460-P,2480.01,ETH-7SEP26,put,2460.0,2026-09-07T08:00:00+00:00,0.003787325587021827,0.0038,0.0044,0.004091,0.0041,2480.01,ETH-7SEP26,0.3044,-0.32234,0.54715,754.0,452.0,0.0006000000000000003,ETH,2480.94,9294.07
2026-09-05T22:48:01.094055+00:00,ETH-25SEP26-2550-C,2485.18,ETH-25SEP26,call,2550.0,2026-09-25T08:00:00+00:00,0.05306863975539965,0.0325,0.034,0.033274,0.03325,2485.18,ETH-25SEP26,0.48479999999999995,0.43195,2.25204,277.0,1.0,0.0015000000000000013,ETH,2480.94,72.45
2026-09-05T22:48:01.094055+00:00,ETH-8SEP26-2100-P,2480.26,ETH-8SEP26,put,2100.0,2026-09-08T08:00:00+00:00,0.006525176374153928,0.0001,0.0002,0.000147,0.00015,2480.26,ETH-8SEP26,0.8419,-0.00642,0.03615,2879.0,364.0,0.0001,ETH,2480.94,252.27
2026-09-05T22:48:01.094055+00:00,ETH-30OCT26-1900-C,2490.3,ETH-30OCT26,call,1900.0,2026-10-30T08:00:00+00:00,0.1488934173050232,0.2455,0.2495,0.246701,0.2475,2490.3,ETH-30OCT26,0.5629,0.91215,1.5337,275.0,0.0,0.0040000000000000036,ETH,2480.94,0.0
2026-09-05T22:48:01.094055+00:00,ETH-8SEP26-2640-P,2480.26,ETH-8SEP26,put,2640.0,2026-09-08T08:00:00+00:00,0.006525176374153928,0.061,0.068,0.06515,0.0645,2480.26,ETH-8SEP26,0.4646,-0.94859,0.21126,0.0,0.0,0.007000000000000006,ETH,2480.94,0.0
2026-09-05T22:48:01.094055+00:00,ETH-25DEC26-3100-P,2503.94,ETH-25DEC26,put,3100.0,2026-12-25T08:00:00+00:00,0.30221306138442083,0.2745,0.2895,0.282948,0.282,2503.94,ETH-25DEC26,0.5372,-0.71698,4.66109,0.0,0.0,0.014999999999999958,ETH,2480.94,0.0
2026-09-05T22:48:01.094055+00:00,ETH-9SEP26-2620-P,2480.16,ETH-9SEP26,put,2620.0,2026-09-09T08:00:00+00:00,0.00926302716128603,0.0545,0.061,0.058193,0.05775,2480.16,ETH-9SEP26,0.4285,-0.90285,0.41024,0.0,0.0,0.006499999999999999,ETH,2480.94,0.0
2026-09-05T22:48:01.094055+00:00,ETH-9SEP26-2480-C,2480.16,ETH-9SEP26,call,2480.0,2026-09-09T08:00:00+00:00,0.00926302716128603,0.0135,0.015,0.013885,0.01425,2480.16,ETH-9SEP26,0.36060000000000003,0.51188,0.95205,0.0,0.0,0.0014999999999999996,ETH,2480.94,0.0
2026-09-05T22:48:01.094055+00:00,ETH-25DEC26-6500-C,2503.94,ETH-25DEC26,call,6500.0,2026-12-25T08:00:00+00:00,0.30221306138442083,0.0013,0.0019,0.001565,0.0016,2503.94,ETH-25DEC26,0.7149,0.01292,0.45859,1846.0,0.0,0.0006000000000000001,ETH,2480.94,0.0
2026-09-05T22:48:01.094055+00:00,ETH-26MAR27-3800-C,2529.79,ETH-26MAR27,call,3800.0,2027-03-26T08:00:00+00:00,0.5513574830134421,0.044,0.046,0.044937,0.045,2529.79,ETH-26MAR27,0.5657,0.22445,5.62992,1401.0,0.0,0.0020000000000000018,ETH,2480.94,0.0
2026-09-05T22:48:01.094055+00:00,ETH-7SEP26-2200-P,2480.01,ETH-7SEP26,put,2200.0,2026-09-07T08:00:00+00:00,0.003787325587021827,,0.0001,5e-06,,2480.01,ETH-7SEP26,0.5921,-0.00045,0.00247,507.0,0.0,,ETH,2480.94,0.0
2026-09-05T22:48:01.094055+00:00,ETH-25SEP26-1500-P,2485.18,ETH-25SEP26,put,1500.0,2026-09-25T08:00:00+00:00,0.05306863975539965,0.0003,0.0005,0.000379,0.0004,2485.18,ETH-25SEP26,0.8959999999999999,-0.00536,0.08814,17057.0,0.0,0.00020000000000000004,ETH,2480.94,0.0
2026-09-05T22:48:01.094055+00:00,ETH-25DEC26-2400-P,2503.94,ETH-25DEC26,put,2400.0,2026-12-25T08:00:00+00:00,0.30221306138442083,0.092,0.0935,0.092602,0.09275,2503.94,ETH-25DEC26,0.5239,-0.38491,5.26521,4310.0,24.0,0.0015000000000000013,ETH,2480.94,5535.85
2026-09-05T22:48:01.094055+00:00,ETH-7SEP26-2300-C,2480.01,ETH-7SEP26,call,2300.0,2026-09-07T08:00:00+00:00,0.003787325587021827,0.0705,0.0765,0.072703,0.0735,2480.01,ETH-7SEP26,0.5297999999999999,0.99038,0.03932,0.0,0.0,0.006000000000000005,ETH,2480.94,0.0
2026-09-05T22:48:01.094055+00:00,ETH-25SEP26-1950-P,2485.16,ETH-25SEP26,put,1950.0,2026-09-25T08:00:00+00:00,0.05306863975539965,0.0017,0.0022,0.002011,0.00195,2485.16,ETH-25SEP26,0.603,-0.03454,0.43784,4380.0,0.0,0.0005000000000000002,ETH,2480.94,0.0
2026-09-05T22:48:01.094055+00:00,ETH-7SEP26-2900-C,2480.01,ETH-7SEP26,call,2900.0,2026-09-07T08:00:00+00:00,0.003787325587021827,,0.0001,1e-06,,2480.01,ETH-7SEP26,0.6943,0.00014,0.00082,100.0,0.0,,ETH,2480.94,0.0
2026-09-05T22:48:01.094055+00:00,ETH-7SEP26-2380-P,2480.01,ETH-7SEP26,put,2380.0,2026-09-07T08:00:00+00:00,0.003787325587021827,0.0003,0.0007,0.000497,0.0005,2480.01,ETH-7SEP26,0.4043,-0.04604,0.14726,412.0,367.0,0.0004,ETH,2480.94,629.88
2026-09-05T22:48:01.094055+00:00,ETH-30OCT26-3200-P,2490.3,ETH-30OCT26,put,3200.0,2026-10-30T08:00:00+00:00,0.1488934173050232,0.292,0.305,0.299421,0.2985,2490.3,ETH-30OCT26,0.5554,-0.85561,2.18546,2.0,0.0,0.013000000000000012,ETH,2480.94,0.0
2026-09-05T22:48:01.094055+00:00,ETH-6SEP26-2240-C,2479.66,ETH-6SEP26,call,2240.0,2026-09-06T08:00:00+00:00,0.0010494747998897253,0.0945,0.0995,0.096676,0.097,2479.66,ETH-6SEP26,0.5787,1.0,0.0,0.0,0.0,0.0050000000000000044,ETH,2480.94,0.0
2026-09-05T22:48:01.094055+00:00,ETH-8SEP26-2380-C,2480.26,ETH-8SEP26,call,2380.0,2026-09-08T08:00:00+00:00,0.006525176374153928,0.0405,0.0445,0.041701,0.0425,2480.26,ETH-8SEP26,0.3807,0.91456,0.31298,0.0,0.0,0.003999999999999997,ETH,2480.94,0.0
2026-09-05T22:48:01.094055+00:00,ETH-7SEP26-2800-C,2480.01,ETH-7SEP26,call,2800.0,2026-09-07T08:00:00+00:00,0.003787325587021827,,0.0001,7e-06,,2480.01,ETH-7SEP26,0.6141,0.00072,0.00381,34.0,0.0,,ETH,2480.94,0.0
2026-09-05T22:48:01.094055+00:00,ETH-30OCT26-1400-P,2490.3,ETH-30OCT26,put,1400.0,2026-10-30T08:00:00+00:00,0.1488934173050232,0.0013,0.0018,0.001556,0.00155,2490.3,ETH-30OCT26,0.7283,-0.01422,0.34786,2801.0,20.0,0.0005,ETH,2480.94,74.56
2026-09-05T22:48:01.094055+00:00,ETH-8SEP26-2560-C,2480.23,ETH-8SEP26,call,2560.0,2026-09-08T08:00:00+00:00,0.006525176374153928,0.0022,0.0025,0.00222,0.00235,2480.23,ETH-8SEP26,0.3679,0.15031,0.46778,124.0,124.0,0.0002999999999999999,ETH,2480.94,436.86
2026-09-05T22:48:01.094055+00:00,ETH-26MAR27-2300-P,2529.79,ETH-26MAR27,put,2300.0,2027-03-26T08:00:00+00:00,0.5513574830134421,0.1105,0.114,0.112407,0.11225,2529.79,ETH-26MAR27,0.5471,-0.33052,6.81202,1688.0,0.0,0.003500000000000003,ETH,2480.94,0.0
2026-09-05T22:48:01.094055+00:00,ETH-26MAR27-1700-P,2529.79,ETH-26MAR27,put,1700.0,2027-03-26T08:00:00+00:00,0.5513574830134421,0.034,0.036,0.034981,0.035,2529.79,ETH-26MAR27,0.5893,-0.12969,3.97019,1637.0,0.0,0.001999999999999995,ETH,2480.94,0.0
2026-09-05T22:48:01.094055+00:00,ETH-27NOV26-3100-P,2497.43,ETH-27NOV26,put,3100.0,2026-11-27T08:00:00+00:00,0.22555323934472205,0.266,0.2785,0.27319,0.27225,2497.43,ETH-27NOV26,0.5417000000000001,-0.76116,3.68009,0.0,0.0,0.012500000000000011,ETH,2480.95,0.0
2026-09-05T22:48:01.094055+00:00,ETH-6SEP26-2400-C,2479.62,ETH-6SEP26,call,2400.0,2026-09-06T08:00:00+00:00,0.0010494747998897253,0.0295,0.0355,0.032188,0.0325,2479.62,ETH-6SEP26,0.41950000000000004,0.9928,0.01599,152.0,0.0,0.005999999999999998,ETH,2480.95,0.0
2026-09-05T22:48:01.094055+00:00,ETH-9SEP26-2400-C,2480.16,ETH-9SEP26,call,2400.0,2026-09-09T08:00:00+00:00,0.00926302716128603,0.0345,0.039,0.03596,0.03675,2480.16,ETH-9SEP26,0.38020000000000004,0.8226,0.62077,0.0,0.0,0.004499999999999997,ETH,2480.95,0.0
2026-09-05T22:48:01.094055+00:00,ETH-25SEP26-12000-C,2485.18,ETH-25SEP26,call,12000.0,2026-09-25T08:00:00+00:00,0.05306863975539965,,0.0001,3e-06,,2485.18,ETH-25SEP26,1.6338,3e-05,0.00079,1953.0,0.0,,ETH,2480.95,0.0
2026-09-05T22:48:01.094055+00:00,ETH-25JUN27-2900-P,2558.44,ETH-25JUN27,put,2900.0,2027-06-25T08:00:00+00:00,0.8005019046424633,0.28,0.285,0.282844,0.2825,2558.44,ETH-25JUN27,0.556,-0.50087,9.13806,284.0,0.0,0.004999999999999949,ETH,2480.95,0.0
2026-09-05T22:48:01.094055+00:00,ETH-6SEP26-2460-P,2479.62,ETH-6SEP26,put,2460.0,2026-09-06T08:00:00+00:00,0.0010494747998897253,0.0007,0.0012,0.000949,0.00095,2479.62,ETH-6SEP26,0.2817,-0.1786,0.20896,834.0,390.0,0.0004999999999999999,ETH,2480.95,1512.12
2026-09-05T22:48:01.094055+00:00,ETH-30OCT26-2150-C,2490.32,ETH-30OCT26,call,2150.0,2026-10-30T08:00:00+00:00,0.1488934173050232,0.161,0.1645,0.161941,0.16275,2490.32,ETH-30OCT26,0.5212,0.79741,2.71283,1035.0,0.0,0.003500000000000003,ETH,2480.95,0.0
2026-09-05T22:48:01.094055+00:00,ETH-25JUN27-4800-P,2558.44,ETH-25JUN27,put,4800.0,2027-06-25T08:00:00+00:00,0.8005019046424633,0.891,0.932,0.915058,0.9115,2558.44,ETH-25JUN27,0.584,-0.82679,5.86617,0.0,0.0,0.041000000000000036,ETH,2480.95,0.0
2026-09-05T22:48:01.094055+00:00,ETH-25SEP26-2350-C,2485.18,ETH-25SEP26,call,2350.0,2026-09-25T08:00:00+00:00,0.05306863975539965,0.074,0.078,0.075968,0.076,2485.18,ETH-25SEP26,0.4864,0.71172,1.95542,0.0,0.0,0.0040000000000000036,ETH,2480.95,0.0
2026-09-05T22:48:01.094055+00:00,ETH-26MAR27-4200-P,2529.79,ETH-26MAR27,put,4200.0,2027-03-26T08:00:00+00:00,0.5513574830134421,0.676,0.7025,0.691812,0.68925,2529.79,ETH-26MAR27,0.5772999999999999,-0.83324,4.69841,1.0,0.0,0.026499999999999968,ETH,2480.95,0.0
2026-09-05T22:48:01.094055+00:00,ETH-8SEP26-2380-P,2480.23,ETH-8SEP26,put,2380.0,2026-09-08T08:00:00+00:00,0.006525176374153928,0.0011,0.0014,0.001254,0.00125,2480.23,ETH-8SEP26,0.3807,-0.08546,0.31304,57.0,45.0,0.0002999999999999999,ETH,2480.95,208.76
2026-09-05T22:48:01.094055+00:00,ETH-25SEP26-5800-C,2485.18,ETH-25SEP26,call,5800.0,2026-09-25T08:00:00+00:00,0.05306863975539965,,0.0001,1e-05,,2485.18,ETH-25SEP26,0.9994,0.00018,0.00399,5889.0,0.0,,ETH,2480.95,0.0
2026-09-05T22:48:01.094055+00:00,ETH-25DEC26-1900-C,2503.92,ETH-25DEC26,call,1900.0,2026-12-25T08:00:00+00:00,0.30221306138442083,0.266,0.2715,0.268236,0.26875,2503.92,ETH-25DEC26,0.5609000000000001,0.85317,3.16625,3837.0,0.0,0.005500000000000005,ETH,2480.95,0.0
2026-09-05T22:48:01.094055+00:00,ETH-11SEP26-2250-P,2480.64,ETH-11SEP26,put,2250.0,2026-09-11T08:00:00+00:00,0.014738728735550231,0.0011,0.0014,0.001273,0.00125,2480.64,ETH-11SEP26,0.4963,-0.04886,0.30506,5638.0,0.0,0.0002999999999999999,ETH,2480.95,0.0
2026-09-05T22:48:01.094055+00:00,ETH-30OCT26-2450-C,2490.3,ETH-30OCT26,call,2450.0,2026-10-30T08:00:00+00:00,0.1488934173050232,0.085,0.0865,0.085419,0.08575,2490.3,ETH-30OCT26,0.5053,0.5726,3.77239,420.0,1.0,0.0014999999999999875,ETH,2480.95,197.78
2026-09-05T22:48:01.094055+00:00,ETH-11SEP26-2800-P,2480.66,ETH-11SEP26,put,2800.0,2026-09-11T08:00:00+00:00,0.014738728735550231,0.126,0.133,0.129825,0.1295,2480.66,ETH-11SEP26,0.5611,-0.95873,0.2663,67.0,0.0,0.007000000000000006,ETH,2480.95,0.0
2026-09-05T22:48:01.094055+00:00,ETH-26MAR27-1000-P,2529.79,ETH-26MAR27,put,1000.0,2027-03-26T08:00:00+00:00,0.5513574830134421,0.0055,0.007,0.006257,0.00625,2529.79,ETH-26MAR27,0.7386,-0.0246,1.08377,7311.0,1.0,0.0015000000000000005,ETH,2480.95,14.76
2026-09-05T22:48:01.094055+00:00,ETH-25JUN27-3500-P,2558.44,ETH-25JUN27,put,3500.0,2027-06-25T08:00:00+00:00,0.8005019046424633,0.445,0.473,0.461642,0.459,2558.44,ETH-25JUN27,0.5611,-0.64509,8.52694,323.0,0.0,0.02799999999999997,ETH,2480.95,0.0
2026-09-05T22:48:01.094055+00:00,ETH-7SEP26-2240-C,2480.01,ETH-7SEP26,call,2240.0,2026-09-07T08:00:00+00:00,0.003787325587021827,0.096,0.0995,0.0968,0.09775,2480.01,ETH-7SEP26,0.5814,0.99798,0.00975,0.0,0.0,0.003500000000000003,ETH,2480.95,0.0
2026-09-05T22:48:01.094055+00:00,ETH-11SEP26-2200-P,2480.64,ETH-11SEP26,put,2200.0,2026-09-11T08:00:00+00:00,0.014738728735550231,0.0007,0.001,0.000853,0.00085,2480.64,ETH-11SEP26,0.5445,-0.03175,0.21482,10278.0,10.0,0.00030000000000000003,ETH,2480.95,27.51
2026-09-05T22:48:01.094055+00:00,ETH-30OCT26-1750-C,2490.32,ETH-30OCT26,call,1750.0,2026-10-30T08:00:00+00:00,0.1488934173050232,0.302,0.305,0.302814,0.3035,2490.32,ETH-30OCT26,0.6041,0.94859,1.01393,102.0,0.0,0.0030000000000000027,ETH,2480.95,0.0
2026-09-05T22:48:01.094055+00:00,ETH-8SEP26-2800-P,2480.26,ETH-8SEP26,put,2800.0,2026-09-08T08:00:00+00:00,0.006525176374153928,0.1245,0.132,0.129108,0.12825,2480.26,ETH-8SEP26,0.6609999999999999,-0.9874,0.06526,0.0,0.0,0.007500000000000007,ETH,2480.95,0.0
2026-09-05T22:48:01.094055+00:00,ETH-25SEP26-2850-C,2485.18,ETH-25SEP26,call,2850.0,2026-09-25T08:00:00+00:00,0.05306863975539965,0.0085,0.0095,0.008815,0.009,2485.18,ETH-25SEP26,0.5343,0.14752,1.32086,275.0,0.0,0.0009999999999999992,ETH,2480.95,0.0
2026-09-05T22:48:01.094055+00:00,ETH-9SEP26-2600-C,2480.16,ETH-9SEP26,call,2600.0,2026-09-09T08:00:00+00:00,0.00926302716128603,0.0023,0.0026,0.002325,0.00245,2480.16,ETH-9SEP26,0.41200000000000003,0.12325,0.48664,63.0,63.0,0.0002999999999999999,ETH,2480.95,194.69
2026-09-05T22:48:01.094055+00:00,ETH-30OCT26-1750-P,2490.3,ETH-30OCT26,put,1750.0,2026-10-30T08:00:00+00:00,0.1488934173050232,0.005,0.006,0.005535,0.0055,2490.3,ETH-30OCT26,0.6041,-0.05141,1.01391,779.0,0.0,0.001,ETH,2480.95,0.0
2026-09-05T22:48:01.094055+00:00,ETH-8SEP26-2420-C,2480.26,ETH-8SEP26,call,2420.0,2026-09-08T08:00:00+00:00,0.006525176374153928,0.0255,0.03,0.027146,0.02775,2480.26,ETH-8SEP26,0.34380000000000005,0.81931,0.52699,0.0,0.0,0.0045000000000000005,ETH,2480.97,0.0
2026-09-05T22:48:01.094055+00:00,ETH-9SEP26-2340-C,2480.16,ETH-9SEP26,call,2340.0,2026-09-09T08:00:00+00:00,0.00926302716128603,0.057,0.0615,0.057915,0.05925,2480.16,ETH-9SEP26,0.4254,0.92644,0.33299,0.0,0.0,0.004499999999999997,ETH,2480.97,0.0
2026-09-05T22:48:01.094055+00:00,ETH-9SEP26-2650-C,2480.16,ETH-9SEP26,call,2650.0,2026-09-09T08:00:00+00:00,0.00926302716128603,0.0012,0.0015,0.001308,0.00135,2480.16,ETH-9SEP26,0.45649999999999996,0.07013,0.32101,10.0,10.0,0.00030000000000000014,ETH,2480.97,27.72
2026-09-05T22:48:01.094055+00:00,ETH-6SEP26-2700-P,2479.62,ETH-6SEP26,put,2700.0,2026-09-06T08:00:00+00:00,0.0010494747998897253,0.0855,0.0915,0.088828,0.0885,2479.62,ETH-6SEP26,0.5735,-1.0,1e-05,0.0,0.0,0.0059999999999999915,ETH,2480.97,0.0
2026-09-05T22:48:01.094055+00:00,ETH-6SEP26-2800-C,2479.62,ETH-6SEP26,call,2800.0,2026-09-06T08:00:00+00:00,0.0010494747998897253,,0.0001,0.0,,2479.62,ETH-6SEP26,0.703,0.0,0.0,119.0,0.0,,ETH,2480.97,0.0
2026-09-05T22:48:01.094055+00:00,ETH-25JUN27-3400-C,2558.44,ETH-25JUN27,call,3400.0,2027-06-25T08:00:00+00:00,0.8005019046424633,0.1,0.103,0.101009,0.1015,2558.44,ETH-25JUN27,0.5599000000000001,0.37601,8.69315,481.0,0.0,0.002999999999999989,ETH,2480.97,0.0
2026-09-05T22:48:01.094055+00:00,ETH-6SEP26-2100-C,2479.62,ETH-6SEP26,call,2100.0,2026-09-06T08:00:00+00:00,0.0010494747998897253,0.1525,0.156,0.153134,0.15425,2479.62,ETH-6SEP26,0.9342,1.0,0.0,0.0,0.0,0.003500000000000003,ETH,2480.97,0.0
2026-09-05T22:48:01.094055+00:00,ETH-26MAR27-2800-P,2529.82,ETH-26MAR27,put,2800.0,2027-03-26T08:00:00+00:00,0.5513574830134421,0.225,0.2305,0.227313,0.22775,2529.82,ETH-26MAR27,0.5442,-0.51907,7.49082,15.0,0.0,0.005500000000000005,ETH,2480.97,0.0
2026-09-05T22:48:01.094055+00:00,ETH-6SEP26-2650-P,2479.66,ETH-6SEP26,put,2650.0,2026-09-06T08:00:00+00:00,0.0010494747998897253,0.0645,0.0715,0.068665,0.068,2479.66,ETH-6SEP26,0.5704,-0.99983,0.00052,0.0,0.0,0.006999999999999992,ETH,2480.97,0.0
2026-09-05T22:48:01.094055+00:00,ETH-25DEC26-2400-C,2503.92,ETH-25DEC26,call,2400.0,2026-12-25T08:00:00+00:00,0.30221306138442083,0.132,0.139,0.134113,0.1355,2503.92,ETH-25DEC26,0.5239,0.61511,5.26521,12436.0,0.0,0.007000000000000006,ETH,2480.97,0.0
2026-09-05T22:48:01.094055+00:00,ETH-25DEC26-1700-P,2503.94,ETH-25DEC26,put,1700.0,2026-12-25T08:00:00+00:00,0.30221306138442083,0.015,0.016,0.015368,0.0155,2503.94,ETH-25DEC26,0.5934,-0.0884,2.20738,13364.0,1.0,0.0010000000000000009,ETH,2480.97,38.03
2026-09-05T22:48:01.094055+00:00,ETH-25SEP26-8500-P,2485.18,ETH-25SEP26,put,8500.0,2026-09-25T08:00:00+00:00,0.05306863975539965,2.403,2.433,2.420264,2.418,2485.18,ETH-25SEP26,1.3075,-0.99996,0.00101,0.0,0.0,0.029999999999999805,ETH,2480.97,0.0
2026-09-05T22:48:01.094055+00:00,ETH-18SEP26-3200-P,2482.83,ETH-18SEP26,put,3200.0,2026-09-18T08:00:00+00:00,0.03390368424547494,0.2855,0.294,0.289975,0.28975,2482.83,ETH-18SEP26,0.6833,-0.97438,0.27292,0.0,0.0,0.008500000000000008,ETH,2481.05,0.0
2026-09-05T22:48:01.094055+00:00,ETH-6SEP26-2550-P,2479.62,ETH-6SEP26,put,2550.0,2026-09-06T08:00:00+00:00,0.0010494747998897253,0.025,0.0315,0.028587,0.02825,2479.62,ETH-6SEP26,0.4894,-0.95777,0.07207,0.0,0.0,0.006499999999999999,ETH,2481.05,0.0
2026-09-05T22:48:01.094055+00:00,ETH-30OCT26-1500-P,2490.3,ETH-30OCT26,put,1500.0,2026-10-30T08:00:00+00:00,0.1488934173050232,0.0019,0.0023,0.002115,0.0021,2490.3,ETH-30OCT26,0.6829999999999999,-0.01986,0.46277,2662.0,0.0,0.00039999999999999996,ETH,2481.05,0.0
2026-09-05T22:48:01.094055+00:00,ETH-6SEP26-2260-C,2479.62,ETH-6SEP26,call,2260.0,2026-09-06T08:00:00+00:00,0.0010494747998897253,0.086,0.0915,0.08861,0.08875,2479.62,ETH-6SEP26,0.5772999999999999,1.0,0.0,0.0,0.0,0.005500000000000005,ETH,2481.05,0.0
2026-09-05T22:48:01.094055+00:00,ETH-11SEP26-2900-P,2480.64,ETH-11SEP26,put,2900.0,2026-09-11T08:00:00+00:00,0.014738728735550231,0.165,0.1725,0.169651,0.16875,2480.64,ETH-11SEP26,0.627,-0.97757,0.16076,0.0,0.0,0.007499999999999979,ETH,2481.14,0.0
2026-09-05T22:48:01.094055+00:00,ETH-7SEP26-2380-C,2480.01,ETH-7SEP26,call,2380.0,2026-09-07T08:00:00+00:00,0.003787325587021827,0.038,0.044,0.040831,0.041,2480.01,ETH-7SEP26,0.4043,0.95428,0.14647,61.0,11.0,0.005999999999999998,ETH,2481.14,892.02
2026-09-05T22:48:01.094055+00:00,ETH-27NOV26-2300-C,2497.43,ETH-27NOV26,call,2300.0,2026-11-27T08:00:00+00:00,0.22555323934472205,0.138,0.142,0.139575,0.14,2497.43,ETH-27NOV26,0.5226,0.67635,4.26483,50.0,0.0,0.003999999999999976,ETH,2481.14,0.0
2026-09-05T22:48:01.094055+00:00,ETH-25SEP26-2850-P,2485.18,ETH-25SEP26,put,2850.0,2026-09-25T08:00:00+00:00,0.05306863975539965,0.1515,0.1595,0.155609,0.1555,2485.18,ETH-25SEP26,0.5343,-0.85245,1.32105,0.0,0.0,0.008000000000000007,ETH,2481.05,0.0
2026-09-05T22:48:01.094055+00:00,ETH-25SEP26-2400-C,2485.18,ETH-25SEP26,call,2400.0,2026-09-25T08:00:00+00:00,0.05306863975539965,0.062,0.065,0.062875,0.0635,2485.18,ETH-25SEP26,0.4829,0.64532,2.13211,15750.0,31.0,0.0030000000000000027,ETH,2481.14,4416.97
2026-09-05T22:48:01.094055+00:00,ETH-11SEP26-2000-C,2480.64,ETH-11SEP26,call,2000.0,2026-09-11T08:00:00+00:00,0.014738728735550231,0.193,0.1965,0.193961,0.19475,2480.64,ETH-11SEP26,0.7304,0.9934,0.05574,19.0,0.0,0.003500000000000003,ETH,2481.14,0.0
2026-09-05T22:48:01.094055+00:00,ETH-26MAR27-2900-C,2529.82,ETH-26MAR27,call,2900.0,2027-03-26T08:00:00+00:00,0.5513574830134421,0.1075,0.1105,0.108597,0.109,2529.82,ETH-26MAR27,0.5452,0.44689,7.43312,2285.0,0.0,0.0030000000000000027,ETH,2481.14,0.0
2026-09-05T22:48:01.094055+00:00,ETH-25DEC26-6000-C,2503.94,ETH-25DEC26,call,6000.0,2026-12-25T08:00:00+00:00,0.30221306138442083,0.0018,0.0026,0.002178,0.0022,2503.94,ETH-25DEC26,0.6931999999999999,0.01784,0.60515,10852.0,20.0,0.0007999999999999999,ETH,2481.14,109.38
2026-09-05T22:48:01.094055+00:00,ETH-30OCT26-2800-P,2490.3,ETH-30OCT26,put,2800.0,2026-10-30T08:00:00+00:00,0.1488934173050232,0.158,0.163,0.161199,0.1605,2490.3,ETH-30OCT26,0.5207,-0.68458,3.41814,20.0,0.0,0.0050000000000000044,ETH,2481.21,0.0
2026-09-05T22:48:01.094055+00:00,ETH-7SEP26-2640-P,2480.03,ETH-7SEP26,put,2640.0,2026-09-07T08:00:00+00:00,0.003787325587021827,0.0605,0.0675,0.064829,0.064,2480.03,ETH-7SEP26,0.5224,-0.97194,0.09819,0.0,0.0,0.007000000000000006,ETH,2481.21,0.0
2026-09-05T22:48:01.094055+00:00,ETH-25JUN27-2200-P,2558.44,ETH-25JUN27,put,2200.0,2027-06-25T08:00:00+00:00,0.8005019046424633,0.12,0.1235,0.12198,0.12175,2558.44,ETH-25JUN27,0.5598,-0.29025,7.84474,387.0,1.0,0.003500000000000003,ETH,2481.21,309.07
2026-09-05T22:48:01.094055+00:00,ETH-8SEP26-2320-C,2480.23,ETH-8SEP26,call,2320.0,2026-09-08T08:00:00+00:00,0.006525176374153928,0.0625,0.0685,0.065178,0.0655,2480.23,ETH-8SEP26,0.46759999999999996,0.9642,0.15772,0.0,0.0,0.006000000000000005,ETH,2481.21,0.0
2026-09-05T22:48:01.094055+00:00,ETH-7SEP26-2800-P,2480.01,ETH-7SEP26,put,2800.0,2026-09-07T08:00:00+00:00,0.003787325587021827,0.125,0.132,0.129026,0.1285,2480.01,ETH-7SEP26,0.6141,-0.99927,0.00384,0.0,0.0,0.007000000000000006,ETH,2481.18,0.0
2026-09-05T22:48:01.094055+00:00,ETH-11SEP26-2600-P,2480.66,ETH-11SEP26,put,2600.0,2026-09-11T08:00:00+00:00,0.014738728735550231,0.0505,0.0555,0.053911,0.053,2480.66,ETH-11SEP26,0.44299999999999995,-0.79858,0.84714,287.0,0.0,0.0049999999999999975,ETH,2481.18,0.0
2026-09-05T22:48:01.094055+00:00,ETH-18SEP26-3200-C,2482.83,ETH-18SEP26,call,3200.0,2026-09-18T08:00:00+00:00,0.03390368424547494,0.001,0.0014,0.00116,0.0012,2482.83,ETH-18SEP26,0.6833,0.02568,0.27341,3528.0,1.0,0.00039999999999999996,ETH,2481.18,2.22
2026-09-05T22:48:01.094055+00:00,ETH-6SEP26-2520-P,2479.66,ETH-6SEP26,put,2520.0,2026-09-06T08:00:00+00:00,0.0010494747998897253,0.013,0.0195,0.016752,0.01625,2479.66,ETH-6SEP26,0.373,-0.90013,0.14032,44.0,0.0,0.006500000000000001,ETH,2481.18,0.0
2026-09-05T22:48:01.094055+00:00,ETH-7SEP26-2440-C,2480.01,ETH-7SEP26,call,2440.0,2026-09-07T08:00:00+00:00,0.003787325587021827,0.017,0.021,0.018327,0.019,2480.01,ETH-7SEP26,0.3173,0.80671,0.41836,156.0,130.0,0.004,ETH,2481.18,3925.39
2026-09-05T22:48:01.094055+00:00,ETH-25JUN27-800-C,2558.44,ETH-25JUN27,call,800.0,2027-06-25T08:00:00+00:00,0.8005019046424633,0.6925,0.696,0.693571,0.69425,2558.44,ETH-25JUN27,0.7541,0.98034,1.09329,118.0,0.0,0.0034999999999999476,ETH,2481.18,0.0
2026-09-05T22:48:01.094055+00:00,ETH-6SEP26-2540-C,2479.66,ETH-6SEP26,call,2540.0,2026-09-06T08:00:00+00:00,0.0010494747998897253,0.0003,0.0006,0.000329,0.00045,2479.66,ETH-6SEP26,0.4576,0.05746,0.09215,174.0,221.0,0.0003,ETH,2481.18,181.66
2026-09-05T22:48:01.094055+00:00,ETH-11SEP26-2450-C,2480.64,ETH-11SEP26,call,2450.0,2026-09-11T08:00:00+00:00,0.014738728735550231,0.0255,0.0285,0.026083,0.027,2480.64,ETH-11SEP26,0.40049999999999997,0.61386,1.15273,2368.0,102.0,0.0030000000000000027,ETH,2481.16,5296.79
2026-09-05T22:48:01.094055+00:00,ETH-27NOV26-4600-P,2497.41,ETH-27NOV26,put,4600.0,2026-11-27T08:00:00+00:00,0.22555323934472205,0.8325,0.8545,0.845737,0.8435,2497.41,ETH-27NOV26,0.6545000000000001,-0.96467,0.92428,0.0,0.0,0.02200000000000002,ETH,2481.16,0.0
